segment,idx,target,kld,top1_ref,top1_cand,nll_ref,nll_cand,max_abs_logit_diff
dev-long-03,0,30486,3.603361e-02,4356,4356,3.660804,3.991124,7.9936e-01
dev-long-03,1,46150,1.218105e-05,46150,46150,0.003293,0.003145,5.8216e-01
dev-long-03,2,198,8.534363e-05,198,198,0.003596,0.003754,6.8598e-01
dev-long-03,3,1020,9.636971e-05,1020,1020,0.006827,0.007793,8.0702e-01
dev-long-03,4,279,3.704238e-03,279,279,0.400999,0.463769,6.9958e-01
dev-long-03,5,4356,4.823705e-05,4356,4356,0.013566,0.013815,5.2917e-01
dev-long-03,6,425,2.933869e-07,425,425,0.000014,0.000013,8.2657e-01
dev-long-03,7,314,1.945562e-02,383,383,2.043190,2.512587,8.2427e-01
dev-long-03,8,8186,9.818607e-06,8186,8186,0.000040,0.000021,1.9946e+00
dev-long-03,9,6702,4.523244e-06,6702,6702,0.000075,0.000061,1.1280e+00
dev-long-03,10,5028,1.203411e-02,5028,5028,0.291107,0.214894,1.0157e+00
dev-long-03,11,279,1.659162e-02,279,279,0.221106,0.154669,1.0372e+00
dev-long-03,12,1834,1.089951e-02,4266,4266,3.208635,3.034198,6.5521e-01
dev-long-03,13,314,5.483130e-03,314,314,0.437842,0.486095,9.3630e-01
dev-long-03,14,279,4.093456e-02,1024,279,0.885646,0.590302,1.3351e+00
dev-long-03,15,41692,1.296458e-01,41692,41692,0.467601,0.227520,2.3486e+00
dev-long-03,16,303,1.197166e-02,11,11,3.785842,4.009163,9.5081e-01
dev-long-03,17,1906,7.468458e-03,63862,63862,1.310328,1.437632,6.6524e-01
dev-long-03,18,421,4.324359e-03,421,421,0.142097,0.108877,9.1930e-01
dev-long-03,19,551,8.029207e-03,551,551,0.154007,0.205304,8.1385e-01
dev-long-03,20,198,7.986191e-07,198,198,0.000090,0.000100,6.0243e-01
dev-long-03,21,43468,7.437644e-06,43468,43468,0.003675,0.003770,7.6024e-01
dev-long-03,22,57759,1.502098e-02,6637,6637,7.052376,6.785514,7.8006e-01
dev-long-03,23,279,5.440752e-03,264,264,1.404869,1.568997,6.9064e-01
dev-long-03,24,2018,3.686402e-02,3579,3579,3.763165,4.297361,7.4230e-01
dev-long-03,25,3498,2.676649e-03,3498,3498,0.274928,0.260279,7.0594e-01
dev-long-03,26,314,4.152502e-04,314,314,0.071583,0.065923,1.1234e+00
dev-long-03,27,279,4.447329e-04,279,279,0.002994,0.004869,1.2711e+00
dev-long-03,28,82404,4.099256e-03,82404,82404,0.358196,0.319778,6.6783e-01
dev-long-03,29,11,5.292535e-04,11,11,0.033909,0.040216,5.4671e-01
dev-long-03,30,864,8.296420e-04,864,864,0.037521,0.032078,7.8447e-01
dev-long-03,31,557,9.580586e-04,557,557,0.016363,0.022102,1.1881e+00
dev-long-03,32,19561,1.577250e-02,19561,19561,0.342228,0.410468,8.9673e-01
dev-long-03,33,13,3.051940e-03,13,13,0.053884,0.072049,6.2124e-01
dev-long-03,34,1216,2.266891e-03,1216,1216,0.270882,0.239105,6.4602e-01
dev-long-03,35,995,6.936856e-04,995,995,0.020926,0.017593,7.0159e-01
dev-long-03,36,198,4.389916e-03,198,198,0.396135,0.439607,6.0952e-01
dev-long-03,37,1763,5.294478e-04,1763,1763,0.073319,0.077125,5.8678e-01
dev-long-03,38,2540,3.206916e-03,2540,2540,0.015840,0.007889,8.0917e-01
dev-long-03,39,440,2.151065e-02,440,440,0.211053,0.235443,1.0707e+00
dev-long-03,40,14315,6.941826e-03,1384,1384,1.402529,1.210835,7.3272e-01
dev-long-03,41,1154,4.307663e-08,1154,1154,0.000006,0.000006,8.0527e-01
dev-long-03,42,1010,5.047268e-03,1345,694,2.575973,2.595387,8.5805e-01
dev-long-03,43,2545,5.081283e-03,16570,16570,3.398654,3.088637,6.7703e-01
dev-long-03,44,854,7.133367e-05,854,854,0.001083,0.001433,1.2388e+00
dev-long-03,45,11,9.301852e-03,11,11,0.347994,0.299328,1.4731e+00
dev-long-03,46,694,7.541984e-04,694,694,0.053359,0.047282,7.1696e-01
dev-long-03,47,995,4.607994e-04,995,995,0.011471,0.011143,1.0195e+00
dev-long-03,48,5326,4.396516e-02,1179,1179,5.225856,5.297501,9.2136e-01
dev-long-03,49,978,6.883469e-03,978,978,0.467228,0.546415,9.7484e-01
dev-long-03,50,2512,5.107925e-03,2512,2512,0.678346,0.743678,7.1104e-01
dev-long-03,51,198,4.296067e-03,198,198,0.204888,0.251161,7.3611e-01
dev-long-03,52,13362,1.301477e-05,13362,13362,0.001963,0.002097,7.4055e-01
dev-long-03,53,13,8.916339e-04,13,13,0.040646,0.039256,8.8254e-01
dev-long-03,54,1848,3.275888e-02,1848,1848,0.169926,0.297380,8.5431e-01
dev-long-03,55,13064,3.968816e-02,9101,9101,0.846648,1.181987,7.6941e-01
dev-long-03,56,11,1.282377e-03,11,11,0.290155,0.315735,8.3027e-01
dev-long-03,57,551,8.540618e-04,551,551,0.011229,0.014094,9.8469e-01
dev-long-03,58,1669,1.982427e-03,1669,1669,0.034868,0.045972,7.8618e-01
dev-long-03,59,421,6.128533e-03,279,279,1.904512,2.171243,7.7688e-01
dev-long-03,60,14315,1.373407e-03,14315,14315,0.449334,0.425062,9.6862e-01
dev-long-03,61,1154,4.927745e-06,1154,1154,0.000167,0.000169,6.1212e-01
dev-long-03,62,995,3.088946e-03,995,995,0.152306,0.184751,7.6324e-01
dev-long-03,63,27469,1.042231e-03,27469,27469,0.338568,0.366640,6.7088e-01
dev-long-03,64,11,1.341488e-04,11,11,0.084237,0.082079,1.0544e+00
dev-long-03,65,421,1.042927e-02,421,421,0.951354,0.787053,8.4655e-01
dev-long-03,66,279,6.227251e-05,279,279,0.003224,0.003629,8.6784e-01
dev-long-03,67,198,1.392920e-02,1105,1105,1.130726,1.227237,7.0652e-01
dev-long-03,68,65,9.797059e-03,5461,5461,7.490604,7.526415,6.7354e-01
dev-long-03,69,16663,6.377087e-03,16663,16663,0.525183,0.615151,5.1995e-01
dev-long-03,70,995,5.145304e-04,557,557,1.008175,1.038966,4.4843e-01
dev-long-03,71,978,5.689296e-05,978,978,0.001557,0.001986,5.7017e-01
dev-long-03,72,9290,2.100492e-03,9290,9290,0.126356,0.118539,6.4317e-01
dev-long-03,73,1724,1.327556e-04,1724,1724,0.016346,0.018513,5.8008e-01
dev-long-03,74,11,9.111939e-06,11,11,0.000776,0.000845,8.7992e-01
dev-long-03,75,321,3.825380e-04,321,321,0.003927,0.002538,6.4497e-01
dev-long-03,76,421,3.338964e-05,421,421,0.020544,0.019532,6.6876e-01
dev-long-03,77,279,8.830464e-04,279,279,0.015719,0.017982,1.0003e+00
dev-long-03,78,2526,2.473240e-02,33622,33622,2.250384,2.419683,1.0426e+00
dev-long-03,79,4172,1.646959e-02,4172,4172,1.449341,1.597336,8.3581e-01
dev-long-03,80,39493,6.383852e-05,39493,39493,0.006558,0.006019,4.4254e-01
dev-long-03,81,272,7.023110e-03,272,272,0.162087,0.202270,6.7003e-01
dev-long-03,82,9270,4.905074e-05,9270,9270,0.003758,0.003921,6.3563e-01
dev-long-03,83,303,4.240518e-03,303,303,0.277133,0.326598,7.5385e-01
dev-long-03,84,198,1.123702e-04,864,864,2.323163,2.286338,7.4036e-01
dev-long-03,85,7949,8.577944e-05,7949,7949,0.001715,0.002200,7.6830e-01
dev-long-03,86,11,3.633371e-04,279,279,3.111971,3.062743,9.3220e-01
dev-long-03,87,430,6.704321e-03,430,430,0.750263,0.662976,7.5261e-01
dev-long-03,88,424,9.826592e-03,551,551,2.661548,2.694334,8.7972e-01
dev-long-03,89,25950,3.777533e-03,25950,25950,0.136088,0.168021,7.7325e-01
dev-long-03,90,1308,3.403550e-04,1308,1308,0.079580,0.078700,6.0271e-01
dev-long-03,91,11387,6.639969e-07,11387,11387,0.000011,0.000015,4.6375e-01
dev-long-03,92,11,8.754574e-06,11,11,0.000463,0.000544,6.8996e-01
dev-long-03,93,279,1.171538e-05,279,279,0.000853,0.000952,6.3134e-01
dev-long-03,94,4356,8.962253e-04,4356,4356,0.030547,0.033174,7.1569e-01
dev-long-03,95,425,3.823611e-07,425,425,0.000012,0.000014,8.8359e-01
dev-long-03,96,557,7.501386e-03,557,557,0.552212,0.501918,6.7957e-01
dev-long-03,97,50334,5.149152e-03,303,303,0.858974,0.857713,6.0246e-01
dev-long-03,98,310,9.693635e-07,310,310,0.000112,0.000126,8.1054e-01
dev-long-03,99,2426,8.722482e-04,2426,2426,0.514332,0.494397,8.8193e-01
dev-long-03,100,198,8.079307e-07,198,198,0.000078,0.000089,5.6124e-01
dev-long-03,101,1858,3.583460e-05,1858,1858,0.003186,0.003461,6.2453e-01
dev-long-03,102,63620,1.153937e-03,63620,63620,0.296833,0.275560,7.1705e-01
dev-long-03,103,11,1.146326e-03,37208,37208,1.196595,1.227497,8.1130e-01
dev-long-03,104,557,4.890611e-03,557,557,0.571272,0.586209,7.8554e-01
dev-long-03,105,19823,7.336238e-03,19823,19823,0.839939,0.773027,7.4743e-01
dev-long-03,106,4147,1.255178e-03,1724,1724,1.455348,1.441527,6.1269e-01
dev-long-03,107,5028,1.811621e-03,5028,5028,0.152117,0.165108,6.7208e-01
dev-long-03,108,279,2.262894e-04,279,279,0.084024,0.089211,7.1205e-01
dev-long-03,109,30486,1.189311e-02,30486,30486,0.256709,0.188468,6.0926e-01
dev-long-03,110,16293,1.166218e-04,16293,16293,0.007885,0.008789,4.3168e-01
dev-long-03,111,13,3.389105e-05,13,13,0.023244,0.024399,6.9896e-01
dev-long-03,112,84991,2.728176e-03,84991,84991,0.210454,0.192670,7.5524e-01
dev-long-03,113,21146,3.572855e-02,557,38237,2.069075,2.034235,8.9491e-01
dev-long-03,114,198,1.751334e-04,198,198,0.005032,0.005652,6.7433e-01
dev-long-03,115,70,1.469668e-02,14961,49931,4.485177,4.545438,6.1420e-01
dev-long-03,116,511,8.522831e-06,511,511,0.001933,0.001829,4.3108e-01
dev-long-03,117,279,1.685173e-04,279,279,0.028896,0.028238,6.9902e-01
dev-long-03,118,16136,1.382639e-05,16136,16136,0.000623,0.000524,6.0573e-01
dev-long-03,119,11,9.119701e-04,11,11,0.389200,0.415277,9.6336e-01
dev-long-03,120,321,1.039244e-03,321,321,0.221650,0.222256,8.2274e-01
dev-long-03,121,14315,4.366523e-02,14315,14315,0.438337,0.263652,7.9284e-01
dev-long-03,122,1154,2.645694e-07,1154,1154,0.000105,0.000103,6.3990e-01
dev-long-03,123,557,1.660511e-04,557,557,0.016635,0.014578,7.4183e-01
dev-long-03,124,12158,1.754379e-02,1669,1669,1.377780,1.531291,7.3840e-01
dev-long-03,125,279,1.290220e-02,279,279,1.340063,1.280864,9.6003e-01
dev-long-03,126,1788,1.825241e-03,1788,1788,0.108354,0.127737,6.3111e-01
dev-long-03,127,11129,5.739001e-05,11129,11129,0.014009,0.014823,6.0968e-01
dev-long-03,128,26,1.822315e-02,26,26,0.976024,0.997044,9.8084e-01
dev-long-03,129,694,1.407168e-03,694,694,0.101315,0.112535,9.1269e-01
dev-long-03,130,279,1.071128e-02,279,279,0.030232,0.063121,7.7554e-01
dev-long-03,131,9506,2.458687e-03,9506,9506,0.577221,0.629950,7.4611e-01
dev-long-03,132,198,1.552530e-02,198,198,0.279405,0.391753,7.3194e-01
dev-long-03,133,27167,6.440838e-03,27167,27167,0.622469,0.683661,6.4175e-01
dev-long-03,134,524,5.410393e-04,524,524,0.234549,0.218824,5.2207e-01
dev-long-03,135,381,9.455595e-06,381,381,0.000421,0.000376,8.7692e-01
dev-long-03,136,1669,1.727145e-05,1669,1669,0.000863,0.001006,9.4903e-01
dev-long-03,137,2892,1.146204e-01,2892,2892,0.099542,0.280391,1.3468e+00
dev-long-03,138,5028,3.231275e-03,5028,5028,0.033455,0.022390,7.7043e-01
dev-long-03,139,780,9.213880e-04,1384,1384,0.854115,0.805506,6.3141e-01
dev-long-03,140,1637,8.118164e-05,1637,1637,0.030534,0.032776,5.3743e-01
dev-long-03,141,466,5.240743e-05,466,466,0.075605,0.072925,6.4276e-01
dev-long-03,142,303,2.365256e-04,303,303,0.006333,0.007408,6.7832e-01
dev-long-03,143,780,4.277487e-05,780,780,0.002649,0.002252,7.6404e-01
dev-long-03,144,11683,4.854402e-03,11683,11683,0.656922,0.660506,6.9206e-01
dev-long-03,145,13,3.688833e-04,13,13,0.056781,0.055334,1.4462e+00
dev-long-03,146,40189,7.567269e-03,271,271,7.779440,8.282912,1.0290e+00
dev-long-03,147,198,2.451026e-05,198,198,0.002730,0.002668,7.6456e-01
dev-long-03,148,34,9.154852e-03,34,34,0.136417,0.104327,8.5108e-01
dev-long-03,149,350,9.931252e-03,350,350,0.783508,0.691263,6.9284e-01
dev-long-03,150,463,7.270609e-04,463,463,0.187379,0.204833,4.3810e-01
dev-long-03,151,11,1.980701e-05,11,11,0.001579,0.001637,7.3206e-01
dev-long-03,152,40675,1.559257e-03,279,279,2.642735,2.557136,6.2234e-01
dev-long-03,153,310,3.745624e-05,310,310,0.006074,0.005493,5.3720e-01
dev-long-03,154,279,1.242969e-05,279,279,0.000475,0.000587,7.2163e-01
dev-long-03,155,4356,5.458256e-06,4356,4356,0.000806,0.000883,5.2550e-01
dev-long-03,156,425,3.646677e-07,425,425,0.000026,0.000030,7.4696e-01
dev-long-03,157,11,2.034570e-02,11,11,0.026601,0.072404,9.0060e-01
dev-long-03,158,401,5.644461e-02,401,401,0.585489,0.368406,6.3969e-01
dev-long-03,159,3736,2.426038e-05,3736,3736,0.001852,0.001752,3.6149e-01
dev-long-03,160,310,6.898409e-04,310,310,0.029563,0.023699,6.5143e-01
dev-long-03,161,3322,1.797197e-03,3322,3322,0.037617,0.029636,9.8398e-01
dev-long-03,162,6408,3.311110e-02,6408,6408,0.483443,0.312153,7.6675e-01
dev-long-03,163,84991,9.341651e-03,84991,84991,0.408934,0.473009,7.6184e-01
dev-long-03,164,725,1.069859e-02,39766,39766,2.002585,1.887590,7.9959e-01
dev-long-03,165,15268,1.380279e-02,15268,15268,0.579500,0.707898,7.2053e-01
dev-long-03,166,314,1.522373e-02,314,314,0.081667,0.143113,7.2346e-01
dev-long-03,167,198,2.991067e-05,198,198,0.000581,0.000764,6.4159e-01
dev-long-03,168,67,3.494245e-02,4104,4104,3.358991,3.447066,7.6494e-01
dev-long-03,169,2074,7.167534e-04,2074,2074,0.053066,0.045467,4.7503e-01
dev-long-03,170,347,2.619763e-05,347,347,0.000571,0.000483,5.1380e-01
dev-long-03,171,383,6.290325e-03,948,948,1.984191,2.176420,9.9192e-01
dev-long-03,172,40212,4.405732e-03,279,279,0.932424,0.923141,8.1788e-01
dev-long-03,173,279,1.439035e-05,279,279,0.000992,0.000961,7.2446e-01
dev-long-03,174,41692,1.837759e-03,4557,4557,2.674858,2.872913,8.9851e-01
dev-long-03,175,11,7.602602e-04,11,11,0.098685,0.090724,8.4323e-01
dev-long-03,176,321,1.039949e-04,321,321,0.005761,0.005629,9.5485e-01
dev-long-03,177,310,2.074742e-05,310,310,0.000982,0.000973,9.4933e-01
dev-long-03,178,3322,2.426823e-03,3322,3322,0.169768,0.168769,8.9307e-01
dev-long-03,179,31178,6.840988e-04,31178,31178,0.296960,0.277185,6.8509e-01
dev-long-03,180,1083,6.638458e-03,310,310,1.253064,1.292232,1.1780e+00
dev-long-03,181,279,9.876602e-04,279,279,0.004607,0.008231,1.0016e+00
dev-long-03,182,2956,8.811966e-04,2956,2956,0.164893,0.183029,1.4025e+00
dev-long-03,183,11,2.065420e-03,11,11,0.061923,0.078342,1.0948e+00
dev-long-03,184,198,9.420121e-07,198,198,0.000076,0.000069,8.3731e-01
dev-long-03,185,2777,9.298285e-03,2777,2777,0.039586,0.072943,9.9470e-01
dev-long-03,186,1292,8.960012e-06,1292,1292,0.000606,0.000675,8.7862e-01
dev-long-03,187,1669,1.255839e-04,1669,1669,0.021875,0.021655,1.1970e+00
dev-long-03,188,12482,4.952466e-03,2433,2433,2.346794,2.236936,1.0799e+00
dev-long-03,189,430,8.637526e-05,430,430,0.013378,0.014860,7.4708e-01
dev-long-03,190,7246,7.344155e-03,7246,7246,0.719242,0.623906,6.4020e-01
dev-long-03,191,539,2.044290e-05,539,539,0.004272,0.004587,6.5207e-01
dev-long-03,192,279,5.407958e-04,279,279,0.174959,0.187530,7.8624e-01
dev-long-03,193,1483,6.459511e-04,1483,1483,0.009191,0.008406,7.7360e-01
dev-long-03,194,10971,3.941788e-02,10971,10971,0.208916,0.111699,6.7809e-01
dev-long-03,195,13,2.760961e-04,13,13,0.023881,0.020854,9.9136e-01
dev-long-03,196,43017,1.147954e-02,3629,3629,3.436276,3.197933,9.1163e-01
dev-long-03,197,198,1.072404e-04,198,198,0.002804,0.003087,9.7338e-01
dev-long-03,198,59697,4.897022e-04,59697,59697,0.041230,0.045502,6.4316e-01
dev-long-03,199,26466,9.170591e-05,26466,26466,0.002957,0.002413,5.5716e-01
dev-long-03,200,11,1.433529e-02,11,401,0.870323,1.028196,1.0336e+00
dev-long-03,201,417,2.071799e-03,417,417,0.015730,0.024307,9.4889e-01
dev-long-03,202,12436,5.573909e-03,11,11,2.294292,2.420126,6.1753e-01
dev-long-03,203,11,1.359722e-05,11,11,0.002676,0.002689,5.7461e-01
dev-long-03,204,6348,2.267336e-02,401,401,1.875158,1.838249,1.0161e+00
dev-long-03,205,5721,4.828442e-03,5721,5721,0.094237,0.067292,7.3252e-01
dev-long-03,206,430,6.833627e-05,430,430,0.178749,0.174260,7.3594e-01
dev-long-03,207,310,2.501618e-07,310,310,0.000055,0.000058,6.7683e-01
dev-long-03,208,279,1.560809e-05,279,279,0.001045,0.001095,8.0471e-01
dev-long-03,209,7753,3.197262e-02,7753,7753,0.142350,0.240577,8.1615e-01
dev-long-03,210,314,4.650932e-06,314,314,0.000256,0.000256,9.6647e-01
dev-long-03,211,14315,4.470026e-03,279,279,2.612758,2.309116,6.8993e-01
dev-long-03,212,1154,8.880840e-07,1154,1154,0.000029,0.000035,8.5702e-01
dev-long-03,213,11,8.198116e-04,11,11,0.080187,0.083628,7.2921e-01
dev-long-03,214,852,9.535684e-03,852,852,0.168676,0.233082,6.9840e-01
dev-long-03,215,198,9.238624e-05,198,198,0.008745,0.007849,1.1764e+00
dev-long-03,216,485,3.671531e-03,15648,15648,10.141491,10.068075,1.1343e+00
dev-long-03,217,2511,2.679068e-03,2511,2511,0.556311,0.544856,6.8718e-01
dev-long-03,218,806,4.684935e-05,806,806,0.016791,0.015641,7.0340e-01
dev-long-03,219,1374,3.484759e-03,1374,1374,0.071451,0.093684,8.3055e-01
dev-long-03,220,78157,8.926194e-07,78157,78157,0.000154,0.000144,5.2678e-01
dev-long-03,221,11,2.138177e-04,11,11,0.040093,0.042235,5.4682e-01
dev-long-03,222,321,3.540806e-05,321,321,0.001409,0.001379,8.6886e-01
dev-long-03,223,67055,4.414376e-02,557,557,1.730207,2.100666,1.0004e+00
dev-long-03,224,780,3.503619e-06,780,780,0.000103,0.000123,4.4079e-01
dev-long-03,225,54322,9.734658e-06,54322,54322,0.000427,0.000475,4.6426e-01
dev-long-03,226,303,3.210392e-07,303,303,0.000062,0.000066,4.3247e-01
dev-long-03,227,279,2.713884e-07,279,279,0.000012,0.000014,6.0497e-01
dev-long-03,228,28928,7.375259e-03,3992,3992,1.041443,1.205695,5.4910e-01
dev-long-03,229,198,1.477148e-07,198,198,0.000185,0.000181,7.2006e-01
dev-long-03,230,17801,1.465862e-07,17801,17801,0.000041,0.000044,1.0325e+00
dev-long-03,231,13,7.984440e-05,13,13,0.008167,0.007403,9.2409e-01
dev-long-03,232,42249,2.145979e-03,42249,42249,0.039815,0.047919,7.8715e-01
dev-long-03,233,314,3.783333e-04,314,314,0.045052,0.044181,9.0987e-01
dev-long-03,234,264,1.187398e-02,264,264,0.091399,0.052769,8.2372e-01
dev-long-03,235,3555,7.236687e-04,3555,3555,0.073563,0.080149,8.6110e-01
dev-long-03,236,27181,4.878529e-05,27181,27181,0.005318,0.005533,6.0762e-01
dev-long-03,237,364,5.365317e-03,364,364,0.021212,0.035443,1.2659e+00
dev-long-03,238,41692,1.794130e-02,7808,7808,3.487367,3.212870,9.7552e-01
dev-long-03,239,3322,1.046088e-02,3322,3322,0.281929,0.245557,8.5188e-01
dev-long-03,240,978,1.214014e-04,978,978,0.004826,0.003924,7.0400e-01
dev-long-03,241,2574,5.038799e-03,198,2574,0.747427,0.647444,7.0149e-01
dev-long-03,242,198,9.266089e-06,198,198,0.000924,0.000831,5.3491e-01
dev-long-03,243,66425,4.401302e-05,66425,66425,0.007257,0.006508,6.0988e-01
dev-long-03,244,279,3.170902e-04,279,279,0.012574,0.010838,5.8106e-01
dev-long-03,245,40470,7.637157e-05,40470,40470,0.002150,0.001661,6.1499e-01
dev-long-03,246,11,5.287397e-03,11,11,0.054764,0.034341,7.9771e-01
dev-long-03,247,279,1.281040e-02,279,551,0.656133,0.795922,9.8782e-01
dev-long-03,248,90844,5.424506e-02,90844,90844,0.476697,0.331107,1.0766e+00
dev-long-03,249,15578,2.657780e-02,15578,15578,0.701468,0.805781,1.1363e+00
dev-long-03,250,310,1.910500e-02,23704,23704,0.948524,0.802317,6.8102e-01
dev-long-03,251,3372,1.442492e-02,10403,10403,3.721603,3.920297,6.7341e-01
dev-long-03,252,27367,2.604290e-03,440,440,3.628240,4.096347,1.0119e+00
dev-long-03,253,1487,7.062159e-05,1487,1487,0.005215,0.005737,6.0119e-01
dev-long-03,254,440,6.766768e-06,440,440,0.000207,0.000255,9.3262e-01
dev-long-03,255,279,2.118026e-05,279,279,0.564337,0.560766,8.2521e-01
dev-long-03,256,198,1.479750e-06,198,198,0.000075,0.000071,5.7088e-01
dev-long-03,257,1783,1.705638e-02,1783,1783,0.114404,0.071535,6.5946e-01
dev-long-03,258,738,3.206205e-05,738,738,0.000650,0.000869,5.3274e-01
dev-long-03,259,11,5.418236e-05,11,11,0.012565,0.011554,6.6417e-01
dev-long-03,260,694,4.746762e-03,321,321,1.344426,1.513403,8.7107e-01
dev-long-03,261,13464,8.099807e-04,13464,13464,0.058464,0.066018,1.0734e+00
dev-long-03,262,424,2.317718e-06,424,424,0.000435,0.000415,6.8060e-01
dev-long-03,263,310,5.029352e-05,310,310,0.000283,0.000466,1.0217e+00
dev-long-03,264,279,3.804465e-05,279,279,0.001076,0.001163,8.9035e-01
dev-long-03,265,2601,9.869749e-04,2601,2601,0.020535,0.026912,5.4873e-01
dev-long-03,266,4603,4.006631e-07,4603,4603,0.000031,0.000035,7.0705e-01
dev-long-03,267,13,5.190892e-03,13,13,0.110918,0.091991,1.2533e+00
dev-long-03,268,14315,7.638447e-03,3629,3629,2.542808,2.509174,8.4008e-01
dev-long-03,269,1154,6.300599e-05,1154,1154,0.000901,0.001159,1.1204e+00
dev-long-03,270,11,1.953140e-02,11,11,0.277170,0.216111,1.0771e+00
dev-long-03,271,852,1.413564e-02,852,852,0.163394,0.130379,1.7010e+00
dev-long-03,272,995,8.236016e-03,369,369,2.344708,2.346195,1.2548e+00
dev-long-03,273,6625,4.421735e-02,2261,2261,4.070254,3.783623,1.0992e+00
dev-long-03,274,11590,1.589476e-02,2172,2172,2.201682,2.066234,5.2416e-01
dev-long-03,275,314,2.664919e-03,314,314,0.219112,0.185025,1.1969e+00
dev-long-03,276,198,2.213465e-07,198,198,0.000017,0.000016,6.8182e-01
dev-long-03,277,390,8.466811e-03,31788,31788,2.524314,2.352966,7.3511e-01
dev-long-03,278,1081,3.505912e-06,1081,1081,0.000970,0.000967,4.5524e-01
dev-long-03,279,19169,2.501105e-03,19169,19169,0.478437,0.430566,7.5196e-01
dev-long-03,280,2261,2.194347e-03,2261,2261,0.845090,0.846361,8.4656e-01
dev-long-03,281,279,3.531044e-06,279,279,0.000641,0.000604,8.2852e-01
dev-long-03,282,27388,2.029277e-02,27388,27388,0.988765,1.101468,8.4381e-01
dev-long-03,283,11,2.652464e-05,11,11,0.001534,0.001587,9.8002e-01
dev-long-03,284,281,2.027350e-02,11324,11324,3.844482,4.451647,1.1059e+00
dev-long-03,285,29243,2.069632e-07,29243,29243,0.000046,0.000048,5.5338e-01
dev-long-03,286,3023,9.734825e-03,3023,3023,0.098652,0.069465,6.2152e-01
dev-long-03,287,506,7.115144e-03,1066,1066,1.718352,1.672640,7.8467e-01
dev-long-03,288,279,2.422491e-02,279,279,0.161363,0.266925,1.1504e+00
dev-long-03,289,16198,8.011114e-03,16198,16198,0.232117,0.186220,7.6759e-01
dev-long-03,290,198,6.902811e-03,198,198,0.690276,0.585986,7.9415e-01
dev-long-03,291,429,4.078991e-02,429,429,0.378323,0.606423,6.1796e-01
dev-long-03,292,557,2.417050e-02,995,995,0.814690,0.993965,7.8082e-01
dev-long-03,293,11354,3.015967e-03,11354,11354,0.471163,0.416981,6.3642e-01
dev-long-03,294,680,6.428569e-04,680,680,0.230921,0.247120,7.0214e-01
dev-long-03,295,314,8.897619e-05,314,314,0.002273,0.002095,1.0573e+00
dev-long-03,296,5300,1.028437e-04,5300,5300,0.004222,0.005162,6.9625e-01
dev-long-03,297,1920,3.169094e-03,1920,1920,0.531354,0.518175,8.5890e-01
dev-long-03,298,271,2.352497e-05,271,271,0.001472,0.001511,7.4543e-01
dev-long-03,299,2005,4.326222e-03,9866,9866,1.018011,1.099196,6.7988e-01
dev-long-03,300,46903,1.676369e-02,12702,12702,6.105925,5.935786,7.4511e-01
dev-long-03,301,0,3.853870e-05,17306,17306,0.800480,0.794218,6.1391e-01
dev-long-03,302,1987,2.037765e-02,2844,2844,2.073181,2.000719,7.3931e-01
dev-long-03,303,1691,1.377448e-02,551,279,2.852348,2.548657,9.2182e-01
dev-long-03,304,364,1.500904e-04,364,364,0.011915,0.012753,7.3011e-01
dev-long-03,305,279,7.577893e-05,279,279,0.001580,0.001187,9.1872e-01
dev-long-03,306,4142,1.670064e-04,4142,4142,0.012522,0.012512,9.2225e-01
dev-long-03,307,94003,7.606677e-03,94003,94003,0.583403,0.618806,5.6993e-01
dev-long-03,308,2340,6.865518e-03,2340,2340,0.108834,0.150068,7.6040e-01
dev-long-03,309,1018,2.774026e-04,1018,1018,0.086509,0.092196,5.8573e-01
dev-long-03,310,38001,2.135141e-03,38001,38001,0.346785,0.342726,4.3932e-01
dev-long-03,311,3272,6.699426e-03,11,11,3.471600,3.013367,4.4001e-01
dev-long-03,312,3518,4.463246e-06,3518,3518,0.000630,0.000580,5.4695e-01
dev-long-03,313,11,1.037646e-02,13,13,1.463013,1.744379,6.7312e-01
dev-long-03,314,81154,1.962214e-02,50856,50856,2.140339,2.149431,8.2007e-01
dev-long-03,315,198,4.059359e-05,198,198,0.024720,0.023538,5.4061e-01
dev-long-03,316,27582,6.411760e-03,27582,27582,0.293867,0.234894,4.8246e-01
dev-long-03,317,279,1.573299e-06,279,279,0.005015,0.004914,5.4705e-01
dev-long-03,318,5392,6.140803e-04,5392,5392,0.092237,0.100103,7.0083e-01
dev-long-03,319,13,3.338462e-05,13,13,0.001724,0.001751,7.6503e-01
dev-long-03,320,1001,6.160085e-05,1001,1001,0.034442,0.032715,6.9394e-01
dev-long-03,321,760,4.476964e-03,760,760,0.323979,0.339859,1.0955e+00
dev-long-03,322,3296,1.377308e-02,3296,3296,0.685426,0.703884,9.8320e-01
dev-long-03,323,364,2.716771e-02,364,364,0.665479,0.692500,1.2328e+00
dev-long-03,324,586,5.278140e-05,586,586,0.004160,0.004589,9.9196e-01
dev-long-03,325,1381,1.151489e-02,1381,1381,0.096821,0.153551,7.8424e-01
dev-long-03,326,310,3.149132e-03,310,310,0.232895,0.275872,7.0143e-01
dev-long-03,327,11290,3.976130e-03,11290,11290,0.317441,0.297135,6.4845e-01
dev-long-03,328,369,3.726995e-04,369,369,0.012825,0.016091,9.4490e-01
dev-long-03,329,279,1.631000e-03,279,279,0.033327,0.026891,9.9839e-01
dev-long-03,330,8240,3.848859e-02,8240,8240,0.930395,0.749582,9.1070e-01
dev-long-03,331,314,1.869947e-05,314,314,0.003128,0.003439,7.1460e-01
dev-long-03,332,198,3.012675e-05,198,198,0.001256,0.001524,5.7527e-01
dev-long-03,333,12034,1.863179e-04,12034,12034,0.008863,0.008363,1.0631e+00
dev-long-03,334,6187,4.306435e-02,13,13,2.183556,1.813108,8.0648e-01
dev-long-03,335,494,8.578267e-03,494,494,0.064537,0.092288,7.2865e-01
dev-long-03,336,264,1.217531e-02,279,279,2.778442,2.951131,8.4773e-01
dev-long-03,337,35700,8.614283e-03,85537,85537,11.073137,11.030993,8.2982e-01
dev-long-03,338,806,7.252243e-06,806,806,0.000441,0.000391,6.2562e-01
dev-long-03,339,63620,4.946255e-04,63620,63620,0.011332,0.014753,5.9684e-01
dev-long-03,340,37208,4.674613e-06,37208,37208,0.002570,0.002629,7.8424e-01
dev-long-03,341,506,1.936476e-02,310,310,2.186561,2.438370,8.6381e-01
dev-long-03,342,799,3.443596e-04,279,279,4.555745,4.426824,7.0553e-01
dev-long-03,343,809,5.255722e-05,809,809,0.001029,0.000846,5.6478e-01
dev-long-03,344,310,4.711471e-03,310,310,0.701560,0.609367,8.0566e-01
dev-long-03,345,279,4.289132e-04,279,279,0.249640,0.237644,1.1064e+00
dev-long-03,346,18522,2.113348e-02,17789,17789,2.675539,3.237499,1.0686e+00
dev-long-03,347,314,8.336671e-04,314,314,0.014744,0.019534,6.0121e-01
dev-long-03,348,264,6.132339e-06,264,264,0.001282,0.001399,6.6887e-01
dev-long-03,349,198,7.993160e-05,198,198,0.018569,0.020210,6.9691e-01
dev-long-03,350,3237,5.851639e-05,3237,3237,0.002347,0.002776,1.0699e+00
dev-long-03,351,930,8.544159e-07,930,930,0.000016,0.000021,5.1334e-01
dev-long-03,352,303,2.076382e-03,506,506,2.594426,2.827371,6.3146e-01
dev-long-03,353,53682,2.111046e-02,279,279,2.179465,1.750291,1.0045e+00
dev-long-03,354,6930,1.895343e-07,6930,6930,0.000040,0.000038,5.4856e-01
dev-long-03,355,9254,1.723446e-04,9254,9254,0.004281,0.005547,9.7202e-01
dev-long-03,356,506,2.107030e-06,506,506,0.000248,0.000281,5.1618e-01
dev-long-03,357,279,4.055260e-07,279,279,0.000074,0.000067,6.7185e-01
dev-long-03,358,975,9.893715e-07,975,975,0.000153,0.000138,4.3102e-01
dev-long-03,359,13,5.770248e-05,13,13,0.003056,0.003551,8.0906e-01
dev-long-03,360,1394,1.143036e-02,1061,1061,4.037652,4.350698,9.4825e-01
dev-long-03,361,1436,1.217011e-02,1436,1436,0.558102,0.599083,1.0925e+00
dev-long-03,362,11,8.168508e-05,11,11,0.002167,0.001978,7.4613e-01
dev-long-03,363,30446,6.144663e-05,30446,30446,0.001755,0.001434,7.1163e-01
dev-long-03,364,11,6.323611e-06,11,11,0.001747,0.001762,8.6359e-01
dev-long-03,365,1004,3.647808e-02,821,821,2.434044,1.737054,1.0828e+00
dev-long-03,366,2545,3.013292e-03,2545,2545,0.030354,0.045131,1.0285e+00
dev-long-03,367,198,1.047058e-06,198,198,0.000051,0.000054,1.1473e+00
dev-long-03,368,9497,2.660145e-03,33441,33441,3.413004,3.596058,1.3401e+00
dev-long-03,369,88312,1.490617e-04,88312,88312,0.026180,0.028988,8.1693e-01
dev-long-03,370,599,2.492329e-03,599,599,0.106116,0.098972,7.6338e-01
dev-long-03,371,14413,3.076486e-03,14413,14413,0.123650,0.142708,8.0622e-01
dev-long-03,372,18533,4.797678e-03,3512,3512,1.434215,1.314153,7.1091e-01
dev-long-03,373,264,3.901632e-05,264,264,0.003197,0.003671,9.5797e-01
dev-long-03,374,1691,1.322541e-03,1691,1691,0.080242,0.092142,9.0585e-01
dev-long-03,375,777,2.213670e-03,777,777,0.035104,0.025519,7.8633e-01
dev-long-03,376,2894,1.829887e-02,5812,60458,3.245847,3.453570,6.9705e-01
dev-long-03,377,321,6.463062e-03,321,321,0.952629,0.992394,7.6473e-01
dev-long-03,378,2599,6.562708e-03,1442,1442,5.931415,6.652329,9.9617e-01
dev-long-03,379,198,1.776441e-03,198,198,0.209065,0.234134,7.8705e-01
dev-long-03,380,5938,2.382876e-02,65802,65802,1.933278,1.550178,7.7846e-01
dev-long-03,381,499,1.584533e-06,499,499,0.000393,0.000393,5.1360e-01
dev-long-03,382,305,1.304922e-03,305,305,0.038198,0.029521,6.8667e-01
dev-long-03,383,12523,1.731684e-03,12523,12523,0.023439,0.030724,1.1650e+00
dev-long-03,384,13,3.620976e-03,13,13,0.267187,0.223829,8.6407e-01
dev-long-03,385,5514,6.023063e-03,5514,5514,1.102136,1.074606,9.2511e-01
dev-long-03,386,369,1.350440e-02,11,11,0.849968,1.024698,9.2149e-01
dev-long-03,387,279,2.212835e-02,279,279,0.281707,0.417600,9.2236e-01
dev-long-03,388,9506,9.498676e-03,9506,9506,0.087723,0.130394,8.0853e-01
dev-long-03,389,26,1.231443e-02,1381,1381,3.504947,3.420864,7.8186e-01
dev-long-03,390,279,8.618661e-03,1532,1532,3.424048,3.725335,6.2926e-01
dev-long-03,391,9506,2.153135e-02,60042,60042,4.933368,4.864742,8.7937e-01
dev-long-03,392,3571,3.861994e-02,1902,682,2.550420,1.884251,1.2849e+00
dev-long-03,393,494,1.184301e-04,494,494,0.009360,0.009414,7.0363e-01
dev-long-03,394,279,4.855832e-04,279,279,0.011274,0.014805,6.3925e-01
dev-long-03,395,60042,1.402805e-03,60042,60042,0.027272,0.019902,8.7825e-01
dev-long-03,396,11,5.495149e-04,26,26,3.008672,3.119022,8.0102e-01
dev-long-03,397,321,8.488287e-03,321,321,0.384053,0.460210,1.0398e+00
dev-long-03,398,198,5.245961e-05,198,198,0.015980,0.015686,7.5327e-01
dev-long-03,399,1719,3.651702e-04,1719,1719,0.022455,0.021732,6.7405e-01
dev-long-03,400,60042,2.307538e-03,60042,60042,0.056137,0.041674,7.7864e-01
dev-long-03,401,3571,1.009917e-02,3571,3571,0.508163,0.530214,9.8186e-01
dev-long-03,402,494,6.732632e-04,494,494,0.017011,0.021663,1.6946e+00
dev-long-03,403,4248,3.137689e-02,279,279,3.975060,3.256873,2.2969e+00
dev-long-03,404,13,2.521826e-04,13,13,0.001428,0.002400,7.8928e-01
dev-long-03,405,17075,4.711437e-04,78434,78434,1.976328,2.013903,8.9126e-01
dev-long-03,406,27466,6.310677e-06,27466,27466,0.000264,0.000219,8.1497e-01
dev-long-03,407,11,6.632799e-04,13,13,0.792553,0.808717,1.0758e+00
dev-long-03,408,279,1.439563e-02,279,279,0.277545,0.374343,1.1338e+00
dev-long-03,409,43623,8.597013e-03,6171,6171,3.041897,2.619734,9.3533e-01
dev-long-03,410,440,3.291569e-03,6483,6483,4.814309,4.710963,8.5743e-01
dev-long-03,411,279,3.080912e-03,279,279,0.488191,0.438366,7.7551e-01
dev-long-03,412,3743,1.572099e-02,7167,7167,2.769974,2.734931,7.5779e-01
dev-long-03,413,8628,2.787375e-02,198,198,3.299124,2.562925,7.1419e-01
dev-long-03,414,321,1.764795e-02,13,13,1.128043,0.938885,5.5284e-01
dev-long-03,415,198,1.147565e-04,198,198,0.003906,0.003477,8.3446e-01
dev-long-03,416,528,3.295589e-02,1719,1719,1.800950,1.321917,8.2332e-01
dev-long-03,417,279,1.866366e-02,279,279,0.489560,0.474598,8.0103e-01
dev-long-03,418,975,2.252694e-03,975,975,0.082239,0.072040,7.5863e-01
dev-long-03,419,16935,1.952726e-02,292,292,3.229570,3.150999,7.1962e-01
dev-long-03,420,440,6.270510e-04,864,864,4.749035,4.871735,7.0795e-01
dev-long-03,421,864,1.908715e-05,864,864,0.000344,0.000447,6.1374e-01
dev-long-03,422,353,1.795879e-04,353,353,0.397482,0.399596,7.8770e-01
dev-long-03,423,599,1.487105e-02,599,599,0.273538,0.322757,8.4758e-01
dev-long-03,424,32183,1.257395e-02,32183,32183,0.440288,0.405677,7.7679e-01
dev-long-03,425,488,3.191230e-05,488,488,0.000212,0.000246,1.1382e+00
dev-long-03,426,13,4.106952e-05,13,13,0.005813,0.005888,8.5500e-01
dev-long-03,427,1987,1.315633e-02,4543,4543,2.163294,2.113302,9.3305e-01
dev-long-03,428,1381,1.416235e-02,1381,1381,0.829969,0.855165,1.0294e+00
dev-long-03,429,567,1.233447e-02,11,11,1.475770,1.304548,1.3119e+00
dev-long-03,430,198,1.616686e-04,198,198,0.009359,0.010828,8.1785e-01
dev-long-03,431,24028,5.809008e-04,24028,24028,0.019519,0.019024,8.8354e-01
dev-long-03,432,716,3.209668e-02,2404,2404,1.649640,1.600095,1.1603e+00
dev-long-03,433,12833,7.386547e-04,12833,12833,0.100158,0.094525,7.2276e-01
dev-long-03,434,1546,8.003853e-03,13519,13519,2.089565,1.951539,1.0930e+00
dev-long-03,435,13519,4.998218e-05,13519,13519,0.006049,0.005736,7.3184e-01
dev-long-03,436,310,2.217679e-05,310,310,0.000162,0.000099,7.6743e-01
dev-long-03,437,8996,2.751150e-02,8996,8996,0.234578,0.337037,8.7894e-01
dev-long-03,438,411,6.737898e-03,411,411,0.160270,0.203128,1.0620e+00
dev-long-03,439,43623,6.317950e-04,43623,43623,0.175453,0.171905,8.3347e-01
dev-long-03,440,321,1.360728e-03,321,11,1.057307,1.062317,7.8063e-01
dev-long-03,441,198,2.564734e-02,198,198,1.053306,1.063556,8.4635e-01
dev-long-03,442,4899,1.217553e-02,3795,3795,11.737235,11.492045,8.6485e-01
dev-long-03,443,517,1.470129e-05,517,517,0.004398,0.004078,8.1710e-01
dev-long-03,444,1988,1.570070e-06,1988,1988,0.000021,0.000029,7.3382e-01
dev-long-03,445,1092,1.163805e-02,1092,1092,0.399695,0.308001,8.9106e-01
dev-long-03,446,919,1.069468e-02,919,919,0.180849,0.251987,9.3788e-01
dev-long-03,447,551,1.283590e-03,551,551,0.002972,0.006529,1.0770e+00
dev-long-03,448,682,2.967824e-03,682,682,0.631916,0.579039,7.4105e-01
dev-long-03,449,6141,2.685053e-04,6141,6141,0.004478,0.006046,6.7522e-01
dev-long-03,450,303,1.815125e-05,303,303,0.000415,0.000488,8.8315e-01
dev-long-03,451,411,4.360968e-03,411,411,0.118413,0.154355,8.5689e-01
dev-long-03,452,2545,1.678166e-03,24577,24577,4.385511,4.340808,7.7848e-01
dev-long-03,453,21831,3.836845e-04,21831,21831,0.012174,0.010167,7.8367e-01
dev-long-03,454,13,9.577298e-06,13,13,0.350550,0.351580,1.1243e+00
dev-long-03,455,1946,1.152029e-02,1165,1165,3.493914,3.555691,1.0071e+00
dev-long-03,456,635,1.760127e-02,279,279,5.449269,5.340442,9.8775e-01
dev-long-03,457,198,8.902384e-03,198,198,0.400729,0.496974,1.0175e+00
dev-long-03,458,559,5.015610e-04,559,559,0.015655,0.018806,1.2001e+00
dev-long-03,459,11,6.106185e-03,11,11,0.059259,0.089435,1.1525e+00
dev-long-03,460,567,4.021014e-03,567,567,0.290618,0.287788,8.8495e-01
dev-long-03,461,1902,1.254247e-04,1902,1902,0.011498,0.012669,6.9876e-01
dev-long-03,462,1380,2.604701e-02,1380,1380,1.153649,1.242544,1.3448e+00
dev-long-03,463,279,7.757377e-03,321,321,5.676480,5.067490,1.0984e+00
dev-long-03,464,43070,1.866584e-02,43070,43070,1.053365,1.161332,1.0868e+00
dev-long-03,465,3254,6.790972e-02,3254,3254,0.808034,0.535084,1.1757e+00
dev-long-03,466,1118,1.659788e-02,1118,1118,0.133738,0.210782,8.7717e-01
dev-long-03,467,11,2.217198e-03,11,11,0.212764,0.192425,1.2245e+00
dev-long-03,468,321,1.715462e-03,321,321,0.018604,0.017396,1.1809e+00
dev-long-03,469,1439,1.345404e-02,1439,1439,0.566105,0.592452,1.3353e+00
dev-long-03,470,9940,4.915523e-04,9940,9940,0.039853,0.038032,9.4093e-01
dev-long-03,471,35723,2.397996e-02,11,11,2.055030,1.857597,1.2556e+00
dev-long-03,472,198,8.418616e-07,198,198,0.000113,0.000118,9.5845e-01
dev-long-03,473,258,1.310226e-04,258,258,0.000269,0.000551,1.0554e+00
dev-long-03,474,449,1.456198e-02,279,279,7.952277,7.370649,6.9964e-01
dev-long-03,475,31604,6.464386e-04,31604,31604,0.015210,0.011362,1.1012e+00
dev-long-03,476,303,1.868389e-03,303,303,0.106968,0.127893,6.0336e-01
dev-long-03,477,660,1.391322e-03,279,279,6.399560,6.154745,7.4690e-01
dev-long-03,478,279,1.422087e-05,279,279,0.000396,0.000468,7.0327e-01
dev-long-03,479,11129,2.789503e-02,6187,6187,3.310010,3.118781,7.4363e-01
dev-long-03,480,15228,8.479868e-05,15228,15228,0.004661,0.005316,8.2614e-01
dev-long-03,481,13,3.782025e-03,13,13,0.134414,0.104558,1.0893e+00
dev-long-03,482,1368,3.579722e-03,38470,38470,2.721426,2.821169,1.0172e+00
dev-long-03,483,411,1.435551e-02,411,411,0.236187,0.305237,1.2125e+00
dev-long-03,484,3564,5.084945e-03,14107,14107,1.415529,1.573962,1.0287e+00
dev-long-03,485,11,4.500823e-04,11,11,0.026036,0.024582,8.6503e-01
dev-long-03,486,353,6.129896e-03,353,353,0.136772,0.175816,9.6012e-01
dev-long-03,487,4723,1.075186e-02,4723,4723,0.630751,0.701383,7.1439e-01
dev-long-03,488,198,9.634640e-05,198,198,0.001020,0.000761,1.2382e+00
dev-long-03,489,18443,1.200877e-02,18443,18443,0.863195,0.856159,1.0301e+00
dev-long-03,490,89085,2.375571e-02,89085,89085,0.731387,0.832461,1.1538e+00
dev-long-03,491,310,7.661343e-05,310,310,0.001335,0.001112,1.0094e+00
dev-long-03,492,975,2.440502e-02,1010,1010,1.015725,1.322705,8.5618e-01
dev-long-03,493,5245,1.195802e-01,5245,6440,0.952109,1.577267,1.0241e+00
dev-long-03,494,1920,1.140161e-04,1920,1920,0.013851,0.012212,8.7329e-01
dev-long-03,495,271,8.039630e-05,271,271,0.002994,0.003378,1.0595e+00
dev-long-03,496,41610,1.022159e-02,2005,2005,1.416160,1.525381,1.0193e+00
dev-long-03,497,668,1.277068e-02,0,0,4.144303,4.126622,1.3405e+00
dev-long-03,498,488,6.977013e-03,678,678,2.150622,2.066381,1.2873e+00
dev-long-03,499,1910,1.795575e-02,5479,1910,0.869927,0.690555,7.1192e-01
dev-long-03,500,12035,1.201741e-04,12035,12035,0.005750,0.006747,5.7630e-01
dev-long-03,501,271,2.581090e-03,271,271,0.095501,0.117630,7.1428e-01
dev-long-03,502,2005,2.535860e-04,2005,2005,0.066581,0.064503,5.9882e-01
dev-long-03,503,33963,2.330474e-03,22367,22367,4.025813,4.140160,1.9392e+00
dev-long-03,504,728,1.111685e-04,728,728,0.004354,0.005215,9.8685e-01
dev-long-03,505,264,7.436059e-04,449,449,5.707793,5.563058,9.7396e-01
dev-long-03,506,44579,6.074586e-03,5572,5572,1.960109,2.137857,7.2507e-01
dev-long-03,507,321,2.509797e-03,321,321,0.054040,0.067379,6.5457e-01
dev-long-03,508,421,2.049108e-02,421,421,1.378877,1.496369,9.7727e-01
dev-long-03,509,20485,1.775242e-02,20485,20485,1.300113,1.311693,9.6718e-01
dev-long-03,510,314,1.957734e-04,314,314,0.007565,0.007358,7.4171e-01
dev-long-03,511,5392,2.611448e-02,264,264,1.325178,0.991582,8.9682e-01
dev-long-03,512,13,1.188442e-03,1920,1920,2.651467,2.576951,8.7473e-01
dev-long-03,513,4543,1.390578e-02,6558,6558,2.939102,2.768401,9.6135e-01
dev-long-03,514,11,2.995868e-02,11,11,0.422617,0.289351,1.2944e+00
dev-long-03,515,1179,4.149294e-02,4248,17075,2.315056,2.974882,9.4121e-01
dev-long-03,516,25,6.941939e-03,13,13,1.399722,1.295110,9.1948e-01
dev-long-03,517,3260,1.695680e-03,3260,3260,0.191605,0.175360,1.0846e+00
dev-long-03,518,6441,1.066665e-02,6441,6441,0.284723,0.250130,7.3982e-01
dev-long-03,519,506,2.607346e-04,506,506,0.007489,0.009505,7.7447e-01
dev-long-03,520,279,7.207544e-03,198,198,1.614720,1.659052,7.2232e-01
dev-long-03,521,198,2.779219e-03,198,198,0.061140,0.079121,8.8085e-01
dev-long-03,522,70927,1.236546e-03,25668,25668,6.020798,5.926582,7.3834e-01
dev-long-03,523,314,4.886782e-05,314,314,0.000723,0.001009,6.1134e-01
dev-long-03,524,7441,6.358869e-04,7441,7441,0.026312,0.031991,7.0867e-01
dev-long-03,525,689,4.279303e-06,689,689,0.000193,0.000160,5.1148e-01
dev-long-03,526,6476,8.104901e-06,6476,6476,0.001324,0.001230,6.7220e-01
dev-long-03,527,11,1.197359e-04,11,11,0.057960,0.056395,7.9688e-01
dev-long-03,528,264,9.185736e-04,264,264,0.007994,0.011872,9.2178e-01
dev-long-03,529,60042,1.918782e-02,3565,3565,4.687042,4.683594,9.3099e-01
dev-long-03,530,321,4.338751e-05,321,321,0.001923,0.001602,6.4704e-01
dev-long-03,531,264,8.519019e-07,264,264,0.000018,0.000023,5.6114e-01
dev-long-03,532,3565,2.826975e-03,2503,2503,2.014438,1.995434,5.0574e-01
dev-long-03,533,6273,2.685978e-02,6273,6273,0.404232,0.564138,7.6373e-01
dev-long-03,534,8628,7.030728e-06,8628,8628,0.001150,0.001131,5.8385e-01
dev-long-03,535,13,2.758574e-02,30996,30996,2.401875,3.263743,7.0843e-01
dev-long-03,536,4248,5.198403e-03,561,561,1.771966,1.913108,8.0093e-01
dev-long-03,537,13,7.712277e-05,13,13,0.001117,0.001574,6.9634e-01
dev-long-03,538,17075,4.102571e-06,17075,17075,0.000541,0.000583,6.6500e-01
dev-long-03,539,27466,3.102302e-05,27466,27466,0.001521,0.001843,7.1729e-01
dev-long-03,540,198,2.737431e-06,198,198,0.002317,0.002424,6.0975e-01
dev-long-03,541,4660,1.725014e-02,4660,4660,0.575121,0.748420,6.4529e-01
dev-long-03,542,599,8.240170e-06,599,599,0.000146,0.000189,7.1332e-01
dev-long-03,543,279,9.229213e-04,2107,2107,3.316439,3.289292,7.8061e-01
dev-long-03,544,1788,1.879557e-04,1788,1788,0.001428,0.002115,1.1859e+00
dev-long-03,545,539,3.764103e-03,539,539,0.026601,0.039870,7.3074e-01
dev-long-03,546,18377,5.021737e-04,18377,18377,0.087614,0.081949,6.8989e-01
dev-long-03,547,506,4.885723e-05,506,506,0.004263,0.004257,7.2862e-01
dev-long-03,548,220,6.786891e-03,220,411,0.671876,0.785123,7.1558e-01
dev-long-03,549,21,3.253597e-03,21,21,0.013941,0.025764,5.4530e-01
dev-long-03,550,25,6.157774e-03,11,11,1.250492,1.223295,7.4473e-01
dev-long-03,551,18,2.276370e-02,16,16,1.391245,1.801526,5.7886e-01
dev-long-03,552,15,1.006765e-05,15,15,0.000256,0.000332,5.6663e-01
dev-long-03,553,411,2.327622e-03,310,310,5.263680,5.226809,7.3549e-01
dev-long-03,554,11129,7.691596e-05,11129,11129,0.014297,0.015057,5.9097e-01
dev-long-03,555,506,2.866258e-03,506,506,0.010943,0.020762,8.1060e-01
dev-long-03,556,220,3.920538e-03,220,220,0.041816,0.058063,7.9690e-01
dev-long-03,557,17,3.154915e-06,17,17,0.000056,0.000076,4.9767e-01
dev-long-03,558,17,7.403212e-07,17,17,0.000006,0.000009,5.0830e-01
dev-long-03,559,16,1.734231e-04,16,16,0.000636,0.001225,5.7510e-01
dev-long-03,560,33,5.109807e-04,33,33,0.053854,0.059948,3.8503e-01
dev-long-03,561,11,1.950504e-04,11,11,0.012658,0.010673,3.6858e-01
dev-long-03,562,27466,6.738040e-05,27466,27466,0.002698,0.003340,4.4449e-01
dev-long-03,563,198,2.785137e-05,198,198,0.006212,0.005659,5.1375e-01
dev-long-03,564,33402,2.710902e-06,33402,33402,0.001280,0.001352,3.1981e-01
dev-long-03,565,13894,1.813920e-04,13894,13894,0.028817,0.028980,7.0703e-01
dev-long-03,566,2844,5.651751e-02,2532,828,3.448113,3.249916,9.4365e-01
dev-long-03,567,369,1.906580e-04,369,369,0.008065,0.006745,7.1125e-01
dev-long-03,568,2708,3.736975e-02,279,279,1.732946,1.823276,9.6932e-01
dev-long-03,569,321,3.618729e-04,321,321,0.019613,0.022906,8.7021e-01
dev-long-03,570,61446,1.420290e-03,61446,61446,0.163091,0.168699,9.6281e-01
dev-long-03,571,1920,1.558423e-04,1920,1920,0.123616,0.126642,9.9139e-01
dev-long-03,572,271,5.716467e-06,271,271,0.000356,0.000385,7.9826e-01
dev-long-03,573,2005,1.341719e-03,2005,2005,0.429879,0.426858,8.2837e-01
dev-long-03,574,24936,6.887782e-03,9651,9651,2.862342,2.858544,1.2864e+00
dev-long-03,575,13,3.552759e-02,1920,1920,1.362315,1.211008,8.4257e-01
dev-long-03,576,1921,3.933354e-03,1921,1921,0.038748,0.054111,1.1811e+00
dev-long-03,577,668,2.504267e-02,668,668,0.953829,1.172010,9.5865e-01
dev-long-03,578,551,1.634869e-03,551,551,0.113151,0.121786,8.8361e-01
dev-long-03,579,1436,5.146463e-02,2445,2445,2.657982,2.065224,1.0490e+00
dev-long-03,580,424,2.878453e-03,424,424,0.066429,0.088050,8.5616e-01
dev-long-03,581,12035,5.895831e-04,12035,12035,0.006090,0.009024,8.2269e-01
dev-long-03,582,271,8.842269e-07,271,271,0.000379,0.000376,7.5289e-01
dev-long-03,583,84797,8.572325e-04,2005,2005,3.021555,3.034953,7.1324e-01
dev-long-03,584,11,5.147560e-05,11,11,0.001619,0.001993,7.6651e-01
dev-long-03,585,551,1.265530e-02,424,424,0.975769,1.141225,8.9345e-01
dev-long-03,586,369,9.969513e-03,1902,1902,1.857411,1.821480,1.2800e+00
dev-long-03,587,2617,2.086667e-02,883,883,3.786182,3.768796,1.0943e+00
dev-long-03,588,310,4.622281e-05,310,310,0.000554,0.000617,1.5579e+00
dev-long-03,589,2426,9.087114e-02,381,381,5.345237,5.566711,1.1745e+00
dev-long-03,590,449,2.012670e-03,449,449,0.107253,0.128550,6.9623e-01
dev-long-03,591,7662,6.097314e-05,7662,7662,0.008745,0.008370,5.9611e-01
dev-long-03,592,383,2.715855e-05,383,383,0.011614,0.010915,7.4723e-01
dev-long-03,593,279,4.192836e-03,279,279,0.040940,0.062249,8.6390e-01
dev-long-03,594,15228,6.933623e-04,15228,15228,0.035121,0.036221,7.6457e-01
dev-long-03,595,11,7.892873e-03,11,11,0.709693,0.631456,9.1697e-01
dev-long-03,596,2394,1.325034e-02,364,364,1.971285,1.984392,9.1142e-01
dev-long-03,597,11,3.258231e-03,551,551,0.929959,0.999560,1.2414e+00
dev-long-03,598,310,2.558847e-03,413,413,5.231643,5.347174,7.3037e-01
dev-long-03,599,264,8.911797e-03,660,660,1.333538,1.435846,7.7491e-01
dev-long-03,600,7604,9.988159e-03,855,855,1.181116,1.383907,9.6236e-01
dev-long-03,601,855,4.901146e-03,855,855,0.037352,0.047279,1.5636e+00
dev-long-03,602,11,9.876927e-05,11,11,0.008946,0.008094,9.9553e-01
dev-long-03,603,198,1.959712e-03,198,198,0.028283,0.031380,7.8156e-01
dev-long-03,604,1719,4.096960e-03,1719,1719,0.149443,0.180491,9.5636e-01
dev-long-03,605,4557,1.224990e-01,4557,4557,0.755508,0.895545,1.1705e+00
dev-long-03,606,557,7.762414e-03,314,314,1.517296,1.329272,1.2733e+00
dev-long-03,607,264,8.595614e-04,264,264,0.036415,0.041410,8.8904e-01
dev-long-03,608,8545,1.372978e-02,8545,8545,0.473723,0.432835,8.4616e-01
dev-long-03,609,799,5.917456e-04,799,799,0.010702,0.008343,7.4438e-01
dev-long-03,610,13,2.280097e-03,13,13,0.375118,0.390858,1.0278e+00
dev-long-03,611,1216,1.211898e-02,1049,1049,1.279438,1.215189,1.2383e+00
dev-long-03,612,557,7.188710e-03,668,668,2.937562,2.870980,1.4597e+00
dev-long-03,613,9077,6.861411e-02,63840,12314,2.903427,3.221362,1.2135e+00
dev-long-03,614,748,2.075824e-02,264,264,5.032028,4.808454,1.0415e+00
dev-long-03,615,25281,8.008897e-03,592,592,6.024181,6.055712,6.5213e-01
dev-long-03,616,539,6.249505e-04,539,539,0.007589,0.010462,1.0788e+00
dev-long-03,617,780,8.712536e-04,780,780,0.060223,0.070528,7.1723e-01
dev-long-03,618,5605,5.250303e-02,14590,5605,1.938532,1.378775,8.5848e-01
dev-long-03,619,329,1.076897e-02,2887,2887,3.814564,4.682763,6.8521e-01
dev-long-03,620,663,1.692626e-04,663,663,0.019564,0.017097,3.3665e-01
dev-long-03,621,303,4.357347e-03,303,303,0.527955,0.593358,6.3807e-01
dev-long-03,622,198,4.098457e-06,198,198,0.000238,0.000197,7.4640e-01
dev-long-03,623,35444,1.181313e-03,1719,1719,2.540508,2.444154,7.4920e-01
dev-long-03,624,279,9.498342e-06,279,279,0.000188,0.000211,9.7644e-01
dev-long-03,625,3136,9.052001e-04,3136,3136,0.155299,0.173282,6.0451e-01
dev-long-03,626,321,6.344078e-04,11,11,1.092922,1.047841,1.0664e+00
dev-long-03,627,539,1.659595e-02,539,539,0.411733,0.532064,9.7423e-01
dev-long-03,628,279,1.261746e-02,279,279,0.071567,0.120712,9.8170e-01
dev-long-03,629,5313,1.691166e-02,10771,10771,3.183046,3.663722,7.3924e-01
dev-long-03,630,314,4.609226e-07,314,314,0.000043,0.000041,6.3737e-01
dev-long-03,631,38470,4.692507e-03,38470,38470,0.642314,0.562542,8.1868e-01
dev-long-03,632,421,2.628081e-03,421,421,0.099942,0.124345,9.4080e-01
dev-long-03,633,551,3.097375e-04,551,551,0.005281,0.006303,1.2943e+00
dev-long-03,634,3272,7.802804e-03,3272,3272,0.170059,0.215917,8.3364e-01
dev-long-03,635,314,5.309187e-04,314,314,0.250404,0.263317,1.0059e+00
dev-long-03,636,198,1.958445e-06,198,198,0.000023,0.000034,8.2146e-01
dev-long-03,637,39850,5.419229e-05,39850,39850,0.012518,0.012075,1.0931e+00
dev-long-03,638,694,2.500497e-03,694,694,0.051840,0.038722,1.1076e+00
dev-long-03,639,10650,1.066036e-01,780,10650,1.027897,0.600326,1.0604e+00
dev-long-03,640,11,1.099228e-02,11,11,0.128167,0.167330,2.2516e+00
dev-long-03,641,694,5.065885e-04,321,321,8.115978,7.662590,9.8245e-01
dev-long-03,642,2394,2.004961e-02,279,279,3.920370,3.516317,1.2581e+00
dev-long-03,643,1179,3.666689e-03,1179,1179,0.256170,0.282654,1.2299e+00
dev-long-03,644,551,2.087074e-04,551,551,0.016874,0.018258,7.9616e-01
dev-long-03,645,1902,4.273786e-04,1902,1902,0.038705,0.037406,8.6536e-01
dev-long-03,646,599,8.711042e-03,599,599,0.216246,0.252606,7.2127e-01
dev-long-03,647,95426,1.826831e-02,95426,95426,1.118890,1.034462,8.8430e-01
dev-long-03,648,21542,4.881543e-03,1996,1996,2.688021,2.575846,4.9064e-01
dev-long-03,649,6359,7.405826e-08,6359,6359,0.000002,0.000002,6.8709e-01
dev-long-03,650,279,2.290178e-05,279,279,0.002766,0.003052,7.5235e-01
dev-long-03,651,198,9.678891e-07,198,198,0.000088,0.000082,8.8974e-01
dev-long-03,652,6455,3.177571e-03,798,798,3.071737,2.983764,7.0302e-01
dev-long-03,653,16709,2.816735e-03,16709,16709,0.711067,0.706429,4.8986e-01
dev-long-03,654,864,1.202483e-03,864,864,0.035097,0.043130,1.1245e+00
dev-long-03,655,8613,1.409949e-01,11354,11354,3.745013,3.991580,1.2100e+00
dev-long-03,656,1384,5.714504e-05,1384,1384,0.000865,0.000599,8.4875e-01
dev-long-03,657,310,1.001776e-05,310,310,0.000846,0.000766,6.9097e-01
dev-long-03,658,5758,1.761480e-02,5758,5106,0.722017,0.870375,8.0618e-01
dev-long-03,659,780,4.234143e-03,780,780,0.194205,0.179479,7.2692e-01
dev-long-03,660,11619,1.931206e-03,21209,21209,5.380280,5.191170,7.5068e-01
dev-long-03,661,13,2.558036e-04,13,13,0.192960,0.186525,8.6927e-01
dev-long-03,662,4844,1.652850e-02,7183,7183,1.905883,2.098531,6.8299e-01
dev-long-03,663,11,7.217905e-04,11,11,0.121479,0.123407,6.8397e-01
dev-long-03,664,1495,2.330290e-03,1495,1495,0.405813,0.362882,7.3483e-01
dev-long-03,665,11,4.118340e-06,11,11,0.000262,0.000293,9.1908e-01
dev-long-03,666,279,1.732815e-02,279,279,0.369791,0.280355,1.0614e+00
dev-long-03,667,198,1.219710e-02,13893,13893,5.484320,5.559655,8.8153e-01
dev-long-03,668,390,1.420492e-02,41868,41868,7.947717,7.802777,7.9397e-01
dev-long-03,669,16250,4.479350e-03,16250,16250,0.517112,0.456892,5.7851e-01
dev-long-03,670,314,8.126218e-06,314,314,0.000086,0.000058,6.9625e-01
dev-long-03,671,780,5.276098e-06,780,780,0.000601,0.000655,8.5907e-01
dev-long-03,672,803,6.501245e-04,803,803,0.431636,0.406377,7.2693e-01
dev-long-03,673,668,1.370020e-02,668,668,0.261601,0.230583,9.6369e-01
dev-long-03,674,5073,2.627513e-02,524,524,2.574401,2.696735,7.2924e-01
dev-long-03,675,1384,8.305722e-04,1384,1384,0.002658,0.001634,1.2144e+00
dev-long-03,676,310,1.372623e-03,310,310,0.013151,0.013785,1.3297e+00
dev-long-03,677,1436,7.198079e-02,2445,2445,3.880246,4.343777,1.9628e+00
dev-long-03,678,424,1.118590e-04,424,424,0.003718,0.003647,7.4997e-01
dev-long-03,679,11,3.009608e-02,506,506,1.586462,1.537969,7.2595e-01
dev-long-03,680,364,1.182152e-03,364,364,0.313112,0.338926,9.2668e-01
dev-long-03,681,4858,2.632971e-02,11,11,5.174511,5.010604,1.0824e+00
dev-long-03,682,852,5.740783e-03,668,668,1.181921,1.170407,7.2267e-01
dev-long-03,683,198,7.642675e-06,198,198,0.001140,0.001029,7.4895e-01
dev-long-03,684,30979,1.812950e-03,30979,30979,0.079222,0.072837,1.0921e+00
dev-long-03,685,82,2.318633e-06,82,82,0.000255,0.000228,6.9168e-01
dev-long-03,686,1384,1.757635e-03,1384,1384,0.067953,0.082275,8.1752e-01
dev-long-03,687,668,1.834950e-03,668,668,0.015637,0.022235,1.0353e+00
dev-long-03,688,2050,3.554372e-02,10179,10179,3.306305,3.075337,1.0257e+00
dev-long-03,689,780,9.559632e-04,1384,1384,0.983271,0.973862,8.0045e-01
dev-long-03,690,6326,3.379366e-04,6326,6326,0.020174,0.022898,8.8031e-01
dev-long-03,691,310,8.487832e-07,310,310,0.000086,0.000090,7.3345e-01
dev-long-03,692,424,1.040063e-03,424,424,0.090878,0.088054,1.0336e+00
dev-long-03,693,13,2.652288e-03,1920,1920,0.876293,0.793713,1.0383e+00
dev-long-03,694,5514,1.225329e-02,5514,5514,0.310032,0.269403,8.6618e-01
dev-long-03,695,488,2.461597e-02,369,369,2.325293,2.504784,1.0899e+00
dev-long-03,696,513,1.977217e-05,513,513,0.005294,0.005729,8.8159e-01
dev-long-03,697,11,2.244673e-02,11,11,0.309682,0.420389,1.2294e+00
dev-long-03,698,38470,2.053661e-03,38470,38470,0.031906,0.044539,8.7136e-01
dev-long-03,699,11,5.853116e-03,11,11,0.126773,0.170283,7.3320e-01
dev-long-03,700,1542,3.031456e-03,1542,1542,0.356904,0.341262,7.8453e-01
dev-long-03,701,198,1.421510e-05,198,198,0.004262,0.004597,6.9171e-01
dev-long-03,702,2829,1.012435e-04,2829,2829,0.002078,0.002625,8.2531e-01
dev-long-03,703,310,2.085321e-03,310,310,0.016928,0.010591,7.6934e-01
dev-long-03,704,279,1.359563e-03,279,279,0.006342,0.009314,1.3088e+00
dev-long-03,705,12507,2.302211e-02,17933,17933,1.970984,2.077744,9.3530e-01
dev-long-03,706,8815,7.917028e-04,8815,8815,0.009042,0.012977,6.4136e-01
dev-long-03,707,321,8.512823e-04,321,321,0.177687,0.182885,8.2849e-01
dev-long-03,708,599,6.335646e-03,599,599,0.323369,0.391769,1.0182e+00
dev-long-03,709,411,7.541994e-04,411,411,0.067152,0.060562,7.3634e-01
dev-long-03,710,2113,1.931645e-02,2113,2113,0.315325,0.231284,7.2776e-01
dev-long-03,711,303,5.462831e-04,303,303,0.013207,0.009765,6.2673e-01
dev-long-03,712,279,1.471985e-03,279,279,0.035094,0.045703,7.9661e-01
dev-long-03,713,11129,2.612950e-03,11129,11129,0.054254,0.068154,7.8644e-01
dev-long-03,714,198,2.571265e-03,198,198,0.036757,0.025224,7.4185e-01
dev-long-03,715,45717,4.378955e-03,45717,45717,0.081707,0.107275,5.2702e-01
dev-long-03,716,1920,1.165151e-04,1920,1920,0.118805,0.121036,9.2467e-01
dev-long-03,717,271,1.775735e-03,271,271,0.060732,0.074557,8.9093e-01
dev-long-03,718,43627,1.513216e-02,623,623,1.490544,1.706689,6.7624e-01
dev-long-03,719,864,5.565375e-02,4139,4139,3.894110,3.328190,8.8849e-01
dev-long-03,720,11,8.557386e-03,11,11,0.349963,0.410410,1.2091e+00
dev-long-03,721,26180,2.298586e-02,26180,26180,0.455094,0.634087,1.1775e+00
dev-long-03,722,12035,2.879737e-04,12035,12035,0.024670,0.021740,8.4532e-01
dev-long-03,723,271,3.005220e-04,271,271,0.003124,0.004610,7.0499e-01
dev-long-03,724,83891,2.688220e-03,2005,2005,4.372039,4.571070,7.3544e-01
dev-long-03,725,11,2.126410e-05,11,11,0.000623,0.000501,8.7366e-01
dev-long-03,726,303,1.229094e-03,303,303,0.025871,0.026072,1.0443e+00
dev-long-03,727,279,2.447794e-02,279,279,0.469652,0.660076,8.5340e-01
dev-long-03,728,696,2.315688e-04,696,696,0.007268,0.008910,9.5314e-01
dev-long-03,729,38,1.333591e-03,38,38,0.357926,0.355013,5.3426e-01
dev-long-03,730,60872,6.506996e-04,60872,60872,0.367565,0.361931,3.3464e-01
dev-long-03,731,6663,1.882533e-04,6663,6663,0.100469,0.094691,7.3562e-01
dev-long-03,732,696,1.004354e-03,279,279,1.400687,1.327665,6.0469e-01
dev-long-03,733,12335,3.638652e-02,608,608,2.541377,2.338372,6.4752e-01
dev-long-03,734,6663,9.338793e-06,6663,6663,0.007177,0.006911,4.1227e-01
dev-long-03,735,696,5.107448e-03,696,696,0.421563,0.471180,6.0375e-01
dev-long-03,736,47,8.329820e-03,47,47,1.893906,2.046439,5.4606e-01
dev-long-03,737,528,7.973625e-04,528,528,0.027236,0.021410,3.4807e-01
dev-long-03,738,30366,7.546097e-06,30366,30366,0.001933,0.001873,3.9342e-01
dev-long-03,739,6663,5.866671e-03,6663,6663,0.179312,0.180782,7.7098e-01
dev-long-03,740,696,9.018928e-03,696,696,0.701203,0.814294,1.0207e+00
dev-long-03,741,608,7.897647e-03,608,608,0.611007,0.712587,4.9843e-01
dev-long-03,742,13,1.447420e-04,13,13,0.014068,0.015974,4.1342e-01
dev-long-03,743,7555,4.353567e-06,7555,7555,0.001114,0.001187,4.2032e-01
dev-long-03,744,725,7.394583e-03,725,725,0.293490,0.367765,4.8534e-01
dev-long-03,745,72043,8.756681e-04,72043,72043,0.737531,0.717650,5.2556e-01
dev-long-03,746,6663,4.238806e-04,6663,6663,0.035884,0.041608,6.2426e-01
dev-long-03,747,198,1.313627e-03,321,321,2.046051,2.071587,6.2457e-01
dev-long-03,748,2021,3.120665e-03,1102,1102,1.869716,1.877178,5.8537e-01
dev-long-03,749,1002,1.719047e-04,1002,1002,0.161146,0.166205,3.4152e-01
dev-long-03,750,286,1.076187e-06,286,286,0.000399,0.000412,3.8365e-01
dev-long-03,751,5230,1.454598e-05,5230,5230,0.002786,0.003012,4.5598e-01
dev-long-03,752,6663,4.241978e-05,6663,6663,0.032029,0.031605,5.0643e-01
dev-long-03,753,696,1.989466e-03,321,696,0.768965,0.711445,7.0891e-01
dev-long-03,754,19178,2.350868e-03,19178,19178,0.296238,0.278922,4.6551e-01
dev-long-03,755,6663,3.354862e-03,6663,6663,0.423085,0.367349,4.6329e-01
dev-long-03,756,696,2.165413e-03,321,321,0.868458,0.813006,8.0355e-01
dev-long-03,757,72442,3.324053e-03,72442,72442,0.852336,0.913816,5.5114e-01
dev-long-03,758,6663,5.742450e-04,6663,6663,0.077115,0.068042,4.8163e-01
dev-long-03,759,321,2.257660e-03,696,696,1.238711,1.339829,7.4311e-01
dev-long-03,760,866,1.725863e-03,696,696,2.272540,2.327290,6.7171e-01
dev-long-03,761,3672,1.135358e-02,3672,3672,0.512194,0.410401,9.9521e-01
dev-long-03,762,421,4.168707e-02,421,421,0.193242,0.347396,9.6749e-01
dev-long-03,763,11822,3.287159e-02,668,668,1.024181,1.373056,1.2407e+00
dev-long-03,764,310,9.719880e-06,310,310,0.001213,0.001332,8.5995e-01
dev-long-03,765,488,6.327157e-05,488,488,0.004871,0.005559,9.4213e-01
dev-long-03,766,1920,1.265714e-04,1920,1920,0.243737,0.238688,1.7715e+00
dev-long-03,767,271,7.168943e-05,271,271,0.001597,0.001579,8.3239e-01
dev-long-03,768,2005,9.501309e-03,2005,2005,0.780364,0.822981,7.0972e-01
dev-long-03,769,24936,2.554581e-03,24936,24936,0.637099,0.657662,7.5402e-01
dev-long-03,770,1575,4.331606e-04,1575,1575,0.016146,0.018489,1.2282e+00
dev-long-03,771,11,7.170369e-02,11,13,0.597789,1.006434,1.0401e+00
dev-long-03,772,26180,2.866708e-03,26180,26180,0.036543,0.052278,8.1715e-01
dev-long-03,773,13,1.634232e-03,13,13,0.117185,0.138286,7.6024e-01
dev-long-03,774,1541,2.050329e-03,1541,1541,0.331620,0.366355,9.6695e-01
dev-long-03,775,411,4.658599e-02,488,488,2.503481,2.212846,1.0361e+00
dev-long-03,776,9506,9.678414e-03,9506,9506,0.547879,0.505546,1.1571e+00
dev-long-03,777,12035,8.390564e-03,12035,12035,0.483722,0.414917,7.8889e-01
dev-long-03,778,271,1.100339e-03,271,271,0.019434,0.014603,6.6547e-01
dev-long-03,779,2005,8.396799e-03,2005,2005,0.510909,0.567347,8.9013e-01
dev-long-03,780,23982,1.245866e-02,23982,23982,1.529726,1.540490,8.6632e-01
dev-long-03,781,11,3.359040e-03,11,11,0.063733,0.087020,9.1169e-01
dev-long-03,782,9542,2.724220e-03,9542,9542,0.534267,0.494851,9.8414e-01
dev-long-03,783,11,2.998011e-03,11,11,0.133938,0.164927,8.3662e-01
dev-long-03,784,353,1.014313e-02,353,353,0.956959,1.013832,7.4371e-01
dev-long-03,785,4723,4.936781e-03,1683,1683,2.457640,2.584268,7.9381e-01
dev-long-03,786,2426,8.785040e-03,2426,2426,0.706700,0.644478,1.0201e+00
dev-long-03,787,279,2.616755e-03,678,678,4.194219,3.913194,9.1778e-01
dev-long-03,788,9506,3.316168e-04,9506,9506,0.035304,0.038204,8.5296e-01
dev-long-03,789,13,3.258576e-02,13,13,1.029304,0.788530,9.5182e-01
dev-long-03,790,9442,1.909498e-02,1049,1049,3.308869,3.376544,9.5073e-01
dev-long-03,791,488,2.078454e-05,488,488,0.000270,0.000210,8.7914e-01
dev-long-03,792,13,2.477028e-03,13,13,0.556952,0.587397,9.7411e-01
dev-long-03,793,1541,1.405500e-02,1541,1541,0.460017,0.492241,9.1444e-01
dev-long-03,794,11,3.761582e-02,1345,1345,1.551379,1.698863,7.9306e-01
dev-long-03,795,353,2.766741e-03,38470,38470,5.091428,5.203033,5.4479e-01
dev-long-03,796,1910,2.072475e-04,1910,1910,0.046064,0.048723,6.3756e-01
dev-long-03,797,11,4.439952e-05,11,11,0.000816,0.001110,6.4553e-01
dev-long-03,798,38470,3.614610e-03,38470,38470,0.081407,0.103115,8.3682e-01
dev-long-03,799,11,2.321152e-03,11,11,0.082962,0.103262,7.9815e-01
dev-long-03,800,1066,2.047707e-02,488,488,7.031533,7.273975,1.1379e+00
dev-long-03,801,198,7.897432e-04,198,198,0.049307,0.047674,9.7208e-01
dev-long-03,802,19180,1.603201e-02,19180,19180,0.389519,0.516990,7.1743e-01
dev-long-03,803,264,2.389213e-03,264,264,0.191331,0.200822,7.6659e-01
dev-long-03,804,60042,8.878900e-03,5392,5392,5.338229,5.171624,6.2935e-01
dev-long-03,805,383,1.318680e-02,440,440,2.011366,2.055897,9.2242e-01
dev-long-03,806,678,6.392740e-04,678,678,0.029472,0.023777,8.4871e-01
dev-long-03,807,1560,1.667273e-06,1560,1560,0.000624,0.000617,6.7027e-01
dev-long-03,808,1142,4.549180e-04,1142,1142,0.055500,0.060492,7.7802e-01
dev-long-03,809,321,6.930254e-04,321,321,0.094014,0.089417,1.0391e+00
dev-long-03,810,5106,1.034418e-02,5106,5106,0.294255,0.254398,8.7548e-01
dev-long-03,811,424,6.699987e-03,424,424,0.067522,0.050763,1.0185e+00
dev-long-03,812,1532,5.816078e-03,440,440,1.126437,1.116313,1.1303e+00
dev-long-03,813,440,1.013941e-03,440,440,0.041276,0.035332,7.6336e-01
dev-long-03,814,728,3.550099e-02,728,728,1.087959,1.273739,8.8230e-01
dev-long-03,815,11,1.974533e-03,13,13,1.613479,1.640866,1.1193e+00
dev-long-03,816,364,2.461523e-03,364,364,0.379710,0.396026,7.8328e-01
dev-long-03,817,567,1.466461e-02,11,11,2.088318,1.975782,9.1579e-01
dev-long-03,818,1902,2.387224e-02,1902,1902,0.609261,0.447573,8.7791e-01
dev-long-03,819,198,4.952960e-03,198,198,0.202105,0.195450,9.3609e-01
dev-long-03,820,18443,2.776962e-02,18443,18443,1.412233,1.319824,9.1629e-01
dev-long-03,821,799,1.016856e-04,264,264,2.184249,2.218564,1.0453e+00
dev-long-03,822,310,5.430313e-03,310,310,0.112752,0.088133,1.2182e+00
dev-long-03,823,2873,3.926118e-03,2873,2873,0.159410,0.141472,1.0520e+00
dev-long-03,824,310,4.540989e-02,1004,1004,1.233833,1.278986,8.9869e-01
dev-long-03,825,411,1.775913e-03,1004,1004,3.405880,3.224643,9.5655e-01
dev-long-03,826,43623,1.311731e-02,43623,43623,0.319969,0.401320,9.3713e-01
dev-long-03,827,303,2.920479e-02,948,948,1.973190,2.387758,8.8873e-01
dev-long-03,828,1925,2.549602e-03,1925,1925,0.476852,0.502344,7.4365e-01
dev-long-03,829,314,1.172907e-05,314,314,0.001268,0.001115,8.3765e-01
dev-long-03,830,279,3.942373e-03,279,279,0.388446,0.452434,7.2419e-01
dev-long-03,831,799,9.436209e-04,799,799,0.016947,0.012839,7.8674e-01
dev-long-03,832,864,2.016403e-02,864,864,0.833334,0.813233,1.9448e+00
dev-long-03,833,678,1.181249e-02,678,678,0.268611,0.309253,9.5742e-01
dev-long-03,834,198,1.848800e-03,198,198,0.129303,0.109919,8.1480e-01
dev-long-03,835,18411,5.810723e-02,46151,46151,2.535756,1.670219,9.3473e-01
dev-long-03,836,369,2.210975e-02,369,369,0.381580,0.321040,1.0921e+00
dev-long-03,837,1381,1.296687e-02,310,310,2.040434,2.422903,8.2394e-01
dev-long-03,838,84182,1.842233e-02,20756,20756,2.697741,2.945770,6.9398e-01
dev-long-03,839,286,6.708297e-08,286,286,0.000009,0.000008,6.9360e-01
dev-long-03,840,1920,1.518662e-04,1920,1920,0.135999,0.129728,8.4104e-01
dev-long-03,841,271,1.287701e-04,271,271,0.006635,0.006291,5.5151e-01
dev-long-03,842,4350,3.186187e-03,2005,2005,1.570032,1.535129,5.6910e-01
dev-long-03,843,279,1.232371e-03,279,279,0.016167,0.022472,6.7080e-01
dev-long-03,844,11779,2.632595e-04,11779,11779,0.009962,0.008309,6.7537e-01
dev-long-03,845,11657,1.983578e-05,11657,11657,0.002373,0.002305,6.7045e-01
dev-long-03,846,995,1.792614e-05,995,995,0.002537,0.002258,5.7416e-01
dev-long-03,847,7795,6.518783e-03,7795,7795,0.239071,0.189197,6.1012e-01
dev-long-03,848,11,1.202834e-05,11,11,0.001701,0.001869,5.4204e-01
dev-long-03,849,38001,4.658298e-04,821,821,0.878414,0.893341,5.8133e-01
dev-long-03,850,3738,9.594414e-03,21504,21504,4.981501,4.619305,5.2240e-01
dev-long-03,851,685,1.313177e-03,685,685,0.096302,0.109672,8.2745e-01
dev-long-03,852,279,1.384566e-02,279,279,0.215560,0.304768,8.8711e-01
dev-long-03,853,9506,1.267856e-02,9506,9506,0.555289,0.535606,1.0304e+00
dev-long-03,854,321,9.158802e-04,321,321,0.027366,0.025334,8.0316e-01
dev-long-03,855,5467,5.311550e-03,5467,5467,0.426581,0.361659,7.0253e-01
dev-long-03,856,424,4.127214e-04,424,424,0.018293,0.014735,6.4762e-01
dev-long-03,857,198,1.040393e-06,198,198,0.000058,0.000053,6.4888e-01
dev-long-03,858,66425,5.201984e-04,446,446,3.387995,3.318141,6.3922e-01
dev-long-03,859,279,1.489284e-03,279,279,0.007162,0.012544,8.1681e-01
dev-long-03,860,3000,7.551261e-04,3000,3000,0.010123,0.014248,6.6068e-01
dev-long-03,861,13,1.548665e-03,13,13,0.078819,0.071155,9.3469e-01
dev-long-03,862,1001,2.239652e-04,1001,1001,0.015962,0.015900,9.1065e-01
dev-long-03,863,2064,1.425872e-02,2064,2064,0.603313,0.496061,9.5174e-01
dev-long-03,864,725,1.068783e-02,369,369,1.246231,1.031800,7.8778e-01
dev-long-03,865,264,4.567142e-02,804,264,1.146219,0.859183,8.3773e-01
dev-long-03,866,7567,5.923948e-03,6037,6037,3.355612,3.419311,6.3574e-01
dev-long-03,867,3706,1.397945e-02,3706,3706,0.555842,0.431049,4.1561e-01
dev-long-03,868,3065,2.178403e-03,3065,3065,0.042847,0.056675,5.9981e-01
dev-long-03,869,2340,1.764224e-03,2340,2340,0.084484,0.074650,1.0258e+00
dev-long-03,870,1018,9.745452e-04,1018,1018,0.011151,0.014930,9.6824e-01
dev-long-03,871,551,2.902199e-07,551,551,0.000025,0.000024,5.8232e-01
dev-long-03,872,13,1.748597e-03,13,13,0.096932,0.079977,6.8932e-01
dev-long-03,873,1001,3.628811e-06,1001,1001,0.017129,0.017182,8.0475e-01
dev-long-03,874,9658,3.868555e-02,24936,24936,4.903837,4.636188,1.0104e+00
dev-long-03,875,1436,5.797787e-03,1353,1353,1.148916,1.122184,9.2957e-01
dev-long-03,876,1204,5.044848e-04,1204,1204,0.007926,0.007122,7.2560e-01
dev-long-03,877,424,1.845698e-03,424,424,0.013782,0.008334,8.0225e-01
dev-long-03,878,198,2.987499e-05,198,198,0.004115,0.003783,5.1326e-01
dev-long-03,879,5882,1.949351e-03,51976,51976,2.674397,2.533256,4.1686e-01
dev-long-03,880,20397,7.225694e-03,27155,27155,2.834667,2.764633,3.9667e-01
dev-long-03,881,321,2.429816e-03,321,321,0.115124,0.131425,7.6949e-01
dev-long-03,882,14744,2.993659e-03,14744,14744,0.259706,0.233273,6.3890e-01
dev-long-03,883,624,8.215005e-08,624,624,0.000020,0.000021,3.7887e-01
dev-long-03,884,13,1.566111e-03,13,13,0.196700,0.223066,7.4342e-01
dev-long-03,885,4781,4.886863e-03,4781,4781,0.121493,0.128553,9.7116e-01
dev-long-03,886,3199,9.936511e-04,660,660,4.747971,5.238217,7.2959e-01
dev-long-03,887,424,1.209287e-02,424,424,0.917469,0.776570,1.0691e+00
dev-long-03,888,369,3.596059e-03,369,369,0.037238,0.028243,9.5184e-01
dev-long-03,889,264,1.654260e-02,264,264,0.491119,0.480302,1.0098e+00
dev-long-03,890,59433,1.613542e-02,25556,25556,4.166060,4.239929,9.1545e-01
dev-long-03,891,321,6.239758e-04,321,321,0.032478,0.030527,1.0039e+00
dev-long-03,892,5077,1.246913e-03,5077,5077,0.113460,0.127010,7.7449e-01
dev-long-03,893,314,6.369315e-05,314,314,0.050352,0.052256,1.2071e+00
dev-long-03,894,9486,2.746929e-02,9486,9486,0.936533,0.732307,9.0937e-01
dev-long-03,895,13,1.093897e-03,13,13,0.025582,0.020195,9.6925e-01
dev-long-03,896,198,4.374507e-03,198,198,0.707060,0.734963,1.2652e+00
dev-long-03,897,11179,1.499345e-02,2523,2523,1.884941,2.122843,1.1673e+00
dev-long-03,898,1603,8.084663e-03,8220,8220,3.471478,3.279330,8.0142e-01
dev-long-03,899,9506,3.753324e-03,3065,3065,4.983891,5.227995,6.8396e-01
dev-long-03,900,369,6.352786e-05,369,369,0.002216,0.002127,8.8295e-01
dev-long-03,901,13,9.831038e-04,13,13,0.047951,0.056800,8.2115e-01
dev-long-03,902,2302,1.797118e-02,6983,6983,1.541653,1.415300,1.3932e+00
dev-long-03,903,513,6.347407e-03,513,513,0.146259,0.112594,7.9001e-01
dev-long-03,904,279,1.788581e-02,279,279,0.758956,0.627725,8.9287e-01
dev-long-03,905,36390,2.396628e-02,22417,22417,2.362423,2.409427,1.0180e+00
dev-long-03,906,725,1.188099e-02,725,725,0.062989,0.110214,7.2966e-01
dev-long-03,907,6541,2.831678e-02,1765,1765,2.753561,3.541429,7.8796e-01
dev-long-03,908,12422,5.242137e-04,12422,12422,0.012214,0.014519,8.2827e-01
dev-long-03,909,1159,2.250076e-05,1159,1159,0.006973,0.007438,4.9164e-01
dev-long-03,910,13,8.991169e-04,13,13,0.011429,0.013907,1.0869e+00
dev-long-03,911,733,3.101491e-02,2532,733,1.227417,0.992843,1.0407e+00
dev-long-03,912,279,1.424176e-02,279,279,0.756164,0.618821,9.7844e-01
dev-long-03,913,7875,3.450159e-02,1118,1118,2.323270,2.298195,9.9756e-01
dev-long-03,914,321,1.675607e-02,1560,1560,3.432123,3.588518,8.9363e-01
dev-long-03,915,198,2.653559e-06,198,198,0.000153,0.000164,7.9371e-01
dev-long-03,916,1950,3.217357e-03,6183,6183,5.350384,5.322581,5.7859e-01
dev-long-03,917,82097,6.970956e-03,16170,16170,2.652414,2.347225,8.3422e-01
dev-long-03,918,1396,2.641103e-03,279,279,4.687080,4.436530,1.1352e+00
dev-long-03,919,43029,1.676468e-02,43029,43029,0.804028,0.747360,8.8292e-01
dev-long-03,920,1189,3.086816e-03,1189,1189,0.211001,0.177243,1.2106e+00
dev-long-03,921,2418,2.227336e-02,2418,599,0.974461,1.161927,1.0782e+00
dev-long-03,922,364,4.827979e-05,364,364,0.002936,0.002513,7.3371e-01
dev-long-03,923,264,1.206292e-04,264,264,0.015587,0.014769,1.2776e+00
dev-long-03,924,34013,2.144153e-02,19781,3790,6.032355,6.214640,1.3336e+00
dev-long-03,925,53451,2.017656e-02,53451,53451,0.074676,0.127561,9.4070e-01
dev-long-03,926,13,3.789008e-03,13,13,0.080646,0.060313,9.5582e-01
dev-long-03,927,1061,2.702884e-02,1061,1061,0.087008,0.174289,7.7800e-01
dev-long-03,928,9506,1.095903e-02,2545,2545,2.621973,2.872588,8.9993e-01
dev-long-03,929,369,4.211364e-03,369,369,0.397411,0.371216,1.1425e+00
dev-long-03,930,524,8.658674e-03,198,198,1.941202,2.179289,9.1360e-01
dev-long-03,931,198,3.736986e-05,198,198,0.005267,0.005913,5.1222e-01
dev-long-03,932,44846,3.755919e-03,44846,44846,1.124424,1.142188,4.4845e-01
dev-long-03,933,16570,6.868417e-03,264,264,1.029365,1.109113,7.2086e-01
dev-long-03,934,1578,1.046658e-03,1578,1578,0.014085,0.018032,6.5902e-01
dev-long-03,935,2235,1.202778e-06,2235,2235,0.000061,0.000070,6.3597e-01
dev-long-03,936,13,7.065621e-04,13,13,0.157335,0.145194,9.5780e-01
dev-long-03,937,1049,1.459013e-02,1049,1049,0.222182,0.167167,1.5437e+00
dev-long-03,938,557,7.856860e-03,557,557,0.079469,0.115848,9.4003e-01
dev-long-03,939,1669,7.189154e-04,1669,1669,0.007370,0.010926,7.7726e-01
dev-long-03,940,303,3.150705e-03,303,303,0.029256,0.044919,9.0829e-01
dev-long-03,941,279,2.362498e-03,279,279,0.152484,0.168711,9.6122e-01
dev-long-03,942,13558,6.226046e-03,13558,13558,0.194417,0.209218,9.7102e-01
dev-long-03,943,314,1.186080e-07,314,314,0.000007,0.000007,9.3411e-01
dev-long-03,944,279,3.203320e-06,279,279,0.000139,0.000124,7.4534e-01
dev-long-03,945,3194,4.792673e-03,3194,3194,0.024347,0.041108,8.5197e-01
dev-long-03,946,2181,8.060122e-03,2181,2181,0.259429,0.294227,5.1955e-01
dev-long-03,947,10629,9.149177e-04,10629,10629,0.083517,0.072950,7.7955e-01
dev-long-03,948,303,6.043192e-03,303,303,0.049524,0.078406,6.6004e-01
dev-long-03,949,198,1.697319e-05,198,198,0.004438,0.004729,6.3209e-01
dev-long-03,950,189402,2.243711e-03,21591,21591,5.198697,5.449218,6.6998e-01
dev-long-03,951,6123,2.204212e-07,6123,6123,0.000352,0.000364,3.2665e-01
dev-long-03,952,5440,2.911639e-05,5440,5440,0.003480,0.003565,5.2774e-01
dev-long-03,953,321,4.612615e-03,11,11,4.191226,3.570887,9.8947e-01
dev-long-03,954,369,1.526732e-01,716,369,1.020735,0.533760,1.4094e+00
dev-long-03,955,22094,1.227851e-03,279,279,10.266211,9.990169,7.4402e-01
dev-long-03,956,303,4.748259e-02,303,303,0.717557,0.551030,1.0141e+00
dev-long-03,957,3322,1.901598e-02,3322,3322,0.309751,0.333346,1.0996e+00
dev-long-03,958,1396,1.390982e-02,874,874,2.025801,2.014658,9.2350e-01
dev-long-03,959,27649,2.477127e-03,3102,3102,2.112904,2.195420,9.1609e-01
dev-long-03,960,314,6.701362e-06,314,314,0.001628,0.001716,9.4627e-01
dev-long-03,961,279,7.300798e-04,279,279,0.051703,0.059515,8.3566e-01
dev-long-03,962,198,7.041040e-08,198,198,0.000002,0.000002,1.1948e+00
dev-long-03,963,240010,5.090006e-02,240010,240010,0.357483,0.602894,8.3316e-01
dev-long-03,964,1299,1.072870e-05,1299,1299,0.000172,0.000142,7.8707e-01
dev-long-03,965,273,2.031713e-03,273,273,0.003739,0.009090,8.6184e-01
dev-long-03,966,11,6.357454e-03,11,11,0.089260,0.117633,9.0203e-01
dev-long-03,967,3462,3.999127e-03,7643,7643,10.982807,10.580531,1.0283e+00
dev-long-03,968,421,8.808156e-04,421,421,0.061263,0.055075,7.1134e-01
dev-long-03,969,424,1.017324e-02,424,424,0.154389,0.105055,8.2329e-01
dev-long-03,970,369,1.168849e-05,369,369,0.000490,0.000575,8.6281e-01
dev-long-03,971,6105,4.646758e-02,6105,6105,0.310073,0.184540,8.0403e-01
dev-long-03,972,303,4.444759e-04,4370,4370,1.325296,1.373234,7.7768e-01
dev-long-03,973,26609,1.380554e-02,15754,15754,1.738489,1.753366,9.1630e-01
dev-long-03,974,4370,2.345746e-02,4370,4370,0.490656,0.338147,7.8234e-01
dev-long-03,975,314,1.001457e-07,314,314,0.000013,0.000013,7.2485e-01
dev-long-03,976,43699,3.422674e-03,1602,1602,5.772296,5.616677,7.6672e-01
dev-long-03,977,2438,3.439465e-03,2438,2438,0.019079,0.026283,8.5005e-01
dev-long-03,978,13,2.156245e-06,13,13,0.000329,0.000341,6.9727e-01
dev-long-03,979,733,1.964163e-02,733,733,0.462395,0.346777,8.2050e-01
dev-long-03,980,32565,4.094744e-03,32565,32565,0.244382,0.271280,8.8971e-01
dev-long-03,981,198,1.011317e-05,198,198,0.001914,0.001779,6.5643e-01
dev-long-03,982,1020,8.897182e-08,1020,1020,0.000024,0.000025,6.1069e-01
dev-long-03,983,1141,1.867014e-03,411,411,0.755269,0.820625,1.4131e+00
dev-long-03,984,12177,2.106443e-03,12177,12177,0.085863,0.098904,8.3213e-01
dev-long-03,985,11,2.295496e-02,424,11,0.918348,0.682689,8.7858e-01
dev-long-03,986,424,3.112771e-03,424,424,0.027839,0.018006,1.0828e+00
dev-long-03,987,682,2.678389e-03,682,682,0.059655,0.052128,8.1534e-01
dev-long-03,988,2582,2.314494e-04,2582,2582,0.007163,0.008455,1.0207e+00
dev-long-03,989,264,1.054240e-01,264,264,0.230661,0.513039,1.0055e+00
dev-long-03,990,60458,1.722368e-02,60458,34013,1.957186,2.110638,8.3064e-01
dev-long-03,991,3712,8.152487e-04,3712,3712,0.007170,0.010354,8.4232e-01
dev-long-03,992,13,7.752430e-06,13,13,0.001004,0.001120,8.8636e-01
dev-long-03,993,2532,1.383922e-03,2532,2532,0.025258,0.019875,1.2584e+00
dev-long-03,994,599,5.061628e-03,599,599,0.215656,0.208864,9.2996e-01
dev-long-03,995,978,2.332602e-02,978,2582,0.637037,0.852487,1.0256e+00
dev-long-03,996,1330,3.300378e-02,1330,1330,0.499555,0.321988,9.5152e-01
dev-long-03,997,198,2.044596e-06,198,198,0.000102,0.000090,8.0091e-01
dev-long-03,998,62907,3.798960e-03,62907,62907,0.118867,0.122193,7.1482e-01
dev-long-03,999,11968,3.053356e-03,11968,11968,0.073998,0.054574,4.7695e-01
dev-long-03,1000,11,5.777185e-03,303,303,4.151281,4.148876,7.2655e-01
dev-long-03,1001,264,1.798343e-03,264,264,0.132699,0.153826,7.4369e-01
dev-long-03,1002,12775,4.578056e-03,21517,21517,4.466498,4.519117,6.4527e-01
dev-long-03,1003,452,8.986936e-06,452,452,0.003779,0.003678,4.7680e-01
dev-long-03,1004,335,3.296902e-03,335,335,0.090590,0.068755,5.5065e-01
dev-long-03,1005,12,1.512658e-04,12,12,0.070819,0.066401,4.7541e-01
dev-long-03,1006,6897,4.885547e-05,6897,6897,0.002988,0.003501,4.9407e-01
dev-long-03,1007,286,7.466111e-06,286,286,0.000102,0.000071,4.7596e-01
dev-long-03,1008,11,3.394564e-05,11,11,0.001685,0.001839,5.9753e-01
dev-long-03,1009,264,3.166004e-04,264,264,0.008728,0.011238,7.1517e-01
dev-long-03,1010,17604,1.886358e-02,63101,63101,5.339715,5.559573,1.0035e+00
dev-long-03,1011,11,2.761485e-05,11,11,0.007614,0.007829,7.2462e-01
dev-long-03,1012,321,2.847549e-04,321,321,0.090854,0.086303,8.9148e-01
dev-long-03,1013,3679,8.108100e-03,3679,3679,1.276833,1.302109,7.6038e-01
dev-long-03,1014,68166,9.876989e-03,68166,68166,1.119563,1.026268,7.4584e-01
dev-long-03,1015,536,7.216953e-09,536,536,0.000001,0.000001,6.8495e-01
dev-long-03,1016,6895,2.876370e-02,198,198,4.060704,4.700840,7.4111e-01
dev-long-03,1017,198,1.491388e-05,198,198,0.000622,0.000499,5.3102e-01
dev-long-03,1018,8823,1.243061e-06,8823,8823,0.000066,0.000062,4.8263e-01
dev-long-03,1019,364,1.210869e-02,539,539,1.954758,1.633437,7.8639e-01
dev-long-03,1020,279,8.876030e-04,279,279,0.012663,0.008553,8.0926e-01
dev-long-03,1021,23708,1.042208e-04,23708,23708,0.002542,0.002961,6.6900e-01
dev-long-03,1022,314,2.611239e-05,314,314,0.000223,0.000333,9.3895e-01
dev-long-03,1023,411,1.107167e-02,411,411,0.181434,0.176195,1.2103e+00
dev-corpus-00,1024,27097,1.415959e-04,314,314,10.633478,10.669353,1.6176e-01
dev-corpus-00,1025,6565,7.327264e-04,6565,6565,1.258599,1.227405,2.0345e-01
dev-corpus-00,1026,318,5.061205e-04,283,283,2.255041,2.243537,2.3338e-01
dev-corpus-00,1027,48759,2.358116e-04,16,16,15.663261,15.696515,1.3563e-01
dev-corpus-00,1028,1116,2.163317e-04,11,11,3.953652,3.938000,1.7254e-01
dev-corpus-00,1029,18217,1.085381e-04,18217,18217,0.818224,0.811947,1.3740e-01
dev-corpus-00,1030,847,3.009452e-04,847,847,0.229513,0.219378,1.8503e-01
dev-corpus-00,1031,283,9.570859e-05,283,283,0.251041,0.250470,2.4446e-01
dev-corpus-00,1032,30858,5.979477e-05,198,198,11.149439,11.165033,2.1055e-01
dev-corpus-00,1033,18097,4.731491e-04,410,410,4.863827,4.863412,1.5941e-01
dev-corpus-00,1034,27097,9.539542e-06,27097,27097,0.039916,0.040033,1.3076e-01
dev-corpus-00,1035,6565,1.128848e-05,6565,6565,0.009820,0.010201,2.1653e-01
dev-corpus-00,1036,318,2.831865e-04,318,318,0.968546,0.986491,1.7991e-01
dev-corpus-00,1037,35067,2.483981e-04,48759,48759,4.721458,4.775748,1.9587e-01
dev-corpus-00,1038,535,9.379285e-04,25,25,1.212780,1.179646,2.8241e-01
dev-corpus-00,1039,220765,3.327104e-04,220765,220765,0.749927,0.766807,1.5735e-01
dev-corpus-00,1040,240771,4.520749e-04,240771,240771,0.207832,0.199578,2.2842e-01
dev-corpus-00,1041,847,5.799375e-04,847,847,1.478434,1.485997,2.1588e-01
dev-corpus-00,1042,369,2.935977e-04,369,369,0.487024,0.497731,2.1408e-01
dev-corpus-00,1043,264,1.641254e-05,264,264,0.318747,0.316312,1.4722e-01
dev-corpus-00,1044,91424,2.516186e-04,37967,37967,5.970554,5.958135,1.6719e-01
dev-corpus-00,1045,375,1.045508e-05,375,375,0.003325,0.003520,2.1658e-01
dev-corpus-00,1046,91589,3.545471e-04,12963,12963,0.834050,0.840851,1.3544e-01
dev-corpus-00,1047,7172,4.807150e-04,7172,7172,0.905654,0.940659,1.4216e-01
dev-corpus-00,1048,506,1.051092e-05,303,303,1.734857,1.733675,1.6084e-01
dev-corpus-00,1049,220,5.010735e-05,220,220,0.066713,0.068484,1.3992e-01
dev-corpus-00,1050,16,1.479002e-05,16,16,1.093737,1.100491,1.0892e-01
dev-corpus-00,1051,16,5.897221e-06,15,15,2.060900,2.059968,1.7283e-01
dev-corpus-00,1052,22,6.264616e-05,15,15,3.035061,3.025625,1.1823e-01
dev-corpus-00,1053,20,1.822233e-04,15,15,1.564787,1.574209,1.3766e-01
dev-corpus-00,1054,6127,8.698688e-04,457,457,4.046355,4.042632,1.6806e-01
dev-corpus-00,1055,220,3.193596e-04,220,220,0.197987,0.190051,2.1412e-01
dev-corpus-00,1056,17,8.881502e-05,16,16,2.704623,2.745811,1.4124e-01
dev-corpus-00,1057,24,1.009585e-04,15,15,3.482869,3.502214,1.8954e-01
dev-corpus-00,1058,337,7.238184e-06,337,337,0.031888,0.032079,1.3508e-01
dev-corpus-00,1059,16627,3.576230e-04,16627,16627,0.313939,0.304245,1.7966e-01
dev-corpus-00,1060,303,4.791332e-05,303,303,0.417911,0.417883,1.5700e-01
dev-corpus-00,1061,48759,3.480807e-05,48759,48759,0.191008,0.192693,1.4287e-01
dev-corpus-00,1062,1116,1.552763e-04,11,11,1.296336,1.270223,1.2724e-01
dev-corpus-00,1063,18217,1.302266e-05,18217,18217,0.023197,0.023117,1.6114e-01
dev-corpus-00,1064,641,7.301596e-05,641,641,0.339990,0.345766,1.4733e-01
dev-corpus-00,1065,75053,3.053077e-04,198,198,4.125095,4.112586,1.7811e-01
dev-corpus-00,1066,303,5.181680e-05,303,303,0.058961,0.058571,1.8070e-01
dev-corpus-00,1067,279,8.672022e-05,220,220,4.276242,4.276728,1.7358e-01
dev-corpus-00,1068,3988,2.410938e-04,220,220,1.559120,1.574879,2.0919e-01
dev-corpus-00,1069,220,3.446756e-05,220,220,0.065017,0.064864,1.5893e-01
dev-corpus-00,1070,16,8.171049e-06,16,16,0.065058,0.065550,3.3431e-01
dev-corpus-00,1071,24,1.221454e-05,24,24,0.021830,0.022555,2.4216e-01
dev-corpus-00,1072,18,6.657390e-04,22,22,3.024744,2.969002,1.3036e-01
dev-corpus-00,1073,15,9.135547e-07,15,15,0.001380,0.001372,2.1100e-01
dev-corpus-00,1074,82,1.576559e-05,82,82,0.041964,0.042556,1.7494e-01
dev-corpus-00,1075,430,3.834260e-05,1116,1116,2.340726,2.352227,1.6183e-01
dev-corpus-00,1076,264,6.833248e-04,264,264,0.721968,0.738115,2.3186e-01
dev-corpus-00,1077,28026,2.971894e-04,28026,28026,1.016208,1.032861,1.8117e-01
dev-corpus-00,1078,56557,1.884346e-04,91589,91589,1.309018,1.290043,1.6592e-01
dev-corpus-00,1079,1116,1.197206e-04,1116,1116,0.155213,0.159693,2.1019e-01
dev-corpus-00,1080,27097,1.402472e-04,424,424,5.798422,5.796565,1.2998e-01
dev-corpus-00,1081,6565,7.108171e-06,6565,6565,0.004451,0.004612,2.2037e-01
dev-corpus-00,1082,557,2.785090e-04,5924,5924,2.097141,2.126006,1.7269e-01
dev-corpus-00,1083,364,1.046700e-03,279,279,6.414278,6.425424,1.6614e-01
dev-corpus-00,1084,1599,4.513591e-05,1599,1599,0.584837,0.582933,1.6918e-01
dev-corpus-00,1085,10476,1.414541e-05,1578,1578,2.793328,2.811975,1.9118e-01
dev-corpus-00,1086,279,1.182855e-04,279,279,0.542713,0.540318,2.0262e-01
dev-corpus-00,1087,1132,2.076775e-04,1132,1132,0.397981,0.395090,1.4319e-01
dev-corpus-00,1088,91589,6.987083e-05,91589,91589,0.555212,0.550399,1.4145e-01
dev-corpus-00,1089,303,6.408920e-05,303,303,0.120724,0.117750,1.6627e-01
dev-corpus-00,1090,48759,1.354643e-04,279,279,0.939369,0.954826,1.3758e-01
dev-corpus-00,1091,641,7.470925e-05,641,641,0.467519,0.466603,1.5449e-01
dev-corpus-00,1092,695,2.510389e-04,198,198,1.993604,1.995390,1.9104e-01
dev-corpus-00,1093,561,8.475324e-04,410,410,3.574234,3.585251,2.6059e-01
dev-corpus-00,1094,56557,2.644096e-04,56557,56557,1.212712,1.205097,1.2112e-01
dev-corpus-00,1095,14661,3.198507e-04,557,557,6.312188,6.351163,1.4634e-01
dev-corpus-00,1096,79148,1.761197e-04,2197,2197,1.994201,1.984689,1.2828e-01
dev-corpus-00,1097,6248,1.505933e-07,6248,6248,0.000171,0.000175,2.4995e-01
dev-corpus-00,1098,303,2.893091e-05,303,303,0.559217,0.555938,1.4843e-01
dev-corpus-00,1099,264,9.232553e-05,264,264,0.867687,0.857354,1.4204e-01
dev-corpus-00,1100,15625,2.677254e-04,47224,47224,4.035614,4.056549,1.4353e-01
dev-corpus-00,1101,3626,4.674323e-04,18694,18694,2.859022,2.894599,1.3124e-01
dev-corpus-00,1102,383,1.437527e-04,506,506,1.739698,1.726786,1.5947e-01
dev-corpus-00,1103,4171,2.678044e-04,6127,6127,2.222744,2.226043,1.4114e-01
dev-corpus-00,1104,93154,8.306379e-04,220,220,4.762090,4.739823,1.7963e-01
dev-corpus-00,1105,6476,4.512188e-04,16627,16627,0.822982,0.850837,1.7335e-01
dev-corpus-00,1106,641,5.768631e-05,641,641,1.033961,1.034645,1.4862e-01
dev-corpus-00,1107,1049,1.001961e-04,733,733,3.402971,3.393860,1.3443e-01
dev-corpus-00,1108,19729,4.003705e-04,7481,7481,6.080904,6.101162,1.4213e-01
dev-corpus-00,1109,1141,1.455972e-04,1141,1141,0.655389,0.664125,1.7353e-01
dev-corpus-00,1110,1118,3.258655e-04,1118,1118,0.267598,0.280385,1.5528e-01
dev-corpus-00,1111,4599,2.437064e-04,91589,91589,1.896050,1.882441,1.3871e-01
dev-corpus-00,1112,383,2.644254e-05,303,303,1.439582,1.442286,1.5768e-01
dev-corpus-00,1113,22359,3.097934e-04,6127,6127,7.918136,7.907432,1.5031e-01
dev-corpus-00,1114,6476,1.044086e-04,16627,16627,1.947564,1.920434,1.7773e-01
dev-corpus-00,1115,303,1.689928e-04,303,303,0.240187,0.232081,1.4139e-01
dev-corpus-00,1116,220,2.327158e-05,220,220,0.115512,0.113759,1.3464e-01
dev-corpus-00,1117,16,1.386043e-07,16,16,0.000825,0.000825,7.9816e-02
dev-corpus-00,1118,24,1.427815e-06,24,24,0.001334,0.001316,3.1432e-01
dev-corpus-00,1119,20,2.328841e-04,18,18,1.326131,1.310164,2.2583e-01
dev-corpus-00,1120,17,1.381976e-05,17,17,2.099123,2.097987,7.6717e-02
dev-corpus-00,1121,1116,1.820605e-04,641,641,1.287065,1.277701,1.5148e-01
dev-corpus-00,1122,321,3.530985e-04,321,321,0.855252,0.869492,1.2593e-01
dev-corpus-00,1123,23598,2.532887e-04,7481,7481,6.855790,6.852308,1.2383e-01
dev-corpus-00,1124,1141,7.800831e-04,264,264,1.367494,1.422879,1.7472e-01
dev-corpus-00,1125,1428,6.996700e-05,1428,1428,0.330197,0.331782,1.6136e-01
dev-corpus-00,1126,10824,4.552037e-04,4599,4599,14.253762,14.298881,1.4294e-01
dev-corpus-00,1127,1425,4.997000e-07,1425,1425,0.000258,0.000248,2.1238e-01
dev-corpus-00,1128,554,3.396890e-04,471,471,9.804579,9.805763,1.5476e-01
dev-corpus-00,1129,12,9.459008e-04,471,471,4.138011,4.100639,2.0102e-01
dev-corpus-00,1130,31,9.459680e-05,11896,11896,15.032793,15.013686,1.4121e-01
dev-corpus-00,1131,47072,8.978307e-04,22196,22196,5.264911,5.195933,1.8223e-01
dev-corpus-00,1132,12420,2.214887e-04,4599,4599,6.039363,6.058612,1.6747e-01
dev-corpus-00,1133,303,4.097741e-04,383,383,1.104473,1.104506,1.6330e-01
dev-corpus-00,1134,220,2.196683e-04,220,220,0.131667,0.124744,1.5527e-01
dev-corpus-00,1135,17,5.804390e-05,16,16,1.163577,1.147879,1.3709e-01
dev-corpus-00,1136,15,5.039033e-06,15,15,0.000531,0.000481,5.7203e-01
dev-corpus-00,1137,15,1.557551e-05,15,15,0.117285,0.119236,1.3288e-01
dev-corpus-00,1138,23,1.043105e-05,19,19,2.441758,2.434167,1.0647e-01
dev-corpus-00,1139,641,6.686100e-05,641,641,0.166968,0.169086,1.9213e-01
dev-corpus-00,1140,695,3.566992e-04,695,695,1.180454,1.210289,1.4791e-01
dev-corpus-00,1141,733,8.054230e-04,18097,18097,3.020656,3.022728,1.6120e-01
dev-corpus-00,1142,279,5.800049e-05,220,220,2.228875,2.247194,1.2446e-01
dev-corpus-00,1143,3988,2.143492e-04,220,220,1.827715,1.813523,1.4968e-01
dev-corpus-00,1144,220,2.935771e-04,220,220,0.088325,0.082183,1.6115e-01
dev-corpus-00,1145,16,7.661724e-05,16,16,0.437080,0.445755,4.2319e-01
dev-corpus-00,1146,24,2.158837e-06,24,24,0.001304,0.001289,3.4842e-01
dev-corpus-00,1147,24,1.840866e-02,24,24,0.886570,1.099563,2.2182e+00
dev-corpus-00,1148,15,3.832026e-06,15,15,0.000738,0.000784,4.1548e-01
dev-corpus-00,1149,82,8.935469e-06,82,82,0.004194,0.003936,2.3041e-01
dev-corpus-00,1150,11712,6.095409e-05,1116,1116,13.996729,14.090139,1.9709e-01
dev-corpus-00,1151,1881,3.480472e-04,48281,48281,1.841640,1.817535,1.2876e-01
dev-corpus-00,1152,35689,2.330790e-04,279,279,7.844762,7.907447,1.7638e-01
dev-corpus-00,1153,321,4.283145e-04,321,321,0.919514,0.909614,1.5578e-01
dev-corpus-00,1154,8343,3.896637e-04,8343,8343,0.518808,0.502438,1.4211e-01
dev-corpus-00,1155,3492,2.420949e-04,375,375,2.484288,2.461533,1.6404e-01
dev-corpus-00,1156,5879,1.042030e-04,314,314,1.566971,1.552746,1.4766e-01
dev-corpus-00,1157,310,2.957010e-05,310,310,0.095237,0.096805,1.7703e-01
dev-corpus-00,1158,279,9.597547e-05,279,279,0.796357,0.790811,1.4560e-01
dev-corpus-00,1159,14827,3.785090e-04,17465,17465,7.670278,7.643771,1.6433e-01
dev-corpus-00,1160,9101,5.016863e-04,28115,28115,1.834467,1.806822,2.2806e-01
dev-corpus-00,1161,27097,1.420117e-04,310,310,3.566807,3.557762,1.7019e-01
dev-corpus-00,1162,6565,1.904499e-06,6565,6565,0.001802,0.001789,2.1777e-01
dev-corpus-00,1163,1116,5.213789e-05,310,310,3.510426,3.530011,1.5489e-01
dev-corpus-00,1164,321,2.218483e-04,321,321,1.396703,1.385825,1.4814e-01
dev-corpus-00,1165,28115,1.936709e-04,28115,28115,1.287423,1.296876,1.4467e-01
dev-corpus-00,1166,279,2.865509e-04,279,279,1.474518,1.474981,1.3865e-01
dev-corpus-00,1167,43666,7.728113e-04,43666,43666,1.540497,1.503672,1.5477e-01
dev-corpus-00,1168,7034,2.619880e-04,56557,56557,3.381264,3.383670,1.7554e-01
dev-corpus-00,1169,92482,1.659612e-06,92482,92482,0.004598,0.004486,1.6051e-01
dev-corpus-00,1170,15885,4.122305e-04,314,314,4.330249,4.300366,1.7371e-01
dev-corpus-00,1171,165644,4.226396e-04,180132,180132,2.558910,2.492728,2.3482e-01
dev-corpus-00,1172,69506,1.067787e-03,1369,1369,4.382167,4.350528,2.2867e-01
dev-corpus-00,1173,641,5.276778e-05,641,641,0.462113,0.458755,1.4292e-01
dev-corpus-00,1174,27097,2.322004e-04,695,695,4.376895,4.342934,2.0663e-01
dev-corpus-00,1175,6565,1.693582e-06,6565,6565,0.002636,0.002616,3.5953e-01
dev-corpus-00,1176,3571,1.979465e-03,682,682,7.168976,7.191555,3.0975e-01
dev-corpus-00,1177,1172,2.649548e-03,310,310,1.077845,1.176506,3.1998e-01
dev-corpus-00,1178,3250,1.548288e-04,279,279,5.167148,5.154851,1.7619e-01
dev-corpus-00,1179,494,3.480629e-05,494,494,1.047740,1.049232,1.6754e-01
dev-corpus-00,1180,33921,3.183022e-04,279,279,4.448420,4.406473,1.8022e-01
dev-corpus-00,1181,554,4.625716e-04,10923,10923,9.911109,9.848941,1.8745e-01
dev-corpus-00,1182,12,4.467273e-04,12,12,0.161298,0.169825,2.3117e-01
dev-corpus-00,1183,31,7.915651e-05,31,31,0.105325,0.102971,2.0533e-01
dev-corpus-00,1184,30393,1.048098e-03,30393,30393,1.517392,1.532917,2.4102e-01
dev-corpus-00,1185,3492,3.352602e-04,5038,5038,4.652551,4.633488,1.6742e-01
dev-corpus-00,1186,314,4.516328e-05,314,314,0.261021,0.257353,1.5635e-01
dev-corpus-00,1187,279,8.684500e-04,279,279,0.267751,0.253207,2.8511e-01
dev-corpus-00,1188,175056,8.417294e-04,31310,31310,9.447928,9.453954,1.9993e-01
dev-corpus-00,1189,6735,1.583334e-03,163514,163514,2.433934,2.418261,2.3093e-01
dev-corpus-00,1190,10598,6.647774e-04,1116,1116,11.053214,11.051888,2.6319e-01
dev-corpus-00,1191,1116,3.683306e-04,303,303,2.274024,2.324767,2.1550e-01
dev-corpus-00,1192,303,2.836082e-04,303,303,1.195225,1.165756,1.3177e-01
dev-corpus-00,1193,220,1.286836e-05,220,220,0.137177,0.137072,1.4796e-01
dev-corpus-00,1194,16,6.359675e-05,16,16,0.110800,0.106988,1.1725e-01
dev-corpus-00,1195,24,1.310685e-06,24,24,0.001781,0.001804,6.2173e-01
dev-corpus-00,1196,24,1.515040e-03,24,24,0.256701,0.229185,1.7542e-01
dev-corpus-00,1197,19,5.972988e-04,17,17,2.005355,2.011275,9.6287e-02
dev-corpus-00,1198,321,1.559739e-05,321,321,0.051258,0.051902,1.6255e-01
dev-corpus-00,1199,1495,2.194038e-05,220,220,3.146523,3.120453,1.3740e-01
dev-corpus-00,1200,303,2.500489e-05,303,303,0.043363,0.044402,1.2929e-01
dev-corpus-00,1201,220,1.202833e-04,220,220,0.045688,0.044664,8.2260e-01
dev-corpus-00,1202,17,3.215208e-04,16,16,0.783173,0.765461,4.5869e-01
dev-corpus-00,1203,15,5.433618e-05,15,15,0.003027,0.002886,4.5526e-01
dev-corpus-00,1204,15,3.024123e-05,15,15,0.104236,0.105719,2.7495e-01
dev-corpus-00,1205,17,3.850390e-05,15,15,2.080562,2.071852,1.3568e-01
dev-corpus-00,1206,641,3.470764e-05,641,641,0.173696,0.174552,2.4450e-01
dev-corpus-00,1207,733,2.490094e-04,695,695,2.316331,2.309655,2.0735e-01
dev-corpus-00,1208,2107,1.055081e-04,220,220,2.497551,2.485050,1.6628e-01
dev-corpus-00,1209,4886,2.690728e-05,4886,4886,0.559852,0.556914,2.6107e-01
dev-corpus-00,1210,279,6.023165e-04,279,279,1.108865,1.134422,2.3169e-01
dev-corpus-00,1211,63140,3.798050e-04,56557,56557,4.659445,4.714351,2.2239e-01
dev-corpus-00,1212,998,4.152630e-04,998,998,0.303843,0.314275,1.7165e-01
dev-corpus-00,1213,10255,6.520325e-04,12158,12158,4.437975,4.382170,1.7253e-01
dev-corpus-00,1214,321,3.052223e-04,321,321,0.810911,0.795514,2.3899e-01
dev-corpus-00,1215,22368,5.795898e-04,12158,12158,1.859044,1.867296,1.5353e-01
dev-corpus-00,1216,641,4.957367e-04,641,641,0.468882,0.446970,1.6689e-01
dev-corpus-00,1217,695,5.174866e-04,695,695,0.608393,0.632363,2.3998e-01
dev-corpus-00,1218,8049,3.890898e-04,18097,18097,9.871331,9.967723,1.8385e-01
dev-corpus-00,1219,998,9.027311e-05,513,513,4.324638,4.358312,1.5510e-01
dev-corpus-00,1220,10641,3.210070e-04,5467,5467,13.931217,13.902955,1.5091e-01
dev-corpus-00,1221,554,5.081581e-04,5879,5879,1.189728,1.206081,2.2223e-01
dev-corpus-00,1222,12,3.416658e-06,12,12,0.020991,0.021048,2.3986e-01
dev-corpus-00,1223,31,1.026932e-03,554,554,0.944953,0.893837,2.8717e-01
dev-corpus-00,1224,5879,2.887130e-05,5879,5879,0.011547,0.011043,2.6531e-01
dev-corpus-00,1225,364,2.296363e-04,2980,2980,2.327857,2.359104,1.6152e-01
dev-corpus-00,1226,10476,3.235219e-04,1599,1599,2.350204,2.337688,1.8940e-01
dev-corpus-00,1227,641,1.919989e-04,1116,1116,1.748756,1.722435,1.5007e-01
dev-corpus-00,1228,34503,2.411576e-04,733,733,12.184337,12.164836,1.5382e-01
dev-corpus-00,1229,48411,7.654266e-04,604,604,8.806782,8.801028,2.2916e-01
dev-corpus-00,1230,557,2.826668e-04,557,557,1.418979,1.427693,1.6186e-01
dev-corpus-00,1231,20789,1.715593e-04,279,279,2.778377,2.791333,1.3727e-01
dev-corpus-00,1232,430,3.493078e-05,430,430,0.333258,0.332640,1.5644e-01
dev-corpus-00,1233,279,2.407401e-04,279,279,0.712509,0.721845,1.6479e-01
dev-corpus-00,1234,56557,1.596378e-04,1118,1118,1.935840,1.902638,1.5901e-01
dev-corpus-00,1235,359,3.187902e-04,359,359,0.258392,0.246116,1.3006e-01
dev-corpus-00,1236,82,4.457947e-06,82,82,0.016940,0.016612,1.8643e-01
dev-corpus-00,1237,1118,5.277782e-05,1118,1118,0.128771,0.130125,1.5600e-01
dev-corpus-00,1238,29575,1.684972e-04,29575,29575,1.336814,1.318071,1.7178e-01
dev-corpus-00,1239,7964,9.330809e-06,7964,7964,0.006049,0.005726,2.3375e-01
dev-corpus-00,1240,303,1.403018e-05,303,303,0.068799,0.068664,1.7421e-01
dev-corpus-00,1241,220,2.417423e-05,220,220,0.061117,0.060465,1.5192e-01
dev-corpus-00,1242,16,3.093654e-05,16,16,0.378447,0.383805,9.8401e-02
dev-corpus-00,1243,24,6.264771e-06,24,24,0.002605,0.002783,3.3596e-01
dev-corpus-00,1244,20,1.785189e-04,24,24,3.002422,2.972012,9.9892e-02
dev-corpus-00,1245,24,2.432408e-05,23,23,2.100826,2.100497,9.4312e-02
dev-corpus-00,1246,1116,3.649621e-05,641,641,1.233220,1.238332,1.5782e-01
dev-corpus-00,1247,694,1.779441e-04,321,321,2.484587,2.475691,1.6086e-01
dev-corpus-00,1248,2047,7.420804e-04,551,551,3.095036,3.001265,1.9032e-01
dev-corpus-00,1249,303,9.053887e-05,303,303,0.783892,0.791901,1.8211e-01
dev-corpus-00,1250,220,3.208357e-05,220,220,0.047387,0.047581,1.9585e-01
dev-corpus-00,1251,16,1.149510e-04,16,16,0.022163,0.024499,1.3800e-01
dev-corpus-00,1252,24,5.761971e-07,24,24,0.000329,0.000346,3.4222e-01
dev-corpus-00,1253,21,5.553457e-05,21,21,0.377004,0.374047,1.8104e-01
dev-corpus-00,1254,16,5.147105e-06,17,17,2.010447,2.009494,1.1626e-01
dev-corpus-00,1255,641,9.730882e-05,641,641,1.003481,1.012212,1.2967e-01
dev-corpus-00,1256,4486,2.333505e-04,561,561,4.696936,4.712536,1.4007e-01
dev-corpus-00,1257,264,3.578660e-04,264,264,1.264260,1.274911,1.5889e-01
dev-corpus-00,1258,12558,2.438401e-04,4031,4031,3.473333,3.475742,1.2378e-01
dev-corpus-00,1259,314,8.422118e-05,314,314,0.410325,0.416420,1.5493e-01
dev-corpus-00,1260,1330,3.035100e-04,3679,3679,2.747979,2.721162,1.2308e-01
dev-corpus-00,1261,1578,6.023008e-04,1578,1578,0.321044,0.300950,1.8679e-01
dev-corpus-00,1262,1116,1.411846e-04,1116,1116,0.259024,0.254504,1.5501e-01
dev-corpus-00,1263,11537,3.196428e-04,68466,68466,6.150422,6.139243,1.1607e-01
dev-corpus-00,1264,4044,2.973323e-04,469,469,6.368466,6.354657,1.4220e-01
dev-corpus-00,1265,316,3.059424e-04,6913,6913,4.819945,4.864740,1.6212e-01
dev-corpus-00,1266,429,1.063216e-04,812,812,4.678563,4.654237,1.7190e-01
dev-corpus-00,1267,5924,7.893995e-05,557,557,1.672299,1.661350,2.3792e-01
dev-corpus-00,1268,29575,3.277984e-04,279,279,2.261147,2.251020,1.6306e-01
dev-corpus-00,1269,7964,2.943304e-07,7964,7964,0.000459,0.000452,2.1948e-01
dev-corpus-00,1270,303,8.419346e-05,303,303,0.636007,0.633351,1.7063e-01
dev-corpus-00,1271,220,6.467244e-06,220,220,0.014817,0.014901,1.6151e-01
dev-corpus-00,1272,16,4.285023e-08,16,16,0.000303,0.000307,1.4175e-01
dev-corpus-00,1273,24,1.721520e-05,24,24,0.000934,0.001104,7.4232e-01
dev-corpus-00,1274,21,4.990726e-06,21,21,0.006571,0.006325,1.4479e-01
dev-corpus-00,1275,18,4.878524e-05,18,18,0.140527,0.144023,1.2509e-01
dev-corpus-00,1276,1116,6.515438e-05,641,641,1.101975,1.100758,1.6029e-01
dev-corpus-00,1277,321,1.553513e-04,321,321,0.500914,0.493162,1.4357e-01
dev-corpus-00,1278,9919,5.053087e-04,9919,9919,1.256200,1.294833,1.4796e-01
dev-corpus-00,1279,2980,2.308527e-04,2980,2980,0.447901,0.445793,1.4236e-01
dev-corpus-00,1280,780,7.711674e-05,220,220,1.599674,1.576851,2.0236e-01
dev-corpus-00,1281,4397,4.941085e-05,4397,4397,0.526358,0.520686,1.4273e-01
dev-corpus-00,1282,303,2.545100e-05,303,303,0.026208,0.026249,1.4208e-01
dev-corpus-00,1283,220,1.734242e-05,220,220,0.014099,0.013856,1.7581e-01
dev-corpus-00,1284,16,2.787228e-05,16,16,0.309125,0.313629,1.0587e-01
dev-corpus-00,1285,24,9.270268e-07,24,24,0.000391,0.000415,5.2566e-01
dev-corpus-00,1286,22,8.743378e-06,24,24,1.577792,1.583425,6.5223e-02
dev-corpus-00,1287,21,1.008259e-05,23,23,2.245050,2.240615,1.0407e-01
dev-corpus-00,1288,641,2.465953e-05,641,641,0.037299,0.038241,1.8992e-01
dev-corpus-00,1289,1216,2.701681e-04,695,695,3.303110,3.284928,1.8992e-01
dev-corpus-00,1290,557,7.272375e-05,557,557,0.109406,0.112521,1.5232e-01
dev-corpus-00,1291,7854,8.598922e-05,24526,24526,1.352207,1.369231,1.4563e-01
dev-corpus-00,1292,539,7.770077e-05,539,539,0.100884,0.097369,2.0623e-01
dev-corpus-00,1293,2921,2.087661e-04,68466,68466,6.438354,6.412576,9.6437e-02
dev-corpus-00,1294,2176,2.283289e-05,2176,2176,0.262873,0.264843,1.4159e-01
dev-corpus-00,1295,29878,9.110782e-05,710,710,8.982143,8.974588,1.0250e-01
dev-corpus-00,1296,7480,5.169156e-04,3327,3327,3.736694,3.751796,1.7237e-01
dev-corpus-00,1297,1116,2.610717e-04,1116,1116,0.678726,0.689604,2.0669e-01
dev-corpus-00,1298,852,8.167279e-05,852,852,0.130116,0.127205,1.8607e-01
dev-corpus-00,1299,9919,1.212106e-04,9919,9919,0.521854,0.525635,1.2439e-01
dev-corpus-00,1300,494,2.841719e-04,2980,2980,1.661509,1.670139,1.4643e-01
dev-corpus-00,1301,220,5.288304e-06,220,220,0.002849,0.002951,1.9338e-01
dev-corpus-00,1302,16,6.094412e-07,16,16,0.000703,0.000732,1.0663e-01
dev-corpus-00,1303,24,2.986489e-05,24,24,0.002365,0.002750,2.7725e-01
dev-corpus-00,1304,22,4.331507e-05,22,22,0.112105,0.115198,1.1285e-01
dev-corpus-00,1305,22,3.275494e-05,22,22,0.879507,0.877464,8.9563e-02
dev-corpus-00,1306,310,3.392222e-05,310,310,0.558340,0.552504,1.3399e-01
dev-corpus-00,1307,220,1.047052e-05,220,220,0.008727,0.008404,1.3997e-01
dev-corpus-00,1308,16,1.290839e-06,16,16,0.187588,0.186992,3.2282e-01
dev-corpus-00,1309,24,4.711237e-06,24,24,0.000641,0.000657,1.3867e+00
dev-corpus-00,1310,24,1.770436e-05,23,23,0.973538,0.979194,8.2941e-02
dev-corpus-00,1311,19,5.199358e-06,15,15,2.308081,2.310178,1.0391e-01
dev-corpus-00,1312,1116,5.587604e-05,641,641,1.780960,1.760685,2.1373e-01
dev-corpus-00,1313,321,2.329890e-04,321,321,0.688809,0.685231,3.2852e-01
dev-corpus-00,1314,29878,3.948915e-04,1179,1179,12.080845,12.085388,1.6747e-01
dev-corpus-00,1315,7480,8.094271e-06,7480,7480,0.005251,0.005456,2.0338e-01
dev-corpus-00,1316,303,5.854179e-04,557,557,3.851360,3.889226,2.2115e-01
dev-corpus-00,1317,2404,7.896105e-05,2404,2404,0.041909,0.040122,1.9765e-01
dev-corpus-00,1318,557,8.818035e-05,557,557,0.147934,0.144229,1.5678e-01
dev-corpus-00,1319,24526,4.973292e-05,24526,24526,0.542382,0.548853,1.4471e-01
dev-corpus-00,1320,539,1.108346e-04,539,539,0.088942,0.092123,1.9666e-01
dev-corpus-00,1321,783,1.414700e-04,68466,68466,5.578560,5.588106,1.1116e-01
dev-corpus-00,1322,10720,6.190616e-04,10720,10720,1.648677,1.690777,1.2927e-01
dev-corpus-00,1323,189439,4.270564e-04,329,329,1.001747,0.969893,1.4892e-01
dev-corpus-00,1324,462,7.335440e-04,318,318,4.120135,4.124334,1.7661e-01
dev-corpus-00,1325,23577,5.047143e-04,53141,53141,8.245008,8.216813,1.4978e-01
dev-corpus-00,1326,2751,2.747497e-05,2751,2751,0.021322,0.020987,1.9020e-01
dev-corpus-00,1327,554,2.378763e-04,303,303,9.458531,9.451276,1.4556e-01
dev-corpus-00,1328,12,6.422690e-05,12,12,0.062631,0.063307,2.0145e-01
dev-corpus-00,1329,31,4.183203e-04,31,31,0.505911,0.521278,1.6302e-01
dev-corpus-00,1330,52824,3.975435e-04,462,462,11.343031,11.322698,1.4065e-01
dev-corpus-00,1331,258,5.984961e-04,258,258,0.614332,0.603780,2.4908e-01
dev-corpus-00,1332,641,1.218737e-04,303,303,1.457794,1.455415,1.5727e-01
dev-corpus-00,1333,65154,4.211816e-04,695,695,10.595205,10.626995,1.5849e-01
dev-corpus-00,1334,20425,3.964859e-04,436,436,5.718699,5.734935,1.3790e-01
dev-corpus-00,1335,10542,1.106551e-04,557,557,3.455529,3.426984,1.5851e-01
dev-corpus-00,1336,462,2.370715e-04,279,279,7.494828,7.490913,1.3468e-01
dev-corpus-00,1337,23577,7.565156e-06,23577,23577,0.001112,0.000993,1.6536e-01
dev-corpus-00,1338,2751,1.753359e-06,2751,2751,0.009520,0.009590,2.8627e-01
dev-corpus-00,1339,554,1.849313e-04,554,554,0.298392,0.302609,1.9943e-01
dev-corpus-00,1340,12,1.177936e-05,12,12,0.005433,0.005787,2.5640e-01
dev-corpus-00,1341,31,9.040261e-05,31,31,0.027129,0.027942,3.9380e-01
dev-corpus-00,1342,52824,6.627214e-05,52824,52824,0.059228,0.057348,1.8980e-01
dev-corpus-00,1343,258,3.056489e-06,258,258,0.001181,0.001128,1.8055e-01
dev-corpus-00,1344,430,4.490628e-05,430,430,0.698852,0.703988,1.3135e-01
dev-corpus-00,1345,21270,2.317966e-04,21270,21270,1.746998,1.757870,1.5321e-01
dev-corpus-00,1346,29575,2.746165e-05,29575,29575,0.032893,0.032961,1.7165e-01
dev-corpus-00,1347,7964,9.083720e-07,7964,7964,0.000487,0.000459,1.9044e-01
dev-corpus-00,1348,303,2.181472e-04,303,303,0.103459,0.096997,1.4407e-01
dev-corpus-00,1349,220,1.091735e-05,220,220,0.015149,0.014660,1.4759e-01
dev-corpus-00,1350,17,2.284343e-06,16,16,0.871006,0.873477,1.1963e-01
dev-corpus-00,1351,15,7.738486e-07,15,15,0.000306,0.000306,4.9807e-01
dev-corpus-00,1352,15,5.425642e-07,15,15,0.069831,0.069627,1.2286e-01
dev-corpus-00,1353,18,5.179553e-06,15,15,2.141877,2.138176,9.5796e-02
dev-corpus-00,1354,1116,1.168904e-05,641,641,1.187902,1.186092,1.6573e-01
dev-corpus-00,1355,321,1.501448e-04,321,321,0.200302,0.197726,1.9731e-01
dev-corpus-00,1356,9919,3.808620e-04,557,557,3.437849,3.419596,2.1331e-01
dev-corpus-00,1357,2980,1.350485e-04,2980,2980,0.881740,0.891171,1.5475e-01
dev-corpus-00,1358,220,2.327333e-04,220,220,0.365160,0.353484,2.1741e-01
dev-corpus-00,1359,17,5.087411e-07,17,17,0.001121,0.001097,1.2138e-01
dev-corpus-00,1360,15,1.980919e-05,15,15,0.001966,0.001739,2.2188e-01
dev-corpus-00,1361,16,1.114099e-04,15,15,0.894777,0.912848,8.6407e-02
dev-corpus-00,1362,16,3.351114e-05,15,15,1.378765,1.369643,1.2453e-01
dev-corpus-00,1363,1116,4.529475e-05,641,641,2.260690,2.266216,2.0133e-01
dev-corpus-00,1364,948,1.060852e-04,948,948,0.298918,0.302687,1.4147e-01
dev-corpus-00,1365,551,3.311389e-04,551,551,0.323603,0.330666,1.3756e-01
dev-corpus-00,1366,557,3.863548e-04,557,557,1.125878,1.119017,1.4557e-01
dev-corpus-00,1367,24526,6.942511e-04,24526,24526,0.635145,0.658955,1.5278e-01
dev-corpus-00,1368,539,6.966887e-05,539,539,0.130602,0.126423,1.9654e-01
dev-corpus-00,1369,49929,1.144320e-04,68466,68466,9.280634,9.283186,9.7968e-02
dev-corpus-00,1370,23483,1.320292e-04,710,710,7.489870,7.496102,1.0110e-01
dev-corpus-00,1371,258,4.173460e-04,70,70,3.956873,3.892305,1.4456e-01
dev-corpus-00,1372,641,2.192752e-04,641,641,0.339664,0.333758,1.5140e-01
dev-corpus-00,1373,1577,3.546234e-04,695,695,5.105207,5.074653,1.8129e-01
dev-corpus-00,1374,314,1.331252e-04,314,314,0.092320,0.088264,2.0477e-01
dev-corpus-00,1375,220,1.923107e-05,220,220,0.150118,0.150816,1.6722e-01
dev-corpus-00,1376,17,2.947142e-05,17,17,0.001158,0.001270,3.1809e+00
dev-corpus-00,1377,15,2.029603e-06,15,15,0.000803,0.000824,4.6261e-01
dev-corpus-00,1378,16,1.752716e-05,16,16,0.076833,0.078459,1.4037e-01
dev-corpus-00,1379,19,6.835857e-05,17,17,1.974239,1.972867,1.5625e-01
dev-corpus-00,1380,1116,1.816024e-04,1116,1116,0.343781,0.343472,1.6271e-01
dev-corpus-00,1381,5879,6.664597e-04,462,462,11.937737,11.949001,1.6662e-01
dev-corpus-00,1382,539,4.389262e-04,539,539,0.199913,0.190154,2.0428e-01
dev-corpus-00,1383,462,4.196652e-04,68466,68466,2.616360,2.586810,1.6540e-01
dev-corpus-00,1384,23577,2.514976e-06,23577,23577,0.000500,0.000456,2.3963e-01
dev-corpus-00,1385,2751,2.247625e-06,2751,2751,0.001337,0.001340,3.4689e-01
dev-corpus-00,1386,554,1.971903e-05,554,554,0.018468,0.017987,1.5417e-01
dev-corpus-00,1387,12,1.919177e-06,12,12,0.000405,0.000398,3.4106e-01
dev-corpus-00,1388,31,1.856829e-06,31,31,0.000184,0.000204,4.2958e-01
dev-corpus-00,1389,52824,1.694028e-05,52824,52824,0.008764,0.008316,2.3514e-01
dev-corpus-00,1390,258,1.218801e-06,258,258,0.000839,0.000807,1.7521e-01
dev-corpus-00,1391,321,2.076092e-04,321,321,0.624735,0.641498,2.2172e-01
dev-corpus-00,1392,23483,1.448636e-04,23483,23483,0.250068,0.253497,1.7492e-01
dev-corpus-00,1393,258,3.465998e-07,258,258,0.000264,0.000256,1.5778e-01
dev-corpus-00,1394,1116,6.726214e-05,1116,1116,0.156847,0.158490,1.5723e-01
dev-corpus-00,1395,27097,2.767308e-04,27097,27097,0.804725,0.820651,1.5408e-01
dev-corpus-00,1396,6565,2.787935e-06,6565,6565,0.001399,0.001404,2.8680e-01
dev-corpus-00,1397,995,5.263418e-04,369,369,3.457241,3.412466,2.3613e-01
dev-corpus-00,1398,12805,1.024282e-03,220,220,2.085697,2.084973,2.2115e-01
dev-corpus-00,1399,220,6.221667e-06,220,220,0.018428,0.018632,1.5009e-01
dev-corpus-00,1400,19,2.107608e-05,17,17,2.335065,2.348702,1.1387e-01
dev-corpus-00,1401,15,7.515056e-05,15,15,0.500259,0.493069,1.4466e-01
dev-corpus-00,1402,15,5.712606e-05,15,15,0.125468,0.128342,1.5000e-01
dev-corpus-00,1403,4314,1.312220e-04,3492,3492,4.254732,4.283259,1.5533e-01
dev-corpus-00,1404,27897,1.020095e-04,8259,8259,1.848090,1.875129,1.7962e-01
dev-corpus-00,1405,1116,4.208481e-05,641,641,2.506636,2.520310,1.5852e-01
dev-corpus-00,1406,321,3.217048e-04,321,321,1.183664,1.176045,1.6114e-01
dev-corpus-00,1407,557,2.106888e-04,557,557,1.408835,1.406683,1.4275e-01
dev-corpus-00,1408,279,3.606007e-04,279,279,1.080491,1.079678,1.5876e-01
dev-corpus-00,1409,7526,7.474665e-04,7526,7526,1.009705,1.002186,1.6340e-01
dev-corpus-00,1410,91589,1.651583e-04,91589,91589,0.765743,0.776391,1.7147e-01
dev-corpus-00,1411,303,7.838902e-05,303,303,0.084122,0.084761,1.7946e-01
dev-corpus-00,1412,48759,5.173837e-04,279,279,1.236526,1.203321,1.4545e-01
dev-corpus-00,1413,641,6.683082e-05,641,641,0.213660,0.210228,1.6573e-01
dev-corpus-00,1414,30858,4.860691e-04,695,695,6.291690,6.239204,1.9240e-01
dev-corpus-00,1415,283,8.937017e-04,410,410,5.647828,5.669547,2.9588e-01
dev-corpus-00,1416,283,9.011208e-04,18097,18097,5.842782,5.985535,2.1853e-01
dev-corpus-00,1417,22044,9.071078e-04,18097,18097,8.432963,8.450810,1.9883e-01
dev-corpus-00,1418,3712,1.170770e-04,3712,3712,1.073716,1.080243,1.5941e-01
dev-corpus-00,1419,283,1.399766e-04,283,283,0.457771,0.452654,1.7683e-01
dev-corpus-00,1420,283,2.190586e-03,695,695,1.624408,1.502638,2.1507e-01
dev-corpus-00,1421,30858,2.311878e-04,695,695,3.748767,3.780549,2.2341e-01
dev-corpus-00,1422,14560,7.167035e-04,18097,18097,10.122837,10.102790,1.6112e-01
dev-corpus-00,1423,4947,4.184094e-04,5038,5038,2.839690,2.860592,1.5264e-01
dev-corpus-00,1424,314,7.709890e-05,314,314,0.022668,0.024417,2.4400e-01
dev-corpus-00,1425,5753,3.577598e-04,12963,12963,4.051054,4.048850,1.5786e-01
dev-corpus-00,1426,16489,2.197452e-04,16489,16489,1.131869,1.108822,1.7484e-01
dev-corpus-00,1427,5820,2.822679e-04,5820,5820,1.671739,1.702575,1.3732e-01
dev-corpus-00,1428,50099,9.352275e-05,310,310,1.966583,1.978854,1.3634e-01
dev-corpus-00,1429,303,1.288496e-05,303,303,0.057319,0.057255,1.2678e-01
dev-corpus-00,1430,48759,1.284875e-04,48759,48759,0.529106,0.526749,1.5856e-01
dev-corpus-00,1431,303,5.495474e-05,303,303,0.559586,0.558507,1.3442e-01
dev-corpus-00,1432,279,9.238313e-05,279,279,0.211770,0.218327,1.5279e-01
dev-corpus-00,1433,3200,2.083762e-05,3200,3200,0.904480,0.908510,1.3340e-01
dev-corpus-00,1434,220,4.342508e-05,220,220,0.068870,0.070923,1.1667e-01
dev-corpus-00,1435,16,1.987536e-06,16,16,0.000678,0.000680,4.5731e-01
dev-corpus-00,1436,24,6.532097e-05,24,24,0.680979,0.669788,2.0147e-01
dev-corpus-00,1437,337,6.335998e-05,337,337,0.057495,0.055382,1.8167e-01
dev-corpus-00,1438,9018,9.530901e-06,9018,9018,0.131304,0.132098,1.7176e-01
dev-corpus-00,1439,1116,7.186163e-05,641,641,1.290258,1.301958,2.2612e-01
dev-corpus-00,1440,694,1.694718e-04,321,321,1.582755,1.580136,1.4631e-01
dev-corpus-00,1441,1379,4.012700e-04,279,279,3.391650,3.415535,1.5129e-01
dev-corpus-00,1442,7481,2.165769e-04,314,314,3.706832,3.725485,1.5890e-01
dev-corpus-00,1443,383,2.800864e-04,310,310,2.169875,2.225038,1.3995e-01
dev-corpus-00,1444,641,1.352849e-04,310,310,3.057512,3.071334,2.8576e-01
dev-corpus-00,1445,733,2.336668e-04,561,561,1.909965,1.927020,2.2187e-01
dev-corpus-00,1446,279,3.969914e-05,220,220,0.979666,0.975223,1.6952e-01
dev-corpus-00,1447,3988,8.140460e-05,3988,3988,0.568057,0.574322,1.3217e-01
dev-corpus-00,1448,220,2.759479e-05,220,220,0.026232,0.025187,1.5544e-01
dev-corpus-00,1449,17,5.419920e-06,16,16,0.786296,0.789759,2.0998e-01
dev-corpus-00,1450,15,2.369465e-06,15,15,0.000296,0.000317,5.3596e-01
dev-corpus-00,1451,337,4.258323e-06,337,337,0.002829,0.002806,2.1651e-01
dev-corpus-00,1452,9018,4.017489e-06,9018,9018,0.006743,0.006573,2.1117e-01
dev-corpus-00,1453,279,1.644592e-04,1116,1116,2.183382,2.181797,1.6085e-01
dev-corpus-00,1454,1118,2.734921e-04,12963,12963,3.776303,3.786971,1.4403e-01
dev-corpus-00,1455,17489,4.408245e-04,12963,12963,6.131892,6.195286,1.6700e-01
dev-corpus-00,1456,7277,3.854757e-05,7277,7277,0.039698,0.041192,1.5100e-01
dev-corpus-00,1457,16489,1.220146e-04,12963,12963,1.237917,1.232874,1.4020e-01
dev-corpus-00,1458,21681,1.603684e-04,5820,5820,2.799492,2.793707,1.5507e-01
dev-corpus-00,1459,1017,2.375548e-05,303,303,2.990974,2.989986,1.6724e-01
dev-corpus-00,1460,1116,6.192926e-05,641,641,0.908064,0.901000,2.4612e-01
dev-corpus-00,1461,321,4.946618e-04,321,321,1.222437,1.191921,1.5575e-01
dev-corpus-00,1462,539,2.484701e-04,539,539,1.760174,1.773295,1.5454e-01
dev-corpus-00,1463,279,4.597706e-06,220,220,1.031679,1.030187,1.6656e-01
dev-corpus-00,1464,220,1.079325e-04,220,220,0.604685,0.600984,1.5359e-01
dev-corpus-00,1465,16,2.121109e-07,16,16,0.000936,0.000925,1.5034e-01
dev-corpus-00,1466,24,1.225510e-06,24,24,0.000673,0.000659,3.6801e-01
dev-corpus-00,1467,17,1.128517e-04,18,18,0.766678,0.752242,1.3053e-01
dev-corpus-00,1468,15,8.597017e-07,15,15,0.000921,0.000892,1.3944e-01
dev-corpus-00,1469,82,3.726551e-06,82,82,0.003589,0.003638,1.7733e-01
dev-corpus-00,1470,48759,2.497000e-04,1017,1017,1.773868,1.782458,1.4137e-01
dev-corpus-00,1471,359,4.186148e-05,995,995,1.799858,1.793231,1.5121e-01
dev-corpus-00,1472,82,5.720698e-07,82,82,0.000608,0.000634,1.6031e-01
dev-corpus-00,1473,12963,8.445772e-05,12963,12963,0.216669,0.218994,1.4944e-01
dev-corpus-00,1474,3809,1.018899e-05,6823,6823,1.749810,1.741298,1.5376e-01
dev-corpus-00,1475,5820,1.696717e-04,557,557,3.260050,3.326697,1.7046e-01
dev-corpus-00,1476,22175,4.431658e-04,310,310,7.582545,7.567179,1.2758e-01
dev-corpus-00,1477,22223,4.891340e-04,364,364,10.332348,10.341266,2.4165e-01
dev-corpus-00,1478,893,2.686148e-04,3401,3401,3.400981,3.410372,1.7671e-01
dev-corpus-00,1479,269,9.835030e-06,269,269,0.031064,0.031787,1.7862e-01
dev-corpus-00,1480,6041,2.762624e-06,6041,6041,0.001727,0.001662,2.0815e-01
dev-corpus-00,1481,364,2.738769e-04,303,303,2.269149,2.251847,1.7024e-01
dev-corpus-00,1482,9668,3.515658e-04,4962,279,10.065805,10.086269,1.4167e-01
dev-corpus-00,1483,6394,7.451281e-04,3401,3401,5.032763,5.053078,1.6593e-01
dev-corpus-00,1484,3603,3.335920e-04,3603,3603,0.537823,0.552717,1.9475e-01
dev-corpus-00,1485,321,1.763812e-04,3401,3401,1.993649,1.983983,1.4348e-01
dev-corpus-00,1486,12963,3.778083e-04,12872,12872,4.736456,4.713464,1.6505e-01
dev-corpus-00,1487,12872,4.187942e-04,12872,12872,0.529751,0.551780,1.8100e-01
dev-corpus-00,1488,3401,3.718404e-05,3401,3401,0.058601,0.058852,1.3531e-01
dev-corpus-00,1489,303,4.544345e-04,641,641,2.315135,2.383963,2.5182e-01
dev-corpus-00,1490,7529,2.524977e-04,843,843,6.643139,6.614396,1.4790e-01
dev-corpus-00,1491,359,4.262613e-05,359,359,0.112592,0.111767,1.3227e-01
dev-corpus-00,1492,10105,3.193598e-05,10105,10105,0.080186,0.078448,1.8303e-01
dev-corpus-00,1493,641,2.763442e-05,641,641,0.145685,0.143644,2.5135e-01
dev-corpus-00,1494,21016,3.604115e-04,695,695,8.773572,8.755559,3.5374e-01
dev-corpus-00,1495,1068,2.894634e-04,1068,1068,0.772028,0.792244,1.5108e-01
dev-corpus-00,1496,22904,8.914377e-05,6584,6584,4.579263,4.592824,7.7908e-02
dev-corpus-00,1497,11698,6.695182e-04,380,380,6.955805,7.053933,2.0554e-01
dev-corpus-00,1498,59576,2.213525e-03,74534,74534,2.986496,2.902285,2.9229e-01
dev-corpus-00,1499,13514,2.286886e-04,13514,13514,2.101446,2.117878,1.3499e-01
dev-corpus-00,1500,421,1.573663e-04,421,421,0.428568,0.429604,1.5853e-01
dev-corpus-00,1501,328,3.093386e-04,279,279,2.539518,2.579608,1.5442e-01
dev-corpus-00,1502,498,2.169652e-04,279,279,4.353902,4.354311,1.2497e-01
dev-corpus-00,1503,264,4.206983e-04,585,585,2.343216,2.324615,2.2291e-01
dev-corpus-00,1504,2205,1.805004e-04,2205,2205,0.149147,0.145377,1.7938e-01
dev-corpus-00,1505,281,6.464579e-04,2526,2526,5.361857,5.299791,1.9719e-01
dev-corpus-00,1506,455,2.287762e-04,455,455,0.216436,0.210331,1.6888e-01
dev-corpus-00,1507,462,2.275755e-04,279,279,8.987677,9.011805,1.5173e-01
dev-corpus-00,1508,1544,1.285666e-03,15257,15257,4.943259,4.900302,1.9172e-01
dev-corpus-00,1509,268,1.104669e-03,268,268,0.855087,0.853065,1.8922e-01
dev-corpus-00,1510,12471,2.874348e-04,321,321,5.714857,5.747300,1.8172e-01
dev-corpus-00,1511,59576,1.353035e-04,35191,35191,1.780709,1.785965,1.4151e-01
dev-corpus-00,1512,359,3.046640e-04,321,321,2.116475,2.126034,1.7449e-01
dev-corpus-00,1513,82,3.826351e-05,82,82,0.055691,0.054079,2.1206e-01
dev-corpus-00,1514,4397,2.713636e-04,2902,2902,2.827953,2.820793,1.8692e-01
dev-corpus-00,1515,303,4.172408e-05,303,303,0.189590,0.189178,1.8284e-01
dev-corpus-00,1516,220,9.028255e-05,220,220,0.086138,0.083048,1.4717e-01
dev-corpus-00,1517,16,8.923208e-07,16,16,0.000751,0.000780,1.6212e-01
dev-corpus-00,1518,24,1.146538e-05,24,24,0.002722,0.002943,2.9888e-01
dev-corpus-00,1519,18,1.326756e-04,17,17,0.982477,0.963054,9.8151e-02
dev-corpus-00,1520,18,1.434705e-05,15,15,2.247723,2.257454,1.2182e-01
dev-corpus-00,1521,1116,2.173685e-04,1116,1116,0.298976,0.306926,2.4695e-01
dev-corpus-00,1522,780,3.318750e-04,279,279,2.817463,2.866730,1.7157e-01
dev-corpus-00,1523,2046,2.431874e-04,54897,54897,3.990000,3.968820,1.5265e-01
dev-corpus-00,1524,506,1.069801e-04,5924,5924,2.495322,2.499296,1.6339e-01
dev-corpus-00,1525,220,3.780963e-05,220,220,0.092686,0.093646,1.6364e-01
dev-corpus-00,1526,17,6.167814e-05,16,16,1.820767,1.826863,1.3172e-01
dev-corpus-00,1527,18,1.955314e-04,15,15,2.472419,2.463066,1.3946e-01
dev-corpus-00,1528,16,1.240248e-04,15,15,2.152270,2.148106,1.7665e-01
dev-corpus-00,1529,4171,4.065850e-04,4171,4171,1.485027,1.442909,1.4865e-01
dev-corpus-00,1530,93154,3.907173e-05,93154,93154,0.627268,0.623599,1.6942e-01
dev-corpus-00,1531,6476,8.023590e-05,6476,6476,0.228784,0.234279,1.6630e-01
dev-corpus-00,1532,557,1.818698e-04,5924,5924,1.834517,1.847157,1.6413e-01
dev-corpus-00,1533,1254,4.930726e-04,1429,1429,6.505185,6.531912,1.6055e-01
dev-corpus-00,1534,93145,3.916902e-06,93145,93145,0.040743,0.040838,1.3981e-01
dev-corpus-00,1535,321,9.229411e-05,1083,310,1.341528,1.344729,1.7412e-01
dev-corpus-01,1536,12476,8.788155e-04,4258,4258,2.861742,2.882477,2.3599e-01
dev-corpus-01,1537,318,5.715530e-04,401,401,2.812404,2.794160,1.8817e-01
dev-corpus-01,1538,63724,4.447750e-04,81425,81425,16.040719,16.030572,1.3174e-01
dev-corpus-01,1539,1587,7.227087e-04,847,847,5.267556,5.276221,2.1165e-01
dev-corpus-01,1540,73,8.453514e-04,73,73,2.219860,2.186181,2.1523e-01
dev-corpus-01,1541,6510,8.803134e-06,6510,6510,0.002078,0.002217,2.7847e-01
dev-corpus-01,1542,7766,4.974480e-04,847,847,4.053274,4.009376,1.8222e-01
dev-corpus-01,1543,847,4.695112e-04,8,8,0.946242,0.909337,2.6016e-01
dev-corpus-01,1544,283,1.517980e-04,283,283,0.370296,0.362676,2.5187e-01
dev-corpus-01,1545,30858,4.161902e-03,271,198,12.474908,12.393740,4.6116e-01
dev-corpus-01,1546,16623,2.292289e-03,410,410,7.739409,7.640859,3.2924e-01
dev-corpus-01,1547,12476,5.057567e-05,12476,12476,0.051576,0.052158,1.7795e-01
dev-corpus-01,1548,369,2.381971e-04,369,369,0.788130,0.793710,1.9703e-01
dev-corpus-01,1549,279,8.406807e-05,279,279,0.302558,0.298963,2.0580e-01
dev-corpus-01,1550,270,3.527228e-04,220,220,3.561767,3.586516,1.3504e-01
dev-corpus-01,1551,396,6.366226e-05,396,396,0.019774,0.020938,1.6214e-01
dev-corpus-01,1552,43872,4.352287e-05,43872,43872,0.016925,0.017904,1.9440e-01
dev-corpus-01,1553,14712,6.129689e-05,13626,13626,5.369239,5.377959,1.4773e-01
dev-corpus-01,1554,554,8.754229e-04,42117,42117,14.409299,14.408760,1.6635e-01
dev-corpus-01,1555,12,9.073784e-04,11197,11197,2.845311,2.846343,1.9909e-01
dev-corpus-01,1556,31,1.324717e-03,11197,11197,5.731049,5.795525,3.6854e-01
dev-corpus-01,1557,3992,1.437863e-03,11197,11197,2.051214,1.992346,2.2442e-01
dev-corpus-01,1558,13626,7.473939e-04,13626,13626,0.485951,0.513936,2.1149e-01
dev-corpus-01,1559,7766,1.430842e-05,7766,7766,0.015723,0.016147,1.7283e-01
dev-corpus-01,1560,539,3.146333e-05,539,539,0.191977,0.190402,1.7271e-01
dev-corpus-01,1561,4421,4.920920e-04,4421,4421,1.465992,1.470266,1.4566e-01
dev-corpus-01,1562,36014,1.925598e-06,36014,36014,0.001357,0.001314,1.9341e-01
dev-corpus-01,1563,31218,1.740329e-05,31218,31218,0.009043,0.008550,1.5484e-01
dev-corpus-01,1564,22049,3.310793e-04,22049,22049,0.548685,0.562159,1.7022e-01
dev-corpus-01,1565,554,2.281642e-04,63724,63724,1.096687,1.098465,1.2319e-01
dev-corpus-01,1566,12,4.570322e-04,12,12,0.103250,0.094943,2.4059e-01
dev-corpus-01,1567,31,5.771657e-06,31,31,0.005179,0.005116,2.7792e-01
dev-corpus-01,1568,81735,4.131309e-04,81735,81735,0.506792,0.494532,1.8763e-01
dev-corpus-01,1569,63724,2.125672e-04,63724,63724,0.261431,0.270389,1.6535e-01
dev-corpus-01,1570,1587,3.500803e-06,1587,1587,0.020625,0.020380,1.4611e-01
dev-corpus-01,1571,73,2.191962e-06,73,73,0.002495,0.002449,2.2084e-01
dev-corpus-01,1572,6510,1.876152e-06,6510,6510,0.000881,0.000838,1.9857e-01
dev-corpus-01,1573,1116,4.428427e-05,13,13,2.199262,2.200745,1.6059e-01
dev-corpus-01,1574,5698,4.453635e-05,5698,5698,0.187667,0.187143,1.4316e-01
dev-corpus-01,1575,383,9.490134e-04,383,383,0.749843,0.793849,1.3848e-01
dev-corpus-01,1576,220,1.286449e-04,220,220,1.980297,1.952257,1.6928e-01
dev-corpus-01,1577,17,2.209999e-05,17,17,0.953389,0.952515,1.4670e-01
dev-corpus-01,1578,18,7.910637e-05,15,15,2.517081,2.514534,1.4196e-01
dev-corpus-01,1579,5930,2.474520e-04,6324,6324,2.120371,2.123714,1.3721e-01
dev-corpus-01,1580,220,2.035803e-05,220,220,0.053895,0.052746,1.5096e-01
dev-corpus-01,1581,17,6.415632e-05,17,17,0.108569,0.104812,4.0624e-01
dev-corpus-01,1582,15,1.048367e-05,15,15,0.000922,0.000904,1.1043e+00
dev-corpus-01,1583,16,2.964983e-04,15,15,0.831259,0.858072,3.3163e-01
dev-corpus-01,1584,16,2.177162e-04,19,19,1.922572,1.900236,1.2855e-01
dev-corpus-01,1585,641,2.099038e-04,641,641,1.079512,1.101386,2.1295e-01
dev-corpus-01,1586,93034,1.419458e-03,198,198,9.068496,9.179977,4.2539e-01
dev-corpus-01,1587,303,3.683965e-04,303,303,0.927079,0.904192,1.6703e-01
dev-corpus-01,1588,279,3.679668e-04,220,220,2.662854,2.655595,1.6387e-01
dev-corpus-01,1589,3516,4.017380e-04,3516,3516,1.884723,1.862306,1.7565e-01
dev-corpus-01,1590,4042,2.247826e-05,4042,4042,0.075454,0.074107,1.2288e-01
dev-corpus-01,1591,321,1.519430e-04,321,321,0.966611,0.979569,1.8692e-01
dev-corpus-01,1592,11920,2.784752e-04,17163,17163,2.155333,2.167195,1.1815e-01
dev-corpus-01,1593,1116,6.560224e-05,1116,1116,0.409527,0.405999,2.2265e-01
dev-corpus-01,1594,424,9.026255e-05,279,279,1.375713,1.378407,1.3416e-01
dev-corpus-01,1595,557,8.536317e-05,557,557,0.912482,0.903714,1.2794e-01
dev-corpus-01,1596,8677,1.828907e-04,8677,8677,0.726357,0.736113,1.5403e-01
dev-corpus-01,1597,539,1.257402e-05,539,539,0.071027,0.071080,1.3222e-01
dev-corpus-01,1598,1587,6.245664e-04,1587,1587,0.639505,0.609701,1.4733e-01
dev-corpus-01,1599,73,7.631320e-07,73,73,0.001598,0.001623,1.6260e-01
dev-corpus-01,1600,6510,4.524026e-07,6510,6510,0.000299,0.000311,2.0610e-01
dev-corpus-01,1601,440,2.059394e-04,321,321,2.845282,2.831525,1.9484e-01
dev-corpus-01,1602,11230,3.658903e-04,279,279,7.192540,7.214905,1.2462e-01
dev-corpus-01,1603,30641,1.310159e-03,33882,33882,3.923931,3.921670,2.9878e-01
dev-corpus-01,1604,1116,1.839523e-04,321,321,1.669407,1.647701,1.5299e-01
dev-corpus-01,1605,11723,1.666563e-04,321,321,6.992541,7.013010,1.1164e-01
dev-corpus-01,1606,64618,2.230808e-03,64618,64618,2.484883,2.478611,3.0236e-01
dev-corpus-01,1607,321,1.786516e-04,321,321,0.632470,0.644996,1.4953e-01
dev-corpus-01,1608,29233,2.393422e-04,28338,28338,9.455408,9.439633,1.2671e-01
dev-corpus-01,1609,92356,5.195309e-05,92356,92356,0.106754,0.105377,2.3717e-01
dev-corpus-01,1610,22049,2.784056e-04,16359,16359,1.913669,1.907601,1.6840e-01
dev-corpus-01,1611,554,5.919389e-04,554,554,1.425550,1.392136,1.6929e-01
dev-corpus-01,1612,12,1.088314e-05,12,12,0.003536,0.003300,2.1806e-01
dev-corpus-01,1613,31,4.859067e-06,31,31,0.000979,0.000936,2.7508e-01
dev-corpus-01,1614,81735,1.004652e-04,81735,81735,0.395264,0.398169,1.6757e-01
dev-corpus-01,1615,37746,5.331485e-04,32095,32095,6.697102,6.685846,1.6871e-01
dev-corpus-01,1616,52582,9.428821e-04,52582,52582,0.091192,0.099900,3.4101e-01
dev-corpus-01,1617,641,1.088692e-04,641,641,0.201412,0.198212,2.1832e-01
dev-corpus-01,1618,561,7.278758e-04,561,561,1.458922,1.486047,3.8271e-01
dev-corpus-01,1619,7766,1.657589e-04,7766,7766,0.332506,0.335756,1.4818e-01
dev-corpus-01,1620,1892,2.409350e-04,557,557,13.042850,13.010440,1.5262e-01
dev-corpus-01,1621,279,3.634443e-04,864,864,2.721787,2.699730,1.7468e-01
dev-corpus-01,1622,1118,1.918238e-04,1118,1118,0.475730,0.470121,1.5562e-01
dev-corpus-01,1623,9209,3.567120e-04,303,303,4.764444,4.760254,2.2248e-01
dev-corpus-01,1624,4722,4.688133e-04,4722,4722,0.528791,0.548562,1.8170e-01
dev-corpus-01,1625,539,3.700743e-04,539,539,1.064013,1.058736,1.5401e-01
dev-corpus-01,1626,1587,1.067252e-04,1587,1587,0.213552,0.207322,1.6031e-01
dev-corpus-01,1627,73,1.933998e-07,73,73,0.000286,0.000281,1.7594e-01
dev-corpus-01,1628,6510,3.564256e-05,6510,6510,0.000541,0.000401,2.2533e+00
dev-corpus-01,1629,1238,2.216220e-04,1892,1892,2.665042,2.697245,2.1993e-01
dev-corpus-01,1630,551,2.752502e-04,9101,9101,1.907194,1.931419,1.5610e-01
dev-corpus-01,1631,557,2.648541e-04,2047,2047,3.610696,3.647171,1.5106e-01
dev-corpus-01,1632,8239,4.618547e-04,11878,11878,3.064101,3.011530,1.6126e-01
dev-corpus-01,1633,539,5.637121e-05,310,310,3.563833,3.575555,2.3163e-01
dev-corpus-01,1634,20228,3.462247e-04,20228,20228,1.074086,1.081987,1.5344e-01
dev-corpus-01,1635,10401,2.844934e-04,10401,10401,0.252420,0.246554,1.7846e-01
dev-corpus-01,1636,303,5.085339e-04,18867,18867,2.071326,2.004428,1.6606e-01
dev-corpus-01,1637,220,9.180515e-05,220,220,0.212177,0.210075,1.9245e-01
dev-corpus-01,1638,16,1.883819e-05,16,16,0.508227,0.513195,1.8613e-01
dev-corpus-01,1639,24,4.340794e-06,24,24,0.000546,0.000532,9.8920e-01
dev-corpus-01,1640,24,4.043881e-06,24,24,0.246256,0.246477,1.2676e-01
dev-corpus-01,1641,18,8.970160e-05,17,17,2.088086,2.099957,1.6957e-01
dev-corpus-01,1642,321,2.214422e-04,1892,1892,2.579810,2.615785,1.7359e-01
dev-corpus-01,1643,30641,7.038877e-04,2047,2047,7.505755,7.512195,2.8308e-01
dev-corpus-01,1644,10401,1.014374e-04,32118,32118,0.948993,0.952560,2.1561e-01
dev-corpus-01,1645,303,7.314764e-04,303,303,0.842674,0.870580,2.3926e-01
dev-corpus-01,1646,220,7.152955e-06,220,220,0.008013,0.007858,1.4122e-01
dev-corpus-01,1647,17,5.770924e-05,17,17,0.465915,0.473587,6.8748e-01
dev-corpus-01,1648,15,2.846623e-05,15,15,0.001258,0.001024,4.8499e-01
dev-corpus-01,1649,15,3.791565e-07,15,15,0.112736,0.112923,1.5455e-01
dev-corpus-01,1650,23,6.184468e-06,15,15,2.709804,2.703581,9.9550e-02
dev-corpus-01,1651,1892,1.768520e-04,1892,1892,0.355617,0.357466,4.2643e-01
dev-corpus-01,1652,557,7.885871e-04,557,557,1.095443,1.053996,2.3697e-01
dev-corpus-01,1653,10579,6.143308e-04,5698,5698,4.672080,4.663503,2.3879e-01
dev-corpus-01,1654,539,8.576322e-05,539,539,1.021237,1.012258,1.8941e-01
dev-corpus-01,1655,780,3.856919e-04,1587,1587,2.465135,2.466281,1.6524e-01
dev-corpus-01,1656,1765,1.086064e-04,1765,1765,0.200577,0.202520,2.1256e-01
dev-corpus-01,1657,2306,2.330884e-04,2306,2306,0.849280,0.860958,1.1788e-01
dev-corpus-01,1658,1116,2.571044e-04,1116,1116,0.562066,0.553200,1.5899e-01
dev-corpus-01,1659,6017,3.491890e-04,1587,1587,8.134568,8.126056,1.3836e-01
dev-corpus-01,1660,308,5.332392e-04,67529,67529,2.555272,2.561737,1.5068e-01
dev-corpus-01,1661,31754,5.261345e-04,31754,31754,0.215306,0.228964,1.8120e-01
dev-corpus-01,1662,10388,8.199959e-05,10388,10388,0.110353,0.112803,1.6681e-01
dev-corpus-01,1663,641,7.860446e-05,10401,10401,1.817109,1.827556,1.6784e-01
dev-corpus-01,1664,695,6.362446e-04,561,561,2.960532,2.957346,2.7703e-01
dev-corpus-01,1665,1158,1.602551e-03,410,410,12.946628,12.992329,3.5065e-01
dev-corpus-01,1666,3736,3.309781e-05,3736,3736,0.126278,0.125471,1.6767e-01
dev-corpus-01,1667,321,5.150541e-05,314,314,6.099925,6.082545,2.7294e-01
dev-corpus-01,1668,5158,7.435884e-04,5158,5158,1.191514,1.176620,1.9510e-01
dev-corpus-01,1669,303,2.549208e-04,539,539,3.000871,2.999074,1.7493e-01
dev-corpus-01,1670,264,4.209563e-04,220,220,2.973987,2.971789,1.7426e-01
dev-corpus-01,1671,1007,7.490735e-04,7792,7792,3.358840,3.381002,1.9289e-01
dev-corpus-01,1672,1116,4.886087e-04,321,321,1.233487,1.258428,1.5340e-01
dev-corpus-01,1673,279,2.477907e-04,279,279,0.564540,0.567624,1.8275e-01
dev-corpus-01,1674,3150,2.598949e-04,7766,7766,3.638005,3.641465,1.9239e-01
dev-corpus-01,1675,14973,1.630088e-04,557,557,5.894511,5.873528,1.7521e-01
dev-corpus-01,1676,1587,5.472261e-05,264,264,1.319122,1.325350,1.8644e-01
dev-corpus-01,1677,73,3.036061e-07,73,73,0.000666,0.000673,2.2419e-01
dev-corpus-01,1678,6510,1.485860e-06,6510,6510,0.000518,0.000531,4.1249e-01
dev-corpus-01,1679,321,5.386840e-05,359,359,8.348449,8.310439,1.8532e-01
dev-corpus-01,1680,52582,1.286789e-03,780,780,2.503866,2.447215,1.5936e-01
dev-corpus-01,1681,359,1.291824e-04,359,359,0.160198,0.164934,1.8227e-01
dev-corpus-01,1682,11400,5.590524e-04,1118,1118,4.717308,4.721251,1.9136e-01
dev-corpus-01,1683,19421,7.740569e-05,19421,19421,0.255819,0.258834,1.3153e-01
dev-corpus-01,1684,641,1.318327e-04,641,641,1.131740,1.125894,1.5179e-01
dev-corpus-01,1685,1690,4.768592e-04,561,561,5.566471,5.597868,2.1483e-01
dev-corpus-01,1686,16623,3.107726e-04,279,279,5.847437,5.973986,2.7423e-01
dev-corpus-01,1687,12476,7.135121e-05,12476,12476,0.030407,0.032393,2.3288e-01
dev-corpus-01,1688,1116,9.457991e-05,1116,1116,0.098123,0.101229,1.6709e-01
dev-corpus-01,1689,1587,1.187351e-04,1587,1587,0.306532,0.314102,1.6664e-01
dev-corpus-01,1690,73,1.952172e-07,73,73,0.000280,0.000276,2.4223e-01
dev-corpus-01,1691,6510,4.034085e-06,6510,6510,0.000623,0.000689,4.6757e-01
dev-corpus-01,1692,4523,4.917350e-04,321,321,7.273904,7.304447,1.6436e-01
dev-corpus-01,1693,310,4.729646e-05,310,310,0.053672,0.054996,1.9111e-01
dev-corpus-01,1694,780,2.573501e-04,279,279,1.236090,1.235382,1.8139e-01
dev-corpus-01,1695,30332,4.438638e-04,19101,19101,4.468991,4.423546,1.4447e-01
dev-corpus-01,1696,4950,4.727948e-04,1647,1647,2.897869,2.892015,1.7623e-01
dev-corpus-01,1697,1238,1.609614e-04,314,314,5.220047,5.201353,1.7371e-01
dev-corpus-01,1698,780,2.536810e-04,264,264,2.516379,2.526223,2.3380e-01
dev-corpus-01,1699,64134,3.200839e-04,220,220,7.762765,7.790160,1.5385e-01
dev-corpus-01,1700,291,2.597120e-06,291,291,0.266651,0.266554,1.6264e-01
dev-corpus-01,1701,24125,2.758674e-04,6206,6206,2.508115,2.480272,1.1868e-01
dev-corpus-01,1702,364,3.107560e-04,383,383,3.033177,3.032910,1.4508e-01
dev-corpus-01,1703,13412,1.480238e-03,279,279,13.397358,13.476710,2.4391e-01
dev-corpus-01,1704,235840,4.445776e-04,8903,8903,5.693270,5.698454,1.5732e-01
dev-corpus-01,1705,423,2.836948e-03,84854,84854,8.480771,8.496699,3.8248e-01
dev-corpus-01,1706,38531,5.932568e-04,38531,38531,1.161898,1.167974,2.1077e-01
dev-corpus-01,1707,318,1.677987e-04,318,318,1.013354,1.010532,1.9049e-01
dev-corpus-01,1708,220,6.732171e-05,220,220,0.061439,0.061237,2.1972e-01
dev-corpus-01,1709,17,4.975028e-05,17,17,0.010931,0.011978,2.2949e-01
dev-corpus-01,1710,15,1.102738e-06,15,15,0.000614,0.000616,2.9978e-01
dev-corpus-01,1711,16,4.073893e-07,15,15,2.344586,2.346722,1.9265e-01
dev-corpus-01,1712,15,3.377852e-04,15,15,0.296082,0.310331,1.5030e-01
dev-corpus-01,1713,847,6.596348e-05,847,847,0.020615,0.019151,2.6565e-01
dev-corpus-01,1714,641,1.236708e-04,641,641,0.840980,0.847866,2.9270e-01
dev-corpus-01,1715,5788,3.742612e-04,561,561,5.104156,5.110739,1.9766e-01
dev-corpus-01,1716,16876,4.573100e-04,279,279,5.603914,5.658130,1.7499e-01
dev-corpus-01,1717,279,2.263879e-04,279,279,0.488184,0.488729,1.6373e-01
dev-corpus-01,1718,14827,1.041761e-04,7766,7766,7.336182,7.342351,1.4544e-01
dev-corpus-01,1719,1116,1.494078e-04,1116,1116,0.955427,0.946836,1.2553e-01
dev-corpus-01,1720,551,1.045880e-04,1587,1587,1.648943,1.634406,2.2332e-01
dev-corpus-01,1721,995,1.025431e-03,995,995,1.614143,1.600558,2.4559e-01
dev-corpus-01,1722,1429,6.141140e-04,94044,94044,4.998111,5.006565,1.5229e-01
dev-corpus-01,1723,16253,3.347786e-04,264,264,8.008553,7.973664,1.1986e-01
dev-corpus-01,1724,22591,5.099424e-04,22591,22591,1.445172,1.465338,1.7308e-01
dev-corpus-01,1725,310,7.897663e-05,321,321,3.990688,3.972385,1.6541e-01
dev-corpus-01,1726,38406,2.374273e-04,1791,1791,5.648522,5.650642,1.3397e-01
dev-corpus-01,1727,780,7.753221e-05,780,780,0.689238,0.695884,1.7449e-01
dev-corpus-01,1728,4950,2.173656e-04,4950,4950,0.783342,0.798348,1.5497e-01
dev-corpus-01,1729,1116,6.006167e-05,641,641,1.654495,1.669840,1.7508e-01
dev-corpus-01,1730,3322,5.707642e-04,694,694,6.009996,5.943253,1.3957e-01
dev-corpus-01,1731,11192,7.350362e-04,978,978,6.691647,6.700256,2.2058e-01
dev-corpus-01,1732,1092,2.553247e-04,264,264,6.968553,6.962569,1.3468e-01
dev-corpus-01,1733,995,1.895648e-04,551,551,6.161212,6.171974,1.6983e-01
dev-corpus-01,1734,978,1.686068e-04,978,978,0.631033,0.642842,1.5176e-01
dev-corpus-01,1735,2512,3.101710e-04,7246,7246,2.145196,2.160861,1.5650e-01
dev-corpus-01,1736,264,1.417368e-04,9609,9609,1.603419,1.598378,1.5710e-01
dev-corpus-01,1737,328,4.137934e-04,9609,9609,1.765542,1.800308,1.5522e-01
dev-corpus-01,1738,35463,6.540803e-04,69235,69235,4.011857,3.999015,1.6116e-01
dev-corpus-01,1739,554,2.335028e-04,471,471,6.573989,6.549831,1.7374e-01
dev-corpus-01,1740,12,1.822153e-05,12,12,0.003888,0.003585,1.7991e-01
dev-corpus-01,1741,31,4.867054e-04,31,31,0.028328,0.033195,2.1143e-01
dev-corpus-01,1742,1441,4.170980e-04,1441,1441,0.265905,0.278172,2.1904e-01
dev-corpus-01,1743,42606,2.695242e-04,328,328,4.005156,4.075255,1.6279e-01
dev-corpus-01,1744,4879,2.568892e-04,328,328,8.800594,8.820920,1.4402e-01
dev-corpus-01,1745,328,3.938179e-05,328,328,0.097832,0.097479,1.2021e-01
dev-corpus-01,1746,303,2.392317e-04,641,641,3.526741,3.468585,1.7528e-01
dev-corpus-01,1747,780,1.096024e-03,279,279,2.209221,2.211862,3.0331e-01
dev-corpus-01,1748,4477,1.435032e-03,220,220,4.292095,4.304765,1.9525e-01
dev-corpus-01,1749,641,6.490093e-05,641,641,0.138276,0.139492,1.9332e-01
dev-corpus-01,1750,16623,3.155163e-04,695,695,2.712261,2.708815,2.4266e-01
dev-corpus-01,1751,12476,9.167967e-06,12476,12476,0.015318,0.015467,2.4508e-01
dev-corpus-01,1752,682,2.782013e-04,1116,1116,4.007597,3.982144,1.1944e-01
dev-corpus-01,1753,978,2.003488e-04,264,264,1.653077,1.666834,1.3654e-01
dev-corpus-01,1754,7463,3.824668e-04,7246,7246,3.195398,3.205532,1.4823e-01
dev-corpus-01,1755,310,8.427398e-05,310,310,0.206139,0.203033,1.6991e-01
dev-corpus-01,1756,780,1.519144e-04,780,780,0.792283,0.788786,1.4477e-01
dev-corpus-01,1757,6575,2.607657e-04,220,220,2.159631,2.147846,1.5504e-01
dev-corpus-01,1758,35810,1.035264e-04,26788,26788,4.597154,4.627160,1.4932e-01
dev-corpus-01,1759,1116,1.875998e-04,1116,1116,1.449657,1.436424,1.5287e-01
dev-corpus-01,1760,21016,2.500744e-04,1680,1680,14.335622,14.231337,1.8420e-01
dev-corpus-01,1761,3362,3.139649e-04,3362,3362,0.093335,0.087088,1.8973e-01
dev-corpus-01,1762,318,7.671030e-04,401,401,1.280604,1.321734,2.0436e-01
dev-corpus-01,1763,220,2.060132e-05,220,220,0.008566,0.008747,1.9720e-01
dev-corpus-01,1764,16,7.468299e-05,16,16,0.300837,0.308129,1.3482e-01
dev-corpus-01,1765,24,1.077327e-06,24,24,0.000267,0.000261,7.2378e-01
dev-corpus-01,1766,24,2.804920e-06,24,24,0.072409,0.072055,1.5583e-01
dev-corpus-01,1767,19,1.812457e-05,21,21,2.116267,2.115108,1.1375e-01
dev-corpus-01,1768,847,1.466354e-05,847,847,0.012631,0.012372,2.1418e-01
dev-corpus-01,1769,321,3.863387e-05,321,321,0.251072,0.251095,2.0895e-01
dev-corpus-01,1770,20637,2.246164e-04,3851,3851,9.500811,9.472241,1.1869e-01
dev-corpus-01,1771,2233,3.604370e-04,318,318,4.823873,4.841137,2.1994e-01
dev-corpus-01,1772,301,1.147217e-05,301,301,0.012232,0.011953,3.5024e-01
dev-corpus-01,1773,392,7.527812e-06,392,392,0.003279,0.003456,2.1255e-01
dev-corpus-01,1774,78,4.460861e-05,78,78,0.005944,0.006561,1.5933e-01
dev-corpus-01,1775,318,8.136160e-06,318,318,0.023866,0.024082,1.6424e-01
dev-corpus-01,1776,220,1.643733e-06,220,220,0.001621,0.001652,1.7264e-01
dev-corpus-01,1777,16,6.955210e-04,16,16,0.424259,0.397776,3.8970e-01
dev-corpus-01,1778,24,1.154837e-06,24,24,0.001450,0.001450,2.9228e-01
dev-corpus-01,1779,24,1.893232e-05,24,24,0.017929,0.018767,1.1125e-01
dev-corpus-01,1780,18,1.627576e-04,21,21,3.548148,3.556270,4.1068e-01
dev-corpus-01,1781,847,3.535645e-06,847,847,0.005413,0.005408,2.0892e-01
dev-corpus-01,1782,641,5.535232e-05,641,641,0.480905,0.482984,1.9255e-01
dev-corpus-01,1783,695,4.794760e-04,695,695,0.553356,0.563742,2.2941e-01
dev-corpus-01,1784,16623,3.359907e-04,561,561,1.848502,1.837076,1.7670e-01
dev-corpus-01,1785,12476,2.985396e-05,12476,12476,0.022349,0.023101,1.8128e-01
dev-corpus-01,1786,5924,3.629901e-04,557,557,4.462263,4.477077,1.6666e-01
dev-corpus-01,1787,1587,1.714030e-04,1587,1587,0.839105,0.824385,1.3390e-01
dev-corpus-01,1788,73,1.480084e-07,73,73,0.000315,0.000315,1.8995e-01
dev-corpus-01,1789,6510,9.066749e-08,6510,6510,0.000101,0.000103,1.4481e-01
dev-corpus-01,1790,359,1.902967e-05,359,359,0.051545,0.051409,1.3931e-01
dev-corpus-01,1791,82,2.721765e-05,82,82,0.005292,0.005844,1.7253e-01
dev-corpus-01,1792,11400,3.689960e-04,1118,1118,4.181114,4.173037,1.5073e-01
dev-corpus-01,1793,1324,8.705959e-04,23173,23173,2.873379,2.911114,1.7288e-01
dev-corpus-01,1794,554,1.580359e-04,799,799,0.871446,0.872215,1.4409e-01
dev-corpus-01,1795,12,6.588823e-07,12,12,0.000286,0.000271,2.0914e-01
dev-corpus-01,1796,31,1.926355e-06,31,31,0.000181,0.000203,2.7840e-01
dev-corpus-01,1797,799,3.650737e-05,799,799,0.016697,0.016132,2.2889e-01
dev-corpus-01,1798,7766,2.123718e-04,7766,7766,0.174574,0.170233,1.5729e-01
dev-corpus-01,1799,383,9.237698e-05,303,303,1.335561,1.355856,1.5334e-01
dev-corpus-01,1800,279,7.284996e-05,279,279,0.193767,0.195644,1.7471e-01
dev-corpus-01,1801,63957,7.896350e-04,63957,63957,1.149341,1.146398,1.9560e-01
dev-corpus-01,1802,6694,3.862935e-04,18867,18867,1.312116,1.290246,2.0247e-01
dev-corpus-01,1803,18867,4.383578e-05,18867,18867,0.012806,0.013596,2.4188e-01
dev-corpus-01,1804,83731,3.308794e-05,83731,83731,0.029201,0.029305,2.7147e-01
dev-corpus-01,1805,1332,1.415142e-04,9207,9207,10.889934,10.921973,1.5275e-01
dev-corpus-01,1806,424,2.701312e-04,424,424,0.382191,0.367783,1.5859e-01
dev-corpus-01,1807,55174,1.536139e-04,55174,55174,0.913977,0.906492,1.2104e-01
dev-corpus-01,1808,364,4.911947e-05,506,506,8.619929,8.579794,1.6029e-01
dev-corpus-01,1809,279,3.566081e-04,279,279,1.146108,1.137783,2.0269e-01
dev-corpus-01,1810,1936,2.288941e-04,1936,1936,0.488452,0.494151,1.5873e-01
dev-corpus-01,1811,13004,4.069000e-05,314,314,1.693369,1.686240,1.2660e-01
dev-corpus-01,1812,220,4.855683e-04,220,220,0.337871,0.320437,1.3200e-01
dev-corpus-01,1813,17,1.565259e-05,17,17,0.613129,0.613189,1.7275e-01
dev-corpus-01,1814,17,2.687205e-04,20,20,3.424863,3.436643,2.0439e-01
dev-corpus-01,1815,6324,1.098874e-04,6324,6324,0.181719,0.181621,1.4181e-01
dev-corpus-01,1816,220,3.695231e-05,220,220,0.086722,0.085378,1.5487e-01
dev-corpus-01,1817,17,2.234542e-07,17,17,0.001832,0.001836,3.7961e-01
dev-corpus-01,1818,15,3.724761e-06,15,15,0.000555,0.000604,6.8554e-01
dev-corpus-01,1819,16,5.494811e-07,16,16,0.000650,0.000628,1.2242e-01
dev-corpus-01,1820,16,1.126067e-06,16,16,0.008643,0.008744,2.3114e-01
dev-corpus-01,1821,641,1.834987e-04,641,641,0.525124,0.529689,1.7960e-01
dev-corpus-01,1822,1690,1.652126e-04,1049,1049,4.612221,4.582605,2.4662e-01
dev-corpus-01,1823,58614,5.317751e-04,279,279,9.594818,9.587694,2.2836e-01
dev-corpus-01,1824,2397,5.385023e-04,5381,5381,5.125837,5.225065,1.3929e-01
dev-corpus-01,1825,554,1.293123e-04,554,554,0.271972,0.273982,1.5491e-01
dev-corpus-01,1826,12,3.859618e-07,12,12,0.000031,0.000036,1.9533e-01
dev-corpus-01,1827,31,1.890291e-07,31,31,0.000123,0.000126,4.2069e-01
dev-corpus-01,1828,23173,2.883670e-05,23173,23173,0.026688,0.027372,2.3746e-01
dev-corpus-01,1829,5381,1.407682e-05,5381,5381,0.007950,0.008294,1.5780e-01
dev-corpus-01,1830,424,3.447815e-04,1116,1116,2.246379,2.263642,1.6907e-01
dev-corpus-01,1831,38480,1.232401e-04,14195,14195,3.500835,3.514563,1.1397e-01
dev-corpus-01,1832,279,4.436570e-05,279,279,0.088124,0.086862,1.9273e-01
dev-corpus-01,1833,18867,3.651069e-04,9207,9207,2.150396,2.202833,1.1909e-01
dev-corpus-01,1834,9948,1.808643e-03,83731,83731,1.505067,1.556911,2.2015e-01
dev-corpus-01,1835,83731,7.427448e-04,83731,83731,0.382382,0.367690,2.3734e-01
dev-corpus-01,1836,9207,6.167398e-05,9207,9207,0.204675,0.204950,1.3912e-01
dev-corpus-01,1837,1116,9.044964e-05,641,641,1.610504,1.607822,1.4625e-01
dev-corpus-01,1838,321,8.444001e-04,321,321,1.001274,0.982010,2.3965e-01
dev-corpus-01,1839,8379,1.935705e-04,364,364,3.043525,3.036566,1.6887e-01
dev-corpus-01,1840,1324,2.880129e-04,1324,1324,0.720665,0.740427,1.3492e-01
dev-corpus-01,1841,799,7.808876e-05,554,554,2.261800,2.263434,1.1493e-01
dev-corpus-01,1842,383,8.227720e-05,383,383,0.219196,0.224049,1.6733e-01
dev-corpus-01,1843,279,7.775033e-05,279,279,0.177277,0.176286,2.0436e-01
dev-corpus-01,1844,22555,7.506086e-04,18867,18867,3.970507,3.914394,2.1393e-01
dev-corpus-01,1845,83731,1.996757e-04,83731,83731,1.008574,1.007364,1.7701e-01
dev-corpus-01,1846,20613,1.222072e-04,9207,9207,1.651091,1.636331,1.8761e-01
dev-corpus-01,1847,641,9.522590e-05,641,641,0.626475,0.624017,1.8457e-01
dev-corpus-01,1848,1049,3.438086e-04,695,695,1.638960,1.634755,2.0023e-01
dev-corpus-01,1849,369,4.564657e-04,557,557,3.005831,2.964655,1.5732e-01
dev-corpus-01,1850,780,2.781698e-04,1587,1587,2.353072,2.387763,1.6709e-01
dev-corpus-01,1851,17175,1.315228e-04,1118,1118,3.488196,3.463535,1.2777e-01
dev-corpus-01,1852,23173,4.128638e-04,23173,23173,1.185187,1.171594,1.9957e-01
dev-corpus-01,1853,7766,3.974815e-04,1324,1324,2.159455,2.205291,2.0607e-01
dev-corpus-01,1854,310,1.652014e-04,310,310,0.262099,0.269493,1.7895e-01
dev-corpus-01,1855,9207,1.855335e-04,5372,5372,2.552053,2.566396,1.1516e-01
dev-corpus-01,1856,383,8.711121e-05,303,303,1.010324,1.001197,1.3606e-01
dev-corpus-01,1857,279,9.615738e-05,279,279,0.284270,0.278601,1.5410e-01
dev-corpus-01,1858,63957,1.333241e-04,63957,63957,0.662936,0.660307,1.6678e-01
dev-corpus-01,1859,220,1.186076e-04,6694,6694,2.230610,2.229975,1.9440e-01
dev-corpus-01,1860,17,8.974321e-06,17,17,0.006355,0.006549,1.7999e-01
dev-corpus-01,1861,15,4.938171e-06,15,15,0.000269,0.000258,1.0369e+00
dev-corpus-01,1862,15,1.783751e-06,15,15,0.000163,0.000187,3.1001e-01
dev-corpus-01,1863,318,2.680276e-04,1116,1116,3.396028,3.393686,2.2015e-01
dev-corpus-01,1864,18176,6.303543e-04,220,220,3.119918,3.090963,1.7839e-01
dev-corpus-01,1865,1324,4.570319e-04,1324,1324,0.667273,0.688108,1.4140e-01
dev-corpus-01,1866,50614,2.587822e-05,220,220,6.701726,6.716817,1.7641e-01
dev-corpus-01,1867,554,1.497060e-04,554,554,0.382862,0.383220,1.7289e-01
dev-corpus-01,1868,12,6.843378e-08,12,12,0.000180,0.000177,1.6947e-01
dev-corpus-01,1869,31,2.031474e-05,31,31,0.016153,0.015428,4.4240e-01
dev-corpus-01,1870,4097,1.392530e-04,4590,4590,2.162044,2.188063,1.4845e-01
dev-corpus-01,1871,847,6.207019e-05,847,847,0.190681,0.191607,1.5387e-01
dev-corpus-01,1872,1116,1.561945e-04,641,641,1.342334,1.323857,2.5074e-01
dev-corpus-01,1873,321,2.851295e-04,321,321,0.662347,0.659874,2.0440e-01
dev-corpus-01,1874,780,2.154249e-04,780,780,0.982645,0.969189,1.3076e-01
dev-corpus-01,1875,11400,1.099314e-04,1118,1118,2.729796,2.713836,1.3440e-01
dev-corpus-01,1876,7766,3.388945e-04,23173,23173,2.752847,2.722708,1.8219e-01
dev-corpus-01,1877,310,1.313532e-04,310,310,0.262064,0.255309,1.6611e-01
dev-corpus-01,1878,9207,1.652064e-04,9207,9207,0.842501,0.828444,1.9479e-01
dev-corpus-01,1879,303,5.212911e-05,383,383,1.957791,1.941260,1.6187e-01
dev-corpus-01,1880,17163,3.690851e-04,279,279,3.652553,3.612482,1.5752e-01
dev-corpus-01,1881,318,3.688019e-04,641,641,1.512014,1.523410,1.7475e-01
dev-corpus-01,1882,1016,2.186412e-04,18176,18176,2.036513,2.078548,1.3738e-01
dev-corpus-01,1883,1703,8.540249e-08,1703,1703,0.000074,0.000076,1.3858e-01
dev-corpus-01,1884,506,1.759029e-05,506,506,0.029021,0.028595,1.4439e-01
dev-corpus-01,1885,1324,2.037838e-04,1324,1324,0.196655,0.204034,1.3756e-01
dev-corpus-01,1886,50614,2.255171e-04,16570,16570,3.548298,3.540461,1.1072e-01
dev-corpus-01,1887,554,1.804841e-04,554,554,0.129120,0.123766,1.7121e-01
dev-corpus-01,1888,12,3.237980e-08,12,12,0.000022,0.000021,2.2864e-01
dev-corpus-01,1889,31,2.198052e-05,31,31,0.003293,0.003444,6.6901e-01
dev-corpus-01,1890,7810,5.138613e-05,4590,4590,2.239269,2.233068,1.1823e-01
dev-corpus-01,1891,847,1.215616e-04,847,847,0.082438,0.080356,1.9378e-01
dev-corpus-01,1892,641,2.249349e-05,641,641,0.113603,0.113771,2.6311e-01
dev-corpus-01,1893,23475,4.336083e-04,695,695,7.642505,7.637351,1.9820e-01
dev-corpus-01,1894,799,2.435533e-04,279,279,3.459165,3.476886,1.2555e-01
dev-corpus-01,1895,1936,7.006478e-05,2182,2182,1.445919,1.434125,1.2750e-01
dev-corpus-01,1896,1238,1.872176e-04,314,314,3.389087,3.387883,1.4659e-01
dev-corpus-01,1897,1141,2.067186e-04,1141,1141,0.908165,0.910079,1.3994e-01
dev-corpus-01,1898,4722,6.182306e-05,4722,4722,0.115701,0.113926,1.0966e-01
dev-corpus-01,1899,16623,4.507206e-05,1116,1116,5.290758,5.336798,1.6142e-01
dev-corpus-01,1900,12476,1.555409e-05,12476,12476,0.004597,0.004861,1.8779e-01
dev-corpus-01,1901,557,5.634365e-04,557,557,1.172328,1.140670,1.6040e-01
dev-corpus-01,1902,22196,4.130606e-04,22196,22196,0.307703,0.293961,1.6434e-01
dev-corpus-01,1903,6414,2.770798e-04,7186,7186,1.233569,1.221617,1.4572e-01
dev-corpus-01,1904,303,4.865099e-05,539,539,0.767958,0.762236,1.7321e-01
dev-corpus-01,1905,31907,3.075777e-04,11920,11920,4.941909,4.974805,1.3265e-01
dev-corpus-01,1906,1116,1.868042e-04,321,321,1.273340,1.250937,1.2959e-01
dev-corpus-01,1907,279,4.089166e-04,321,321,4.073321,4.091626,1.4456e-01
dev-corpus-01,1908,3516,4.229303e-04,1118,1118,2.424882,2.424236,1.5943e-01
dev-corpus-01,1909,4042,9.262946e-05,4042,4042,0.166564,0.161303,1.5618e-01
dev-corpus-01,1910,321,2.827574e-04,321,321,0.682075,0.659938,2.0256e-01
dev-corpus-01,1911,11920,1.555888e-04,11920,11920,0.883977,0.874886,1.5763e-01
dev-corpus-01,1912,321,1.518777e-04,641,641,3.140718,3.132624,1.6294e-01
dev-corpus-01,1913,22196,1.148801e-04,60131,60131,3.398092,3.394584,1.3198e-01
dev-corpus-01,1914,60131,1.992254e-05,60131,60131,0.132388,0.131263,1.3506e-01
dev-corpus-01,1915,303,7.545745e-06,303,303,0.020302,0.020134,2.0378e-01
dev-corpus-01,1916,34713,4.610795e-04,30046,30046,4.848766,4.841338,1.2258e-01
dev-corpus-01,1917,321,2.720627e-04,641,641,1.432220,1.406296,1.6256e-01
dev-corpus-01,1918,30046,5.000407e-04,30046,30046,1.543940,1.552035,1.9778e-01
dev-corpus-01,1919,641,3.615976e-05,641,641,0.113098,0.114691,1.9148e-01
dev-corpus-01,1920,695,2.530991e-04,695,695,0.867458,0.863465,2.2023e-01
dev-corpus-01,1921,20285,1.174908e-03,16623,16623,8.564875,8.519478,2.1674e-01
dev-corpus-01,1922,16878,1.347885e-03,16878,16878,1.570565,1.605222,2.0348e-01
dev-corpus-01,1923,599,3.495298e-04,998,998,2.451289,2.377090,1.5598e-01
dev-corpus-01,1924,978,1.305979e-05,978,978,0.022303,0.022045,1.2792e-01
dev-corpus-01,1925,5698,2.456612e-05,5698,5698,0.096462,0.096730,1.3023e-01
dev-corpus-01,1926,494,3.748785e-05,494,494,0.108645,0.107487,1.5041e-01
dev-corpus-01,1927,279,1.325602e-05,279,279,0.165486,0.164137,1.4234e-01
dev-corpus-01,1928,7766,5.581094e-05,7766,7766,0.115362,0.112146,1.4161e-01
dev-corpus-01,1929,641,9.731876e-05,535,535,1.199729,1.199494,2.0501e-01
dev-corpus-01,1930,561,1.316648e-04,328,328,1.236144,1.230524,1.3042e-01
dev-corpus-01,1931,2895,6.943174e-05,1118,1118,1.304033,1.295902,1.4053e-01
dev-corpus-01,1932,3074,4.126263e-05,3074,3074,0.043401,0.043950,1.5436e-01
dev-corpus-01,1933,1116,5.363319e-05,1116,1116,0.760148,0.761106,1.2500e-01
dev-corpus-01,1934,328,3.235235e-04,328,328,0.299822,0.288145,1.5273e-01
dev-corpus-01,1935,3851,4.152840e-04,3851,3851,2.838039,2.837240,1.5599e-01
dev-corpus-01,1936,185357,3.954219e-04,351,351,3.872599,3.882255,1.6068e-01
dev-corpus-01,1937,328,4.464495e-04,328,328,1.869055,1.896400,1.9186e-01
dev-corpus-01,1938,1116,1.304982e-04,1116,1116,0.668315,0.664419,2.5189e-01
dev-corpus-01,1939,5924,1.185530e-04,557,557,3.252100,3.258691,1.2930e-01
dev-corpus-01,1940,264,1.473850e-04,1587,1587,2.143304,2.105523,1.8755e-01
dev-corpus-01,1941,8094,3.209657e-04,1324,1324,4.409358,4.424510,1.6711e-01
dev-corpus-01,1942,2316,1.795555e-04,2316,2316,0.428861,0.439334,1.4496e-01
dev-corpus-01,1943,303,8.293446e-05,303,303,1.000021,1.005499,1.3477e-01
dev-corpus-01,1944,3679,2.958799e-04,18867,18867,3.504424,3.492187,1.1831e-01
dev-corpus-01,1945,18867,3.751736e-04,18867,18867,0.758720,0.786461,1.1639e-01
dev-corpus-01,1946,3567,2.047202e-05,3567,3567,0.167424,0.168173,1.6702e-01
dev-corpus-01,1947,5656,2.411529e-05,5656,5656,0.113015,0.111194,1.5608e-01
dev-corpus-01,1948,321,6.274756e-05,641,641,1.566344,1.553311,1.2870e-01
dev-corpus-01,1949,557,1.334494e-04,557,557,1.628582,1.625035,1.1896e-01
dev-corpus-01,1950,1324,2.767351e-04,22196,22196,4.737161,4.724395,1.3881e-01
dev-corpus-01,1951,799,9.137697e-05,799,799,0.345855,0.346788,1.6058e-01
dev-corpus-01,1952,383,2.228931e-05,383,383,0.673350,0.674854,1.7879e-01
dev-corpus-01,1953,279,2.827381e-04,279,279,0.224796,0.217656,1.9671e-01
dev-corpus-01,1954,63957,1.810527e-04,63957,63957,1.639552,1.642662,1.5820e-01
dev-corpus-01,1955,18867,2.398473e-04,18867,18867,0.398443,0.388642,2.4003e-01
dev-corpus-01,1956,37804,8.572217e-04,9948,9948,1.934855,1.907249,1.8959e-01
dev-corpus-01,1957,321,1.631397e-04,9207,9207,3.352750,3.315919,1.4946e-01
dev-corpus-01,1958,18867,7.706479e-04,18867,18867,1.242801,1.224670,1.8567e-01
dev-corpus-01,1959,9948,2.924328e-04,423,423,1.361234,1.352082,1.9970e-01
dev-corpus-01,1960,37804,1.776949e-03,37804,37804,0.640707,0.587815,2.5270e-01
dev-corpus-01,1961,25296,8.536163e-05,25296,25296,0.299615,0.295080,1.3236e-01
dev-corpus-01,1962,641,4.867025e-05,641,641,0.779089,0.785555,1.3622e-01
dev-corpus-01,1963,1049,1.485735e-04,561,561,2.308529,2.319987,1.9872e-01
dev-corpus-01,1964,557,8.649446e-05,557,557,0.879644,0.881239,1.2226e-01
dev-corpus-01,1965,7854,2.483065e-04,1048,1048,2.942229,2.954300,1.7429e-01
dev-corpus-01,1966,539,2.807692e-05,539,539,0.039936,0.039897,1.4310e-01
dev-corpus-01,1967,328,1.033407e-04,328,328,0.351583,0.345730,1.3709e-01
dev-corpus-01,1968,28296,1.534192e-04,3851,3851,6.368378,6.372695,1.4627e-01
dev-corpus-01,1969,16284,2.754255e-04,2337,2337,1.987723,1.939291,1.5588e-01
dev-corpus-01,1970,179314,3.420535e-04,328,328,3.939394,3.966111,2.0255e-01
dev-corpus-01,1971,328,4.451238e-05,328,328,0.093703,0.095792,1.6033e-01
dev-corpus-01,1972,318,2.331519e-04,1116,1116,2.338786,2.334302,1.7338e-01
dev-corpus-01,1973,15963,2.914041e-04,1324,1324,3.120557,3.128164,1.6498e-01
dev-corpus-01,1974,469,4.425947e-04,29233,29233,6.346641,6.340553,1.4255e-01
dev-corpus-01,1975,5923,5.656331e-04,5923,5923,0.268767,0.272727,2.1775e-01
dev-corpus-01,1976,75497,2.505953e-04,75497,75497,0.449347,0.450594,3.2003e-01
dev-corpus-01,1977,847,3.001026e-05,847,847,0.059804,0.061208,1.6348e-01
dev-corpus-01,1978,1116,8.817914e-05,1116,1116,0.648836,0.656843,1.7929e-01
dev-corpus-01,1979,864,8.728152e-05,328,328,1.860000,1.855276,1.6207e-01
dev-corpus-01,1980,8379,2.852026e-04,557,557,1.729696,1.735220,1.7012e-01
dev-corpus-01,1981,1324,3.840449e-05,1324,1324,0.323676,0.325990,1.5394e-01
dev-corpus-01,1982,799,1.666912e-04,799,799,1.212964,1.224380,1.0166e-01
dev-corpus-01,1983,383,5.935745e-05,383,383,0.165221,0.160880,1.2014e-01
dev-corpus-01,1984,279,1.860259e-05,279,279,0.130705,0.130450,1.3743e-01
dev-corpus-01,1985,18867,3.784694e-04,63957,63957,1.295249,1.257079,1.5069e-01
dev-corpus-01,1986,9948,3.685000e-04,9948,9948,0.683650,0.677764,2.2488e-01
dev-corpus-01,1987,37804,8.449287e-05,37804,37804,0.144459,0.140963,2.1252e-01
dev-corpus-01,1988,1116,1.351754e-04,9207,9207,4.089505,4.142008,1.1817e-01
dev-corpus-01,1989,1324,1.016310e-03,321,321,3.259067,3.242658,2.1272e-01
dev-corpus-01,1990,1330,1.436175e-04,1330,1330,0.907445,0.916094,1.1247e-01
dev-corpus-01,1991,383,4.616905e-06,383,383,0.028001,0.027998,1.3880e-01
dev-corpus-01,1992,279,1.607239e-05,279,279,0.125787,0.127254,1.2266e-01
dev-corpus-01,1993,18867,1.558031e-04,18867,18867,0.466561,0.474693,1.6920e-01
dev-corpus-01,1994,37804,2.657369e-04,423,423,1.021812,1.037649,2.1939e-01
dev-corpus-01,1995,25296,7.080097e-05,321,321,2.506323,2.524922,1.3421e-01
dev-corpus-01,1996,321,8.637506e-05,321,321,0.448188,0.449482,1.2516e-01
dev-corpus-01,1997,38480,9.779477e-05,1324,1324,2.933978,2.932403,1.3372e-01
dev-corpus-01,1998,3679,1.450778e-04,279,279,5.199984,5.230665,1.5615e-01
dev-corpus-01,1999,975,3.652349e-04,18867,18867,1.709631,1.679610,1.4722e-01
dev-corpus-01,2000,5145,8.278968e-05,25296,25296,3.213237,3.207671,1.7154e-01
dev-corpus-01,2001,25296,3.470747e-04,25296,25296,0.257299,0.248524,1.5155e-01
dev-corpus-01,2002,641,9.390432e-05,641,641,0.430772,0.436685,1.1549e-01
dev-corpus-01,2003,328,2.017050e-04,561,561,1.290293,1.309469,2.1561e-01
dev-corpus-01,2004,20112,1.988030e-04,3851,3851,4.398656,4.405105,1.0076e-01
dev-corpus-01,2005,4470,4.374940e-04,182248,182248,5.905383,5.945217,1.5507e-01
dev-corpus-01,2006,667,1.057814e-04,667,667,0.604417,0.596182,1.8609e-01
dev-corpus-01,2007,1297,3.257675e-04,328,328,4.128555,4.118820,1.3014e-01
dev-corpus-01,2008,2088,5.823141e-04,436,436,4.241860,4.205596,1.3890e-01
dev-corpus-01,2009,179740,6.391265e-04,426,426,5.448849,5.488073,1.6354e-01
dev-corpus-01,2010,387,2.682760e-04,11620,11620,6.020166,5.999740,1.3687e-01
dev-corpus-01,2011,20149,3.955327e-04,20149,20149,0.795441,0.786638,2.1297e-01
dev-corpus-01,2012,8426,4.809442e-07,8426,8426,0.000838,0.000847,2.1561e-01
dev-corpus-01,2013,57298,1.431607e-04,57298,57298,0.264461,0.266733,2.1224e-01
dev-corpus-01,2014,5405,1.424801e-05,5405,5405,0.010812,0.010565,1.7495e-01
dev-corpus-01,2015,328,9.601374e-06,328,328,0.027603,0.027886,1.4825e-01
dev-corpus-01,2016,557,1.291583e-04,557,557,1.430207,1.425291,1.5278e-01
dev-corpus-01,2017,5698,2.332954e-04,279,279,1.374949,1.371546,2.0988e-01
dev-corpus-01,2018,303,1.392253e-04,430,430,1.098846,1.084416,1.3923e-01
dev-corpus-01,2019,3114,5.958459e-04,220,220,3.182594,3.139372,1.3146e-01
dev-corpus-01,2020,220,8.218280e-06,220,220,0.079860,0.079485,1.6153e-01
dev-corpus-01,2021,17,4.887648e-07,17,17,0.002835,0.002813,3.2494e-01
dev-corpus-01,2022,15,1.391691e-06,15,15,0.000538,0.000565,4.1591e-01
dev-corpus-01,2023,16,9.770699e-08,16,16,0.000641,0.000645,1.3756e-01
dev-corpus-01,2024,17,4.301313e-05,17,17,0.105645,0.102766,9.1822e-02
dev-corpus-01,2025,2502,3.031809e-04,321,321,4.287228,4.261943,1.5365e-01
dev-corpus-01,2026,328,9.474859e-05,424,424,2.282678,2.283001,1.1779e-01
dev-corpus-01,2027,2568,2.060480e-04,3851,3851,4.089929,4.128401,9.3257e-02
dev-corpus-01,2028,3297,2.647511e-04,3297,3297,1.638404,1.626703,1.5803e-01
dev-corpus-01,2029,42146,1.585681e-04,42146,42146,0.116188,0.112229,1.9031e-01
dev-corpus-01,2030,328,2.264869e-04,328,328,0.499833,0.509041,1.4552e-01
dev-corpus-01,2031,303,1.244401e-04,557,557,2.267386,2.267465,1.3621e-01
dev-corpus-01,2032,5589,2.320579e-04,5361,5361,1.743522,1.763494,1.4633e-01
dev-corpus-01,2033,220,4.921592e-05,220,220,0.176736,0.173400,1.4100e-01
dev-corpus-01,2034,17,1.852285e-05,17,17,0.001647,0.001495,6.5483e-01
dev-corpus-01,2035,15,1.023959e-05,15,15,0.000849,0.000726,3.8634e-01
dev-corpus-01,2036,16,3.351100e-06,16,16,0.000136,0.000114,5.4243e-01
dev-corpus-01,2037,17,1.925399e-06,17,17,0.004926,0.004846,1.4483e-01
dev-corpus-01,2038,1116,4.304061e-05,2502,2502,2.059129,2.052948,1.4225e-01
dev-corpus-01,2039,321,2.159308e-04,321,321,0.360019,0.371139,2.0496e-01
dev-corpus-01,2040,328,8.211889e-05,328,328,0.202371,0.204917,1.5333e-01
dev-corpus-01,2041,11493,1.865102e-04,3851,3851,4.291715,4.291958,1.2149e-01
dev-corpus-01,2042,27713,3.332757e-04,2088,2088,3.649293,3.633212,1.3603e-01
dev-corpus-01,2043,2233,7.456904e-04,629,2233,2.099692,2.062286,2.1496e-01
dev-corpus-01,2044,59725,2.900411e-04,9124,9124,6.214919,6.183388,1.7458e-01
dev-corpus-01,2045,166406,4.112322e-04,166406,166406,0.155905,0.144897,1.7691e-01
dev-corpus-01,2046,328,1.200890e-05,328,328,0.019980,0.020148,1.7375e-01
dev-corpus-01,2047,303,2.482036e-04,303,303,0.246971,0.239904,1.5958e-01
dev-corpus-02,2048,3856,5.564720e-04,283,283,6.519180,6.450624,1.8779e-01
dev-corpus-02,2049,70577,4.228526e-04,220,220,9.317687,9.402216,2.1970e-01
dev-corpus-02,2050,353,4.209039e-03,14016,14016,1.800818,1.919766,3.1354e-01
dev-corpus-02,2051,55603,1.623112e-03,3593,3593,2.227047,2.283431,2.4453e-01
dev-corpus-02,2052,283,6.898328e-04,283,283,0.762085,0.762526,2.2558e-01
dev-corpus-02,2053,30858,1.235385e-04,198,198,12.594234,12.689533,2.5734e-01
dev-corpus-02,2054,561,8.603032e-04,410,410,7.477747,7.537084,3.3211e-01
dev-corpus-02,2055,3856,1.851232e-04,5753,5753,1.791719,1.788227,1.7996e-01
dev-corpus-02,2056,70577,4.565153e-05,70577,70577,0.056270,0.058263,1.7506e-01
dev-corpus-02,2057,353,2.619731e-04,353,353,0.174582,0.169755,2.1367e-01
dev-corpus-02,2058,557,1.557703e-04,557,557,0.804722,0.809851,1.7331e-01
dev-corpus-02,2059,264,3.411623e-04,264,264,0.582845,0.602481,1.8956e-01
dev-corpus-02,2060,523,3.902848e-04,5753,5753,1.305844,1.314039,2.4097e-01
dev-corpus-02,2061,314,9.258262e-06,314,314,0.006596,0.006612,2.2305e-01
dev-corpus-02,2062,2526,1.755564e-03,5753,5753,4.302749,4.408838,2.5555e-01
dev-corpus-02,2063,33101,3.191269e-04,5753,5753,3.249348,3.186225,2.3002e-01
dev-corpus-02,2064,82588,6.395236e-04,82588,82588,0.559334,0.544446,2.4421e-01
dev-corpus-02,2065,318,1.730548e-04,5617,5617,2.229252,2.233006,2.0069e-01
dev-corpus-02,2066,533,2.753100e-04,52,52,4.511460,4.544609,1.7439e-01
dev-corpus-02,2067,554,2.228104e-04,12,12,14.962958,14.892290,3.0473e-01
dev-corpus-02,2068,12,1.047239e-03,2436,2436,3.005989,3.010479,2.4857e-01
dev-corpus-02,2069,31,6.033660e-04,1191,1191,9.412109,9.378496,2.4103e-01
dev-corpus-02,2070,30592,7.348189e-04,1191,1191,3.254222,3.274542,2.5407e-01
dev-corpus-02,2071,847,1.469411e-04,8,8,1.007147,1.020140,1.5322e-01
dev-corpus-02,2072,5617,2.179822e-04,5617,5617,0.775255,0.774473,1.9051e-01
dev-corpus-02,2073,303,6.932838e-04,364,364,1.848889,1.785757,1.9540e-01
dev-corpus-02,2074,9564,2.667863e-04,9564,9564,0.560303,0.555953,2.0305e-01
dev-corpus-02,2075,506,9.939293e-05,2261,2261,2.221650,2.230777,1.6173e-01
dev-corpus-02,2076,279,7.619585e-06,279,279,0.010450,0.010736,1.9549e-01
dev-corpus-02,2077,6941,4.260907e-05,6941,6941,0.563273,0.564380,1.6816e-01
dev-corpus-02,2078,314,1.826135e-06,314,314,0.006933,0.006841,9.5233e-02
dev-corpus-02,2079,279,4.138024e-05,4196,4196,1.206246,1.218144,1.4552e-01
dev-corpus-02,2080,5339,1.492824e-04,5339,5339,0.355566,0.353490,1.4816e-01
dev-corpus-02,2081,4196,1.016007e-06,4196,4196,0.004350,0.004320,1.3203e-01
dev-corpus-02,2082,4843,1.432161e-06,4843,4843,0.002217,0.002149,1.6510e-01
dev-corpus-02,2083,641,5.275898e-05,13,13,2.006268,1.999946,1.4543e-01
dev-corpus-02,2084,220,1.924589e-04,561,561,3.922053,3.920297,1.6809e-01
dev-corpus-02,2085,17,4.739656e-04,16,16,2.028973,2.014442,1.7296e-01
dev-corpus-02,2086,15,4.125651e-04,15,15,1.256897,1.294400,2.2654e-01
dev-corpus-02,2087,30592,1.461665e-03,15,15,2.623025,2.604755,1.7282e-01
dev-corpus-02,2088,998,3.627338e-05,998,998,0.546001,0.543943,1.4546e-01
dev-corpus-02,2089,19729,2.372049e-04,5617,5617,3.424921,3.413643,2.2162e-01
dev-corpus-02,2090,1116,3.517426e-04,303,303,3.081691,3.077607,1.5087e-01
dev-corpus-02,2091,1379,3.681083e-04,220,220,5.010154,4.996650,1.8679e-01
dev-corpus-02,2092,314,1.712939e-04,314,314,0.477565,0.481064,1.4550e-01
dev-corpus-02,2093,864,3.360179e-05,1070,1070,0.839727,0.846142,1.3456e-01
dev-corpus-02,2094,3804,1.810859e-04,998,998,4.630631,4.619777,1.4567e-01
dev-corpus-02,2095,1083,3.416002e-04,310,310,1.459730,1.476198,1.7579e-01
dev-corpus-02,2096,2393,1.038354e-04,2393,2393,0.147662,0.150613,1.6685e-01
dev-corpus-02,2097,440,1.932165e-04,303,303,1.358788,1.375413,1.5758e-01
dev-corpus-02,2098,279,1.105270e-04,279,279,0.104895,0.103098,2.0093e-01
dev-corpus-02,2099,5753,2.675911e-04,5753,5753,0.675658,0.664307,1.6874e-01
dev-corpus-02,2100,28936,3.619005e-04,28936,28936,0.527404,0.546525,1.7606e-01
dev-corpus-02,2101,18463,4.290020e-05,18463,18463,0.080685,0.081629,1.5972e-01
dev-corpus-02,2102,641,5.252343e-04,641,641,1.251680,1.241203,2.0480e-01
dev-corpus-02,2103,2436,1.927169e-04,220,220,8.022319,8.037754,1.2103e-01
dev-corpus-02,2104,1798,1.294840e-05,1798,1798,0.017559,0.017733,1.7052e-01
dev-corpus-02,2105,314,3.607256e-04,314,314,1.032470,1.015571,1.3114e-01
dev-corpus-02,2106,411,1.513682e-04,411,411,0.361730,0.372180,1.5353e-01
dev-corpus-02,2107,2790,1.280487e-04,523,523,4.365957,4.374487,1.2622e-01
dev-corpus-02,2108,998,1.855725e-04,998,998,0.374213,0.374712,1.5936e-01
dev-corpus-02,2109,1048,3.990061e-04,1048,1048,1.689002,1.693935,1.5198e-01
dev-corpus-02,2110,22428,7.561340e-04,5617,5617,2.995425,3.037782,1.8134e-01
dev-corpus-02,2111,539,3.517189e-05,539,539,0.079412,0.079982,1.6316e-01
dev-corpus-02,2112,279,3.523586e-04,279,279,0.587354,0.605049,1.7398e-01
dev-corpus-02,2113,12555,7.567911e-04,12555,12555,1.023582,1.051290,1.5479e-01
dev-corpus-02,2114,298,8.545140e-06,298,298,0.003978,0.003931,1.8734e-01
dev-corpus-02,2115,554,4.992684e-05,10951,10951,4.486903,4.547351,1.2755e-01
dev-corpus-02,2116,12,3.004299e-04,12,12,0.113374,0.117162,1.8680e-01
dev-corpus-02,2117,31,3.705431e-05,31,31,0.060089,0.060617,2.5378e-01
dev-corpus-02,2118,54871,4.410748e-05,54871,54871,0.048739,0.047558,1.8302e-01
dev-corpus-02,2119,18463,7.591882e-05,18463,18463,0.877259,0.871079,1.6945e-01
dev-corpus-02,2120,318,1.664297e-04,321,321,2.507504,2.473546,1.3071e-01
dev-corpus-02,2121,64702,5.835890e-04,220,220,8.320804,8.325031,1.7640e-01
dev-corpus-02,2122,19395,1.884811e-04,19395,19395,0.153556,0.149927,2.4329e-01
dev-corpus-02,2123,1962,3.635297e-04,1962,1962,0.207768,0.209844,1.7357e-01
dev-corpus-02,2124,181245,3.637507e-04,22661,22661,2.121741,2.084671,2.1122e-01
dev-corpus-02,2125,19395,4.612547e-06,19395,19395,0.004743,0.004914,1.6227e-01
dev-corpus-02,2126,163935,3.790660e-04,22248,22248,1.601918,1.604165,2.5813e-01
dev-corpus-02,2127,3445,1.243169e-05,3445,3445,0.005493,0.005809,1.7552e-01
dev-corpus-02,2128,71688,8.158182e-06,71688,71688,0.002291,0.002481,1.8524e-01
dev-corpus-02,2129,466,1.217170e-04,847,847,4.138611,4.151479,1.5477e-01
dev-corpus-02,2130,710,4.367404e-04,710,710,0.556099,0.540425,2.2628e-01
dev-corpus-02,2131,11299,6.395875e-04,11299,11299,1.097082,1.135729,1.5862e-01
dev-corpus-02,2132,11024,8.763952e-05,11024,11024,0.104509,0.100505,1.7650e-01
dev-corpus-02,2133,13,1.936617e-04,13,13,0.806953,0.804906,1.6200e-01
dev-corpus-02,2134,163935,6.607260e-04,163935,163935,0.559866,0.586742,1.8535e-01
dev-corpus-02,2135,3445,5.338129e-07,3445,3445,0.000840,0.000846,1.6517e-01
dev-corpus-02,2136,71688,6.134741e-07,71688,71688,0.001271,0.001289,1.2449e-01
dev-corpus-02,2137,847,5.668492e-05,847,847,0.213494,0.210545,1.0810e-01
dev-corpus-02,2138,321,3.323471e-04,321,321,0.781626,0.767665,1.3340e-01
dev-corpus-02,2139,279,2.101559e-04,279,279,0.391996,0.386286,1.8865e-01
dev-corpus-02,2140,85573,5.466143e-04,66675,66675,1.923705,1.934552,1.6247e-01
dev-corpus-02,2141,18463,2.330353e-04,18463,18463,0.209339,0.201739,1.5230e-01
dev-corpus-02,2142,641,1.387339e-04,641,641,0.704295,0.694809,1.5159e-01
dev-corpus-02,2143,561,1.381465e-04,198,198,2.058044,2.056921,1.3373e-01
dev-corpus-02,2144,1809,1.236414e-04,3856,3856,9.455289,9.460510,1.5355e-01
dev-corpus-02,2145,369,2.099293e-04,314,314,2.925229,2.927113,1.5433e-01
dev-corpus-02,2146,6807,2.321862e-04,6807,6807,2.278161,2.256371,1.5776e-01
dev-corpus-02,2147,3750,7.967970e-05,13464,13464,3.021819,3.014375,1.2288e-01
dev-corpus-02,2148,430,1.746213e-05,430,430,0.122122,0.121787,1.4462e-01
dev-corpus-02,2149,279,1.694939e-04,279,279,0.189056,0.194379,1.7317e-01
dev-corpus-02,2150,70577,7.651573e-04,70577,70577,1.741564,1.675455,1.7156e-01
dev-corpus-02,2151,554,1.564092e-03,353,353,2.630749,2.647959,1.9102e-01
dev-corpus-02,2152,12,1.370312e-04,12,12,0.074899,0.078260,2.2184e-01
dev-corpus-02,2153,31,2.201115e-05,31,31,0.025940,0.026339,2.3502e-01
dev-corpus-02,2154,220,1.124975e-03,353,353,1.953211,1.997809,1.9214e-01
dev-corpus-02,2155,16,8.741886e-05,16,16,0.629529,0.636221,2.5288e-01
dev-corpus-02,2156,523,3.610864e-04,24,24,1.569775,1.577616,1.4626e-01
dev-corpus-02,2157,1238,1.032152e-04,641,641,7.140215,7.141578,1.6872e-01
dev-corpus-02,2158,13322,1.075418e-04,279,279,13.177488,13.157392,1.8417e-01
dev-corpus-02,2159,70577,3.681922e-04,70577,70577,0.058862,0.053751,3.0085e-01
dev-corpus-02,2160,554,4.056450e-04,554,554,0.287424,0.302979,1.6754e-01
dev-corpus-02,2161,12,1.817217e-06,12,12,0.001745,0.001807,2.0889e-01
dev-corpus-02,2162,31,3.441870e-05,31,31,0.006031,0.005530,3.3298e-01
dev-corpus-02,2163,220,3.841139e-06,220,220,0.014101,0.014302,1.9167e-01
dev-corpus-02,2164,16,2.541219e-05,16,16,0.021039,0.021956,3.2898e-01
dev-corpus-02,2165,1116,2.609847e-04,1116,1116,0.745261,0.737292,2.0297e-01
dev-corpus-02,2166,279,8.254202e-05,279,279,0.206750,0.206649,1.9832e-01
dev-corpus-02,2167,523,3.648153e-04,1118,1118,4.661302,4.725702,1.7504e-01
dev-corpus-02,2168,7410,7.559853e-04,7410,7410,0.491530,0.465102,1.9911e-01
dev-corpus-02,2169,641,8.948804e-05,641,641,0.469619,0.468362,1.6148e-01
dev-corpus-02,2170,733,1.163014e-04,198,198,4.606992,4.607152,1.3784e-01
dev-corpus-02,2171,279,2.874920e-04,220,220,1.984444,1.980091,1.3849e-01
dev-corpus-02,2172,12555,4.525128e-04,5753,5753,3.908138,3.864586,1.6195e-01
dev-corpus-02,2173,298,1.648620e-06,298,298,0.002983,0.003019,1.8740e-01
dev-corpus-02,2174,554,1.271915e-04,554,554,0.054755,0.051737,1.2359e-01
dev-corpus-02,2175,12,6.254113e-06,12,12,0.001802,0.001936,1.7418e-01
dev-corpus-02,2176,31,2.608348e-06,31,31,0.002059,0.002086,3.6140e-01
dev-corpus-02,2177,54871,8.922299e-06,54871,54871,0.012234,0.011990,2.3106e-01
dev-corpus-02,2178,18463,7.235845e-05,18463,18463,0.594986,0.598177,1.5606e-01
dev-corpus-02,2179,1116,1.352831e-04,1116,1116,0.836716,0.831825,1.5719e-01
dev-corpus-02,2180,424,2.041025e-04,279,279,3.382413,3.389231,1.6617e-01
dev-corpus-02,2181,557,1.126890e-04,557,557,0.175229,0.169809,1.4689e-01
dev-corpus-02,2182,2512,6.792045e-05,3750,3750,2.499599,2.498710,1.6231e-01
dev-corpus-02,2183,279,1.022960e-04,279,279,0.196827,0.198528,1.7744e-01
dev-corpus-02,2184,533,7.893827e-04,533,533,0.889882,0.880867,1.9091e-01
dev-corpus-02,2185,554,9.154234e-04,554,554,0.568435,0.545205,3.0446e-01
dev-corpus-02,2186,12,1.270775e-05,12,12,0.005909,0.006228,1.9159e-01
dev-corpus-02,2187,31,5.106602e-04,31,31,0.036910,0.031122,3.5703e-01
dev-corpus-02,2188,220,9.198137e-05,220,220,0.252867,0.251741,1.9817e-01
dev-corpus-02,2189,16,8.594780e-05,16,16,0.546015,0.553857,2.2327e-01
dev-corpus-02,2190,15,1.461431e-04,523,523,3.517017,3.510515,1.8795e-01
dev-corpus-02,2191,523,1.247379e-04,523,523,0.649139,0.658015,1.5888e-01
dev-corpus-02,2192,641,1.116062e-04,641,641,0.531276,0.524937,1.5370e-01
dev-corpus-02,2193,695,1.919893e-04,198,198,1.713884,1.726642,3.1256e-01
dev-corpus-02,2194,31959,2.519172e-04,410,410,6.543587,6.535433,1.3998e-01
dev-corpus-02,2195,310,2.070419e-04,303,303,2.332120,2.309189,1.7092e-01
dev-corpus-02,2196,3258,2.697885e-04,264,264,4.078608,4.074127,1.5545e-01
dev-corpus-02,2197,279,1.714390e-04,279,279,0.657458,0.652608,1.5948e-01
dev-corpus-02,2198,1144,4.073784e-04,32556,32556,1.982076,1.985795,1.3604e-01
dev-corpus-02,2199,364,1.934539e-05,364,364,0.083717,0.083073,1.8305e-01
dev-corpus-02,2200,2526,1.977409e-04,264,264,1.627249,1.632561,1.6901e-01
dev-corpus-02,2201,42649,1.785591e-04,82588,82588,11.383401,11.409087,1.5019e-01
dev-corpus-02,2202,470,2.306312e-05,470,470,0.135810,0.137493,1.7581e-01
dev-corpus-02,2203,82588,3.066276e-04,82588,82588,1.136359,1.133987,1.6577e-01
dev-corpus-02,2204,2858,2.548042e-04,364,364,4.836078,4.847986,1.6792e-01
dev-corpus-02,2205,310,1.725978e-06,310,310,0.002961,0.002928,1.4890e-01
dev-corpus-02,2206,14061,4.050149e-04,14061,14061,0.582153,0.600641,1.6584e-01
dev-corpus-02,2207,303,1.801757e-04,303,303,0.679821,0.686268,1.5692e-01
dev-corpus-02,2208,279,2.349033e-04,33101,33101,1.415892,1.431602,1.5004e-01
dev-corpus-02,2209,14590,2.922112e-04,33101,33101,2.977287,2.974934,1.4561e-01
dev-corpus-02,2210,1116,3.156015e-04,33101,33101,5.432764,5.445983,1.5905e-01
dev-corpus-02,2211,24785,3.743686e-04,24785,24785,0.539401,0.533331,1.5460e-01
dev-corpus-02,2212,49998,2.201494e-04,19895,19895,4.614276,4.675801,1.5318e-01
dev-corpus-02,2213,974,2.742254e-04,314,314,3.384810,3.381557,1.5005e-01
dev-corpus-02,2214,426,7.424052e-05,279,279,7.117549,7.140450,1.8861e-01
dev-corpus-02,2215,82036,3.095386e-06,82036,82036,0.003214,0.003219,1.9453e-01
dev-corpus-02,2216,1116,2.550198e-04,321,321,1.209684,1.183902,1.9750e-01
dev-corpus-02,2217,279,1.644253e-04,279,279,0.761442,0.749836,1.7801e-01
dev-corpus-02,2218,29001,5.514354e-05,70577,70577,6.331818,6.308908,1.4106e-01
dev-corpus-02,2219,998,1.426507e-04,998,998,0.417409,0.410482,1.4128e-01
dev-corpus-02,2220,10287,5.043749e-04,5995,5995,3.999077,3.968277,1.4178e-01
dev-corpus-02,2221,310,1.950893e-04,310,310,0.389988,0.377358,1.6995e-01
dev-corpus-02,2222,381,4.865709e-04,381,381,1.315886,1.344173,1.8120e-01
dev-corpus-02,2223,5964,6.663161e-04,1429,1429,5.693366,5.710720,1.7580e-01
dev-corpus-02,2224,19729,4.041311e-04,19729,19729,1.266071,1.265577,1.7936e-01
dev-corpus-02,2225,1116,4.980693e-05,321,321,2.677692,2.682659,1.3936e-01
dev-corpus-02,2226,1179,3.838118e-04,11533,11533,6.606898,6.643486,1.4100e-01
dev-corpus-02,2227,26380,8.208535e-04,25241,25241,4.124989,4.091238,1.9275e-01
dev-corpus-02,2228,539,7.101667e-04,310,310,2.499123,2.462907,2.7467e-01
dev-corpus-02,2229,13176,1.998727e-04,13176,13176,0.300813,0.306479,1.7647e-01
dev-corpus-02,2230,321,7.348777e-05,310,310,2.879228,2.884077,1.8418e-01
dev-corpus-02,2231,32878,4.298766e-04,32878,32878,0.566072,0.565347,1.8139e-01
dev-corpus-02,2232,506,2.006973e-04,506,506,0.837333,0.828622,1.4242e-01
dev-corpus-02,2233,836,5.273920e-04,836,836,0.878121,0.908190,1.9870e-01
dev-corpus-02,2234,2548,2.406148e-04,8833,8833,4.922698,4.931222,1.4415e-01
dev-corpus-02,2235,314,1.135856e-04,314,314,0.096479,0.100166,1.5421e-01
dev-corpus-02,2236,5488,7.865623e-04,8833,8833,2.565283,2.538638,1.3910e-01
dev-corpus-02,2237,641,9.651038e-05,641,641,0.184878,0.180758,1.7239e-01
dev-corpus-02,2238,561,2.173187e-04,561,561,1.777897,1.766621,1.3835e-01
dev-corpus-02,2239,2790,3.214379e-04,70577,70577,2.759754,2.766081,1.3273e-01
dev-corpus-02,2240,4879,9.264967e-05,557,557,8.486158,8.460483,1.2381e-01
dev-corpus-02,2241,5820,1.153074e-04,557,557,3.110644,3.082443,1.1848e-01
dev-corpus-02,2242,303,3.622423e-05,303,303,0.260254,0.260886,1.3131e-01
dev-corpus-02,2243,4937,1.478391e-04,220,220,3.916644,3.915387,1.3207e-01
dev-corpus-02,2244,554,9.759957e-05,554,554,0.454805,0.462828,1.3450e-01
dev-corpus-02,2245,12,1.048855e-06,12,12,0.000195,0.000211,2.2559e-01
dev-corpus-02,2246,31,1.574462e-05,31,31,0.003453,0.003147,2.6966e-01
dev-corpus-02,2247,5963,8.175926e-05,220,220,3.990559,3.967572,1.4966e-01
dev-corpus-02,2248,220,3.383641e-05,220,220,0.085737,0.085006,1.9434e-01
dev-corpus-02,2249,16,2.805749e-06,16,16,0.003185,0.003228,2.2461e-01
dev-corpus-02,2250,24,6.895570e-06,24,24,0.003867,0.004095,2.7760e-01
dev-corpus-02,2251,16,1.771289e-06,16,16,0.001162,0.001218,1.6326e-01
dev-corpus-02,2252,19,1.839338e-03,19,19,0.186097,0.182997,2.3057e-01
dev-corpus-02,2253,321,7.035064e-05,1116,1116,1.614340,1.599540,1.3638e-01
dev-corpus-02,2254,539,3.327093e-04,279,279,3.745287,3.729945,1.3493e-01
dev-corpus-02,2255,4937,1.350716e-04,279,279,2.710574,2.732139,1.1129e-01
dev-corpus-02,2256,554,2.802266e-05,554,554,0.256816,0.258106,1.2917e-01
dev-corpus-02,2257,12,6.113923e-07,12,12,0.000098,0.000109,1.8848e-01
dev-corpus-02,2258,31,2.645088e-06,31,31,0.003452,0.003327,7.5948e-01
dev-corpus-02,2259,6324,1.565763e-04,5930,5930,1.219786,1.231482,2.0248e-01
dev-corpus-02,2260,279,3.091293e-04,220,220,2.084738,2.111110,1.6132e-01
dev-corpus-02,2261,1118,1.679852e-04,1118,1118,0.640090,0.635831,1.2661e-01
dev-corpus-02,2262,220,4.954825e-04,30592,30592,4.088621,4.047860,1.6297e-01
dev-corpus-02,2263,16,9.928789e-05,16,16,0.864934,0.852677,1.5904e-01
dev-corpus-02,2264,20,3.625972e-05,15,15,2.297397,2.302602,1.7922e-01
dev-corpus-02,2265,30592,1.673840e-04,30592,30592,0.759562,0.766180,1.5290e-01
dev-corpus-02,2266,998,6.650665e-05,998,998,0.509922,0.511733,1.4711e-01
dev-corpus-02,2267,11128,2.888162e-04,11128,11128,1.471613,1.493631,1.2843e-01
dev-corpus-02,2268,494,1.130683e-04,641,641,2.041924,2.028529,1.6659e-01
dev-corpus-02,2269,1330,2.626674e-04,279,279,3.917926,3.928266,1.5623e-01
dev-corpus-02,2270,5753,2.810411e-04,8026,8026,1.460596,1.434109,1.5607e-01
dev-corpus-02,2271,8026,1.429789e-04,8026,8026,0.448390,0.448348,1.5352e-01
dev-corpus-02,2272,54534,1.457612e-05,54534,54534,0.078199,0.078022,1.2000e-01
dev-corpus-02,2273,641,1.891292e-04,641,641,0.940142,0.948178,1.5188e-01
dev-corpus-02,2274,561,2.072739e-04,561,561,1.471743,1.474193,1.4241e-01
dev-corpus-02,2275,5753,4.624338e-04,1118,1118,3.695807,3.679439,1.2905e-01
dev-corpus-02,2276,28936,1.140983e-03,28936,28936,1.750113,1.736100,1.7342e-01
dev-corpus-02,2277,18463,3.709225e-05,18463,18463,0.051132,0.049998,1.5062e-01
dev-corpus-02,2278,26533,8.636994e-04,11128,11128,6.113431,6.085228,1.7197e-01
dev-corpus-02,2279,11128,2.768697e-04,11128,11128,0.843946,0.829671,1.3490e-01
dev-corpus-02,2280,449,1.189616e-04,220,220,2.134367,2.137175,1.5794e-01
dev-corpus-02,2281,4945,7.333750e-06,4945,4945,0.014329,0.014115,1.4434e-01
dev-corpus-02,2282,6505,2.486554e-04,220,220,10.436742,10.424372,1.3417e-01
dev-corpus-02,2283,314,1.782667e-04,314,314,0.665478,0.674577,1.5110e-01
dev-corpus-02,2284,30592,1.654296e-04,30592,30592,0.643594,0.653285,1.5404e-01
dev-corpus-02,2285,310,1.807731e-04,494,494,2.696764,2.724930,1.6820e-01
dev-corpus-02,2286,8032,3.875733e-04,381,381,2.647428,2.610592,1.7553e-01
dev-corpus-02,2287,1330,4.763602e-04,1330,1330,1.295542,1.321171,1.7860e-01
dev-corpus-02,2288,5898,8.175355e-04,5384,5384,8.216874,8.216545,1.6968e-01
dev-corpus-02,2289,310,3.306082e-04,310,310,0.154962,0.147705,3.2192e-01
dev-corpus-02,2290,33741,1.016774e-04,279,279,1.375353,1.388680,1.5741e-01
dev-corpus-02,2291,554,2.542378e-04,554,554,0.501620,0.490230,1.4912e-01
dev-corpus-02,2292,12,1.041545e-06,12,12,0.000969,0.000967,2.0654e-01
dev-corpus-02,2293,31,1.380224e-04,31,31,0.055862,0.052077,2.4306e-01
dev-corpus-02,2294,41361,2.892504e-05,41361,41361,0.055501,0.054259,2.0354e-01
dev-corpus-02,2295,1116,1.406594e-04,641,641,2.247742,2.231028,1.4712e-01
dev-corpus-02,2296,852,1.571898e-04,321,321,5.911527,5.964882,2.5862e-01
dev-corpus-02,2297,11128,3.207052e-04,995,995,2.182530,2.157492,1.4093e-01
dev-corpus-02,2298,264,2.304160e-04,220,220,2.050278,2.058918,1.2777e-01
dev-corpus-02,2299,4473,6.242337e-04,4473,4473,1.094873,1.076376,1.4354e-01
dev-corpus-02,2300,2250,9.654003e-05,220,220,2.751699,2.746147,1.2698e-01
dev-corpus-02,2301,30592,1.801727e-04,641,641,1.315466,1.310133,1.2534e-01
dev-corpus-02,2302,303,3.161423e-04,641,641,2.758073,2.736740,1.4084e-01
dev-corpus-02,2303,5632,4.559408e-04,6443,6443,4.384312,4.335299,1.8138e-01
dev-corpus-02,2304,220,3.172326e-04,220,220,0.144098,0.134634,1.5462e-01
dev-corpus-02,2305,16,2.083324e-06,16,16,0.002808,0.002729,2.8176e-01
dev-corpus-02,2306,24,6.115157e-07,24,24,0.000239,0.000230,6.7681e-01
dev-corpus-02,2307,16,3.252739e-07,16,16,0.000409,0.000397,1.3766e-01
dev-corpus-02,2308,20,1.165853e-05,20,20,0.024468,0.025159,1.5059e-01
dev-corpus-02,2309,641,1.350850e-04,641,641,0.206926,0.213605,1.3139e-01
dev-corpus-02,2310,357,1.857374e-04,695,695,2.823481,2.816407,1.3527e-01
dev-corpus-02,2311,2702,2.335691e-04,2702,2702,1.291411,1.291748,1.5452e-01
dev-corpus-02,2312,314,5.962316e-06,314,314,0.005748,0.005610,1.6865e-01
dev-corpus-02,2313,220,1.962544e-05,220,220,0.067522,0.068486,1.8261e-01
dev-corpus-02,2314,17,2.179197e-04,17,17,0.320433,0.317767,1.3954e-01
dev-corpus-02,2315,15,4.081635e-04,15,15,0.479373,0.461543,2.2827e-01
dev-corpus-02,2316,70577,1.194951e-04,30592,30592,1.812917,1.816026,1.4574e-01
dev-corpus-02,2317,2091,1.559283e-04,353,353,3.421139,3.466196,1.7173e-01
dev-corpus-02,2318,998,4.146339e-05,998,998,0.094970,0.095453,2.0762e-01
dev-corpus-02,2319,5617,1.774310e-04,5617,5617,0.675613,0.688692,1.2656e-01
dev-corpus-02,2320,641,3.759354e-04,641,641,1.328195,1.340865,1.9911e-01
dev-corpus-02,2321,23275,2.024456e-04,695,695,5.048009,5.078565,1.3282e-01
dev-corpus-02,2322,314,1.762571e-04,557,557,1.541092,1.521261,1.6062e-01
dev-corpus-02,2323,279,2.503867e-04,279,279,0.448615,0.453280,1.8230e-01
dev-corpus-02,2324,1118,7.143015e-04,1118,30592,1.604778,1.650791,3.0766e-01
dev-corpus-02,2325,30592,2.115557e-04,14882,14882,2.288673,2.314587,1.4003e-01
dev-corpus-02,2326,364,1.366738e-04,5820,5820,7.978427,7.949880,1.3500e-01
dev-corpus-02,2327,9564,5.381712e-04,279,279,2.896499,3.008042,2.2293e-01
dev-corpus-02,2328,5820,1.302656e-04,5820,5820,1.226946,1.241024,1.4125e-01
dev-corpus-02,2329,303,1.064475e-04,303,303,0.320827,0.313715,1.3654e-01
dev-corpus-02,2330,3988,1.752354e-04,6324,6324,3.012654,3.021335,1.2424e-01
dev-corpus-02,2331,6492,4.728740e-04,6324,6324,1.398676,1.444268,1.3899e-01
dev-corpus-02,2332,220,5.843143e-05,220,220,0.177693,0.173955,1.3692e-01
dev-corpus-02,2333,16,5.825800e-06,16,16,0.002798,0.002916,4.1855e-01
dev-corpus-02,2334,24,9.556431e-07,24,24,0.000116,0.000130,4.3772e-01
dev-corpus-02,2335,16,4.711218e-07,16,16,0.000275,0.000261,1.6053e-01
dev-corpus-02,2336,19,5.572042e-06,19,19,0.005283,0.005523,1.1476e-01
dev-corpus-02,2337,2502,1.078942e-04,321,321,3.590218,3.608982,1.2603e-01
dev-corpus-02,2338,660,2.864305e-04,279,279,3.917347,3.947267,1.8704e-01
dev-corpus-02,2339,220,2.568849e-04,220,220,1.266196,1.267651,1.3267e-01
dev-corpus-02,2340,17,3.437836e-06,17,17,0.201762,0.201118,1.4749e-01
dev-corpus-02,2341,15,1.719257e-06,15,15,0.012054,0.012129,1.4296e-01
dev-corpus-02,2342,998,4.178459e-05,30592,30592,1.208717,1.206776,1.6760e-01
dev-corpus-02,2343,7888,2.786280e-04,7888,7888,0.553179,0.563833,1.3865e-01
dev-corpus-02,2344,539,6.106045e-05,539,539,0.596588,0.591293,1.3085e-01
dev-corpus-02,2345,6324,2.780881e-04,279,279,3.226307,3.210617,1.5616e-01
dev-corpus-02,2346,220,1.031886e-05,220,220,0.011171,0.011533,1.5653e-01
dev-corpus-02,2347,16,4.433033e-05,16,16,0.004636,0.005270,1.0216e+00
dev-corpus-02,2348,24,9.888440e-07,24,24,0.001506,0.001504,3.1277e-01
dev-corpus-02,2349,16,1.955565e-05,16,16,0.004772,0.004372,3.7077e-01
dev-corpus-02,2350,20,1.116524e-04,20,20,0.165251,0.159131,1.6176e-01
dev-corpus-02,2351,641,3.229139e-05,641,641,0.122168,0.119752,1.3318e-01
dev-corpus-02,2352,24876,9.011547e-05,695,695,6.399380,6.413852,1.4812e-01
dev-corpus-02,2353,314,1.933273e-04,30592,30592,1.459211,1.451759,1.5498e-01
dev-corpus-02,2354,279,9.673115e-06,279,279,0.244013,0.245611,1.2317e-01
dev-corpus-02,2355,1118,4.967176e-04,30592,30592,3.088852,3.160453,1.8776e-01
dev-corpus-02,2356,30592,1.690885e-04,30592,30592,0.549789,0.543402,1.2325e-01
dev-corpus-02,2357,52181,1.770735e-04,998,998,6.328270,6.301676,2.7216e-01
dev-corpus-02,2358,18506,7.722223e-04,18506,18506,1.786469,1.742696,1.6450e-01
dev-corpus-02,2359,303,3.109190e-04,303,303,1.015041,1.027288,1.6105e-01
dev-corpus-02,2360,5753,2.862991e-04,279,279,3.190287,3.194079,1.4773e-01
dev-corpus-02,2361,2046,1.243126e-04,19895,19895,4.790375,4.809411,1.7608e-01
dev-corpus-02,2362,19895,3.843753e-05,19895,19895,0.015137,0.014249,1.5971e-01
dev-corpus-02,2363,1116,1.576213e-04,1518,1518,2.222115,2.217584,1.3531e-01
dev-corpus-02,2364,694,2.202425e-04,694,694,1.019749,1.036524,1.7976e-01
dev-corpus-02,2365,279,2.454630e-04,1379,1379,1.369745,1.357492,1.4181e-01
dev-corpus-02,2366,2645,1.547399e-04,8421,8421,3.115093,3.102079,1.3053e-01
dev-corpus-02,2367,998,7.707666e-05,998,998,0.293642,0.294677,1.4431e-01
dev-corpus-02,2368,32878,4.984142e-04,26380,26380,3.389022,3.420845,1.4494e-01
dev-corpus-02,2369,321,1.889297e-04,303,303,2.222923,2.222202,1.8957e-01
dev-corpus-02,2370,12152,9.380378e-04,2113,2113,2.799976,2.728658,1.9024e-01
dev-corpus-02,2371,506,2.244717e-04,303,303,1.436479,1.421335,1.6180e-01
dev-corpus-02,2372,2892,3.339246e-04,836,836,8.005926,7.997758,2.2010e-01
dev-corpus-02,2373,6543,7.099302e-04,63227,63227,2.716163,2.721189,1.6462e-01
dev-corpus-02,2374,91064,8.842767e-06,91064,91064,0.005369,0.005092,2.5133e-01
dev-corpus-02,2375,466,1.084723e-04,466,466,0.448875,0.456241,1.8672e-01
dev-corpus-02,2376,224612,1.775543e-03,224612,227862,1.638219,1.704969,2.0929e-01
dev-corpus-02,2377,641,2.006016e-04,641,641,0.661582,0.659864,1.5667e-01
dev-corpus-02,2378,561,1.183790e-04,695,695,2.062952,2.069122,1.6650e-01
dev-corpus-02,2379,5753,4.262934e-04,70577,70577,2.547003,2.526362,1.4898e-01
dev-corpus-02,2380,30592,4.509622e-04,30592,30592,0.826633,0.803051,1.7381e-01
dev-corpus-02,2381,22428,1.361108e-04,998,998,3.999734,4.020418,1.6515e-01
dev-corpus-02,2382,15048,2.355740e-04,303,303,2.695223,2.692549,1.3781e-01
dev-corpus-02,2383,303,1.016827e-04,303,303,0.443321,0.444656,1.3616e-01
dev-corpus-02,2384,279,6.531253e-05,279,279,0.096321,0.098963,1.5269e-01
dev-corpus-02,2385,426,2.112390e-04,4634,4634,5.122306,5.122686,1.7097e-01
dev-corpus-02,2386,82036,3.339610e-05,82036,82036,0.008909,0.009510,1.9686e-01
dev-corpus-02,2387,1116,8.186035e-04,2982,2982,3.081268,3.081539,1.9699e-01
dev-corpus-02,2388,69543,6.811496e-04,4634,4634,3.804506,3.802395,1.7513e-01
dev-corpus-02,2389,1116,1.352347e-05,321,321,1.248042,1.243617,1.5272e-01
dev-corpus-02,2390,321,1.135261e-04,321,321,0.338060,0.334574,1.6145e-01
dev-corpus-02,2391,88047,1.947605e-04,4634,4634,10.590919,10.599674,1.5693e-01
dev-corpus-02,2392,1125,1.402276e-05,1125,1125,0.018735,0.018814,1.8717e-01
dev-corpus-02,2393,2893,4.079190e-04,42316,42316,9.696192,9.719259,1.6964e-01
dev-corpus-02,2394,349,5.522805e-05,349,349,0.184047,0.183762,1.7584e-01
dev-corpus-02,2395,32141,1.012041e-04,32141,32141,0.083295,0.079379,1.6534e-01
dev-corpus-02,2396,641,1.926715e-04,641,641,0.643466,0.657894,1.4162e-01
dev-corpus-02,2397,561,9.017605e-05,561,561,0.872872,0.870496,1.5440e-01
dev-corpus-02,2398,30592,5.646053e-04,12555,12555,3.465033,3.459635,1.2757e-01
dev-corpus-02,2399,998,3.032957e-04,998,998,1.150197,1.154393,1.8977e-01
dev-corpus-02,2400,883,4.570936e-04,1048,1048,7.332256,7.413313,1.4886e-01
dev-corpus-02,2401,220,5.927512e-05,220,220,0.135594,0.136174,1.7237e-01
dev-corpus-02,2402,17,2.790994e-04,18,18,1.727384,1.696220,1.6605e-01
dev-corpus-02,2403,23,8.791689e-05,20,20,2.076662,2.088522,1.4958e-01
dev-corpus-02,2404,35058,3.796699e-04,19434,19434,3.211078,3.189944,1.5981e-01
dev-corpus-02,2405,318,7.181834e-05,318,318,0.481488,0.489934,1.2666e-01
dev-corpus-02,2406,220,7.683520e-05,220,220,0.165355,0.161714,1.9897e-01
dev-corpus-02,2407,24,7.212736e-06,24,24,0.024672,0.024821,2.4318e-01
dev-corpus-02,2408,17,2.629810e-04,17,17,0.130044,0.123342,1.9487e-01
dev-corpus-02,2409,10169,2.658558e-05,10169,10169,0.149060,0.149378,1.6538e-01
dev-corpus-02,2410,847,7.931165e-05,847,847,0.072009,0.075328,1.4332e-01
dev-corpus-02,2411,1248,1.392251e-04,1248,1248,0.279279,0.270333,1.3505e-01
dev-corpus-02,2412,321,7.906913e-05,321,321,0.661235,0.660811,1.6687e-01
dev-corpus-02,2413,46539,3.193056e-04,46539,46539,1.441013,1.430705,1.3003e-01
dev-corpus-02,2414,220,4.258089e-05,220,220,0.415848,0.417707,1.2366e-01
dev-corpus-02,2415,16,1.478277e-04,16,16,0.333909,0.341812,1.4988e-01
dev-corpus-02,2416,17,6.912846e-05,17,17,1.655118,1.653462,1.9131e-01
dev-corpus-02,2417,22,2.567274e-05,20,20,2.366239,2.367314,1.4926e-01
dev-corpus-02,2418,49209,2.936499e-04,19008,19008,0.898063,0.914693,1.6850e-01
dev-corpus-02,2419,318,1.928195e-04,318,318,0.406810,0.418531,2.1969e-01
dev-corpus-02,2420,220,8.575816e-05,220,220,0.035385,0.036137,2.5426e-01
dev-corpus-02,2421,16,5.815009e-05,16,16,0.032949,0.034175,2.0343e-01
dev-corpus-02,2422,17,1.027499e-04,18,18,0.971962,0.978596,3.2284e-01
dev-corpus-02,2423,20,5.716872e-04,24,24,1.405268,1.367597,1.7037e-01
dev-corpus-02,2424,1248,2.731360e-04,1248,1248,0.627724,0.630793,1.9169e-01
dev-corpus-02,2425,19008,3.156616e-05,19008,19008,0.023815,0.023573,3.1491e-01
dev-corpus-02,2426,847,1.276236e-04,847,847,0.525363,0.537715,3.2381e-01
dev-corpus-02,2427,948,3.157548e-04,383,383,2.843831,2.817916,1.7212e-01
dev-corpus-02,2428,55619,1.176682e-03,55619,55619,0.203673,0.227095,1.9885e-01
dev-corpus-02,2429,321,7.772976e-05,321,321,0.314139,0.312909,1.3684e-01
dev-corpus-02,2430,220,7.368209e-05,220,220,0.030782,0.032795,1.5566e-01
dev-corpus-02,2431,16,1.096202e-05,16,16,0.073448,0.072446,1.4336e-01
dev-corpus-02,2432,19,1.189050e-03,20,20,1.559670,1.498231,1.3988e-01
dev-corpus-02,2433,17,7.433598e-05,22,20,2.517657,2.521106,1.2453e-01
dev-corpus-02,2434,49209,7.035960e-06,49209,49209,0.041585,0.041837,1.2103e-01
dev-corpus-02,2435,318,1.418150e-05,318,318,0.023136,0.023299,2.1401e-01
dev-corpus-02,2436,220,2.201507e-06,220,220,0.004056,0.004104,2.0377e-01
dev-corpus-02,2437,16,2.153904e-05,16,16,0.000915,0.001085,1.2070e+00
dev-corpus-02,2438,19,7.314382e-04,19,19,0.254830,0.275871,5.7003e-01
dev-corpus-02,2439,15,1.062371e-05,15,15,0.016601,0.016292,4.3606e-01
dev-corpus-02,2440,1248,4.440158e-05,1248,1248,0.015252,0.014434,3.3120e-01
dev-corpus-02,2441,19008,9.733170e-07,19008,19008,0.000532,0.000556,4.0593e-01
dev-corpus-02,2442,847,1.170109e-05,847,847,0.006748,0.006848,3.7503e-01
dev-corpus-02,2443,1345,1.763110e-04,948,948,4.546066,4.527214,1.7754e-01
dev-corpus-02,2444,81179,2.033424e-05,81179,81179,0.011843,0.012467,1.7208e-01
dev-corpus-02,2445,641,3.534653e-05,641,641,0.040464,0.039511,1.6834e-01
dev-corpus-02,2446,1942,2.337073e-04,2302,2302,5.996730,6.008570,1.7537e-01
dev-corpus-02,2447,995,2.556281e-04,30592,30592,2.641130,2.651251,1.7462e-01
dev-corpus-02,2448,1330,1.259942e-04,264,264,2.866360,2.862647,1.5125e-01
dev-corpus-02,2449,14829,3.337680e-03,31694,31694,4.358321,4.428371,3.0819e-01
dev-corpus-02,2450,88716,1.480698e-03,88716,88716,0.328437,0.358391,3.0329e-01
dev-corpus-02,2451,31890,6.203363e-06,31890,31890,0.014506,0.014590,2.1188e-01
dev-corpus-02,2452,321,1.646662e-04,321,321,0.870689,0.863595,1.6962e-01
dev-corpus-02,2453,1330,6.669230e-04,11354,11354,2.570521,2.532356,2.1531e-01
dev-corpus-02,2454,5505,2.729052e-03,9249,9249,3.896094,3.998053,2.6694e-01
dev-corpus-02,2455,6659,4.114286e-06,6659,6659,0.003946,0.004057,1.8610e-01
dev-corpus-02,2456,6852,1.637479e-05,6852,6852,0.009341,0.008805,2.5033e-01
dev-corpus-02,2457,1116,7.715486e-04,11354,11354,2.257038,2.248265,2.2751e-01
dev-corpus-02,2458,321,3.592375e-04,321,321,1.465299,1.471430,1.9237e-01
dev-corpus-02,2459,998,4.685322e-04,1362,1362,2.252654,2.244435,2.0997e-01
dev-corpus-02,2460,18088,3.112047e-04,21639,21639,2.782658,2.749899,1.6755e-01
dev-corpus-02,2461,440,2.165372e-05,440,440,0.071529,0.070951,1.7930e-01
dev-corpus-02,2462,264,3.895127e-04,264,264,1.096870,1.106797,2.2971e-01
dev-corpus-02,2463,9249,6.752596e-04,220,220,2.245408,2.205063,2.1961e-01
dev-corpus-02,2464,554,1.223769e-04,5849,5849,5.870373,5.969158,2.4277e-01
dev-corpus-02,2465,12,4.586171e-06,12,12,0.000761,0.000829,2.3683e-01
dev-corpus-02,2466,31,3.727695e-06,31,31,0.021680,0.021993,2.3152e-01
dev-corpus-02,2467,21138,5.465967e-05,5849,5849,2.015345,2.018538,2.6870e-01
dev-corpus-02,2468,5484,1.948750e-04,220,220,3.022108,2.984777,1.8248e-01
dev-corpus-02,2469,5849,2.165794e-05,5849,5849,0.017865,0.017278,1.9136e-01
dev-corpus-02,2470,641,9.451393e-05,641,641,0.342418,0.347039,1.7505e-01
dev-corpus-02,2471,695,3.770339e-04,561,561,1.998853,1.988684,1.6550e-01
dev-corpus-02,2472,733,3.049538e-04,561,561,3.921851,3.900313,1.9814e-01
dev-corpus-02,2473,220,5.714640e-04,220,220,1.529800,1.554978,2.1846e-01
dev-corpus-02,2474,16,3.311308e-06,16,16,0.022947,0.023043,1.5124e-01
dev-corpus-02,2475,24,1.908942e-05,24,24,0.005755,0.005362,3.8321e-01
dev-corpus-02,2476,16,1.314650e-04,16,16,0.071187,0.067405,1.7149e-01
dev-corpus-02,2477,23,9.052290e-05,20,20,2.381894,2.385044,9.6151e-02
dev-corpus-02,2478,2943,1.425981e-04,1116,1116,6.706443,6.685797,1.6893e-01
dev-corpus-02,2479,314,4.153021e-04,314,314,1.305061,1.277393,1.2714e-01
dev-corpus-02,2480,279,5.987342e-06,279,279,0.165935,0.166566,1.3170e-01
dev-corpus-02,2481,38334,2.737810e-04,5753,5753,3.419823,3.447218,1.2955e-01
dev-corpus-02,2482,5753,4.303665e-04,5753,5753,0.684461,0.658194,1.5965e-01
dev-corpus-02,2483,30592,3.073610e-04,30592,30592,0.676468,0.659339,1.7166e-01
dev-corpus-02,2484,998,1.238064e-04,998,998,0.256579,0.250880,1.5732e-01
dev-corpus-02,2485,15625,1.318654e-03,21711,15625,2.124829,2.053273,1.9699e-01
dev-corpus-02,2486,1083,1.259859e-04,310,310,1.135175,1.116293,1.8539e-01
dev-corpus-02,2487,33101,4.186431e-04,1262,1262,4.206934,4.232264,1.6385e-01
dev-corpus-02,2488,1262,5.872446e-04,32543,32543,1.545286,1.500134,1.7301e-01
dev-corpus-02,2489,300,1.670347e-05,300,300,0.159312,0.161333,1.6796e-01
dev-corpus-02,2490,4912,3.123507e-07,4912,4912,0.012914,0.012964,1.6355e-01
dev-corpus-02,2491,641,1.271586e-04,641,641,0.874827,0.874918,1.5034e-01
dev-corpus-02,2492,4781,2.393510e-04,561,561,4.544725,4.544625,1.2780e-01
dev-corpus-02,2493,279,1.456469e-04,279,279,0.273393,0.266464,1.7293e-01
dev-corpus-02,2494,78592,2.602005e-04,220,220,9.783721,9.756446,2.1877e-01
dev-corpus-02,2495,30592,5.003720e-04,30592,30592,1.532062,1.540697,2.3427e-01
dev-corpus-02,2496,303,6.941223e-04,421,421,3.407696,3.348997,1.8288e-01
dev-corpus-02,2497,5753,4.610159e-04,5753,5753,1.175647,1.159028,1.9043e-01
dev-corpus-02,2498,2393,6.114446e-05,2393,2393,0.099096,0.098285,1.6538e-01
dev-corpus-02,2499,1116,2.581810e-04,1116,1116,0.353369,0.350740,1.7671e-01
dev-corpus-02,2500,1330,1.818433e-04,220,220,3.409987,3.430593,1.5059e-01
dev-corpus-02,2501,998,2.504622e-04,998,998,0.187945,0.181430,1.6869e-01
dev-corpus-02,2502,5898,5.212878e-04,5384,5384,4.071139,4.087680,1.6584e-01
dev-corpus-02,2503,310,8.029698e-05,310,310,0.126163,0.124843,1.7131e-01
dev-corpus-02,2504,33741,2.743617e-04,33741,33741,0.950095,0.973701,1.4362e-01
dev-corpus-02,2505,554,3.041081e-05,554,554,0.079412,0.081089,1.2681e-01
dev-corpus-02,2506,12,1.824328e-06,12,12,0.000509,0.000549,1.5158e-01
dev-corpus-02,2507,31,7.492910e-06,31,31,0.005093,0.004832,2.3430e-01
dev-corpus-02,2508,41361,5.890705e-06,41361,41361,0.012801,0.012928,1.6944e-01
dev-corpus-02,2509,1116,2.059906e-04,321,321,1.844457,1.852797,1.6475e-01
dev-corpus-02,2510,799,1.887720e-04,321,321,2.138602,2.115430,1.7921e-01
dev-corpus-02,2511,557,1.553450e-04,557,557,0.537913,0.546386,1.7649e-01
dev-corpus-02,2512,5898,1.941161e-04,5898,5898,1.384860,1.386178,1.4981e-01
dev-corpus-02,2513,310,2.182947e-05,310,310,0.013067,0.012396,1.8602e-01
dev-corpus-02,2514,56733,4.219335e-05,56733,56733,0.129156,0.130591,1.4688e-01
dev-corpus-02,2515,1116,2.256314e-04,1116,1116,0.448415,0.436693,1.3748e-01
dev-corpus-02,2516,321,6.708192e-05,321,321,0.273110,0.271395,1.4222e-01
dev-corpus-02,2517,11292,1.271097e-04,799,799,4.436260,4.450234,1.8264e-01
dev-corpus-02,2518,998,1.375622e-04,998,998,0.088603,0.085388,1.8178e-01
dev-corpus-02,2519,5384,5.472745e-04,5384,5384,0.698073,0.721001,1.6166e-01
dev-corpus-02,2520,2261,1.166683e-04,303,303,1.845848,1.847763,1.6885e-01
dev-corpus-02,2521,279,2.954043e-04,279,279,0.732411,0.748921,1.8027e-01
dev-corpus-02,2522,3980,4.783619e-05,3980,3980,0.138593,0.137444,1.7816e-01
dev-corpus-02,2523,641,1.114720e-04,641,641,0.434280,0.434849,1.4946e-01
dev-corpus-02,2524,3648,1.435691e-04,561,561,2.972973,2.982959,1.2497e-01
dev-corpus-02,2525,314,9.376325e-04,557,557,1.592564,1.650203,2.3213e-01
dev-corpus-02,2526,279,4.928527e-05,279,279,0.185715,0.189128,1.3899e-01
dev-corpus-02,2527,4097,4.643135e-04,70577,70577,4.602513,4.630331,1.8694e-01
dev-corpus-02,2528,12555,1.235614e-03,12555,12555,1.427665,1.413082,1.5394e-01
dev-corpus-02,2529,298,2.907108e-06,298,298,0.004467,0.004376,1.4904e-01
dev-corpus-02,2530,554,8.538938e-06,554,554,0.003379,0.003579,1.2913e-01
dev-corpus-02,2531,12,2.810977e-07,12,12,0.000183,0.000192,2.1833e-01
dev-corpus-02,2532,31,8.435473e-05,31,31,0.018786,0.017064,4.7756e-01
dev-corpus-02,2533,54871,7.794378e-05,54871,54871,0.020741,0.019108,2.6779e-01
dev-corpus-02,2534,30592,6.599766e-04,30592,30592,0.329658,0.308803,3.1156e-01
dev-corpus-02,2535,557,3.165303e-04,557,557,0.384833,0.375970,1.8200e-01
dev-corpus-02,2536,64897,3.959089e-04,5384,5384,2.938659,2.980652,1.8793e-01
dev-corpus-02,2537,321,3.922228e-04,539,539,1.989379,1.957969,1.8408e-01
dev-corpus-02,2538,2361,9.713751e-05,799,799,2.932041,2.951721,1.7645e-01
dev-corpus-02,2539,65386,4.452246e-04,557,557,7.007661,7.074671,2.3236e-01
dev-corpus-02,2540,321,9.298152e-04,641,641,3.090050,3.079410,2.2668e-01
dev-corpus-02,2541,524,3.992422e-04,1100,1100,6.136520,6.072771,1.4437e-01
dev-corpus-02,2542,49992,9.630288e-04,24530,24530,2.381150,2.405320,2.0194e-01
dev-corpus-02,2543,641,6.930637e-05,641,641,0.323982,0.326925,1.7115e-01
dev-corpus-02,2544,561,1.619907e-04,561,561,1.341731,1.322646,1.3389e-01
dev-corpus-02,2545,4097,2.627472e-04,9376,9376,3.110723,3.151923,1.5226e-01
dev-corpus-02,2546,38334,2.346864e-04,85573,85573,1.631188,1.643132,1.6144e-01
dev-corpus-02,2547,5753,3.726476e-04,5753,5753,1.376660,1.393220,1.7113e-01
dev-corpus-02,2548,30592,3.971985e-04,30592,30592,0.499044,0.483778,1.7483e-01
dev-corpus-02,2549,1116,2.090165e-04,998,998,3.388453,3.448641,1.8731e-01
dev-corpus-02,2550,279,6.203679e-04,1330,5346,2.471905,2.514203,1.7165e-01
dev-corpus-02,2551,2943,3.444812e-04,1330,1330,2.232941,2.234538,1.9026e-01
dev-corpus-02,2552,38334,4.384974e-04,15625,15625,3.957008,4.072944,1.9640e-01
dev-corpus-02,2553,12555,1.637253e-04,12555,12555,0.290546,0.295624,1.9028e-01
dev-corpus-02,2554,298,8.362889e-06,298,298,0.003111,0.002914,2.3266e-01
dev-corpus-02,2555,554,1.637860e-06,554,554,0.001645,0.001640,1.6113e-01
dev-corpus-02,2556,12,4.914564e-05,12,12,0.003501,0.004103,2.6103e-01
dev-corpus-02,2557,31,6.058406e-05,31,31,0.024055,0.022383,2.9763e-01
dev-corpus-02,2558,54871,1.284895e-05,54871,54871,0.035433,0.034632,1.6203e-01
dev-corpus-02,2559,30592,3.694992e-05,30592,30592,0.047476,0.048419,1.3153e-01
dev-corpus-03,2560,8645,2.382697e-04,606,606,7.865337,7.803496,1.2528e-01
dev-corpus-03,2561,25,6.470429e-04,58,58,3.380611,3.295966,1.2890e-01
dev-corpus-03,2562,198,3.541330e-05,198,198,0.058787,0.057526,1.3599e-01
dev-corpus-03,2563,309,2.708231e-04,262,309,1.427782,1.423062,1.3739e-01
dev-corpus-03,2564,12366,4.298572e-04,413,653,9.974980,9.952475,1.4869e-01
dev-corpus-03,2565,283,9.754919e-05,283,283,0.483298,0.485071,1.1036e-01
dev-corpus-03,2566,696,2.247112e-04,313,313,4.386735,4.349324,1.3660e-01
dev-corpus-03,2567,18267,2.519204e-04,447,447,11.472645,11.544782,1.2593e-01
dev-corpus-03,2568,2155,7.010519e-04,2155,2155,0.979018,0.954015,1.6024e-01
dev-corpus-03,2569,5781,1.989167e-04,3935,3935,1.700615,1.688894,1.4652e-01
dev-corpus-03,2570,8645,4.942374e-05,8645,8645,0.037229,0.035970,1.9590e-01
dev-corpus-03,2571,11,3.645220e-04,11,11,0.327172,0.340737,1.3893e-01
dev-corpus-03,2572,12366,3.071553e-04,638,638,2.817049,2.791386,1.2810e-01
dev-corpus-03,2573,8,2.683353e-05,8,8,0.057040,0.056468,1.5774e-01
dev-corpus-03,2574,198,2.486521e-05,198,198,0.137516,0.135934,2.2383e-01
dev-corpus-03,2575,285,1.567188e-04,309,309,1.532596,1.512005,1.6190e-01
dev-corpus-03,2576,653,3.228934e-04,745,745,3.646307,3.674737,1.4782e-01
dev-corpus-03,2577,12536,3.302167e-04,220,220,8.106509,8.099318,1.4240e-01
dev-corpus-03,2578,709,1.917264e-04,709,709,0.814699,0.797270,1.6112e-01
dev-corpus-03,2579,364,4.981774e-05,310,310,1.957952,1.966900,1.4919e-01
dev-corpus-03,2580,641,6.204591e-04,279,279,6.811775,6.824494,1.7591e-01
dev-corpus-03,2581,1899,5.636716e-04,447,447,5.778748,5.738390,1.3524e-01
dev-corpus-03,2582,363,1.152720e-03,363,363,1.787977,1.731707,1.8999e-01
dev-corpus-03,2583,198,4.073215e-04,198,198,0.752685,0.730572,2.2024e-01
dev-corpus-03,2584,285,6.164929e-05,285,285,0.071750,0.070204,1.3632e-01
dev-corpus-03,2585,687,8.957117e-04,687,687,0.486822,0.455925,2.0967e-01
dev-corpus-03,2586,5335,2.907026e-04,696,696,5.680525,5.666797,1.9333e-01
dev-corpus-03,2587,1212,8.998258e-04,10392,10392,5.353924,5.390098,2.1550e-01
dev-corpus-03,2588,78,2.850679e-04,1590,1590,5.756790,5.731644,1.9332e-01
dev-corpus-03,2589,1590,4.896127e-05,1590,1590,0.114146,0.113819,2.3044e-01
dev-corpus-03,2590,198,6.868476e-06,198,198,0.018383,0.018616,1.4507e-01
dev-corpus-03,2591,309,1.615925e-05,309,309,0.024361,0.024907,1.7195e-01
dev-corpus-03,2592,653,4.409248e-04,653,653,1.814953,1.826868,1.9343e-01
dev-corpus-03,2593,4109,4.556432e-04,1368,1368,3.235070,3.220440,1.5942e-01
dev-corpus-03,2594,279,1.232066e-04,413,413,3.591796,3.594135,1.9425e-01
dev-corpus-03,2595,1379,3.782881e-04,2353,2353,7.778491,7.721240,1.3555e-01
dev-corpus-03,2596,4047,4.468906e-04,3110,3110,3.391849,3.406612,1.5342e-01
dev-corpus-03,2597,1752,9.784372e-04,1105,1105,6.781626,6.785295,1.7246e-01
dev-corpus-03,2598,1118,1.516615e-03,1118,1118,1.032063,0.987328,2.8377e-01
dev-corpus-03,2599,13,2.955285e-04,198,198,2.727719,2.713228,1.8844e-01
dev-corpus-03,2600,198,1.982996e-04,198,198,0.326412,0.320935,1.7945e-01
dev-corpus-03,2601,309,7.635340e-06,309,309,0.008005,0.007855,1.8690e-01
dev-corpus-03,2602,6725,5.727927e-04,653,653,6.551402,6.580697,2.3890e-01
dev-corpus-03,2603,283,5.125453e-04,283,283,0.524336,0.541135,2.1826e-01
dev-corpus-03,2604,4396,5.453172e-04,4396,4396,0.605545,0.625085,2.4754e-01
dev-corpus-03,2605,5982,3.359207e-04,5982,5982,0.129919,0.138140,2.3197e-01
dev-corpus-03,2606,482,1.830529e-03,482,482,0.726745,0.710049,2.5350e-01
dev-corpus-03,2607,29259,3.661868e-04,29259,29259,0.336194,0.329405,1.8200e-01
dev-corpus-03,2608,837,1.222347e-04,837,837,0.040945,0.040674,2.8220e-01
dev-corpus-03,2609,466,1.286376e-04,466,466,0.610378,0.625046,1.6891e-01
dev-corpus-03,2610,4396,2.854017e-04,4396,4396,0.354609,0.341700,1.6905e-01
dev-corpus-03,2611,5982,2.677957e-05,5982,5982,0.015523,0.016000,2.9542e-01
dev-corpus-03,2612,482,3.118803e-06,482,482,0.001578,0.001553,3.4850e-01
dev-corpus-03,2613,1277,1.873221e-03,1277,1277,1.542292,1.537450,3.6238e-01
dev-corpus-03,2614,4289,2.718180e-04,4289,5531,0.788984,0.811770,3.2080e-01
dev-corpus-03,2615,837,1.774453e-05,837,837,0.008087,0.007732,2.8862e-01
dev-corpus-03,2616,198,6.854905e-05,198,198,0.046961,0.046083,2.5092e-01
dev-corpus-03,2617,309,9.896114e-06,309,309,0.012967,0.012780,1.6827e-01
dev-corpus-03,2618,413,8.602696e-05,413,413,0.379278,0.380983,1.9219e-01
dev-corpus-03,2619,6725,1.228155e-04,6725,6725,0.077398,0.081098,1.5029e-01
dev-corpus-03,2620,369,1.787455e-04,25,25,1.019868,0.998360,1.5330e-01
dev-corpus-03,2621,524,8.523131e-05,524,524,0.140309,0.145343,1.4801e-01
dev-corpus-03,2622,2168,1.688093e-06,2168,2168,0.000776,0.000734,1.7086e-01
dev-corpus-03,2623,25,9.898956e-06,25,25,0.015640,0.015228,2.1768e-01
dev-corpus-03,2624,198,1.474170e-04,198,198,0.006065,0.006858,1.2095e+00
dev-corpus-03,2625,388,1.000787e-05,388,388,0.005736,0.005805,2.0418e-01
dev-corpus-03,2626,460,1.768900e-03,653,1328,2.411030,2.454350,2.2804e-01
dev-corpus-03,2627,592,8.267863e-04,6725,6725,2.105886,2.187826,2.4170e-01
dev-corpus-03,2628,78263,1.860561e-04,78263,78263,0.308748,0.305176,2.1608e-01
dev-corpus-03,2629,7426,1.876714e-03,7426,7426,0.425848,0.386801,2.8702e-01
dev-corpus-03,2630,3486,3.520591e-07,3486,3486,0.000152,0.000160,2.4165e-01
dev-corpus-03,2631,2387,6.217610e-05,2387,2387,0.034844,0.035064,3.1768e-01
dev-corpus-03,2632,198,1.571501e-04,198,198,0.054858,0.051993,3.3729e-01
dev-corpus-03,2633,309,1.847253e-05,309,309,0.026748,0.026223,1.3348e-01
dev-corpus-03,2634,413,1.183140e-04,413,413,0.649585,0.655560,1.6078e-01
dev-corpus-03,2635,4396,5.816575e-04,1363,1363,1.615847,1.660198,1.7905e-01
dev-corpus-03,2636,5982,3.346485e-05,5982,5982,0.021040,0.022072,2.3970e-01
dev-corpus-03,2637,482,5.505515e-05,482,482,0.092281,0.089955,3.3036e-01
dev-corpus-03,2638,63605,3.597042e-03,1277,1277,2.920983,2.897806,3.8019e-01
dev-corpus-03,2639,837,5.259017e-06,837,837,0.092563,0.091723,2.3864e-01
dev-corpus-03,2640,369,1.067696e-04,369,369,0.018940,0.020993,1.7695e-01
dev-corpus-03,2641,524,3.616916e-07,524,524,0.003419,0.003448,1.8138e-01
dev-corpus-03,2642,2168,2.552353e-07,2168,2168,0.000239,0.000235,2.4002e-01
dev-corpus-03,2643,25,4.066408e-06,25,25,0.001753,0.001826,2.6770e-01
dev-corpus-03,2644,198,2.834265e-06,198,198,0.004242,0.004205,3.0277e-01
dev-corpus-03,2645,388,2.314576e-06,388,388,0.002515,0.002446,2.0347e-01
dev-corpus-03,2646,460,1.077995e-03,460,460,0.173282,0.191119,2.2750e-01
dev-corpus-03,2647,638,5.061515e-04,4396,4396,5.132342,5.175831,2.7989e-01
dev-corpus-03,2648,31919,1.424496e-03,1385,1385,11.963542,12.002797,2.9101e-01
dev-corpus-03,2649,17174,3.231423e-04,17174,17174,0.234210,0.225158,2.7478e-01
dev-corpus-03,2650,198,1.657273e-03,478,478,1.829764,1.743604,2.6636e-01
dev-corpus-03,2651,309,1.730389e-04,309,309,0.044737,0.041097,2.4730e-01
dev-corpus-03,2652,413,1.865601e-04,413,413,0.800683,0.818261,1.7683e-01
dev-corpus-03,2653,4396,6.874439e-05,4396,4396,0.124856,0.125615,1.6175e-01
dev-corpus-03,2654,5982,1.169392e-05,5982,5982,0.001749,0.001932,2.4724e-01
dev-corpus-03,2655,482,1.272772e-05,482,482,0.011449,0.011748,3.9464e-01
dev-corpus-03,2656,11469,2.839379e-03,11469,11469,0.616288,0.675518,2.9369e-01
dev-corpus-03,2657,837,4.975725e-04,837,837,0.100232,0.090870,3.2238e-01
dev-corpus-03,2658,369,6.936154e-07,369,369,0.000642,0.000638,1.9299e-01
dev-corpus-03,2659,524,7.035627e-06,524,524,0.000703,0.000765,4.9751e-01
dev-corpus-03,2660,2168,1.521390e-06,2168,2168,0.000551,0.000516,2.0132e-01
dev-corpus-03,2661,25,2.037253e-06,25,25,0.001528,0.001585,2.1634e-01
dev-corpus-03,2662,198,4.307449e-06,198,198,0.002569,0.002497,3.1082e-01
dev-corpus-03,2663,388,3.368875e-06,388,388,0.004126,0.004019,1.4641e-01
dev-corpus-03,2664,638,8.067386e-05,4673,4673,3.388625,3.377766,1.8852e-01
dev-corpus-03,2665,1385,9.176059e-04,4273,4273,2.238347,2.237570,2.4326e-01
dev-corpus-03,2666,11469,8.873826e-04,815,815,2.208813,2.231418,2.0901e-01
dev-corpus-03,2667,1212,1.887594e-03,283,283,3.088256,3.140939,2.2917e-01
dev-corpus-03,2668,78,5.846014e-06,78,78,0.002325,0.002419,2.0965e-01
dev-corpus-03,2669,8,3.518157e-04,8,8,0.471974,0.470928,2.2642e-01
dev-corpus-03,2670,198,2.320109e-05,198,198,0.014247,0.013478,2.1250e-01
dev-corpus-03,2671,309,6.073413e-05,309,309,0.094444,0.094494,1.4189e-01
dev-corpus-03,2672,4673,5.134908e-04,460,460,2.612108,2.600708,2.5286e-01
dev-corpus-03,2673,14953,1.303050e-03,14953,14953,1.024200,1.056907,2.5422e-01
dev-corpus-03,2674,482,2.223264e-04,437,437,0.942111,0.922034,3.5347e-01
dev-corpus-03,2675,1743,6.576669e-04,2665,2665,2.764970,2.780119,3.4584e-01
dev-corpus-03,2676,44530,6.217927e-04,35516,35516,1.520062,1.507396,4.0642e-01
dev-corpus-03,2677,6725,2.531065e-03,5215,5215,4.879207,4.808556,4.7782e-01
dev-corpus-03,2678,1809,8.146579e-05,1809,1809,0.025372,0.023897,2.9313e-01
dev-corpus-03,2679,303,4.680921e-04,303,303,0.114814,0.105852,2.2999e-01
dev-corpus-03,2680,5215,9.406379e-05,5215,5215,0.655974,0.663887,3.1460e-01
dev-corpus-03,2681,504,1.223822e-03,359,359,1.829307,1.899982,3.6403e-01
dev-corpus-03,2682,198,2.844769e-03,198,198,0.862749,0.856019,2.6705e-01
dev-corpus-03,2683,6323,4.706979e-04,6323,6323,0.124757,0.131818,2.0159e-01
dev-corpus-03,2684,638,2.504751e-03,638,638,0.478292,0.501569,2.7752e-01
dev-corpus-03,2685,37813,7.533087e-04,37813,37813,0.443661,0.424007,2.2627e-01
dev-corpus-03,2686,8,1.505685e-04,8,8,0.243901,0.240208,2.2537e-01
dev-corpus-03,2687,198,2.690666e-05,198,198,0.327034,0.323460,2.1338e-01
dev-corpus-03,2688,285,9.859813e-05,285,285,0.138361,0.142373,1.5491e-01
dev-corpus-03,2689,460,2.986731e-04,460,460,1.030141,1.009890,2.2363e-01
dev-corpus-03,2690,638,7.005128e-04,638,638,0.644504,0.639616,2.7108e-01
dev-corpus-03,2691,37813,1.258110e-03,37813,37813,1.032381,1.038908,3.0833e-01
dev-corpus-03,2692,4168,1.402577e-04,4168,4168,0.079193,0.076775,3.2810e-01
dev-corpus-03,2693,58759,2.379507e-05,58759,58759,0.013754,0.014158,3.6821e-01
dev-corpus-03,2694,11,1.518761e-06,11,11,0.004692,0.004633,2.2484e-01
dev-corpus-03,2695,638,7.399568e-04,886,886,1.394631,1.355971,2.3399e-01
dev-corpus-03,2696,20342,6.309708e-04,37813,37813,3.012818,3.125041,2.4308e-01
dev-corpus-03,2697,8,4.035494e-04,8,8,0.066112,0.070876,2.2218e-01
dev-corpus-03,2698,271,1.177017e-04,198,198,1.130142,1.148801,1.7515e-01
dev-corpus-03,2699,262,4.046024e-04,262,262,1.133213,1.138516,1.9782e-01
dev-corpus-03,2700,687,3.017053e-04,687,687,0.156382,0.147876,1.5063e-01
dev-corpus-03,2701,5902,4.869224e-04,696,696,6.525148,6.517411,2.5269e-01
dev-corpus-03,2702,5062,8.411498e-04,5062,5062,0.717154,0.722495,2.4076e-01
dev-corpus-03,2703,7417,1.537963e-04,1153,1153,4.784019,4.866845,2.2192e-01
dev-corpus-03,2704,1153,3.752820e-05,1153,1153,0.026106,0.025490,2.0581e-01
dev-corpus-03,2705,11,3.900353e-06,11,11,0.004300,0.004460,2.1509e-01
dev-corpus-03,2706,12366,5.771620e-04,2972,2972,1.342476,1.378910,3.0121e-01
dev-corpus-03,2707,20266,1.258510e-03,5675,5675,5.485172,5.474602,2.2797e-01
dev-corpus-03,2708,23737,9.253352e-04,18267,18267,5.066495,5.163890,2.1281e-01
dev-corpus-03,2709,28738,4.410542e-06,28738,28738,0.001135,0.001232,1.8125e-01
dev-corpus-03,2710,5076,6.035085e-04,1590,1590,8.370084,8.302601,2.0394e-01
dev-corpus-03,2711,11,1.435548e-03,1590,1590,0.801812,0.858486,2.3289e-01
dev-corpus-03,2712,593,6.837964e-04,2972,2972,4.433381,4.461203,2.5366e-01
dev-corpus-03,2713,11,6.268610e-06,11,11,0.126110,0.126775,1.7712e-01
dev-corpus-03,2714,2972,1.658624e-04,2972,2972,0.394023,0.391888,2.0850e-01
dev-corpus-03,2715,74,4.168178e-05,74,74,0.100738,0.102435,2.4134e-01
dev-corpus-03,2716,8645,4.287812e-07,8645,8645,0.000717,0.000734,1.8124e-01
dev-corpus-03,2717,1590,1.463478e-05,1590,1590,0.015180,0.014759,1.9009e-01
dev-corpus-03,2718,198,1.621191e-06,198,198,0.006939,0.006932,2.1624e-01
dev-corpus-03,2719,285,2.880356e-06,285,285,0.005576,0.005510,1.9046e-01
dev-corpus-03,2720,413,2.136645e-04,4071,4071,2.763886,2.737052,1.8896e-01
dev-corpus-03,2721,12366,1.591301e-04,12366,12366,0.248790,0.254059,1.7907e-01
dev-corpus-03,2722,369,7.070229e-06,369,369,0.003799,0.003707,2.2916e-01
dev-corpus-03,2723,696,3.678667e-05,696,696,0.047496,0.046359,2.5955e-01
dev-corpus-03,2724,23737,1.426938e-05,23737,23737,0.016071,0.015550,2.2632e-01
dev-corpus-03,2725,28738,1.928615e-07,28738,28738,0.000026,0.000029,2.6649e-01
dev-corpus-03,2726,5076,9.004694e-07,5076,5076,0.001378,0.001420,2.5736e-01
dev-corpus-03,2727,25,2.458583e-05,25,25,0.042558,0.043753,1.9329e-01
dev-corpus-03,2728,198,1.966537e-06,198,198,0.005191,0.005162,2.1599e-01
dev-corpus-03,2729,309,2.610566e-06,309,309,0.002921,0.002872,1.9943e-01
dev-corpus-03,2730,12366,2.334975e-04,12366,12366,0.377003,0.379090,1.8281e-01
dev-corpus-03,2731,283,3.840882e-05,283,283,0.022532,0.023488,2.5450e-01
dev-corpus-03,2732,580,6.181207e-04,4535,4535,1.724306,1.698759,2.2690e-01
dev-corpus-03,2733,8645,1.684442e-07,8645,8645,0.000063,0.000060,2.6472e-01
dev-corpus-03,2734,198,4.826282e-04,198,198,0.178378,0.183883,2.4427e-01
dev-corpus-03,2735,285,1.384118e-05,285,285,0.059099,0.058200,1.7228e-01
dev-corpus-03,2736,4265,5.746867e-04,413,413,1.689515,1.706453,2.0010e-01
dev-corpus-03,2737,580,1.301752e-03,580,580,0.372873,0.351442,1.9877e-01
dev-corpus-03,2738,8645,1.471388e-07,8645,8645,0.000022,0.000019,2.4031e-01
dev-corpus-03,2739,25,1.018112e-05,25,25,0.007023,0.007367,1.9133e-01
dev-corpus-03,2740,198,5.667112e-07,198,198,0.001997,0.001998,1.6670e-01
dev-corpus-03,2741,309,9.527820e-07,309,309,0.001635,0.001645,1.8650e-01
dev-corpus-03,2742,12366,3.425143e-05,12366,12366,0.024713,0.023728,2.2129e-01
dev-corpus-03,2743,283,2.013938e-05,283,283,0.011258,0.011901,2.0915e-01
dev-corpus-03,2744,696,7.663615e-05,696,696,0.069825,0.072808,1.8693e-01
dev-corpus-03,2745,18267,2.702237e-05,18267,18267,0.010241,0.010717,2.0877e-01
dev-corpus-03,2746,2155,3.327700e-07,2155,2155,0.000196,0.000205,2.2920e-01
dev-corpus-03,2747,5781,1.426611e-05,5781,5781,0.014849,0.014813,2.1219e-01
dev-corpus-03,2748,8645,5.105236e-07,8645,8645,0.000166,0.000167,3.1405e-01
dev-corpus-03,2749,11,1.449981e-06,11,11,0.000369,0.000362,3.5607e-01
dev-corpus-03,2750,12366,2.146901e-06,12366,12366,0.001793,0.001828,2.3805e-01
dev-corpus-03,2751,8,7.226471e-06,8,8,0.003142,0.002969,2.6787e-01
dev-corpus-03,2752,198,2.701943e-05,198,198,0.092277,0.090151,2.3529e-01
dev-corpus-03,2753,285,5.935162e-05,285,285,0.020928,0.021774,2.0726e-01
dev-corpus-03,2754,653,9.942842e-04,653,653,0.526396,0.493906,2.1020e-01
dev-corpus-03,2755,12536,5.790483e-04,12536,12536,0.203617,0.189284,1.7921e-01
dev-corpus-03,2756,709,2.137742e-05,709,709,0.010579,0.010026,1.9407e-01
dev-corpus-03,2757,364,5.090999e-06,364,364,0.004537,0.004393,2.2909e-01
dev-corpus-03,2758,641,2.342844e-05,641,641,0.026114,0.026445,1.7075e-01
dev-corpus-03,2759,1899,6.172650e-05,18112,18112,1.121029,1.122903,1.8875e-01
dev-corpus-03,2760,363,2.168539e-04,363,363,0.097974,0.103989,2.2546e-01
dev-corpus-03,2761,198,7.970143e-06,198,198,0.029200,0.028848,2.5820e-01
dev-corpus-03,2762,285,1.781918e-06,285,285,0.001438,0.001383,1.4580e-01
dev-corpus-03,2763,687,4.362889e-05,687,687,0.004288,0.004875,4.1750e-01
dev-corpus-03,2764,5335,1.145208e-04,5335,5335,0.062831,0.059544,2.1431e-01
dev-corpus-03,2765,1212,2.777879e-05,1212,1212,0.008972,0.008370,2.2265e-01
dev-corpus-03,2766,78,1.274859e-07,78,78,0.000246,0.000252,2.0860e-01
dev-corpus-03,2767,1590,2.815523e-06,1590,1590,0.001671,0.001580,2.4005e-01
dev-corpus-03,2768,198,6.772873e-06,198,198,0.001294,0.001320,9.7975e-01
dev-corpus-03,2769,309,6.658042e-07,309,309,0.000590,0.000573,1.7798e-01
dev-corpus-03,2770,6725,2.824413e-04,653,653,1.499996,1.528924,1.9021e-01
dev-corpus-03,2771,283,1.813769e-05,283,283,0.002031,0.001818,2.4376e-01
dev-corpus-03,2772,4396,1.587090e-06,4396,4396,0.002592,0.002589,2.0159e-01
dev-corpus-03,2773,5982,2.085569e-07,5982,5982,0.000329,0.000329,2.5043e-01
dev-corpus-03,2774,482,5.446700e-07,482,482,0.000544,0.000547,2.9800e-01
dev-corpus-03,2775,29259,3.146182e-05,29259,29259,0.008156,0.007545,2.0933e-01
dev-corpus-03,2776,837,1.121732e-06,837,837,0.000459,0.000442,2.7386e-01
dev-corpus-03,2777,466,6.983248e-06,466,466,0.033440,0.034073,1.6685e-01
dev-corpus-03,2778,4396,2.210130e-07,4396,4396,0.000320,0.000313,1.9943e-01
dev-corpus-03,2779,5982,5.740909e-07,5982,5982,0.000196,0.000203,4.3978e-01
dev-corpus-03,2780,482,2.838470e-07,482,482,0.000318,0.000313,2.0566e-01
dev-corpus-03,2781,1277,2.216952e-05,1277,1277,0.010577,0.010656,3.5716e-01
dev-corpus-03,2782,4289,1.618516e-08,4289,4289,0.000020,0.000020,2.4511e-01
dev-corpus-03,2783,837,2.284726e-06,837,837,0.000162,0.000138,6.2772e-01
dev-corpus-03,2784,198,4.300100e-07,198,198,0.004892,0.004934,2.0672e-01
dev-corpus-03,2785,309,1.084768e-06,309,309,0.000604,0.000608,1.8311e-01
dev-corpus-03,2786,413,2.480335e-04,413,413,0.098276,0.094344,2.5996e-01
dev-corpus-03,2787,6725,1.240758e-06,6725,6725,0.003979,0.003991,1.9050e-01
dev-corpus-03,2788,369,2.022472e-05,369,369,0.012772,0.012842,2.3838e-01
dev-corpus-03,2789,524,3.583928e-04,524,524,0.233176,0.241580,2.0971e-01
dev-corpus-03,2790,2168,3.593112e-06,2168,2168,0.000108,0.000127,9.8179e-01
dev-corpus-03,2791,25,8.769507e-05,25,25,0.010221,0.011614,2.9008e-01
dev-corpus-03,2792,198,4.968940e-06,198,198,0.001554,0.001595,2.6897e-01
dev-corpus-03,2793,388,1.527592e-06,388,388,0.000669,0.000659,2.2842e-01
dev-corpus-03,2794,1380,5.758093e-04,460,460,1.525459,1.521066,4.1320e-01
dev-corpus-03,2795,25,5.402746e-07,25,25,0.000193,0.000197,2.9106e-01
dev-corpus-03,2796,198,1.148334e-05,198,198,0.001234,0.001145,5.1907e-01
dev-corpus-03,2797,493,8.819318e-07,493,493,0.000744,0.000753,2.0902e-01
dev-corpus-03,2798,460,1.075369e-04,460,460,0.115600,0.114884,2.6842e-01
dev-corpus-03,2799,592,5.976057e-05,592,592,0.015051,0.014113,2.1758e-01
dev-corpus-03,2800,78263,1.631114e-06,78263,78263,0.001085,0.001063,2.7527e-01
dev-corpus-03,2801,7426,4.393593e-05,7426,7426,0.003905,0.004282,2.5389e-01
dev-corpus-03,2802,3486,1.463422e-08,3486,3486,0.000006,0.000006,3.4161e-01
dev-corpus-03,2803,2387,3.421818e-06,2387,2387,0.000923,0.000871,3.3571e-01
dev-corpus-03,2804,198,6.124442e-06,198,198,0.003808,0.003638,6.3791e-01
dev-corpus-03,2805,388,2.798919e-06,388,388,0.000677,0.000652,2.4386e-01
dev-corpus-03,2806,3525,5.050791e-06,3525,3525,0.001783,0.001668,2.7515e-01
dev-corpus-03,2807,36834,2.256911e-05,36834,36834,0.116230,0.114910,2.2155e-01
dev-corpus-03,2808,25,4.452241e-05,25,25,0.008692,0.007853,2.6378e-01
dev-corpus-03,2809,198,1.961446e-06,198,198,0.001918,0.001970,2.6450e-01
dev-corpus-03,2810,493,2.140401e-06,493,493,0.000798,0.000777,3.2811e-01
dev-corpus-03,2811,460,8.514304e-04,460,460,0.570070,0.554089,2.2548e-01
dev-corpus-03,2812,4396,2.387031e-04,638,638,1.353910,1.345747,2.3185e-01
dev-corpus-03,2813,5982,3.463567e-05,5982,5982,0.041041,0.040950,3.0743e-01
dev-corpus-03,2814,363,9.457277e-04,482,482,1.754417,1.688289,3.9741e-01
dev-corpus-03,2815,198,1.395465e-05,198,198,0.113904,0.113741,2.1451e-01
dev-corpus-03,2816,309,8.518685e-05,309,309,0.016398,0.015453,2.1315e-01
dev-corpus-03,2817,413,2.649358e-05,413,413,0.071748,0.070487,1.9386e-01
dev-corpus-03,2818,4396,9.211124e-07,4396,4396,0.000760,0.000788,2.4485e-01
dev-corpus-03,2819,5982,1.481039e-07,5982,5982,0.000042,0.000039,2.3005e-01
dev-corpus-03,2820,482,1.243815e-06,482,482,0.000437,0.000408,2.2171e-01
dev-corpus-03,2821,63605,1.329762e-06,63605,63605,0.002541,0.002589,4.1600e-01
dev-corpus-03,2822,837,4.829306e-07,837,837,0.000109,0.000112,3.7851e-01
dev-corpus-03,2823,369,6.204605e-07,369,369,0.000501,0.000490,2.3374e-01
dev-corpus-03,2824,524,2.120093e-06,524,524,0.000727,0.000731,6.7758e-01
dev-corpus-03,2825,2168,4.163869e-07,2168,2168,0.000051,0.000045,2.1377e-01
dev-corpus-03,2826,25,3.368678e-07,25,25,0.000870,0.000850,2.0625e-01
dev-corpus-03,2827,198,1.184367e-06,198,198,0.000268,0.000265,7.2398e-01
dev-corpus-03,2828,388,6.606207e-07,388,388,0.000677,0.000683,1.5527e-01
dev-corpus-03,2829,460,4.116422e-06,460,460,0.003276,0.003133,1.9848e-01
dev-corpus-03,2830,638,5.329681e-05,638,638,0.008833,0.008181,2.9652e-01
dev-corpus-03,2831,31919,8.158072e-06,31919,31919,0.004635,0.004766,1.7806e-01
dev-corpus-03,2832,17174,5.059552e-07,17174,17174,0.000091,0.000083,2.4368e-01
dev-corpus-03,2833,198,8.108551e-05,198,198,0.006136,0.005338,4.7797e-01
dev-corpus-03,2834,309,2.844845e-06,309,309,0.001403,0.001332,3.0798e-01
dev-corpus-03,2835,413,3.331564e-04,413,413,0.132958,0.142387,1.8818e-01
dev-corpus-03,2836,4396,5.983298e-07,4396,4396,0.000232,0.000245,2.1157e-01
dev-corpus-03,2837,5982,2.816954e-07,5982,5982,0.000059,0.000056,3.1000e-01
dev-corpus-03,2838,482,7.130458e-07,482,482,0.000206,0.000197,2.4143e-01
dev-corpus-03,2839,11469,1.231509e-06,11469,11469,0.000472,0.000494,3.9703e-01
dev-corpus-03,2840,837,1.996430e-07,837,837,0.000146,0.000147,3.1883e-01
dev-corpus-03,2841,369,2.827266e-03,369,369,0.001158,0.000379,1.1151e+01
dev-corpus-03,2842,524,2.010089e-03,524,524,0.000576,0.003395,3.7879e+00
dev-corpus-03,2843,2168,4.104488e-05,2168,2168,0.000278,0.000222,2.6134e+00
dev-corpus-03,2844,25,1.339279e-05,25,25,0.000432,0.000348,8.5732e-01
dev-corpus-03,2845,198,5.680883e-05,198,198,0.003210,0.002711,8.4518e-01
dev-corpus-03,2846,388,3.834322e-06,388,388,0.000768,0.000718,4.2324e-01
dev-corpus-03,2847,460,2.957158e-04,638,638,4.197131,4.185534,7.5823e-01
dev-corpus-03,2848,4396,1.142314e-03,4396,638,0.813838,0.843438,4.2775e-01
dev-corpus-03,2849,5982,6.253633e-06,5982,5982,0.000836,0.000832,4.2168e-01
dev-corpus-03,2850,363,1.716549e-04,363,363,0.041294,0.044780,4.8150e-01
dev-corpus-03,2851,198,1.116245e-04,198,198,0.012851,0.012414,4.1362e-01
dev-corpus-03,2852,309,3.460587e-05,309,309,0.021748,0.020602,3.3815e-01
dev-corpus-03,2853,4673,1.490575e-03,4673,4673,0.573843,0.549033,7.2745e-01
dev-corpus-03,2854,14953,2.782557e-05,14953,14953,0.013847,0.013807,3.8005e-01
dev-corpus-03,2855,482,4.928033e-05,482,482,0.021747,0.020422,5.3698e-01
dev-corpus-03,2856,1743,6.863022e-05,1743,1743,0.015156,0.016474,4.5958e-01
dev-corpus-03,2857,44530,8.565540e-07,44530,44530,0.000199,0.000216,3.0000e-01
dev-corpus-03,2858,6725,2.681215e-05,6725,6725,0.007170,0.006814,4.3609e-01
dev-corpus-03,2859,1809,1.002840e-06,1809,1809,0.000363,0.000370,4.3226e-01
dev-corpus-03,2860,303,1.073187e-06,303,303,0.000493,0.000511,4.5994e-01
dev-corpus-03,2861,5215,8.026439e-07,5215,5215,0.000540,0.000537,8.3198e-01
dev-corpus-03,2862,504,2.964570e-05,504,504,0.006930,0.007575,3.0189e-01
dev-corpus-03,2863,198,2.207984e-05,198,198,0.005369,0.005817,1.7830e-01
dev-corpus-03,2864,6323,9.638816e-06,6323,6323,0.001746,0.001879,2.1864e-01
dev-corpus-03,2865,638,3.176392e-07,638,638,0.000178,0.000182,3.6273e-01
dev-corpus-03,2866,37813,2.253858e-04,37813,37813,0.012096,0.010014,7.3199e-01
dev-corpus-03,2867,8,4.088833e-06,8,8,0.000592,0.000612,6.6788e-01
dev-corpus-03,2868,198,7.302689e-05,198,198,0.015885,0.014482,2.5865e-01
dev-corpus-03,2869,285,3.452927e-06,285,285,0.002354,0.002284,1.8631e-01
dev-corpus-03,2870,460,1.205338e-05,460,460,0.009217,0.009431,2.8181e-01
dev-corpus-03,2871,638,4.580721e-06,638,638,0.001239,0.001312,4.5144e-01
dev-corpus-03,2872,37813,1.659141e-06,37813,37813,0.001970,0.001976,3.5338e-01
dev-corpus-03,2873,4168,3.654523e-07,4168,4168,0.000271,0.000276,2.5458e-01
dev-corpus-03,2874,58759,9.670301e-06,58759,58759,0.003267,0.003328,2.5251e-01
dev-corpus-03,2875,11,3.429876e-07,11,11,0.000406,0.000417,2.5818e-01
dev-corpus-03,2876,638,6.627412e-07,638,638,0.000484,0.000505,4.2139e-01
dev-corpus-03,2877,20342,5.685576e-06,20342,20342,0.000323,0.000384,4.6273e-01
dev-corpus-03,2878,8,6.407141e-06,8,8,0.003185,0.003265,4.5081e-01
dev-corpus-03,2879,271,3.047658e-04,271,271,0.541673,0.561133,5.2248e-01
dev-corpus-03,2880,262,4.930068e-04,262,262,0.485896,0.505504,3.5087e-01
dev-corpus-03,2881,687,3.044359e-05,687,687,0.152445,0.154207,3.4371e-01
dev-corpus-03,2882,369,1.781534e-03,696,696,5.343086,5.310062,2.9043e-01
dev-corpus-03,2883,8078,9.683027e-04,32939,32939,2.334462,2.369453,2.1228e-01
dev-corpus-03,2884,1153,1.302345e-03,1153,1153,0.374956,0.376773,4.4420e-01
dev-corpus-03,2885,1590,9.612770e-06,11,11,1.043872,1.048672,6.5296e-01
dev-corpus-03,2886,198,1.082934e-05,198,198,0.006553,0.006584,6.6296e-01
dev-corpus-03,2887,285,1.817524e-05,285,285,0.004025,0.003731,3.3405e-01
dev-corpus-03,2888,364,3.668769e-04,4071,4071,4.719457,4.701917,4.3198e-01
dev-corpus-03,2889,4396,1.889722e-03,4396,4396,1.182135,1.257198,3.7011e-01
dev-corpus-03,2890,303,1.723392e-05,303,303,0.005097,0.004938,3.0415e-01
dev-corpus-03,2891,638,4.189918e-04,638,638,0.348235,0.357278,3.9669e-01
dev-corpus-03,2892,37813,1.538661e-04,37813,37813,0.123321,0.126768,4.1014e-01
dev-corpus-03,2893,2571,8.128095e-05,2571,2571,0.007961,0.008948,2.6443e-01
dev-corpus-03,2894,1947,2.138567e-06,1947,1947,0.000137,0.000159,4.5618e-01
dev-corpus-03,2895,1153,5.612527e-06,1153,1153,0.009930,0.009833,5.0447e-01
dev-corpus-03,2896,20342,8.378903e-05,20342,20342,0.005211,0.005945,4.0820e-01
dev-corpus-03,2897,1590,6.197915e-06,1590,1590,0.002421,0.002530,3.6914e-01
dev-corpus-03,2898,198,1.052543e-05,198,198,0.003590,0.003358,2.0821e-01
dev-corpus-03,2899,309,1.525876e-06,309,309,0.001127,0.001136,2.8603e-01
dev-corpus-03,2900,413,1.629261e-04,413,413,0.694855,0.699387,2.7060e-01
dev-corpus-03,2901,4396,5.218671e-05,4396,4396,0.030390,0.030926,2.3109e-01
dev-corpus-03,2902,5982,4.330323e-06,5982,5982,0.010708,0.010665,3.0283e-01
dev-corpus-03,2903,482,4.203418e-06,482,482,0.004815,0.004704,2.5124e-01
dev-corpus-03,2904,11469,1.690482e-03,29259,29259,0.835573,0.902946,3.0028e-01
dev-corpus-03,2905,837,7.128945e-07,837,837,0.150039,0.149916,3.6641e-01
dev-corpus-03,2906,369,1.431949e-04,369,369,0.023358,0.025996,3.2755e-01
dev-corpus-03,2907,524,2.216070e-04,524,524,0.007131,0.009006,3.8348e-01
dev-corpus-03,2908,2168,3.603257e-06,2168,2168,0.000208,0.000181,3.2504e-01
dev-corpus-03,2909,25,2.462786e-04,25,25,0.022993,0.026507,2.8592e-01
dev-corpus-03,2910,198,3.174626e-06,198,198,0.001289,0.001243,5.0390e-01
dev-corpus-03,2911,388,5.773656e-06,388,388,0.001021,0.000935,2.2199e-01
dev-corpus-03,2912,460,2.195405e-04,460,460,0.032049,0.035785,2.7888e-01
dev-corpus-03,2913,3439,6.105464e-05,3439,3439,0.005205,0.005985,2.7484e-01
dev-corpus-03,2914,198,6.501144e-06,198,198,0.018676,0.018531,3.3198e-01
dev-corpus-03,2915,309,4.316791e-03,285,285,0.943217,0.831967,2.8526e-01
dev-corpus-03,2916,413,1.986279e-03,413,413,0.460509,0.419581,3.4695e-01
dev-corpus-03,2917,318,1.003911e-05,4396,4396,5.568215,5.523204,2.4240e-01
dev-corpus-03,2918,6154,7.845683e-05,6154,6154,0.064287,0.062705,2.5125e-01
dev-corpus-03,2919,5982,1.262383e-06,5982,5982,0.000774,0.000798,1.8956e-01
dev-corpus-03,2920,482,9.671996e-07,482,482,0.001604,0.001627,2.3357e-01
dev-corpus-03,2921,29259,1.249383e-04,29259,29259,0.162586,0.161932,2.3192e-01
dev-corpus-03,2922,837,3.327148e-06,837,837,0.002472,0.002466,2.7238e-01
dev-corpus-03,2923,369,8.743576e-05,466,466,2.779191,2.729471,1.9087e-01
dev-corpus-03,2924,2168,8.796333e-05,524,524,1.032126,1.014765,2.4455e-01
dev-corpus-03,2925,198,2.994337e-04,321,321,2.097170,2.093011,2.0076e-01
dev-corpus-03,2926,388,6.369189e-05,388,388,0.576469,0.570783,2.0212e-01
dev-corpus-03,2927,321,2.958302e-05,321,321,0.010847,0.010102,2.4967e-01
dev-corpus-03,2928,4396,1.712351e-06,4396,4396,0.005772,0.005801,2.7784e-01
dev-corpus-03,2929,5982,2.449199e-07,5982,5982,0.000083,0.000078,2.3423e-01
dev-corpus-03,2930,482,7.763615e-07,482,482,0.000825,0.000825,2.2224e-01
dev-corpus-03,2931,1277,4.597595e-05,1277,1277,0.020561,0.021695,2.0988e-01
dev-corpus-03,2932,4289,5.221525e-08,4289,4289,0.000031,0.000033,2.8246e-01
dev-corpus-03,2933,837,2.320516e-06,837,837,0.000686,0.000668,3.7162e-01
dev-corpus-03,2934,369,3.030369e-06,369,369,0.002584,0.002524,3.9048e-01
dev-corpus-03,2935,2168,1.045321e-04,2168,2168,0.032363,0.034897,3.5369e-01
dev-corpus-03,2936,198,1.561296e-04,1590,1590,1.327726,1.299671,2.6464e-01
dev-corpus-03,2937,388,1.272856e-04,388,388,0.016911,0.015585,2.9283e-01
dev-corpus-03,2938,321,5.000169e-06,321,321,0.002563,0.002713,2.3798e-01
dev-corpus-03,2939,4396,3.099903e-05,4396,4396,0.007449,0.008098,3.0745e-01
dev-corpus-03,2940,5982,2.363206e-07,5982,5982,0.000081,0.000083,3.5980e-01
dev-corpus-03,2941,482,5.656820e-06,482,482,0.002805,0.002946,3.2640e-01
dev-corpus-03,2942,63605,3.521640e-04,63605,63605,0.126806,0.130104,2.7947e-01
dev-corpus-03,2943,837,8.196241e-07,837,837,0.001694,0.001733,2.6133e-01
dev-corpus-03,2944,369,1.016480e-06,369,369,0.000792,0.000807,2.7177e-01
dev-corpus-03,2945,2168,3.061511e-04,2168,2168,0.032304,0.028037,2.8463e-01
dev-corpus-03,2946,1590,9.016309e-06,1590,1590,0.044490,0.045180,2.2569e-01
dev-corpus-03,2947,198,2.487106e-06,198,198,0.002299,0.002221,4.6709e-01
dev-corpus-03,2948,388,1.412035e-06,388,388,0.002074,0.002016,2.5549e-01
dev-corpus-03,2949,653,1.570648e-05,460,460,4.392509,4.400184,4.0017e-01
dev-corpus-03,2950,1368,7.552779e-04,1061,1061,3.025091,3.004185,4.8836e-01
dev-corpus-03,2951,660,3.440837e-04,567,567,4.128266,4.116318,4.4987e-01
dev-corpus-03,2952,279,5.926235e-04,5038,5038,2.893586,2.863628,4.8113e-01
dev-corpus-03,2953,5038,1.040567e-03,5038,5038,1.291586,1.271860,4.0852e-01
dev-corpus-03,2954,513,6.004083e-05,513,513,0.251414,0.253366,3.8701e-01
dev-corpus-03,2955,2168,8.652582e-05,2168,2168,0.166283,0.168758,1.7341e-01
dev-corpus-03,2956,11,6.628972e-05,11,11,0.116581,0.113983,3.4046e-01
dev-corpus-03,2957,1017,1.988390e-04,1179,1179,3.508984,3.541751,7.1851e-01
dev-corpus-03,2958,1902,1.008236e-03,579,579,3.014160,3.024088,2.6185e-01
dev-corpus-03,2959,381,3.107189e-05,381,381,0.052404,0.050922,2.0481e-01
dev-corpus-03,2960,198,2.868529e-04,449,449,3.207090,3.215045,2.3657e-01
dev-corpus-03,2961,388,5.403366e-07,388,388,0.000753,0.000738,1.4829e-01
dev-corpus-03,2962,653,3.332973e-04,653,653,0.001535,0.002258,5.2967e+00
dev-corpus-03,2963,2361,7.746079e-04,449,449,4.010448,3.972996,3.4202e-01
dev-corpus-03,2964,1809,9.529139e-04,1809,1809,0.596562,0.604340,4.9720e-01
dev-corpus-03,2965,567,7.937871e-04,421,421,4.490511,4.507432,4.2712e-01
dev-corpus-03,2966,2224,3.596143e-04,3105,3105,2.454769,2.482020,3.6501e-01
dev-corpus-03,2967,524,2.537757e-04,7167,7167,1.099057,1.086308,2.9550e-01
dev-corpus-03,2968,21637,4.779217e-04,12910,12910,3.856636,3.937228,2.5121e-01
dev-corpus-03,2969,198,1.775821e-04,13,13,1.944567,1.956590,4.7562e-01
dev-corpus-03,2970,388,2.282920e-06,388,388,0.001663,0.001637,2.6978e-01
dev-corpus-03,2971,4673,3.082121e-04,460,460,2.151151,2.094936,2.3476e-01
dev-corpus-03,2972,14953,9.744839e-05,14953,14953,0.108962,0.106268,4.1163e-01
dev-corpus-03,2973,482,1.403958e-04,482,482,0.290536,0.288056,4.1966e-01
dev-corpus-03,2974,1743,9.437807e-04,1743,1743,0.213082,0.194832,3.8186e-01
dev-corpus-03,2975,44530,5.926141e-05,44530,44530,0.007614,0.006789,2.9912e-01
dev-corpus-03,2976,6725,1.292176e-03,6725,6725,0.401537,0.368449,3.7350e-01
dev-corpus-03,2977,1809,1.408708e-05,1809,1809,0.003094,0.002892,3.0145e-01
dev-corpus-03,2978,303,3.025592e-05,303,303,0.015014,0.015319,3.4758e-01
dev-corpus-03,2979,5215,1.338250e-05,5215,5215,0.007349,0.007204,7.6179e-01
dev-corpus-03,2980,504,3.562589e-05,504,504,0.042726,0.043949,3.3607e-01
dev-corpus-03,2981,198,3.749606e-06,198,198,0.005756,0.005561,1.9374e-01
dev-corpus-03,2982,493,4.501988e-05,761,761,6.807138,6.779924,2.4670e-01
dev-corpus-03,2983,638,3.250963e-05,638,638,0.010764,0.011422,2.3281e-01
dev-corpus-03,2984,37813,3.791563e-05,37813,37813,0.031267,0.029796,4.0998e-01
dev-corpus-03,2985,8,1.529450e-05,8,8,0.005479,0.005846,4.7790e-01
dev-corpus-03,2986,198,1.025140e-06,198,198,0.024055,0.023940,2.1638e-01
dev-corpus-03,2987,285,4.491405e-05,285,285,0.034824,0.036560,1.8299e-01
dev-corpus-03,2988,460,2.453477e-05,460,460,0.028345,0.029427,2.1076e-01
dev-corpus-03,2989,2912,6.880789e-06,2912,2912,0.006361,0.006399,2.9606e-01
dev-corpus-03,2990,271,2.406562e-05,271,271,0.233612,0.235375,2.5244e-01
dev-corpus-03,2991,262,1.476394e-04,262,262,0.130770,0.135758,3.4558e-01
dev-corpus-03,2992,687,8.845703e-05,687,687,0.155114,0.150459,3.8969e-01
dev-corpus-03,2993,615,1.209201e-03,1259,1259,2.768960,2.743189,2.7357e-01
dev-corpus-03,2994,37125,1.190520e-03,39109,39109,4.955826,5.028199,2.8300e-01
dev-corpus-03,2995,11497,9.331346e-04,11497,11497,0.113082,0.100820,1.9005e-01
dev-corpus-03,2996,1153,2.634031e-06,1153,1153,0.006161,0.006154,1.9475e-01
dev-corpus-03,2997,1590,2.180203e-05,1590,1590,0.051366,0.052735,3.1739e-01
dev-corpus-03,2998,198,2.074689e-06,198,198,0.001948,0.001941,3.0349e-01
dev-corpus-03,2999,285,1.257674e-06,285,285,0.001739,0.001742,2.2579e-01
dev-corpus-03,3000,13746,5.277530e-04,4071,4071,4.296876,4.295855,2.3557e-01
dev-corpus-03,3001,283,4.856562e-06,283,283,0.004319,0.004286,2.2683e-01
dev-corpus-03,3002,2958,2.380398e-04,716,716,0.916854,0.906431,1.5580e-01
dev-corpus-03,3003,198,2.127783e-06,198,198,0.003434,0.003535,2.0711e-01
dev-corpus-03,3004,285,8.827144e-07,285,285,0.000928,0.000922,1.7813e-01
dev-corpus-03,3005,364,5.995836e-05,364,364,0.060082,0.059362,2.6087e-01
dev-corpus-03,3006,4396,6.852752e-05,4396,4396,0.039212,0.040721,3.0929e-01
dev-corpus-03,3007,303,1.175682e-06,303,303,0.000444,0.000440,2.4883e-01
dev-corpus-03,3008,638,4.993223e-05,638,638,0.009189,0.010054,4.7378e-01
dev-corpus-03,3009,37813,1.346600e-05,37813,37813,0.012601,0.012407,5.1859e-01
dev-corpus-03,3010,2571,2.571536e-05,2571,2571,0.001530,0.001819,3.2604e-01
dev-corpus-03,3011,1947,5.479454e-08,1947,1947,0.000025,0.000026,2.8437e-01
dev-corpus-03,3012,1153,1.589779e-06,1153,1153,0.000850,0.000874,4.3146e-01
dev-corpus-03,3013,20342,5.714977e-07,20342,20342,0.000230,0.000243,4.9206e-01
dev-corpus-03,3014,1590,1.159875e-05,1590,1590,0.000793,0.000879,7.3518e-01
dev-corpus-03,3015,198,3.451799e-07,198,198,0.000974,0.000959,2.7950e-01
dev-corpus-03,3016,309,1.783632e-07,309,309,0.000471,0.000477,2.0279e-01
dev-corpus-03,3017,6725,2.738236e-04,413,413,1.102301,1.128625,1.5528e-01
dev-corpus-03,3018,283,2.985835e-06,283,283,0.004496,0.004583,1.8522e-01
dev-corpus-03,3019,4396,1.764560e-05,4396,4396,0.003894,0.003562,2.5609e-01
dev-corpus-03,3020,5982,5.799881e-07,5982,5982,0.000533,0.000519,2.2386e-01
dev-corpus-03,3021,482,1.503698e-06,482,482,0.001364,0.001403,2.4619e-01
dev-corpus-03,3022,29259,2.006718e-06,29259,29259,0.005030,0.005032,3.6845e-01
dev-corpus-03,3023,837,1.195656e-06,837,837,0.000703,0.000689,2.2242e-01
dev-corpus-03,3024,466,1.736806e-04,466,466,0.307624,0.318916,3.8910e-01
dev-corpus-03,3025,4396,3.859006e-07,4396,4396,0.000385,0.000388,2.3753e-01
dev-corpus-03,3026,5982,3.402727e-07,5982,5982,0.000070,0.000072,7.4938e-01
dev-corpus-03,3027,482,3.357199e-07,482,482,0.000373,0.000385,2.2706e-01
dev-corpus-03,3028,1277,1.827201e-06,1277,1277,0.000529,0.000530,4.7207e-01
dev-corpus-03,3029,4289,1.295096e-04,4289,4289,0.002338,0.003038,1.1374e+00
dev-corpus-03,3030,837,1.871673e-07,837,837,0.000133,0.000133,3.6341e-01
dev-corpus-03,3031,198,7.635089e-06,198,198,0.004831,0.004621,1.9758e-01
dev-corpus-03,3032,309,1.906209e-07,309,309,0.000261,0.000258,3.6882e-01
dev-corpus-03,3033,413,7.168181e-05,413,413,0.029581,0.029123,2.7186e-01
dev-corpus-03,3034,6725,5.806368e-06,6725,6725,0.004886,0.005083,2.2676e-01
dev-corpus-03,3035,369,7.042760e-05,369,369,0.161085,0.165896,2.6784e-01
dev-corpus-03,3036,524,4.076214e-05,524,524,0.009939,0.010866,2.4267e-01
dev-corpus-03,3037,2168,8.391639e-08,2168,2168,0.000076,0.000077,3.0707e-01
dev-corpus-03,3038,321,1.928531e-05,25,25,4.892543,4.826650,2.4811e-01
dev-corpus-03,3039,6725,1.385754e-04,6725,6725,0.265181,0.267569,2.6909e-01
dev-corpus-03,3040,524,3.619992e-04,524,524,0.267970,0.258707,1.7578e-01
dev-corpus-03,3041,303,8.162041e-08,303,303,0.000047,0.000049,2.2917e-01
dev-corpus-03,3042,13746,5.114145e-05,13746,13746,0.024303,0.025532,2.8893e-01
dev-corpus-03,3043,25,1.722362e-07,25,25,0.001423,0.001417,2.0062e-01
dev-corpus-03,3044,198,3.483302e-06,198,198,0.001065,0.001059,3.1634e-01
dev-corpus-03,3045,388,7.138680e-07,388,388,0.000928,0.000943,1.5924e-01
dev-corpus-03,3046,653,5.362233e-06,13746,13746,5.542535,5.500487,2.0233e-01
dev-corpus-03,3047,884,5.844561e-04,1368,1368,5.226162,5.240438,2.3655e-01
dev-corpus-03,3048,264,4.932743e-04,279,279,3.795474,3.814796,2.8306e-01
dev-corpus-03,3049,6725,7.700452e-04,4752,4752,3.324016,3.314389,2.1548e-01
dev-corpus-03,3050,1809,5.969495e-04,1809,1809,0.798416,0.826331,1.8970e-01
dev-corpus-03,3051,1132,4.249464e-04,198,198,3.034209,2.991284,2.4593e-01
dev-corpus-03,3052,279,7.539644e-05,2957,2957,3.708337,3.710439,1.8959e-01
dev-corpus-03,3053,1118,1.324282e-05,1118,1118,0.011510,0.011604,2.5857e-01
dev-corpus-03,3054,854,7.379286e-06,854,854,0.011439,0.011717,1.9555e-01
dev-corpus-03,3055,424,5.111556e-05,424,424,0.735215,0.740528,3.4360e-01
dev-corpus-03,3056,7701,1.665726e-04,579,7701,1.159874,1.140028,2.2973e-01
dev-corpus-03,3057,198,9.920511e-06,198,198,0.075898,0.075977,2.9551e-01
dev-corpus-03,3058,388,5.171205e-07,388,388,0.000317,0.000316,1.9724e-01
dev-corpus-03,3059,13746,1.458749e-05,13746,13746,0.083434,0.084387,2.5679e-01
dev-corpus-03,3060,1989,1.726360e-06,1989,1989,0.000935,0.000982,2.3646e-01
dev-corpus-03,3061,36101,3.525813e-06,36101,36101,0.001724,0.001791,2.9265e-01
dev-corpus-03,3062,8,4.578248e-06,8,8,0.002282,0.002321,2.7801e-01
dev-corpus-03,3063,198,1.094743e-05,198,198,0.010195,0.009836,2.1003e-01
dev-corpus-03,3064,309,4.332304e-05,285,285,3.120211,3.078748,1.8018e-01
dev-corpus-03,3065,4265,3.438720e-04,413,413,1.909256,1.936297,3.7712e-01
dev-corpus-03,3066,318,4.947954e-04,4396,4396,2.462932,2.486260,2.7270e-01
dev-corpus-03,3067,29259,8.662889e-06,6154,6154,1.734412,1.734363,1.7567e-01
dev-corpus-03,3068,369,3.791981e-04,369,369,0.036384,0.040828,2.3899e-01
dev-corpus-03,3069,2168,7.599847e-04,2168,2168,0.102775,0.116109,2.7361e-01
dev-corpus-03,3070,198,4.169827e-05,198,198,0.196784,0.199641,1.7657e-01
dev-corpus-03,3071,388,5.816468e-04,1638,1638,1.904164,1.876248,2.0739e-01
dev-corpus-04,3072,285,2.830634e-04,2,2,5.812004,5.809833,1.2095e-01
dev-corpus-04,3073,4265,2.172965e-04,333,333,5.691829,5.684303,1.2496e-01
dev-corpus-04,3074,11074,1.486455e-04,638,638,4.479533,4.471052,1.2153e-01
dev-corpus-04,3075,1446,1.263460e-04,2007,2007,2.996774,2.998579,1.0893e-01
dev-corpus-04,3076,14711,4.293817e-05,11,11,8.661026,8.675217,1.3414e-01
dev-corpus-04,3077,2508,1.111794e-04,11,11,9.053171,9.073688,1.6639e-01
dev-corpus-04,3078,11,9.343323e-05,11,11,0.079729,0.081258,1.8247e-01
dev-corpus-04,3079,592,6.284789e-04,592,592,0.801582,0.783823,2.2341e-01
dev-corpus-04,3080,1590,7.334434e-06,1590,1590,0.069974,0.069614,1.8011e-01
dev-corpus-04,3081,198,1.064920e-05,198,198,0.022519,0.022521,1.8051e-01
dev-corpus-04,3082,309,6.372324e-05,309,309,0.043785,0.044352,1.8058e-01
dev-corpus-04,3083,20245,4.353733e-04,20245,20245,0.868717,0.866183,1.4938e-01
dev-corpus-04,3084,30919,2.646321e-05,2508,2508,16.438929,16.331798,1.7985e-01
dev-corpus-04,3085,283,3.158190e-04,283,283,0.217631,0.220566,2.2863e-01
dev-corpus-04,3086,12102,7.192529e-04,52665,52665,7.091686,7.016094,2.2767e-01
dev-corpus-04,3087,293,9.524686e-04,25,25,2.587737,2.582085,2.2396e-01
dev-corpus-04,3088,21402,5.993551e-04,25,25,8.010411,7.947367,2.1511e-01
dev-corpus-04,3089,6,1.754639e-03,21,21,3.045802,3.063481,1.8689e-01
dev-corpus-04,3090,1170,6.428602e-04,1170,1170,0.240912,0.254766,2.6508e-01
dev-corpus-04,3091,696,6.813297e-04,293,293,4.076357,4.084443,2.7604e-01
dev-corpus-04,3092,8038,1.494028e-03,8038,8038,1.337960,1.312979,2.3585e-01
dev-corpus-04,3093,2653,8.820281e-04,2653,2653,0.712914,0.707988,2.4770e-01
dev-corpus-04,3094,4468,5.364928e-04,4468,4468,0.235193,0.249786,2.2965e-01
dev-corpus-04,3095,1446,4.955021e-05,1446,1446,0.024220,0.022863,3.0852e-01
dev-corpus-04,3096,14711,6.539769e-05,14711,14711,0.010692,0.011859,2.0733e-01
dev-corpus-04,3097,2508,6.257186e-07,2508,2508,0.001006,0.001007,2.2430e-01
dev-corpus-04,3098,11,1.599873e-04,11,11,0.103209,0.097980,2.0046e-01
dev-corpus-04,3099,293,8.269142e-05,293,293,0.033640,0.035482,2.4723e-01
dev-corpus-04,3100,8,4.387012e-05,8,8,0.177383,0.180002,2.1862e-01
dev-corpus-04,3101,198,2.428274e-05,198,198,0.151848,0.150268,1.8267e-01
dev-corpus-04,3102,285,5.068303e-05,285,285,0.253537,0.255960,1.3480e-01
dev-corpus-04,3103,745,3.244468e-05,745,745,0.094413,0.094317,1.4685e-01
dev-corpus-04,3104,25,5.615232e-04,25,25,0.000800,0.000385,9.2625e+00
dev-corpus-04,3105,198,2.075774e-05,198,198,0.009988,0.010204,2.9714e-01
dev-corpus-04,3106,309,1.480550e-06,309,309,0.001583,0.001609,1.8589e-01
dev-corpus-04,3107,20245,6.965051e-05,4673,4673,2.214192,2.194838,1.6141e-01
dev-corpus-04,3108,30919,9.019091e-05,30919,30919,0.025429,0.023878,1.7536e-01
dev-corpus-04,3109,283,7.225422e-06,283,283,0.002049,0.002117,2.2450e-01
dev-corpus-04,3110,12102,4.161441e-04,12102,12102,0.235452,0.223212,2.3643e-01
dev-corpus-04,3111,293,3.197226e-05,293,293,0.065925,0.066241,1.7694e-01
dev-corpus-04,3112,21402,3.278422e-06,21402,21402,0.013044,0.013197,1.7302e-01
dev-corpus-04,3113,6,1.199046e-05,6,6,0.006306,0.006636,2.1232e-01
dev-corpus-04,3114,1170,1.180589e-07,1170,1170,0.000277,0.000277,3.2115e-01
dev-corpus-04,3115,20245,3.906615e-04,293,293,2.057966,2.063335,3.0042e-01
dev-corpus-04,3116,2508,3.639421e-06,2508,2508,0.003939,0.003859,3.0514e-01
dev-corpus-04,3117,4468,2.983608e-04,1446,1446,3.351264,3.269300,3.0564e-01
dev-corpus-04,3118,1446,1.317130e-04,1446,1446,0.021574,0.020441,4.7113e-01
dev-corpus-04,3119,8,1.144224e-05,8,8,0.008498,0.008343,2.4461e-01
dev-corpus-04,3120,271,2.043447e-04,198,198,0.993008,0.967170,2.1083e-01
dev-corpus-04,3121,285,6.096060e-06,285,285,0.301210,0.299723,2.0300e-01
dev-corpus-04,3122,638,2.242285e-04,653,653,2.314737,2.316580,1.2593e-01
dev-corpus-04,3123,1385,1.745983e-04,1385,1385,0.711840,0.710118,1.8028e-01
dev-corpus-04,3124,71,3.202205e-04,35138,35138,3.584564,3.581567,1.4757e-01
dev-corpus-04,3125,11609,2.033566e-04,283,283,1.286853,1.291001,1.9462e-01
dev-corpus-04,3126,283,1.043669e-03,283,283,1.023314,0.989298,1.9357e-01
dev-corpus-04,3127,2168,1.937523e-03,12102,12102,3.041642,3.161059,2.0033e-01
dev-corpus-04,3128,198,5.013400e-05,198,198,0.152188,0.154879,1.4356e-01
dev-corpus-04,3129,285,3.084710e-06,285,285,0.004574,0.004435,1.6702e-01
dev-corpus-04,3130,638,2.997867e-04,638,638,0.162959,0.171941,2.3258e-01
dev-corpus-04,3131,1385,6.002811e-05,1385,1385,0.116686,0.119049,1.6414e-01
dev-corpus-04,3132,2589,4.808204e-04,71,71,9.330621,9.350546,1.4776e-01
dev-corpus-04,3133,283,3.229520e-04,283,283,0.364229,0.368706,2.6576e-01
dev-corpus-04,3134,20245,1.240727e-04,2168,2168,2.533850,2.551413,2.1829e-01
dev-corpus-04,3135,30919,1.522036e-05,30919,30919,0.008001,0.008118,2.1289e-01
dev-corpus-04,3136,363,4.651845e-04,1818,1818,1.421893,1.377059,1.8405e-01
dev-corpus-04,3137,198,1.853007e-05,198,198,0.092038,0.093646,2.6606e-01
dev-corpus-04,3138,285,2.359580e-06,285,285,0.004970,0.005101,2.0893e-01
dev-corpus-04,3139,638,1.311333e-04,638,638,0.025117,0.026594,4.1772e-01
dev-corpus-04,3140,1385,7.346378e-05,1385,1385,0.008182,0.009275,2.3151e-01
dev-corpus-04,3141,4240,1.394432e-04,4240,4240,0.213867,0.211961,2.2020e-01
dev-corpus-04,3142,283,2.336997e-05,283,283,0.007851,0.008104,2.3402e-01
dev-corpus-04,3143,20245,4.337182e-05,20245,20245,0.080747,0.082215,2.0756e-01
dev-corpus-04,3144,30919,1.231546e-06,30919,30919,0.000735,0.000758,4.5301e-01
dev-corpus-04,3145,363,1.226518e-04,363,363,0.051843,0.054605,2.8825e-01
dev-corpus-04,3146,198,5.761538e-05,198,198,0.494317,0.492749,2.2483e-01
dev-corpus-04,3147,285,1.836696e-05,285,285,0.058118,0.058945,1.6789e-01
dev-corpus-04,3148,638,1.112187e-04,638,638,0.165620,0.168494,2.2103e-01
dev-corpus-04,3149,72998,2.224169e-04,1385,1385,5.843404,5.760653,2.6131e-01
dev-corpus-04,3150,2291,1.980986e-03,2508,2508,2.111334,2.220203,2.9315e-01
dev-corpus-04,3151,283,7.618278e-06,283,283,0.004715,0.004823,1.9823e-01
dev-corpus-04,3152,638,3.966751e-05,638,638,0.135151,0.136456,2.3234e-01
dev-corpus-04,3153,1385,9.060326e-06,1385,1385,0.014084,0.013768,1.9468e-01
dev-corpus-04,3154,4240,1.897151e-04,2589,2589,1.303551,1.274678,2.0560e-01
dev-corpus-04,3155,72998,3.483894e-05,72998,72998,0.021805,0.021178,2.7245e-01
dev-corpus-04,3156,2291,7.986107e-06,2291,2291,0.001686,0.001562,3.4087e-01
dev-corpus-04,3157,271,8.363558e-05,198,198,0.752713,0.752656,1.6659e-01
dev-corpus-04,3158,285,2.588031e-05,262,262,0.765427,0.772075,1.6996e-01
dev-corpus-04,3159,413,1.807092e-04,653,653,1.719268,1.709241,2.2001e-01
dev-corpus-04,3160,30038,6.771710e-04,11074,11074,2.770330,2.746832,2.2798e-01
dev-corpus-04,3161,1153,4.815258e-04,1153,1153,0.575631,0.599843,2.2166e-01
dev-corpus-04,3162,1385,9.294338e-05,1385,1385,0.310936,0.317814,2.5742e-01
dev-corpus-04,3163,4240,4.386603e-05,4240,4240,0.240120,0.235653,1.7197e-01
dev-corpus-04,3164,11,9.155253e-06,11,11,0.005124,0.005222,3.1705e-01
dev-corpus-04,3165,359,4.347861e-05,359,359,0.066239,0.067379,2.4918e-01
dev-corpus-04,3166,4425,3.219098e-03,4425,4425,0.837027,0.790859,2.3876e-01
dev-corpus-04,3167,2291,8.224333e-05,2291,2291,0.032099,0.030052,3.4965e-01
dev-corpus-04,3168,33782,6.414484e-06,33782,33782,0.025644,0.026195,2.1548e-01
dev-corpus-04,3169,198,6.240527e-06,198,198,0.009846,0.010164,2.3869e-01
dev-corpus-04,3170,309,2.014707e-06,309,309,0.001386,0.001453,1.9478e-01
dev-corpus-04,3171,2424,4.538724e-04,638,638,2.296727,2.234482,2.1339e-01
dev-corpus-04,3172,2073,7.451572e-05,2291,2291,3.264835,3.208716,2.4854e-01
dev-corpus-04,3173,283,7.658016e-06,283,283,0.011248,0.011123,1.6064e-01
dev-corpus-04,3174,638,2.543496e-05,638,638,0.034567,0.034497,1.7426e-01
dev-corpus-04,3175,1385,2.029722e-05,1385,1385,0.003529,0.003906,2.1394e-01
dev-corpus-04,3176,4240,3.033614e-06,4240,4240,0.001047,0.001000,2.6016e-01
dev-corpus-04,3177,15236,4.968501e-06,15236,15236,0.002447,0.002391,3.1801e-01
dev-corpus-04,3178,2291,3.404971e-07,2291,2291,0.000502,0.000516,3.4768e-01
dev-corpus-04,3179,198,5.524608e-05,198,198,0.061400,0.062786,2.3979e-01
dev-corpus-04,3180,309,9.353973e-06,285,285,1.771708,1.781136,1.7637e-01
dev-corpus-04,3181,413,4.895880e-04,413,413,0.486701,0.487555,2.7578e-01
dev-corpus-04,3182,2424,2.026292e-04,2424,2424,0.565755,0.564011,1.9679e-01
dev-corpus-04,3183,2073,2.259753e-06,2073,2073,0.005298,0.005166,2.0945e-01
dev-corpus-04,3184,361,6.812794e-04,369,369,2.220277,2.271809,1.7187e-01
dev-corpus-04,3185,220,2.485931e-04,220,220,0.166375,0.158621,2.0308e-01
dev-corpus-04,3186,16,9.371659e-04,16,16,0.774386,0.736254,1.8652e-01
dev-corpus-04,3187,21,8.286013e-04,25,25,1.332485,1.379798,2.7313e-01
dev-corpus-04,3188,25,2.751451e-05,25,25,0.074620,0.074142,2.1995e-01
dev-corpus-04,3189,198,5.241236e-05,198,198,0.030723,0.031866,4.2568e-01
dev-corpus-04,3190,388,1.445688e-06,388,388,0.001750,0.001734,2.9323e-01
dev-corpus-04,3191,696,1.336624e-03,4673,4673,5.695898,5.702239,1.8568e-01
dev-corpus-04,3192,58410,6.316381e-04,32370,32370,3.282612,3.371604,2.3160e-01
dev-corpus-04,3193,20751,1.138693e-05,20751,20751,0.002973,0.002772,2.6040e-01
dev-corpus-04,3194,482,1.809222e-04,7,7,1.178023,1.183847,2.3043e-01
dev-corpus-04,3195,4425,6.524753e-04,4425,4425,1.706871,1.732961,1.9495e-01
dev-corpus-04,3196,2291,3.967626e-05,2073,2073,1.207870,1.216490,1.9298e-01
dev-corpus-04,3197,314,3.275125e-04,361,361,2.098872,2.106186,1.5936e-01
dev-corpus-04,3198,984,7.091857e-04,984,984,0.817690,0.810104,2.2806e-01
dev-corpus-04,3199,67,5.382131e-05,67,67,0.697414,0.694651,1.6789e-01
dev-corpus-04,3200,4816,2.096117e-04,369,369,3.734020,3.777424,2.2068e-01
dev-corpus-04,3201,2166,8.456010e-05,2166,2166,1.080498,1.086074,1.4165e-01
dev-corpus-04,3202,2526,6.247402e-05,2526,2526,0.089637,0.092498,1.7344e-01
dev-corpus-04,3203,26,3.510478e-04,364,364,3.823147,3.822079,2.1817e-01
dev-corpus-04,3204,1608,7.876254e-04,359,359,3.488121,3.569072,2.5155e-01
dev-corpus-04,3205,1004,1.892957e-04,220,220,7.955897,8.027880,2.1852e-01
dev-corpus-04,3206,359,5.123924e-04,1765,1765,1.696133,1.728572,2.0819e-01
dev-corpus-04,3207,198,1.976243e-05,198,198,0.012628,0.011998,2.1097e-01
dev-corpus-04,3208,7322,5.906066e-04,7322,7322,0.684522,0.717582,1.5868e-01
dev-corpus-04,3209,359,9.806276e-06,359,359,0.012604,0.012360,2.6636e-01
dev-corpus-04,3210,2186,2.906997e-04,754,754,1.653772,1.661945,1.5669e-01
dev-corpus-04,3211,314,6.074186e-04,314,314,0.819078,0.852361,3.0391e-01
dev-corpus-04,3212,984,2.662019e-04,220,220,1.462909,1.504662,2.3884e-01
dev-corpus-04,3213,67,2.729445e-06,67,67,0.004430,0.004529,1.8294e-01
dev-corpus-04,3214,3058,9.149181e-05,6,6,3.194665,3.213983,2.0606e-01
dev-corpus-04,3215,984,7.381755e-05,984,984,0.036108,0.033936,1.9714e-01
dev-corpus-04,3216,318,6.887568e-06,318,318,0.028023,0.027952,2.3462e-01
dev-corpus-04,3217,4425,2.177816e-05,4425,4425,0.015417,0.014665,1.5606e-01
dev-corpus-04,3218,2073,1.034371e-06,2073,2073,0.000096,0.000084,5.2040e-01
dev-corpus-04,3219,11,2.063791e-06,11,11,0.000914,0.000924,2.1674e-01
dev-corpus-04,3220,638,3.389822e-04,220,220,2.147726,2.146891,2.3854e-01
dev-corpus-04,3221,15236,4.404240e-04,15236,15236,0.568459,0.556814,2.6965e-01
dev-corpus-04,3222,2073,9.382189e-05,2291,2291,1.723520,1.695297,2.7690e-01
dev-corpus-04,3223,681,7.191967e-05,681,681,0.378627,0.383523,2.8999e-01
dev-corpus-04,3224,198,2.705024e-05,198,198,0.020477,0.020966,3.2757e-01
dev-corpus-04,3225,7322,1.119831e-05,7322,7322,0.005147,0.004874,2.0727e-01
dev-corpus-04,3226,10634,9.971759e-04,696,696,2.469633,2.411270,2.2912e-01
dev-corpus-04,3227,11743,3.208343e-06,11743,11743,0.003267,0.003180,2.3404e-01
dev-corpus-04,3228,11,2.804029e-05,8,8,1.373349,1.363219,2.2259e-01
dev-corpus-04,3229,220,3.136540e-05,5436,5436,3.027454,3.030165,3.2357e-01
dev-corpus-04,3230,17,6.764713e-05,17,17,0.141644,0.138911,4.1363e-01
dev-corpus-04,3231,8,2.173883e-05,8,8,0.005818,0.006278,3.9171e-01
dev-corpus-04,3232,198,2.532033e-05,198,198,0.010683,0.009978,1.6314e-01
dev-corpus-04,3233,388,1.091866e-03,388,388,0.425805,0.392875,1.6375e-01
dev-corpus-04,3234,2424,1.518421e-04,2424,2424,0.485408,0.499035,1.9595e-01
dev-corpus-04,3235,2073,5.868957e-07,2073,2073,0.000208,0.000196,2.4917e-01
dev-corpus-04,3236,283,5.315796e-07,283,283,0.000666,0.000653,2.4377e-01
dev-corpus-04,3237,638,2.487721e-04,638,638,0.152379,0.144710,2.4513e-01
dev-corpus-04,3238,15236,5.284293e-06,15236,15236,0.002480,0.002629,1.9810e-01
dev-corpus-04,3239,2073,1.363554e-06,2073,2073,0.001488,0.001548,3.6232e-01
dev-corpus-04,3240,198,2.257163e-04,198,198,0.582299,0.600544,1.8977e-01
dev-corpus-04,3241,285,5.935346e-06,285,285,0.383388,0.385009,1.6123e-01
dev-corpus-04,3242,745,6.870980e-04,745,745,0.235095,0.253900,2.6107e-01
dev-corpus-04,3243,25,7.052814e-08,25,25,0.000028,0.000028,3.8915e-01
dev-corpus-04,3244,198,6.808926e-06,198,198,0.005144,0.004979,3.0255e-01
dev-corpus-04,3245,309,3.547104e-07,309,309,0.000878,0.000880,2.0052e-01
dev-corpus-04,3246,696,3.497710e-04,2424,2424,4.330293,4.194498,1.6265e-01
dev-corpus-04,3247,58410,1.499676e-04,58410,58410,0.075035,0.072462,3.4053e-01
dev-corpus-04,3248,20751,9.538189e-07,20751,20751,0.000409,0.000386,2.4802e-01
dev-corpus-04,3249,482,3.046657e-05,482,482,0.203961,0.203244,2.1615e-01
dev-corpus-04,3250,2665,4.371584e-04,4425,4425,2.744908,2.768507,1.7912e-01
dev-corpus-04,3251,2424,5.077652e-05,2424,2424,0.059905,0.060348,1.9538e-01
dev-corpus-04,3252,2291,1.497148e-05,2291,2291,0.060754,0.062043,2.0412e-01
dev-corpus-04,3253,6816,4.769176e-04,6816,6816,0.991056,0.984437,2.1788e-01
dev-corpus-04,3254,383,1.156180e-03,1669,1669,2.104795,2.049946,1.7324e-01
dev-corpus-04,3255,2574,1.347351e-04,984,984,6.399883,6.367309,2.5333e-01
dev-corpus-04,3256,20245,2.873394e-04,5010,5010,1.188719,1.178846,2.4444e-01
dev-corpus-04,3257,1576,5.210791e-04,2508,2508,2.680941,2.668102,1.9718e-01
dev-corpus-04,3258,26,2.302104e-04,26,26,0.607436,0.619486,1.5389e-01
dev-corpus-04,3259,359,8.815550e-06,359,359,0.024837,0.024294,1.3997e-01
dev-corpus-04,3260,198,1.190152e-06,198,198,0.000348,0.000322,1.9573e-01
dev-corpus-04,3261,5780,7.721785e-04,5780,5780,0.034000,0.040917,3.0917e-01
dev-corpus-04,3262,359,5.130078e-07,359,359,0.002528,0.002524,1.8137e-01
dev-corpus-04,3263,5439,1.754945e-04,940,940,7.134148,7.102641,1.8773e-01
dev-corpus-04,3264,28528,1.463571e-06,28528,28528,0.046551,0.046776,1.4766e-01
dev-corpus-04,3265,984,1.870436e-04,984,984,1.244867,1.232015,2.3427e-01
dev-corpus-04,3266,67,9.714666e-06,67,67,0.014214,0.013805,2.2101e-01
dev-corpus-04,3267,3058,6.295025e-04,3058,3058,0.653009,0.653569,1.9436e-01
dev-corpus-04,3268,984,3.097092e-06,984,984,0.003766,0.003884,2.0022e-01
dev-corpus-04,3269,318,1.265978e-04,638,638,1.915979,1.880180,1.7327e-01
dev-corpus-04,3270,701,1.071374e-05,701,701,0.031152,0.030567,1.8662e-01
dev-corpus-04,3271,15236,3.732317e-06,15236,15236,0.000503,0.000558,2.3887e-01
dev-corpus-04,3272,2073,1.560395e-06,2073,2073,0.000798,0.000836,2.3906e-01
dev-corpus-04,3273,681,5.176900e-04,681,681,0.161143,0.174327,2.6969e-01
dev-corpus-04,3274,198,1.422353e-04,198,198,0.637539,0.651082,2.5273e-01
dev-corpus-04,3275,5780,3.803129e-06,5780,5780,0.002122,0.002215,1.5583e-01
dev-corpus-04,3276,10634,1.030866e-05,10634,10634,0.006931,0.007032,2.0310e-01
dev-corpus-04,3277,11743,5.191353e-07,11743,11743,0.000106,0.000109,3.4780e-01
dev-corpus-04,3278,11,1.557915e-06,11,11,0.020391,0.020632,2.6816e-01
dev-corpus-04,3279,220,1.185011e-05,220,220,0.002426,0.002633,3.1686e-01
dev-corpus-04,3280,17,1.191007e-05,17,17,0.011439,0.011722,7.6988e-01
dev-corpus-04,3281,8,8.033563e-07,8,8,0.000483,0.000504,2.7133e-01
dev-corpus-04,3282,198,2.020304e-03,198,198,0.413243,0.460396,2.4127e-01
dev-corpus-04,3283,309,1.253236e-03,285,285,1.055760,1.124726,2.7170e-01
dev-corpus-04,3284,2424,3.290936e-04,2424,2424,0.058162,0.064359,2.5308e-01
dev-corpus-04,3285,2073,8.373660e-07,2073,2073,0.000082,0.000094,2.5229e-01
dev-corpus-04,3286,283,1.794283e-06,283,283,0.000566,0.000565,2.4893e-01
dev-corpus-04,3287,638,2.654235e-05,638,638,0.014465,0.014329,2.4694e-01
dev-corpus-04,3288,15236,3.831157e-06,15236,15236,0.000727,0.000792,2.7809e-01
dev-corpus-04,3289,2073,3.065073e-07,2073,2073,0.000142,0.000147,4.0304e-01
dev-corpus-04,3290,271,2.220417e-05,271,271,0.182227,0.184979,2.0435e-01
dev-corpus-04,3291,285,1.313174e-06,285,285,0.040518,0.040407,1.5332e-01
dev-corpus-04,3292,413,9.653852e-05,638,638,1.814366,1.826477,2.0675e-01
dev-corpus-04,3293,2343,2.777447e-04,2424,2424,2.856656,2.887273,2.0280e-01
dev-corpus-04,3294,4702,1.123979e-03,18119,18119,2.348878,2.306646,3.4042e-01
dev-corpus-04,3295,8,1.421984e-05,8,8,0.015104,0.015110,1.8871e-01
dev-corpus-04,3296,835,8.072715e-04,835,835,0.587140,0.586307,1.9248e-01
dev-corpus-04,3297,2424,4.361307e-04,2424,2424,0.096386,0.087758,2.5627e-01
dev-corpus-04,3298,2073,1.396170e-07,2073,2073,0.000334,0.000334,1.9793e-01
dev-corpus-04,3299,25,6.629187e-06,25,25,0.041465,0.041866,2.4905e-01
dev-corpus-04,3300,198,1.732304e-05,198,198,0.006761,0.007137,2.7634e-01
dev-corpus-04,3301,309,2.145614e-06,309,309,0.000949,0.001008,1.9860e-01
dev-corpus-04,3302,1328,2.608281e-03,1328,1328,0.834027,0.766614,2.7728e-01
dev-corpus-04,3303,283,6.324144e-05,283,283,0.016926,0.016067,2.6843e-01
dev-corpus-04,3304,20245,1.079543e-03,638,638,2.071138,2.132115,2.3792e-01
dev-corpus-04,3305,30919,1.106048e-04,30919,30919,0.102617,0.101981,2.3503e-01
dev-corpus-04,3306,4702,9.866567e-06,4702,4702,0.010101,0.010326,2.5121e-01
dev-corpus-04,3307,553,5.285553e-03,553,553,0.514960,0.603124,3.5798e-01
dev-corpus-04,3308,35138,1.545845e-05,35138,35138,0.004216,0.003887,2.9125e-01
dev-corpus-04,3309,363,7.249228e-06,363,363,0.001967,0.002093,2.5273e-01
dev-corpus-04,3310,271,1.183844e-04,271,271,0.676436,0.663171,1.9689e-01
dev-corpus-04,3311,285,8.030308e-06,285,285,0.003847,0.004059,1.8981e-01
dev-corpus-04,3312,653,3.142413e-04,638,638,2.441760,2.472770,2.5007e-01
dev-corpus-04,3313,638,1.057393e-03,561,561,4.618788,4.628271,2.2172e-01
dev-corpus-04,3314,15236,6.947968e-04,1385,1385,2.386223,2.408739,2.7656e-01
dev-corpus-04,3315,2073,1.826845e-04,2073,2073,0.096790,0.094584,4.8402e-01
dev-corpus-04,3316,369,1.600568e-04,369,369,0.908645,0.916054,1.5579e-01
dev-corpus-04,3317,279,2.121558e-04,279,279,1.133982,1.144126,1.6893e-01
dev-corpus-04,3318,1581,5.118134e-04,2424,2424,5.399657,5.431528,2.7966e-01
dev-corpus-04,3319,2424,1.844454e-03,2424,2424,1.163254,1.179270,3.0120e-01
dev-corpus-04,3320,2073,5.925072e-04,1331,1331,0.768672,0.733060,2.1631e-01
dev-corpus-04,3321,13,7.733975e-04,364,11,3.003485,2.967957,2.3573e-01
dev-corpus-04,3322,638,2.767802e-04,198,198,4.096514,4.137689,2.2547e-01
dev-corpus-04,3323,15236,1.171739e-03,1385,1385,2.591828,2.444410,2.5108e-01
dev-corpus-04,3324,2291,2.842011e-04,2073,2073,1.906152,1.944683,3.1852e-01
dev-corpus-04,3325,369,9.880870e-05,369,369,0.365623,0.362818,2.0580e-01
dev-corpus-04,3326,198,2.085775e-04,279,279,1.704889,1.715400,2.2331e-01
dev-corpus-04,3327,285,7.260741e-07,285,285,0.000323,0.000344,1.7400e-01
dev-corpus-04,3328,653,2.741438e-05,653,653,0.000227,0.000286,2.3577e+00
dev-corpus-04,3329,7139,9.698342e-04,279,279,9.777848,9.880417,3.3477e-01
dev-corpus-04,3330,2424,7.327588e-05,2424,2424,0.151786,0.150392,1.8185e-01
dev-corpus-04,3331,1331,3.854137e-05,2073,2073,1.343260,1.356949,1.6591e-01
dev-corpus-04,3332,430,2.458920e-04,13,13,5.310183,5.341593,1.8284e-01
dev-corpus-04,3333,1575,2.589987e-04,10521,10521,5.759781,5.683128,2.5902e-01
dev-corpus-04,3334,430,1.174324e-03,430,430,0.283892,0.258453,2.5285e-01
dev-corpus-04,3335,279,6.812081e-04,279,279,1.245975,1.266865,2.1006e-01
dev-corpus-04,3336,569,6.614702e-04,1324,1324,5.876576,5.798241,2.1391e-01
dev-corpus-04,3337,5165,1.101868e-03,5165,5165,1.184519,1.188793,3.1285e-01
dev-corpus-04,3338,6816,1.900194e-04,13,13,5.113358,5.097246,3.1530e-01
dev-corpus-04,3339,13,9.509485e-05,13,13,0.589169,0.594950,2.2717e-01
dev-corpus-04,3340,198,1.378115e-04,198,198,0.109878,0.105745,2.0701e-01
dev-corpus-04,3341,285,1.349309e-07,285,285,0.000435,0.000428,1.6497e-01
dev-corpus-04,3342,638,9.433669e-05,638,638,0.344387,0.347721,2.4593e-01
dev-corpus-04,3343,15236,3.507968e-05,15236,15236,0.147561,0.146875,2.5570e-01
dev-corpus-04,3344,2291,1.614400e-03,2291,2291,0.282271,0.315848,2.1396e-01
dev-corpus-04,3345,283,2.462814e-06,283,283,0.002686,0.002619,2.2049e-01
dev-corpus-04,3346,2424,3.944935e-04,2424,2424,0.270891,0.266220,2.6529e-01
dev-corpus-04,3347,2073,1.258107e-06,2073,2073,0.000811,0.000848,2.2596e-01
dev-corpus-04,3348,271,4.361960e-05,198,198,0.981439,0.982493,2.5723e-01
dev-corpus-04,3349,285,4.401658e-04,285,285,0.134725,0.123809,3.3174e-01
dev-corpus-04,3350,1328,1.638763e-04,653,653,4.657848,4.600075,2.5243e-01
dev-corpus-04,3351,283,9.571495e-04,6892,6892,1.709489,1.720665,2.7420e-01
dev-corpus-04,3352,1328,8.765261e-04,1328,1328,1.438094,1.407250,2.5900e-01
dev-corpus-04,3353,890,9.252047e-04,478,478,1.328583,1.288074,3.3856e-01
dev-corpus-04,3354,4111,4.829028e-06,4111,4111,0.003654,0.003838,2.5079e-01
dev-corpus-04,3355,18119,3.812297e-05,18119,18119,0.516025,0.519597,2.5076e-01
dev-corpus-04,3356,2073,2.930292e-05,2073,2073,0.002767,0.002392,3.0903e-01
dev-corpus-04,3357,11,1.365545e-04,11,11,0.274076,0.269311,3.0814e-01
dev-corpus-04,3358,292,9.544347e-05,292,292,0.064869,0.065644,2.5806e-01
dev-corpus-04,3359,15313,2.514494e-04,15313,15313,0.113264,0.120843,2.6686e-01
dev-corpus-04,3360,15,6.470071e-04,87,87,1.032224,0.985088,2.5005e-01
dev-corpus-04,3361,837,2.153127e-05,837,837,0.034668,0.033747,3.1053e-01
dev-corpus-04,3362,198,1.630398e-04,198,198,0.333995,0.332003,2.4868e-01
dev-corpus-04,3363,285,4.668023e-06,285,285,0.002803,0.002654,2.1230e-01
dev-corpus-04,3364,638,1.035075e-03,638,638,0.818698,0.807525,3.1494e-01
dev-corpus-04,3365,1385,3.111863e-04,1385,1385,0.163922,0.171576,2.5383e-01
dev-corpus-04,3366,2589,9.604826e-04,558,558,5.064472,4.980156,2.8684e-01
dev-corpus-04,3367,5149,5.267392e-04,5149,5149,0.590825,0.601209,3.3449e-01
dev-corpus-04,3368,4702,1.263887e-03,4702,4702,0.410301,0.434551,4.4684e-01
dev-corpus-04,3369,25081,2.643881e-03,8,8,5.461305,5.409657,4.0612e-01
dev-corpus-04,3370,31992,1.888099e-03,2231,2231,5.668918,5.723974,2.6400e-01
dev-corpus-04,3371,62,1.942946e-03,5070,5070,2.828894,2.824369,2.6382e-01
dev-corpus-04,3372,20,1.086634e-03,15,15,4.694118,4.650159,2.8912e-01
dev-corpus-04,3373,34,1.336559e-03,66,66,4.156168,4.252950,3.2133e-01
dev-corpus-04,3374,578,5.835401e-04,578,578,1.067443,1.066682,2.5013e-01
dev-corpus-04,3375,198,2.040354e-04,198,198,0.046846,0.050844,4.1112e-01
dev-corpus-04,3376,285,3.443763e-07,285,285,0.000156,0.000164,2.5657e-01
dev-corpus-04,3377,638,7.296826e-05,638,638,0.022658,0.022228,2.2996e-01
dev-corpus-04,3378,1385,6.704239e-06,1385,1385,0.002553,0.002446,4.1088e-01
dev-corpus-04,3379,4240,4.504307e-05,4240,4240,0.046875,0.048907,1.7360e-01
dev-corpus-04,3380,5149,1.809436e-05,5149,5149,0.011775,0.011652,3.3630e-01
dev-corpus-04,3381,4702,6.486964e-05,4702,4702,0.013318,0.012293,3.8400e-01
dev-corpus-04,3382,25081,1.889706e-03,25081,25081,0.081628,0.065146,2.7692e-01
dev-corpus-04,3383,31992,1.554343e-05,31992,31992,0.004460,0.004713,2.9717e-01
dev-corpus-04,3384,62,1.331946e-04,62,62,0.011685,0.010305,4.6684e-01
dev-corpus-04,3385,18,3.053380e-03,21,21,1.622926,1.683599,2.6599e+00
dev-corpus-04,3386,21,7.978822e-02,34,34,1.319203,2.004554,8.2599e-01
dev-corpus-04,3387,578,2.486437e-04,578,578,0.022837,0.020199,4.4803e-01
dev-corpus-04,3388,198,7.218552e-05,271,271,1.091623,1.107514,2.4503e-01
dev-corpus-04,3389,285,4.246464e-05,285,285,0.043311,0.043607,3.4697e-01
dev-corpus-04,3390,413,2.654127e-04,638,638,3.670712,3.670367,3.9494e-01
dev-corpus-04,3391,3623,1.037169e-03,30038,30038,5.600542,5.551016,3.3703e-01
dev-corpus-04,3392,369,3.735646e-04,369,369,0.770443,0.773078,2.5228e-01
dev-corpus-04,3393,524,1.037078e-05,524,524,0.452623,0.453239,1.7934e-01
dev-corpus-04,3394,2168,4.267554e-05,2168,2168,0.016855,0.015882,3.4481e-01
dev-corpus-04,3395,25,1.265042e-05,25,25,0.011895,0.012444,2.6559e-01
dev-corpus-04,3396,198,2.954713e-06,198,198,0.005024,0.005025,4.1701e-01
dev-corpus-04,3397,309,4.241256e-07,309,309,0.001307,0.001321,2.3621e-01
dev-corpus-04,3398,638,7.093269e-05,638,638,0.043170,0.043688,3.9099e-01
dev-corpus-04,3399,5149,1.411090e-04,5149,5149,0.054416,0.050669,3.5327e-01
dev-corpus-04,3400,7863,2.678975e-05,7863,7863,0.006680,0.006252,2.6678e-01
dev-corpus-04,3401,8,2.194513e-05,8,8,0.002222,0.002002,2.7489e-01
dev-corpus-04,3402,271,6.969398e-06,271,271,0.176654,0.175085,3.4510e-01
dev-corpus-04,3403,262,2.514660e-05,262,262,0.068315,0.067518,3.4446e-01
dev-corpus-04,3404,554,6.514480e-05,687,687,2.681272,2.660058,3.4119e-01
dev-corpus-04,3405,3573,4.445302e-04,3573,3573,0.249658,0.259797,2.6084e-01
dev-corpus-04,3406,198,4.439015e-06,198,198,0.002529,0.002605,2.6453e-01
dev-corpus-04,3407,262,1.960628e-04,262,262,0.095118,0.101415,7.2421e-01
dev-corpus-04,3408,687,1.111958e-04,687,687,0.039016,0.036503,3.3299e-01
dev-corpus-04,3409,803,1.563190e-03,1328,1328,5.152946,5.169961,2.3162e-01
dev-corpus-04,3410,1153,5.292223e-06,1153,1153,0.003258,0.003244,2.3680e-01
dev-corpus-04,3411,1590,1.237319e-07,1590,1590,0.000687,0.000699,2.3933e-01
dev-corpus-04,3412,198,2.148208e-05,198,198,0.008209,0.008500,4.0798e-01
dev-corpus-04,3413,285,2.787307e-07,285,285,0.000564,0.000558,2.2646e-01
dev-corpus-04,3414,413,1.380993e-04,460,460,2.903585,2.909866,2.5350e-01
dev-corpus-04,3415,638,2.333219e-04,11074,11074,1.600990,1.623245,1.4460e-01
dev-corpus-04,3416,1385,5.607224e-04,1385,1385,0.146234,0.135557,2.7985e-01
dev-corpus-04,3417,71,9.155116e-04,71,71,0.731177,0.759693,2.5020e-01
dev-corpus-04,3418,11609,6.435752e-07,11609,11609,0.000487,0.000502,2.3231e-01
dev-corpus-04,3419,25,1.247530e-03,369,369,0.952179,0.893720,2.7008e-01
dev-corpus-04,3420,198,2.014500e-06,198,198,0.007107,0.007244,2.0392e-01
dev-corpus-04,3421,309,1.440987e-07,309,309,0.000877,0.000885,3.0119e-01
dev-corpus-04,3422,460,7.957275e-05,460,460,0.068784,0.068524,2.4890e-01
dev-corpus-04,3423,638,7.902540e-04,638,638,1.078640,1.029577,2.4157e-01
dev-corpus-04,3424,1385,1.191178e-05,1385,1385,0.004356,0.004134,2.3753e-01
dev-corpus-04,3425,71,1.061551e-04,71,71,0.012909,0.011462,3.2315e-01
dev-corpus-04,3426,11609,1.526836e-07,11609,11609,0.000216,0.000216,3.0660e-01
dev-corpus-04,3427,2557,1.258392e-04,2557,2557,0.098290,0.096355,3.5166e-01
dev-corpus-04,3428,198,3.529698e-04,198,198,0.191315,0.202381,2.4617e-01
dev-corpus-04,3429,285,7.676094e-06,285,285,0.000709,0.000611,1.9276e-01
dev-corpus-04,3430,745,2.463162e-04,745,460,0.928627,0.939479,2.1786e-01
dev-corpus-04,3431,25,8.001370e-08,25,25,0.000050,0.000051,3.1703e-01
dev-corpus-04,3432,198,1.760099e-06,198,198,0.000694,0.000728,3.5585e-01
dev-corpus-04,3433,309,9.993103e-07,309,309,0.000396,0.000424,2.8823e-01
dev-corpus-04,3434,460,1.024219e-04,460,460,0.065971,0.068105,2.3737e-01
dev-corpus-04,3435,281,2.307323e-04,638,638,7.095566,7.129098,3.0792e-01
dev-corpus-04,3436,75833,2.672682e-04,64707,64707,2.751280,2.744059,2.6162e-01
dev-corpus-04,3437,11609,7.433229e-06,11609,11609,0.005226,0.005051,2.7028e-01
dev-corpus-04,3438,61209,7.509609e-04,17878,17878,2.191334,2.293313,2.3322e-01
dev-corpus-04,3439,701,9.680008e-05,701,701,0.054286,0.056603,2.0018e-01
dev-corpus-04,3440,1385,4.394381e-04,1385,1385,0.205249,0.192776,3.0468e-01
dev-corpus-04,3441,4240,5.148024e-04,4240,4240,0.372103,0.363873,4.4234e-01
dev-corpus-04,3442,2557,2.650765e-05,2557,2557,0.011675,0.012199,2.4864e-01
dev-corpus-04,3443,9571,8.283874e-05,9571,9571,0.024358,0.025565,2.2414e-01
dev-corpus-04,3444,271,3.804051e-05,271,271,0.093820,0.095002,2.3129e-01
dev-corpus-04,3445,262,2.356246e-06,262,262,0.004682,0.004693,2.4730e-01
dev-corpus-04,3446,687,3.168084e-05,687,687,0.305690,0.310039,2.3127e-01
dev-corpus-04,3447,2560,2.496118e-04,2560,2560,0.327742,0.318625,2.4618e-01
dev-corpus-04,3448,1153,1.655176e-06,1153,1153,0.001449,0.001420,2.3439e-01
dev-corpus-04,3449,11,4.560136e-07,11,11,0.000434,0.000444,2.6704e-01
dev-corpus-04,3450,3623,3.226080e-04,3623,3623,0.578495,0.579050,2.5463e-01
dev-corpus-04,3451,1590,2.939125e-03,1590,1590,0.645899,0.588308,2.5508e-01
dev-corpus-04,3452,198,2.342661e-07,198,198,0.001513,0.001496,1.9544e-01
dev-corpus-04,3453,285,8.852244e-08,285,285,0.000197,0.000200,2.6371e-01
dev-corpus-04,3454,4071,1.249223e-04,413,413,1.854935,1.862246,2.0960e-01
dev-corpus-04,3455,27974,6.226644e-04,198,198,5.800324,5.838523,4.0799e-01
dev-corpus-04,3456,795,3.428109e-04,795,795,1.177123,1.155257,2.7068e-01
dev-corpus-04,3457,494,7.581014e-05,1083,1083,6.241870,6.263631,2.3062e-01
dev-corpus-04,3458,3623,2.349392e-04,3623,3623,0.879390,0.888439,1.9653e-01
dev-corpus-04,3459,1083,7.851312e-05,1083,1083,0.658143,0.658881,1.9384e-01
dev-corpus-04,3460,411,2.149791e-04,279,279,2.904855,2.883271,2.9885e-01
dev-corpus-04,3461,69898,1.165203e-03,92610,92610,6.676220,6.692871,2.8072e-01
dev-corpus-04,3462,1576,1.643865e-04,1576,1576,0.331952,0.324884,1.7505e-01
dev-corpus-04,3463,71483,2.169722e-04,13,13,0.977279,0.959340,1.7011e-01
dev-corpus-04,3464,198,6.350336e-05,198,198,0.084706,0.081402,1.6311e-01
dev-corpus-04,3465,285,2.960464e-07,285,285,0.000666,0.000670,1.9632e-01
dev-corpus-04,3466,1699,4.787261e-04,413,413,12.594541,12.609465,2.1569e-01
dev-corpus-04,3467,283,4.716971e-04,283,283,0.200436,0.195958,2.5918e-01
dev-corpus-04,3468,638,8.720451e-04,638,638,0.108447,0.096796,3.9765e-01
dev-corpus-04,3469,1385,1.295251e-03,1385,1385,0.131421,0.113864,2.9663e-01
dev-corpus-04,3470,71,9.965635e-04,4240,4240,2.568408,2.567986,4.1281e-01
dev-corpus-04,3471,11609,7.131615e-06,11609,11609,0.000387,0.000322,4.0109e-01
dev-corpus-04,3472,466,2.500032e-03,198,198,0.978884,0.972895,4.8325e-01
dev-corpus-04,3473,638,3.797994e-04,638,638,0.049487,0.043948,3.8948e-01
dev-corpus-04,3474,1385,1.026868e-03,1385,1385,0.374450,0.345515,3.2730e-01
dev-corpus-04,3475,4240,5.076802e-05,4240,4240,0.086745,0.088883,2.5376e-01
dev-corpus-04,3476,198,7.959530e-04,198,198,0.224116,0.207434,2.8195e-01
dev-corpus-04,3477,285,2.080515e-07,285,285,0.000046,0.000048,4.6178e-01
dev-corpus-04,3478,1699,8.250726e-04,1699,1699,0.769586,0.737950,2.0999e-01
dev-corpus-04,3479,5149,1.436831e-05,5149,5149,0.014069,0.014002,2.5282e-01
dev-corpus-04,3480,7863,1.394703e-05,7863,7863,0.013956,0.014161,2.5488e-01
dev-corpus-04,3481,8,1.060179e-05,8,8,0.004217,0.003998,3.6130e-01
dev-corpus-04,3482,271,4.797738e-05,271,271,0.205213,0.200983,2.3337e-01
dev-corpus-04,3483,262,5.447771e-05,262,262,0.027824,0.026134,3.2843e-01
dev-corpus-04,3484,687,2.842297e-05,687,687,0.057441,0.055791,2.8173e-01
dev-corpus-04,3485,2880,1.092294e-03,20245,20245,3.047610,3.022902,2.3450e-01
dev-corpus-04,3486,1153,1.076746e-05,1153,1153,0.007868,0.008035,2.0901e-01
dev-corpus-04,3487,1590,3.461175e-06,1590,1590,0.030300,0.030150,2.4951e-01
dev-corpus-04,3488,198,3.532221e-06,198,198,0.002895,0.002828,3.6234e-01
dev-corpus-04,3489,285,8.896734e-08,285,285,0.000106,0.000104,1.9796e-01
dev-corpus-04,3490,4071,1.210330e-04,4071,4071,0.155978,0.160581,1.9038e-01
dev-corpus-04,3491,5423,5.459466e-05,5423,5423,0.592211,0.593154,2.4721e-01
dev-corpus-04,3492,264,5.032466e-05,264,264,0.078230,0.076540,2.1092e-01
dev-corpus-04,3493,8387,2.061889e-04,2880,2880,6.586274,6.550095,2.1314e-01
dev-corpus-04,3494,2880,5.928125e-04,2880,2880,0.543252,0.542056,2.6102e-01
dev-corpus-04,3495,314,6.316042e-05,314,314,0.082982,0.081740,2.5412e-01
dev-corpus-04,3496,411,1.354843e-04,411,411,0.149529,0.143387,2.1646e-01
dev-corpus-04,3497,69898,1.512214e-04,1576,1576,1.705811,1.718573,3.0001e-01
dev-corpus-04,3498,1576,6.951937e-06,1576,1576,0.011802,0.011799,2.8767e-01
dev-corpus-04,3499,13,8.015198e-05,71483,71483,2.638458,2.601335,1.7379e-01
dev-corpus-04,3500,271,7.146221e-04,271,271,0.715758,0.751322,1.8545e-01
dev-corpus-04,3501,285,1.198693e-06,285,285,0.008699,0.008817,2.5518e-01
dev-corpus-04,3502,1473,2.286115e-04,561,561,6.879756,6.917172,1.4653e-01
dev-corpus-04,3503,2560,3.215315e-03,92610,92610,2.228325,2.377043,2.1712e-01
dev-corpus-04,3504,310,5.833586e-04,310,310,0.787355,0.771514,2.6583e-01
dev-corpus-04,3505,411,1.540238e-04,279,279,2.204585,2.186895,1.8607e-01
dev-corpus-04,3506,2880,1.705700e-03,1576,1576,1.066729,1.135664,2.4358e-01
dev-corpus-04,3507,2677,3.427550e-04,668,668,2.503971,2.544223,2.1738e-01
dev-corpus-04,3508,914,8.881254e-07,914,914,0.000828,0.000795,1.3357e-01
dev-corpus-04,3509,7556,6.987814e-05,7556,7556,0.252064,0.253295,1.6376e-01
dev-corpus-04,3510,279,2.511340e-04,279,279,0.213900,0.209264,2.4168e-01
dev-corpus-04,3511,3889,8.547607e-05,3889,3889,0.173667,0.172983,1.7359e-01
dev-corpus-04,3512,1576,4.765787e-04,13,13,1.350855,1.312248,2.4350e-01
dev-corpus-04,3513,13,3.691245e-04,13,13,0.585033,0.568053,1.7517e-01
dev-corpus-04,3514,198,1.708393e-04,198,198,0.162333,0.156458,2.4347e-01
dev-corpus-04,3515,285,1.371913e-06,285,285,0.000702,0.000729,2.0571e-01
dev-corpus-04,3516,4071,1.511647e-04,4071,4071,0.163613,0.158737,2.3413e-01
dev-corpus-04,3517,198,3.439256e-06,198,198,0.021337,0.021721,1.6647e-01
dev-corpus-04,3518,285,1.610402e-07,285,285,0.000344,0.000338,2.0015e-01
dev-corpus-04,3519,653,2.244987e-04,460,460,2.964114,2.970728,1.7990e-01
dev-corpus-04,3520,6920,1.929044e-04,1165,1165,6.297451,6.272462,1.6713e-01
dev-corpus-04,3521,1259,3.932164e-04,279,279,4.163591,4.162502,1.8594e-01
dev-corpus-04,3522,902,9.473010e-04,2251,2251,1.883469,1.940681,2.7958e-01
dev-corpus-04,3523,548,5.396670e-05,548,548,0.117141,0.118994,2.2959e-01
dev-corpus-04,3524,5774,2.383115e-04,310,310,2.344236,2.353336,1.6115e-01
dev-corpus-04,3525,310,3.999933e-05,310,310,0.604785,0.605590,1.9099e-01
dev-corpus-04,3526,5471,1.158001e-04,5471,5471,0.588146,0.592030,1.4968e-01
dev-corpus-04,3527,279,5.980927e-04,7842,7842,2.542873,2.546961,1.8360e-01
dev-corpus-04,3528,11064,6.485832e-04,1259,1259,4.816567,4.823234,1.7644e-01
dev-corpus-04,3529,1259,3.276300e-04,1259,1259,1.583192,1.580294,2.0915e-01
dev-corpus-04,3530,2251,9.373128e-06,2251,2251,0.014070,0.013721,1.9340e-01
dev-corpus-04,3531,18162,1.218392e-05,548,548,1.703470,1.707178,2.9829e-01
dev-corpus-04,3532,198,2.740232e-05,198,198,0.078845,0.078177,1.8084e-01
dev-corpus-04,3533,285,6.594685e-08,285,285,0.000175,0.000174,1.9323e-01
dev-corpus-04,3534,975,1.416066e-03,653,653,4.879153,4.926749,2.0134e-01
dev-corpus-04,3535,283,1.171688e-05,283,283,0.012244,0.012628,1.8697e-01
dev-corpus-04,3536,638,2.301046e-04,1576,1576,1.732242,1.728779,2.6349e-01
dev-corpus-04,3537,4692,7.620355e-06,4692,4692,0.005270,0.005501,2.3740e-01
dev-corpus-04,3538,1005,5.025809e-06,1005,1005,0.007096,0.006862,3.5597e-01
dev-corpus-04,3539,47719,3.666659e-05,47719,47719,0.005716,0.005139,2.9789e-01
dev-corpus-04,3540,902,9.581532e-07,902,902,0.000186,0.000176,2.8539e-01
dev-corpus-04,3541,3676,1.481462e-05,3676,3676,0.000971,0.000813,3.5030e-01
dev-corpus-04,3542,701,1.267452e-04,701,701,0.042346,0.041429,2.8502e-01
dev-corpus-04,3543,4692,2.134283e-06,4692,4692,0.000521,0.000502,2.8324e-01
dev-corpus-04,3544,1005,3.092737e-07,1005,1005,0.000062,0.000067,3.3131e-01
dev-corpus-04,3545,18562,2.065136e-04,18562,18562,0.026880,0.023696,4.6197e-01
dev-corpus-04,3546,198,1.747529e-06,198,198,0.099723,0.099689,2.1372e-01
dev-corpus-04,3547,285,7.597405e-08,285,285,0.000596,0.000593,2.2658e-01
dev-corpus-04,3548,975,3.785174e-04,975,975,0.472228,0.483591,2.5493e-01
dev-corpus-04,3549,72998,6.997204e-04,1385,1385,2.142780,2.126195,2.3038e-01
dev-corpus-04,3550,2291,1.452562e-04,2291,2291,0.091003,0.088329,2.7447e-01
dev-corpus-04,3551,283,8.685440e-07,283,283,0.003494,0.003432,2.0412e-01
dev-corpus-04,3552,638,6.232148e-06,638,638,0.006481,0.006708,2.1343e-01
dev-corpus-04,3553,72998,7.072043e-05,72998,72998,0.026111,0.028081,2.3089e-01
dev-corpus-04,3554,2291,5.877354e-07,2291,2291,0.000182,0.000169,2.5343e-01
dev-corpus-04,3555,198,2.131158e-06,198,198,0.018683,0.018883,2.4323e-01
dev-corpus-04,3556,285,7.610019e-08,285,285,0.000040,0.000038,2.0213e-01
dev-corpus-04,3557,413,2.752360e-05,975,975,3.189958,3.181338,3.0246e-01
dev-corpus-04,3558,638,3.133684e-04,638,638,0.387851,0.403566,2.0144e-01
dev-corpus-04,3559,1385,8.155187e-05,1385,1385,0.016853,0.015601,2.0223e-01
dev-corpus-04,3560,71,1.827827e-05,71,71,0.044054,0.043510,2.3998e-01
dev-corpus-04,3561,11609,3.639807e-08,11609,11609,0.000033,0.000031,2.7125e-01
dev-corpus-04,3562,25,3.481843e-04,25,25,0.145754,0.136208,1.8312e-01
dev-corpus-04,3563,198,2.916382e-06,198,198,0.002015,0.001956,2.4726e-01
dev-corpus-04,3564,309,8.233902e-08,309,309,0.000189,0.000191,1.6830e-01
dev-corpus-04,3565,975,1.447382e-04,975,975,0.081684,0.085486,2.0656e-01
dev-corpus-04,3566,1385,2.532995e-05,1385,1385,0.030023,0.029071,2.2458e-01
dev-corpus-04,3567,71,7.696316e-05,71,71,0.040227,0.042662,2.1472e-01
dev-corpus-04,3568,11609,1.771497e-08,11609,11609,0.000081,0.000081,2.4669e-01
dev-corpus-04,3569,283,2.700231e-05,283,283,0.004680,0.004217,3.4743e-01
dev-corpus-04,3570,638,3.218743e-04,638,638,0.077235,0.071165,2.1769e-01
dev-corpus-04,3571,1385,1.824746e-06,1385,1385,0.000816,0.000819,3.1323e-01
dev-corpus-04,3572,71,6.892190e-06,71,71,0.003650,0.003675,3.1251e-01
dev-corpus-04,3573,11609,9.654483e-08,11609,11609,0.000019,0.000019,2.9636e-01
dev-corpus-04,3574,11883,6.939523e-05,198,198,2.261045,2.235136,2.4628e-01
dev-corpus-04,3575,363,1.161629e-05,363,363,0.006077,0.005892,2.7421e-01
dev-corpus-04,3576,198,1.431596e-04,198,198,0.032353,0.035215,2.2349e-01
dev-corpus-04,3577,309,9.820956e-04,309,309,0.511693,0.476340,1.3140e-01
dev-corpus-04,3578,975,1.496613e-04,975,975,0.069361,0.066862,2.2539e-01
dev-corpus-04,3579,1385,8.338331e-05,1385,1385,0.030790,0.029320,2.6283e-01
dev-corpus-04,3580,4240,7.206349e-05,2589,2589,1.129145,1.130164,1.7273e-01
dev-corpus-04,3581,283,7.253518e-06,283,283,0.012779,0.013141,2.5203e-01
dev-corpus-04,3582,975,9.054378e-06,638,638,2.525338,2.525941,2.3928e-01
dev-corpus-04,3583,1385,5.201933e-06,1385,1385,0.003921,0.003815,2.8819e-01
dev-corpus-05,3584,198,1.683429e-07,198,198,0.002226,0.002246,3.0441e-01
dev-corpus-05,3585,72240,6.627518e-05,3710,3710,7.007180,6.990066,9.7362e-02
dev-corpus-05,3586,264,4.496896e-05,279,279,2.366127,2.372837,9.1031e-02
dev-corpus-05,3587,41272,1.720276e-04,3050,3050,8.583076,8.584929,9.9335e-02
dev-corpus-05,3588,5918,9.597653e-05,4299,4299,1.974584,1.960260,1.2160e-01
dev-corpus-05,3589,314,2.367915e-04,303,303,4.622642,4.640901,1.3896e-01
dev-corpus-05,3590,264,3.141276e-04,264,264,0.368072,0.380722,1.2102e-01
dev-corpus-05,3591,65715,2.977476e-04,3542,3542,7.592557,7.538869,1.1298e-01
dev-corpus-05,3592,46060,1.920320e-06,46060,46060,0.007316,0.007205,1.2274e-01
dev-corpus-05,3593,11,2.073611e-04,3725,3725,5.924785,5.923026,1.6380e-01
dev-corpus-05,3594,76501,7.082105e-04,1675,20212,2.135657,2.161983,1.2443e-01
dev-corpus-05,3595,11,1.938027e-04,3177,3177,3.095070,3.100541,1.0945e-01
dev-corpus-05,3596,26305,9.206197e-04,1496,1496,10.857506,10.913708,1.6587e-01
dev-corpus-05,3597,4384,6.089132e-05,4384,4384,0.203157,0.204465,1.1331e-01
dev-corpus-05,3598,22175,3.235404e-04,248046,248046,5.170615,5.197400,1.1999e-01
dev-corpus-05,3599,314,1.270752e-04,248046,248046,2.616017,2.642437,1.3799e-01
dev-corpus-05,3600,26338,2.428992e-04,279,279,6.896030,6.882115,1.1808e-01
dev-corpus-05,3601,290,1.567216e-06,290,290,0.002571,0.002560,1.4383e-01
dev-corpus-05,3602,321,3.845691e-05,12041,12041,6.867630,6.783919,1.3567e-01
dev-corpus-05,3603,40751,2.377403e-04,40751,40751,0.373396,0.365208,1.3119e-01
dev-corpus-05,3604,7529,8.288091e-05,12041,12041,2.254472,2.255760,1.7547e-01
dev-corpus-05,3605,23620,3.259972e-04,13,248046,8.222564,8.251896,1.2600e-01
dev-corpus-05,3606,279,2.683933e-04,279,279,0.811596,0.822690,1.4141e-01
dev-corpus-05,3607,39577,6.168278e-04,23611,23611,11.581134,11.576019,2.1351e-01
dev-corpus-05,3608,5716,2.530079e-04,6775,6775,2.549894,2.547805,1.3248e-01
dev-corpus-05,3609,314,1.669914e-04,314,314,0.267346,0.264909,1.4808e-01
dev-corpus-05,3610,23739,8.299725e-04,264,264,6.667500,6.577265,1.6451e-01
dev-corpus-05,3611,12282,7.948767e-04,12282,12282,1.501722,1.483457,1.6084e-01
dev-corpus-05,3612,13,3.973982e-05,13,13,0.868090,0.864226,1.8174e-01
dev-corpus-05,3613,248046,1.200186e-04,248046,248046,0.173454,0.170765,2.8768e-01
dev-corpus-05,3614,198,4.143725e-08,198,198,0.000066,0.000064,1.7740e-01
dev-corpus-05,3615,248045,3.269435e-07,248045,248045,0.000219,0.000208,3.4664e-01
dev-corpus-05,3616,74455,4.090852e-05,248045,248045,5.016970,4.971712,3.8232e-01
dev-corpus-05,3617,198,5.429916e-06,198,198,0.001609,0.001681,1.3124e-01
dev-corpus-05,3618,623,8.119657e-08,248068,248068,21.238846,21.294441,3.3161e-01
dev-corpus-05,3619,264,1.765021e-05,279,279,4.681944,4.635203,1.9597e-01
dev-corpus-05,3620,4941,3.655407e-04,72643,72643,6.259982,6.238484,2.2880e-01
dev-corpus-05,3621,391,3.243451e-05,391,391,0.055657,0.055297,1.5450e-01
dev-corpus-05,3622,12647,2.228193e-05,12647,12647,0.027387,0.026878,2.2575e-01
dev-corpus-05,3623,11,2.334559e-04,72643,72643,1.976653,1.958455,1.6698e-01
dev-corpus-05,3624,76501,2.152880e-04,1146,1146,8.419415,8.418960,1.9563e-01
dev-corpus-05,3625,26068,5.501026e-04,23459,23459,6.661160,6.681191,1.7156e-01
dev-corpus-05,3626,2956,1.150219e-04,23459,23459,2.494106,2.498073,1.0677e-01
dev-corpus-05,3627,440,2.187269e-04,11,11,3.136177,3.136482,1.4967e-01
dev-corpus-05,3628,264,2.621335e-04,13876,13876,2.016011,2.014409,1.3272e-01
dev-corpus-05,3629,13769,1.057362e-03,21482,21482,4.967108,4.980330,1.5767e-01
dev-corpus-05,3630,1898,1.808462e-04,6220,6220,9.261092,9.225658,1.3229e-01
dev-corpus-05,3631,303,2.053782e-04,11,11,2.012787,2.020252,1.7770e-01
dev-corpus-05,3632,279,1.357287e-05,279,279,0.013705,0.014250,1.3309e-01
dev-corpus-05,3633,3990,1.120751e-04,3990,3990,0.035277,0.036498,7.4261e-01
dev-corpus-05,3634,11,2.972157e-05,11,11,0.043177,0.043547,2.0312e-01
dev-corpus-05,3635,264,1.766570e-04,264,264,0.517703,0.513644,1.7368e-01
dev-corpus-05,3636,1809,2.573661e-04,1809,1809,0.254613,0.250076,1.3668e-01
dev-corpus-05,3637,314,2.351431e-06,314,314,0.002738,0.002815,1.3428e-01
dev-corpus-05,3638,40751,1.779024e-04,26338,26338,4.435698,4.353771,1.3150e-01
dev-corpus-05,3639,7529,5.108018e-05,7529,7529,0.546659,0.543161,1.4310e-01
dev-corpus-05,3640,11884,1.050644e-03,7338,7338,3.106746,3.127115,1.4922e-01
dev-corpus-05,3641,67793,2.133462e-04,26338,26338,3.076420,3.050109,1.2966e-01
dev-corpus-05,3642,440,9.014324e-04,314,321,3.702814,3.735283,1.4367e-01
dev-corpus-05,3643,279,4.348129e-04,304,304,3.748715,3.753668,1.2585e-01
dev-corpus-05,3644,1496,1.314343e-03,7489,7489,7.593204,7.582534,2.1430e-01
dev-corpus-05,3645,14403,3.146987e-04,39894,39894,9.054911,9.039964,1.7828e-01
dev-corpus-05,3646,3492,2.394055e-04,314,314,3.292784,3.292330,1.3395e-01
dev-corpus-05,3647,513,1.406775e-03,11884,11884,2.374422,2.396829,2.0926e-01
dev-corpus-05,3648,10932,4.959766e-04,19577,19577,4.165895,4.174522,1.8012e-01
dev-corpus-05,3649,2094,4.428858e-04,2094,2094,0.665471,0.686556,1.4419e-01
dev-corpus-05,3650,264,2.235127e-04,279,279,2.801417,2.805624,1.6517e-01
dev-corpus-05,3651,3349,2.794665e-04,69386,69386,1.883863,1.886698,1.7743e-01
dev-corpus-05,3652,26068,3.007045e-04,69386,69386,3.296239,3.305482,1.2779e-01
dev-corpus-05,3653,1898,4.153739e-04,1898,1898,0.236462,0.228344,1.6636e-01
dev-corpus-05,3654,383,1.056087e-04,13,13,7.445899,7.434236,1.7602e-01
dev-corpus-05,3655,449,3.486775e-04,279,279,5.275789,5.291501,1.7427e-01
dev-corpus-05,3656,30261,2.339366e-03,30261,30261,1.364645,1.452304,2.3529e-01
dev-corpus-05,3657,5171,1.670952e-04,5171,5171,0.154460,0.161072,1.1824e-01
dev-corpus-05,3658,2259,3.396927e-05,13,13,14.667843,14.678918,1.4248e-01
dev-corpus-05,3659,14029,3.113566e-04,14029,14029,0.121443,0.130025,1.6494e-01
dev-corpus-05,3660,13,2.711854e-04,883,883,1.813081,1.794236,1.1805e-01
dev-corpus-05,3661,561,5.738900e-04,561,561,1.085542,1.108802,1.8489e-01
dev-corpus-05,3662,3492,7.043943e-04,2956,2956,4.762071,4.721226,1.5890e-01
dev-corpus-05,3663,513,2.839371e-04,513,513,0.858777,0.872314,1.4440e-01
dev-corpus-05,3664,11884,5.695041e-04,11884,11884,1.405402,1.436996,1.7612e-01
dev-corpus-05,3665,26338,2.812874e-04,25300,25300,3.374351,3.344952,1.4381e-01
dev-corpus-05,3666,290,4.642651e-06,290,290,0.009923,0.009949,1.5208e-01
dev-corpus-05,3667,5124,1.400082e-04,67793,67793,2.971970,2.980850,1.1756e-01
dev-corpus-05,3668,9518,3.338291e-06,9518,9518,0.003063,0.003200,1.4224e-01
dev-corpus-05,3669,321,1.106205e-03,321,321,0.848124,0.813026,1.6248e-01
dev-corpus-05,3670,5090,3.225504e-04,25300,25300,4.049154,4.071897,1.4941e-01
dev-corpus-05,3671,25300,2.292307e-04,25300,25300,0.738721,0.744240,1.3009e-01
dev-corpus-05,3672,11,4.741715e-04,11,11,1.583070,1.590809,1.8031e-01
dev-corpus-05,3673,1680,3.004902e-04,2583,2583,3.681198,3.715833,1.6462e-01
dev-corpus-05,3674,430,7.532446e-06,430,430,0.011358,0.011000,1.1077e-01
dev-corpus-05,3675,32886,4.856465e-03,279,279,12.027292,12.304348,6.4348e-01
dev-corpus-05,3676,25300,5.940905e-05,25300,25300,0.452976,0.454206,1.4850e-01
dev-corpus-05,3677,11,7.088281e-05,11,11,0.225031,0.227188,1.8375e-01
dev-corpus-05,3678,59808,9.682263e-04,9572,9572,17.361881,17.405390,1.7502e-01
dev-corpus-05,3679,2792,3.480595e-06,2792,2792,0.005686,0.005805,1.8412e-01
dev-corpus-05,3680,25300,1.261972e-04,25300,25300,0.159256,0.154909,1.9701e-01
dev-corpus-05,3681,11,1.160670e-04,11,11,0.068050,0.070420,2.2378e-01
dev-corpus-05,3682,321,1.990721e-03,321,321,0.559586,0.576929,3.5421e-01
dev-corpus-05,3683,6736,4.257027e-04,264,264,5.570469,5.554821,1.3938e-01
dev-corpus-05,3684,25300,7.547577e-05,25300,25300,0.118545,0.120942,1.3952e-01
dev-corpus-05,3685,13,7.644451e-05,13,13,0.733372,0.740943,2.8241e-01
dev-corpus-05,3686,561,1.169942e-03,2302,2302,1.522535,1.575228,2.0328e-01
dev-corpus-05,3687,16078,7.057969e-04,2956,2956,2.501603,2.505054,2.2824e-01
dev-corpus-05,3688,369,1.835736e-05,369,369,0.049421,0.050033,1.1204e-01
dev-corpus-05,3689,24577,1.330908e-04,41272,41272,8.098578,8.065103,1.0599e-01
dev-corpus-05,3690,321,6.565166e-05,321,321,0.253587,0.258742,1.2556e-01
dev-corpus-05,3691,41272,2.029164e-04,41272,41272,0.837881,0.827841,1.0190e-01
dev-corpus-05,3692,430,9.639498e-05,13,13,2.943954,2.925999,1.1569e-01
dev-corpus-05,3693,279,8.479242e-05,781,781,1.650747,1.670555,1.4869e-01
dev-corpus-05,3694,14403,7.045171e-04,14403,14403,0.983748,1.005401,1.6538e-01
dev-corpus-05,3695,3492,9.794468e-05,3492,3492,0.339824,0.336989,1.3208e-01
dev-corpus-05,3696,2895,2.560595e-04,4123,4123,10.708211,10.721574,1.4938e-01
dev-corpus-05,3697,279,2.313390e-04,279,279,0.984425,0.994318,1.5206e-01
dev-corpus-05,3698,9915,6.272186e-04,9915,9915,0.818293,0.830772,2.4054e-01
dev-corpus-05,3699,13,2.706645e-04,883,883,1.256150,1.284660,1.7310e-01
dev-corpus-05,3700,2332,8.617247e-04,248046,248046,7.783472,7.639166,4.0755e-01
dev-corpus-05,3701,279,7.114659e-05,279,279,0.116824,0.113509,1.5734e-01
dev-corpus-05,3702,1901,1.161969e-02,3990,3990,4.423796,4.386314,3.4391e-01
dev-corpus-05,3703,314,3.464762e-06,314,314,0.008720,0.008904,1.5470e-01
dev-corpus-05,3704,279,2.751969e-06,279,279,0.002895,0.002920,1.2888e-01
dev-corpus-05,3705,1898,3.369284e-03,1898,1898,0.591686,0.543254,2.2812e-01
dev-corpus-05,3706,11,1.924818e-04,22294,11,0.806928,0.792792,1.5784e-01
dev-corpus-05,3707,264,2.615679e-04,264,264,0.729210,0.721970,1.9310e-01
dev-corpus-05,3708,5054,5.846966e-04,6851,6851,6.031270,5.930585,2.1192e-01
dev-corpus-05,3709,6725,1.875945e-04,440,440,3.656838,3.666698,1.3871e-01
dev-corpus-05,3710,225812,3.195639e-04,3851,2972,15.327310,15.291767,1.2417e-01
dev-corpus-05,3711,369,8.169021e-04,11,248046,3.938241,3.951775,1.8354e-01
dev-corpus-05,3712,10932,4.809539e-04,6187,6187,3.039142,3.094368,2.1449e-01
dev-corpus-05,3713,321,3.221130e-04,11,11,2.071089,2.045017,1.5806e-01
dev-corpus-05,3714,26153,1.062427e-04,26153,26153,1.292467,1.302986,1.6570e-01
dev-corpus-05,3715,279,1.334688e-05,279,279,0.085177,0.084863,1.1600e-01
dev-corpus-05,3716,1809,6.872926e-03,1809,1809,0.922707,0.863727,7.1405e-01
dev-corpus-05,3717,11,1.253820e-04,13,13,2.091916,2.092294,1.7848e-01
dev-corpus-05,3718,1345,2.087962e-03,26153,26153,4.136881,4.226246,2.3742e-01
dev-corpus-05,3719,3679,4.959530e-04,279,279,4.806439,4.843949,1.8915e-01
dev-corpus-05,3720,8330,2.989829e-04,975,975,4.899570,4.879135,1.5541e-01
dev-corpus-05,3721,321,2.675999e-04,3492,3492,1.676865,1.654133,1.4595e-01
dev-corpus-05,3722,8513,3.342132e-05,8513,8513,0.012525,0.012007,1.9121e-01
dev-corpus-05,3723,40751,3.761904e-04,3492,3492,4.568777,4.546926,1.4909e-01
dev-corpus-05,3724,58631,6.688351e-04,12041,12041,8.151270,8.135292,1.4803e-01
dev-corpus-05,3725,8577,4.953945e-04,513,513,5.471634,5.434474,1.2868e-01
dev-corpus-05,3726,514,2.219351e-05,514,514,0.683764,0.682009,1.1268e-01
dev-corpus-05,3727,4258,2.188932e-06,4258,4258,0.000326,0.000358,2.8054e-01
dev-corpus-05,3728,13,4.047002e-05,13,13,0.148141,0.149801,1.4885e-01
dev-corpus-05,3729,271,7.107465e-04,271,248046,1.251562,1.277921,1.5480e-01
dev-corpus-05,3730,623,5.506583e-04,1597,1597,2.782993,2.886105,2.1111e-01
dev-corpus-05,3731,279,3.432529e-04,279,279,0.121955,0.125264,2.1100e-01
dev-corpus-05,3732,3870,2.378302e-03,3990,3990,3.879113,3.630957,3.7666e-01
dev-corpus-05,3733,11,2.288225e-05,11,11,0.092693,0.093845,1.4376e-01
dev-corpus-05,3734,8765,9.126300e-04,1017,1017,8.739122,8.736533,2.6196e-01
dev-corpus-05,3735,314,6.911795e-06,314,314,0.014325,0.014152,1.3739e-01
dev-corpus-05,3736,975,5.123094e-04,36001,36001,6.375972,6.340184,1.7353e-01
dev-corpus-05,3737,40751,1.681472e-04,26338,26338,1.176256,1.188474,1.4545e-01
dev-corpus-05,3738,7529,1.713664e-04,7529,7529,0.359820,0.363313,1.5794e-01
dev-corpus-05,3739,4990,3.099001e-04,513,513,4.366799,4.431552,2.0516e-01
dev-corpus-05,3740,279,1.131071e-04,279,279,0.191328,0.185461,1.2317e-01
dev-corpus-05,3741,51516,3.239215e-02,248046,248046,13.682161,14.059950,1.6189e+00
dev-corpus-05,3742,2280,2.506013e-06,2280,2280,0.005870,0.005831,1.4291e-01
dev-corpus-05,3743,11,4.514256e-04,11,11,0.696792,0.704024,1.8505e-01
dev-corpus-05,3744,7594,6.190362e-04,20621,20621,6.951046,6.920482,4.0620e-01
dev-corpus-05,3745,310,8.828285e-05,310,310,0.096809,0.100218,1.2579e-01
dev-corpus-05,3746,279,2.044636e-06,279,279,0.007983,0.008126,1.4005e-01
dev-corpus-05,3747,50240,1.982829e-03,248046,248046,8.028278,8.019431,3.9274e-01
dev-corpus-05,3748,16078,2.148605e-04,321,321,1.830021,1.815326,1.3673e-01
dev-corpus-05,3749,314,9.779310e-05,13,13,3.345154,3.343515,1.7111e-01
dev-corpus-05,3750,279,9.374631e-05,279,279,0.110119,0.111828,1.9316e-01
dev-corpus-05,3751,22175,3.695493e-04,248046,248046,16.179630,16.249473,4.1150e-01
dev-corpus-05,3752,13,5.093133e-06,13,13,0.036771,0.036903,2.6888e-01
dev-corpus-05,3753,225812,2.060973e-03,733,733,20.044624,20.080241,3.2580e-01
dev-corpus-05,3754,369,4.500068e-04,369,369,1.778124,1.780161,1.6878e-01
dev-corpus-05,3755,88659,6.767761e-04,11750,11750,4.765709,4.788268,1.4820e-01
dev-corpus-05,3756,3154,1.275122e-04,28607,28607,3.995657,3.994512,1.2096e-01
dev-corpus-05,3757,264,2.285320e-04,264,264,0.613123,0.628972,1.4602e-01
dev-corpus-05,3758,1406,1.127627e-02,1406,1406,1.183840,1.118563,5.1917e-01
dev-corpus-05,3759,883,3.662003e-04,883,883,0.465290,0.484405,1.2211e-01
dev-corpus-05,3760,279,1.776991e-04,279,279,0.093939,0.096923,2.4808e-01
dev-corpus-05,3761,5716,9.992509e-04,39577,39577,2.141891,2.141212,2.2529e-01
dev-corpus-05,3762,34965,2.939549e-04,314,314,1.389169,1.391907,1.8805e-01
dev-corpus-05,3763,539,2.592850e-05,539,539,0.023301,0.024364,1.5388e-01
dev-corpus-05,3764,39577,7.028219e-04,279,279,6.744317,6.850452,3.2355e-01
dev-corpus-05,3765,12282,5.917799e-04,23739,23739,1.476434,1.495848,1.9010e-01
dev-corpus-05,3766,11,2.544938e-04,13,13,1.115740,1.116895,1.6026e-01
dev-corpus-05,3767,1345,2.007372e-03,248046,248046,3.387594,3.367909,3.3186e-01
dev-corpus-05,3768,799,8.163234e-04,279,279,5.350876,5.303958,1.8961e-01
dev-corpus-05,3769,314,2.981220e-04,314,314,0.329868,0.340655,1.2461e-01
dev-corpus-05,3770,279,1.043401e-05,279,279,0.021992,0.022599,1.6079e-01
dev-corpus-05,3771,40751,2.088265e-02,248046,248046,3.368145,3.844988,7.0481e-01
dev-corpus-05,3772,58631,3.440300e-05,58631,58631,0.126372,0.126772,1.4769e-01
dev-corpus-05,3773,369,2.455324e-04,11,11,3.430652,3.428526,1.6375e-01
dev-corpus-05,3774,3753,6.279749e-04,28607,28607,4.660150,4.603659,1.7486e-01
dev-corpus-05,3775,46736,3.984936e-04,36490,36490,5.136135,5.173638,1.6211e-01
dev-corpus-05,3776,303,3.287865e-04,4487,4487,1.740961,1.716395,1.2436e-01
dev-corpus-05,3777,321,2.379512e-04,310,310,1.814415,1.836118,1.3207e-01
dev-corpus-05,3778,35493,6.307363e-04,33700,33700,8.894640,8.818814,1.8515e-01
dev-corpus-05,3779,4492,4.778190e-04,4492,4492,1.142690,1.138821,1.2133e-01
dev-corpus-05,3780,13,9.421220e-05,883,883,1.035556,1.039337,1.3447e-01
dev-corpus-05,3781,561,1.686005e-04,248046,248046,3.096145,3.072836,1.9490e-01
dev-corpus-05,3782,5918,5.090549e-04,5918,5918,1.868911,1.841268,1.7562e-01
dev-corpus-05,3783,369,1.434594e-04,369,369,0.351583,0.350411,1.4304e-01
dev-corpus-05,3784,9896,7.526156e-04,9896,9896,1.731439,1.743056,1.6182e-01
dev-corpus-05,3785,440,8.888578e-07,440,440,0.016522,0.016475,1.4257e-01
dev-corpus-05,3786,22770,5.936163e-03,59076,59076,8.432455,8.389476,2.8504e-01
dev-corpus-05,3787,321,1.464047e-04,430,430,1.269397,1.255760,1.3792e-01
dev-corpus-05,3788,19169,8.284602e-04,52011,52011,6.107738,6.091249,1.5733e-01
dev-corpus-05,3789,11,3.981103e-05,11,11,0.792758,0.798691,1.3978e-01
dev-corpus-05,3790,440,1.740229e-03,440,440,0.915845,0.910284,5.2425e-01
dev-corpus-05,3791,4858,2.052098e-04,279,279,4.058556,4.063661,1.5477e-01
dev-corpus-05,3792,16144,4.351878e-04,579,579,6.216497,6.238604,1.4311e-01
dev-corpus-05,3793,303,3.607875e-05,303,303,0.099976,0.100072,1.7449e-01
dev-corpus-05,3794,264,4.167846e-05,279,279,1.714846,1.717956,2.0278e-01
dev-corpus-05,3795,30673,8.581799e-04,8751,8751,1.302879,1.294682,1.8099e-01
dev-corpus-05,3796,5515,9.495539e-05,10682,10682,2.994358,3.001952,1.0991e-01
dev-corpus-05,3797,883,4.805969e-05,13,13,1.197454,1.196513,1.6122e-01
dev-corpus-05,3798,279,4.187755e-04,279,279,0.381686,0.392421,2.2975e-01
dev-corpus-05,3799,3725,3.054888e-02,10660,10660,7.133688,6.706597,8.2725e-01
dev-corpus-05,3800,314,9.806481e-05,314,314,0.319569,0.314519,2.2311e-01
dev-corpus-05,3801,836,1.499805e-04,21265,21265,2.391732,2.342143,2.2990e-01
dev-corpus-05,3802,21215,3.156614e-04,7975,7975,9.094397,9.106885,1.8504e-01
dev-corpus-05,3803,321,2.819937e-05,13,13,2.263436,2.248871,1.7018e-01
dev-corpus-05,3804,279,9.739540e-05,279,279,0.216889,0.220586,2.1934e-01
dev-corpus-05,3805,3364,1.111562e-03,4499,4499,2.590233,2.617286,1.9228e-01
dev-corpus-05,3806,314,7.247386e-05,314,314,0.238136,0.242611,1.7832e-01
dev-corpus-05,3807,28407,2.204834e-04,21265,21265,11.465599,11.420114,3.0153e-01
dev-corpus-05,3808,7913,3.172683e-04,20309,20309,10.647786,10.597082,1.6979e-01
dev-corpus-05,3809,18468,2.815383e-04,248046,248046,2.603731,2.570860,1.7628e-01
dev-corpus-05,3810,5269,9.303487e-04,28069,28069,2.012136,2.068416,2.0181e-01
dev-corpus-05,3811,13,1.406881e-04,13,13,0.271048,0.262437,1.8010e-01
dev-corpus-05,3812,248046,4.778299e-04,248046,248046,0.300673,0.284833,3.1166e-01
dev-corpus-05,3813,198,2.035358e-08,198,198,0.000111,0.000110,2.1797e-01
dev-corpus-05,3814,248045,1.091117e-07,248045,248045,0.000018,0.000016,3.7309e-01
dev-corpus-05,3815,846,3.791829e-05,846,846,0.032318,0.033888,3.4378e-01
dev-corpus-05,3816,198,3.575170e-04,198,198,0.034220,0.039452,2.3984e-01
dev-corpus-05,3817,3710,6.596778e-04,72240,72240,3.835017,3.776919,1.8312e-01
dev-corpus-05,3818,369,1.765918e-04,369,369,0.998472,1.004575,1.5141e-01
dev-corpus-05,3819,264,6.660125e-05,279,279,4.315619,4.354598,1.6059e-01
dev-corpus-05,3820,79528,7.805736e-04,1603,1603,14.426942,14.484641,1.9812e-01
dev-corpus-05,3821,30,5.827304e-04,248046,248046,1.909273,1.956273,1.3753e-01
dev-corpus-05,3822,248046,1.067864e-05,248046,248046,0.036972,0.036216,1.4134e-01
dev-corpus-05,3823,198,3.127940e-08,198,198,0.000042,0.000043,1.8443e-01
dev-corpus-05,3824,248045,2.676547e-09,248045,248045,0.000001,0.000001,1.9669e-01
dev-corpus-05,3825,74455,4.504306e-05,248045,248045,2.207372,2.226677,6.9819e-01
dev-corpus-05,3826,198,1.049115e-05,198,198,0.027707,0.027995,2.5337e-01
dev-corpus-05,3827,32,2.232565e-10,248068,248068,17.744025,17.669205,1.8390e-01
dev-corpus-05,3828,79528,6.255669e-05,2972,2972,1.925228,1.899542,1.5517e-01
dev-corpus-05,3829,369,3.664410e-04,318,318,2.219558,2.225418,1.4391e-01
dev-corpus-05,3830,264,1.409351e-04,264,264,0.446135,0.447886,1.3748e-01
dev-corpus-05,3831,5224,3.481075e-04,2972,2972,3.900674,3.894538,2.3588e-01
dev-corpus-05,3832,364,2.746406e-04,421,421,1.501295,1.508215,1.4591e-01
dev-corpus-05,3833,3154,1.142769e-03,38460,38460,4.075034,4.074985,2.0553e-01
dev-corpus-05,3834,321,1.808969e-04,13640,13640,3.992448,3.948078,1.9737e-01
dev-corpus-05,3835,1608,1.734482e-03,1608,1608,0.887913,0.927229,2.8713e-01
dev-corpus-05,3836,27073,2.050875e-04,13640,13640,3.795149,3.740431,2.2280e-01
dev-corpus-05,3837,1928,3.064769e-04,795,795,1.888762,1.907410,1.6463e-01
dev-corpus-05,3838,13,6.385390e-05,13,13,0.561074,0.562118,1.4830e-01
dev-corpus-05,3839,20994,1.596318e-04,1049,1049,10.726766,10.747723,1.8093e-01
dev-corpus-05,3840,279,4.783679e-04,279,279,1.162305,1.160004,1.7633e-01
dev-corpus-05,3841,1599,7.931285e-04,1599,1599,1.334079,1.345666,2.0074e-01
dev-corpus-05,3842,16954,5.652228e-04,4346,7141,3.952128,3.933119,2.2133e-01
dev-corpus-05,3843,314,1.792955e-04,314,314,0.978992,0.986592,1.3365e-01
dev-corpus-05,3844,79528,3.096063e-04,79528,79528,0.336106,0.327772,1.4421e-01
dev-corpus-05,3845,11,1.434059e-04,11,11,0.436202,0.435420,1.8517e-01
dev-corpus-05,3846,567,2.803582e-04,279,279,4.142644,4.138558,2.1223e-01
dev-corpus-05,3847,4992,5.143985e-04,628,628,6.337441,6.410370,2.1946e-01
dev-corpus-05,3848,25,3.191637e-04,279,279,3.127547,3.140816,2.0286e-01
dev-corpus-05,3849,357,1.152176e-03,271,271,3.298899,3.271300,1.2911e-01
dev-corpus-05,3850,79528,5.311824e-04,63234,63234,1.577606,1.571985,2.3457e-01
dev-corpus-05,3851,369,2.849231e-04,369,369,0.132734,0.135957,2.3629e-01
dev-corpus-05,3852,264,1.753862e-04,264,264,0.157412,0.160130,2.3146e-01
dev-corpus-05,3853,6165,8.213404e-04,1785,1785,1.578671,1.603293,2.1868e-01
dev-corpus-05,3854,5792,1.267831e-03,5792,5792,0.895197,0.918633,2.2254e-01
dev-corpus-05,3855,1785,1.282703e-03,1785,1785,0.802113,0.833284,2.3282e-01
dev-corpus-05,3856,310,2.230307e-03,421,421,4.382474,4.447273,2.1167e-01
dev-corpus-05,3857,11944,4.384907e-04,11969,11969,9.241829,9.181967,1.6924e-01
dev-corpus-05,3858,303,6.364357e-04,303,303,0.534808,0.535101,1.7365e-01
dev-corpus-05,3859,279,8.313546e-04,279,279,0.422971,0.436126,1.5344e-01
dev-corpus-05,3860,4281,6.432503e-04,6157,6157,1.755624,1.744535,1.4024e-01
dev-corpus-05,3861,11,1.258203e-04,11,11,0.083980,0.088575,1.6157e-01
dev-corpus-05,3862,13017,9.244279e-05,5638,5638,4.986075,5.009855,1.5814e-01
dev-corpus-05,3863,11,6.357744e-05,11,11,0.061967,0.063380,1.9606e-01
dev-corpus-05,3864,5638,1.288399e-03,6157,6157,1.951168,2.060514,1.9891e-01
dev-corpus-05,3865,11,1.259247e-04,11,11,0.042962,0.045786,1.6557e-01
dev-corpus-05,3866,6157,2.604697e-04,54476,54476,1.285022,1.288048,1.8718e-01
dev-corpus-05,3867,11,2.323373e-04,11,11,0.169113,0.172377,1.7440e-01
dev-corpus-05,3868,2468,3.321704e-04,321,321,5.117867,5.122952,1.8674e-01
dev-corpus-05,3869,11,1.092139e-04,11,11,0.383960,0.375395,1.4244e-01
dev-corpus-05,3870,321,1.536236e-04,321,321,0.100857,0.105050,1.9537e-01
dev-corpus-05,3871,7731,5.578997e-04,2940,2940,3.325636,3.356973,1.4973e-01
dev-corpus-05,3872,314,7.142568e-05,314,314,0.044223,0.046650,1.9674e-01
dev-corpus-05,3873,27073,1.052810e-03,27073,27073,0.718943,0.691013,1.9608e-01
dev-corpus-05,3874,1928,3.970584e-04,795,795,1.872190,1.871846,1.5942e-01
dev-corpus-05,3875,13,2.019406e-04,13,13,0.347550,0.346194,1.8326e-01
dev-corpus-05,3876,3095,8.724771e-04,248046,248046,8.549190,8.530615,1.5714e-01
dev-corpus-05,3877,1429,5.035708e-04,567,567,2.426298,2.412535,1.9095e-01
dev-corpus-05,3878,63399,1.151672e-03,303,303,7.262261,7.186634,1.2383e-01
dev-corpus-05,3879,11,1.379435e-04,11,11,0.200527,0.205879,1.6492e-01
dev-corpus-05,3880,79528,7.828051e-05,79528,79528,0.734729,0.733725,1.0655e-01
dev-corpus-05,3881,628,3.002603e-04,628,628,0.864518,0.852078,1.9546e-01
dev-corpus-05,3882,1438,2.770657e-04,1438,1438,1.199976,1.178877,1.4114e-01
dev-corpus-05,3883,586,2.881482e-04,586,586,1.460702,1.449271,1.2624e-01
dev-corpus-05,3884,3756,7.698282e-05,3418,3418,7.384124,7.421993,1.4735e-01
dev-corpus-05,3885,11776,6.644031e-04,2577,2577,13.181804,13.163112,1.4494e-01
dev-corpus-05,3886,1223,5.232977e-05,1223,1223,0.120685,0.119496,1.2959e-01
dev-corpus-05,3887,11,2.363859e-04,11,11,0.762574,0.767343,1.7899e-01
dev-corpus-05,3888,11600,4.664256e-04,944,944,5.559737,5.502345,1.3132e-01
dev-corpus-05,3889,1223,1.588260e-06,1223,1223,0.003913,0.003831,1.5563e-01
dev-corpus-05,3890,11,6.768037e-05,11,11,0.107866,0.110319,1.8254e-01
dev-corpus-05,3891,321,5.326571e-05,321,321,0.213333,0.215404,1.5219e-01
dev-corpus-05,3892,28488,1.575870e-04,777,777,1.720802,1.738247,1.2839e-01
dev-corpus-05,3893,6107,6.208454e-04,6107,6107,0.446743,0.423937,1.3757e-01
dev-corpus-05,3894,13,1.211934e-04,13,13,0.182938,0.187333,1.8389e-01
dev-corpus-05,3895,8618,1.510095e-04,248046,248046,10.709522,10.607857,2.1852e-01
dev-corpus-05,3896,79528,4.328466e-04,314,314,2.175905,2.195057,1.3466e-01
dev-corpus-05,3897,1156,5.429147e-04,1785,1785,2.563779,2.565686,1.3948e-01
dev-corpus-05,3898,1189,5.384582e-04,682,682,4.182618,4.154078,1.4494e-01
dev-corpus-05,3899,9973,4.879300e-04,599,599,7.070760,7.024837,1.6753e-01
dev-corpus-05,3900,1092,3.425761e-04,1092,1092,1.601363,1.617597,2.6491e-01
dev-corpus-05,3901,4275,1.084632e-03,369,369,4.874696,4.904396,2.1916e-01
dev-corpus-05,3902,321,8.399743e-04,513,513,2.302475,2.291176,1.5913e-01
dev-corpus-05,3903,7944,1.005662e-03,5568,5568,3.823893,3.749398,1.9363e-01
dev-corpus-05,3904,513,3.492520e-04,513,513,0.954171,0.961502,1.5784e-01
dev-corpus-05,3905,2894,5.796089e-04,2894,2894,1.096240,1.065441,2.3013e-01
dev-corpus-05,3906,13,1.832779e-04,364,364,2.517717,2.523359,2.8128e-01
dev-corpus-05,3907,1690,1.803996e-04,248046,248046,4.226596,4.229945,1.4402e-01
dev-corpus-05,3908,3010,3.363709e-04,3010,3010,0.256034,0.259313,1.9777e-01
dev-corpus-05,3909,11,2.003783e-04,11,11,0.118823,0.118497,1.4878e-01
dev-corpus-05,3910,34382,3.657489e-04,264,264,10.914912,10.918919,1.7796e-01
dev-corpus-05,3911,513,4.093124e-04,11,11,2.253166,2.279921,1.3988e-01
dev-corpus-05,3912,1603,9.655583e-04,2894,2894,6.086028,6.091359,2.0750e-01
dev-corpus-05,3913,364,3.808742e-04,364,364,0.569706,0.573239,2.0400e-01
dev-corpus-05,3914,586,5.548688e-04,248046,248046,4.672571,4.685353,1.8770e-01
dev-corpus-05,3915,13,4.414790e-04,11,11,1.768649,1.771113,1.5443e-01
dev-corpus-05,3916,2302,2.316857e-04,248046,248046,4.473906,4.480937,1.4594e-01
dev-corpus-05,3917,1189,2.300556e-04,3300,3300,4.418206,4.464923,1.6077e-01
dev-corpus-05,3918,5827,3.854365e-04,381,381,5.503589,5.527966,1.2597e-01
dev-corpus-05,3919,2919,5.219390e-04,586,586,3.169281,3.208356,2.0553e-01
dev-corpus-05,3920,16229,2.201981e-04,4131,4131,1.726492,1.732679,1.5444e-01
dev-corpus-05,3921,11,9.800961e-05,11,11,0.622879,0.627948,1.5850e-01
dev-corpus-05,3922,7302,3.408103e-04,5190,5190,7.859928,7.865185,1.4193e-01
dev-corpus-05,3923,7339,5.472858e-04,43299,43299,2.678803,2.697253,1.3610e-01
dev-corpus-05,3924,11,6.715867e-04,3741,3741,1.262920,1.305628,1.5264e-01
dev-corpus-05,3925,54517,5.368645e-04,321,321,6.285599,6.336853,2.0310e-01
dev-corpus-05,3926,28346,2.268647e-04,28346,28346,0.511584,0.501253,1.7691e-01
dev-corpus-05,3927,48729,7.251803e-05,11,11,12.284956,12.341138,1.9546e-01
dev-corpus-05,3928,3300,7.225686e-04,3300,3300,1.723331,1.723892,1.5337e-01
dev-corpus-05,3929,3433,3.552106e-04,44410,44410,4.878458,4.849962,1.3798e-01
dev-corpus-05,3930,310,9.623140e-05,364,364,4.280146,4.262466,1.7463e-01
dev-corpus-05,3931,51000,5.134055e-04,51000,51000,1.551215,1.555775,1.3335e-01
dev-corpus-05,3932,21706,4.599314e-05,13,13,8.156120,8.147996,1.5267e-01
dev-corpus-05,3933,513,3.010816e-04,628,628,4.557836,4.547057,1.5532e-01
dev-corpus-05,3934,11322,4.699622e-04,660,660,4.577939,4.586813,1.5428e-01
dev-corpus-05,3935,883,8.280710e-05,440,440,1.114640,1.104373,1.7728e-01
dev-corpus-05,3936,279,3.550658e-04,279,279,1.103572,1.109076,1.3067e-01
dev-corpus-05,3937,2119,5.732231e-04,4424,4424,7.495970,7.514470,1.4943e-01
dev-corpus-05,3938,314,2.250415e-04,314,314,0.121715,0.124429,1.6609e-01
dev-corpus-05,3939,22700,9.934788e-04,13245,13245,8.311365,8.339136,1.8458e-01
dev-corpus-05,3940,11,6.018027e-04,13,13,2.059134,2.080379,1.8850e-01
dev-corpus-05,3941,279,4.004268e-04,279,279,0.955612,0.963952,1.4939e-01
dev-corpus-05,3942,23194,3.429243e-04,2730,2730,11.215705,11.178628,1.3800e-01
dev-corpus-05,3943,4128,2.818443e-04,4128,4128,0.961165,0.969563,1.3309e-01
dev-corpus-05,3944,958,7.136586e-05,958,958,0.914827,0.914405,1.2719e-01
dev-corpus-05,3945,11,2.436262e-04,11,11,0.177353,0.183704,1.2552e-01
dev-corpus-05,3946,23978,1.093830e-04,321,321,7.894797,7.853936,2.1475e-01
dev-corpus-05,3947,494,2.174124e-04,11,11,3.153604,3.139274,1.2516e-01
dev-corpus-05,3948,13643,5.300969e-04,13643,13643,2.045793,2.024612,1.4073e-01
dev-corpus-05,3949,18527,5.347864e-04,32931,32931,2.290483,2.290087,1.3027e-01
dev-corpus-05,3950,11,8.647861e-05,11,11,0.092702,0.095662,1.3298e-01
dev-corpus-05,3951,466,1.825377e-04,321,321,3.439548,3.447622,1.4808e-01
dev-corpus-05,3952,1332,3.475297e-04,279,279,6.706017,6.760539,1.5987e-01
dev-corpus-05,3953,34382,5.086700e-04,279,279,3.653553,3.610234,1.4600e-01
dev-corpus-05,3954,7974,1.390273e-04,513,513,8.556570,8.560610,1.6746e-01
dev-corpus-05,3955,13,5.458864e-04,13,13,0.512087,0.535720,1.3343e-01
dev-corpus-05,3956,733,2.621254e-04,79528,79528,4.667522,4.681189,1.2896e-01
dev-corpus-05,3957,9853,2.871291e-04,79528,79528,8.837015,8.808434,1.3183e-01
dev-corpus-05,3958,6044,1.286590e-04,10856,10856,4.569581,4.575584,1.3482e-01
dev-corpus-05,3959,7225,2.323419e-04,314,314,2.279566,2.307548,1.1886e-01
dev-corpus-05,3960,6337,3.421773e-04,264,264,2.400003,2.396714,1.2231e-01
dev-corpus-05,3961,314,4.145325e-05,314,314,0.232411,0.231862,1.3979e-01
dev-corpus-05,3962,660,2.478899e-04,279,279,2.644758,2.652248,1.1942e-01
dev-corpus-05,3963,1439,1.176339e-04,1439,1439,0.393602,0.393757,1.1704e-01
dev-corpus-05,3964,5265,3.732508e-04,9085,9085,5.712331,5.667278,1.3413e-01
dev-corpus-05,3965,9085,1.875336e-04,9085,9085,0.907012,0.909091,1.4203e-01
dev-corpus-05,3966,321,1.216918e-04,13,13,2.723508,2.708236,1.3904e-01
dev-corpus-05,3967,11,3.218324e-04,836,836,4.973851,4.979552,1.1974e-01
dev-corpus-05,3968,8106,3.636383e-04,1379,1379,3.920015,3.939020,1.2924e-01
dev-corpus-05,3969,3294,5.053780e-04,1379,1379,5.052707,5.013461,1.2139e-01
dev-corpus-05,3970,660,5.901670e-05,660,660,0.024560,0.026074,1.2869e-01
dev-corpus-05,3971,11,6.675066e-05,11,11,0.122452,0.118992,1.5016e-01
dev-corpus-05,3972,279,2.280697e-03,279,279,1.332599,1.399999,2.7877e-01
dev-corpus-05,3973,27073,1.669025e-03,5548,5548,2.470193,2.405446,2.1564e-01
dev-corpus-05,3974,25278,6.476654e-04,11532,11532,3.865028,3.850602,1.5024e-01
dev-corpus-05,3975,314,1.248040e-04,314,314,0.187173,0.192629,1.4090e-01
dev-corpus-05,3976,1439,4.018215e-04,1439,1439,1.335472,1.340700,1.3072e-01
dev-corpus-05,3977,9085,2.012928e-04,9085,9085,0.324726,0.334374,1.5805e-01
dev-corpus-05,3978,13,1.743013e-04,13,13,0.360874,0.365995,1.3888e-01
dev-corpus-05,3979,10006,1.313436e-04,248046,248046,15.773733,15.778903,1.3677e-01
dev-corpus-05,3980,28945,3.550179e-04,286,286,10.182502,10.175351,1.3895e-01
dev-corpus-05,3981,3043,4.285092e-04,11,11,4.421883,4.422738,1.4802e-01
dev-corpus-05,3982,34343,5.388847e-04,34343,34343,1.744414,1.749641,1.4562e-01
dev-corpus-05,3983,1189,2.894704e-04,11,11,2.413909,2.429029,1.4361e-01
dev-corpus-05,3984,5827,1.096999e-04,381,381,1.808154,1.822586,1.2342e-01
dev-corpus-05,3985,2919,5.126472e-04,2919,2919,0.409088,0.395993,1.3072e-01
dev-corpus-05,3986,16229,8.167483e-05,4131,4131,1.110759,1.115288,1.1430e-01
dev-corpus-05,3987,11,1.070618e-04,13,13,1.271115,1.278002,1.3877e-01
dev-corpus-05,3988,7187,4.360022e-04,694,694,11.802489,11.848680,2.6252e-01
dev-corpus-05,3989,793,6.534835e-04,286,286,2.961122,2.894567,1.6180e-01
dev-corpus-05,3990,1189,3.314863e-04,3043,3043,1.533788,1.547647,1.7129e-01
dev-corpus-05,3991,5190,3.144392e-04,381,381,3.769703,3.785139,1.4838e-01
dev-corpus-05,3992,279,3.468727e-04,13245,13245,3.009733,2.996591,1.5962e-01
dev-corpus-05,3993,8597,2.213874e-04,8597,8597,0.165460,0.159448,1.7738e-01
dev-corpus-05,3994,314,7.507284e-06,314,314,0.010038,0.010381,1.4716e-01
dev-corpus-05,3995,3807,8.167530e-05,3807,3807,0.831556,0.836760,1.4423e-01
dev-corpus-05,3996,11,8.235977e-05,11,11,0.161720,0.159319,1.4640e-01
dev-corpus-05,3997,321,5.222021e-04,321,321,0.260754,0.267126,2.9933e-01
dev-corpus-05,3998,6865,5.494348e-04,18660,18660,7.240539,7.255360,1.9059e-01
dev-corpus-05,3999,15101,1.211963e-04,10292,10292,1.549119,1.563623,1.8181e-01
dev-corpus-05,4000,685,2.503810e-04,1189,1189,9.749426,9.751174,1.5285e-01
dev-corpus-05,4001,18574,8.193404e-05,18574,18574,0.217947,0.221189,1.3825e-01
dev-corpus-05,4002,1189,3.196119e-04,1189,1189,0.697962,0.688889,1.4491e-01
dev-corpus-05,4003,11100,5.531441e-04,7556,7556,3.163594,3.156192,1.8068e-01
dev-corpus-05,4004,1004,8.217276e-04,279,279,3.347221,3.385044,1.5618e-01
dev-corpus-05,4005,34382,8.657824e-04,34382,34382,0.812730,0.801386,1.4741e-01
dev-corpus-05,4006,13,8.279569e-05,13,13,0.102401,0.102689,1.9523e-01
dev-corpus-05,4007,357,2.159644e-04,79528,79528,2.836473,2.853519,1.6074e-01
dev-corpus-05,4008,79528,9.806985e-05,79528,79528,0.073869,0.074217,1.6063e-01
dev-corpus-05,4009,8346,4.735868e-04,628,628,2.089134,2.127555,1.7571e-01
dev-corpus-05,4010,586,1.196593e-04,586,586,0.316380,0.322094,1.4193e-01
dev-corpus-05,4011,22903,4.008868e-04,3418,3418,3.908979,3.902382,1.1806e-01
dev-corpus-05,4012,1439,3.497538e-04,1439,1439,0.927210,0.908148,1.9504e-01
dev-corpus-05,4013,27073,5.033893e-04,11532,11532,1.320218,1.365165,1.5011e-01
dev-corpus-05,4014,21207,1.009585e-04,11532,11532,6.383821,6.368435,1.3886e-01
dev-corpus-05,4015,11,2.511032e-04,13,13,2.748383,2.743888,1.6298e-01
dev-corpus-05,4016,321,4.369168e-04,10377,10377,2.196635,2.196414,1.5180e-01
dev-corpus-05,4017,369,3.777801e-04,8190,8190,5.196195,5.209181,1.5608e-01
dev-corpus-05,4018,1048,2.473322e-04,264,264,4.307699,4.291236,1.9508e-01
dev-corpus-05,4019,7695,8.804354e-04,264,264,7.881526,7.829723,1.9124e-01
dev-corpus-05,4020,5222,2.876776e-04,5222,5222,0.914035,0.920219,1.1082e-01
dev-corpus-05,4021,506,6.161644e-05,364,364,5.963851,5.980911,1.5862e-01
dev-corpus-05,4022,27034,4.549602e-04,8851,8851,2.871213,2.886735,1.2749e-01
dev-corpus-05,4023,27073,2.962488e-04,279,279,3.864637,3.862516,1.2265e-01
dev-corpus-05,4024,795,1.470726e-04,1928,1928,1.775086,1.767476,1.5201e-01
dev-corpus-05,4025,321,4.550666e-04,303,303,3.552208,3.551851,1.2261e-01
dev-corpus-05,4026,6157,6.153018e-04,12261,12261,4.312774,4.364410,1.3291e-01
dev-corpus-05,4027,13,3.047060e-05,2961,2961,3.721612,3.718198,1.4495e-01
dev-corpus-05,4028,357,2.280881e-04,248046,248046,3.177600,3.198879,2.1347e-01
dev-corpus-05,4029,79528,4.537690e-05,79528,79528,0.074072,0.072340,1.4327e-01
dev-corpus-05,4030,369,1.382511e-04,369,369,1.218691,1.218682,1.4318e-01
dev-corpus-05,4031,3428,2.509834e-04,264,264,3.981170,3.985808,1.3627e-01
dev-corpus-05,4032,279,2.157674e-04,1429,1429,3.883177,3.880931,1.2025e-01
dev-corpus-05,4033,1132,2.273106e-04,1132,1132,1.449735,1.450658,1.3043e-01
dev-corpus-05,4034,1560,2.157502e-04,1560,1560,0.812696,0.825258,1.6479e-01
dev-corpus-05,4035,310,7.081130e-05,310,310,0.153345,0.155619,1.1937e-01
dev-corpus-05,4036,11290,4.136200e-04,48402,48402,4.310435,4.280644,1.2952e-01
dev-corpus-05,4037,27073,4.372371e-04,6150,6150,2.878686,2.854943,1.2697e-01
dev-corpus-05,4038,391,1.325136e-04,5154,5154,2.487905,2.469059,1.3389e-01
dev-corpus-05,4039,13505,5.171523e-04,6150,6150,3.539069,3.490849,1.3868e-01
dev-corpus-05,4040,5154,6.580002e-05,5154,5154,0.143372,0.141530,1.8683e-01
dev-corpus-05,4041,13,1.081866e-04,13,13,0.652080,0.649606,1.2737e-01
dev-corpus-05,4042,248046,9.275762e-05,248046,248046,0.620440,0.629595,1.7894e-01
dev-corpus-05,4043,198,1.089928e-06,198,198,0.000169,0.000189,3.0905e-01
dev-corpus-05,4044,248045,3.058089e-05,248045,248045,0.008435,0.009170,1.8509e-01
dev-corpus-05,4045,846,1.784983e-03,846,846,0.149214,0.132687,5.7621e-01
dev-corpus-05,4046,198,7.866204e-04,198,198,0.226210,0.246782,2.6702e-01
dev-corpus-05,4047,3710,2.924496e-04,3710,3710,1.138991,1.149335,1.9519e-01
dev-corpus-05,4048,369,3.650042e-05,369,369,0.293842,0.291607,1.1707e-01
dev-corpus-05,4049,10849,6.353951e-05,264,264,11.958505,11.929412,1.2626e-01
dev-corpus-05,4050,1603,1.333825e-04,248046,248046,9.200521,9.197609,1.6761e-01
dev-corpus-05,4051,364,1.339909e-05,364,364,0.056996,0.056281,1.5685e-01
dev-corpus-05,4052,30,2.958529e-04,30,30,0.327595,0.341266,1.4023e-01
dev-corpus-05,4053,248046,3.722376e-06,248046,248046,0.014535,0.014627,1.4939e-01
dev-corpus-05,4054,198,4.689266e-08,198,198,0.000078,0.000079,2.8867e-01
dev-corpus-05,4055,248045,2.466110e-09,248045,248045,0.000002,0.000002,2.0785e-01
dev-corpus-05,4056,74455,1.752029e-03,248045,248045,4.519808,4.558444,2.3549e-01
dev-corpus-05,4057,198,2.377274e-05,198,198,0.016942,0.016615,2.1878e-01
dev-corpus-05,4058,57044,8.580705e-09,248068,248068,12.148847,12.104810,1.3954e-01
dev-corpus-05,4059,3905,3.284305e-05,369,369,8.583549,8.603058,1.5121e-01
dev-corpus-05,4060,494,7.173513e-04,494,494,0.685974,0.712734,1.6314e-01
dev-corpus-05,4061,279,3.691710e-04,279,279,0.753982,0.763482,1.9980e-01
dev-corpus-05,4062,12515,9.552774e-04,2919,2919,3.726082,3.587841,1.5200e-01
dev-corpus-05,4063,539,2.023980e-04,321,321,6.539994,6.545981,1.6673e-01
dev-corpus-05,4064,17415,4.401579e-04,279,279,8.150628,8.183599,1.5806e-01
dev-corpus-05,4065,321,3.125664e-04,3514,3514,2.548805,2.546803,1.2286e-01
dev-corpus-05,4066,4128,2.979356e-04,4128,4128,1.225691,1.247337,1.3297e-01
dev-corpus-05,4067,2919,3.183007e-04,13,13,3.030448,3.042388,1.3991e-01
dev-corpus-05,4068,57054,2.607564e-04,3514,3514,2.476695,2.485803,1.2104e-01
dev-corpus-05,4069,1060,1.435520e-03,1060,1060,0.305602,0.338505,1.0360e-01
dev-corpus-05,4070,1083,1.151340e-04,11,11,1.844920,1.858555,1.3353e-01
dev-corpus-05,4071,279,1.926937e-04,279,279,0.695030,0.700436,1.4846e-01
dev-corpus-05,4072,28552,5.301583e-05,3594,3594,3.278168,3.298086,1.3233e-01
dev-corpus-05,4073,13,1.200042e-04,13,13,1.016822,1.009657,1.4997e-01
dev-corpus-05,4074,220,3.414313e-04,3095,3095,5.627233,5.653370,1.4457e-01
dev-corpus-05,4075,3095,6.991210e-04,1049,1049,2.304311,2.346288,2.1025e-01
dev-corpus-05,4076,1439,7.125600e-04,279,279,2.522063,2.570881,2.1203e-01
dev-corpus-05,4077,44171,1.179309e-04,28552,28552,13.410952,13.421191,1.3981e-01
dev-corpus-05,4078,10032,2.157129e-04,10032,10032,0.386362,0.383608,1.7279e-01
dev-corpus-05,4079,28552,4.085855e-05,28552,28552,0.118221,0.118646,1.4874e-01
dev-corpus-05,4080,3166,3.229379e-04,3512,3512,4.331461,4.319208,1.9791e-01
dev-corpus-05,4081,310,1.336337e-04,888,888,4.075695,4.105136,1.2313e-01
dev-corpus-05,4082,4128,3.297353e-04,4128,4128,1.206535,1.223397,1.4118e-01
dev-corpus-05,4083,11,3.110597e-04,11,11,0.524851,0.508953,1.7601e-01
dev-corpus-05,4084,321,1.565179e-04,781,781,5.545233,5.588889,1.8553e-01
dev-corpus-05,4085,279,3.829508e-04,279,279,1.043151,1.061106,1.4232e-01
dev-corpus-05,4086,279,3.276603e-04,2919,2919,9.000048,8.983171,1.8296e-01
dev-corpus-05,4087,10849,2.930468e-04,2919,2919,1.882132,1.868422,1.3837e-01
dev-corpus-05,4088,303,1.711120e-04,16563,16563,7.491435,7.466678,1.1584e-01
dev-corpus-05,4089,1070,1.929426e-04,279,279,1.983008,1.952593,1.3424e-01
dev-corpus-05,4090,369,4.152118e-04,16563,16563,2.760583,2.788647,1.6458e-01
dev-corpus-05,4091,5055,5.842987e-04,8545,8545,9.612580,9.548288,1.4490e-01
dev-corpus-05,4092,2166,2.900378e-04,8545,8545,2.813710,2.847532,1.2287e-01
dev-corpus-05,4093,8545,2.394991e-05,8545,8545,0.088257,0.087064,1.2727e-01
dev-corpus-05,4094,279,2.301137e-04,11,11,4.215530,4.228705,1.3943e-01
dev-corpus-05,4095,10849,3.298377e-04,2919,2919,1.359625,1.362795,1.3822e-01
dev-corpus-06,4096,198,1.683429e-07,198,198,0.002226,0.002246,3.0441e-01
dev-corpus-06,4097,14749,6.627518e-05,3710,3710,6.331110,6.325088,9.7362e-02
dev-corpus-06,4098,557,5.848626e-05,369,369,2.426113,2.422276,1.1416e-01
dev-corpus-06,4099,279,5.172555e-05,279,279,0.237090,0.234418,1.1578e-01
dev-corpus-06,4100,78167,1.403489e-04,1118,1118,10.116942,10.131098,9.5456e-02
dev-corpus-06,4101,6683,4.219151e-04,6683,6683,1.335381,1.364971,1.5196e-01
dev-corpus-06,4102,30,3.037793e-04,30,30,1.132785,1.134168,1.5628e-01
dev-corpus-06,4103,248046,1.966595e-04,248046,248046,0.068115,0.063398,1.2643e-01
dev-corpus-06,4104,198,1.602822e-08,198,198,0.000046,0.000047,1.7383e-01
dev-corpus-06,4105,248045,2.002071e-09,248045,248045,0.000001,0.000001,3.8767e-01
dev-corpus-06,4106,74455,9.619550e-04,248045,248045,3.786608,3.852884,2.3592e-01
dev-corpus-06,4107,198,2.289354e-05,198,198,0.006209,0.006574,1.0355e-01
dev-corpus-06,4108,32,4.614333e-09,248068,248068,21.904834,21.902825,2.5556e-01
dev-corpus-06,4109,2134,9.051966e-04,2134,2134,0.208314,0.226952,1.4424e-01
dev-corpus-06,4110,273,4.679117e-06,273,273,0.003439,0.003574,1.4911e-01
dev-corpus-06,4111,6683,5.209395e-05,6683,6683,0.383469,0.379509,1.5078e-01
dev-corpus-06,4112,11,1.286014e-04,318,318,0.984941,0.999670,1.7181e-01
dev-corpus-06,4113,852,9.452767e-05,12830,12830,7.434933,7.399356,1.7433e-01
dev-corpus-06,4114,557,5.238982e-04,557,557,1.055941,1.064671,1.9322e-01
dev-corpus-06,4115,1048,4.637456e-04,12830,12830,1.972687,2.009381,1.6690e-01
dev-corpus-06,4116,3750,6.830018e-05,3750,3750,0.092411,0.091821,1.7282e-01
dev-corpus-06,4117,430,3.824661e-05,430,430,0.153172,0.153081,1.6250e-01
dev-corpus-06,4118,13799,3.186427e-04,65246,65246,4.760772,4.769595,1.6923e-01
dev-corpus-06,4119,6683,1.068965e-05,6683,6683,0.049273,0.048297,1.5309e-01
dev-corpus-06,4120,11,3.571361e-04,466,466,1.161857,1.181605,2.0048e-01
dev-corpus-06,4121,557,5.693983e-04,557,557,0.496320,0.511608,1.9562e-01
dev-corpus-06,4122,264,1.131950e-04,264,264,0.577276,0.568558,1.6009e-01
dev-corpus-06,4123,8608,5.946683e-04,4927,4927,5.272519,5.224063,2.0575e-01
dev-corpus-06,4124,78167,6.987755e-04,70421,70421,4.513291,4.547391,2.5458e-01
dev-corpus-06,4125,852,6.329210e-04,321,321,2.359799,2.384323,1.4402e-01
dev-corpus-06,4126,8597,6.653841e-04,11815,11815,5.280032,5.237006,1.1777e-01
dev-corpus-06,4127,279,6.482019e-05,279,279,0.283111,0.283376,1.2748e-01
dev-corpus-06,4128,42995,4.062954e-04,42995,42995,1.521699,1.556334,1.5465e-01
dev-corpus-06,4129,314,1.851019e-04,314,314,0.116213,0.122311,1.4323e-01
dev-corpus-06,4130,10274,2.618870e-05,10274,10274,0.229982,0.227504,1.3482e-01
dev-corpus-06,4131,3560,3.312903e-04,3560,3560,0.326477,0.341159,1.5220e-01
dev-corpus-06,4132,13,3.826699e-04,6600,6600,1.885512,1.873743,1.4838e-01
dev-corpus-06,4133,10235,6.703964e-05,248046,248046,8.314821,8.291559,1.4861e-01
dev-corpus-06,4134,310,2.621123e-06,310,310,0.050215,0.049847,1.0883e-01
dev-corpus-06,4135,279,2.190108e-04,279,279,0.548310,0.534803,1.7681e-01
dev-corpus-06,4136,2236,1.136095e-04,1478,1478,4.390274,4.376417,2.0732e-01
dev-corpus-06,4137,314,8.803233e-05,314,314,0.185157,0.188738,1.6412e-01
dev-corpus-06,4138,47185,1.043366e-04,47185,47185,0.130399,0.132890,1.5018e-01
dev-corpus-06,4139,303,3.727109e-05,303,303,0.315242,0.311138,1.4378e-01
dev-corpus-06,4140,279,4.361874e-05,279,279,0.099248,0.096318,1.2045e-01
dev-corpus-06,4141,58171,1.266694e-04,1478,1478,6.376463,6.360528,1.9336e-01
dev-corpus-06,4142,11,2.105185e-04,11,11,0.259685,0.268557,1.6801e-01
dev-corpus-06,4143,6683,3.489004e-04,551,551,1.474489,1.451347,1.3352e-01
dev-corpus-06,4144,557,3.226946e-04,557,557,0.367334,0.382996,1.2573e-01
dev-corpus-06,4145,84552,6.679457e-04,264,12830,11.407460,11.414326,1.3991e-01
dev-corpus-06,4146,1029,7.449867e-04,1029,1029,0.209308,0.191913,1.4654e-01
dev-corpus-06,4147,287,2.066387e-05,68,68,1.270135,1.276439,2.4070e-01
dev-corpus-06,4148,321,3.823754e-04,321,321,1.491088,1.516358,1.5117e-01
dev-corpus-06,4149,2895,6.099707e-04,557,557,10.853500,10.848628,1.7754e-01
dev-corpus-06,4150,53568,4.103223e-04,248046,248046,4.250175,4.220716,1.9079e-01
dev-corpus-06,4151,314,2.894487e-04,2272,2272,1.858431,1.899944,1.3184e-01
dev-corpus-06,4152,3988,1.131836e-04,3988,3988,1.123532,1.117078,1.3001e-01
dev-corpus-06,4153,46553,4.601757e-05,20753,20753,7.213978,7.232466,1.1135e-01
dev-corpus-06,4154,314,5.420535e-04,13,13,1.386206,1.424929,1.5383e-01
dev-corpus-06,4155,10274,8.957559e-05,10274,10274,0.218335,0.214186,9.9483e-02
dev-corpus-06,4156,13,2.206820e-04,13,13,0.951519,0.964132,1.2701e-01
dev-corpus-06,4157,1216,1.050834e-04,248046,248046,2.362469,2.382881,1.8886e-01
dev-corpus-06,4158,22339,2.427167e-04,557,557,4.432252,4.376623,1.4437e-01
dev-corpus-06,4159,10274,1.732547e-04,10274,10274,0.241056,0.234735,1.5495e-01
dev-corpus-06,4160,383,2.506701e-04,383,383,0.445183,0.455535,1.4289e-01
dev-corpus-06,4161,279,4.612220e-05,279,279,0.049241,0.048361,1.4464e-01
dev-corpus-06,4162,5459,4.411620e-05,5459,5459,0.133951,0.132737,1.3215e-01
dev-corpus-06,4163,310,4.057853e-05,310,310,0.040041,0.038523,1.4186e-01
dev-corpus-06,4164,55115,1.153869e-05,55115,55115,0.024863,0.024704,1.4861e-01
dev-corpus-06,4165,310,1.462957e-04,321,321,6.731602,6.700018,1.4991e-01
dev-corpus-06,4166,1423,3.646372e-04,3512,3512,7.567417,7.539654,1.2178e-01
dev-corpus-06,4167,20753,2.186606e-04,780,780,7.620273,7.648052,1.5397e-01
dev-corpus-06,4168,1017,4.700396e-04,13,13,6.097257,6.091393,1.5872e-01
dev-corpus-06,4169,321,2.892269e-04,13,13,2.086475,2.089037,1.5448e-01
dev-corpus-06,4170,4300,6.626203e-04,5924,5924,6.319772,6.284162,1.7349e-01
dev-corpus-06,4171,1070,2.735176e-04,1070,1070,0.418587,0.423014,1.4996e-01
dev-corpus-06,4172,6608,2.482230e-04,310,310,12.286644,12.308181,1.5363e-01
dev-corpus-06,4173,310,2.116906e-04,310,310,1.353959,1.368728,1.9337e-01
dev-corpus-06,4174,24640,1.472428e-03,279,279,2.463589,2.388583,1.9348e-01
dev-corpus-06,4175,13,3.246054e-04,13,13,0.870681,0.857251,1.8236e-01
dev-corpus-06,4176,1921,5.692722e-04,248046,248046,3.990253,3.965914,2.3006e-01
dev-corpus-06,4177,383,7.946646e-04,551,551,4.007457,3.937163,1.7657e-01
dev-corpus-06,4178,780,5.953531e-04,279,279,1.812917,1.874057,2.0108e-01
dev-corpus-06,4179,1560,2.329209e-04,1560,1560,0.368418,0.370301,1.8755e-01
dev-corpus-06,4180,264,8.610725e-05,11,11,8.400992,8.370134,1.3405e-01
dev-corpus-06,4181,3000,6.241428e-04,3000,3000,1.242789,1.285830,1.5651e-01
dev-corpus-06,4182,50786,8.369242e-04,494,494,6.900162,6.859691,1.5433e-01
dev-corpus-06,4183,1056,1.314052e-05,1056,1056,0.067514,0.067270,1.2191e-01
dev-corpus-06,4184,264,1.649461e-04,279,279,4.577638,4.627838,2.3882e-01
dev-corpus-06,4185,6797,4.875403e-04,6797,6797,1.020206,1.016163,1.7969e-01
dev-corpus-06,4186,542,5.763032e-04,9434,9434,2.976514,3.002684,1.8042e-01
dev-corpus-06,4187,588,1.355297e-05,588,588,0.373944,0.370993,1.3074e-01
dev-corpus-06,4188,2094,4.983964e-04,1441,1441,2.963718,2.942180,1.7459e-01
dev-corpus-06,4189,1384,2.434490e-05,1384,1384,0.108053,0.107669,1.4533e-01
dev-corpus-06,4190,321,7.481452e-05,321,321,0.668851,0.661827,1.4018e-01
dev-corpus-06,4191,1782,3.761983e-04,551,551,9.945986,9.972210,1.9423e-01
dev-corpus-06,4192,440,5.444644e-04,440,440,0.955709,0.973059,2.0139e-01
dev-corpus-06,4193,1384,2.833002e-05,1384,1384,0.042706,0.041821,1.2846e-01
dev-corpus-06,4194,494,4.167467e-04,10729,998,7.594224,7.603602,1.6120e-01
dev-corpus-06,4195,21583,8.163969e-04,279,279,1.314468,1.267899,1.9020e-01
dev-corpus-06,4196,506,5.459404e-04,13,13,9.259205,9.269848,1.5927e-01
dev-corpus-06,4197,4937,5.744888e-04,279,279,5.556267,5.746862,1.7744e-01
dev-corpus-06,4198,1834,3.795558e-05,1247,1247,3.129786,3.128215,1.2352e-01
dev-corpus-06,4199,13,1.483436e-04,13,13,0.785440,0.786281,1.6717e-01
dev-corpus-06,4200,4844,1.117503e-03,1216,1216,3.851980,3.902167,3.1047e-01
dev-corpus-06,4201,551,1.424625e-03,551,551,0.960833,0.994581,2.0062e-01
dev-corpus-06,4202,10729,3.925714e-04,6408,6408,2.040204,2.057326,1.5393e-01
dev-corpus-06,4203,310,1.544861e-04,310,310,0.681648,0.690082,1.4205e-01
dev-corpus-06,4204,279,1.268139e-05,279,279,0.100107,0.100674,1.3364e-01
dev-corpus-06,4205,4751,1.648429e-05,4751,4751,0.041547,0.042125,1.9650e-01
dev-corpus-06,4206,321,1.510826e-04,321,321,0.380512,0.385085,1.9755e-01
dev-corpus-06,4207,6408,1.522114e-04,6408,6408,0.298303,0.303879,1.5172e-01
dev-corpus-06,4208,264,7.080081e-05,264,264,0.390669,0.392301,1.3826e-01
dev-corpus-06,4209,7497,2.012879e-05,7497,7497,0.067009,0.067740,1.4399e-01
dev-corpus-06,4210,11,1.786382e-04,5315,5315,4.301790,4.339017,1.4064e-01
dev-corpus-06,4211,328,2.338809e-04,328,328,1.144044,1.160244,1.2109e-01
dev-corpus-06,4212,50,2.564979e-04,50,50,0.260259,0.265994,2.0717e-01
dev-corpus-06,4213,4784,8.321012e-06,4784,4784,0.001692,0.001542,1.7445e-01
dev-corpus-06,4214,11,9.417313e-05,11,11,0.062473,0.065110,2.1272e-01
dev-corpus-06,4215,796,4.036913e-04,65246,65246,6.580527,6.544784,2.3167e-01
dev-corpus-06,4216,355,1.633915e-04,355,355,0.147842,0.154288,1.5606e-01
dev-corpus-06,4217,11,3.161570e-04,11,11,0.200231,0.209751,2.0363e-01
dev-corpus-06,4218,3069,6.933871e-05,3069,3069,0.025380,0.024642,2.3315e-01
dev-corpus-06,4219,513,3.072137e-04,513,513,0.821862,0.801933,2.0089e-01
dev-corpus-06,4220,488,1.529546e-05,488,488,0.023222,0.022958,2.2659e-01
dev-corpus-06,4221,36228,1.332584e-04,36228,36228,0.067428,0.069853,2.1597e-01
dev-corpus-06,4222,10292,1.230649e-05,10292,10292,0.007194,0.007359,1.4767e-01
dev-corpus-06,4223,728,6.190140e-05,728,728,0.099009,0.100241,1.5227e-01
dev-corpus-06,4224,224994,3.824772e-04,7285,7285,2.626664,2.625271,1.7564e-01
dev-corpus-06,4225,321,4.338888e-04,248046,248046,7.187074,7.224105,1.6615e-01
dev-corpus-06,4226,551,4.889839e-04,551,551,1.498468,1.504907,1.8404e-01
dev-corpus-06,4227,1018,4.597502e-04,557,557,4.027033,4.068769,1.7891e-01
dev-corpus-06,4228,328,2.000679e-04,11,11,1.173092,1.173713,1.5907e-01
dev-corpus-06,4229,14202,1.131638e-04,14749,14749,1.978528,2.004033,1.8389e-01
dev-corpus-06,4230,513,7.248252e-05,513,513,0.081176,0.082834,2.1298e-01
dev-corpus-06,4231,488,1.753512e-05,488,488,0.013220,0.013837,1.8432e-01
dev-corpus-06,4232,7285,1.305579e-04,224994,224994,1.236832,1.250487,1.6304e-01
dev-corpus-06,4233,1179,2.596163e-04,321,321,3.030794,3.018142,1.7940e-01
dev-corpus-06,4234,279,1.643906e-04,279,279,0.623428,0.630412,2.0090e-01
dev-corpus-06,4235,35706,3.442895e-05,7497,7497,6.720994,6.691884,1.3310e-01
dev-corpus-06,4236,1018,4.385359e-05,1018,1018,0.392795,0.391909,1.2180e-01
dev-corpus-06,4237,11,2.649089e-04,328,328,1.850295,1.820726,1.6004e-01
dev-corpus-06,4238,328,3.468976e-05,328,328,0.078979,0.079058,1.6098e-01
dev-corpus-06,4239,40,6.314687e-05,40,40,0.074859,0.076016,1.4218e-01
dev-corpus-06,4240,1044,9.550914e-05,1044,1044,0.052448,0.055124,1.6845e-01
dev-corpus-06,4241,10274,8.119568e-05,10274,10274,0.088529,0.090714,1.5706e-01
dev-corpus-06,4242,11,2.914060e-04,11,11,0.992896,0.985322,1.7508e-01
dev-corpus-06,4243,8446,6.161347e-04,8446,8446,0.230970,0.246691,1.8426e-01
dev-corpus-06,4244,488,1.512602e-05,488,488,0.041665,0.041122,1.8897e-01
dev-corpus-06,4245,513,4.751725e-05,513,513,0.204366,0.207796,1.4747e-01
dev-corpus-06,4246,36228,2.955707e-05,36228,36228,0.071667,0.072466,1.6954e-01
dev-corpus-06,4247,10292,5.618896e-05,10292,10292,0.011906,0.012681,2.2002e-01
dev-corpus-06,4248,13,3.369847e-04,3158,3158,1.523965,1.510505,3.1416e-01
dev-corpus-06,4249,1049,6.341378e-04,4543,4543,4.888914,4.901354,2.1756e-01
dev-corpus-06,4250,369,5.216557e-04,369,369,0.274439,0.261538,2.9285e-01
dev-corpus-06,4251,2503,1.183892e-03,2503,2503,1.934562,1.919647,2.0646e-01
dev-corpus-06,4252,364,1.772122e-04,364,364,0.286142,0.283606,2.6259e-01
dev-corpus-06,4253,488,3.313891e-04,488,488,0.095465,0.101186,3.3150e-01
dev-corpus-06,4254,310,1.995596e-04,310,310,0.102975,0.106308,3.6385e-01
dev-corpus-06,4255,10017,1.994387e-04,10017,10017,0.250613,0.248979,2.2065e-01
dev-corpus-06,4256,2272,9.543396e-05,2272,2272,0.062211,0.065214,2.2768e-01
dev-corpus-06,4257,279,2.061544e-04,279,279,0.039385,0.041158,4.2221e-01
dev-corpus-06,4258,708,9.842462e-02,708,708,1.212308,1.510794,2.1251e+00
dev-corpus-06,4259,7421,3.331789e-03,327,327,1.083099,0.981689,5.0357e-01
dev-corpus-06,4260,1149,9.408447e-05,1149,1149,1.017332,1.015538,4.0418e-01
dev-corpus-06,4261,6683,3.830253e-04,248046,248046,5.834084,5.868517,2.4334e-01
dev-corpus-06,4262,4439,2.339825e-04,557,557,3.398831,3.369340,1.7025e-01
dev-corpus-06,4263,328,2.222486e-04,328,328,1.069606,1.089382,1.5592e-01
dev-corpus-06,4264,3710,6.317388e-04,12195,12195,2.040901,2.076248,2.1595e-01
dev-corpus-06,4265,635,1.096654e-03,4723,4723,1.995545,2.072578,1.7630e-01
dev-corpus-06,4266,488,1.045635e-04,488,488,0.099836,0.104007,1.8685e-01
dev-corpus-06,4267,1318,3.850056e-05,1318,1318,0.103232,0.103521,2.0347e-01
dev-corpus-06,4268,728,7.498784e-05,728,728,0.114246,0.111250,1.4740e-01
dev-corpus-06,4269,310,9.485711e-05,310,310,0.056684,0.053610,1.5580e-01
dev-corpus-06,4270,635,8.066156e-06,635,635,0.034731,0.034566,2.1518e-01
dev-corpus-06,4271,7285,1.063736e-04,7285,7285,0.517705,0.514346,1.7082e-01
dev-corpus-06,4272,1179,1.712689e-04,321,321,2.252070,2.269627,1.4003e-01
dev-corpus-06,4273,279,7.930408e-05,279,279,0.295742,0.290063,2.2713e-01
dev-corpus-06,4274,35706,3.090457e-03,5459,5459,4.332351,4.458807,1.8702e-01
dev-corpus-06,4275,1018,2.218433e-04,1018,1018,0.223622,0.230496,1.4860e-01
dev-corpus-06,4276,328,1.668846e-04,11,11,1.138485,1.151522,1.7050e-01
dev-corpus-06,4277,6737,2.527144e-03,10533,1882,2.150666,2.056547,1.9541e-01
dev-corpus-06,4278,1029,4.826238e-07,1029,1029,0.004503,0.004477,1.4433e-01
dev-corpus-06,4279,321,1.063603e-04,321,321,0.329017,0.334566,1.8881e-01
dev-corpus-06,4280,708,2.239371e-04,708,708,0.121857,0.123491,2.2170e-01
dev-corpus-06,4281,1083,3.986522e-04,310,310,1.461347,1.455358,2.3544e-01
dev-corpus-06,4282,279,3.493051e-04,55115,55115,0.896553,0.904545,2.1433e-01
dev-corpus-06,4283,3177,1.295710e-03,3177,3177,0.145388,0.145653,5.5134e-01
dev-corpus-06,4284,11,1.082378e-04,321,321,1.338060,1.328942,2.3003e-01
dev-corpus-06,4285,321,1.811370e-04,321,321,0.075693,0.078777,2.6581e-01
dev-corpus-06,4286,488,1.063041e-03,488,488,0.354414,0.339178,2.6154e-01
dev-corpus-06,4287,668,3.600704e-05,668,668,0.291569,0.295364,1.9117e-01
dev-corpus-06,4288,381,6.096875e-05,381,381,0.043935,0.044236,2.1394e-01
dev-corpus-06,4289,3125,7.410302e-05,3125,3125,0.044282,0.044754,2.0161e-01
dev-corpus-06,4290,1092,4.587529e-05,1092,1092,0.070341,0.071547,1.9589e-01
dev-corpus-06,4291,488,1.654241e-04,488,488,0.264703,0.261398,2.4907e-01
dev-corpus-06,4292,1902,2.457972e-04,1902,1902,0.310359,0.305684,1.7538e-01
dev-corpus-06,4293,635,4.360409e-05,635,635,0.039054,0.038731,1.4798e-01
dev-corpus-06,4294,1149,1.589052e-04,1149,1149,0.401949,0.395120,1.9625e-01
dev-corpus-06,4295,19425,6.518512e-04,248046,248046,11.625683,11.667410,2.4662e-01
dev-corpus-06,4296,978,4.900266e-04,978,978,1.545688,1.544572,1.7860e-01
dev-corpus-06,4297,1801,8.566655e-04,86049,86049,5.709211,5.707837,2.4230e-01
dev-corpus-06,4298,17481,3.079267e-04,264,264,1.209518,1.225067,1.7231e-01
dev-corpus-06,4299,11,2.839770e-04,539,539,1.794049,1.819267,1.9937e-01
dev-corpus-06,4300,551,1.994264e-04,6683,6683,0.929504,0.913794,3.1225e-01
dev-corpus-06,4301,557,1.321623e-04,557,557,0.253514,0.253117,1.9432e-01
dev-corpus-06,4302,2895,3.478492e-03,5879,5879,5.820353,5.784747,2.0176e-01
dev-corpus-06,4303,310,2.783204e-04,539,539,1.576672,1.592002,2.6979e-01
dev-corpus-06,4304,279,1.603622e-03,264,264,2.854424,2.888609,1.9285e-01
dev-corpus-06,4305,3177,6.074342e-04,3626,3626,2.638270,2.604032,2.1660e-01
dev-corpus-06,4306,321,7.470898e-04,314,314,1.976747,1.976031,2.0449e-01
dev-corpus-06,4307,2756,8.771953e-04,264,264,9.852575,9.871180,3.1290e-01
dev-corpus-06,4308,2843,7.555873e-04,314,314,1.899600,1.887746,1.9595e-01
dev-corpus-06,4309,780,1.785186e-03,551,551,2.286297,2.210661,3.0587e-01
dev-corpus-06,4310,13529,8.490049e-04,13529,13529,0.339001,0.325486,2.7110e-01
dev-corpus-06,4311,557,2.133288e-04,557,557,0.201564,0.210638,1.2984e-01
dev-corpus-06,4312,26137,1.094474e-04,26137,26137,0.068557,0.070805,1.4823e-01
dev-corpus-06,4313,539,2.870012e-04,539,539,0.503436,0.520228,2.0686e-01
dev-corpus-06,4314,1473,7.643318e-05,1473,1473,0.907901,0.912443,1.9773e-01
dev-corpus-06,4315,276,2.949361e-05,276,276,0.018509,0.017915,1.9118e-01
dev-corpus-06,4316,3362,2.100912e-05,3362,3362,0.005132,0.005453,1.9421e-01
dev-corpus-06,4317,314,1.424352e-04,13,13,4.787251,4.815292,2.3127e-01
dev-corpus-06,4318,55115,3.314546e-04,55115,55115,0.126838,0.127413,2.6362e-01
dev-corpus-06,4319,13,9.728337e-05,13,13,0.321243,0.319040,1.8769e-01
dev-corpus-06,4320,4844,4.734008e-04,248046,248046,3.105941,3.132479,2.3002e-01
dev-corpus-06,4321,6683,2.601546e-04,551,551,1.467910,1.498279,1.5311e-01
dev-corpus-06,4322,557,3.398688e-04,557,557,1.077142,1.097131,2.0680e-01
dev-corpus-06,4323,86058,2.583448e-04,86058,86058,0.617933,0.623877,1.5478e-01
dev-corpus-06,4324,321,1.806190e-04,321,321,0.355930,0.360048,1.3570e-01
dev-corpus-06,4325,6849,4.923973e-04,5924,5924,5.328242,5.286751,1.8698e-01
dev-corpus-06,4326,3727,8.949236e-05,5820,5820,2.142610,2.148799,1.2519e-01
dev-corpus-06,4327,310,1.443172e-04,66012,66012,1.829005,1.812842,1.2254e-01
dev-corpus-06,4328,62787,2.112718e-04,68233,68233,4.179618,4.151016,1.4912e-01
dev-corpus-06,4329,8608,4.086227e-04,279,279,7.814111,7.847814,1.4277e-01
dev-corpus-06,4330,1876,1.196144e-03,248046,248046,2.792375,2.783878,1.4685e-01
dev-corpus-06,4331,13,2.259098e-04,13,13,0.892272,0.893531,1.5079e-01
dev-corpus-06,4332,1216,8.015691e-05,248046,248046,2.154822,2.164261,1.9245e-01
dev-corpus-06,4333,59826,1.353568e-04,29694,29694,9.419401,9.446760,1.3769e-01
dev-corpus-06,4334,14156,1.732891e-04,279,279,8.242761,8.267465,1.2310e-01
dev-corpus-06,4335,310,1.240602e-04,303,303,1.270645,1.257369,1.2042e-01
dev-corpus-06,4336,279,1.365568e-04,279,279,1.112574,1.099893,1.2831e-01
dev-corpus-06,4337,15418,1.228894e-04,34539,34539,1.488067,1.499295,1.0363e-01
dev-corpus-06,4338,3533,7.254803e-06,3533,3533,0.052797,0.053493,1.0981e-01
dev-corpus-06,4339,321,1.464249e-04,13,13,1.652809,1.662012,1.4775e-01
dev-corpus-06,4340,551,3.640024e-04,5947,5947,3.267311,3.263080,1.8813e-01
dev-corpus-06,4341,369,4.619635e-04,557,557,2.769163,2.753519,1.3916e-01
dev-corpus-06,4342,1048,2.451143e-04,279,6306,4.258339,4.264755,1.1646e-01
dev-corpus-06,4343,3750,7.088642e-05,3750,3750,0.545507,0.544568,1.4758e-01
dev-corpus-06,4344,430,1.901577e-04,430,430,0.495380,0.484295,1.2673e-01
dev-corpus-06,4345,449,9.607196e-05,279,279,5.413202,5.442966,1.7062e-01
dev-corpus-06,4346,78167,2.408209e-04,78167,78167,1.835676,1.831859,1.2809e-01
dev-corpus-06,4347,310,8.085013e-04,310,310,0.425467,0.399957,2.1324e-01
dev-corpus-06,4348,279,1.000598e-05,279,279,0.018108,0.017927,1.1580e-01
dev-corpus-06,4349,15418,1.449199e-05,34539,34539,3.268571,3.271091,3.6062e-01
dev-corpus-06,4350,3533,5.204723e-07,3533,3533,0.004335,0.004293,1.6656e-01
dev-corpus-06,4351,13,4.285262e-05,13,13,0.150910,0.152590,1.7848e-01
dev-corpus-06,4352,220,2.074176e-04,248046,248046,5.237318,5.295008,1.8163e-01
dev-corpus-06,4353,1216,4.299396e-04,248046,248046,1.400564,1.407365,2.3215e-01
dev-corpus-06,4354,37070,1.026052e-03,5947,5947,9.223395,9.202680,1.8033e-01
dev-corpus-06,4355,3679,2.015033e-04,1599,1599,3.450348,3.463744,1.6248e-01
dev-corpus-06,4356,28935,1.983355e-05,28935,28935,0.161292,0.162458,1.6140e-01
dev-corpus-06,4357,303,9.337639e-05,303,303,0.973014,0.985676,1.4218e-01
dev-corpus-06,4358,10305,3.632540e-04,279,279,5.578185,5.571636,1.4872e-01
dev-corpus-06,4359,177955,1.465589e-04,177955,177955,0.168445,0.163788,1.3356e-01
dev-corpus-06,4360,11,8.898303e-05,11,11,0.087245,0.090697,1.7372e-01
dev-corpus-06,4361,6931,2.021395e-04,66059,66059,3.535364,3.515011,1.5799e-01
dev-corpus-06,4362,23494,3.839805e-06,23494,23494,0.007575,0.007603,1.4260e-01
dev-corpus-06,4363,11,3.315335e-05,11,11,0.036447,0.037600,1.9041e-01
dev-corpus-06,4364,645,8.625956e-04,645,645,1.113852,1.060293,2.0066e-01
dev-corpus-06,4365,425,1.010285e-05,425,425,0.007430,0.007611,1.7177e-01
dev-corpus-06,4366,42167,1.212252e-05,42167,42167,0.004198,0.004481,1.3978e-01
dev-corpus-06,4367,11165,8.225105e-05,2906,2906,3.244357,3.248731,2.1557e-01
dev-corpus-06,4368,11,1.369234e-04,11,11,0.216035,0.212519,1.6480e-01
dev-corpus-06,4369,57775,6.998335e-04,57775,57775,0.944475,0.948779,1.9415e-01
dev-corpus-06,4370,321,3.372837e-05,11,11,2.640753,2.642812,1.5582e-01
dev-corpus-06,4371,66059,1.481619e-04,66059,66059,1.281137,1.278028,1.8012e-01
dev-corpus-06,4372,40985,9.458974e-06,40985,40985,0.016442,0.016868,1.5388e-01
dev-corpus-06,4373,4949,3.311985e-04,13,13,11.621021,11.552609,2.9393e-01
dev-corpus-06,4374,43410,1.363987e-04,2290,2290,9.042350,9.003752,1.5715e-01
dev-corpus-06,4375,466,8.214786e-04,11592,11592,3.926812,3.966199,1.8041e-01
dev-corpus-06,4376,12937,4.005518e-04,60163,60163,4.197264,4.279973,1.4649e-01
dev-corpus-06,4377,14470,8.553111e-06,14470,14470,0.018879,0.019015,1.4681e-01
dev-corpus-06,4378,314,1.032250e-03,11592,11592,2.395950,2.330390,1.6973e-01
dev-corpus-06,4379,279,3.581886e-04,279,279,0.179986,0.185823,1.9774e-01
dev-corpus-06,4380,16570,1.546920e-03,1478,1478,2.207587,2.222785,2.6549e-01
dev-corpus-06,4381,7840,4.318989e-04,7840,7840,0.653763,0.647750,2.1174e-01
dev-corpus-06,4382,6265,3.688924e-04,6265,6265,0.479589,0.475240,1.8242e-01
dev-corpus-06,4383,303,2.819074e-04,314,314,1.535255,1.570906,1.3524e-01
dev-corpus-06,4384,279,1.411280e-05,279,279,0.051968,0.050961,1.3290e-01
dev-corpus-06,4385,491,1.929591e-04,1478,1478,2.731390,2.716954,1.7384e-01
dev-corpus-06,4386,37818,1.232007e-06,58170,58170,3.160742,3.159995,1.0523e-01
dev-corpus-06,4387,557,3.856018e-04,513,513,4.489148,4.482351,1.5097e-01
dev-corpus-06,4388,5158,2.350469e-05,5158,5158,0.119316,0.118508,1.1921e-01
dev-corpus-06,4389,539,1.586212e-05,539,539,0.025811,0.026176,1.2907e-01
dev-corpus-06,4390,6683,3.715667e-05,6683,6683,0.755043,0.759726,9.4436e-02
dev-corpus-06,4391,1472,6.465932e-05,13,13,6.224387,6.301539,1.5237e-01
dev-corpus-06,4392,279,7.097966e-04,780,780,2.152570,2.209660,2.2751e-01
dev-corpus-06,4393,18252,1.646204e-03,11592,11592,5.171593,5.336964,2.1807e-01
dev-corpus-06,4394,314,1.316181e-05,314,314,0.056719,0.055796,1.4079e-01
dev-corpus-06,4395,279,5.921987e-05,279,279,0.100132,0.098283,2.4494e-01
dev-corpus-06,4396,25872,5.155949e-04,18147,18147,3.746090,3.624596,1.1105e+00
dev-corpus-06,4397,8643,3.961337e-05,8643,8643,0.155294,0.152084,1.9988e-01
dev-corpus-06,4398,13,4.765449e-05,13,13,0.201813,0.204008,1.8613e-01
dev-corpus-06,4399,248046,2.893028e-04,645,645,1.023476,1.016835,2.3352e-01
dev-corpus-06,4400,198,1.452099e-07,198,198,0.000065,0.000061,2.6725e-01
dev-corpus-06,4401,248045,2.786739e-09,248045,248045,0.000040,0.000040,5.0298e-01
dev-corpus-06,4402,846,4.854437e-04,846,846,0.288637,0.304906,3.4015e-01
dev-corpus-06,4403,198,1.913430e-07,198,198,0.034806,0.034706,2.3030e-01
dev-corpus-06,4404,3710,3.577423e-04,3710,3710,1.654214,1.638053,1.7117e-01
dev-corpus-06,4405,513,1.647667e-04,369,369,2.209623,2.195654,1.4664e-01
dev-corpus-06,4406,1010,5.635070e-05,279,279,1.890819,1.908138,1.4786e-01
dev-corpus-06,4407,2433,2.031270e-04,314,314,4.204438,4.224598,1.3857e-01
dev-corpus-06,4408,310,6.446747e-05,421,421,2.930037,2.919065,1.1240e-01
dev-corpus-06,4409,5909,3.399842e-04,635,635,3.842013,3.790526,1.2384e-01
dev-corpus-06,4410,948,7.906173e-05,883,883,1.723049,1.717361,1.4458e-01
dev-corpus-06,4411,11494,3.542180e-04,4237,4237,6.123163,6.197567,1.1242e-01
dev-corpus-06,4412,264,1.165160e-04,264,264,0.466287,0.463314,1.0511e-01
dev-corpus-06,4413,491,1.583643e-04,491,491,1.808685,1.797983,9.1181e-02
dev-corpus-06,4414,6505,1.042616e-04,1740,1740,4.358473,4.364357,1.0707e-01
dev-corpus-06,4415,314,2.963690e-05,314,314,0.019890,0.020972,1.1066e-01
dev-corpus-06,4416,41581,2.871675e-04,14850,14850,3.325208,3.290814,1.2678e-01
dev-corpus-06,4417,30,1.793294e-05,30,30,0.360262,0.358778,1.5261e-01
dev-corpus-06,4418,248046,5.708634e-06,248046,248046,0.015349,0.015229,1.4278e-01
dev-corpus-06,4419,198,8.644598e-09,198,198,0.000082,0.000081,1.7477e-01
dev-corpus-06,4420,248045,7.134948e-10,248045,248045,0.000004,0.000004,3.2516e-01
dev-corpus-06,4421,74455,1.195612e-03,74455,74455,0.673960,0.721806,2.3367e-01
dev-corpus-06,4422,198,2.546137e-04,198,198,0.022487,0.019271,3.0023e-01
dev-corpus-06,4423,3733,2.740426e-09,248068,248068,18.648369,18.568580,2.0517e-01
dev-corpus-06,4424,513,3.344460e-04,513,513,0.085938,0.092720,2.3939e-01
dev-corpus-06,4425,1599,3.078528e-04,3679,3679,2.647919,2.571289,1.5248e-01
dev-corpus-06,4426,12521,6.303246e-05,9085,9085,8.814500,8.805333,1.4124e-01
dev-corpus-06,4427,948,9.551573e-05,310,310,5.137567,5.132881,1.2721e-01
dev-corpus-06,4428,799,6.313831e-05,11494,11494,10.301009,10.190496,1.2912e-01
dev-corpus-06,4429,628,2.844038e-04,369,369,5.916568,5.899682,1.2368e-01
dev-corpus-06,4430,2426,9.481461e-05,3569,3569,7.780475,7.818212,1.4713e-01
dev-corpus-06,4431,303,5.804141e-05,303,303,0.087144,0.085063,1.2140e-01
dev-corpus-06,4432,3838,9.757494e-06,3838,3838,0.027018,0.027244,1.3453e-01
dev-corpus-06,4433,948,9.646055e-05,948,948,0.559318,0.562244,1.1215e-01
dev-corpus-06,4434,21877,6.425955e-05,11494,11494,1.735822,1.729281,1.2393e-01
dev-corpus-06,4435,41581,4.597879e-05,264,264,1.840641,1.825374,1.1015e-01
dev-corpus-06,4436,13,6.271496e-05,13,13,0.347523,0.348668,1.4870e-01
dev-corpus-06,4437,198,1.882250e-04,5514,5514,2.829393,2.825653,1.4900e-01
dev-corpus-06,4438,16,2.559664e-04,16,16,1.285086,1.280398,2.3236e-01
dev-corpus-06,4439,13,1.392961e-05,13,13,0.029644,0.030224,1.7398e-01
dev-corpus-06,4440,28097,1.107645e-04,2972,2972,3.580374,3.564083,1.7510e-01
dev-corpus-06,4441,25,1.343097e-04,25,25,0.826830,0.832354,1.3508e-01
dev-corpus-06,4442,279,5.699339e-04,28924,28924,6.528489,6.492605,1.1973e-01
dev-corpus-06,4443,7193,2.628114e-04,5839,5839,2.883938,2.910318,1.6220e-01
dev-corpus-06,4444,314,5.133951e-04,314,314,0.626807,0.624050,1.2548e-01
dev-corpus-06,4445,10121,2.592159e-04,279,279,4.494387,4.490883,1.5471e-01
dev-corpus-06,4446,1220,2.275238e-04,369,369,3.165884,3.129211,1.2331e-01
dev-corpus-06,4447,381,1.455268e-04,381,381,0.106704,0.104666,1.3031e-01
dev-corpus-06,4448,2708,2.758759e-04,6306,6306,2.783489,2.774196,1.3371e-01
dev-corpus-06,4449,303,2.938181e-04,13,13,5.823847,5.830486,1.2636e-01
dev-corpus-06,4450,3838,2.412026e-04,3838,3838,1.094092,1.104964,1.1421e-01
dev-corpus-06,4451,11,1.542479e-04,13,13,2.418444,2.431874,1.2629e-01
dev-corpus-06,4452,585,1.620360e-04,3315,3315,4.158820,4.175188,1.0960e-01
dev-corpus-06,4453,1673,1.352100e-05,1673,1673,0.053830,0.054794,1.3562e-01
dev-corpus-06,4454,2487,3.397719e-05,2487,2487,0.398313,0.396313,1.3749e-01
dev-corpus-06,4455,3315,5.856011e-04,364,364,1.846382,1.857966,1.8914e-01
dev-corpus-06,4456,424,2.377744e-04,424,424,1.046696,1.054796,1.0795e-01
dev-corpus-06,4457,579,3.509864e-04,369,369,2.116426,2.109885,1.7851e-01
dev-corpus-06,4458,364,6.074423e-05,364,364,0.072613,0.073626,1.1808e-01
dev-corpus-06,4459,10461,4.097456e-04,15367,15367,9.712819,9.670542,1.2433e-01
dev-corpus-06,4460,1603,1.940298e-03,4477,4477,7.639900,7.649065,1.7140e-01
dev-corpus-06,4461,4131,5.160716e-04,4477,4477,2.011138,1.950118,1.2868e-01
dev-corpus-06,4462,4477,1.080390e-04,4477,4477,0.228587,0.231667,1.3248e-01
dev-corpus-06,4463,466,2.294710e-04,11,11,2.004602,2.018260,1.7848e-01
dev-corpus-06,4464,364,1.766702e-04,364,364,0.606316,0.608348,1.4245e-01
dev-corpus-06,4465,944,5.174269e-04,15367,15367,4.753061,4.725202,1.8707e-01
dev-corpus-06,4466,1040,4.496282e-04,6526,6526,3.410951,3.477484,1.8213e-01
dev-corpus-06,4467,4483,5.124088e-04,6526,6526,2.766228,2.758707,1.3133e-01
dev-corpus-06,4468,2678,5.188406e-04,6526,6526,4.398494,4.365224,1.5630e-01
dev-corpus-06,4469,6526,1.478796e-04,6526,6526,0.378236,0.380718,1.6537e-01
dev-corpus-06,4470,13,7.913230e-05,13,13,1.034550,1.037504,1.2452e-01
dev-corpus-06,4471,198,3.941360e-04,198,198,0.431821,0.430846,1.9896e-01
dev-corpus-06,4472,17,2.745980e-05,17,17,0.015087,0.014988,2.8250e-01
dev-corpus-06,4473,13,1.378832e-05,13,13,0.009087,0.009557,1.4361e-01
dev-corpus-06,4474,8223,4.902949e-04,3856,3856,5.603431,5.643427,1.6368e-01
dev-corpus-06,4475,20025,2.224250e-05,25,25,12.341186,12.363952,1.6076e-01
dev-corpus-06,4476,25,1.151670e-04,25,25,0.598752,0.587842,1.8153e-01
dev-corpus-06,4477,17107,8.055844e-04,279,279,9.848175,9.815880,1.3460e-01
dev-corpus-06,4478,369,2.313171e-04,1220,1220,1.654839,1.661907,1.5505e-01
dev-corpus-06,4479,2590,3.571430e-04,264,264,2.895577,2.911692,1.4057e-01
dev-corpus-06,4480,449,1.392577e-04,264,264,1.980309,1.977017,1.2877e-01
dev-corpus-06,4481,2894,8.283788e-05,2894,2894,0.224312,0.220612,1.1578e-01
dev-corpus-06,4482,17345,6.214483e-05,7911,7911,2.389144,2.407836,8.8956e-02
dev-corpus-06,4483,948,1.773016e-04,13,13,3.745653,3.729851,1.7241e-01
dev-corpus-06,4484,424,1.882710e-04,11494,11494,3.451368,3.462246,9.5836e-02
dev-corpus-06,4485,3905,1.376282e-04,3905,3905,0.074978,0.077611,1.4989e-01
dev-corpus-06,4486,310,1.905707e-05,310,310,0.025738,0.026509,1.1924e-01
dev-corpus-06,4487,866,2.738960e-04,11494,11494,5.241866,5.304586,1.7029e-01
dev-corpus-06,4488,3269,2.398246e-04,7384,7384,8.310730,8.324931,1.0850e-01
dev-corpus-06,4489,314,2.189949e-04,314,314,0.101668,0.108383,1.1519e-01
dev-corpus-06,4490,7384,1.501659e-03,7384,7384,0.945256,0.988662,4.3911e-01
dev-corpus-06,4491,13,1.234820e-04,13,13,0.320283,0.325870,1.2415e-01
dev-corpus-06,4492,198,4.029135e-04,198,198,1.712375,1.727583,1.5327e-01
dev-corpus-06,4493,18,2.096112e-03,18,18,0.978310,1.049982,5.3006e-01
dev-corpus-06,4494,13,4.140383e-05,13,13,0.011337,0.012275,1.6726e-01
dev-corpus-06,4495,9612,5.698237e-04,42292,42292,4.004293,3.996091,1.3024e-01
dev-corpus-06,4496,48821,2.049637e-05,48821,48821,0.090579,0.092085,1.4241e-01
dev-corpus-06,4497,34647,4.171384e-05,351,351,6.750269,6.709141,1.2379e-01
dev-corpus-06,4498,318,1.453842e-04,25,25,1.137345,1.118720,1.6256e-01
dev-corpus-06,4499,25340,1.399760e-05,25340,25340,0.014427,0.014227,1.6258e-01
dev-corpus-06,4500,1590,1.057411e-05,1590,1590,0.182859,0.184233,1.3906e-01
dev-corpus-06,4501,10022,2.694268e-04,1368,1368,8.040679,8.049370,1.4331e-01
dev-corpus-06,4502,11639,2.785547e-04,524,524,4.849284,4.834227,1.4846e-01
dev-corpus-06,4503,34647,1.382444e-04,34647,34647,0.339429,0.347068,1.1097e-01
dev-corpus-06,4504,369,5.703525e-05,369,369,0.396092,0.397821,1.3728e-01
dev-corpus-06,4505,4840,1.809085e-04,524,524,8.718991,8.709545,1.1562e-01
dev-corpus-06,4506,440,5.546526e-04,310,310,2.988272,3.032944,1.5291e-01
dev-corpus-06,4507,1379,3.089784e-04,279,279,2.743596,2.762885,1.4964e-01
dev-corpus-06,4508,1901,3.116506e-04,314,314,4.264364,4.278785,1.0431e-01
dev-corpus-06,4509,4758,6.174770e-05,4758,4758,0.111932,0.114742,1.5213e-01
dev-corpus-06,4510,44253,1.424529e-04,11,11,1.947266,1.964815,1.4402e-01
dev-corpus-06,4511,11,2.648805e-05,11,11,0.164392,0.163992,1.1712e-01
dev-corpus-06,4512,279,2.788312e-04,424,424,2.887788,2.938553,1.4431e-01
dev-corpus-06,4513,4131,3.400433e-04,4131,4131,1.196557,1.199513,1.3099e-01
dev-corpus-06,4514,314,1.660253e-04,314,314,0.552448,0.557836,1.1824e-01
dev-corpus-06,4515,82081,1.511258e-04,82081,82081,1.086677,1.091226,1.2621e-01
dev-corpus-06,4516,2493,1.772529e-04,628,369,3.888618,3.905271,1.3491e-01
dev-corpus-06,4517,12904,1.355112e-04,12904,12904,0.712811,0.706174,1.1883e-01
dev-corpus-06,4518,494,1.055173e-04,13,13,2.177110,2.172962,1.2205e-01
dev-corpus-06,4519,799,2.023329e-04,799,799,0.966086,0.980479,1.0191e-01
dev-corpus-06,4520,6365,3.256558e-04,6529,6529,8.467423,8.525352,1.1355e-01
dev-corpus-06,4521,310,4.748699e-05,310,310,0.393877,0.396073,1.2588e-01
dev-corpus-06,4522,2361,1.183539e-04,2361,2361,0.166736,0.168660,1.3297e-01
dev-corpus-06,4523,13,1.001799e-04,13,13,0.220809,0.224021,1.9410e-01
dev-corpus-06,4524,1987,1.652396e-04,198,198,4.268904,4.281093,1.4022e-01
dev-corpus-06,4525,424,1.677828e-04,11,11,1.538815,1.548537,1.2694e-01
dev-corpus-06,4526,579,1.491878e-04,369,369,1.130531,1.125289,1.5308e-01
dev-corpus-06,4527,2590,6.874056e-05,2894,2894,2.054715,2.040961,9.6750e-02
dev-corpus-06,4528,1603,1.237057e-04,1603,1603,0.574888,0.581924,1.0690e-01
dev-corpus-06,4529,310,1.005345e-05,310,310,0.033349,0.033430,1.0407e-01
dev-corpus-06,4530,1301,2.071442e-04,1716,1716,2.095035,2.093860,1.2267e-01
dev-corpus-06,4531,1010,9.623862e-05,8120,8120,4.319911,4.356232,1.3431e-01
dev-corpus-06,4532,8120,4.920825e-05,8120,8120,0.201156,0.200802,1.0804e-01
dev-corpus-06,4533,2094,2.366419e-04,13,13,8.412804,8.372565,1.4107e-01
dev-corpus-06,4534,424,2.778095e-04,13,13,2.264013,2.261895,1.5676e-01
dev-corpus-06,4535,13,5.161964e-05,13,13,0.223084,0.225803,1.7912e-01
dev-corpus-06,4536,198,1.045241e-04,198,198,0.188572,0.194406,2.2401e-01
dev-corpus-06,4537,19,1.015147e-04,19,19,0.032094,0.034652,2.4720e-01
dev-corpus-06,4538,13,1.557477e-05,13,13,0.007692,0.008148,1.7490e-01
dev-corpus-06,4539,13024,3.233976e-04,32500,32500,10.318511,10.362588,1.6273e-01
dev-corpus-06,4540,3638,1.116448e-03,75323,75323,6.658974,6.745706,1.5894e-01
dev-corpus-06,4541,321,3.793726e-04,25,25,3.470975,3.445991,1.5759e-01
dev-corpus-06,4542,4275,3.727717e-04,3061,3061,2.893955,2.893653,1.1235e-01
dev-corpus-06,4543,25,1.103790e-04,25,25,0.114845,0.114191,1.3879e-01
dev-corpus-06,4544,1049,1.729624e-04,4188,4188,4.145457,4.146967,1.3699e-01
dev-corpus-06,4545,369,1.642527e-04,579,579,1.155290,1.145468,1.7843e-01
dev-corpus-06,4546,4409,3.083561e-04,2590,2590,7.291707,7.270342,1.1638e-01
dev-corpus-06,4547,264,4.581899e-04,2590,2590,3.220121,3.264958,1.4802e-01
dev-corpus-06,4548,7230,3.635703e-04,1902,1902,2.695260,2.689676,1.3204e-01
dev-corpus-06,4549,1381,2.106514e-04,44253,44253,1.962676,1.966137,1.1172e-01
dev-corpus-06,4550,421,4.787288e-04,421,421,0.646728,0.656950,2.6081e-01
dev-corpus-06,4551,1396,4.979837e-04,41581,41581,3.514260,3.500603,1.4585e-01
dev-corpus-06,4552,3478,2.420844e-04,73787,73787,3.281206,3.261518,1.2410e-01
dev-corpus-06,4553,47911,1.270466e-04,73787,73787,2.690290,2.716637,1.2771e-01
dev-corpus-06,4554,2724,4.386050e-04,6529,6529,3.692866,3.698212,1.2777e-01
dev-corpus-06,4555,682,4.157968e-04,682,682,0.824028,0.820335,1.3413e-01
dev-corpus-06,4556,7633,3.297689e-04,264,264,3.224468,3.250376,1.3552e-01
dev-corpus-06,4557,279,2.078785e-04,264,264,6.922916,6.911627,1.5101e-01
dev-corpus-06,4558,11811,5.555327e-04,248046,248046,6.365390,6.469801,2.9924e-01
dev-corpus-06,4559,6170,2.592486e-04,878,878,1.267516,1.264906,1.4729e-01
dev-corpus-06,4560,3638,4.355481e-05,878,878,1.014807,1.022459,1.3739e-01
dev-corpus-06,4561,440,7.708002e-04,364,364,4.263944,4.301732,1.2135e-01
dev-corpus-06,4562,1010,5.927002e-04,5090,5090,3.121488,3.106194,1.4719e-01
dev-corpus-06,4563,884,4.247554e-04,4799,4799,5.816660,5.790666,1.1837e-01
dev-corpus-06,4564,10020,6.398159e-05,10020,10020,0.275129,0.272919,1.2479e-01
dev-corpus-06,4565,4275,7.547896e-05,4275,4275,0.090145,0.087013,1.6637e-01
dev-corpus-06,4566,13,2.378431e-04,13,13,0.870300,0.878807,1.5299e-01
dev-corpus-06,4567,1921,1.540885e-04,198,198,4.888632,4.977267,1.7714e-01
dev-corpus-06,4568,1010,2.439371e-04,424,424,2.256531,2.253916,1.4237e-01
dev-corpus-06,4569,4948,1.451241e-04,314,314,3.220356,3.212612,1.3552e-01
dev-corpus-06,4570,2915,2.892676e-04,2493,2493,3.658458,3.679582,1.1256e-01
dev-corpus-06,4571,1691,2.982782e-04,2577,2577,4.594598,4.588222,1.4161e-01
dev-corpus-06,4572,364,1.249717e-04,2577,2577,9.173298,9.191517,1.2370e-01
dev-corpus-06,4573,6699,1.308834e-04,836,836,11.567568,11.601933,1.7222e-01
dev-corpus-06,4574,23557,4.064272e-04,2308,2308,4.953206,4.962219,1.8504e-01
dev-corpus-06,4575,2540,5.316618e-05,2540,2540,0.025291,0.023843,1.4056e-01
dev-corpus-06,4576,11241,4.419398e-04,2444,2444,2.099638,2.055577,1.7562e-01
dev-corpus-06,4577,1056,2.429059e-04,888,888,3.167962,3.203604,1.2953e-01
dev-corpus-06,4578,3672,2.164276e-05,3672,3672,0.111418,0.111314,1.1794e-01
dev-corpus-06,4579,13,6.105637e-05,13,13,0.196091,0.197562,1.3458e-01
dev-corpus-06,4580,198,2.299463e-04,198,198,0.601430,0.609002,1.9564e-01
dev-corpus-06,4581,20,3.972987e-04,20,20,0.130653,0.135033,6.0302e-01
dev-corpus-06,4582,13,1.737607e-05,13,13,0.007497,0.008001,1.4506e-01
dev-corpus-06,4583,60628,4.035504e-04,32500,32500,9.855391,9.850414,1.5867e-01
dev-corpus-06,4584,1105,9.006053e-04,1105,1105,1.194986,1.221698,1.7755e-01
dev-corpus-06,4585,25,2.338557e-04,25,25,0.403763,0.413843,1.3451e-01
dev-corpus-06,4586,1368,2.322363e-04,1368,1368,1.684941,1.698247,1.3732e-01
dev-corpus-06,4587,488,7.094352e-05,488,488,0.313982,0.318169,1.3665e-01
dev-corpus-06,4588,513,3.689005e-04,513,513,0.919086,0.897809,1.2166e-01
dev-corpus-06,4589,264,2.643936e-04,8842,8842,1.996072,1.979516,1.5809e-01
dev-corpus-06,4590,20125,1.546064e-04,20125,20125,0.876455,0.867556,1.5194e-01
dev-corpus-06,4591,82255,9.409468e-05,60651,60651,3.191806,3.184923,1.3684e-01
dev-corpus-06,4592,11,3.244383e-05,11,11,0.350110,0.349604,1.2215e-01
dev-corpus-06,4593,1179,2.125123e-04,264,264,1.954659,1.955411,1.4560e-01
dev-corpus-06,4594,264,1.291206e-04,264,264,0.891500,0.896366,1.5566e-01
dev-corpus-06,4595,16338,2.004369e-04,1603,1603,3.320585,3.355199,1.4330e-01
dev-corpus-06,4596,321,1.191978e-04,321,321,0.722756,0.733898,1.1803e-01
dev-corpus-06,4597,21094,3.299691e-04,25293,25293,3.471752,3.462736,1.1689e-01
dev-corpus-06,4598,47911,1.410787e-04,6564,6564,7.334579,7.379597,1.4933e-01
dev-corpus-06,4599,6564,2.629520e-04,440,440,2.720189,2.693264,1.8156e-01
dev-corpus-06,4600,1105,6.446705e-06,1105,1105,0.037704,0.037557,1.3002e-01
dev-corpus-06,4601,2493,1.410329e-04,369,369,3.027650,2.997384,1.1709e-01
dev-corpus-06,4602,381,1.382949e-04,381,381,0.098159,0.093377,1.2874e-01
dev-corpus-06,4603,1603,2.239648e-03,264,264,3.676958,3.597713,5.3255e-01
dev-corpus-06,4604,310,3.209451e-04,310,310,0.669300,0.659292,2.4506e-01
dev-corpus-06,4605,599,1.665465e-04,2814,2814,1.358524,1.366465,1.4274e-01
dev-corpus-06,4606,303,1.346732e-04,13,13,3.894577,3.908814,1.6440e-01
dev-corpus-06,4607,3529,1.095120e-04,3838,3838,9.988107,9.966930,1.7494e-01
dev-corpus-07,4608,198,1.683429e-07,198,198,0.002226,0.002246,3.0441e-01
dev-corpus-07,4609,4199,6.627518e-05,3710,3710,3.653411,3.644113,9.7362e-02
dev-corpus-07,4610,1503,4.979799e-05,635,635,1.648237,1.651615,1.0006e-01
dev-corpus-07,4611,279,5.739299e-05,279,279,0.621551,0.617923,7.7042e-02
dev-corpus-07,4612,5753,1.129581e-04,7059,7059,7.271202,7.250090,9.2007e-02
dev-corpus-07,4613,15209,2.280776e-04,3299,3299,11.158583,11.146323,1.1863e-01
dev-corpus-07,4614,1785,1.211855e-04,1785,1785,0.180044,0.175307,1.4278e-01
dev-corpus-07,4615,944,5.016173e-04,944,944,1.563444,1.562516,2.0317e-01
dev-corpus-07,4616,30,7.125764e-05,30,30,0.617068,0.616388,1.6198e-01
dev-corpus-07,4617,248046,1.486733e-04,248046,248046,0.297093,0.292864,1.6577e-01
dev-corpus-07,4618,198,2.910126e-08,198,198,0.000036,0.000037,2.1416e-01
dev-corpus-07,4619,248045,1.303774e-10,248045,248045,0.000000,0.000000,2.9582e-01
dev-corpus-07,4620,74455,6.849369e-04,248045,248045,3.955198,3.824184,6.5868e-01
dev-corpus-07,4621,198,2.808315e-06,198,198,0.002163,0.002197,1.2314e-01
dev-corpus-07,4622,4699,1.395701e-09,248068,248068,21.274582,21.275984,2.5602e-01
dev-corpus-07,4623,24518,1.498495e-03,5753,5753,2.070801,1.998204,1.9710e-01
dev-corpus-07,4624,682,1.350084e-04,303,303,3.209999,3.239346,1.5163e-01
dev-corpus-07,4625,1330,1.564805e-04,1330,1330,0.448355,0.443817,1.8692e-01
dev-corpus-07,4626,12320,2.970993e-04,12320,12320,0.234546,0.244616,3.0475e-01
dev-corpus-07,4627,13,1.195017e-03,303,303,1.515635,1.526962,3.6108e-01
dev-corpus-07,4628,561,6.377285e-04,248046,248046,1.985702,1.993606,2.2123e-01
dev-corpus-07,4629,1118,4.629255e-04,1118,1118,0.251802,0.259323,2.2028e-01
dev-corpus-07,4630,6695,9.704335e-04,6695,6695,0.275855,0.253585,2.1663e-01
dev-corpus-07,4631,369,4.284270e-04,318,318,1.269384,1.245697,2.0906e-01
dev-corpus-07,4632,364,3.010898e-04,364,364,0.321907,0.323216,1.8580e-01
dev-corpus-07,4633,264,2.187919e-04,264,264,0.176092,0.168739,2.2386e-01
dev-corpus-07,4634,2050,8.000816e-04,8871,8871,1.992852,2.021883,2.0900e-01
dev-corpus-07,4635,62455,9.476796e-05,8871,8871,7.728329,7.730127,1.7043e-01
dev-corpus-07,4636,8871,2.822543e-04,8871,8871,0.121983,0.115125,1.8167e-01
dev-corpus-07,4637,13,3.835033e-04,11,11,2.031966,2.088708,2.1797e-01
dev-corpus-07,4638,561,2.566994e-04,561,561,0.465522,0.468114,3.2654e-01
dev-corpus-07,4639,8871,2.112004e-04,2018,2018,4.487501,4.438832,3.0052e-01
dev-corpus-07,4640,440,1.768190e-04,440,440,0.477788,0.486535,1.7120e-01
dev-corpus-07,4641,279,1.977105e-05,279,279,0.057001,0.057507,1.6843e-01
dev-corpus-07,4642,8410,2.981321e-05,1379,1379,9.012630,9.038772,1.6825e-01
dev-corpus-07,4643,8421,2.414233e-04,8421,8421,0.208740,0.201155,1.9712e-01
dev-corpus-07,4644,20539,8.825967e-04,14387,14387,4.592929,4.592680,1.5661e-01
dev-corpus-07,4645,264,1.114456e-03,279,279,2.225508,2.183092,3.5145e-01
dev-corpus-07,4646,18739,4.311711e-04,10407,10407,4.935347,4.961742,2.3317e-01
dev-corpus-07,4647,10407,1.955119e-04,10407,10407,0.326462,0.325104,1.9858e-01
dev-corpus-07,4648,303,1.980327e-04,303,303,0.519908,0.505916,1.6722e-01
dev-corpus-07,4649,20481,1.613207e-04,279,279,1.105499,1.081983,1.7170e-01
dev-corpus-07,4650,13,1.265312e-04,13,13,0.214803,0.215261,1.7369e-01
dev-corpus-07,4651,561,2.717922e-04,561,561,0.495114,0.505164,1.8313e-01
dev-corpus-07,4652,2018,1.126335e-04,2018,2018,0.053718,0.051377,1.8881e-01
dev-corpus-07,4653,6695,1.105998e-05,6695,6695,0.011066,0.010971,1.8541e-01
dev-corpus-07,4654,369,1.240324e-04,369,369,0.148890,0.153387,2.0669e-01
dev-corpus-07,4655,364,1.291246e-04,364,364,0.290885,0.285297,1.5236e-01
dev-corpus-07,4656,264,7.321603e-05,264,264,0.229483,0.234288,2.1096e-01
dev-corpus-07,4657,4464,6.024279e-05,4464,4464,0.744169,0.739483,1.7760e-01
dev-corpus-07,4658,579,2.177806e-04,1103,1103,5.548564,5.583944,1.5517e-01
dev-corpus-07,4659,1103,5.615431e-04,1103,1103,1.039848,1.048992,1.7034e-01
dev-corpus-07,4660,314,1.716559e-04,314,314,0.657811,0.654323,2.1017e-01
dev-corpus-07,4661,10853,5.953834e-05,10853,10853,0.027234,0.027533,1.8206e-01
dev-corpus-07,4662,11,3.691032e-04,13,13,2.259913,2.264522,1.9376e-01
dev-corpus-07,4663,864,1.032091e-03,864,864,0.767168,0.726911,1.9526e-01
dev-corpus-07,4664,16298,2.509327e-04,25721,25721,7.428031,7.299792,1.4981e-01
dev-corpus-07,4665,506,1.098736e-03,310,310,3.725607,3.610048,2.1792e-01
dev-corpus-07,4666,279,5.291495e-05,279,279,0.174874,0.177370,2.0125e-01
dev-corpus-07,4667,1528,2.592902e-04,1528,1528,0.435096,0.428944,1.7304e-01
dev-corpus-07,4668,2119,2.492509e-04,2119,2119,0.336810,0.335759,1.5241e-01
dev-corpus-07,4669,13,1.995236e-04,13,13,0.167073,0.169008,2.5025e-01
dev-corpus-07,4670,561,6.047383e-04,561,561,1.285022,1.302644,2.2345e-01
dev-corpus-07,4671,2018,8.481262e-04,4464,4464,1.955751,1.896935,2.1651e-01
dev-corpus-07,4672,6695,2.504387e-05,6695,6695,0.009672,0.009361,2.6186e-01
dev-corpus-07,4673,25721,5.476613e-04,25721,25721,0.494939,0.479867,1.8409e-01
dev-corpus-07,4674,279,4.750034e-04,279,279,0.270008,0.282437,2.1414e-01
dev-corpus-07,4675,7830,4.844661e-04,7830,7830,0.965601,0.987917,2.4568e-01
dev-corpus-07,4676,52351,3.709750e-04,17498,17498,5.756933,5.726331,1.7471e-01
dev-corpus-07,4677,4464,4.461022e-04,12669,12669,5.764814,5.722927,1.8212e-01
dev-corpus-07,4678,12669,4.340309e-04,12669,12669,1.068549,1.064844,1.5581e-01
dev-corpus-07,4679,303,6.364079e-05,303,303,0.770682,0.770822,1.6893e-01
dev-corpus-07,4680,279,1.139503e-05,20481,20481,1.520622,1.516311,1.6420e-01
dev-corpus-07,4681,20481,2.056760e-04,28641,28641,3.379473,3.321648,2.0815e-01
dev-corpus-07,4682,13,2.675732e-04,13,13,0.383569,0.372816,1.7256e-01
dev-corpus-07,4683,5875,2.205844e-04,248046,248046,9.710749,9.710117,1.7821e-01
dev-corpus-07,4684,20032,4.310096e-04,20032,20032,0.642677,0.656526,2.5775e-01
dev-corpus-07,4685,15833,1.555030e-04,321,321,1.852853,1.869228,2.9528e-01
dev-corpus-07,4686,2493,1.921051e-03,321,321,6.087691,6.041322,2.5550e-01
dev-corpus-07,4687,381,2.499057e-03,11822,11822,1.795050,1.646966,2.1650e-01
dev-corpus-07,4688,3568,4.904381e-03,4221,4221,3.172463,2.936890,4.3412e-01
dev-corpus-07,4689,310,3.752201e-04,413,413,1.282327,1.241854,1.7488e-01
dev-corpus-07,4690,25705,5.991752e-04,5790,5790,5.638604,5.692321,1.7652e-01
dev-corpus-07,4691,279,5.035743e-04,279,279,0.687385,0.699915,2.0977e-01
dev-corpus-07,4692,2050,1.021495e-03,52351,52351,2.589021,2.647634,1.9986e-01
dev-corpus-07,4693,72401,1.145864e-03,72401,72401,0.765552,0.789926,2.6463e-01
dev-corpus-07,4694,494,3.652143e-04,11,11,4.795426,4.768243,1.7935e-01
dev-corpus-07,4695,279,1.272308e-04,279,279,0.177562,0.176979,1.9528e-01
dev-corpus-07,4696,1118,2.657167e-04,1118,1118,0.099975,0.103055,4.7139e-01
dev-corpus-07,4697,6695,5.786341e-05,6695,6695,0.028981,0.027416,1.7374e-01
dev-corpus-07,4698,13,1.568046e-04,11,11,0.842150,0.823790,2.0728e-01
dev-corpus-07,4699,248046,7.090205e-03,1946,1946,2.494582,2.527625,4.4415e-01
dev-corpus-07,4700,198,4.131077e-07,198,198,0.000453,0.000472,3.5705e-01
dev-corpus-07,4701,248045,4.434877e-06,248045,248045,0.000412,0.000474,2.7700e-01
dev-corpus-07,4702,846,1.305291e-05,846,846,0.000899,0.001036,3.5520e-01
dev-corpus-07,4703,198,1.618305e-05,198,198,0.021017,0.021855,2.7059e-01
dev-corpus-07,4704,3710,4.309558e-04,3710,3710,1.543601,1.554212,1.8604e-01
dev-corpus-07,4705,369,1.838675e-04,369,369,0.915041,0.919164,1.4538e-01
dev-corpus-07,4706,279,1.354711e-04,279,279,0.418878,0.415879,1.7496e-01
dev-corpus-07,4707,1786,4.837425e-04,6463,6463,5.499070,5.478780,1.8002e-01
dev-corpus-07,4708,3602,1.446212e-04,1560,1560,8.038094,8.053038,1.5457e-01
dev-corpus-07,4709,364,2.754920e-05,364,364,0.591705,0.592222,1.2874e-01
dev-corpus-07,4710,264,1.202430e-04,264,264,0.648081,0.651464,1.4247e-01
dev-corpus-07,4711,2902,3.116014e-04,491,491,5.367446,5.397712,1.0951e-01
dev-corpus-07,4712,19548,8.481775e-04,19548,19548,1.267953,1.307523,1.3422e-01
dev-corpus-07,4713,303,1.519355e-04,303,303,0.993952,0.995595,1.3868e-01
dev-corpus-07,4714,17942,5.458878e-04,9564,9564,7.729983,7.712220,1.4896e-01
dev-corpus-07,4715,4357,8.036541e-04,36291,36291,1.520955,1.529002,1.2963e-01
dev-corpus-07,4716,30,1.040327e-04,30,30,0.542359,0.547294,1.4278e-01
dev-corpus-07,4717,248046,3.559179e-05,248046,248046,0.019269,0.019978,1.8794e-01
dev-corpus-07,4718,198,6.149940e-08,198,198,0.000033,0.000031,1.7318e-01
dev-corpus-07,4719,248045,1.911725e-08,248045,248045,0.000002,0.000002,3.0993e-01
dev-corpus-07,4720,74455,7.298773e-03,248045,248045,1.039920,0.894923,3.3289e-01
dev-corpus-07,4721,198,1.245660e-04,198,198,0.014816,0.013012,2.6226e-01
dev-corpus-07,4722,760,3.335612e-10,248068,248068,21.019028,21.060484,2.4028e-01
dev-corpus-07,4723,1786,2.072527e-04,1786,1786,0.572197,0.570501,1.8957e-01
dev-corpus-07,4724,3602,1.390889e-05,3602,3602,0.058250,0.058055,1.3571e-01
dev-corpus-07,4725,13402,5.697574e-05,364,364,1.052746,1.042122,1.1867e-01
dev-corpus-07,4726,383,3.036305e-04,383,383,0.275549,0.263067,1.3573e-01
dev-corpus-07,4727,3714,3.709402e-05,678,678,7.121269,7.102299,1.3899e-01
dev-corpus-07,4728,33999,5.337675e-05,18738,18738,5.051193,5.059981,1.1396e-01
dev-corpus-07,4729,321,1.366436e-04,11,321,1.128289,1.111367,1.5893e-01
dev-corpus-07,4730,18738,4.074337e-04,18738,18738,1.223911,1.261243,1.6701e-01
dev-corpus-07,4731,13,1.562962e-04,13,13,0.309675,0.305399,1.5387e-01
dev-corpus-07,4732,18050,1.022706e-03,248046,248046,8.893560,8.906265,2.3162e-01
dev-corpus-07,4733,2381,2.161673e-04,12,12,1.593117,1.606804,1.7525e-01
dev-corpus-07,4734,264,5.045457e-04,8259,8259,2.098434,2.111025,1.6318e-01
dev-corpus-07,4735,19548,7.527616e-04,2972,2972,7.297484,7.358370,1.4740e-01
dev-corpus-07,4736,303,1.639243e-04,10419,10419,3.569645,3.596703,1.3486e-01
dev-corpus-07,4737,264,2.909486e-04,17942,17942,4.460449,4.509532,1.9590e-01
dev-corpus-07,4738,3177,4.560142e-04,2972,2972,2.478489,2.462178,1.4965e-01
dev-corpus-07,4739,11,1.688238e-04,11,11,0.955106,0.963389,1.3578e-01
dev-corpus-07,4740,488,2.221546e-04,2972,2972,2.967349,2.975627,1.3754e-01
dev-corpus-07,4741,628,1.416175e-04,2493,2493,2.926696,2.879113,1.4984e-01
dev-corpus-07,4742,1357,3.428852e-04,2814,2814,6.784797,6.887805,1.4211e-01
dev-corpus-07,4743,9103,3.802040e-04,708,708,1.432779,1.400714,1.3678e-01
dev-corpus-07,4744,11751,4.873828e-04,2972,2972,1.699732,1.653582,1.2495e-01
dev-corpus-07,4745,13,1.754424e-04,11,11,1.592795,1.568592,1.5518e-01
dev-corpus-07,4746,220,3.892377e-04,1049,1049,4.917432,4.965038,1.3428e-01
dev-corpus-07,4747,2532,1.255091e-04,248046,248046,5.321547,5.341630,1.5227e-01
dev-corpus-07,4748,369,2.015932e-04,513,513,1.584451,1.577173,1.6895e-01
dev-corpus-07,4749,264,3.634355e-04,264,264,1.116977,1.124264,1.3145e-01
dev-corpus-07,4750,3349,2.816240e-04,248046,248046,5.045496,5.049697,1.5036e-01
dev-corpus-07,4751,2020,2.398893e-04,7792,7792,3.774051,3.788915,1.3549e-01
dev-corpus-07,4752,314,1.138271e-04,314,314,0.200681,0.207569,1.3088e-01
dev-corpus-07,4753,2420,4.996005e-04,248046,248046,8.134468,8.147179,1.2628e-01
dev-corpus-07,4754,33847,2.316735e-04,23568,23568,8.382342,8.335016,1.2917e-01
dev-corpus-07,4755,11,1.064972e-04,11,11,0.811348,0.818487,1.5490e-01
dev-corpus-07,4756,494,4.787652e-04,1880,1880,3.122764,3.132280,1.2826e-01
dev-corpus-07,4757,41729,5.973052e-04,8329,8329,4.988279,5.039878,1.4362e-01
dev-corpus-07,4758,74878,3.603641e-04,8329,8329,5.383841,5.425534,1.6368e-01
dev-corpus-07,4759,3508,6.102879e-05,3508,3508,0.239830,0.235378,2.3260e-01
dev-corpus-07,4760,321,5.234364e-05,310,310,4.364279,4.412878,1.6609e-01
dev-corpus-07,4761,71070,4.785939e-04,8329,8329,3.479024,3.489449,1.5518e-01
dev-corpus-07,4762,11,3.753266e-04,310,310,4.440963,4.424917,1.5965e-01
dev-corpus-07,4763,310,2.565351e-04,310,310,0.221934,0.224718,1.8894e-01
dev-corpus-07,4764,1546,2.092058e-04,226997,226997,4.761385,4.762008,1.2936e-01
dev-corpus-07,4765,11064,2.539906e-04,11064,11064,0.900461,0.880432,1.3065e-01
dev-corpus-07,4766,11,4.336865e-04,226997,226997,3.486862,3.525399,1.2689e-01
dev-corpus-07,4767,226997,2.093879e-04,226997,226997,0.768742,0.754729,1.2570e-01
dev-corpus-07,4768,56276,3.807615e-05,20054,20054,4.758233,4.774109,1.2661e-01
dev-corpus-07,4769,15099,3.080148e-04,15099,15099,0.255625,0.265334,1.0513e-01
dev-corpus-07,4770,13,8.421245e-05,13,13,0.140073,0.140166,1.2921e-01
dev-corpus-07,4771,220,8.370745e-05,220,220,0.986608,0.986744,1.3635e-01
dev-corpus-07,4772,1049,2.576303e-04,2532,2532,2.975183,2.974556,1.4762e-01
dev-corpus-07,4773,369,1.806429e-04,369,369,1.138117,1.125906,1.2052e-01
dev-corpus-07,4774,2503,8.129155e-05,1048,1048,6.801106,6.791713,1.3434e-01
dev-corpus-07,4775,310,2.789217e-05,310,310,0.215245,0.216966,1.7283e-01
dev-corpus-07,4776,615,5.207222e-04,1423,1423,3.654886,3.661946,1.5839e-01
dev-corpus-07,4777,264,1.429800e-03,264,264,1.611219,1.657957,2.1414e-01
dev-corpus-07,4778,3743,5.752228e-04,3743,3743,1.813705,1.782151,1.6576e-01
dev-corpus-07,4779,14704,4.541702e-05,14704,14704,0.110309,0.109574,1.9782e-01
dev-corpus-07,4780,303,1.156563e-04,303,303,0.775046,0.780012,1.5217e-01
dev-corpus-07,4781,11751,5.892627e-05,11751,11751,0.236961,0.236716,1.2241e-01
dev-corpus-07,4782,13,2.905579e-04,13,13,0.349270,0.345241,1.5663e-01
dev-corpus-07,4783,220,4.515457e-04,220,220,0.833502,0.842891,2.1578e-01
dev-corpus-07,4784,561,1.817302e-04,561,561,1.759632,1.747064,1.7447e-01
dev-corpus-07,4785,13529,1.856805e-04,3177,3177,7.691968,7.657201,1.4450e-01
dev-corpus-07,4786,62856,5.761223e-04,62856,62856,0.199250,0.185675,1.6406e-01
dev-corpus-07,4787,1048,2.868424e-04,369,369,6.592327,6.601125,1.2900e-01
dev-corpus-07,4788,369,3.404494e-04,248046,248046,3.238918,3.207961,1.3106e-01
dev-corpus-07,4789,15506,4.688381e-04,248046,248046,3.622375,3.605487,1.2444e-01
dev-corpus-07,4790,11,7.411128e-05,11,11,0.970624,0.972975,1.1304e-01
dev-corpus-07,4791,440,1.542618e-04,440,440,0.857715,0.854994,1.5562e-01
dev-corpus-07,4792,6278,2.698576e-04,279,279,8.286621,8.322638,1.3772e-01
dev-corpus-07,4793,17120,1.551709e-04,1880,1880,1.678933,1.671068,1.3360e-01
dev-corpus-07,4794,10539,1.142565e-04,321,321,5.787218,5.795073,1.4042e-01
dev-corpus-07,4795,440,3.124742e-05,440,440,0.117554,0.120039,1.0776e-01
dev-corpus-07,4796,11088,1.737466e-04,17496,17496,3.311071,3.314454,1.0755e-01
dev-corpus-07,4797,13976,2.511396e-04,248046,248046,4.162838,4.189919,1.1893e-01
dev-corpus-07,4798,11,1.156204e-04,13,13,2.528025,2.534555,1.1931e-01
dev-corpus-07,4799,321,6.813304e-04,321,321,1.935286,1.920873,2.2655e-01
dev-corpus-07,4800,1599,2.794827e-04,279,279,2.831192,2.819920,1.6974e-01
dev-corpus-07,4801,48874,3.632535e-04,48874,48874,1.378702,1.356573,1.4857e-01
dev-corpus-07,4802,310,3.387118e-04,13,13,4.443642,4.466619,1.2837e-01
dev-corpus-07,4803,4990,1.378723e-04,3814,3814,5.993780,6.023125,1.1430e-01
dev-corpus-07,4804,678,4.480554e-04,866,866,2.062915,2.024743,1.5770e-01
dev-corpus-07,4805,2756,2.633897e-04,854,854,2.135281,2.131854,1.9904e-01
dev-corpus-07,4806,13,1.144243e-04,13,13,0.290932,0.287681,2.0401e-01
dev-corpus-07,4807,23740,3.549246e-04,220,220,11.264592,11.324567,1.5136e-01
dev-corpus-07,4808,2094,5.328391e-04,2094,2094,0.334734,0.329387,1.6418e-01
dev-corpus-07,4809,11751,9.888401e-05,369,369,2.432090,2.434226,1.2623e-01
dev-corpus-07,4810,369,2.890893e-04,369,369,0.275772,0.285169,1.8422e-01
dev-corpus-07,4811,1546,2.663094e-04,3999,3999,2.530919,2.513151,1.3842e-01
dev-corpus-07,4812,3999,2.551974e-05,3999,3999,0.329949,0.330867,1.2733e-01
dev-corpus-07,4813,11,7.531384e-05,11,11,1.548861,1.537648,1.3154e-01
dev-corpus-07,4814,430,2.174255e-04,440,440,2.836889,2.802217,1.9243e-01
dev-corpus-07,4815,424,1.662564e-04,279,279,2.161055,2.155961,1.3087e-01
dev-corpus-07,4816,369,7.854918e-05,682,682,1.131981,1.147890,1.3957e-01
dev-corpus-07,4817,264,4.205232e-04,264,264,1.487203,1.458343,1.2762e-01
dev-corpus-07,4818,1546,3.422755e-04,1546,1546,1.732627,1.735479,1.4527e-01
dev-corpus-07,4819,4088,5.634969e-04,4088,4088,0.840834,0.809678,1.3944e-01
dev-corpus-07,4820,470,2.568827e-05,470,470,0.014806,0.015572,1.2778e-01
dev-corpus-07,4821,3177,7.758810e-05,3177,3177,0.164344,0.160853,1.3549e-01
dev-corpus-07,4822,321,9.480251e-05,13,13,1.983231,1.993635,1.3315e-01
dev-corpus-07,4823,1048,1.390972e-04,682,682,4.214504,4.189553,1.5171e-01
dev-corpus-07,4824,682,1.162911e-04,682,682,0.290143,0.296601,1.2198e-01
dev-corpus-07,4825,449,2.427989e-04,449,449,0.662008,0.662423,1.2663e-01
dev-corpus-07,4826,10727,1.127452e-04,15895,15895,1.791113,1.783404,1.2248e-01
dev-corpus-07,4827,321,7.815179e-05,32371,32371,3.517799,3.529002,1.1075e-01
dev-corpus-07,4828,11697,2.766353e-04,15895,15895,5.359775,5.295852,1.1313e-01
dev-corpus-07,4829,41729,1.329831e-04,11533,11533,1.960424,1.974682,1.4190e-01
dev-corpus-07,4830,569,9.465608e-05,32371,32371,1.290070,1.290362,1.3830e-01
dev-corpus-07,4831,17367,1.185366e-04,17367,17367,1.081743,1.065714,1.1729e-01
dev-corpus-07,4832,1785,1.932749e-04,1785,1785,0.337231,0.349114,1.4377e-01
dev-corpus-07,4833,13,4.802723e-05,13,13,0.114805,0.113601,1.3925e-01
dev-corpus-07,4834,18050,4.424037e-04,248046,248046,1.550934,1.566207,1.7456e-01
dev-corpus-07,4835,2381,2.521649e-04,2381,2381,0.876126,0.891661,1.6435e-01
dev-corpus-07,4836,264,1.512318e-04,264,264,0.490425,0.485311,1.7533e-01
dev-corpus-07,4837,21128,1.373095e-04,19548,19548,8.439815,8.388358,1.4035e-01
dev-corpus-07,4838,19548,1.587725e-04,19548,19548,0.241255,0.246203,1.1897e-01
dev-corpus-07,4839,11,4.696780e-05,11,11,0.107313,0.106366,1.7415e-01
dev-corpus-07,4840,11342,3.692926e-04,488,488,2.648275,2.646763,1.8273e-01
dev-corpus-07,4841,44153,8.217654e-04,44153,44153,1.111942,1.067795,1.6131e-01
dev-corpus-07,4842,369,8.879427e-05,303,303,0.982917,0.993135,1.5269e-01
dev-corpus-07,4843,10794,2.899221e-04,264,264,4.425298,4.419973,1.3647e-01
dev-corpus-07,4844,11,5.248326e-05,13,13,2.704545,2.732876,1.3068e-01
dev-corpus-07,4845,321,6.622835e-04,440,440,3.135499,3.074945,2.3250e-01
dev-corpus-07,4846,303,2.931592e-04,279,279,5.870191,5.905449,1.4034e-01
dev-corpus-07,4847,3820,2.517775e-04,279,279,2.744920,2.743728,1.5465e-01
dev-corpus-07,4848,17349,1.956586e-04,11,11,8.438347,8.369157,1.5356e-01
dev-corpus-07,4849,195337,2.450845e-04,195337,195337,0.148308,0.153165,1.9897e-01
dev-corpus-07,4850,11,3.386773e-04,13,13,2.171375,2.189851,2.2157e-01
dev-corpus-07,4851,864,7.772278e-04,279,279,1.860685,1.822622,2.3681e-01
dev-corpus-07,4852,369,3.215840e-04,369,369,0.407777,0.417883,1.4861e-01
dev-corpus-07,4853,13177,3.998864e-04,279,279,6.013817,6.030690,1.4745e-01
dev-corpus-07,4854,25519,5.135974e-05,6306,6306,1.107864,1.101083,1.2052e-01
dev-corpus-07,4855,430,1.145040e-05,430,430,0.066358,0.066104,1.3400e-01
dev-corpus-07,4856,279,2.344463e-04,279,279,0.396438,0.404242,2.7345e-01
dev-corpus-07,4857,4266,4.605888e-04,1379,1379,2.206715,2.218040,1.7047e-01
dev-corpus-07,4858,9945,1.687122e-05,9945,9945,0.007007,0.007369,1.2872e-01
dev-corpus-07,4859,467,1.910312e-04,467,467,0.032904,0.036605,1.9372e-01
dev-corpus-07,4860,13721,1.121292e-04,6092,6092,1.905251,1.898389,1.5764e-01
dev-corpus-07,4861,303,4.744344e-04,383,383,1.374727,1.370320,1.9402e-01
dev-corpus-07,4862,11342,1.762241e-04,14898,14898,4.117784,4.157069,1.6324e-01
dev-corpus-07,4863,44153,3.327403e-04,44153,44153,0.118148,0.127461,2.3698e-01
dev-corpus-07,4864,13,2.620887e-05,13,13,0.075775,0.075283,1.8607e-01
dev-corpus-07,4865,220,9.307350e-05,220,220,0.565970,0.564876,2.6257e-01
dev-corpus-07,4866,23740,3.259068e-04,17349,17349,7.676563,7.673983,1.7477e-01
dev-corpus-07,4867,310,1.633343e-04,2094,2094,1.429651,1.423316,1.3534e-01
dev-corpus-07,4868,17349,1.277260e-04,17349,17349,0.651911,0.648521,1.3319e-01
dev-corpus-07,4869,195337,4.579547e-05,195337,195337,0.076231,0.078827,1.9399e-01
dev-corpus-07,4870,369,1.067247e-03,369,369,0.973240,0.942335,2.2812e-01
dev-corpus-07,4871,13733,2.021472e-04,3999,3999,3.792547,3.793846,1.1695e-01
dev-corpus-07,4872,3999,2.061682e-04,3999,3999,0.604088,0.615204,1.2173e-01
dev-corpus-07,4873,11,1.606579e-04,11,11,1.184537,1.187677,1.5103e-01
dev-corpus-07,4874,430,6.689672e-04,430,430,1.814946,1.807152,2.3586e-01
dev-corpus-07,4875,424,1.794859e-04,424,424,0.811874,0.818356,1.7214e-01
dev-corpus-07,4876,725,1.787354e-04,369,369,3.907537,3.865645,2.9988e-01
dev-corpus-07,4877,3160,2.967981e-04,383,383,3.723407,3.747750,1.6830e-01
dev-corpus-07,4878,310,3.224010e-05,310,310,0.093135,0.091806,1.9092e-01
dev-corpus-07,4879,37473,1.389480e-03,279,279,1.025054,1.089757,2.3251e-01
dev-corpus-07,4880,13,8.106117e-05,13,13,1.111423,1.111167,1.7045e-01
dev-corpus-07,4881,220,2.302736e-04,220,220,0.768772,0.776696,1.7916e-01
dev-corpus-07,4882,561,1.816739e-04,561,561,1.094122,1.108768,1.3262e-01
dev-corpus-07,4883,3487,7.610317e-04,48544,48544,4.984456,4.897171,1.4432e-01
dev-corpus-07,4884,369,9.882142e-05,369,369,0.542093,0.533474,1.5242e-01
dev-corpus-07,4885,27517,3.270903e-04,8800,8800,7.328626,7.264750,1.4018e-01
dev-corpus-07,4886,31528,2.604071e-04,31528,31528,0.546283,0.563749,1.2087e-01
dev-corpus-07,4887,11,9.588652e-05,321,321,1.316216,1.310778,1.4323e-01
dev-corpus-07,4888,7643,4.050282e-04,321,321,6.801974,6.798481,2.9592e-01
dev-corpus-07,4889,424,3.389395e-04,424,424,1.792891,1.785458,1.5076e-01
dev-corpus-07,4890,725,2.248566e-04,369,369,1.976376,1.960991,1.7595e-01
dev-corpus-07,4891,8524,5.463110e-04,524,524,3.568000,3.630456,1.4857e-01
dev-corpus-07,4892,17631,1.471677e-04,777,777,9.241675,9.294290,1.3597e-01
dev-corpus-07,4893,14382,5.750287e-05,14382,14382,0.091488,0.091101,1.3749e-01
dev-corpus-07,4894,3487,3.562599e-04,33847,33847,3.466156,3.463495,1.6452e-01
dev-corpus-07,4895,318,1.308617e-04,11,11,3.352375,3.366862,1.5047e-01
dev-corpus-07,4896,4058,7.295657e-04,7949,7949,4.778464,4.778647,2.0968e-01
dev-corpus-07,4897,6973,4.948776e-04,264,264,8.619789,8.612143,1.5721e-01
dev-corpus-07,4898,2519,2.489936e-03,17531,17531,2.849519,2.823958,1.9218e-01
dev-corpus-07,4899,364,1.028181e-04,364,364,0.515744,0.516781,1.5295e-01
dev-corpus-07,4900,975,1.358107e-03,2397,2397,2.235487,2.218772,2.5651e-01
dev-corpus-07,4901,20891,1.185310e-03,29455,29455,5.552068,5.443488,1.9215e-01
dev-corpus-07,4902,3487,4.790489e-04,29455,29455,4.475684,4.476883,1.7972e-01
dev-corpus-07,4903,553,6.458378e-04,553,553,0.549390,0.562599,1.8615e-01
dev-corpus-07,4904,220,3.863625e-04,220,220,0.516693,0.531230,3.8835e-01
dev-corpus-07,4905,28901,2.613308e-04,561,561,7.446365,7.364315,1.5140e-01
dev-corpus-07,4906,2094,3.349915e-04,369,369,3.884417,3.890015,1.5471e-01
dev-corpus-07,4907,279,3.130281e-04,279,279,0.369607,0.375868,1.5249e-01
dev-corpus-07,4908,21128,4.828017e-04,21128,21128,0.160603,0.172885,2.1438e-01
dev-corpus-07,4909,369,1.261857e-04,369,369,0.272150,0.268140,1.7974e-01
dev-corpus-07,4910,16219,9.143247e-04,539,539,4.092213,4.039040,1.5640e-01
dev-corpus-07,4911,440,2.179013e-04,11,11,3.100757,3.119169,1.3784e-01
dev-corpus-07,4912,449,2.846525e-04,30592,30592,6.024302,6.025261,1.3865e-01
dev-corpus-07,4913,10727,1.612616e-04,10727,10727,0.547012,0.542375,1.4820e-01
dev-corpus-07,4914,49813,2.824093e-04,49813,49813,1.384326,1.391805,1.2554e-01
dev-corpus-07,4915,2393,1.451593e-04,1785,1785,2.826932,2.877490,1.2725e-01
dev-corpus-07,4916,383,1.308846e-04,13,13,6.732349,6.781194,1.7569e-01
dev-corpus-07,4917,11342,1.788679e-04,279,279,2.094002,2.082089,1.9806e-01
dev-corpus-07,4918,44153,1.883857e-05,44153,44153,0.182876,0.185249,1.8475e-01
dev-corpus-07,4919,11,8.794656e-05,13,13,2.298429,2.298997,2.4369e-01
dev-corpus-07,4920,7643,1.327195e-03,321,321,7.681226,7.641929,2.1629e-01
dev-corpus-07,4921,3583,1.943445e-04,424,424,3.089158,3.073430,1.3923e-01
dev-corpus-07,4922,1083,4.145037e-04,310,310,4.462475,4.467116,1.4701e-01
dev-corpus-07,4923,279,1.894187e-04,17349,17349,1.270654,1.281262,1.4564e-01
dev-corpus-07,4924,3714,1.242535e-03,13721,13721,6.169116,6.186200,1.8422e-01
dev-corpus-07,4925,31703,5.604807e-04,31703,31703,0.439095,0.460254,1.4161e-01
dev-corpus-07,4926,628,1.836984e-04,369,369,2.011521,2.004852,1.9412e-01
dev-corpus-07,4927,381,2.186798e-05,381,381,0.326127,0.323437,1.4365e-01
dev-corpus-07,4928,264,3.177676e-04,264,264,1.303858,1.317738,1.7216e-01
dev-corpus-07,4929,2612,6.925252e-05,2612,2612,0.384516,0.389146,1.3199e-01
dev-corpus-07,4930,16505,2.371540e-04,32343,32343,2.102494,2.119091,1.3669e-01
dev-corpus-07,4931,2574,1.365739e-04,13,13,7.483294,7.494393,1.3150e-01
dev-corpus-07,4932,279,1.396016e-04,279,279,0.284020,0.281313,2.0633e-01
dev-corpus-07,4933,33002,4.199646e-04,14590,14590,4.077252,4.059888,1.4955e-01
dev-corpus-07,4934,318,1.274960e-04,321,321,7.591392,7.547066,1.6408e-01
dev-corpus-07,4935,684,1.208770e-03,4387,4387,4.273970,4.270244,2.2533e-01
dev-corpus-07,4936,1660,3.192690e-04,488,488,4.192777,4.187050,1.7555e-01
dev-corpus-07,4937,310,3.697608e-04,310,310,0.487748,0.473760,1.7351e-01
dev-corpus-07,4938,4088,6.320561e-04,4088,4088,0.902530,0.921348,1.6402e-01
dev-corpus-07,4939,40984,4.720034e-04,264,264,7.983437,7.927499,1.3498e-01
dev-corpus-07,4940,220,4.213078e-04,248046,248046,1.506139,1.542414,1.8101e-01
dev-corpus-07,4941,8727,2.552260e-04,561,561,5.464878,5.483770,1.7934e-01
dev-corpus-07,4942,31703,2.025499e-04,8633,8633,5.554135,5.538819,1.2867e-01
dev-corpus-07,4943,3043,1.354398e-04,383,383,6.094615,6.084830,1.4554e-01
dev-corpus-07,4944,17349,7.246020e-04,17349,17349,0.772921,0.809533,1.4161e-01
dev-corpus-07,4945,195337,2.521577e-05,195337,195337,0.025190,0.026275,1.7897e-01
dev-corpus-07,4946,513,1.130483e-04,513,513,0.878125,0.881117,1.4816e-01
dev-corpus-07,4947,1048,4.036710e-04,1546,1546,2.512671,2.500354,1.5772e-01
dev-corpus-07,4948,1546,4.115345e-04,1546,1546,1.701726,1.690717,1.6815e-01
dev-corpus-07,4949,84492,5.156177e-04,58928,58928,5.622354,5.613029,1.4875e-01
dev-corpus-07,4950,11,1.192780e-04,321,321,1.997832,2.006798,1.8128e-01
dev-corpus-07,4951,321,4.359603e-04,321,321,1.584104,1.583937,1.4276e-01
dev-corpus-07,4952,2785,1.707750e-04,279,279,9.414251,9.429722,1.4103e-01
dev-corpus-07,4953,11107,4.040066e-04,264,264,1.252368,1.230420,2.0962e-01
dev-corpus-07,4954,5821,7.732487e-05,5821,5821,0.150646,0.151974,1.6955e-01
dev-corpus-07,4955,1317,2.014944e-04,314,314,9.766510,9.816133,1.7772e-01
dev-corpus-07,4956,488,3.171523e-04,1040,1040,2.822269,2.814449,1.4264e-01
dev-corpus-07,4957,4548,1.231022e-04,628,628,3.256002,3.262593,1.4362e-01
dev-corpus-07,4958,8231,5.245847e-04,1423,1423,3.884121,3.878009,1.2898e-01
dev-corpus-07,4959,615,3.504693e-04,1318,1318,3.434099,3.463807,1.2240e-01
dev-corpus-07,4960,1603,2.701060e-04,264,264,5.050369,5.037664,1.6528e-01
dev-corpus-07,4961,9856,7.718985e-04,6001,6001,4.683471,4.719760,1.5777e-01
dev-corpus-07,4962,2019,2.995763e-04,13,13,7.044414,7.122250,2.0305e-01
dev-corpus-07,4963,494,8.424010e-04,685,685,1.953212,1.991749,1.9651e-01
dev-corpus-07,4964,13721,4.082902e-04,248046,248046,1.493054,1.495698,1.8737e-01
dev-corpus-07,4965,310,8.162906e-05,310,310,0.089959,0.093690,1.7912e-01
dev-corpus-07,4966,13721,1.764138e-05,13721,13721,0.168727,0.169978,1.9813e-01
dev-corpus-07,4967,13,1.522419e-04,13,13,0.284074,0.282841,2.3988e-01
dev-corpus-07,4968,271,4.418355e-04,248046,248046,3.143736,3.149187,2.1687e-01
dev-corpus-07,4969,2381,6.129695e-04,2381,2381,1.256894,1.266153,2.4258e-01
dev-corpus-07,4970,264,8.131509e-05,264,264,0.279890,0.278732,1.3656e-01
dev-corpus-07,4971,89579,7.079928e-04,10994,10994,4.431583,4.437556,1.6832e-01
dev-corpus-07,4972,19548,1.351440e-04,19548,19548,0.217098,0.220627,1.3033e-01
dev-corpus-07,4973,11,1.803558e-05,11,11,0.078901,0.078553,1.6731e-01
dev-corpus-07,4974,16592,3.308658e-04,279,279,7.637482,7.653977,1.4029e-01
dev-corpus-07,4975,38089,8.543600e-05,38089,38089,0.051420,0.050172,2.3499e-01
dev-corpus-07,4976,20832,4.968512e-05,20832,20832,0.014253,0.013172,2.0385e-01
dev-corpus-07,4977,369,6.920346e-04,369,369,0.714631,0.742663,1.9919e-01
dev-corpus-07,4978,264,2.480788e-04,264,264,0.836533,0.820989,1.2862e-01
dev-corpus-07,4979,2172,1.063191e-03,19245,19245,1.924438,1.968217,2.7210e-01
dev-corpus-07,4980,5576,2.193432e-04,5576,5576,0.729905,0.720666,1.3233e-01
dev-corpus-07,4981,13,4.741153e-04,13,13,0.369053,0.379122,1.4834e-01
dev-corpus-07,4982,220,7.823683e-05,220,220,0.265081,0.263437,1.6820e-01
dev-corpus-07,4983,1049,2.227784e-03,561,561,1.949756,2.080846,3.6270e-01
dev-corpus-07,4984,725,6.305955e-04,369,369,1.500111,1.484456,1.8054e-01
dev-corpus-07,4985,524,2.680553e-04,264,264,3.678867,3.696329,1.9431e-01
dev-corpus-07,4986,748,4.406457e-04,2944,2944,6.595537,6.614641,1.5041e-01
dev-corpus-07,4987,16219,4.355207e-04,2944,2944,6.242355,6.267047,1.4885e-01
dev-corpus-07,4988,310,2.584239e-04,310,310,0.731589,0.717124,1.4341e-01
dev-corpus-07,4989,615,2.223397e-04,615,615,0.439641,0.425770,1.8008e-01
dev-corpus-07,4990,1017,1.766464e-04,310,310,2.228289,2.203496,1.4005e-01
dev-corpus-07,4991,494,4.313659e-04,11,11,2.319546,2.275021,1.4857e-01
dev-corpus-07,4992,279,2.807746e-04,279,279,1.724505,1.730130,1.5674e-01
dev-corpus-07,4993,3516,9.752038e-04,6222,6222,3.395306,3.375459,2.0372e-01
dev-corpus-07,4994,4042,2.114243e-05,4042,4042,0.125058,0.127326,1.1081e-01
dev-corpus-07,4995,11,1.038116e-04,11,11,0.686638,0.686962,1.4806e-01
dev-corpus-07,4996,5142,2.391180e-04,694,694,6.940522,6.873081,2.1713e-01
dev-corpus-07,4997,364,2.652497e-04,413,413,2.657527,2.631361,1.5061e-01
dev-corpus-07,4998,1782,5.070387e-04,264,264,2.669760,2.682399,1.8228e-01
dev-corpus-07,4999,303,3.174022e-04,852,852,3.347993,3.288274,1.7269e-01
dev-corpus-07,5000,279,1.906573e-04,279,279,0.376007,0.386042,1.8597e-01
dev-corpus-07,5001,17942,3.431581e-03,6127,6127,2.522866,2.599162,4.1332e-01
dev-corpus-07,5002,3516,2.516908e-03,2201,2201,2.232295,2.206793,2.5899e-01
dev-corpus-07,5003,4042,5.334772e-05,4042,4042,0.174293,0.170455,1.6197e-01
dev-corpus-07,5004,2394,1.905806e-03,11,11,7.216464,7.269189,2.7651e-01
dev-corpus-07,5005,1017,9.804161e-05,488,488,1.850512,1.835222,1.5218e-01
dev-corpus-07,5006,513,1.110707e-04,513,513,0.110442,0.110688,1.8287e-01
dev-corpus-07,5007,874,1.109283e-04,874,874,0.379938,0.372756,1.5908e-01
dev-corpus-07,5008,2050,4.401122e-05,2050,2050,0.131908,0.134188,1.4181e-01
dev-corpus-07,5009,24118,4.019142e-05,24118,24118,0.076689,0.077083,1.2572e-01
dev-corpus-07,5010,13,3.847420e-04,13,13,1.051953,1.072595,1.6818e-01
dev-corpus-07,5011,220,1.349101e-04,220,220,0.384489,0.392036,1.5864e-01
dev-corpus-07,5012,4213,2.401122e-03,248046,248046,2.319830,2.297127,3.0638e-01
dev-corpus-07,5013,11,4.366320e-05,11,11,0.026484,0.027942,1.2963e-01
dev-corpus-07,5014,424,1.722584e-03,424,424,1.930832,1.960549,3.4475e-01
dev-corpus-07,5015,725,2.979244e-04,369,369,1.287734,1.289431,2.3941e-01
dev-corpus-07,5016,1575,4.997011e-04,264,264,4.610228,4.600143,1.4498e-01
dev-corpus-07,5017,5621,2.178948e-03,5621,69736,1.318750,1.427126,1.8181e-01
dev-corpus-07,5018,279,7.468385e-05,279,279,0.172271,0.169590,1.4283e-01
dev-corpus-07,5019,8151,1.594696e-04,4879,4879,1.469127,1.469430,1.2140e-01
dev-corpus-07,5020,13,3.040128e-04,13,13,0.617936,0.629978,1.7299e-01
dev-corpus-07,5021,220,1.370231e-04,220,220,0.202037,0.200291,1.2116e-01
dev-corpus-07,5022,1061,2.139315e-03,561,561,5.154812,5.028891,1.2483e+00
dev-corpus-07,5023,288,7.314992e-04,369,369,11.038628,10.943866,2.4668e-01
dev-corpus-07,5024,4583,3.376786e-05,4583,4583,0.020282,0.019173,2.2232e-01
dev-corpus-07,5025,3177,3.521095e-04,3177,3177,0.069166,0.075965,1.7040e-01
dev-corpus-07,5026,369,1.610283e-04,369,369,1.004054,1.001131,2.2351e-01
dev-corpus-07,5027,16047,6.566709e-04,1546,1546,10.390341,10.464885,1.5454e-01
dev-corpus-07,5028,24304,2.285874e-04,1676,1676,3.892410,3.936124,1.6011e-01
dev-corpus-07,5029,6037,4.676755e-04,391,391,4.806401,4.825488,1.4302e-01
dev-corpus-07,5030,13,4.109361e-05,11,11,1.323894,1.322074,1.5739e-01
dev-corpus-07,5031,220,1.378433e-04,220,220,0.217275,0.222060,1.8886e-01
dev-corpus-07,5032,561,7.135374e-03,248046,248046,1.564413,1.593018,1.0306e+00
dev-corpus-07,5033,1208,7.310713e-04,3487,3487,5.080761,5.128628,2.0925e-01
dev-corpus-07,5034,513,9.235816e-05,513,513,0.162137,0.162872,1.3641e-01
dev-corpus-07,5035,4082,1.266759e-04,1546,1546,10.909444,10.990850,2.2806e-01
dev-corpus-07,5036,279,4.679259e-05,279,279,0.057446,0.059279,1.4214e-01
dev-corpus-07,5037,4099,1.158747e-03,248046,1379,8.268271,7.864362,4.7802e-01
dev-corpus-07,5038,22416,8.314646e-06,22416,22416,0.005860,0.006073,2.0218e-01
dev-corpus-07,5039,303,3.949337e-04,303,303,1.256165,1.232060,1.8453e-01
dev-corpus-07,5040,4357,5.959273e-04,279,279,1.272649,1.293867,2.0424e-01
dev-corpus-07,5041,13,1.427938e-04,13,13,0.612566,0.601320,2.2254e-01
dev-corpus-07,5042,220,7.467843e-04,220,220,0.525408,0.557449,1.9720e-01
dev-corpus-07,5043,561,4.599458e-03,248046,248046,3.296462,3.086850,5.3970e-01
dev-corpus-07,5044,3487,3.728716e-04,3487,3487,0.512985,0.510699,1.6840e-01
dev-corpus-07,5045,369,1.609344e-04,369,369,0.110860,0.115831,1.8696e-01
dev-corpus-07,5046,13733,4.330655e-04,8800,8800,6.907112,6.925461,1.8687e-01
dev-corpus-07,5047,41729,9.552689e-04,1603,1603,2.314599,2.350138,1.4561e-01
dev-corpus-07,5048,321,5.560027e-04,11,11,1.533252,1.556969,1.5944e-01
dev-corpus-07,5049,17387,2.723815e-04,279,279,2.301155,2.291634,1.5811e-01
dev-corpus-07,5050,11,4.914120e-04,13,13,1.611867,1.597675,3.1096e-01
dev-corpus-07,5051,440,9.267362e-04,248046,248046,4.631151,4.647694,7.0426e-01
dev-corpus-07,5052,264,2.970360e-04,264,264,1.420464,1.422740,1.3968e-01
dev-corpus-07,5053,2609,7.859603e-04,6311,6311,2.544492,2.566008,1.4888e-01
dev-corpus-07,5054,314,4.166019e-06,314,314,0.038314,0.038006,1.6235e-01
dev-corpus-07,5055,50549,5.553919e-04,50549,50549,0.765320,0.760507,1.4317e-01
dev-corpus-07,5056,2519,2.080551e-04,2519,2519,0.793135,0.786937,1.8969e-01
dev-corpus-07,5057,13,5.359124e-05,13,13,0.241395,0.245123,1.6630e-01
dev-corpus-07,5058,220,2.503918e-04,220,220,0.776580,0.770110,4.8055e-01
dev-corpus-07,5059,1541,1.036942e-02,248046,561,5.300379,5.141452,1.4687e+00
dev-corpus-07,5060,1010,1.909774e-04,279,279,8.759362,8.797453,1.6195e-01
dev-corpus-07,5061,15099,2.544063e-04,314,314,5.134431,5.137562,1.7411e-01
dev-corpus-07,5062,513,4.634270e-04,599,599,2.011122,1.978975,1.6167e-01
dev-corpus-07,5063,15433,8.720339e-04,1724,1724,6.922664,7.000205,1.6548e-01
dev-corpus-07,5064,791,6.180786e-04,383,383,5.035915,4.998516,1.3679e-01
dev-corpus-07,5065,2320,2.737248e-06,2320,2320,0.002799,0.002702,1.8327e-01
dev-corpus-07,5066,974,1.168513e-04,383,383,6.591525,6.572666,1.1976e-01
dev-corpus-07,5067,314,1.507785e-04,279,279,3.544014,3.510314,1.7043e-01
dev-corpus-07,5068,264,4.780177e-05,279,279,3.067464,3.052434,2.6359e-01
dev-corpus-07,5069,41586,1.451019e-04,41586,41586,0.259579,0.258374,1.7360e-01
dev-corpus-07,5070,11,1.528152e-04,50471,50471,1.634004,1.631983,1.2557e-01
dev-corpus-07,5071,748,5.167337e-04,9708,9708,4.971177,4.950384,1.6849e-01
dev-corpus-07,5072,279,2.725864e-04,488,488,2.291952,2.329461,1.5590e-01
dev-corpus-07,5073,6001,3.731972e-04,6001,6001,0.686667,0.692555,1.5675e-01
dev-corpus-07,5074,513,2.028301e-04,513,513,0.321971,0.331920,1.3595e-01
dev-corpus-07,5075,14612,1.268926e-04,14612,7648,1.649052,1.663633,1.1655e-01
dev-corpus-07,5076,13,5.771355e-05,13,13,0.112349,0.111924,1.6220e-01
dev-corpus-07,5077,95641,3.307054e-04,248046,248046,16.082088,16.013155,7.4892e-01
dev-corpus-07,5078,30581,2.167590e-03,33847,33847,12.342775,12.303394,2.0161e-01
dev-corpus-07,5079,501,1.102653e-03,13383,13383,8.270043,8.233244,2.3743e-01
dev-corpus-07,5080,22834,1.162505e-04,22834,22834,0.027496,0.029181,1.8963e-01
dev-corpus-07,5081,321,5.839114e-04,513,513,1.856112,1.827847,2.1436e-01
dev-corpus-07,5082,81141,1.578720e-03,31054,31054,6.881232,6.895021,1.8035e-01
dev-corpus-07,5083,513,1.630080e-04,513,513,0.423470,0.430654,1.8049e-01
dev-corpus-07,5084,14201,3.289144e-04,264,264,6.085295,6.020730,1.8309e-01
dev-corpus-07,5085,11,1.528417e-03,13,13,2.114744,2.116797,2.1652e-01
dev-corpus-07,5086,321,3.339350e-03,248046,248046,1.150957,1.081312,3.3217e-01
dev-corpus-07,5087,264,7.827028e-04,279,488,4.181673,4.199264,2.5444e-01
dev-corpus-07,5088,34684,4.424740e-04,1902,1902,4.532900,4.514310,2.1132e-01
dev-corpus-07,5089,314,4.262543e-04,314,314,0.639451,0.642679,1.6760e-01
dev-corpus-07,5090,279,1.210131e-04,279,279,0.266027,0.264969,1.8323e-01
dev-corpus-07,5091,5364,1.617490e-03,5364,5364,0.511809,0.480869,4.5386e-01
dev-corpus-07,5092,13,3.053118e-05,13,13,0.136913,0.138001,1.9443e-01
dev-corpus-07,5093,220,5.649409e-04,248046,248046,1.280868,1.231443,2.3608e-01
dev-corpus-07,5094,2532,1.404211e-03,561,561,3.729170,3.709976,4.6941e-01
dev-corpus-07,5095,1048,3.357007e-03,513,513,7.506780,7.534478,3.8233e-01
dev-corpus-07,5096,369,2.251126e-04,513,513,1.542281,1.556269,1.4938e-01
dev-corpus-07,5097,6037,2.396332e-04,264,264,7.229877,7.214097,1.7119e-01
dev-corpus-07,5098,79812,6.174159e-04,77094,77094,8.766248,8.728482,1.6399e-01
dev-corpus-07,5099,13,2.393265e-04,321,321,1.911431,1.922638,1.7229e-01
dev-corpus-07,5100,248046,8.111085e-04,248046,248046,0.450555,0.463363,9.7799e-01
dev-corpus-07,5101,198,1.293412e-07,198,198,0.000079,0.000083,2.6973e-01
dev-corpus-07,5102,248045,5.326189e-07,248045,248045,0.000221,0.000237,2.4979e-01
dev-corpus-07,5103,846,8.680613e-04,74455,74455,1.968531,1.874331,4.1469e-01
dev-corpus-07,5104,198,1.094707e-03,198,198,0.191747,0.214069,2.1332e-01
dev-corpus-07,5105,9930,4.302299e-04,3710,3710,3.583624,3.572260,2.0540e-01
dev-corpus-07,5106,369,1.608656e-04,369,369,1.125913,1.141131,1.1878e-01
dev-corpus-07,5107,424,1.076571e-04,279,279,2.245353,2.248138,1.0793e-01
dev-corpus-07,5108,2894,7.989249e-04,2503,2503,2.305018,2.310313,1.7063e-01
dev-corpus-07,5109,310,9.334992e-05,310,310,0.362067,0.370287,1.2073e-01
dev-corpus-07,5110,15166,2.622666e-04,599,599,7.794445,7.827683,1.1255e-01
dev-corpus-07,5111,321,1.814543e-04,678,678,4.831378,4.833865,1.3649e-01
dev-corpus-07,5112,281,1.108510e-04,281,281,0.045945,0.048890,1.4113e-01
dev-corpus-07,5113,9100,6.510163e-07,9100,9100,0.000773,0.000748,1.8679e-01
dev-corpus-07,5114,678,7.931615e-04,678,678,0.840976,0.868223,1.3483e-01
dev-corpus-07,5115,17299,1.577706e-05,17299,17299,0.012751,0.013145,1.0848e-01
dev-corpus-07,5116,17248,2.236820e-04,30,30,5.981331,5.982001,1.2258e-01
dev-corpus-07,5117,30,5.652513e-06,30,30,0.078756,0.079069,1.1361e-01
dev-corpus-07,5118,248046,2.569908e-05,248046,248046,0.033674,0.033703,1.6972e-01
dev-corpus-07,5119,198,1.227982e-07,198,198,0.000039,0.000042,2.4018e-01
