segment,idx,target,kld,top1_ref,top1_cand,nll_ref,nll_cand,max_abs_logit_diff
dev-long-03,0,532,3.120216e-08,532,532,0.001435,0.001437,1.5231e-01
dev-long-03,1,600,8.194576e-07,506,506,0.913813,0.914870,2.1314e-01
dev-long-03,2,506,6.183667e-07,506,506,0.004804,0.004800,2.1903e-01
dev-long-03,3,1944,8.210920e-06,13783,13783,9.067289,9.073985,1.8463e-01
dev-long-03,4,3358,1.529740e-05,24685,24685,20.496485,20.571021,1.7434e-01
dev-long-03,5,28232,2.382194e-07,4554,4554,7.736420,7.721582,2.2246e-01
dev-long-03,6,184491,1.231614e-04,1624,1624,2.273939,2.274823,1.3785e-01
dev-long-03,7,528,3.536510e-05,7906,7906,5.951125,5.965431,1.1292e-01
dev-long-03,8,107,7.391847e-07,837,837,11.904733,11.886869,1.6701e-01
dev-long-03,9,7650,7.894991e-05,7650,7650,0.560651,0.555703,2.6045e-01
dev-long-03,10,236764,2.002874e-06,506,506,10.079092,10.090787,1.4146e-01
dev-long-03,11,618,5.825544e-05,580,580,2.518216,2.524050,1.8550e-01
dev-long-03,12,625,9.391883e-05,668,668,2.280688,2.288961,2.5615e-01
dev-long-03,13,24347,5.251589e-04,964,964,14.993832,15.029809,1.8657e-01
dev-long-03,14,163038,2.372651e-04,691,691,2.001980,2.011681,1.1453e-01
dev-long-03,15,236764,9.620713e-07,236764,236764,0.003032,0.003083,1.6724e-01
dev-long-03,16,506,2.205524e-05,506,506,0.435374,0.434252,1.5216e-01
dev-long-03,17,146807,1.957776e-04,13783,13783,6.015457,6.143289,4.7731e-01
dev-long-03,18,691,7.896431e-05,1053,1053,4.825964,4.835471,1.5958e-01
dev-long-03,19,53969,1.005861e-04,10264,10264,6.876319,6.901758,1.2764e-01
dev-long-03,20,531,3.307835e-08,531,531,0.000236,0.000233,8.9046e-02
dev-long-03,21,2514,7.298384e-07,2514,2514,0.004310,0.004314,1.2743e-01
dev-long-03,22,107,8.951964e-06,506,506,12.441849,12.459214,1.2084e-01
dev-long-03,23,949,7.937858e-06,1437,1437,1.988663,1.984903,1.6971e-01
dev-long-03,24,71102,2.324087e-05,76990,76990,4.522966,4.511735,1.3099e-01
dev-long-03,25,236764,1.225401e-05,236772,236772,2.201828,2.191737,1.5863e-01
dev-long-03,26,691,1.099650e-07,691,691,0.012253,0.012220,1.1247e-01
dev-long-03,27,17164,1.211059e-05,8731,8731,8.359266,8.347343,8.9768e-02
dev-long-03,28,7738,1.703069e-05,1932,1932,3.065458,3.065506,8.5480e-02
dev-long-03,29,3324,4.347397e-06,1827,1827,12.186981,12.162774,1.1765e-01
dev-long-03,30,506,2.220144e-07,506,506,0.009218,0.009211,1.1508e-01
dev-long-03,31,29387,4.715131e-05,29387,29387,0.158437,0.161901,1.2057e-01
dev-long-03,32,236772,1.487228e-05,236772,236772,0.073647,0.072152,1.2581e-01
dev-long-03,33,5127,2.326293e-04,5127,5127,0.262683,0.274605,1.3297e-01
dev-long-03,34,236761,7.714076e-06,1827,1827,3.413653,3.428775,1.3230e-01
dev-long-03,35,131544,4.701904e-05,669,669,3.786897,3.768279,2.8942e-01
dev-long-03,36,26310,2.266976e-05,8249,8249,11.865719,11.857481,1.1505e-01
dev-long-03,37,107,4.121209e-05,30254,30254,11.314297,11.295169,9.1733e-02
dev-long-03,38,104219,1.800291e-04,13395,13395,5.114202,5.120191,3.0363e-01
dev-long-03,39,506,8.814856e-05,914,914,1.034728,1.048771,1.1576e-01
dev-long-03,40,16605,2.353969e-06,16605,16605,0.020701,0.020761,1.5409e-01
dev-long-03,41,236764,7.458031e-06,1827,1827,3.988730,3.987208,1.2148e-01
dev-long-03,42,532,7.561352e-06,532,532,0.074802,0.074122,1.7300e-01
dev-long-03,43,151504,2.541499e-05,506,506,5.307485,5.262157,2.6406e-01
dev-long-03,44,691,1.015043e-06,691,691,0.039382,0.039157,7.9454e-02
dev-long-03,45,16782,7.606230e-05,126685,126685,1.803675,1.797463,1.1022e-01
dev-long-03,46,506,2.706962e-05,1827,1827,7.655478,7.643171,1.9408e-01
dev-long-03,47,1638,3.545430e-04,1638,1638,0.415791,0.430518,1.4922e-01
dev-long-03,48,9137,2.494728e-06,1719,1719,1.736452,1.731804,1.2478e-01
dev-long-03,49,236793,2.553872e-06,1827,1827,6.192462,6.195294,1.8730e-01
dev-long-03,50,840,6.883665e-05,668,668,4.048210,4.026780,2.7938e-01
dev-long-03,51,506,2.617063e-05,506,506,1.124049,1.125354,2.3356e-01
dev-long-03,52,10810,4.249050e-04,146807,146807,7.145704,7.184392,3.5506e-01
dev-long-03,53,107,6.411372e-06,691,691,12.677168,12.661256,1.0752e-01
dev-long-03,54,46052,2.304346e-04,9849,9849,7.724307,7.701530,3.0743e-01
dev-long-03,55,711,7.895739e-08,711,711,0.002358,0.002373,8.4761e-02
dev-long-03,56,577,1.441726e-08,577,577,0.000251,0.000252,7.9125e-02
dev-long-03,57,1765,3.105443e-05,1765,1765,0.309438,0.308498,1.8098e-01
dev-long-03,58,3477,2.641861e-05,1827,1827,8.204770,8.210029,1.2453e-01
dev-long-03,59,3324,4.282613e-04,1827,1827,5.018559,4.984130,2.0235e-01
dev-long-03,60,914,8.219506e-06,914,914,0.262024,0.263014,1.2487e-01
dev-long-03,61,1589,1.810975e-07,1589,1589,0.001163,0.001166,1.0739e-01
dev-long-03,62,653,1.598773e-06,653,653,0.017318,0.017335,1.1534e-01
dev-long-03,63,528,3.889248e-05,528,528,0.470711,0.475455,1.3542e-01
dev-long-03,64,914,8.219802e-06,506,506,2.730537,2.722824,1.3696e-01
dev-long-03,65,11630,2.672920e-04,81124,81124,6.681764,6.690543,1.1054e-01
dev-long-03,66,236761,5.645414e-06,1827,1827,3.906392,3.921049,1.2754e-01
dev-long-03,67,36266,4.609930e-05,669,669,14.807696,14.874843,1.8705e-01
dev-long-03,68,107,3.615125e-04,5945,5945,10.213133,10.190006,3.4277e-01
dev-long-03,69,236780,2.648811e-04,27505,27505,6.510654,6.549103,3.0878e-01
dev-long-03,70,605,1.276518e-04,660,660,7.557658,7.585411,1.5901e-01
dev-long-03,71,697,1.741179e-04,936,936,1.353327,1.333454,1.2634e-01
dev-long-03,72,236764,1.844390e-05,236764,236764,0.160258,0.162087,1.2978e-01
dev-long-03,73,74289,1.522999e-04,506,506,5.142843,5.092847,2.4267e-01
dev-long-03,74,531,4.967869e-05,236764,236764,6.710724,6.748960,1.1235e-01
dev-long-03,75,506,2.081965e-07,506,506,0.001611,0.001591,1.4289e-01
dev-long-03,76,146807,3.034393e-06,146807,146807,0.015496,0.015536,2.0413e-01
dev-long-03,77,236764,8.693601e-06,236764,236764,0.035122,0.035890,1.9720e-01
dev-long-03,78,208255,3.428444e-05,8249,8249,7.817393,7.787940,1.2884e-01
dev-long-03,79,531,3.163907e-07,600,600,5.273002,5.267894,1.2286e-01
dev-long-03,80,2963,3.823211e-05,506,506,0.950475,0.941620,2.0023e-01
dev-long-03,81,6827,3.044268e-06,3472,3472,4.869538,4.885988,1.0143e-01
dev-long-03,82,131544,3.493315e-05,496,496,7.825606,7.809311,2.3424e-01
dev-long-03,83,236858,9.739535e-05,4928,4928,5.378136,5.352843,1.2107e-01
dev-long-03,84,236751,1.041150e-07,236751,236751,0.000047,0.000050,1.1725e-01
dev-long-03,85,4665,2.025970e-04,8300,8300,2.729755,2.749647,1.6556e-01
dev-long-03,86,529,1.040548e-04,236764,236764,2.797965,2.832192,1.1996e-01
dev-long-03,87,107,6.933687e-06,16605,16605,12.104178,12.093862,1.1465e-01
dev-long-03,88,236753,3.424276e-05,58904,58904,5.470301,5.490725,1.3069e-01
dev-long-03,89,1929,9.770928e-07,1929,1929,0.038534,0.038810,1.2646e-01
dev-long-03,90,571,2.425465e-09,571,571,0.000008,0.000008,1.0271e-01
dev-long-03,91,580,6.843167e-05,236764,699,5.503362,5.526272,1.5335e-01
dev-long-03,92,45397,3.236892e-06,506,506,15.557499,15.566523,1.9840e-01
dev-long-03,93,506,1.828045e-06,506,506,0.018233,0.018353,2.1363e-01
dev-long-03,94,50998,8.013007e-05,7738,7738,3.871753,3.831017,2.4281e-01
dev-long-03,95,236764,3.094534e-05,236761,236761,1.179739,1.170333,1.4906e-01
dev-long-03,96,532,3.563007e-06,532,532,0.331189,0.331629,1.8538e-01
dev-long-03,97,531,5.398745e-05,1304,1304,4.257890,4.247989,2.4034e-01
dev-long-03,98,2963,1.406153e-05,2963,2963,0.528140,0.524209,1.5545e-01
dev-long-03,99,36389,5.446058e-06,3472,3472,9.156270,9.167250,1.0658e-01
dev-long-03,100,1131,1.999708e-05,531,531,2.251682,2.241215,1.2347e-01
dev-long-03,101,506,5.239669e-07,506,506,0.003045,0.003022,1.9664e-01
dev-long-03,102,2978,2.924205e-05,2978,2978,0.779479,0.784156,1.7788e-01
dev-long-03,103,236764,5.941005e-05,236764,236764,0.915476,0.908655,1.1257e-01
dev-long-03,104,107,8.370000e-05,840,840,13.522671,13.542219,1.8468e-01
dev-long-03,105,3350,1.578025e-05,624,624,5.679025,5.648271,2.8561e-01
dev-long-03,106,1304,2.932858e-06,1304,1304,0.022671,0.022642,2.2047e-01
dev-long-03,107,1765,9.857505e-06,5004,5004,2.458407,2.458775,1.1573e-01
dev-long-03,108,11949,1.637312e-05,151504,151504,22.852145,22.903066,3.1709e-01
dev-long-03,109,618,3.028545e-05,528,528,4.663206,4.627867,1.1548e-01
dev-long-03,110,4970,2.512249e-05,901,901,5.999040,5.950462,2.5640e-01
dev-long-03,111,684,1.867815e-05,236764,236764,7.362337,7.376320,1.7289e-01
dev-long-03,112,506,2.716609e-04,131544,131544,1.140146,1.156456,2.8513e-01
dev-long-03,113,1774,1.469730e-04,63051,63051,9.740104,9.760658,3.1253e-01
dev-long-03,114,10021,5.798281e-04,236761,236761,3.227317,3.136292,3.0460e-01
dev-long-03,115,236761,3.245499e-05,236761,236761,0.786952,0.788553,1.6729e-01
dev-long-03,116,47476,4.482989e-05,669,669,12.172170,12.215516,3.6058e-01
dev-long-03,117,107,1.351059e-03,20014,20014,10.005328,10.020208,3.2955e-01
dev-long-03,118,67723,3.362149e-04,100681,100681,4.183294,4.141612,3.2828e-01
dev-long-03,119,30419,3.021683e-07,30419,30419,0.000203,0.000193,2.0403e-01
dev-long-03,120,236764,2.124388e-04,236764,236764,1.019406,1.020898,2.1350e-01
dev-long-03,121,603,7.563451e-05,1015,1015,15.207465,15.192581,2.9800e-01
dev-long-03,122,11247,4.462046e-07,236761,236761,11.244679,11.277590,1.4149e-01
dev-long-03,123,236764,1.909038e-06,236764,236764,0.015938,0.015990,2.1374e-01
dev-long-03,124,5877,2.068708e-04,691,691,6.505388,6.473007,1.5019e-01
dev-long-03,125,4914,3.726271e-05,914,914,3.053888,3.041512,1.4700e-01
dev-long-03,126,618,4.008966e-06,600,600,5.014422,4.988319,1.1775e-01
dev-long-03,127,531,7.839283e-06,531,531,0.002311,0.002434,2.9349e-01
dev-long-03,128,506,8.780638e-06,506,506,0.100364,0.099494,2.4046e-01
dev-long-03,129,9844,1.938322e-04,10409,10409,6.193977,6.180290,3.1590e-01
dev-long-03,130,529,9.824781e-06,529,529,0.119817,0.118589,1.6905e-01
dev-long-03,131,151504,1.044603e-06,151504,151504,0.050975,0.050823,2.3499e-01
dev-long-03,132,236764,1.979086e-05,236764,236764,0.466709,0.463619,1.5742e-01
dev-long-03,133,1015,1.045143e-05,532,532,7.854880,7.853380,2.0856e-01
dev-long-03,134,107,2.383371e-05,691,691,10.642537,10.621460,1.4867e-01
dev-long-03,135,19313,6.618042e-05,9849,9849,11.522673,11.577778,3.2476e-01
dev-long-03,136,1874,2.252499e-07,1874,1874,0.000506,0.000521,1.3723e-01
dev-long-03,137,991,2.304055e-07,991,991,0.002797,0.002769,2.0392e-01
dev-long-03,138,175053,2.537430e-05,607,607,11.417486,11.441737,1.2341e-01
dev-long-03,139,236764,3.203268e-05,236764,236764,0.392640,0.390565,1.4420e-01
dev-long-03,140,532,1.123433e-05,532,532,0.081699,0.081845,1.9396e-01
dev-long-03,141,103496,1.056704e-04,531,531,14.306715,14.332962,3.6464e-01
dev-long-03,142,914,9.255826e-05,600,600,2.133556,2.161102,1.7500e-01
dev-long-03,143,70437,1.379007e-07,70437,70437,0.004264,0.004290,1.0022e-01
dev-long-03,144,528,6.023798e-05,236761,236761,5.470562,5.453948,1.5161e-01
dev-long-03,145,506,7.544773e-05,506,506,0.313606,0.318621,1.7935e-01
dev-long-03,146,32879,1.183172e-04,3392,3392,8.212131,8.185874,2.2054e-01
dev-long-03,147,107,8.238438e-06,2653,2653,12.805517,12.761494,1.3881e-01
dev-long-03,148,42103,9.592598e-05,42103,42103,0.990175,0.978656,2.1733e-01
dev-long-03,149,236761,1.162486e-05,236761,236761,0.536019,0.533979,1.3427e-01
dev-long-03,150,38018,1.089097e-04,669,669,8.370782,8.338049,2.5789e-01
dev-long-03,151,529,6.326101e-05,12205,12205,4.284750,4.277386,1.5913e-01
dev-long-03,152,496,9.029292e-05,914,914,2.310007,2.331831,2.9045e-01
dev-long-03,153,3527,3.115913e-04,16438,16438,9.767683,9.729958,2.9538e-01
dev-long-03,154,27327,7.572766e-05,79060,79060,4.244920,4.249111,2.2166e-01
dev-long-03,155,573,7.145713e-06,573,573,0.102257,0.103252,1.3606e-01
dev-long-03,156,50998,8.035559e-05,73661,73661,6.500631,6.479322,1.8619e-01
dev-long-03,157,2963,1.805352e-04,236764,236764,9.908433,9.887307,2.1854e-01
dev-long-03,158,1010,2.862643e-06,1010,1010,0.014740,0.014528,1.6500e-01
dev-long-03,159,2238,3.742193e-05,9941,9941,3.254105,3.253915,1.5266e-01
dev-long-03,160,107,4.277124e-05,236761,236761,14.886260,14.878021,1.9110e-01
dev-long-03,161,59677,5.527135e-05,1071,1071,3.839321,3.828875,2.3702e-01
dev-long-03,162,506,2.838406e-07,1515,1515,7.974329,7.972425,1.6474e-01
dev-long-03,163,41971,2.293846e-04,880,880,5.141913,5.132142,3.5517e-01
dev-long-03,164,236764,3.007838e-05,236761,236761,2.937006,2.941361,1.7487e-01
dev-long-03,165,506,5.411416e-05,532,532,7.205727,7.201580,2.2330e-01
dev-long-03,166,68928,8.363374e-05,1624,1624,3.892032,3.890537,3.3005e-01
dev-long-03,167,19153,1.116248e-04,236764,236764,6.070143,6.103250,1.5973e-01
dev-long-03,168,531,9.151678e-05,531,531,0.269772,0.276961,1.6898e-01
dev-long-03,169,3772,2.519039e-04,7224,7224,8.439569,8.432616,1.2343e-01
dev-long-03,170,16000,7.260713e-07,607,607,10.649110,10.630015,1.0639e-01
dev-long-03,171,1403,9.907762e-13,1403,1403,0.000000,0.000000,7.7923e-02
dev-long-03,172,607,1.900687e-05,607,607,0.181244,0.181573,9.5294e-02
dev-long-03,173,506,6.419045e-05,1515,1515,0.956807,0.942628,2.0057e-01
dev-long-03,174,107,1.515448e-05,4217,4217,12.763718,12.728586,2.0580e-01
dev-long-03,175,2865,5.482249e-05,10690,10690,11.522882,11.543712,2.2415e-01
dev-long-03,176,819,6.817135e-05,2950,2950,2.564325,2.598347,2.2021e-01
dev-long-03,177,236764,3.596830e-05,236761,236761,1.163750,1.162691,1.4494e-01
dev-long-03,178,840,4.001897e-06,532,532,8.656746,8.665017,1.4134e-01
dev-long-03,179,11081,6.132744e-05,506,506,5.282046,5.278932,2.9450e-01
dev-long-03,180,625,5.669939e-06,506,506,1.466712,1.466727,1.6483e-01
dev-long-03,181,531,2.654986e-06,531,531,0.131130,0.131661,1.1614e-01
dev-long-03,182,506,5.946459e-05,506,506,0.096578,0.093262,1.8586e-01
dev-long-03,183,3261,1.836388e-04,3261,3261,1.464245,1.477061,1.3350e-01
dev-long-03,184,5411,8.001926e-08,5411,5411,0.009148,0.009109,1.0373e-01
dev-long-03,185,236761,5.833136e-05,1827,1827,2.231023,2.252185,1.8557e-01
dev-long-03,186,151504,2.110642e-05,669,669,3.974385,3.966777,2.2246e-01
dev-long-03,187,236764,1.676650e-04,14038,14038,1.908896,1.906362,1.6981e-01
dev-long-03,188,1015,8.187861e-05,1015,1015,0.765250,0.767115,3.0257e-01
dev-long-03,189,1053,8.309364e-05,691,691,2.433909,2.416168,1.9800e-01
dev-long-03,190,3505,7.131651e-04,1010,1010,6.674005,6.633562,5.6181e-01
dev-long-03,191,11005,6.409838e-05,951,951,4.806857,4.766103,1.3208e-01
dev-long-03,192,529,7.059904e-07,529,529,0.001628,0.001671,1.4692e-01
dev-long-03,193,107,1.522044e-04,130864,130864,12.241761,12.228552,1.9353e-01
dev-long-03,194,720,1.129961e-03,16898,16898,6.066941,6.033411,4.2683e-01
dev-long-03,195,1867,4.173698e-05,1169,1169,2.369364,2.341129,1.1037e-01
dev-long-03,196,21543,3.652709e-04,67361,67361,4.634236,4.615300,1.6121e-01
dev-long-03,197,1913,2.871968e-05,236764,236764,3.008082,3.039543,1.1152e-01
dev-long-03,198,506,8.019998e-05,914,914,0.944366,0.929368,1.9423e-01
dev-long-03,199,19258,1.918980e-04,88654,88654,1.221068,1.197904,1.4790e-01
dev-long-03,200,236764,1.453294e-06,236764,236764,0.007565,0.007484,1.2892e-01
dev-long-03,201,517,1.220005e-04,691,691,10.813405,10.798658,1.6363e-01
dev-long-03,202,25197,9.329006e-07,25197,25197,0.000189,0.000172,1.4184e-01
dev-long-03,203,3121,8.343947e-05,236764,236764,6.543668,6.536152,1.4706e-01
dev-long-03,204,657,1.119059e-04,1827,1827,3.819978,3.822356,1.6182e-01
dev-long-03,205,506,1.595338e-06,506,506,0.016715,0.016643,1.7798e-01
dev-long-03,206,12882,2.475494e-04,14186,14186,4.262043,4.274417,2.7265e-01
dev-long-03,207,107,3.301304e-05,529,529,13.826273,13.805097,1.3094e-01
dev-long-03,208,624,5.459099e-06,1340,1340,7.203730,7.230996,2.3919e-01
dev-long-03,209,691,2.221850e-05,691,691,0.328220,0.328731,1.4576e-01
dev-long-03,210,7505,5.514982e-05,8476,8476,5.025104,5.047127,1.1014e-01
dev-long-03,211,855,5.278074e-06,3121,3121,6.960439,6.973846,1.1819e-01
dev-long-03,212,529,5.432729e-05,528,528,3.337851,3.340689,1.2094e-01
dev-long-03,213,4054,3.233428e-05,506,506,4.322114,4.390565,2.4258e-01
dev-long-03,214,1827,3.988179e-05,1827,1827,0.186367,0.183734,1.3416e-01
dev-long-03,215,108,7.278798e-06,108,108,0.018619,0.018709,1.8520e-01
dev-long-03,216,236913,6.279483e-05,236913,236913,0.227814,0.222559,2.7013e-01
dev-long-03,217,40267,4.746806e-05,13086,13086,11.441567,11.436593,2.2842e-01
dev-long-03,218,236888,3.668375e-04,28613,28613,6.324855,6.201906,3.0226e-01
dev-long-03,219,1593,1.575229e-04,562,562,2.019849,2.004954,2.6834e-01
dev-long-03,220,1623,5.759355e-05,506,506,3.645527,3.649904,2.9705e-01
dev-long-03,221,573,7.498284e-05,573,573,0.457871,0.459103,2.0263e-01
dev-long-03,222,506,7.383826e-05,506,506,0.698647,0.702464,3.5115e-01
dev-long-03,223,5589,1.386547e-03,24685,24685,5.100314,5.117170,7.6640e-01
dev-long-03,224,236772,2.236159e-04,2130,2130,12.277962,12.348511,3.1168e-01
dev-long-03,225,34796,5.560334e-04,1562,1562,8.415350,8.413027,3.7326e-01
dev-long-03,226,2130,1.508714e-04,2130,2130,0.773904,0.774806,2.5584e-01
dev-long-03,227,1176,1.920920e-04,48213,48213,1.694907,1.680329,3.1248e-01
dev-long-03,228,48213,1.557691e-05,48213,48213,0.039111,0.038021,2.6910e-01
dev-long-03,229,119713,5.191654e-05,236764,236764,9.929146,9.909412,1.9770e-01
dev-long-03,230,236764,2.941898e-06,236761,236761,5.807247,5.816779,2.3136e-01
dev-long-03,231,122053,1.922241e-05,999,999,10.014772,9.999059,2.0450e-01
dev-long-03,232,107,9.619342e-07,506,506,13.174903,13.153468,1.8600e-01
dev-long-03,233,30714,3.502520e-05,1437,1437,6.489152,6.507988,2.4831e-01
dev-long-03,234,506,3.794506e-07,506,506,0.011575,0.011585,1.9837e-01
dev-long-03,235,3627,7.789734e-04,3627,3627,1.574155,1.528455,3.6182e-01
dev-long-03,236,236761,7.127854e-06,236761,236761,0.030930,0.031002,1.9883e-01
dev-long-03,237,999,1.335367e-06,999,999,0.003621,0.003573,2.1000e-01
dev-long-03,238,818,4.116370e-05,818,818,0.518891,0.516206,2.6292e-01
dev-long-03,239,2934,5.386041e-04,3261,3261,4.091590,4.084292,4.9436e-01
dev-long-03,240,573,6.098687e-05,563,563,6.059926,6.043379,1.8761e-01
dev-long-03,241,775,5.521766e-06,506,506,4.609649,4.599496,2.0080e-01
dev-long-03,242,1492,1.448556e-05,563,563,4.174443,4.190153,1.7468e-01
dev-long-03,243,531,2.483361e-06,563,563,10.390129,10.381580,1.3059e-01
dev-long-03,244,8974,5.373627e-05,8974,8974,0.947361,0.952719,1.4161e-01
dev-long-03,245,563,1.597116e-04,563,563,0.255654,0.247494,2.5193e-01
dev-long-03,246,506,1.095281e-04,711,711,2.850500,2.844277,1.7364e-01
dev-long-03,247,7501,2.807947e-04,26460,26460,10.455031,10.409012,3.0298e-01
dev-long-03,248,529,1.419313e-06,529,529,0.018634,0.018777,1.2865e-01
dev-long-03,249,107,2.273553e-06,4749,4749,16.273251,16.282456,1.4597e-01
dev-long-03,250,18582,5.733251e-07,18582,18582,0.001204,0.001207,2.0047e-01
dev-long-03,251,5830,2.459895e-05,236761,236761,3.550297,3.546518,1.6664e-01
dev-long-03,252,699,1.090740e-06,531,531,5.550414,5.550406,1.4980e-01
dev-long-03,253,496,2.792736e-05,506,506,3.698774,3.724264,2.8211e-01
dev-long-03,254,21749,3.492894e-04,123698,123698,21.349280,21.397314,4.3258e-01
dev-long-03,255,991,8.645593e-05,991,991,0.292849,0.285336,1.7218e-01
dev-long-03,256,71102,4.724101e-05,71102,71102,0.189009,0.191717,2.3123e-01
dev-long-03,257,236772,5.690889e-06,236772,236772,0.006847,0.006600,1.9078e-01
dev-long-03,258,4925,6.778935e-07,4925,4925,0.000321,0.000340,1.9347e-01
dev-long-03,259,657,4.589294e-05,531,531,5.154895,5.088394,1.5379e-01
dev-long-03,260,886,9.295394e-07,506,506,7.624364,7.628957,1.8849e-01
dev-long-03,261,1345,6.981908e-05,8217,8217,4.094827,4.119956,1.9528e-01
dev-long-03,262,531,5.757554e-04,529,529,1.692887,1.742133,1.7046e-01
dev-long-03,263,506,9.594610e-06,496,496,2.214200,2.217079,2.3897e-01
dev-long-03,264,14836,1.279646e-03,13783,13783,4.640939,4.609510,6.8305e-01
dev-long-03,265,529,5.240060e-07,529,529,0.001921,0.001888,1.1051e-01
dev-long-03,266,496,1.300845e-06,496,496,0.038103,0.038043,2.1781e-01
dev-long-03,267,107,3.016365e-05,60556,60556,15.498758,15.527773,2.9285e-01
dev-long-03,268,1909,4.367382e-05,675,675,5.561688,5.473422,3.5599e-01
dev-long-03,269,888,9.869689e-09,888,888,0.000007,0.000007,1.2442e-01
dev-long-03,270,528,1.823977e-05,657,657,3.746875,3.770208,1.5393e-01
dev-long-03,271,64112,2.437838e-04,2264,2264,12.354485,12.228784,1.5252e-01
dev-long-03,272,5762,2.855966e-06,5762,5762,0.000818,0.000762,2.6263e-01
dev-long-03,273,7901,2.409437e-07,7901,7901,0.000813,0.000824,1.9724e-01
dev-long-03,274,657,7.665206e-05,1827,1827,6.039228,6.184771,2.7815e-01
dev-long-03,275,506,3.164125e-05,506,506,0.019110,0.020187,2.2423e-01
dev-long-03,276,1032,3.040237e-07,1032,1032,0.000348,0.000335,1.0923e-01
dev-long-03,277,236761,3.448506e-06,1345,1345,2.878255,2.870942,2.0234e-01
dev-long-03,278,1599,1.462813e-04,1030,1030,7.810756,7.787077,2.7601e-01
dev-long-03,279,1460,2.205420e-04,1460,1460,0.820471,0.843355,2.1931e-01
dev-long-03,280,236764,2.610912e-05,236764,236764,0.207143,0.210057,2.2152e-01
dev-long-03,281,34440,3.287948e-05,506,506,6.862301,6.837370,3.5213e-01
dev-long-03,282,236764,8.443527e-07,236764,236764,0.027588,0.027627,1.5997e-01
dev-long-03,283,1023,8.381989e-05,506,506,8.128891,8.172160,3.0117e-01
dev-long-03,284,2268,1.704452e-04,4209,4209,3.420619,3.452799,3.1523e-01
dev-long-03,285,107,4.011989e-04,2608,2608,13.854654,13.860951,4.9781e-01
dev-long-03,286,7156,4.303270e-04,43510,43510,11.087895,11.150125,4.8005e-01
dev-long-03,287,236756,5.610571e-05,19748,19748,5.906904,5.854186,3.7066e-01
dev-long-03,288,1507,4.836751e-08,1507,1507,0.000781,0.000784,1.2376e-01
dev-long-03,289,735,1.314650e-04,659,659,2.482096,2.514674,1.4699e-01
dev-long-03,290,15937,4.433608e-05,5378,5378,5.919693,5.939690,1.4608e-01
dev-long-03,291,12718,3.399856e-05,3291,3291,5.454117,5.427284,1.4324e-01
dev-long-03,292,496,1.561051e-05,496,496,0.141972,0.140513,1.3148e-01
dev-long-03,293,1623,2.647415e-04,2793,2793,1.726236,1.754250,1.5881e-01
dev-long-03,294,919,7.111521e-05,919,919,0.773423,0.785396,1.5416e-01
dev-long-03,295,2132,1.746657e-04,20997,20997,6.289046,6.282228,1.8249e-01
dev-long-03,296,532,6.929837e-05,2872,2872,3.552841,3.558101,1.7422e-01
dev-long-03,297,2344,1.865071e-04,12615,12615,4.724437,4.704922,2.1961e-01
dev-long-03,298,107,1.236590e-04,119541,119541,11.590718,11.579974,2.1502e-01
dev-long-03,299,4611,5.014817e-05,65744,65744,5.734955,5.707627,2.4269e-01
dev-long-03,300,103825,1.453594e-05,103825,103825,0.351856,0.348366,1.0589e-01
dev-long-03,301,6084,7.272130e-05,2872,2872,2.765254,2.750501,1.5084e-01
dev-long-03,302,236761,6.811911e-06,1827,1827,1.394845,1.392840,1.8875e-01
dev-long-03,303,5715,4.579453e-05,669,669,6.208730,6.188245,2.8160e-01
dev-long-03,304,563,1.117755e-04,236764,563,1.254452,1.237992,3.2414e-01
dev-long-03,305,506,7.064903e-05,506,506,0.295697,0.293784,3.0661e-01
dev-long-03,306,10810,1.599090e-04,29344,29344,9.829365,9.903901,3.4403e-01
dev-long-03,307,236793,8.960451e-05,236761,236761,3.565451,3.580995,2.5713e-01
dev-long-03,308,506,1.803323e-04,625,625,2.401750,2.426451,2.4480e-01
dev-long-03,309,10810,2.041113e-04,13234,13234,7.271664,7.335807,3.7123e-01
dev-long-03,310,3588,3.322820e-04,563,563,6.294889,6.358684,2.6566e-01
dev-long-03,311,699,6.302225e-06,699,699,0.153420,0.152536,1.1140e-01
dev-long-03,312,506,5.353190e-05,506,506,0.111627,0.109213,3.1657e-01
dev-long-03,313,60556,4.768588e-04,146807,146807,14.523048,14.612698,3.8744e-01
dev-long-03,314,236764,7.442102e-05,236793,236793,1.891663,1.902743,2.3938e-01
dev-long-03,315,532,1.944109e-05,532,532,0.144570,0.144380,2.0297e-01
dev-long-03,316,107,5.266973e-06,506,506,13.199628,13.204868,2.3997e-01
dev-long-03,317,1437,9.963760e-05,624,624,1.440175,1.423026,3.0880e-01
dev-long-03,318,60556,1.429458e-05,60556,60556,0.048247,0.047762,3.1158e-01
dev-long-03,319,3588,1.767242e-05,3588,3588,0.086162,0.084903,1.2805e-01
dev-long-03,320,699,3.321059e-07,699,699,0.002894,0.002875,1.1320e-01
dev-long-03,321,3186,6.340223e-05,506,506,6.025358,6.019370,3.1025e-01
dev-long-03,322,236761,1.356749e-08,236761,236761,0.000033,0.000033,1.8194e-01
dev-long-03,323,12297,2.362378e-03,151504,151504,4.338298,4.306539,3.8273e-01
dev-long-03,324,28955,8.383364e-08,28955,28955,0.000105,0.000104,2.2979e-01
dev-long-03,325,236764,6.865045e-05,1827,1827,1.958603,1.979142,2.0461e-01
dev-long-03,326,506,1.539351e-04,532,532,2.851677,2.878766,3.2502e-01
dev-long-03,327,33995,2.508056e-04,880,880,3.022055,3.014027,4.3856e-01
dev-long-03,328,607,1.071867e-04,1015,1015,4.153302,4.137835,2.5490e-01
dev-long-03,329,506,6.574629e-06,506,506,0.030601,0.030231,2.6888e-01
dev-long-03,330,4287,3.366176e-04,84227,84227,9.051916,9.022354,4.2962e-01
dev-long-03,331,5423,2.007187e-04,5423,5423,0.394092,0.383262,3.1493e-01
dev-long-03,332,532,1.160076e-05,236761,236761,5.640826,5.649917,2.3014e-01
dev-long-03,333,107,4.951567e-05,506,506,9.927610,9.924897,3.9219e-01
dev-long-03,334,712,5.862144e-05,1437,1437,6.525857,6.534866,3.4252e-01
dev-long-03,335,506,3.369759e-05,1827,1827,3.348427,3.375639,2.5029e-01
dev-long-03,336,1032,2.194030e-04,86673,86673,3.032394,3.023984,4.3703e-01
dev-long-03,337,9507,1.430012e-04,86673,86673,5.908820,5.889209,3.5891e-01
dev-long-03,338,607,7.343398e-05,692,692,10.034538,10.050715,2.0176e-01
dev-long-03,339,837,1.207366e-04,837,837,0.167201,0.172855,1.8422e-01
dev-long-03,340,564,4.106042e-05,692,692,2.239575,2.259448,2.4684e-01
dev-long-03,341,735,1.182367e-04,1053,1053,2.233206,2.214885,1.3254e-01
dev-long-03,342,38670,3.705733e-04,68011,68011,14.713990,14.735514,3.0155e-01
dev-long-03,343,611,4.946656e-06,611,611,0.006140,0.006032,2.7545e-01
dev-long-03,344,236761,8.689953e-05,236761,236761,0.728358,0.716800,2.1830e-01
dev-long-03,345,1593,5.726087e-05,669,669,4.503479,4.501756,2.6531e-01
dev-long-03,346,1492,3.006240e-06,506,506,6.316581,6.306487,1.8998e-01
dev-long-03,347,692,3.165399e-06,692,692,0.621135,0.621581,2.0758e-01
dev-long-03,348,107,2.160389e-05,1921,1921,15.624021,15.668459,1.5377e-01
dev-long-03,349,23600,3.241506e-04,32042,32042,2.285637,2.236198,2.1261e-01
dev-long-03,350,1076,5.071874e-05,15819,15819,7.146462,7.142817,1.6227e-01
dev-long-03,351,13109,8.620944e-05,1003,1003,2.994350,3.005423,2.1918e-01
dev-long-03,352,1401,2.140580e-05,531,531,11.707021,11.705715,1.1552e-01
dev-long-03,353,16263,4.468601e-04,1623,1623,6.288041,6.291262,1.2180e-01
dev-long-03,354,531,2.969713e-06,531,531,0.077573,0.077798,8.0045e-02
dev-long-03,355,8159,3.514708e-05,506,506,3.095428,3.087439,1.9035e-01
dev-long-03,356,672,4.059665e-05,855,855,3.264975,3.238232,2.3763e-01
dev-long-03,357,33995,2.820773e-04,880,880,1.864640,1.863244,4.8276e-01
dev-long-03,358,532,2.521949e-05,1827,1827,1.799758,1.807104,1.9441e-01
dev-long-03,359,107,1.158328e-04,16358,16358,14.056123,14.066915,1.5015e-01
dev-long-03,360,527,5.842827e-04,977,977,5.020655,5.044559,2.8671e-01
dev-long-03,361,9631,2.614194e-08,9631,9631,0.000085,0.000087,1.1759e-01
dev-long-03,362,522,2.962315e-07,522,522,0.005089,0.005126,1.0762e-01
dev-long-03,363,1144,1.522525e-04,506,506,2.860933,2.858509,1.2553e-01
dev-long-03,364,912,2.229088e-04,668,668,4.820953,4.808456,2.0579e-01
dev-long-03,365,668,3.001477e-05,668,668,0.053802,0.052209,1.5972e-01
dev-long-03,366,815,3.060392e-05,6657,6657,4.591090,4.600992,1.7902e-01
dev-long-03,367,6657,6.541266e-05,6657,6657,0.278230,0.272985,2.0910e-01
dev-long-03,368,528,2.098875e-06,528,528,0.004577,0.004447,1.8071e-01
dev-long-03,369,672,2.971494e-06,506,506,2.833615,2.834781,2.0872e-01
dev-long-03,370,2268,5.289189e-04,36608,36608,7.251867,7.210602,3.9933e-01
dev-long-03,371,26460,2.145916e-04,36608,36608,4.297850,4.319257,2.7260e-01
dev-long-03,372,236761,2.229019e-05,1827,1827,4.920895,4.940700,2.0526e-01
dev-long-03,373,2282,7.823068e-05,1030,1030,6.854213,6.831457,1.9919e-01
dev-long-03,374,776,2.583717e-04,1586,1586,4.924098,4.930673,2.7793e-01
dev-long-03,375,107,9.003316e-05,600,600,15.562330,15.518650,1.6560e-01
dev-long-03,376,1580,2.715822e-04,4060,4060,4.019143,3.991262,1.8327e-01
dev-long-03,377,236764,1.315026e-05,236764,236764,0.046259,0.047206,1.7441e-01
dev-long-03,378,692,3.037964e-05,692,692,0.172765,0.174298,2.2330e-01
dev-long-03,379,1921,5.629494e-06,1921,1921,0.148682,0.147688,1.2462e-01
dev-long-03,380,2056,6.267311e-05,1586,1586,6.562911,6.570995,1.7577e-01
dev-long-03,381,506,1.732201e-05,531,531,6.784222,6.761970,1.9649e-01
dev-long-03,382,33055,1.008148e-03,6623,6623,9.717239,9.749487,5.5488e-01
dev-long-03,383,2820,1.707143e-04,529,529,3.116427,3.084712,1.6787e-01
dev-long-03,384,1171,1.506521e-04,529,529,4.528251,4.531583,1.7647e-01
dev-long-03,385,236764,1.272098e-04,1827,1827,3.455297,3.454731,2.0227e-01
dev-long-03,386,532,9.929887e-05,532,532,0.705248,0.700808,3.0401e-01
dev-long-03,387,1239,1.753361e-04,564,564,8.866728,8.879754,2.8996e-01
dev-long-03,388,7089,1.862808e-04,2820,2820,12.169545,12.148085,3.9752e-01
dev-long-03,389,33112,1.064000e-05,528,528,11.147814,11.096227,2.0632e-01
dev-long-03,390,107,1.178512e-05,528,528,12.310674,12.285708,1.4552e-01
dev-long-03,391,495,3.481569e-05,495,495,0.450343,0.449876,1.2679e-01
dev-long-03,392,614,2.652546e-05,506,506,6.520606,6.516408,2.8466e-01
dev-long-03,393,44797,1.709885e-04,26410,26410,1.896418,1.928657,2.0254e-01
dev-long-03,394,528,1.074962e-04,1827,1827,3.764473,3.790313,1.8812e-01
dev-long-03,395,784,1.521791e-05,506,506,9.371126,9.337977,1.3020e-01
dev-long-03,396,506,1.515027e-05,506,506,0.181117,0.180620,1.8261e-01
dev-long-03,397,9137,9.725422e-05,3262,3262,10.601963,10.635524,1.4336e-01
dev-long-03,398,13009,4.648862e-06,13009,13009,0.023618,0.023290,1.1537e-01
dev-long-03,399,236761,5.097027e-05,1827,1827,4.571158,4.603550,1.7773e-01
dev-long-03,400,1637,6.170700e-05,564,564,5.013101,5.031664,2.0021e-01
dev-long-03,401,672,5.169693e-05,692,692,5.171756,5.144784,2.6221e-01
dev-long-03,402,5121,1.464377e-04,33995,33995,16.589133,16.623146,3.6782e-01
dev-long-03,403,236764,1.594238e-06,236764,236764,0.010109,0.010269,1.1572e-01
dev-long-03,404,564,6.209531e-06,692,692,4.896740,4.896104,2.7266e-01
dev-long-03,405,2863,2.707874e-05,2863,2863,0.047182,0.048266,1.4185e-01
dev-long-03,406,107,9.747378e-05,735,735,13.435176,13.435320,1.4423e-01
dev-long-03,407,17777,2.164088e-04,5738,5738,2.593158,2.594340,2.2787e-01
dev-long-03,408,100467,5.040939e-06,531,531,6.626634,6.625659,2.3580e-01
dev-long-03,409,531,1.362623e-07,531,531,0.000543,0.000553,9.4889e-02
dev-long-03,410,1032,8.241355e-05,506,506,3.065767,3.050259,2.4771e-01
dev-long-03,411,4615,3.599234e-05,2820,2820,0.998364,1.002248,1.8445e-01
dev-long-03,412,1827,5.831666e-05,1827,1827,0.266409,0.261389,1.4710e-01
dev-long-03,413,108,1.176120e-06,108,108,0.003577,0.003589,2.1135e-01
dev-long-03,414,236913,6.719496e-05,236913,236913,0.542828,0.544037,2.9174e-01
dev-long-03,415,3689,6.104537e-05,2267,2267,4.256478,4.245725,2.3239e-01
dev-long-03,416,795,1.772002e-04,776,776,2.118158,2.143293,2.4825e-01
dev-long-03,417,611,1.314453e-04,611,611,0.379949,0.370208,1.9294e-01
dev-long-03,418,1879,3.034837e-04,776,776,8.601348,8.652484,2.1415e-01
dev-long-03,419,9377,9.992292e-06,9377,9377,0.922625,0.921138,1.4760e-01
dev-long-03,420,108,9.185233e-07,108,108,0.001362,0.001358,2.4491e-01
dev-long-03,421,236913,1.016299e-05,236913,236913,0.006691,0.006339,2.3649e-01
dev-long-03,422,46762,2.574664e-04,236777,236777,9.301180,9.315477,2.0184e-01
dev-long-03,423,786,2.794052e-04,506,506,2.235941,2.253706,2.2409e-01
dev-long-03,424,496,2.400191e-05,506,506,1.730454,1.731227,2.2804e-01
dev-long-03,425,30368,3.663017e-04,3658,3658,8.659484,8.594738,3.4580e-01
dev-long-03,426,532,1.547714e-04,236764,236764,1.216286,1.206962,2.0866e-01
dev-long-03,427,600,7.358060e-06,3627,3627,9.049645,9.057028,1.5393e-01
dev-long-03,428,21078,4.926781e-04,44797,44797,4.224651,4.197887,5.1302e-01
dev-long-03,429,529,1.857826e-06,529,529,0.014875,0.014966,1.7035e-01
dev-long-03,430,3627,1.343293e-05,3627,3627,0.005265,0.005506,3.6358e-01
dev-long-03,431,236761,7.081464e-05,236761,236761,0.596076,0.590063,4.0610e-01
dev-long-03,432,4224,8.486714e-05,1191,1191,5.533941,5.474832,2.1002e-01
dev-long-03,433,236764,1.019253e-05,236764,236764,0.279329,0.279237,1.5963e-01
dev-long-03,434,1299,1.525509e-04,532,532,9.389303,9.346666,3.3260e-01
dev-long-03,435,236787,3.645303e-05,236764,236764,10.333411,10.302651,1.5471e-01
dev-long-03,436,2141,2.804052e-04,2141,2141,1.060056,1.071116,3.2757e-01
dev-long-03,437,11099,1.657200e-04,7978,7978,6.127034,6.133503,2.8086e-01
dev-long-03,438,657,2.438397e-04,528,528,4.359130,4.314035,3.0059e-01
dev-long-03,439,506,1.834030e-04,506,506,0.849326,0.863640,4.0060e-01
dev-long-03,440,107,9.637330e-04,12825,12825,16.106875,16.161523,6.5008e-01
dev-long-03,441,50539,1.341948e-04,54347,54347,6.721783,6.703852,4.5583e-01
dev-long-03,442,529,9.806097e-07,529,529,0.000499,0.000471,1.7939e-01
dev-long-03,443,7886,2.952496e-04,64112,64112,1.679260,1.636779,5.8280e-01
dev-long-03,444,787,6.839828e-11,787,787,0.000000,0.000000,1.6754e-01
dev-long-03,445,6718,6.021924e-07,6718,6718,0.001468,0.001446,1.5268e-01
dev-long-03,446,236764,3.822993e-05,236761,236761,1.027516,1.035844,2.1311e-01
dev-long-03,447,496,1.864110e-04,496,496,0.476494,0.484130,4.1826e-01
dev-long-03,448,60556,2.372943e-04,3730,3730,5.030672,4.909713,2.6168e-01
dev-long-03,449,532,1.330118e-04,236764,236764,8.861799,8.867264,1.7470e-01
dev-long-03,450,496,2.447637e-05,496,496,0.086544,0.087238,2.5789e-01
dev-long-03,451,2764,8.015080e-03,5423,5423,5.175623,4.945815,9.6614e-01
dev-long-03,452,6345,1.234702e-05,5423,5423,1.289735,1.282414,2.5007e-01
dev-long-03,453,5423,2.995697e-07,5423,5423,0.001348,0.001366,1.5674e-01
dev-long-03,454,236761,7.169462e-05,236761,236761,0.329964,0.336755,1.8686e-01
dev-long-03,455,3186,5.461758e-05,115239,115239,6.429208,6.432149,1.8713e-01
dev-long-03,456,236761,3.053930e-07,236761,236761,0.000935,0.000922,1.6832e-01
dev-long-03,457,12297,1.570265e-04,12297,12297,0.625778,0.619367,3.8158e-01
dev-long-03,458,28955,9.425259e-08,28955,28955,0.000086,0.000089,1.6541e-01
dev-long-03,459,107,2.289070e-04,236764,236764,15.507839,15.520744,3.2121e-01
dev-long-03,460,4881,8.693150e-04,16132,16132,4.471115,4.509907,2.8854e-01
dev-long-03,461,735,3.803177e-05,577,577,8.411810,8.366781,1.0146e-01
dev-long-03,462,506,2.581584e-04,1091,1091,5.224153,5.292811,1.6168e-01
dev-long-03,463,1638,2.086220e-04,60556,60556,7.937653,7.878806,3.1582e-01
dev-long-03,464,684,9.938797e-05,12227,12227,6.089950,6.112587,1.7570e-01
dev-long-03,465,14253,2.155164e-04,11687,11687,3.833706,3.807009,9.4232e-02
dev-long-03,466,657,1.503699e-04,531,531,3.863641,3.864121,1.9339e-01
dev-long-03,467,236743,2.328903e-04,1041,1041,2.325596,2.349900,3.3780e-01
dev-long-03,468,236825,1.665434e-06,236778,236778,10.457468,10.467951,2.3371e-01
dev-long-03,469,236787,7.693931e-04,236764,236764,4.523879,4.462192,4.6300e-01
dev-long-03,470,236800,1.191259e-03,236771,236771,0.770458,0.822300,2.8813e-01
dev-long-03,471,236771,8.970394e-08,236771,236771,0.001523,0.001528,1.7126e-01
dev-long-03,472,672,3.793408e-04,657,657,2.261126,2.195094,2.7082e-01
dev-long-03,473,9137,2.095979e-05,5597,5597,3.528666,3.563171,9.9757e-02
dev-long-03,474,657,2.069948e-04,12227,12227,1.941025,1.905220,1.5969e-01
dev-long-03,475,236743,1.732124e-04,236743,236743,0.804924,0.814586,4.3296e-01
dev-long-03,476,236778,2.216301e-07,236778,236778,0.009137,0.009141,1.5644e-01
dev-long-03,477,236778,1.031165e-05,236778,236778,0.011013,0.011485,1.5900e-01
dev-long-03,478,236770,1.620395e-04,236770,236770,0.007754,0.009336,8.1852e-01
dev-long-03,479,236799,2.742045e-05,236799,236799,0.008311,0.008996,2.8352e-01
dev-long-03,480,236764,2.239385e-05,28955,28955,4.135124,4.085635,2.6609e-01
dev-long-03,481,28955,4.062673e-06,28955,28955,0.012382,0.012643,1.7313e-01
dev-long-03,482,107,1.550301e-07,6718,6718,14.160645,14.165323,1.9635e-01
dev-long-03,483,40703,6.204782e-07,40703,40703,0.000712,0.000692,1.5264e-01
dev-long-03,484,12227,1.803027e-04,90135,90135,0.907464,0.926514,1.8372e-01
dev-long-03,485,2981,1.658730e-04,564,564,3.175031,3.177075,2.0884e-01
dev-long-03,486,563,4.275903e-05,1374,1374,1.190962,1.203360,1.4970e-01
dev-long-03,487,3582,6.319182e-05,506,506,6.195569,6.184948,1.7140e-01
dev-long-03,488,532,8.378799e-06,3487,3487,0.865466,0.864174,1.5429e-01
dev-long-03,489,63510,6.140989e-05,63510,63510,0.254573,0.249915,1.5691e-01
dev-long-03,490,1827,1.082427e-04,236761,236761,1.048086,1.049605,2.6596e-01
dev-long-03,491,108,1.024867e-06,108,108,0.001305,0.001326,2.4883e-01
dev-long-03,492,236913,4.985189e-06,236913,236913,0.033318,0.033366,3.0264e-01
dev-long-03,493,26546,1.320758e-04,4573,4573,6.345780,6.358240,2.3497e-01
dev-long-03,494,236761,1.252946e-04,1388,1388,12.303402,12.334535,2.2029e-01
dev-long-03,495,2024,9.436652e-05,1452,1452,1.937492,1.922197,2.2266e-01
dev-long-03,496,795,6.733102e-05,1144,1144,2.135425,2.133183,2.1202e-01
dev-long-03,497,668,7.061070e-05,668,668,0.522841,0.521216,1.9478e-01
dev-long-03,498,1460,5.595330e-06,2229,2229,9.911711,9.937514,1.0174e-01
dev-long-03,499,625,1.359479e-05,625,625,0.169786,0.168183,1.8373e-01
dev-long-03,500,9377,6.776134e-05,9377,9377,0.114231,0.110521,3.1194e-01
dev-long-03,501,108,5.593139e-07,108,108,0.001164,0.001184,2.7801e-01
dev-long-03,502,236913,2.425266e-07,236913,236913,0.000604,0.000589,2.0913e-01
dev-long-03,503,13086,3.505663e-05,2209,2209,4.327908,4.351282,2.2806e-01
dev-long-03,504,236764,5.316863e-06,236764,236764,0.012446,0.012795,1.6980e-01
dev-long-03,505,668,1.116440e-04,668,668,1.198168,1.190470,3.2323e-01
dev-long-03,506,563,8.835329e-05,563,563,0.749987,0.748516,2.0251e-01
dev-long-03,507,2889,8.808265e-05,496,496,8.042674,8.006992,2.8684e-01
dev-long-03,508,531,3.824987e-07,531,531,0.007731,0.007738,1.4000e-01
dev-long-03,509,2514,6.333419e-06,1460,1460,10.350716,10.346118,1.5127e-01
dev-long-03,510,614,1.356950e-04,914,914,1.662404,1.659640,1.7413e-01
dev-long-03,511,7068,3.909194e-07,7068,7068,0.001368,0.001368,6.9777e-02
dev-long-03,512,580,1.578183e-04,580,580,0.790241,0.805778,9.3505e-02
dev-long-03,513,506,2.670506e-05,506,506,0.193395,0.195939,1.7857e-01
dev-long-03,514,13009,9.437099e-05,13009,13009,0.138356,0.137208,2.2224e-01
dev-long-03,515,236764,6.881273e-05,236761,236761,0.825295,0.817134,1.7496e-01
dev-long-03,516,2338,5.753728e-05,532,532,7.463763,7.440505,3.2401e-01
dev-long-03,517,236764,5.149714e-06,668,668,6.087817,6.105903,2.6007e-01
dev-long-03,518,531,1.982586e-06,618,618,7.715311,7.732377,2.0043e-01
dev-long-03,519,496,1.413904e-04,1041,1041,5.381876,5.372464,1.6923e-01
dev-long-03,520,6934,1.152238e-04,880,880,6.403326,6.443180,2.9080e-01
dev-long-03,521,880,8.165167e-05,880,880,0.665122,0.669770,2.3587e-01
dev-long-03,522,236764,1.986414e-05,236764,236764,0.368075,0.365451,1.3701e-01
dev-long-03,523,107,8.590205e-05,496,496,7.875026,7.845039,1.9201e-01
dev-long-03,524,1437,1.070180e-04,624,624,4.919421,4.915443,2.3604e-01
dev-long-03,525,3967,5.205588e-05,16158,16158,5.976054,6.006467,2.0843e-01
dev-long-03,526,691,4.619981e-07,529,529,9.662486,9.688439,9.4682e-02
dev-long-03,527,496,3.601929e-05,496,496,0.497989,0.497594,1.3426e-01
dev-long-03,528,7274,1.592445e-04,1822,1822,3.481419,3.500730,1.5821e-01
dev-long-03,529,886,1.283007e-05,13949,13949,3.558910,3.548841,1.4641e-01
dev-long-03,530,236761,2.661056e-06,236761,236761,0.199625,0.200149,1.3576e-01
dev-long-03,531,1293,1.070991e-04,1452,1452,2.722066,2.718510,3.1866e-01
dev-long-03,532,691,3.715473e-05,795,795,6.507689,6.540574,1.5178e-01
dev-long-03,533,8207,1.001628e-04,992,992,4.665234,4.677569,3.3181e-01
dev-long-03,534,834,1.787813e-04,496,496,7.935743,7.916789,2.0997e-01
dev-long-03,535,31974,1.141735e-04,11307,11307,17.181402,17.198361,2.0654e-01
dev-long-03,536,684,7.938238e-05,529,529,3.081694,3.095263,1.4185e-01
dev-long-03,537,914,7.173175e-06,506,506,3.972042,3.980493,2.2853e-01
dev-long-03,538,3930,3.229135e-04,101430,101430,7.303723,7.274267,3.6034e-01
dev-long-03,539,95852,5.895926e-05,127166,127166,1.860584,1.851646,1.5617e-01
dev-long-03,540,528,6.409748e-04,236764,236764,6.260478,6.273831,4.0103e-01
dev-long-03,541,107,1.324779e-04,506,506,12.422951,12.395004,3.4520e-01
dev-long-03,542,28384,3.322873e-04,1437,1437,8.103083,8.051859,3.1969e-01
dev-long-03,543,506,5.726704e-05,506,506,0.675380,0.671409,3.0180e-01
dev-long-03,544,4771,4.628699e-05,4771,4771,0.082345,0.084142,3.4988e-01
dev-long-03,545,532,2.457039e-04,236764,236764,3.947500,3.939964,2.8208e-01
dev-long-03,546,684,2.269658e-04,506,506,3.001728,2.990814,4.0628e-01
dev-long-03,547,506,4.939843e-06,506,506,0.089938,0.090527,2.4951e-01
dev-long-03,548,4313,2.698999e-04,10086,10086,7.569370,7.559890,3.6875e-01
dev-long-03,549,529,8.170731e-08,529,529,0.000913,0.000920,9.2593e-02
dev-long-03,550,56513,1.155102e-05,506,506,13.645509,13.595638,2.0587e-01
dev-long-03,551,600,9.727691e-05,600,600,0.592543,0.598299,1.9733e-01
dev-long-03,552,668,3.666466e-06,668,668,0.042346,0.042268,2.0131e-01
dev-long-03,553,3305,3.281979e-05,1093,1093,7.926836,7.911579,1.2411e-01
dev-long-03,554,529,1.068417e-04,668,668,3.978674,4.007886,2.0059e-01
dev-long-03,555,107,1.754491e-04,506,506,13.401062,13.382756,2.3779e-01
dev-long-03,556,63823,8.292784e-05,236754,236754,5.062479,5.047262,1.9223e-01
dev-long-03,557,840,1.397928e-05,1663,1663,1.415910,1.420830,9.5597e-02
dev-long-03,558,10224,9.318929e-05,506,506,8.136944,8.089194,1.5963e-01
dev-long-03,559,236764,9.188813e-06,236761,236761,2.593562,2.586915,1.7815e-01
dev-long-03,560,840,2.187950e-04,532,532,1.662281,1.621239,2.5268e-01
dev-long-03,561,2338,1.084920e-04,668,668,5.984904,5.969288,2.3118e-01
dev-long-03,562,1299,1.480900e-05,668,668,11.710276,11.701960,2.6944e-01
dev-long-03,563,668,1.051563e-05,236764,236764,2.145381,2.154893,1.9598e-01
dev-long-03,564,1921,4.207531e-05,815,815,2.616885,2.614785,1.4588e-01
dev-long-03,565,735,1.642269e-05,735,735,0.055021,0.053825,1.2628e-01
dev-long-03,566,123514,1.799770e-04,1010,1010,13.840209,13.843351,1.5177e-01
dev-long-03,567,101551,3.349894e-05,101551,101551,0.079524,0.081826,7.5466e-02
dev-long-03,568,506,8.389389e-06,914,914,2.038542,2.044506,1.3141e-01
dev-long-03,569,107,7.373412e-05,3967,3967,13.463516,13.449740,2.1333e-01
dev-long-03,570,13815,2.807109e-04,10558,10558,12.733309,12.641304,4.7200e-01
dev-long-03,571,18688,4.342464e-05,2669,2669,5.725517,5.723566,1.5355e-01
dev-long-03,572,837,3.612776e-05,236761,236761,8.904123,8.883545,1.4614e-01
dev-long-03,573,7321,7.439669e-06,5378,5378,4.284824,4.277168,8.4071e-02
dev-long-03,574,1515,3.052328e-06,1515,1515,0.021150,0.021093,1.4383e-01
dev-long-03,575,531,1.749588e-06,531,531,0.011533,0.011696,1.6754e-01
dev-long-03,576,7266,8.029317e-05,14005,14005,2.149153,2.146145,1.4878e-01
dev-long-03,577,914,1.498803e-05,506,506,0.987001,0.980944,1.3734e-01
dev-long-03,578,8001,1.922803e-04,8226,8226,6.056742,6.013060,3.6782e-01
dev-long-03,579,236761,8.307134e-05,236761,236761,0.788228,0.779463,1.5098e-01
dev-long-03,580,4298,6.431619e-05,1293,1293,7.004357,7.017244,3.1834e-01
dev-long-03,581,236764,5.285305e-05,692,692,1.386449,1.376967,2.3394e-01
dev-long-03,582,1570,1.163168e-04,668,668,14.422363,14.427827,2.6835e-01
dev-long-03,583,236764,3.603297e-07,236764,236764,0.003439,0.003473,1.4519e-01
dev-long-03,584,506,1.711310e-05,668,668,1.348148,1.348605,2.2139e-01
dev-long-03,585,107,6.283865e-04,44797,44797,13.572743,13.614654,6.9248e-01
dev-long-03,586,74214,4.444655e-03,499,499,9.664578,9.714522,1.2390e+00
dev-long-03,587,529,3.942754e-07,529,529,0.004531,0.004515,8.3874e-02
dev-long-03,588,914,6.871314e-05,506,506,4.444163,4.447121,2.8072e-01
dev-long-03,589,1463,1.451552e-04,1463,1463,1.872003,1.875088,4.1915e-01
dev-long-03,590,795,1.538652e-04,528,528,2.799528,2.765545,1.8809e-01
dev-long-03,591,4400,7.951431e-05,7298,7298,4.545742,4.519170,1.5358e-01
dev-long-03,592,1515,1.720820e-06,1515,1515,0.024532,0.024365,1.3856e-01
dev-long-03,593,531,8.424357e-06,531,531,0.042811,0.042305,1.2227e-01
dev-long-03,594,1460,1.178244e-04,1385,1385,5.143188,5.150425,1.5944e-01
dev-long-03,595,625,4.964624e-05,506,506,1.781105,1.796480,1.1705e-01
dev-long-03,596,236764,1.194943e-05,1827,1827,2.128230,2.130487,1.7057e-01
dev-long-03,597,573,2.600526e-05,532,532,2.593196,2.597704,2.5818e-01
dev-long-03,598,4677,1.506778e-05,668,668,7.432888,7.443216,2.5546e-01
dev-long-03,599,1015,4.273269e-05,563,563,2.507445,2.510184,1.4624e-01
dev-long-03,600,107,2.290156e-04,815,815,11.725431,11.704177,2.2629e-01
dev-long-03,601,32042,4.559030e-05,32042,32042,0.955402,0.959389,1.6245e-01
dev-long-03,602,236751,1.958984e-07,236751,236751,0.000083,0.000088,2.7602e-01
dev-long-03,603,1515,2.012736e-04,1515,1515,0.866743,0.850045,3.2055e-01
dev-long-03,604,795,6.119103e-05,795,795,0.530654,0.526103,1.8920e-01
dev-long-03,605,1982,1.790726e-04,577,577,13.797601,13.816505,1.3308e-01
dev-long-03,606,914,7.804659e-05,914,914,0.814473,0.801827,1.2599e-01
dev-long-03,607,5700,2.973420e-05,5700,5700,0.093578,0.094375,1.5137e-01
dev-long-03,608,531,6.184058e-06,531,531,0.037499,0.036937,1.1664e-01
dev-long-03,609,625,2.741303e-04,506,506,2.148228,2.148028,2.8266e-01
dev-long-03,610,236761,7.443147e-06,1827,1827,2.991995,2.991042,1.4564e-01
dev-long-03,611,5715,5.716269e-05,1030,1030,8.931906,8.905705,3.0176e-01
dev-long-03,612,611,2.353196e-05,692,692,3.101263,3.106622,1.4551e-01
dev-long-03,613,659,1.061925e-05,659,659,0.016766,0.017038,2.3714e-01
dev-long-03,614,236764,3.460660e-06,1827,1827,6.670709,6.692024,2.3186e-01
dev-long-03,615,56513,1.718608e-04,532,532,7.183079,7.161067,2.8578e-01
dev-long-03,616,236764,4.432244e-05,1827,1827,4.524603,4.539776,2.0622e-01
dev-long-03,617,1845,1.402975e-04,531,531,9.640115,9.673229,2.5770e-01
dev-long-03,618,107,1.075022e-04,3008,3008,14.441711,14.430794,1.8460e-01
dev-long-03,619,3843,1.896320e-04,51528,51528,7.466418,7.436877,2.7573e-01
dev-long-03,620,531,2.403726e-04,531,531,0.418489,0.430597,3.6655e-01
dev-long-03,621,506,1.522210e-04,506,506,0.428086,0.432292,2.8927e-01
dev-long-03,622,12940,2.715645e-04,4408,4408,9.690228,9.696766,3.2694e-01
dev-long-03,623,10345,4.159240e-05,4408,4408,3.162369,3.201727,9.7607e-02
dev-long-03,624,532,3.711025e-05,532,532,0.933554,0.935502,1.9199e-01
dev-long-03,625,735,7.187829e-05,1977,1977,2.881266,2.897317,1.4080e-01
dev-long-03,626,672,5.755131e-05,672,672,0.794941,0.790107,1.6036e-01
dev-long-03,627,2247,5.725363e-05,13762,13762,3.732748,3.709088,1.2075e-01
dev-long-03,628,528,6.863608e-05,528,528,0.614852,0.618695,1.0879e-01
dev-long-03,629,506,9.410465e-05,506,506,0.429774,0.425810,1.9305e-01
dev-long-03,630,9137,1.829449e-04,9137,9137,1.095100,1.102708,1.7336e-01
dev-long-03,631,107,6.680271e-05,13009,13009,15.783265,15.787980,1.7501e-01
dev-long-03,632,26429,5.006111e-05,26429,26429,0.030150,0.031808,5.6800e-01
dev-long-03,633,1827,3.750592e-05,1827,1827,0.261909,0.260588,1.5989e-01
dev-long-03,634,108,1.790530e-06,108,108,0.001661,0.001714,3.2306e-01
dev-long-03,635,236913,2.642179e-05,236913,236913,0.359640,0.361803,3.1223e-01
dev-long-03,636,902,1.118665e-04,236777,236777,8.580910,8.615123,1.8061e-01
dev-long-03,637,837,3.577839e-04,506,506,9.442275,9.348231,2.8351e-01
dev-long-03,638,236764,1.169517e-04,564,564,4.767150,4.793754,2.4512e-01
dev-long-03,639,17536,4.890440e-05,17536,17536,0.728354,0.721448,1.7422e-01
dev-long-03,640,9377,2.265581e-05,236764,236764,4.172147,4.162921,1.6068e-01
dev-long-03,641,108,2.228544e-07,108,108,0.000390,0.000395,2.6019e-01
dev-long-03,642,236913,8.208359e-06,236913,236913,0.011619,0.011189,2.5309e-01
dev-long-03,643,12932,1.418918e-04,818,818,14.471348,14.453935,1.7207e-01
dev-long-03,644,236764,1.791006e-07,236764,236764,0.001270,0.001264,1.4991e-01
dev-long-03,645,528,1.117168e-04,528,528,1.432034,1.435401,2.7165e-01
dev-long-03,646,506,2.606135e-05,506,506,0.460006,0.463452,1.7421e-01
dev-long-03,647,2222,2.142251e-04,13009,13009,6.598955,6.600567,2.3022e-01
dev-long-03,648,81098,1.789444e-04,187336,187336,8.023488,7.994075,2.1003e-01
dev-long-03,649,25317,3.876889e-05,236779,236779,2.805268,2.820172,1.9221e-01
dev-long-03,650,2222,1.130814e-04,564,564,7.224180,7.249643,4.0645e-01
dev-long-03,651,7032,1.662769e-03,81098,81098,5.572546,5.643345,7.0735e-01
dev-long-03,652,25317,9.895601e-07,25317,25317,0.036388,0.036291,1.5851e-01
dev-long-03,653,2222,1.676148e-04,532,532,5.069150,5.068676,2.2095e-01
dev-long-03,654,187336,2.316115e-04,79287,79287,3.095549,3.131323,3.7898e-01
dev-long-03,655,25929,6.067150e-09,25929,25929,0.001771,0.001767,1.2212e-01
dev-long-03,656,25317,5.487081e-05,66891,66891,3.665167,3.725132,2.1370e-01
dev-long-03,657,2222,6.826478e-05,532,532,4.410107,4.377664,1.9331e-01
dev-long-03,658,894,7.000356e-05,42362,42362,13.392714,13.461534,2.8209e-01
dev-long-03,659,236761,1.750181e-05,236761,236761,0.156117,0.153727,2.0209e-01
dev-long-03,660,7502,2.782271e-03,7502,7502,0.659633,0.730578,5.0722e-01
dev-long-03,661,236858,5.699527e-05,236858,236858,0.555045,0.546589,1.9114e-01
dev-long-03,662,236751,1.468840e-07,236751,236751,0.000664,0.000656,1.2269e-01
dev-long-03,663,66891,1.446232e-04,236779,236779,9.847970,9.842466,1.7266e-01
dev-long-03,664,25317,1.011526e-05,236779,236779,2.225882,2.228376,1.6760e-01
dev-long-03,665,107,2.196767e-05,532,532,11.457421,11.468068,2.3915e-01
dev-long-03,666,236779,2.623905e-05,624,624,2.402952,2.388074,2.3869e-01
dev-long-03,667,164334,3.037018e-04,818,818,5.927240,5.950518,3.2575e-01
dev-long-03,668,7074,8.058458e-06,7074,7074,0.043818,0.044453,1.3934e-01
dev-long-03,669,25317,1.568304e-04,25317,25317,0.402736,0.413903,2.2619e-01
dev-long-03,670,2222,7.612238e-05,532,532,2.019201,1.994275,2.7739e-01
dev-long-03,671,21108,2.615291e-05,42362,42362,10.491338,10.390925,3.1752e-01
dev-long-03,672,25317,2.663250e-05,25317,25317,0.143618,0.141616,2.0208e-01
dev-long-03,673,2222,1.001868e-04,532,532,1.608791,1.583639,2.5710e-01
dev-long-03,674,114711,8.341043e-04,42362,42362,13.547468,13.489700,3.6782e-01
dev-long-03,675,25317,1.718686e-05,25317,25317,0.549096,0.552900,1.9430e-01
dev-long-03,676,532,1.120298e-04,532,532,0.304281,0.312847,2.3375e-01
dev-long-03,677,1027,4.182461e-05,506,506,2.888357,2.908497,1.6284e-01
dev-long-03,678,3496,1.569815e-05,1032,1032,4.315360,4.307865,1.2723e-01
dev-long-03,679,600,6.738208e-05,600,600,1.144992,1.154098,1.9027e-01
dev-long-03,680,4583,6.182170e-05,795,795,14.197109,14.199166,1.6270e-01
dev-long-03,681,531,1.553596e-05,531,531,0.080910,0.079827,1.5411e-01
dev-long-03,682,611,9.246589e-06,611,611,0.098396,0.097241,1.5899e-01
dev-long-03,683,1827,7.683642e-06,1827,1827,0.162026,0.161035,1.9902e-01
dev-long-03,684,108,5.740393e-06,108,108,0.012780,0.012863,2.8704e-01
dev-long-03,685,236913,1.305862e-04,236913,236913,0.276494,0.268484,4.0831e-01
dev-long-03,686,26546,9.703872e-05,236776,236776,3.985995,3.977330,1.9543e-01
dev-long-03,687,1388,3.922900e-05,1388,1388,0.213178,0.214124,1.3809e-01
dev-long-03,688,236764,7.854511e-05,1827,1827,1.643194,1.666088,1.4382e-01
dev-long-03,689,17536,9.732220e-06,17536,17536,0.014253,0.014753,1.3700e-01
dev-long-03,690,236761,5.122302e-06,1827,1827,2.689691,2.698675,2.0355e-01
dev-long-03,691,1452,4.662260e-06,564,564,6.617928,6.636908,2.3175e-01
dev-long-03,692,672,1.390598e-04,564,564,6.008828,5.998803,2.5608e-01
dev-long-03,693,10810,3.503164e-04,795,795,3.230628,3.290858,3.2817e-01
dev-long-03,694,9377,6.143931e-05,9377,9377,0.919433,0.911903,1.9666e-01
dev-long-03,695,108,9.582816e-08,108,108,0.000166,0.000162,1.8793e-01
dev-long-03,696,236913,1.752075e-06,236913,236913,0.010631,0.010534,2.7127e-01
dev-long-03,697,24019,1.441658e-04,27252,27252,8.897923,8.835555,1.9611e-01
dev-long-03,698,236764,8.250796e-07,236764,236764,0.004090,0.004150,2.1167e-01
dev-long-03,699,11262,1.088411e-03,56513,56513,8.445880,8.463695,5.1034e-01
dev-long-03,700,236764,2.325481e-05,236761,236761,3.129763,3.160749,1.9139e-01
dev-long-03,701,564,2.163968e-04,506,506,3.111843,3.140724,3.2269e-01
dev-long-03,702,2863,1.320766e-04,4646,4646,2.231626,2.247964,1.3034e-01
dev-long-03,703,2514,2.371792e-05,2514,2514,0.500475,0.500199,1.0847e-01
dev-long-03,704,506,4.827324e-06,625,625,5.124005,5.107847,1.1533e-01
dev-long-03,705,10810,1.089498e-04,60556,60556,1.328049,1.336051,3.6933e-01
dev-long-03,706,236761,9.877670e-05,573,573,3.263167,3.288577,1.2905e-01
dev-long-03,707,10770,3.141730e-06,1030,1030,11.574015,11.593326,2.3794e-01
dev-long-03,708,611,2.615129e-07,611,611,0.000270,0.000281,1.0946e-01
dev-long-03,709,236761,5.185279e-05,236764,236764,5.334585,5.366064,1.5249e-01
dev-long-03,710,1452,8.677270e-05,564,564,3.732766,3.737949,3.1533e-01
dev-long-03,711,236764,5.943899e-05,564,564,5.207871,5.224404,2.9194e-01
dev-long-03,712,564,1.300643e-04,34440,34440,3.046362,3.065681,3.4056e-01
dev-long-03,713,1879,1.245963e-04,4646,4646,7.562504,7.556181,1.3469e-01
dev-long-03,714,236764,5.333806e-06,236764,236764,0.017887,0.017917,2.0187e-01
dev-long-03,715,56513,3.081246e-04,600,600,4.972656,4.986188,2.9168e-01
dev-long-03,716,236764,2.539667e-06,236764,236764,0.005099,0.005176,1.7594e-01
dev-long-03,717,1164,7.594960e-05,611,611,11.661660,11.672131,2.0123e-01
dev-long-03,718,107,1.222800e-04,2514,2514,14.639912,14.622982,1.4733e-01
dev-long-03,719,20786,2.848251e-04,495,495,13.067653,13.075342,2.7147e-01
dev-long-03,720,496,2.821695e-06,5869,5869,3.037837,3.037498,1.7493e-01
dev-long-03,721,60556,1.677480e-04,6290,6290,4.978632,4.869884,2.2599e-01
dev-long-03,722,580,6.681501e-05,573,573,5.919504,5.944352,1.3215e-01
dev-long-03,723,822,7.962233e-06,822,822,0.558749,0.561752,1.5262e-01
dev-long-03,724,1595,7.781090e-06,1595,1595,0.011742,0.011499,1.1612e-01
dev-long-03,725,1063,1.147499e-04,1063,1063,1.012033,1.005610,1.2429e-01
dev-long-03,726,532,5.058798e-05,236761,1827,5.164316,5.156517,1.9462e-01
dev-long-03,727,5264,8.681357e-05,3944,3944,6.286165,6.259225,2.2131e-01
dev-long-03,728,625,1.581203e-06,625,625,0.030842,0.030684,1.6148e-01
dev-long-03,729,1590,3.642234e-05,528,528,6.540171,6.513646,1.2101e-01
dev-long-03,730,607,9.915834e-06,1827,1827,5.731939,5.751248,1.5987e-01
dev-long-03,731,786,5.419935e-05,786,786,0.412194,0.418191,2.7624e-01
dev-long-03,732,236764,1.607448e-05,1827,1827,4.704159,4.721900,1.6782e-01
dev-long-03,733,573,8.960847e-05,573,573,1.706548,1.702820,2.1269e-01
dev-long-03,734,692,5.585721e-05,564,564,2.757934,2.755090,2.2079e-01
dev-long-03,735,1921,2.374483e-05,2863,2863,4.336002,4.301578,1.4007e-01
dev-long-03,736,107,1.211403e-04,735,735,12.518977,12.509873,2.0255e-01
dev-long-03,737,17777,2.474096e-04,17777,17777,0.397633,0.385300,2.2160e-01
dev-long-03,738,886,6.877221e-05,496,496,3.235011,3.249649,1.7669e-01
dev-long-03,739,531,2.657181e-05,573,573,1.821161,1.817535,1.3376e-01
dev-long-03,740,2583,1.865534e-04,1594,1594,4.717453,4.697874,2.0822e-01
dev-long-03,741,531,1.786885e-04,531,531,1.209649,1.193715,2.8112e-01
dev-long-03,742,672,8.236107e-04,506,506,5.908622,5.904577,5.2072e-01
dev-long-03,743,33995,2.661658e-04,33995,33995,1.664754,1.648770,3.2250e-01
dev-long-03,744,528,4.089935e-04,1056,1056,5.444058,5.427855,3.1518e-01
dev-long-03,745,1977,4.097881e-05,506,506,11.180824,11.205298,2.1982e-01
dev-long-03,746,529,6.492631e-08,529,529,0.000443,0.000448,9.5626e-02
dev-long-03,747,506,2.961426e-06,506,506,0.105847,0.105372,1.9104e-01
dev-long-03,748,886,4.072281e-05,886,886,0.307163,0.309558,2.1782e-01
dev-long-03,749,837,3.684764e-05,668,668,5.295411,5.272786,2.1953e-01
dev-long-03,750,822,2.529706e-04,691,691,9.584435,9.551409,1.7610e-01
dev-long-03,751,107,1.057563e-04,6853,6853,12.359779,12.346697,3.4471e-01
dev-long-03,752,10774,1.935083e-04,46208,46208,7.742149,7.748944,3.2207e-01
dev-long-03,753,563,1.437374e-04,815,815,1.953323,1.957431,2.1676e-01
dev-long-03,754,1492,1.245770e-04,9724,9724,2.367019,2.351435,1.2693e-01
dev-long-03,755,2179,1.096352e-04,9724,9724,7.550171,7.548307,1.7675e-01
dev-long-03,756,114833,1.148093e-06,114833,114833,0.002061,0.002001,1.6095e-01
dev-long-03,757,1827,1.968197e-05,1827,1827,0.026985,0.026058,1.5900e-01
dev-long-03,758,108,3.713828e-06,108,108,0.008349,0.008493,2.8783e-01
dev-long-03,759,4420,1.761246e-04,236913,236913,7.114499,7.129960,3.3457e-01
dev-long-03,760,506,1.163279e-04,564,564,1.624143,1.623062,4.2731e-01
dev-long-03,761,10046,8.812857e-04,60556,60556,3.766614,3.601408,6.8510e-01
dev-long-03,762,8189,9.361335e-09,8189,8189,0.000054,0.000053,1.3352e-01
dev-long-03,763,1053,1.771922e-05,1053,1053,0.871929,0.870895,1.3920e-01
dev-long-03,764,8731,4.481194e-05,2378,2378,2.322710,2.313754,1.2950e-01
dev-long-03,765,236764,2.376308e-06,236764,236764,0.014656,0.014872,1.2346e-01
dev-long-03,766,48213,6.252762e-05,48213,48213,0.306144,0.299890,2.6387e-01
dev-long-03,767,3721,7.542043e-05,6812,6812,3.960527,3.952596,1.7653e-01
dev-long-03,768,872,7.722382e-05,506,506,3.628144,3.637829,1.7941e-01
dev-long-03,769,506,6.001019e-06,506,506,0.053931,0.054397,2.3495e-01
dev-long-03,770,10810,1.960391e-04,3730,3730,1.324116,1.336928,3.2906e-01
dev-long-03,771,532,3.634785e-05,236764,236764,1.088476,1.083413,1.7220e-01
dev-long-03,772,4247,2.359721e-05,6812,6812,1.351861,1.342702,1.0496e-01
dev-long-03,773,625,4.492776e-08,625,625,0.000777,0.000772,1.1954e-01
dev-long-03,774,107,1.856252e-05,872,872,15.730509,15.737182,8.9139e-02
dev-long-03,775,59677,2.286505e-04,495,495,3.348914,3.425830,2.4497e-01
dev-long-03,776,506,7.190599e-07,506,506,0.004245,0.004292,1.3237e-01
dev-long-03,777,2214,3.630241e-05,2214,2214,0.385967,0.385436,1.9796e-01
dev-long-03,778,236761,3.618535e-05,236764,236764,1.122903,1.111398,1.2930e-01
dev-long-03,779,999,2.160603e-05,999,999,0.131922,0.131067,2.3261e-01
dev-long-03,780,1509,4.738620e-05,1509,1509,0.531332,0.536413,2.3999e-01
dev-long-03,781,236858,2.615133e-05,563,563,6.334700,6.379190,1.6231e-01
dev-long-03,782,236751,1.316936e-09,236751,236751,0.000002,0.000002,1.7627e-01
dev-long-03,783,496,3.529174e-05,496,496,0.696831,0.698251,2.2997e-01
dev-long-03,784,7326,1.231181e-03,37065,37065,14.692846,14.778747,8.8548e-01
dev-long-03,785,1920,7.182662e-04,1920,1920,0.479299,0.506329,1.4516e-01
dev-long-03,786,3210,7.605334e-05,10810,10810,2.436774,2.437925,1.4329e-01
dev-long-03,787,2130,1.641074e-05,2130,2130,0.998760,0.993940,1.6667e-01
dev-long-03,788,1176,2.289875e-07,668,668,8.301700,8.276654,1.5223e-01
dev-long-03,789,668,6.990044e-07,668,668,0.000990,0.000955,1.7261e-01
dev-long-03,790,236761,2.588052e-04,236761,236761,0.615599,0.597463,2.2353e-01
dev-long-03,791,999,4.474979e-06,999,999,0.013203,0.013299,2.5766e-01
dev-long-03,792,11896,2.196097e-05,4573,4573,9.905327,9.894806,1.4675e-01
dev-long-03,793,1460,1.956906e-04,496,496,9.920176,9.897287,1.6822e-01
dev-long-03,794,1217,2.016246e-05,506,506,1.582670,1.579036,1.2362e-01
dev-long-03,795,625,7.049286e-05,625,625,0.496704,0.505299,1.4707e-01
dev-long-03,796,107,2.426794e-05,49261,49261,12.762376,12.751465,9.9363e-02
dev-long-03,797,3626,8.481724e-04,236765,236765,8.169950,8.232010,2.6904e-01
dev-long-03,798,35732,5.972074e-06,164127,164127,0.943998,0.941866,1.6666e-01
dev-long-03,799,532,4.374033e-05,236761,236761,7.409424,7.403348,1.5085e-01
dev-long-03,800,114896,5.913400e-05,67257,67257,3.026831,3.040801,1.7298e-01
dev-long-03,801,236761,2.195861e-05,1827,1827,0.910270,0.915160,1.7670e-01
dev-long-03,802,5517,4.834178e-05,1030,1030,10.911083,10.918157,2.5797e-01
dev-long-03,803,3003,4.678599e-06,3003,3003,0.019383,0.019729,1.4652e-01
dev-long-03,804,625,8.491250e-07,236764,236764,6.159002,6.161224,1.8085e-01
dev-long-03,805,563,1.520380e-05,563,563,0.359280,0.356578,1.3868e-01
dev-long-03,806,496,3.944076e-05,711,711,1.600193,1.601851,1.9334e-01
dev-long-03,807,31197,1.906250e-04,37065,37065,16.893987,16.933897,3.4109e-01
dev-long-03,808,532,1.577089e-06,529,529,8.058993,8.060990,1.1989e-01
dev-long-03,809,3213,5.908051e-05,496,496,11.597354,11.601717,1.3595e-01
dev-long-03,810,529,3.960865e-05,529,529,0.273814,0.278444,1.0926e-01
dev-long-03,811,12158,3.568383e-05,784,784,12.608470,12.603909,1.9030e-01
dev-long-03,812,236761,1.560331e-05,236764,236764,1.873195,1.869880,1.6531e-01
dev-long-03,813,107,5.454304e-05,1030,1030,9.896623,9.939936,2.4910e-01
dev-long-03,814,13111,2.476548e-05,236777,236777,8.629140,8.617925,2.7041e-01
dev-long-03,815,1535,1.105342e-04,1822,1822,4.830288,4.812838,3.5640e-01
dev-long-03,816,10810,8.431974e-05,56242,56242,4.651822,4.653332,3.3789e-01
dev-long-03,817,563,2.744940e-05,563,563,1.203347,1.208019,1.5811e-01
dev-long-03,818,236761,2.463446e-05,496,496,7.053703,7.081866,1.4740e-01
dev-long-03,819,2195,7.037515e-05,1452,1452,9.149781,9.164252,2.0795e-01
dev-long-03,820,659,4.712509e-05,659,659,0.571614,0.573498,1.4687e-01
dev-long-03,821,506,7.851813e-05,711,711,1.941127,1.941621,2.6837e-01
dev-long-03,822,40450,1.038995e-04,2307,2307,9.997413,10.029858,2.6147e-01
dev-long-03,823,236858,1.301747e-05,236858,236858,0.102960,0.101626,1.5341e-01
dev-long-03,824,236751,3.624684e-09,236751,236751,0.000002,0.000002,1.3373e-01
dev-long-03,825,4493,5.249324e-05,1852,1852,9.484462,9.500143,1.9159e-01
dev-long-03,826,182838,7.555522e-05,1827,1827,11.199961,11.273398,2.3420e-01
dev-long-03,827,236761,4.757381e-05,1827,1827,1.966167,1.976326,1.6044e-01
dev-long-03,828,799,3.292480e-05,2195,2195,5.927429,5.919745,2.4066e-01
dev-long-03,829,506,1.012178e-04,672,672,1.781661,1.771805,2.2286e-01
dev-long-03,830,6268,4.308642e-04,4916,4916,10.370949,10.427575,5.8458e-01
dev-long-03,831,532,8.039101e-05,10165,10165,5.739926,5.741739,2.1378e-01
dev-long-03,832,107,6.834435e-06,919,919,9.525665,9.496257,1.0681e-01
dev-long-03,833,5006,6.364042e-05,5576,5576,10.277269,10.271649,4.5133e-01
dev-long-03,834,76990,6.904736e-05,236764,236764,4.274687,4.273568,2.5148e-01
dev-long-03,835,1418,3.587830e-06,236764,236764,10.468047,10.445010,1.3788e-01
dev-long-03,836,57187,1.346841e-04,36163,36163,3.353715,3.353542,2.4264e-01
dev-long-03,837,1149,5.014525e-05,563,563,7.079063,7.084371,1.1122e-01
dev-long-03,838,1975,3.612295e-05,577,577,10.459721,10.442878,1.0856e-01
dev-long-03,839,573,1.338399e-05,573,573,0.866765,0.861756,1.1263e-01
dev-long-03,840,496,7.563292e-06,496,496,0.147340,0.147588,1.3528e-01
dev-long-03,841,48804,5.386907e-04,43996,43996,7.286192,7.300904,4.9556e-01
dev-long-03,842,28869,1.258113e-04,4083,4083,2.504196,2.482425,2.2441e-01
dev-long-03,843,236761,4.238730e-05,236761,236761,0.678127,0.678301,1.9673e-01
dev-long-03,844,1174,9.748321e-05,1030,1030,1.831686,1.824217,2.2265e-01
dev-long-03,845,10810,5.973452e-05,886,886,3.037433,3.037528,2.5054e-01
dev-long-03,846,563,1.415496e-05,236764,236764,2.473776,2.473793,1.6266e-01
dev-long-03,847,711,3.456674e-04,496,496,2.252478,2.251650,2.5793e-01
dev-long-03,848,107,1.129729e-04,614,614,11.546487,11.516123,2.1273e-01
dev-long-03,849,40253,1.381280e-04,236746,236746,4.999230,4.948506,2.3498e-01
dev-long-03,850,12571,1.021902e-04,236764,236764,13.973403,14.025750,2.4363e-01
dev-long-03,851,1518,9.941819e-05,1518,1518,0.881915,0.891448,1.7318e-01
dev-long-03,852,2255,1.728139e-06,2255,2255,0.027574,0.027711,1.2222e-01
dev-long-03,853,236761,2.428976e-05,236764,236764,1.234053,1.228125,2.1118e-01
dev-long-03,854,1030,2.132357e-05,1030,1030,0.216823,0.219052,2.4441e-01
dev-long-03,855,691,1.976403e-05,563,563,5.215670,5.234588,1.2978e-01
dev-long-03,856,1765,5.938061e-05,496,496,4.221494,4.211433,2.5447e-01
dev-long-03,857,528,7.372081e-05,528,528,0.793517,0.803527,1.4603e-01
dev-long-03,858,506,7.863951e-06,496,496,1.053299,1.052620,2.5463e-01
dev-long-03,859,11196,3.054557e-04,14836,14836,16.223595,16.119438,5.1730e-01
dev-long-03,860,529,2.093255e-06,529,529,0.033691,0.033979,1.3956e-01
dev-long-03,861,506,2.422145e-06,506,506,0.218359,0.218115,2.6362e-01
dev-long-03,862,3013,1.611285e-04,77634,77634,13.739302,13.798133,2.4652e-01
dev-long-03,863,1088,9.456646e-04,1148,1148,12.006488,12.032153,2.9496e-01
dev-long-03,864,7940,5.734716e-04,7940,7940,0.293383,0.312989,1.9851e-01
dev-long-03,865,528,3.623024e-05,236764,236764,2.046433,2.063865,1.5483e-01
dev-long-03,866,107,4.696745e-04,506,506,9.943301,9.923500,2.8175e-01
dev-long-03,867,193166,6.110081e-04,31939,31939,8.653005,8.631447,3.1579e-01
dev-long-03,868,5818,2.283270e-07,5818,5818,0.000469,0.000469,1.2312e-01
dev-long-03,869,532,9.916065e-06,236764,236764,4.849542,4.853474,1.4986e-01
dev-long-03,870,563,5.566761e-05,691,691,2.028055,2.026194,1.8681e-01
dev-long-03,871,19374,8.304888e-05,496,496,7.160670,7.211676,2.1383e-01
dev-long-03,872,528,6.587518e-06,573,573,4.596683,4.605520,1.0312e-01
dev-long-03,873,2963,4.705208e-06,1061,1061,9.224435,9.201579,2.5150e-01
dev-long-03,874,1418,8.667131e-05,1010,1010,14.674317,14.670916,1.1556e-01
dev-long-03,875,13629,1.628053e-05,57187,57187,6.143570,6.146610,1.8958e-01
dev-long-03,876,529,1.855042e-05,529,529,0.328795,0.329323,1.9472e-01
dev-long-03,877,506,3.492486e-05,496,496,1.631030,1.638304,2.0117e-01
dev-long-03,878,107,9.722046e-05,3730,3730,9.813396,9.790059,3.0411e-01
dev-long-03,879,4554,2.917431e-04,6700,6700,3.532543,3.548698,2.1557e-01
dev-long-03,880,59480,1.748927e-06,59480,59480,0.001321,0.001254,2.7342e-01
dev-long-03,881,2700,6.613601e-08,2700,2700,0.000097,0.000101,1.2043e-01
dev-long-03,882,236764,2.591097e-05,236761,236761,1.496602,1.500098,1.7463e-01
dev-long-03,883,5383,2.897495e-05,3635,3635,5.720976,5.742843,1.5798e-01
dev-long-03,884,600,9.103843e-06,573,573,1.348532,1.343408,1.2448e-01
dev-long-03,885,625,2.766434e-06,625,625,0.079969,0.080135,1.8116e-01
dev-long-03,886,563,4.591745e-06,563,563,0.119102,0.119809,8.9557e-02
dev-long-03,887,3730,3.269088e-05,496,496,7.033706,7.004361,1.4391e-01
dev-long-03,888,528,5.526793e-05,236764,236764,4.785269,4.807190,1.8221e-01
dev-long-03,889,23791,1.149178e-04,506,506,6.676281,6.669496,1.9739e-01
dev-long-03,890,5205,2.234295e-05,236764,236764,5.232712,5.203584,1.7757e-01
dev-long-03,891,529,7.085103e-07,529,529,0.000504,0.000529,1.0972e-01
dev-long-03,892,70881,2.346443e-05,2604,2604,6.227242,6.223001,1.1996e-01
dev-long-03,893,2604,5.880752e-05,1827,1827,4.015741,4.024478,1.8989e-01
dev-long-03,894,236761,4.641067e-05,1827,1827,1.395421,1.401526,1.7645e-01
dev-long-03,895,799,4.017416e-05,1030,1030,3.871458,3.865019,3.4570e-01
dev-long-03,896,28719,2.730695e-04,506,506,8.669109,8.664669,2.2877e-01
dev-long-03,897,107,8.887607e-09,529,529,15.167320,15.153016,1.2307e-01
dev-long-03,898,1340,3.241894e-06,1340,1340,0.007796,0.007904,2.5379e-01
dev-long-03,899,1061,1.088217e-04,1061,1061,0.300141,0.303346,2.9264e-01
dev-long-03,900,10974,2.779317e-04,10974,10974,1.488883,1.469805,3.2338e-01
dev-long-03,901,236764,2.491565e-06,236764,236764,0.113234,0.113973,1.3332e-01
dev-long-03,902,625,1.041722e-05,625,625,0.294371,0.296581,2.1956e-01
dev-long-03,903,815,3.482281e-05,41041,41041,1.413016,1.414318,1.0927e-01
dev-long-03,904,3016,7.096131e-05,496,496,3.536425,3.539568,1.2384e-01
dev-long-03,905,496,1.154183e-04,1010,1010,8.892451,8.901603,1.1807e-01
dev-long-03,906,99870,1.832973e-04,4083,4083,9.642929,9.598431,2.7464e-01
dev-long-03,907,4083,1.614530e-05,4083,4083,0.272205,0.271374,1.2448e-01
dev-long-03,908,236761,1.392091e-05,1827,1827,1.317374,1.317467,1.6429e-01
dev-long-03,909,2085,8.559770e-05,1030,1030,7.432350,7.425885,3.1408e-01
dev-long-03,910,735,6.702680e-06,563,563,6.145505,6.140554,1.1236e-01
dev-long-03,911,1010,2.193712e-06,1010,1010,0.002489,0.002552,2.3105e-01
dev-long-03,912,1156,5.727647e-05,7248,7248,8.322321,8.309061,2.1795e-01
dev-long-03,913,107,6.965816e-05,1032,1032,12.919113,12.920124,2.0241e-01
dev-long-03,914,46955,1.535788e-03,27923,27923,8.958434,8.904113,5.0777e-01
dev-long-03,915,14425,1.175613e-06,14425,14425,0.002304,0.002365,1.7259e-01
dev-long-03,916,236764,1.933138e-05,5143,5143,5.541687,5.545311,8.6246e-02
dev-long-03,917,496,7.737695e-05,532,532,5.795593,5.802456,1.9904e-01
dev-long-03,918,8160,2.620597e-04,880,880,20.690009,20.667140,3.2911e-01
dev-long-03,919,202676,9.583560e-06,202676,202676,0.249483,0.248705,1.0443e-01
dev-long-03,920,236772,4.329480e-05,236772,236772,1.013083,1.008122,1.2547e-01
dev-long-03,921,181900,3.658147e-04,120069,120069,8.751147,8.784654,3.4112e-01
dev-long-03,922,236764,7.458722e-05,236764,236764,1.410737,1.417328,1.5884e-01
dev-long-03,923,496,9.081399e-06,532,532,3.906719,3.888734,2.0039e-01
dev-long-03,924,29101,1.983597e-04,880,880,6.464534,6.517930,3.8178e-01
dev-long-03,925,236764,2.643300e-05,236764,236764,0.170251,0.169174,1.7406e-01
dev-long-03,926,532,1.123398e-04,1800,1800,1.747590,1.769886,1.7011e-01
dev-long-03,927,3131,9.112851e-05,496,496,4.037471,4.044236,2.5807e-01
dev-long-03,928,179065,1.260346e-04,1032,1032,4.245905,4.248079,2.3647e-01
dev-long-03,929,6111,2.816253e-05,5143,5143,10.494335,10.494566,1.1271e-01
dev-long-03,930,107,1.638558e-05,1003,1003,11.302261,11.291079,7.8843e-02
dev-long-03,931,9869,1.047196e-04,1071,1071,4.622734,4.612374,2.4264e-01
dev-long-03,932,573,4.044593e-07,684,684,9.528083,9.525304,1.3208e-01
dev-long-03,933,506,5.680905e-05,672,672,2.354888,2.345123,1.3904e-01
dev-long-03,934,24273,3.479430e-04,13783,13783,4.031964,4.037562,5.4616e-01
dev-long-03,935,529,4.303370e-09,529,529,0.000105,0.000104,7.9259e-02
dev-long-03,936,672,2.974699e-03,506,625,1.937631,1.818682,6.8576e-01
dev-long-03,937,28959,1.065861e-04,10810,10810,16.455748,16.459121,2.2061e-01
dev-long-03,938,236772,4.884741e-06,236772,236772,0.005591,0.005739,2.5773e-01
dev-long-03,939,99208,1.951441e-05,3704,3704,14.704761,14.604129,3.6600e-01
dev-long-03,940,3825,2.140130e-04,10810,10810,9.879762,9.934418,2.9012e-01
dev-long-03,941,529,2.384459e-05,1827,1827,2.633536,2.615584,2.1055e-01
dev-long-03,942,22453,2.795713e-04,10810,10810,8.316802,8.362188,2.7002e-01
dev-long-03,943,2470,2.051933e-06,2470,2470,0.007737,0.007841,9.6865e-02
dev-long-03,944,45450,1.275095e-04,16966,16966,12.041417,12.064123,2.2075e-01
dev-long-03,945,236761,5.022008e-06,236761,236761,0.708268,0.706795,1.9187e-01
dev-long-03,946,107,4.857249e-05,1030,1030,9.855979,9.857186,2.5666e-01
dev-long-03,947,15938,5.306812e-05,2094,2094,9.744332,9.713124,2.5192e-01
dev-long-03,948,1093,7.078419e-05,10077,10077,1.476127,1.476889,1.9921e-01
dev-long-03,949,1751,1.295007e-04,611,611,3.366106,3.374064,1.6964e-01
dev-long-03,950,600,1.137252e-05,600,600,0.248888,0.250208,1.8328e-01
dev-long-03,951,834,3.062825e-05,1288,1288,5.180744,5.182081,2.3647e-01
dev-long-03,952,5497,5.428771e-05,1944,1944,10.310348,10.289758,1.0975e-01
dev-long-03,953,496,3.566026e-07,496,496,0.013412,0.013368,1.3360e-01
dev-long-03,954,18935,5.213577e-04,10810,10810,5.048913,5.085174,3.1627e-01
dev-long-03,955,1093,6.593653e-05,1451,1451,4.990570,4.972398,1.9870e-01
dev-long-03,956,577,2.631953e-05,577,577,0.517143,0.517954,1.2471e-01
dev-long-03,957,496,8.582094e-05,496,496,0.606897,0.611109,1.9339e-01
dev-long-03,958,2076,3.769539e-04,31197,31197,11.983932,11.971259,2.2800e-01
dev-long-03,959,187592,5.471126e-07,187592,187592,0.001794,0.001838,1.5794e-01
dev-long-03,960,531,3.000091e-06,529,529,4.332499,4.312033,1.0500e-01
dev-long-03,961,506,3.796855e-06,1288,1288,5.856007,5.845735,1.0758e-01
dev-long-03,962,549,1.512272e-04,1346,1346,8.642115,8.620988,1.7386e-01
dev-long-03,963,56201,5.788947e-07,56201,56201,0.000407,0.000427,1.4710e-01
dev-long-03,964,107,3.349412e-05,1827,1827,16.673445,16.670279,1.5550e-01
dev-long-03,965,624,4.101144e-04,624,624,0.116940,0.126034,2.8887e-01
dev-long-03,966,506,3.031102e-05,506,506,0.130378,0.132360,1.9231e-01
dev-long-03,967,10894,1.330118e-04,23674,23674,4.468235,4.458977,2.1518e-01
dev-long-03,968,236881,3.156707e-05,9377,9377,3.421608,3.420153,2.0486e-01
dev-long-03,969,564,1.069172e-04,1030,1030,3.185480,3.203321,1.9730e-01
dev-long-03,970,236858,9.870722e-05,1006,1006,6.944092,6.952431,1.6003e-01
dev-long-03,971,859,1.027226e-04,560,560,2.142626,2.170856,1.0124e-01
dev-long-03,972,6623,1.318569e-04,2514,2514,9.738755,9.723964,1.6484e-01
dev-long-03,973,625,1.493334e-06,625,625,0.016543,0.016701,1.1940e-01
dev-long-03,974,872,5.681785e-06,3121,3121,3.008746,3.007379,8.8123e-02
dev-long-03,975,528,1.553824e-05,573,573,1.395280,1.399838,1.0007e-01
dev-long-03,976,1041,8.464982e-06,1041,1041,0.691873,0.695235,1.3367e-01
dev-long-03,977,3188,8.203871e-05,6338,6338,2.913637,2.929931,1.7960e-01
dev-long-03,978,3673,1.394666e-04,236772,236772,1.574801,1.570300,1.5563e-01
dev-long-03,979,1492,2.732182e-05,573,573,9.062904,9.079738,1.4125e-01
dev-long-03,980,532,2.683556e-05,1827,1827,7.343849,7.356421,1.6315e-01
dev-long-03,981,7266,9.937235e-05,10849,10849,13.136509,13.102804,1.1467e-01
dev-long-03,982,496,7.652164e-05,625,625,4.332857,4.320423,1.5687e-01
dev-long-03,983,1757,2.000176e-04,5433,5433,2.663599,2.654914,2.8112e-01
dev-long-03,984,531,3.421277e-07,531,531,0.004281,0.004316,8.9207e-02
dev-long-03,985,107,1.200085e-04,506,506,11.790294,11.827963,2.8747e-01
dev-long-03,986,1437,4.565610e-05,1437,1437,0.707957,0.708127,2.6343e-01
dev-long-03,987,146807,1.848110e-04,146807,146807,0.568879,0.569136,3.1380e-01
dev-long-03,988,531,2.968039e-05,529,529,4.711073,4.737699,1.4877e-01
dev-long-03,989,1879,4.444363e-05,1573,1573,4.628676,4.610587,1.0076e-01
dev-long-03,990,600,6.998948e-06,600,600,0.226218,0.225876,1.3117e-01
dev-long-03,991,692,6.813020e-06,564,564,4.421206,4.417418,2.3455e-01
dev-long-03,992,735,9.870654e-06,735,735,0.092204,0.091460,1.2183e-01
dev-long-03,993,625,4.868873e-05,625,625,1.520501,1.522016,1.5409e-01
dev-long-03,994,1827,2.338459e-05,1827,1827,0.076679,0.075210,1.8315e-01
dev-long-03,995,108,4.676671e-05,108,108,0.033320,0.034975,2.6866e-01
dev-long-03,996,236913,2.746248e-04,2094,2094,5.343594,5.390311,2.9401e-01
dev-long-03,997,6294,7.652867e-05,236776,236776,5.800667,5.821339,2.5600e-01
dev-long-03,998,611,1.436353e-06,611,611,0.005729,0.005775,1.6344e-01
dev-long-03,999,1751,1.911266e-05,1751,1751,0.093136,0.093805,1.3745e-01
dev-long-03,1000,600,6.589180e-05,625,625,2.407907,2.395555,2.1199e-01
dev-long-03,1001,672,2.789286e-04,625,625,2.016553,2.016973,3.0362e-01
dev-long-03,1002,880,6.479144e-04,795,795,6.056913,6.115492,6.0914e-01
dev-long-03,1003,151504,6.135994e-05,563,563,19.338430,19.366434,2.6517e-01
dev-long-03,1004,563,1.168215e-04,236764,236764,1.560581,1.583747,1.9087e-01
dev-long-03,1005,32884,2.443212e-04,6638,6638,4.183545,4.204632,2.4214e-01
dev-long-03,1006,9377,1.067217e-06,9377,9377,0.018357,0.018249,1.4644e-01
dev-long-03,1007,108,5.679800e-08,108,108,0.000107,0.000104,1.9586e-01
dev-long-03,1008,236913,6.150219e-06,236913,236913,0.005633,0.005374,2.2532e-01
dev-long-03,1009,236777,6.821067e-05,38532,38532,1.178829,1.183526,2.1948e-01
dev-long-03,1010,3914,6.873287e-05,776,776,1.584497,1.581437,1.1337e-01
dev-long-03,1011,3442,4.398672e-06,1879,1879,3.828412,3.830115,1.1511e-01
dev-long-03,1012,1827,2.884295e-05,611,611,3.558087,3.541565,1.5033e-01
dev-long-03,1013,108,2.293882e-06,108,108,0.003577,0.003621,2.5817e-01
dev-long-03,1014,236913,2.209291e-04,13513,13513,1.267630,1.239046,3.3238e-01
dev-long-03,1015,13086,1.125308e-04,3133,3133,3.749886,3.770581,2.3372e-01
dev-long-03,1016,236764,4.898899e-07,236764,236764,0.006727,0.006700,1.7489e-01
dev-long-03,1017,1299,2.858218e-04,17536,17536,4.745994,4.756261,2.6937e-01
dev-long-03,1018,236764,7.971819e-06,9377,9377,1.522761,1.524154,1.6275e-01
dev-long-03,1019,776,1.235556e-04,692,692,7.541488,7.556207,2.9485e-01
dev-long-03,1020,611,8.572229e-07,611,611,0.004658,0.004716,5.4874e-02
dev-long-03,1021,14011,1.786533e-05,1751,1751,9.464657,9.449649,1.0451e-01
dev-long-03,1022,600,4.826176e-05,668,668,0.946791,0.937520,1.9192e-01
dev-long-03,1023,672,1.042935e-04,3186,3186,1.902754,1.893453,1.5949e-01
dev-corpus-00,1024,22903,1.703422e-06,578,578,22.470330,22.468663,1.4538e-02
dev-corpus-00,1025,36189,1.184704e-07,529,529,16.216931,16.218653,1.4940e-02
dev-corpus-00,1026,12307,1.553660e-07,2876,2876,3.726160,3.726633,1.8246e-02
dev-corpus-00,1027,568,4.383375e-07,236764,236764,3.134531,3.132716,1.7134e-02
dev-corpus-00,1028,60904,3.449417e-06,236774,236774,37.940240,37.960790,3.3424e-02
dev-corpus-00,1029,1031,2.262362e-07,236768,236768,10.085126,10.083124,1.7087e-02
dev-corpus-00,1030,23468,5.855037e-08,23468,23468,0.655567,0.655291,1.1998e-02
dev-corpus-00,1031,1732,5.626567e-08,236768,236768,4.218032,4.219259,1.1172e-02
dev-corpus-00,1032,578,9.064362e-07,563,563,3.629286,3.627031,1.8749e-02
dev-corpus-00,1033,236743,9.397444e-06,22903,22903,5.811451,5.813969,1.8387e-02
dev-corpus-00,1034,107,8.323890e-07,236770,236770,2.105873,2.106584,1.8598e-02
dev-corpus-00,1035,236743,2.908349e-06,236784,236784,3.458953,3.458278,1.9382e-02
dev-corpus-00,1036,107,1.693946e-08,107,107,0.010853,0.010843,1.5208e-02
dev-corpus-00,1037,22903,1.636542e-06,236743,236743,5.314917,5.320019,1.9435e-02
dev-corpus-00,1038,36189,2.626075e-08,36189,36189,0.004734,0.004725,2.0905e-02
dev-corpus-00,1039,12307,1.303920e-10,12307,12307,0.000048,0.000048,8.2290e-03
dev-corpus-00,1040,568,2.942668e-07,568,568,0.035966,0.035829,1.1875e-02
dev-corpus-00,1041,51878,3.792702e-09,60904,60904,21.258189,21.262250,1.0686e-02
dev-corpus-00,1042,1017,1.308302e-06,236764,236764,5.031847,5.035985,1.8100e-02
dev-corpus-00,1043,135509,5.059268e-07,135509,135509,0.589025,0.588965,1.1598e-02
dev-corpus-00,1044,190201,5.957739e-09,190201,190201,0.000840,0.000840,2.4622e-02
dev-corpus-00,1045,1732,3.984903e-07,236768,236768,2.185769,2.187673,1.5244e-02
dev-corpus-00,1046,563,4.694511e-07,563,563,0.546149,0.546539,2.3026e-02
dev-corpus-00,1047,496,2.805984e-07,496,496,0.053324,0.053158,1.5108e-02
dev-corpus-00,1048,94386,1.639916e-06,33951,33951,9.483674,9.478396,1.2880e-02
dev-corpus-00,1049,617,2.292348e-12,617,617,0.000000,0.000000,1.1700e-02
dev-corpus-00,1050,125039,8.455366e-07,19231,19231,3.628291,3.628667,1.9118e-02
dev-corpus-00,1051,5628,2.076213e-07,5628,5628,0.104154,0.104307,1.6639e-02
dev-corpus-00,1052,657,8.980014e-11,528,528,7.170302,7.170022,7.6709e-03
dev-corpus-00,1053,236743,1.405526e-08,236743,236743,0.036894,0.036904,9.6881e-03
dev-corpus-00,1054,236770,3.291874e-08,236770,236770,0.377760,0.377719,1.5913e-02
dev-corpus-00,1055,236770,1.727826e-08,236771,236771,1.967297,1.967099,8.0770e-03
dev-corpus-00,1056,236832,1.956119e-07,236771,236771,3.752451,3.752558,1.1376e-02
dev-corpus-00,1057,236810,4.349324e-07,236771,236771,1.788578,1.788240,1.1290e-02
dev-corpus-00,1058,7123,1.017262e-06,645,645,6.385278,6.385216,1.6329e-02
dev-corpus-00,1059,236743,1.380272e-06,236743,236743,2.445935,2.448711,1.6365e-02
dev-corpus-00,1060,236778,5.324636e-08,236770,236770,2.799388,2.800168,2.8056e-02
dev-corpus-00,1061,236819,3.377650e-08,523,523,7.988003,7.986596,1.3644e-02
dev-corpus-00,1062,594,2.087220e-09,594,594,0.000153,0.000152,1.5358e-02
dev-corpus-00,1063,17463,9.140965e-07,6718,6718,2.338181,2.335344,1.2099e-02
dev-corpus-00,1064,528,6.031874e-08,528,528,0.248164,0.248324,2.1860e-02
dev-corpus-00,1065,60904,1.091267e-08,60904,60904,0.006619,0.006628,3.3999e-02
dev-corpus-00,1066,1031,1.904240e-10,236764,236764,12.284950,12.284871,1.4141e-02
dev-corpus-00,1067,23468,3.216330e-08,23468,23468,0.012073,0.012060,1.8743e-02
dev-corpus-00,1068,783,1.718527e-08,236761,236761,2.315200,2.314688,1.4459e-02
dev-corpus-00,1069,84225,8.929061e-07,1030,1030,7.110584,7.105837,1.7533e-02
dev-corpus-00,1070,528,1.735941e-07,528,528,0.113586,0.113773,1.0775e-02
dev-corpus-00,1071,506,1.203900e-08,236743,236743,5.131819,5.130153,1.3617e-02
dev-corpus-00,1072,3649,1.476030e-06,3649,3649,0.415249,0.414878,2.0428e-02
dev-corpus-00,1073,236743,2.386489e-09,236743,236743,0.001989,0.001990,1.3057e-02
dev-corpus-00,1074,236770,2.924113e-10,236778,236778,1.136028,1.135993,1.3823e-02
dev-corpus-00,1075,236819,2.483658e-09,236819,236819,0.001109,0.001106,1.2882e-02
dev-corpus-00,1076,236800,4.927575e-07,236771,236771,3.844414,3.841661,1.1644e-02
dev-corpus-00,1077,236771,1.199830e-12,236771,236771,0.000001,0.000001,5.9724e-03
dev-corpus-00,1078,236751,1.645078e-10,236751,236751,0.000029,0.000029,9.7525e-03
dev-corpus-00,1079,618,9.342781e-08,236764,236764,7.916504,7.918388,1.4728e-02
dev-corpus-00,1080,496,2.350981e-06,496,496,0.234568,0.235484,2.8296e-02
dev-corpus-00,1081,57577,1.864636e-05,33951,33951,4.987859,5.002539,4.1932e-02
dev-corpus-00,1082,57505,8.160406e-08,57505,57505,0.074768,0.074749,2.3462e-02
dev-corpus-00,1083,1031,5.317157e-07,236764,236764,10.471551,10.467947,1.5171e-02
dev-corpus-00,1084,36189,5.052596e-07,625,625,10.730243,10.730925,1.7777e-02
dev-corpus-00,1085,12307,2.086242e-10,12307,12307,0.000042,0.000043,1.1802e-02
dev-corpus-00,1086,691,5.479070e-06,7779,7779,1.639647,1.644186,2.3478e-02
dev-corpus-00,1087,573,6.123920e-06,3209,3209,9.264191,9.269550,2.7622e-02
dev-corpus-00,1088,1551,6.778916e-07,496,496,2.630576,2.627598,1.4935e-02
dev-corpus-00,1089,13013,4.224724e-08,1518,1518,3.488435,3.489890,9.3613e-03
dev-corpus-00,1090,506,2.311060e-07,496,496,3.807128,3.808936,1.9402e-02
dev-corpus-00,1091,1186,2.633951e-06,5905,5905,3.753053,3.749680,1.5543e-02
dev-corpus-00,1092,125039,1.165141e-06,19231,19231,5.169810,5.173236,1.8922e-02
dev-corpus-00,1093,528,2.863657e-08,528,528,0.069513,0.069562,1.4670e-02
dev-corpus-00,1094,60904,2.203711e-08,60904,60904,0.177133,0.177119,1.9323e-02
dev-corpus-00,1095,783,1.169691e-06,236764,236764,3.924135,3.920203,1.7874e-02
dev-corpus-00,1096,236743,9.470555e-07,1030,1030,4.045615,4.045575,2.0249e-02
dev-corpus-00,1097,107,3.728750e-08,107,107,0.047862,0.047805,1.5160e-02
dev-corpus-00,1098,669,4.382319e-08,236743,236743,12.851216,12.853358,1.8870e-02
dev-corpus-00,1099,57505,7.208613e-07,57505,57505,0.220353,0.220890,1.3905e-02
dev-corpus-00,1100,14877,1.732415e-06,130661,130661,5.527146,5.527756,2.4487e-02
dev-corpus-00,1101,127272,7.907935e-07,7779,7779,5.646163,5.646151,1.3237e-02
dev-corpus-00,1102,528,2.287803e-06,528,528,0.161997,0.162558,1.8346e-02
dev-corpus-00,1103,496,9.439287e-07,496,496,0.331735,0.332171,1.9979e-02
dev-corpus-00,1104,16952,1.359186e-06,54277,54277,6.694069,6.695227,1.3436e-02
dev-corpus-00,1105,3155,2.606308e-06,3788,3788,2.927630,2.929169,1.1455e-02
dev-corpus-00,1106,580,1.837145e-06,236761,236761,3.272816,3.268543,1.9164e-02
dev-corpus-00,1107,4844,6.041304e-07,506,506,3.273221,3.273037,1.5757e-02
dev-corpus-00,1108,85797,3.028335e-07,236743,236743,9.025276,9.025488,1.6633e-02
dev-corpus-00,1109,6718,3.166210e-07,6718,6718,0.049101,0.049278,1.4180e-02
dev-corpus-00,1110,783,6.399938e-07,236761,236761,5.289862,5.287239,2.3904e-02
dev-corpus-00,1111,1030,4.925682e-06,7178,7178,4.714332,4.714555,1.9718e-02
dev-corpus-00,1112,14494,1.379123e-06,3209,3209,12.871979,12.873121,1.5081e-02
dev-corpus-00,1113,1061,5.684192e-07,1061,1061,0.299168,0.298553,2.1234e-02
dev-corpus-00,1114,1171,7.572851e-07,1171,1171,0.208541,0.208004,1.2403e-02
dev-corpus-00,1115,3788,9.589441e-07,11554,11554,4.894337,4.893966,1.2803e-02
dev-corpus-00,1116,580,3.232780e-07,528,528,1.139928,1.140853,1.1562e-02
dev-corpus-00,1117,30128,1.518801e-06,4844,4844,9.305833,9.302994,1.8818e-02
dev-corpus-00,1118,6718,2.337554e-07,17463,17463,3.118605,3.116353,1.3182e-02
dev-corpus-00,1119,528,6.251163e-07,528,528,1.026819,1.027898,1.4436e-02
dev-corpus-00,1120,236743,8.797346e-09,506,506,2.063227,2.063540,1.1533e-02
dev-corpus-00,1121,236770,5.102052e-11,236770,236770,0.000026,0.000026,1.0185e-02
dev-corpus-00,1122,236819,2.433061e-09,236819,236819,0.000341,0.000340,1.2192e-02
dev-corpus-00,1123,236810,1.404816e-07,236812,236812,2.085579,2.085282,9.5773e-03
dev-corpus-00,1124,236778,8.846193e-08,236771,236771,2.071412,2.071655,8.7278e-03
dev-corpus-00,1125,1031,6.583181e-07,236761,236761,7.763072,7.763368,1.2853e-02
dev-corpus-00,1126,532,1.684507e-07,532,532,0.151030,0.151077,1.8928e-02
dev-corpus-00,1127,21907,1.618059e-07,3209,3209,11.379346,11.378607,9.9063e-03
dev-corpus-00,1128,1061,1.187006e-06,1061,1061,0.352701,0.351884,1.7305e-02
dev-corpus-00,1129,1873,2.717614e-08,1873,1873,0.059567,0.059574,1.2897e-02
dev-corpus-00,1130,193257,1.972697e-07,4563,4563,15.734300,15.732770,9.3770e-03
dev-corpus-00,1131,1392,6.208037e-09,236772,236772,23.229486,23.228843,1.2050e-02
dev-corpus-00,1132,236772,1.051223e-06,18663,18663,8.871466,8.874002,1.6918e-02
dev-corpus-00,1133,236940,1.243813e-07,94636,94636,19.047749,19.055006,1.4616e-02
dev-corpus-00,1134,53003,5.134149e-07,19743,19743,4.679252,4.678141,1.8214e-02
dev-corpus-00,1135,8848,9.822776e-08,10056,10056,5.898573,5.899457,1.1333e-02
dev-corpus-00,1136,528,6.924921e-07,528,528,0.383394,0.382876,1.3970e-02
dev-corpus-00,1137,236743,3.708247e-08,236743,236743,0.031280,0.031314,1.3661e-02
dev-corpus-00,1138,236778,7.423104e-07,236770,236770,3.131075,3.125379,1.7107e-02
dev-corpus-00,1139,236771,1.455679e-09,236771,236771,0.000058,0.000058,2.5292e-02
dev-corpus-00,1140,236771,2.056772e-07,236771,236771,0.169692,0.169961,1.0339e-02
dev-corpus-00,1141,236828,5.662277e-08,236770,236770,2.413092,2.413305,1.6554e-02
dev-corpus-00,1142,783,2.989840e-07,236761,236761,3.464288,3.460117,1.4062e-02
dev-corpus-00,1143,236743,4.911207e-07,107,107,2.285754,2.287972,2.1252e-02
dev-corpus-00,1144,107,3.621519e-07,107,107,0.065627,0.065849,1.4631e-02
dev-corpus-00,1145,799,5.255165e-06,236743,236743,10.668018,10.690702,4.3427e-02
dev-corpus-00,1146,506,3.756089e-06,236743,236743,1.982234,1.977387,2.6182e-02
dev-corpus-00,1147,3649,3.773360e-06,57505,57505,2.278459,2.282393,1.9509e-02
dev-corpus-00,1148,236743,6.460890e-09,236743,236743,0.001519,0.001521,1.8460e-02
dev-corpus-00,1149,236770,1.107007e-05,236770,236770,0.666252,0.661685,2.4544e-02
dev-corpus-00,1150,236819,1.149611e-09,236819,236819,0.000058,0.000058,1.8611e-02
dev-corpus-00,1151,236819,2.052565e-06,236819,236819,0.664876,0.664580,2.5826e-02
dev-corpus-00,1152,236771,4.448689e-11,236771,236771,0.000014,0.000014,1.4194e-02
dev-corpus-00,1153,236751,1.240187e-11,236751,236751,0.000010,0.000010,1.2749e-02
dev-corpus-00,1154,12160,1.832550e-08,236764,236764,18.975458,18.983130,1.7776e-02
dev-corpus-00,1155,1534,3.392132e-06,5378,5378,3.899376,3.894420,1.7695e-02
dev-corpus-00,1156,65248,1.087389e-05,506,506,13.321554,13.333981,3.6500e-02
dev-corpus-00,1157,532,6.878647e-08,532,532,0.032317,0.032266,1.3901e-02
dev-corpus-00,1158,6672,3.294050e-07,6672,6672,0.273772,0.273416,1.1666e-02
dev-corpus-00,1159,3295,1.927247e-07,617,617,8.383831,8.378731,1.3189e-02
dev-corpus-00,1160,5378,1.124366e-06,5378,5378,0.063063,0.062919,2.1236e-02
dev-corpus-00,1161,531,2.577154e-07,531,531,0.016186,0.016268,2.0664e-02
dev-corpus-00,1162,506,8.470862e-07,496,496,3.223611,3.222604,2.5277e-02
dev-corpus-00,1163,9014,1.981347e-05,57505,57505,11.558712,11.564395,3.7365e-02
dev-corpus-00,1164,9542,8.367275e-07,2299,2299,2.613842,2.613085,1.2074e-02
dev-corpus-00,1165,36189,2.909286e-07,506,506,8.272831,8.273159,1.9798e-02
dev-corpus-00,1166,12307,3.245041e-10,12307,12307,0.000018,0.000018,2.2144e-02
dev-corpus-00,1167,1031,3.370005e-06,236761,236761,8.256751,8.252686,2.3654e-02
dev-corpus-00,1168,532,2.220277e-06,532,532,0.914741,0.914426,2.4183e-02
dev-corpus-00,1169,18911,9.921575e-07,506,506,10.160063,10.148220,3.4561e-02
dev-corpus-00,1170,506,2.655626e-07,496,496,3.303997,3.303050,1.5993e-02
dev-corpus-00,1171,58810,1.096773e-05,22903,22903,5.779863,5.791953,5.4985e-02
dev-corpus-00,1172,171740,4.340939e-07,57505,57505,3.722735,3.723039,1.7216e-02
dev-corpus-00,1173,562,1.036771e-06,529,529,9.925739,9.920851,1.6985e-02
dev-corpus-00,1174,7590,3.191548e-07,7590,7590,0.381178,0.381342,2.0074e-02
dev-corpus-00,1175,527,1.801804e-06,651,651,5.032544,5.027893,9.4733e-03
dev-corpus-00,1176,73706,1.259151e-08,895,895,9.208759,9.209560,1.2510e-02
dev-corpus-00,1177,783,4.117767e-06,528,528,13.050452,13.059493,3.5550e-02
dev-corpus-00,1178,36189,2.473914e-07,107,107,6.478173,6.487649,1.5986e-02
dev-corpus-00,1179,12307,1.364499e-10,12307,12307,0.000031,0.000031,1.5821e-02
dev-corpus-00,1180,3588,1.088210e-06,21211,21211,14.067151,14.067371,1.6297e-02
dev-corpus-00,1181,1208,4.718654e-09,531,531,6.743831,6.741637,1.6438e-02
dev-corpus-00,1182,4657,1.060921e-06,506,506,14.951188,14.958646,2.2477e-02
dev-corpus-00,1183,699,2.909363e-07,699,699,0.284131,0.283754,9.7489e-03
dev-corpus-00,1184,53126,1.825014e-06,506,506,7.801664,7.804980,2.5363e-02
dev-corpus-00,1185,1392,7.233819e-11,236772,236772,34.343947,34.341345,1.3829e-02
dev-corpus-00,1186,236772,1.572263e-07,236772,236772,0.061236,0.061278,2.0460e-02
dev-corpus-00,1187,236940,1.918899e-08,236940,236940,0.089388,0.089340,1.4972e-02
dev-corpus-00,1188,54077,2.792384e-06,30268,30268,4.624516,4.625983,2.0833e-02
dev-corpus-00,1189,3295,6.545161e-07,4402,4402,9.748792,9.752062,1.7093e-02
dev-corpus-00,1190,529,7.458943e-07,528,528,4.954927,4.951960,1.7678e-02
dev-corpus-00,1191,506,1.125625e-06,506,506,0.133649,0.134132,2.9449e-02
dev-corpus-00,1192,116663,6.960139e-06,2263,2263,22.373968,22.381444,2.6833e-02
dev-corpus-00,1193,7171,4.280770e-07,42028,42028,4.833835,4.835106,1.2134e-02
dev-corpus-00,1194,10911,6.714570e-07,528,528,14.089279,14.092521,2.6236e-02
dev-corpus-00,1195,1031,1.161961e-06,236761,236761,10.204001,10.200519,1.6932e-02
dev-corpus-00,1196,528,1.414779e-06,840,840,2.742107,2.740779,1.4865e-02
dev-corpus-00,1197,236743,4.458444e-07,506,506,1.579722,1.577954,1.6127e-02
dev-corpus-00,1198,236770,4.422655e-08,236770,236770,0.008594,0.008621,1.4345e-02
dev-corpus-00,1199,236819,8.183919e-10,236819,236819,0.000094,0.000094,1.6485e-02
dev-corpus-00,1200,236819,1.206798e-05,236800,236800,2.057888,2.050166,2.7142e-02
dev-corpus-00,1201,236812,1.637559e-07,236770,236770,2.218654,2.218369,7.7624e-03
dev-corpus-00,1202,532,5.585964e-09,532,532,0.000665,0.000663,1.4738e-02
dev-corpus-00,1203,1570,1.995662e-08,236743,236743,4.395561,4.394492,1.5699e-02
dev-corpus-00,1204,528,8.337728e-09,528,528,0.010927,0.010925,1.1952e-02
dev-corpus-00,1205,236743,1.026484e-08,236743,236743,0.002473,0.002466,1.0518e-02
dev-corpus-00,1206,236778,7.982831e-08,236778,236778,0.047657,0.047745,2.1753e-02
dev-corpus-00,1207,236771,3.709763e-11,236771,236771,0.000027,0.000027,9.5544e-03
dev-corpus-00,1208,236771,5.693580e-08,236771,236771,0.045171,0.045099,8.6385e-03
dev-corpus-00,1209,236778,5.240009e-07,236770,236770,2.041471,2.041038,1.0377e-02
dev-corpus-00,1210,783,2.771656e-07,236761,236761,3.337539,3.338378,1.7066e-02
dev-corpus-00,1211,799,2.406539e-07,107,107,6.456836,6.458081,1.9140e-02
dev-corpus-00,1212,1800,2.111761e-07,236743,236743,9.844908,9.844886,2.1526e-02
dev-corpus-00,1213,3636,6.395289e-08,16787,16787,4.718431,4.715009,1.0695e-02
dev-corpus-00,1214,506,3.599807e-08,236764,236764,3.816797,3.815879,1.5870e-02
dev-corpus-00,1215,109779,2.005286e-06,57505,57505,8.494690,8.485750,2.8968e-02
dev-corpus-00,1216,964,1.047046e-07,964,964,0.014095,0.014058,1.6562e-02
dev-corpus-00,1217,12956,2.686989e-07,16782,16782,6.326044,6.325405,1.4637e-02
dev-corpus-00,1218,532,1.609646e-07,236761,236761,1.898611,1.899476,1.3097e-02
dev-corpus-00,1219,32057,1.217665e-07,79620,79620,4.395603,4.395778,1.4720e-02
dev-corpus-00,1220,783,1.923476e-07,236761,236761,6.130044,6.127432,1.5489e-02
dev-corpus-00,1221,236743,3.660980e-07,107,107,3.526862,3.522443,1.8024e-02
dev-corpus-00,1222,107,2.032512e-09,107,107,0.003932,0.003936,1.4874e-02
dev-corpus-00,1223,8381,4.416485e-06,818,818,16.509969,16.506446,3.4586e-02
dev-corpus-00,1224,964,3.373536e-06,659,659,1.506515,1.510684,1.8173e-02
dev-corpus-00,1225,6267,1.521716e-06,4247,4247,20.022074,20.026410,2.1125e-02
dev-corpus-00,1226,1392,3.416736e-06,236772,236772,13.323166,13.321310,2.1297e-02
dev-corpus-00,1227,236772,1.162689e-08,236772,236772,0.002449,0.002447,1.4001e-02
dev-corpus-00,1228,236940,9.353758e-09,236940,236940,0.007136,0.007144,1.9197e-02
dev-corpus-00,1229,5378,1.289560e-07,5378,5378,0.056467,0.056440,2.1107e-02
dev-corpus-00,1230,573,1.078946e-06,573,573,1.138564,1.138772,1.3683e-02
dev-corpus-00,1231,13013,6.215291e-07,1551,1551,4.973208,4.971916,9.3126e-03
dev-corpus-00,1232,783,3.169097e-07,236764,236764,8.890369,8.889921,1.3812e-02
dev-corpus-00,1233,43768,1.844519e-06,669,669,19.449983,19.448957,2.3153e-02
dev-corpus-00,1234,71078,8.840437e-07,7086,7086,10.757735,10.762655,1.6335e-02
dev-corpus-00,1235,691,1.125190e-06,7779,7779,3.350540,3.352612,2.3947e-02
dev-corpus-00,1236,26902,4.237897e-06,506,506,8.382586,8.382752,1.7931e-02
dev-corpus-00,1237,618,7.296616e-07,618,618,0.414613,0.413773,9.4342e-03
dev-corpus-00,1238,506,6.771256e-08,506,506,0.125344,0.125331,1.7953e-02
dev-corpus-00,1239,57505,1.129507e-06,1171,1171,7.832184,7.832210,2.2645e-02
dev-corpus-00,1240,756,4.491340e-08,236789,236789,13.077477,13.080762,1.3170e-02
dev-corpus-00,1241,236751,2.060641e-07,236751,236751,0.018791,0.018729,2.1010e-02
dev-corpus-00,1242,1171,1.896248e-07,1171,1171,0.112383,0.112365,1.5811e-02
dev-corpus-00,1243,170174,9.366557e-07,5707,5707,3.322810,3.323018,1.6759e-02
dev-corpus-00,1244,528,3.089733e-08,528,528,0.014953,0.014971,1.4783e-02
dev-corpus-00,1245,236743,2.074811e-07,236743,236743,0.070149,0.069980,1.1669e-02
dev-corpus-00,1246,236770,2.508544e-08,236770,236770,0.070985,0.070925,1.1875e-02
dev-corpus-00,1247,236819,5.186892e-10,236819,236819,0.000059,0.000058,2.3403e-02
dev-corpus-00,1248,236810,5.933884e-07,236819,236819,5.474812,5.476591,9.7239e-03
dev-corpus-00,1249,236819,4.217301e-07,236828,236828,2.216591,2.217260,1.1355e-02
dev-corpus-00,1250,1031,7.635304e-08,236761,236761,8.944478,8.941440,1.8605e-02
dev-corpus-00,1251,840,3.191342e-06,532,532,2.184302,2.190313,1.7234e-02
dev-corpus-00,1252,2378,1.428903e-06,506,506,11.512222,11.511449,2.5424e-02
dev-corpus-00,1253,528,2.735047e-07,528,528,0.081545,0.081465,1.6186e-02
dev-corpus-00,1254,236743,1.323637e-08,236743,236743,0.015907,0.015888,1.5746e-02
dev-corpus-00,1255,236770,1.402722e-11,236770,236770,0.002334,0.002333,9.2411e-03
dev-corpus-00,1256,236819,2.177142e-11,236819,236819,0.000012,0.000012,9.2697e-03
dev-corpus-00,1257,236825,3.708437e-06,236825,236825,0.404422,0.406322,2.4512e-02
dev-corpus-00,1258,236770,2.181804e-07,236810,236810,2.916256,2.916835,8.8048e-03
dev-corpus-00,1259,783,1.645990e-07,236761,236761,3.906218,3.906091,1.7794e-02
dev-corpus-00,1260,4210,1.064024e-06,25243,25243,4.192695,4.191569,2.3979e-02
dev-corpus-00,1261,496,1.330937e-06,600,600,4.000109,3.997590,1.8257e-02
dev-corpus-00,1262,11302,2.897085e-07,2846,2846,7.265780,7.266576,1.6825e-02
dev-corpus-00,1263,529,4.266277e-07,236764,236764,3.873706,3.874986,1.5268e-02
dev-corpus-00,1264,1156,1.423727e-06,3131,3131,4.655654,4.654715,1.1863e-02
dev-corpus-00,1265,1518,4.120445e-06,13013,13013,1.368806,1.363902,1.2568e-02
dev-corpus-00,1266,1031,3.954746e-08,236764,236764,10.575963,10.578280,1.8663e-02
dev-corpus-00,1267,11210,8.802952e-07,668,668,7.993937,7.993215,2.2645e-02
dev-corpus-00,1268,3579,6.093254e-07,667,667,6.599903,6.598461,2.0787e-02
dev-corpus-00,1269,548,5.114420e-07,6688,6688,7.543039,7.542076,1.0200e-02
dev-corpus-00,1270,624,1.538492e-07,899,899,10.103265,10.101504,1.6973e-02
dev-corpus-00,1271,5452,5.007234e-07,10438,10438,2.261111,2.261858,2.5510e-02
dev-corpus-00,1272,170174,4.331322e-07,506,506,2.314552,2.317106,2.4126e-02
dev-corpus-00,1273,528,1.558767e-05,528,528,0.562534,0.558767,3.6026e-02
dev-corpus-00,1274,236743,2.204816e-10,236743,236743,0.000091,0.000091,1.3776e-02
dev-corpus-00,1275,236770,5.100526e-09,236770,236770,0.000281,0.000283,1.9644e-02
dev-corpus-00,1276,236819,7.859838e-10,236819,236819,0.000060,0.000060,2.2960e-02
dev-corpus-00,1277,236825,1.031729e-08,236825,236825,0.000711,0.000707,1.0843e-02
dev-corpus-00,1278,236800,7.540529e-09,236800,236800,0.025747,0.025730,9.6828e-03
dev-corpus-00,1279,1031,1.804138e-06,532,532,5.953581,5.951000,1.8671e-02
dev-corpus-00,1280,532,1.919067e-06,532,532,0.284129,0.284544,3.0656e-02
dev-corpus-00,1281,7779,2.247969e-06,7779,7779,0.547988,0.546724,2.0063e-02
dev-corpus-00,1282,3097,1.463054e-07,3097,3097,0.081700,0.081826,1.5426e-02
dev-corpus-00,1283,914,2.515383e-08,236743,236743,6.668239,6.671194,1.4069e-02
dev-corpus-00,1284,4355,5.049295e-07,20130,20130,3.242179,3.238520,1.0314e-02
dev-corpus-00,1285,528,6.326262e-09,528,528,0.028834,0.028818,1.6358e-02
dev-corpus-00,1286,236743,1.090005e-09,236743,236743,0.000055,0.000054,1.1906e-02
dev-corpus-00,1287,236770,1.639833e-07,236770,236770,0.016907,0.016981,1.1905e-02
dev-corpus-00,1288,236819,5.059208e-11,236819,236819,0.000070,0.000070,1.1008e-02
dev-corpus-00,1289,236832,1.810377e-06,236819,236819,4.169584,4.173047,1.8640e-02
dev-corpus-00,1290,236825,2.514345e-07,236828,236828,2.418703,2.418852,8.3938e-03
dev-corpus-00,1291,783,1.355655e-08,236761,236761,4.830546,4.831954,1.9895e-02
dev-corpus-00,1292,1293,9.125680e-07,669,669,5.487558,5.484669,2.4487e-02
dev-corpus-00,1293,691,2.308255e-07,691,691,0.049865,0.049765,1.2338e-02
dev-corpus-00,1294,6641,2.333740e-07,30352,30352,2.807218,2.809803,1.0775e-02
dev-corpus-00,1295,684,5.632941e-10,684,684,0.000105,0.000106,9.2912e-03
dev-corpus-00,1296,3551,8.329565e-07,96096,96096,10.820774,10.820778,1.6891e-02
dev-corpus-00,1297,1863,4.803741e-08,1863,1863,0.002715,0.002730,1.0067e-02
dev-corpus-00,1298,34635,4.374128e-07,102154,102154,9.678927,9.677776,1.1852e-02
dev-corpus-00,1299,6315,3.075444e-07,6315,6315,1.290140,1.289571,8.5168e-03
dev-corpus-00,1300,1031,9.008551e-07,699,699,10.998262,10.994109,1.2732e-02
dev-corpus-00,1301,1015,7.629260e-08,1015,1015,0.044174,0.044102,1.1137e-02
dev-corpus-00,1302,7779,1.295037e-07,7779,7779,0.079233,0.079286,1.8826e-02
dev-corpus-00,1303,699,3.943591e-07,3097,3097,1.091108,1.089882,1.0291e-02
dev-corpus-00,1304,236743,1.108244e-09,236743,236743,0.000328,0.000329,8.7404e-03
dev-corpus-00,1305,236770,2.914809e-10,236770,236770,0.000095,0.000095,1.0332e-02
dev-corpus-00,1306,236819,4.038094e-09,236819,236819,0.000008,0.000008,1.6476e-01
dev-corpus-00,1307,236832,5.743315e-08,236832,236832,0.090495,0.090586,1.2149e-02
dev-corpus-00,1308,236832,3.368861e-07,236832,236832,0.586533,0.586642,1.2174e-02
dev-corpus-00,1309,531,3.349419e-07,531,531,0.038865,0.038705,1.5886e-02
dev-corpus-00,1310,236743,8.584020e-08,236743,236743,0.009836,0.009877,1.6243e-02
dev-corpus-00,1311,236770,5.506919e-09,236770,236770,0.006819,0.006810,3.1869e-02
dev-corpus-00,1312,236819,1.246286e-11,236819,236819,0.000007,0.000007,1.2306e-02
dev-corpus-00,1313,236819,4.730926e-07,236819,236819,0.577385,0.578245,1.3213e-02
dev-corpus-00,1314,236812,9.244758e-07,236770,236770,2.129879,2.129631,1.1794e-02
dev-corpus-00,1315,1031,5.769256e-07,236761,236761,7.771138,7.758645,2.2595e-02
dev-corpus-00,1316,532,1.329590e-07,532,532,0.031888,0.031813,1.6351e-02
dev-corpus-00,1317,34635,6.801964e-07,1299,1299,14.952458,14.952090,1.4731e-02
dev-corpus-00,1318,6315,1.451029e-10,6315,6315,0.000099,0.000099,1.2120e-02
dev-corpus-00,1319,528,2.610895e-06,691,691,6.651135,6.650847,2.1218e-02
dev-corpus-00,1320,2490,5.300907e-06,236743,236743,8.411901,8.398706,4.0167e-02
dev-corpus-00,1321,691,1.474005e-06,691,691,0.836955,0.837693,1.9174e-02
dev-corpus-00,1322,30352,5.353365e-07,30352,30352,0.227256,0.227666,3.2619e-02
dev-corpus-00,1323,684,4.057544e-11,684,684,0.000035,0.000035,9.1877e-03
dev-corpus-00,1324,895,1.557714e-06,96096,96096,5.635976,5.634159,2.2409e-02
dev-corpus-00,1325,6997,9.378322e-07,511,511,1.580292,1.580522,1.1802e-02
dev-corpus-00,1326,37792,5.148487e-08,151744,151744,1.087018,1.087459,1.2360e-02
dev-corpus-00,1327,34317,6.181476e-07,38769,38769,12.658605,12.659438,1.2310e-02
dev-corpus-00,1328,41964,3.373883e-07,1562,1562,8.461800,8.463118,1.2393e-02
dev-corpus-00,1329,1392,1.211552e-06,528,528,16.418125,16.416449,1.2610e-02
dev-corpus-00,1330,236772,3.162855e-08,236772,236772,0.003507,0.003518,1.4001e-02
dev-corpus-00,1331,236940,8.181244e-10,236940,236940,0.008417,0.008415,1.7012e-02
dev-corpus-00,1332,68283,1.077455e-06,528,528,17.300890,17.297243,1.7309e-02
dev-corpus-00,1333,495,3.458613e-07,495,495,0.105794,0.106050,1.3089e-02
dev-corpus-00,1334,783,9.801101e-07,236764,236764,8.568827,8.569536,2.6463e-02
dev-corpus-00,1335,58084,1.050675e-06,107,107,17.652803,17.644923,2.3965e-02
dev-corpus-00,1336,22077,1.100381e-06,80804,80804,5.298803,5.300812,1.6898e-02
dev-corpus-00,1337,10438,2.530054e-07,7779,7779,3.608554,3.607955,1.3713e-02
dev-corpus-00,1338,34317,2.823273e-06,528,528,16.099395,16.096753,1.5632e-02
dev-corpus-00,1339,41964,8.075360e-09,41964,41964,0.003157,0.003151,1.0964e-02
dev-corpus-00,1340,1392,5.826136e-07,528,528,4.992167,4.993657,2.3589e-02
dev-corpus-00,1341,236772,1.966281e-09,236772,236772,0.000557,0.000557,1.8200e-02
dev-corpus-00,1342,236940,2.680823e-10,236940,236940,0.000249,0.000249,1.6097e-02
dev-corpus-00,1343,68283,9.155704e-07,68283,68283,0.012828,0.012979,2.5203e-02
dev-corpus-00,1344,495,2.897727e-11,495,495,0.000003,0.000003,1.3851e-02
dev-corpus-00,1345,618,3.466815e-07,528,528,3.665416,3.660932,1.3406e-02
dev-corpus-00,1346,22480,3.980735e-06,170174,170174,2.847650,2.852196,2.4147e-02
dev-corpus-00,1347,170174,6.173496e-08,170174,170174,0.011335,0.011307,1.1344e-02
dev-corpus-00,1348,528,4.988716e-07,528,528,0.080108,0.079851,1.4154e-02
dev-corpus-00,1349,236743,6.574703e-08,236743,236743,0.012595,0.012636,1.0024e-02
dev-corpus-00,1350,236778,1.129271e-07,236770,236770,3.434764,3.432161,1.1487e-02
dev-corpus-00,1351,236771,3.455249e-10,236771,236771,0.000054,0.000054,1.2639e-02
dev-corpus-00,1352,236771,2.941143e-08,236771,236771,0.034333,0.034378,1.0228e-02
dev-corpus-00,1353,236800,2.020672e-07,236770,236770,1.950137,1.950294,9.7578e-03
dev-corpus-00,1354,1031,3.523275e-07,236761,236761,9.901088,9.896574,2.4093e-02
dev-corpus-00,1355,532,1.314746e-07,532,532,0.032313,0.032346,2.2083e-02
dev-corpus-00,1356,7779,4.498971e-06,3209,3209,6.757637,6.757893,3.7508e-02
dev-corpus-00,1357,3097,3.909217e-06,3097,3097,0.574690,0.576958,1.5920e-02
dev-corpus-00,1358,236743,4.921928e-07,236743,236743,0.091089,0.090800,1.6125e-02
dev-corpus-00,1359,236778,4.001641e-10,236778,236778,0.000024,0.000025,2.1811e-02
dev-corpus-00,1360,236771,3.610925e-11,236771,236771,0.000036,0.000036,1.1194e-02
dev-corpus-00,1361,236770,2.914588e-07,236770,236770,0.060384,0.060360,1.1591e-02
dev-corpus-00,1362,236770,1.790711e-07,236770,236770,1.892948,1.892793,8.8780e-03
dev-corpus-00,1363,1031,2.307898e-07,236761,236761,11.169168,11.157384,2.1699e-02
dev-corpus-00,1364,1056,2.776963e-07,532,532,4.298879,4.294618,1.9770e-02
dev-corpus-00,1365,668,1.273726e-06,34317,34317,3.115640,3.113363,4.2818e-02
dev-corpus-00,1366,691,1.172769e-05,21136,21136,3.036581,3.027843,2.4093e-02
dev-corpus-00,1367,30352,8.151539e-06,12043,12043,1.486517,1.481952,1.9845e-02
dev-corpus-00,1368,684,4.527058e-10,684,684,0.000177,0.000176,8.7440e-03
dev-corpus-00,1369,54340,1.656409e-06,96096,96096,9.257329,9.254465,3.1461e-02
dev-corpus-00,1370,22173,6.452740e-07,87657,87657,10.143157,10.142377,2.3678e-02
dev-corpus-00,1371,495,3.358756e-07,236759,236759,3.195267,3.194709,9.2807e-03
dev-corpus-00,1372,783,5.901699e-06,528,528,7.174120,7.171471,2.0342e-02
dev-corpus-00,1373,1773,2.117695e-06,107,107,6.188222,6.175313,4.2211e-02
dev-corpus-00,1374,529,5.410052e-06,529,529,0.696865,0.698424,2.5402e-02
dev-corpus-00,1375,236743,2.308714e-07,236743,236743,0.040625,0.040647,2.4354e-02
dev-corpus-00,1376,236778,2.675975e-09,236778,236778,0.000142,0.000141,1.5575e-02
dev-corpus-00,1377,236771,8.339740e-11,236771,236771,0.000051,0.000051,1.0936e-02
dev-corpus-00,1378,236770,1.370034e-06,236770,236770,0.220926,0.220118,1.3783e-02
dev-corpus-00,1379,236812,4.097398e-05,236770,236770,2.734954,2.748051,3.5856e-02
dev-corpus-00,1380,1031,1.916719e-08,236764,236764,6.251432,6.248132,1.6769e-02
dev-corpus-00,1381,5378,2.414876e-06,506,506,15.937741,15.935044,3.8063e-02
dev-corpus-00,1382,684,4.735525e-09,684,684,0.001591,0.001590,1.2946e-02
dev-corpus-00,1383,34317,8.015525e-06,96096,96096,15.808068,15.824420,2.7443e-02
dev-corpus-00,1384,41964,8.344133e-10,41964,41964,0.000118,0.000118,1.5024e-02
dev-corpus-00,1385,1392,3.500862e-08,1392,1392,0.033761,0.033721,1.9734e-02
dev-corpus-00,1386,236772,2.736478e-10,236772,236772,0.000040,0.000040,1.7434e-02
dev-corpus-00,1387,236940,3.697895e-08,236940,236940,0.000961,0.000969,3.0761e-02
dev-corpus-00,1388,68283,2.287193e-09,68283,68283,0.000203,0.000203,2.3707e-02
dev-corpus-00,1389,495,1.284066e-11,495,495,0.000001,0.000001,1.5990e-02
dev-corpus-00,1390,532,1.645313e-07,236764,236764,1.960982,1.960111,1.5414e-02
dev-corpus-00,1391,22173,5.037283e-06,22173,22173,0.305743,0.304071,3.0116e-02
dev-corpus-00,1392,495,3.164061e-11,495,495,0.000009,0.000009,1.8976e-02
dev-corpus-00,1393,1031,7.315360e-07,236764,236764,7.919714,7.917940,1.9661e-02
dev-corpus-00,1394,36189,1.271290e-06,506,506,3.834628,3.845064,3.3116e-02
dev-corpus-00,1395,12307,4.318853e-11,12307,12307,0.000009,0.000009,1.9749e-02
dev-corpus-00,1396,1053,8.121257e-07,691,691,2.438862,2.442247,1.3969e-02
dev-corpus-00,1397,8296,3.492031e-06,130661,130661,7.862127,7.862214,2.2359e-02
dev-corpus-00,1398,236743,7.968501e-08,236743,236743,0.005349,0.005374,2.4797e-02
dev-corpus-00,1399,236812,2.931582e-06,236770,236770,3.117705,3.123379,2.0446e-02
dev-corpus-00,1400,236771,2.243254e-07,236771,236771,0.252661,0.252318,2.0060e-02
dev-corpus-00,1401,236771,4.412493e-06,3295,3295,4.880976,4.877005,1.6215e-02
dev-corpus-00,1402,4374,1.712178e-07,3295,3295,11.119889,11.119048,1.3529e-02
dev-corpus-00,1403,29474,1.917291e-06,236761,236761,6.203309,6.200097,1.6347e-02
dev-corpus-00,1404,1031,2.822452e-08,236761,236761,16.797635,16.794680,2.3535e-02
dev-corpus-00,1405,532,9.915319e-07,532,532,0.206737,0.206868,2.4824e-02
dev-corpus-00,1406,691,2.478186e-06,506,506,2.965576,2.964554,3.8425e-02
dev-corpus-00,1407,506,7.777754e-06,496,496,3.982940,3.990610,2.9839e-02
dev-corpus-00,1408,7488,7.144138e-06,7488,7488,0.218863,0.220526,2.1397e-02
dev-corpus-00,1409,125039,3.246447e-06,125039,125039,0.884375,0.886703,2.4022e-02
dev-corpus-00,1410,528,8.082730e-09,528,528,0.002661,0.002666,1.1852e-02
dev-corpus-00,1411,60904,2.807895e-07,60904,60904,0.173240,0.173551,3.2029e-02
dev-corpus-00,1412,783,2.985483e-07,236761,236761,4.610583,4.611180,1.7917e-02
dev-corpus-00,1413,236743,1.569733e-06,107,107,2.075954,2.072601,2.7809e-02
dev-corpus-00,1414,107,4.408826e-07,107,107,0.564835,0.565650,2.6336e-02
dev-corpus-00,1415,236743,5.646766e-06,236743,236743,0.235061,0.233716,3.8154e-02
dev-corpus-00,1416,107,1.000095e-08,107,107,0.000123,0.000124,1.5659e-01
dev-corpus-00,1417,578,1.089325e-05,13513,13513,6.348360,6.349419,3.4975e-02
dev-corpus-00,1418,578,2.042061e-06,107,107,3.776054,3.766598,2.1140e-02
dev-corpus-00,1419,21107,2.808176e-06,578,578,14.525866,14.521515,2.8591e-02
dev-corpus-00,1420,4083,4.858729e-06,10358,10358,3.706116,3.707725,3.0272e-02
dev-corpus-00,1421,578,1.057723e-06,529,529,2.010543,2.009238,2.1987e-02
dev-corpus-00,1422,578,2.311730e-06,236743,236743,0.953186,0.950882,2.4514e-02
dev-corpus-00,1423,236743,3.029712e-07,107,107,1.191536,1.190392,1.9984e-02
dev-corpus-00,1424,107,2.407579e-08,107,107,0.021471,0.021503,1.7762e-02
dev-corpus-00,1425,236743,6.181724e-06,236743,236743,0.939233,0.940667,3.7156e-02
dev-corpus-00,1426,107,1.505164e-08,107,107,0.000486,0.000483,2.2463e-02
dev-corpus-00,1427,16647,5.877410e-06,669,669,12.852074,12.846894,5.0844e-02
dev-corpus-00,1428,4945,1.022681e-06,19231,19231,8.016378,8.013218,1.9158e-02
dev-corpus-00,1429,529,1.253511e-06,529,529,0.621969,0.621609,3.0295e-02
dev-corpus-00,1430,9115,1.213614e-06,19231,19231,5.797934,5.801840,1.5045e-02
dev-corpus-00,1431,26560,1.083823e-06,19231,19231,3.417568,3.424582,1.5639e-02
dev-corpus-00,1432,6074,5.620582e-07,21262,21262,5.453716,5.450625,1.6201e-02
dev-corpus-00,1433,49943,6.481533e-07,49943,49943,0.788260,0.788397,1.4313e-02
dev-corpus-00,1434,528,4.405443e-08,528,528,0.007692,0.007679,1.2814e-02
dev-corpus-00,1435,60904,1.320970e-07,60904,60904,0.443903,0.444093,1.5024e-02
dev-corpus-00,1436,528,1.657602e-07,528,528,0.194192,0.194171,1.5678e-02
dev-corpus-00,1437,506,2.121385e-09,506,506,0.003709,0.003708,1.8479e-02
dev-corpus-00,1438,5226,9.141416e-07,5226,5226,0.138623,0.138854,1.8305e-02
dev-corpus-00,1439,236743,1.131309e-09,236743,236743,0.000171,0.000170,1.4359e-02
dev-corpus-00,1440,236770,7.484176e-11,236770,236770,0.000006,0.000006,1.4087e-02
dev-corpus-00,1441,236819,2.015924e-06,236819,236819,0.076036,0.075473,2.2452e-02
dev-corpus-00,1442,594,5.568439e-11,594,594,0.000044,0.000044,1.4856e-02
dev-corpus-00,1443,7691,2.779510e-09,7691,7691,0.003736,0.003740,1.8121e-02
dev-corpus-00,1444,1031,1.266296e-07,236761,236761,10.656969,10.652066,1.7973e-02
dev-corpus-00,1445,840,2.081495e-06,532,532,5.663070,5.665338,2.5738e-02
dev-corpus-00,1446,1346,3.741603e-06,506,506,6.144147,6.145481,2.2792e-02
dev-corpus-00,1447,7808,1.131638e-06,529,529,4.397520,4.398359,1.8400e-02
dev-corpus-00,1448,580,7.685539e-06,531,531,1.544874,1.539118,1.9083e-02
dev-corpus-00,1449,783,3.157866e-06,236761,236761,10.945413,10.943575,2.1737e-02
dev-corpus-00,1450,799,2.734005e-06,562,562,2.017078,2.016177,2.0850e-02
dev-corpus-00,1451,506,2.245662e-07,506,506,0.053142,0.053289,1.5020e-02
dev-corpus-00,1452,3649,3.584462e-07,3649,3649,0.082827,0.082807,1.4906e-02
dev-corpus-00,1453,236743,1.315112e-08,236743,236743,0.002798,0.002792,1.2685e-02
dev-corpus-00,1454,236778,1.344106e-07,236778,236778,0.038048,0.037946,4.8677e-02
dev-corpus-00,1455,236771,7.591285e-11,236771,236771,0.000005,0.000005,2.1715e-02
dev-corpus-00,1456,594,1.264168e-12,594,594,0.000000,0.000000,1.5290e-02
dev-corpus-00,1457,7691,2.090370e-10,7691,7691,0.000128,0.000128,1.2881e-02
dev-corpus-00,1458,506,2.667320e-08,236764,236764,8.097231,8.100042,1.6680e-02
dev-corpus-00,1459,1171,1.119597e-06,19231,19231,5.424873,5.428836,2.1604e-02
dev-corpus-00,1460,17792,1.225494e-06,19231,19231,6.624600,6.628125,1.8446e-02
dev-corpus-00,1461,6693,2.672548e-07,6693,6693,0.041782,0.041636,1.5256e-02
dev-corpus-00,1462,26560,5.835107e-07,19231,19231,1.498843,1.500764,1.7041e-02
dev-corpus-00,1463,21262,2.283448e-07,12208,12208,4.263077,4.264484,1.7424e-02
dev-corpus-00,1464,993,7.855776e-07,236764,236764,5.495077,5.497420,1.6921e-02
dev-corpus-00,1465,1031,2.563988e-07,236761,236761,12.159369,12.155762,2.3497e-02
dev-corpus-00,1466,532,1.850540e-06,532,532,0.508585,0.507588,2.2012e-02
dev-corpus-00,1467,684,2.994367e-06,506,506,2.801558,2.801795,2.3333e-02
dev-corpus-00,1468,506,2.839514e-08,506,506,0.013569,0.013544,1.3475e-02
dev-corpus-00,1469,236743,7.102789e-08,236743,236743,0.160515,0.160408,1.6869e-02
dev-corpus-00,1470,236770,7.753931e-11,236770,236770,0.000120,0.000120,1.1494e-02
dev-corpus-00,1471,236819,1.412038e-10,236819,236819,0.000019,0.000019,1.9423e-02
dev-corpus-00,1472,236778,3.011067e-08,236800,236800,1.497050,1.497394,9.4485e-03
dev-corpus-00,1473,236771,4.162092e-13,236771,236771,0.000001,0.000001,7.4351e-03
dev-corpus-00,1474,236751,1.170979e-10,236751,236751,0.000013,0.000013,1.8443e-02
dev-corpus-00,1475,60904,1.550360e-06,236764,236764,10.534040,10.525980,2.3786e-02
dev-corpus-00,1476,756,1.729181e-07,1053,1053,15.108924,15.110659,1.6508e-02
dev-corpus-00,1477,236751,1.015435e-05,236751,236751,0.487890,0.484456,1.9502e-02
dev-corpus-00,1478,19231,2.939920e-07,19231,19231,0.072422,0.072577,2.0159e-02
dev-corpus-00,1479,3399,3.698596e-07,3399,3399,0.409649,0.409042,1.0293e-02
dev-corpus-00,1480,6074,6.472969e-07,691,691,1.921557,1.921090,1.6948e-02
dev-corpus-00,1481,22658,8.433896e-09,531,531,10.812147,10.812145,1.5274e-02
dev-corpus-00,1482,21450,1.861906e-06,236761,236761,21.706145,21.695330,2.2272e-02
dev-corpus-00,1483,690,1.262600e-06,4402,4402,16.723159,16.725055,1.4098e-02
dev-corpus-00,1484,504,6.106239e-09,504,504,0.000632,0.000630,9.1705e-03
dev-corpus-00,1485,8896,2.028982e-11,8896,8896,0.000002,0.000002,9.4337e-03
dev-corpus-00,1486,573,3.897927e-07,236761,236761,5.737737,5.742625,2.7301e-02
dev-corpus-00,1487,7046,3.078477e-06,12352,12352,15.612330,15.612473,1.7912e-02
dev-corpus-00,1488,7672,1.613616e-07,3019,3019,11.036030,11.038879,1.8915e-02
dev-corpus-00,1489,3446,1.106078e-06,3019,3019,0.925959,0.927731,1.3311e-02
dev-corpus-00,1490,532,7.618191e-08,3019,3019,5.912592,5.914567,1.8364e-02
dev-corpus-00,1491,19231,1.838336e-07,84898,84898,12.077636,12.076882,1.0815e-02
dev-corpus-00,1492,10940,8.071934e-07,20720,20720,2.139302,2.138762,9.2483e-03
dev-corpus-00,1493,3019,1.808139e-08,3019,3019,0.004676,0.004669,1.2950e-02
dev-corpus-00,1494,528,1.996972e-07,236761,236761,5.919892,5.923103,2.6733e-02
dev-corpus-00,1495,7010,4.370284e-06,54277,54277,14.577150,14.576811,2.1068e-02
dev-corpus-00,1496,756,2.892632e-07,236789,236789,8.055671,8.056122,1.8051e-02
dev-corpus-00,1497,10374,6.763930e-08,99927,99927,4.882640,4.884508,1.7939e-02
dev-corpus-00,1498,783,9.450102e-07,236761,236761,1.729990,1.728180,1.6454e-02
dev-corpus-00,1499,18868,3.560645e-06,107,107,9.762353,9.766939,2.8868e-02
dev-corpus-00,1500,1037,1.729382e-08,5990,5990,2.752476,2.751812,1.1712e-02
dev-corpus-00,1501,31216,3.129726e-06,6822,6822,6.559418,6.559514,2.2298e-02
dev-corpus-00,1502,14533,1.523063e-06,639,639,6.668742,6.667946,2.8122e-02
dev-corpus-00,1503,73232,3.983745e-06,8687,8687,5.816671,5.821652,2.0828e-02
dev-corpus-00,1504,19874,1.556322e-06,8687,8687,9.758602,9.753206,1.8961e-02
dev-corpus-00,1505,600,7.920556e-07,600,600,0.067497,0.067764,1.4012e-02
dev-corpus-00,1506,623,5.427764e-07,506,506,5.849874,5.847365,1.5658e-02
dev-corpus-00,1507,870,5.042222e-06,1437,1437,11.138109,11.142948,2.5118e-02
dev-corpus-00,1508,496,7.851894e-07,1437,1437,12.139288,12.138565,1.7449e-02
dev-corpus-00,1509,4422,9.343989e-07,236842,236842,2.037246,2.038710,2.1421e-02
dev-corpus-00,1510,517,1.353123e-06,1944,1944,8.139531,8.140292,1.8278e-02
dev-corpus-00,1511,589,3.710017e-06,4601,4601,8.132011,8.133762,1.4956e-02
dev-corpus-00,1512,640,5.950995e-07,506,506,11.358516,11.359536,2.2479e-02
dev-corpus-00,1513,77999,1.653863e-06,236761,236761,10.875870,10.879227,2.5991e-02
dev-corpus-00,1514,16339,8.692381e-07,41372,41372,11.590874,11.588346,1.7767e-02
dev-corpus-00,1515,73232,9.850270e-07,73232,73232,0.361699,0.362389,1.4970e-02
dev-corpus-00,1516,756,9.571993e-07,6697,6697,6.362089,6.361867,1.7152e-02
dev-corpus-00,1517,236751,4.345005e-07,236751,236751,0.049810,0.050014,1.7624e-02
dev-corpus-00,1518,4355,1.711668e-06,16257,16257,4.833161,4.837647,2.2802e-02
dev-corpus-00,1519,528,1.842490e-06,528,528,0.191332,0.190709,1.8775e-02
dev-corpus-00,1520,236743,1.158434e-08,236743,236743,0.015986,0.016002,1.2596e-02
dev-corpus-00,1521,236770,9.492039e-10,236770,236770,0.000069,0.000070,1.2270e-02
dev-corpus-00,1522,236819,9.145020e-09,236819,236819,0.017204,0.017222,1.3245e-02
dev-corpus-00,1523,236800,1.037464e-06,236778,236778,2.229094,2.226401,1.2249e-02
dev-corpus-00,1524,236800,1.282217e-06,236771,236771,2.016308,2.015767,1.0178e-02
dev-corpus-00,1525,1031,2.160755e-06,236764,236764,2.312286,2.310202,2.5213e-02
dev-corpus-00,1526,914,5.432033e-07,506,506,6.740043,6.741631,2.5892e-02
dev-corpus-00,1527,2033,2.295148e-06,2369,2369,4.320937,4.317357,2.7632e-02
dev-corpus-00,1528,657,1.041423e-06,5452,5452,4.208701,4.205896,1.4570e-02
dev-corpus-00,1529,236743,8.171828e-08,236743,236743,0.059575,0.059513,1.3794e-02
dev-corpus-00,1530,236778,1.676434e-06,236770,236770,4.067280,4.074753,2.4989e-02
dev-corpus-00,1531,236800,4.328391e-07,236771,236771,2.485619,2.486262,1.4827e-02
dev-corpus-00,1532,236770,1.071990e-06,236771,236771,2.374207,2.374393,1.4659e-02
dev-corpus-00,1533,4844,3.287046e-06,7123,7123,2.192381,2.189099,2.4100e-02
dev-corpus-00,1534,85797,1.058884e-06,85797,85797,0.931371,0.930046,1.4076e-02
dev-corpus-00,1535,6718,1.509767e-09,6718,6718,0.001868,0.001870,7.4065e-03
dev-corpus-01,1536,99309,1.703422e-06,578,578,24.168705,24.163106,1.4538e-02
dev-corpus-01,1537,7078,1.548172e-07,4666,4666,5.243696,5.244052,6.6054e-03
dev-corpus-01,1538,568,1.833052e-06,236761,236761,2.542730,2.542346,1.2900e-02
dev-corpus-01,1539,70187,1.996292e-06,2704,2704,41.422957,41.414710,2.2163e-02
dev-corpus-01,1540,1572,1.874139e-06,236768,236768,3.870300,3.866894,2.3628e-02
dev-corpus-01,1541,236804,4.983630e-06,236804,236804,0.518410,0.520902,1.3369e-02
dev-corpus-01,1542,4267,1.732417e-09,4267,4267,0.000325,0.000326,1.3786e-02
dev-corpus-01,1543,8412,3.855363e-07,236768,236768,9.764567,9.762556,1.5006e-02
dev-corpus-01,1544,1732,5.924071e-07,236768,236768,9.893877,9.895812,1.7288e-02
dev-corpus-01,1545,578,3.177757e-07,108,108,4.634048,4.636237,1.4384e-02
dev-corpus-01,1546,236743,1.995867e-06,99309,99309,5.516969,5.517543,2.1082e-02
dev-corpus-01,1547,107,4.003692e-07,236770,236770,4.046565,4.048946,1.6967e-02
dev-corpus-01,1548,236743,4.015759e-07,236784,236784,4.523226,4.525140,1.5954e-02
dev-corpus-01,1549,107,1.150154e-07,107,107,0.012565,0.012600,2.4297e-02
dev-corpus-01,1550,99309,4.178511e-06,1018,1018,10.183693,10.192697,2.6362e-02
dev-corpus-01,1551,7078,1.754276e-10,7078,7078,0.000088,0.000089,8.7509e-03
dev-corpus-01,1552,563,1.334239e-07,568,568,8.264640,8.265308,1.6336e-02
dev-corpus-01,1553,506,2.804758e-07,496,496,4.427746,4.428159,1.6279e-02
dev-corpus-01,1554,157312,7.307042e-07,3822,3822,15.070070,15.075083,1.1312e-02
dev-corpus-01,1555,14361,1.341177e-06,4087,4087,12.384346,12.381174,1.6512e-02
dev-corpus-01,1556,1392,1.929615e-06,5410,5410,15.298029,15.296020,1.8164e-02
dev-corpus-01,1557,236772,8.958838e-06,8412,8412,8.038327,8.036755,2.9261e-02
dev-corpus-01,1558,236940,8.081382e-06,24013,24013,6.868592,6.864667,2.2867e-02
dev-corpus-01,1559,5192,3.675902e-06,5410,5410,7.185915,7.184773,2.6645e-02
dev-corpus-01,1560,11452,9.255183e-07,5410,5410,9.291680,9.298396,1.3321e-02
dev-corpus-01,1561,8412,1.532974e-06,8412,8412,0.053968,0.054352,1.9416e-02
dev-corpus-01,1562,684,1.352744e-07,684,684,0.569006,0.568687,1.1319e-02
dev-corpus-01,1563,53439,1.975464e-06,70187,70187,9.424883,9.421059,2.7916e-02
dev-corpus-01,1564,12824,2.836473e-10,12824,12824,0.000087,0.000087,1.2009e-02
dev-corpus-01,1565,20304,1.242499e-07,20304,20304,0.066102,0.066185,2.5910e-02
dev-corpus-01,1566,1392,9.932536e-06,236772,236772,12.965489,12.978400,5.9631e-02
dev-corpus-01,1567,236772,2.105690e-06,236772,236772,0.323438,0.322980,2.9640e-02
dev-corpus-01,1568,236940,6.695142e-09,236940,236940,0.023682,0.023675,1.8997e-02
dev-corpus-01,1569,89079,4.726975e-07,70187,70187,11.096605,11.110537,2.7552e-02
dev-corpus-01,1570,70187,6.325189e-07,70187,70187,0.165708,0.166110,3.8649e-02
dev-corpus-01,1571,1572,2.662944e-08,1572,1572,0.007047,0.007062,2.3417e-02
dev-corpus-01,1572,236804,3.377334e-11,236804,236804,0.000004,0.000004,1.9727e-02
dev-corpus-01,1573,4267,6.149001e-11,4267,4267,0.000549,0.000549,1.8200e-02
dev-corpus-01,1574,1031,4.009187e-07,236761,236761,10.674855,10.670770,1.7543e-02
dev-corpus-01,1575,6811,1.568262e-07,6811,6811,0.073126,0.073216,1.6504e-02
dev-corpus-01,1576,580,4.122100e-07,528,528,1.457098,1.455457,9.6095e-03
dev-corpus-01,1577,236743,4.656092e-07,236743,236743,1.016202,1.016149,1.8972e-02
dev-corpus-01,1578,236778,9.030666e-07,236770,236770,1.501285,1.502285,1.8325e-02
dev-corpus-01,1579,236800,4.997994e-07,236771,236771,2.488171,2.488409,2.6704e-02
dev-corpus-01,1580,5857,3.099855e-07,6198,6198,2.002067,2.002035,2.2559e-02
dev-corpus-01,1581,236743,5.384422e-08,236743,236743,0.006244,0.006267,1.3111e-02
dev-corpus-01,1582,236778,7.557109e-07,236770,236770,1.472250,1.469999,1.6390e-02
dev-corpus-01,1583,236771,4.639013e-09,236771,236771,0.001783,0.001780,2.0912e-02
dev-corpus-01,1584,236770,2.475004e-08,236771,236771,2.488184,2.488185,1.6211e-02
dev-corpus-01,1585,236770,2.797310e-07,236800,236800,1.752565,1.751625,2.0818e-02
dev-corpus-01,1586,783,3.835132e-07,236761,236761,2.460918,2.463583,3.0009e-02
dev-corpus-01,1587,194181,2.813977e-06,669,669,14.862444,14.862560,2.4816e-02
dev-corpus-01,1588,528,3.594974e-07,528,528,0.218573,0.218609,2.0859e-02
dev-corpus-01,1589,506,3.852899e-06,506,506,1.116384,1.116549,2.3968e-02
dev-corpus-01,1590,3640,2.053118e-06,11452,11452,1.617516,1.614393,2.1765e-02
dev-corpus-01,1591,4184,3.436641e-09,4184,4184,0.002829,0.002829,1.5610e-02
dev-corpus-01,1592,532,2.091443e-07,236764,236764,1.600980,1.601425,1.9283e-02
dev-corpus-01,1593,13251,4.233189e-06,6811,6811,2.144869,2.139332,2.4952e-02
dev-corpus-01,1594,1031,2.679039e-07,236764,236764,4.009865,4.009988,2.3732e-02
dev-corpus-01,1595,625,3.619669e-07,506,506,3.143201,3.141896,1.8332e-02
dev-corpus-01,1596,691,3.307078e-07,4065,4065,1.139345,1.140063,1.7688e-02
dev-corpus-01,1597,6095,2.847683e-06,6811,6811,2.734535,2.736161,1.6657e-02
dev-corpus-01,1598,684,3.991081e-09,684,684,0.003348,0.003345,1.0797e-02
dev-corpus-01,1599,1572,1.415810e-06,1572,1572,2.439094,2.440701,2.1154e-02
dev-corpus-01,1600,236804,1.471396e-09,236804,236804,0.000085,0.000086,1.6823e-02
dev-corpus-01,1601,4267,6.808787e-12,4267,4267,0.000001,0.000001,1.0546e-02
dev-corpus-01,1602,607,2.347451e-07,532,532,4.928566,4.926655,1.0123e-02
dev-corpus-01,1603,6624,1.517045e-06,506,506,8.720965,8.721244,1.7467e-02
dev-corpus-01,1604,37060,1.370767e-06,722,722,9.756984,9.754625,1.8561e-02
dev-corpus-01,1605,1031,4.386222e-07,236761,236761,5.082445,5.087973,1.8983e-02
dev-corpus-01,1606,11629,6.142983e-07,532,532,11.896142,11.897290,2.1168e-02
dev-corpus-01,1607,104975,1.606686e-06,89002,89002,10.955830,10.953873,1.9437e-02
dev-corpus-01,1608,532,1.030898e-07,532,532,0.576896,0.576625,1.5254e-02
dev-corpus-01,1609,34499,7.406789e-07,55237,55237,15.863285,15.867394,2.2277e-02
dev-corpus-01,1610,129379,4.325649e-07,129379,129379,0.022225,0.022089,2.6927e-02
dev-corpus-01,1611,20304,1.706374e-07,18532,18532,5.526421,5.530032,1.2077e-02
dev-corpus-01,1612,1392,8.295000e-07,532,532,5.705430,5.700508,2.2044e-02
dev-corpus-01,1613,236772,4.697109e-09,236772,236772,0.001550,0.001549,1.8940e-02
dev-corpus-01,1614,236940,6.176622e-09,236940,236940,0.001514,0.001518,2.0556e-02
dev-corpus-01,1615,89079,8.149860e-06,20304,20304,5.387238,5.370387,4.0122e-02
dev-corpus-01,1616,49187,2.500800e-06,22424,22424,10.189201,10.181642,2.6098e-02
dev-corpus-01,1617,53363,2.544801e-06,44599,44599,3.436058,3.437063,1.9197e-02
dev-corpus-01,1618,783,8.262788e-08,783,783,0.516287,0.516589,1.7420e-02
dev-corpus-01,1619,669,1.153201e-06,669,669,0.244993,0.245712,2.0796e-02
dev-corpus-01,1620,8412,2.223031e-09,8412,8412,0.000943,0.000944,1.6626e-02
dev-corpus-01,1621,2192,5.060921e-07,4065,4065,15.672942,15.674116,1.3064e-02
dev-corpus-01,1622,506,3.609738e-06,496,496,5.157989,5.158991,2.8746e-02
dev-corpus-01,1623,1171,8.937041e-07,236743,236743,2.575529,2.575267,1.8116e-02
dev-corpus-01,1624,6829,2.175316e-06,528,528,8.170599,8.170636,1.6247e-02
dev-corpus-01,1625,5588,3.250704e-07,5588,5588,0.187523,0.187665,1.5035e-02
dev-corpus-01,1626,684,1.027417e-06,529,529,1.488833,1.487815,1.5056e-02
dev-corpus-01,1627,1572,8.945278e-08,1572,1572,0.026121,0.026068,1.6022e-02
dev-corpus-01,1628,236804,1.614160e-11,236804,236804,0.000006,0.000006,9.7456e-03
dev-corpus-01,1629,4267,1.591262e-11,4267,4267,0.000001,0.000001,1.8686e-02
dev-corpus-01,1630,1308,6.318619e-07,237028,237028,3.658922,3.663804,1.7549e-02
dev-corpus-01,1631,668,1.085249e-06,914,914,8.431304,8.431894,1.4319e-02
dev-corpus-01,1632,691,6.611611e-07,1053,1053,4.278637,4.279901,1.4613e-02
dev-corpus-01,1633,10227,1.758228e-05,7539,7539,1.009078,1.009342,3.1775e-02
dev-corpus-01,1634,684,2.097415e-07,531,531,1.938810,1.938772,1.1580e-02
dev-corpus-01,1635,28457,4.133483e-07,496,496,2.428888,2.427764,2.0315e-02
dev-corpus-01,1636,11796,8.361170e-08,11796,11796,0.083335,0.083398,1.5361e-02
dev-corpus-01,1637,528,2.030404e-06,2192,2192,2.992857,2.992549,4.0047e-02
dev-corpus-01,1638,236743,3.161555e-08,236743,236743,0.024920,0.024923,1.5936e-02
dev-corpus-01,1639,236770,1.257774e-07,236778,236778,3.945526,3.941963,1.4151e-02
dev-corpus-01,1640,236819,6.353764e-09,236819,236819,0.000951,0.000948,1.5040e-02
dev-corpus-01,1641,236819,1.120722e-07,236819,236819,0.009630,0.009585,2.1254e-02
dev-corpus-01,1642,236800,3.557741e-06,236832,236832,4.030644,4.030369,2.3485e-02
dev-corpus-01,1643,532,4.109621e-08,2192,2192,6.240730,6.242607,1.5400e-02
dev-corpus-01,1644,37060,1.583390e-06,21211,21211,7.994607,7.996951,2.5996e-02
dev-corpus-01,1645,11796,3.542135e-08,11796,11796,0.283176,0.283099,1.8929e-02
dev-corpus-01,1646,528,2.832660e-06,6308,6308,0.908773,0.905926,1.9741e-02
dev-corpus-01,1647,236743,5.048888e-08,236743,236743,0.004565,0.004545,1.8801e-02
dev-corpus-01,1648,236778,1.868995e-06,236770,236770,0.912569,0.914931,1.8572e-02
dev-corpus-01,1649,236771,6.578005e-10,236771,236771,0.000101,0.000101,2.0299e-02
dev-corpus-01,1650,236771,6.512430e-08,236771,236771,0.033325,0.033258,9.7167e-03
dev-corpus-01,1651,236828,4.428587e-08,236770,236770,4.593897,4.595107,1.3549e-02
dev-corpus-01,1652,2192,5.258393e-07,2192,2192,0.126947,0.127280,2.1194e-02
dev-corpus-01,1653,691,1.030039e-05,691,691,1.249437,1.253763,1.9537e-02
dev-corpus-01,1654,10713,1.406745e-06,496,496,13.013853,13.012805,2.0739e-02
dev-corpus-01,1655,684,1.788543e-06,684,684,0.455733,0.454570,2.4834e-02
dev-corpus-01,1656,914,1.014468e-06,914,914,0.357092,0.356445,2.2856e-02
dev-corpus-01,1657,1852,3.086577e-07,1852,1852,0.161496,0.161732,1.2565e-02
dev-corpus-01,1658,5346,3.608009e-08,5346,5346,0.145211,0.145291,1.1110e-02
dev-corpus-01,1659,1031,5.161346e-07,236764,236764,6.675519,6.675438,1.8833e-02
dev-corpus-01,1660,6548,3.117699e-06,5213,5213,7.058121,7.056670,2.0715e-02
dev-corpus-01,1661,546,5.500661e-09,546,546,0.001538,0.001538,1.5399e-02
dev-corpus-01,1662,24318,3.561952e-08,24318,24318,0.005988,0.005995,7.8392e-03
dev-corpus-01,1663,6015,1.928283e-08,6015,6015,0.003212,0.003222,1.3393e-02
dev-corpus-01,1664,783,1.266324e-06,236764,236764,10.611439,10.616168,1.3397e-02
dev-corpus-01,1665,236743,5.895273e-07,1030,1030,5.502229,5.501461,2.8687e-02
dev-corpus-01,1666,107,7.132330e-07,107,107,0.638062,0.636945,1.7363e-02
dev-corpus-01,1667,1301,7.503091e-08,236743,236743,20.660353,20.663292,1.9655e-02
dev-corpus-01,1668,3833,2.842928e-06,1042,1042,4.337640,4.330881,1.9326e-02
dev-corpus-01,1669,532,6.579515e-06,684,13336,2.410322,2.416264,1.4616e-02
dev-corpus-01,1670,5267,9.700326e-07,6984,6984,1.505196,1.503305,1.3050e-02
dev-corpus-01,1671,528,5.201382e-07,684,684,5.096832,5.097872,8.7080e-03
dev-corpus-01,1672,496,5.637716e-08,14361,14361,7.290477,7.287590,1.8438e-02
dev-corpus-01,1673,1051,1.487099e-06,6921,6921,13.978643,13.978324,2.0977e-02
dev-corpus-01,1674,1031,1.857432e-06,236764,236764,8.255169,8.259852,2.2264e-02
dev-corpus-01,1675,506,7.739442e-07,506,506,0.485399,0.484559,1.7960e-02
dev-corpus-01,1676,3423,7.724247e-08,8412,8412,4.932933,4.933291,2.0905e-02
dev-corpus-01,1677,12933,1.408252e-06,4065,4065,9.937546,9.935935,2.0837e-02
dev-corpus-01,1678,1572,4.101035e-07,496,496,2.269624,2.267561,1.6487e-02
dev-corpus-01,1679,236804,2.340576e-09,236804,236804,0.000157,0.000158,3.3975e-02
dev-corpus-01,1680,4267,5.128257e-12,4267,4267,0.000001,0.000001,1.0496e-02
dev-corpus-01,1681,532,2.421009e-07,236789,236789,12.158852,12.156020,1.6726e-02
dev-corpus-01,1682,53363,3.314665e-07,914,914,13.692456,13.690069,3.6460e-02
dev-corpus-01,1683,756,1.340736e-07,236789,236789,5.340621,5.338936,1.6801e-02
dev-corpus-01,1684,10080,4.047797e-07,236751,236751,26.672998,26.667115,2.3385e-02
dev-corpus-01,1685,13859,2.153246e-06,13859,13859,0.912484,0.914213,2.1472e-02
dev-corpus-01,1686,783,1.732619e-06,236789,236789,4.918184,4.919715,1.3912e-02
dev-corpus-01,1687,1701,7.952890e-07,1030,1030,7.668662,7.665215,2.2202e-02
dev-corpus-01,1688,99309,1.669472e-06,672,672,5.992656,5.996115,1.9283e-02
dev-corpus-01,1689,7078,3.657244e-09,7078,7078,0.000080,0.000079,2.7405e-02
dev-corpus-01,1690,1031,2.926457e-08,236764,236764,6.128019,6.130019,1.9632e-02
dev-corpus-01,1691,1572,2.103611e-06,1572,1572,0.700511,0.699752,3.4686e-02
dev-corpus-01,1692,236804,5.631527e-10,236804,236804,0.000042,0.000041,3.0924e-02
dev-corpus-01,1693,4267,2.222217e-13,4267,4267,0.000000,0.000000,2.0181e-02
dev-corpus-01,1694,7623,1.063294e-05,236789,236789,5.662992,5.663327,4.1252e-02
dev-corpus-01,1695,531,9.784711e-08,531,531,0.027134,0.027194,1.5317e-02
dev-corpus-01,1696,914,6.599755e-07,914,914,0.886380,0.887038,1.8005e-02
dev-corpus-01,1697,27644,8.071157e-06,14546,14546,5.681625,5.683909,1.4861e-02
dev-corpus-01,1698,5057,3.278759e-06,34407,34407,3.250033,3.255763,2.0789e-02
dev-corpus-01,1699,1308,2.299011e-07,236764,236764,4.467378,4.464354,1.5135e-02
dev-corpus-01,1700,914,7.612594e-07,496,496,2.328978,2.328995,3.0023e-02
dev-corpus-01,1701,125011,4.898932e-06,3527,3527,7.582464,7.584732,2.3453e-02
dev-corpus-01,1702,27197,4.337108e-07,8633,8633,3.267615,3.270778,1.1694e-02
dev-corpus-01,1703,573,9.418632e-07,528,528,3.944208,3.947520,1.8564e-02
dev-corpus-01,1704,8307,1.743414e-06,506,506,12.427059,12.425472,2.4304e-02
dev-corpus-01,1705,183384,2.840522e-05,43350,43350,1.118962,1.128024,3.0588e-02
dev-corpus-01,1706,630,1.134428e-06,12402,12402,4.518149,4.524977,2.3160e-02
dev-corpus-01,1707,33579,8.137225e-07,33579,33579,0.236398,0.235810,1.2592e-02
dev-corpus-01,1708,568,1.424506e-06,236764,236764,3.389071,3.390299,1.7788e-02
dev-corpus-01,1709,236743,4.944707e-08,236778,236778,6.081232,6.083853,1.3799e-02
dev-corpus-01,1710,236778,2.618948e-08,236778,236778,0.003994,0.004007,2.0506e-02
dev-corpus-01,1711,236771,1.435807e-10,236771,236771,0.000165,0.000165,7.4637e-03
dev-corpus-01,1712,236770,1.390404e-07,236771,236771,3.027395,3.029733,1.0868e-02
dev-corpus-01,1713,236771,3.946008e-07,236771,236771,0.257796,0.258271,9.2840e-03
dev-corpus-01,1714,1732,4.959685e-07,769,769,4.609348,4.610001,1.7306e-02
dev-corpus-01,1715,783,4.764030e-08,532,532,3.284073,3.283295,1.7002e-02
dev-corpus-01,1716,5978,3.643673e-07,669,669,4.963644,4.965646,2.2162e-02
dev-corpus-01,1717,13342,2.526701e-06,506,506,4.921253,4.921424,3.0212e-02
dev-corpus-01,1718,506,1.078150e-06,236764,236764,1.901381,1.902472,2.6364e-02
dev-corpus-01,1719,9014,1.209738e-07,8412,8412,10.088346,10.090246,2.1447e-02
dev-corpus-01,1720,1031,3.018056e-07,236764,236764,8.450148,8.444620,1.8471e-02
dev-corpus-01,1721,668,4.590870e-07,668,668,0.512132,0.511643,3.4425e-02
dev-corpus-01,1722,1053,7.702713e-06,112442,112442,4.401808,4.403630,2.8633e-02
dev-corpus-01,1723,1456,6.423441e-07,112442,112442,8.831568,8.829900,1.5371e-02
dev-corpus-01,1724,18661,1.221803e-06,919,919,9.565577,9.566103,1.6204e-02
dev-corpus-01,1725,17747,1.333394e-06,16587,16587,2.922766,2.923870,1.1533e-02
dev-corpus-01,1726,531,5.239440e-07,532,532,7.038541,7.036849,1.8293e-02
dev-corpus-01,1727,30091,1.064128e-06,2619,2619,8.812623,8.812279,2.0782e-02
dev-corpus-01,1728,914,2.554490e-07,506,506,1.947602,1.946613,1.6063e-02
dev-corpus-01,1729,5057,1.080252e-06,5057,5057,0.457137,0.457850,1.6240e-02
dev-corpus-01,1730,1031,3.418375e-07,236761,236761,6.609921,6.605523,1.8028e-02
dev-corpus-01,1731,2963,3.369267e-06,532,532,8.630947,8.626147,2.0403e-02
dev-corpus-01,1732,8314,1.349014e-06,7808,7808,7.533159,7.533556,2.5191e-02
dev-corpus-01,1733,1144,1.134568e-06,496,496,9.593376,9.595147,1.6690e-02
dev-corpus-01,1734,1053,3.086522e-06,668,668,9.737311,9.734695,4.2803e-02
dev-corpus-01,1735,1010,2.491839e-07,1010,1010,0.054475,0.054617,1.4518e-02
dev-corpus-01,1736,2760,1.543982e-06,496,496,3.259886,3.260548,1.9326e-02
dev-corpus-01,1737,496,1.271865e-06,623,623,1.498428,1.496369,2.0392e-02
dev-corpus-01,1738,623,7.481819e-07,623,623,0.858622,0.859434,1.7116e-02
dev-corpus-01,1739,52872,1.246825e-06,69731,69731,5.612169,5.613225,1.5092e-02
dev-corpus-01,1740,1392,1.840046e-08,236772,236772,24.814265,24.812610,1.1233e-02
dev-corpus-01,1741,236772,1.803298e-06,236772,236772,0.173968,0.174160,2.7927e-02
dev-corpus-01,1742,236940,6.515178e-09,236940,236940,0.006054,0.006059,2.7362e-02
dev-corpus-01,1743,1679,1.112925e-06,5057,5057,3.024048,3.029159,2.1915e-02
dev-corpus-01,1744,34407,6.603214e-09,236775,236775,8.554178,8.552802,1.0532e-02
dev-corpus-01,1745,4514,4.637120e-08,236775,236775,14.268423,14.270549,1.2528e-02
dev-corpus-01,1746,623,6.356916e-07,1781,1781,5.798485,5.796756,1.3871e-02
dev-corpus-01,1747,528,1.005589e-07,783,783,4.663790,4.662572,1.6261e-02
dev-corpus-01,1748,914,3.412523e-06,506,506,1.681633,1.679822,3.5484e-02
dev-corpus-01,1749,4252,2.134012e-06,3527,3527,2.583947,2.585075,3.2794e-02
dev-corpus-01,1750,783,4.604629e-08,236761,236761,3.458579,3.458411,2.1062e-02
dev-corpus-01,1751,99309,2.960897e-06,99309,99309,1.210286,1.207683,3.1990e-02
dev-corpus-01,1752,7078,6.947691e-10,7078,7078,0.000099,0.000098,1.4055e-02
dev-corpus-01,1753,815,4.187654e-06,236764,236764,11.062485,11.059233,2.0953e-02
dev-corpus-01,1754,1010,2.592199e-06,496,496,4.901358,4.902632,2.1815e-02
dev-corpus-01,1755,5483,3.439268e-06,43605,43605,7.060976,7.061814,1.9374e-02
dev-corpus-01,1756,531,3.061561e-07,531,531,0.039382,0.039253,1.4162e-02
dev-corpus-01,1757,914,9.987962e-08,914,914,0.129597,0.129657,2.0308e-02
dev-corpus-01,1758,6517,1.380156e-07,6517,6517,0.096029,0.095911,1.0663e-02
dev-corpus-01,1759,40626,1.192936e-07,236764,236764,7.335415,7.334266,1.1845e-02
dev-corpus-01,1760,1031,2.146518e-06,236764,236764,6.078529,6.078210,2.1463e-02
dev-corpus-01,1761,18868,2.810361e-06,532,532,22.604983,22.598900,1.6268e-02
dev-corpus-01,1762,3754,2.087620e-11,3754,3754,0.000034,0.000034,6.5804e-03
dev-corpus-01,1763,568,2.993247e-07,569,569,3.781406,3.777190,1.4098e-02
dev-corpus-01,1764,236743,1.228751e-06,236743,236743,0.555654,0.556656,9.7733e-03
dev-corpus-01,1765,236770,7.215364e-06,236778,236778,1.195959,1.190201,2.4356e-02
dev-corpus-01,1766,236819,1.177003e-09,236819,236819,0.000094,0.000093,2.2120e-02
dev-corpus-01,1767,236819,4.784216e-08,236819,236819,0.007158,0.007184,1.1330e-02
dev-corpus-01,1768,236812,2.373210e-06,236812,236812,0.445994,0.447230,3.8758e-02
dev-corpus-01,1769,1732,5.915205e-07,1732,1732,0.160554,0.160984,1.4997e-02
dev-corpus-01,1770,532,5.668595e-07,532,532,0.028717,0.028540,1.9158e-02
dev-corpus-01,1771,25328,5.182196e-06,2876,2876,7.034871,7.033346,3.5166e-02
dev-corpus-01,1772,168824,1.995809e-06,568,568,10.452246,10.452646,2.0106e-02
dev-corpus-01,1773,111340,1.099048e-06,111340,111340,0.034814,0.035089,1.7767e-02
dev-corpus-01,1774,568,1.496654e-10,568,568,0.000071,0.000072,1.1501e-02
dev-corpus-01,1775,236743,5.609974e-06,236743,236743,0.314233,0.312202,1.0917e-02
dev-corpus-01,1776,236770,8.668163e-10,236770,236770,0.010799,0.010803,1.0632e-02
dev-corpus-01,1777,236819,1.224354e-10,236819,236819,0.000037,0.000037,1.4044e-02
dev-corpus-01,1778,236819,2.446019e-09,236819,236819,0.000683,0.000681,1.3869e-02
dev-corpus-01,1779,236800,2.267908e-06,236832,236832,4.372844,4.375273,2.3691e-02
dev-corpus-01,1780,1732,4.595878e-07,1732,1732,0.527209,0.527766,2.2019e-02
dev-corpus-01,1781,783,1.159240e-06,573,573,4.689214,4.683002,2.0363e-02
dev-corpus-01,1782,236743,1.352514e-06,669,669,2.481685,2.483136,2.7557e-02
dev-corpus-01,1783,107,1.214991e-07,107,107,0.013007,0.012951,2.0900e-02
dev-corpus-01,1784,99309,2.368914e-06,818,818,7.533238,7.531998,3.4720e-02
dev-corpus-01,1785,7078,3.566531e-11,7078,7078,0.000014,0.000014,1.7577e-02
dev-corpus-01,1786,5452,1.547383e-06,563,563,7.279740,7.277425,2.3312e-02
dev-corpus-01,1787,1572,8.898049e-08,496,496,5.048186,5.050164,1.0679e-02
dev-corpus-01,1788,236804,7.113725e-10,236804,236804,0.000015,0.000016,2.2863e-02
dev-corpus-01,1789,4267,3.687414e-12,4267,4267,0.000001,0.000001,1.4756e-02
dev-corpus-01,1790,756,1.568774e-08,236789,236789,7.606558,7.608493,1.5153e-02
dev-corpus-01,1791,236751,1.710899e-07,236751,236751,0.019424,0.019472,1.4509e-02
dev-corpus-01,1792,10080,6.617323e-07,1171,1171,6.171836,6.176108,1.8668e-02
dev-corpus-01,1793,1548,2.017196e-06,8412,8412,5.562358,5.560022,1.7692e-02
dev-corpus-01,1794,1392,9.467036e-08,886,886,11.176345,11.174536,2.2378e-02
dev-corpus-01,1795,236772,6.004564e-08,236772,236772,0.002488,0.002475,2.1701e-02
dev-corpus-01,1796,236940,2.931808e-08,236940,236940,0.006059,0.006040,2.5949e-02
dev-corpus-01,1797,886,4.057979e-06,3161,3161,11.056178,11.049616,2.6028e-02
dev-corpus-01,1798,8412,2.135410e-06,236764,236764,7.702429,7.709199,2.3685e-02
dev-corpus-01,1799,580,1.000723e-06,236761,236761,7.362864,7.364864,1.9026e-02
dev-corpus-01,1800,506,1.231167e-05,236743,236743,1.313967,1.321262,3.7279e-02
dev-corpus-01,1801,72991,7.071080e-06,28494,28494,3.202931,3.199925,3.3977e-02
dev-corpus-01,1802,8231,9.511177e-07,236743,236743,2.625899,2.627456,1.4350e-02
dev-corpus-01,1803,16403,9.267353e-08,16403,16403,0.004752,0.004768,2.1880e-02
dev-corpus-01,1804,117210,2.796887e-08,117210,117210,0.001876,0.001875,2.0049e-02
dev-corpus-01,1805,1298,5.867714e-07,9535,9535,15.324049,15.325895,1.8908e-02
dev-corpus-01,1806,625,4.507380e-06,625,625,0.218078,0.219439,2.1844e-02
dev-corpus-01,1807,72000,3.152091e-06,90959,90959,2.008841,2.007532,2.3117e-02
dev-corpus-01,1808,573,1.145448e-07,657,657,10.443185,10.446832,2.1633e-02
dev-corpus-01,1809,506,6.726965e-06,506,506,0.331655,0.333338,5.3108e-02
dev-corpus-01,1810,2069,4.448499e-07,1171,1171,9.216176,9.211700,1.9176e-02
dev-corpus-01,1811,16548,1.058464e-06,529,529,0.786044,0.784471,2.2659e-02
dev-corpus-01,1812,236743,6.206273e-07,5857,5857,1.779193,1.780233,1.5156e-02
dev-corpus-01,1813,236778,8.920859e-08,236778,236778,0.611370,0.611322,1.4402e-02
dev-corpus-01,1814,236778,8.410819e-08,236819,236819,2.827693,2.827971,1.7534e-02
dev-corpus-01,1815,6198,8.520805e-07,5857,5857,1.662004,1.663821,1.3068e-02
dev-corpus-01,1816,236743,1.401220e-09,236743,236743,0.001582,0.001582,1.3205e-02
dev-corpus-01,1817,236778,1.104548e-09,236778,236778,0.000038,0.000038,1.9162e-02
dev-corpus-01,1818,236771,5.002147e-10,236771,236771,0.000139,0.000139,1.3379e-02
dev-corpus-01,1819,236770,7.505181e-11,236770,236770,0.000005,0.000005,1.3756e-02
dev-corpus-01,1820,236770,1.658390e-08,236770,236770,0.001179,0.001185,1.6281e-02
dev-corpus-01,1821,783,3.059015e-06,236761,236761,2.297569,2.295578,3.1777e-02
dev-corpus-01,1822,1701,2.352357e-06,669,669,7.168836,7.169909,2.5349e-02
dev-corpus-01,1823,59197,2.397575e-06,99309,99309,18.974073,18.970083,2.8625e-02
dev-corpus-01,1824,1908,3.053396e-07,5695,5695,12.218552,12.214744,1.8175e-02
dev-corpus-01,1825,1392,2.627843e-07,236772,236772,9.717620,9.711931,2.2219e-02
dev-corpus-01,1826,236772,2.021436e-08,236772,236772,0.002045,0.002048,2.1256e-02
dev-corpus-01,1827,236940,8.178805e-08,236940,236940,0.002689,0.002706,3.9861e-02
dev-corpus-01,1828,22592,6.912388e-06,22592,22592,0.729367,0.732153,2.4767e-02
dev-corpus-01,1829,5695,2.490982e-07,5695,5695,0.007953,0.008011,1.8725e-02
dev-corpus-01,1830,625,5.327021e-07,236764,236764,3.104786,3.100305,1.4116e-02
dev-corpus-01,1831,42093,3.339538e-06,691,691,2.808009,2.810906,1.6220e-02
dev-corpus-01,1832,506,9.341197e-08,506,506,0.005579,0.005598,2.1164e-02
dev-corpus-01,1833,16403,2.732346e-06,9535,9535,1.820042,1.824028,2.0925e-02
dev-corpus-01,1834,11400,5.735873e-06,117210,117210,1.968521,1.971709,2.1869e-02
dev-corpus-01,1835,117210,1.044359e-07,117210,117210,0.020330,0.020275,1.8665e-02
dev-corpus-01,1836,9535,4.752712e-07,9535,9535,0.094991,0.095273,1.8241e-02
dev-corpus-01,1837,1031,6.402449e-07,236761,236761,10.257938,10.255802,1.6884e-02
dev-corpus-01,1838,532,1.858901e-06,532,532,0.333244,0.332702,2.1866e-02
dev-corpus-01,1839,8452,1.191016e-06,625,625,3.051378,3.051775,2.0013e-02
dev-corpus-01,1840,1548,3.270321e-06,1548,1548,0.268027,0.268851,2.4233e-02
dev-corpus-01,1841,886,2.010349e-07,886,886,0.065476,0.065632,1.3804e-02
dev-corpus-01,1842,580,2.613999e-08,580,580,0.027016,0.027007,1.4152e-02
dev-corpus-01,1843,506,8.632679e-08,506,506,0.034278,0.034245,2.2663e-02
dev-corpus-01,1844,26135,3.382659e-07,72991,72991,8.819628,8.816895,2.4194e-02
dev-corpus-01,1845,117210,7.189255e-07,117210,117210,0.047790,0.047555,1.5828e-02
dev-corpus-01,1846,32269,1.179982e-07,9535,9535,4.208479,4.204568,1.5163e-02
dev-corpus-01,1847,783,2.240475e-07,236761,236761,3.442976,3.443665,2.0263e-02
dev-corpus-01,1848,1030,3.284663e-06,236743,236743,3.887098,3.890591,3.3220e-02
dev-corpus-01,1849,563,1.187971e-06,691,691,1.661541,1.661762,1.7477e-02
dev-corpus-01,1850,914,5.505432e-06,914,914,1.484866,1.485695,3.5440e-02
dev-corpus-01,1851,15778,2.249782e-06,1791,1791,7.517775,7.508532,2.7979e-02
dev-corpus-01,1852,22592,1.305221e-06,8412,8412,5.128515,5.126422,1.8390e-02
dev-corpus-01,1853,8412,7.119332e-07,1548,1548,1.447267,1.447988,1.7781e-02
dev-corpus-01,1854,531,1.216108e-07,531,531,0.025350,0.025406,1.2907e-02
dev-corpus-01,1855,9535,4.231370e-07,5370,5370,3.077184,3.076567,1.3554e-02
dev-corpus-01,1856,580,8.134335e-07,580,580,0.426742,0.427063,1.3032e-02
dev-corpus-01,1857,506,8.989590e-08,506,506,0.139195,0.139160,2.2854e-02
dev-corpus-01,1858,72991,1.627289e-07,72991,72991,0.133134,0.133252,2.2566e-02
dev-corpus-01,1859,236743,1.641493e-07,8231,8231,1.515818,1.515536,1.7045e-02
dev-corpus-01,1860,236778,4.711286e-09,236778,236778,0.002521,0.002517,1.5484e-02
dev-corpus-01,1861,236771,1.002934e-10,236771,236771,0.000037,0.000037,1.6015e-02
dev-corpus-01,1862,236771,3.095642e-10,236771,236771,0.000061,0.000060,1.1276e-02
dev-corpus-01,1863,568,5.959962e-07,236761,236761,6.688136,6.684757,2.1315e-02
dev-corpus-01,1864,17154,4.723450e-06,236743,236743,5.638024,5.643288,3.1730e-02
dev-corpus-01,1865,1548,5.525875e-07,1548,1548,0.311112,0.311057,2.3596e-02
dev-corpus-01,1866,41607,2.953335e-07,236743,236743,10.192094,10.192562,1.5492e-02
dev-corpus-01,1867,1392,6.288721e-07,236772,236772,13.390955,13.387770,2.3961e-02
dev-corpus-01,1868,236772,2.713245e-09,236772,236772,0.000424,0.000424,1.8425e-02
dev-corpus-01,1869,236940,2.460561e-09,236940,236940,0.003802,0.003799,2.8993e-02
dev-corpus-01,1870,3493,3.167847e-06,580,580,4.699992,4.691182,2.2602e-02
dev-corpus-01,1871,1732,4.199787e-07,769,769,11.322388,11.326753,1.9805e-02
dev-corpus-01,1872,1031,5.456510e-07,783,783,7.623035,7.624148,1.7463e-02
dev-corpus-01,1873,532,4.285078e-07,532,532,0.151624,0.151704,1.7887e-02
dev-corpus-01,1874,914,6.803788e-07,914,914,0.424170,0.423551,1.6783e-02
dev-corpus-01,1875,10080,1.200252e-06,4168,4168,1.708148,1.709482,1.4033e-02
dev-corpus-01,1876,8412,2.689572e-06,22592,22592,2.162868,2.163858,2.7230e-02
dev-corpus-01,1877,531,1.171566e-07,531,531,0.092206,0.092270,1.8972e-02
dev-corpus-01,1878,9535,6.465999e-07,9535,9535,0.744888,0.745274,1.9891e-02
dev-corpus-01,1879,528,1.246499e-07,580,580,2.168746,2.167565,1.6830e-02
dev-corpus-01,1880,14145,1.240078e-06,506,506,2.769088,2.770472,2.1779e-02
dev-corpus-01,1881,568,2.851746e-07,236761,236761,4.930867,4.929952,2.8925e-02
dev-corpus-01,1882,145739,1.281432e-06,17154,17154,7.536041,7.532828,1.8409e-02
dev-corpus-01,1883,657,3.661813e-09,657,657,0.002994,0.002994,1.4327e-02
dev-corpus-01,1884,1548,3.036281e-08,1548,1548,0.007232,0.007222,1.4423e-02
dev-corpus-01,1885,41607,8.068768e-07,12571,12571,4.622511,4.618348,1.6400e-02
dev-corpus-01,1886,1392,2.899601e-06,1392,1392,0.258439,0.259595,3.8059e-02
dev-corpus-01,1887,236772,4.481831e-10,236772,236772,0.000045,0.000045,2.6032e-02
dev-corpus-01,1888,236940,7.510967e-10,236940,236940,0.000076,0.000076,3.1765e-02
dev-corpus-01,1889,6589,3.124001e-07,3493,3493,2.432985,2.432947,3.1175e-02
dev-corpus-01,1890,1732,9.349828e-06,11108,11108,4.181837,4.183212,2.8235e-02
dev-corpus-01,1891,783,2.476195e-08,783,783,0.004061,0.004071,1.7030e-02
dev-corpus-01,1892,25298,6.136736e-07,107,107,15.521875,15.530623,2.5377e-02
dev-corpus-01,1893,886,1.101094e-06,506,506,7.653627,7.653358,2.2044e-02
dev-corpus-01,1894,2069,3.797649e-06,1051,1051,1.099804,1.096076,1.7467e-02
dev-corpus-01,1895,1308,2.108679e-07,529,529,6.868641,6.864757,1.2921e-02
dev-corpus-01,1896,1061,5.053852e-08,1061,1061,0.041360,0.041422,1.8014e-02
dev-corpus-01,1897,5588,3.750442e-09,5588,5588,0.001795,0.001795,1.1777e-02
dev-corpus-01,1898,99309,3.160837e-07,236764,236764,15.185207,15.193619,1.5986e-02
dev-corpus-01,1899,7078,1.727997e-08,7078,7078,0.001061,0.001066,1.1392e-02
dev-corpus-01,1900,691,4.698337e-07,691,691,1.182722,1.183206,1.4949e-02
dev-corpus-01,1901,19743,9.959353e-07,19743,19743,0.164564,0.165049,1.6855e-02
dev-corpus-01,1902,5122,5.457994e-08,7707,7707,5.544092,5.543484,1.4198e-02
dev-corpus-01,1903,528,5.154553e-06,684,684,0.765201,0.761803,1.8554e-02
dev-corpus-01,1904,27491,2.451943e-06,13251,13251,7.965660,7.967263,1.9380e-02
dev-corpus-01,1905,1031,1.188250e-06,532,532,6.145754,6.149163,2.5039e-02
dev-corpus-01,1906,506,1.363362e-07,532,532,8.300106,8.299739,2.2702e-02
dev-corpus-01,1907,3640,5.942765e-05,2269,2269,8.053486,8.061711,3.8913e-02
dev-corpus-01,1908,4184,2.862429e-08,4184,4184,0.003177,0.003189,2.2992e-02
dev-corpus-01,1909,532,4.854475e-07,236764,236764,2.792455,2.790165,1.7551e-02
dev-corpus-01,1910,13251,6.681097e-07,13251,13251,0.176733,0.176915,1.8865e-02
dev-corpus-01,1911,532,4.489383e-07,236761,236761,7.286764,7.285559,3.2612e-02
dev-corpus-01,1912,19743,4.928500e-06,691,691,5.165873,5.161541,4.8634e-02
dev-corpus-01,1913,45449,2.274355e-08,45449,45449,0.021495,0.021491,1.6976e-02
dev-corpus-01,1914,528,1.408631e-08,528,528,0.006294,0.006288,1.5539e-02
dev-corpus-01,1915,36723,1.254931e-06,27491,27491,6.135785,6.134522,2.7008e-02
dev-corpus-01,1916,532,3.067535e-07,236761,236761,3.810798,3.809506,2.5313e-02
dev-corpus-01,1917,24423,2.509132e-06,34877,34877,3.228058,3.228127,3.9759e-02
dev-corpus-01,1918,783,2.491978e-07,236761,236761,3.006728,3.009628,3.0686e-02
dev-corpus-01,1919,236743,1.208722e-06,236743,236743,0.497474,0.496772,3.6045e-02
dev-corpus-01,1920,107,1.954414e-07,107,107,0.058186,0.058034,2.4183e-02
dev-corpus-01,1921,22749,1.418630e-06,236743,236743,18.912147,18.912818,2.8179e-02
dev-corpus-01,1922,40903,1.386558e-06,40903,40903,0.164291,0.164908,1.8364e-02
dev-corpus-01,1923,735,8.203979e-06,964,964,3.616667,3.614033,3.6784e-02
dev-corpus-01,1924,1010,3.394617e-08,1010,1010,0.011915,0.011907,1.3028e-02
dev-corpus-01,1925,6811,1.491950e-08,6811,6811,0.001861,0.001854,1.4084e-02
dev-corpus-01,1926,699,2.537841e-08,699,699,0.024421,0.024407,1.1026e-02
dev-corpus-01,1927,506,2.804892e-08,506,506,0.088550,0.088543,2.2523e-02
dev-corpus-01,1928,8412,7.606008e-09,8412,8412,0.002334,0.002328,2.3164e-02
dev-corpus-01,1929,783,1.535885e-06,236764,236764,5.980063,5.979185,1.5002e-02
dev-corpus-01,1930,669,3.153322e-06,669,669,0.475958,0.477063,3.4719e-02
dev-corpus-01,1931,2080,1.904304e-06,2080,2080,0.898745,0.897959,1.3423e-02
dev-corpus-01,1932,3161,2.909714e-09,3161,3161,0.000415,0.000416,1.0253e-02
dev-corpus-01,1933,1031,8.239461e-07,563,563,10.577962,10.575164,1.7484e-02
dev-corpus-01,1934,623,5.462226e-08,623,623,0.021171,0.021148,1.7034e-02
dev-corpus-01,1935,2876,1.463076e-06,4976,4976,12.717491,12.717596,2.0989e-02
dev-corpus-01,1936,97192,3.383343e-06,97192,97192,1.351556,1.349291,2.6708e-02
dev-corpus-01,1937,623,5.054125e-07,236775,236775,8.273277,8.271308,1.7138e-02
dev-corpus-01,1938,1031,4.920147e-07,691,691,2.820279,2.820770,1.3325e-02
dev-corpus-01,1939,5452,1.680778e-06,691,691,4.942795,4.937014,2.0782e-02
dev-corpus-01,1940,496,3.189159e-08,496,496,0.014855,0.014862,1.5850e-02
dev-corpus-01,1941,6635,8.620419e-07,3262,3262,5.230326,5.225167,1.4728e-02
dev-corpus-01,1942,2630,2.888566e-07,2630,2630,0.128357,0.128632,1.2589e-02
dev-corpus-01,1943,528,3.371986e-07,532,532,6.188288,6.187319,1.7581e-02
dev-corpus-01,1944,3131,1.220825e-06,236743,236743,4.502032,4.498396,1.8482e-02
dev-corpus-01,1945,16403,2.357168e-08,16403,16403,0.286585,0.286702,1.0117e-02
dev-corpus-01,1946,3668,3.830188e-07,3668,3668,0.057470,0.057278,1.6633e-02
dev-corpus-01,1947,4808,7.793282e-07,4808,4808,0.147219,0.146748,1.3658e-02
dev-corpus-01,1948,532,2.997155e-07,236761,236761,2.873429,2.874035,2.4278e-02
dev-corpus-01,1949,691,8.094513e-07,691,691,0.505556,0.506102,1.8178e-02
dev-corpus-01,1950,1548,1.970604e-06,496,496,6.810650,6.815131,2.0816e-02
dev-corpus-01,1951,886,8.522267e-08,886,886,0.025014,0.024952,1.2882e-02
dev-corpus-01,1952,580,4.839132e-08,580,580,0.456919,0.457118,1.7298e-02
dev-corpus-01,1953,506,3.701518e-07,506,506,0.090548,0.090371,3.1250e-02
dev-corpus-01,1954,72991,2.482534e-06,16403,16403,2.092794,2.096422,2.6847e-02
dev-corpus-01,1955,16403,1.000627e-07,16403,16403,0.527784,0.528057,1.3908e-02
dev-corpus-01,1956,48420,5.370009e-07,48420,48420,0.112099,0.112446,1.0396e-02
dev-corpus-01,1957,532,3.237721e-09,9535,9535,9.839309,9.838233,1.3644e-02
dev-corpus-01,1958,16403,5.018299e-07,16403,16403,0.717229,0.717194,2.1032e-02
dev-corpus-01,1959,11400,1.017988e-06,11400,11400,0.272572,0.272202,1.9923e-02
dev-corpus-01,1960,48420,1.092224e-06,48420,48420,0.395383,0.396344,1.1830e-02
dev-corpus-01,1961,28494,8.515739e-07,28494,28494,0.107966,0.107536,1.3121e-02
dev-corpus-01,1962,783,3.895010e-07,236761,236761,4.393003,4.397792,2.1175e-02
dev-corpus-01,1963,1030,1.081281e-06,7067,7067,5.304923,5.305030,1.5389e-02
dev-corpus-01,1964,691,4.828199e-07,691,691,0.294240,0.294062,1.7013e-02
dev-corpus-01,1965,6641,3.139976e-07,992,992,6.501666,6.503446,2.6987e-02
dev-corpus-01,1966,684,3.642605e-10,684,684,0.000476,0.000475,1.0682e-02
dev-corpus-01,1967,623,1.013660e-06,623,623,0.094431,0.094780,2.7266e-02
dev-corpus-01,1968,25133,1.107533e-06,2774,2774,8.975686,8.975310,1.7431e-02
dev-corpus-01,1969,9925,9.113528e-11,1741,1741,9.197406,9.197991,1.0103e-02
dev-corpus-01,1970,147012,7.560956e-07,236775,236775,4.442066,4.439260,2.2727e-02
dev-corpus-01,1971,623,7.591230e-07,236775,236775,2.236163,2.233088,1.5700e-02
dev-corpus-01,1972,568,4.866208e-08,532,532,6.913627,6.915266,1.5743e-02
dev-corpus-01,1973,18482,4.614397e-06,236778,236778,8.039994,8.041682,2.2092e-02
dev-corpus-01,1974,667,3.060319e-06,77817,77817,6.151256,6.152399,2.5674e-02
dev-corpus-01,1975,5316,1.748062e-07,5316,5316,0.444896,0.445110,1.1488e-02
dev-corpus-01,1976,76530,8.216625e-07,76530,76530,0.406191,0.406566,1.1211e-02
dev-corpus-01,1977,1732,3.036487e-07,236768,236768,1.358348,1.359288,2.1102e-02
dev-corpus-01,1978,1031,1.280895e-07,532,532,2.509111,2.507843,1.7810e-02
dev-corpus-01,1979,837,1.481944e-06,532,532,1.704293,1.704968,1.9351e-02
dev-corpus-01,1980,8452,5.612028e-08,992,992,6.823762,6.825616,1.7302e-02
dev-corpus-01,1981,1548,2.845121e-07,1548,1548,0.113913,0.114124,1.4119e-02
dev-corpus-01,1982,886,7.250144e-07,886,886,0.118768,0.118349,1.0625e-02
dev-corpus-01,1983,580,1.746672e-06,580,580,0.667879,0.669695,1.5901e-02
dev-corpus-01,1984,506,1.133489e-06,506,506,0.080573,0.080954,2.2581e-02
dev-corpus-01,1985,16403,2.788620e-05,72991,72991,0.995826,0.995957,1.1960e-01
dev-corpus-01,1986,11400,3.574307e-08,11400,11400,0.025814,0.025847,1.3955e-02
dev-corpus-01,1987,48420,2.464080e-07,48420,48420,0.049694,0.049658,2.0607e-02
dev-corpus-01,1988,1031,1.699627e-07,9535,9535,16.021317,16.028310,1.4087e-02
dev-corpus-01,1989,1548,5.992678e-06,532,532,8.260912,8.258841,4.3405e-02
dev-corpus-01,1990,1156,1.479436e-06,1156,1156,0.912050,0.913168,1.7658e-02
dev-corpus-01,1991,580,2.728513e-08,580,580,0.003730,0.003741,1.5746e-02
dev-corpus-01,1992,506,2.519598e-08,506,506,0.041668,0.041683,1.3776e-02
dev-corpus-01,1993,16403,4.628471e-07,16403,16403,0.901210,0.901918,1.5671e-02
dev-corpus-01,1994,48420,1.721284e-06,11400,11400,2.201866,2.197853,1.4953e-02
dev-corpus-01,1995,28494,2.070269e-07,28494,28494,0.692675,0.692704,1.4237e-02
dev-corpus-01,1996,532,1.148549e-06,236764,236764,2.160664,2.164068,3.7508e-02
dev-corpus-01,1997,42093,1.393130e-06,1548,1548,3.956064,3.954072,2.1207e-02
dev-corpus-01,1998,3131,3.971722e-08,506,506,9.600292,9.595417,1.7956e-02
dev-corpus-01,1999,1032,6.403960e-07,10969,10969,4.319608,4.317374,2.3890e-02
dev-corpus-01,2000,4559,2.162946e-07,28494,28494,3.428316,3.425609,1.7581e-02
dev-corpus-01,2001,28494,5.251814e-09,28494,28494,0.008416,0.008420,1.3275e-02
dev-corpus-01,2002,783,1.148882e-07,236761,236761,3.676486,3.675355,2.4508e-02
dev-corpus-01,2003,623,1.916988e-06,12023,12023,2.880385,2.881262,1.8434e-02
dev-corpus-01,2004,14402,8.503942e-07,2774,2774,4.170901,4.171312,1.6050e-02
dev-corpus-01,2005,8934,9.234828e-07,77702,77702,9.063548,9.059690,1.4665e-02
dev-corpus-01,2006,722,1.849028e-09,722,722,0.002317,0.002318,1.0318e-02
dev-corpus-01,2007,1339,4.276238e-08,236775,236775,6.128146,6.129207,1.2629e-02
dev-corpus-01,2008,3060,2.839492e-07,69610,69610,6.548663,6.549906,1.1812e-02
dev-corpus-01,2009,81790,2.695415e-07,69610,69610,9.531605,9.529535,1.0326e-02
dev-corpus-01,2010,593,1.843014e-06,895,895,10.715944,10.720461,1.3264e-02
dev-corpus-01,2011,9487,9.702499e-08,9487,9487,0.116800,0.116647,1.7638e-02
dev-corpus-01,2012,4362,1.195753e-12,4362,4362,0.000004,0.000004,8.4686e-03
dev-corpus-01,2013,55620,2.799318e-07,55620,55620,0.044478,0.044532,1.7642e-02
dev-corpus-01,2014,2489,2.768955e-11,2489,2489,0.000007,0.000007,1.6533e-02
dev-corpus-01,2015,623,2.011627e-07,236775,236775,1.226294,1.227254,1.5154e-02
dev-corpus-01,2016,691,1.321079e-05,992,992,1.721265,1.725070,3.0727e-02
dev-corpus-01,2017,6811,6.286222e-07,992,992,5.532951,5.530478,1.4981e-02
dev-corpus-01,2018,528,3.250864e-07,3209,3209,2.952232,2.953220,1.2220e-02
dev-corpus-01,2019,3353,1.843232e-06,236743,236743,5.023477,5.023846,5.1774e-02
dev-corpus-01,2020,236743,4.729722e-08,236743,236743,0.140393,0.140384,1.8777e-02
dev-corpus-01,2021,236778,1.446003e-08,236778,236778,0.000037,0.000036,1.3040e-01
dev-corpus-01,2022,236771,5.261589e-11,236771,236771,0.000023,0.000023,1.3812e-02
dev-corpus-01,2023,236770,2.391260e-08,236770,236770,0.000953,0.000946,3.1797e-02
dev-corpus-01,2024,236778,3.014299e-06,236778,236778,0.072084,0.072688,2.8274e-02
dev-corpus-01,2025,2895,6.868600e-08,532,532,12.342193,12.345779,1.8123e-02
dev-corpus-01,2026,623,1.043938e-07,623,623,0.044615,0.044671,1.9916e-02
dev-corpus-01,2027,2474,8.087104e-07,4976,4976,4.787295,4.788797,1.8034e-02
dev-corpus-01,2028,186289,3.778060e-06,186289,186289,0.710712,0.709734,2.4530e-02
dev-corpus-01,2029,623,1.749852e-07,236775,236775,4.326167,4.324550,1.7477e-02
dev-corpus-01,2030,528,2.760546e-06,568,568,5.228135,5.228119,1.4627e-02
dev-corpus-01,2031,5505,1.290447e-07,236743,236743,3.620431,3.620678,1.9011e-02
dev-corpus-01,2032,236743,4.045485e-09,236743,236743,0.001042,0.001045,1.7711e-02
dev-corpus-01,2033,236778,4.520978e-12,236778,236778,0.000004,0.000004,1.1863e-02
dev-corpus-01,2034,236771,2.051408e-10,236771,236771,0.000015,0.000015,1.6547e-02
dev-corpus-01,2035,236770,3.158585e-10,236770,236770,0.000014,0.000014,3.5339e-02
dev-corpus-01,2036,236778,1.533289e-07,236778,236778,0.011202,0.011260,1.2939e-02
dev-corpus-01,2037,1031,1.044868e-06,236793,236793,3.507053,3.505232,2.4272e-02
dev-corpus-01,2038,532,2.546271e-08,532,532,0.008459,0.008446,1.9612e-02
dev-corpus-01,2039,623,2.131052e-09,623,623,0.001347,0.001348,1.9709e-02
dev-corpus-01,2040,7072,1.759081e-06,2876,2876,4.655495,4.656351,3.0931e-02
dev-corpus-01,2041,17206,6.020452e-07,147012,147012,4.130009,4.132044,1.5982e-02
dev-corpus-01,2042,2301,3.901509e-07,782,782,1.842188,1.843296,1.2635e-02
dev-corpus-01,2043,99064,1.606578e-07,4892,4892,16.264135,16.268944,1.0500e-02
dev-corpus-01,2044,101060,1.396924e-06,507,507,2.864832,2.871253,1.0180e-02
dev-corpus-01,2045,623,8.801910e-08,623,623,0.483666,0.483336,1.4625e-02
dev-corpus-01,2046,528,2.479539e-08,528,528,0.041966,0.041929,8.4648e-03
dev-corpus-01,2047,6243,1.303572e-06,236743,236743,2.538905,2.536237,1.3393e-02
dev-corpus-02,2048,9115,1.703422e-06,578,578,27.404045,27.397674,1.4538e-02
dev-corpus-02,2049,9250,7.709726e-07,13959,13959,14.909547,14.909715,1.4677e-02
dev-corpus-02,2050,90890,1.237124e-06,1979,1979,20.962702,20.968640,2.3049e-02
dev-corpus-02,2051,564,2.406631e-06,236772,236772,7.708894,7.706718,1.3779e-02
dev-corpus-02,2052,60872,6.122614e-07,568,568,12.935477,12.940315,1.7148e-02
dev-corpus-02,2053,578,6.204615e-07,236761,236761,10.139568,10.143264,1.7295e-02
dev-corpus-02,2054,236743,4.194868e-06,9115,9115,3.504427,3.505061,1.8286e-02
dev-corpus-02,2055,107,5.430559e-07,236770,236770,4.024423,4.019531,1.3613e-02
dev-corpus-02,2056,236743,1.495431e-06,2717,2717,4.751347,4.751411,2.3299e-02
dev-corpus-02,2057,107,2.822927e-08,107,107,0.035018,0.035050,1.3499e-02
dev-corpus-02,2058,669,1.910728e-06,1018,1018,8.586905,8.582887,2.0689e-02
dev-corpus-02,2059,9250,3.255329e-07,90890,90890,1.935657,1.936635,1.8407e-02
dev-corpus-02,2060,90890,4.187751e-10,90890,90890,0.003917,0.003918,1.6647e-02
dev-corpus-02,2061,564,7.666728e-09,564,564,0.001956,0.001959,1.4013e-02
dev-corpus-02,2062,691,9.233606e-07,60872,60872,0.980245,0.978560,1.2567e-02
dev-corpus-02,2063,496,1.473432e-07,496,496,0.109417,0.109335,9.8810e-03
dev-corpus-02,2064,1012,1.148576e-06,1944,1944,10.102422,10.101082,1.2646e-02
dev-corpus-02,2065,529,3.036790e-09,529,529,0.000306,0.000308,1.0893e-02
dev-corpus-02,2066,1944,7.448573e-07,1944,1944,0.824243,0.824970,1.6350e-02
dev-corpus-02,2067,25260,7.212892e-08,236764,236764,1.644335,1.644662,1.2048e-02
dev-corpus-02,2068,112098,2.667744e-07,112098,112098,0.304661,0.304404,1.2567e-02
dev-corpus-02,2069,568,5.346482e-07,5535,5535,7.497620,7.497747,8.9331e-03
dev-corpus-02,2070,749,4.894398e-07,236836,236836,13.304708,13.305987,1.1168e-02
dev-corpus-02,2071,1392,6.418333e-10,236772,236772,24.972599,24.978050,1.4578e-02
dev-corpus-02,2072,236772,8.816683e-07,236743,236743,6.699937,6.703357,1.3150e-02
dev-corpus-02,2073,236940,1.248950e-06,57876,57876,7.457897,7.457324,1.4761e-02
dev-corpus-02,2074,20896,1.966477e-06,236768,236768,6.469040,6.474808,1.9389e-02
dev-corpus-02,2075,1732,1.422181e-07,236768,236768,7.260996,7.265801,1.2503e-02
dev-corpus-02,2076,5284,1.477500e-06,5535,5535,2.560445,2.560144,1.1018e-02
dev-corpus-02,2077,528,6.053130e-07,684,684,3.301128,3.300035,8.7118e-03
dev-corpus-02,2078,9405,1.022798e-07,9405,9405,0.039660,0.039583,1.1415e-02
dev-corpus-02,2079,657,2.019114e-07,1913,1913,7.236318,7.236853,1.0536e-02
dev-corpus-02,2080,506,6.470508e-09,506,506,0.003811,0.003805,1.4534e-02
dev-corpus-02,2081,6534,1.812450e-06,2490,2490,1.199085,1.197116,1.3325e-02
dev-corpus-02,2082,529,3.408795e-11,529,529,0.000056,0.000056,9.4237e-03
dev-corpus-02,2083,506,8.296627e-08,4109,4109,4.478334,4.481091,1.1662e-02
dev-corpus-02,2084,5315,7.235769e-07,5315,5315,0.128857,0.128770,1.8464e-02
dev-corpus-02,2085,4109,1.796905e-09,4109,4109,0.000211,0.000210,1.2796e-02
dev-corpus-02,2086,5289,6.525889e-11,5289,5289,0.000040,0.000040,1.3572e-02
dev-corpus-02,2087,783,1.204043e-08,236761,236761,8.245309,8.244437,1.1998e-02
dev-corpus-02,2088,236743,1.353435e-06,2195,2195,3.886315,3.887679,1.6701e-02
dev-corpus-02,2089,236778,3.131280e-07,107,107,9.753773,9.757895,1.1909e-02
dev-corpus-02,2090,236771,5.162913e-07,236761,236761,5.486993,5.487409,1.8032e-02
dev-corpus-02,2091,20896,1.543601e-06,236771,236771,8.803810,8.800777,2.1350e-02
dev-corpus-02,2092,964,2.125141e-06,964,964,0.271426,0.272562,2.3983e-02
dev-corpus-02,2093,14494,6.795117e-07,5284,5284,1.321349,1.322143,1.6707e-02
dev-corpus-02,2094,1031,7.990305e-06,236764,236764,11.080290,11.074381,2.3428e-02
dev-corpus-02,2095,1346,9.175194e-06,532,532,6.159440,6.148626,2.2096e-02
dev-corpus-02,2096,529,7.442214e-07,529,529,0.398360,0.398231,1.7974e-02
dev-corpus-02,2097,837,1.955751e-06,1091,1091,1.202759,1.205718,1.7570e-02
dev-corpus-02,2098,3939,9.849705e-08,964,964,7.870646,7.868307,1.9836e-02
dev-corpus-02,2099,1131,1.079436e-07,1131,1131,0.629327,0.629116,1.4316e-02
dev-corpus-02,2100,2509,5.917516e-08,2509,2509,0.022671,0.022644,1.2681e-02
dev-corpus-02,2101,607,8.766770e-06,1913,1913,2.002948,2.012868,2.2851e-02
dev-corpus-02,2102,506,6.228469e-08,506,506,0.004629,0.004652,1.7277e-02
dev-corpus-02,2103,9115,1.154299e-07,37011,37011,1.979259,1.980170,1.4055e-02
dev-corpus-02,2104,37011,2.267236e-07,37011,37011,0.143399,0.143527,1.3179e-02
dev-corpus-02,2105,22577,1.085760e-09,22577,22577,0.000380,0.000379,1.4230e-02
dev-corpus-02,2106,783,1.841692e-07,236761,236761,3.172142,3.172886,1.4354e-02
dev-corpus-02,2107,100217,9.204624e-07,3143,3143,13.921862,13.922587,1.6862e-02
dev-corpus-02,2108,529,6.863095e-07,964,964,2.956404,2.952219,1.3617e-02
dev-corpus-02,2109,672,1.201819e-07,672,672,0.112832,0.112666,1.0314e-02
dev-corpus-02,2110,1702,5.690353e-08,1012,1012,4.678528,4.678141,1.2935e-02
dev-corpus-02,2111,964,2.951259e-07,964,964,0.048266,0.048133,1.6844e-02
dev-corpus-02,2112,992,1.231579e-06,13336,13336,11.526216,11.526412,1.5957e-02
dev-corpus-02,2113,17557,3.367433e-07,1456,1456,5.897121,5.899318,1.4877e-02
dev-corpus-02,2114,684,1.037765e-08,684,684,0.012581,0.012586,9.4857e-03
dev-corpus-02,2115,506,6.483168e-07,506,506,0.242115,0.241842,1.4316e-02
dev-corpus-02,2116,224109,8.834279e-07,9115,9115,3.844702,3.848375,2.1631e-02
dev-corpus-02,2117,1392,4.320120e-13,236772,236772,24.861543,24.861587,1.3161e-02
dev-corpus-02,2118,236772,3.483690e-08,236772,236772,0.027532,0.027531,1.8411e-02
dev-corpus-02,2119,236940,3.025900e-08,236940,236940,0.017060,0.017051,1.5810e-02
dev-corpus-02,2120,54930,3.523106e-08,22577,22577,16.862003,16.860346,1.6454e-02
dev-corpus-02,2121,22577,5.652346e-07,22577,22577,0.082897,0.083158,2.2713e-02
dev-corpus-02,2122,568,1.557515e-06,236761,236761,4.894338,4.894176,1.7388e-02
dev-corpus-02,2123,64318,3.385546e-06,562,562,7.385484,7.388257,2.0002e-02
dev-corpus-02,2124,9561,1.767482e-06,9561,9561,0.325451,0.324296,1.9921e-02
dev-corpus-02,2125,941,2.305731e-08,941,941,0.002580,0.002570,1.6018e-02
dev-corpus-02,2126,69055,5.193732e-07,69055,69055,0.046696,0.046712,1.8060e-02
dev-corpus-02,2127,9561,3.026147e-10,9561,9561,0.000398,0.000398,1.1522e-02
dev-corpus-02,2128,187883,3.158689e-07,187883,187883,0.046719,0.046832,1.6254e-02
dev-corpus-02,2129,34736,4.068300e-10,34736,34736,0.000014,0.000014,1.4970e-02
dev-corpus-02,2130,653,1.739279e-07,236768,236768,7.795687,7.790111,1.6773e-02
dev-corpus-02,2131,751,3.033316e-07,749,749,2.062189,2.064141,2.1830e-02
dev-corpus-02,2132,236761,1.035598e-07,236761,236761,0.012139,0.012127,1.7066e-02
dev-corpus-02,2133,236756,6.390890e-08,236756,236756,0.017442,0.017394,1.5031e-02
dev-corpus-02,2134,236761,4.777103e-11,236761,236761,0.000013,0.000013,1.7420e-02
dev-corpus-02,2135,236855,3.807837e-07,236855,236855,0.052298,0.052097,2.6157e-02
dev-corpus-02,2136,236761,9.015128e-07,236761,236761,0.020683,0.020861,2.0127e-02
dev-corpus-02,2137,187883,2.655219e-07,187883,187883,0.046918,0.047077,3.0639e-02
dev-corpus-02,2138,34736,4.404417e-12,34736,34736,0.000001,0.000001,1.5650e-02
dev-corpus-02,2139,1732,1.229643e-06,236768,236768,4.729275,4.729242,1.3397e-02
dev-corpus-02,2140,532,9.014501e-07,783,783,3.770802,3.770704,1.5196e-02
dev-corpus-02,2141,506,1.235512e-06,964,964,2.440160,2.438542,1.6923e-02
dev-corpus-02,2142,84172,1.028063e-05,224109,224109,6.314616,6.315896,2.8746e-02
dev-corpus-02,2143,22577,1.107749e-07,22577,22577,0.030352,0.030309,1.3665e-02
dev-corpus-02,2144,783,3.112019e-07,236761,236761,3.110996,3.112077,2.0188e-02
dev-corpus-02,2145,669,1.054016e-06,107,107,2.970580,2.970806,2.3961e-02
dev-corpus-02,2146,2299,2.043457e-06,9250,9250,12.819643,12.827046,2.1383e-02
dev-corpus-02,2147,563,4.335058e-07,691,691,3.911911,3.913424,1.5285e-02
dev-corpus-02,2148,6494,1.079656e-06,24786,24786,2.736688,2.737806,1.6723e-02
dev-corpus-02,2149,3224,3.958372e-07,11081,11081,5.352002,5.351065,1.0765e-02
dev-corpus-02,2150,618,4.463012e-08,618,618,0.329357,0.329328,1.0096e-02
dev-corpus-02,2151,506,4.802060e-07,506,506,0.285608,0.285238,2.1104e-02
dev-corpus-02,2152,90890,7.519745e-07,90890,90890,0.979747,0.979292,2.8085e-02
dev-corpus-02,2153,1392,4.878119e-06,564,564,13.500333,13.501370,2.5824e-02
dev-corpus-02,2154,236772,4.266890e-07,236772,236772,0.012613,0.012681,2.6189e-02
dev-corpus-02,2155,236940,2.907135e-08,236940,236940,0.014093,0.014115,2.3667e-02
dev-corpus-02,2156,236743,6.673283e-06,1012,1012,8.131588,8.131033,3.0248e-02
dev-corpus-02,2157,236770,6.610220e-06,236770,236770,0.027220,0.027803,4.3096e-02
dev-corpus-02,2158,1012,5.814196e-07,1012,1012,0.217027,0.217360,1.7399e-02
dev-corpus-02,2159,1308,1.441939e-07,236761,236761,11.813935,11.814775,1.9215e-02
dev-corpus-02,2160,15233,2.685967e-07,506,506,16.567817,16.562351,2.4008e-02
dev-corpus-02,2161,90890,5.723493e-06,749,749,10.115774,10.121643,6.5444e-02
dev-corpus-02,2162,1392,2.862776e-06,564,564,6.302244,6.306247,1.4350e-02
dev-corpus-02,2163,236772,1.036796e-08,236772,236772,0.004645,0.004647,1.5750e-02
dev-corpus-02,2164,236940,5.538369e-08,236940,236940,0.008545,0.008574,3.0820e-02
dev-corpus-02,2165,236743,1.152712e-07,236743,236743,0.022497,0.022446,1.5750e-02
dev-corpus-02,2166,236770,1.920206e-07,236770,236770,0.010857,0.010796,1.8797e-02
dev-corpus-02,2167,1031,2.079166e-06,236761,236761,7.615620,7.610871,2.0206e-02
dev-corpus-02,2168,506,8.009808e-07,506,506,0.402480,0.401826,1.7120e-02
dev-corpus-02,2169,1012,5.754094e-05,2080,2080,4.162254,4.181932,5.2865e-02
dev-corpus-02,2170,8575,3.808208e-07,236789,236789,1.977405,1.975665,1.7695e-02
dev-corpus-02,2171,783,1.510843e-07,236761,236761,4.552953,4.548265,1.6905e-02
dev-corpus-02,2172,799,1.267605e-06,3143,3143,4.559881,4.562831,2.1012e-02
dev-corpus-02,2173,506,1.379880e-06,506,506,1.487247,1.487425,1.5568e-02
dev-corpus-02,2174,224109,3.354320e-06,4403,4403,9.344674,9.346539,3.3163e-02
dev-corpus-02,2175,1392,1.507156e-07,236772,236772,3.593462,3.596507,1.7803e-02
dev-corpus-02,2176,236772,9.312925e-10,236772,236772,0.000105,0.000104,2.9761e-02
dev-corpus-02,2177,236940,2.415269e-08,236940,236940,0.001401,0.001404,3.3332e-01
dev-corpus-02,2178,54930,5.294381e-08,54930,54930,0.002158,0.002155,6.0575e-02
dev-corpus-02,2179,22577,9.531969e-07,22577,22577,0.173292,0.173685,1.9516e-02
dev-corpus-02,2180,1031,3.994044e-07,236764,236764,9.984560,9.988773,1.5834e-02
dev-corpus-02,2181,625,2.508139e-06,901,901,4.779305,4.787985,2.0252e-02
dev-corpus-02,2182,691,2.442549e-08,691,691,0.050440,0.050417,1.1816e-02
dev-corpus-02,2183,2760,1.000319e-06,3224,3224,6.327574,6.326930,1.3736e-02
dev-corpus-02,2184,506,4.994238e-07,506,506,0.193115,0.193479,1.3381e-02
dev-corpus-02,2185,749,4.535073e-07,90890,90890,1.591790,1.592446,1.8507e-02
dev-corpus-02,2186,1392,2.336854e-06,236772,236772,1.473343,1.471644,1.6894e-02
dev-corpus-02,2187,236772,9.567862e-09,236772,236772,0.002651,0.002648,1.8872e-02
dev-corpus-02,2188,236940,4.369717e-09,236940,236940,0.008821,0.008817,2.8846e-02
dev-corpus-02,2189,236743,7.990662e-07,236743,236743,0.461867,0.461357,1.7928e-02
dev-corpus-02,2190,236770,7.404960e-07,236770,236770,0.040399,0.040641,5.4971e-02
dev-corpus-02,2191,236771,7.700734e-08,1012,1012,7.913654,7.915987,1.4380e-02
dev-corpus-02,2192,1012,8.698909e-08,1012,1012,0.041694,0.041636,1.9999e-02
dev-corpus-02,2193,783,1.624147e-07,236761,236761,3.456600,3.456140,2.0750e-02
dev-corpus-02,2194,236743,2.149718e-06,107,107,2.704400,2.705190,2.7244e-02
dev-corpus-02,2195,107,6.062362e-07,107,107,0.423729,0.423598,2.3478e-02
dev-corpus-02,2196,44653,1.533619e-08,236743,236743,18.904619,18.911790,2.1774e-02
dev-corpus-02,2197,531,1.462859e-06,528,528,3.421558,3.421305,1.7972e-02
dev-corpus-02,2198,2874,2.417893e-06,12833,12833,3.903796,3.900533,1.6658e-02
dev-corpus-02,2199,506,2.168154e-07,506,506,0.101196,0.101023,1.5599e-02
dev-corpus-02,2200,1202,7.064079e-06,3548,3548,5.546330,5.537817,5.5743e-02
dev-corpus-02,2201,573,7.684191e-09,573,573,0.005084,0.005092,1.0597e-02
dev-corpus-02,2202,1944,5.533487e-07,25260,25260,2.616265,2.615418,1.3465e-02
dev-corpus-02,2203,59438,1.432393e-07,236764,236764,12.960330,12.952616,1.3325e-02
dev-corpus-02,2204,742,8.146473e-11,742,742,0.000035,0.000035,8.3079e-03
dev-corpus-02,2205,112098,1.941246e-06,112098,112098,0.761793,0.760845,1.5049e-02
dev-corpus-02,2206,2735,8.869778e-07,573,573,8.741314,8.740142,1.2245e-02
dev-corpus-02,2207,531,1.794107e-11,531,531,0.000021,0.000021,8.9121e-03
dev-corpus-02,2208,12833,7.597562e-05,12833,12833,0.363960,0.365705,1.3989e-01
dev-corpus-02,2209,528,3.008485e-06,3107,3107,1.078726,1.078315,4.4929e-02
dev-corpus-02,2210,506,3.102448e-06,25260,25260,1.285879,1.289643,3.7724e-02
dev-corpus-02,2211,12019,1.058119e-05,25260,25260,4.374784,4.382633,5.4996e-02
dev-corpus-02,2212,1031,1.763253e-06,25260,25260,17.090663,17.086108,2.5434e-02
dev-corpus-02,2213,28855,1.366423e-06,25260,25260,1.368995,1.367270,3.4536e-02
dev-corpus-02,2214,43361,3.476410e-06,25260,25260,6.159378,6.167076,3.0227e-02
dev-corpus-02,2215,1135,7.245307e-06,529,529,5.450705,5.450092,6.5938e-02
dev-corpus-02,2216,143325,7.971805e-07,506,506,12.306232,12.308753,4.8401e-02
dev-corpus-02,2217,1031,2.050042e-06,532,532,9.366916,9.370545,4.3990e-02
dev-corpus-02,2218,506,2.936890e-06,506,506,0.130195,0.130752,6.0972e-02
dev-corpus-02,2219,17735,9.087186e-06,90890,90890,6.215261,6.206861,8.0887e-02
dev-corpus-02,2220,964,5.294176e-07,964,964,0.050485,0.050621,2.9436e-02
dev-corpus-02,2221,10518,9.541662e-07,5402,5402,5.513274,5.512948,2.8224e-02
dev-corpus-02,2222,531,1.325794e-06,573,573,3.731901,3.725377,3.4761e-02
dev-corpus-02,2223,577,3.295299e-05,577,577,1.271402,1.275713,5.1248e-02
dev-corpus-02,2224,6077,1.912883e-05,5225,5225,7.848524,7.853429,5.0447e-02
dev-corpus-02,2225,14494,5.086168e-06,29866,29866,4.721296,4.727986,5.9284e-02
dev-corpus-02,2226,1031,3.585644e-07,532,532,14.724901,14.704163,3.2869e-02
dev-corpus-02,2227,1299,8.574169e-06,3606,3606,11.218419,11.217244,4.2289e-02
dev-corpus-02,2228,29446,3.035192e-06,29866,29866,11.568827,11.566920,4.6864e-02
dev-corpus-02,2229,684,7.089038e-06,531,531,6.781109,6.791542,2.8800e-02
dev-corpus-02,2230,9459,1.911515e-06,9459,9459,0.205769,0.206291,3.0881e-02
dev-corpus-02,2231,532,1.293412e-06,531,531,1.539941,1.540729,5.4814e-02
dev-corpus-02,2232,32126,1.138944e-05,36486,36486,2.394397,2.383151,2.7648e-02
dev-corpus-02,2233,657,4.522308e-06,573,573,1.881626,1.886629,2.2831e-02
dev-corpus-02,2234,910,1.023490e-05,4448,4448,7.078687,7.072781,5.3966e-02
dev-corpus-02,2235,2411,5.542675e-06,17934,17934,9.799813,9.804178,4.0483e-02
dev-corpus-02,2236,529,2.297807e-06,529,529,0.130748,0.131168,2.3875e-02
dev-corpus-02,2237,5585,6.331124e-07,29436,29436,1.852610,1.851888,3.7411e-02
dev-corpus-02,2238,783,2.955171e-06,236761,236761,3.817918,3.826800,6.5103e-02
dev-corpus-02,2239,669,2.150284e-06,9963,9963,2.017325,2.021308,3.6245e-02
dev-corpus-02,2240,1702,6.575846e-06,1702,1702,0.949710,0.951141,4.6281e-02
dev-corpus-02,2241,4514,1.760476e-06,35630,35630,13.635383,13.633301,2.2024e-02
dev-corpus-02,2242,6074,1.088015e-06,10317,10317,7.474025,7.479922,1.8167e-02
dev-corpus-02,2243,528,4.106063e-07,528,528,0.195185,0.194878,2.1565e-02
dev-corpus-02,2244,5453,3.214343e-07,236743,236743,7.675285,7.678665,2.7122e-02
dev-corpus-02,2245,1392,3.589645e-09,236772,236772,20.208789,20.210856,2.2591e-02
dev-corpus-02,2246,236772,1.676609e-07,236772,236772,0.017291,0.017260,2.8063e-02
dev-corpus-02,2247,236940,4.035766e-07,236940,236940,0.009533,0.009475,1.0279e-01
dev-corpus-02,2248,5729,7.051523e-06,532,532,14.922027,14.924147,4.7285e-02
dev-corpus-02,2249,236743,9.299754e-07,236743,236743,0.040820,0.041071,4.8303e-02
dev-corpus-02,2250,236770,1.993830e-07,236770,236770,0.000379,0.000391,1.1697e-01
dev-corpus-02,2251,236819,2.857290e-08,236819,236819,0.000294,0.000297,7.8374e-02
dev-corpus-02,2252,236770,1.176877e-07,236770,236770,0.002538,0.002563,2.9107e-02
dev-corpus-02,2253,236812,1.120016e-05,236812,236812,0.040407,0.041339,5.2856e-02
dev-corpus-02,2254,532,4.833902e-07,236761,236761,3.477006,3.476716,2.7620e-02
dev-corpus-02,2255,684,1.408592e-06,506,506,8.604186,8.607769,2.1765e-02
dev-corpus-02,2256,5453,1.146504e-06,506,506,3.590963,3.590692,2.8129e-02
dev-corpus-02,2257,1392,4.025705e-06,236772,236772,1.490353,1.486915,5.9007e-02
dev-corpus-02,2258,236772,3.332169e-08,236772,236772,0.000628,0.000622,3.3778e-02
dev-corpus-02,2259,236940,5.222287e-08,236940,236940,0.001465,0.001477,5.8501e-02
dev-corpus-02,2260,6198,1.437653e-05,6198,6198,0.737219,0.740701,4.6470e-02
dev-corpus-02,2261,506,2.683068e-08,236743,236743,6.370042,6.374830,2.5756e-02
dev-corpus-02,2262,1171,6.591978e-07,1171,1171,0.022598,0.022439,2.7091e-02
dev-corpus-02,2263,236743,2.862541e-06,20896,20896,8.876630,8.873918,2.6557e-02
dev-corpus-02,2264,236770,1.504129e-05,236770,236770,0.477535,0.481591,4.0698e-02
dev-corpus-02,2265,236810,6.312601e-06,236771,236771,3.368650,3.368154,5.4574e-02
dev-corpus-02,2266,20896,3.265320e-06,20896,20896,1.244566,1.244465,2.8889e-02
dev-corpus-02,2267,964,2.454008e-08,964,964,0.012906,0.012900,1.7020e-02
dev-corpus-02,2268,11496,2.146720e-06,5508,5508,6.840609,6.841773,2.6472e-02
dev-corpus-02,2269,699,3.062287e-07,236761,236761,4.081367,4.082676,3.1017e-02
dev-corpus-02,2270,1156,2.778214e-06,3572,3572,6.010240,6.010533,2.6225e-02
dev-corpus-02,2271,9115,1.452690e-06,1607,1607,4.014488,4.018563,2.0539e-02
dev-corpus-02,2272,7507,4.257360e-07,7507,7507,0.046902,0.046733,2.8710e-02
dev-corpus-02,2273,46814,1.465199e-08,46814,46814,0.006865,0.006879,2.1136e-02
dev-corpus-02,2274,783,6.885237e-07,236761,236761,5.298852,5.314040,3.7136e-02
dev-corpus-02,2275,669,4.600873e-06,669,669,1.017345,1.015510,3.8949e-02
dev-corpus-02,2276,9115,9.999721e-06,1702,1702,5.769599,5.770273,4.5617e-02
dev-corpus-02,2277,37011,1.990521e-05,749,749,1.692580,1.702443,4.7242e-02
dev-corpus-02,2278,22577,2.541596e-07,22577,22577,0.003093,0.003132,3.7465e-02
dev-corpus-02,2279,21211,5.958111e-06,11496,11496,5.795111,5.793378,2.6912e-02
dev-corpus-02,2280,11496,1.437960e-05,11496,11496,0.833815,0.828676,3.6002e-02
dev-corpus-02,2281,614,3.295286e-06,236743,236743,2.529731,2.531644,2.3832e-02
dev-corpus-02,2282,4767,1.798934e-09,4767,4767,0.000266,0.000267,1.9183e-02
dev-corpus-02,2283,6727,9.205637e-07,236743,236743,14.264540,14.268421,3.0166e-02
dev-corpus-02,2284,529,2.452511e-06,236761,236761,0.957774,0.960224,3.6667e-02
dev-corpus-02,2285,20896,2.610799e-06,20896,20896,0.613175,0.612834,4.1603e-02
dev-corpus-02,2286,531,1.069791e-06,236761,236761,4.246262,4.249747,2.5535e-02
dev-corpus-02,2287,9883,1.195443e-06,4133,4133,7.630713,7.631780,1.7467e-02
dev-corpus-02,2288,1156,2.003081e-06,14672,14672,4.020240,4.013926,3.8341e-02
dev-corpus-02,2289,5463,2.456738e-06,5745,5745,13.898244,13.899849,2.5413e-02
dev-corpus-02,2290,531,8.032877e-06,531,531,0.813583,0.813320,4.7749e-02
dev-corpus-02,2291,28426,2.397402e-06,506,506,4.493614,4.487334,3.3483e-02
dev-corpus-02,2292,1392,1.465783e-06,236772,236772,5.436096,5.437637,2.8101e-02
dev-corpus-02,2293,236772,4.517847e-09,236772,236772,0.000336,0.000335,4.0219e-02
dev-corpus-02,2294,236940,2.440854e-08,236940,236940,0.004867,0.004857,7.8017e-02
dev-corpus-02,2295,38475,9.381936e-07,38475,38475,0.141476,0.141354,3.3073e-02
dev-corpus-02,2296,1031,2.637188e-06,236761,236761,11.294852,11.305583,5.2679e-02
dev-corpus-02,2297,1015,6.747193e-06,532,532,7.624900,7.626920,3.0125e-02
dev-corpus-02,2298,11496,2.834692e-06,1053,1053,5.323201,5.328791,2.9697e-02
dev-corpus-02,2299,496,7.282355e-06,1156,1156,1.987924,1.988079,3.0141e-02
dev-corpus-02,2300,3342,9.019765e-06,2558,2558,6.048773,6.058769,5.4241e-02
dev-corpus-02,2301,1806,7.434092e-06,236743,236743,2.135809,2.137887,2.4376e-02
dev-corpus-02,2302,20896,3.973710e-06,236761,236761,2.849022,2.851274,3.6281e-02
dev-corpus-02,2303,528,2.917665e-07,236761,236761,4.523563,4.522647,3.1110e-02
dev-corpus-02,2304,5365,6.643316e-06,236743,236743,6.026344,6.033932,3.7519e-02
dev-corpus-02,2305,236743,1.497628e-07,236743,236743,0.017339,0.017363,3.8971e-02
dev-corpus-02,2306,236770,5.267053e-10,236770,236770,0.000075,0.000075,2.2860e-02
dev-corpus-02,2307,236819,1.912750e-07,236819,236819,0.000021,0.000024,4.0354e-01
dev-corpus-02,2308,236770,3.665671e-09,236770,236770,0.000133,0.000133,3.2426e-02
dev-corpus-02,2309,236810,1.059379e-06,236810,236810,0.015267,0.015421,3.2914e-02
dev-corpus-02,2310,783,1.828372e-06,236761,236761,4.134425,4.149100,6.5471e-02
dev-corpus-02,2311,562,2.281234e-05,107,107,5.912580,5.899223,7.7790e-02
dev-corpus-02,2312,2558,1.259507e-05,2558,2558,0.404894,0.403136,5.6108e-02
dev-corpus-02,2313,529,4.331182e-09,529,529,0.000488,0.000486,1.8936e-02
dev-corpus-02,2314,236743,8.677349e-08,236743,236743,0.016094,0.016052,2.0989e-02
dev-corpus-02,2315,236778,1.817586e-07,236778,236778,0.031933,0.031988,2.8036e-02
dev-corpus-02,2316,236771,7.133449e-07,236771,236771,0.059348,0.059594,2.2869e-02
dev-corpus-02,2317,90890,2.088050e-06,964,964,8.550615,8.574938,3.8604e-02
dev-corpus-02,2318,2375,2.954100e-06,564,564,12.001714,11.997236,4.9676e-02
dev-corpus-02,2319,964,5.657101e-08,964,964,0.008189,0.008170,1.7130e-02
dev-corpus-02,2320,5284,4.890642e-06,5284,5284,0.454373,0.455727,3.5688e-02
dev-corpus-02,2321,783,2.953516e-06,236761,236761,9.055144,9.059104,2.9622e-02
dev-corpus-02,2322,22039,9.520731e-06,107,107,13.667656,13.662784,4.2910e-02
dev-corpus-02,2323,529,5.992065e-07,691,691,3.258976,3.259349,2.0295e-02
dev-corpus-02,2324,506,6.808609e-07,506,506,0.403933,0.403647,3.5464e-02
dev-corpus-02,2325,1171,8.884521e-05,1171,1171,1.208719,1.193301,1.1865e-01
dev-corpus-02,2326,20896,4.539396e-06,9909,9909,1.861885,1.862026,4.1542e-02
dev-corpus-02,2327,573,4.994717e-06,6074,6074,11.008058,11.011617,2.2073e-02
dev-corpus-02,2328,9405,8.603906e-07,506,506,3.940877,3.946769,6.3617e-02
dev-corpus-02,2329,6074,1.325973e-06,6074,6074,0.359238,0.359999,2.2497e-02
dev-corpus-02,2330,528,3.367439e-07,528,528,0.079323,0.079177,2.2430e-02
dev-corpus-02,2331,3649,1.687804e-06,5226,5226,2.186245,2.185581,3.4062e-02
dev-corpus-02,2332,6243,8.238486e-07,236743,236743,5.756411,5.765994,3.6371e-02
dev-corpus-02,2333,236743,2.838953e-08,236743,236743,0.018469,0.018451,2.1324e-02
dev-corpus-02,2334,236770,3.369466e-11,236770,236770,0.000002,0.000002,3.0337e-02
dev-corpus-02,2335,236819,3.437773e-10,236819,236819,0.000004,0.000004,4.2819e-02
dev-corpus-02,2336,236770,1.466901e-10,236770,236770,0.000020,0.000020,2.5223e-02
dev-corpus-02,2337,236812,5.751869e-08,236812,236812,0.005250,0.005228,3.4252e-02
dev-corpus-02,2338,2895,1.531245e-06,236761,236761,17.191521,17.209897,3.1090e-02
dev-corpus-02,2339,784,6.918795e-06,506,506,5.342443,5.346744,4.0272e-02
dev-corpus-02,2340,236743,2.270201e-06,236743,236743,0.446819,0.447904,4.1878e-02
dev-corpus-02,2341,236778,4.755281e-07,236778,236778,0.064503,0.064252,3.2287e-02
dev-corpus-02,2342,236771,1.881396e-09,236771,236771,0.000157,0.000157,2.7434e-02
dev-corpus-02,2343,964,6.620840e-07,964,964,0.624075,0.623852,3.5085e-02
dev-corpus-02,2344,7723,4.916633e-07,7723,7723,0.086624,0.086713,2.3893e-02
dev-corpus-02,2345,684,6.055067e-07,684,684,0.085047,0.085328,2.0467e-02
dev-corpus-02,2346,6198,1.435881e-06,506,506,5.312350,5.314727,3.5723e-02
dev-corpus-02,2347,236743,6.157242e-09,236743,236743,0.001496,0.001494,3.6099e-02
dev-corpus-02,2348,236770,2.307314e-06,236770,236770,0.001201,0.001276,1.2423e-01
dev-corpus-02,2349,236819,7.181936e-10,236819,236819,0.000213,0.000214,2.7666e-02
dev-corpus-02,2350,236770,7.873653e-10,236770,236770,0.000133,0.000133,1.6018e-02
dev-corpus-02,2351,236810,5.564707e-09,236810,236810,0.012885,0.012876,1.3202e-02
dev-corpus-02,2352,783,1.219196e-08,236761,236761,4.128925,4.128823,2.6357e-02
dev-corpus-02,2353,22624,2.940435e-06,107,107,9.521690,9.526549,3.7279e-02
dev-corpus-02,2354,529,2.261928e-06,964,964,1.227442,1.227863,3.6707e-02
dev-corpus-02,2355,506,5.351042e-06,1239,1239,0.893210,0.897004,1.7155e-02
dev-corpus-02,2356,1171,7.831132e-07,20896,20896,7.391091,7.390447,3.8366e-02
dev-corpus-02,2357,20896,3.368303e-06,20896,20896,0.471805,0.470651,3.4951e-02
dev-corpus-02,2358,54051,2.131118e-06,964,964,4.934482,4.934504,2.8022e-02
dev-corpus-02,2359,17783,1.045973e-06,5442,5442,0.788877,0.789516,2.5045e-02
dev-corpus-02,2360,528,1.769597e-06,528,528,0.531328,0.531837,2.1883e-02
dev-corpus-02,2361,9115,2.085482e-06,506,506,6.174550,6.176605,2.6256e-02
dev-corpus-02,2362,2033,2.740437e-06,14513,14513,5.225146,5.220252,1.7341e-02
dev-corpus-02,2363,14513,1.477595e-07,14513,14513,0.003240,0.003270,1.7667e-02
dev-corpus-02,2364,1031,2.077689e-06,236764,236764,9.072143,9.071358,1.8287e-02
dev-corpus-02,2365,840,1.678118e-06,1651,1651,3.148898,3.147329,2.6736e-02
dev-corpus-02,2366,506,4.535103e-06,3496,3496,1.950644,1.953515,3.3177e-02
dev-corpus-02,2367,1884,1.301359e-05,8862,8862,4.109475,4.106072,5.6087e-02
dev-corpus-02,2368,964,5.949399e-07,964,964,0.093061,0.092810,1.9008e-02
dev-corpus-02,2369,32126,3.529434e-06,29446,29446,8.053043,8.047489,2.3328e-02
dev-corpus-02,2370,532,1.618528e-06,657,657,2.807569,2.804110,1.9711e-02
dev-corpus-02,2371,10418,5.785611e-06,10418,10418,1.200120,1.204225,2.3961e-02
dev-corpus-02,2372,657,9.864135e-07,528,528,1.341189,1.341334,2.0778e-02
dev-corpus-02,2373,3477,3.131900e-06,910,910,12.012198,12.016917,2.4200e-02
dev-corpus-02,2374,116368,3.555805e-06,102950,102950,4.589454,4.588511,2.9032e-02
dev-corpus-02,2375,653,3.122683e-08,653,653,0.026223,0.026210,1.6719e-02
dev-corpus-02,2376,3108,1.785709e-05,7733,7733,9.629607,9.650077,3.3331e-02
dev-corpus-02,2377,236746,2.775887e-08,236746,236746,0.003171,0.003184,1.5299e-02
dev-corpus-02,2378,783,3.719419e-06,236761,236761,6.193784,6.190626,3.0384e-02
dev-corpus-02,2379,669,2.446163e-06,669,669,0.621361,0.621837,4.5986e-02
dev-corpus-02,2380,9115,4.653555e-06,90890,90890,2.205399,2.201500,4.9650e-02
dev-corpus-02,2381,20896,7.967974e-06,22577,22577,3.380309,3.382956,2.8844e-02
dev-corpus-02,2382,17557,4.601154e-06,964,964,3.910445,3.910300,2.8882e-02
dev-corpus-02,2383,13336,1.425415e-05,13336,13336,0.495613,0.492961,4.5036e-02
dev-corpus-02,2384,528,1.282227e-05,528,528,0.182227,0.180754,3.6632e-02
dev-corpus-02,2385,506,1.460862e-08,506,506,0.001052,0.001050,2.3882e-02
dev-corpus-02,2386,143325,1.895374e-06,4695,4695,3.269481,3.270217,2.3428e-02
dev-corpus-02,2387,1031,5.025198e-06,9383,9383,20.447549,20.446619,2.2974e-02
dev-corpus-02,2388,65868,9.832685e-06,4695,4695,7.148901,7.145706,3.9827e-02
dev-corpus-02,2389,1031,1.202744e-06,236764,236764,4.275316,4.267301,3.1714e-02
dev-corpus-02,2390,532,1.235723e-07,532,532,0.010043,0.009996,2.9148e-02
dev-corpus-02,2391,127086,9.086432e-08,4695,4695,21.262702,21.273014,4.3731e-02
dev-corpus-02,2392,4273,1.295429e-06,114494,114494,16.232649,16.231473,2.9129e-02
dev-corpus-02,2393,557,3.709538e-08,557,557,0.126654,0.126569,1.6902e-02
dev-corpus-02,2394,21800,1.911356e-07,21800,21800,0.006607,0.006560,2.7327e-02
dev-corpus-02,2395,783,3.706861e-06,236761,236761,5.298669,5.284138,6.2566e-02
dev-corpus-02,2396,669,1.392472e-06,669,669,0.103833,0.104068,3.6498e-02
dev-corpus-02,2397,20896,3.051728e-07,224109,224109,6.158370,6.152861,3.0860e-02
dev-corpus-02,2398,964,1.498991e-06,17557,17557,6.315733,6.307882,2.7321e-02
dev-corpus-02,2399,1003,1.118727e-05,1456,1456,15.204925,15.203270,3.8899e-02
dev-corpus-02,2400,236743,1.842890e-07,236743,236743,0.005884,0.005862,3.3088e-02
dev-corpus-02,2401,236778,8.829383e-06,236770,236770,2.915947,2.914372,5.5704e-02
dev-corpus-02,2402,236828,5.977273e-07,236810,236810,2.581048,2.579319,2.5263e-02
dev-corpus-02,2403,30762,1.979379e-06,15930,15930,5.242663,5.245940,2.3620e-02
dev-corpus-02,2404,568,6.736611e-09,1440,1440,8.429911,8.433646,2.0900e-02
dev-corpus-02,2405,236743,1.570953e-07,236819,236819,13.732973,13.724015,2.2742e-02
dev-corpus-02,2406,236819,4.408529e-07,236819,236819,0.022422,0.022558,6.4212e-02
dev-corpus-02,2407,236778,1.963322e-08,236778,236778,0.009054,0.009066,1.5672e-02
dev-corpus-02,2408,12110,3.668881e-07,6172,6172,2.333961,2.331351,2.0056e-02
dev-corpus-02,2409,1732,3.237647e-07,236768,236768,5.290304,5.279518,2.8757e-02
dev-corpus-02,2410,1440,1.261702e-07,1440,1440,0.008155,0.008191,2.8292e-02
dev-corpus-02,2411,532,1.199002e-07,532,532,0.123426,0.123290,2.6110e-02
dev-corpus-02,2412,40605,1.024895e-05,40605,40605,0.783655,0.786774,2.6135e-02
dev-corpus-02,2413,236743,9.752103e-07,2101,2101,5.075232,5.077605,1.6233e-02
dev-corpus-02,2414,236770,3.724054e-05,236770,236770,0.675421,0.667128,9.1252e-02
dev-corpus-02,2415,236778,6.510902e-07,236778,236778,1.545812,1.545858,2.2892e-02
dev-corpus-02,2416,236832,2.509481e-08,236771,236771,5.661189,5.662067,2.7781e-02
dev-corpus-02,2417,39990,1.640176e-07,39990,39990,0.813805,0.814264,2.9540e-02
dev-corpus-02,2418,568,3.025973e-05,236761,236761,1.876363,1.872965,4.0072e-02
dev-corpus-02,2419,236743,2.991200e-06,236743,236743,0.019449,0.019266,8.7243e-02
dev-corpus-02,2420,236770,3.165606e-09,236778,236778,9.163409,9.169096,2.8181e-02
dev-corpus-02,2421,236778,1.124758e-05,236812,236812,4.996915,5.015019,3.4202e-02
dev-corpus-02,2422,236810,5.581239e-06,236819,236819,3.510923,3.526761,3.6789e-02
dev-corpus-02,2423,1440,5.624081e-06,39990,39990,7.724487,7.726394,2.9118e-02
dev-corpus-02,2424,16480,2.928194e-08,16480,16480,0.004781,0.004794,2.2677e-02
dev-corpus-02,2425,1732,3.837623e-06,236768,236768,5.066086,5.052235,2.8811e-02
dev-corpus-02,2426,1056,4.036829e-06,96991,96991,1.120122,1.120295,2.3249e-02
dev-corpus-02,2427,96991,6.712227e-08,96991,96991,0.007683,0.007654,2.8621e-02
dev-corpus-02,2428,532,3.262605e-07,236761,236761,5.978919,5.974466,2.8776e-02
dev-corpus-02,2429,236743,1.346385e-06,236743,236743,0.129006,0.128523,2.4651e-02
dev-corpus-02,2430,236770,3.155443e-07,236770,236770,0.122483,0.122716,2.3178e-02
dev-corpus-02,2431,236812,3.696884e-06,236810,236810,1.462031,1.458645,1.7892e-02
dev-corpus-02,2432,236778,2.269274e-07,236832,236832,2.033668,2.033099,1.4791e-02
dev-corpus-02,2433,39990,2.419996e-08,39990,39990,0.009186,0.009166,2.2538e-02
dev-corpus-02,2434,568,1.348610e-06,568,568,0.175568,0.174889,4.1453e-02
dev-corpus-02,2435,236743,8.925844e-09,236743,236743,0.005449,0.005450,2.9734e-02
dev-corpus-02,2436,236770,7.755940e-09,236770,236770,0.000335,0.000335,3.6442e-02
dev-corpus-02,2437,236812,1.736426e-08,236800,236800,3.608990,3.607943,1.3572e-02
dev-corpus-02,2438,236771,1.919723e-08,236771,236771,0.009356,0.009343,1.4024e-02
dev-corpus-02,2439,1440,1.629778e-07,1440,1440,0.005546,0.005515,2.8707e-02
dev-corpus-02,2440,16480,5.470737e-12,16480,16480,0.000001,0.000001,1.4115e-02
dev-corpus-02,2441,1732,3.717237e-08,236768,236768,4.102186,4.104287,1.3414e-02
dev-corpus-02,2442,1651,2.344348e-07,1056,1056,10.173375,10.175958,2.2563e-02
dev-corpus-02,2443,73037,6.932961e-09,73037,73037,0.000872,0.000869,1.7617e-02
dev-corpus-02,2444,783,5.574546e-08,236761,236761,5.084980,5.080856,3.2383e-02
dev-corpus-02,2445,2343,5.794509e-06,2195,2195,8.463316,8.471630,4.7883e-02
dev-corpus-02,2446,1053,1.478870e-05,236743,236743,7.066384,7.054914,3.9094e-02
dev-corpus-02,2447,1156,6.326071e-06,496,496,6.328173,6.346714,7.6007e-02
dev-corpus-02,2448,7141,4.459031e-06,26188,26188,6.893217,6.893100,3.4415e-02
dev-corpus-02,2449,103685,7.839544e-07,23655,23655,2.446495,2.450216,2.1347e-02
dev-corpus-02,2450,23655,1.440364e-08,23655,23655,0.004327,0.004316,3.0320e-02
dev-corpus-02,2451,532,1.637936e-06,532,532,0.505536,0.505787,2.5413e-02
dev-corpus-02,2452,1156,1.458374e-05,496,496,3.360629,3.362363,4.2465e-02
dev-corpus-02,2453,103685,7.580107e-08,47927,47927,10.136698,10.149282,2.7044e-02
dev-corpus-02,2454,507,1.150332e-07,23655,23655,10.345451,10.336129,1.6365e-02
dev-corpus-02,2455,1031,1.685067e-06,236761,236761,18.627525,18.628343,2.4220e-02
dev-corpus-02,2456,532,2.087133e-06,532,532,0.315449,0.315921,2.3242e-02
dev-corpus-02,2457,964,4.694170e-06,964,964,1.410695,1.410674,3.1158e-02
dev-corpus-02,2458,14840,5.518069e-06,24723,24723,1.860394,1.859370,2.2967e-02
dev-corpus-02,2459,607,2.808016e-08,607,607,0.001224,0.001232,1.9169e-02
dev-corpus-02,2460,496,1.742439e-06,496,496,0.351603,0.351148,2.7566e-02
dev-corpus-02,2461,12377,1.735939e-05,1944,1944,1.805067,1.809271,3.9854e-02
dev-corpus-02,2462,1392,2.300413e-08,10362,10362,28.879679,28.877291,3.8978e-02
dev-corpus-02,2463,236772,1.913364e-08,236772,236772,0.002370,0.002366,2.4344e-02
dev-corpus-02,2464,236940,1.003746e-07,236940,236940,0.015491,0.015537,2.9168e-02
dev-corpus-02,2465,20920,5.547244e-06,10362,10362,4.949330,4.948873,3.8409e-02
dev-corpus-02,2466,5464,5.899897e-06,5464,5464,0.377115,0.379175,3.4518e-02
dev-corpus-02,2467,10362,6.583395e-10,10362,10362,0.000483,0.000484,2.0710e-02
dev-corpus-02,2468,783,1.747692e-07,236761,236761,3.467571,3.466088,3.1088e-02
dev-corpus-02,2469,236743,2.853939e-06,669,669,4.213617,4.215418,3.9096e-02
dev-corpus-02,2470,107,4.261430e-07,107,107,0.014769,0.014880,4.1260e-02
dev-corpus-02,2471,799,2.643929e-05,236743,236743,10.731209,10.752207,4.3876e-02
dev-corpus-02,2472,236743,1.000131e-07,506,506,11.340560,11.349297,3.5605e-02
dev-corpus-02,2473,236770,7.602918e-05,236770,236770,0.184404,0.189880,9.9617e-02
dev-corpus-02,2474,236819,2.428551e-08,236819,236819,0.002619,0.002624,2.2897e-02
dev-corpus-02,2475,236770,7.333747e-10,236770,236770,0.000477,0.000477,1.5804e-02
dev-corpus-02,2476,236828,2.714611e-06,236810,236810,4.940127,4.943594,2.7899e-02
dev-corpus-02,2477,2390,3.305913e-08,236764,236764,12.808401,12.812852,2.7256e-02
dev-corpus-02,2478,529,2.746323e-06,529,529,0.611985,0.611493,3.8731e-02
dev-corpus-02,2479,506,2.113404e-07,506,506,0.159740,0.159968,2.0181e-02
dev-corpus-02,2480,42609,5.720745e-06,90890,90890,4.461185,4.458247,4.2531e-02
dev-corpus-02,2481,9115,1.046246e-06,20896,20896,6.510080,6.509803,3.4486e-02
dev-corpus-02,2482,20896,1.166287e-06,20896,20896,0.421895,0.421276,2.5703e-02
dev-corpus-02,2483,964,4.595372e-07,964,964,0.028262,0.028176,2.4043e-02
dev-corpus-02,2484,16952,1.901523e-05,17755,17755,4.793945,4.797372,2.6929e-02
dev-corpus-02,2485,1131,1.259961e-06,531,531,1.083814,1.084533,2.3360e-02
dev-corpus-02,2486,25260,3.296231e-06,37595,37595,3.810074,3.800327,3.7647e-02
dev-corpus-02,2487,1322,1.778734e-06,42942,42942,5.536092,5.533191,3.0541e-02
dev-corpus-02,2488,535,8.374390e-11,535,535,0.000002,0.000002,2.2692e-02
dev-corpus-02,2489,45575,1.589718e-09,45575,45575,0.001890,0.001892,2.6250e-02
dev-corpus-02,2490,783,1.044087e-06,236761,236761,6.263048,6.264360,2.5635e-02
dev-corpus-02,2491,5517,1.875816e-06,107,107,9.508888,9.509221,4.0362e-02
dev-corpus-02,2492,506,8.380662e-07,506,506,0.795149,0.795021,3.3467e-02
dev-corpus-02,2493,85989,2.280961e-05,224109,224109,15.287295,15.276213,7.7738e-02
dev-corpus-02,2494,20896,3.198438e-06,20896,20896,1.413307,1.410910,3.5276e-02
dev-corpus-02,2495,528,4.765316e-06,600,600,4.410611,4.406574,2.6397e-02
dev-corpus-02,2496,9115,7.491437e-06,506,506,4.363515,4.382234,3.7726e-02
dev-corpus-02,2497,2509,5.699927e-06,2509,2509,0.171868,0.173319,1.7585e-02
dev-corpus-02,2498,1031,1.538879e-06,236764,236764,12.393172,12.391240,2.0458e-02
dev-corpus-02,2499,1156,4.035871e-06,2390,2390,3.628060,3.630261,2.8308e-02
dev-corpus-02,2500,964,3.269885e-07,964,964,0.045455,0.045499,1.8747e-02
dev-corpus-02,2501,5463,9.231826e-06,5745,5745,6.246162,6.236195,3.5997e-02
dev-corpus-02,2502,531,4.359517e-08,531,531,0.034166,0.034170,1.7016e-02
dev-corpus-02,2503,28426,1.973296e-06,506,506,1.380104,1.383118,2.5467e-02
dev-corpus-02,2504,1392,1.246199e-07,236772,236772,3.002622,3.004536,4.0215e-02
dev-corpus-02,2505,236772,1.034625e-08,236772,236772,0.000341,0.000340,4.1894e-02
dev-corpus-02,2506,236940,1.003955e-07,236940,236940,0.000520,0.000528,8.7848e-02
dev-corpus-02,2507,38475,4.327811e-08,38475,38475,0.004715,0.004730,3.0656e-02
dev-corpus-02,2508,1031,2.377483e-06,236764,236764,6.871717,6.867472,5.9865e-02
dev-corpus-02,2509,886,7.653041e-07,532,532,5.138976,5.136546,1.9988e-02
dev-corpus-02,2510,691,9.761230e-07,691,691,0.196102,0.196669,1.7053e-02
dev-corpus-02,2511,5463,1.723283e-05,5463,5463,0.797913,0.792388,2.9111e-02
dev-corpus-02,2512,531,3.457633e-09,531,531,0.001140,0.001140,1.4280e-02
dev-corpus-02,2513,49685,5.044618e-06,49685,49685,0.187810,0.186382,3.1265e-02
dev-corpus-02,2514,1031,2.285037e-07,236764,236764,7.775410,7.767353,2.8481e-02
dev-corpus-02,2515,532,2.064344e-08,532,532,0.000986,0.000988,3.3449e-02
dev-corpus-02,2516,10155,6.041496e-07,886,886,9.143578,9.143733,2.1030e-02
dev-corpus-02,2517,964,5.533951e-08,964,964,0.047515,0.047481,1.6440e-02
dev-corpus-02,2518,5745,4.053447e-06,5745,5745,0.232619,0.232237,3.2077e-02
dev-corpus-02,2519,1913,7.945992e-06,1913,1913,0.837459,0.841483,2.4693e-02
dev-corpus-02,2520,506,1.876952e-06,506,506,0.322623,0.321699,2.6228e-02
dev-corpus-02,2521,3653,1.792051e-08,3653,3653,0.002802,0.002803,2.0038e-02
dev-corpus-02,2522,783,7.541178e-08,236761,236761,7.132250,7.121244,3.6237e-02
dev-corpus-02,2523,3656,8.227497e-06,108,108,7.429708,7.433755,4.4069e-02
dev-corpus-02,2524,529,1.819345e-06,529,529,0.574069,0.573460,3.9561e-02
dev-corpus-02,2525,506,3.517778e-08,506,506,0.011130,0.011105,1.5952e-02
dev-corpus-02,2526,3493,4.628090e-06,42609,42609,6.185413,6.184138,4.4796e-02
dev-corpus-02,2527,224109,3.765123e-06,20896,20896,3.424046,3.429869,4.3212e-02
dev-corpus-02,2528,1392,8.540303e-08,236772,236772,1.945729,1.945125,3.0388e-02
dev-corpus-02,2529,236772,1.936837e-08,236772,236772,0.000183,0.000181,6.7767e-02
dev-corpus-02,2530,236940,1.380881e-06,236940,236940,0.000254,0.000229,6.6602e-01
dev-corpus-02,2531,54930,9.468190e-08,54930,54930,0.000575,0.000584,5.8512e-02
dev-corpus-02,2532,20896,6.149276e-07,20896,20896,0.076759,0.076921,3.5639e-02
dev-corpus-02,2533,691,1.993902e-06,691,691,0.107129,0.107624,3.1393e-02
dev-corpus-02,2534,77857,1.369285e-05,77857,77857,0.873247,0.878764,3.9942e-02
dev-corpus-02,2535,532,8.882233e-07,684,684,5.925070,5.927122,2.3185e-02
dev-corpus-02,2536,2264,4.293935e-06,886,886,3.488130,3.484074,6.1612e-02
dev-corpus-02,2537,84605,1.394906e-06,691,691,15.474382,15.477300,2.9451e-02
dev-corpus-02,2538,532,1.076600e-06,236761,236761,9.574869,9.569356,3.0348e-02
dev-corpus-02,2539,711,1.100089e-05,77857,77857,6.503320,6.506701,2.9191e-02
dev-corpus-02,2540,50806,4.227388e-06,1765,1765,7.207495,7.205830,3.0492e-02
dev-corpus-02,2541,783,1.958852e-07,236761,236761,7.953763,7.955456,3.4661e-02
dev-corpus-02,2542,669,8.901114e-06,669,669,0.933120,0.932459,3.6448e-02
dev-corpus-02,2543,3493,9.096987e-06,90890,90890,8.510951,8.526928,5.5660e-02
dev-corpus-02,2544,42609,8.028933e-08,84172,84172,6.987004,6.981958,2.7162e-02
dev-corpus-02,2545,9115,9.267164e-06,224109,224109,10.446343,10.433409,3.9485e-02
dev-corpus-02,2546,20896,5.406373e-08,20896,20896,0.009833,0.009855,2.9866e-02
dev-corpus-02,2547,1031,9.044315e-07,964,964,17.718146,17.724264,2.3657e-02
dev-corpus-02,2548,506,7.880066e-06,1806,1806,4.364339,4.360008,2.6302e-02
dev-corpus-02,2549,2390,1.276378e-05,26334,26334,3.155741,3.151365,4.1471e-02
dev-corpus-02,2550,42609,8.613782e-06,16952,16952,9.588554,9.575646,4.1875e-02
dev-corpus-02,2551,224109,9.727848e-06,1322,1322,9.061397,9.029986,5.0680e-02
dev-corpus-02,2552,1392,3.276749e-05,236772,236772,1.851946,1.870319,8.3966e-02
dev-corpus-02,2553,236772,4.883735e-09,236772,236772,0.000127,0.000128,6.4503e-02
dev-corpus-02,2554,236940,2.295766e-08,236940,236940,0.000364,0.000365,1.0640e-01
dev-corpus-02,2555,54930,4.288077e-08,54930,54930,0.001562,0.001572,4.2647e-02
dev-corpus-02,2556,20896,1.031620e-07,20896,20896,0.047113,0.047125,2.0751e-02
dev-corpus-02,2557,1031,2.592742e-07,236764,236764,6.800361,6.795940,2.0728e-02
dev-corpus-02,2558,532,1.626268e-08,532,532,0.002627,0.002633,1.6673e-02
dev-corpus-02,2559,506,2.890846e-07,506,506,0.113173,0.113353,1.5575e-02
dev-corpus-03,2560,620,2.754970e-07,4454,4454,20.177353,20.173650,1.7055e-02
dev-corpus-03,2561,8548,7.317757e-07,1224,1224,16.572601,16.567643,1.3938e-02
dev-corpus-03,2562,236787,1.905978e-06,563,563,2.403505,2.402546,2.0181e-02
dev-corpus-03,2563,107,1.960863e-07,107,107,0.088382,0.088322,2.0642e-02
dev-corpus-03,2564,148,2.219156e-06,140,140,2.876863,2.875418,1.6848e-02
dev-corpus-03,2565,36756,2.183320e-06,2060,2060,12.863842,12.853385,2.4143e-02
dev-corpus-03,2566,578,1.254183e-08,578,578,0.018826,0.018812,1.0407e-02
dev-corpus-03,2567,2222,1.685277e-06,642,642,9.895376,9.895705,2.1865e-02
dev-corpus-03,2568,29415,7.890870e-07,828,828,22.415797,22.412614,1.5739e-02
dev-corpus-03,2569,4507,1.004398e-06,4507,4507,0.283262,0.283892,1.2610e-02
dev-corpus-03,2570,236769,1.056658e-07,236769,236769,0.037502,0.037464,2.4483e-02
dev-corpus-03,2571,236767,7.857069e-07,236767,236767,0.720442,0.721027,1.8620e-02
dev-corpus-03,2572,8548,3.341905e-09,8548,8548,0.003031,0.003032,1.8117e-02
dev-corpus-03,2573,236764,3.213453e-07,236768,236768,6.477733,6.476399,2.4540e-02
dev-corpus-03,2574,15468,2.796695e-06,87876,87876,5.093246,5.088592,2.4131e-02
dev-corpus-03,2575,236768,1.169873e-07,236768,236768,0.027055,0.026988,1.4645e-02
dev-corpus-03,2576,107,7.283305e-08,107,107,0.024945,0.025006,1.1360e-02
dev-corpus-03,2577,144,1.178691e-05,148,148,1.507484,1.498491,2.9996e-02
dev-corpus-03,2578,236865,6.948369e-06,4454,4454,5.162097,5.166078,1.7864e-02
dev-corpus-03,2579,85785,2.240255e-06,3729,3729,8.036503,8.040724,2.2378e-02
dev-corpus-03,2580,1292,3.829234e-07,1292,1292,0.483571,0.483509,1.0772e-02
dev-corpus-03,2581,573,1.648881e-07,531,531,2.243460,2.243998,9.9096e-03
dev-corpus-03,2582,783,8.705169e-07,59285,59285,12.888129,12.886798,2.0127e-02
dev-corpus-03,2583,2204,1.655953e-05,828,828,11.113715,11.117584,2.7615e-02
dev-corpus-03,2584,825,2.534387e-07,47248,47248,2.335883,2.336387,1.4072e-02
dev-corpus-03,2585,107,8.254722e-07,107,107,0.832275,0.833015,1.4977e-02
dev-corpus-03,2586,144,6.264708e-09,144,144,0.020813,0.020801,1.1179e-02
dev-corpus-03,2587,2063,2.004934e-06,2063,2063,0.275113,0.276177,1.5686e-02
dev-corpus-03,2588,7352,5.533263e-08,1159,1159,11.750791,11.749885,1.5208e-02
dev-corpus-03,2589,236769,2.439580e-08,236779,236779,1.836162,1.836656,1.2156e-02
dev-corpus-03,2590,1289,1.988178e-06,7837,7837,17.945206,17.944341,1.6508e-02
dev-corpus-03,2591,1473,1.515229e-07,1473,1473,0.058497,0.058624,1.9961e-02
dev-corpus-03,2592,107,6.843181e-10,107,107,0.000636,0.000637,1.2408e-02
dev-corpus-03,2593,148,3.941914e-10,148,148,0.000751,0.000752,9.6576e-03
dev-corpus-03,2594,236865,2.604044e-07,2060,2060,2.512562,2.510521,1.5353e-02
dev-corpus-03,2595,7179,1.604649e-06,24439,24439,2.324150,2.326692,1.8210e-02
dev-corpus-03,2596,506,2.934478e-08,768,768,7.035911,7.034312,1.0768e-02
dev-corpus-03,2597,1346,1.547093e-06,1722,1722,5.132250,5.131232,1.9226e-02
dev-corpus-03,2598,3364,8.024028e-07,3530,3530,7.178040,7.185442,1.7549e-02
dev-corpus-03,2599,2479,1.405030e-06,1722,1722,7.086022,7.087150,1.9870e-02
dev-corpus-03,2600,1171,3.097358e-06,568,568,2.419095,2.414598,1.9516e-02
dev-corpus-03,2601,236761,1.200711e-07,107,107,6.634300,6.635112,1.1215e-02
dev-corpus-03,2602,107,2.119737e-09,107,107,0.004400,0.004402,1.0461e-02
dev-corpus-03,2603,148,4.074385e-11,148,148,0.000042,0.000042,1.1172e-02
dev-corpus-03,2604,21409,1.185930e-07,584,584,14.267086,14.266977,1.0654e-02
dev-corpus-03,2605,578,3.661741e-06,236779,236779,1.796336,1.796459,2.3414e-02
dev-corpus-03,2606,3152,8.529815e-06,117098,117098,2.749139,2.735559,3.2847e-02
dev-corpus-03,2607,236761,1.132427e-07,236761,236761,0.055894,0.055972,1.6036e-02
dev-corpus-03,2608,4043,4.427683e-07,828,828,10.319491,10.317716,1.9233e-02
dev-corpus-03,2609,1033,4.579930e-06,825,825,4.451964,4.454548,2.6847e-02
dev-corpus-03,2610,21409,3.234346e-06,21409,21409,0.421153,0.419571,1.4030e-02
dev-corpus-03,2611,1606,1.174856e-07,1606,1606,0.041049,0.040953,1.2174e-02
dev-corpus-03,2612,653,9.690189e-09,107,107,6.757495,6.754047,1.2009e-02
dev-corpus-03,2613,3152,1.663070e-07,3152,3152,0.062284,0.062352,1.9888e-02
dev-corpus-03,2614,236761,7.717088e-09,236761,236761,0.003119,0.003124,1.4173e-02
dev-corpus-03,2615,4043,7.115232e-06,4043,4043,0.372252,0.374715,1.7822e-02
dev-corpus-03,2616,1033,6.905973e-10,1033,1033,0.000954,0.000955,1.0600e-02
dev-corpus-03,2617,1457,3.593563e-06,6665,6665,16.042550,16.043029,3.4497e-02
dev-corpus-03,2618,3776,4.886887e-06,1606,1606,1.959575,1.953028,1.5610e-02
dev-corpus-03,2619,1606,3.530930e-09,1606,1606,0.000645,0.000645,1.3611e-02
dev-corpus-03,2620,107,6.542541e-08,107,107,0.101077,0.101058,1.5067e-02
dev-corpus-03,2621,148,3.636750e-11,148,148,0.000543,0.000543,1.0217e-02
dev-corpus-03,2622,584,2.567473e-07,584,584,0.371516,0.371737,1.4791e-02
dev-corpus-03,2623,7489,9.577148e-07,7489,7489,0.137318,0.137842,2.4200e-02
dev-corpus-03,2624,563,7.151817e-08,236787,236787,1.594432,1.593708,1.3125e-02
dev-corpus-03,2625,711,7.129554e-07,5450,5450,1.913301,1.916157,1.6018e-02
dev-corpus-03,2626,5450,1.325851e-09,5450,5450,0.000117,0.000117,1.4699e-02
dev-corpus-03,2627,236787,2.969758e-10,236787,236787,0.025747,0.025745,1.4552e-02
dev-corpus-03,2628,107,5.770665e-10,107,107,0.000262,0.000262,1.0722e-02
dev-corpus-03,2629,152,1.478975e-09,152,152,0.000481,0.000480,9.9888e-03
dev-corpus-03,2630,2060,8.870376e-07,2060,2060,0.619358,0.618455,1.4538e-02
dev-corpus-03,2631,1540,7.051659e-06,7489,7489,2.132697,2.137730,1.7100e-02
dev-corpus-03,2632,236769,8.920423e-09,236769,236769,0.001527,0.001524,2.2845e-02
dev-corpus-03,2633,36756,5.591878e-08,21409,21409,11.175905,11.173826,1.6140e-02
dev-corpus-03,2634,236840,9.734482e-07,236761,236761,1.746310,1.744801,1.4695e-02
dev-corpus-03,2635,21409,1.484222e-07,21409,21409,0.045614,0.045675,1.7113e-02
dev-corpus-03,2636,2812,3.537127e-08,2812,2812,0.011935,0.011929,1.3306e-02
dev-corpus-03,2637,107,1.495273e-07,107,107,0.165177,0.165368,1.3987e-02
dev-corpus-03,2638,148,1.051127e-08,148,148,0.002195,0.002201,1.1038e-02
dev-corpus-03,2639,584,2.033881e-07,2060,2060,7.359703,7.361046,1.0244e-02
dev-corpus-03,2640,3152,7.821905e-07,3152,3152,0.219206,0.218643,2.6500e-02
dev-corpus-03,2641,236761,3.811534e-09,236761,236761,0.000982,0.000983,1.3890e-02
dev-corpus-03,2642,4043,1.867059e-07,4043,4043,0.077610,0.077640,1.7727e-02
dev-corpus-03,2643,1033,1.986503e-09,1033,1033,0.000699,0.000700,1.3021e-02
dev-corpus-03,2644,80565,5.301164e-06,6665,6665,6.826950,6.832927,2.6380e-02
dev-corpus-03,2645,524,3.991980e-09,524,524,0.001892,0.001888,9.4485e-03
dev-corpus-03,2646,1606,2.198053e-07,23314,23314,1.297521,1.298593,1.5260e-02
dev-corpus-03,2647,563,7.712079e-08,563,563,0.011172,0.011199,1.2735e-02
dev-corpus-03,2648,711,1.218590e-10,711,711,0.000264,0.000264,1.0263e-02
dev-corpus-03,2649,5450,2.506487e-09,5450,5450,0.000224,0.000223,1.9351e-02
dev-corpus-03,2650,236787,6.301625e-10,236787,236787,0.001201,0.001203,9.8276e-03
dev-corpus-03,2651,107,2.606898e-10,107,107,0.000199,0.000200,9.2125e-03
dev-corpus-03,2652,152,9.860411e-09,152,152,0.002424,0.002431,7.7373e-03
dev-corpus-03,2653,2060,5.453639e-09,2060,2060,0.007854,0.007846,1.2220e-02
dev-corpus-03,2654,1265,2.442767e-07,1540,1540,12.253576,12.255883,2.1282e-02
dev-corpus-03,2655,236761,2.041767e-07,236761,236761,0.288388,0.288725,1.9577e-02
dev-corpus-03,2656,119664,2.488193e-06,44732,44732,9.539899,9.536889,3.1171e-02
dev-corpus-03,2657,107,3.040288e-08,900,900,10.089833,10.087907,1.6204e-02
dev-corpus-03,2658,148,7.166334e-07,148,148,0.023751,0.023566,2.3557e-02
dev-corpus-03,2659,584,4.589066e-08,2060,2060,4.752699,4.755343,1.0842e-02
dev-corpus-03,2660,3152,7.662855e-08,3152,3152,0.008903,0.008928,2.5238e-02
dev-corpus-03,2661,236761,2.072818e-10,236761,236761,0.000125,0.000125,1.7420e-02
dev-corpus-03,2662,4043,7.753833e-09,4043,4043,0.000950,0.000952,2.3680e-02
dev-corpus-03,2663,1033,2.063856e-09,1033,1033,0.001080,0.001081,1.8525e-02
dev-corpus-03,2664,29995,1.194078e-06,82951,82951,10.084632,10.088282,2.5735e-02
dev-corpus-03,2665,1606,1.452705e-09,1606,1606,0.002663,0.002661,1.2066e-02
dev-corpus-03,2666,563,2.394461e-10,563,563,0.000192,0.000192,1.0897e-02
dev-corpus-03,2667,711,8.617496e-10,711,711,0.000085,0.000086,1.4005e-02
dev-corpus-03,2668,5450,1.703384e-11,5450,5450,0.000008,0.000008,2.7569e-02
dev-corpus-03,2669,236787,8.947535e-11,236787,236787,0.000201,0.000201,8.7371e-03
dev-corpus-03,2670,107,7.024805e-11,107,107,0.000170,0.000170,9.1302e-03
dev-corpus-03,2671,152,2.821661e-11,152,152,0.000605,0.000605,6.6251e-03
dev-corpus-03,2672,1508,5.931480e-09,2060,2060,9.626955,9.626819,1.3615e-02
dev-corpus-03,2673,4917,8.885982e-10,236761,236761,5.168279,5.167860,2.1425e-02
dev-corpus-03,2674,29995,2.053646e-06,24296,24296,3.696852,3.690116,2.1365e-02
dev-corpus-03,2675,236769,1.135903e-06,236779,236779,4.667441,4.677126,1.8954e-02
dev-corpus-03,2676,1289,4.247936e-08,1289,1289,0.003750,0.003735,1.7617e-02
dev-corpus-03,2677,236768,7.278020e-07,236768,236768,0.038819,0.039058,1.7506e-02
dev-corpus-03,2678,107,7.767284e-08,107,107,0.035056,0.035028,1.8826e-02
dev-corpus-03,2679,148,3.448541e-06,148,148,0.372801,0.374523,1.3302e-02
dev-corpus-03,2680,24296,3.053993e-08,2060,2060,6.773670,6.779209,1.1358e-02
dev-corpus-03,2681,38271,4.658383e-06,38271,38271,0.228218,0.226838,2.5267e-02
dev-corpus-03,2682,1033,1.736149e-06,885,885,3.669527,3.670590,1.7670e-02
dev-corpus-03,2683,2805,3.167626e-06,3771,3771,3.810525,3.808164,1.4366e-02
dev-corpus-03,2684,87892,2.635427e-06,48977,48977,1.593239,1.589325,1.7320e-02
dev-corpus-03,2685,7489,3.718563e-06,2479,2479,10.667880,10.671201,2.6275e-02
dev-corpus-03,2686,2299,5.317315e-07,2299,2299,0.544405,0.544323,1.9544e-02
dev-corpus-03,2687,528,3.974180e-06,1606,1606,1.491217,1.490555,2.5313e-02
dev-corpus-03,2688,3759,4.597640e-06,2479,2479,3.663100,3.660178,2.9418e-02
dev-corpus-03,2689,963,3.171874e-07,1606,1606,7.340253,7.336334,1.5002e-02
dev-corpus-03,2690,107,6.090702e-07,3152,3152,10.118786,10.122493,2.5554e-02
dev-corpus-03,2691,165,5.382805e-08,165,165,0.008208,0.008235,2.4333e-02
dev-corpus-03,2692,1508,4.585196e-06,236760,236760,1.093211,1.093672,2.5377e-02
dev-corpus-03,2693,236761,2.359225e-08,236761,236761,0.010354,0.010366,1.6651e-02
dev-corpus-03,2694,20001,9.846713e-07,20001,20001,0.044746,0.044479,2.3250e-02
dev-corpus-03,2695,236768,7.611278e-09,236768,236768,0.002983,0.002983,1.3604e-02
dev-corpus-03,2696,107,6.697636e-08,108,108,1.501478,1.502026,1.7529e-02
dev-corpus-03,2697,144,1.962898e-08,144,144,0.025515,0.025488,1.1925e-02
dev-corpus-03,2698,2060,5.577032e-07,236865,236865,2.107542,2.109660,2.0299e-02
dev-corpus-03,2699,1265,2.520649e-05,7352,7352,1.417474,1.413605,3.8610e-02
dev-corpus-03,2700,236761,3.316136e-05,236761,236761,1.190977,1.199081,3.7549e-02
dev-corpus-03,2701,20001,1.367958e-05,20001,20001,0.796630,0.791734,2.9508e-02
dev-corpus-03,2702,236761,6.798200e-07,108,108,5.094799,5.088160,2.1168e-02
dev-corpus-03,2703,2204,5.319489e-06,2204,2204,0.161995,0.160669,1.8550e-02
dev-corpus-03,2704,236769,8.027017e-10,236769,236769,0.000565,0.000566,1.0182e-02
dev-corpus-03,2705,24733,2.267235e-08,24733,24733,0.006933,0.006928,1.4094e-02
dev-corpus-03,2706,236764,6.189161e-06,236768,236768,3.336519,3.354900,2.3494e-02
dev-corpus-03,2707,1265,1.601792e-07,1265,1265,0.003337,0.003355,3.1287e-02
dev-corpus-03,2708,236761,5.840500e-06,236768,236768,3.782876,3.761376,3.9988e-02
dev-corpus-03,2709,9944,1.398239e-05,20001,20001,6.511087,6.507078,3.4511e-02
dev-corpus-03,2710,236768,5.610404e-09,236768,236768,0.002607,0.002612,1.4529e-02
dev-corpus-03,2711,108,9.855050e-07,108,108,0.243638,0.244218,2.2738e-02
dev-corpus-03,2712,140,3.447176e-06,236865,236865,1.001632,1.000811,2.6042e-02
dev-corpus-03,2713,2063,2.233878e-06,236865,236865,0.749065,0.750991,2.5406e-02
dev-corpus-03,2714,6338,9.451200e-06,2222,2222,10.623122,10.617813,4.3552e-02
dev-corpus-03,2715,236779,1.450109e-08,236779,236779,0.010859,0.010849,2.0528e-02
dev-corpus-03,2716,2204,5.370476e-07,2204,2204,0.151507,0.151801,1.8958e-02
dev-corpus-03,2717,47248,5.048289e-08,236769,236769,4.521491,4.519450,1.5989e-02
dev-corpus-03,2718,236769,3.811149e-09,236769,236769,0.001003,0.001003,1.4255e-02
dev-corpus-03,2719,1508,1.119154e-09,1508,1508,0.000150,0.000150,1.7720e-02
dev-corpus-03,2720,236764,7.921908e-08,236764,236764,0.007035,0.007069,1.8607e-02
dev-corpus-03,2721,15468,1.440161e-05,15468,15468,1.588021,1.590575,3.3739e-02
dev-corpus-03,2722,60901,2.466562e-06,236784,236784,8.240575,8.242225,1.7753e-02
dev-corpus-03,2723,15266,1.418053e-05,10864,10864,11.823776,11.829279,2.8929e-02
dev-corpus-03,2724,54698,5.410603e-07,236779,236779,1.589073,1.590770,1.8871e-02
dev-corpus-03,2725,236779,6.339825e-08,1473,1473,5.980705,5.980520,1.9823e-02
dev-corpus-03,2726,3074,1.072268e-07,1473,1473,10.792710,10.790807,1.2875e-02
dev-corpus-03,2727,236764,1.396704e-07,1473,1473,6.896520,6.898550,2.1029e-02
dev-corpus-03,2728,98948,9.099101e-06,5213,5213,14.788589,14.792473,2.5563e-02
dev-corpus-03,2729,5213,2.252837e-06,5213,5213,0.626990,0.628380,1.7569e-02
dev-corpus-03,2730,236767,2.652408e-08,25826,25826,10.620201,10.621602,2.7142e-02
dev-corpus-03,2731,8548,4.289714e-09,8548,8548,0.001507,0.001509,1.2271e-02
dev-corpus-03,2732,1473,5.314600e-07,1473,1473,0.023082,0.023035,3.5937e-02
dev-corpus-03,2733,107,4.314093e-10,107,107,0.000607,0.000607,1.8783e-02
dev-corpus-03,2734,144,2.566026e-09,144,144,0.000500,0.000500,1.2209e-02
dev-corpus-03,2735,584,6.614722e-07,12234,12234,2.865014,2.864618,1.4511e-02
dev-corpus-03,2736,15468,1.700881e-06,1265,1265,1.927546,1.928806,2.6300e-02
dev-corpus-03,2737,563,4.924445e-08,563,563,0.030847,0.030872,2.1433e-02
dev-corpus-03,2738,2222,1.729364e-05,711,711,2.770584,2.771621,3.3456e-02
dev-corpus-03,2739,15266,7.831108e-09,15266,15266,0.001456,0.001454,2.1996e-02
dev-corpus-03,2740,54698,1.185269e-11,54698,54698,0.000002,0.000002,1.0639e-02
dev-corpus-03,2741,236779,1.515481e-11,236779,236779,0.000001,0.000001,1.3954e-02
dev-corpus-03,2742,3074,2.009514e-09,3074,3074,0.000536,0.000536,1.6412e-02
dev-corpus-03,2743,236787,1.691736e-06,532,532,1.594195,1.597836,1.6317e-02
dev-corpus-03,2744,107,1.753530e-08,107,107,0.001840,0.001847,1.7477e-02
dev-corpus-03,2745,148,2.520401e-10,148,148,0.002273,0.002273,1.5897e-02
dev-corpus-03,2746,36756,1.391963e-07,36756,36756,0.059030,0.058990,2.0796e-02
dev-corpus-03,2747,578,1.356292e-09,578,578,0.000402,0.000402,1.5467e-02
dev-corpus-03,2748,620,6.856493e-07,8637,8637,8.634053,8.645911,3.7515e-02
dev-corpus-03,2749,8548,8.596488e-11,8548,8548,0.000006,0.000006,1.9401e-02
dev-corpus-03,2750,107,1.611557e-07,107,107,0.060953,0.060896,1.7951e-02
dev-corpus-03,2751,144,1.179723e-07,144,144,0.021590,0.021518,2.4290e-02
dev-corpus-03,2752,36208,4.552638e-06,4454,4454,1.559770,1.557120,2.3888e-02
dev-corpus-03,2753,620,2.555034e-06,620,620,1.008985,1.006768,2.6379e-02
dev-corpus-03,2754,8548,3.086691e-08,8548,8548,0.000155,0.000153,9.5798e-02
dev-corpus-03,2755,236787,9.902077e-08,236787,236787,0.018755,0.018697,1.7613e-02
dev-corpus-03,2756,107,1.015366e-08,107,107,0.004532,0.004541,1.0518e-02
dev-corpus-03,2757,148,1.375848e-09,148,148,0.003204,0.003202,9.4628e-03
dev-corpus-03,2758,36756,2.984587e-06,36756,36756,0.461644,0.459784,2.3754e-02
dev-corpus-03,2759,578,2.613294e-09,578,578,0.001497,0.001499,2.0610e-02
dev-corpus-03,2760,2222,1.030967e-06,2222,2222,0.413710,0.413985,2.0342e-02
dev-corpus-03,2761,29415,1.937117e-07,29415,29415,0.004761,0.004799,3.0262e-02
dev-corpus-03,2762,4507,2.997653e-12,4507,4507,0.000001,0.000001,9.2020e-03
dev-corpus-03,2763,236769,5.364912e-09,236769,236769,0.001240,0.001241,1.7554e-02
dev-corpus-03,2764,236767,3.454453e-07,36756,36756,1.724639,1.726366,3.2609e-02
dev-corpus-03,2765,8548,1.860976e-09,8548,8548,0.000077,0.000077,2.8621e-02
dev-corpus-03,2766,236764,2.896397e-09,236764,236764,0.000211,0.000210,1.4457e-02
dev-corpus-03,2767,15468,1.482855e-08,15468,15468,0.004005,0.004005,1.7467e-02
dev-corpus-03,2768,236768,2.265149e-10,236768,236768,0.000075,0.000075,1.2256e-02
dev-corpus-03,2769,107,4.165318e-08,108,108,2.228520,2.229348,1.3908e-02
dev-corpus-03,2770,144,7.846628e-08,144,144,0.041904,0.041985,1.8851e-02
dev-corpus-03,2771,236865,2.869967e-06,107,107,1.577789,1.576288,1.9605e-02
dev-corpus-03,2772,85785,5.381878e-06,85785,85785,0.506581,0.504194,3.4994e-02
dev-corpus-03,2773,1292,6.842001e-08,1292,1292,0.014073,0.014037,1.3504e-02
dev-corpus-03,2774,573,6.444476e-08,573,573,0.033382,0.033432,1.2302e-02
dev-corpus-03,2775,783,6.480457e-07,783,783,0.030216,0.030383,4.5100e-02
dev-corpus-03,2776,2204,8.319637e-09,2204,2204,0.000807,0.000808,3.2862e-02
dev-corpus-03,2777,825,1.074689e-09,825,825,0.000069,0.000069,1.2156e-02
dev-corpus-03,2778,107,4.230995e-08,107,107,0.004038,0.004052,1.6548e-02
dev-corpus-03,2779,144,2.717066e-10,144,144,0.000042,0.000042,1.0582e-02
dev-corpus-03,2780,2063,3.208996e-09,2063,2063,0.001127,0.001126,1.9273e-02
dev-corpus-03,2781,7352,1.169216e-07,7352,7352,0.032870,0.032923,1.6937e-02
dev-corpus-03,2782,236769,1.656575e-10,236769,236769,0.000094,0.000094,2.0267e-02
dev-corpus-03,2783,1289,5.448846e-09,1289,1289,0.008838,0.008847,1.8768e-02
dev-corpus-03,2784,1473,1.958663e-11,1473,1473,0.000013,0.000013,1.6068e-02
dev-corpus-03,2785,107,2.655009e-10,107,107,0.000015,0.000015,1.3354e-02
dev-corpus-03,2786,148,1.128895e-10,148,148,0.000717,0.000717,1.1805e-02
dev-corpus-03,2787,21409,1.910246e-06,236865,236865,6.179165,6.174916,3.1310e-02
dev-corpus-03,2788,578,4.119922e-09,578,578,0.001480,0.001477,1.5635e-02
dev-corpus-03,2789,3152,6.578554e-08,3152,3152,0.002346,0.002360,2.6515e-02
dev-corpus-03,2790,236761,9.857335e-10,236761,236761,0.000036,0.000037,2.5588e-02
dev-corpus-03,2791,4043,2.692162e-08,4043,4043,0.000136,0.000137,2.4878e-01
dev-corpus-03,2792,1033,2.168973e-06,1033,1033,0.016575,0.016825,3.4969e-02
dev-corpus-03,2793,21409,6.001596e-08,21409,21409,0.001805,0.001815,2.9022e-02
dev-corpus-03,2794,1606,7.646973e-10,1606,1606,0.000263,0.000263,2.9794e-02
dev-corpus-03,2795,653,3.705319e-05,653,653,0.087168,0.089787,5.6666e-02
dev-corpus-03,2796,3152,1.026745e-10,3152,3152,0.000010,0.000010,1.7560e-02
dev-corpus-03,2797,236761,3.967390e-11,236761,236761,0.000003,0.000003,1.8250e-02
dev-corpus-03,2798,4043,6.496701e-10,4043,4043,0.000038,0.000039,1.4777e-02
dev-corpus-03,2799,1033,8.946826e-12,1033,1033,0.000003,0.000003,1.5228e-02
dev-corpus-03,2800,1457,3.476602e-10,1457,1457,0.000004,0.000004,3.6551e-02
dev-corpus-03,2801,3776,1.405437e-12,3776,3776,0.000000,0.000000,2.0053e-02
dev-corpus-03,2802,1606,2.764550e-10,1606,1606,0.000010,0.000010,2.9919e-02
dev-corpus-03,2803,107,5.254210e-09,107,107,0.000741,0.000742,2.8748e-02
dev-corpus-03,2804,148,3.804999e-11,148,148,0.000014,0.000014,1.6029e-02
dev-corpus-03,2805,584,6.638668e-07,584,584,0.023547,0.023403,3.6314e-02
dev-corpus-03,2806,7489,7.846909e-09,7489,7489,0.001042,0.001046,2.3458e-02
dev-corpus-03,2807,563,2.998387e-07,563,563,0.060144,0.060337,2.1830e-02
dev-corpus-03,2808,711,2.672448e-07,5450,5450,1.001164,1.000215,2.9097e-02
dev-corpus-03,2809,5450,9.039998e-10,5450,5450,0.000129,0.000130,2.1668e-02
dev-corpus-03,2810,236787,1.757538e-07,236787,236787,0.003379,0.003413,2.5427e-02
dev-corpus-03,2811,107,1.585280e-10,107,107,0.000016,0.000016,2.2745e-02
dev-corpus-03,2812,152,1.089758e-08,152,152,0.000158,0.000160,3.0207e-02
dev-corpus-03,2813,6572,7.545275e-06,236865,236865,2.325109,2.325408,4.2858e-02
dev-corpus-03,2814,236787,6.947092e-12,236787,236787,0.000003,0.000003,1.4488e-02
dev-corpus-03,2815,107,4.395394e-10,107,107,0.000067,0.000067,1.7667e-02
dev-corpus-03,2816,156,1.217317e-10,156,156,0.000194,0.000194,1.3701e-02
dev-corpus-03,2817,2060,1.517934e-06,2060,2060,0.154439,0.155121,3.4320e-02
dev-corpus-03,2818,1540,7.135440e-06,15468,15468,1.501264,1.508069,3.3413e-02
dev-corpus-03,2819,236769,3.018755e-10,236769,236769,0.000294,0.000295,1.9948e-02
dev-corpus-03,2820,36756,1.082716e-07,36756,36756,0.010776,0.010821,2.7239e-02
dev-corpus-03,2821,236840,3.989414e-08,236840,236840,0.001427,0.001437,3.3996e-02
dev-corpus-03,2822,21409,1.544057e-09,21409,21409,0.000185,0.000185,2.1425e-02
dev-corpus-03,2823,2812,1.390955e-09,2812,2812,0.000076,0.000075,2.0235e-02
dev-corpus-03,2824,107,7.316750e-10,107,107,0.000610,0.000610,1.8353e-02
dev-corpus-03,2825,152,1.028146e-10,152,152,0.000014,0.000014,1.4960e-02
dev-corpus-03,2826,20285,4.836164e-12,20285,20285,0.000003,0.000003,2.8585e-02
dev-corpus-03,2827,125085,7.060061e-09,125085,125085,0.001190,0.001193,1.9140e-02
dev-corpus-03,2828,236787,2.863692e-07,236787,236787,0.002699,0.002660,3.0835e-02
dev-corpus-03,2829,107,9.477828e-11,107,107,0.000364,0.000364,1.1198e-02
dev-corpus-03,2830,156,3.645671e-10,156,156,0.000247,0.000247,9.9778e-03
dev-corpus-03,2831,2060,7.791070e-06,236865,236865,1.049388,1.044027,2.3983e-02
dev-corpus-03,2832,3152,2.600373e-06,3152,3152,0.258535,0.257394,2.6772e-02
dev-corpus-03,2833,236761,3.228448e-06,236761,236761,0.022548,0.022929,5.1112e-02
dev-corpus-03,2834,4043,6.395346e-09,4043,4043,0.000763,0.000760,3.2604e-02
dev-corpus-03,2835,825,1.647643e-08,236769,236769,8.625373,8.618709,3.3156e-02
dev-corpus-03,2836,107,4.046214e-07,138,138,3.335734,3.337253,1.6716e-02
dev-corpus-03,2837,148,4.897482e-08,148,148,0.002810,0.002823,1.9208e-02
dev-corpus-03,2838,584,2.972541e-06,584,584,0.480588,0.482045,2.3582e-02
dev-corpus-03,2839,3152,8.946911e-08,3152,3152,0.003866,0.003844,3.0934e-02
dev-corpus-03,2840,236761,1.468221e-11,236761,236761,0.000001,0.000001,2.0070e-02
dev-corpus-03,2841,4043,1.640891e-10,4043,4043,0.000022,0.000022,2.1497e-02
dev-corpus-03,2842,1033,9.547073e-10,1033,1033,0.000020,0.000020,3.0972e-02
dev-corpus-03,2843,80565,5.898411e-09,80565,80565,0.000895,0.000895,2.3568e-02
dev-corpus-03,2844,524,2.304571e-12,524,524,0.000001,0.000001,1.8046e-02
dev-corpus-03,2845,1606,5.748208e-07,1606,1606,0.005639,0.005720,3.5616e-02
dev-corpus-03,2846,563,2.239032e-08,563,563,0.000436,0.000440,3.0034e-02
dev-corpus-03,2847,711,6.853619e-08,711,711,0.000353,0.000360,5.1967e-02
dev-corpus-03,2848,5450,6.869534e-10,5450,5450,0.000006,0.000006,6.3733e-02
dev-corpus-03,2849,236787,1.135248e-09,236787,236787,0.000152,0.000153,2.8238e-02
dev-corpus-03,2850,107,1.257599e-09,107,107,0.000035,0.000035,1.5779e-02
dev-corpus-03,2851,152,9.454178e-10,152,152,0.000222,0.000222,3.1614e-02
dev-corpus-03,2852,2060,7.857315e-09,2060,2060,0.002573,0.002579,1.7842e-02
dev-corpus-03,2853,1265,6.478208e-07,1265,1265,0.007516,0.007602,4.0080e-02
dev-corpus-03,2854,236761,4.254417e-10,236761,236761,0.000585,0.000586,1.6381e-02
dev-corpus-03,2855,119664,6.498715e-09,119664,119664,0.000281,0.000283,2.3353e-02
dev-corpus-03,2856,107,1.852126e-08,107,107,0.003948,0.003959,1.9337e-02
dev-corpus-03,2857,148,1.049014e-10,148,148,0.000014,0.000014,1.6699e-02
dev-corpus-03,2858,584,7.475130e-08,584,584,0.005234,0.005261,1.5121e-02
dev-corpus-03,2859,3152,2.483181e-10,3152,3152,0.000051,0.000051,2.5145e-02
dev-corpus-03,2860,236761,5.875703e-12,236761,236761,0.000000,0.000000,3.6353e-02
dev-corpus-03,2861,4043,3.469531e-10,4043,4043,0.000012,0.000012,1.8200e-02
dev-corpus-03,2862,1033,5.698658e-11,1033,1033,0.000005,0.000005,1.8153e-02
dev-corpus-03,2863,29995,6.533149e-09,29995,29995,0.000749,0.000747,2.1474e-02
dev-corpus-03,2864,1606,7.640168e-12,1606,1606,0.000017,0.000017,1.5045e-02
dev-corpus-03,2865,563,2.176768e-11,563,563,0.000000,0.000000,4.4360e-02
dev-corpus-03,2866,711,1.887609e-09,711,711,0.000013,0.000012,2.3646e-02
dev-corpus-03,2867,5450,1.664943e-10,5450,5450,0.000001,0.000001,6.5761e-02
dev-corpus-03,2868,236787,1.868603e-11,236787,236787,0.000019,0.000019,1.8832e-02
dev-corpus-03,2869,107,1.699966e-09,107,107,0.000162,0.000162,3.0988e-02
dev-corpus-03,2870,152,4.724671e-11,152,152,0.000356,0.000356,1.8970e-02
dev-corpus-03,2871,2060,7.339689e-07,236865,236865,1.318730,1.316837,3.1271e-02
dev-corpus-03,2872,3152,3.428619e-07,3152,3152,0.012997,0.012933,3.4010e-02
dev-corpus-03,2873,236761,5.736630e-10,236761,236761,0.000195,0.000195,2.4086e-02
dev-corpus-03,2874,4043,9.210867e-10,4043,4043,0.000066,0.000067,2.7648e-02
dev-corpus-03,2875,825,7.673063e-09,825,825,0.003011,0.003004,1.5181e-02
dev-corpus-03,2876,107,7.047315e-07,107,107,0.175680,0.175400,2.7999e-02
dev-corpus-03,2877,148,1.867731e-06,148,148,0.039292,0.038907,2.3925e-02
dev-corpus-03,2878,24296,2.210132e-05,2060,2060,0.862150,0.869520,2.2532e-02
dev-corpus-03,2879,38271,1.310319e-07,38271,38271,0.012145,0.012201,2.3367e-02
dev-corpus-03,2880,1033,6.748536e-08,1033,1033,0.023962,0.023910,1.4749e-02
dev-corpus-03,2881,2805,2.056178e-07,2805,2805,0.010455,0.010513,1.8997e-02
dev-corpus-03,2882,87892,2.218414e-08,87892,87892,0.002479,0.002488,2.6751e-02
dev-corpus-03,2883,7489,6.938042e-06,2299,2299,1.341761,1.347436,2.0724e-02
dev-corpus-03,2884,2299,1.029060e-08,2299,2299,0.007751,0.007747,1.9859e-02
dev-corpus-03,2885,528,1.089728e-08,528,528,0.003789,0.003796,1.3520e-02
dev-corpus-03,2886,3759,4.485447e-08,3759,3759,0.002117,0.002122,2.8433e-02
dev-corpus-03,2887,963,2.129775e-08,963,963,0.003607,0.003616,1.4679e-02
dev-corpus-03,2888,107,3.014942e-07,107,107,0.016592,0.016692,2.5413e-02
dev-corpus-03,2889,165,4.189343e-08,165,165,0.001794,0.001785,3.4751e-02
dev-corpus-03,2890,1508,1.721983e-10,1508,1508,0.000032,0.000032,1.5643e-02
dev-corpus-03,2891,236761,1.811711e-10,236761,236761,0.000033,0.000033,1.7345e-02
dev-corpus-03,2892,20001,3.966276e-09,20001,20001,0.000240,0.000239,1.6665e-02
dev-corpus-03,2893,236768,4.286860e-10,236768,236768,0.000020,0.000019,2.0894e-02
dev-corpus-03,2894,107,4.145849e-08,107,107,0.189658,0.189624,1.9289e-02
dev-corpus-03,2895,144,4.272343e-09,144,144,0.000666,0.000664,2.5830e-02
dev-corpus-03,2896,2060,2.684302e-08,2060,2060,0.007980,0.007966,2.3911e-02
dev-corpus-03,2897,1265,3.616068e-09,1265,1265,0.000090,0.000089,1.8586e-02
dev-corpus-03,2898,236761,4.855880e-10,236761,236761,0.000037,0.000037,2.3485e-02
dev-corpus-03,2899,20001,3.978576e-08,20001,20001,0.001752,0.001764,2.7221e-02
dev-corpus-03,2900,236761,1.743759e-11,236761,236761,0.000003,0.000003,1.7853e-02
dev-corpus-03,2901,2204,1.215608e-09,2204,2204,0.000020,0.000021,3.1085e-02
dev-corpus-03,2902,236769,9.509800e-12,236769,236769,0.000001,0.000001,1.8875e-02
dev-corpus-03,2903,24733,1.076661e-09,24733,24733,0.000065,0.000065,3.9013e-02
dev-corpus-03,2904,236764,8.319947e-12,236764,236764,0.000002,0.000002,1.2613e-02
dev-corpus-03,2905,1265,3.484689e-10,1265,1265,0.000022,0.000022,2.0147e-02
dev-corpus-03,2906,236761,4.061576e-10,236761,236761,0.000029,0.000029,4.3820e-02
dev-corpus-03,2907,9944,9.850069e-09,9944,9944,0.000203,0.000202,3.3835e-02
dev-corpus-03,2908,236768,4.164445e-10,236768,236768,0.000053,0.000054,1.7478e-02
dev-corpus-03,2909,108,6.895515e-07,108,108,0.341914,0.342079,2.4612e-02
dev-corpus-03,2910,140,2.195623e-07,236865,236865,1.327630,1.327877,2.1919e-02
dev-corpus-03,2911,2063,9.880905e-07,2063,2063,0.670773,0.670892,2.9292e-02
dev-corpus-03,2912,563,1.465342e-06,5062,5062,7.107445,7.110011,2.1640e-02
dev-corpus-03,2913,236779,2.556525e-08,236779,236779,0.003641,0.003641,2.4065e-02
dev-corpus-03,2914,4730,5.905097e-06,10480,10480,1.049701,1.051226,2.7779e-02
dev-corpus-03,2915,236769,2.453764e-08,236769,236769,0.060879,0.060824,1.8621e-02
dev-corpus-03,2916,1508,1.455588e-11,1508,1508,0.000005,0.000005,1.1891e-02
dev-corpus-03,2917,1473,2.431062e-07,236764,236764,0.923314,0.923333,2.1547e-02
dev-corpus-03,2918,107,5.833560e-10,107,107,0.000080,0.000080,1.4319e-02
dev-corpus-03,2919,144,4.108043e-09,144,144,0.000689,0.000688,1.3665e-02
dev-corpus-03,2920,1708,9.961691e-07,2060,2060,9.868423,9.867867,2.5842e-02
dev-corpus-03,2921,3152,1.174194e-05,4241,4241,2.440331,2.452959,3.0413e-02
dev-corpus-03,2922,528,2.013857e-10,528,528,0.000016,0.000016,3.4046e-02
dev-corpus-03,2923,1265,9.983584e-08,1265,1265,0.010569,0.010525,2.6278e-02
dev-corpus-03,2924,236761,1.537803e-07,236761,236761,0.011547,0.011488,2.3385e-02
dev-corpus-03,2925,20001,5.073120e-07,20001,20001,0.011281,0.011184,2.9211e-02
dev-corpus-03,2926,236761,4.447373e-12,236761,236761,0.000002,0.000002,1.6083e-02
dev-corpus-03,2927,4114,1.238663e-10,4114,4114,0.000002,0.000002,2.9236e-02
dev-corpus-03,2928,2598,5.703284e-11,2598,2598,0.000002,0.000002,2.7920e-02
dev-corpus-03,2929,236769,9.986793e-09,236769,236769,0.000461,0.000458,2.5470e-02
dev-corpus-03,2930,1508,8.624449e-09,1508,1508,0.000287,0.000286,3.1884e-02
dev-corpus-03,2931,236761,7.020977e-09,236761,236761,0.000151,0.000150,2.5545e-02
dev-corpus-03,2932,9944,1.974885e-07,9944,9944,0.002684,0.002659,3.4683e-02
dev-corpus-03,2933,1473,9.936979e-09,1473,1473,0.001065,0.001061,3.6038e-02
dev-corpus-03,2934,107,3.769012e-12,107,107,0.000020,0.000020,1.4369e-02
dev-corpus-03,2935,148,6.384926e-10,148,148,0.000408,0.000409,1.2147e-02
dev-corpus-03,2936,584,2.252259e-06,584,584,0.137627,0.138058,4.1195e-02
dev-corpus-03,2937,3152,2.956838e-08,3152,3152,0.009467,0.009468,1.7117e-02
dev-corpus-03,2938,236761,4.096897e-10,236761,236761,0.000581,0.000581,3.1013e-02
dev-corpus-03,2939,4043,7.996658e-08,4043,4043,0.016517,0.016565,3.4021e-02
dev-corpus-03,2940,1033,4.725798e-10,1033,1033,0.000443,0.000443,2.3099e-02
dev-corpus-03,2941,29995,5.269401e-08,29995,29995,0.033774,0.033815,2.0360e-02
dev-corpus-03,2942,1606,6.798064e-08,1606,1606,0.175971,0.176132,2.6557e-02
dev-corpus-03,2943,563,1.007963e-09,563,563,0.000352,0.000353,2.9477e-02
dev-corpus-03,2944,711,1.810697e-08,711,711,0.000678,0.000673,2.6911e-02
dev-corpus-03,2945,5450,3.214607e-10,5450,5450,0.000003,0.000003,7.9218e-02
dev-corpus-03,2946,236787,1.234745e-08,236787,236787,0.000541,0.000545,2.3822e-02
dev-corpus-03,2947,107,2.428837e-10,107,107,0.000010,0.000010,1.6387e-02
dev-corpus-03,2948,152,4.033254e-10,152,152,0.001089,0.001090,1.7298e-02
dev-corpus-03,2949,2060,2.969887e-08,2060,2060,0.005385,0.005402,2.0983e-02
dev-corpus-03,2950,8450,2.554704e-09,8450,8450,0.000055,0.000055,2.2405e-02
dev-corpus-03,2951,107,1.289264e-08,107,107,0.000652,0.000649,2.0235e-02
dev-corpus-03,2952,148,3.545677e-10,144,144,8.172785,8.171569,1.5889e-02
dev-corpus-03,2953,584,3.029368e-07,584,584,0.349010,0.349496,1.8414e-02
dev-corpus-03,2954,568,4.201163e-08,3152,3152,7.459500,7.450952,1.5929e-02
dev-corpus-03,2955,1289,1.454071e-06,1289,1289,0.040386,0.040078,3.0368e-02
dev-corpus-03,2956,236761,1.036088e-10,236761,236761,0.000014,0.000014,1.1154e-02
dev-corpus-03,2957,4043,2.784615e-09,4043,4043,0.000427,0.000427,2.1540e-02
dev-corpus-03,2958,1033,9.463893e-10,1033,1033,0.000139,0.000139,1.8883e-02
dev-corpus-03,2959,21409,1.144077e-06,21409,21409,0.048642,0.048322,3.9936e-02
dev-corpus-03,2960,1606,2.064343e-09,1606,1606,0.000065,0.000065,2.3335e-02
dev-corpus-03,2961,563,2.432107e-07,653,653,3.389651,3.393139,2.0442e-02
dev-corpus-03,2962,5450,7.089220e-07,5450,5450,0.314091,0.313369,1.9959e-02
dev-corpus-03,2963,107,2.457915e-07,532,532,6.274541,6.277500,2.5684e-02
dev-corpus-03,2964,152,1.285869e-06,156,156,2.527271,2.531891,4.2744e-02
dev-corpus-03,2965,624,3.315631e-07,624,624,0.002948,0.002905,2.4693e-02
dev-corpus-03,2966,3152,2.577605e-08,3152,3152,0.000585,0.000580,2.6225e-02
dev-corpus-03,2967,236761,1.132683e-10,236761,236761,0.000009,0.000009,2.3519e-02
dev-corpus-03,2968,4043,2.142448e-08,4043,4043,0.000297,0.000294,4.2477e-02
dev-corpus-03,2969,1033,7.051465e-09,1033,1033,0.000137,0.000138,3.8746e-02
dev-corpus-03,2970,1457,1.458495e-08,1457,1457,0.000217,0.000215,3.3610e-02
dev-corpus-03,2971,3776,5.030690e-13,3776,3776,0.000000,0.000000,1.1573e-02
dev-corpus-03,2972,1606,8.974701e-10,1606,1606,0.000050,0.000050,2.4762e-02
dev-corpus-03,2973,563,5.331444e-11,563,563,0.000036,0.000036,1.4323e-02
dev-corpus-03,2974,5450,1.568489e-08,5450,5450,0.002260,0.002268,3.6036e-02
dev-corpus-03,2975,107,1.181290e-07,107,107,0.096915,0.096788,2.6761e-02
dev-corpus-03,2976,152,3.203814e-10,152,152,0.000151,0.000151,1.9566e-02
dev-corpus-03,2977,624,5.989065e-10,624,624,0.000205,0.000205,1.9759e-02
dev-corpus-03,2978,3152,3.898878e-07,3152,3152,0.034938,0.034773,1.8858e-02
dev-corpus-03,2979,236761,2.759091e-10,236761,236761,0.000008,0.000008,2.1737e-02
dev-corpus-03,2980,4043,1.114620e-06,4043,4043,0.000445,0.000467,2.2192e-01
dev-corpus-03,2981,1033,1.021461e-10,1033,1033,0.000009,0.000009,2.4698e-02
dev-corpus-03,2982,80565,2.363459e-09,80565,80565,0.000373,0.000373,3.5466e-02
dev-corpus-03,2983,524,3.179654e-13,524,524,0.000000,0.000000,6.7101e-03
dev-corpus-03,2984,1606,1.164406e-10,1606,1606,0.000014,0.000014,1.8879e-02
dev-corpus-03,2985,563,9.717785e-10,563,563,0.000178,0.000178,1.9233e-02
dev-corpus-03,2986,5450,4.610673e-05,5450,5450,0.083981,0.081172,3.1339e-02
dev-corpus-03,2987,1473,1.093928e-06,1473,1473,0.147648,0.147060,3.4750e-02
dev-corpus-03,2988,107,3.216456e-09,107,107,0.000781,0.000783,1.4874e-02
dev-corpus-03,2989,152,7.036362e-09,152,152,0.000960,0.000958,2.1726e-02
dev-corpus-03,2990,236865,1.722769e-06,2060,2060,1.669296,1.673142,1.9970e-02
dev-corpus-03,2991,1637,1.105877e-05,1174,1174,2.973729,2.974606,2.4834e-02
dev-corpus-03,2992,784,1.184716e-06,625,625,10.412115,10.419597,1.8847e-02
dev-corpus-03,2993,506,4.103321e-06,4402,4402,9.605833,9.605459,2.4991e-02
dev-corpus-03,2994,4402,5.787707e-06,4402,4402,0.948803,0.950506,2.6574e-02
dev-corpus-03,2995,659,2.750204e-07,659,659,0.045539,0.045550,1.6447e-02
dev-corpus-03,2996,5450,3.086701e-07,5450,5450,0.285904,0.285493,1.3911e-02
dev-corpus-03,2997,236764,2.670732e-08,236764,236764,0.019163,0.019157,1.3745e-02
dev-corpus-03,2998,993,9.777839e-08,625,625,7.456809,7.457404,1.3584e-02
dev-corpus-03,2999,1921,6.992372e-08,563,563,4.457888,4.458932,1.0993e-02
dev-corpus-03,3000,577,3.907333e-08,577,577,0.012548,0.012568,1.7956e-02
dev-corpus-03,3001,107,6.734690e-07,614,614,8.049515,8.039409,2.0134e-02
dev-corpus-03,3002,152,6.587485e-09,152,152,0.000335,0.000333,2.1189e-02
dev-corpus-03,3003,236865,1.445839e-08,236865,236865,0.000620,0.000623,2.6734e-02
dev-corpus-03,3004,2264,5.806634e-07,614,614,5.857002,5.857959,1.8908e-02
dev-corpus-03,3005,2299,7.750054e-06,3759,3759,2.531490,2.532875,3.0642e-02
dev-corpus-03,3006,692,4.321365e-06,1861,1861,6.128567,6.122907,3.3302e-02
dev-corpus-03,3007,236789,7.864526e-06,1537,1537,4.236043,4.236741,1.9269e-02
dev-corpus-03,3008,500,1.622845e-05,500,500,0.621199,0.625836,2.9111e-02
dev-corpus-03,3009,711,3.000718e-06,711,711,0.710338,0.709785,1.7620e-02
dev-corpus-03,3010,27780,9.888510e-07,27780,27780,1.451178,1.451885,1.3043e-02
dev-corpus-03,3011,107,1.167817e-06,236761,236761,2.440415,2.435772,1.6841e-02
dev-corpus-03,3012,152,7.366043e-10,152,152,0.000448,0.000447,1.4960e-02
dev-corpus-03,3013,24296,8.619847e-09,2060,2060,8.428351,8.433868,1.5925e-02
dev-corpus-03,3014,38271,1.817255e-08,38271,38271,0.007606,0.007610,1.8126e-02
dev-corpus-03,3015,1033,3.910853e-07,1033,1033,0.137163,0.137138,1.8804e-02
dev-corpus-03,3016,2805,4.061588e-07,2805,2805,0.479810,0.479512,1.9206e-02
dev-corpus-03,3017,87892,2.632052e-07,87892,87892,0.024368,0.024258,2.2048e-02
dev-corpus-03,3018,7489,1.867554e-06,3759,3759,9.283451,9.286039,2.5549e-02
dev-corpus-03,3019,2299,2.390791e-07,2299,2299,0.021526,0.021626,1.5572e-02
dev-corpus-03,3020,528,2.516703e-08,528,528,0.053545,0.053567,1.2449e-02
dev-corpus-03,3021,3759,1.223015e-07,3759,3759,0.005288,0.005322,2.5964e-02
dev-corpus-03,3022,963,3.260167e-07,963,963,0.031354,0.031402,1.7610e-02
dev-corpus-03,3023,107,3.808469e-09,107,107,0.002181,0.002177,1.8178e-02
dev-corpus-03,3024,156,7.644926e-07,167,167,8.384731,8.383974,3.0288e-02
dev-corpus-03,3025,1508,4.919496e-10,1508,1508,0.000288,0.000288,1.1652e-02
dev-corpus-03,3026,236761,4.101621e-11,236761,236761,0.000015,0.000015,1.8316e-02
dev-corpus-03,3027,20001,8.422558e-10,20001,20001,0.000075,0.000075,1.7642e-02
dev-corpus-03,3028,236768,1.394649e-09,236768,236768,0.000154,0.000155,2.2699e-02
dev-corpus-03,3029,107,9.978974e-08,107,107,0.007203,0.007240,2.3339e-02
dev-corpus-03,3030,144,2.950192e-08,144,144,0.001173,0.001180,1.5481e-02
dev-corpus-03,3031,2060,5.817444e-10,2060,2060,0.000457,0.000457,1.2619e-02
dev-corpus-03,3032,6288,5.980604e-10,6288,6288,0.000020,0.000020,1.3086e-02
dev-corpus-03,3033,108,3.436903e-07,108,108,0.446924,0.447516,2.6972e-02
dev-corpus-03,3034,140,4.486058e-06,236865,236865,1.585835,1.591130,2.6911e-02
dev-corpus-03,3035,2063,3.358626e-06,236865,236865,0.867481,0.870347,2.5581e-02
dev-corpus-03,3036,974,2.820440e-06,5062,5062,2.578181,2.574598,2.5978e-02
dev-corpus-03,3037,236779,6.841806e-08,236779,236779,0.019021,0.018978,2.8614e-02
dev-corpus-03,3038,207339,6.149670e-06,10480,10480,12.719998,12.712654,3.8753e-02
dev-corpus-03,3039,236769,1.402877e-09,236769,236769,0.007991,0.007994,1.7467e-02
dev-corpus-03,3040,1508,1.315238e-11,1508,1508,0.000009,0.000009,1.3082e-02
dev-corpus-03,3041,1473,2.901342e-08,1473,1473,0.003510,0.003524,2.6777e-02
dev-corpus-03,3042,107,2.208242e-09,107,107,0.000090,0.000091,1.9537e-02
dev-corpus-03,3043,144,5.274767e-10,144,144,0.000337,0.000336,1.5560e-02
dev-corpus-03,3044,2643,8.722265e-06,207339,207339,4.659544,4.661980,3.4297e-02
dev-corpus-03,3045,578,8.351281e-10,578,578,0.000799,0.000798,1.7645e-02
dev-corpus-03,3046,2977,1.040048e-08,1076,1076,4.742030,4.743084,2.1079e-02
dev-corpus-03,3047,107,2.299268e-11,107,107,0.000018,0.000018,1.2528e-02
dev-corpus-03,3048,144,1.840815e-10,144,144,0.000016,0.000016,1.7642e-02
dev-corpus-03,3049,1708,1.697167e-07,1708,1708,0.047241,0.047363,2.5377e-02
dev-corpus-03,3050,3152,2.721537e-08,3152,3152,0.010302,0.010282,2.5470e-02
dev-corpus-03,3051,528,3.565577e-12,528,528,0.000002,0.000002,2.1862e-02
dev-corpus-03,3052,1265,1.341593e-09,1265,1265,0.000044,0.000043,1.7095e-02
dev-corpus-03,3053,236761,2.018706e-10,236761,236761,0.000036,0.000036,1.9947e-02
dev-corpus-03,3054,20001,6.102281e-09,20001,20001,0.000323,0.000324,1.9917e-02
dev-corpus-03,3055,236761,1.560042e-12,236761,236761,0.000000,0.000000,1.7345e-02
dev-corpus-03,3056,4114,5.302928e-10,4114,4114,0.000090,0.000090,2.6869e-02
dev-corpus-03,3057,2598,2.715583e-13,2598,2598,0.000000,0.000000,1.5110e-02
dev-corpus-03,3058,236769,3.964508e-10,236769,236769,0.000027,0.000028,1.3488e-02
dev-corpus-03,3059,1508,2.785955e-09,1508,1508,0.000175,0.000174,1.8822e-02
dev-corpus-03,3060,236761,7.768952e-11,236761,236761,0.000009,0.000009,2.6316e-02
dev-corpus-03,3061,9944,6.988258e-09,9944,9944,0.000504,0.000506,2.0564e-02
dev-corpus-03,3062,1473,5.048876e-09,1473,1473,0.000485,0.000487,2.6282e-02
dev-corpus-03,3063,107,2.735095e-12,107,107,0.000002,0.000002,1.1548e-02
dev-corpus-03,3064,148,1.096961e-08,148,148,0.000744,0.000740,1.3336e-02
dev-corpus-03,3065,21409,1.097502e-05,584,584,1.632112,1.623049,4.5945e-02
dev-corpus-03,3066,578,3.371662e-07,578,578,0.061485,0.061692,1.9551e-02
dev-corpus-03,3067,3152,4.181819e-10,3152,3152,0.000033,0.000033,2.1540e-02
dev-corpus-03,3068,236761,1.768539e-11,236761,236761,0.000001,0.000001,2.8865e-02
dev-corpus-03,3069,4043,7.948481e-10,4043,4043,0.000049,0.000049,3.2966e-02
dev-corpus-03,3070,1033,5.791367e-10,1033,1033,0.000142,0.000142,1.9081e-02
dev-corpus-03,3071,21409,2.637873e-10,21409,21409,0.000188,0.000188,1.7413e-02
dev-corpus-04,3072,107,3.558586e-06,236764,236764,5.140575,5.136466,1.6930e-02
dev-corpus-04,3073,144,4.323221e-06,1018,1018,6.757299,6.760742,5.6201e-02
dev-corpus-04,3074,36208,3.305107e-07,107,107,9.259769,9.263400,1.7527e-02
dev-corpus-04,3075,34563,2.015983e-06,2430,2430,5.123818,5.119558,2.5020e-02
dev-corpus-04,3076,236769,3.210521e-11,236769,236769,0.000045,0.000045,8.7726e-03
dev-corpus-04,3077,106327,1.338369e-06,7837,7837,16.450409,16.446423,2.2995e-02
dev-corpus-04,3078,1901,8.977048e-09,236764,236764,18.098074,18.100823,1.4908e-02
dev-corpus-04,3079,236764,3.169131e-08,236764,236764,0.005487,0.005497,2.4952e-02
dev-corpus-04,3080,1540,5.333207e-06,1540,1540,0.659309,0.656669,1.8500e-02
dev-corpus-04,3081,1473,8.816375e-08,1473,1473,0.682751,0.682335,1.9180e-02
dev-corpus-04,3082,107,1.607626e-08,107,107,0.022208,0.022222,1.6565e-02
dev-corpus-04,3083,148,3.917263e-08,148,148,0.011053,0.011071,1.6015e-02
dev-corpus-04,3084,106327,6.820920e-07,236865,236865,2.106920,2.108176,2.0562e-02
dev-corpus-04,3085,236779,3.549739e-07,1901,1901,4.700031,4.695197,2.1068e-02
dev-corpus-04,3086,8902,4.013776e-06,1901,1901,19.170244,19.174499,1.9162e-02
dev-corpus-04,3087,578,8.238546e-08,578,578,0.009592,0.009562,1.3053e-02
dev-corpus-04,3088,32147,2.620731e-07,23219,23219,12.415030,12.413543,2.3213e-02
dev-corpus-04,3089,513,2.424714e-06,1123,1123,1.563507,1.561427,2.1150e-02
dev-corpus-04,3090,236784,5.788982e-09,236787,236787,12.710002,12.712441,1.7338e-02
dev-corpus-04,3091,236763,1.554476e-08,106327,106327,14.471366,14.470565,1.3086e-02
dev-corpus-04,3092,236789,3.534490e-06,105800,105800,2.852029,2.854336,1.7567e-02
dev-corpus-04,3093,2632,1.228881e-05,19547,19547,0.788155,0.793269,2.5363e-02
dev-corpus-04,3094,2222,2.529825e-05,513,513,6.062076,6.061587,2.4387e-02
dev-corpus-04,3095,11240,4.762563e-06,236769,236769,6.105437,6.108801,3.9526e-02
dev-corpus-04,3096,5285,8.891957e-06,236779,236779,1.629848,1.621892,2.7090e-02
dev-corpus-04,3097,236761,2.229080e-07,236761,236761,0.047150,0.047291,1.4261e-02
dev-corpus-04,3098,1951,2.015471e-07,1951,1951,0.026453,0.026353,1.3595e-02
dev-corpus-04,3099,236769,1.147109e-08,236769,236769,0.004188,0.004183,2.4888e-02
dev-corpus-04,3100,106327,6.055925e-09,236753,236753,3.364627,3.364971,1.5893e-02
dev-corpus-04,3101,1901,2.259804e-10,1901,1901,0.000275,0.000275,1.2149e-02
dev-corpus-04,3102,236764,1.992569e-06,236764,236764,1.043173,1.041938,1.9140e-02
dev-corpus-04,3103,513,1.606840e-07,513,513,0.002817,0.002790,2.8274e-02
dev-corpus-04,3104,236768,6.431536e-08,236768,236768,0.030081,0.030034,2.0889e-02
dev-corpus-04,3105,107,2.463193e-08,107,107,0.081407,0.081393,1.6977e-02
dev-corpus-04,3106,144,3.607397e-08,148,148,3.074095,3.072919,1.1292e-02
dev-corpus-04,3107,4454,1.620492e-07,4454,4454,0.612231,0.611786,1.8621e-02
dev-corpus-04,3108,236787,2.523262e-11,236787,236787,0.000005,0.000005,1.4341e-02
dev-corpus-04,3109,107,6.851801e-09,107,107,0.040709,0.040717,1.8110e-02
dev-corpus-04,3110,148,1.578614e-09,148,148,0.003054,0.003052,1.4024e-02
dev-corpus-04,3111,106327,1.643884e-06,24296,24296,3.288207,3.279079,2.7681e-02
dev-corpus-04,3112,236779,8.255887e-09,236779,236779,0.001346,0.001345,1.6116e-02
dev-corpus-04,3113,8902,1.705010e-08,8902,8902,0.001760,0.001756,1.7706e-02
dev-corpus-04,3114,578,4.430745e-10,578,578,0.000123,0.000124,1.3540e-02
dev-corpus-04,3115,32147,1.440227e-06,5450,5450,1.729498,1.733125,2.1497e-02
dev-corpus-04,3116,513,2.599307e-07,513,513,0.186866,0.186799,2.1189e-02
dev-corpus-04,3117,236784,8.441596e-07,236784,236784,0.506732,0.507694,3.2727e-02
dev-corpus-04,3118,236763,5.062965e-07,236763,236763,0.037412,0.037607,1.5972e-02
dev-corpus-04,3119,236789,1.489545e-08,236789,236789,0.002654,0.002647,1.9648e-02
dev-corpus-04,3120,2632,3.070969e-09,2632,2632,0.000076,0.000076,2.6482e-02
dev-corpus-04,3121,23219,1.488086e-06,2222,2222,5.640221,5.651339,2.4158e-02
dev-corpus-04,3122,1901,2.796816e-10,1901,1901,0.000431,0.000431,1.4713e-02
dev-corpus-04,3123,236761,1.348657e-06,107,107,7.118341,7.116135,2.0381e-02
dev-corpus-04,3124,1951,2.045042e-06,10401,10401,1.122195,1.119311,1.5210e-02
dev-corpus-04,3125,236769,7.375340e-10,236769,236769,0.000616,0.000617,2.0936e-02
dev-corpus-04,3126,236753,6.196156e-10,236753,236753,0.000083,0.000082,1.7524e-02
dev-corpus-04,3127,236768,1.973567e-09,236768,236768,0.000311,0.000312,1.4291e-02
dev-corpus-04,3128,108,5.625995e-07,108,108,0.417649,0.417029,2.1061e-02
dev-corpus-04,3129,144,7.014997e-07,140,140,1.045398,1.046397,2.2107e-02
dev-corpus-04,3130,1508,6.860517e-07,236865,236865,7.487108,7.487236,3.1461e-02
dev-corpus-04,3131,4917,1.134975e-07,236761,236761,3.970295,3.973727,1.4107e-02
dev-corpus-04,3132,8951,5.153854e-07,106327,106327,8.995732,8.997142,2.4694e-02
dev-corpus-04,3133,552,4.280709e-09,552,552,0.001160,0.001162,1.3297e-02
dev-corpus-04,3134,578,7.709687e-08,236779,236779,0.710175,0.710509,1.6946e-02
dev-corpus-04,3135,5450,3.726217e-06,534,534,1.139883,1.139828,2.4270e-02
dev-corpus-04,3136,107,3.538032e-07,107,107,0.259754,0.259321,1.4747e-02
dev-corpus-04,3137,144,3.393778e-08,144,144,0.030305,0.030293,1.3905e-02
dev-corpus-04,3138,1508,1.936203e-07,1508,1508,0.087016,0.087135,1.6100e-02
dev-corpus-04,3139,4917,7.192151e-09,4917,4917,0.058124,0.058153,1.6734e-02
dev-corpus-04,3140,6499,5.068309e-06,106327,106327,15.778664,15.784375,3.2558e-02
dev-corpus-04,3141,578,1.449429e-07,236779,236779,1.497503,1.496580,1.7204e-02
dev-corpus-04,3142,23219,5.343369e-07,5450,5450,3.059675,3.055299,1.9153e-02
dev-corpus-04,3143,236779,2.093451e-10,236779,236779,0.000188,0.000188,1.3028e-02
dev-corpus-04,3144,8902,1.019383e-09,8902,8902,0.000288,0.000287,2.0980e-02
dev-corpus-04,3145,825,1.818690e-06,107,107,2.713071,2.718823,1.8411e-02
dev-corpus-04,3146,107,1.835398e-07,107,107,0.137513,0.137305,1.6319e-02
dev-corpus-04,3147,144,4.730150e-08,144,144,0.009349,0.009324,1.6387e-02
dev-corpus-04,3148,1508,2.102419e-07,1508,1508,0.035435,0.035545,1.5603e-02
dev-corpus-04,3149,4917,4.103779e-08,4917,4917,0.006090,0.006113,1.1571e-02
dev-corpus-04,3150,3859,4.907392e-07,3859,3859,0.543995,0.543862,2.7444e-02
dev-corpus-04,3151,578,8.966897e-10,578,578,0.002631,0.002629,1.5958e-02
dev-corpus-04,3152,23219,1.537355e-08,5450,5450,3.145616,3.145011,2.3235e-02
dev-corpus-04,3153,236779,1.938004e-10,236779,236779,0.000067,0.000067,1.5864e-02
dev-corpus-04,3154,8902,1.393327e-10,8902,8902,0.000055,0.000055,1.4956e-02
dev-corpus-04,3155,825,4.572720e-09,825,825,0.000895,0.000892,1.7810e-02
dev-corpus-04,3156,107,2.697346e-07,108,108,1.435819,1.434783,1.7431e-02
dev-corpus-04,3157,144,2.192484e-08,144,144,0.045234,0.045246,1.7061e-02
dev-corpus-04,3158,1508,1.667110e-07,1508,1508,0.134494,0.134317,1.5065e-02
dev-corpus-04,3159,236761,6.079516e-07,4917,4917,2.627485,2.631436,1.6871e-02
dev-corpus-04,3160,106327,1.123488e-06,106327,106327,0.719437,0.719374,2.2677e-02
dev-corpus-04,3161,236779,3.340632e-06,236779,236779,0.072504,0.073043,2.8861e-02
dev-corpus-04,3162,2086,7.399571e-06,2086,2086,0.793102,0.796657,5.1405e-02
dev-corpus-04,3163,578,1.416050e-08,578,578,0.003821,0.003830,1.5700e-02
dev-corpus-04,3164,1265,7.634547e-06,1265,1265,0.555138,0.551802,3.1839e-02
dev-corpus-04,3165,4917,3.570379e-07,4917,4917,0.011824,0.011916,2.3839e-02
dev-corpus-04,3166,3859,5.789526e-09,6499,6499,5.954875,5.953439,2.0374e-02
dev-corpus-04,3167,236761,6.129481e-09,236761,236761,0.002541,0.002546,1.7842e-02
dev-corpus-04,3168,106327,2.791947e-10,106327,106327,0.000056,0.000055,1.6623e-02
dev-corpus-04,3169,236779,1.265769e-09,236779,236779,0.000223,0.000224,2.9594e-02
dev-corpus-04,3170,2086,1.430645e-08,2086,2086,0.031397,0.031391,1.7899e-02
dev-corpus-04,3171,108,3.295138e-07,108,108,0.571257,0.571799,1.4738e-02
dev-corpus-04,3172,144,1.006647e-07,140,140,2.145006,2.144238,2.2348e-02
dev-corpus-04,3173,584,1.101282e-06,236865,236865,1.640847,1.639896,1.5675e-02
dev-corpus-04,3174,76330,2.023425e-06,1265,1265,3.176438,3.171541,2.9325e-02
dev-corpus-04,3175,236769,3.891978e-10,236769,236769,0.000573,0.000573,1.1778e-02
dev-corpus-04,3176,1508,3.456190e-06,1508,1508,0.321562,0.323165,3.1314e-02
dev-corpus-04,3177,4917,1.473861e-07,236764,236764,2.449954,2.450933,1.7742e-02
dev-corpus-04,3178,3859,9.645759e-08,6499,6499,1.710173,1.711011,1.8600e-02
dev-corpus-04,3179,236764,3.417755e-09,236764,236764,0.001251,0.001252,1.5483e-02
dev-corpus-04,3180,756,2.067262e-07,756,756,0.104358,0.104568,1.5078e-02
dev-corpus-04,3181,5088,1.109755e-06,10401,10401,9.509284,9.504628,2.2298e-02
dev-corpus-04,3182,236779,1.198784e-08,236779,236779,0.000859,0.000856,2.1640e-02
dev-corpus-04,3183,2086,1.232344e-11,2086,2086,0.000005,0.000005,2.5059e-02
dev-corpus-04,3184,23314,1.884550e-07,23314,23314,0.170259,0.170523,2.1962e-02
dev-corpus-04,3185,107,2.189480e-09,107,107,0.001281,0.001283,1.1088e-02
dev-corpus-04,3186,148,2.026945e-10,148,148,0.002896,0.002896,1.2063e-02
dev-corpus-04,3187,5088,6.684005e-09,1508,1508,7.159132,7.158740,1.5451e-02
dev-corpus-04,3188,2086,1.061786e-08,236779,236779,7.770600,7.773227,1.6265e-02
dev-corpus-04,3189,578,4.286220e-08,578,578,0.006171,0.006194,1.8418e-02
dev-corpus-04,3190,1265,6.323404e-10,1265,1265,0.000225,0.000225,1.5419e-02
dev-corpus-04,3191,4917,2.058178e-10,4917,4917,0.000045,0.000045,1.7356e-02
dev-corpus-04,3192,3859,5.686888e-09,3859,3859,0.000267,0.000265,1.7198e-02
dev-corpus-04,3193,236761,1.710457e-10,236761,236761,0.000017,0.000017,2.2116e-02
dev-corpus-04,3194,5088,8.021249e-10,5088,5088,0.001041,0.001042,2.1962e-02
dev-corpus-04,3195,236779,4.135927e-10,236779,236779,0.000024,0.000024,1.7262e-02
dev-corpus-04,3196,2086,5.434557e-11,2086,2086,0.000007,0.000007,1.4377e-02
dev-corpus-04,3197,107,1.757394e-08,107,107,0.002056,0.002051,1.5131e-02
dev-corpus-04,3198,148,4.556758e-07,144,144,2.549475,2.552755,1.9257e-02
dev-corpus-04,3199,584,8.820959e-07,1508,1508,2.600645,2.596810,2.2441e-02
dev-corpus-04,3200,3355,1.086638e-06,3355,3355,0.372383,0.372305,2.5456e-02
dev-corpus-04,3201,2086,1.501857e-09,2086,2086,0.000165,0.000164,2.2473e-02
dev-corpus-04,3202,655,3.045589e-07,563,563,6.898561,6.893952,1.5882e-02
dev-corpus-04,3203,236743,2.512932e-08,236743,236743,0.028777,0.028801,1.6510e-02
dev-corpus-04,3204,236770,4.098259e-06,236770,236770,1.160856,1.163990,2.2444e-02
dev-corpus-04,3205,236825,1.697077e-06,236825,236825,0.662846,0.663241,1.8872e-02
dev-corpus-04,3206,236787,2.715927e-08,236787,236787,0.014453,0.014435,1.8894e-02
dev-corpus-04,3207,107,5.202463e-09,107,107,0.010245,0.010253,1.6885e-02
dev-corpus-04,3208,152,8.645452e-10,152,152,0.002559,0.002561,1.3829e-02
dev-corpus-04,3209,236779,4.627090e-07,24296,24296,9.615375,9.616318,2.1172e-02
dev-corpus-04,3210,88319,9.318557e-07,88319,88319,1.094480,1.094822,1.2087e-02
dev-corpus-04,3211,236761,6.903434e-09,236761,236761,0.001681,0.001676,1.1802e-02
dev-corpus-04,3212,37877,2.650032e-08,37877,37877,0.001873,0.001883,1.8795e-02
dev-corpus-04,3213,1033,2.023143e-07,885,885,4.050204,4.050031,1.9412e-02
dev-corpus-04,3214,5088,3.012616e-06,42025,42025,4.906474,4.908328,3.7977e-02
dev-corpus-04,3215,236779,4.065129e-06,236779,236779,0.161707,0.162896,2.0013e-02
dev-corpus-04,3216,2086,3.373665e-07,2086,2086,0.015357,0.015315,2.6788e-02
dev-corpus-04,3217,529,8.994141e-07,563,563,2.691960,2.692508,1.0448e-02
dev-corpus-04,3218,2144,1.743878e-06,2144,2144,0.774613,0.775428,2.5352e-02
dev-corpus-04,3219,236753,1.612666e-08,236751,236751,8.958457,8.958521,1.5929e-02
dev-corpus-04,3220,5072,1.420661e-07,563,563,6.489729,6.489264,1.4269e-02
dev-corpus-04,3221,2311,2.157300e-07,2311,2311,0.045064,0.045197,1.1974e-02
dev-corpus-04,3222,1944,1.234758e-09,1944,1944,0.001139,0.001141,1.1680e-02
dev-corpus-04,3223,236793,4.697575e-06,573,573,5.897746,5.899592,1.9780e-02
dev-corpus-04,3224,1699,1.785621e-06,1699,1699,1.183027,1.183368,2.2938e-02
dev-corpus-04,3225,1023,7.842924e-08,236743,236743,13.358750,13.358679,1.2911e-02
dev-corpus-04,3226,756,5.669448e-07,3678,3678,10.783185,10.782909,1.5028e-02
dev-corpus-04,3227,107,2.313040e-07,107,107,0.048834,0.048941,1.4294e-02
dev-corpus-04,3228,167,6.711611e-08,167,167,0.081810,0.081757,2.4601e-02
dev-corpus-04,3229,236789,1.945141e-06,138,138,2.948043,2.948985,3.2809e-02
dev-corpus-04,3230,6665,5.768633e-07,6665,6665,0.107769,0.107492,1.3944e-02
dev-corpus-04,3231,529,1.539000e-07,529,529,0.173775,0.173773,1.4624e-02
dev-corpus-04,3232,2144,1.281016e-08,236743,236743,5.207770,5.205785,1.3340e-02
dev-corpus-04,3233,236753,1.849856e-09,236753,236753,0.000576,0.000575,1.4881e-02
dev-corpus-04,3234,7085,1.339452e-06,236789,236789,2.190517,2.190426,1.5657e-02
dev-corpus-04,3235,2144,1.870861e-10,2144,2144,0.000058,0.000058,1.6394e-02
dev-corpus-04,3236,568,1.058050e-09,568,568,0.000376,0.000376,1.6240e-02
dev-corpus-04,3237,5088,6.022709e-08,5088,5088,0.004483,0.004503,2.2048e-02
dev-corpus-04,3238,2086,9.530813e-11,2086,2086,0.000015,0.000015,2.1839e-02
dev-corpus-04,3239,236764,4.478700e-10,236764,236764,0.000135,0.000135,1.3836e-02
dev-corpus-04,3240,1265,2.979211e-09,236743,236743,8.212551,8.213403,1.4963e-02
dev-corpus-04,3241,236761,9.009637e-08,236761,236761,0.145532,0.145365,1.6075e-02
dev-corpus-04,3242,5088,5.552756e-07,6665,6665,1.277023,1.278464,1.9809e-02
dev-corpus-04,3243,2086,5.660279e-08,236779,236779,4.278549,4.275993,1.6508e-02
dev-corpus-04,3244,779,5.975496e-09,1223,1223,5.786847,5.785677,1.7835e-02
dev-corpus-04,3245,107,8.976477e-07,107,107,0.298378,0.298998,3.3353e-02
dev-corpus-04,3246,167,3.291241e-09,167,167,0.006883,0.006885,2.1479e-02
dev-corpus-04,3247,28755,5.659077e-06,28755,28755,0.527880,0.529355,3.5534e-02
dev-corpus-04,3248,21672,5.164745e-13,21672,21672,0.000000,0.000000,1.7741e-02
dev-corpus-04,3249,236764,7.362079e-09,236768,236768,9.004015,9.001848,2.1077e-02
dev-corpus-04,3250,236743,4.618007e-06,35949,35949,11.791946,11.790860,2.9236e-02
dev-corpus-04,3251,236778,1.021918e-06,236770,236770,1.833636,1.830706,2.3027e-02
dev-corpus-04,3252,236768,5.209156e-09,236768,236768,0.000916,0.000913,2.1472e-02
dev-corpus-04,3253,107,1.890509e-07,107,107,0.008197,0.008248,1.7123e-02
dev-corpus-04,3254,152,2.676358e-07,152,152,0.024707,0.024822,1.9666e-02
dev-corpus-04,3255,5088,2.197141e-07,5088,5088,0.073353,0.073468,2.6117e-02
dev-corpus-04,3256,2086,1.145539e-09,2086,2086,0.003736,0.003734,4.3287e-02
dev-corpus-04,3257,578,4.388159e-10,578,578,0.000062,0.000062,1.4280e-02
dev-corpus-04,3258,1265,1.002210e-07,1265,1265,0.002278,0.002257,1.7452e-02
dev-corpus-04,3259,236761,4.104432e-11,236761,236761,0.000104,0.000104,2.0328e-02
dev-corpus-04,3260,5088,1.052785e-10,5088,5088,0.000018,0.000018,1.3955e-02
dev-corpus-04,3261,2086,2.867135e-09,2086,2086,0.000119,0.000120,1.7413e-02
dev-corpus-04,3262,107,4.408380e-07,107,107,0.193565,0.193134,1.6646e-02
dev-corpus-04,3263,144,3.210566e-06,148,148,1.168199,1.164450,1.8589e-02
dev-corpus-04,3264,4454,1.398537e-08,4454,4454,0.002335,0.002330,2.4018e-02
dev-corpus-04,3265,236787,1.442285e-10,236787,236787,0.000008,0.000008,2.4734e-02
dev-corpus-04,3266,107,9.384580e-10,107,107,0.000686,0.000685,1.6182e-02
dev-corpus-04,3267,148,4.434927e-09,148,148,0.002854,0.002859,1.0325e-02
dev-corpus-04,3268,236779,1.491642e-09,5088,5088,9.965197,9.969109,1.8361e-02
dev-corpus-04,3269,88319,6.145632e-09,88319,88319,0.001323,0.001322,2.3625e-02
dev-corpus-04,3270,236761,7.708311e-11,236761,236761,0.000002,0.000002,1.4849e-02
dev-corpus-04,3271,37877,2.109412e-09,37877,37877,0.000020,0.000020,3.2564e-02
dev-corpus-04,3272,1033,5.117135e-08,1033,1033,0.030182,0.030229,1.5922e-02
dev-corpus-04,3273,3771,4.068831e-06,106327,106327,2.635663,2.637829,3.5244e-02
dev-corpus-04,3274,3355,1.832921e-08,3355,3355,0.006785,0.006771,1.8576e-02
dev-corpus-04,3275,236779,2.400830e-07,236779,236779,0.033519,0.033637,1.4979e-02
dev-corpus-04,3276,2086,7.383576e-12,2086,2086,0.000001,0.000001,1.2503e-02
dev-corpus-04,3277,9176,8.856726e-08,9176,9176,0.598275,0.598218,1.0879e-02
dev-corpus-04,3278,580,3.551812e-07,1765,1765,2.771395,2.774535,1.9619e-02
dev-corpus-04,3279,2238,8.105689e-07,2144,2144,11.370219,11.373896,2.3901e-02
dev-corpus-04,3280,23219,7.330195e-08,23219,23219,0.182053,0.182022,2.0893e-02
dev-corpus-04,3281,2495,1.330471e-06,1901,1901,5.474873,5.480823,2.3289e-02
dev-corpus-04,3282,236793,1.547698e-07,236793,236793,0.081761,0.081632,1.8201e-02
dev-corpus-04,3283,756,7.410716e-07,1699,1699,1.508185,1.508936,1.7370e-02
dev-corpus-04,3284,107,2.064458e-09,107,107,0.000161,0.000160,1.9226e-02
dev-corpus-04,3285,163,3.459203e-06,163,163,0.921961,0.925024,2.4840e-02
dev-corpus-04,3286,236789,1.666994e-09,236789,236789,0.000232,0.000233,1.5471e-02
dev-corpus-04,3287,83033,5.005699e-08,3091,3091,10.499930,10.502104,1.1648e-02
dev-corpus-04,3288,2144,2.702698e-06,3678,3678,2.532682,2.531259,2.3707e-02
dev-corpus-04,3289,236753,6.830553e-10,236753,236753,0.007782,0.007782,1.6766e-02
dev-corpus-04,3290,7085,4.088192e-07,7085,7085,0.089833,0.089668,1.8686e-02
dev-corpus-04,3291,2144,2.125064e-10,2144,2144,0.000021,0.000021,1.5572e-02
dev-corpus-04,3292,568,1.184541e-06,1265,1265,1.039556,1.041638,1.4552e-02
dev-corpus-04,3293,1508,7.458906e-10,1508,1508,0.000242,0.000243,1.7388e-02
dev-corpus-04,3294,236761,4.970485e-11,236761,236761,0.000024,0.000024,1.4793e-02
dev-corpus-04,3295,5088,8.860149e-10,5088,5088,0.000101,0.000101,2.1772e-02
dev-corpus-04,3296,2086,2.414474e-12,2086,2086,0.000002,0.000002,1.5513e-02
dev-corpus-04,3297,779,2.190970e-07,779,779,0.014589,0.014535,2.4394e-02
dev-corpus-04,3298,107,1.744639e-06,35949,35949,1.254153,1.257077,4.2765e-02
dev-corpus-04,3299,163,2.461559e-09,163,163,0.000315,0.000316,1.8232e-02
dev-corpus-04,3300,28755,4.176267e-09,28755,28755,0.007867,0.007869,3.9693e-02
dev-corpus-04,3301,21672,7.328238e-13,21672,21672,0.000000,0.000000,1.7323e-02
dev-corpus-04,3302,236764,4.438536e-08,236764,236764,0.151709,0.151829,1.7443e-02
dev-corpus-04,3303,236743,7.435840e-11,236743,236743,0.000027,0.000027,1.6640e-02
dev-corpus-04,3304,236778,1.172860e-08,236778,236778,0.001312,0.001307,2.3611e-02
dev-corpus-04,3305,236768,6.189994e-11,236768,236768,0.000033,0.000033,1.7595e-02
dev-corpus-04,3306,107,1.058728e-06,107,107,0.021535,0.021750,2.6595e-02
dev-corpus-04,3307,148,3.710181e-07,144,144,1.556899,1.558288,1.5367e-02
dev-corpus-04,3308,5088,3.827922e-09,5088,5088,0.008277,0.008282,1.8979e-02
dev-corpus-04,3309,2086,8.611347e-11,2086,2086,0.000018,0.000018,2.9383e-02
dev-corpus-04,3310,578,1.659089e-11,578,578,0.000005,0.000005,1.4053e-02
dev-corpus-04,3311,1265,7.633580e-11,1265,1265,0.000028,0.000028,1.2764e-02
dev-corpus-04,3312,236761,4.275142e-10,236761,236761,0.000017,0.000017,1.8171e-02
dev-corpus-04,3313,5088,1.008626e-10,5088,5088,0.000018,0.000018,1.6626e-02
dev-corpus-04,3314,2086,1.253947e-08,2086,2086,0.000149,0.000150,1.4083e-02
dev-corpus-04,3315,108,6.799884e-08,108,108,0.068830,0.068928,2.0517e-02
dev-corpus-04,3316,144,1.794521e-07,144,144,0.017485,0.017563,2.2498e-02
dev-corpus-04,3317,584,3.458963e-07,1508,1508,3.738199,3.738150,1.8746e-02
dev-corpus-04,3318,5980,2.500633e-06,1265,1265,5.857760,5.852304,3.0245e-02
dev-corpus-04,3319,236769,6.499896e-09,236769,236769,0.002653,0.002648,1.4881e-02
dev-corpus-04,3320,2478,2.342380e-06,1508,1508,1.965837,1.963822,2.6890e-02
dev-corpus-04,3321,236768,2.483138e-08,236768,236768,0.026627,0.026603,1.9014e-02
dev-corpus-04,3322,1890,4.104163e-06,1251,1251,1.946750,1.944819,1.5587e-02
dev-corpus-04,3323,3355,2.491123e-06,236743,236743,2.859057,2.867957,3.5530e-02
dev-corpus-04,3324,2086,4.018042e-10,2086,2086,0.000024,0.000024,2.0885e-02
dev-corpus-04,3325,236787,2.034146e-08,236787,236787,0.013463,0.013477,1.7874e-02
dev-corpus-04,3326,107,8.171487e-11,107,107,0.000155,0.000155,1.2363e-02
dev-corpus-04,3327,148,1.509978e-08,148,148,0.011177,0.011159,1.7037e-02
dev-corpus-04,3328,2478,3.396974e-07,236779,236779,4.507095,4.506437,2.2094e-02
dev-corpus-04,3329,578,6.930114e-09,578,578,0.014347,0.014335,1.8640e-02
dev-corpus-04,3330,23219,5.416704e-08,2307,2307,9.901572,9.901382,1.9458e-02
dev-corpus-04,3331,236779,1.264232e-07,236779,236779,0.012378,0.012323,2.2123e-02
dev-corpus-04,3332,8902,2.878001e-08,8902,8902,0.003563,0.003570,2.8786e-02
dev-corpus-04,3333,236769,6.871765e-07,236769,236769,0.064220,0.063980,2.1218e-02
dev-corpus-04,3334,2478,1.187433e-05,2478,2478,0.111083,0.112662,4.3970e-02
dev-corpus-04,3335,769,9.918122e-08,236768,236768,7.457117,7.454726,2.6073e-02
dev-corpus-04,3336,106327,1.681908e-09,106327,106327,0.000031,0.000031,2.6483e-02
dev-corpus-04,3337,825,4.814840e-06,825,825,0.014075,0.013769,8.3574e-02
dev-corpus-04,3338,108,1.065534e-06,107,107,2.594455,2.593911,2.0648e-02
dev-corpus-04,3339,144,1.457987e-06,144,144,0.069429,0.069865,3.5244e-02
dev-corpus-04,3340,236865,1.428417e-07,1508,1508,3.014222,3.012020,2.0921e-02
dev-corpus-04,3341,1265,1.914963e-06,3729,3729,6.680856,6.679636,2.8694e-02
dev-corpus-04,3342,236761,8.260572e-07,4917,4917,1.901583,1.898521,1.4337e-02
dev-corpus-04,3343,5088,8.564038e-07,5088,5088,0.521977,0.522855,3.9150e-02
dev-corpus-04,3344,2086,5.968177e-07,2086,2086,0.451921,0.451110,1.9663e-02
dev-corpus-04,3345,563,2.379772e-07,563,563,0.265823,0.265525,1.7399e-02
dev-corpus-04,3346,506,3.971997e-06,1456,1456,1.865727,1.864333,2.1958e-02
dev-corpus-04,3347,3678,1.368717e-06,3678,3678,0.601437,0.600175,2.4151e-02
dev-corpus-04,3348,3355,4.598555e-07,3355,3355,0.226992,0.226672,2.5817e-02
dev-corpus-04,3349,2086,3.224814e-08,2425,2425,2.443865,2.444630,1.7810e-02
dev-corpus-04,3350,236761,1.741211e-06,1456,1456,4.803155,4.803405,1.9006e-02
dev-corpus-04,3351,1265,8.681013e-08,107,107,9.358288,9.359563,2.1207e-02
dev-corpus-04,3352,236761,6.935539e-07,236761,236761,0.081916,0.081579,2.4528e-02
dev-corpus-04,3353,5088,3.499941e-08,5088,5088,0.004670,0.004663,2.7981e-02
dev-corpus-04,3354,236779,4.552843e-09,2086,2086,6.535086,6.536784,2.3249e-02
dev-corpus-04,3355,2086,7.140885e-09,2086,2086,0.003038,0.003038,2.1526e-02
dev-corpus-04,3356,563,1.560000e-07,563,563,0.050579,0.050517,1.6247e-02
dev-corpus-04,3357,107,3.533260e-07,506,506,5.240603,5.234988,2.0785e-02
dev-corpus-04,3358,144,1.042525e-06,144,144,0.001515,0.001571,9.7121e-02
dev-corpus-04,3359,236865,1.834942e-06,236865,236865,0.042868,0.042985,5.6634e-02
dev-corpus-04,3360,5225,8.574535e-07,506,506,12.847544,12.851281,2.0989e-02
dev-corpus-04,3361,3355,1.197220e-06,3355,3355,0.176410,0.177050,2.1164e-02
dev-corpus-04,3362,2425,2.890215e-07,2086,2086,2.261081,2.263302,1.4616e-02
dev-corpus-04,3363,618,1.156600e-06,236761,236761,8.403646,8.402293,1.6553e-02
dev-corpus-04,3364,1388,2.177262e-06,6185,6185,7.715753,7.719511,1.7204e-02
dev-corpus-04,3365,618,1.237286e-07,236761,236761,3.236452,3.234588,1.5939e-02
dev-corpus-04,3366,506,1.648476e-06,506,506,0.643399,0.642578,3.2609e-02
dev-corpus-04,3367,1237,2.425634e-06,886,886,8.168238,8.173073,4.0340e-02
dev-corpus-04,3368,9299,9.235272e-07,9299,9299,1.232187,1.232371,2.1386e-02
dev-corpus-04,3369,9176,3.563221e-06,236761,236761,2.029933,2.032430,1.9795e-02
dev-corpus-04,3370,236761,6.119987e-08,236761,236761,0.058195,0.058234,1.7052e-02
dev-corpus-04,3371,107,4.724179e-08,107,107,0.039115,0.039054,1.7229e-02
dev-corpus-04,3372,144,2.525986e-09,144,144,0.000577,0.000578,1.9523e-02
dev-corpus-04,3373,1508,6.118231e-07,1508,1508,0.401958,0.402712,2.4512e-02
dev-corpus-04,3374,236761,3.303518e-07,236761,236761,0.026263,0.026131,2.2742e-02
dev-corpus-04,3375,5088,1.312722e-08,5088,5088,0.001620,0.001617,2.3872e-02
dev-corpus-04,3376,236779,1.193931e-08,2086,2086,3.952519,3.953451,2.6561e-02
dev-corpus-04,3377,2086,6.122307e-10,2086,2086,0.000185,0.000184,1.6619e-02
dev-corpus-04,3378,578,1.698124e-10,578,578,0.001553,0.001553,1.4241e-02
dev-corpus-04,3379,3355,4.879306e-08,3355,3355,0.024234,0.024198,2.1404e-02
dev-corpus-04,3380,2086,1.752050e-09,2086,2086,0.000022,0.000022,5.3707e-02
dev-corpus-04,3381,108,5.606851e-07,108,108,0.310372,0.310992,2.1558e-02
dev-corpus-04,3382,144,1.924546e-06,144,144,0.178249,0.179085,2.2634e-02
dev-corpus-04,3383,2478,5.063942e-08,1508,1508,10.523945,10.517992,2.1204e-02
dev-corpus-04,3384,578,1.056197e-06,236779,236779,1.969078,1.972601,1.5811e-02
dev-corpus-04,3385,2307,2.653317e-06,23219,23219,1.767035,1.762531,4.3223e-02
dev-corpus-04,3386,236761,3.862946e-07,236761,236761,0.323555,0.323677,1.1559e-02
dev-corpus-04,3387,236752,3.009310e-06,18016,18016,1.699797,1.703760,1.8636e-02
dev-corpus-04,3388,4017,7.776633e-10,4017,4017,0.002099,0.002100,1.5149e-02
dev-corpus-04,3389,236769,3.692762e-10,236769,236769,0.000320,0.000320,1.7352e-02
dev-corpus-04,3390,5088,3.776285e-06,5088,5088,0.239362,0.238124,3.1292e-02
dev-corpus-04,3391,2086,2.576587e-08,2086,2086,0.004974,0.004990,3.5044e-02
dev-corpus-04,3392,236764,1.127402e-07,236764,236764,0.014142,0.014091,2.0900e-02
dev-corpus-04,3393,518,1.145500e-09,518,518,0.000148,0.000149,2.5563e-02
dev-corpus-04,3394,39957,3.000272e-09,39957,39957,0.000183,0.000184,2.1108e-02
dev-corpus-04,3395,236771,1.522484e-07,236771,236771,0.286903,0.287221,2.0220e-02
dev-corpus-04,3396,1606,4.900606e-09,1606,1606,0.001944,0.001941,1.6165e-02
dev-corpus-04,3397,107,1.463720e-06,108,108,1.054526,1.052228,1.6598e-02
dev-corpus-04,3398,144,8.007784e-07,144,144,0.106516,0.106934,2.3357e-02
dev-corpus-04,3399,1508,7.247921e-07,1508,1508,0.092345,0.092610,2.2128e-02
dev-corpus-04,3400,4917,9.269910e-07,4917,4917,0.014732,0.014899,2.4140e-02
dev-corpus-04,3401,6499,1.887997e-06,2478,2478,1.707937,1.710719,2.2284e-02
dev-corpus-04,3402,236761,2.055272e-07,236761,236761,0.010827,0.010762,2.0832e-02
dev-corpus-04,3403,6010,1.120950e-06,6010,6010,0.032727,0.032516,1.7234e-02
dev-corpus-04,3404,236769,1.508917e-10,236769,236769,0.000067,0.000067,1.6433e-02
dev-corpus-04,3405,2478,4.407062e-08,2478,2478,0.003463,0.003448,3.0910e-02
dev-corpus-04,3406,236761,5.348184e-08,236768,236768,7.264994,7.258184,2.6740e-02
dev-corpus-04,3407,20905,2.553305e-08,236752,236752,16.170914,16.174708,2.3510e-02
dev-corpus-04,3408,236769,1.693640e-09,236769,236769,0.000561,0.000560,2.3743e-02
dev-corpus-04,3409,3849,1.041499e-05,9336,9336,12.704113,12.710944,2.7001e-02
dev-corpus-04,3410,236779,4.811498e-06,236784,236784,2.738125,2.738542,2.0879e-02
dev-corpus-04,3411,236810,4.301901e-07,5127,5127,13.665291,13.667703,1.8175e-02
dev-corpus-04,3412,236780,5.141924e-06,1223,1223,14.685071,14.681052,3.7336e-02
dev-corpus-04,3413,1223,3.763594e-06,1223,1223,0.443954,0.445853,2.0912e-02
dev-corpus-04,3414,107,3.776731e-06,107,107,0.098271,0.097440,2.4050e-02
dev-corpus-04,3415,144,7.911502e-10,144,144,0.000988,0.000988,1.6272e-02
dev-corpus-04,3416,1508,2.668960e-08,1508,1508,0.005934,0.005948,1.8132e-02
dev-corpus-04,3417,4917,5.503507e-09,4917,4917,0.000876,0.000879,2.9408e-02
dev-corpus-04,3418,3859,4.119478e-07,3859,3859,0.040533,0.040349,2.9994e-02
dev-corpus-04,3419,236761,9.949166e-10,236761,236761,0.000067,0.000066,1.7713e-02
dev-corpus-04,3420,6010,2.639468e-09,6010,6010,0.000267,0.000266,2.0020e-02
dev-corpus-04,3421,236769,1.472505e-10,236769,236769,0.000064,0.000064,1.5482e-02
dev-corpus-04,3422,2478,6.155943e-07,2478,2478,0.008706,0.008806,3.1314e-02
dev-corpus-04,3423,236761,3.868789e-08,236761,236761,0.001019,0.001011,2.1082e-02
dev-corpus-04,3424,20905,7.948397e-08,20905,20905,0.001203,0.001216,3.2787e-02
dev-corpus-04,3425,236769,5.858210e-13,236769,236769,0.000000,0.000000,1.2388e-02
dev-corpus-04,3426,3849,1.469561e-11,3849,3849,0.000001,0.000001,2.0431e-02
dev-corpus-04,3427,236779,3.442938e-12,236779,236779,0.000002,0.000002,1.7416e-02
dev-corpus-04,3428,236800,1.520573e-10,236810,236810,13.837434,13.834222,1.7238e-02
dev-corpus-04,3429,236825,2.013866e-06,236780,236780,6.082960,6.078065,2.1787e-02
dev-corpus-04,3430,1223,3.797140e-08,1223,1223,0.001317,0.001322,2.8470e-02
dev-corpus-04,3431,107,9.836866e-07,108,108,1.720916,1.723574,1.9326e-02
dev-corpus-04,3432,144,3.890512e-07,2717,2717,1.200707,1.201458,2.0925e-02
dev-corpus-04,3433,584,3.146600e-07,1508,1508,7.051100,7.051837,1.6015e-02
dev-corpus-04,3434,11683,7.606659e-07,1265,1265,13.672938,13.670471,2.7065e-02
dev-corpus-04,3435,563,4.796443e-07,563,563,0.373979,0.374631,2.0549e-02
dev-corpus-04,3436,711,5.286839e-07,711,711,0.036730,0.036927,1.8021e-02
dev-corpus-04,3437,5450,6.445691e-10,5450,5450,0.000196,0.000196,1.5625e-02
dev-corpus-04,3438,236787,2.137599e-10,236787,236787,0.002553,0.002552,1.3956e-02
dev-corpus-04,3439,107,2.268592e-10,107,107,0.000130,0.000130,2.0844e-02
dev-corpus-04,3440,148,1.609696e-09,148,148,0.000656,0.000656,1.9748e-02
dev-corpus-04,3441,1508,4.972419e-08,1508,1508,0.016494,0.016524,1.7688e-02
dev-corpus-04,3442,236761,1.140963e-08,4917,4917,4.429348,4.430709,1.7292e-02
dev-corpus-04,3443,6010,2.592803e-07,8466,8466,3.701441,3.698403,2.0653e-02
dev-corpus-04,3444,236769,9.616781e-09,236769,236769,0.001163,0.001164,2.4033e-02
dev-corpus-04,3445,8466,9.576810e-09,8466,8466,0.000569,0.000571,2.4715e-02
dev-corpus-04,3446,236768,5.826751e-08,236768,236768,0.011839,0.011869,1.7037e-02
dev-corpus-04,3447,108,1.866190e-07,108,108,0.584682,0.584886,2.3888e-02
dev-corpus-04,3448,140,1.476329e-06,140,140,0.441204,0.442316,2.2362e-02
dev-corpus-04,3449,236940,1.782354e-06,236865,236865,5.812532,5.810906,1.5357e-02
dev-corpus-04,3450,12363,4.648213e-08,12363,12363,0.071831,0.071811,1.7631e-02
dev-corpus-04,3451,107,8.949191e-11,107,107,0.000051,0.000051,1.6279e-02
dev-corpus-04,3452,140,4.647282e-09,140,140,0.000764,0.000762,1.5725e-02
dev-corpus-04,3453,2063,1.008371e-06,2063,2063,0.003114,0.003188,3.0098e-02
dev-corpus-04,3454,1463,2.201607e-06,23219,23219,7.242011,7.246270,2.8853e-02
dev-corpus-04,3455,236769,3.839006e-10,236769,236769,0.000206,0.000205,1.2434e-02
dev-corpus-04,3456,1508,1.398499e-10,1508,1508,0.000019,0.000019,1.6383e-02
dev-corpus-04,3457,1473,2.531700e-08,1473,1473,0.000828,0.000835,3.5266e-02
dev-corpus-04,3458,107,2.688133e-09,107,107,0.000336,0.000335,2.1340e-02
dev-corpus-04,3459,144,7.245688e-10,144,144,0.000177,0.000177,1.6859e-02
dev-corpus-04,3460,584,7.780436e-08,2060,2060,5.604828,5.604707,1.1966e-02
dev-corpus-04,3461,1265,2.131911e-07,1265,1265,0.117960,0.117863,2.3475e-02
dev-corpus-04,3462,4917,1.081735e-08,4917,4917,0.011666,0.011651,1.2449e-02
dev-corpus-04,3463,8951,6.421573e-06,8951,8951,0.910208,0.909413,2.5735e-02
dev-corpus-04,3464,552,5.186124e-11,552,552,0.000001,0.000001,1.9505e-02
dev-corpus-04,3465,236787,8.806680e-09,236787,236787,0.062805,0.062796,2.3425e-02
dev-corpus-04,3466,107,6.965600e-09,107,107,0.001509,0.001513,1.5339e-02
dev-corpus-04,3467,148,1.025201e-09,148,148,0.000201,0.000200,1.2882e-02
dev-corpus-04,3468,2060,5.628515e-09,2060,2060,0.002043,0.002043,1.3236e-02
dev-corpus-04,3469,1265,1.898905e-06,517,517,3.010658,3.008910,1.9977e-02
dev-corpus-04,3470,4917,1.541567e-07,4917,4917,0.012307,0.012246,3.3102e-02
dev-corpus-04,3471,8951,2.069872e-07,8951,8951,0.025518,0.025462,2.7874e-02
dev-corpus-04,3472,552,6.635474e-11,552,552,0.000026,0.000026,1.0812e-02
dev-corpus-04,3473,236761,4.046683e-08,107,107,4.630978,4.632037,1.4205e-02
dev-corpus-04,3474,1201,2.927835e-08,1201,1201,0.003430,0.003442,1.9938e-02
dev-corpus-04,3475,107,1.788301e-08,107,107,0.008575,0.008580,1.8393e-02
dev-corpus-04,3476,144,3.589853e-10,144,144,0.000086,0.000086,1.4155e-02
dev-corpus-04,3477,4454,1.532392e-06,2060,2060,6.316299,6.319330,1.4616e-02
dev-corpus-04,3478,236787,2.756429e-12,236787,236787,0.000001,0.000001,1.3872e-02
dev-corpus-04,3479,107,5.565131e-10,107,107,0.000512,0.000513,1.5525e-02
dev-corpus-04,3480,148,1.847640e-07,144,144,7.543134,7.569636,2.8879e-02
dev-corpus-04,3481,2060,9.245515e-07,2060,2060,0.092342,0.092764,1.4563e-02
dev-corpus-04,3482,517,6.715497e-08,1265,1265,2.817317,2.817721,2.2681e-02
dev-corpus-04,3483,236775,1.327198e-06,27658,27658,1.086644,1.085458,1.8868e-02
dev-corpus-04,3484,8951,4.160025e-08,42025,42025,3.718132,3.718052,2.6820e-02
dev-corpus-04,3485,552,1.281140e-10,552,552,0.000057,0.000057,1.5929e-02
dev-corpus-04,3486,82988,4.629895e-08,82988,82988,0.275075,0.275194,1.1620e-02
dev-corpus-04,3487,1508,4.315841e-08,1508,1508,0.007711,0.007733,2.0247e-02
dev-corpus-04,3488,4917,1.223602e-08,236761,236761,1.130493,1.130717,2.2820e-02
dev-corpus-04,3489,3859,2.396817e-05,106327,106327,1.884709,1.887157,4.5251e-02
dev-corpus-04,3490,236761,1.070679e-08,236761,236761,0.004195,0.004190,1.6594e-02
dev-corpus-04,3491,1201,1.904124e-07,1201,1201,0.010555,0.010499,2.2252e-02
dev-corpus-04,3492,10623,2.022266e-07,10623,10623,0.014111,0.014038,2.0370e-02
dev-corpus-04,3493,108,1.164109e-07,108,108,0.101413,0.101274,2.2398e-02
dev-corpus-04,3494,140,3.251746e-08,140,140,0.037964,0.037982,2.3854e-02
dev-corpus-04,3495,2063,8.818893e-07,236940,236940,1.777899,1.779769,2.0760e-02
dev-corpus-04,3496,4610,1.654866e-06,668,668,3.291684,3.287525,2.8306e-02
dev-corpus-04,3497,236769,5.375399e-10,236769,236769,0.000280,0.000279,1.4867e-02
dev-corpus-04,3498,1508,7.585523e-12,1508,1508,0.000003,0.000003,1.3472e-02
dev-corpus-04,3499,236764,3.818331e-11,236764,236764,0.000003,0.000003,2.5009e-02
dev-corpus-04,3500,11683,8.717813e-08,11683,11683,0.212457,0.212258,1.8970e-02
dev-corpus-04,3501,1473,5.792963e-08,1473,1473,0.005651,0.005643,2.1808e-02
dev-corpus-04,3502,107,1.816309e-10,107,107,0.000104,0.000104,1.6104e-02
dev-corpus-04,3503,144,8.155342e-09,144,144,0.000326,0.000324,1.7754e-02
dev-corpus-04,3504,12234,4.699734e-07,584,584,5.517124,5.517006,2.0671e-02
dev-corpus-04,3505,28923,1.957487e-06,107,107,6.098128,6.104849,1.7935e-02
dev-corpus-04,3506,1262,4.429826e-07,1262,1262,0.144517,0.144525,1.6787e-02
dev-corpus-04,3507,699,9.342261e-07,1131,1131,13.673764,13.679533,2.1794e-02
dev-corpus-04,3508,11683,4.179394e-06,11683,11683,0.208420,0.207162,2.9658e-02
dev-corpus-04,3509,1131,1.219597e-07,1131,1131,0.184502,0.184423,1.4173e-02
dev-corpus-04,3510,672,2.479139e-07,506,506,3.995380,4.000103,2.3475e-02
dev-corpus-04,3511,214135,4.300004e-07,208596,208596,5.466236,5.469213,2.0428e-02
dev-corpus-04,3512,2495,1.461551e-07,2495,2495,0.043212,0.043261,1.1659e-02
dev-corpus-04,3513,29738,1.484624e-08,29738,29738,0.050768,0.050798,1.4656e-02
dev-corpus-04,3514,107,1.404188e-10,107,107,0.000218,0.000218,1.7295e-02
dev-corpus-04,3515,144,7.814930e-10,144,144,0.000130,0.000129,2.1192e-02
dev-corpus-04,3516,4393,1.895991e-07,584,584,19.680645,19.675702,1.5800e-02
dev-corpus-04,3517,578,7.166825e-06,578,578,0.420120,0.422396,1.0740e-02
dev-corpus-04,3518,1265,4.199793e-08,1265,1265,0.015270,0.015276,1.7613e-02
dev-corpus-04,3519,4917,1.788564e-07,4917,4917,0.087760,0.087869,1.7727e-02
dev-corpus-04,3520,8951,8.690390e-08,6499,6499,3.816352,3.818612,2.2967e-02
dev-corpus-04,3521,552,3.838042e-11,552,552,0.000008,0.000008,1.4981e-02
dev-corpus-04,3522,653,2.076396e-07,107,107,6.187780,6.190180,1.1376e-02
dev-corpus-04,3523,1265,8.673170e-08,1265,1265,0.009027,0.009057,2.3707e-02
dev-corpus-04,3524,4917,2.083131e-06,107,107,1.465043,1.462880,2.3459e-02
dev-corpus-04,3525,3859,4.429145e-06,3859,3859,0.483635,0.481649,3.7864e-02
dev-corpus-04,3526,107,2.330264e-08,107,107,0.024091,0.024090,1.7450e-02
dev-corpus-04,3527,144,4.246394e-11,144,144,0.000011,0.000011,1.0457e-02
dev-corpus-04,3528,4393,1.387170e-06,4393,4393,0.088405,0.087953,3.4865e-02
dev-corpus-04,3529,236761,2.966200e-11,236761,236761,0.000005,0.000005,2.2595e-02
dev-corpus-04,3530,6010,2.783314e-12,6010,6010,0.000000,0.000000,1.9569e-02
dev-corpus-04,3531,236769,1.075766e-11,236769,236769,0.000006,0.000006,1.6633e-02
dev-corpus-04,3532,8466,6.816161e-10,8466,8466,0.000214,0.000213,2.3307e-02
dev-corpus-04,3533,236768,1.947877e-09,236768,236768,0.000575,0.000573,2.6714e-02
dev-corpus-04,3534,108,2.873497e-07,108,108,0.038821,0.038677,2.3696e-02
dev-corpus-04,3535,140,8.242496e-08,140,140,0.048356,0.048288,2.5152e-02
dev-corpus-04,3536,2063,1.338200e-06,2063,2063,0.113313,0.113878,2.4133e-02
dev-corpus-04,3537,4865,3.676598e-06,23219,23219,5.690446,5.686333,2.3875e-02
dev-corpus-04,3538,236769,5.593846e-09,236769,236769,0.003255,0.003249,1.3793e-02
dev-corpus-04,3539,1508,2.677402e-11,1508,1508,0.000004,0.000004,1.3275e-02
dev-corpus-04,3540,1473,1.376815e-08,1473,1473,0.008189,0.008204,1.8407e-02
dev-corpus-04,3541,107,2.501661e-11,107,107,0.000017,0.000017,1.5643e-02
dev-corpus-04,3542,144,6.237173e-09,144,144,0.000107,0.000106,2.4866e-02
dev-corpus-04,3543,12234,1.000833e-07,12234,12234,0.020667,0.020609,2.6808e-02
dev-corpus-04,3544,13293,4.425185e-08,13293,13293,0.284477,0.284511,1.3786e-02
dev-corpus-04,3545,496,1.129964e-08,496,496,0.025894,0.025872,1.0702e-02
dev-corpus-04,3546,7732,1.629267e-07,4865,4865,12.069482,12.070243,1.3204e-02
dev-corpus-04,3547,4865,4.150160e-08,4865,4865,0.130537,0.130518,1.2807e-02
dev-corpus-04,3548,529,4.060250e-09,529,529,0.002124,0.002127,1.1913e-02
dev-corpus-04,3549,672,1.565230e-07,672,672,0.048968,0.049063,1.5462e-02
dev-corpus-04,3550,214135,1.569140e-06,2495,2495,1.369181,1.366297,3.6178e-02
dev-corpus-04,3551,2495,1.871182e-09,2495,2495,0.000472,0.000473,1.4391e-02
dev-corpus-04,3552,236761,2.760198e-08,29738,29738,6.831807,6.832958,1.5106e-02
dev-corpus-04,3553,108,1.090785e-06,107,107,4.993809,4.997101,1.9348e-02
dev-corpus-04,3554,144,9.308244e-10,144,144,0.000233,0.000233,1.9391e-02
dev-corpus-04,3555,2267,6.472700e-06,2094,2094,8.263235,8.261615,2.1765e-02
dev-corpus-04,3556,4610,6.536959e-07,208596,208596,8.167743,8.165363,2.6382e-02
dev-corpus-04,3557,531,8.138483e-07,531,531,0.423481,0.422888,1.4470e-02
dev-corpus-04,3558,672,2.098800e-07,506,506,4.037351,4.039492,1.6258e-02
dev-corpus-04,3559,4865,2.540493e-06,4865,4865,0.350322,0.348883,2.0698e-02
dev-corpus-04,3560,2810,2.677140e-07,795,795,4.985861,4.987176,1.5582e-02
dev-corpus-04,3561,236789,5.248466e-09,236789,236789,0.000602,0.000600,1.7127e-02
dev-corpus-04,3562,236745,1.326632e-12,236745,236745,0.000001,0.000001,1.4109e-02
dev-corpus-04,3563,4208,1.427889e-09,4208,4208,0.001504,0.001502,1.0997e-02
dev-corpus-04,3564,506,4.039591e-07,506,506,0.418403,0.417757,1.2236e-02
dev-corpus-04,3565,3303,1.403585e-08,3303,3303,0.008698,0.008689,1.3944e-02
dev-corpus-04,3566,2495,2.421140e-07,236761,236761,1.208860,1.208478,1.8171e-02
dev-corpus-04,3567,236761,1.100503e-07,236761,236761,0.437639,0.437366,1.6329e-02
dev-corpus-04,3568,107,6.518630e-09,107,107,0.017740,0.017728,2.4272e-02
dev-corpus-04,3569,144,3.943612e-10,144,144,0.000059,0.000059,2.2010e-02
dev-corpus-04,3570,12234,2.702359e-09,12234,12234,0.000547,0.000546,1.8425e-02
dev-corpus-04,3571,107,2.017809e-11,107,107,0.000009,0.000009,1.5051e-02
dev-corpus-04,3572,144,6.428703e-10,144,144,0.000045,0.000045,1.6833e-02
dev-corpus-04,3573,236865,3.273220e-06,2060,2060,2.103861,2.104898,1.5392e-02
dev-corpus-04,3574,9861,2.963884e-06,1174,1174,8.787575,8.792777,2.5249e-02
dev-corpus-04,3575,5062,8.739682e-07,506,506,3.534410,3.537628,2.5488e-02
dev-corpus-04,3576,1951,2.166139e-06,2949,2949,2.131766,2.126361,1.9069e-02
dev-corpus-04,3577,1269,2.767710e-10,1269,1269,0.000295,0.000295,1.3433e-02
dev-corpus-04,3578,5467,3.041734e-07,531,531,4.794187,4.792436,1.5704e-02
dev-corpus-04,3579,531,1.341641e-07,531,531,0.068057,0.067961,1.5668e-02
dev-corpus-04,3580,5571,4.019660e-07,37608,37608,1.581518,1.582326,1.3947e-02
dev-corpus-04,3581,506,1.804915e-06,11687,11687,4.641543,4.641334,2.1425e-02
dev-corpus-04,3582,11162,5.178964e-06,5062,5062,9.604505,9.603720,2.4782e-02
dev-corpus-04,3583,5062,4.524287e-07,46723,46723,2.597356,2.594529,1.1830e-02
dev-corpus-05,3584,107,1.967354e-05,236858,236858,12.910968,12.887547,3.9844e-02
dev-corpus-05,3585,98,3.366150e-05,9731,9731,16.071222,16.070959,4.9571e-02
dev-corpus-05,3586,107,3.911496e-05,100,100,10.145204,10.148216,4.9635e-02
dev-corpus-05,3587,106,4.826222e-05,100,100,10.332727,10.339134,5.7989e-02
dev-corpus-05,3588,107,1.185718e-04,14585,14585,9.259858,9.248242,1.4180e-01
dev-corpus-05,3589,105,9.682421e-06,140,140,20.202100,20.214279,4.6481e-02
dev-corpus-05,3590,2364,8.350140e-06,198,198,30.078230,30.068567,2.3144e-01
dev-corpus-05,3591,107,2.170919e-04,3004,42168,13.152595,13.162068,8.6840e-02
dev-corpus-05,3592,82858,1.392225e-05,100,100,19.511614,19.534555,5.7358e-02
dev-corpus-05,3593,496,7.619904e-06,506,506,3.261577,3.262765,3.8847e-02
dev-corpus-05,3594,54817,2.298776e-06,8317,8317,13.427106,13.430795,2.8188e-02
dev-corpus-05,3595,8317,1.693932e-06,5371,5371,3.365010,3.364076,3.4187e-02
dev-corpus-05,3596,529,6.157240e-06,528,528,7.838895,7.841012,3.0964e-02
dev-corpus-05,3597,496,1.513544e-06,496,496,0.462812,0.462310,2.7963e-02
dev-corpus-05,3598,199559,3.407227e-06,2872,2872,9.752618,9.749726,3.2555e-02
dev-corpus-05,3599,236764,3.841248e-06,6514,6514,12.666757,12.659641,2.8825e-02
dev-corpus-05,3600,51837,4.011002e-06,6927,6927,2.175718,2.172690,3.7215e-02
dev-corpus-05,3601,236764,3.057051e-06,6514,6514,4.035942,4.040347,3.1662e-02
dev-corpus-05,3602,27045,1.258076e-05,6514,6514,11.947893,11.939510,3.1353e-02
dev-corpus-05,3603,3316,2.535053e-07,3316,3316,0.044643,0.044686,3.2963e-02
dev-corpus-05,3604,22658,1.819681e-06,22658,22658,1.648339,1.647771,2.8764e-02
dev-corpus-05,3605,529,9.784830e-07,236761,236761,8.168212,8.168460,2.7736e-02
dev-corpus-05,3606,80814,4.479141e-06,1331,1331,10.153930,10.154855,2.7153e-02
dev-corpus-05,3607,532,5.948961e-08,9732,9732,16.027856,16.028971,2.4700e-02
dev-corpus-05,3608,72211,4.499498e-07,72211,72211,0.334890,0.334613,2.9773e-02
dev-corpus-05,3609,7010,2.192545e-07,9732,9732,2.112375,2.112603,3.2591e-02
dev-corpus-05,3610,24048,2.690171e-07,236761,236761,12.650134,12.645701,2.7645e-02
dev-corpus-05,3611,506,2.262030e-06,496,496,2.444165,2.443242,3.2895e-02
dev-corpus-05,3612,36757,2.197624e-06,26334,26334,13.218916,13.224818,3.8174e-02
dev-corpus-05,3613,7492,1.721786e-06,4135,4135,1.998191,1.996383,2.8812e-02
dev-corpus-05,3614,529,1.447385e-06,529,529,0.784437,0.782685,2.2928e-02
dev-corpus-05,3615,23755,1.580149e-06,614,614,7.675208,7.683013,2.4476e-02
dev-corpus-05,3616,12512,1.394212e-06,12498,12498,2.372466,2.373451,2.3890e-02
dev-corpus-05,3617,236761,3.453707e-07,236761,236761,0.217411,0.217544,2.6983e-02
dev-corpus-05,3618,106,9.037166e-07,108,108,6.534866,6.529767,4.7196e-02
dev-corpus-05,3619,107,4.973959e-07,100,100,17.464537,17.492812,6.9319e-02
dev-corpus-05,3620,105,1.864110e-05,100,100,18.736903,18.735091,4.8458e-02
dev-corpus-05,3621,4368,1.840551e-05,7243,7243,25.993161,25.971321,7.2348e-02
dev-corpus-05,3622,107,1.919787e-07,100,100,11.597520,11.608183,4.3441e-02
dev-corpus-05,3623,902,9.761606e-10,100,100,13.393728,13.393480,3.0481e-02
dev-corpus-05,3624,496,1.774588e-08,506,506,4.062868,4.061725,1.8786e-02
dev-corpus-05,3625,217516,1.624069e-06,144735,144735,8.853139,8.854391,2.4272e-02
dev-corpus-05,3626,10035,1.007020e-07,10035,10035,0.039648,0.039708,1.7377e-02
dev-corpus-05,3627,236764,2.241713e-06,236764,236764,0.993501,0.995353,2.0993e-02
dev-corpus-05,3628,51837,7.509276e-07,144735,144735,12.067210,12.068749,2.2843e-02
dev-corpus-05,3629,16971,2.299377e-06,144735,144735,7.905905,7.910109,2.3493e-02
dev-corpus-05,3630,2978,1.948781e-06,18782,18782,10.992607,10.989143,2.2970e-02
dev-corpus-05,3631,607,2.644098e-07,236764,236764,11.117678,11.113265,1.9169e-02
dev-corpus-05,3632,496,1.367834e-06,11595,11595,5.428033,5.432253,2.7215e-02
dev-corpus-05,3633,12625,1.266055e-06,39372,39372,6.924162,6.924426,3.1396e-02
dev-corpus-05,3634,2633,1.630519e-07,6413,6413,15.306798,15.313017,2.3203e-02
dev-corpus-05,3635,528,2.218263e-06,204849,204849,5.776794,5.783277,2.2512e-02
dev-corpus-05,3636,506,9.019291e-07,506,506,0.261380,0.262114,1.6669e-02
dev-corpus-05,3637,3988,1.191670e-08,3988,3988,0.004034,0.004028,1.2685e-02
dev-corpus-05,3638,236764,5.040692e-08,236764,236764,0.025524,0.025571,1.9745e-02
dev-corpus-05,3639,496,9.420653e-07,506,506,0.811463,0.810474,3.0956e-02
dev-corpus-05,3640,2299,2.811827e-06,22658,22658,4.007390,4.001861,2.9375e-02
dev-corpus-05,3641,529,2.039826e-08,529,529,0.002364,0.002355,1.7456e-02
dev-corpus-05,3642,72211,5.767860e-06,9732,9732,3.540165,3.541550,2.6786e-02
dev-corpus-05,3643,7010,1.579973e-07,532,532,3.374481,3.371541,2.0016e-02
dev-corpus-05,3644,9922,1.166123e-06,21508,21508,13.344616,13.340754,2.0158e-02
dev-corpus-05,3645,101618,1.152008e-06,7274,7274,4.274288,4.274327,2.7948e-02
dev-corpus-05,3646,607,2.170588e-06,529,529,7.640384,7.641476,3.6628e-02
dev-corpus-05,3647,506,5.071124e-06,52996,52996,3.241009,3.236853,3.5634e-02
dev-corpus-05,3648,1494,2.085949e-06,143091,143091,5.789903,5.787173,2.6736e-02
dev-corpus-05,3649,14744,1.096188e-06,138361,138361,15.211332,15.204132,2.9651e-02
dev-corpus-05,3650,3295,1.225590e-06,143091,143091,6.925603,6.923468,3.0541e-02
dev-corpus-05,3651,659,1.028759e-05,236789,236789,6.516670,6.517315,5.1424e-02
dev-corpus-05,3652,8101,3.322917e-07,21508,21508,7.679961,7.684274,2.2856e-02
dev-corpus-05,3653,2101,1.210727e-06,236764,236764,1.950008,1.950530,2.3950e-02
dev-corpus-05,3654,496,1.767321e-06,625,625,2.112191,2.115617,2.4548e-02
dev-corpus-05,3655,2455,9.113661e-07,39622,39622,6.108545,6.107541,3.1791e-02
dev-corpus-05,3656,16971,6.418868e-07,236764,236764,6.538139,6.544067,2.4792e-02
dev-corpus-05,3657,2633,3.046423e-06,93617,93617,3.266575,3.271387,3.3941e-02
dev-corpus-05,3658,580,1.803417e-06,236761,236761,9.263812,9.260648,2.6289e-02
dev-corpus-05,3659,614,4.352160e-07,837,837,4.474400,4.473309,2.4076e-02
dev-corpus-05,3660,23464,1.552856e-06,226956,226956,1.538414,1.539883,2.5931e-02
dev-corpus-05,3661,5058,2.744615e-07,5058,5058,0.528015,0.527834,2.1529e-02
dev-corpus-05,3662,177689,1.363621e-07,236761,236761,14.657770,14.659448,1.9060e-02
dev-corpus-05,3663,236761,6.203735e-07,607,607,3.701573,3.701390,1.7559e-02
dev-corpus-05,3664,669,2.483513e-07,669,669,0.109910,0.109989,2.5789e-02
dev-corpus-05,3665,3295,1.121280e-06,2634,2634,6.756809,6.756225,3.2022e-02
dev-corpus-05,3666,659,6.651736e-07,659,659,0.776956,0.777655,2.0528e-02
dev-corpus-05,3667,9922,2.392997e-06,784,784,3.316459,3.314814,4.3917e-02
dev-corpus-05,3668,80814,8.851394e-07,3572,3572,5.802335,5.803866,3.0524e-02
dev-corpus-05,3669,40898,3.198385e-06,40898,40898,1.316263,1.315129,2.8160e-02
dev-corpus-05,3670,5896,6.972618e-10,5896,5896,0.000078,0.000078,2.0203e-02
dev-corpus-05,3671,532,1.573829e-06,600,600,1.466188,1.466911,2.4465e-02
dev-corpus-05,3672,3572,9.889989e-07,52996,52996,2.041180,2.041001,3.5970e-02
dev-corpus-05,3673,23966,1.583957e-06,52996,52996,1.230968,1.229739,2.7891e-02
dev-corpus-05,3674,236764,1.832935e-07,236764,236764,1.137240,1.137774,2.3110e-02
dev-corpus-05,3675,1288,1.657861e-06,26175,26175,10.399621,10.400919,2.9283e-02
dev-corpus-05,3676,618,8.338988e-09,618,618,0.001502,0.001505,1.8532e-02
dev-corpus-05,3677,29222,1.814805e-06,49257,49257,3.830600,3.828473,3.9793e-02
dev-corpus-05,3678,23966,9.947737e-07,23966,23966,0.435009,0.435675,2.6879e-02
dev-corpus-05,3679,236764,1.806439e-07,532,532,0.986753,0.987094,2.6929e-02
dev-corpus-05,3680,85043,2.537386e-06,16085,16085,17.493274,17.496605,4.4239e-02
dev-corpus-05,3681,2253,3.931078e-07,2253,2253,0.049586,0.049395,3.3503e-02
dev-corpus-05,3682,23966,4.227843e-07,23966,23966,0.042874,0.042787,2.4859e-02
dev-corpus-05,3683,236764,1.004562e-07,236764,236764,0.018187,0.018215,1.8738e-02
dev-corpus-05,3684,532,1.949361e-08,532,532,0.033328,0.033299,2.1297e-02
dev-corpus-05,3685,5398,1.778298e-06,16085,16085,14.091153,14.089915,3.7712e-02
dev-corpus-05,3686,23966,1.676536e-07,23966,23966,0.038134,0.038198,3.2805e-02
dev-corpus-05,3687,236761,4.593851e-08,236764,236764,1.245384,1.245579,1.5954e-02
dev-corpus-05,3688,669,1.303021e-06,669,669,0.258757,0.259462,2.7258e-02
dev-corpus-05,3689,11661,1.159679e-06,2634,2634,1.257564,1.257597,4.9935e-02
dev-corpus-05,3690,563,1.864835e-08,563,563,0.015764,0.015769,1.6193e-02
dev-corpus-05,3691,34640,2.611539e-07,7497,7497,30.342115,30.339074,2.3811e-02
dev-corpus-05,3692,532,1.854878e-07,532,532,0.308517,0.308869,2.0252e-02
dev-corpus-05,3693,54817,1.372976e-06,7274,7274,4.124789,4.118159,2.9329e-02
dev-corpus-05,3694,618,1.475622e-07,236764,236764,7.282248,7.280462,2.1590e-02
dev-corpus-05,3695,506,4.564911e-08,901,901,1.903992,1.904152,2.9163e-02
dev-corpus-05,3696,14744,4.188822e-06,8699,8699,5.535572,5.532181,5.2074e-02
dev-corpus-05,3697,3295,6.355182e-07,3295,3295,0.636177,0.635707,3.0570e-02
dev-corpus-05,3698,2080,6.432445e-07,3249,3249,9.692523,9.692748,2.5549e-02
dev-corpus-05,3699,506,6.921830e-08,496,496,1.073906,1.073644,2.1654e-02
dev-corpus-05,3700,8699,1.386503e-07,8699,8699,0.045066,0.044979,2.0658e-02
dev-corpus-05,3701,236761,2.336485e-06,236761,236761,0.921425,0.923128,2.1888e-02
dev-corpus-05,3702,2640,6.040300e-08,108,108,9.703660,9.695857,2.1007e-02
dev-corpus-05,3703,506,1.039127e-08,506,506,0.032442,0.032442,1.9948e-02
dev-corpus-05,3704,2228,2.735666e-06,2228,2228,0.778285,0.776528,3.1832e-02
dev-corpus-05,3705,529,9.908581e-09,529,529,0.002029,0.002027,1.7016e-02
dev-corpus-05,3706,506,8.938297e-09,506,506,0.000820,0.000816,2.0086e-02
dev-corpus-05,3707,2633,1.912943e-06,2633,2633,0.436130,0.434881,2.3014e-02
dev-corpus-05,3708,236764,5.396421e-08,236764,236764,0.073261,0.073239,1.9727e-02
dev-corpus-05,3709,496,2.757697e-07,496,496,0.364591,0.364434,2.5135e-02
dev-corpus-05,3710,3875,1.545526e-06,5811,5811,4.697805,4.705708,2.8088e-02
dev-corpus-05,3711,7489,2.056319e-06,528,528,6.539227,6.537572,2.1586e-02
dev-corpus-05,3712,2797,2.481950e-06,2876,2876,14.806270,14.810959,2.6356e-02
dev-corpus-05,3713,236748,8.620456e-06,713,713,13.163694,13.165701,2.6550e-02
dev-corpus-05,3714,563,5.798430e-07,236764,236764,7.683375,7.679041,2.6979e-02
dev-corpus-05,3715,8101,2.889540e-06,199,199,4.458053,4.458541,3.1024e-02
dev-corpus-05,3716,532,1.115322e-06,236764,236764,6.108998,6.103751,2.3718e-02
dev-corpus-05,3717,25963,4.671881e-06,12259,12259,1.869416,1.867241,3.0981e-02
dev-corpus-05,3718,506,8.049947e-09,506,506,0.002630,0.002636,1.9029e-02
dev-corpus-05,3719,2299,1.017888e-06,2299,2299,1.241422,1.239864,2.6232e-02
dev-corpus-05,3720,236764,1.194680e-06,236761,236761,1.252478,1.251486,2.1699e-02
dev-corpus-05,3721,1651,1.070032e-07,1116,1116,7.044782,7.038433,1.9383e-02
dev-corpus-05,3722,3131,1.699729e-06,3496,3496,1.739411,1.741197,4.3921e-02
dev-corpus-05,3723,8937,1.456270e-06,1032,1032,5.764444,5.762266,3.6607e-02
dev-corpus-05,3724,532,5.523980e-07,3295,3295,4.356890,4.355925,2.8546e-02
dev-corpus-05,3725,8256,2.447464e-09,8256,8256,0.000618,0.000618,2.7574e-02
dev-corpus-05,3726,72211,1.310631e-06,3295,3295,2.553507,2.549832,2.9758e-02
dev-corpus-05,3727,60953,3.579138e-07,9732,9732,4.208792,4.211568,2.8524e-02
dev-corpus-05,3728,10763,2.764614e-06,659,659,3.784983,3.789331,2.7080e-02
dev-corpus-05,3729,179911,7.962164e-07,179911,179911,0.306631,0.307102,3.2033e-02
dev-corpus-05,3730,236761,1.906052e-07,236761,236761,0.339810,0.339691,2.4319e-02
dev-corpus-05,3731,108,5.433464e-07,108,108,0.566670,0.567452,2.4601e-02
dev-corpus-05,3732,902,4.609171e-07,818,818,9.270767,9.271405,2.6860e-02
dev-corpus-05,3733,506,4.344246e-07,506,506,0.059164,0.059365,1.9988e-02
dev-corpus-05,3734,1695,1.113107e-05,3988,3988,3.597941,3.603802,6.3429e-02
dev-corpus-05,3735,236764,4.849172e-08,236764,236764,0.005137,0.005116,1.9469e-02
dev-corpus-05,3736,11252,3.343799e-06,93617,93617,11.430741,11.432883,3.6210e-02
dev-corpus-05,3737,529,2.967943e-09,529,529,0.001222,0.001223,2.5687e-02
dev-corpus-05,3738,1032,3.938813e-06,39622,39622,8.460787,8.451430,5.3136e-02
dev-corpus-05,3739,72211,7.020141e-07,80814,80814,1.416517,1.416714,2.9612e-02
dev-corpus-05,3740,7010,1.926432e-06,9732,9732,0.866678,0.867514,3.9384e-02
dev-corpus-05,3741,5727,6.338792e-07,659,659,8.289060,8.289007,2.4801e-02
dev-corpus-05,3742,506,4.815834e-08,506,506,0.007954,0.007957,3.2605e-02
dev-corpus-05,3743,104569,2.207474e-06,144735,144735,7.795617,7.794899,3.9400e-02
dev-corpus-05,3744,236764,8.943660e-07,236764,236764,0.218112,0.218350,2.1930e-02
dev-corpus-05,3745,8009,5.205316e-06,910,910,7.938368,7.941831,3.4109e-02
dev-corpus-05,3746,531,3.699976e-07,531,531,0.251479,0.251026,1.9863e-02
dev-corpus-05,3747,506,8.914525e-08,506,506,0.001716,0.001699,1.6365e-02
dev-corpus-05,3748,32585,2.039455e-06,5113,5113,8.625246,8.627600,3.0452e-02
dev-corpus-05,3749,11661,4.043326e-07,532,532,3.472407,3.471792,2.4054e-02
dev-corpus-05,3750,529,2.104997e-07,236761,236761,2.082452,2.083083,2.7434e-02
dev-corpus-05,3751,506,7.075548e-07,506,506,0.092456,0.092671,3.0177e-02
dev-corpus-05,3752,22658,1.154656e-06,22658,22658,0.279592,0.280072,2.9036e-02
dev-corpus-05,3753,236761,1.913656e-07,236761,236761,0.022789,0.022881,2.2659e-02
dev-corpus-05,3754,2797,3.418507e-07,669,669,6.748658,6.736847,2.6710e-02
dev-corpus-05,3755,236748,2.349356e-10,236748,236748,0.000024,0.000024,1.8189e-02
dev-corpus-05,3756,563,1.726037e-06,26266,26266,5.440552,5.439971,2.9386e-02
dev-corpus-05,3757,139839,2.061045e-06,12259,12259,6.393694,6.395247,3.0509e-02
dev-corpus-05,3758,3043,5.330899e-07,24048,24048,7.860347,7.859396,3.3059e-02
dev-corpus-05,3759,496,9.741009e-07,1116,1116,1.492270,1.494760,2.0911e-02
dev-corpus-05,3760,1523,7.121218e-07,1523,1523,0.063052,0.062859,2.5323e-02
dev-corpus-05,3761,1003,3.156580e-07,1003,1003,0.339934,0.339521,1.9255e-02
dev-corpus-05,3762,506,2.099475e-08,506,506,0.060883,0.060880,1.9201e-02
dev-corpus-05,3763,7492,6.621314e-06,36757,36757,3.462801,3.457647,4.7867e-02
dev-corpus-05,3764,38138,1.558286e-06,529,529,2.616797,2.615436,2.1415e-02
dev-corpus-05,3765,684,6.427980e-10,684,684,0.001675,0.001674,2.5870e-02
dev-corpus-05,3766,36757,2.798370e-06,506,506,4.949304,4.955845,2.9107e-02
dev-corpus-05,3767,12512,1.834096e-06,23755,23755,3.613035,3.614669,2.6679e-02
dev-corpus-05,3768,236764,1.267546e-06,236761,236761,0.782860,0.784310,2.9392e-02
dev-corpus-05,3769,1651,2.715055e-06,1116,1116,6.751805,6.747583,3.1446e-02
dev-corpus-05,3770,886,1.723166e-07,506,506,4.316336,4.317286,3.1089e-02
dev-corpus-05,3771,529,1.681234e-07,529,529,0.093511,0.093548,2.9419e-02
dev-corpus-05,3772,506,2.579443e-09,506,506,0.002574,0.002576,1.7039e-02
dev-corpus-05,3773,72211,7.417754e-07,8937,8937,2.519314,2.521014,3.5398e-02
dev-corpus-05,3774,60953,6.204805e-07,60953,60953,0.137346,0.136963,4.3266e-02
dev-corpus-05,3775,563,3.436057e-06,236764,236764,6.516417,6.517551,3.6457e-02
dev-corpus-05,3776,3472,2.671093e-06,169055,169055,11.492551,11.493115,3.2061e-02
dev-corpus-05,3777,52060,2.269854e-06,186847,186847,2.350643,2.350969,3.7799e-02
dev-corpus-05,3778,528,6.693630e-08,4448,4448,2.454886,2.455358,2.1601e-02
dev-corpus-05,3779,532,3.658513e-07,236764,236764,5.449590,5.451368,2.4702e-02
dev-corpus-05,3780,31470,5.638207e-06,186847,186847,8.842243,8.845697,4.1978e-02
dev-corpus-05,3781,4561,1.037051e-06,4561,4561,1.289943,1.290914,2.5484e-02
dev-corpus-05,3782,236761,1.364898e-06,1003,1003,2.129698,2.132742,2.4923e-02
dev-corpus-05,3783,669,4.656893e-07,669,669,0.071208,0.071413,2.3038e-02
dev-corpus-05,3784,8317,3.046004e-06,8699,8699,4.273370,4.269748,6.6136e-02
dev-corpus-05,3785,563,2.927550e-07,563,563,0.080679,0.080805,2.2781e-02
dev-corpus-05,3786,9772,2.168924e-06,155174,155174,3.868701,3.870500,2.8716e-02
dev-corpus-05,3787,607,2.523863e-09,607,607,0.000716,0.000718,1.8743e-02
dev-corpus-05,3788,16625,4.043432e-06,506,506,10.388299,10.391626,3.4268e-02
dev-corpus-05,3789,532,6.838796e-07,236764,236764,3.778457,3.778054,2.3650e-02
dev-corpus-05,3790,21543,6.618808e-06,150692,150692,13.012196,13.008780,4.7034e-02
dev-corpus-05,3791,236764,1.051338e-06,236764,236764,0.534209,0.534568,2.5567e-02
dev-corpus-05,3792,607,1.713802e-06,618,618,3.123905,3.123252,3.0724e-02
dev-corpus-05,3793,4677,3.910791e-07,506,506,4.892154,4.890651,4.1045e-02
dev-corpus-05,3794,14076,1.363542e-06,10317,10317,5.944592,5.945970,4.6113e-02
dev-corpus-05,3795,528,4.689965e-08,528,528,0.005460,0.005475,2.4910e-02
dev-corpus-05,3796,496,5.921657e-07,506,506,3.706344,3.699826,2.7974e-02
dev-corpus-05,3797,20067,3.118360e-06,6205,6205,7.322267,7.319118,3.6417e-02
dev-corpus-05,3798,8485,4.981661e-07,8699,8699,7.301272,7.298681,2.2867e-02
dev-corpus-05,3799,1003,4.801262e-07,1003,1003,0.094941,0.095131,2.1402e-02
dev-corpus-05,3800,506,2.175678e-07,506,506,0.022346,0.022426,2.2430e-02
dev-corpus-05,3801,3402,3.110053e-06,3402,3402,1.335317,1.337028,3.5655e-02
dev-corpus-05,3802,529,1.187293e-06,529,529,0.806068,0.804946,2.6608e-02
dev-corpus-05,3803,910,2.061014e-07,910,910,0.199484,0.199617,2.4025e-02
dev-corpus-05,3804,28270,9.310410e-07,7299,7299,11.646084,11.647859,3.4379e-02
dev-corpus-05,3805,532,2.608575e-07,236761,236761,3.434082,3.433443,2.4040e-02
dev-corpus-05,3806,506,2.253603e-07,506,506,0.013980,0.014051,2.1495e-02
dev-corpus-05,3807,3853,1.768001e-06,86931,86931,11.148479,11.151289,3.6427e-02
dev-corpus-05,3808,529,7.620760e-08,529,529,0.020647,0.020673,2.3878e-02
dev-corpus-05,3809,29432,5.561235e-06,910,910,9.659307,9.658149,3.3724e-02
dev-corpus-05,3810,6332,2.309260e-06,21144,21144,7.087665,7.087542,2.9780e-02
dev-corpus-05,3811,14922,4.711970e-07,2342,2342,6.180073,6.181008,1.8475e-02
dev-corpus-05,3812,4181,5.762811e-07,22351,22351,4.312859,4.313045,2.6527e-02
dev-corpus-05,3813,236761,5.564326e-08,236761,236761,0.030615,0.030650,2.7972e-02
dev-corpus-05,3814,106,4.166148e-07,108,108,4.020554,4.017061,2.4215e-02
dev-corpus-05,3815,107,4.843791e-06,7243,7243,10.279985,10.288434,5.6988e-02
dev-corpus-05,3816,105,1.793628e-06,13513,13513,21.008408,21.010634,2.2874e-02
dev-corpus-05,3817,2364,8.008006e-06,198,198,20.402288,20.366633,7.3648e-02
dev-corpus-05,3818,107,7.040899e-06,236779,236779,2.917514,2.912756,3.3174e-02
dev-corpus-05,3819,3689,2.318855e-07,100,100,13.835946,13.835986,3.6728e-02
dev-corpus-05,3820,563,1.007352e-06,3530,3530,1.662160,1.663204,2.9388e-02
dev-corpus-05,3821,496,1.420745e-07,506,506,7.880815,7.880060,2.8254e-02
dev-corpus-05,3822,82004,1.175159e-06,919,919,24.168315,24.163452,3.2201e-02
dev-corpus-05,3823,236881,1.792266e-05,198,198,4.787180,4.775430,4.9596e-02
dev-corpus-05,3824,106,7.224877e-06,108,108,5.611606,5.613000,3.1085e-02
dev-corpus-05,3825,107,5.712244e-07,199,199,23.182203,23.160739,4.6843e-02
dev-corpus-05,3826,105,1.476186e-06,100,100,20.069767,20.075708,3.1825e-02
dev-corpus-05,3827,4368,1.058183e-04,7860,7860,15.543431,15.538355,9.9518e-02
dev-corpus-05,3828,107,2.099533e-07,100,100,5.663775,5.658736,4.6170e-02
dev-corpus-05,3829,236776,6.215820e-08,100,100,3.086814,3.088145,2.9544e-02
dev-corpus-05,3830,82004,1.357322e-09,5213,5213,1.428691,1.428618,1.6476e-02
dev-corpus-05,3831,563,3.787643e-06,563,563,0.850136,0.851045,1.8053e-02
dev-corpus-05,3832,496,3.592623e-07,496,496,0.397604,0.397021,2.1662e-02
dev-corpus-05,3833,5904,2.650660e-08,5213,5213,14.245561,14.245147,1.9205e-02
dev-corpus-05,3834,573,3.480762e-07,532,532,4.250272,4.252742,1.6941e-02
dev-corpus-05,3835,3043,4.962608e-07,43887,43887,8.404321,8.404891,2.2298e-02
dev-corpus-05,3836,532,1.497707e-07,5113,5113,6.526691,6.531236,1.7963e-02
dev-corpus-05,3837,1699,1.034491e-06,15724,15724,5.505348,5.504293,1.6580e-02
dev-corpus-05,3838,17864,1.356949e-06,13571,13571,5.670640,5.671085,1.6500e-02
dev-corpus-05,3839,1938,2.336286e-08,1262,1262,1.235703,1.235956,1.8374e-02
dev-corpus-05,3840,236761,3.213065e-08,236761,236761,0.043754,0.043779,1.2724e-02
dev-corpus-05,3841,18018,1.599372e-06,108,108,19.933536,19.940716,2.3174e-02
dev-corpus-05,3842,506,1.429409e-07,1032,1032,2.138764,2.139728,1.9326e-02
dev-corpus-05,3843,1551,2.432373e-06,1346,1346,1.592875,1.595087,2.4540e-02
dev-corpus-05,3844,22414,2.141356e-06,4458,4458,5.135480,5.136380,2.4801e-02
dev-corpus-05,3845,529,1.013692e-06,236764,236764,4.505356,4.508111,2.2856e-02
dev-corpus-05,3846,82004,4.964123e-07,82004,82004,0.879186,0.879796,2.0428e-02
dev-corpus-05,3847,236764,8.700008e-08,236764,236764,0.035718,0.035753,1.6708e-02
dev-corpus-05,3848,692,4.194595e-07,506,506,6.265891,6.265364,1.9591e-02
dev-corpus-05,3849,5347,1.015536e-07,740,740,14.477996,14.475550,1.6251e-02
dev-corpus-05,3850,236787,8.479119e-08,506,506,7.257418,7.255633,1.6157e-02
dev-corpus-05,3851,562,2.056877e-06,108,108,9.067037,9.073494,2.0555e-02
dev-corpus-05,3852,82004,7.192163e-07,5213,5213,3.334042,3.337090,2.1311e-02
dev-corpus-05,3853,563,9.043424e-08,563,563,0.053739,0.053710,1.6004e-02
dev-corpus-05,3854,496,2.134083e-08,496,496,0.091962,0.091903,1.4974e-02
dev-corpus-05,3855,5194,4.561593e-07,5213,5213,2.050791,2.051281,2.1468e-02
dev-corpus-05,3856,236772,5.089357e-07,1458,1458,2.354661,2.356624,2.7298e-02
dev-corpus-05,3857,5140,2.287114e-10,5140,5140,0.000081,0.000081,2.7133e-02
dev-corpus-05,3858,1458,2.192505e-07,1458,1458,0.054423,0.054293,2.5580e-02
dev-corpus-05,3859,531,9.109836e-08,5402,5402,11.622708,11.623710,1.9651e-02
dev-corpus-05,3860,11278,9.737017e-07,12203,12203,16.894007,16.889256,2.3610e-02
dev-corpus-05,3861,528,6.198063e-08,528,528,0.005277,0.005260,1.9733e-02
dev-corpus-05,3862,506,2.718487e-06,506,506,0.197646,0.196713,3.0542e-02
dev-corpus-05,3863,5249,2.866592e-06,12203,12203,4.683489,4.700454,2.1200e-02
dev-corpus-05,3864,236764,9.332377e-10,236764,236764,0.000086,0.000086,3.1282e-02
dev-corpus-05,3865,9626,4.857983e-07,6310,6310,9.925112,9.915826,3.4042e-02
dev-corpus-05,3866,236764,3.020438e-11,236764,236764,0.000009,0.000009,2.4816e-02
dev-corpus-05,3867,6310,3.352871e-06,3671,3671,8.328123,8.343428,4.3556e-02
dev-corpus-05,3868,236764,1.761677e-09,236764,236764,0.000342,0.000341,3.3184e-02
dev-corpus-05,3869,3671,1.301426e-06,3671,3671,0.444467,0.443341,5.7471e-02
dev-corpus-05,3870,236764,1.681849e-09,236764,236764,0.005374,0.005378,3.4057e-02
dev-corpus-05,3871,3938,6.548690e-08,532,532,15.149118,15.142925,4.2789e-02
dev-corpus-05,3872,236764,2.542347e-08,236764,236764,0.011449,0.011466,2.4129e-02
dev-corpus-05,3873,532,1.131512e-07,532,532,0.011808,0.011800,3.8753e-02
dev-corpus-05,3874,5296,3.131583e-06,44751,44751,7.138372,7.147985,2.7458e-02
dev-corpus-05,3875,529,2.341361e-10,529,529,0.000097,0.000097,1.5932e-02
dev-corpus-05,3876,17864,4.716245e-07,784,784,5.886365,5.880083,2.0932e-02
dev-corpus-05,3877,1938,2.561006e-07,653,653,3.825293,3.824115,2.0707e-02
dev-corpus-05,3878,236761,1.088144e-07,236761,236761,0.049003,0.048917,2.0453e-02
dev-corpus-05,3879,3026,3.338344e-08,108,108,13.382933,13.386467,1.3415e-02
dev-corpus-05,3880,1456,1.276424e-06,611,611,3.327268,3.327871,2.4405e-02
dev-corpus-05,3881,69599,3.671327e-07,236764,236764,10.624874,10.623917,1.7996e-02
dev-corpus-05,3882,236764,1.825509e-09,236764,236764,0.002847,0.002845,1.2599e-02
dev-corpus-05,3883,82004,3.472766e-07,496,496,2.464661,2.463535,1.2728e-02
dev-corpus-05,3884,740,1.536179e-07,740,740,0.132401,0.132515,1.7524e-02
dev-corpus-05,3885,1601,5.119521e-07,1601,1601,0.710697,0.710711,2.4254e-02
dev-corpus-05,3886,775,4.341889e-07,775,775,1.150536,1.150708,1.8994e-02
dev-corpus-05,3887,3892,2.431565e-07,3050,3050,11.382165,11.382021,1.7896e-02
dev-corpus-05,3888,16602,6.849368e-07,2480,2480,20.227304,20.232305,2.2490e-02
dev-corpus-05,3889,1099,3.090287e-08,1099,1099,0.004561,0.004547,1.5281e-02
dev-corpus-05,3890,236764,5.678267e-07,236764,236764,0.065003,0.064824,1.8261e-02
dev-corpus-05,3891,226995,1.877126e-06,9688,9688,8.913907,8.911144,2.3113e-02
dev-corpus-05,3892,236764,4.452043e-09,236764,236764,0.006450,0.006446,1.5904e-02
dev-corpus-05,3893,532,2.342379e-07,532,532,0.034294,0.034179,3.0804e-02
dev-corpus-05,3894,34303,1.610689e-06,919,919,5.792678,5.804706,3.3746e-02
dev-corpus-05,3895,6176,8.324317e-08,236761,236761,8.063574,8.071286,1.5228e-02
dev-corpus-05,3896,236761,7.971108e-08,236761,236761,0.187867,0.187907,1.4790e-02
dev-corpus-05,3897,7714,2.191129e-08,108,108,12.885992,12.883710,1.4815e-02
dev-corpus-05,3898,82004,1.718716e-06,82004,82004,0.866427,0.867853,2.0968e-02
dev-corpus-05,3899,2430,1.998512e-06,563,563,5.756433,5.753115,2.9336e-02
dev-corpus-05,3900,1149,1.024075e-06,740,740,5.374340,5.373186,2.7155e-02
dev-corpus-05,3901,10741,4.173202e-07,735,735,9.796758,9.796477,2.9908e-02
dev-corpus-05,3902,1144,2.367555e-07,531,531,2.285407,2.285566,1.8919e-02
dev-corpus-05,3903,4065,9.323820e-07,531,531,6.837155,6.833176,2.5313e-02
dev-corpus-05,3904,532,3.507966e-07,531,531,3.769333,3.770027,1.7509e-02
dev-corpus-05,3905,13963,1.221711e-06,1262,1262,3.444317,3.444478,3.8146e-02
dev-corpus-05,3906,659,1.581323e-06,531,531,1.950130,1.948024,2.0694e-02
dev-corpus-05,3907,2132,1.087559e-06,2132,2132,1.229629,1.229473,2.4437e-02
dev-corpus-05,3908,236761,3.058799e-07,531,531,3.489679,3.492454,1.6624e-02
dev-corpus-05,3909,1701,3.170911e-07,108,108,5.059417,5.062229,1.7356e-02
dev-corpus-05,3910,2591,7.136343e-08,2591,2591,0.155367,0.155472,1.6222e-02
dev-corpus-05,3911,236764,2.354239e-09,236764,236764,0.002315,0.002312,1.5135e-02
dev-corpus-05,3912,24599,3.966636e-07,496,496,12.612045,12.617885,2.2098e-02
dev-corpus-05,3913,659,4.611293e-07,236764,236764,1.841241,1.842500,1.6576e-02
dev-corpus-05,3914,1535,2.954937e-06,496,496,13.969904,13.973741,2.6857e-02
dev-corpus-05,3915,573,6.493768e-06,573,573,0.755425,0.752031,2.3916e-02
dev-corpus-05,3916,775,2.208343e-06,12123,12123,4.585855,4.587945,3.6003e-02
dev-corpus-05,3917,236761,4.937399e-07,1547,1547,5.062967,5.060765,2.2632e-02
dev-corpus-05,3918,2195,1.479924e-06,2195,2195,1.306977,1.306845,2.9164e-02
dev-corpus-05,3919,1149,8.517889e-07,2847,2847,9.106368,9.113541,2.6156e-02
dev-corpus-05,3920,3856,9.379134e-07,735,735,8.427261,8.427962,2.6929e-02
dev-corpus-05,3921,1813,2.091945e-06,775,775,2.638952,2.634356,2.4927e-02
dev-corpus-05,3922,14767,2.572562e-06,7021,7021,2.981745,2.981237,2.2663e-02
dev-corpus-05,3923,236764,6.268255e-07,236764,236764,0.409427,0.409649,1.8236e-02
dev-corpus-05,3924,6422,5.824643e-06,2847,2847,9.900244,9.902501,3.8245e-02
dev-corpus-05,3925,3863,6.673260e-06,12123,12123,3.947762,3.942542,3.1250e-02
dev-corpus-05,3926,236764,5.460701e-07,236764,236764,0.176830,0.176395,2.2098e-02
dev-corpus-05,3927,45694,2.146210e-07,532,532,9.563992,9.562643,2.3246e-02
dev-corpus-05,3928,23092,3.628705e-07,23092,23092,0.328151,0.328236,2.2895e-02
dev-corpus-05,3929,236764,7.325017e-09,236764,236764,0.001764,0.001762,1.5975e-02
dev-corpus-05,3930,624,7.734797e-08,532,532,13.472224,13.474511,1.9197e-02
dev-corpus-05,3931,2847,3.462250e-06,22792,22792,1.792564,1.796142,3.2916e-02
dev-corpus-05,3932,2557,2.924746e-06,12123,12123,7.436182,7.439022,3.4937e-02
dev-corpus-05,3933,531,1.856956e-08,573,573,8.544843,8.542496,1.9834e-02
dev-corpus-05,3934,75610,4.995720e-06,38893,38893,3.410111,3.413203,2.9701e-02
dev-corpus-05,3935,236761,3.749411e-08,236761,236761,0.010579,0.010566,2.5456e-02
dev-corpus-05,3936,1882,3.875599e-06,108,108,32.789757,32.790705,4.2146e-02
dev-corpus-05,3937,659,1.447148e-07,740,740,5.167898,5.167830,1.6594e-02
dev-corpus-05,3938,10099,1.604756e-06,7467,7467,3.504418,3.504824,2.9229e-02
dev-corpus-05,3939,1003,4.051619e-07,607,607,0.909292,0.908324,2.8047e-02
dev-corpus-05,3940,506,1.679568e-06,506,506,0.896071,0.896167,3.6314e-02
dev-corpus-05,3941,1984,3.415579e-06,2404,2404,9.013008,9.013652,4.6263e-02
dev-corpus-05,3942,529,1.747323e-07,529,529,0.012981,0.012928,1.5893e-02
dev-corpus-05,3943,14919,3.830144e-06,8052,8052,14.359268,14.353847,3.6928e-02
dev-corpus-05,3944,236764,9.281630e-07,236764,236764,0.808156,0.807951,2.5170e-02
dev-corpus-05,3945,506,1.566076e-06,506,506,1.082725,1.084661,3.6457e-02
dev-corpus-05,3946,18191,3.172719e-06,2404,2404,14.145328,14.136262,6.3368e-02
dev-corpus-05,3947,2601,3.241686e-06,2601,2601,1.441995,1.443093,4.0956e-02
dev-corpus-05,3948,1161,1.905749e-07,1161,1161,0.058806,0.058803,1.7713e-02
dev-corpus-05,3949,236764,4.788154e-07,236764,236764,0.024023,0.023961,2.3879e-02
dev-corpus-05,3950,19392,4.419215e-07,532,532,7.319976,7.323003,2.4149e-02
dev-corpus-05,3951,699,1.806598e-06,236764,236764,4.227874,4.229530,2.4608e-02
dev-corpus-05,3952,14942,2.280800e-06,14942,14942,0.807998,0.808478,3.2938e-02
dev-corpus-05,3953,13390,2.715877e-06,36398,36398,1.583951,1.583781,3.4043e-02
dev-corpus-05,3954,236764,8.755156e-08,236764,236764,0.009935,0.009927,1.9422e-02
dev-corpus-05,3955,653,8.674055e-08,532,532,3.767001,3.765822,2.8507e-02
dev-corpus-05,3956,1298,1.166266e-06,506,506,7.414215,7.420445,4.5630e-02
dev-corpus-05,3957,24599,3.896865e-06,506,506,5.960815,5.965753,4.3448e-02
dev-corpus-05,3958,8141,1.067671e-06,659,659,8.842067,8.843819,2.3714e-02
dev-corpus-05,3959,236761,4.643314e-07,236761,236761,0.064018,0.064033,2.8760e-02
dev-corpus-05,3960,185485,1.328343e-06,108,108,12.744306,12.745228,2.3730e-02
dev-corpus-05,3961,3997,3.413234e-07,9886,9886,6.921166,6.921421,2.4744e-02
dev-corpus-05,3962,7087,3.462530e-07,529,529,7.747195,7.744910,1.9473e-02
dev-corpus-05,3963,4654,9.564279e-07,496,496,5.096682,5.095085,2.8732e-02
dev-corpus-05,3964,529,9.494547e-08,529,529,0.127930,0.128010,1.9208e-02
dev-corpus-05,3965,784,3.208507e-07,784,784,0.601553,0.602005,3.0191e-02
dev-corpus-05,3966,1239,2.472626e-08,1239,1239,0.032855,0.032819,1.7634e-02
dev-corpus-05,3967,4596,3.239994e-07,5872,5872,8.245234,8.246022,2.7416e-02
dev-corpus-05,3968,5872,8.411781e-07,5872,5872,0.399856,0.399590,2.5434e-02
dev-corpus-05,3969,532,4.735295e-08,236761,236761,5.161118,5.160451,1.7334e-02
dev-corpus-05,3970,236764,7.184784e-07,1217,1217,6.169901,6.168064,4.1420e-02
dev-corpus-05,3971,8229,1.062551e-06,172638,172638,7.346650,7.344228,1.8679e-02
dev-corpus-05,3972,2787,3.696647e-07,1346,1346,10.308457,10.307041,2.0152e-02
dev-corpus-05,3973,784,1.328399e-09,784,784,0.000097,0.000096,2.8303e-02
dev-corpus-05,3974,236764,1.636814e-08,236764,236764,0.058777,0.058759,1.8382e-02
dev-corpus-05,3975,506,1.538947e-06,506,506,0.794643,0.795732,2.3813e-02
dev-corpus-05,3976,17864,8.809178e-06,5596,5596,3.037720,3.029360,4.4628e-02
dev-corpus-05,3977,17049,5.726644e-07,9994,9994,2.746386,2.744888,2.4526e-02
dev-corpus-05,3978,529,6.698114e-08,529,529,0.014142,0.014167,1.8259e-02
dev-corpus-05,3979,1239,1.742234e-07,1239,1239,0.722818,0.723127,2.4290e-02
dev-corpus-05,3980,5872,1.520127e-07,5872,5872,0.170894,0.170903,2.9766e-02
dev-corpus-05,3981,236761,2.530515e-08,236761,236761,0.013693,0.013679,1.9716e-02
dev-corpus-05,3982,47785,3.378849e-07,108,108,23.205573,23.210004,2.1451e-02
dev-corpus-05,3983,34267,6.841223e-07,20874,20874,10.897756,10.902251,1.9612e-02
dev-corpus-05,3984,3541,9.276684e-06,198,198,3.663438,3.665314,2.5023e-02
dev-corpus-05,3985,25971,4.242616e-06,25971,25971,0.891400,0.894654,2.7108e-02
dev-corpus-05,3986,1149,8.015953e-07,236764,236764,4.682331,4.681489,2.2666e-02
dev-corpus-05,3987,3856,2.339956e-06,577,577,2.601392,2.606875,3.0044e-02
dev-corpus-05,3988,1813,1.158618e-06,1813,1813,0.621088,0.622243,3.1897e-02
dev-corpus-05,3989,14767,3.790278e-07,3325,3325,4.261111,4.260532,2.1000e-02
dev-corpus-05,3990,236764,9.230416e-07,236761,236761,0.975935,0.975788,1.9476e-02
dev-corpus-05,3991,9347,1.791170e-05,198,198,31.576783,31.586461,4.6889e-02
dev-corpus-05,3992,1013,2.686472e-06,236772,236772,2.524320,2.530763,2.7619e-02
dev-corpus-05,3993,1149,1.312730e-06,198,198,3.186108,3.181390,2.3392e-02
dev-corpus-05,3994,5001,1.082574e-05,6422,6422,4.077838,4.083596,3.6421e-02
dev-corpus-05,3995,506,1.298545e-06,35163,35163,11.578398,11.576814,2.8499e-02
dev-corpus-05,3996,7028,2.763855e-06,7028,7028,0.184399,0.185334,3.5083e-02
dev-corpus-05,3997,529,1.413776e-10,529,529,0.000028,0.000028,1.7964e-02
dev-corpus-05,3998,4304,2.588995e-06,4304,4304,1.155293,1.156326,3.7165e-02
dev-corpus-05,3999,236764,7.272456e-08,236764,236764,0.017510,0.017480,2.3573e-02
dev-corpus-05,4000,532,1.165757e-07,532,532,0.133337,0.133261,3.2033e-02
dev-corpus-05,4001,10536,6.156966e-06,506,506,16.695603,16.682411,6.1090e-02
dev-corpus-05,4002,28949,2.371307e-06,3474,3474,2.499255,2.492639,1.5388e-02
dev-corpus-05,4003,872,1.397785e-06,1149,1149,12.965647,12.968607,2.8086e-02
dev-corpus-05,4004,15879,1.716151e-07,15879,15879,0.012935,0.013001,1.4791e-02
dev-corpus-05,4005,1149,3.984997e-06,1149,1149,0.387125,0.388469,2.7519e-02
dev-corpus-05,4006,7342,3.881765e-06,577,577,7.819968,7.812468,2.8852e-02
dev-corpus-05,4007,1023,3.038000e-06,24599,24599,15.429235,15.433040,4.2075e-02
dev-corpus-05,4008,24599,3.583058e-06,24599,24599,0.974491,0.976443,3.5709e-02
dev-corpus-05,4009,236761,6.144868e-07,236761,236761,0.030658,0.030499,2.1815e-02
dev-corpus-05,4010,562,8.600607e-07,108,108,3.896125,3.892112,2.7711e-02
dev-corpus-05,4011,82004,1.252463e-07,82004,82004,0.019055,0.019104,2.1443e-02
dev-corpus-05,4012,7351,4.605847e-07,740,740,3.104574,3.104562,2.7913e-02
dev-corpus-05,4013,775,1.486575e-06,775,775,0.245700,0.246520,2.4684e-02
dev-corpus-05,4014,18840,1.099573e-06,1460,1460,5.243864,5.242410,3.3720e-02
dev-corpus-05,4015,1239,2.772902e-07,1239,1239,0.683475,0.683987,2.7655e-02
dev-corpus-05,4016,17864,1.226688e-06,3996,3996,3.750251,3.755321,3.7862e-02
dev-corpus-05,4017,12969,9.172456e-08,9994,9994,5.260335,5.257589,2.8002e-02
dev-corpus-05,4018,236764,3.384189e-07,236761,236761,2.991231,2.991561,2.7076e-02
dev-corpus-05,4019,532,1.738874e-06,10678,10678,6.754637,6.763921,4.3196e-02
dev-corpus-05,4020,563,2.736762e-06,625,625,6.181015,6.183296,2.4401e-02
dev-corpus-05,4021,992,3.306299e-06,5233,5233,8.550475,8.551173,3.9067e-02
dev-corpus-05,4022,6412,1.037200e-06,496,496,11.257892,11.257769,2.8262e-02
dev-corpus-05,4023,6684,1.315139e-06,6684,6684,0.457556,0.458362,2.5324e-02
dev-corpus-05,4024,657,3.950070e-07,573,573,8.151001,8.148921,2.0667e-02
dev-corpus-05,4025,37549,1.108909e-06,506,506,8.287969,8.286097,2.6879e-02
dev-corpus-05,4026,17864,9.731274e-07,1091,1091,10.218909,10.217133,3.4999e-02
dev-corpus-05,4027,1262,5.066298e-07,1262,1262,0.589108,0.588828,2.6010e-02
dev-corpus-05,4028,532,1.169746e-06,528,528,4.400580,4.401359,2.6518e-02
dev-corpus-05,4029,3671,1.009078e-06,3043,3043,16.012100,16.022529,4.7902e-02
dev-corpus-05,4030,236761,2.544576e-06,531,531,2.241921,2.238000,2.4571e-02
dev-corpus-05,4031,562,1.943375e-06,108,108,7.058706,7.058752,2.1440e-02
dev-corpus-05,4032,82004,2.122130e-07,82004,82004,0.024832,0.024891,2.3153e-02
dev-corpus-05,4033,563,2.424534e-06,563,563,0.818595,0.820045,2.8564e-02
dev-corpus-05,4034,3187,4.359178e-07,496,496,4.489622,4.490332,2.9393e-02
dev-corpus-05,4035,506,1.199107e-06,1456,1456,5.094118,5.095504,3.0280e-02
dev-corpus-05,4036,1186,1.606483e-06,1171,1171,5.217946,5.218305,2.8546e-02
dev-corpus-05,4037,1595,8.212348e-07,1595,1595,0.214999,0.215453,2.5671e-02
dev-corpus-05,4038,531,2.634022e-08,531,531,0.042265,0.042236,1.9375e-02
dev-corpus-05,4039,8974,1.524827e-06,50611,50611,6.299176,6.299808,2.7990e-02
dev-corpus-05,4040,82046,1.820887e-07,3996,3996,9.275287,9.271453,2.1211e-02
dev-corpus-05,4041,236772,1.438268e-07,3996,3996,3.899067,3.900839,2.4219e-02
dev-corpus-05,4042,10619,4.486252e-06,19543,19543,2.094407,2.097142,1.9763e-02
dev-corpus-05,4043,4078,5.233863e-08,4078,4078,0.014195,0.014224,2.1620e-02
dev-corpus-05,4044,236761,2.674022e-07,236761,236761,0.237114,0.237364,1.6100e-02
dev-corpus-05,4045,106,1.086716e-06,108,108,0.796687,0.798211,2.1508e-02
dev-corpus-05,4046,107,1.281092e-06,100,100,14.823380,14.809850,3.5297e-02
dev-corpus-05,4047,105,1.151160e-06,13513,13513,18.886908,18.886685,2.1946e-02
dev-corpus-05,4048,2364,2.706203e-05,198,198,25.117150,25.088353,7.5266e-02
dev-corpus-05,4049,107,6.966502e-06,100,100,2.839040,2.827085,3.1414e-02
dev-corpus-05,4050,3689,3.347274e-07,100,100,8.327660,8.330510,3.1940e-02
dev-corpus-05,4051,563,1.124093e-06,563,563,0.489921,0.488925,2.7059e-02
dev-corpus-05,4052,6927,6.015203e-06,496,496,19.191422,19.183363,2.8145e-02
dev-corpus-05,4053,1535,1.015823e-05,236881,236881,13.800394,13.805720,2.5652e-02
dev-corpus-05,4054,573,9.106871e-10,573,573,0.000070,0.000069,1.8125e-02
dev-corpus-05,4055,236881,3.115514e-07,236881,236881,0.011377,0.011303,2.7348e-02
dev-corpus-05,4056,106,3.112150e-06,568,568,2.226079,2.229683,2.2985e-02
dev-corpus-05,4057,107,3.022956e-07,100,100,22.598957,22.583082,5.7017e-02
dev-corpus-05,4058,105,9.825565e-07,100,100,19.056939,19.058060,2.6178e-02
dev-corpus-05,4059,4368,2.239861e-06,198,198,16.813870,16.839889,8.1882e-02
dev-corpus-05,4060,107,1.187048e-08,100,100,11.146269,11.134430,5.8802e-02
dev-corpus-05,4061,45060,9.300318e-08,100,100,1.714938,1.715667,2.8310e-02
dev-corpus-05,4062,3952,2.827721e-07,563,563,16.229043,16.231841,1.8429e-02
dev-corpus-05,4063,699,2.642887e-07,607,607,7.870534,7.879297,1.3218e-02
dev-corpus-05,4064,506,3.747073e-07,506,506,0.102633,0.102422,1.5703e-02
dev-corpus-05,4065,7217,2.060756e-06,1813,1813,6.983466,6.995340,2.1374e-02
dev-corpus-05,4066,684,4.730942e-07,532,532,11.348285,11.350629,2.0329e-02
dev-corpus-05,4067,12461,3.003064e-06,139850,139850,14.967483,14.966435,2.0825e-02
dev-corpus-05,4068,532,2.069384e-06,50670,50670,1.456456,1.458306,2.5858e-02
dev-corpus-05,4069,2601,2.942370e-06,2601,2601,0.402273,0.400825,2.1758e-02
dev-corpus-05,4070,1813,1.733494e-06,236764,236764,5.195947,5.195012,2.4208e-02
dev-corpus-05,4071,219460,1.974054e-06,22044,22044,2.106691,2.105682,2.1064e-02
dev-corpus-05,4072,1131,4.415570e-07,532,532,3.210913,3.214102,1.5818e-02
dev-corpus-05,4073,506,1.142458e-06,506,506,0.159608,0.160109,2.2266e-02
dev-corpus-05,4074,14958,2.965880e-07,11661,11661,5.393228,5.390331,1.8471e-02
dev-corpus-05,4075,236761,6.778802e-08,236761,236761,0.936147,0.936149,1.9462e-02
dev-corpus-05,4076,138,2.594702e-06,1030,1030,10.344279,10.349859,2.4392e-02
dev-corpus-05,4077,4420,2.394914e-06,1509,1509,2.429812,2.432921,3.0155e-02
dev-corpus-05,4078,1239,8.970545e-07,506,506,3.683656,3.681517,2.5291e-02
dev-corpus-05,4079,538,3.580206e-07,14958,14958,16.965675,16.960724,1.8554e-02
dev-corpus-05,4080,82296,2.924920e-07,82296,82296,0.340333,0.340387,1.8132e-02
dev-corpus-05,4081,14958,2.091060e-07,14958,14958,0.094011,0.094119,1.8947e-02
dev-corpus-05,4082,2827,5.961234e-07,3291,3291,7.149980,7.149001,2.6121e-02
dev-corpus-05,4083,531,1.002973e-06,1024,1024,3.204360,3.200878,2.2409e-02
dev-corpus-05,4084,2601,3.446210e-06,2601,2601,0.950323,0.947885,2.8235e-02
dev-corpus-05,4085,236764,1.573802e-06,236764,236764,0.307204,0.307855,1.9147e-02
dev-corpus-05,4086,532,2.998988e-07,901,901,6.293399,6.293613,2.3668e-02
dev-corpus-05,4087,506,1.087578e-06,506,506,0.520545,0.520733,2.8020e-02
dev-corpus-05,4088,506,1.677561e-06,1813,1813,13.831437,13.831685,2.9787e-02
dev-corpus-05,4089,6927,1.561188e-06,1813,1813,1.889110,1.890023,4.5784e-02
dev-corpus-05,4090,528,1.874272e-06,16071,16071,9.294608,9.289513,2.7992e-02
dev-corpus-05,4091,1091,5.004871e-07,506,506,1.473883,1.472684,2.2094e-02
dev-corpus-05,4092,563,3.086970e-06,16071,16071,2.489384,2.489895,2.5764e-02
dev-corpus-05,4093,6757,1.399618e-06,7274,7274,14.473961,14.473173,3.6635e-02
dev-corpus-05,4094,2311,3.256949e-06,7274,7274,1.970555,1.968306,2.7223e-02
dev-corpus-05,4095,7274,3.514961e-08,7274,7274,0.017631,0.017600,9.6309e-03
dev-corpus-06,4096,107,1.967354e-05,236858,236858,12.910968,12.887547,3.9844e-02
dev-corpus-06,4097,98,3.366150e-05,9731,9731,16.071222,16.070959,4.9571e-02
dev-corpus-06,4098,107,3.911496e-05,100,100,10.145204,10.148216,4.9635e-02
dev-corpus-06,4099,106,4.826222e-05,100,100,10.332727,10.339134,5.7989e-02
dev-corpus-06,4100,107,1.185718e-04,14585,14585,9.259858,9.248242,1.4180e-01
dev-corpus-06,4101,105,9.682421e-06,140,140,20.202100,20.214279,4.6481e-02
dev-corpus-06,4102,2364,8.350140e-06,198,198,30.078230,30.068567,2.3144e-01
dev-corpus-06,4103,107,2.170919e-04,3004,42168,13.152595,13.162068,8.6840e-02
dev-corpus-06,4104,15938,1.392225e-05,100,100,16.895320,16.910904,5.7358e-02
dev-corpus-06,4105,691,3.609853e-06,198,198,4.464463,4.460622,2.4279e-02
dev-corpus-06,4106,506,1.787494e-05,198,198,3.730206,3.732101,5.2382e-02
dev-corpus-06,4107,118661,2.184542e-06,3260,3260,11.541885,11.553918,4.4779e-02
dev-corpus-06,4108,6768,1.220391e-06,6768,6768,0.447681,0.447642,3.2802e-02
dev-corpus-06,4109,236881,4.574272e-08,236881,236881,0.010465,0.010484,2.0846e-02
dev-corpus-06,4110,106,1.765301e-06,108,108,5.262052,5.258831,4.0187e-02
dev-corpus-06,4111,107,2.580214e-06,100,100,5.611314,5.644200,4.3161e-02
dev-corpus-06,4112,105,8.394328e-06,100,100,16.380570,16.392141,3.7655e-02
dev-corpus-06,4113,4368,6.428920e-05,198,198,16.499701,16.491286,1.0432e-01
dev-corpus-06,4114,107,6.626077e-06,236743,236743,9.290240,9.277113,4.8981e-02
dev-corpus-06,4115,236776,1.539719e-08,100,100,10.098580,10.096669,2.5241e-02
dev-corpus-06,4116,3274,2.863582e-08,3274,3274,0.002517,0.002527,1.9515e-02
dev-corpus-06,4117,519,2.536710e-10,519,519,0.000049,0.000049,1.0178e-02
dev-corpus-06,4118,6768,6.644900e-11,6768,6768,0.000020,0.000020,2.5073e-02
dev-corpus-06,4119,236764,9.820626e-07,568,568,2.945829,2.942582,1.6533e-02
dev-corpus-06,4120,1015,4.367732e-07,5769,5769,4.027862,4.027181,1.9057e-02
dev-corpus-06,4121,691,4.904490e-07,563,563,0.861222,0.860279,1.7458e-02
dev-corpus-06,4122,992,1.370307e-07,13320,13320,4.965510,4.969017,1.5326e-02
dev-corpus-06,4123,3224,2.987624e-06,3224,3224,0.237177,0.238266,2.0467e-02
dev-corpus-06,4124,618,6.705027e-08,618,618,0.567008,0.566943,1.6673e-02
dev-corpus-06,4125,14148,9.001368e-08,5213,5213,7.523377,7.522058,2.7366e-02
dev-corpus-06,4126,6768,1.956889e-08,6768,6768,0.002071,0.002063,2.8292e-02
dev-corpus-06,4127,236764,4.443257e-08,236764,236764,0.042713,0.042662,2.0164e-02
dev-corpus-06,4128,691,4.278912e-07,691,691,0.173703,0.174099,2.4236e-02
dev-corpus-06,4129,496,5.892795e-08,886,886,3.079938,3.081183,1.7109e-02
dev-corpus-06,4130,9531,7.861150e-07,6112,6112,13.097369,13.095912,1.6233e-02
dev-corpus-06,4131,118661,4.883600e-07,71684,71684,10.544284,10.550179,2.0721e-02
dev-corpus-06,4132,1015,7.630388e-07,532,532,1.395336,1.396510,1.9816e-02
dev-corpus-06,4133,7028,1.130512e-07,6657,6657,14.164963,14.164768,1.7442e-02
dev-corpus-06,4134,506,3.015237e-08,506,506,0.069875,0.069866,2.0252e-02
dev-corpus-06,4135,57996,8.272049e-07,57996,57996,0.602469,0.602119,2.4605e-02
dev-corpus-06,4136,529,3.485259e-09,529,529,0.001056,0.001053,1.3196e-02
dev-corpus-06,4137,9699,2.303366e-07,9699,9699,0.039394,0.039491,2.3893e-02
dev-corpus-06,4138,3351,1.503434e-08,3351,3351,0.005766,0.005759,2.1579e-02
dev-corpus-06,4139,236761,4.118119e-06,236764,236764,1.278726,1.274689,1.9609e-02
dev-corpus-06,4140,8945,1.449144e-07,1293,1293,9.601553,9.601703,2.0432e-02
dev-corpus-06,4141,531,3.334601e-10,531,531,0.000037,0.000037,1.4620e-02
dev-corpus-06,4142,506,6.585547e-06,506,506,0.569750,0.572908,2.0043e-02
dev-corpus-06,4143,2260,1.810168e-06,1799,1799,6.394389,6.401464,2.0313e-02
dev-corpus-06,4144,529,4.720628e-11,529,529,0.000063,0.000063,1.4391e-02
dev-corpus-06,4145,37204,3.676160e-06,506,506,1.694857,1.690893,2.8524e-02
dev-corpus-06,4146,528,5.297214e-07,528,528,0.714178,0.714320,1.8611e-02
dev-corpus-06,4147,506,4.999258e-10,506,506,0.000029,0.000029,2.3914e-02
dev-corpus-06,4148,58978,6.331708e-07,17987,17987,14.954489,14.947621,2.1883e-02
dev-corpus-06,4149,236764,1.144763e-08,236764,236764,0.009269,0.009263,2.2400e-02
dev-corpus-06,4150,6768,1.311633e-06,668,668,1.713907,1.710628,2.6501e-02
dev-corpus-06,4151,691,7.720016e-07,691,691,0.760517,0.760973,2.2305e-02
dev-corpus-06,4152,221453,9.466602e-07,13320,13320,22.121490,22.119359,2.3078e-02
dev-corpus-06,4153,532,2.957787e-06,1015,1015,2.310287,2.310759,2.8059e-02
dev-corpus-06,4154,2080,1.699124e-06,496,496,13.596751,13.599148,3.4862e-02
dev-corpus-06,4155,70795,1.636014e-06,496,496,2.476930,2.474328,2.6672e-02
dev-corpus-06,4156,529,1.241982e-07,529,529,0.533583,0.533606,1.9695e-02
dev-corpus-06,4157,3649,6.517494e-07,29053,29053,1.619139,1.620806,1.8822e-02
dev-corpus-06,4158,48522,3.274391e-07,29053,29053,9.096341,9.093886,2.2513e-02
dev-corpus-06,4159,529,1.185554e-06,529,529,0.648344,0.649718,2.3324e-02
dev-corpus-06,4160,9699,1.046125e-07,9699,9699,0.178964,0.179151,1.9673e-02
dev-corpus-06,4161,236761,1.254504e-07,236761,236761,0.385123,0.385325,2.4126e-02
dev-corpus-06,4162,1293,2.660481e-06,1293,1293,1.249698,1.248961,3.5666e-02
dev-corpus-06,4163,26109,1.282698e-05,1053,1053,4.487306,4.484955,3.5736e-02
dev-corpus-06,4164,9699,1.275622e-07,9699,9699,0.116019,0.116092,2.9365e-02
dev-corpus-06,4165,580,9.182299e-07,580,580,0.378936,0.379573,2.4342e-02
dev-corpus-06,4166,506,1.923169e-07,506,506,0.029362,0.029464,2.3203e-02
dev-corpus-06,4167,4284,2.405342e-08,4284,4284,0.011429,0.011451,2.2402e-02
dev-corpus-06,4168,531,5.369800e-08,531,531,0.018413,0.018393,2.2631e-02
dev-corpus-06,4169,126662,7.342924e-08,126662,126662,0.001569,0.001585,3.7658e-02
dev-corpus-06,4170,531,5.479744e-07,236764,236764,13.120349,13.118615,1.9732e-02
dev-corpus-06,4171,1586,4.436034e-06,7352,7352,6.475626,6.480414,3.9865e-02
dev-corpus-06,4172,29053,2.562227e-05,855,855,6.979085,6.978712,3.4225e-02
dev-corpus-06,4173,993,5.301764e-07,236764,236764,7.698211,7.697744,2.4429e-02
dev-corpus-06,4174,532,7.667537e-08,236761,236761,3.958277,3.958254,2.3323e-02
dev-corpus-06,4175,3437,2.509055e-06,691,691,25.684887,25.672550,2.6826e-02
dev-corpus-06,4176,1091,1.405122e-07,1091,1091,0.087387,0.087339,1.9780e-02
dev-corpus-06,4177,4470,9.129004e-07,531,531,20.252197,20.272108,3.5992e-02
dev-corpus-06,4178,531,1.336150e-06,236761,236761,1.502113,1.502057,2.6057e-02
dev-corpus-06,4179,34617,8.796734e-06,34617,34617,0.433019,0.435032,6.4222e-02
dev-corpus-06,4180,236761,1.280576e-07,236761,236761,0.071404,0.071305,2.0707e-02
dev-corpus-06,4181,2024,5.996538e-06,1174,1174,7.156326,7.146645,3.3281e-02
dev-corpus-06,4182,580,9.159647e-06,668,668,4.603493,4.602540,3.5219e-02
dev-corpus-06,4183,914,3.282520e-07,506,506,3.677586,3.680948,2.4869e-02
dev-corpus-06,4184,1595,4.594457e-07,1595,1595,0.168433,0.168098,2.1521e-02
dev-corpus-06,4185,496,1.155581e-06,236764,236764,7.814064,7.814345,1.9673e-02
dev-corpus-06,4186,2214,9.056608e-07,2214,2214,0.778660,0.778147,3.2262e-02
dev-corpus-06,4187,50319,1.108276e-06,119405,119405,11.681251,11.682675,2.0528e-02
dev-corpus-06,4188,1082,3.048645e-08,1082,1082,0.001122,0.001129,2.4764e-02
dev-corpus-06,4189,496,1.706343e-08,506,506,12.353597,12.344892,2.5223e-02
dev-corpus-06,4190,3768,2.102081e-05,3768,3768,0.449058,0.453559,3.3925e-02
dev-corpus-06,4191,119405,3.058226e-06,119405,119405,0.646839,0.647946,3.3306e-02
dev-corpus-06,4192,2101,3.169029e-06,580,580,2.083589,2.079327,3.1099e-02
dev-corpus-06,4193,1515,2.180795e-08,1515,1515,0.002397,0.002404,1.8933e-02
dev-corpus-06,4194,532,6.660206e-07,532,532,0.377073,0.376922,2.3278e-02
dev-corpus-06,4195,1724,8.893767e-06,668,668,16.002388,15.994742,3.1171e-02
dev-corpus-06,4196,607,4.101362e-06,1015,1015,4.055927,4.050109,2.5940e-02
dev-corpus-06,4197,1515,1.434501e-06,1515,1515,0.057993,0.057622,2.6363e-02
dev-corpus-06,4198,699,1.456069e-05,236764,236764,9.112101,9.112526,3.1988e-02
dev-corpus-06,4199,20808,2.522088e-06,34617,34617,9.481566,9.490015,3.8635e-02
dev-corpus-06,4200,657,1.233503e-06,13804,13804,8.650762,8.650353,1.7127e-02
dev-corpus-06,4201,5453,1.642195e-06,1515,1515,17.972533,17.972965,4.0891e-02
dev-corpus-06,4202,1719,1.131562e-06,236772,236772,1.623831,1.621385,2.5388e-02
dev-corpus-06,4203,236761,2.034124e-06,13804,13804,4.117569,4.121743,2.0937e-02
dev-corpus-06,4204,4298,2.379133e-06,1293,1293,4.146190,4.148099,2.9352e-02
dev-corpus-06,4205,668,1.249263e-06,668,668,0.164152,0.164481,2.4633e-02
dev-corpus-06,4206,11561,3.472765e-07,11561,11561,0.041854,0.041727,2.8428e-02
dev-corpus-06,4207,531,3.637257e-08,531,531,0.034805,0.034817,4.1270e-02
dev-corpus-06,4208,506,4.367703e-09,506,506,0.000480,0.000482,2.7244e-02
dev-corpus-06,4209,3866,4.171236e-09,3866,3866,0.000509,0.000510,2.6854e-02
dev-corpus-06,4210,532,2.180995e-06,532,532,0.105127,0.104463,2.8319e-02
dev-corpus-06,4211,6827,3.486756e-08,6827,6827,0.003337,0.003350,2.4941e-02
dev-corpus-06,4212,496,8.760809e-09,496,496,0.008645,0.008649,2.5191e-02
dev-corpus-06,4213,8300,1.440077e-09,8300,8300,0.000122,0.000122,2.9837e-02
dev-corpus-06,4214,236764,1.499088e-06,6420,6420,8.035656,8.039294,2.0760e-02
dev-corpus-06,4215,623,7.957677e-07,623,623,0.489801,0.489194,2.0303e-02
dev-corpus-06,4216,15799,1.343466e-08,15799,15799,0.018627,0.018640,3.4958e-02
dev-corpus-06,4217,575,8.787504e-12,575,575,0.000000,0.000000,2.7355e-02
dev-corpus-06,4218,236764,1.169101e-08,236764,236764,0.000241,0.000243,4.0065e-02
dev-corpus-06,4219,890,5.194084e-08,82072,82072,25.997332,26.012719,3.5294e-02
dev-corpus-06,4220,575,0.000000e+00,575,575,0.000000,0.000000,1.4426e-02
dev-corpus-06,4221,236764,9.954082e-06,236764,236764,0.038712,0.039595,5.0958e-02
dev-corpus-06,4222,3217,4.982517e-09,3217,3217,0.002362,0.002367,4.6431e-02
dev-corpus-06,4223,659,2.693272e-06,659,659,0.397842,0.399223,4.9664e-02
dev-corpus-06,4224,611,2.486405e-11,611,611,0.000002,0.000002,2.4355e-02
dev-corpus-06,4225,41064,4.349039e-08,41064,41064,0.002115,0.002124,2.9493e-02
dev-corpus-06,4226,13555,5.471051e-11,13555,13555,0.000029,0.000028,2.5556e-02
dev-corpus-06,4227,786,2.225519e-09,786,786,0.001206,0.001207,2.1421e-02
dev-corpus-06,4228,126584,2.866330e-08,7462,7462,7.602367,7.603555,1.8675e-02
dev-corpus-06,4229,532,1.915917e-06,1293,1293,10.517542,10.523732,2.8622e-02
dev-corpus-06,4230,668,4.759948e-07,668,668,0.163153,0.163200,2.8666e-02
dev-corpus-06,4231,1176,1.092205e-06,4733,4733,6.659640,6.662683,2.7523e-02
dev-corpus-06,4232,623,4.080392e-08,236764,236764,4.973140,4.970107,1.7996e-02
dev-corpus-06,4233,14625,2.185194e-07,15938,15938,3.794043,3.790453,2.9529e-02
dev-corpus-06,4234,659,1.009013e-06,659,659,0.053128,0.052816,3.2943e-02
dev-corpus-06,4235,611,8.050490e-10,611,611,0.000027,0.000027,2.5310e-02
dev-corpus-06,4236,7462,3.189338e-07,126584,126584,1.103434,1.103071,3.1160e-02
dev-corpus-06,4237,1299,1.634224e-06,532,532,4.198483,4.195238,2.1515e-02
dev-corpus-06,4238,506,1.736017e-07,506,506,0.156265,0.156148,2.2109e-02
dev-corpus-06,4239,29398,1.164980e-08,8300,8300,12.713730,12.712567,2.2856e-02
dev-corpus-06,4240,1176,3.888206e-07,1176,1176,0.145948,0.146207,1.8271e-02
dev-corpus-06,4241,236764,7.482278e-08,623,623,2.009462,2.008623,1.8436e-02
dev-corpus-06,4242,623,1.812837e-08,623,623,0.002233,0.002225,1.7663e-02
dev-corpus-06,4243,236777,6.683306e-07,236777,236777,0.002508,0.002547,5.2823e-02
dev-corpus-06,4244,1006,1.524053e-09,1006,1006,0.000172,0.000172,2.1930e-02
dev-corpus-06,4245,9699,9.640534e-09,9699,9699,0.000319,0.000322,4.2289e-02
dev-corpus-06,4246,236764,1.308342e-07,236764,236764,0.058832,0.058894,2.6028e-02
dev-corpus-06,4247,8761,1.524151e-09,8761,8761,0.000047,0.000048,3.3932e-02
dev-corpus-06,4248,611,5.628738e-10,611,611,0.000039,0.000039,2.1159e-02
dev-corpus-06,4249,659,1.411267e-07,659,659,0.005619,0.005580,4.0183e-02
dev-corpus-06,4250,41064,2.809317e-10,41064,41064,0.000027,0.000028,2.7445e-02
dev-corpus-06,4251,13555,7.601232e-11,13555,13555,0.000016,0.000016,2.4652e-02
dev-corpus-06,4252,236761,6.370005e-07,1781,1781,10.598346,10.600560,2.4312e-02
dev-corpus-06,4253,1030,5.707954e-05,8383,8383,8.974456,9.005005,4.9896e-02
dev-corpus-06,4254,563,1.735472e-09,563,563,0.000039,0.000039,2.6257e-02
dev-corpus-06,4255,2651,3.771441e-06,692,692,4.450577,4.445331,2.9878e-02
dev-corpus-06,4256,573,1.290960e-08,573,573,0.000370,0.000372,3.7449e-02
dev-corpus-06,4257,611,4.240517e-07,611,611,0.011376,0.011465,1.9659e-02
dev-corpus-06,4258,531,2.941345e-06,531,531,0.342440,0.342820,1.8418e-02
dev-corpus-06,4259,12261,2.441293e-05,24712,24712,13.183275,13.193852,4.0219e-02
dev-corpus-06,4260,2342,8.627929e-10,2342,2342,0.000053,0.000053,3.6942e-02
dev-corpus-06,4261,506,1.076190e-06,506,506,0.072024,0.072126,3.6242e-02
dev-corpus-06,4262,817,2.107866e-04,5609,5609,8.382203,8.370929,5.9339e-02
dev-corpus-06,4263,10328,1.149068e-07,10328,10328,0.079363,0.079490,4.2611e-02
dev-corpus-06,4264,1781,2.189527e-08,1781,1781,0.018446,0.018443,2.1504e-02
dev-corpus-06,4265,6768,1.996279e-06,108,108,1.295320,1.293358,2.9980e-02
dev-corpus-06,4266,4733,1.697826e-06,691,691,6.783183,6.781331,2.5681e-02
dev-corpus-06,4267,623,1.893515e-06,236764,236764,1.940785,1.945186,2.2087e-02
dev-corpus-06,4268,3689,3.121060e-06,14070,14070,3.303445,3.307342,2.8335e-02
dev-corpus-06,4269,776,2.477509e-05,776,776,0.652199,0.645746,2.6207e-02
dev-corpus-06,4270,611,9.960290e-08,611,611,0.013509,0.013561,2.1998e-02
dev-corpus-06,4271,1461,1.223268e-08,1461,1461,0.002808,0.002810,2.9501e-02
dev-corpus-06,4272,786,1.249259e-08,786,786,0.002661,0.002667,3.2140e-02
dev-corpus-06,4273,531,2.366720e-10,531,531,0.000088,0.000088,1.9852e-02
dev-corpus-06,4274,776,3.154243e-10,776,776,0.000014,0.000014,3.1414e-02
dev-corpus-06,4275,7462,2.129043e-06,7462,7462,0.084805,0.084267,2.0921e-02
dev-corpus-06,4276,1299,7.681050e-07,532,532,1.611240,1.613032,2.5848e-02
dev-corpus-06,4277,506,8.166367e-07,506,506,0.778083,0.777446,2.4626e-02
dev-corpus-06,4278,29398,1.840845e-06,29398,29398,0.610134,0.608492,3.3396e-02
dev-corpus-06,4279,1176,9.417703e-08,1176,1176,0.076829,0.076726,1.9011e-02
dev-corpus-06,4280,623,1.340667e-07,236764,236764,2.184476,2.183069,2.3035e-02
dev-corpus-06,4281,2023,9.442455e-07,5988,5988,0.894789,0.893430,4.1449e-02
dev-corpus-06,4282,1117,1.861385e-07,1117,1117,0.000435,0.000422,5.2528e-02
dev-corpus-06,4283,532,1.117717e-05,532,532,0.195015,0.197215,2.7205e-02
dev-corpus-06,4284,817,1.208943e-07,577,577,4.816661,4.811902,4.8862e-02
dev-corpus-06,4285,1131,7.802229e-06,1131,1131,0.180707,0.178972,2.7301e-02
dev-corpus-06,4286,506,1.038297e-05,506,506,0.349967,0.352580,3.0799e-02
dev-corpus-06,4287,3207,1.122817e-08,3207,3207,0.001839,0.001842,2.0442e-02
dev-corpus-06,4288,236764,2.297077e-07,236764,236764,0.025179,0.025176,2.7369e-02
dev-corpus-06,4289,532,3.299222e-07,532,532,0.128479,0.128631,2.0907e-02
dev-corpus-06,4290,611,1.377421e-05,993,993,0.728086,0.733471,2.5096e-02
dev-corpus-06,4291,795,1.310643e-09,795,795,0.000099,0.000099,2.4154e-02
dev-corpus-06,4292,577,1.027940e-09,577,577,0.000134,0.000134,2.2655e-02
dev-corpus-06,4293,4173,1.930990e-05,4173,4173,0.408884,0.408446,7.0780e-02
dev-corpus-06,4294,1144,2.407633e-09,1144,1144,0.000275,0.000276,1.4019e-02
dev-corpus-06,4295,611,5.069633e-07,611,611,0.359214,0.359858,2.9047e-02
dev-corpus-06,4296,1921,7.242803e-07,1921,1921,0.102600,0.102850,3.2283e-02
dev-corpus-06,4297,776,3.163270e-10,776,776,0.000050,0.000050,2.2537e-02
dev-corpus-06,4298,1781,1.681966e-07,1781,1781,0.023951,0.024027,2.6454e-02
dev-corpus-06,4299,20607,5.222540e-07,108,108,7.514719,7.516035,3.0187e-02
dev-corpus-06,4300,1010,2.756878e-06,1010,1010,0.411502,0.411471,2.0837e-02
dev-corpus-06,4301,1603,4.002532e-06,78030,78030,8.579205,8.583725,3.1192e-02
dev-corpus-06,4302,18261,9.454784e-07,496,496,2.933578,2.934778,3.3934e-02
dev-corpus-06,4303,236764,9.112348e-07,236764,236764,0.166547,0.166373,2.1157e-02
dev-corpus-06,4304,668,3.645461e-07,668,668,0.673681,0.674463,2.6074e-02
dev-corpus-06,4305,691,3.217451e-06,3939,3939,1.363256,1.361605,2.7287e-02
dev-corpus-06,4306,2080,2.175877e-07,5378,5378,10.831241,10.831795,2.3375e-02
dev-corpus-06,4307,531,3.622197e-07,1131,1131,2.949594,2.952712,1.9376e-02
dev-corpus-06,4308,506,3.678840e-06,506,506,0.634422,0.635187,3.5248e-02
dev-corpus-06,4309,3207,4.547796e-07,3207,3207,0.048676,0.048848,2.6782e-02
dev-corpus-06,4310,532,1.436419e-06,532,532,0.902248,0.902280,2.6979e-02
dev-corpus-06,4311,2668,4.097703e-06,691,691,9.596399,9.592157,3.3227e-02
dev-corpus-06,4312,3209,5.310983e-08,3209,3209,0.016713,0.016716,2.1278e-02
dev-corpus-06,4313,914,8.635052e-06,914,914,1.091270,1.086364,3.6829e-02
dev-corpus-06,4314,14186,1.107128e-07,14186,14186,0.048513,0.048581,2.4776e-02
dev-corpus-06,4315,691,2.104962e-07,691,691,0.032305,0.032195,2.5109e-02
dev-corpus-06,4316,28251,2.324543e-08,28251,28251,0.010413,0.010428,2.3528e-02
dev-corpus-06,4317,684,6.289804e-07,236761,236761,3.948510,3.946549,2.3514e-02
dev-corpus-06,4318,1455,9.180674e-06,614,614,4.891336,4.898755,3.1196e-02
dev-corpus-06,4319,3236,2.257893e-08,3236,3236,0.000770,0.000776,4.5225e-02
dev-corpus-06,4320,527,3.625126e-09,527,527,0.000106,0.000106,2.4651e-02
dev-corpus-06,4321,529,5.240829e-07,236764,236764,8.975755,8.975906,2.2080e-02
dev-corpus-06,4322,126662,6.621234e-06,126662,126662,0.026161,0.026739,4.6198e-02
dev-corpus-06,4323,236761,2.231100e-07,236761,236761,0.084795,0.084832,1.7914e-02
dev-corpus-06,4324,4298,1.856428e-06,108,108,4.885826,4.882462,3.9944e-02
dev-corpus-06,4325,6768,2.918836e-07,668,668,1.441889,1.442451,2.8662e-02
dev-corpus-06,4326,691,1.344428e-06,6074,6074,3.635775,3.630231,2.7595e-02
dev-corpus-06,4327,120743,7.613394e-06,120743,120743,1.453915,1.455064,3.3914e-02
dev-corpus-06,4328,532,7.038731e-07,532,532,0.423316,0.422871,3.6477e-02
dev-corpus-06,4329,6842,1.730775e-06,6074,6074,5.137297,5.135167,2.7745e-02
dev-corpus-06,4330,3931,1.398972e-06,6074,6074,3.839745,3.835335,3.2716e-02
dev-corpus-06,4331,531,1.734606e-06,68799,68799,2.838031,2.832907,2.9665e-02
dev-corpus-06,4332,83304,1.537306e-07,82738,82738,3.802293,3.805203,2.7452e-02
dev-corpus-06,4333,9531,2.207760e-07,9699,9699,8.212004,8.206374,2.8224e-02
dev-corpus-06,4334,3618,1.119951e-06,57996,57996,2.940393,2.938190,2.4759e-02
dev-corpus-06,4335,236761,3.850739e-07,236761,236761,0.200183,0.200000,3.7044e-02
dev-corpus-06,4336,1293,2.687414e-07,108,108,2.623963,2.622866,3.0916e-02
dev-corpus-06,4337,72970,2.814606e-06,33402,33402,5.390592,5.398881,2.9450e-02
dev-corpus-06,4338,11120,1.245003e-06,506,506,14.525840,14.533032,2.4709e-02
dev-corpus-06,4339,531,1.673685e-06,528,528,2.540997,2.536000,3.0214e-02
dev-corpus-06,4340,506,7.733516e-07,161635,161635,1.461788,1.461127,3.1679e-02
dev-corpus-06,4341,12249,5.126559e-06,26560,26560,7.505217,7.494952,3.3939e-02
dev-corpus-06,4342,2538,6.732800e-08,2538,2538,0.004539,0.004560,3.4029e-02
dev-corpus-06,4343,532,1.818274e-06,236764,236764,2.613833,2.611116,2.4056e-02
dev-corpus-06,4344,668,2.571146e-06,711,711,3.885121,3.884368,4.2139e-02
dev-corpus-06,4345,563,4.188173e-06,7971,7971,7.261326,7.259558,3.6136e-02
dev-corpus-06,4346,992,9.893346e-07,4542,4542,6.481932,6.485319,3.5252e-02
dev-corpus-06,4347,3224,1.098003e-06,3224,3224,1.851848,1.850915,3.3936e-02
dev-corpus-06,4348,618,2.103930e-07,573,573,1.025667,1.026149,2.2122e-02
dev-corpus-06,4349,614,7.865771e-07,506,506,3.851786,3.852343,3.5629e-02
dev-corpus-06,4350,118661,1.021238e-05,2132,2132,4.400143,4.400050,3.6044e-02
dev-corpus-06,4351,531,7.455324e-07,236761,236761,1.776583,1.777559,2.4862e-02
dev-corpus-06,4352,506,1.701807e-09,506,506,0.000564,0.000563,2.1221e-02
dev-corpus-06,4353,12249,1.355584e-06,161635,161635,3.518209,3.512566,3.1457e-02
dev-corpus-06,4354,2538,2.991152e-09,2538,2538,0.000187,0.000187,2.6652e-02
dev-corpus-06,4355,236761,5.713937e-08,236761,236761,0.139174,0.139245,2.2409e-02
dev-corpus-06,4356,138,1.025799e-06,108,108,8.320199,8.323460,2.6663e-02
dev-corpus-06,4357,2209,3.249425e-06,2209,2209,0.891841,0.891953,2.9397e-02
dev-corpus-06,4358,29295,5.833864e-06,7971,7971,11.363529,11.367334,3.5033e-02
dev-corpus-06,4359,3131,2.673644e-07,26975,26975,3.717899,3.721660,2.8099e-02
dev-corpus-06,4360,26975,1.629360e-07,26975,26975,0.087319,0.087396,3.1378e-02
dev-corpus-06,4361,528,1.661561e-06,5459,5459,1.319601,1.322297,2.8588e-02
dev-corpus-06,4362,8833,1.866250e-06,11560,11560,15.955033,15.954989,3.3271e-02
dev-corpus-06,4363,31220,1.134383e-08,31220,31220,0.001420,0.001425,4.0501e-02
dev-corpus-06,4364,236764,1.747059e-07,236764,236764,0.181180,0.181420,3.1452e-02
dev-corpus-06,4365,14609,3.356596e-06,14609,14609,0.643789,0.645131,4.1567e-02
dev-corpus-06,4366,236747,7.385620e-09,236747,236747,0.000516,0.000518,2.7205e-02
dev-corpus-06,4367,236764,1.439137e-09,236764,236764,0.000328,0.000329,2.0267e-02
dev-corpus-06,4368,140342,8.823724e-06,532,532,2.938394,2.943567,5.1180e-02
dev-corpus-06,4369,4465,3.932112e-09,1614,1614,8.015839,8.011443,3.3336e-02
dev-corpus-06,4370,236764,2.571008e-09,236764,236764,0.018000,0.017997,2.1293e-02
dev-corpus-06,4371,62852,6.275685e-07,62852,62852,0.428401,0.428449,3.9768e-02
dev-corpus-06,4372,532,4.329583e-09,236764,236764,3.837892,3.838469,2.1350e-02
dev-corpus-06,4373,211901,3.248199e-06,1032,1032,1.159961,1.162764,4.5025e-02
dev-corpus-06,4374,236761,1.137935e-07,236761,236761,0.189939,0.189904,1.9913e-02
dev-corpus-06,4375,1214,1.324306e-06,1293,1293,34.596388,34.605572,2.9318e-02
dev-corpus-06,4376,47909,7.101486e-06,710,710,4.417740,4.418727,2.9805e-02
dev-corpus-06,4377,653,5.219387e-06,26975,26975,6.565219,6.566442,3.8545e-02
dev-corpus-06,4378,208456,6.557607e-07,53590,53590,3.808417,3.805197,3.8697e-02
dev-corpus-06,4379,529,1.329340e-05,11739,11739,1.966427,1.963660,4.2441e-02
dev-corpus-06,4380,506,1.961061e-06,914,914,2.694687,2.690974,2.8131e-02
dev-corpus-06,4381,12571,4.072560e-06,26975,26975,4.952228,4.951197,4.2876e-02
dev-corpus-06,4382,6819,1.042800e-06,236772,236772,6.507283,6.502070,4.1939e-02
dev-corpus-06,4383,6249,8.624978e-06,48522,48522,10.354985,10.384868,4.7121e-02
dev-corpus-06,4384,528,7.919440e-08,529,529,2.159279,2.160283,1.6923e-02
dev-corpus-06,4385,506,2.219232e-09,506,506,0.001159,0.001159,2.6293e-02
dev-corpus-06,4386,861,1.506338e-06,1799,1799,2.002402,1.999322,2.6348e-02
dev-corpus-06,4387,43100,2.057380e-07,53437,53437,0.813366,0.812750,3.3839e-02
dev-corpus-06,4388,691,1.033627e-06,659,659,6.265295,6.265625,2.3339e-02
dev-corpus-06,4389,5267,2.345739e-07,5267,5267,0.051843,0.051920,2.3228e-02
dev-corpus-06,4390,684,1.741331e-08,684,684,0.004570,0.004571,2.0546e-02
dev-corpus-06,4391,6768,2.518627e-07,1515,1515,1.017025,1.017768,2.9574e-02
dev-corpus-06,4392,1343,4.592359e-07,236761,236761,9.028476,9.026889,2.3487e-02
dev-corpus-06,4393,506,9.635448e-07,914,914,5.250560,5.255753,3.2941e-02
dev-corpus-06,4394,14984,3.157988e-06,11739,11739,7.395253,7.407072,4.1636e-02
dev-corpus-06,4395,529,2.811845e-09,529,529,0.001037,0.001035,2.0363e-02
dev-corpus-06,4396,506,1.779268e-07,506,506,0.010994,0.011046,3.4615e-02
dev-corpus-06,4397,27437,2.861532e-08,19055,19055,4.755373,4.755103,3.3781e-02
dev-corpus-06,4398,7304,1.830480e-07,7304,7304,0.064125,0.064265,2.1637e-02
dev-corpus-06,4399,236761,9.966152e-08,236761,236761,0.064343,0.064247,2.0181e-02
dev-corpus-06,4400,106,7.723805e-07,1293,1293,3.709908,3.709101,2.9848e-02
dev-corpus-06,4401,107,1.435445e-05,100,100,11.029231,11.026059,3.7959e-02
dev-corpus-06,4402,105,1.639088e-06,100,100,22.143202,22.139750,2.5987e-02
dev-corpus-06,4403,2364,6.752699e-06,198,198,19.109992,19.030692,2.2061e-01
dev-corpus-06,4404,107,1.226659e-05,100,100,10.512571,10.495951,5.0036e-02
dev-corpus-06,4405,3689,2.116240e-06,100,100,8.821811,8.812686,6.6516e-02
dev-corpus-06,4406,659,1.254779e-06,563,563,2.294172,2.290590,2.6557e-02
dev-corpus-06,4407,1070,3.361100e-07,506,506,1.672833,1.673982,3.1300e-02
dev-corpus-06,4408,2432,9.301978e-07,529,529,6.900117,6.903389,2.4201e-02
dev-corpus-06,4409,531,6.532102e-06,692,692,3.611693,3.606717,2.5440e-02
dev-corpus-06,4410,5630,2.010380e-07,1281,1281,4.767036,4.762406,2.2448e-02
dev-corpus-06,4411,1056,6.542643e-08,1003,1003,6.653253,6.662787,2.0113e-02
dev-corpus-06,4412,11691,8.891557e-07,16319,16319,13.433027,13.435798,2.3096e-02
dev-corpus-06,4413,496,1.675849e-05,496,496,1.077415,1.076993,4.8430e-02
dev-corpus-06,4414,861,1.014200e-05,1295,1295,4.746233,4.744494,3.7792e-02
dev-corpus-06,4415,6727,1.868058e-07,1295,1295,9.592561,9.591895,2.2602e-02
dev-corpus-06,4416,529,1.748567e-10,529,529,0.000014,0.000014,1.6158e-02
dev-corpus-06,4417,33640,2.719913e-07,11795,11795,8.563678,8.565396,2.2046e-02
dev-corpus-06,4418,236881,3.611098e-09,236881,236881,0.026569,0.026567,2.3832e-02
dev-corpus-06,4419,106,2.796839e-06,108,108,2.602794,2.603174,2.3782e-02
dev-corpus-06,4420,107,4.055369e-06,199,199,13.372694,13.381333,4.4374e-02
dev-corpus-06,4421,105,1.672214e-07,100,100,21.543848,21.554525,3.9042e-02
dev-corpus-06,4422,4368,3.240767e-05,100,100,6.039862,6.026337,1.2028e-01
dev-corpus-06,4423,107,4.872306e-07,100,100,7.611613,7.598690,5.4982e-02
dev-corpus-06,4424,3810,5.379073e-09,100,100,9.434216,9.431144,2.4887e-02
dev-corpus-06,4425,659,8.415337e-09,659,659,0.001931,0.001936,1.6018e-02
dev-corpus-06,4426,1551,8.926953e-09,1551,1551,0.003629,0.003632,1.5546e-02
dev-corpus-06,4427,13138,5.509295e-09,5872,5872,11.540402,11.541557,1.9780e-02
dev-corpus-06,4428,1056,2.526406e-08,531,531,6.188248,6.184495,1.8382e-02
dev-corpus-06,4429,886,1.558858e-07,11691,11691,19.282292,19.278885,1.9563e-02
dev-corpus-06,4430,740,3.275850e-07,563,563,9.205303,9.205672,2.2482e-02
dev-corpus-06,4431,2514,9.398139e-07,3717,3717,10.426503,10.422510,2.4379e-02
dev-corpus-06,4432,528,3.830383e-08,528,528,0.008589,0.008605,1.9047e-02
dev-corpus-06,4433,3666,9.282536e-08,3666,3666,0.022156,0.022213,1.6870e-02
dev-corpus-06,4434,1056,4.172477e-07,1056,1056,0.141092,0.141034,1.8736e-02
dev-corpus-06,4435,21186,4.363386e-07,11691,11691,1.121846,1.121092,2.1039e-02
dev-corpus-06,4436,33640,3.484319e-07,496,496,4.508100,4.512525,1.7878e-02
dev-corpus-06,4437,236761,1.754049e-07,236764,236764,3.512457,3.515416,2.0782e-02
dev-corpus-06,4438,107,9.261068e-07,669,669,15.870928,15.863771,2.8639e-02
dev-corpus-06,4439,236770,3.353097e-06,8291,8291,6.139732,6.135197,2.3761e-02
dev-corpus-06,4440,236761,1.463332e-09,236761,236761,0.000630,0.000630,1.8131e-02
dev-corpus-06,4441,48573,2.858762e-07,5213,5213,6.781677,6.776063,3.4046e-02
dev-corpus-06,4442,236787,1.844810e-06,236787,236787,0.940077,0.941120,2.1343e-02
dev-corpus-06,4443,506,3.398032e-06,2900,2900,9.979098,9.978838,3.4018e-02
dev-corpus-06,4444,5708,4.624167e-07,1171,1171,4.266945,4.265514,3.4368e-02
dev-corpus-06,4445,529,3.332571e-07,529,529,0.691036,0.690940,2.1140e-02
dev-corpus-06,4446,14120,2.366451e-07,506,506,6.595016,6.592581,2.0224e-02
dev-corpus-06,4447,1374,9.460935e-07,563,563,2.649566,2.648334,1.9367e-02
dev-corpus-06,4448,577,1.848977e-08,577,577,0.027314,0.027324,2.2545e-02
dev-corpus-06,4449,3582,6.681808e-07,4542,4542,4.324645,4.323541,2.9203e-02
dev-corpus-06,4450,528,4.624595e-07,236761,236761,3.885364,3.884903,2.6361e-02
dev-corpus-06,4451,3666,5.398671e-07,3666,3666,1.307649,1.308805,2.2620e-02
dev-corpus-06,4452,236764,2.532123e-07,236761,236761,2.733812,2.732610,2.1343e-02
dev-corpus-06,4453,858,3.794629e-07,3363,3363,9.030328,9.028303,2.5792e-02
dev-corpus-06,4454,236761,6.909850e-09,236761,236761,0.000411,0.000412,2.6734e-02
dev-corpus-06,4455,236744,3.458044e-08,236744,236744,0.002880,0.002892,2.2543e-02
dev-corpus-06,4456,1126,2.413548e-08,1126,1126,0.668006,0.668006,2.4734e-02
dev-corpus-06,4457,3363,9.941615e-07,573,573,1.369301,1.369002,2.5842e-02
dev-corpus-06,4458,625,4.944811e-07,506,506,1.202208,1.202267,2.5474e-02
dev-corpus-06,4459,236789,3.235126e-07,563,563,2.743115,2.744035,1.9029e-02
dev-corpus-06,4460,236751,1.578313e-10,236751,236751,0.001509,0.001510,1.5569e-02
dev-corpus-06,4461,573,2.807424e-08,573,573,0.012785,0.012794,2.5367e-02
dev-corpus-06,4462,9903,1.426950e-06,13723,13723,8.755072,8.755237,3.3091e-02
dev-corpus-06,4463,1535,5.079926e-07,4252,4252,8.096902,8.098726,2.8263e-02
dev-corpus-06,4464,3325,2.366358e-07,4252,4252,1.469905,1.470197,1.9898e-02
dev-corpus-06,4465,4252,1.650148e-07,4252,4252,0.110453,0.110438,2.2000e-02
dev-corpus-06,4466,653,1.066864e-07,236764,236764,4.128932,4.127513,2.0571e-02
dev-corpus-06,4467,573,3.412652e-07,573,573,0.169991,0.169709,2.7680e-02
dev-corpus-06,4468,981,1.001652e-06,13723,13723,6.086662,6.084092,3.3102e-02
dev-corpus-06,4469,1133,2.339526e-06,9139,9139,4.033157,4.033979,3.1157e-02
dev-corpus-06,4470,4030,1.155414e-06,9139,9139,1.948887,1.947132,3.3714e-02
dev-corpus-06,4471,2948,2.071218e-07,9139,9139,5.377927,5.373919,2.3342e-02
dev-corpus-06,4472,9139,1.063149e-07,9139,9139,0.078182,0.078240,1.6036e-02
dev-corpus-06,4473,236761,1.856939e-07,236761,236761,0.477239,0.477122,2.3872e-02
dev-corpus-06,4474,107,1.132993e-07,107,107,0.020887,0.020836,2.3240e-02
dev-corpus-06,4475,236778,1.011976e-08,236778,236778,0.002138,0.002141,1.8486e-02
dev-corpus-06,4476,236761,4.821338e-10,236761,236761,0.000025,0.000025,2.4179e-02
dev-corpus-06,4477,14584,1.515774e-06,54866,54866,7.125042,7.129600,3.4007e-02
dev-corpus-06,4478,19791,1.163737e-07,236787,236787,16.801953,16.802851,1.8699e-02
dev-corpus-06,4479,236787,1.687115e-08,236787,236787,0.086520,0.086529,1.9802e-02
dev-corpus-06,4480,22100,7.169959e-07,506,506,10.503164,10.503872,2.6604e-02
dev-corpus-06,4481,563,5.081778e-07,1374,1374,1.075934,1.076588,2.4140e-02
dev-corpus-06,4482,2462,2.205496e-06,496,496,2.041916,2.040635,2.5466e-02
dev-corpus-06,4483,614,5.758120e-07,496,496,2.788430,2.787623,2.4188e-02
dev-corpus-06,4484,2132,2.693295e-07,2132,2132,0.439508,0.439894,2.4479e-02
dev-corpus-06,4485,11231,2.585954e-07,5415,5415,2.041276,2.040832,2.8327e-02
dev-corpus-06,4486,1056,8.224302e-08,236764,236764,5.179096,5.177525,2.0043e-02
dev-corpus-06,4487,625,6.312126e-07,11691,11691,4.110726,4.111612,2.3092e-02
dev-corpus-06,4488,3952,1.556002e-08,3952,3952,0.034644,0.034650,2.3965e-02
dev-corpus-06,4489,531,3.862157e-09,531,531,0.000824,0.000826,1.7570e-02
dev-corpus-06,4490,1027,1.016118e-06,11691,11691,3.236291,3.236094,2.3414e-02
dev-corpus-06,4491,4260,2.557772e-07,7408,7408,10.044237,10.047106,2.8035e-02
dev-corpus-06,4492,529,8.752088e-10,529,529,0.000112,0.000112,2.2606e-02
dev-corpus-06,4493,7408,1.047124e-06,7408,7408,0.267251,0.266719,2.4190e-02
dev-corpus-06,4494,236761,2.447364e-07,236761,236761,0.701927,0.701265,2.3983e-02
dev-corpus-06,4495,107,1.760714e-06,107,107,1.332697,1.334633,3.4486e-02
dev-corpus-06,4496,236800,2.429502e-09,236800,236800,0.001712,0.001711,1.7511e-02
dev-corpus-06,4497,236761,1.206692e-10,236761,236761,0.000022,0.000022,1.8332e-02
dev-corpus-06,4498,23531,1.015649e-06,54866,54866,11.567971,11.575885,3.6721e-02
dev-corpus-06,4499,59461,4.939882e-07,59461,59461,0.036907,0.037087,1.8840e-02
dev-corpus-06,4500,32735,1.166838e-08,135398,135398,13.277094,13.280047,1.6365e-02
dev-corpus-06,4501,568,1.060850e-06,236787,236787,0.932729,0.934506,2.3575e-02
dev-corpus-06,4502,27478,1.122478e-08,27478,27478,0.001114,0.001112,1.9687e-02
dev-corpus-06,4503,1473,2.814500e-08,1473,1473,0.027157,0.027189,1.5203e-02
dev-corpus-06,4504,8035,3.141443e-06,1637,1637,10.107009,10.102964,2.9799e-02
dev-corpus-06,4505,9168,1.390286e-06,625,625,4.408585,4.409137,2.9172e-02
dev-corpus-06,4506,32735,6.591814e-07,32735,32735,0.356156,0.355631,1.9305e-02
dev-corpus-06,4507,563,2.138962e-06,563,563,0.951780,0.951508,2.5631e-02
dev-corpus-06,4508,4891,1.019047e-06,496,496,14.421084,14.420206,2.4573e-02
dev-corpus-06,4509,607,4.831527e-06,919,919,5.472758,5.472434,2.9014e-02
dev-corpus-06,4510,1346,1.816677e-06,919,919,4.796168,4.800207,2.7902e-02
dev-corpus-06,4511,140350,1.267591e-06,33640,33640,3.287540,3.286699,2.6182e-02
dev-corpus-06,4512,49808,1.827701e-06,236764,236764,2.442846,2.440959,3.3034e-02
dev-corpus-06,4513,236764,1.756624e-08,236764,236764,0.005487,0.005486,1.7002e-02
dev-corpus-06,4514,506,7.569908e-07,625,625,3.375887,3.375152,3.0008e-02
dev-corpus-06,4515,3325,2.070715e-06,3325,3325,1.202375,1.202256,3.9375e-02
dev-corpus-06,4516,529,1.094764e-07,529,529,0.131247,0.131212,2.3553e-02
dev-corpus-06,4517,111424,1.791800e-06,506,506,1.634016,1.637692,3.7029e-02
dev-corpus-06,4518,2473,1.021309e-06,1374,1374,6.520801,6.519678,2.2949e-02
dev-corpus-06,4519,9729,1.581950e-07,9729,9729,0.580254,0.580394,2.9501e-02
dev-corpus-06,4520,699,1.382573e-06,236761,236761,2.165089,2.164327,2.6178e-02
dev-corpus-06,4521,886,4.762827e-07,886,886,0.256439,0.256654,3.1032e-02
dev-corpus-06,4522,6347,3.483854e-07,2028,2028,9.151459,9.145258,2.8134e-02
dev-corpus-06,4523,531,3.030870e-07,529,529,1.074534,1.073477,2.1093e-02
dev-corpus-06,4524,2264,4.397309e-08,2264,2264,0.171514,0.171631,3.6575e-02
dev-corpus-06,4525,236761,1.620268e-08,236761,236761,0.078449,0.078421,2.2448e-02
dev-corpus-06,4526,1593,5.380067e-07,107,107,6.125195,6.128602,2.4380e-02
dev-corpus-06,4527,625,5.890730e-07,236764,236764,2.292708,2.294157,2.4653e-02
dev-corpus-06,4528,236789,1.218782e-07,563,563,0.772037,0.772380,2.3804e-02
dev-corpus-06,4529,236751,7.400330e-10,236751,236751,0.000195,0.000195,1.5141e-02
dev-corpus-06,4530,2462,6.799522e-07,5367,5367,4.626033,4.627735,2.6464e-02
dev-corpus-06,4531,1535,3.379600e-07,496,496,1.849766,1.848840,2.9629e-02
dev-corpus-06,4532,531,8.359522e-08,531,531,0.032426,0.032479,2.6186e-02
dev-corpus-06,4533,1676,1.254160e-06,2426,2426,3.877336,3.880028,3.0967e-02
dev-corpus-06,4534,1070,3.534030e-07,10595,10595,3.589783,3.589410,2.3571e-02
dev-corpus-06,4535,10595,6.025358e-08,10595,10595,0.035761,0.035805,2.0789e-02
dev-corpus-06,4536,2101,1.024787e-06,531,531,7.942388,7.940895,2.4215e-02
dev-corpus-06,4537,625,9.033054e-07,506,506,3.481449,3.479703,3.2040e-02
dev-corpus-06,4538,236761,7.188809e-08,236761,236761,0.111392,0.111423,2.3550e-02
dev-corpus-06,4539,107,6.059139e-08,107,107,0.025614,0.025565,1.6726e-02
dev-corpus-06,4540,236812,4.053612e-09,236812,236812,0.002668,0.002667,2.2430e-02
dev-corpus-06,4541,236761,4.191425e-10,236761,236761,0.000063,0.000063,1.9957e-02
dev-corpus-06,4542,18424,6.959104e-07,54866,54866,15.725277,15.727300,3.6274e-02
dev-corpus-06,4543,3739,1.888127e-06,151162,151162,10.598561,10.603578,2.2921e-02
dev-corpus-06,4544,532,1.842786e-07,236787,236787,3.858884,3.860573,2.1797e-02
dev-corpus-06,4545,4065,2.511496e-06,4065,4065,1.379750,1.378836,3.4990e-02
dev-corpus-06,4546,236787,1.846443e-08,236787,236787,0.005220,0.005210,1.9980e-02
dev-corpus-06,4547,1030,2.130211e-06,4943,4943,4.472539,4.472957,3.8720e-02
dev-corpus-06,4548,563,5.648515e-07,236789,236789,1.051014,1.051807,2.5885e-02
dev-corpus-06,4549,4180,7.465919e-07,5367,5367,9.966974,9.965626,2.9562e-02
dev-corpus-06,4550,496,2.506303e-06,2462,2462,4.453700,4.456905,2.4319e-02
dev-corpus-06,4551,6606,3.760350e-07,2238,2238,8.063162,8.057334,2.5352e-02
dev-corpus-06,4552,1492,3.298245e-07,49808,49808,2.221191,2.221293,3.7213e-02
dev-corpus-06,4553,600,3.132873e-07,573,573,1.172562,1.172182,2.4323e-02
dev-corpus-06,4554,1418,9.750298e-07,33640,33640,4.184926,4.187483,2.6187e-02
dev-corpus-06,4555,3262,7.189911e-07,54677,54677,5.634301,5.636356,2.6613e-02
dev-corpus-06,4556,54677,4.369691e-07,5500,5500,1.674266,1.673510,2.9213e-02
dev-corpus-06,4557,2544,9.651501e-07,815,815,5.182705,5.182706,2.5760e-02
dev-corpus-06,4558,815,6.842913e-07,815,815,0.521459,0.521755,2.4426e-02
dev-corpus-06,4559,5535,3.687420e-07,496,496,5.269143,5.267093,2.0728e-02
dev-corpus-06,4560,506,2.935524e-07,496,496,9.198579,9.200048,1.9176e-02
dev-corpus-06,4561,7041,6.420558e-06,6551,6551,4.385506,4.383907,2.7612e-02
dev-corpus-06,4562,6551,1.868783e-07,6551,6551,0.133222,0.133219,2.7729e-02
dev-corpus-06,4563,3739,2.964471e-08,3739,3739,0.412132,0.412066,2.0567e-02
dev-corpus-06,4564,607,8.360677e-07,236761,236761,2.516826,2.513063,2.6010e-02
dev-corpus-06,4565,1070,1.228966e-06,3572,3572,3.336673,3.338743,2.8052e-02
dev-corpus-06,4566,1138,8.152775e-07,4065,4065,8.505066,8.504434,3.0162e-02
dev-corpus-06,4567,236772,1.240418e-07,236772,236772,0.045176,0.045265,2.2566e-02
dev-corpus-06,4568,498,1.523246e-06,1190,1190,1.344365,1.341468,2.5559e-02
dev-corpus-06,4569,4065,3.219688e-08,4065,4065,0.147847,0.147881,3.2873e-02
dev-corpus-06,4570,236761,3.833020e-07,236761,236761,0.493499,0.492905,2.4104e-02
dev-corpus-06,4571,2024,6.917836e-07,1593,1593,6.313142,6.313673,3.5863e-02
dev-corpus-06,4572,1070,1.274061e-06,506,506,2.196132,2.196032,2.7720e-02
dev-corpus-06,4573,4699,3.454962e-06,33640,33640,2.798753,2.798562,4.1501e-02
dev-corpus-06,4574,2729,1.810145e-06,735,735,3.005628,3.004166,3.0699e-02
dev-corpus-06,4575,1623,2.416346e-06,919,919,4.909129,4.909826,3.3227e-02
dev-corpus-06,4576,573,1.349862e-07,919,919,14.669558,14.669284,2.8135e-02
dev-corpus-06,4577,5851,2.373273e-06,506,506,14.940213,14.947926,3.0613e-02
dev-corpus-06,4578,236772,1.520774e-07,236772,236772,0.266617,0.266823,1.6923e-02
dev-corpus-06,4579,102059,1.073866e-07,118291,118291,8.616160,8.617774,2.0571e-02
dev-corpus-06,4580,12239,2.445208e-07,2256,2256,2.967823,2.968114,1.7180e-02
dev-corpus-06,4581,1082,8.245335e-07,532,532,4.454204,4.454849,3.0903e-02
dev-corpus-06,4582,3496,4.361606e-08,3496,3496,0.075372,0.075312,3.6884e-02
dev-corpus-06,4583,236761,2.912390e-07,236761,236761,0.140989,0.140731,1.9215e-02
dev-corpus-06,4584,107,1.790979e-07,107,107,0.238654,0.238499,3.5723e-02
dev-corpus-06,4585,236810,6.368006e-09,236810,236810,0.002074,0.002074,2.0700e-02
dev-corpus-06,4586,236761,1.179593e-10,236761,236761,0.000028,0.000028,1.7992e-02
dev-corpus-06,4587,90917,9.119845e-07,54866,54866,15.438690,15.435193,4.0852e-02
dev-corpus-06,4588,1624,8.479386e-07,2109,2109,1.213387,1.214070,2.4281e-02
dev-corpus-06,4589,236787,4.940665e-07,236787,236787,0.771728,0.772756,2.3993e-02
dev-corpus-06,4590,1637,1.218524e-06,1637,1637,1.590611,1.590926,3.2816e-02
dev-corpus-06,4591,611,1.285150e-06,611,611,0.650860,0.652151,3.6907e-02
dev-corpus-06,4592,659,6.982313e-07,659,659,1.200518,1.201114,3.0259e-02
dev-corpus-06,4593,496,7.719269e-07,1771,1771,4.592931,4.596461,3.2826e-02
dev-corpus-06,4594,17597,1.092894e-06,1589,1589,1.870703,1.869326,2.8299e-02
dev-corpus-06,4595,75507,2.715417e-07,67302,67302,1.368845,1.368229,2.4673e-02
dev-corpus-06,4596,236764,2.321019e-07,236764,236764,0.071131,0.071225,2.2734e-02
dev-corpus-06,4597,1299,2.021032e-07,496,496,2.523109,2.522494,2.2845e-02
dev-corpus-06,4598,496,1.361733e-07,496,496,0.212874,0.212788,2.6193e-02
dev-corpus-06,4599,11236,1.946320e-06,6081,6081,4.622309,4.623047,2.3425e-02
dev-corpus-06,4600,532,7.640590e-07,6081,6081,1.389668,1.388951,2.7280e-02
dev-corpus-06,4601,16317,6.369717e-07,22937,22937,4.668511,4.666739,2.7173e-02
dev-corpus-06,4602,54677,2.756369e-07,6081,6081,10.195880,10.205036,3.0413e-02
dev-corpus-06,4603,6081,9.848588e-07,607,607,5.947294,5.947689,3.1680e-02
dev-corpus-06,4604,1624,1.046371e-07,1624,1624,0.035058,0.034986,2.3199e-02
dev-corpus-06,4605,2473,4.731096e-07,563,563,2.732570,2.730722,2.4036e-02
dev-corpus-06,4606,577,4.656363e-08,577,577,0.015150,0.015163,9.4593e-03
dev-corpus-06,4607,1535,2.149608e-07,496,496,5.229618,5.227564,1.7484e-02
dev-corpus-07,4608,107,1.967354e-05,236858,236858,12.910968,12.887547,3.9844e-02
dev-corpus-07,4609,98,3.366150e-05,9731,9731,16.071222,16.070959,4.9571e-02
dev-corpus-07,4610,107,3.911496e-05,100,100,10.145204,10.148216,4.9635e-02
dev-corpus-07,4611,106,4.826222e-05,100,100,10.332727,10.339134,5.7989e-02
dev-corpus-07,4612,107,1.185718e-04,14585,14585,9.259858,9.248242,1.4180e-01
dev-corpus-07,4613,105,9.682421e-06,140,140,20.202100,20.214279,4.6481e-02
dev-corpus-07,4614,2364,8.350140e-06,198,198,30.078230,30.068567,2.3144e-01
dev-corpus-07,4615,107,2.170919e-04,3004,42168,13.152595,13.162068,8.6840e-02
dev-corpus-07,4616,3910,1.392225e-05,100,100,11.419487,11.432453,5.7358e-02
dev-corpus-07,4617,1677,2.374212e-06,776,776,2.138703,2.138672,3.4393e-02
dev-corpus-07,4618,506,2.852059e-06,93036,93036,2.396323,2.393309,3.9123e-02
dev-corpus-07,4619,9115,2.364177e-05,3495,3495,14.480974,14.480550,4.0301e-02
dev-corpus-07,4620,22645,3.473651e-06,3658,3658,12.467093,12.462070,2.8430e-02
dev-corpus-07,4621,1458,1.459556e-07,1458,1458,0.018111,0.018166,1.9433e-02
dev-corpus-07,4622,981,2.063880e-06,981,981,0.093363,0.093062,2.7258e-02
dev-corpus-07,4623,236881,2.937650e-07,236881,236881,0.047728,0.047877,1.9590e-02
dev-corpus-07,4624,106,3.818759e-06,108,108,5.555651,5.546912,3.8169e-02
dev-corpus-07,4625,107,3.053184e-05,100,100,4.426828,4.488258,9.0369e-02
dev-corpus-07,4626,105,6.160848e-06,818,818,16.513459,16.500065,3.2212e-02
dev-corpus-07,4627,4368,6.435024e-05,18645,18645,20.270548,20.252630,1.0145e-01
dev-corpus-07,4628,107,1.633092e-05,100,100,8.985138,8.955033,3.5151e-02
dev-corpus-07,4629,7795,1.117620e-08,100,100,19.987066,19.987199,2.4118e-02
dev-corpus-07,4630,42792,4.333304e-06,529,529,2.627540,2.622805,3.0581e-02
dev-corpus-07,4631,815,2.518087e-06,528,528,2.444374,2.441851,2.6366e-02
dev-corpus-07,4632,1156,7.504345e-06,5213,5213,2.807876,2.796472,2.4839e-02
dev-corpus-07,4633,20644,1.638026e-06,20644,20644,0.514035,0.514778,2.4998e-02
dev-corpus-07,4634,236761,9.271213e-07,236764,236764,5.402162,5.402130,1.5758e-02
dev-corpus-07,4635,669,5.859645e-07,669,669,0.442865,0.443023,1.8282e-02
dev-corpus-07,4636,1171,8.091328e-07,1458,1458,1.742584,1.744462,2.3436e-02
dev-corpus-07,4637,10744,4.937663e-07,10744,10744,0.357027,0.356406,1.2814e-02
dev-corpus-07,4638,563,3.539241e-08,563,563,0.128936,0.128912,1.1251e-02
dev-corpus-07,4639,573,2.647882e-07,573,573,0.122886,0.122700,1.4023e-02
dev-corpus-07,4640,496,1.086927e-07,496,496,0.189146,0.188987,2.9190e-02
dev-corpus-07,4641,1982,1.811706e-06,5213,5213,4.694767,4.700160,2.9211e-02
dev-corpus-07,4642,64272,9.421247e-08,11054,11054,5.421466,5.419015,1.9004e-02
dev-corpus-07,4643,11054,1.314398e-07,11054,11054,0.020108,0.020145,1.7356e-02
dev-corpus-07,4644,236761,3.376365e-07,236764,236764,6.846887,6.852196,1.5200e-02
dev-corpus-07,4645,669,2.587755e-07,669,669,0.030808,0.030930,1.5947e-02
dev-corpus-07,4646,11054,8.535031e-09,1855,1855,11.783775,11.778370,1.9519e-02
dev-corpus-07,4647,607,4.270613e-06,1015,1015,2.874411,2.871963,1.9822e-02
dev-corpus-07,4648,506,7.513283e-09,506,506,0.000812,0.000815,2.3013e-02
dev-corpus-07,4649,6658,9.092290e-08,1346,1346,13.676499,13.669016,2.0363e-02
dev-corpus-07,4650,8862,4.667977e-07,1346,1346,0.810293,0.811018,2.4808e-02
dev-corpus-07,4651,21500,1.609036e-06,529,529,5.968157,5.968705,2.4787e-02
dev-corpus-07,4652,496,9.518074e-07,506,506,4.995333,4.999370,2.8292e-02
dev-corpus-07,4653,23535,6.483874e-06,11171,11171,6.818942,6.820198,4.7464e-02
dev-corpus-07,4654,11171,3.066999e-06,11171,11171,0.072293,0.072916,2.8406e-02
dev-corpus-07,4655,528,2.002748e-06,236761,236761,1.709650,1.705900,1.6172e-02
dev-corpus-07,4656,26778,3.747161e-07,506,506,5.082182,5.072725,2.2019e-02
dev-corpus-07,4657,236761,5.089622e-07,236761,236761,0.094425,0.094153,2.0211e-02
dev-corpus-07,4658,669,1.959271e-07,669,669,0.041320,0.041255,2.0683e-02
dev-corpus-07,4659,1855,2.699210e-08,1855,1855,0.005757,0.005764,2.1261e-02
dev-corpus-07,4660,10744,3.106998e-09,10744,10744,0.001282,0.001282,2.0248e-02
dev-corpus-07,4661,563,1.480305e-06,563,563,0.113126,0.112706,1.9493e-02
dev-corpus-07,4662,573,9.305882e-07,573,573,0.054110,0.053879,2.0299e-02
dev-corpus-07,4663,496,3.101484e-08,496,496,0.019103,0.019120,3.1807e-02
dev-corpus-07,4664,4598,5.089573e-06,5255,5255,0.718135,0.721333,2.9039e-02
dev-corpus-07,4665,236789,3.426281e-08,1694,1694,8.972813,8.976069,2.3417e-02
dev-corpus-07,4666,236751,1.482201e-10,236751,236751,0.000037,0.000037,1.6805e-02
dev-corpus-07,4667,1694,7.127834e-08,1694,1694,0.033339,0.033325,2.5814e-02
dev-corpus-07,4668,529,7.521547e-07,236761,236761,1.790721,1.792339,2.1472e-02
dev-corpus-07,4669,13176,2.046633e-08,13176,13176,0.002445,0.002439,3.2784e-02
dev-corpus-07,4670,236764,4.057245e-07,236761,236761,2.561422,2.563318,1.8618e-02
dev-corpus-07,4671,837,1.940807e-07,532,532,1.085362,1.084601,1.7317e-02
dev-corpus-07,4672,16819,1.091523e-06,23521,23521,12.028744,12.021276,2.0947e-02
dev-corpus-07,4673,657,8.866425e-07,531,531,7.816896,7.819860,2.3868e-02
dev-corpus-07,4674,506,2.237645e-07,506,506,0.113071,0.113249,2.3290e-02
dev-corpus-07,4675,1883,1.672124e-06,1883,1883,0.684037,0.684379,2.8456e-02
dev-corpus-07,4676,1984,1.931750e-08,1984,1984,0.073978,0.073992,1.7234e-02
dev-corpus-07,4677,236761,7.919584e-08,236761,236761,0.121372,0.121281,1.7370e-02
dev-corpus-07,4678,669,1.584136e-06,1174,1174,1.119142,1.117570,2.7155e-02
dev-corpus-07,4679,1855,7.345583e-06,17823,17823,1.955351,1.959764,3.3218e-02
dev-corpus-07,4680,10744,4.895586e-09,10744,10744,0.003641,0.003644,2.1250e-02
dev-corpus-07,4681,23521,6.951413e-07,563,563,0.939964,0.940558,2.1193e-02
dev-corpus-07,4682,506,6.035304e-07,506,506,0.271788,0.272384,1.9655e-02
dev-corpus-07,4683,6782,4.802808e-07,6782,6782,0.788605,0.788396,2.0456e-02
dev-corpus-07,4684,20688,2.851904e-06,5296,5296,3.549965,3.547373,2.2130e-02
dev-corpus-07,4685,4598,2.144633e-07,5296,5296,11.696194,11.692328,1.8775e-02
dev-corpus-07,4686,10065,3.844867e-07,10065,10065,0.295653,0.295607,2.4946e-02
dev-corpus-07,4687,528,1.161236e-06,236761,236761,1.682522,1.684884,2.1313e-02
dev-corpus-07,4688,506,8.862961e-07,26778,26778,1.226191,1.227426,3.4504e-02
dev-corpus-07,4689,26778,4.070876e-06,214934,214934,1.956696,1.958274,2.9719e-02
dev-corpus-07,4690,236761,1.809861e-07,236761,236761,0.022821,0.022739,1.7900e-02
dev-corpus-07,4691,7178,5.126445e-07,108,108,9.335907,9.335114,2.5057e-02
dev-corpus-07,4692,14467,1.067587e-06,990,990,6.218514,6.224548,2.2098e-02
dev-corpus-07,4693,17823,1.176115e-07,17823,17823,0.038294,0.038231,2.2945e-02
dev-corpus-07,4694,2473,1.051342e-06,659,659,5.871498,5.869400,1.8568e-02
dev-corpus-07,4695,577,1.844526e-06,577,577,0.784682,0.783043,2.1200e-02
dev-corpus-07,4696,3742,1.680034e-06,4127,4127,3.444168,3.442100,2.0514e-02
dev-corpus-07,4697,531,1.119531e-06,531,531,0.523888,0.523624,1.8945e-02
dev-corpus-07,4698,16529,1.599689e-06,25430,25430,5.022988,5.023311,2.3385e-02
dev-corpus-07,4699,506,6.364662e-07,506,506,0.170319,0.170315,3.0878e-02
dev-corpus-07,4700,1982,4.975303e-06,119429,119429,2.246844,2.249792,2.6894e-02
dev-corpus-07,4701,77408,9.190753e-06,64272,64272,1.921920,1.924529,2.0030e-02
dev-corpus-07,4702,699,2.399115e-06,236761,236761,4.423514,4.421243,3.0928e-02
dev-corpus-07,4703,506,3.024451e-06,506,506,0.422635,0.421213,2.9343e-02
dev-corpus-07,4704,1171,2.327182e-06,1171,1171,0.491703,0.493366,3.2580e-02
dev-corpus-07,4705,10744,9.132038e-10,10744,10744,0.007736,0.007737,1.8463e-02
dev-corpus-07,4706,236761,3.270853e-07,236761,236761,0.113740,0.113492,2.6143e-02
dev-corpus-07,4707,106,4.554277e-07,108,108,2.338527,2.339353,2.7637e-02
dev-corpus-07,4708,107,5.571301e-06,818,818,8.640738,8.654929,3.0037e-02
dev-corpus-07,4709,105,1.121950e-06,100,100,20.895079,20.903928,2.2037e-02
dev-corpus-07,4710,2364,2.776982e-05,198,198,16.465542,16.459762,5.8461e-02
dev-corpus-07,4711,107,1.507949e-05,100,100,4.219817,4.226885,4.6545e-02
dev-corpus-07,4712,3689,1.908617e-07,100,100,8.867510,8.865962,3.4740e-02
dev-corpus-07,4713,563,2.011772e-07,563,563,0.499910,0.499977,2.0510e-02
dev-corpus-07,4714,506,7.079231e-07,506,506,0.068118,0.068406,4.9563e-02
dev-corpus-07,4715,1791,1.906910e-06,17141,17141,9.495705,9.503156,3.6276e-02
dev-corpus-07,4716,4563,4.421188e-07,1595,1595,12.093489,12.092720,2.5667e-02
dev-corpus-07,4717,573,8.679195e-07,573,573,0.537204,0.537869,2.1454e-02
dev-corpus-07,4718,496,1.766102e-06,496,496,0.403015,0.403023,2.9658e-02
dev-corpus-07,4719,2523,5.933058e-06,42792,42792,6.885501,6.882834,3.3174e-02
dev-corpus-07,4720,17640,1.572314e-06,531,531,1.870720,1.868676,2.5764e-02
dev-corpus-07,4721,528,3.767922e-06,236881,236881,0.965839,0.968565,3.0606e-02
dev-corpus-07,4722,16425,2.038928e-06,9405,9405,14.129568,14.141364,2.4807e-02
dev-corpus-07,4723,3879,3.670469e-06,3879,3879,0.222187,0.223529,2.4290e-02
dev-corpus-07,4724,236881,5.443385e-07,236881,236881,0.041582,0.041510,2.7626e-02
dev-corpus-07,4725,106,3.804301e-06,108,108,1.767672,1.768162,2.4096e-02
dev-corpus-07,4726,107,3.695068e-06,199,199,24.313846,24.344957,4.1646e-02
dev-corpus-07,4727,105,1.648164e-07,100,100,21.056514,21.069108,2.9933e-02
dev-corpus-07,4728,4368,1.000789e-05,198,198,15.959767,15.934690,8.3191e-02
dev-corpus-07,4729,107,6.942399e-09,100,100,8.218449,8.218116,5.3097e-02
dev-corpus-07,4730,818,1.189108e-08,100,100,8.839831,8.837849,2.1189e-02
dev-corpus-07,4731,1791,3.692499e-08,623,623,5.494854,5.498085,1.4098e-02
dev-corpus-07,4732,4563,9.701786e-09,4563,4563,0.000627,0.000624,2.0763e-02
dev-corpus-07,4733,9796,9.827639e-09,573,573,5.011102,5.009723,1.3247e-02
dev-corpus-07,4734,580,3.856818e-07,11716,11716,5.871053,5.869445,1.4652e-02
dev-corpus-07,4735,3141,2.770798e-07,1144,1144,17.345290,17.336610,1.6762e-02
dev-corpus-07,4736,38527,4.850623e-07,2523,2523,4.651161,4.655461,1.6723e-02
dev-corpus-07,4737,532,3.282336e-08,236764,236764,3.663238,3.662207,1.3379e-02
dev-corpus-07,4738,22195,1.739106e-06,1144,1144,3.800425,3.796254,1.7506e-02
dev-corpus-07,4739,236761,1.054446e-06,237028,237028,2.663134,2.660266,1.4019e-02
dev-corpus-07,4740,138,1.852366e-06,2282,2282,13.746592,13.747556,1.9444e-02
dev-corpus-07,4741,108,2.049927e-06,2021,2021,12.010927,12.016651,3.4286e-02
dev-corpus-07,4742,2542,4.243180e-07,2021,2021,3.700656,3.700126,1.7817e-02
dev-corpus-07,4743,496,7.523370e-07,5213,5213,0.883176,0.882404,2.1100e-02
dev-corpus-07,4744,17640,1.282165e-06,5213,5213,9.649072,9.651210,1.9752e-02
dev-corpus-07,4745,528,1.240377e-06,10317,10317,6.155211,6.156634,1.4913e-02
dev-corpus-07,4746,496,3.329689e-07,5213,5213,5.318395,5.312906,2.2016e-02
dev-corpus-07,4747,3207,1.168042e-06,2523,2523,3.156576,3.155190,2.3099e-02
dev-corpus-07,4748,236764,3.220432e-07,6514,6514,2.477486,2.478682,1.8829e-02
dev-corpus-07,4749,611,5.790216e-07,5213,5213,3.934217,3.934559,2.0944e-02
dev-corpus-07,4750,740,5.889761e-08,2473,2473,6.669587,6.666525,1.4123e-02
dev-corpus-07,4751,236858,2.144784e-06,1966,1966,12.886672,12.891027,1.7803e-02
dev-corpus-07,4752,236745,5.712647e-11,236745,236745,0.000031,0.000031,1.4394e-02
dev-corpus-07,4753,12222,9.954722e-08,817,817,3.931897,3.933990,1.9523e-02
dev-corpus-07,4754,9079,2.297954e-07,5213,5213,6.223907,6.222913,2.4186e-02
dev-corpus-07,4755,236761,2.658858e-07,236764,236764,5.201817,5.203390,1.8357e-02
dev-corpus-07,4756,138,1.045006e-06,1030,1030,2.568547,2.566415,2.8852e-02
dev-corpus-07,4757,3810,6.646840e-07,108,108,7.711942,7.712105,2.1418e-02
dev-corpus-07,4758,563,4.439071e-07,563,563,0.796277,0.795567,2.3257e-02
dev-corpus-07,4759,496,4.926640e-07,2613,2613,1.825853,1.825555,1.8214e-02
dev-corpus-07,4760,2455,1.859571e-06,2606,2606,6.446406,6.444524,2.8446e-02
dev-corpus-07,4761,2644,4.641404e-07,6236,6236,3.947220,3.943084,2.0691e-02
dev-corpus-07,4762,529,6.808135e-10,529,529,0.000254,0.000254,1.5399e-02
dev-corpus-07,4763,2487,6.984144e-07,41850,41850,9.032090,9.029122,2.3010e-02
dev-corpus-07,4764,27249,7.634712e-07,5085,5085,8.004338,8.001678,2.4925e-02
dev-corpus-07,4765,236764,1.530036e-06,236764,236764,0.407154,0.407570,2.8467e-02
dev-corpus-07,4766,699,2.103949e-06,6540,6540,7.660879,7.666599,3.4626e-02
dev-corpus-07,4767,46387,1.908001e-06,1494,1494,3.285986,3.289107,2.7702e-02
dev-corpus-07,4768,50560,3.557338e-06,531,531,2.559760,2.559647,3.0659e-02
dev-corpus-07,4769,2550,1.213657e-09,2550,2550,0.000061,0.000060,2.1940e-02
dev-corpus-07,4770,532,3.105720e-08,531,531,8.123119,8.118153,1.8672e-02
dev-corpus-07,4771,70665,1.430126e-06,70665,70665,0.858997,0.858031,2.8606e-02
dev-corpus-07,4772,236764,1.415994e-07,531,531,6.883613,6.883135,2.1347e-02
dev-corpus-07,4773,531,8.633592e-08,531,531,0.015382,0.015429,2.0235e-02
dev-corpus-07,4774,1401,1.061169e-06,1494,1494,4.325327,4.325829,2.4730e-02
dev-corpus-07,4775,11162,1.723135e-06,1494,1494,1.166117,1.163580,2.0377e-02
dev-corpus-07,4776,236764,9.249996e-07,5851,5851,4.513494,4.511542,2.4698e-02
dev-corpus-07,4777,94942,7.753460e-07,1494,1494,2.211223,2.212778,2.3396e-02
dev-corpus-07,4778,63844,5.515517e-09,236772,236772,8.908514,8.905468,2.6400e-02
dev-corpus-07,4779,12616,7.579656e-08,12616,12616,0.182912,0.182822,2.8133e-02
dev-corpus-07,4780,236761,8.268103e-09,236761,236761,0.036376,0.036356,1.8643e-02
dev-corpus-07,4781,138,7.599691e-07,138,138,0.548636,0.548025,3.0009e-02
dev-corpus-07,4782,1509,1.024853e-06,818,818,2.145420,2.144136,2.6082e-02
dev-corpus-07,4783,563,9.513902e-07,563,563,0.983260,0.982503,1.9060e-02
dev-corpus-07,4784,2651,1.294015e-06,496,496,8.759313,8.759200,2.6915e-02
dev-corpus-07,4785,531,8.080236e-09,531,531,0.008587,0.008588,1.9389e-02
dev-corpus-07,4786,974,8.648690e-06,1586,1586,3.850385,3.850317,3.0307e-02
dev-corpus-07,4787,496,2.988910e-07,5745,5745,6.621588,6.619706,2.0782e-02
dev-corpus-07,4788,4287,3.114759e-06,5113,5113,3.968244,3.979670,3.9307e-02
dev-corpus-07,4789,13294,2.858522e-06,13294,13294,0.523356,0.521696,2.7494e-02
dev-corpus-07,4790,528,1.039771e-06,528,528,1.127871,1.126972,2.2999e-02
dev-corpus-07,4791,9079,9.321814e-07,9079,9079,0.098003,0.097620,3.1754e-02
dev-corpus-07,4792,236761,8.554672e-07,236761,236761,0.546517,0.546953,2.1799e-02
dev-corpus-07,4793,138,2.065259e-07,138,138,0.188499,0.188493,2.6184e-02
dev-corpus-07,4794,818,8.173803e-07,818,818,1.369238,1.369908,2.5921e-02
dev-corpus-07,4795,98615,3.312445e-06,3207,3207,5.768991,5.770045,2.9301e-02
dev-corpus-07,4796,992,2.514502e-06,198,198,8.005181,8.001172,2.3843e-02
dev-corpus-07,4797,563,3.239556e-06,198,198,2.564384,2.560764,2.1680e-02
dev-corpus-07,4798,15978,1.588346e-06,7516,7516,5.742722,5.742444,3.3453e-02
dev-corpus-07,4799,236764,7.163428e-07,236764,236764,0.472682,0.473349,2.2125e-02
dev-corpus-07,4800,607,2.768643e-06,607,607,0.651414,0.650867,2.2702e-02
dev-corpus-07,4801,4532,4.625492e-06,70836,70836,14.116696,14.109565,3.7694e-02
dev-corpus-07,4802,13217,1.058983e-06,70836,70836,2.309670,2.309122,3.0137e-02
dev-corpus-07,4803,9292,3.841317e-07,236764,236764,7.974529,7.977994,2.2116e-02
dev-corpus-07,4804,607,1.809588e-08,607,607,0.008174,0.008183,2.5599e-02
dev-corpus-07,4805,9760,5.128990e-07,11858,11858,4.037422,4.033909,3.0237e-02
dev-corpus-07,4806,9108,1.485344e-06,50744,50744,4.071229,4.072881,3.2912e-02
dev-corpus-07,4807,236764,6.145952e-07,236761,236761,2.577859,2.577457,2.2044e-02
dev-corpus-07,4808,532,1.222369e-06,532,532,1.320248,1.318567,3.2547e-02
dev-corpus-07,4809,1551,9.077863e-07,506,506,3.317614,3.317871,3.7476e-02
dev-corpus-07,4810,41850,2.388466e-06,41850,41850,1.144056,1.144801,3.6242e-02
dev-corpus-07,4811,531,1.078032e-06,236761,236761,1.332852,1.332956,2.2799e-02
dev-corpus-07,4812,5727,4.508551e-07,11327,11327,5.033972,5.034783,3.9403e-02
dev-corpus-07,4813,822,2.658016e-06,496,496,4.933437,4.928138,2.6064e-02
dev-corpus-07,4814,2668,1.172087e-06,2668,2668,0.661176,0.661941,3.0688e-02
dev-corpus-07,4815,236761,9.441173e-09,236761,236761,0.006294,0.006296,2.1400e-02
dev-corpus-07,4816,35640,3.070549e-07,138,138,12.141814,12.146246,3.0616e-02
dev-corpus-07,4817,2101,4.212827e-08,2101,2101,0.014725,0.014754,2.1976e-02
dev-corpus-07,4818,9079,6.094333e-07,563,563,2.356430,2.353863,2.1193e-02
dev-corpus-07,4819,563,7.902590e-07,563,563,0.134821,0.134407,1.9770e-02
dev-corpus-07,4820,1401,5.288475e-07,3735,3735,3.911422,3.913380,2.0880e-02
dev-corpus-07,4821,3735,4.070654e-08,3735,3735,0.133566,0.133631,2.1758e-02
dev-corpus-07,4822,236764,5.912531e-07,236764,236764,0.540203,0.540185,1.8980e-02
dev-corpus-07,4823,618,4.092174e-07,607,607,2.205854,2.207357,2.3042e-02
dev-corpus-07,4824,625,6.993983e-07,506,506,2.262885,2.260728,2.7081e-02
dev-corpus-07,4825,563,5.549795e-07,815,815,1.021027,1.019782,2.3165e-02
dev-corpus-07,4826,496,1.417714e-06,496,496,1.016951,1.016282,2.6840e-02
dev-corpus-07,4827,1401,3.152448e-06,1401,1401,1.616028,1.618717,2.2734e-02
dev-corpus-07,4828,232697,1.082043e-06,232697,232697,0.782762,0.782601,2.7226e-02
dev-corpus-07,4829,3207,4.441093e-08,3207,3207,0.013902,0.013908,2.0549e-02
dev-corpus-07,4830,532,6.223907e-07,236764,236764,2.146962,2.147990,2.1354e-02
dev-corpus-07,4831,992,4.241779e-07,506,506,4.129150,4.130475,2.4609e-02
dev-corpus-07,4832,815,5.628224e-07,815,815,0.067770,0.067641,2.3914e-02
dev-corpus-07,4833,614,5.711387e-07,614,614,0.651796,0.652216,2.2616e-02
dev-corpus-07,4834,8143,6.018666e-07,7516,7516,4.382500,4.378790,2.2906e-02
dev-corpus-07,4835,532,4.358758e-07,1237,1237,7.173301,7.174548,2.1477e-02
dev-corpus-07,4836,9150,5.319903e-07,12688,12688,6.927955,6.928749,3.0467e-02
dev-corpus-07,4837,46387,4.408005e-07,46387,46387,0.434235,0.433749,3.1908e-02
dev-corpus-07,4838,1237,4.004265e-07,1237,1237,0.569340,0.568812,2.7420e-02
dev-corpus-07,4839,14227,4.184488e-08,5203,5203,1.372727,1.372311,2.1579e-02
dev-corpus-07,4840,1458,4.834533e-08,1458,1458,0.048662,0.048727,2.2577e-02
dev-corpus-07,4841,236761,1.008816e-07,236761,236761,0.032587,0.032514,2.4948e-02
dev-corpus-07,4842,138,3.381216e-07,138,138,0.231676,0.231685,2.6565e-02
dev-corpus-07,4843,108,2.391290e-06,818,818,2.282924,2.286413,3.1915e-02
dev-corpus-07,4844,2542,8.127452e-08,2859,2859,1.309205,1.309256,2.3678e-02
dev-corpus-07,4845,496,1.573727e-06,496,496,0.425714,0.426560,3.5330e-02
dev-corpus-07,4846,13288,2.030877e-06,7642,7642,11.073613,11.070060,3.8399e-02
dev-corpus-07,4847,17640,4.726421e-06,17640,17640,1.425726,1.421970,2.6236e-02
dev-corpus-07,4848,236764,3.411533e-08,236764,236764,0.024324,0.024306,2.0868e-02
dev-corpus-07,4849,9630,1.096846e-06,611,611,1.281230,1.279771,2.6845e-02
dev-corpus-07,4850,22000,1.366412e-07,22000,22000,0.096153,0.096153,3.3259e-02
dev-corpus-07,4851,563,5.991770e-07,528,528,2.388248,2.388790,2.5789e-02
dev-corpus-07,4852,10455,8.982783e-07,496,496,4.261352,4.260643,2.8856e-02
dev-corpus-07,4853,236764,1.242872e-07,236761,236761,3.850469,3.853029,2.3028e-02
dev-corpus-07,4854,532,7.611727e-07,9722,9722,7.579073,7.576860,2.6974e-02
dev-corpus-07,4855,528,8.717605e-06,198,198,7.576842,7.585149,4.7203e-02
dev-corpus-07,4856,2931,1.440416e-06,506,506,3.089828,3.089317,3.0195e-02
dev-corpus-07,4857,16384,2.382485e-06,236764,236764,9.050430,9.046281,4.1649e-02
dev-corpus-07,4858,128914,7.267644e-09,128914,128914,0.000215,0.000216,5.7803e-02
dev-corpus-07,4859,236764,2.021614e-06,563,563,2.421912,2.423302,2.2563e-02
dev-corpus-07,4860,837,1.533307e-06,837,837,0.877194,0.877931,4.2832e-02
dev-corpus-07,4861,563,8.421402e-07,563,563,0.257147,0.256745,2.4644e-02
dev-corpus-07,4862,12865,1.461629e-06,496,496,10.653345,10.656734,3.1071e-02
dev-corpus-07,4863,18793,2.768934e-06,4542,4542,1.228326,1.228614,3.1943e-02
dev-corpus-07,4864,618,5.375306e-08,618,618,0.005000,0.004998,2.2570e-02
dev-corpus-07,4865,506,1.794557e-07,886,886,3.493659,3.492225,2.1043e-02
dev-corpus-07,4866,198857,4.343548e-07,1346,1346,2.924002,2.921971,2.4440e-02
dev-corpus-07,4867,9744,1.165955e-07,5148,5148,1.748888,1.748854,2.3382e-02
dev-corpus-07,4868,528,1.053242e-06,580,580,1.380497,1.381975,2.1905e-02
dev-corpus-07,4869,9630,1.110421e-06,506,506,8.715181,8.718692,2.9674e-02
dev-corpus-07,4870,22000,8.341105e-09,22000,22000,0.000204,0.000202,2.7873e-02
dev-corpus-07,4871,236761,6.875862e-09,236761,236761,0.009459,0.009450,2.1864e-02
dev-corpus-07,4872,138,9.550882e-07,669,669,1.893254,1.891162,3.4593e-02
dev-corpus-07,4873,41201,6.160353e-07,1509,1509,7.689381,7.688725,2.3808e-02
dev-corpus-07,4874,531,1.031691e-06,2101,2101,1.629499,1.626994,2.3621e-02
dev-corpus-07,4875,16384,7.940721e-07,9630,9630,3.155143,3.151781,3.0435e-02
dev-corpus-07,4876,128914,8.419416e-11,128914,128914,0.000101,0.000101,2.0472e-02
dev-corpus-07,4877,563,2.917154e-06,563,563,1.128032,1.128199,1.8833e-02
dev-corpus-07,4878,13493,1.317048e-06,496,496,3.646208,3.645495,2.5535e-02
dev-corpus-07,4879,3735,2.270686e-07,3735,3735,0.132032,0.131987,2.9472e-02
dev-corpus-07,4880,236764,2.145109e-07,236764,236764,0.299047,0.298834,2.3539e-02
dev-corpus-07,4881,618,1.118289e-06,618,618,1.114341,1.113382,2.5066e-02
dev-corpus-07,4882,625,1.310019e-06,993,993,1.056214,1.054182,2.2620e-02
dev-corpus-07,4883,236858,5.140052e-07,563,563,8.605186,8.602821,2.3074e-02
dev-corpus-07,4884,236751,1.150466e-11,236751,236751,0.000002,0.000002,2.3077e-02
dev-corpus-07,4885,3107,1.046583e-06,15283,15283,4.717567,4.719588,2.9422e-02
dev-corpus-07,4886,531,3.357191e-08,531,531,0.105497,0.105428,2.0185e-02
dev-corpus-07,4887,32373,9.218710e-07,32373,32373,0.105660,0.105932,3.0735e-02
dev-corpus-07,4888,236761,4.728418e-07,236764,236764,1.895076,1.893812,2.8975e-02
dev-corpus-07,4889,138,1.677199e-06,669,669,3.681786,3.678978,3.4175e-02
dev-corpus-07,4890,818,1.239233e-06,818,818,0.437608,0.438130,3.3077e-02
dev-corpus-07,4891,2780,1.509575e-06,35750,35750,8.915737,8.906569,3.8259e-02
dev-corpus-07,4892,563,8.260953e-07,198,198,1.056567,1.055185,2.4143e-02
dev-corpus-07,4893,24746,1.581910e-06,7516,7516,11.764141,11.756645,3.7422e-02
dev-corpus-07,4894,31979,6.392061e-07,31979,31979,0.717175,0.717702,4.6957e-02
dev-corpus-07,4895,236764,1.236064e-06,236764,236764,0.121639,0.121990,2.0413e-02
dev-corpus-07,4896,6151,3.126794e-07,532,532,6.440200,6.440217,3.3560e-02
dev-corpus-07,4897,625,1.419376e-06,198,198,1.673361,1.672068,3.6574e-02
dev-corpus-07,4898,236858,1.191972e-06,740,740,4.940089,4.939790,2.6132e-02
dev-corpus-07,4899,236751,5.986355e-11,236751,236751,0.000014,0.000014,2.2216e-02
dev-corpus-07,4900,6816,2.738289e-06,198,198,5.603678,5.607836,4.1810e-02
dev-corpus-07,4901,16962,1.336041e-06,198,198,13.198630,13.197277,3.5140e-02
dev-corpus-07,4902,12896,1.619581e-07,12896,12896,0.039315,0.039398,2.4920e-02
dev-corpus-07,4903,2780,3.187347e-06,236764,236764,1.660910,1.658715,3.3893e-02
dev-corpus-07,4904,568,4.343455e-07,236764,236764,7.179430,7.180389,3.0527e-02
dev-corpus-07,4905,4060,3.065258e-06,125681,125681,6.180805,6.178798,3.8699e-02
dev-corpus-07,4906,5809,2.129304e-05,919,919,12.894145,12.893533,5.1516e-02
dev-corpus-07,4907,3835,3.374709e-06,37987,37987,2.734819,2.739013,5.5808e-02
dev-corpus-07,4908,573,2.049478e-06,573,573,0.596879,0.598041,2.6401e-02
dev-corpus-07,4909,1032,7.617094e-06,46898,46898,2.781501,2.783220,4.5546e-02
dev-corpus-07,4910,24358,1.055837e-06,130754,130754,6.129107,6.128304,2.8063e-02
dev-corpus-07,4911,2780,6.904689e-08,130754,130754,4.210541,4.210704,2.2613e-02
dev-corpus-07,4912,769,6.765034e-08,769,769,0.299399,0.299430,2.3199e-02
dev-corpus-07,4913,138,1.615105e-06,669,669,1.339857,1.339148,4.5568e-02
dev-corpus-07,4914,126637,3.115511e-06,818,818,11.050984,11.049602,3.0497e-02
dev-corpus-07,4915,2101,1.361706e-06,2101,2101,1.157781,1.157959,3.0854e-02
dev-corpus-07,4916,506,3.471690e-07,506,506,0.024686,0.024800,2.5206e-02
dev-corpus-07,4917,13288,1.671133e-07,13288,13288,0.118936,0.118749,2.4367e-02
dev-corpus-07,4918,563,4.393796e-07,563,563,0.085823,0.086033,1.7601e-02
dev-corpus-07,4919,13139,4.902576e-06,3735,3735,7.512042,7.510627,3.7944e-02
dev-corpus-07,4920,607,1.486673e-07,236764,236764,3.591853,3.591695,2.1826e-02
dev-corpus-07,4921,614,6.282017e-07,181140,181140,12.520986,12.522627,3.2744e-02
dev-corpus-07,4922,8143,3.647587e-06,7516,7516,6.334922,6.330680,2.8347e-02
dev-corpus-07,4923,40916,9.788340e-07,40916,40916,0.630618,0.630559,3.1997e-02
dev-corpus-07,4924,2509,9.522299e-09,1458,1458,2.936087,2.936619,3.0241e-02
dev-corpus-07,4925,580,1.475697e-08,236761,236761,12.017916,12.015758,2.3169e-02
dev-corpus-07,4926,9630,1.520690e-06,506,506,3.804101,3.801773,2.5942e-02
dev-corpus-07,4927,22000,3.491673e-09,22000,22000,0.000438,0.000438,3.2508e-02
dev-corpus-07,4928,236764,6.195475e-08,236761,236761,2.991103,2.992531,2.9361e-02
dev-corpus-07,4929,6151,4.044049e-07,532,532,5.610431,5.605683,3.2826e-02
dev-corpus-07,4930,3978,1.280236e-06,611,611,7.432490,7.429824,2.9075e-02
dev-corpus-07,4931,1131,1.797234e-06,531,531,5.006932,5.007555,3.1518e-02
dev-corpus-07,4932,506,5.107231e-06,506,506,0.356960,0.358827,3.4516e-02
dev-corpus-07,4933,3141,6.011351e-06,2433,2433,9.994353,9.989860,3.1840e-02
dev-corpus-07,4934,25686,2.530034e-07,25686,25686,0.288251,0.288028,2.5042e-02
dev-corpus-07,4935,740,7.167624e-07,740,740,0.429165,0.429896,2.3822e-02
dev-corpus-07,4936,577,5.458488e-07,6494,6494,1.124897,1.126247,2.4313e-02
dev-corpus-07,4937,496,1.746950e-05,198,198,1.554669,1.549352,6.1580e-02
dev-corpus-07,4938,3103,2.370030e-06,3103,3103,0.406984,0.407088,6.4173e-02
dev-corpus-07,4939,14798,4.667238e-06,41086,41086,2.310102,2.310895,4.1240e-02
dev-corpus-07,4940,2238,1.135836e-06,236761,236761,10.617129,10.623313,3.2104e-02
dev-corpus-07,4941,506,5.686731e-08,506,506,0.052025,0.052082,2.1545e-02
dev-corpus-07,4942,26607,1.291773e-06,25465,25465,4.438894,4.438775,2.3009e-02
dev-corpus-07,4943,568,1.267071e-06,236761,236761,10.424177,10.423966,2.5173e-02
dev-corpus-07,4944,814,1.552811e-06,7624,7624,2.605534,2.605493,3.1756e-02
dev-corpus-07,4945,2414,2.399298e-06,611,611,4.210701,4.212916,3.5341e-02
dev-corpus-07,4946,531,8.772722e-07,1070,1070,1.016529,1.014953,2.4737e-02
dev-corpus-07,4947,3727,2.042777e-06,1202,1202,1.691806,1.689548,2.3092e-02
dev-corpus-07,4948,42035,1.315720e-06,496,496,4.956424,4.961708,3.2050e-02
dev-corpus-07,4949,138,3.107594e-06,138,138,0.351311,0.349878,4.2779e-02
dev-corpus-07,4950,12575,3.450445e-06,108,108,6.893776,6.904216,4.9760e-02
dev-corpus-07,4951,25686,4.165867e-06,20736,20736,3.490661,3.485678,3.9740e-02
dev-corpus-07,4952,3541,1.894377e-06,659,659,8.662900,8.654985,3.8366e-02
dev-corpus-07,4953,16384,3.252262e-06,506,506,3.056457,3.050484,3.0817e-02
dev-corpus-07,4954,128914,1.411362e-10,128914,128914,0.000085,0.000085,1.3554e-02
dev-corpus-07,4955,659,8.797815e-07,659,659,0.460486,0.460404,2.7763e-02
dev-corpus-07,4956,992,5.284647e-06,1401,1401,3.857260,3.858235,5.5436e-02
dev-corpus-07,4957,1401,3.310348e-06,1401,1401,1.092943,1.092920,4.1138e-02
dev-corpus-07,4958,85651,1.132611e-05,56849,56849,4.415364,4.419330,3.1357e-02
dev-corpus-07,4959,236764,4.944808e-07,532,532,1.567530,1.567403,2.6076e-02
dev-corpus-07,4960,532,8.680125e-07,198,198,1.431882,1.431652,4.3123e-02
dev-corpus-07,4961,2351,3.401093e-06,506,506,13.505710,13.506192,3.8125e-02
dev-corpus-07,4962,9378,3.938206e-07,3735,3735,2.648738,2.647723,2.2709e-02
dev-corpus-07,4963,5149,2.532856e-09,5149,5149,0.000610,0.000609,1.9290e-02
dev-corpus-07,4964,1271,5.928105e-06,529,529,19.732397,19.728491,3.1289e-02
dev-corpus-07,4965,611,1.082149e-06,198,198,1.397584,1.398226,4.2794e-02
dev-corpus-07,4966,236858,6.947186e-07,740,740,3.053189,3.054482,3.2271e-02
dev-corpus-07,4967,859,9.648207e-08,859,859,0.028682,0.028731,2.3199e-02
dev-corpus-07,4968,8426,5.803410e-07,1586,1586,5.683099,5.679673,3.1325e-02
dev-corpus-07,4969,974,1.400236e-06,1461,1461,5.254602,5.259070,2.9629e-02
dev-corpus-07,4970,1535,4.328448e-06,198,198,7.908650,7.918040,4.0251e-02
dev-corpus-07,4971,8774,3.267151e-06,8208,8208,3.452634,3.456637,3.5655e-02
dev-corpus-07,4972,1771,7.366324e-06,236761,236761,10.816227,10.813398,3.5634e-02
dev-corpus-07,4973,699,1.341171e-06,872,872,3.212882,3.213043,3.3377e-02
dev-corpus-07,4974,9744,5.712187e-07,886,886,3.689904,3.685312,2.7952e-02
dev-corpus-07,4975,531,4.490076e-09,531,531,0.000798,0.000797,2.2888e-02
dev-corpus-07,4976,9744,4.686964e-08,9744,9744,0.001346,0.001338,3.4243e-02
dev-corpus-07,4977,236761,1.421036e-06,236761,236761,0.154912,0.155512,3.9967e-02
dev-corpus-07,4978,108,4.625186e-07,138,138,2.784856,2.786188,3.0300e-02
dev-corpus-07,4979,2542,6.452299e-08,2542,2542,0.083035,0.082941,2.5286e-02
dev-corpus-07,4980,496,1.478330e-06,496,496,0.274530,0.275400,2.8059e-02
dev-corpus-07,4981,77707,2.612019e-06,7642,7642,5.731704,5.728271,4.4192e-02
dev-corpus-07,4982,17640,1.802261e-06,17640,17640,0.180932,0.180157,3.6253e-02
dev-corpus-07,4983,236764,2.798984e-08,236764,236764,0.003923,0.003914,2.6983e-02
dev-corpus-07,4984,181433,3.211634e-07,506,506,11.831619,11.826632,3.1943e-02
dev-corpus-07,4985,563,4.752563e-07,563,563,0.714452,0.714192,2.8821e-02
dev-corpus-07,4986,496,2.154693e-06,496,496,1.469004,1.469349,3.6925e-02
dev-corpus-07,4987,1822,9.675618e-07,19282,19282,4.081436,4.081045,3.4817e-02
dev-corpus-07,4988,5313,2.937394e-07,5313,5313,0.566640,0.566971,3.9099e-02
dev-corpus-07,4989,236761,9.846466e-08,236761,236761,0.301182,0.301091,2.2259e-02
dev-corpus-07,4990,138,1.153589e-06,1030,1030,4.401205,4.404116,3.5083e-02
dev-corpus-07,4991,1509,1.796780e-06,1509,1509,0.409364,0.408907,3.2473e-02
dev-corpus-07,4992,236858,6.226778e-07,815,815,3.109114,3.111298,2.6495e-02
dev-corpus-07,4993,236751,6.484227e-12,236751,236751,0.000001,0.000001,2.1483e-02
dev-corpus-07,4994,711,7.745491e-07,198,198,5.756530,5.756856,3.5752e-02
dev-corpus-07,4995,834,5.860733e-06,198,198,12.747977,12.751563,3.5069e-02
dev-corpus-07,4996,13139,1.839522e-06,2793,2793,9.472713,9.471331,3.5205e-02
dev-corpus-07,4997,531,5.340831e-07,618,618,1.968449,1.968055,2.2745e-02
dev-corpus-07,4998,974,2.703511e-07,974,974,0.079565,0.079507,2.6883e-02
dev-corpus-07,4999,993,5.123908e-07,531,531,2.291005,2.291997,3.0586e-02
dev-corpus-07,5000,699,2.772698e-06,618,618,4.066830,4.066837,2.4272e-02
dev-corpus-07,5001,506,4.760596e-06,1551,1551,2.063971,2.062276,3.2047e-02
dev-corpus-07,5002,3640,6.936288e-07,1884,1884,11.378368,11.378503,3.0119e-02
dev-corpus-07,5003,4184,3.977233e-07,15305,15305,2.053777,2.051460,2.6447e-02
dev-corpus-07,5004,236764,9.387235e-07,236764,236764,0.191003,0.191370,2.6783e-02
dev-corpus-07,5005,4285,3.636341e-07,840,840,9.539503,9.539324,3.4096e-02
dev-corpus-07,5006,573,2.021608e-06,768,768,5.119745,5.120952,2.5452e-02
dev-corpus-07,5007,1724,1.686911e-06,496,496,1.647566,1.647847,3.7225e-02
dev-corpus-07,5008,528,1.530830e-06,1015,1015,3.617072,3.616982,2.8771e-02
dev-corpus-07,5009,506,1.180579e-06,506,506,0.193092,0.192769,4.0770e-02
dev-corpus-07,5010,16425,5.601431e-07,66616,66616,5.742835,5.740756,2.4983e-02
dev-corpus-07,5011,3640,1.586972e-06,912,912,2.180200,2.181901,3.0520e-02
dev-corpus-07,5012,4184,2.024812e-07,4184,4184,0.003504,0.003467,2.6289e-02
dev-corpus-07,5013,2338,8.404747e-07,236764,236764,7.679840,7.681622,2.6429e-02
dev-corpus-07,5014,993,1.674892e-06,625,625,2.133897,2.130048,2.9760e-02
dev-corpus-07,5015,659,2.818662e-06,659,659,0.375557,0.376859,2.9701e-02
dev-corpus-07,5016,951,1.211481e-06,951,951,0.722618,0.722805,3.1099e-02
dev-corpus-07,5017,1982,5.046679e-08,1982,1982,0.011800,0.011785,2.3460e-02
dev-corpus-07,5018,22344,3.887482e-08,22344,22344,0.011994,0.011992,2.5367e-02
dev-corpus-07,5019,236761,7.411174e-07,236761,236761,0.553097,0.552547,2.4163e-02
dev-corpus-07,5020,138,8.392533e-07,3153,3153,5.587810,5.584445,3.0538e-02
dev-corpus-07,5021,9675,2.338843e-06,9675,9675,0.741064,0.742546,3.6375e-02
dev-corpus-07,5022,236764,4.416881e-09,236764,236764,0.000488,0.000490,2.6801e-02
dev-corpus-07,5023,625,3.983582e-06,506,506,2.212809,2.213968,3.4661e-02
dev-corpus-07,5024,236858,9.561898e-07,563,563,3.042966,3.045286,2.7119e-02
dev-corpus-07,5025,236751,2.173024e-11,236751,236751,0.000003,0.000003,2.9501e-02
dev-corpus-07,5026,1388,9.461336e-06,5367,5367,3.620715,3.612561,4.1984e-02
dev-corpus-07,5027,5367,4.431636e-07,5367,5367,0.101286,0.101522,2.7455e-02
dev-corpus-07,5028,506,1.218266e-08,506,506,0.015591,0.015605,2.3332e-02
dev-corpus-07,5029,7946,6.322228e-07,4514,4514,1.975705,1.977198,3.1665e-02
dev-corpus-07,5030,236761,3.958291e-07,236761,236761,0.221118,0.220839,2.5560e-02
dev-corpus-07,5031,138,4.185027e-07,669,669,5.020368,5.020634,3.3431e-02
dev-corpus-07,5032,2094,7.270780e-07,818,818,6.830562,6.830492,3.6643e-02
dev-corpus-07,5033,111163,6.366138e-06,3207,3207,3.080146,3.089456,4.1449e-02
dev-corpus-07,5034,3207,7.825154e-07,3207,3207,0.063606,0.063909,2.7691e-02
dev-corpus-07,5035,563,1.063307e-06,563,563,1.128379,1.127876,3.1024e-02
dev-corpus-07,5036,29077,2.424117e-06,19282,19282,7.942274,7.947421,4.6821e-02
dev-corpus-07,5037,30264,9.005050e-08,236772,236772,5.713719,5.706759,2.7287e-02
dev-corpus-07,5038,4148,7.700912e-07,236764,236764,2.909814,2.908193,4.0644e-02
dev-corpus-07,5039,236761,3.949937e-07,236764,236764,4.535606,4.531361,3.0127e-02
dev-corpus-07,5040,138,2.036466e-06,138,138,0.905507,0.903623,3.3149e-02
dev-corpus-07,5041,818,7.758221e-07,818,818,0.423666,0.424308,2.8749e-02
dev-corpus-07,5042,1331,4.899586e-06,2780,2780,6.974162,6.967492,4.9285e-02
dev-corpus-07,5043,659,6.409310e-07,659,659,0.189938,0.189882,3.8574e-02
dev-corpus-07,5044,3571,1.083183e-06,10841,10841,14.638950,14.645342,5.1152e-02
dev-corpus-07,5045,506,1.152779e-08,506,506,0.006381,0.006386,2.4797e-02
dev-corpus-07,5046,4389,9.076707e-07,1346,1346,1.809851,1.809139,2.8596e-02
dev-corpus-07,5047,24573,9.411912e-09,24573,24573,0.001979,0.001985,3.2484e-02
dev-corpus-07,5048,528,7.594836e-07,611,611,1.215827,1.216562,3.0114e-02
dev-corpus-07,5049,3879,2.514412e-06,506,506,1.467112,1.466751,3.9940e-02
dev-corpus-07,5050,236761,7.481369e-08,236764,236764,3.690866,3.691701,2.4986e-02
dev-corpus-07,5051,138,1.718625e-07,138,138,0.332956,0.332800,3.5641e-02
dev-corpus-07,5052,818,4.575055e-07,818,818,0.190143,0.190339,3.4497e-02
dev-corpus-07,5053,2780,1.213648e-06,2780,2780,0.630671,0.630181,6.0410e-02
dev-corpus-07,5054,563,1.194080e-06,563,563,0.444310,0.445321,3.1682e-02
dev-corpus-07,5055,13493,1.843464e-06,7516,7516,7.140514,7.137607,4.3823e-02
dev-corpus-07,5056,46387,2.495221e-06,31979,31979,1.604131,1.604885,3.4665e-02
dev-corpus-07,5057,532,6.505178e-08,236764,236764,2.969780,2.969097,3.5745e-02
dev-corpus-07,5058,14788,8.132003e-07,198,198,1.925781,1.926730,4.3146e-02
dev-corpus-07,5059,236764,1.731711e-06,236764,236764,0.496384,0.497732,4.7204e-02
dev-corpus-07,5060,607,1.170510e-06,532,532,2.644195,2.643872,3.6238e-02
dev-corpus-07,5061,496,8.858415e-07,496,496,1.328114,1.327830,3.5026e-02
dev-corpus-07,5062,2606,1.208428e-06,3188,3188,2.049654,2.048028,3.3467e-02
dev-corpus-07,5063,529,1.491934e-07,529,529,0.005760,0.005720,2.6543e-02
dev-corpus-07,5064,37987,2.515889e-06,37987,37987,0.636053,0.636799,3.8375e-02
dev-corpus-07,5065,3835,1.554553e-06,198,198,1.795326,1.795857,3.6160e-02
dev-corpus-07,5066,236761,1.470870e-06,236761,236761,0.108633,0.108203,3.6292e-02
dev-corpus-07,5067,138,1.056834e-06,138,138,0.207019,0.206526,3.9843e-02
dev-corpus-07,5068,3133,1.253485e-06,818,818,4.235284,4.238414,3.0913e-02
dev-corpus-07,5069,1070,2.190872e-06,506,506,13.076956,13.079882,3.3955e-02
dev-corpus-07,5070,12616,3.150789e-07,529,529,7.867651,7.866986,3.2730e-02
dev-corpus-07,5071,659,2.378749e-06,198,198,1.539257,1.539874,3.0695e-02
dev-corpus-07,5072,17720,7.316215e-06,1401,1401,12.561859,12.565661,4.2025e-02
dev-corpus-07,5073,88076,2.308784e-06,1447,1447,3.229396,3.224696,2.7895e-02
dev-corpus-07,5074,1135,3.058687e-07,580,580,8.568755,8.568840,2.1858e-02
dev-corpus-07,5075,529,1.865781e-06,496,496,6.667107,6.667694,2.9647e-02
dev-corpus-07,5076,496,6.102541e-07,506,506,2.522021,2.522758,3.5707e-02
dev-corpus-07,5077,42383,1.678046e-07,42383,42383,0.024602,0.024661,2.8592e-02
dev-corpus-07,5078,236764,4.663318e-06,236764,236764,0.890594,0.890770,3.0824e-02
dev-corpus-07,5079,834,3.686300e-06,9722,9722,3.075476,3.082014,2.4278e-02
dev-corpus-07,5080,506,4.570953e-07,506,506,0.477983,0.478375,2.4512e-02
dev-corpus-07,5081,8208,7.993881e-07,8208,8208,0.365715,0.366441,2.6790e-02
dev-corpus-07,5082,659,4.585516e-07,659,659,0.119732,0.119983,2.3932e-02
dev-corpus-07,5083,15269,1.205824e-06,15269,15269,1.153036,1.153930,3.6109e-02
dev-corpus-07,5084,236761,2.213503e-07,236761,236761,0.057351,0.057507,2.5426e-02
dev-corpus-07,5085,100811,1.055951e-06,138,138,19.933364,19.929687,4.1142e-02
dev-corpus-07,5086,19555,7.955409e-06,34162,34162,20.184402,20.187112,4.0896e-02
dev-corpus-07,5087,114611,9.975157e-06,9479,9479,12.912173,12.905219,4.5791e-02
dev-corpus-07,5088,532,1.376323e-06,659,659,3.101099,3.097797,2.8635e-02
dev-corpus-07,5089,71816,3.445489e-06,2263,2263,11.120857,11.131180,5.5622e-02
dev-corpus-07,5090,659,1.088362e-06,659,659,0.507846,0.507018,2.8383e-02
dev-corpus-07,5091,14853,6.965870e-06,198,198,3.489287,3.490200,3.9589e-02
dev-corpus-07,5092,236764,2.560601e-06,198,198,2.102376,2.104050,3.1253e-02
dev-corpus-07,5093,532,2.662853e-06,532,532,0.558409,0.560142,3.5273e-02
dev-corpus-07,5094,496,2.420092e-06,198,198,4.977416,4.974387,4.2565e-02
dev-corpus-07,5095,37358,2.210128e-06,1822,1822,7.104347,7.101694,3.7737e-02
dev-corpus-07,5096,529,4.224660e-06,198,198,2.359290,2.360865,4.6431e-02
dev-corpus-07,5097,506,2.502694e-06,506,506,0.266675,0.265588,3.1761e-02
dev-corpus-07,5098,4128,5.883178e-07,4128,4128,0.443033,0.443663,3.7136e-02
dev-corpus-07,5099,236761,5.495034e-07,563,563,6.518050,6.511571,3.1554e-02
dev-corpus-07,5100,138,1.859275e-06,138,138,0.660681,0.659659,3.5094e-02
dev-corpus-07,5101,3810,8.644644e-07,818,818,4.607360,4.606683,3.0373e-02
dev-corpus-07,5102,992,2.337179e-07,659,659,7.979242,7.979739,3.4833e-02
dev-corpus-07,5103,563,6.319402e-06,198,198,2.137223,2.138673,2.8260e-02
dev-corpus-07,5104,4148,2.202631e-06,496,496,6.305519,6.303686,3.8270e-02
dev-corpus-07,5105,58318,6.050169e-06,35750,35750,12.332713,12.324883,5.3322e-02
dev-corpus-07,5106,236761,1.991934e-06,198,198,2.847443,2.851517,3.7683e-02
dev-corpus-07,5107,106,9.053648e-07,138,138,1.103940,1.102657,4.3341e-02
dev-corpus-07,5108,107,8.742183e-05,199,199,17.492564,17.545858,6.7581e-02
dev-corpus-07,5109,105,2.155783e-06,106,106,20.062471,20.063596,2.3489e-02
dev-corpus-07,5110,2364,7.620089e-06,106,106,18.553442,18.550024,7.2731e-02
dev-corpus-07,5111,107,1.385906e-04,100,100,4.869697,4.868489,5.8647e-02
dev-corpus-07,5112,11355,1.274184e-06,100,100,10.299704,10.285353,6.8564e-02
dev-corpus-07,5113,563,1.450943e-06,563,563,0.947457,0.946777,2.9748e-02
dev-corpus-07,5114,625,1.902673e-06,10063,10063,3.097408,3.097389,4.1007e-02
dev-corpus-07,5115,2132,3.455862e-06,2651,2651,4.781514,4.778816,3.2737e-02
dev-corpus-07,5116,531,8.845026e-07,531,531,0.067156,0.067116,2.3797e-02
dev-corpus-07,5117,16078,3.777217e-06,1281,1281,14.428842,14.433873,4.0099e-02
dev-corpus-07,5118,532,8.799111e-08,822,822,5.070842,5.071009,1.4432e-02
dev-corpus-07,5119,185507,2.262185e-08,185507,185507,0.027151,0.027117,1.4301e-02
