segment,idx,target,kld,top1_ref,top1_cand,nll_ref,nll_cand,max_abs_logit_diff
dev-long-03,0,30486,0.000000e+00,4356,4356,3.660804,3.660804,0.0000e+00
dev-long-03,1,46150,0.000000e+00,46150,46150,0.003293,0.003293,0.0000e+00
dev-long-03,2,198,0.000000e+00,198,198,0.003596,0.003596,0.0000e+00
dev-long-03,3,1020,0.000000e+00,1020,1020,0.006827,0.006827,0.0000e+00
dev-long-03,4,279,0.000000e+00,279,279,0.400999,0.400999,0.0000e+00
dev-long-03,5,4356,0.000000e+00,4356,4356,0.013566,0.013566,0.0000e+00
dev-long-03,6,425,0.000000e+00,425,425,0.000014,0.000014,0.0000e+00
dev-long-03,7,314,0.000000e+00,383,383,2.043190,2.043190,0.0000e+00
dev-long-03,8,8186,0.000000e+00,8186,8186,0.000040,0.000040,0.0000e+00
dev-long-03,9,6702,0.000000e+00,6702,6702,0.000075,0.000075,0.0000e+00
dev-long-03,10,5028,0.000000e+00,5028,5028,0.291107,0.291107,0.0000e+00
dev-long-03,11,279,0.000000e+00,279,279,0.221106,0.221106,0.0000e+00
dev-long-03,12,1834,0.000000e+00,4266,4266,3.208635,3.208635,0.0000e+00
dev-long-03,13,314,0.000000e+00,314,314,0.437842,0.437842,0.0000e+00
dev-long-03,14,279,0.000000e+00,1024,1024,0.885646,0.885646,0.0000e+00
dev-long-03,15,41692,0.000000e+00,41692,41692,0.467601,0.467601,0.0000e+00
dev-long-03,16,303,0.000000e+00,11,11,3.785842,3.785842,0.0000e+00
dev-long-03,17,1906,0.000000e+00,63862,63862,1.310328,1.310328,0.0000e+00
dev-long-03,18,421,0.000000e+00,421,421,0.142097,0.142097,0.0000e+00
dev-long-03,19,551,0.000000e+00,551,551,0.154007,0.154007,0.0000e+00
dev-long-03,20,198,0.000000e+00,198,198,0.000090,0.000090,0.0000e+00
dev-long-03,21,43468,0.000000e+00,43468,43468,0.003675,0.003675,0.0000e+00
dev-long-03,22,57759,0.000000e+00,6637,6637,7.052376,7.052376,0.0000e+00
dev-long-03,23,279,0.000000e+00,264,264,1.404869,1.404869,0.0000e+00
dev-long-03,24,2018,0.000000e+00,3579,3579,3.763165,3.763165,0.0000e+00
dev-long-03,25,3498,0.000000e+00,3498,3498,0.274928,0.274928,0.0000e+00
dev-long-03,26,314,0.000000e+00,314,314,0.071583,0.071583,0.0000e+00
dev-long-03,27,279,0.000000e+00,279,279,0.002994,0.002994,0.0000e+00
dev-long-03,28,82404,0.000000e+00,82404,82404,0.358196,0.358196,0.0000e+00
dev-long-03,29,11,0.000000e+00,11,11,0.033909,0.033909,0.0000e+00
dev-long-03,30,864,0.000000e+00,864,864,0.037521,0.037521,0.0000e+00
dev-long-03,31,557,0.000000e+00,557,557,0.016363,0.016363,0.0000e+00
dev-long-03,32,19561,0.000000e+00,19561,19561,0.342228,0.342228,0.0000e+00
dev-long-03,33,13,0.000000e+00,13,13,0.053884,0.053884,0.0000e+00
dev-long-03,34,1216,0.000000e+00,1216,1216,0.270882,0.270882,0.0000e+00
dev-long-03,35,995,0.000000e+00,995,995,0.020926,0.020926,0.0000e+00
dev-long-03,36,198,0.000000e+00,198,198,0.396135,0.396135,0.0000e+00
dev-long-03,37,1763,0.000000e+00,1763,1763,0.073319,0.073319,0.0000e+00
dev-long-03,38,2540,0.000000e+00,2540,2540,0.015840,0.015840,0.0000e+00
dev-long-03,39,440,0.000000e+00,440,440,0.211053,0.211053,0.0000e+00
dev-long-03,40,14315,0.000000e+00,1384,1384,1.402529,1.402529,0.0000e+00
dev-long-03,41,1154,0.000000e+00,1154,1154,0.000006,0.000006,0.0000e+00
dev-long-03,42,1010,0.000000e+00,1345,1345,2.575973,2.575973,0.0000e+00
dev-long-03,43,2545,0.000000e+00,16570,16570,3.398654,3.398654,0.0000e+00
dev-long-03,44,854,0.000000e+00,854,854,0.001083,0.001083,0.0000e+00
dev-long-03,45,11,0.000000e+00,11,11,0.347994,0.347994,0.0000e+00
dev-long-03,46,694,0.000000e+00,694,694,0.053359,0.053359,0.0000e+00
dev-long-03,47,995,0.000000e+00,995,995,0.011471,0.011471,0.0000e+00
dev-long-03,48,5326,0.000000e+00,1179,1179,5.225856,5.225856,0.0000e+00
dev-long-03,49,978,0.000000e+00,978,978,0.467228,0.467228,0.0000e+00
dev-long-03,50,2512,0.000000e+00,2512,2512,0.678346,0.678346,0.0000e+00
dev-long-03,51,198,0.000000e+00,198,198,0.204888,0.204888,0.0000e+00
dev-long-03,52,13362,0.000000e+00,13362,13362,0.001963,0.001963,0.0000e+00
dev-long-03,53,13,0.000000e+00,13,13,0.040646,0.040646,0.0000e+00
dev-long-03,54,1848,0.000000e+00,1848,1848,0.169926,0.169926,0.0000e+00
dev-long-03,55,13064,0.000000e+00,9101,9101,0.846648,0.846648,0.0000e+00
dev-long-03,56,11,0.000000e+00,11,11,0.290155,0.290155,0.0000e+00
dev-long-03,57,551,0.000000e+00,551,551,0.011229,0.011229,0.0000e+00
dev-long-03,58,1669,0.000000e+00,1669,1669,0.034868,0.034868,0.0000e+00
dev-long-03,59,421,0.000000e+00,279,279,1.904512,1.904512,0.0000e+00
dev-long-03,60,14315,0.000000e+00,14315,14315,0.449334,0.449334,0.0000e+00
dev-long-03,61,1154,0.000000e+00,1154,1154,0.000167,0.000167,0.0000e+00
dev-long-03,62,995,0.000000e+00,995,995,0.152306,0.152306,0.0000e+00
dev-long-03,63,27469,0.000000e+00,27469,27469,0.338568,0.338568,0.0000e+00
dev-long-03,64,11,0.000000e+00,11,11,0.084237,0.084237,0.0000e+00
dev-long-03,65,421,0.000000e+00,421,421,0.951354,0.951354,0.0000e+00
dev-long-03,66,279,0.000000e+00,279,279,0.003224,0.003224,0.0000e+00
dev-long-03,67,198,0.000000e+00,1105,1105,1.130726,1.130726,0.0000e+00
dev-long-03,68,65,0.000000e+00,5461,5461,7.490604,7.490604,0.0000e+00
dev-long-03,69,16663,0.000000e+00,16663,16663,0.525183,0.525183,0.0000e+00
dev-long-03,70,995,0.000000e+00,557,557,1.008175,1.008175,0.0000e+00
dev-long-03,71,978,0.000000e+00,978,978,0.001557,0.001557,0.0000e+00
dev-long-03,72,9290,0.000000e+00,9290,9290,0.126356,0.126356,0.0000e+00
dev-long-03,73,1724,0.000000e+00,1724,1724,0.016346,0.016346,0.0000e+00
dev-long-03,74,11,0.000000e+00,11,11,0.000776,0.000776,0.0000e+00
dev-long-03,75,321,0.000000e+00,321,321,0.003927,0.003927,0.0000e+00
dev-long-03,76,421,0.000000e+00,421,421,0.020544,0.020544,0.0000e+00
dev-long-03,77,279,0.000000e+00,279,279,0.015719,0.015719,0.0000e+00
dev-long-03,78,2526,0.000000e+00,33622,33622,2.250384,2.250384,0.0000e+00
dev-long-03,79,4172,0.000000e+00,4172,4172,1.449341,1.449341,0.0000e+00
dev-long-03,80,39493,0.000000e+00,39493,39493,0.006558,0.006558,0.0000e+00
dev-long-03,81,272,0.000000e+00,272,272,0.162087,0.162087,0.0000e+00
dev-long-03,82,9270,0.000000e+00,9270,9270,0.003758,0.003758,0.0000e+00
dev-long-03,83,303,0.000000e+00,303,303,0.277133,0.277133,0.0000e+00
dev-long-03,84,198,0.000000e+00,864,864,2.323163,2.323163,0.0000e+00
dev-long-03,85,7949,0.000000e+00,7949,7949,0.001715,0.001715,0.0000e+00
dev-long-03,86,11,0.000000e+00,279,279,3.111971,3.111971,0.0000e+00
dev-long-03,87,430,0.000000e+00,430,430,0.750263,0.750263,0.0000e+00
dev-long-03,88,424,0.000000e+00,551,551,2.661548,2.661548,0.0000e+00
dev-long-03,89,25950,0.000000e+00,25950,25950,0.136088,0.136088,0.0000e+00
dev-long-03,90,1308,0.000000e+00,1308,1308,0.079580,0.079580,0.0000e+00
dev-long-03,91,11387,0.000000e+00,11387,11387,0.000011,0.000011,0.0000e+00
dev-long-03,92,11,0.000000e+00,11,11,0.000463,0.000463,0.0000e+00
dev-long-03,93,279,0.000000e+00,279,279,0.000853,0.000853,0.0000e+00
dev-long-03,94,4356,0.000000e+00,4356,4356,0.030547,0.030547,0.0000e+00
dev-long-03,95,425,0.000000e+00,425,425,0.000012,0.000012,0.0000e+00
dev-long-03,96,557,0.000000e+00,557,557,0.552212,0.552212,0.0000e+00
dev-long-03,97,50334,0.000000e+00,303,303,0.858974,0.858974,0.0000e+00
dev-long-03,98,310,0.000000e+00,310,310,0.000112,0.000112,0.0000e+00
dev-long-03,99,2426,0.000000e+00,2426,2426,0.514332,0.514332,0.0000e+00
dev-long-03,100,198,0.000000e+00,198,198,0.000078,0.000078,0.0000e+00
dev-long-03,101,1858,0.000000e+00,1858,1858,0.003186,0.003186,0.0000e+00
dev-long-03,102,63620,0.000000e+00,63620,63620,0.296833,0.296833,0.0000e+00
dev-long-03,103,11,0.000000e+00,37208,37208,1.196595,1.196595,0.0000e+00
dev-long-03,104,557,0.000000e+00,557,557,0.571272,0.571272,0.0000e+00
dev-long-03,105,19823,0.000000e+00,19823,19823,0.839939,0.839939,0.0000e+00
dev-long-03,106,4147,0.000000e+00,1724,1724,1.455348,1.455348,0.0000e+00
dev-long-03,107,5028,0.000000e+00,5028,5028,0.152117,0.152117,0.0000e+00
dev-long-03,108,279,0.000000e+00,279,279,0.084024,0.084024,0.0000e+00
dev-long-03,109,30486,0.000000e+00,30486,30486,0.256709,0.256709,0.0000e+00
dev-long-03,110,16293,0.000000e+00,16293,16293,0.007885,0.007885,0.0000e+00
dev-long-03,111,13,0.000000e+00,13,13,0.023244,0.023244,0.0000e+00
dev-long-03,112,84991,0.000000e+00,84991,84991,0.210454,0.210454,0.0000e+00
dev-long-03,113,21146,0.000000e+00,557,557,2.069075,2.069075,0.0000e+00
dev-long-03,114,198,0.000000e+00,198,198,0.005032,0.005032,0.0000e+00
dev-long-03,115,70,0.000000e+00,14961,14961,4.485177,4.485177,0.0000e+00
dev-long-03,116,511,0.000000e+00,511,511,0.001933,0.001933,0.0000e+00
dev-long-03,117,279,0.000000e+00,279,279,0.028896,0.028896,0.0000e+00
dev-long-03,118,16136,0.000000e+00,16136,16136,0.000623,0.000623,0.0000e+00
dev-long-03,119,11,0.000000e+00,11,11,0.389200,0.389200,0.0000e+00
dev-long-03,120,321,0.000000e+00,321,321,0.221650,0.221650,0.0000e+00
dev-long-03,121,14315,0.000000e+00,14315,14315,0.438337,0.438337,0.0000e+00
dev-long-03,122,1154,0.000000e+00,1154,1154,0.000105,0.000105,0.0000e+00
dev-long-03,123,557,0.000000e+00,557,557,0.016635,0.016635,0.0000e+00
dev-long-03,124,12158,0.000000e+00,1669,1669,1.377780,1.377780,0.0000e+00
dev-long-03,125,279,0.000000e+00,279,279,1.340063,1.340063,0.0000e+00
dev-long-03,126,1788,0.000000e+00,1788,1788,0.108354,0.108354,0.0000e+00
dev-long-03,127,11129,0.000000e+00,11129,11129,0.014009,0.014009,0.0000e+00
dev-long-03,128,26,0.000000e+00,26,26,0.976024,0.976024,0.0000e+00
dev-long-03,129,694,0.000000e+00,694,694,0.101315,0.101315,0.0000e+00
dev-long-03,130,279,0.000000e+00,279,279,0.030232,0.030232,0.0000e+00
dev-long-03,131,9506,0.000000e+00,9506,9506,0.577221,0.577221,0.0000e+00
dev-long-03,132,198,0.000000e+00,198,198,0.279405,0.279405,0.0000e+00
dev-long-03,133,27167,0.000000e+00,27167,27167,0.622469,0.622469,0.0000e+00
dev-long-03,134,524,0.000000e+00,524,524,0.234549,0.234549,0.0000e+00
dev-long-03,135,381,0.000000e+00,381,381,0.000421,0.000421,0.0000e+00
dev-long-03,136,1669,0.000000e+00,1669,1669,0.000863,0.000863,0.0000e+00
dev-long-03,137,2892,0.000000e+00,2892,2892,0.099542,0.099542,0.0000e+00
dev-long-03,138,5028,0.000000e+00,5028,5028,0.033455,0.033455,0.0000e+00
dev-long-03,139,780,0.000000e+00,1384,1384,0.854115,0.854115,0.0000e+00
dev-long-03,140,1637,0.000000e+00,1637,1637,0.030534,0.030534,0.0000e+00
dev-long-03,141,466,0.000000e+00,466,466,0.075605,0.075605,0.0000e+00
dev-long-03,142,303,0.000000e+00,303,303,0.006333,0.006333,0.0000e+00
dev-long-03,143,780,0.000000e+00,780,780,0.002649,0.002649,0.0000e+00
dev-long-03,144,11683,0.000000e+00,11683,11683,0.656922,0.656922,0.0000e+00
dev-long-03,145,13,0.000000e+00,13,13,0.056781,0.056781,0.0000e+00
dev-long-03,146,40189,0.000000e+00,271,271,7.779440,7.779440,0.0000e+00
dev-long-03,147,198,0.000000e+00,198,198,0.002730,0.002730,0.0000e+00
dev-long-03,148,34,0.000000e+00,34,34,0.136417,0.136417,0.0000e+00
dev-long-03,149,350,0.000000e+00,350,350,0.783508,0.783508,0.0000e+00
dev-long-03,150,463,0.000000e+00,463,463,0.187379,0.187379,0.0000e+00
dev-long-03,151,11,0.000000e+00,11,11,0.001579,0.001579,0.0000e+00
dev-long-03,152,40675,0.000000e+00,279,279,2.642735,2.642735,0.0000e+00
dev-long-03,153,310,0.000000e+00,310,310,0.006074,0.006074,0.0000e+00
dev-long-03,154,279,0.000000e+00,279,279,0.000475,0.000475,0.0000e+00
dev-long-03,155,4356,0.000000e+00,4356,4356,0.000806,0.000806,0.0000e+00
dev-long-03,156,425,0.000000e+00,425,425,0.000026,0.000026,0.0000e+00
dev-long-03,157,11,0.000000e+00,11,11,0.026601,0.026601,0.0000e+00
dev-long-03,158,401,0.000000e+00,401,401,0.585489,0.585489,0.0000e+00
dev-long-03,159,3736,0.000000e+00,3736,3736,0.001852,0.001852,0.0000e+00
dev-long-03,160,310,0.000000e+00,310,310,0.029563,0.029563,0.0000e+00
dev-long-03,161,3322,0.000000e+00,3322,3322,0.037617,0.037617,0.0000e+00
dev-long-03,162,6408,0.000000e+00,6408,6408,0.483443,0.483443,0.0000e+00
dev-long-03,163,84991,0.000000e+00,84991,84991,0.408934,0.408934,0.0000e+00
dev-long-03,164,725,0.000000e+00,39766,39766,2.002585,2.002585,0.0000e+00
dev-long-03,165,15268,0.000000e+00,15268,15268,0.579500,0.579500,0.0000e+00
dev-long-03,166,314,0.000000e+00,314,314,0.081667,0.081667,0.0000e+00
dev-long-03,167,198,0.000000e+00,198,198,0.000581,0.000581,0.0000e+00
dev-long-03,168,67,0.000000e+00,4104,4104,3.358991,3.358991,0.0000e+00
dev-long-03,169,2074,0.000000e+00,2074,2074,0.053066,0.053066,0.0000e+00
dev-long-03,170,347,0.000000e+00,347,347,0.000571,0.000571,0.0000e+00
dev-long-03,171,383,0.000000e+00,948,948,1.984191,1.984191,0.0000e+00
dev-long-03,172,40212,0.000000e+00,279,279,0.932424,0.932424,0.0000e+00
dev-long-03,173,279,0.000000e+00,279,279,0.000992,0.000992,0.0000e+00
dev-long-03,174,41692,0.000000e+00,4557,4557,2.674858,2.674858,0.0000e+00
dev-long-03,175,11,0.000000e+00,11,11,0.098685,0.098685,0.0000e+00
dev-long-03,176,321,0.000000e+00,321,321,0.005761,0.005761,0.0000e+00
dev-long-03,177,310,0.000000e+00,310,310,0.000982,0.000982,0.0000e+00
dev-long-03,178,3322,0.000000e+00,3322,3322,0.169768,0.169768,0.0000e+00
dev-long-03,179,31178,0.000000e+00,31178,31178,0.296960,0.296960,0.0000e+00
dev-long-03,180,1083,0.000000e+00,310,310,1.253064,1.253064,0.0000e+00
dev-long-03,181,279,0.000000e+00,279,279,0.004607,0.004607,0.0000e+00
dev-long-03,182,2956,0.000000e+00,2956,2956,0.164893,0.164893,0.0000e+00
dev-long-03,183,11,0.000000e+00,11,11,0.061923,0.061923,0.0000e+00
dev-long-03,184,198,0.000000e+00,198,198,0.000076,0.000076,0.0000e+00
dev-long-03,185,2777,0.000000e+00,2777,2777,0.039586,0.039586,0.0000e+00
dev-long-03,186,1292,0.000000e+00,1292,1292,0.000606,0.000606,0.0000e+00
dev-long-03,187,1669,0.000000e+00,1669,1669,0.021875,0.021875,0.0000e+00
dev-long-03,188,12482,0.000000e+00,2433,2433,2.346794,2.346794,0.0000e+00
dev-long-03,189,430,0.000000e+00,430,430,0.013378,0.013378,0.0000e+00
dev-long-03,190,7246,0.000000e+00,7246,7246,0.719242,0.719242,0.0000e+00
dev-long-03,191,539,0.000000e+00,539,539,0.004272,0.004272,0.0000e+00
dev-long-03,192,279,0.000000e+00,279,279,0.174959,0.174959,0.0000e+00
dev-long-03,193,1483,0.000000e+00,1483,1483,0.009191,0.009191,0.0000e+00
dev-long-03,194,10971,0.000000e+00,10971,10971,0.208916,0.208916,0.0000e+00
dev-long-03,195,13,0.000000e+00,13,13,0.023881,0.023881,0.0000e+00
dev-long-03,196,43017,0.000000e+00,3629,3629,3.436276,3.436276,0.0000e+00
dev-long-03,197,198,0.000000e+00,198,198,0.002804,0.002804,0.0000e+00
dev-long-03,198,59697,0.000000e+00,59697,59697,0.041230,0.041230,0.0000e+00
dev-long-03,199,26466,0.000000e+00,26466,26466,0.002957,0.002957,0.0000e+00
dev-long-03,200,11,0.000000e+00,11,11,0.870323,0.870323,0.0000e+00
dev-long-03,201,417,0.000000e+00,417,417,0.015730,0.015730,0.0000e+00
dev-long-03,202,12436,0.000000e+00,11,11,2.294292,2.294292,0.0000e+00
dev-long-03,203,11,0.000000e+00,11,11,0.002676,0.002676,0.0000e+00
dev-long-03,204,6348,0.000000e+00,401,401,1.875158,1.875158,0.0000e+00
dev-long-03,205,5721,0.000000e+00,5721,5721,0.094237,0.094237,0.0000e+00
dev-long-03,206,430,0.000000e+00,430,430,0.178749,0.178749,0.0000e+00
dev-long-03,207,310,0.000000e+00,310,310,0.000055,0.000055,0.0000e+00
dev-long-03,208,279,0.000000e+00,279,279,0.001045,0.001045,0.0000e+00
dev-long-03,209,7753,0.000000e+00,7753,7753,0.142350,0.142350,0.0000e+00
dev-long-03,210,314,0.000000e+00,314,314,0.000256,0.000256,0.0000e+00
dev-long-03,211,14315,0.000000e+00,279,279,2.612758,2.612758,0.0000e+00
dev-long-03,212,1154,0.000000e+00,1154,1154,0.000029,0.000029,0.0000e+00
dev-long-03,213,11,0.000000e+00,11,11,0.080187,0.080187,0.0000e+00
dev-long-03,214,852,0.000000e+00,852,852,0.168676,0.168676,0.0000e+00
dev-long-03,215,198,0.000000e+00,198,198,0.008745,0.008745,0.0000e+00
dev-long-03,216,485,0.000000e+00,15648,15648,10.141491,10.141491,0.0000e+00
dev-long-03,217,2511,0.000000e+00,2511,2511,0.556311,0.556311,0.0000e+00
dev-long-03,218,806,0.000000e+00,806,806,0.016791,0.016791,0.0000e+00
dev-long-03,219,1374,0.000000e+00,1374,1374,0.071451,0.071451,0.0000e+00
dev-long-03,220,78157,0.000000e+00,78157,78157,0.000154,0.000154,0.0000e+00
dev-long-03,221,11,0.000000e+00,11,11,0.040093,0.040093,0.0000e+00
dev-long-03,222,321,0.000000e+00,321,321,0.001409,0.001409,0.0000e+00
dev-long-03,223,67055,0.000000e+00,557,557,1.730207,1.730207,0.0000e+00
dev-long-03,224,780,0.000000e+00,780,780,0.000103,0.000103,0.0000e+00
dev-long-03,225,54322,0.000000e+00,54322,54322,0.000427,0.000427,0.0000e+00
dev-long-03,226,303,0.000000e+00,303,303,0.000062,0.000062,0.0000e+00
dev-long-03,227,279,0.000000e+00,279,279,0.000012,0.000012,0.0000e+00
dev-long-03,228,28928,0.000000e+00,3992,3992,1.041443,1.041443,0.0000e+00
dev-long-03,229,198,0.000000e+00,198,198,0.000185,0.000185,0.0000e+00
dev-long-03,230,17801,0.000000e+00,17801,17801,0.000041,0.000041,0.0000e+00
dev-long-03,231,13,0.000000e+00,13,13,0.008167,0.008167,0.0000e+00
dev-long-03,232,42249,0.000000e+00,42249,42249,0.039815,0.039815,0.0000e+00
dev-long-03,233,314,0.000000e+00,314,314,0.045052,0.045052,0.0000e+00
dev-long-03,234,264,0.000000e+00,264,264,0.091399,0.091399,0.0000e+00
dev-long-03,235,3555,0.000000e+00,3555,3555,0.073563,0.073563,0.0000e+00
dev-long-03,236,27181,0.000000e+00,27181,27181,0.005318,0.005318,0.0000e+00
dev-long-03,237,364,0.000000e+00,364,364,0.021212,0.021212,0.0000e+00
dev-long-03,238,41692,0.000000e+00,7808,7808,3.487367,3.487367,0.0000e+00
dev-long-03,239,3322,0.000000e+00,3322,3322,0.281929,0.281929,0.0000e+00
dev-long-03,240,978,0.000000e+00,978,978,0.004826,0.004826,0.0000e+00
dev-long-03,241,2574,0.000000e+00,198,198,0.747427,0.747427,0.0000e+00
dev-long-03,242,198,0.000000e+00,198,198,0.000924,0.000924,0.0000e+00
dev-long-03,243,66425,0.000000e+00,66425,66425,0.007257,0.007257,0.0000e+00
dev-long-03,244,279,0.000000e+00,279,279,0.012574,0.012574,0.0000e+00
dev-long-03,245,40470,0.000000e+00,40470,40470,0.002150,0.002150,0.0000e+00
dev-long-03,246,11,0.000000e+00,11,11,0.054764,0.054764,0.0000e+00
dev-long-03,247,279,0.000000e+00,279,279,0.656133,0.656133,0.0000e+00
dev-long-03,248,90844,0.000000e+00,90844,90844,0.476697,0.476697,0.0000e+00
dev-long-03,249,15578,0.000000e+00,15578,15578,0.701468,0.701468,0.0000e+00
dev-long-03,250,310,0.000000e+00,23704,23704,0.948524,0.948524,0.0000e+00
dev-long-03,251,3372,0.000000e+00,10403,10403,3.721603,3.721603,0.0000e+00
dev-long-03,252,27367,0.000000e+00,440,440,3.628240,3.628240,0.0000e+00
dev-long-03,253,1487,0.000000e+00,1487,1487,0.005215,0.005215,0.0000e+00
dev-long-03,254,440,0.000000e+00,440,440,0.000207,0.000207,0.0000e+00
dev-long-03,255,279,0.000000e+00,279,279,0.564337,0.564337,0.0000e+00
dev-long-03,256,198,0.000000e+00,198,198,0.000075,0.000075,0.0000e+00
dev-long-03,257,1783,0.000000e+00,1783,1783,0.114404,0.114404,0.0000e+00
dev-long-03,258,738,0.000000e+00,738,738,0.000650,0.000650,0.0000e+00
dev-long-03,259,11,0.000000e+00,11,11,0.012565,0.012565,0.0000e+00
dev-long-03,260,694,0.000000e+00,321,321,1.344426,1.344426,0.0000e+00
dev-long-03,261,13464,0.000000e+00,13464,13464,0.058464,0.058464,0.0000e+00
dev-long-03,262,424,0.000000e+00,424,424,0.000435,0.000435,0.0000e+00
dev-long-03,263,310,0.000000e+00,310,310,0.000283,0.000283,0.0000e+00
dev-long-03,264,279,0.000000e+00,279,279,0.001076,0.001076,0.0000e+00
dev-long-03,265,2601,0.000000e+00,2601,2601,0.020535,0.020535,0.0000e+00
dev-long-03,266,4603,0.000000e+00,4603,4603,0.000031,0.000031,0.0000e+00
dev-long-03,267,13,0.000000e+00,13,13,0.110918,0.110918,0.0000e+00
dev-long-03,268,14315,0.000000e+00,3629,3629,2.542808,2.542808,0.0000e+00
dev-long-03,269,1154,0.000000e+00,1154,1154,0.000901,0.000901,0.0000e+00
dev-long-03,270,11,0.000000e+00,11,11,0.277170,0.277170,0.0000e+00
dev-long-03,271,852,0.000000e+00,852,852,0.163394,0.163394,0.0000e+00
dev-long-03,272,995,0.000000e+00,369,369,2.344708,2.344708,0.0000e+00
dev-long-03,273,6625,0.000000e+00,2261,2261,4.070254,4.070254,0.0000e+00
dev-long-03,274,11590,0.000000e+00,2172,2172,2.201682,2.201682,0.0000e+00
dev-long-03,275,314,0.000000e+00,314,314,0.219112,0.219112,0.0000e+00
dev-long-03,276,198,0.000000e+00,198,198,0.000017,0.000017,0.0000e+00
dev-long-03,277,390,0.000000e+00,31788,31788,2.524314,2.524314,0.0000e+00
dev-long-03,278,1081,0.000000e+00,1081,1081,0.000970,0.000970,0.0000e+00
dev-long-03,279,19169,0.000000e+00,19169,19169,0.478437,0.478437,0.0000e+00
dev-long-03,280,2261,0.000000e+00,2261,2261,0.845090,0.845090,0.0000e+00
dev-long-03,281,279,0.000000e+00,279,279,0.000641,0.000641,0.0000e+00
dev-long-03,282,27388,0.000000e+00,27388,27388,0.988765,0.988765,0.0000e+00
dev-long-03,283,11,0.000000e+00,11,11,0.001534,0.001534,0.0000e+00
dev-long-03,284,281,0.000000e+00,11324,11324,3.844482,3.844482,0.0000e+00
dev-long-03,285,29243,0.000000e+00,29243,29243,0.000046,0.000046,0.0000e+00
dev-long-03,286,3023,0.000000e+00,3023,3023,0.098652,0.098652,0.0000e+00
dev-long-03,287,506,0.000000e+00,1066,1066,1.718352,1.718352,0.0000e+00
dev-long-03,288,279,0.000000e+00,279,279,0.161363,0.161363,0.0000e+00
dev-long-03,289,16198,0.000000e+00,16198,16198,0.232117,0.232117,0.0000e+00
dev-long-03,290,198,0.000000e+00,198,198,0.690276,0.690276,0.0000e+00
dev-long-03,291,429,0.000000e+00,429,429,0.378323,0.378323,0.0000e+00
dev-long-03,292,557,0.000000e+00,995,995,0.814690,0.814690,0.0000e+00
dev-long-03,293,11354,0.000000e+00,11354,11354,0.471163,0.471163,0.0000e+00
dev-long-03,294,680,0.000000e+00,680,680,0.230921,0.230921,0.0000e+00
dev-long-03,295,314,0.000000e+00,314,314,0.002273,0.002273,0.0000e+00
dev-long-03,296,5300,0.000000e+00,5300,5300,0.004222,0.004222,0.0000e+00
dev-long-03,297,1920,0.000000e+00,1920,1920,0.531354,0.531354,0.0000e+00
dev-long-03,298,271,0.000000e+00,271,271,0.001472,0.001472,0.0000e+00
dev-long-03,299,2005,0.000000e+00,9866,9866,1.018011,1.018011,0.0000e+00
dev-long-03,300,46903,0.000000e+00,12702,12702,6.105925,6.105925,0.0000e+00
dev-long-03,301,0,0.000000e+00,17306,17306,0.800480,0.800480,0.0000e+00
dev-long-03,302,1987,0.000000e+00,2844,2844,2.073181,2.073181,0.0000e+00
dev-long-03,303,1691,0.000000e+00,551,551,2.852348,2.852348,0.0000e+00
dev-long-03,304,364,0.000000e+00,364,364,0.011915,0.011915,0.0000e+00
dev-long-03,305,279,0.000000e+00,279,279,0.001580,0.001580,0.0000e+00
dev-long-03,306,4142,0.000000e+00,4142,4142,0.012522,0.012522,0.0000e+00
dev-long-03,307,94003,0.000000e+00,94003,94003,0.583403,0.583403,0.0000e+00
dev-long-03,308,2340,0.000000e+00,2340,2340,0.108834,0.108834,0.0000e+00
dev-long-03,309,1018,0.000000e+00,1018,1018,0.086509,0.086509,0.0000e+00
dev-long-03,310,38001,0.000000e+00,38001,38001,0.346785,0.346785,0.0000e+00
dev-long-03,311,3272,0.000000e+00,11,11,3.471600,3.471600,0.0000e+00
dev-long-03,312,3518,0.000000e+00,3518,3518,0.000630,0.000630,0.0000e+00
dev-long-03,313,11,0.000000e+00,13,13,1.463013,1.463013,0.0000e+00
dev-long-03,314,81154,0.000000e+00,50856,50856,2.140339,2.140339,0.0000e+00
dev-long-03,315,198,0.000000e+00,198,198,0.024720,0.024720,0.0000e+00
dev-long-03,316,27582,0.000000e+00,27582,27582,0.293867,0.293867,0.0000e+00
dev-long-03,317,279,0.000000e+00,279,279,0.005015,0.005015,0.0000e+00
dev-long-03,318,5392,0.000000e+00,5392,5392,0.092237,0.092237,0.0000e+00
dev-long-03,319,13,0.000000e+00,13,13,0.001724,0.001724,0.0000e+00
dev-long-03,320,1001,0.000000e+00,1001,1001,0.034442,0.034442,0.0000e+00
dev-long-03,321,760,0.000000e+00,760,760,0.323979,0.323979,0.0000e+00
dev-long-03,322,3296,0.000000e+00,3296,3296,0.685426,0.685426,0.0000e+00
dev-long-03,323,364,0.000000e+00,364,364,0.665479,0.665479,0.0000e+00
dev-long-03,324,586,0.000000e+00,586,586,0.004160,0.004160,0.0000e+00
dev-long-03,325,1381,0.000000e+00,1381,1381,0.096821,0.096821,0.0000e+00
dev-long-03,326,310,0.000000e+00,310,310,0.232895,0.232895,0.0000e+00
dev-long-03,327,11290,0.000000e+00,11290,11290,0.317441,0.317441,0.0000e+00
dev-long-03,328,369,0.000000e+00,369,369,0.012825,0.012825,0.0000e+00
dev-long-03,329,279,0.000000e+00,279,279,0.033327,0.033327,0.0000e+00
dev-long-03,330,8240,0.000000e+00,8240,8240,0.930395,0.930395,0.0000e+00
dev-long-03,331,314,0.000000e+00,314,314,0.003128,0.003128,0.0000e+00
dev-long-03,332,198,0.000000e+00,198,198,0.001256,0.001256,0.0000e+00
dev-long-03,333,12034,0.000000e+00,12034,12034,0.008863,0.008863,0.0000e+00
dev-long-03,334,6187,0.000000e+00,13,13,2.183556,2.183556,0.0000e+00
dev-long-03,335,494,0.000000e+00,494,494,0.064537,0.064537,0.0000e+00
dev-long-03,336,264,0.000000e+00,279,279,2.778442,2.778442,0.0000e+00
dev-long-03,337,35700,0.000000e+00,85537,85537,11.073137,11.073137,0.0000e+00
dev-long-03,338,806,0.000000e+00,806,806,0.000441,0.000441,0.0000e+00
dev-long-03,339,63620,0.000000e+00,63620,63620,0.011332,0.011332,0.0000e+00
dev-long-03,340,37208,0.000000e+00,37208,37208,0.002570,0.002570,0.0000e+00
dev-long-03,341,506,0.000000e+00,310,310,2.186561,2.186561,0.0000e+00
dev-long-03,342,799,0.000000e+00,279,279,4.555745,4.555745,0.0000e+00
dev-long-03,343,809,0.000000e+00,809,809,0.001029,0.001029,0.0000e+00
dev-long-03,344,310,0.000000e+00,310,310,0.701560,0.701560,0.0000e+00
dev-long-03,345,279,0.000000e+00,279,279,0.249640,0.249640,0.0000e+00
dev-long-03,346,18522,0.000000e+00,17789,17789,2.675539,2.675539,0.0000e+00
dev-long-03,347,314,0.000000e+00,314,314,0.014744,0.014744,0.0000e+00
dev-long-03,348,264,0.000000e+00,264,264,0.001282,0.001282,0.0000e+00
dev-long-03,349,198,0.000000e+00,198,198,0.018569,0.018569,0.0000e+00
dev-long-03,350,3237,0.000000e+00,3237,3237,0.002347,0.002347,0.0000e+00
dev-long-03,351,930,0.000000e+00,930,930,0.000016,0.000016,0.0000e+00
dev-long-03,352,303,0.000000e+00,506,506,2.594426,2.594426,0.0000e+00
dev-long-03,353,53682,0.000000e+00,279,279,2.179465,2.179465,0.0000e+00
dev-long-03,354,6930,0.000000e+00,6930,6930,0.000040,0.000040,0.0000e+00
dev-long-03,355,9254,0.000000e+00,9254,9254,0.004281,0.004281,0.0000e+00
dev-long-03,356,506,0.000000e+00,506,506,0.000248,0.000248,0.0000e+00
dev-long-03,357,279,0.000000e+00,279,279,0.000074,0.000074,0.0000e+00
dev-long-03,358,975,0.000000e+00,975,975,0.000153,0.000153,0.0000e+00
dev-long-03,359,13,0.000000e+00,13,13,0.003056,0.003056,0.0000e+00
dev-long-03,360,1394,0.000000e+00,1061,1061,4.037652,4.037652,0.0000e+00
dev-long-03,361,1436,0.000000e+00,1436,1436,0.558102,0.558102,0.0000e+00
dev-long-03,362,11,0.000000e+00,11,11,0.002167,0.002167,0.0000e+00
dev-long-03,363,30446,0.000000e+00,30446,30446,0.001755,0.001755,0.0000e+00
dev-long-03,364,11,0.000000e+00,11,11,0.001747,0.001747,0.0000e+00
dev-long-03,365,1004,0.000000e+00,821,821,2.434044,2.434044,0.0000e+00
dev-long-03,366,2545,0.000000e+00,2545,2545,0.030354,0.030354,0.0000e+00
dev-long-03,367,198,0.000000e+00,198,198,0.000051,0.000051,0.0000e+00
dev-long-03,368,9497,0.000000e+00,33441,33441,3.413004,3.413004,0.0000e+00
dev-long-03,369,88312,0.000000e+00,88312,88312,0.026180,0.026180,0.0000e+00
dev-long-03,370,599,0.000000e+00,599,599,0.106116,0.106116,0.0000e+00
dev-long-03,371,14413,0.000000e+00,14413,14413,0.123650,0.123650,0.0000e+00
dev-long-03,372,18533,0.000000e+00,3512,3512,1.434215,1.434215,0.0000e+00
dev-long-03,373,264,0.000000e+00,264,264,0.003197,0.003197,0.0000e+00
dev-long-03,374,1691,0.000000e+00,1691,1691,0.080242,0.080242,0.0000e+00
dev-long-03,375,777,0.000000e+00,777,777,0.035104,0.035104,0.0000e+00
dev-long-03,376,2894,0.000000e+00,5812,5812,3.245847,3.245847,0.0000e+00
dev-long-03,377,321,0.000000e+00,321,321,0.952629,0.952629,0.0000e+00
dev-long-03,378,2599,0.000000e+00,1442,1442,5.931415,5.931415,0.0000e+00
dev-long-03,379,198,0.000000e+00,198,198,0.209065,0.209065,0.0000e+00
dev-long-03,380,5938,0.000000e+00,65802,65802,1.933278,1.933278,0.0000e+00
dev-long-03,381,499,0.000000e+00,499,499,0.000393,0.000393,0.0000e+00
dev-long-03,382,305,0.000000e+00,305,305,0.038198,0.038198,0.0000e+00
dev-long-03,383,12523,0.000000e+00,12523,12523,0.023439,0.023439,0.0000e+00
dev-long-03,384,13,0.000000e+00,13,13,0.267187,0.267187,0.0000e+00
dev-long-03,385,5514,0.000000e+00,5514,5514,1.102136,1.102136,0.0000e+00
dev-long-03,386,369,0.000000e+00,11,11,0.849968,0.849968,0.0000e+00
dev-long-03,387,279,0.000000e+00,279,279,0.281707,0.281707,0.0000e+00
dev-long-03,388,9506,0.000000e+00,9506,9506,0.087723,0.087723,0.0000e+00
dev-long-03,389,26,0.000000e+00,1381,1381,3.504947,3.504947,0.0000e+00
dev-long-03,390,279,0.000000e+00,1532,1532,3.424048,3.424048,0.0000e+00
dev-long-03,391,9506,0.000000e+00,60042,60042,4.933368,4.933368,0.0000e+00
dev-long-03,392,3571,0.000000e+00,1902,1902,2.550420,2.550420,0.0000e+00
dev-long-03,393,494,0.000000e+00,494,494,0.009360,0.009360,0.0000e+00
dev-long-03,394,279,0.000000e+00,279,279,0.011274,0.011274,0.0000e+00
dev-long-03,395,60042,0.000000e+00,60042,60042,0.027272,0.027272,0.0000e+00
dev-long-03,396,11,0.000000e+00,26,26,3.008672,3.008672,0.0000e+00
dev-long-03,397,321,0.000000e+00,321,321,0.384053,0.384053,0.0000e+00
dev-long-03,398,198,0.000000e+00,198,198,0.015980,0.015980,0.0000e+00
dev-long-03,399,1719,0.000000e+00,1719,1719,0.022455,0.022455,0.0000e+00
dev-long-03,400,60042,0.000000e+00,60042,60042,0.056137,0.056137,0.0000e+00
dev-long-03,401,3571,0.000000e+00,3571,3571,0.508163,0.508163,0.0000e+00
dev-long-03,402,494,0.000000e+00,494,494,0.017011,0.017011,0.0000e+00
dev-long-03,403,4248,0.000000e+00,279,279,3.975060,3.975060,0.0000e+00
dev-long-03,404,13,0.000000e+00,13,13,0.001428,0.001428,0.0000e+00
dev-long-03,405,17075,0.000000e+00,78434,78434,1.976328,1.976328,0.0000e+00
dev-long-03,406,27466,0.000000e+00,27466,27466,0.000264,0.000264,0.0000e+00
dev-long-03,407,11,0.000000e+00,13,13,0.792553,0.792553,0.0000e+00
dev-long-03,408,279,0.000000e+00,279,279,0.277545,0.277545,0.0000e+00
dev-long-03,409,43623,0.000000e+00,6171,6171,3.041897,3.041897,0.0000e+00
dev-long-03,410,440,0.000000e+00,6483,6483,4.814309,4.814309,0.0000e+00
dev-long-03,411,279,0.000000e+00,279,279,0.488191,0.488191,0.0000e+00
dev-long-03,412,3743,0.000000e+00,7167,7167,2.769974,2.769974,0.0000e+00
dev-long-03,413,8628,0.000000e+00,198,198,3.299124,3.299124,0.0000e+00
dev-long-03,414,321,0.000000e+00,13,13,1.128043,1.128043,0.0000e+00
dev-long-03,415,198,0.000000e+00,198,198,0.003906,0.003906,0.0000e+00
dev-long-03,416,528,0.000000e+00,1719,1719,1.800950,1.800950,0.0000e+00
dev-long-03,417,279,0.000000e+00,279,279,0.489560,0.489560,0.0000e+00
dev-long-03,418,975,0.000000e+00,975,975,0.082239,0.082239,0.0000e+00
dev-long-03,419,16935,0.000000e+00,292,292,3.229570,3.229570,0.0000e+00
dev-long-03,420,440,0.000000e+00,864,864,4.749035,4.749035,0.0000e+00
dev-long-03,421,864,0.000000e+00,864,864,0.000344,0.000344,0.0000e+00
dev-long-03,422,353,0.000000e+00,353,353,0.397482,0.397482,0.0000e+00
dev-long-03,423,599,0.000000e+00,599,599,0.273538,0.273538,0.0000e+00
dev-long-03,424,32183,0.000000e+00,32183,32183,0.440288,0.440288,0.0000e+00
dev-long-03,425,488,0.000000e+00,488,488,0.000212,0.000212,0.0000e+00
dev-long-03,426,13,0.000000e+00,13,13,0.005813,0.005813,0.0000e+00
dev-long-03,427,1987,0.000000e+00,4543,4543,2.163294,2.163294,0.0000e+00
dev-long-03,428,1381,0.000000e+00,1381,1381,0.829969,0.829969,0.0000e+00
dev-long-03,429,567,0.000000e+00,11,11,1.475770,1.475770,0.0000e+00
dev-long-03,430,198,0.000000e+00,198,198,0.009359,0.009359,0.0000e+00
dev-long-03,431,24028,0.000000e+00,24028,24028,0.019519,0.019519,0.0000e+00
dev-long-03,432,716,0.000000e+00,2404,2404,1.649640,1.649640,0.0000e+00
dev-long-03,433,12833,0.000000e+00,12833,12833,0.100158,0.100158,0.0000e+00
dev-long-03,434,1546,0.000000e+00,13519,13519,2.089565,2.089565,0.0000e+00
dev-long-03,435,13519,0.000000e+00,13519,13519,0.006049,0.006049,0.0000e+00
dev-long-03,436,310,0.000000e+00,310,310,0.000162,0.000162,0.0000e+00
dev-long-03,437,8996,0.000000e+00,8996,8996,0.234578,0.234578,0.0000e+00
dev-long-03,438,411,0.000000e+00,411,411,0.160270,0.160270,0.0000e+00
dev-long-03,439,43623,0.000000e+00,43623,43623,0.175453,0.175453,0.0000e+00
dev-long-03,440,321,0.000000e+00,321,321,1.057307,1.057307,0.0000e+00
dev-long-03,441,198,0.000000e+00,198,198,1.053306,1.053306,0.0000e+00
dev-long-03,442,4899,0.000000e+00,3795,3795,11.737235,11.737235,0.0000e+00
dev-long-03,443,517,0.000000e+00,517,517,0.004398,0.004398,0.0000e+00
dev-long-03,444,1988,0.000000e+00,1988,1988,0.000021,0.000021,0.0000e+00
dev-long-03,445,1092,0.000000e+00,1092,1092,0.399695,0.399695,0.0000e+00
dev-long-03,446,919,0.000000e+00,919,919,0.180849,0.180849,0.0000e+00
dev-long-03,447,551,0.000000e+00,551,551,0.002972,0.002972,0.0000e+00
dev-long-03,448,682,0.000000e+00,682,682,0.631916,0.631916,0.0000e+00
dev-long-03,449,6141,0.000000e+00,6141,6141,0.004478,0.004478,0.0000e+00
dev-long-03,450,303,0.000000e+00,303,303,0.000415,0.000415,0.0000e+00
dev-long-03,451,411,0.000000e+00,411,411,0.118413,0.118413,0.0000e+00
dev-long-03,452,2545,0.000000e+00,24577,24577,4.385511,4.385511,0.0000e+00
dev-long-03,453,21831,0.000000e+00,21831,21831,0.012174,0.012174,0.0000e+00
dev-long-03,454,13,0.000000e+00,13,13,0.350550,0.350550,0.0000e+00
dev-long-03,455,1946,0.000000e+00,1165,1165,3.493914,3.493914,0.0000e+00
dev-long-03,456,635,0.000000e+00,279,279,5.449269,5.449269,0.0000e+00
dev-long-03,457,198,0.000000e+00,198,198,0.400729,0.400729,0.0000e+00
dev-long-03,458,559,0.000000e+00,559,559,0.015655,0.015655,0.0000e+00
dev-long-03,459,11,0.000000e+00,11,11,0.059259,0.059259,0.0000e+00
dev-long-03,460,567,0.000000e+00,567,567,0.290618,0.290618,0.0000e+00
dev-long-03,461,1902,0.000000e+00,1902,1902,0.011498,0.011498,0.0000e+00
dev-long-03,462,1380,0.000000e+00,1380,1380,1.153649,1.153649,0.0000e+00
dev-long-03,463,279,0.000000e+00,321,321,5.676480,5.676480,0.0000e+00
dev-long-03,464,43070,0.000000e+00,43070,43070,1.053365,1.053365,0.0000e+00
dev-long-03,465,3254,0.000000e+00,3254,3254,0.808034,0.808034,0.0000e+00
dev-long-03,466,1118,0.000000e+00,1118,1118,0.133738,0.133738,0.0000e+00
dev-long-03,467,11,0.000000e+00,11,11,0.212764,0.212764,0.0000e+00
dev-long-03,468,321,0.000000e+00,321,321,0.018604,0.018604,0.0000e+00
dev-long-03,469,1439,0.000000e+00,1439,1439,0.566105,0.566105,0.0000e+00
dev-long-03,470,9940,0.000000e+00,9940,9940,0.039853,0.039853,0.0000e+00
dev-long-03,471,35723,0.000000e+00,11,11,2.055030,2.055030,0.0000e+00
dev-long-03,472,198,0.000000e+00,198,198,0.000113,0.000113,0.0000e+00
dev-long-03,473,258,0.000000e+00,258,258,0.000269,0.000269,0.0000e+00
dev-long-03,474,449,0.000000e+00,279,279,7.952277,7.952277,0.0000e+00
dev-long-03,475,31604,0.000000e+00,31604,31604,0.015210,0.015210,0.0000e+00
dev-long-03,476,303,0.000000e+00,303,303,0.106968,0.106968,0.0000e+00
dev-long-03,477,660,0.000000e+00,279,279,6.399560,6.399560,0.0000e+00
dev-long-03,478,279,0.000000e+00,279,279,0.000396,0.000396,0.0000e+00
dev-long-03,479,11129,0.000000e+00,6187,6187,3.310010,3.310010,0.0000e+00
dev-long-03,480,15228,0.000000e+00,15228,15228,0.004661,0.004661,0.0000e+00
dev-long-03,481,13,0.000000e+00,13,13,0.134414,0.134414,0.0000e+00
dev-long-03,482,1368,0.000000e+00,38470,38470,2.721426,2.721426,0.0000e+00
dev-long-03,483,411,0.000000e+00,411,411,0.236187,0.236187,0.0000e+00
dev-long-03,484,3564,0.000000e+00,14107,14107,1.415529,1.415529,0.0000e+00
dev-long-03,485,11,0.000000e+00,11,11,0.026036,0.026036,0.0000e+00
dev-long-03,486,353,0.000000e+00,353,353,0.136772,0.136772,0.0000e+00
dev-long-03,487,4723,0.000000e+00,4723,4723,0.630751,0.630751,0.0000e+00
dev-long-03,488,198,0.000000e+00,198,198,0.001020,0.001020,0.0000e+00
dev-long-03,489,18443,0.000000e+00,18443,18443,0.863195,0.863195,0.0000e+00
dev-long-03,490,89085,0.000000e+00,89085,89085,0.731387,0.731387,0.0000e+00
dev-long-03,491,310,0.000000e+00,310,310,0.001335,0.001335,0.0000e+00
dev-long-03,492,975,0.000000e+00,1010,1010,1.015725,1.015725,0.0000e+00
dev-long-03,493,5245,0.000000e+00,5245,5245,0.952109,0.952109,0.0000e+00
dev-long-03,494,1920,0.000000e+00,1920,1920,0.013851,0.013851,0.0000e+00
dev-long-03,495,271,0.000000e+00,271,271,0.002994,0.002994,0.0000e+00
dev-long-03,496,41610,0.000000e+00,2005,2005,1.416160,1.416160,0.0000e+00
dev-long-03,497,668,0.000000e+00,0,0,4.144303,4.144303,0.0000e+00
dev-long-03,498,488,0.000000e+00,678,678,2.150622,2.150622,0.0000e+00
dev-long-03,499,1910,0.000000e+00,5479,5479,0.869927,0.869927,0.0000e+00
dev-long-03,500,12035,0.000000e+00,12035,12035,0.005750,0.005750,0.0000e+00
dev-long-03,501,271,0.000000e+00,271,271,0.095501,0.095501,0.0000e+00
dev-long-03,502,2005,0.000000e+00,2005,2005,0.066581,0.066581,0.0000e+00
dev-long-03,503,33963,0.000000e+00,22367,22367,4.025813,4.025813,0.0000e+00
dev-long-03,504,728,0.000000e+00,728,728,0.004354,0.004354,0.0000e+00
dev-long-03,505,264,0.000000e+00,449,449,5.707793,5.707793,0.0000e+00
dev-long-03,506,44579,0.000000e+00,5572,5572,1.960109,1.960109,0.0000e+00
dev-long-03,507,321,0.000000e+00,321,321,0.054040,0.054040,0.0000e+00
dev-long-03,508,421,0.000000e+00,421,421,1.378877,1.378877,0.0000e+00
dev-long-03,509,20485,0.000000e+00,20485,20485,1.300113,1.300113,0.0000e+00
dev-long-03,510,314,0.000000e+00,314,314,0.007565,0.007565,0.0000e+00
dev-long-03,511,5392,0.000000e+00,264,264,1.325178,1.325178,0.0000e+00
dev-long-03,512,13,0.000000e+00,1920,1920,2.651467,2.651467,0.0000e+00
dev-long-03,513,4543,0.000000e+00,6558,6558,2.939102,2.939102,0.0000e+00
dev-long-03,514,11,0.000000e+00,11,11,0.422617,0.422617,0.0000e+00
dev-long-03,515,1179,0.000000e+00,4248,4248,2.315056,2.315056,0.0000e+00
dev-long-03,516,25,0.000000e+00,13,13,1.399722,1.399722,0.0000e+00
dev-long-03,517,3260,0.000000e+00,3260,3260,0.191605,0.191605,0.0000e+00
dev-long-03,518,6441,0.000000e+00,6441,6441,0.284723,0.284723,0.0000e+00
dev-long-03,519,506,0.000000e+00,506,506,0.007489,0.007489,0.0000e+00
dev-long-03,520,279,0.000000e+00,198,198,1.614720,1.614720,0.0000e+00
dev-long-03,521,198,0.000000e+00,198,198,0.061140,0.061140,0.0000e+00
dev-long-03,522,70927,0.000000e+00,25668,25668,6.020798,6.020798,0.0000e+00
dev-long-03,523,314,0.000000e+00,314,314,0.000723,0.000723,0.0000e+00
dev-long-03,524,7441,0.000000e+00,7441,7441,0.026312,0.026312,0.0000e+00
dev-long-03,525,689,0.000000e+00,689,689,0.000193,0.000193,0.0000e+00
dev-long-03,526,6476,0.000000e+00,6476,6476,0.001324,0.001324,0.0000e+00
dev-long-03,527,11,0.000000e+00,11,11,0.057960,0.057960,0.0000e+00
dev-long-03,528,264,0.000000e+00,264,264,0.007994,0.007994,0.0000e+00
dev-long-03,529,60042,0.000000e+00,3565,3565,4.687042,4.687042,0.0000e+00
dev-long-03,530,321,0.000000e+00,321,321,0.001923,0.001923,0.0000e+00
dev-long-03,531,264,0.000000e+00,264,264,0.000018,0.000018,0.0000e+00
dev-long-03,532,3565,0.000000e+00,2503,2503,2.014438,2.014438,0.0000e+00
dev-long-03,533,6273,0.000000e+00,6273,6273,0.404232,0.404232,0.0000e+00
dev-long-03,534,8628,0.000000e+00,8628,8628,0.001150,0.001150,0.0000e+00
dev-long-03,535,13,0.000000e+00,30996,30996,2.401875,2.401875,0.0000e+00
dev-long-03,536,4248,0.000000e+00,561,561,1.771966,1.771966,0.0000e+00
dev-long-03,537,13,0.000000e+00,13,13,0.001117,0.001117,0.0000e+00
dev-long-03,538,17075,0.000000e+00,17075,17075,0.000541,0.000541,0.0000e+00
dev-long-03,539,27466,0.000000e+00,27466,27466,0.001521,0.001521,0.0000e+00
dev-long-03,540,198,0.000000e+00,198,198,0.002317,0.002317,0.0000e+00
dev-long-03,541,4660,0.000000e+00,4660,4660,0.575121,0.575121,0.0000e+00
dev-long-03,542,599,0.000000e+00,599,599,0.000146,0.000146,0.0000e+00
dev-long-03,543,279,0.000000e+00,2107,2107,3.316439,3.316439,0.0000e+00
dev-long-03,544,1788,0.000000e+00,1788,1788,0.001428,0.001428,0.0000e+00
dev-long-03,545,539,0.000000e+00,539,539,0.026601,0.026601,0.0000e+00
dev-long-03,546,18377,0.000000e+00,18377,18377,0.087614,0.087614,0.0000e+00
dev-long-03,547,506,0.000000e+00,506,506,0.004263,0.004263,0.0000e+00
dev-long-03,548,220,0.000000e+00,220,220,0.671876,0.671876,0.0000e+00
dev-long-03,549,21,0.000000e+00,21,21,0.013941,0.013941,0.0000e+00
dev-long-03,550,25,0.000000e+00,11,11,1.250492,1.250492,0.0000e+00
dev-long-03,551,18,0.000000e+00,16,16,1.391245,1.391245,0.0000e+00
dev-long-03,552,15,0.000000e+00,15,15,0.000256,0.000256,0.0000e+00
dev-long-03,553,411,0.000000e+00,310,310,5.263680,5.263680,0.0000e+00
dev-long-03,554,11129,0.000000e+00,11129,11129,0.014297,0.014297,0.0000e+00
dev-long-03,555,506,0.000000e+00,506,506,0.010943,0.010943,0.0000e+00
dev-long-03,556,220,0.000000e+00,220,220,0.041816,0.041816,0.0000e+00
dev-long-03,557,17,0.000000e+00,17,17,0.000056,0.000056,0.0000e+00
dev-long-03,558,17,0.000000e+00,17,17,0.000006,0.000006,0.0000e+00
dev-long-03,559,16,0.000000e+00,16,16,0.000636,0.000636,0.0000e+00
dev-long-03,560,33,0.000000e+00,33,33,0.053854,0.053854,0.0000e+00
dev-long-03,561,11,0.000000e+00,11,11,0.012658,0.012658,0.0000e+00
dev-long-03,562,27466,0.000000e+00,27466,27466,0.002698,0.002698,0.0000e+00
dev-long-03,563,198,0.000000e+00,198,198,0.006212,0.006212,0.0000e+00
dev-long-03,564,33402,0.000000e+00,33402,33402,0.001280,0.001280,0.0000e+00
dev-long-03,565,13894,0.000000e+00,13894,13894,0.028817,0.028817,0.0000e+00
dev-long-03,566,2844,0.000000e+00,2532,2532,3.448113,3.448113,0.0000e+00
dev-long-03,567,369,0.000000e+00,369,369,0.008065,0.008065,0.0000e+00
dev-long-03,568,2708,0.000000e+00,279,279,1.732946,1.732946,0.0000e+00
dev-long-03,569,321,0.000000e+00,321,321,0.019613,0.019613,0.0000e+00
dev-long-03,570,61446,0.000000e+00,61446,61446,0.163091,0.163091,0.0000e+00
dev-long-03,571,1920,0.000000e+00,1920,1920,0.123616,0.123616,0.0000e+00
dev-long-03,572,271,0.000000e+00,271,271,0.000356,0.000356,0.0000e+00
dev-long-03,573,2005,0.000000e+00,2005,2005,0.429879,0.429879,0.0000e+00
dev-long-03,574,24936,0.000000e+00,9651,9651,2.862342,2.862342,0.0000e+00
dev-long-03,575,13,0.000000e+00,1920,1920,1.362315,1.362315,0.0000e+00
dev-long-03,576,1921,0.000000e+00,1921,1921,0.038748,0.038748,0.0000e+00
dev-long-03,577,668,0.000000e+00,668,668,0.953829,0.953829,0.0000e+00
dev-long-03,578,551,0.000000e+00,551,551,0.113151,0.113151,0.0000e+00
dev-long-03,579,1436,0.000000e+00,2445,2445,2.657982,2.657982,0.0000e+00
dev-long-03,580,424,0.000000e+00,424,424,0.066429,0.066429,0.0000e+00
dev-long-03,581,12035,0.000000e+00,12035,12035,0.006090,0.006090,0.0000e+00
dev-long-03,582,271,0.000000e+00,271,271,0.000379,0.000379,0.0000e+00
dev-long-03,583,84797,0.000000e+00,2005,2005,3.021555,3.021555,0.0000e+00
dev-long-03,584,11,0.000000e+00,11,11,0.001619,0.001619,0.0000e+00
dev-long-03,585,551,0.000000e+00,424,424,0.975769,0.975769,0.0000e+00
dev-long-03,586,369,0.000000e+00,1902,1902,1.857411,1.857411,0.0000e+00
dev-long-03,587,2617,0.000000e+00,883,883,3.786182,3.786182,0.0000e+00
dev-long-03,588,310,0.000000e+00,310,310,0.000554,0.000554,0.0000e+00
dev-long-03,589,2426,0.000000e+00,381,381,5.345237,5.345237,0.0000e+00
dev-long-03,590,449,0.000000e+00,449,449,0.107253,0.107253,0.0000e+00
dev-long-03,591,7662,0.000000e+00,7662,7662,0.008745,0.008745,0.0000e+00
dev-long-03,592,383,0.000000e+00,383,383,0.011614,0.011614,0.0000e+00
dev-long-03,593,279,0.000000e+00,279,279,0.040940,0.040940,0.0000e+00
dev-long-03,594,15228,0.000000e+00,15228,15228,0.035121,0.035121,0.0000e+00
dev-long-03,595,11,0.000000e+00,11,11,0.709693,0.709693,0.0000e+00
dev-long-03,596,2394,0.000000e+00,364,364,1.971285,1.971285,0.0000e+00
dev-long-03,597,11,0.000000e+00,551,551,0.929959,0.929959,0.0000e+00
dev-long-03,598,310,0.000000e+00,413,413,5.231643,5.231643,0.0000e+00
dev-long-03,599,264,0.000000e+00,660,660,1.333538,1.333538,0.0000e+00
dev-long-03,600,7604,0.000000e+00,855,855,1.181116,1.181116,0.0000e+00
dev-long-03,601,855,0.000000e+00,855,855,0.037352,0.037352,0.0000e+00
dev-long-03,602,11,0.000000e+00,11,11,0.008946,0.008946,0.0000e+00
dev-long-03,603,198,0.000000e+00,198,198,0.028283,0.028283,0.0000e+00
dev-long-03,604,1719,0.000000e+00,1719,1719,0.149443,0.149443,0.0000e+00
dev-long-03,605,4557,0.000000e+00,4557,4557,0.755508,0.755508,0.0000e+00
dev-long-03,606,557,0.000000e+00,314,314,1.517296,1.517296,0.0000e+00
dev-long-03,607,264,0.000000e+00,264,264,0.036415,0.036415,0.0000e+00
dev-long-03,608,8545,0.000000e+00,8545,8545,0.473723,0.473723,0.0000e+00
dev-long-03,609,799,0.000000e+00,799,799,0.010702,0.010702,0.0000e+00
dev-long-03,610,13,0.000000e+00,13,13,0.375118,0.375118,0.0000e+00
dev-long-03,611,1216,0.000000e+00,1049,1049,1.279438,1.279438,0.0000e+00
dev-long-03,612,557,0.000000e+00,668,668,2.937562,2.937562,0.0000e+00
dev-long-03,613,9077,0.000000e+00,63840,63840,2.903427,2.903427,0.0000e+00
dev-long-03,614,748,0.000000e+00,264,264,5.032028,5.032028,0.0000e+00
dev-long-03,615,25281,0.000000e+00,592,592,6.024181,6.024181,0.0000e+00
dev-long-03,616,539,0.000000e+00,539,539,0.007589,0.007589,0.0000e+00
dev-long-03,617,780,0.000000e+00,780,780,0.060223,0.060223,0.0000e+00
dev-long-03,618,5605,0.000000e+00,14590,14590,1.938532,1.938532,0.0000e+00
dev-long-03,619,329,0.000000e+00,2887,2887,3.814564,3.814564,0.0000e+00
dev-long-03,620,663,0.000000e+00,663,663,0.019564,0.019564,0.0000e+00
dev-long-03,621,303,0.000000e+00,303,303,0.527955,0.527955,0.0000e+00
dev-long-03,622,198,0.000000e+00,198,198,0.000238,0.000238,0.0000e+00
dev-long-03,623,35444,0.000000e+00,1719,1719,2.540508,2.540508,0.0000e+00
dev-long-03,624,279,0.000000e+00,279,279,0.000188,0.000188,0.0000e+00
dev-long-03,625,3136,0.000000e+00,3136,3136,0.155299,0.155299,0.0000e+00
dev-long-03,626,321,0.000000e+00,11,11,1.092922,1.092922,0.0000e+00
dev-long-03,627,539,0.000000e+00,539,539,0.411733,0.411733,0.0000e+00
dev-long-03,628,279,0.000000e+00,279,279,0.071567,0.071567,0.0000e+00
dev-long-03,629,5313,0.000000e+00,10771,10771,3.183046,3.183046,0.0000e+00
dev-long-03,630,314,0.000000e+00,314,314,0.000043,0.000043,0.0000e+00
dev-long-03,631,38470,0.000000e+00,38470,38470,0.642314,0.642314,0.0000e+00
dev-long-03,632,421,0.000000e+00,421,421,0.099942,0.099942,0.0000e+00
dev-long-03,633,551,0.000000e+00,551,551,0.005281,0.005281,0.0000e+00
dev-long-03,634,3272,0.000000e+00,3272,3272,0.170059,0.170059,0.0000e+00
dev-long-03,635,314,0.000000e+00,314,314,0.250404,0.250404,0.0000e+00
dev-long-03,636,198,0.000000e+00,198,198,0.000023,0.000023,0.0000e+00
dev-long-03,637,39850,0.000000e+00,39850,39850,0.012518,0.012518,0.0000e+00
dev-long-03,638,694,0.000000e+00,694,694,0.051840,0.051840,0.0000e+00
dev-long-03,639,10650,0.000000e+00,780,780,1.027897,1.027897,0.0000e+00
dev-long-03,640,11,0.000000e+00,11,11,0.128167,0.128167,0.0000e+00
dev-long-03,641,694,0.000000e+00,321,321,8.115978,8.115978,0.0000e+00
dev-long-03,642,2394,0.000000e+00,279,279,3.920370,3.920370,0.0000e+00
dev-long-03,643,1179,0.000000e+00,1179,1179,0.256170,0.256170,0.0000e+00
dev-long-03,644,551,0.000000e+00,551,551,0.016874,0.016874,0.0000e+00
dev-long-03,645,1902,0.000000e+00,1902,1902,0.038705,0.038705,0.0000e+00
dev-long-03,646,599,0.000000e+00,599,599,0.216246,0.216246,0.0000e+00
dev-long-03,647,95426,0.000000e+00,95426,95426,1.118890,1.118890,0.0000e+00
dev-long-03,648,21542,0.000000e+00,1996,1996,2.688021,2.688021,0.0000e+00
dev-long-03,649,6359,0.000000e+00,6359,6359,0.000002,0.000002,0.0000e+00
dev-long-03,650,279,0.000000e+00,279,279,0.002766,0.002766,0.0000e+00
dev-long-03,651,198,0.000000e+00,198,198,0.000088,0.000088,0.0000e+00
dev-long-03,652,6455,0.000000e+00,798,798,3.071737,3.071737,0.0000e+00
dev-long-03,653,16709,0.000000e+00,16709,16709,0.711067,0.711067,0.0000e+00
dev-long-03,654,864,0.000000e+00,864,864,0.035097,0.035097,0.0000e+00
dev-long-03,655,8613,0.000000e+00,11354,11354,3.745013,3.745013,0.0000e+00
dev-long-03,656,1384,0.000000e+00,1384,1384,0.000865,0.000865,0.0000e+00
dev-long-03,657,310,0.000000e+00,310,310,0.000846,0.000846,0.0000e+00
dev-long-03,658,5758,0.000000e+00,5758,5758,0.722017,0.722017,0.0000e+00
dev-long-03,659,780,0.000000e+00,780,780,0.194205,0.194205,0.0000e+00
dev-long-03,660,11619,0.000000e+00,21209,21209,5.380280,5.380280,0.0000e+00
dev-long-03,661,13,0.000000e+00,13,13,0.192960,0.192960,0.0000e+00
dev-long-03,662,4844,0.000000e+00,7183,7183,1.905883,1.905883,0.0000e+00
dev-long-03,663,11,0.000000e+00,11,11,0.121479,0.121479,0.0000e+00
dev-long-03,664,1495,0.000000e+00,1495,1495,0.405813,0.405813,0.0000e+00
dev-long-03,665,11,0.000000e+00,11,11,0.000262,0.000262,0.0000e+00
dev-long-03,666,279,0.000000e+00,279,279,0.369791,0.369791,0.0000e+00
dev-long-03,667,198,0.000000e+00,13893,13893,5.484320,5.484320,0.0000e+00
dev-long-03,668,390,0.000000e+00,41868,41868,7.947717,7.947717,0.0000e+00
dev-long-03,669,16250,0.000000e+00,16250,16250,0.517112,0.517112,0.0000e+00
dev-long-03,670,314,0.000000e+00,314,314,0.000086,0.000086,0.0000e+00
dev-long-03,671,780,0.000000e+00,780,780,0.000601,0.000601,0.0000e+00
dev-long-03,672,803,0.000000e+00,803,803,0.431636,0.431636,0.0000e+00
dev-long-03,673,668,0.000000e+00,668,668,0.261601,0.261601,0.0000e+00
dev-long-03,674,5073,0.000000e+00,524,524,2.574401,2.574401,0.0000e+00
dev-long-03,675,1384,0.000000e+00,1384,1384,0.002658,0.002658,0.0000e+00
dev-long-03,676,310,0.000000e+00,310,310,0.013151,0.013151,0.0000e+00
dev-long-03,677,1436,0.000000e+00,2445,2445,3.880246,3.880246,0.0000e+00
dev-long-03,678,424,0.000000e+00,424,424,0.003718,0.003718,0.0000e+00
dev-long-03,679,11,0.000000e+00,506,506,1.586462,1.586462,0.0000e+00
dev-long-03,680,364,0.000000e+00,364,364,0.313112,0.313112,0.0000e+00
dev-long-03,681,4858,0.000000e+00,11,11,5.174511,5.174511,0.0000e+00
dev-long-03,682,852,0.000000e+00,668,668,1.181921,1.181921,0.0000e+00
dev-long-03,683,198,0.000000e+00,198,198,0.001140,0.001140,0.0000e+00
dev-long-03,684,30979,0.000000e+00,30979,30979,0.079222,0.079222,0.0000e+00
dev-long-03,685,82,0.000000e+00,82,82,0.000255,0.000255,0.0000e+00
dev-long-03,686,1384,0.000000e+00,1384,1384,0.067953,0.067953,0.0000e+00
dev-long-03,687,668,0.000000e+00,668,668,0.015637,0.015637,0.0000e+00
dev-long-03,688,2050,0.000000e+00,10179,10179,3.306305,3.306305,0.0000e+00
dev-long-03,689,780,0.000000e+00,1384,1384,0.983271,0.983271,0.0000e+00
dev-long-03,690,6326,0.000000e+00,6326,6326,0.020174,0.020174,0.0000e+00
dev-long-03,691,310,0.000000e+00,310,310,0.000086,0.000086,0.0000e+00
dev-long-03,692,424,0.000000e+00,424,424,0.090878,0.090878,0.0000e+00
dev-long-03,693,13,0.000000e+00,1920,1920,0.876293,0.876293,0.0000e+00
dev-long-03,694,5514,0.000000e+00,5514,5514,0.310032,0.310032,0.0000e+00
dev-long-03,695,488,0.000000e+00,369,369,2.325293,2.325293,0.0000e+00
dev-long-03,696,513,0.000000e+00,513,513,0.005294,0.005294,0.0000e+00
dev-long-03,697,11,0.000000e+00,11,11,0.309682,0.309682,0.0000e+00
dev-long-03,698,38470,0.000000e+00,38470,38470,0.031906,0.031906,0.0000e+00
dev-long-03,699,11,0.000000e+00,11,11,0.126773,0.126773,0.0000e+00
dev-long-03,700,1542,0.000000e+00,1542,1542,0.356904,0.356904,0.0000e+00
dev-long-03,701,198,0.000000e+00,198,198,0.004262,0.004262,0.0000e+00
dev-long-03,702,2829,0.000000e+00,2829,2829,0.002078,0.002078,0.0000e+00
dev-long-03,703,310,0.000000e+00,310,310,0.016928,0.016928,0.0000e+00
dev-long-03,704,279,0.000000e+00,279,279,0.006342,0.006342,0.0000e+00
dev-long-03,705,12507,0.000000e+00,17933,17933,1.970984,1.970984,0.0000e+00
dev-long-03,706,8815,0.000000e+00,8815,8815,0.009042,0.009042,0.0000e+00
dev-long-03,707,321,0.000000e+00,321,321,0.177687,0.177687,0.0000e+00
dev-long-03,708,599,0.000000e+00,599,599,0.323369,0.323369,0.0000e+00
dev-long-03,709,411,0.000000e+00,411,411,0.067152,0.067152,0.0000e+00
dev-long-03,710,2113,0.000000e+00,2113,2113,0.315325,0.315325,0.0000e+00
dev-long-03,711,303,0.000000e+00,303,303,0.013207,0.013207,0.0000e+00
dev-long-03,712,279,0.000000e+00,279,279,0.035094,0.035094,0.0000e+00
dev-long-03,713,11129,0.000000e+00,11129,11129,0.054254,0.054254,0.0000e+00
dev-long-03,714,198,0.000000e+00,198,198,0.036757,0.036757,0.0000e+00
dev-long-03,715,45717,0.000000e+00,45717,45717,0.081707,0.081707,0.0000e+00
dev-long-03,716,1920,0.000000e+00,1920,1920,0.118805,0.118805,0.0000e+00
dev-long-03,717,271,0.000000e+00,271,271,0.060732,0.060732,0.0000e+00
dev-long-03,718,43627,0.000000e+00,623,623,1.490544,1.490544,0.0000e+00
dev-long-03,719,864,0.000000e+00,4139,4139,3.894110,3.894110,0.0000e+00
dev-long-03,720,11,0.000000e+00,11,11,0.349963,0.349963,0.0000e+00
dev-long-03,721,26180,0.000000e+00,26180,26180,0.455094,0.455094,0.0000e+00
dev-long-03,722,12035,0.000000e+00,12035,12035,0.024670,0.024670,0.0000e+00
dev-long-03,723,271,0.000000e+00,271,271,0.003124,0.003124,0.0000e+00
dev-long-03,724,83891,0.000000e+00,2005,2005,4.372039,4.372039,0.0000e+00
dev-long-03,725,11,0.000000e+00,11,11,0.000623,0.000623,0.0000e+00
dev-long-03,726,303,0.000000e+00,303,303,0.025871,0.025871,0.0000e+00
dev-long-03,727,279,0.000000e+00,279,279,0.469652,0.469652,0.0000e+00
dev-long-03,728,696,0.000000e+00,696,696,0.007268,0.007268,0.0000e+00
dev-long-03,729,38,0.000000e+00,38,38,0.357926,0.357926,0.0000e+00
dev-long-03,730,60872,0.000000e+00,60872,60872,0.367565,0.367565,0.0000e+00
dev-long-03,731,6663,0.000000e+00,6663,6663,0.100469,0.100469,0.0000e+00
dev-long-03,732,696,0.000000e+00,279,279,1.400687,1.400687,0.0000e+00
dev-long-03,733,12335,0.000000e+00,608,608,2.541377,2.541377,0.0000e+00
dev-long-03,734,6663,0.000000e+00,6663,6663,0.007177,0.007177,0.0000e+00
dev-long-03,735,696,0.000000e+00,696,696,0.421563,0.421563,0.0000e+00
dev-long-03,736,47,0.000000e+00,47,47,1.893906,1.893906,0.0000e+00
dev-long-03,737,528,0.000000e+00,528,528,0.027236,0.027236,0.0000e+00
dev-long-03,738,30366,0.000000e+00,30366,30366,0.001933,0.001933,0.0000e+00
dev-long-03,739,6663,0.000000e+00,6663,6663,0.179312,0.179312,0.0000e+00
dev-long-03,740,696,0.000000e+00,696,696,0.701203,0.701203,0.0000e+00
dev-long-03,741,608,0.000000e+00,608,608,0.611007,0.611007,0.0000e+00
dev-long-03,742,13,0.000000e+00,13,13,0.014068,0.014068,0.0000e+00
dev-long-03,743,7555,0.000000e+00,7555,7555,0.001114,0.001114,0.0000e+00
dev-long-03,744,725,0.000000e+00,725,725,0.293490,0.293490,0.0000e+00
dev-long-03,745,72043,0.000000e+00,72043,72043,0.737531,0.737531,0.0000e+00
dev-long-03,746,6663,0.000000e+00,6663,6663,0.035884,0.035884,0.0000e+00
dev-long-03,747,198,0.000000e+00,321,321,2.046051,2.046051,0.0000e+00
dev-long-03,748,2021,0.000000e+00,1102,1102,1.869716,1.869716,0.0000e+00
dev-long-03,749,1002,0.000000e+00,1002,1002,0.161146,0.161146,0.0000e+00
dev-long-03,750,286,0.000000e+00,286,286,0.000399,0.000399,0.0000e+00
dev-long-03,751,5230,0.000000e+00,5230,5230,0.002786,0.002786,0.0000e+00
dev-long-03,752,6663,0.000000e+00,6663,6663,0.032029,0.032029,0.0000e+00
dev-long-03,753,696,0.000000e+00,321,321,0.768965,0.768965,0.0000e+00
dev-long-03,754,19178,0.000000e+00,19178,19178,0.296238,0.296238,0.0000e+00
dev-long-03,755,6663,0.000000e+00,6663,6663,0.423085,0.423085,0.0000e+00
dev-long-03,756,696,0.000000e+00,321,321,0.868458,0.868458,0.0000e+00
dev-long-03,757,72442,0.000000e+00,72442,72442,0.852336,0.852336,0.0000e+00
dev-long-03,758,6663,0.000000e+00,6663,6663,0.077115,0.077115,0.0000e+00
dev-long-03,759,321,0.000000e+00,696,696,1.238711,1.238711,0.0000e+00
dev-long-03,760,866,0.000000e+00,696,696,2.272540,2.272540,0.0000e+00
dev-long-03,761,3672,0.000000e+00,3672,3672,0.512194,0.512194,0.0000e+00
dev-long-03,762,421,0.000000e+00,421,421,0.193242,0.193242,0.0000e+00
dev-long-03,763,11822,0.000000e+00,668,668,1.024181,1.024181,0.0000e+00
dev-long-03,764,310,0.000000e+00,310,310,0.001213,0.001213,0.0000e+00
dev-long-03,765,488,0.000000e+00,488,488,0.004871,0.004871,0.0000e+00
dev-long-03,766,1920,0.000000e+00,1920,1920,0.243737,0.243737,0.0000e+00
dev-long-03,767,271,0.000000e+00,271,271,0.001597,0.001597,0.0000e+00
dev-long-03,768,2005,0.000000e+00,2005,2005,0.780364,0.780364,0.0000e+00
dev-long-03,769,24936,0.000000e+00,24936,24936,0.637099,0.637099,0.0000e+00
dev-long-03,770,1575,0.000000e+00,1575,1575,0.016146,0.016146,0.0000e+00
dev-long-03,771,11,0.000000e+00,11,11,0.597789,0.597789,0.0000e+00
dev-long-03,772,26180,0.000000e+00,26180,26180,0.036543,0.036543,0.0000e+00
dev-long-03,773,13,0.000000e+00,13,13,0.117185,0.117185,0.0000e+00
dev-long-03,774,1541,0.000000e+00,1541,1541,0.331620,0.331620,0.0000e+00
dev-long-03,775,411,0.000000e+00,488,488,2.503481,2.503481,0.0000e+00
dev-long-03,776,9506,0.000000e+00,9506,9506,0.547879,0.547879,0.0000e+00
dev-long-03,777,12035,0.000000e+00,12035,12035,0.483722,0.483722,0.0000e+00
dev-long-03,778,271,0.000000e+00,271,271,0.019434,0.019434,0.0000e+00
dev-long-03,779,2005,0.000000e+00,2005,2005,0.510909,0.510909,0.0000e+00
dev-long-03,780,23982,0.000000e+00,23982,23982,1.529726,1.529726,0.0000e+00
dev-long-03,781,11,0.000000e+00,11,11,0.063733,0.063733,0.0000e+00
dev-long-03,782,9542,0.000000e+00,9542,9542,0.534267,0.534267,0.0000e+00
dev-long-03,783,11,0.000000e+00,11,11,0.133938,0.133938,0.0000e+00
dev-long-03,784,353,0.000000e+00,353,353,0.956959,0.956959,0.0000e+00
dev-long-03,785,4723,0.000000e+00,1683,1683,2.457640,2.457640,0.0000e+00
dev-long-03,786,2426,0.000000e+00,2426,2426,0.706700,0.706700,0.0000e+00
dev-long-03,787,279,0.000000e+00,678,678,4.194219,4.194219,0.0000e+00
dev-long-03,788,9506,0.000000e+00,9506,9506,0.035304,0.035304,0.0000e+00
dev-long-03,789,13,0.000000e+00,13,13,1.029304,1.029304,0.0000e+00
dev-long-03,790,9442,0.000000e+00,1049,1049,3.308869,3.308869,0.0000e+00
dev-long-03,791,488,0.000000e+00,488,488,0.000270,0.000270,0.0000e+00
dev-long-03,792,13,0.000000e+00,13,13,0.556952,0.556952,0.0000e+00
dev-long-03,793,1541,0.000000e+00,1541,1541,0.460017,0.460017,0.0000e+00
dev-long-03,794,11,0.000000e+00,1345,1345,1.551379,1.551379,0.0000e+00
dev-long-03,795,353,0.000000e+00,38470,38470,5.091428,5.091428,0.0000e+00
dev-long-03,796,1910,0.000000e+00,1910,1910,0.046064,0.046064,0.0000e+00
dev-long-03,797,11,0.000000e+00,11,11,0.000816,0.000816,0.0000e+00
dev-long-03,798,38470,0.000000e+00,38470,38470,0.081407,0.081407,0.0000e+00
dev-long-03,799,11,0.000000e+00,11,11,0.082962,0.082962,0.0000e+00
dev-long-03,800,1066,0.000000e+00,488,488,7.031533,7.031533,0.0000e+00
dev-long-03,801,198,0.000000e+00,198,198,0.049307,0.049307,0.0000e+00
dev-long-03,802,19180,0.000000e+00,19180,19180,0.389519,0.389519,0.0000e+00
dev-long-03,803,264,0.000000e+00,264,264,0.191331,0.191331,0.0000e+00
dev-long-03,804,60042,0.000000e+00,5392,5392,5.338229,5.338229,0.0000e+00
dev-long-03,805,383,0.000000e+00,440,440,2.011366,2.011366,0.0000e+00
dev-long-03,806,678,0.000000e+00,678,678,0.029472,0.029472,0.0000e+00
dev-long-03,807,1560,0.000000e+00,1560,1560,0.000624,0.000624,0.0000e+00
dev-long-03,808,1142,0.000000e+00,1142,1142,0.055500,0.055500,0.0000e+00
dev-long-03,809,321,0.000000e+00,321,321,0.094014,0.094014,0.0000e+00
dev-long-03,810,5106,0.000000e+00,5106,5106,0.294255,0.294255,0.0000e+00
dev-long-03,811,424,0.000000e+00,424,424,0.067522,0.067522,0.0000e+00
dev-long-03,812,1532,0.000000e+00,440,440,1.126437,1.126437,0.0000e+00
dev-long-03,813,440,0.000000e+00,440,440,0.041276,0.041276,0.0000e+00
dev-long-03,814,728,0.000000e+00,728,728,1.087959,1.087959,0.0000e+00
dev-long-03,815,11,0.000000e+00,13,13,1.613479,1.613479,0.0000e+00
dev-long-03,816,364,0.000000e+00,364,364,0.379710,0.379710,0.0000e+00
dev-long-03,817,567,0.000000e+00,11,11,2.088318,2.088318,0.0000e+00
dev-long-03,818,1902,0.000000e+00,1902,1902,0.609261,0.609261,0.0000e+00
dev-long-03,819,198,0.000000e+00,198,198,0.202105,0.202105,0.0000e+00
dev-long-03,820,18443,0.000000e+00,18443,18443,1.412233,1.412233,0.0000e+00
dev-long-03,821,799,0.000000e+00,264,264,2.184249,2.184249,0.0000e+00
dev-long-03,822,310,0.000000e+00,310,310,0.112752,0.112752,0.0000e+00
dev-long-03,823,2873,0.000000e+00,2873,2873,0.159410,0.159410,0.0000e+00
dev-long-03,824,310,0.000000e+00,1004,1004,1.233833,1.233833,0.0000e+00
dev-long-03,825,411,0.000000e+00,1004,1004,3.405880,3.405880,0.0000e+00
dev-long-03,826,43623,0.000000e+00,43623,43623,0.319969,0.319969,0.0000e+00
dev-long-03,827,303,0.000000e+00,948,948,1.973190,1.973190,0.0000e+00
dev-long-03,828,1925,0.000000e+00,1925,1925,0.476852,0.476852,0.0000e+00
dev-long-03,829,314,0.000000e+00,314,314,0.001268,0.001268,0.0000e+00
dev-long-03,830,279,0.000000e+00,279,279,0.388446,0.388446,0.0000e+00
dev-long-03,831,799,0.000000e+00,799,799,0.016947,0.016947,0.0000e+00
dev-long-03,832,864,0.000000e+00,864,864,0.833334,0.833334,0.0000e+00
dev-long-03,833,678,0.000000e+00,678,678,0.268611,0.268611,0.0000e+00
dev-long-03,834,198,0.000000e+00,198,198,0.129303,0.129303,0.0000e+00
dev-long-03,835,18411,0.000000e+00,46151,46151,2.535756,2.535756,0.0000e+00
dev-long-03,836,369,0.000000e+00,369,369,0.381580,0.381580,0.0000e+00
dev-long-03,837,1381,0.000000e+00,310,310,2.040434,2.040434,0.0000e+00
dev-long-03,838,84182,0.000000e+00,20756,20756,2.697741,2.697741,0.0000e+00
dev-long-03,839,286,0.000000e+00,286,286,0.000009,0.000009,0.0000e+00
dev-long-03,840,1920,0.000000e+00,1920,1920,0.135999,0.135999,0.0000e+00
dev-long-03,841,271,0.000000e+00,271,271,0.006635,0.006635,0.0000e+00
dev-long-03,842,4350,0.000000e+00,2005,2005,1.570032,1.570032,0.0000e+00
dev-long-03,843,279,0.000000e+00,279,279,0.016167,0.016167,0.0000e+00
dev-long-03,844,11779,0.000000e+00,11779,11779,0.009962,0.009962,0.0000e+00
dev-long-03,845,11657,0.000000e+00,11657,11657,0.002373,0.002373,0.0000e+00
dev-long-03,846,995,0.000000e+00,995,995,0.002537,0.002537,0.0000e+00
dev-long-03,847,7795,0.000000e+00,7795,7795,0.239071,0.239071,0.0000e+00
dev-long-03,848,11,0.000000e+00,11,11,0.001701,0.001701,0.0000e+00
dev-long-03,849,38001,0.000000e+00,821,821,0.878414,0.878414,0.0000e+00
dev-long-03,850,3738,0.000000e+00,21504,21504,4.981501,4.981501,0.0000e+00
dev-long-03,851,685,0.000000e+00,685,685,0.096302,0.096302,0.0000e+00
dev-long-03,852,279,0.000000e+00,279,279,0.215560,0.215560,0.0000e+00
dev-long-03,853,9506,0.000000e+00,9506,9506,0.555289,0.555289,0.0000e+00
dev-long-03,854,321,0.000000e+00,321,321,0.027366,0.027366,0.0000e+00
dev-long-03,855,5467,0.000000e+00,5467,5467,0.426581,0.426581,0.0000e+00
dev-long-03,856,424,0.000000e+00,424,424,0.018293,0.018293,0.0000e+00
dev-long-03,857,198,0.000000e+00,198,198,0.000058,0.000058,0.0000e+00
dev-long-03,858,66425,0.000000e+00,446,446,3.387995,3.387995,0.0000e+00
dev-long-03,859,279,0.000000e+00,279,279,0.007162,0.007162,0.0000e+00
dev-long-03,860,3000,0.000000e+00,3000,3000,0.010123,0.010123,0.0000e+00
dev-long-03,861,13,0.000000e+00,13,13,0.078819,0.078819,0.0000e+00
dev-long-03,862,1001,0.000000e+00,1001,1001,0.015962,0.015962,0.0000e+00
dev-long-03,863,2064,0.000000e+00,2064,2064,0.603313,0.603313,0.0000e+00
dev-long-03,864,725,0.000000e+00,369,369,1.246231,1.246231,0.0000e+00
dev-long-03,865,264,0.000000e+00,804,804,1.146219,1.146219,0.0000e+00
dev-long-03,866,7567,0.000000e+00,6037,6037,3.355612,3.355612,0.0000e+00
dev-long-03,867,3706,0.000000e+00,3706,3706,0.555842,0.555842,0.0000e+00
dev-long-03,868,3065,0.000000e+00,3065,3065,0.042847,0.042847,0.0000e+00
dev-long-03,869,2340,0.000000e+00,2340,2340,0.084484,0.084484,0.0000e+00
dev-long-03,870,1018,0.000000e+00,1018,1018,0.011151,0.011151,0.0000e+00
dev-long-03,871,551,0.000000e+00,551,551,0.000025,0.000025,0.0000e+00
dev-long-03,872,13,0.000000e+00,13,13,0.096932,0.096932,0.0000e+00
dev-long-03,873,1001,0.000000e+00,1001,1001,0.017129,0.017129,0.0000e+00
dev-long-03,874,9658,0.000000e+00,24936,24936,4.903837,4.903837,0.0000e+00
dev-long-03,875,1436,0.000000e+00,1353,1353,1.148916,1.148916,0.0000e+00
dev-long-03,876,1204,0.000000e+00,1204,1204,0.007926,0.007926,0.0000e+00
dev-long-03,877,424,0.000000e+00,424,424,0.013782,0.013782,0.0000e+00
dev-long-03,878,198,0.000000e+00,198,198,0.004115,0.004115,0.0000e+00
dev-long-03,879,5882,0.000000e+00,51976,51976,2.674397,2.674397,0.0000e+00
dev-long-03,880,20397,0.000000e+00,27155,27155,2.834667,2.834667,0.0000e+00
dev-long-03,881,321,0.000000e+00,321,321,0.115124,0.115124,0.0000e+00
dev-long-03,882,14744,0.000000e+00,14744,14744,0.259706,0.259706,0.0000e+00
dev-long-03,883,624,0.000000e+00,624,624,0.000020,0.000020,0.0000e+00
dev-long-03,884,13,0.000000e+00,13,13,0.196700,0.196700,0.0000e+00
dev-long-03,885,4781,0.000000e+00,4781,4781,0.121493,0.121493,0.0000e+00
dev-long-03,886,3199,0.000000e+00,660,660,4.747971,4.747971,0.0000e+00
dev-long-03,887,424,0.000000e+00,424,424,0.917469,0.917469,0.0000e+00
dev-long-03,888,369,0.000000e+00,369,369,0.037238,0.037238,0.0000e+00
dev-long-03,889,264,0.000000e+00,264,264,0.491119,0.491119,0.0000e+00
dev-long-03,890,59433,0.000000e+00,25556,25556,4.166060,4.166060,0.0000e+00
dev-long-03,891,321,0.000000e+00,321,321,0.032478,0.032478,0.0000e+00
dev-long-03,892,5077,0.000000e+00,5077,5077,0.113460,0.113460,0.0000e+00
dev-long-03,893,314,0.000000e+00,314,314,0.050352,0.050352,0.0000e+00
dev-long-03,894,9486,0.000000e+00,9486,9486,0.936533,0.936533,0.0000e+00
dev-long-03,895,13,0.000000e+00,13,13,0.025582,0.025582,0.0000e+00
dev-long-03,896,198,0.000000e+00,198,198,0.707060,0.707060,0.0000e+00
dev-long-03,897,11179,0.000000e+00,2523,2523,1.884941,1.884941,0.0000e+00
dev-long-03,898,1603,0.000000e+00,8220,8220,3.471478,3.471478,0.0000e+00
dev-long-03,899,9506,0.000000e+00,3065,3065,4.983891,4.983891,0.0000e+00
dev-long-03,900,369,0.000000e+00,369,369,0.002216,0.002216,0.0000e+00
dev-long-03,901,13,0.000000e+00,13,13,0.047951,0.047951,0.0000e+00
dev-long-03,902,2302,0.000000e+00,6983,6983,1.541653,1.541653,0.0000e+00
dev-long-03,903,513,0.000000e+00,513,513,0.146259,0.146259,0.0000e+00
dev-long-03,904,279,0.000000e+00,279,279,0.758956,0.758956,0.0000e+00
dev-long-03,905,36390,0.000000e+00,22417,22417,2.362423,2.362423,0.0000e+00
dev-long-03,906,725,0.000000e+00,725,725,0.062989,0.062989,0.0000e+00
dev-long-03,907,6541,0.000000e+00,1765,1765,2.753561,2.753561,0.0000e+00
dev-long-03,908,12422,0.000000e+00,12422,12422,0.012214,0.012214,0.0000e+00
dev-long-03,909,1159,0.000000e+00,1159,1159,0.006973,0.006973,0.0000e+00
dev-long-03,910,13,0.000000e+00,13,13,0.011429,0.011429,0.0000e+00
dev-long-03,911,733,0.000000e+00,2532,2532,1.227417,1.227417,0.0000e+00
dev-long-03,912,279,0.000000e+00,279,279,0.756164,0.756164,0.0000e+00
dev-long-03,913,7875,0.000000e+00,1118,1118,2.323270,2.323270,0.0000e+00
dev-long-03,914,321,0.000000e+00,1560,1560,3.432123,3.432123,0.0000e+00
dev-long-03,915,198,0.000000e+00,198,198,0.000153,0.000153,0.0000e+00
dev-long-03,916,1950,0.000000e+00,6183,6183,5.350384,5.350384,0.0000e+00
dev-long-03,917,82097,0.000000e+00,16170,16170,2.652414,2.652414,0.0000e+00
dev-long-03,918,1396,0.000000e+00,279,279,4.687080,4.687080,0.0000e+00
dev-long-03,919,43029,0.000000e+00,43029,43029,0.804028,0.804028,0.0000e+00
dev-long-03,920,1189,0.000000e+00,1189,1189,0.211001,0.211001,0.0000e+00
dev-long-03,921,2418,0.000000e+00,2418,2418,0.974461,0.974461,0.0000e+00
dev-long-03,922,364,0.000000e+00,364,364,0.002936,0.002936,0.0000e+00
dev-long-03,923,264,0.000000e+00,264,264,0.015587,0.015587,0.0000e+00
dev-long-03,924,34013,0.000000e+00,19781,19781,6.032355,6.032355,0.0000e+00
dev-long-03,925,53451,0.000000e+00,53451,53451,0.074676,0.074676,0.0000e+00
dev-long-03,926,13,0.000000e+00,13,13,0.080646,0.080646,0.0000e+00
dev-long-03,927,1061,0.000000e+00,1061,1061,0.087008,0.087008,0.0000e+00
dev-long-03,928,9506,0.000000e+00,2545,2545,2.621973,2.621973,0.0000e+00
dev-long-03,929,369,0.000000e+00,369,369,0.397411,0.397411,0.0000e+00
dev-long-03,930,524,0.000000e+00,198,198,1.941202,1.941202,0.0000e+00
dev-long-03,931,198,0.000000e+00,198,198,0.005267,0.005267,0.0000e+00
dev-long-03,932,44846,0.000000e+00,44846,44846,1.124424,1.124424,0.0000e+00
dev-long-03,933,16570,0.000000e+00,264,264,1.029365,1.029365,0.0000e+00
dev-long-03,934,1578,0.000000e+00,1578,1578,0.014085,0.014085,0.0000e+00
dev-long-03,935,2235,0.000000e+00,2235,2235,0.000061,0.000061,0.0000e+00
dev-long-03,936,13,0.000000e+00,13,13,0.157335,0.157335,0.0000e+00
dev-long-03,937,1049,0.000000e+00,1049,1049,0.222182,0.222182,0.0000e+00
dev-long-03,938,557,0.000000e+00,557,557,0.079469,0.079469,0.0000e+00
dev-long-03,939,1669,0.000000e+00,1669,1669,0.007370,0.007370,0.0000e+00
dev-long-03,940,303,0.000000e+00,303,303,0.029256,0.029256,0.0000e+00
dev-long-03,941,279,0.000000e+00,279,279,0.152484,0.152484,0.0000e+00
dev-long-03,942,13558,0.000000e+00,13558,13558,0.194417,0.194417,0.0000e+00
dev-long-03,943,314,0.000000e+00,314,314,0.000007,0.000007,0.0000e+00
dev-long-03,944,279,0.000000e+00,279,279,0.000139,0.000139,0.0000e+00
dev-long-03,945,3194,0.000000e+00,3194,3194,0.024347,0.024347,0.0000e+00
dev-long-03,946,2181,0.000000e+00,2181,2181,0.259429,0.259429,0.0000e+00
dev-long-03,947,10629,0.000000e+00,10629,10629,0.083517,0.083517,0.0000e+00
dev-long-03,948,303,0.000000e+00,303,303,0.049524,0.049524,0.0000e+00
dev-long-03,949,198,0.000000e+00,198,198,0.004438,0.004438,0.0000e+00
dev-long-03,950,189402,0.000000e+00,21591,21591,5.198697,5.198697,0.0000e+00
dev-long-03,951,6123,0.000000e+00,6123,6123,0.000352,0.000352,0.0000e+00
dev-long-03,952,5440,0.000000e+00,5440,5440,0.003480,0.003480,0.0000e+00
dev-long-03,953,321,0.000000e+00,11,11,4.191226,4.191226,0.0000e+00
dev-long-03,954,369,0.000000e+00,716,716,1.020735,1.020735,0.0000e+00
dev-long-03,955,22094,0.000000e+00,279,279,10.266211,10.266211,0.0000e+00
dev-long-03,956,303,0.000000e+00,303,303,0.717557,0.717557,0.0000e+00
dev-long-03,957,3322,0.000000e+00,3322,3322,0.309751,0.309751,0.0000e+00
dev-long-03,958,1396,0.000000e+00,874,874,2.025801,2.025801,0.0000e+00
dev-long-03,959,27649,0.000000e+00,3102,3102,2.112904,2.112904,0.0000e+00
dev-long-03,960,314,0.000000e+00,314,314,0.001628,0.001628,0.0000e+00
dev-long-03,961,279,0.000000e+00,279,279,0.051703,0.051703,0.0000e+00
dev-long-03,962,198,0.000000e+00,198,198,0.000002,0.000002,0.0000e+00
dev-long-03,963,240010,0.000000e+00,240010,240010,0.357483,0.357483,0.0000e+00
dev-long-03,964,1299,0.000000e+00,1299,1299,0.000172,0.000172,0.0000e+00
dev-long-03,965,273,0.000000e+00,273,273,0.003739,0.003739,0.0000e+00
dev-long-03,966,11,0.000000e+00,11,11,0.089260,0.089260,0.0000e+00
dev-long-03,967,3462,0.000000e+00,7643,7643,10.982807,10.982807,0.0000e+00
dev-long-03,968,421,0.000000e+00,421,421,0.061263,0.061263,0.0000e+00
dev-long-03,969,424,0.000000e+00,424,424,0.154389,0.154389,0.0000e+00
dev-long-03,970,369,0.000000e+00,369,369,0.000490,0.000490,0.0000e+00
dev-long-03,971,6105,0.000000e+00,6105,6105,0.310073,0.310073,0.0000e+00
dev-long-03,972,303,0.000000e+00,4370,4370,1.325296,1.325296,0.0000e+00
dev-long-03,973,26609,0.000000e+00,15754,15754,1.738489,1.738489,0.0000e+00
dev-long-03,974,4370,0.000000e+00,4370,4370,0.490656,0.490656,0.0000e+00
dev-long-03,975,314,0.000000e+00,314,314,0.000013,0.000013,0.0000e+00
dev-long-03,976,43699,0.000000e+00,1602,1602,5.772296,5.772296,0.0000e+00
dev-long-03,977,2438,0.000000e+00,2438,2438,0.019079,0.019079,0.0000e+00
dev-long-03,978,13,0.000000e+00,13,13,0.000329,0.000329,0.0000e+00
dev-long-03,979,733,0.000000e+00,733,733,0.462395,0.462395,0.0000e+00
dev-long-03,980,32565,0.000000e+00,32565,32565,0.244382,0.244382,0.0000e+00
dev-long-03,981,198,0.000000e+00,198,198,0.001914,0.001914,0.0000e+00
dev-long-03,982,1020,0.000000e+00,1020,1020,0.000024,0.000024,0.0000e+00
dev-long-03,983,1141,0.000000e+00,411,411,0.755269,0.755269,0.0000e+00
dev-long-03,984,12177,0.000000e+00,12177,12177,0.085863,0.085863,0.0000e+00
dev-long-03,985,11,0.000000e+00,424,424,0.918348,0.918348,0.0000e+00
dev-long-03,986,424,0.000000e+00,424,424,0.027839,0.027839,0.0000e+00
dev-long-03,987,682,0.000000e+00,682,682,0.059655,0.059655,0.0000e+00
dev-long-03,988,2582,0.000000e+00,2582,2582,0.007163,0.007163,0.0000e+00
dev-long-03,989,264,0.000000e+00,264,264,0.230661,0.230661,0.0000e+00
dev-long-03,990,60458,0.000000e+00,60458,60458,1.957186,1.957186,0.0000e+00
dev-long-03,991,3712,0.000000e+00,3712,3712,0.007170,0.007170,0.0000e+00
dev-long-03,992,13,0.000000e+00,13,13,0.001004,0.001004,0.0000e+00
dev-long-03,993,2532,0.000000e+00,2532,2532,0.025258,0.025258,0.0000e+00
dev-long-03,994,599,0.000000e+00,599,599,0.215656,0.215656,0.0000e+00
dev-long-03,995,978,0.000000e+00,978,978,0.637037,0.637037,0.0000e+00
dev-long-03,996,1330,0.000000e+00,1330,1330,0.499555,0.499555,0.0000e+00
dev-long-03,997,198,0.000000e+00,198,198,0.000102,0.000102,0.0000e+00
dev-long-03,998,62907,0.000000e+00,62907,62907,0.118867,0.118867,0.0000e+00
dev-long-03,999,11968,0.000000e+00,11968,11968,0.073998,0.073998,0.0000e+00
dev-long-03,1000,11,0.000000e+00,303,303,4.151281,4.151281,0.0000e+00
dev-long-03,1001,264,0.000000e+00,264,264,0.132699,0.132699,0.0000e+00
dev-long-03,1002,12775,0.000000e+00,21517,21517,4.466498,4.466498,0.0000e+00
dev-long-03,1003,452,0.000000e+00,452,452,0.003779,0.003779,0.0000e+00
dev-long-03,1004,335,0.000000e+00,335,335,0.090590,0.090590,0.0000e+00
dev-long-03,1005,12,0.000000e+00,12,12,0.070819,0.070819,0.0000e+00
dev-long-03,1006,6897,0.000000e+00,6897,6897,0.002988,0.002988,0.0000e+00
dev-long-03,1007,286,0.000000e+00,286,286,0.000102,0.000102,0.0000e+00
dev-long-03,1008,11,0.000000e+00,11,11,0.001685,0.001685,0.0000e+00
dev-long-03,1009,264,0.000000e+00,264,264,0.008728,0.008728,0.0000e+00
dev-long-03,1010,17604,0.000000e+00,63101,63101,5.339715,5.339715,0.0000e+00
dev-long-03,1011,11,0.000000e+00,11,11,0.007614,0.007614,0.0000e+00
dev-long-03,1012,321,0.000000e+00,321,321,0.090854,0.090854,0.0000e+00
dev-long-03,1013,3679,0.000000e+00,3679,3679,1.276833,1.276833,0.0000e+00
dev-long-03,1014,68166,0.000000e+00,68166,68166,1.119563,1.119563,0.0000e+00
dev-long-03,1015,536,0.000000e+00,536,536,0.000001,0.000001,0.0000e+00
dev-long-03,1016,6895,0.000000e+00,198,198,4.060704,4.060704,0.0000e+00
dev-long-03,1017,198,0.000000e+00,198,198,0.000622,0.000622,0.0000e+00
dev-long-03,1018,8823,0.000000e+00,8823,8823,0.000066,0.000066,0.0000e+00
dev-long-03,1019,364,0.000000e+00,539,539,1.954758,1.954758,0.0000e+00
dev-long-03,1020,279,0.000000e+00,279,279,0.012663,0.012663,0.0000e+00
dev-long-03,1021,23708,0.000000e+00,23708,23708,0.002542,0.002542,0.0000e+00
dev-long-03,1022,314,0.000000e+00,314,314,0.000223,0.000223,0.0000e+00
dev-long-03,1023,411,0.000000e+00,411,411,0.181434,0.181434,0.0000e+00
dev-corpus-00,1024,27097,0.000000e+00,314,314,10.633478,10.633478,0.0000e+00
dev-corpus-00,1025,6565,0.000000e+00,6565,6565,1.258599,1.258599,0.0000e+00
dev-corpus-00,1026,318,0.000000e+00,283,283,2.255041,2.255041,0.0000e+00
dev-corpus-00,1027,48759,0.000000e+00,16,16,15.663261,15.663261,0.0000e+00
dev-corpus-00,1028,1116,0.000000e+00,11,11,3.953652,3.953652,0.0000e+00
dev-corpus-00,1029,18217,0.000000e+00,18217,18217,0.818224,0.818224,0.0000e+00
dev-corpus-00,1030,847,0.000000e+00,847,847,0.229513,0.229513,0.0000e+00
dev-corpus-00,1031,283,0.000000e+00,283,283,0.251041,0.251041,0.0000e+00
dev-corpus-00,1032,30858,0.000000e+00,198,198,11.149439,11.149439,0.0000e+00
dev-corpus-00,1033,18097,0.000000e+00,410,410,4.863827,4.863827,0.0000e+00
dev-corpus-00,1034,27097,0.000000e+00,27097,27097,0.039916,0.039916,0.0000e+00
dev-corpus-00,1035,6565,0.000000e+00,6565,6565,0.009820,0.009820,0.0000e+00
dev-corpus-00,1036,318,0.000000e+00,318,318,0.968546,0.968546,0.0000e+00
dev-corpus-00,1037,35067,0.000000e+00,48759,48759,4.721458,4.721458,0.0000e+00
dev-corpus-00,1038,535,0.000000e+00,25,25,1.212780,1.212780,0.0000e+00
dev-corpus-00,1039,220765,0.000000e+00,220765,220765,0.749927,0.749927,0.0000e+00
dev-corpus-00,1040,240771,0.000000e+00,240771,240771,0.207832,0.207832,0.0000e+00
dev-corpus-00,1041,847,0.000000e+00,847,847,1.478434,1.478434,0.0000e+00
dev-corpus-00,1042,369,0.000000e+00,369,369,0.487024,0.487024,0.0000e+00
dev-corpus-00,1043,264,0.000000e+00,264,264,0.318747,0.318747,0.0000e+00
dev-corpus-00,1044,91424,0.000000e+00,37967,37967,5.970554,5.970554,0.0000e+00
dev-corpus-00,1045,375,0.000000e+00,375,375,0.003325,0.003325,0.0000e+00
dev-corpus-00,1046,91589,0.000000e+00,12963,12963,0.834050,0.834050,0.0000e+00
dev-corpus-00,1047,7172,0.000000e+00,7172,7172,0.905654,0.905654,0.0000e+00
dev-corpus-00,1048,506,0.000000e+00,303,303,1.734857,1.734857,0.0000e+00
dev-corpus-00,1049,220,0.000000e+00,220,220,0.066713,0.066713,0.0000e+00
dev-corpus-00,1050,16,0.000000e+00,16,16,1.093737,1.093737,0.0000e+00
dev-corpus-00,1051,16,0.000000e+00,15,15,2.060900,2.060900,0.0000e+00
dev-corpus-00,1052,22,0.000000e+00,15,15,3.035061,3.035061,0.0000e+00
dev-corpus-00,1053,20,0.000000e+00,15,15,1.564787,1.564787,0.0000e+00
dev-corpus-00,1054,6127,0.000000e+00,457,457,4.046355,4.046355,0.0000e+00
dev-corpus-00,1055,220,0.000000e+00,220,220,0.197987,0.197987,0.0000e+00
dev-corpus-00,1056,17,0.000000e+00,16,16,2.704623,2.704623,0.0000e+00
dev-corpus-00,1057,24,0.000000e+00,15,15,3.482869,3.482869,0.0000e+00
dev-corpus-00,1058,337,0.000000e+00,337,337,0.031888,0.031888,0.0000e+00
dev-corpus-00,1059,16627,0.000000e+00,16627,16627,0.313939,0.313939,0.0000e+00
dev-corpus-00,1060,303,0.000000e+00,303,303,0.417911,0.417911,0.0000e+00
dev-corpus-00,1061,48759,0.000000e+00,48759,48759,0.191008,0.191008,0.0000e+00
dev-corpus-00,1062,1116,0.000000e+00,11,11,1.296336,1.296336,0.0000e+00
dev-corpus-00,1063,18217,0.000000e+00,18217,18217,0.023197,0.023197,0.0000e+00
dev-corpus-00,1064,641,0.000000e+00,641,641,0.339990,0.339990,0.0000e+00
dev-corpus-00,1065,75053,0.000000e+00,198,198,4.125095,4.125095,0.0000e+00
dev-corpus-00,1066,303,0.000000e+00,303,303,0.058961,0.058961,0.0000e+00
dev-corpus-00,1067,279,0.000000e+00,220,220,4.276242,4.276242,0.0000e+00
dev-corpus-00,1068,3988,0.000000e+00,220,220,1.559120,1.559120,0.0000e+00
dev-corpus-00,1069,220,0.000000e+00,220,220,0.065017,0.065017,0.0000e+00
dev-corpus-00,1070,16,0.000000e+00,16,16,0.065058,0.065058,0.0000e+00
dev-corpus-00,1071,24,0.000000e+00,24,24,0.021830,0.021830,0.0000e+00
dev-corpus-00,1072,18,0.000000e+00,22,22,3.024744,3.024744,0.0000e+00
dev-corpus-00,1073,15,0.000000e+00,15,15,0.001380,0.001380,0.0000e+00
dev-corpus-00,1074,82,0.000000e+00,82,82,0.041964,0.041964,0.0000e+00
dev-corpus-00,1075,430,0.000000e+00,1116,1116,2.340726,2.340726,0.0000e+00
dev-corpus-00,1076,264,0.000000e+00,264,264,0.721968,0.721968,0.0000e+00
dev-corpus-00,1077,28026,0.000000e+00,28026,28026,1.016208,1.016208,0.0000e+00
dev-corpus-00,1078,56557,0.000000e+00,91589,91589,1.309018,1.309018,0.0000e+00
dev-corpus-00,1079,1116,0.000000e+00,1116,1116,0.155213,0.155213,0.0000e+00
dev-corpus-00,1080,27097,0.000000e+00,424,424,5.798422,5.798422,0.0000e+00
dev-corpus-00,1081,6565,0.000000e+00,6565,6565,0.004451,0.004451,0.0000e+00
dev-corpus-00,1082,557,0.000000e+00,5924,5924,2.097141,2.097141,0.0000e+00
dev-corpus-00,1083,364,0.000000e+00,279,279,6.414278,6.414278,0.0000e+00
dev-corpus-00,1084,1599,0.000000e+00,1599,1599,0.584837,0.584837,0.0000e+00
dev-corpus-00,1085,10476,0.000000e+00,1578,1578,2.793328,2.793328,0.0000e+00
dev-corpus-00,1086,279,0.000000e+00,279,279,0.542713,0.542713,0.0000e+00
dev-corpus-00,1087,1132,0.000000e+00,1132,1132,0.397981,0.397981,0.0000e+00
dev-corpus-00,1088,91589,0.000000e+00,91589,91589,0.555212,0.555212,0.0000e+00
dev-corpus-00,1089,303,0.000000e+00,303,303,0.120724,0.120724,0.0000e+00
dev-corpus-00,1090,48759,0.000000e+00,279,279,0.939369,0.939369,0.0000e+00
dev-corpus-00,1091,641,0.000000e+00,641,641,0.467519,0.467519,0.0000e+00
dev-corpus-00,1092,695,0.000000e+00,198,198,1.993604,1.993604,0.0000e+00
dev-corpus-00,1093,561,0.000000e+00,410,410,3.574234,3.574234,0.0000e+00
dev-corpus-00,1094,56557,0.000000e+00,56557,56557,1.212712,1.212712,0.0000e+00
dev-corpus-00,1095,14661,0.000000e+00,557,557,6.312188,6.312188,0.0000e+00
dev-corpus-00,1096,79148,0.000000e+00,2197,2197,1.994201,1.994201,0.0000e+00
dev-corpus-00,1097,6248,0.000000e+00,6248,6248,0.000171,0.000171,0.0000e+00
dev-corpus-00,1098,303,0.000000e+00,303,303,0.559217,0.559217,0.0000e+00
dev-corpus-00,1099,264,0.000000e+00,264,264,0.867687,0.867687,0.0000e+00
dev-corpus-00,1100,15625,0.000000e+00,47224,47224,4.035614,4.035614,0.0000e+00
dev-corpus-00,1101,3626,0.000000e+00,18694,18694,2.859022,2.859022,0.0000e+00
dev-corpus-00,1102,383,0.000000e+00,506,506,1.739698,1.739698,0.0000e+00
dev-corpus-00,1103,4171,0.000000e+00,6127,6127,2.222744,2.222744,0.0000e+00
dev-corpus-00,1104,93154,0.000000e+00,220,220,4.762090,4.762090,0.0000e+00
dev-corpus-00,1105,6476,0.000000e+00,16627,16627,0.822982,0.822982,0.0000e+00
dev-corpus-00,1106,641,0.000000e+00,641,641,1.033961,1.033961,0.0000e+00
dev-corpus-00,1107,1049,0.000000e+00,733,733,3.402971,3.402971,0.0000e+00
dev-corpus-00,1108,19729,0.000000e+00,7481,7481,6.080904,6.080904,0.0000e+00
dev-corpus-00,1109,1141,0.000000e+00,1141,1141,0.655389,0.655389,0.0000e+00
dev-corpus-00,1110,1118,0.000000e+00,1118,1118,0.267598,0.267598,0.0000e+00
dev-corpus-00,1111,4599,0.000000e+00,91589,91589,1.896050,1.896050,0.0000e+00
dev-corpus-00,1112,383,0.000000e+00,303,303,1.439582,1.439582,0.0000e+00
dev-corpus-00,1113,22359,0.000000e+00,6127,6127,7.918136,7.918136,0.0000e+00
dev-corpus-00,1114,6476,0.000000e+00,16627,16627,1.947564,1.947564,0.0000e+00
dev-corpus-00,1115,303,0.000000e+00,303,303,0.240187,0.240187,0.0000e+00
dev-corpus-00,1116,220,0.000000e+00,220,220,0.115512,0.115512,0.0000e+00
dev-corpus-00,1117,16,0.000000e+00,16,16,0.000825,0.000825,0.0000e+00
dev-corpus-00,1118,24,0.000000e+00,24,24,0.001334,0.001334,0.0000e+00
dev-corpus-00,1119,20,0.000000e+00,18,18,1.326131,1.326131,0.0000e+00
dev-corpus-00,1120,17,0.000000e+00,17,17,2.099123,2.099123,0.0000e+00
dev-corpus-00,1121,1116,0.000000e+00,641,641,1.287065,1.287065,0.0000e+00
dev-corpus-00,1122,321,0.000000e+00,321,321,0.855252,0.855252,0.0000e+00
dev-corpus-00,1123,23598,0.000000e+00,7481,7481,6.855790,6.855790,0.0000e+00
dev-corpus-00,1124,1141,0.000000e+00,264,264,1.367494,1.367494,0.0000e+00
dev-corpus-00,1125,1428,0.000000e+00,1428,1428,0.330197,0.330197,0.0000e+00
dev-corpus-00,1126,10824,0.000000e+00,4599,4599,14.253762,14.253762,0.0000e+00
dev-corpus-00,1127,1425,0.000000e+00,1425,1425,0.000258,0.000258,0.0000e+00
dev-corpus-00,1128,554,0.000000e+00,471,471,9.804579,9.804579,0.0000e+00
dev-corpus-00,1129,12,0.000000e+00,471,471,4.138011,4.138011,0.0000e+00
dev-corpus-00,1130,31,0.000000e+00,11896,11896,15.032793,15.032793,0.0000e+00
dev-corpus-00,1131,47072,0.000000e+00,22196,22196,5.264911,5.264911,0.0000e+00
dev-corpus-00,1132,12420,0.000000e+00,4599,4599,6.039363,6.039363,0.0000e+00
dev-corpus-00,1133,303,0.000000e+00,383,383,1.104473,1.104473,0.0000e+00
dev-corpus-00,1134,220,0.000000e+00,220,220,0.131667,0.131667,0.0000e+00
dev-corpus-00,1135,17,0.000000e+00,16,16,1.163577,1.163577,0.0000e+00
dev-corpus-00,1136,15,0.000000e+00,15,15,0.000531,0.000531,0.0000e+00
dev-corpus-00,1137,15,0.000000e+00,15,15,0.117285,0.117285,0.0000e+00
dev-corpus-00,1138,23,0.000000e+00,19,19,2.441758,2.441758,0.0000e+00
dev-corpus-00,1139,641,0.000000e+00,641,641,0.166968,0.166968,0.0000e+00
dev-corpus-00,1140,695,0.000000e+00,695,695,1.180454,1.180454,0.0000e+00
dev-corpus-00,1141,733,0.000000e+00,18097,18097,3.020656,3.020656,0.0000e+00
dev-corpus-00,1142,279,0.000000e+00,220,220,2.228875,2.228875,0.0000e+00
dev-corpus-00,1143,3988,0.000000e+00,220,220,1.827715,1.827715,0.0000e+00
dev-corpus-00,1144,220,0.000000e+00,220,220,0.088325,0.088325,0.0000e+00
dev-corpus-00,1145,16,0.000000e+00,16,16,0.437080,0.437080,0.0000e+00
dev-corpus-00,1146,24,0.000000e+00,24,24,0.001304,0.001304,0.0000e+00
dev-corpus-00,1147,24,0.000000e+00,24,24,0.886570,0.886570,0.0000e+00
dev-corpus-00,1148,15,0.000000e+00,15,15,0.000738,0.000738,0.0000e+00
dev-corpus-00,1149,82,0.000000e+00,82,82,0.004194,0.004194,0.0000e+00
dev-corpus-00,1150,11712,0.000000e+00,1116,1116,13.996729,13.996729,0.0000e+00
dev-corpus-00,1151,1881,0.000000e+00,48281,48281,1.841640,1.841640,0.0000e+00
dev-corpus-00,1152,35689,0.000000e+00,279,279,7.844762,7.844762,0.0000e+00
dev-corpus-00,1153,321,0.000000e+00,321,321,0.919514,0.919514,0.0000e+00
dev-corpus-00,1154,8343,0.000000e+00,8343,8343,0.518808,0.518808,0.0000e+00
dev-corpus-00,1155,3492,0.000000e+00,375,375,2.484288,2.484288,0.0000e+00
dev-corpus-00,1156,5879,0.000000e+00,314,314,1.566971,1.566971,0.0000e+00
dev-corpus-00,1157,310,0.000000e+00,310,310,0.095237,0.095237,0.0000e+00
dev-corpus-00,1158,279,0.000000e+00,279,279,0.796357,0.796357,0.0000e+00
dev-corpus-00,1159,14827,0.000000e+00,17465,17465,7.670278,7.670278,0.0000e+00
dev-corpus-00,1160,9101,0.000000e+00,28115,28115,1.834467,1.834467,0.0000e+00
dev-corpus-00,1161,27097,0.000000e+00,310,310,3.566807,3.566807,0.0000e+00
dev-corpus-00,1162,6565,0.000000e+00,6565,6565,0.001802,0.001802,0.0000e+00
dev-corpus-00,1163,1116,0.000000e+00,310,310,3.510426,3.510426,0.0000e+00
dev-corpus-00,1164,321,0.000000e+00,321,321,1.396703,1.396703,0.0000e+00
dev-corpus-00,1165,28115,0.000000e+00,28115,28115,1.287423,1.287423,0.0000e+00
dev-corpus-00,1166,279,0.000000e+00,279,279,1.474518,1.474518,0.0000e+00
dev-corpus-00,1167,43666,0.000000e+00,43666,43666,1.540497,1.540497,0.0000e+00
dev-corpus-00,1168,7034,0.000000e+00,56557,56557,3.381264,3.381264,0.0000e+00
dev-corpus-00,1169,92482,0.000000e+00,92482,92482,0.004598,0.004598,0.0000e+00
dev-corpus-00,1170,15885,0.000000e+00,314,314,4.330249,4.330249,0.0000e+00
dev-corpus-00,1171,165644,0.000000e+00,180132,180132,2.558910,2.558910,0.0000e+00
dev-corpus-00,1172,69506,0.000000e+00,1369,1369,4.382167,4.382167,0.0000e+00
dev-corpus-00,1173,641,0.000000e+00,641,641,0.462113,0.462113,0.0000e+00
dev-corpus-00,1174,27097,0.000000e+00,695,695,4.376895,4.376895,0.0000e+00
dev-corpus-00,1175,6565,0.000000e+00,6565,6565,0.002636,0.002636,0.0000e+00
dev-corpus-00,1176,3571,0.000000e+00,682,682,7.168976,7.168976,0.0000e+00
dev-corpus-00,1177,1172,0.000000e+00,310,310,1.077845,1.077845,0.0000e+00
dev-corpus-00,1178,3250,0.000000e+00,279,279,5.167148,5.167148,0.0000e+00
dev-corpus-00,1179,494,0.000000e+00,494,494,1.047740,1.047740,0.0000e+00
dev-corpus-00,1180,33921,0.000000e+00,279,279,4.448420,4.448420,0.0000e+00
dev-corpus-00,1181,554,0.000000e+00,10923,10923,9.911109,9.911109,0.0000e+00
dev-corpus-00,1182,12,0.000000e+00,12,12,0.161298,0.161298,0.0000e+00
dev-corpus-00,1183,31,0.000000e+00,31,31,0.105325,0.105325,0.0000e+00
dev-corpus-00,1184,30393,0.000000e+00,30393,30393,1.517392,1.517392,0.0000e+00
dev-corpus-00,1185,3492,0.000000e+00,5038,5038,4.652551,4.652551,0.0000e+00
dev-corpus-00,1186,314,0.000000e+00,314,314,0.261021,0.261021,0.0000e+00
dev-corpus-00,1187,279,0.000000e+00,279,279,0.267751,0.267751,0.0000e+00
dev-corpus-00,1188,175056,0.000000e+00,31310,31310,9.447928,9.447928,0.0000e+00
dev-corpus-00,1189,6735,0.000000e+00,163514,163514,2.433934,2.433934,0.0000e+00
dev-corpus-00,1190,10598,0.000000e+00,1116,1116,11.053214,11.053214,0.0000e+00
dev-corpus-00,1191,1116,0.000000e+00,303,303,2.274024,2.274024,0.0000e+00
dev-corpus-00,1192,303,0.000000e+00,303,303,1.195225,1.195225,0.0000e+00
dev-corpus-00,1193,220,0.000000e+00,220,220,0.137177,0.137177,0.0000e+00
dev-corpus-00,1194,16,0.000000e+00,16,16,0.110800,0.110800,0.0000e+00
dev-corpus-00,1195,24,0.000000e+00,24,24,0.001781,0.001781,0.0000e+00
dev-corpus-00,1196,24,0.000000e+00,24,24,0.256701,0.256701,0.0000e+00
dev-corpus-00,1197,19,0.000000e+00,17,17,2.005355,2.005355,0.0000e+00
dev-corpus-00,1198,321,0.000000e+00,321,321,0.051258,0.051258,0.0000e+00
dev-corpus-00,1199,1495,0.000000e+00,220,220,3.146523,3.146523,0.0000e+00
dev-corpus-00,1200,303,0.000000e+00,303,303,0.043363,0.043363,0.0000e+00
dev-corpus-00,1201,220,0.000000e+00,220,220,0.045688,0.045688,0.0000e+00
dev-corpus-00,1202,17,0.000000e+00,16,16,0.783173,0.783173,0.0000e+00
dev-corpus-00,1203,15,0.000000e+00,15,15,0.003027,0.003027,0.0000e+00
dev-corpus-00,1204,15,0.000000e+00,15,15,0.104236,0.104236,0.0000e+00
dev-corpus-00,1205,17,0.000000e+00,15,15,2.080562,2.080562,0.0000e+00
dev-corpus-00,1206,641,0.000000e+00,641,641,0.173696,0.173696,0.0000e+00
dev-corpus-00,1207,733,0.000000e+00,695,695,2.316331,2.316331,0.0000e+00
dev-corpus-00,1208,2107,0.000000e+00,220,220,2.497551,2.497551,0.0000e+00
dev-corpus-00,1209,4886,0.000000e+00,4886,4886,0.559852,0.559852,0.0000e+00
dev-corpus-00,1210,279,0.000000e+00,279,279,1.108865,1.108865,0.0000e+00
dev-corpus-00,1211,63140,0.000000e+00,56557,56557,4.659445,4.659445,0.0000e+00
dev-corpus-00,1212,998,0.000000e+00,998,998,0.303843,0.303843,0.0000e+00
dev-corpus-00,1213,10255,0.000000e+00,12158,12158,4.437975,4.437975,0.0000e+00
dev-corpus-00,1214,321,0.000000e+00,321,321,0.810911,0.810911,0.0000e+00
dev-corpus-00,1215,22368,0.000000e+00,12158,12158,1.859044,1.859044,0.0000e+00
dev-corpus-00,1216,641,0.000000e+00,641,641,0.468882,0.468882,0.0000e+00
dev-corpus-00,1217,695,0.000000e+00,695,695,0.608393,0.608393,0.0000e+00
dev-corpus-00,1218,8049,0.000000e+00,18097,18097,9.871331,9.871331,0.0000e+00
dev-corpus-00,1219,998,0.000000e+00,513,513,4.324638,4.324638,0.0000e+00
dev-corpus-00,1220,10641,0.000000e+00,5467,5467,13.931217,13.931217,0.0000e+00
dev-corpus-00,1221,554,0.000000e+00,5879,5879,1.189728,1.189728,0.0000e+00
dev-corpus-00,1222,12,0.000000e+00,12,12,0.020991,0.020991,0.0000e+00
dev-corpus-00,1223,31,0.000000e+00,554,554,0.944953,0.944953,0.0000e+00
dev-corpus-00,1224,5879,0.000000e+00,5879,5879,0.011547,0.011547,0.0000e+00
dev-corpus-00,1225,364,0.000000e+00,2980,2980,2.327857,2.327857,0.0000e+00
dev-corpus-00,1226,10476,0.000000e+00,1599,1599,2.350204,2.350204,0.0000e+00
dev-corpus-00,1227,641,0.000000e+00,1116,1116,1.748756,1.748756,0.0000e+00
dev-corpus-00,1228,34503,0.000000e+00,733,733,12.184337,12.184337,0.0000e+00
dev-corpus-00,1229,48411,0.000000e+00,604,604,8.806782,8.806782,0.0000e+00
dev-corpus-00,1230,557,0.000000e+00,557,557,1.418979,1.418979,0.0000e+00
dev-corpus-00,1231,20789,0.000000e+00,279,279,2.778377,2.778377,0.0000e+00
dev-corpus-00,1232,430,0.000000e+00,430,430,0.333258,0.333258,0.0000e+00
dev-corpus-00,1233,279,0.000000e+00,279,279,0.712509,0.712509,0.0000e+00
dev-corpus-00,1234,56557,0.000000e+00,1118,1118,1.935840,1.935840,0.0000e+00
dev-corpus-00,1235,359,0.000000e+00,359,359,0.258392,0.258392,0.0000e+00
dev-corpus-00,1236,82,0.000000e+00,82,82,0.016940,0.016940,0.0000e+00
dev-corpus-00,1237,1118,0.000000e+00,1118,1118,0.128771,0.128771,0.0000e+00
dev-corpus-00,1238,29575,0.000000e+00,29575,29575,1.336814,1.336814,0.0000e+00
dev-corpus-00,1239,7964,0.000000e+00,7964,7964,0.006049,0.006049,0.0000e+00
dev-corpus-00,1240,303,0.000000e+00,303,303,0.068799,0.068799,0.0000e+00
dev-corpus-00,1241,220,0.000000e+00,220,220,0.061117,0.061117,0.0000e+00
dev-corpus-00,1242,16,0.000000e+00,16,16,0.378447,0.378447,0.0000e+00
dev-corpus-00,1243,24,0.000000e+00,24,24,0.002605,0.002605,0.0000e+00
dev-corpus-00,1244,20,0.000000e+00,24,24,3.002422,3.002422,0.0000e+00
dev-corpus-00,1245,24,0.000000e+00,23,23,2.100826,2.100826,0.0000e+00
dev-corpus-00,1246,1116,0.000000e+00,641,641,1.233220,1.233220,0.0000e+00
dev-corpus-00,1247,694,0.000000e+00,321,321,2.484587,2.484587,0.0000e+00
dev-corpus-00,1248,2047,0.000000e+00,551,551,3.095036,3.095036,0.0000e+00
dev-corpus-00,1249,303,0.000000e+00,303,303,0.783892,0.783892,0.0000e+00
dev-corpus-00,1250,220,0.000000e+00,220,220,0.047387,0.047387,0.0000e+00
dev-corpus-00,1251,16,0.000000e+00,16,16,0.022163,0.022163,0.0000e+00
dev-corpus-00,1252,24,0.000000e+00,24,24,0.000329,0.000329,0.0000e+00
dev-corpus-00,1253,21,0.000000e+00,21,21,0.377004,0.377004,0.0000e+00
dev-corpus-00,1254,16,0.000000e+00,17,17,2.010447,2.010447,0.0000e+00
dev-corpus-00,1255,641,0.000000e+00,641,641,1.003481,1.003481,0.0000e+00
dev-corpus-00,1256,4486,0.000000e+00,561,561,4.696936,4.696936,0.0000e+00
dev-corpus-00,1257,264,0.000000e+00,264,264,1.264260,1.264260,0.0000e+00
dev-corpus-00,1258,12558,0.000000e+00,4031,4031,3.473333,3.473333,0.0000e+00
dev-corpus-00,1259,314,0.000000e+00,314,314,0.410325,0.410325,0.0000e+00
dev-corpus-00,1260,1330,0.000000e+00,3679,3679,2.747979,2.747979,0.0000e+00
dev-corpus-00,1261,1578,0.000000e+00,1578,1578,0.321044,0.321044,0.0000e+00
dev-corpus-00,1262,1116,0.000000e+00,1116,1116,0.259024,0.259024,0.0000e+00
dev-corpus-00,1263,11537,0.000000e+00,68466,68466,6.150422,6.150422,0.0000e+00
dev-corpus-00,1264,4044,0.000000e+00,469,469,6.368466,6.368466,0.0000e+00
dev-corpus-00,1265,316,0.000000e+00,6913,6913,4.819945,4.819945,0.0000e+00
dev-corpus-00,1266,429,0.000000e+00,812,812,4.678563,4.678563,0.0000e+00
dev-corpus-00,1267,5924,0.000000e+00,557,557,1.672299,1.672299,0.0000e+00
dev-corpus-00,1268,29575,0.000000e+00,279,279,2.261147,2.261147,0.0000e+00
dev-corpus-00,1269,7964,0.000000e+00,7964,7964,0.000459,0.000459,0.0000e+00
dev-corpus-00,1270,303,0.000000e+00,303,303,0.636007,0.636007,0.0000e+00
dev-corpus-00,1271,220,0.000000e+00,220,220,0.014817,0.014817,0.0000e+00
dev-corpus-00,1272,16,0.000000e+00,16,16,0.000303,0.000303,0.0000e+00
dev-corpus-00,1273,24,0.000000e+00,24,24,0.000934,0.000934,0.0000e+00
dev-corpus-00,1274,21,0.000000e+00,21,21,0.006571,0.006571,0.0000e+00
dev-corpus-00,1275,18,0.000000e+00,18,18,0.140527,0.140527,0.0000e+00
dev-corpus-00,1276,1116,0.000000e+00,641,641,1.101975,1.101975,0.0000e+00
dev-corpus-00,1277,321,0.000000e+00,321,321,0.500914,0.500914,0.0000e+00
dev-corpus-00,1278,9919,0.000000e+00,9919,9919,1.256200,1.256200,0.0000e+00
dev-corpus-00,1279,2980,0.000000e+00,2980,2980,0.447901,0.447901,0.0000e+00
dev-corpus-00,1280,780,0.000000e+00,220,220,1.599674,1.599674,0.0000e+00
dev-corpus-00,1281,4397,0.000000e+00,4397,4397,0.526358,0.526358,0.0000e+00
dev-corpus-00,1282,303,0.000000e+00,303,303,0.026208,0.026208,0.0000e+00
dev-corpus-00,1283,220,0.000000e+00,220,220,0.014099,0.014099,0.0000e+00
dev-corpus-00,1284,16,0.000000e+00,16,16,0.309125,0.309125,0.0000e+00
dev-corpus-00,1285,24,0.000000e+00,24,24,0.000391,0.000391,0.0000e+00
dev-corpus-00,1286,22,0.000000e+00,24,24,1.577792,1.577792,0.0000e+00
dev-corpus-00,1287,21,0.000000e+00,23,23,2.245050,2.245050,0.0000e+00
dev-corpus-00,1288,641,0.000000e+00,641,641,0.037299,0.037299,0.0000e+00
dev-corpus-00,1289,1216,0.000000e+00,695,695,3.303110,3.303110,0.0000e+00
dev-corpus-00,1290,557,0.000000e+00,557,557,0.109406,0.109406,0.0000e+00
dev-corpus-00,1291,7854,0.000000e+00,24526,24526,1.352207,1.352207,0.0000e+00
dev-corpus-00,1292,539,0.000000e+00,539,539,0.100884,0.100884,0.0000e+00
dev-corpus-00,1293,2921,0.000000e+00,68466,68466,6.438354,6.438354,0.0000e+00
dev-corpus-00,1294,2176,0.000000e+00,2176,2176,0.262873,0.262873,0.0000e+00
dev-corpus-00,1295,29878,0.000000e+00,710,710,8.982143,8.982143,0.0000e+00
dev-corpus-00,1296,7480,0.000000e+00,3327,3327,3.736694,3.736694,0.0000e+00
dev-corpus-00,1297,1116,0.000000e+00,1116,1116,0.678726,0.678726,0.0000e+00
dev-corpus-00,1298,852,0.000000e+00,852,852,0.130116,0.130116,0.0000e+00
dev-corpus-00,1299,9919,0.000000e+00,9919,9919,0.521854,0.521854,0.0000e+00
dev-corpus-00,1300,494,0.000000e+00,2980,2980,1.661509,1.661509,0.0000e+00
dev-corpus-00,1301,220,0.000000e+00,220,220,0.002849,0.002849,0.0000e+00
dev-corpus-00,1302,16,0.000000e+00,16,16,0.000703,0.000703,0.0000e+00
dev-corpus-00,1303,24,0.000000e+00,24,24,0.002365,0.002365,0.0000e+00
dev-corpus-00,1304,22,0.000000e+00,22,22,0.112105,0.112105,0.0000e+00
dev-corpus-00,1305,22,0.000000e+00,22,22,0.879507,0.879507,0.0000e+00
dev-corpus-00,1306,310,0.000000e+00,310,310,0.558340,0.558340,0.0000e+00
dev-corpus-00,1307,220,0.000000e+00,220,220,0.008727,0.008727,0.0000e+00
dev-corpus-00,1308,16,0.000000e+00,16,16,0.187588,0.187588,0.0000e+00
dev-corpus-00,1309,24,0.000000e+00,24,24,0.000641,0.000641,0.0000e+00
dev-corpus-00,1310,24,0.000000e+00,23,23,0.973538,0.973538,0.0000e+00
dev-corpus-00,1311,19,0.000000e+00,15,15,2.308081,2.308081,0.0000e+00
dev-corpus-00,1312,1116,0.000000e+00,641,641,1.780960,1.780960,0.0000e+00
dev-corpus-00,1313,321,0.000000e+00,321,321,0.688809,0.688809,0.0000e+00
dev-corpus-00,1314,29878,0.000000e+00,1179,1179,12.080845,12.080845,0.0000e+00
dev-corpus-00,1315,7480,0.000000e+00,7480,7480,0.005251,0.005251,0.0000e+00
dev-corpus-00,1316,303,0.000000e+00,557,557,3.851360,3.851360,0.0000e+00
dev-corpus-00,1317,2404,0.000000e+00,2404,2404,0.041909,0.041909,0.0000e+00
dev-corpus-00,1318,557,0.000000e+00,557,557,0.147934,0.147934,0.0000e+00
dev-corpus-00,1319,24526,0.000000e+00,24526,24526,0.542382,0.542382,0.0000e+00
dev-corpus-00,1320,539,0.000000e+00,539,539,0.088942,0.088942,0.0000e+00
dev-corpus-00,1321,783,0.000000e+00,68466,68466,5.578560,5.578560,0.0000e+00
dev-corpus-00,1322,10720,0.000000e+00,10720,10720,1.648677,1.648677,0.0000e+00
dev-corpus-00,1323,189439,0.000000e+00,329,329,1.001747,1.001747,0.0000e+00
dev-corpus-00,1324,462,0.000000e+00,318,318,4.120135,4.120135,0.0000e+00
dev-corpus-00,1325,23577,0.000000e+00,53141,53141,8.245008,8.245008,0.0000e+00
dev-corpus-00,1326,2751,0.000000e+00,2751,2751,0.021322,0.021322,0.0000e+00
dev-corpus-00,1327,554,0.000000e+00,303,303,9.458531,9.458531,0.0000e+00
dev-corpus-00,1328,12,0.000000e+00,12,12,0.062631,0.062631,0.0000e+00
dev-corpus-00,1329,31,0.000000e+00,31,31,0.505911,0.505911,0.0000e+00
dev-corpus-00,1330,52824,0.000000e+00,462,462,11.343031,11.343031,0.0000e+00
dev-corpus-00,1331,258,0.000000e+00,258,258,0.614332,0.614332,0.0000e+00
dev-corpus-00,1332,641,0.000000e+00,303,303,1.457794,1.457794,0.0000e+00
dev-corpus-00,1333,65154,0.000000e+00,695,695,10.595205,10.595205,0.0000e+00
dev-corpus-00,1334,20425,0.000000e+00,436,436,5.718699,5.718699,0.0000e+00
dev-corpus-00,1335,10542,0.000000e+00,557,557,3.455529,3.455529,0.0000e+00
dev-corpus-00,1336,462,0.000000e+00,279,279,7.494828,7.494828,0.0000e+00
dev-corpus-00,1337,23577,0.000000e+00,23577,23577,0.001112,0.001112,0.0000e+00
dev-corpus-00,1338,2751,0.000000e+00,2751,2751,0.009520,0.009520,0.0000e+00
dev-corpus-00,1339,554,0.000000e+00,554,554,0.298392,0.298392,0.0000e+00
dev-corpus-00,1340,12,0.000000e+00,12,12,0.005433,0.005433,0.0000e+00
dev-corpus-00,1341,31,0.000000e+00,31,31,0.027129,0.027129,0.0000e+00
dev-corpus-00,1342,52824,0.000000e+00,52824,52824,0.059228,0.059228,0.0000e+00
dev-corpus-00,1343,258,0.000000e+00,258,258,0.001181,0.001181,0.0000e+00
dev-corpus-00,1344,430,0.000000e+00,430,430,0.698852,0.698852,0.0000e+00
dev-corpus-00,1345,21270,0.000000e+00,21270,21270,1.746998,1.746998,0.0000e+00
dev-corpus-00,1346,29575,0.000000e+00,29575,29575,0.032893,0.032893,0.0000e+00
dev-corpus-00,1347,7964,0.000000e+00,7964,7964,0.000487,0.000487,0.0000e+00
dev-corpus-00,1348,303,0.000000e+00,303,303,0.103459,0.103459,0.0000e+00
dev-corpus-00,1349,220,0.000000e+00,220,220,0.015149,0.015149,0.0000e+00
dev-corpus-00,1350,17,0.000000e+00,16,16,0.871006,0.871006,0.0000e+00
dev-corpus-00,1351,15,0.000000e+00,15,15,0.000306,0.000306,0.0000e+00
dev-corpus-00,1352,15,0.000000e+00,15,15,0.069831,0.069831,0.0000e+00
dev-corpus-00,1353,18,0.000000e+00,15,15,2.141877,2.141877,0.0000e+00
dev-corpus-00,1354,1116,0.000000e+00,641,641,1.187902,1.187902,0.0000e+00
dev-corpus-00,1355,321,0.000000e+00,321,321,0.200302,0.200302,0.0000e+00
dev-corpus-00,1356,9919,0.000000e+00,557,557,3.437849,3.437849,0.0000e+00
dev-corpus-00,1357,2980,0.000000e+00,2980,2980,0.881740,0.881740,0.0000e+00
dev-corpus-00,1358,220,0.000000e+00,220,220,0.365160,0.365160,0.0000e+00
dev-corpus-00,1359,17,0.000000e+00,17,17,0.001121,0.001121,0.0000e+00
dev-corpus-00,1360,15,0.000000e+00,15,15,0.001966,0.001966,0.0000e+00
dev-corpus-00,1361,16,0.000000e+00,15,15,0.894777,0.894777,0.0000e+00
dev-corpus-00,1362,16,0.000000e+00,15,15,1.378765,1.378765,0.0000e+00
dev-corpus-00,1363,1116,0.000000e+00,641,641,2.260690,2.260690,0.0000e+00
dev-corpus-00,1364,948,0.000000e+00,948,948,0.298918,0.298918,0.0000e+00
dev-corpus-00,1365,551,0.000000e+00,551,551,0.323603,0.323603,0.0000e+00
dev-corpus-00,1366,557,0.000000e+00,557,557,1.125878,1.125878,0.0000e+00
dev-corpus-00,1367,24526,0.000000e+00,24526,24526,0.635145,0.635145,0.0000e+00
dev-corpus-00,1368,539,0.000000e+00,539,539,0.130602,0.130602,0.0000e+00
dev-corpus-00,1369,49929,0.000000e+00,68466,68466,9.280634,9.280634,0.0000e+00
dev-corpus-00,1370,23483,0.000000e+00,710,710,7.489870,7.489870,0.0000e+00
dev-corpus-00,1371,258,0.000000e+00,70,70,3.956873,3.956873,0.0000e+00
dev-corpus-00,1372,641,0.000000e+00,641,641,0.339664,0.339664,0.0000e+00
dev-corpus-00,1373,1577,0.000000e+00,695,695,5.105207,5.105207,0.0000e+00
dev-corpus-00,1374,314,0.000000e+00,314,314,0.092320,0.092320,0.0000e+00
dev-corpus-00,1375,220,0.000000e+00,220,220,0.150118,0.150118,0.0000e+00
dev-corpus-00,1376,17,0.000000e+00,17,17,0.001158,0.001158,0.0000e+00
dev-corpus-00,1377,15,0.000000e+00,15,15,0.000803,0.000803,0.0000e+00
dev-corpus-00,1378,16,0.000000e+00,16,16,0.076833,0.076833,0.0000e+00
dev-corpus-00,1379,19,0.000000e+00,17,17,1.974239,1.974239,0.0000e+00
dev-corpus-00,1380,1116,0.000000e+00,1116,1116,0.343781,0.343781,0.0000e+00
dev-corpus-00,1381,5879,0.000000e+00,462,462,11.937737,11.937737,0.0000e+00
dev-corpus-00,1382,539,0.000000e+00,539,539,0.199913,0.199913,0.0000e+00
dev-corpus-00,1383,462,0.000000e+00,68466,68466,2.616360,2.616360,0.0000e+00
dev-corpus-00,1384,23577,0.000000e+00,23577,23577,0.000500,0.000500,0.0000e+00
dev-corpus-00,1385,2751,0.000000e+00,2751,2751,0.001337,0.001337,0.0000e+00
dev-corpus-00,1386,554,0.000000e+00,554,554,0.018468,0.018468,0.0000e+00
dev-corpus-00,1387,12,0.000000e+00,12,12,0.000405,0.000405,0.0000e+00
dev-corpus-00,1388,31,0.000000e+00,31,31,0.000184,0.000184,0.0000e+00
dev-corpus-00,1389,52824,0.000000e+00,52824,52824,0.008764,0.008764,0.0000e+00
dev-corpus-00,1390,258,0.000000e+00,258,258,0.000839,0.000839,0.0000e+00
dev-corpus-00,1391,321,0.000000e+00,321,321,0.624735,0.624735,0.0000e+00
dev-corpus-00,1392,23483,0.000000e+00,23483,23483,0.250068,0.250068,0.0000e+00
dev-corpus-00,1393,258,0.000000e+00,258,258,0.000264,0.000264,0.0000e+00
dev-corpus-00,1394,1116,0.000000e+00,1116,1116,0.156847,0.156847,0.0000e+00
dev-corpus-00,1395,27097,0.000000e+00,27097,27097,0.804725,0.804725,0.0000e+00
dev-corpus-00,1396,6565,0.000000e+00,6565,6565,0.001399,0.001399,0.0000e+00
dev-corpus-00,1397,995,0.000000e+00,369,369,3.457241,3.457241,0.0000e+00
dev-corpus-00,1398,12805,0.000000e+00,220,220,2.085697,2.085697,0.0000e+00
dev-corpus-00,1399,220,0.000000e+00,220,220,0.018428,0.018428,0.0000e+00
dev-corpus-00,1400,19,0.000000e+00,17,17,2.335065,2.335065,0.0000e+00
dev-corpus-00,1401,15,0.000000e+00,15,15,0.500259,0.500259,0.0000e+00
dev-corpus-00,1402,15,0.000000e+00,15,15,0.125468,0.125468,0.0000e+00
dev-corpus-00,1403,4314,0.000000e+00,3492,3492,4.254732,4.254732,0.0000e+00
dev-corpus-00,1404,27897,0.000000e+00,8259,8259,1.848090,1.848090,0.0000e+00
dev-corpus-00,1405,1116,0.000000e+00,641,641,2.506636,2.506636,0.0000e+00
dev-corpus-00,1406,321,0.000000e+00,321,321,1.183664,1.183664,0.0000e+00
dev-corpus-00,1407,557,0.000000e+00,557,557,1.408835,1.408835,0.0000e+00
dev-corpus-00,1408,279,0.000000e+00,279,279,1.080491,1.080491,0.0000e+00
dev-corpus-00,1409,7526,0.000000e+00,7526,7526,1.009705,1.009705,0.0000e+00
dev-corpus-00,1410,91589,0.000000e+00,91589,91589,0.765743,0.765743,0.0000e+00
dev-corpus-00,1411,303,0.000000e+00,303,303,0.084122,0.084122,0.0000e+00
dev-corpus-00,1412,48759,0.000000e+00,279,279,1.236526,1.236526,0.0000e+00
dev-corpus-00,1413,641,0.000000e+00,641,641,0.213660,0.213660,0.0000e+00
dev-corpus-00,1414,30858,0.000000e+00,695,695,6.291690,6.291690,0.0000e+00
dev-corpus-00,1415,283,0.000000e+00,410,410,5.647828,5.647828,0.0000e+00
dev-corpus-00,1416,283,0.000000e+00,18097,18097,5.842782,5.842782,0.0000e+00
dev-corpus-00,1417,22044,0.000000e+00,18097,18097,8.432963,8.432963,0.0000e+00
dev-corpus-00,1418,3712,0.000000e+00,3712,3712,1.073716,1.073716,0.0000e+00
dev-corpus-00,1419,283,0.000000e+00,283,283,0.457771,0.457771,0.0000e+00
dev-corpus-00,1420,283,0.000000e+00,695,695,1.624408,1.624408,0.0000e+00
dev-corpus-00,1421,30858,0.000000e+00,695,695,3.748767,3.748767,0.0000e+00
dev-corpus-00,1422,14560,0.000000e+00,18097,18097,10.122837,10.122837,0.0000e+00
dev-corpus-00,1423,4947,0.000000e+00,5038,5038,2.839690,2.839690,0.0000e+00
dev-corpus-00,1424,314,0.000000e+00,314,314,0.022668,0.022668,0.0000e+00
dev-corpus-00,1425,5753,0.000000e+00,12963,12963,4.051054,4.051054,0.0000e+00
dev-corpus-00,1426,16489,0.000000e+00,16489,16489,1.131869,1.131869,0.0000e+00
dev-corpus-00,1427,5820,0.000000e+00,5820,5820,1.671739,1.671739,0.0000e+00
dev-corpus-00,1428,50099,0.000000e+00,310,310,1.966583,1.966583,0.0000e+00
dev-corpus-00,1429,303,0.000000e+00,303,303,0.057319,0.057319,0.0000e+00
dev-corpus-00,1430,48759,0.000000e+00,48759,48759,0.529106,0.529106,0.0000e+00
dev-corpus-00,1431,303,0.000000e+00,303,303,0.559586,0.559586,0.0000e+00
dev-corpus-00,1432,279,0.000000e+00,279,279,0.211770,0.211770,0.0000e+00
dev-corpus-00,1433,3200,0.000000e+00,3200,3200,0.904480,0.904480,0.0000e+00
dev-corpus-00,1434,220,0.000000e+00,220,220,0.068870,0.068870,0.0000e+00
dev-corpus-00,1435,16,0.000000e+00,16,16,0.000678,0.000678,0.0000e+00
dev-corpus-00,1436,24,0.000000e+00,24,24,0.680979,0.680979,0.0000e+00
dev-corpus-00,1437,337,0.000000e+00,337,337,0.057495,0.057495,0.0000e+00
dev-corpus-00,1438,9018,0.000000e+00,9018,9018,0.131304,0.131304,0.0000e+00
dev-corpus-00,1439,1116,0.000000e+00,641,641,1.290258,1.290258,0.0000e+00
dev-corpus-00,1440,694,0.000000e+00,321,321,1.582755,1.582755,0.0000e+00
dev-corpus-00,1441,1379,0.000000e+00,279,279,3.391650,3.391650,0.0000e+00
dev-corpus-00,1442,7481,0.000000e+00,314,314,3.706832,3.706832,0.0000e+00
dev-corpus-00,1443,383,0.000000e+00,310,310,2.169875,2.169875,0.0000e+00
dev-corpus-00,1444,641,0.000000e+00,310,310,3.057512,3.057512,0.0000e+00
dev-corpus-00,1445,733,0.000000e+00,561,561,1.909965,1.909965,0.0000e+00
dev-corpus-00,1446,279,0.000000e+00,220,220,0.979666,0.979666,0.0000e+00
dev-corpus-00,1447,3988,0.000000e+00,3988,3988,0.568057,0.568057,0.0000e+00
dev-corpus-00,1448,220,0.000000e+00,220,220,0.026232,0.026232,0.0000e+00
dev-corpus-00,1449,17,0.000000e+00,16,16,0.786296,0.786296,0.0000e+00
dev-corpus-00,1450,15,0.000000e+00,15,15,0.000296,0.000296,0.0000e+00
dev-corpus-00,1451,337,0.000000e+00,337,337,0.002829,0.002829,0.0000e+00
dev-corpus-00,1452,9018,0.000000e+00,9018,9018,0.006743,0.006743,0.0000e+00
dev-corpus-00,1453,279,0.000000e+00,1116,1116,2.183382,2.183382,0.0000e+00
dev-corpus-00,1454,1118,0.000000e+00,12963,12963,3.776303,3.776303,0.0000e+00
dev-corpus-00,1455,17489,0.000000e+00,12963,12963,6.131892,6.131892,0.0000e+00
dev-corpus-00,1456,7277,0.000000e+00,7277,7277,0.039698,0.039698,0.0000e+00
dev-corpus-00,1457,16489,0.000000e+00,12963,12963,1.237917,1.237917,0.0000e+00
dev-corpus-00,1458,21681,0.000000e+00,5820,5820,2.799492,2.799492,0.0000e+00
dev-corpus-00,1459,1017,0.000000e+00,303,303,2.990974,2.990974,0.0000e+00
dev-corpus-00,1460,1116,0.000000e+00,641,641,0.908064,0.908064,0.0000e+00
dev-corpus-00,1461,321,0.000000e+00,321,321,1.222437,1.222437,0.0000e+00
dev-corpus-00,1462,539,0.000000e+00,539,539,1.760174,1.760174,0.0000e+00
dev-corpus-00,1463,279,0.000000e+00,220,220,1.031679,1.031679,0.0000e+00
dev-corpus-00,1464,220,0.000000e+00,220,220,0.604685,0.604685,0.0000e+00
dev-corpus-00,1465,16,0.000000e+00,16,16,0.000936,0.000936,0.0000e+00
dev-corpus-00,1466,24,0.000000e+00,24,24,0.000673,0.000673,0.0000e+00
dev-corpus-00,1467,17,0.000000e+00,18,18,0.766678,0.766678,0.0000e+00
dev-corpus-00,1468,15,0.000000e+00,15,15,0.000921,0.000921,0.0000e+00
dev-corpus-00,1469,82,0.000000e+00,82,82,0.003589,0.003589,0.0000e+00
dev-corpus-00,1470,48759,0.000000e+00,1017,1017,1.773868,1.773868,0.0000e+00
dev-corpus-00,1471,359,0.000000e+00,995,995,1.799858,1.799858,0.0000e+00
dev-corpus-00,1472,82,0.000000e+00,82,82,0.000608,0.000608,0.0000e+00
dev-corpus-00,1473,12963,0.000000e+00,12963,12963,0.216669,0.216669,0.0000e+00
dev-corpus-00,1474,3809,0.000000e+00,6823,6823,1.749810,1.749810,0.0000e+00
dev-corpus-00,1475,5820,0.000000e+00,557,557,3.260050,3.260050,0.0000e+00
dev-corpus-00,1476,22175,0.000000e+00,310,310,7.582545,7.582545,0.0000e+00
dev-corpus-00,1477,22223,0.000000e+00,364,364,10.332348,10.332348,0.0000e+00
dev-corpus-00,1478,893,0.000000e+00,3401,3401,3.400981,3.400981,0.0000e+00
dev-corpus-00,1479,269,0.000000e+00,269,269,0.031064,0.031064,0.0000e+00
dev-corpus-00,1480,6041,0.000000e+00,6041,6041,0.001727,0.001727,0.0000e+00
dev-corpus-00,1481,364,0.000000e+00,303,303,2.269149,2.269149,0.0000e+00
dev-corpus-00,1482,9668,0.000000e+00,4962,4962,10.065805,10.065805,0.0000e+00
dev-corpus-00,1483,6394,0.000000e+00,3401,3401,5.032763,5.032763,0.0000e+00
dev-corpus-00,1484,3603,0.000000e+00,3603,3603,0.537823,0.537823,0.0000e+00
dev-corpus-00,1485,321,0.000000e+00,3401,3401,1.993649,1.993649,0.0000e+00
dev-corpus-00,1486,12963,0.000000e+00,12872,12872,4.736456,4.736456,0.0000e+00
dev-corpus-00,1487,12872,0.000000e+00,12872,12872,0.529751,0.529751,0.0000e+00
dev-corpus-00,1488,3401,0.000000e+00,3401,3401,0.058601,0.058601,0.0000e+00
dev-corpus-00,1489,303,0.000000e+00,641,641,2.315135,2.315135,0.0000e+00
dev-corpus-00,1490,7529,0.000000e+00,843,843,6.643139,6.643139,0.0000e+00
dev-corpus-00,1491,359,0.000000e+00,359,359,0.112592,0.112592,0.0000e+00
dev-corpus-00,1492,10105,0.000000e+00,10105,10105,0.080186,0.080186,0.0000e+00
dev-corpus-00,1493,641,0.000000e+00,641,641,0.145685,0.145685,0.0000e+00
dev-corpus-00,1494,21016,0.000000e+00,695,695,8.773572,8.773572,0.0000e+00
dev-corpus-00,1495,1068,0.000000e+00,1068,1068,0.772028,0.772028,0.0000e+00
dev-corpus-00,1496,22904,0.000000e+00,6584,6584,4.579263,4.579263,0.0000e+00
dev-corpus-00,1497,11698,0.000000e+00,380,380,6.955805,6.955805,0.0000e+00
dev-corpus-00,1498,59576,0.000000e+00,74534,74534,2.986496,2.986496,0.0000e+00
dev-corpus-00,1499,13514,0.000000e+00,13514,13514,2.101446,2.101446,0.0000e+00
dev-corpus-00,1500,421,0.000000e+00,421,421,0.428568,0.428568,0.0000e+00
dev-corpus-00,1501,328,0.000000e+00,279,279,2.539518,2.539518,0.0000e+00
dev-corpus-00,1502,498,0.000000e+00,279,279,4.353902,4.353902,0.0000e+00
dev-corpus-00,1503,264,0.000000e+00,585,585,2.343216,2.343216,0.0000e+00
dev-corpus-00,1504,2205,0.000000e+00,2205,2205,0.149147,0.149147,0.0000e+00
dev-corpus-00,1505,281,0.000000e+00,2526,2526,5.361857,5.361857,0.0000e+00
dev-corpus-00,1506,455,0.000000e+00,455,455,0.216436,0.216436,0.0000e+00
dev-corpus-00,1507,462,0.000000e+00,279,279,8.987677,8.987677,0.0000e+00
dev-corpus-00,1508,1544,0.000000e+00,15257,15257,4.943259,4.943259,0.0000e+00
dev-corpus-00,1509,268,0.000000e+00,268,268,0.855087,0.855087,0.0000e+00
dev-corpus-00,1510,12471,0.000000e+00,321,321,5.714857,5.714857,0.0000e+00
dev-corpus-00,1511,59576,0.000000e+00,35191,35191,1.780709,1.780709,0.0000e+00
dev-corpus-00,1512,359,0.000000e+00,321,321,2.116475,2.116475,0.0000e+00
dev-corpus-00,1513,82,0.000000e+00,82,82,0.055691,0.055691,0.0000e+00
dev-corpus-00,1514,4397,0.000000e+00,2902,2902,2.827953,2.827953,0.0000e+00
dev-corpus-00,1515,303,0.000000e+00,303,303,0.189590,0.189590,0.0000e+00
dev-corpus-00,1516,220,0.000000e+00,220,220,0.086138,0.086138,0.0000e+00
dev-corpus-00,1517,16,0.000000e+00,16,16,0.000751,0.000751,0.0000e+00
dev-corpus-00,1518,24,0.000000e+00,24,24,0.002722,0.002722,0.0000e+00
dev-corpus-00,1519,18,0.000000e+00,17,17,0.982477,0.982477,0.0000e+00
dev-corpus-00,1520,18,0.000000e+00,15,15,2.247723,2.247723,0.0000e+00
dev-corpus-00,1521,1116,0.000000e+00,1116,1116,0.298976,0.298976,0.0000e+00
dev-corpus-00,1522,780,0.000000e+00,279,279,2.817463,2.817463,0.0000e+00
dev-corpus-00,1523,2046,0.000000e+00,54897,54897,3.990000,3.990000,0.0000e+00
dev-corpus-00,1524,506,0.000000e+00,5924,5924,2.495322,2.495322,0.0000e+00
dev-corpus-00,1525,220,0.000000e+00,220,220,0.092686,0.092686,0.0000e+00
dev-corpus-00,1526,17,0.000000e+00,16,16,1.820767,1.820767,0.0000e+00
dev-corpus-00,1527,18,0.000000e+00,15,15,2.472419,2.472419,0.0000e+00
dev-corpus-00,1528,16,0.000000e+00,15,15,2.152270,2.152270,0.0000e+00
dev-corpus-00,1529,4171,0.000000e+00,4171,4171,1.485027,1.485027,0.0000e+00
dev-corpus-00,1530,93154,0.000000e+00,93154,93154,0.627268,0.627268,0.0000e+00
dev-corpus-00,1531,6476,0.000000e+00,6476,6476,0.228784,0.228784,0.0000e+00
dev-corpus-00,1532,557,0.000000e+00,5924,5924,1.834517,1.834517,0.0000e+00
dev-corpus-00,1533,1254,0.000000e+00,1429,1429,6.505185,6.505185,0.0000e+00
dev-corpus-00,1534,93145,0.000000e+00,93145,93145,0.040743,0.040743,0.0000e+00
dev-corpus-00,1535,321,0.000000e+00,1083,1083,1.341528,1.341528,0.0000e+00
dev-corpus-01,1536,12476,0.000000e+00,4258,4258,2.861742,2.861742,0.0000e+00
dev-corpus-01,1537,318,0.000000e+00,401,401,2.812404,2.812404,0.0000e+00
dev-corpus-01,1538,63724,0.000000e+00,81425,81425,16.040719,16.040719,0.0000e+00
dev-corpus-01,1539,1587,0.000000e+00,847,847,5.267556,5.267556,0.0000e+00
dev-corpus-01,1540,73,0.000000e+00,73,73,2.219860,2.219860,0.0000e+00
dev-corpus-01,1541,6510,0.000000e+00,6510,6510,0.002078,0.002078,0.0000e+00
dev-corpus-01,1542,7766,0.000000e+00,847,847,4.053274,4.053274,0.0000e+00
dev-corpus-01,1543,847,0.000000e+00,8,8,0.946242,0.946242,0.0000e+00
dev-corpus-01,1544,283,0.000000e+00,283,283,0.370296,0.370296,0.0000e+00
dev-corpus-01,1545,30858,0.000000e+00,271,271,12.474908,12.474908,0.0000e+00
dev-corpus-01,1546,16623,0.000000e+00,410,410,7.739409,7.739409,0.0000e+00
dev-corpus-01,1547,12476,0.000000e+00,12476,12476,0.051576,0.051576,0.0000e+00
dev-corpus-01,1548,369,0.000000e+00,369,369,0.788130,0.788130,0.0000e+00
dev-corpus-01,1549,279,0.000000e+00,279,279,0.302558,0.302558,0.0000e+00
dev-corpus-01,1550,270,0.000000e+00,220,220,3.561767,3.561767,0.0000e+00
dev-corpus-01,1551,396,0.000000e+00,396,396,0.019774,0.019774,0.0000e+00
dev-corpus-01,1552,43872,0.000000e+00,43872,43872,0.016925,0.016925,0.0000e+00
dev-corpus-01,1553,14712,0.000000e+00,13626,13626,5.369239,5.369239,0.0000e+00
dev-corpus-01,1554,554,0.000000e+00,42117,42117,14.409299,14.409299,0.0000e+00
dev-corpus-01,1555,12,0.000000e+00,11197,11197,2.845311,2.845311,0.0000e+00
dev-corpus-01,1556,31,0.000000e+00,11197,11197,5.731049,5.731049,0.0000e+00
dev-corpus-01,1557,3992,0.000000e+00,11197,11197,2.051214,2.051214,0.0000e+00
dev-corpus-01,1558,13626,0.000000e+00,13626,13626,0.485951,0.485951,0.0000e+00
dev-corpus-01,1559,7766,0.000000e+00,7766,7766,0.015723,0.015723,0.0000e+00
dev-corpus-01,1560,539,0.000000e+00,539,539,0.191977,0.191977,0.0000e+00
dev-corpus-01,1561,4421,0.000000e+00,4421,4421,1.465992,1.465992,0.0000e+00
dev-corpus-01,1562,36014,0.000000e+00,36014,36014,0.001357,0.001357,0.0000e+00
dev-corpus-01,1563,31218,0.000000e+00,31218,31218,0.009043,0.009043,0.0000e+00
dev-corpus-01,1564,22049,0.000000e+00,22049,22049,0.548685,0.548685,0.0000e+00
dev-corpus-01,1565,554,0.000000e+00,63724,63724,1.096687,1.096687,0.0000e+00
dev-corpus-01,1566,12,0.000000e+00,12,12,0.103250,0.103250,0.0000e+00
dev-corpus-01,1567,31,0.000000e+00,31,31,0.005179,0.005179,0.0000e+00
dev-corpus-01,1568,81735,0.000000e+00,81735,81735,0.506792,0.506792,0.0000e+00
dev-corpus-01,1569,63724,0.000000e+00,63724,63724,0.261431,0.261431,0.0000e+00
dev-corpus-01,1570,1587,0.000000e+00,1587,1587,0.020625,0.020625,0.0000e+00
dev-corpus-01,1571,73,0.000000e+00,73,73,0.002495,0.002495,0.0000e+00
dev-corpus-01,1572,6510,0.000000e+00,6510,6510,0.000881,0.000881,0.0000e+00
dev-corpus-01,1573,1116,0.000000e+00,13,13,2.199262,2.199262,0.0000e+00
dev-corpus-01,1574,5698,0.000000e+00,5698,5698,0.187667,0.187667,0.0000e+00
dev-corpus-01,1575,383,0.000000e+00,383,383,0.749843,0.749843,0.0000e+00
dev-corpus-01,1576,220,0.000000e+00,220,220,1.980297,1.980297,0.0000e+00
dev-corpus-01,1577,17,0.000000e+00,17,17,0.953389,0.953389,0.0000e+00
dev-corpus-01,1578,18,0.000000e+00,15,15,2.517081,2.517081,0.0000e+00
dev-corpus-01,1579,5930,0.000000e+00,6324,6324,2.120371,2.120371,0.0000e+00
dev-corpus-01,1580,220,0.000000e+00,220,220,0.053895,0.053895,0.0000e+00
dev-corpus-01,1581,17,0.000000e+00,17,17,0.108569,0.108569,0.0000e+00
dev-corpus-01,1582,15,0.000000e+00,15,15,0.000922,0.000922,0.0000e+00
dev-corpus-01,1583,16,0.000000e+00,15,15,0.831259,0.831259,0.0000e+00
dev-corpus-01,1584,16,0.000000e+00,19,19,1.922572,1.922572,0.0000e+00
dev-corpus-01,1585,641,0.000000e+00,641,641,1.079512,1.079512,0.0000e+00
dev-corpus-01,1586,93034,0.000000e+00,198,198,9.068496,9.068496,0.0000e+00
dev-corpus-01,1587,303,0.000000e+00,303,303,0.927079,0.927079,0.0000e+00
dev-corpus-01,1588,279,0.000000e+00,220,220,2.662854,2.662854,0.0000e+00
dev-corpus-01,1589,3516,0.000000e+00,3516,3516,1.884723,1.884723,0.0000e+00
dev-corpus-01,1590,4042,0.000000e+00,4042,4042,0.075454,0.075454,0.0000e+00
dev-corpus-01,1591,321,0.000000e+00,321,321,0.966611,0.966611,0.0000e+00
dev-corpus-01,1592,11920,0.000000e+00,17163,17163,2.155333,2.155333,0.0000e+00
dev-corpus-01,1593,1116,0.000000e+00,1116,1116,0.409527,0.409527,0.0000e+00
dev-corpus-01,1594,424,0.000000e+00,279,279,1.375713,1.375713,0.0000e+00
dev-corpus-01,1595,557,0.000000e+00,557,557,0.912482,0.912482,0.0000e+00
dev-corpus-01,1596,8677,0.000000e+00,8677,8677,0.726357,0.726357,0.0000e+00
dev-corpus-01,1597,539,0.000000e+00,539,539,0.071027,0.071027,0.0000e+00
dev-corpus-01,1598,1587,0.000000e+00,1587,1587,0.639505,0.639505,0.0000e+00
dev-corpus-01,1599,73,0.000000e+00,73,73,0.001598,0.001598,0.0000e+00
dev-corpus-01,1600,6510,0.000000e+00,6510,6510,0.000299,0.000299,0.0000e+00
dev-corpus-01,1601,440,0.000000e+00,321,321,2.845282,2.845282,0.0000e+00
dev-corpus-01,1602,11230,0.000000e+00,279,279,7.192540,7.192540,0.0000e+00
dev-corpus-01,1603,30641,0.000000e+00,33882,33882,3.923931,3.923931,0.0000e+00
dev-corpus-01,1604,1116,0.000000e+00,321,321,1.669407,1.669407,0.0000e+00
dev-corpus-01,1605,11723,0.000000e+00,321,321,6.992541,6.992541,0.0000e+00
dev-corpus-01,1606,64618,0.000000e+00,64618,64618,2.484883,2.484883,0.0000e+00
dev-corpus-01,1607,321,0.000000e+00,321,321,0.632470,0.632470,0.0000e+00
dev-corpus-01,1608,29233,0.000000e+00,28338,28338,9.455408,9.455408,0.0000e+00
dev-corpus-01,1609,92356,0.000000e+00,92356,92356,0.106754,0.106754,0.0000e+00
dev-corpus-01,1610,22049,0.000000e+00,16359,16359,1.913669,1.913669,0.0000e+00
dev-corpus-01,1611,554,0.000000e+00,554,554,1.425550,1.425550,0.0000e+00
dev-corpus-01,1612,12,0.000000e+00,12,12,0.003536,0.003536,0.0000e+00
dev-corpus-01,1613,31,0.000000e+00,31,31,0.000979,0.000979,0.0000e+00
dev-corpus-01,1614,81735,0.000000e+00,81735,81735,0.395264,0.395264,0.0000e+00
dev-corpus-01,1615,37746,0.000000e+00,32095,32095,6.697102,6.697102,0.0000e+00
dev-corpus-01,1616,52582,0.000000e+00,52582,52582,0.091192,0.091192,0.0000e+00
dev-corpus-01,1617,641,0.000000e+00,641,641,0.201412,0.201412,0.0000e+00
dev-corpus-01,1618,561,0.000000e+00,561,561,1.458922,1.458922,0.0000e+00
dev-corpus-01,1619,7766,0.000000e+00,7766,7766,0.332506,0.332506,0.0000e+00
dev-corpus-01,1620,1892,0.000000e+00,557,557,13.042850,13.042850,0.0000e+00
dev-corpus-01,1621,279,0.000000e+00,864,864,2.721787,2.721787,0.0000e+00
dev-corpus-01,1622,1118,0.000000e+00,1118,1118,0.475730,0.475730,0.0000e+00
dev-corpus-01,1623,9209,0.000000e+00,303,303,4.764444,4.764444,0.0000e+00
dev-corpus-01,1624,4722,0.000000e+00,4722,4722,0.528791,0.528791,0.0000e+00
dev-corpus-01,1625,539,0.000000e+00,539,539,1.064013,1.064013,0.0000e+00
dev-corpus-01,1626,1587,0.000000e+00,1587,1587,0.213552,0.213552,0.0000e+00
dev-corpus-01,1627,73,0.000000e+00,73,73,0.000286,0.000286,0.0000e+00
dev-corpus-01,1628,6510,0.000000e+00,6510,6510,0.000541,0.000541,0.0000e+00
dev-corpus-01,1629,1238,0.000000e+00,1892,1892,2.665042,2.665042,0.0000e+00
dev-corpus-01,1630,551,0.000000e+00,9101,9101,1.907194,1.907194,0.0000e+00
dev-corpus-01,1631,557,0.000000e+00,2047,2047,3.610696,3.610696,0.0000e+00
dev-corpus-01,1632,8239,0.000000e+00,11878,11878,3.064101,3.064101,0.0000e+00
dev-corpus-01,1633,539,0.000000e+00,310,310,3.563833,3.563833,0.0000e+00
dev-corpus-01,1634,20228,0.000000e+00,20228,20228,1.074086,1.074086,0.0000e+00
dev-corpus-01,1635,10401,0.000000e+00,10401,10401,0.252420,0.252420,0.0000e+00
dev-corpus-01,1636,303,0.000000e+00,18867,18867,2.071326,2.071326,0.0000e+00
dev-corpus-01,1637,220,0.000000e+00,220,220,0.212177,0.212177,0.0000e+00
dev-corpus-01,1638,16,0.000000e+00,16,16,0.508227,0.508227,0.0000e+00
dev-corpus-01,1639,24,0.000000e+00,24,24,0.000546,0.000546,0.0000e+00
dev-corpus-01,1640,24,0.000000e+00,24,24,0.246256,0.246256,0.0000e+00
dev-corpus-01,1641,18,0.000000e+00,17,17,2.088086,2.088086,0.0000e+00
dev-corpus-01,1642,321,0.000000e+00,1892,1892,2.579810,2.579810,0.0000e+00
dev-corpus-01,1643,30641,0.000000e+00,2047,2047,7.505755,7.505755,0.0000e+00
dev-corpus-01,1644,10401,0.000000e+00,32118,32118,0.948993,0.948993,0.0000e+00
dev-corpus-01,1645,303,0.000000e+00,303,303,0.842674,0.842674,0.0000e+00
dev-corpus-01,1646,220,0.000000e+00,220,220,0.008013,0.008013,0.0000e+00
dev-corpus-01,1647,17,0.000000e+00,17,17,0.465915,0.465915,0.0000e+00
dev-corpus-01,1648,15,0.000000e+00,15,15,0.001258,0.001258,0.0000e+00
dev-corpus-01,1649,15,0.000000e+00,15,15,0.112736,0.112736,0.0000e+00
dev-corpus-01,1650,23,0.000000e+00,15,15,2.709804,2.709804,0.0000e+00
dev-corpus-01,1651,1892,0.000000e+00,1892,1892,0.355617,0.355617,0.0000e+00
dev-corpus-01,1652,557,0.000000e+00,557,557,1.095443,1.095443,0.0000e+00
dev-corpus-01,1653,10579,0.000000e+00,5698,5698,4.672080,4.672080,0.0000e+00
dev-corpus-01,1654,539,0.000000e+00,539,539,1.021237,1.021237,0.0000e+00
dev-corpus-01,1655,780,0.000000e+00,1587,1587,2.465135,2.465135,0.0000e+00
dev-corpus-01,1656,1765,0.000000e+00,1765,1765,0.200577,0.200577,0.0000e+00
dev-corpus-01,1657,2306,0.000000e+00,2306,2306,0.849280,0.849280,0.0000e+00
dev-corpus-01,1658,1116,0.000000e+00,1116,1116,0.562066,0.562066,0.0000e+00
dev-corpus-01,1659,6017,0.000000e+00,1587,1587,8.134568,8.134568,0.0000e+00
dev-corpus-01,1660,308,0.000000e+00,67529,67529,2.555272,2.555272,0.0000e+00
dev-corpus-01,1661,31754,0.000000e+00,31754,31754,0.215306,0.215306,0.0000e+00
dev-corpus-01,1662,10388,0.000000e+00,10388,10388,0.110353,0.110353,0.0000e+00
dev-corpus-01,1663,641,0.000000e+00,10401,10401,1.817109,1.817109,0.0000e+00
dev-corpus-01,1664,695,0.000000e+00,561,561,2.960532,2.960532,0.0000e+00
dev-corpus-01,1665,1158,0.000000e+00,410,410,12.946628,12.946628,0.0000e+00
dev-corpus-01,1666,3736,0.000000e+00,3736,3736,0.126278,0.126278,0.0000e+00
dev-corpus-01,1667,321,0.000000e+00,314,314,6.099925,6.099925,0.0000e+00
dev-corpus-01,1668,5158,0.000000e+00,5158,5158,1.191514,1.191514,0.0000e+00
dev-corpus-01,1669,303,0.000000e+00,539,539,3.000871,3.000871,0.0000e+00
dev-corpus-01,1670,264,0.000000e+00,220,220,2.973987,2.973987,0.0000e+00
dev-corpus-01,1671,1007,0.000000e+00,7792,7792,3.358840,3.358840,0.0000e+00
dev-corpus-01,1672,1116,0.000000e+00,321,321,1.233487,1.233487,0.0000e+00
dev-corpus-01,1673,279,0.000000e+00,279,279,0.564540,0.564540,0.0000e+00
dev-corpus-01,1674,3150,0.000000e+00,7766,7766,3.638005,3.638005,0.0000e+00
dev-corpus-01,1675,14973,0.000000e+00,557,557,5.894511,5.894511,0.0000e+00
dev-corpus-01,1676,1587,0.000000e+00,264,264,1.319122,1.319122,0.0000e+00
dev-corpus-01,1677,73,0.000000e+00,73,73,0.000666,0.000666,0.0000e+00
dev-corpus-01,1678,6510,0.000000e+00,6510,6510,0.000518,0.000518,0.0000e+00
dev-corpus-01,1679,321,0.000000e+00,359,359,8.348449,8.348449,0.0000e+00
dev-corpus-01,1680,52582,0.000000e+00,780,780,2.503866,2.503866,0.0000e+00
dev-corpus-01,1681,359,0.000000e+00,359,359,0.160198,0.160198,0.0000e+00
dev-corpus-01,1682,11400,0.000000e+00,1118,1118,4.717308,4.717308,0.0000e+00
dev-corpus-01,1683,19421,0.000000e+00,19421,19421,0.255819,0.255819,0.0000e+00
dev-corpus-01,1684,641,0.000000e+00,641,641,1.131740,1.131740,0.0000e+00
dev-corpus-01,1685,1690,0.000000e+00,561,561,5.566471,5.566471,0.0000e+00
dev-corpus-01,1686,16623,0.000000e+00,279,279,5.847437,5.847437,0.0000e+00
dev-corpus-01,1687,12476,0.000000e+00,12476,12476,0.030407,0.030407,0.0000e+00
dev-corpus-01,1688,1116,0.000000e+00,1116,1116,0.098123,0.098123,0.0000e+00
dev-corpus-01,1689,1587,0.000000e+00,1587,1587,0.306532,0.306532,0.0000e+00
dev-corpus-01,1690,73,0.000000e+00,73,73,0.000280,0.000280,0.0000e+00
dev-corpus-01,1691,6510,0.000000e+00,6510,6510,0.000623,0.000623,0.0000e+00
dev-corpus-01,1692,4523,0.000000e+00,321,321,7.273904,7.273904,0.0000e+00
dev-corpus-01,1693,310,0.000000e+00,310,310,0.053672,0.053672,0.0000e+00
dev-corpus-01,1694,780,0.000000e+00,279,279,1.236090,1.236090,0.0000e+00
dev-corpus-01,1695,30332,0.000000e+00,19101,19101,4.468991,4.468991,0.0000e+00
dev-corpus-01,1696,4950,0.000000e+00,1647,1647,2.897869,2.897869,0.0000e+00
dev-corpus-01,1697,1238,0.000000e+00,314,314,5.220047,5.220047,0.0000e+00
dev-corpus-01,1698,780,0.000000e+00,264,264,2.516379,2.516379,0.0000e+00
dev-corpus-01,1699,64134,0.000000e+00,220,220,7.762765,7.762765,0.0000e+00
dev-corpus-01,1700,291,0.000000e+00,291,291,0.266651,0.266651,0.0000e+00
dev-corpus-01,1701,24125,0.000000e+00,6206,6206,2.508115,2.508115,0.0000e+00
dev-corpus-01,1702,364,0.000000e+00,383,383,3.033177,3.033177,0.0000e+00
dev-corpus-01,1703,13412,0.000000e+00,279,279,13.397358,13.397358,0.0000e+00
dev-corpus-01,1704,235840,0.000000e+00,8903,8903,5.693270,5.693270,0.0000e+00
dev-corpus-01,1705,423,0.000000e+00,84854,84854,8.480771,8.480771,0.0000e+00
dev-corpus-01,1706,38531,0.000000e+00,38531,38531,1.161898,1.161898,0.0000e+00
dev-corpus-01,1707,318,0.000000e+00,318,318,1.013354,1.013354,0.0000e+00
dev-corpus-01,1708,220,0.000000e+00,220,220,0.061439,0.061439,0.0000e+00
dev-corpus-01,1709,17,0.000000e+00,17,17,0.010931,0.010931,0.0000e+00
dev-corpus-01,1710,15,0.000000e+00,15,15,0.000614,0.000614,0.0000e+00
dev-corpus-01,1711,16,0.000000e+00,15,15,2.344586,2.344586,0.0000e+00
dev-corpus-01,1712,15,0.000000e+00,15,15,0.296082,0.296082,0.0000e+00
dev-corpus-01,1713,847,0.000000e+00,847,847,0.020615,0.020615,0.0000e+00
dev-corpus-01,1714,641,0.000000e+00,641,641,0.840980,0.840980,0.0000e+00
dev-corpus-01,1715,5788,0.000000e+00,561,561,5.104156,5.104156,0.0000e+00
dev-corpus-01,1716,16876,0.000000e+00,279,279,5.603914,5.603914,0.0000e+00
dev-corpus-01,1717,279,0.000000e+00,279,279,0.488184,0.488184,0.0000e+00
dev-corpus-01,1718,14827,0.000000e+00,7766,7766,7.336182,7.336182,0.0000e+00
dev-corpus-01,1719,1116,0.000000e+00,1116,1116,0.955427,0.955427,0.0000e+00
dev-corpus-01,1720,551,0.000000e+00,1587,1587,1.648943,1.648943,0.0000e+00
dev-corpus-01,1721,995,0.000000e+00,995,995,1.614143,1.614143,0.0000e+00
dev-corpus-01,1722,1429,0.000000e+00,94044,94044,4.998111,4.998111,0.0000e+00
dev-corpus-01,1723,16253,0.000000e+00,264,264,8.008553,8.008553,0.0000e+00
dev-corpus-01,1724,22591,0.000000e+00,22591,22591,1.445172,1.445172,0.0000e+00
dev-corpus-01,1725,310,0.000000e+00,321,321,3.990688,3.990688,0.0000e+00
dev-corpus-01,1726,38406,0.000000e+00,1791,1791,5.648522,5.648522,0.0000e+00
dev-corpus-01,1727,780,0.000000e+00,780,780,0.689238,0.689238,0.0000e+00
dev-corpus-01,1728,4950,0.000000e+00,4950,4950,0.783342,0.783342,0.0000e+00
dev-corpus-01,1729,1116,0.000000e+00,641,641,1.654495,1.654495,0.0000e+00
dev-corpus-01,1730,3322,0.000000e+00,694,694,6.009996,6.009996,0.0000e+00
dev-corpus-01,1731,11192,0.000000e+00,978,978,6.691647,6.691647,0.0000e+00
dev-corpus-01,1732,1092,0.000000e+00,264,264,6.968553,6.968553,0.0000e+00
dev-corpus-01,1733,995,0.000000e+00,551,551,6.161212,6.161212,0.0000e+00
dev-corpus-01,1734,978,0.000000e+00,978,978,0.631033,0.631033,0.0000e+00
dev-corpus-01,1735,2512,0.000000e+00,7246,7246,2.145196,2.145196,0.0000e+00
dev-corpus-01,1736,264,0.000000e+00,9609,9609,1.603419,1.603419,0.0000e+00
dev-corpus-01,1737,328,0.000000e+00,9609,9609,1.765542,1.765542,0.0000e+00
dev-corpus-01,1738,35463,0.000000e+00,69235,69235,4.011857,4.011857,0.0000e+00
dev-corpus-01,1739,554,0.000000e+00,471,471,6.573989,6.573989,0.0000e+00
dev-corpus-01,1740,12,0.000000e+00,12,12,0.003888,0.003888,0.0000e+00
dev-corpus-01,1741,31,0.000000e+00,31,31,0.028328,0.028328,0.0000e+00
dev-corpus-01,1742,1441,0.000000e+00,1441,1441,0.265905,0.265905,0.0000e+00
dev-corpus-01,1743,42606,0.000000e+00,328,328,4.005156,4.005156,0.0000e+00
dev-corpus-01,1744,4879,0.000000e+00,328,328,8.800594,8.800594,0.0000e+00
dev-corpus-01,1745,328,0.000000e+00,328,328,0.097832,0.097832,0.0000e+00
dev-corpus-01,1746,303,0.000000e+00,641,641,3.526741,3.526741,0.0000e+00
dev-corpus-01,1747,780,0.000000e+00,279,279,2.209221,2.209221,0.0000e+00
dev-corpus-01,1748,4477,0.000000e+00,220,220,4.292095,4.292095,0.0000e+00
dev-corpus-01,1749,641,0.000000e+00,641,641,0.138276,0.138276,0.0000e+00
dev-corpus-01,1750,16623,0.000000e+00,695,695,2.712261,2.712261,0.0000e+00
dev-corpus-01,1751,12476,0.000000e+00,12476,12476,0.015318,0.015318,0.0000e+00
dev-corpus-01,1752,682,0.000000e+00,1116,1116,4.007597,4.007597,0.0000e+00
dev-corpus-01,1753,978,0.000000e+00,264,264,1.653077,1.653077,0.0000e+00
dev-corpus-01,1754,7463,0.000000e+00,7246,7246,3.195398,3.195398,0.0000e+00
dev-corpus-01,1755,310,0.000000e+00,310,310,0.206139,0.206139,0.0000e+00
dev-corpus-01,1756,780,0.000000e+00,780,780,0.792283,0.792283,0.0000e+00
dev-corpus-01,1757,6575,0.000000e+00,220,220,2.159631,2.159631,0.0000e+00
dev-corpus-01,1758,35810,0.000000e+00,26788,26788,4.597154,4.597154,0.0000e+00
dev-corpus-01,1759,1116,0.000000e+00,1116,1116,1.449657,1.449657,0.0000e+00
dev-corpus-01,1760,21016,0.000000e+00,1680,1680,14.335622,14.335622,0.0000e+00
dev-corpus-01,1761,3362,0.000000e+00,3362,3362,0.093335,0.093335,0.0000e+00
dev-corpus-01,1762,318,0.000000e+00,401,401,1.280604,1.280604,0.0000e+00
dev-corpus-01,1763,220,0.000000e+00,220,220,0.008566,0.008566,0.0000e+00
dev-corpus-01,1764,16,0.000000e+00,16,16,0.300837,0.300837,0.0000e+00
dev-corpus-01,1765,24,0.000000e+00,24,24,0.000267,0.000267,0.0000e+00
dev-corpus-01,1766,24,0.000000e+00,24,24,0.072409,0.072409,0.0000e+00
dev-corpus-01,1767,19,0.000000e+00,21,21,2.116267,2.116267,0.0000e+00
dev-corpus-01,1768,847,0.000000e+00,847,847,0.012631,0.012631,0.0000e+00
dev-corpus-01,1769,321,0.000000e+00,321,321,0.251072,0.251072,0.0000e+00
dev-corpus-01,1770,20637,0.000000e+00,3851,3851,9.500811,9.500811,0.0000e+00
dev-corpus-01,1771,2233,0.000000e+00,318,318,4.823873,4.823873,0.0000e+00
dev-corpus-01,1772,301,0.000000e+00,301,301,0.012232,0.012232,0.0000e+00
dev-corpus-01,1773,392,0.000000e+00,392,392,0.003279,0.003279,0.0000e+00
dev-corpus-01,1774,78,0.000000e+00,78,78,0.005944,0.005944,0.0000e+00
dev-corpus-01,1775,318,0.000000e+00,318,318,0.023866,0.023866,0.0000e+00
dev-corpus-01,1776,220,0.000000e+00,220,220,0.001621,0.001621,0.0000e+00
dev-corpus-01,1777,16,0.000000e+00,16,16,0.424259,0.424259,0.0000e+00
dev-corpus-01,1778,24,0.000000e+00,24,24,0.001450,0.001450,0.0000e+00
dev-corpus-01,1779,24,0.000000e+00,24,24,0.017929,0.017929,0.0000e+00
dev-corpus-01,1780,18,0.000000e+00,21,21,3.548148,3.548148,0.0000e+00
dev-corpus-01,1781,847,0.000000e+00,847,847,0.005413,0.005413,0.0000e+00
dev-corpus-01,1782,641,0.000000e+00,641,641,0.480905,0.480905,0.0000e+00
dev-corpus-01,1783,695,0.000000e+00,695,695,0.553356,0.553356,0.0000e+00
dev-corpus-01,1784,16623,0.000000e+00,561,561,1.848502,1.848502,0.0000e+00
dev-corpus-01,1785,12476,0.000000e+00,12476,12476,0.022349,0.022349,0.0000e+00
dev-corpus-01,1786,5924,0.000000e+00,557,557,4.462263,4.462263,0.0000e+00
dev-corpus-01,1787,1587,0.000000e+00,1587,1587,0.839105,0.839105,0.0000e+00
dev-corpus-01,1788,73,0.000000e+00,73,73,0.000315,0.000315,0.0000e+00
dev-corpus-01,1789,6510,0.000000e+00,6510,6510,0.000101,0.000101,0.0000e+00
dev-corpus-01,1790,359,0.000000e+00,359,359,0.051545,0.051545,0.0000e+00
dev-corpus-01,1791,82,0.000000e+00,82,82,0.005292,0.005292,0.0000e+00
dev-corpus-01,1792,11400,0.000000e+00,1118,1118,4.181114,4.181114,0.0000e+00
dev-corpus-01,1793,1324,0.000000e+00,23173,23173,2.873379,2.873379,0.0000e+00
dev-corpus-01,1794,554,0.000000e+00,799,799,0.871446,0.871446,0.0000e+00
dev-corpus-01,1795,12,0.000000e+00,12,12,0.000286,0.000286,0.0000e+00
dev-corpus-01,1796,31,0.000000e+00,31,31,0.000181,0.000181,0.0000e+00
dev-corpus-01,1797,799,0.000000e+00,799,799,0.016697,0.016697,0.0000e+00
dev-corpus-01,1798,7766,0.000000e+00,7766,7766,0.174574,0.174574,0.0000e+00
dev-corpus-01,1799,383,0.000000e+00,303,303,1.335561,1.335561,0.0000e+00
dev-corpus-01,1800,279,0.000000e+00,279,279,0.193767,0.193767,0.0000e+00
dev-corpus-01,1801,63957,0.000000e+00,63957,63957,1.149341,1.149341,0.0000e+00
dev-corpus-01,1802,6694,0.000000e+00,18867,18867,1.312116,1.312116,0.0000e+00
dev-corpus-01,1803,18867,0.000000e+00,18867,18867,0.012806,0.012806,0.0000e+00
dev-corpus-01,1804,83731,0.000000e+00,83731,83731,0.029201,0.029201,0.0000e+00
dev-corpus-01,1805,1332,0.000000e+00,9207,9207,10.889934,10.889934,0.0000e+00
dev-corpus-01,1806,424,0.000000e+00,424,424,0.382191,0.382191,0.0000e+00
dev-corpus-01,1807,55174,0.000000e+00,55174,55174,0.913977,0.913977,0.0000e+00
dev-corpus-01,1808,364,0.000000e+00,506,506,8.619929,8.619929,0.0000e+00
dev-corpus-01,1809,279,0.000000e+00,279,279,1.146108,1.146108,0.0000e+00
dev-corpus-01,1810,1936,0.000000e+00,1936,1936,0.488452,0.488452,0.0000e+00
dev-corpus-01,1811,13004,0.000000e+00,314,314,1.693369,1.693369,0.0000e+00
dev-corpus-01,1812,220,0.000000e+00,220,220,0.337871,0.337871,0.0000e+00
dev-corpus-01,1813,17,0.000000e+00,17,17,0.613129,0.613129,0.0000e+00
dev-corpus-01,1814,17,0.000000e+00,20,20,3.424863,3.424863,0.0000e+00
dev-corpus-01,1815,6324,0.000000e+00,6324,6324,0.181719,0.181719,0.0000e+00
dev-corpus-01,1816,220,0.000000e+00,220,220,0.086722,0.086722,0.0000e+00
dev-corpus-01,1817,17,0.000000e+00,17,17,0.001832,0.001832,0.0000e+00
dev-corpus-01,1818,15,0.000000e+00,15,15,0.000555,0.000555,0.0000e+00
dev-corpus-01,1819,16,0.000000e+00,16,16,0.000650,0.000650,0.0000e+00
dev-corpus-01,1820,16,0.000000e+00,16,16,0.008643,0.008643,0.0000e+00
dev-corpus-01,1821,641,0.000000e+00,641,641,0.525124,0.525124,0.0000e+00
dev-corpus-01,1822,1690,0.000000e+00,1049,1049,4.612221,4.612221,0.0000e+00
dev-corpus-01,1823,58614,0.000000e+00,279,279,9.594818,9.594818,0.0000e+00
dev-corpus-01,1824,2397,0.000000e+00,5381,5381,5.125837,5.125837,0.0000e+00
dev-corpus-01,1825,554,0.000000e+00,554,554,0.271972,0.271972,0.0000e+00
dev-corpus-01,1826,12,0.000000e+00,12,12,0.000031,0.000031,0.0000e+00
dev-corpus-01,1827,31,0.000000e+00,31,31,0.000123,0.000123,0.0000e+00
dev-corpus-01,1828,23173,0.000000e+00,23173,23173,0.026688,0.026688,0.0000e+00
dev-corpus-01,1829,5381,0.000000e+00,5381,5381,0.007950,0.007950,0.0000e+00
dev-corpus-01,1830,424,0.000000e+00,1116,1116,2.246379,2.246379,0.0000e+00
dev-corpus-01,1831,38480,0.000000e+00,14195,14195,3.500835,3.500835,0.0000e+00
dev-corpus-01,1832,279,0.000000e+00,279,279,0.088124,0.088124,0.0000e+00
dev-corpus-01,1833,18867,0.000000e+00,9207,9207,2.150396,2.150396,0.0000e+00
dev-corpus-01,1834,9948,0.000000e+00,83731,83731,1.505067,1.505067,0.0000e+00
dev-corpus-01,1835,83731,0.000000e+00,83731,83731,0.382382,0.382382,0.0000e+00
dev-corpus-01,1836,9207,0.000000e+00,9207,9207,0.204675,0.204675,0.0000e+00
dev-corpus-01,1837,1116,0.000000e+00,641,641,1.610504,1.610504,0.0000e+00
dev-corpus-01,1838,321,0.000000e+00,321,321,1.001274,1.001274,0.0000e+00
dev-corpus-01,1839,8379,0.000000e+00,364,364,3.043525,3.043525,0.0000e+00
dev-corpus-01,1840,1324,0.000000e+00,1324,1324,0.720665,0.720665,0.0000e+00
dev-corpus-01,1841,799,0.000000e+00,554,554,2.261800,2.261800,0.0000e+00
dev-corpus-01,1842,383,0.000000e+00,383,383,0.219196,0.219196,0.0000e+00
dev-corpus-01,1843,279,0.000000e+00,279,279,0.177277,0.177277,0.0000e+00
dev-corpus-01,1844,22555,0.000000e+00,18867,18867,3.970507,3.970507,0.0000e+00
dev-corpus-01,1845,83731,0.000000e+00,83731,83731,1.008574,1.008574,0.0000e+00
dev-corpus-01,1846,20613,0.000000e+00,9207,9207,1.651091,1.651091,0.0000e+00
dev-corpus-01,1847,641,0.000000e+00,641,641,0.626475,0.626475,0.0000e+00
dev-corpus-01,1848,1049,0.000000e+00,695,695,1.638960,1.638960,0.0000e+00
dev-corpus-01,1849,369,0.000000e+00,557,557,3.005831,3.005831,0.0000e+00
dev-corpus-01,1850,780,0.000000e+00,1587,1587,2.353072,2.353072,0.0000e+00
dev-corpus-01,1851,17175,0.000000e+00,1118,1118,3.488196,3.488196,0.0000e+00
dev-corpus-01,1852,23173,0.000000e+00,23173,23173,1.185187,1.185187,0.0000e+00
dev-corpus-01,1853,7766,0.000000e+00,1324,1324,2.159455,2.159455,0.0000e+00
dev-corpus-01,1854,310,0.000000e+00,310,310,0.262099,0.262099,0.0000e+00
dev-corpus-01,1855,9207,0.000000e+00,5372,5372,2.552053,2.552053,0.0000e+00
dev-corpus-01,1856,383,0.000000e+00,303,303,1.010324,1.010324,0.0000e+00
dev-corpus-01,1857,279,0.000000e+00,279,279,0.284270,0.284270,0.0000e+00
dev-corpus-01,1858,63957,0.000000e+00,63957,63957,0.662936,0.662936,0.0000e+00
dev-corpus-01,1859,220,0.000000e+00,6694,6694,2.230610,2.230610,0.0000e+00
dev-corpus-01,1860,17,0.000000e+00,17,17,0.006355,0.006355,0.0000e+00
dev-corpus-01,1861,15,0.000000e+00,15,15,0.000269,0.000269,0.0000e+00
dev-corpus-01,1862,15,0.000000e+00,15,15,0.000163,0.000163,0.0000e+00
dev-corpus-01,1863,318,0.000000e+00,1116,1116,3.396028,3.396028,0.0000e+00
dev-corpus-01,1864,18176,0.000000e+00,220,220,3.119918,3.119918,0.0000e+00
dev-corpus-01,1865,1324,0.000000e+00,1324,1324,0.667273,0.667273,0.0000e+00
dev-corpus-01,1866,50614,0.000000e+00,220,220,6.701726,6.701726,0.0000e+00
dev-corpus-01,1867,554,0.000000e+00,554,554,0.382862,0.382862,0.0000e+00
dev-corpus-01,1868,12,0.000000e+00,12,12,0.000180,0.000180,0.0000e+00
dev-corpus-01,1869,31,0.000000e+00,31,31,0.016153,0.016153,0.0000e+00
dev-corpus-01,1870,4097,0.000000e+00,4590,4590,2.162044,2.162044,0.0000e+00
dev-corpus-01,1871,847,0.000000e+00,847,847,0.190681,0.190681,0.0000e+00
dev-corpus-01,1872,1116,0.000000e+00,641,641,1.342334,1.342334,0.0000e+00
dev-corpus-01,1873,321,0.000000e+00,321,321,0.662347,0.662347,0.0000e+00
dev-corpus-01,1874,780,0.000000e+00,780,780,0.982645,0.982645,0.0000e+00
dev-corpus-01,1875,11400,0.000000e+00,1118,1118,2.729796,2.729796,0.0000e+00
dev-corpus-01,1876,7766,0.000000e+00,23173,23173,2.752847,2.752847,0.0000e+00
dev-corpus-01,1877,310,0.000000e+00,310,310,0.262064,0.262064,0.0000e+00
dev-corpus-01,1878,9207,0.000000e+00,9207,9207,0.842501,0.842501,0.0000e+00
dev-corpus-01,1879,303,0.000000e+00,383,383,1.957791,1.957791,0.0000e+00
dev-corpus-01,1880,17163,0.000000e+00,279,279,3.652553,3.652553,0.0000e+00
dev-corpus-01,1881,318,0.000000e+00,641,641,1.512014,1.512014,0.0000e+00
dev-corpus-01,1882,1016,0.000000e+00,18176,18176,2.036513,2.036513,0.0000e+00
dev-corpus-01,1883,1703,0.000000e+00,1703,1703,0.000074,0.000074,0.0000e+00
dev-corpus-01,1884,506,0.000000e+00,506,506,0.029021,0.029021,0.0000e+00
dev-corpus-01,1885,1324,0.000000e+00,1324,1324,0.196655,0.196655,0.0000e+00
dev-corpus-01,1886,50614,0.000000e+00,16570,16570,3.548298,3.548298,0.0000e+00
dev-corpus-01,1887,554,0.000000e+00,554,554,0.129120,0.129120,0.0000e+00
dev-corpus-01,1888,12,0.000000e+00,12,12,0.000022,0.000022,0.0000e+00
dev-corpus-01,1889,31,0.000000e+00,31,31,0.003293,0.003293,0.0000e+00
dev-corpus-01,1890,7810,0.000000e+00,4590,4590,2.239269,2.239269,0.0000e+00
dev-corpus-01,1891,847,0.000000e+00,847,847,0.082438,0.082438,0.0000e+00
dev-corpus-01,1892,641,0.000000e+00,641,641,0.113603,0.113603,0.0000e+00
dev-corpus-01,1893,23475,0.000000e+00,695,695,7.642505,7.642505,0.0000e+00
dev-corpus-01,1894,799,0.000000e+00,279,279,3.459165,3.459165,0.0000e+00
dev-corpus-01,1895,1936,0.000000e+00,2182,2182,1.445919,1.445919,0.0000e+00
dev-corpus-01,1896,1238,0.000000e+00,314,314,3.389087,3.389087,0.0000e+00
dev-corpus-01,1897,1141,0.000000e+00,1141,1141,0.908165,0.908165,0.0000e+00
dev-corpus-01,1898,4722,0.000000e+00,4722,4722,0.115701,0.115701,0.0000e+00
dev-corpus-01,1899,16623,0.000000e+00,1116,1116,5.290758,5.290758,0.0000e+00
dev-corpus-01,1900,12476,0.000000e+00,12476,12476,0.004597,0.004597,0.0000e+00
dev-corpus-01,1901,557,0.000000e+00,557,557,1.172328,1.172328,0.0000e+00
dev-corpus-01,1902,22196,0.000000e+00,22196,22196,0.307703,0.307703,0.0000e+00
dev-corpus-01,1903,6414,0.000000e+00,7186,7186,1.233569,1.233569,0.0000e+00
dev-corpus-01,1904,303,0.000000e+00,539,539,0.767958,0.767958,0.0000e+00
dev-corpus-01,1905,31907,0.000000e+00,11920,11920,4.941909,4.941909,0.0000e+00
dev-corpus-01,1906,1116,0.000000e+00,321,321,1.273340,1.273340,0.0000e+00
dev-corpus-01,1907,279,0.000000e+00,321,321,4.073321,4.073321,0.0000e+00
dev-corpus-01,1908,3516,0.000000e+00,1118,1118,2.424882,2.424882,0.0000e+00
dev-corpus-01,1909,4042,0.000000e+00,4042,4042,0.166564,0.166564,0.0000e+00
dev-corpus-01,1910,321,0.000000e+00,321,321,0.682075,0.682075,0.0000e+00
dev-corpus-01,1911,11920,0.000000e+00,11920,11920,0.883977,0.883977,0.0000e+00
dev-corpus-01,1912,321,0.000000e+00,641,641,3.140718,3.140718,0.0000e+00
dev-corpus-01,1913,22196,0.000000e+00,60131,60131,3.398092,3.398092,0.0000e+00
dev-corpus-01,1914,60131,0.000000e+00,60131,60131,0.132388,0.132388,0.0000e+00
dev-corpus-01,1915,303,0.000000e+00,303,303,0.020302,0.020302,0.0000e+00
dev-corpus-01,1916,34713,0.000000e+00,30046,30046,4.848766,4.848766,0.0000e+00
dev-corpus-01,1917,321,0.000000e+00,641,641,1.432220,1.432220,0.0000e+00
dev-corpus-01,1918,30046,0.000000e+00,30046,30046,1.543940,1.543940,0.0000e+00
dev-corpus-01,1919,641,0.000000e+00,641,641,0.113098,0.113098,0.0000e+00
dev-corpus-01,1920,695,0.000000e+00,695,695,0.867458,0.867458,0.0000e+00
dev-corpus-01,1921,20285,0.000000e+00,16623,16623,8.564875,8.564875,0.0000e+00
dev-corpus-01,1922,16878,0.000000e+00,16878,16878,1.570565,1.570565,0.0000e+00
dev-corpus-01,1923,599,0.000000e+00,998,998,2.451289,2.451289,0.0000e+00
dev-corpus-01,1924,978,0.000000e+00,978,978,0.022303,0.022303,0.0000e+00
dev-corpus-01,1925,5698,0.000000e+00,5698,5698,0.096462,0.096462,0.0000e+00
dev-corpus-01,1926,494,0.000000e+00,494,494,0.108645,0.108645,0.0000e+00
dev-corpus-01,1927,279,0.000000e+00,279,279,0.165486,0.165486,0.0000e+00
dev-corpus-01,1928,7766,0.000000e+00,7766,7766,0.115362,0.115362,0.0000e+00
dev-corpus-01,1929,641,0.000000e+00,535,535,1.199729,1.199729,0.0000e+00
dev-corpus-01,1930,561,0.000000e+00,328,328,1.236144,1.236144,0.0000e+00
dev-corpus-01,1931,2895,0.000000e+00,1118,1118,1.304033,1.304033,0.0000e+00
dev-corpus-01,1932,3074,0.000000e+00,3074,3074,0.043401,0.043401,0.0000e+00
dev-corpus-01,1933,1116,0.000000e+00,1116,1116,0.760148,0.760148,0.0000e+00
dev-corpus-01,1934,328,0.000000e+00,328,328,0.299822,0.299822,0.0000e+00
dev-corpus-01,1935,3851,0.000000e+00,3851,3851,2.838039,2.838039,0.0000e+00
dev-corpus-01,1936,185357,0.000000e+00,351,351,3.872599,3.872599,0.0000e+00
dev-corpus-01,1937,328,0.000000e+00,328,328,1.869055,1.869055,0.0000e+00
dev-corpus-01,1938,1116,0.000000e+00,1116,1116,0.668315,0.668315,0.0000e+00
dev-corpus-01,1939,5924,0.000000e+00,557,557,3.252100,3.252100,0.0000e+00
dev-corpus-01,1940,264,0.000000e+00,1587,1587,2.143304,2.143304,0.0000e+00
dev-corpus-01,1941,8094,0.000000e+00,1324,1324,4.409358,4.409358,0.0000e+00
dev-corpus-01,1942,2316,0.000000e+00,2316,2316,0.428861,0.428861,0.0000e+00
dev-corpus-01,1943,303,0.000000e+00,303,303,1.000021,1.000021,0.0000e+00
dev-corpus-01,1944,3679,0.000000e+00,18867,18867,3.504424,3.504424,0.0000e+00
dev-corpus-01,1945,18867,0.000000e+00,18867,18867,0.758720,0.758720,0.0000e+00
dev-corpus-01,1946,3567,0.000000e+00,3567,3567,0.167424,0.167424,0.0000e+00
dev-corpus-01,1947,5656,0.000000e+00,5656,5656,0.113015,0.113015,0.0000e+00
dev-corpus-01,1948,321,0.000000e+00,641,641,1.566344,1.566344,0.0000e+00
dev-corpus-01,1949,557,0.000000e+00,557,557,1.628582,1.628582,0.0000e+00
dev-corpus-01,1950,1324,0.000000e+00,22196,22196,4.737161,4.737161,0.0000e+00
dev-corpus-01,1951,799,0.000000e+00,799,799,0.345855,0.345855,0.0000e+00
dev-corpus-01,1952,383,0.000000e+00,383,383,0.673350,0.673350,0.0000e+00
dev-corpus-01,1953,279,0.000000e+00,279,279,0.224796,0.224796,0.0000e+00
dev-corpus-01,1954,63957,0.000000e+00,63957,63957,1.639552,1.639552,0.0000e+00
dev-corpus-01,1955,18867,0.000000e+00,18867,18867,0.398443,0.398443,0.0000e+00
dev-corpus-01,1956,37804,0.000000e+00,9948,9948,1.934855,1.934855,0.0000e+00
dev-corpus-01,1957,321,0.000000e+00,9207,9207,3.352750,3.352750,0.0000e+00
dev-corpus-01,1958,18867,0.000000e+00,18867,18867,1.242801,1.242801,0.0000e+00
dev-corpus-01,1959,9948,0.000000e+00,423,423,1.361234,1.361234,0.0000e+00
dev-corpus-01,1960,37804,0.000000e+00,37804,37804,0.640707,0.640707,0.0000e+00
dev-corpus-01,1961,25296,0.000000e+00,25296,25296,0.299615,0.299615,0.0000e+00
dev-corpus-01,1962,641,0.000000e+00,641,641,0.779089,0.779089,0.0000e+00
dev-corpus-01,1963,1049,0.000000e+00,561,561,2.308529,2.308529,0.0000e+00
dev-corpus-01,1964,557,0.000000e+00,557,557,0.879644,0.879644,0.0000e+00
dev-corpus-01,1965,7854,0.000000e+00,1048,1048,2.942229,2.942229,0.0000e+00
dev-corpus-01,1966,539,0.000000e+00,539,539,0.039936,0.039936,0.0000e+00
dev-corpus-01,1967,328,0.000000e+00,328,328,0.351583,0.351583,0.0000e+00
dev-corpus-01,1968,28296,0.000000e+00,3851,3851,6.368378,6.368378,0.0000e+00
dev-corpus-01,1969,16284,0.000000e+00,2337,2337,1.987723,1.987723,0.0000e+00
dev-corpus-01,1970,179314,0.000000e+00,328,328,3.939394,3.939394,0.0000e+00
dev-corpus-01,1971,328,0.000000e+00,328,328,0.093703,0.093703,0.0000e+00
dev-corpus-01,1972,318,0.000000e+00,1116,1116,2.338786,2.338786,0.0000e+00
dev-corpus-01,1973,15963,0.000000e+00,1324,1324,3.120557,3.120557,0.0000e+00
dev-corpus-01,1974,469,0.000000e+00,29233,29233,6.346641,6.346641,0.0000e+00
dev-corpus-01,1975,5923,0.000000e+00,5923,5923,0.268767,0.268767,0.0000e+00
dev-corpus-01,1976,75497,0.000000e+00,75497,75497,0.449347,0.449347,0.0000e+00
dev-corpus-01,1977,847,0.000000e+00,847,847,0.059804,0.059804,0.0000e+00
dev-corpus-01,1978,1116,0.000000e+00,1116,1116,0.648836,0.648836,0.0000e+00
dev-corpus-01,1979,864,0.000000e+00,328,328,1.860000,1.860000,0.0000e+00
dev-corpus-01,1980,8379,0.000000e+00,557,557,1.729696,1.729696,0.0000e+00
dev-corpus-01,1981,1324,0.000000e+00,1324,1324,0.323676,0.323676,0.0000e+00
dev-corpus-01,1982,799,0.000000e+00,799,799,1.212964,1.212964,0.0000e+00
dev-corpus-01,1983,383,0.000000e+00,383,383,0.165221,0.165221,0.0000e+00
dev-corpus-01,1984,279,0.000000e+00,279,279,0.130705,0.130705,0.0000e+00
dev-corpus-01,1985,18867,0.000000e+00,63957,63957,1.295249,1.295249,0.0000e+00
dev-corpus-01,1986,9948,0.000000e+00,9948,9948,0.683650,0.683650,0.0000e+00
dev-corpus-01,1987,37804,0.000000e+00,37804,37804,0.144459,0.144459,0.0000e+00
dev-corpus-01,1988,1116,0.000000e+00,9207,9207,4.089505,4.089505,0.0000e+00
dev-corpus-01,1989,1324,0.000000e+00,321,321,3.259067,3.259067,0.0000e+00
dev-corpus-01,1990,1330,0.000000e+00,1330,1330,0.907445,0.907445,0.0000e+00
dev-corpus-01,1991,383,0.000000e+00,383,383,0.028001,0.028001,0.0000e+00
dev-corpus-01,1992,279,0.000000e+00,279,279,0.125787,0.125787,0.0000e+00
dev-corpus-01,1993,18867,0.000000e+00,18867,18867,0.466561,0.466561,0.0000e+00
dev-corpus-01,1994,37804,0.000000e+00,423,423,1.021812,1.021812,0.0000e+00
dev-corpus-01,1995,25296,0.000000e+00,321,321,2.506323,2.506323,0.0000e+00
dev-corpus-01,1996,321,0.000000e+00,321,321,0.448188,0.448188,0.0000e+00
dev-corpus-01,1997,38480,0.000000e+00,1324,1324,2.933978,2.933978,0.0000e+00
dev-corpus-01,1998,3679,0.000000e+00,279,279,5.199984,5.199984,0.0000e+00
dev-corpus-01,1999,975,0.000000e+00,18867,18867,1.709631,1.709631,0.0000e+00
dev-corpus-01,2000,5145,0.000000e+00,25296,25296,3.213237,3.213237,0.0000e+00
dev-corpus-01,2001,25296,0.000000e+00,25296,25296,0.257299,0.257299,0.0000e+00
dev-corpus-01,2002,641,0.000000e+00,641,641,0.430772,0.430772,0.0000e+00
dev-corpus-01,2003,328,0.000000e+00,561,561,1.290293,1.290293,0.0000e+00
dev-corpus-01,2004,20112,0.000000e+00,3851,3851,4.398656,4.398656,0.0000e+00
dev-corpus-01,2005,4470,0.000000e+00,182248,182248,5.905383,5.905383,0.0000e+00
dev-corpus-01,2006,667,0.000000e+00,667,667,0.604417,0.604417,0.0000e+00
dev-corpus-01,2007,1297,0.000000e+00,328,328,4.128555,4.128555,0.0000e+00
dev-corpus-01,2008,2088,0.000000e+00,436,436,4.241860,4.241860,0.0000e+00
dev-corpus-01,2009,179740,0.000000e+00,426,426,5.448849,5.448849,0.0000e+00
dev-corpus-01,2010,387,0.000000e+00,11620,11620,6.020166,6.020166,0.0000e+00
dev-corpus-01,2011,20149,0.000000e+00,20149,20149,0.795441,0.795441,0.0000e+00
dev-corpus-01,2012,8426,0.000000e+00,8426,8426,0.000838,0.000838,0.0000e+00
dev-corpus-01,2013,57298,0.000000e+00,57298,57298,0.264461,0.264461,0.0000e+00
dev-corpus-01,2014,5405,0.000000e+00,5405,5405,0.010812,0.010812,0.0000e+00
dev-corpus-01,2015,328,0.000000e+00,328,328,0.027603,0.027603,0.0000e+00
dev-corpus-01,2016,557,0.000000e+00,557,557,1.430207,1.430207,0.0000e+00
dev-corpus-01,2017,5698,0.000000e+00,279,279,1.374949,1.374949,0.0000e+00
dev-corpus-01,2018,303,0.000000e+00,430,430,1.098846,1.098846,0.0000e+00
dev-corpus-01,2019,3114,0.000000e+00,220,220,3.182594,3.182594,0.0000e+00
dev-corpus-01,2020,220,0.000000e+00,220,220,0.079860,0.079860,0.0000e+00
dev-corpus-01,2021,17,0.000000e+00,17,17,0.002835,0.002835,0.0000e+00
dev-corpus-01,2022,15,0.000000e+00,15,15,0.000538,0.000538,0.0000e+00
dev-corpus-01,2023,16,0.000000e+00,16,16,0.000641,0.000641,0.0000e+00
dev-corpus-01,2024,17,0.000000e+00,17,17,0.105645,0.105645,0.0000e+00
dev-corpus-01,2025,2502,0.000000e+00,321,321,4.287228,4.287228,0.0000e+00
dev-corpus-01,2026,328,0.000000e+00,424,424,2.282678,2.282678,0.0000e+00
dev-corpus-01,2027,2568,0.000000e+00,3851,3851,4.089929,4.089929,0.0000e+00
dev-corpus-01,2028,3297,0.000000e+00,3297,3297,1.638404,1.638404,0.0000e+00
dev-corpus-01,2029,42146,0.000000e+00,42146,42146,0.116188,0.116188,0.0000e+00
dev-corpus-01,2030,328,0.000000e+00,328,328,0.499833,0.499833,0.0000e+00
dev-corpus-01,2031,303,0.000000e+00,557,557,2.267386,2.267386,0.0000e+00
dev-corpus-01,2032,5589,0.000000e+00,5361,5361,1.743522,1.743522,0.0000e+00
dev-corpus-01,2033,220,0.000000e+00,220,220,0.176736,0.176736,0.0000e+00
dev-corpus-01,2034,17,0.000000e+00,17,17,0.001647,0.001647,0.0000e+00
dev-corpus-01,2035,15,0.000000e+00,15,15,0.000849,0.000849,0.0000e+00
dev-corpus-01,2036,16,0.000000e+00,16,16,0.000136,0.000136,0.0000e+00
dev-corpus-01,2037,17,0.000000e+00,17,17,0.004926,0.004926,0.0000e+00
dev-corpus-01,2038,1116,0.000000e+00,2502,2502,2.059129,2.059129,0.0000e+00
dev-corpus-01,2039,321,0.000000e+00,321,321,0.360019,0.360019,0.0000e+00
dev-corpus-01,2040,328,0.000000e+00,328,328,0.202371,0.202371,0.0000e+00
dev-corpus-01,2041,11493,0.000000e+00,3851,3851,4.291715,4.291715,0.0000e+00
dev-corpus-01,2042,27713,0.000000e+00,2088,2088,3.649293,3.649293,0.0000e+00
dev-corpus-01,2043,2233,0.000000e+00,629,629,2.099692,2.099692,0.0000e+00
dev-corpus-01,2044,59725,0.000000e+00,9124,9124,6.214919,6.214919,0.0000e+00
dev-corpus-01,2045,166406,0.000000e+00,166406,166406,0.155905,0.155905,0.0000e+00
dev-corpus-01,2046,328,0.000000e+00,328,328,0.019980,0.019980,0.0000e+00
dev-corpus-01,2047,303,0.000000e+00,303,303,0.246971,0.246971,0.0000e+00
dev-corpus-02,2048,3856,0.000000e+00,283,283,6.519180,6.519180,0.0000e+00
dev-corpus-02,2049,70577,0.000000e+00,220,220,9.317687,9.317687,0.0000e+00
dev-corpus-02,2050,353,0.000000e+00,14016,14016,1.800818,1.800818,0.0000e+00
dev-corpus-02,2051,55603,0.000000e+00,3593,3593,2.227047,2.227047,0.0000e+00
dev-corpus-02,2052,283,0.000000e+00,283,283,0.762085,0.762085,0.0000e+00
dev-corpus-02,2053,30858,0.000000e+00,198,198,12.594234,12.594234,0.0000e+00
dev-corpus-02,2054,561,0.000000e+00,410,410,7.477747,7.477747,0.0000e+00
dev-corpus-02,2055,3856,0.000000e+00,5753,5753,1.791719,1.791719,0.0000e+00
dev-corpus-02,2056,70577,0.000000e+00,70577,70577,0.056270,0.056270,0.0000e+00
dev-corpus-02,2057,353,0.000000e+00,353,353,0.174582,0.174582,0.0000e+00
dev-corpus-02,2058,557,0.000000e+00,557,557,0.804722,0.804722,0.0000e+00
dev-corpus-02,2059,264,0.000000e+00,264,264,0.582845,0.582845,0.0000e+00
dev-corpus-02,2060,523,0.000000e+00,5753,5753,1.305844,1.305844,0.0000e+00
dev-corpus-02,2061,314,0.000000e+00,314,314,0.006596,0.006596,0.0000e+00
dev-corpus-02,2062,2526,0.000000e+00,5753,5753,4.302749,4.302749,0.0000e+00
dev-corpus-02,2063,33101,0.000000e+00,5753,5753,3.249348,3.249348,0.0000e+00
dev-corpus-02,2064,82588,0.000000e+00,82588,82588,0.559334,0.559334,0.0000e+00
dev-corpus-02,2065,318,0.000000e+00,5617,5617,2.229252,2.229252,0.0000e+00
dev-corpus-02,2066,533,0.000000e+00,52,52,4.511460,4.511460,0.0000e+00
dev-corpus-02,2067,554,0.000000e+00,12,12,14.962958,14.962958,0.0000e+00
dev-corpus-02,2068,12,0.000000e+00,2436,2436,3.005989,3.005989,0.0000e+00
dev-corpus-02,2069,31,0.000000e+00,1191,1191,9.412109,9.412109,0.0000e+00
dev-corpus-02,2070,30592,0.000000e+00,1191,1191,3.254222,3.254222,0.0000e+00
dev-corpus-02,2071,847,0.000000e+00,8,8,1.007147,1.007147,0.0000e+00
dev-corpus-02,2072,5617,0.000000e+00,5617,5617,0.775255,0.775255,0.0000e+00
dev-corpus-02,2073,303,0.000000e+00,364,364,1.848889,1.848889,0.0000e+00
dev-corpus-02,2074,9564,0.000000e+00,9564,9564,0.560303,0.560303,0.0000e+00
dev-corpus-02,2075,506,0.000000e+00,2261,2261,2.221650,2.221650,0.0000e+00
dev-corpus-02,2076,279,0.000000e+00,279,279,0.010450,0.010450,0.0000e+00
dev-corpus-02,2077,6941,0.000000e+00,6941,6941,0.563273,0.563273,0.0000e+00
dev-corpus-02,2078,314,0.000000e+00,314,314,0.006933,0.006933,0.0000e+00
dev-corpus-02,2079,279,0.000000e+00,4196,4196,1.206246,1.206246,0.0000e+00
dev-corpus-02,2080,5339,0.000000e+00,5339,5339,0.355566,0.355566,0.0000e+00
dev-corpus-02,2081,4196,0.000000e+00,4196,4196,0.004350,0.004350,0.0000e+00
dev-corpus-02,2082,4843,0.000000e+00,4843,4843,0.002217,0.002217,0.0000e+00
dev-corpus-02,2083,641,0.000000e+00,13,13,2.006268,2.006268,0.0000e+00
dev-corpus-02,2084,220,0.000000e+00,561,561,3.922053,3.922053,0.0000e+00
dev-corpus-02,2085,17,0.000000e+00,16,16,2.028973,2.028973,0.0000e+00
dev-corpus-02,2086,15,0.000000e+00,15,15,1.256897,1.256897,0.0000e+00
dev-corpus-02,2087,30592,0.000000e+00,15,15,2.623025,2.623025,0.0000e+00
dev-corpus-02,2088,998,0.000000e+00,998,998,0.546001,0.546001,0.0000e+00
dev-corpus-02,2089,19729,0.000000e+00,5617,5617,3.424921,3.424921,0.0000e+00
dev-corpus-02,2090,1116,0.000000e+00,303,303,3.081691,3.081691,0.0000e+00
dev-corpus-02,2091,1379,0.000000e+00,220,220,5.010154,5.010154,0.0000e+00
dev-corpus-02,2092,314,0.000000e+00,314,314,0.477565,0.477565,0.0000e+00
dev-corpus-02,2093,864,0.000000e+00,1070,1070,0.839727,0.839727,0.0000e+00
dev-corpus-02,2094,3804,0.000000e+00,998,998,4.630631,4.630631,0.0000e+00
dev-corpus-02,2095,1083,0.000000e+00,310,310,1.459730,1.459730,0.0000e+00
dev-corpus-02,2096,2393,0.000000e+00,2393,2393,0.147662,0.147662,0.0000e+00
dev-corpus-02,2097,440,0.000000e+00,303,303,1.358788,1.358788,0.0000e+00
dev-corpus-02,2098,279,0.000000e+00,279,279,0.104895,0.104895,0.0000e+00
dev-corpus-02,2099,5753,0.000000e+00,5753,5753,0.675658,0.675658,0.0000e+00
dev-corpus-02,2100,28936,0.000000e+00,28936,28936,0.527404,0.527404,0.0000e+00
dev-corpus-02,2101,18463,0.000000e+00,18463,18463,0.080685,0.080685,0.0000e+00
dev-corpus-02,2102,641,0.000000e+00,641,641,1.251680,1.251680,0.0000e+00
dev-corpus-02,2103,2436,0.000000e+00,220,220,8.022319,8.022319,0.0000e+00
dev-corpus-02,2104,1798,0.000000e+00,1798,1798,0.017559,0.017559,0.0000e+00
dev-corpus-02,2105,314,0.000000e+00,314,314,1.032470,1.032470,0.0000e+00
dev-corpus-02,2106,411,0.000000e+00,411,411,0.361730,0.361730,0.0000e+00
dev-corpus-02,2107,2790,0.000000e+00,523,523,4.365957,4.365957,0.0000e+00
dev-corpus-02,2108,998,0.000000e+00,998,998,0.374213,0.374213,0.0000e+00
dev-corpus-02,2109,1048,0.000000e+00,1048,1048,1.689002,1.689002,0.0000e+00
dev-corpus-02,2110,22428,0.000000e+00,5617,5617,2.995425,2.995425,0.0000e+00
dev-corpus-02,2111,539,0.000000e+00,539,539,0.079412,0.079412,0.0000e+00
dev-corpus-02,2112,279,0.000000e+00,279,279,0.587354,0.587354,0.0000e+00
dev-corpus-02,2113,12555,0.000000e+00,12555,12555,1.023582,1.023582,0.0000e+00
dev-corpus-02,2114,298,0.000000e+00,298,298,0.003978,0.003978,0.0000e+00
dev-corpus-02,2115,554,0.000000e+00,10951,10951,4.486903,4.486903,0.0000e+00
dev-corpus-02,2116,12,0.000000e+00,12,12,0.113374,0.113374,0.0000e+00
dev-corpus-02,2117,31,0.000000e+00,31,31,0.060089,0.060089,0.0000e+00
dev-corpus-02,2118,54871,0.000000e+00,54871,54871,0.048739,0.048739,0.0000e+00
dev-corpus-02,2119,18463,0.000000e+00,18463,18463,0.877259,0.877259,0.0000e+00
dev-corpus-02,2120,318,0.000000e+00,321,321,2.507504,2.507504,0.0000e+00
dev-corpus-02,2121,64702,0.000000e+00,220,220,8.320804,8.320804,0.0000e+00
dev-corpus-02,2122,19395,0.000000e+00,19395,19395,0.153556,0.153556,0.0000e+00
dev-corpus-02,2123,1962,0.000000e+00,1962,1962,0.207768,0.207768,0.0000e+00
dev-corpus-02,2124,181245,0.000000e+00,22661,22661,2.121741,2.121741,0.0000e+00
dev-corpus-02,2125,19395,0.000000e+00,19395,19395,0.004743,0.004743,0.0000e+00
dev-corpus-02,2126,163935,0.000000e+00,22248,22248,1.601918,1.601918,0.0000e+00
dev-corpus-02,2127,3445,0.000000e+00,3445,3445,0.005493,0.005493,0.0000e+00
dev-corpus-02,2128,71688,0.000000e+00,71688,71688,0.002291,0.002291,0.0000e+00
dev-corpus-02,2129,466,0.000000e+00,847,847,4.138611,4.138611,0.0000e+00
dev-corpus-02,2130,710,0.000000e+00,710,710,0.556099,0.556099,0.0000e+00
dev-corpus-02,2131,11299,0.000000e+00,11299,11299,1.097082,1.097082,0.0000e+00
dev-corpus-02,2132,11024,0.000000e+00,11024,11024,0.104509,0.104509,0.0000e+00
dev-corpus-02,2133,13,0.000000e+00,13,13,0.806953,0.806953,0.0000e+00
dev-corpus-02,2134,163935,0.000000e+00,163935,163935,0.559866,0.559866,0.0000e+00
dev-corpus-02,2135,3445,0.000000e+00,3445,3445,0.000840,0.000840,0.0000e+00
dev-corpus-02,2136,71688,0.000000e+00,71688,71688,0.001271,0.001271,0.0000e+00
dev-corpus-02,2137,847,0.000000e+00,847,847,0.213494,0.213494,0.0000e+00
dev-corpus-02,2138,321,0.000000e+00,321,321,0.781626,0.781626,0.0000e+00
dev-corpus-02,2139,279,0.000000e+00,279,279,0.391996,0.391996,0.0000e+00
dev-corpus-02,2140,85573,0.000000e+00,66675,66675,1.923705,1.923705,0.0000e+00
dev-corpus-02,2141,18463,0.000000e+00,18463,18463,0.209339,0.209339,0.0000e+00
dev-corpus-02,2142,641,0.000000e+00,641,641,0.704295,0.704295,0.0000e+00
dev-corpus-02,2143,561,0.000000e+00,198,198,2.058044,2.058044,0.0000e+00
dev-corpus-02,2144,1809,0.000000e+00,3856,3856,9.455289,9.455289,0.0000e+00
dev-corpus-02,2145,369,0.000000e+00,314,314,2.925229,2.925229,0.0000e+00
dev-corpus-02,2146,6807,0.000000e+00,6807,6807,2.278161,2.278161,0.0000e+00
dev-corpus-02,2147,3750,0.000000e+00,13464,13464,3.021819,3.021819,0.0000e+00
dev-corpus-02,2148,430,0.000000e+00,430,430,0.122122,0.122122,0.0000e+00
dev-corpus-02,2149,279,0.000000e+00,279,279,0.189056,0.189056,0.0000e+00
dev-corpus-02,2150,70577,0.000000e+00,70577,70577,1.741564,1.741564,0.0000e+00
dev-corpus-02,2151,554,0.000000e+00,353,353,2.630749,2.630749,0.0000e+00
dev-corpus-02,2152,12,0.000000e+00,12,12,0.074899,0.074899,0.0000e+00
dev-corpus-02,2153,31,0.000000e+00,31,31,0.025940,0.025940,0.0000e+00
dev-corpus-02,2154,220,0.000000e+00,353,353,1.953211,1.953211,0.0000e+00
dev-corpus-02,2155,16,0.000000e+00,16,16,0.629529,0.629529,0.0000e+00
dev-corpus-02,2156,523,0.000000e+00,24,24,1.569775,1.569775,0.0000e+00
dev-corpus-02,2157,1238,0.000000e+00,641,641,7.140215,7.140215,0.0000e+00
dev-corpus-02,2158,13322,0.000000e+00,279,279,13.177488,13.177488,0.0000e+00
dev-corpus-02,2159,70577,0.000000e+00,70577,70577,0.058862,0.058862,0.0000e+00
dev-corpus-02,2160,554,0.000000e+00,554,554,0.287424,0.287424,0.0000e+00
dev-corpus-02,2161,12,0.000000e+00,12,12,0.001745,0.001745,0.0000e+00
dev-corpus-02,2162,31,0.000000e+00,31,31,0.006031,0.006031,0.0000e+00
dev-corpus-02,2163,220,0.000000e+00,220,220,0.014101,0.014101,0.0000e+00
dev-corpus-02,2164,16,0.000000e+00,16,16,0.021039,0.021039,0.0000e+00
dev-corpus-02,2165,1116,0.000000e+00,1116,1116,0.745261,0.745261,0.0000e+00
dev-corpus-02,2166,279,0.000000e+00,279,279,0.206750,0.206750,0.0000e+00
dev-corpus-02,2167,523,0.000000e+00,1118,1118,4.661302,4.661302,0.0000e+00
dev-corpus-02,2168,7410,0.000000e+00,7410,7410,0.491530,0.491530,0.0000e+00
dev-corpus-02,2169,641,0.000000e+00,641,641,0.469619,0.469619,0.0000e+00
dev-corpus-02,2170,733,0.000000e+00,198,198,4.606992,4.606992,0.0000e+00
dev-corpus-02,2171,279,0.000000e+00,220,220,1.984444,1.984444,0.0000e+00
dev-corpus-02,2172,12555,0.000000e+00,5753,5753,3.908138,3.908138,0.0000e+00
dev-corpus-02,2173,298,0.000000e+00,298,298,0.002983,0.002983,0.0000e+00
dev-corpus-02,2174,554,0.000000e+00,554,554,0.054755,0.054755,0.0000e+00
dev-corpus-02,2175,12,0.000000e+00,12,12,0.001802,0.001802,0.0000e+00
dev-corpus-02,2176,31,0.000000e+00,31,31,0.002059,0.002059,0.0000e+00
dev-corpus-02,2177,54871,0.000000e+00,54871,54871,0.012234,0.012234,0.0000e+00
dev-corpus-02,2178,18463,0.000000e+00,18463,18463,0.594986,0.594986,0.0000e+00
dev-corpus-02,2179,1116,0.000000e+00,1116,1116,0.836716,0.836716,0.0000e+00
dev-corpus-02,2180,424,0.000000e+00,279,279,3.382413,3.382413,0.0000e+00
dev-corpus-02,2181,557,0.000000e+00,557,557,0.175229,0.175229,0.0000e+00
dev-corpus-02,2182,2512,0.000000e+00,3750,3750,2.499599,2.499599,0.0000e+00
dev-corpus-02,2183,279,0.000000e+00,279,279,0.196827,0.196827,0.0000e+00
dev-corpus-02,2184,533,0.000000e+00,533,533,0.889882,0.889882,0.0000e+00
dev-corpus-02,2185,554,0.000000e+00,554,554,0.568435,0.568435,0.0000e+00
dev-corpus-02,2186,12,0.000000e+00,12,12,0.005909,0.005909,0.0000e+00
dev-corpus-02,2187,31,0.000000e+00,31,31,0.036910,0.036910,0.0000e+00
dev-corpus-02,2188,220,0.000000e+00,220,220,0.252867,0.252867,0.0000e+00
dev-corpus-02,2189,16,0.000000e+00,16,16,0.546015,0.546015,0.0000e+00
dev-corpus-02,2190,15,0.000000e+00,523,523,3.517017,3.517017,0.0000e+00
dev-corpus-02,2191,523,0.000000e+00,523,523,0.649139,0.649139,0.0000e+00
dev-corpus-02,2192,641,0.000000e+00,641,641,0.531276,0.531276,0.0000e+00
dev-corpus-02,2193,695,0.000000e+00,198,198,1.713884,1.713884,0.0000e+00
dev-corpus-02,2194,31959,0.000000e+00,410,410,6.543587,6.543587,0.0000e+00
dev-corpus-02,2195,310,0.000000e+00,303,303,2.332120,2.332120,0.0000e+00
dev-corpus-02,2196,3258,0.000000e+00,264,264,4.078608,4.078608,0.0000e+00
dev-corpus-02,2197,279,0.000000e+00,279,279,0.657458,0.657458,0.0000e+00
dev-corpus-02,2198,1144,0.000000e+00,32556,32556,1.982076,1.982076,0.0000e+00
dev-corpus-02,2199,364,0.000000e+00,364,364,0.083717,0.083717,0.0000e+00
dev-corpus-02,2200,2526,0.000000e+00,264,264,1.627249,1.627249,0.0000e+00
dev-corpus-02,2201,42649,0.000000e+00,82588,82588,11.383401,11.383401,0.0000e+00
dev-corpus-02,2202,470,0.000000e+00,470,470,0.135810,0.135810,0.0000e+00
dev-corpus-02,2203,82588,0.000000e+00,82588,82588,1.136359,1.136359,0.0000e+00
dev-corpus-02,2204,2858,0.000000e+00,364,364,4.836078,4.836078,0.0000e+00
dev-corpus-02,2205,310,0.000000e+00,310,310,0.002961,0.002961,0.0000e+00
dev-corpus-02,2206,14061,0.000000e+00,14061,14061,0.582153,0.582153,0.0000e+00
dev-corpus-02,2207,303,0.000000e+00,303,303,0.679821,0.679821,0.0000e+00
dev-corpus-02,2208,279,0.000000e+00,33101,33101,1.415892,1.415892,0.0000e+00
dev-corpus-02,2209,14590,0.000000e+00,33101,33101,2.977287,2.977287,0.0000e+00
dev-corpus-02,2210,1116,0.000000e+00,33101,33101,5.432764,5.432764,0.0000e+00
dev-corpus-02,2211,24785,0.000000e+00,24785,24785,0.539401,0.539401,0.0000e+00
dev-corpus-02,2212,49998,0.000000e+00,19895,19895,4.614276,4.614276,0.0000e+00
dev-corpus-02,2213,974,0.000000e+00,314,314,3.384810,3.384810,0.0000e+00
dev-corpus-02,2214,426,0.000000e+00,279,279,7.117549,7.117549,0.0000e+00
dev-corpus-02,2215,82036,0.000000e+00,82036,82036,0.003214,0.003214,0.0000e+00
dev-corpus-02,2216,1116,0.000000e+00,321,321,1.209684,1.209684,0.0000e+00
dev-corpus-02,2217,279,0.000000e+00,279,279,0.761442,0.761442,0.0000e+00
dev-corpus-02,2218,29001,0.000000e+00,70577,70577,6.331818,6.331818,0.0000e+00
dev-corpus-02,2219,998,0.000000e+00,998,998,0.417409,0.417409,0.0000e+00
dev-corpus-02,2220,10287,0.000000e+00,5995,5995,3.999077,3.999077,0.0000e+00
dev-corpus-02,2221,310,0.000000e+00,310,310,0.389988,0.389988,0.0000e+00
dev-corpus-02,2222,381,0.000000e+00,381,381,1.315886,1.315886,0.0000e+00
dev-corpus-02,2223,5964,0.000000e+00,1429,1429,5.693366,5.693366,0.0000e+00
dev-corpus-02,2224,19729,0.000000e+00,19729,19729,1.266071,1.266071,0.0000e+00
dev-corpus-02,2225,1116,0.000000e+00,321,321,2.677692,2.677692,0.0000e+00
dev-corpus-02,2226,1179,0.000000e+00,11533,11533,6.606898,6.606898,0.0000e+00
dev-corpus-02,2227,26380,0.000000e+00,25241,25241,4.124989,4.124989,0.0000e+00
dev-corpus-02,2228,539,0.000000e+00,310,310,2.499123,2.499123,0.0000e+00
dev-corpus-02,2229,13176,0.000000e+00,13176,13176,0.300813,0.300813,0.0000e+00
dev-corpus-02,2230,321,0.000000e+00,310,310,2.879228,2.879228,0.0000e+00
dev-corpus-02,2231,32878,0.000000e+00,32878,32878,0.566072,0.566072,0.0000e+00
dev-corpus-02,2232,506,0.000000e+00,506,506,0.837333,0.837333,0.0000e+00
dev-corpus-02,2233,836,0.000000e+00,836,836,0.878121,0.878121,0.0000e+00
dev-corpus-02,2234,2548,0.000000e+00,8833,8833,4.922698,4.922698,0.0000e+00
dev-corpus-02,2235,314,0.000000e+00,314,314,0.096479,0.096479,0.0000e+00
dev-corpus-02,2236,5488,0.000000e+00,8833,8833,2.565283,2.565283,0.0000e+00
dev-corpus-02,2237,641,0.000000e+00,641,641,0.184878,0.184878,0.0000e+00
dev-corpus-02,2238,561,0.000000e+00,561,561,1.777897,1.777897,0.0000e+00
dev-corpus-02,2239,2790,0.000000e+00,70577,70577,2.759754,2.759754,0.0000e+00
dev-corpus-02,2240,4879,0.000000e+00,557,557,8.486158,8.486158,0.0000e+00
dev-corpus-02,2241,5820,0.000000e+00,557,557,3.110644,3.110644,0.0000e+00
dev-corpus-02,2242,303,0.000000e+00,303,303,0.260254,0.260254,0.0000e+00
dev-corpus-02,2243,4937,0.000000e+00,220,220,3.916644,3.916644,0.0000e+00
dev-corpus-02,2244,554,0.000000e+00,554,554,0.454805,0.454805,0.0000e+00
dev-corpus-02,2245,12,0.000000e+00,12,12,0.000195,0.000195,0.0000e+00
dev-corpus-02,2246,31,0.000000e+00,31,31,0.003453,0.003453,0.0000e+00
dev-corpus-02,2247,5963,0.000000e+00,220,220,3.990559,3.990559,0.0000e+00
dev-corpus-02,2248,220,0.000000e+00,220,220,0.085737,0.085737,0.0000e+00
dev-corpus-02,2249,16,0.000000e+00,16,16,0.003185,0.003185,0.0000e+00
dev-corpus-02,2250,24,0.000000e+00,24,24,0.003867,0.003867,0.0000e+00
dev-corpus-02,2251,16,0.000000e+00,16,16,0.001162,0.001162,0.0000e+00
dev-corpus-02,2252,19,0.000000e+00,19,19,0.186097,0.186097,0.0000e+00
dev-corpus-02,2253,321,0.000000e+00,1116,1116,1.614340,1.614340,0.0000e+00
dev-corpus-02,2254,539,0.000000e+00,279,279,3.745287,3.745287,0.0000e+00
dev-corpus-02,2255,4937,0.000000e+00,279,279,2.710574,2.710574,0.0000e+00
dev-corpus-02,2256,554,0.000000e+00,554,554,0.256816,0.256816,0.0000e+00
dev-corpus-02,2257,12,0.000000e+00,12,12,0.000098,0.000098,0.0000e+00
dev-corpus-02,2258,31,0.000000e+00,31,31,0.003452,0.003452,0.0000e+00
dev-corpus-02,2259,6324,0.000000e+00,5930,5930,1.219786,1.219786,0.0000e+00
dev-corpus-02,2260,279,0.000000e+00,220,220,2.084738,2.084738,0.0000e+00
dev-corpus-02,2261,1118,0.000000e+00,1118,1118,0.640090,0.640090,0.0000e+00
dev-corpus-02,2262,220,0.000000e+00,30592,30592,4.088621,4.088621,0.0000e+00
dev-corpus-02,2263,16,0.000000e+00,16,16,0.864934,0.864934,0.0000e+00
dev-corpus-02,2264,20,0.000000e+00,15,15,2.297397,2.297397,0.0000e+00
dev-corpus-02,2265,30592,0.000000e+00,30592,30592,0.759562,0.759562,0.0000e+00
dev-corpus-02,2266,998,0.000000e+00,998,998,0.509922,0.509922,0.0000e+00
dev-corpus-02,2267,11128,0.000000e+00,11128,11128,1.471613,1.471613,0.0000e+00
dev-corpus-02,2268,494,0.000000e+00,641,641,2.041924,2.041924,0.0000e+00
dev-corpus-02,2269,1330,0.000000e+00,279,279,3.917926,3.917926,0.0000e+00
dev-corpus-02,2270,5753,0.000000e+00,8026,8026,1.460596,1.460596,0.0000e+00
dev-corpus-02,2271,8026,0.000000e+00,8026,8026,0.448390,0.448390,0.0000e+00
dev-corpus-02,2272,54534,0.000000e+00,54534,54534,0.078199,0.078199,0.0000e+00
dev-corpus-02,2273,641,0.000000e+00,641,641,0.940142,0.940142,0.0000e+00
dev-corpus-02,2274,561,0.000000e+00,561,561,1.471743,1.471743,0.0000e+00
dev-corpus-02,2275,5753,0.000000e+00,1118,1118,3.695807,3.695807,0.0000e+00
dev-corpus-02,2276,28936,0.000000e+00,28936,28936,1.750113,1.750113,0.0000e+00
dev-corpus-02,2277,18463,0.000000e+00,18463,18463,0.051132,0.051132,0.0000e+00
dev-corpus-02,2278,26533,0.000000e+00,11128,11128,6.113431,6.113431,0.0000e+00
dev-corpus-02,2279,11128,0.000000e+00,11128,11128,0.843946,0.843946,0.0000e+00
dev-corpus-02,2280,449,0.000000e+00,220,220,2.134367,2.134367,0.0000e+00
dev-corpus-02,2281,4945,0.000000e+00,4945,4945,0.014329,0.014329,0.0000e+00
dev-corpus-02,2282,6505,0.000000e+00,220,220,10.436742,10.436742,0.0000e+00
dev-corpus-02,2283,314,0.000000e+00,314,314,0.665478,0.665478,0.0000e+00
dev-corpus-02,2284,30592,0.000000e+00,30592,30592,0.643594,0.643594,0.0000e+00
dev-corpus-02,2285,310,0.000000e+00,494,494,2.696764,2.696764,0.0000e+00
dev-corpus-02,2286,8032,0.000000e+00,381,381,2.647428,2.647428,0.0000e+00
dev-corpus-02,2287,1330,0.000000e+00,1330,1330,1.295542,1.295542,0.0000e+00
dev-corpus-02,2288,5898,0.000000e+00,5384,5384,8.216874,8.216874,0.0000e+00
dev-corpus-02,2289,310,0.000000e+00,310,310,0.154962,0.154962,0.0000e+00
dev-corpus-02,2290,33741,0.000000e+00,279,279,1.375353,1.375353,0.0000e+00
dev-corpus-02,2291,554,0.000000e+00,554,554,0.501620,0.501620,0.0000e+00
dev-corpus-02,2292,12,0.000000e+00,12,12,0.000969,0.000969,0.0000e+00
dev-corpus-02,2293,31,0.000000e+00,31,31,0.055862,0.055862,0.0000e+00
dev-corpus-02,2294,41361,0.000000e+00,41361,41361,0.055501,0.055501,0.0000e+00
dev-corpus-02,2295,1116,0.000000e+00,641,641,2.247742,2.247742,0.0000e+00
dev-corpus-02,2296,852,0.000000e+00,321,321,5.911527,5.911527,0.0000e+00
dev-corpus-02,2297,11128,0.000000e+00,995,995,2.182530,2.182530,0.0000e+00
dev-corpus-02,2298,264,0.000000e+00,220,220,2.050278,2.050278,0.0000e+00
dev-corpus-02,2299,4473,0.000000e+00,4473,4473,1.094873,1.094873,0.0000e+00
dev-corpus-02,2300,2250,0.000000e+00,220,220,2.751699,2.751699,0.0000e+00
dev-corpus-02,2301,30592,0.000000e+00,641,641,1.315466,1.315466,0.0000e+00
dev-corpus-02,2302,303,0.000000e+00,641,641,2.758073,2.758073,0.0000e+00
dev-corpus-02,2303,5632,0.000000e+00,6443,6443,4.384312,4.384312,0.0000e+00
dev-corpus-02,2304,220,0.000000e+00,220,220,0.144098,0.144098,0.0000e+00
dev-corpus-02,2305,16,0.000000e+00,16,16,0.002808,0.002808,0.0000e+00
dev-corpus-02,2306,24,0.000000e+00,24,24,0.000239,0.000239,0.0000e+00
dev-corpus-02,2307,16,0.000000e+00,16,16,0.000409,0.000409,0.0000e+00
dev-corpus-02,2308,20,0.000000e+00,20,20,0.024468,0.024468,0.0000e+00
dev-corpus-02,2309,641,0.000000e+00,641,641,0.206926,0.206926,0.0000e+00
dev-corpus-02,2310,357,0.000000e+00,695,695,2.823481,2.823481,0.0000e+00
dev-corpus-02,2311,2702,0.000000e+00,2702,2702,1.291411,1.291411,0.0000e+00
dev-corpus-02,2312,314,0.000000e+00,314,314,0.005748,0.005748,0.0000e+00
dev-corpus-02,2313,220,0.000000e+00,220,220,0.067522,0.067522,0.0000e+00
dev-corpus-02,2314,17,0.000000e+00,17,17,0.320433,0.320433,0.0000e+00
dev-corpus-02,2315,15,0.000000e+00,15,15,0.479373,0.479373,0.0000e+00
dev-corpus-02,2316,70577,0.000000e+00,30592,30592,1.812917,1.812917,0.0000e+00
dev-corpus-02,2317,2091,0.000000e+00,353,353,3.421139,3.421139,0.0000e+00
dev-corpus-02,2318,998,0.000000e+00,998,998,0.094970,0.094970,0.0000e+00
dev-corpus-02,2319,5617,0.000000e+00,5617,5617,0.675613,0.675613,0.0000e+00
dev-corpus-02,2320,641,0.000000e+00,641,641,1.328195,1.328195,0.0000e+00
dev-corpus-02,2321,23275,0.000000e+00,695,695,5.048009,5.048009,0.0000e+00
dev-corpus-02,2322,314,0.000000e+00,557,557,1.541092,1.541092,0.0000e+00
dev-corpus-02,2323,279,0.000000e+00,279,279,0.448615,0.448615,0.0000e+00
dev-corpus-02,2324,1118,0.000000e+00,1118,1118,1.604778,1.604778,0.0000e+00
dev-corpus-02,2325,30592,0.000000e+00,14882,14882,2.288673,2.288673,0.0000e+00
dev-corpus-02,2326,364,0.000000e+00,5820,5820,7.978427,7.978427,0.0000e+00
dev-corpus-02,2327,9564,0.000000e+00,279,279,2.896499,2.896499,0.0000e+00
dev-corpus-02,2328,5820,0.000000e+00,5820,5820,1.226946,1.226946,0.0000e+00
dev-corpus-02,2329,303,0.000000e+00,303,303,0.320827,0.320827,0.0000e+00
dev-corpus-02,2330,3988,0.000000e+00,6324,6324,3.012654,3.012654,0.0000e+00
dev-corpus-02,2331,6492,0.000000e+00,6324,6324,1.398676,1.398676,0.0000e+00
dev-corpus-02,2332,220,0.000000e+00,220,220,0.177693,0.177693,0.0000e+00
dev-corpus-02,2333,16,0.000000e+00,16,16,0.002798,0.002798,0.0000e+00
dev-corpus-02,2334,24,0.000000e+00,24,24,0.000116,0.000116,0.0000e+00
dev-corpus-02,2335,16,0.000000e+00,16,16,0.000275,0.000275,0.0000e+00
dev-corpus-02,2336,19,0.000000e+00,19,19,0.005283,0.005283,0.0000e+00
dev-corpus-02,2337,2502,0.000000e+00,321,321,3.590218,3.590218,0.0000e+00
dev-corpus-02,2338,660,0.000000e+00,279,279,3.917347,3.917347,0.0000e+00
dev-corpus-02,2339,220,0.000000e+00,220,220,1.266196,1.266196,0.0000e+00
dev-corpus-02,2340,17,0.000000e+00,17,17,0.201762,0.201762,0.0000e+00
dev-corpus-02,2341,15,0.000000e+00,15,15,0.012054,0.012054,0.0000e+00
dev-corpus-02,2342,998,0.000000e+00,30592,30592,1.208717,1.208717,0.0000e+00
dev-corpus-02,2343,7888,0.000000e+00,7888,7888,0.553179,0.553179,0.0000e+00
dev-corpus-02,2344,539,0.000000e+00,539,539,0.596588,0.596588,0.0000e+00
dev-corpus-02,2345,6324,0.000000e+00,279,279,3.226307,3.226307,0.0000e+00
dev-corpus-02,2346,220,0.000000e+00,220,220,0.011171,0.011171,0.0000e+00
dev-corpus-02,2347,16,0.000000e+00,16,16,0.004636,0.004636,0.0000e+00
dev-corpus-02,2348,24,0.000000e+00,24,24,0.001506,0.001506,0.0000e+00
dev-corpus-02,2349,16,0.000000e+00,16,16,0.004772,0.004772,0.0000e+00
dev-corpus-02,2350,20,0.000000e+00,20,20,0.165251,0.165251,0.0000e+00
dev-corpus-02,2351,641,0.000000e+00,641,641,0.122168,0.122168,0.0000e+00
dev-corpus-02,2352,24876,0.000000e+00,695,695,6.399380,6.399380,0.0000e+00
dev-corpus-02,2353,314,0.000000e+00,30592,30592,1.459211,1.459211,0.0000e+00
dev-corpus-02,2354,279,0.000000e+00,279,279,0.244013,0.244013,0.0000e+00
dev-corpus-02,2355,1118,0.000000e+00,30592,30592,3.088852,3.088852,0.0000e+00
dev-corpus-02,2356,30592,0.000000e+00,30592,30592,0.549789,0.549789,0.0000e+00
dev-corpus-02,2357,52181,0.000000e+00,998,998,6.328270,6.328270,0.0000e+00
dev-corpus-02,2358,18506,0.000000e+00,18506,18506,1.786469,1.786469,0.0000e+00
dev-corpus-02,2359,303,0.000000e+00,303,303,1.015041,1.015041,0.0000e+00
dev-corpus-02,2360,5753,0.000000e+00,279,279,3.190287,3.190287,0.0000e+00
dev-corpus-02,2361,2046,0.000000e+00,19895,19895,4.790375,4.790375,0.0000e+00
dev-corpus-02,2362,19895,0.000000e+00,19895,19895,0.015137,0.015137,0.0000e+00
dev-corpus-02,2363,1116,0.000000e+00,1518,1518,2.222115,2.222115,0.0000e+00
dev-corpus-02,2364,694,0.000000e+00,694,694,1.019749,1.019749,0.0000e+00
dev-corpus-02,2365,279,0.000000e+00,1379,1379,1.369745,1.369745,0.0000e+00
dev-corpus-02,2366,2645,0.000000e+00,8421,8421,3.115093,3.115093,0.0000e+00
dev-corpus-02,2367,998,0.000000e+00,998,998,0.293642,0.293642,0.0000e+00
dev-corpus-02,2368,32878,0.000000e+00,26380,26380,3.389022,3.389022,0.0000e+00
dev-corpus-02,2369,321,0.000000e+00,303,303,2.222923,2.222923,0.0000e+00
dev-corpus-02,2370,12152,0.000000e+00,2113,2113,2.799976,2.799976,0.0000e+00
dev-corpus-02,2371,506,0.000000e+00,303,303,1.436479,1.436479,0.0000e+00
dev-corpus-02,2372,2892,0.000000e+00,836,836,8.005926,8.005926,0.0000e+00
dev-corpus-02,2373,6543,0.000000e+00,63227,63227,2.716163,2.716163,0.0000e+00
dev-corpus-02,2374,91064,0.000000e+00,91064,91064,0.005369,0.005369,0.0000e+00
dev-corpus-02,2375,466,0.000000e+00,466,466,0.448875,0.448875,0.0000e+00
dev-corpus-02,2376,224612,0.000000e+00,224612,224612,1.638219,1.638219,0.0000e+00
dev-corpus-02,2377,641,0.000000e+00,641,641,0.661582,0.661582,0.0000e+00
dev-corpus-02,2378,561,0.000000e+00,695,695,2.062952,2.062952,0.0000e+00
dev-corpus-02,2379,5753,0.000000e+00,70577,70577,2.547003,2.547003,0.0000e+00
dev-corpus-02,2380,30592,0.000000e+00,30592,30592,0.826633,0.826633,0.0000e+00
dev-corpus-02,2381,22428,0.000000e+00,998,998,3.999734,3.999734,0.0000e+00
dev-corpus-02,2382,15048,0.000000e+00,303,303,2.695223,2.695223,0.0000e+00
dev-corpus-02,2383,303,0.000000e+00,303,303,0.443321,0.443321,0.0000e+00
dev-corpus-02,2384,279,0.000000e+00,279,279,0.096321,0.096321,0.0000e+00
dev-corpus-02,2385,426,0.000000e+00,4634,4634,5.122306,5.122306,0.0000e+00
dev-corpus-02,2386,82036,0.000000e+00,82036,82036,0.008909,0.008909,0.0000e+00
dev-corpus-02,2387,1116,0.000000e+00,2982,2982,3.081268,3.081268,0.0000e+00
dev-corpus-02,2388,69543,0.000000e+00,4634,4634,3.804506,3.804506,0.0000e+00
dev-corpus-02,2389,1116,0.000000e+00,321,321,1.248042,1.248042,0.0000e+00
dev-corpus-02,2390,321,0.000000e+00,321,321,0.338060,0.338060,0.0000e+00
dev-corpus-02,2391,88047,0.000000e+00,4634,4634,10.590919,10.590919,0.0000e+00
dev-corpus-02,2392,1125,0.000000e+00,1125,1125,0.018735,0.018735,0.0000e+00
dev-corpus-02,2393,2893,0.000000e+00,42316,42316,9.696192,9.696192,0.0000e+00
dev-corpus-02,2394,349,0.000000e+00,349,349,0.184047,0.184047,0.0000e+00
dev-corpus-02,2395,32141,0.000000e+00,32141,32141,0.083295,0.083295,0.0000e+00
dev-corpus-02,2396,641,0.000000e+00,641,641,0.643466,0.643466,0.0000e+00
dev-corpus-02,2397,561,0.000000e+00,561,561,0.872872,0.872872,0.0000e+00
dev-corpus-02,2398,30592,0.000000e+00,12555,12555,3.465033,3.465033,0.0000e+00
dev-corpus-02,2399,998,0.000000e+00,998,998,1.150197,1.150197,0.0000e+00
dev-corpus-02,2400,883,0.000000e+00,1048,1048,7.332256,7.332256,0.0000e+00
dev-corpus-02,2401,220,0.000000e+00,220,220,0.135594,0.135594,0.0000e+00
dev-corpus-02,2402,17,0.000000e+00,18,18,1.727384,1.727384,0.0000e+00
dev-corpus-02,2403,23,0.000000e+00,20,20,2.076662,2.076662,0.0000e+00
dev-corpus-02,2404,35058,0.000000e+00,19434,19434,3.211078,3.211078,0.0000e+00
dev-corpus-02,2405,318,0.000000e+00,318,318,0.481488,0.481488,0.0000e+00
dev-corpus-02,2406,220,0.000000e+00,220,220,0.165355,0.165355,0.0000e+00
dev-corpus-02,2407,24,0.000000e+00,24,24,0.024672,0.024672,0.0000e+00
dev-corpus-02,2408,17,0.000000e+00,17,17,0.130044,0.130044,0.0000e+00
dev-corpus-02,2409,10169,0.000000e+00,10169,10169,0.149060,0.149060,0.0000e+00
dev-corpus-02,2410,847,0.000000e+00,847,847,0.072009,0.072009,0.0000e+00
dev-corpus-02,2411,1248,0.000000e+00,1248,1248,0.279279,0.279279,0.0000e+00
dev-corpus-02,2412,321,0.000000e+00,321,321,0.661235,0.661235,0.0000e+00
dev-corpus-02,2413,46539,0.000000e+00,46539,46539,1.441013,1.441013,0.0000e+00
dev-corpus-02,2414,220,0.000000e+00,220,220,0.415848,0.415848,0.0000e+00
dev-corpus-02,2415,16,0.000000e+00,16,16,0.333909,0.333909,0.0000e+00
dev-corpus-02,2416,17,0.000000e+00,17,17,1.655118,1.655118,0.0000e+00
dev-corpus-02,2417,22,0.000000e+00,20,20,2.366239,2.366239,0.0000e+00
dev-corpus-02,2418,49209,0.000000e+00,19008,19008,0.898063,0.898063,0.0000e+00
dev-corpus-02,2419,318,0.000000e+00,318,318,0.406810,0.406810,0.0000e+00
dev-corpus-02,2420,220,0.000000e+00,220,220,0.035385,0.035385,0.0000e+00
dev-corpus-02,2421,16,0.000000e+00,16,16,0.032949,0.032949,0.0000e+00
dev-corpus-02,2422,17,0.000000e+00,18,18,0.971962,0.971962,0.0000e+00
dev-corpus-02,2423,20,0.000000e+00,24,24,1.405268,1.405268,0.0000e+00
dev-corpus-02,2424,1248,0.000000e+00,1248,1248,0.627724,0.627724,0.0000e+00
dev-corpus-02,2425,19008,0.000000e+00,19008,19008,0.023815,0.023815,0.0000e+00
dev-corpus-02,2426,847,0.000000e+00,847,847,0.525363,0.525363,0.0000e+00
dev-corpus-02,2427,948,0.000000e+00,383,383,2.843831,2.843831,0.0000e+00
dev-corpus-02,2428,55619,0.000000e+00,55619,55619,0.203673,0.203673,0.0000e+00
dev-corpus-02,2429,321,0.000000e+00,321,321,0.314139,0.314139,0.0000e+00
dev-corpus-02,2430,220,0.000000e+00,220,220,0.030782,0.030782,0.0000e+00
dev-corpus-02,2431,16,0.000000e+00,16,16,0.073448,0.073448,0.0000e+00
dev-corpus-02,2432,19,0.000000e+00,20,20,1.559670,1.559670,0.0000e+00
dev-corpus-02,2433,17,0.000000e+00,22,22,2.517657,2.517657,0.0000e+00
dev-corpus-02,2434,49209,0.000000e+00,49209,49209,0.041585,0.041585,0.0000e+00
dev-corpus-02,2435,318,0.000000e+00,318,318,0.023136,0.023136,0.0000e+00
dev-corpus-02,2436,220,0.000000e+00,220,220,0.004056,0.004056,0.0000e+00
dev-corpus-02,2437,16,0.000000e+00,16,16,0.000915,0.000915,0.0000e+00
dev-corpus-02,2438,19,0.000000e+00,19,19,0.254830,0.254830,0.0000e+00
dev-corpus-02,2439,15,0.000000e+00,15,15,0.016601,0.016601,0.0000e+00
dev-corpus-02,2440,1248,0.000000e+00,1248,1248,0.015252,0.015252,0.0000e+00
dev-corpus-02,2441,19008,0.000000e+00,19008,19008,0.000532,0.000532,0.0000e+00
dev-corpus-02,2442,847,0.000000e+00,847,847,0.006748,0.006748,0.0000e+00
dev-corpus-02,2443,1345,0.000000e+00,948,948,4.546066,4.546066,0.0000e+00
dev-corpus-02,2444,81179,0.000000e+00,81179,81179,0.011843,0.011843,0.0000e+00
dev-corpus-02,2445,641,0.000000e+00,641,641,0.040464,0.040464,0.0000e+00
dev-corpus-02,2446,1942,0.000000e+00,2302,2302,5.996730,5.996730,0.0000e+00
dev-corpus-02,2447,995,0.000000e+00,30592,30592,2.641130,2.641130,0.0000e+00
dev-corpus-02,2448,1330,0.000000e+00,264,264,2.866360,2.866360,0.0000e+00
dev-corpus-02,2449,14829,0.000000e+00,31694,31694,4.358321,4.358321,0.0000e+00
dev-corpus-02,2450,88716,0.000000e+00,88716,88716,0.328437,0.328437,0.0000e+00
dev-corpus-02,2451,31890,0.000000e+00,31890,31890,0.014506,0.014506,0.0000e+00
dev-corpus-02,2452,321,0.000000e+00,321,321,0.870689,0.870689,0.0000e+00
dev-corpus-02,2453,1330,0.000000e+00,11354,11354,2.570521,2.570521,0.0000e+00
dev-corpus-02,2454,5505,0.000000e+00,9249,9249,3.896094,3.896094,0.0000e+00
dev-corpus-02,2455,6659,0.000000e+00,6659,6659,0.003946,0.003946,0.0000e+00
dev-corpus-02,2456,6852,0.000000e+00,6852,6852,0.009341,0.009341,0.0000e+00
dev-corpus-02,2457,1116,0.000000e+00,11354,11354,2.257038,2.257038,0.0000e+00
dev-corpus-02,2458,321,0.000000e+00,321,321,1.465299,1.465299,0.0000e+00
dev-corpus-02,2459,998,0.000000e+00,1362,1362,2.252654,2.252654,0.0000e+00
dev-corpus-02,2460,18088,0.000000e+00,21639,21639,2.782658,2.782658,0.0000e+00
dev-corpus-02,2461,440,0.000000e+00,440,440,0.071529,0.071529,0.0000e+00
dev-corpus-02,2462,264,0.000000e+00,264,264,1.096870,1.096870,0.0000e+00
dev-corpus-02,2463,9249,0.000000e+00,220,220,2.245408,2.245408,0.0000e+00
dev-corpus-02,2464,554,0.000000e+00,5849,5849,5.870373,5.870373,0.0000e+00
dev-corpus-02,2465,12,0.000000e+00,12,12,0.000761,0.000761,0.0000e+00
dev-corpus-02,2466,31,0.000000e+00,31,31,0.021680,0.021680,0.0000e+00
dev-corpus-02,2467,21138,0.000000e+00,5849,5849,2.015345,2.015345,0.0000e+00
dev-corpus-02,2468,5484,0.000000e+00,220,220,3.022108,3.022108,0.0000e+00
dev-corpus-02,2469,5849,0.000000e+00,5849,5849,0.017865,0.017865,0.0000e+00
dev-corpus-02,2470,641,0.000000e+00,641,641,0.342418,0.342418,0.0000e+00
dev-corpus-02,2471,695,0.000000e+00,561,561,1.998853,1.998853,0.0000e+00
dev-corpus-02,2472,733,0.000000e+00,561,561,3.921851,3.921851,0.0000e+00
dev-corpus-02,2473,220,0.000000e+00,220,220,1.529800,1.529800,0.0000e+00
dev-corpus-02,2474,16,0.000000e+00,16,16,0.022947,0.022947,0.0000e+00
dev-corpus-02,2475,24,0.000000e+00,24,24,0.005755,0.005755,0.0000e+00
dev-corpus-02,2476,16,0.000000e+00,16,16,0.071187,0.071187,0.0000e+00
dev-corpus-02,2477,23,0.000000e+00,20,20,2.381894,2.381894,0.0000e+00
dev-corpus-02,2478,2943,0.000000e+00,1116,1116,6.706443,6.706443,0.0000e+00
dev-corpus-02,2479,314,0.000000e+00,314,314,1.305061,1.305061,0.0000e+00
dev-corpus-02,2480,279,0.000000e+00,279,279,0.165935,0.165935,0.0000e+00
dev-corpus-02,2481,38334,0.000000e+00,5753,5753,3.419823,3.419823,0.0000e+00
dev-corpus-02,2482,5753,0.000000e+00,5753,5753,0.684461,0.684461,0.0000e+00
dev-corpus-02,2483,30592,0.000000e+00,30592,30592,0.676468,0.676468,0.0000e+00
dev-corpus-02,2484,998,0.000000e+00,998,998,0.256579,0.256579,0.0000e+00
dev-corpus-02,2485,15625,0.000000e+00,21711,21711,2.124829,2.124829,0.0000e+00
dev-corpus-02,2486,1083,0.000000e+00,310,310,1.135175,1.135175,0.0000e+00
dev-corpus-02,2487,33101,0.000000e+00,1262,1262,4.206934,4.206934,0.0000e+00
dev-corpus-02,2488,1262,0.000000e+00,32543,32543,1.545286,1.545286,0.0000e+00
dev-corpus-02,2489,300,0.000000e+00,300,300,0.159312,0.159312,0.0000e+00
dev-corpus-02,2490,4912,0.000000e+00,4912,4912,0.012914,0.012914,0.0000e+00
dev-corpus-02,2491,641,0.000000e+00,641,641,0.874827,0.874827,0.0000e+00
dev-corpus-02,2492,4781,0.000000e+00,561,561,4.544725,4.544725,0.0000e+00
dev-corpus-02,2493,279,0.000000e+00,279,279,0.273393,0.273393,0.0000e+00
dev-corpus-02,2494,78592,0.000000e+00,220,220,9.783721,9.783721,0.0000e+00
dev-corpus-02,2495,30592,0.000000e+00,30592,30592,1.532062,1.532062,0.0000e+00
dev-corpus-02,2496,303,0.000000e+00,421,421,3.407696,3.407696,0.0000e+00
dev-corpus-02,2497,5753,0.000000e+00,5753,5753,1.175647,1.175647,0.0000e+00
dev-corpus-02,2498,2393,0.000000e+00,2393,2393,0.099096,0.099096,0.0000e+00
dev-corpus-02,2499,1116,0.000000e+00,1116,1116,0.353369,0.353369,0.0000e+00
dev-corpus-02,2500,1330,0.000000e+00,220,220,3.409987,3.409987,0.0000e+00
dev-corpus-02,2501,998,0.000000e+00,998,998,0.187945,0.187945,0.0000e+00
dev-corpus-02,2502,5898,0.000000e+00,5384,5384,4.071139,4.071139,0.0000e+00
dev-corpus-02,2503,310,0.000000e+00,310,310,0.126163,0.126163,0.0000e+00
dev-corpus-02,2504,33741,0.000000e+00,33741,33741,0.950095,0.950095,0.0000e+00
dev-corpus-02,2505,554,0.000000e+00,554,554,0.079412,0.079412,0.0000e+00
dev-corpus-02,2506,12,0.000000e+00,12,12,0.000509,0.000509,0.0000e+00
dev-corpus-02,2507,31,0.000000e+00,31,31,0.005093,0.005093,0.0000e+00
dev-corpus-02,2508,41361,0.000000e+00,41361,41361,0.012801,0.012801,0.0000e+00
dev-corpus-02,2509,1116,0.000000e+00,321,321,1.844457,1.844457,0.0000e+00
dev-corpus-02,2510,799,0.000000e+00,321,321,2.138602,2.138602,0.0000e+00
dev-corpus-02,2511,557,0.000000e+00,557,557,0.537913,0.537913,0.0000e+00
dev-corpus-02,2512,5898,0.000000e+00,5898,5898,1.384860,1.384860,0.0000e+00
dev-corpus-02,2513,310,0.000000e+00,310,310,0.013067,0.013067,0.0000e+00
dev-corpus-02,2514,56733,0.000000e+00,56733,56733,0.129156,0.129156,0.0000e+00
dev-corpus-02,2515,1116,0.000000e+00,1116,1116,0.448415,0.448415,0.0000e+00
dev-corpus-02,2516,321,0.000000e+00,321,321,0.273110,0.273110,0.0000e+00
dev-corpus-02,2517,11292,0.000000e+00,799,799,4.436260,4.436260,0.0000e+00
dev-corpus-02,2518,998,0.000000e+00,998,998,0.088603,0.088603,0.0000e+00
dev-corpus-02,2519,5384,0.000000e+00,5384,5384,0.698073,0.698073,0.0000e+00
dev-corpus-02,2520,2261,0.000000e+00,303,303,1.845848,1.845848,0.0000e+00
dev-corpus-02,2521,279,0.000000e+00,279,279,0.732411,0.732411,0.0000e+00
dev-corpus-02,2522,3980,0.000000e+00,3980,3980,0.138593,0.138593,0.0000e+00
dev-corpus-02,2523,641,0.000000e+00,641,641,0.434280,0.434280,0.0000e+00
dev-corpus-02,2524,3648,0.000000e+00,561,561,2.972973,2.972973,0.0000e+00
dev-corpus-02,2525,314,0.000000e+00,557,557,1.592564,1.592564,0.0000e+00
dev-corpus-02,2526,279,0.000000e+00,279,279,0.185715,0.185715,0.0000e+00
dev-corpus-02,2527,4097,0.000000e+00,70577,70577,4.602513,4.602513,0.0000e+00
dev-corpus-02,2528,12555,0.000000e+00,12555,12555,1.427665,1.427665,0.0000e+00
dev-corpus-02,2529,298,0.000000e+00,298,298,0.004467,0.004467,0.0000e+00
dev-corpus-02,2530,554,0.000000e+00,554,554,0.003379,0.003379,0.0000e+00
dev-corpus-02,2531,12,0.000000e+00,12,12,0.000183,0.000183,0.0000e+00
dev-corpus-02,2532,31,0.000000e+00,31,31,0.018786,0.018786,0.0000e+00
dev-corpus-02,2533,54871,0.000000e+00,54871,54871,0.020741,0.020741,0.0000e+00
dev-corpus-02,2534,30592,0.000000e+00,30592,30592,0.329658,0.329658,0.0000e+00
dev-corpus-02,2535,557,0.000000e+00,557,557,0.384833,0.384833,0.0000e+00
dev-corpus-02,2536,64897,0.000000e+00,5384,5384,2.938659,2.938659,0.0000e+00
dev-corpus-02,2537,321,0.000000e+00,539,539,1.989379,1.989379,0.0000e+00
dev-corpus-02,2538,2361,0.000000e+00,799,799,2.932041,2.932041,0.0000e+00
dev-corpus-02,2539,65386,0.000000e+00,557,557,7.007661,7.007661,0.0000e+00
dev-corpus-02,2540,321,0.000000e+00,641,641,3.090050,3.090050,0.0000e+00
dev-corpus-02,2541,524,0.000000e+00,1100,1100,6.136520,6.136520,0.0000e+00
dev-corpus-02,2542,49992,0.000000e+00,24530,24530,2.381150,2.381150,0.0000e+00
dev-corpus-02,2543,641,0.000000e+00,641,641,0.323982,0.323982,0.0000e+00
dev-corpus-02,2544,561,0.000000e+00,561,561,1.341731,1.341731,0.0000e+00
dev-corpus-02,2545,4097,0.000000e+00,9376,9376,3.110723,3.110723,0.0000e+00
dev-corpus-02,2546,38334,0.000000e+00,85573,85573,1.631188,1.631188,0.0000e+00
dev-corpus-02,2547,5753,0.000000e+00,5753,5753,1.376660,1.376660,0.0000e+00
dev-corpus-02,2548,30592,0.000000e+00,30592,30592,0.499044,0.499044,0.0000e+00
dev-corpus-02,2549,1116,0.000000e+00,998,998,3.388453,3.388453,0.0000e+00
dev-corpus-02,2550,279,0.000000e+00,1330,1330,2.471905,2.471905,0.0000e+00
dev-corpus-02,2551,2943,0.000000e+00,1330,1330,2.232941,2.232941,0.0000e+00
dev-corpus-02,2552,38334,0.000000e+00,15625,15625,3.957008,3.957008,0.0000e+00
dev-corpus-02,2553,12555,0.000000e+00,12555,12555,0.290546,0.290546,0.0000e+00
dev-corpus-02,2554,298,0.000000e+00,298,298,0.003111,0.003111,0.0000e+00
dev-corpus-02,2555,554,0.000000e+00,554,554,0.001645,0.001645,0.0000e+00
dev-corpus-02,2556,12,0.000000e+00,12,12,0.003501,0.003501,0.0000e+00
dev-corpus-02,2557,31,0.000000e+00,31,31,0.024055,0.024055,0.0000e+00
dev-corpus-02,2558,54871,0.000000e+00,54871,54871,0.035433,0.035433,0.0000e+00
dev-corpus-02,2559,30592,0.000000e+00,30592,30592,0.047476,0.047476,0.0000e+00
dev-corpus-03,2560,8645,0.000000e+00,606,606,7.865337,7.865337,0.0000e+00
dev-corpus-03,2561,25,0.000000e+00,58,58,3.380611,3.380611,0.0000e+00
dev-corpus-03,2562,198,0.000000e+00,198,198,0.058787,0.058787,0.0000e+00
dev-corpus-03,2563,309,0.000000e+00,262,262,1.427782,1.427782,0.0000e+00
dev-corpus-03,2564,12366,0.000000e+00,413,413,9.974980,9.974980,0.0000e+00
dev-corpus-03,2565,283,0.000000e+00,283,283,0.483298,0.483298,0.0000e+00
dev-corpus-03,2566,696,0.000000e+00,313,313,4.386735,4.386735,0.0000e+00
dev-corpus-03,2567,18267,0.000000e+00,447,447,11.472645,11.472645,0.0000e+00
dev-corpus-03,2568,2155,0.000000e+00,2155,2155,0.979018,0.979018,0.0000e+00
dev-corpus-03,2569,5781,0.000000e+00,3935,3935,1.700615,1.700615,0.0000e+00
dev-corpus-03,2570,8645,0.000000e+00,8645,8645,0.037229,0.037229,0.0000e+00
dev-corpus-03,2571,11,0.000000e+00,11,11,0.327172,0.327172,0.0000e+00
dev-corpus-03,2572,12366,0.000000e+00,638,638,2.817049,2.817049,0.0000e+00
dev-corpus-03,2573,8,0.000000e+00,8,8,0.057040,0.057040,0.0000e+00
dev-corpus-03,2574,198,0.000000e+00,198,198,0.137516,0.137516,0.0000e+00
dev-corpus-03,2575,285,0.000000e+00,309,309,1.532596,1.532596,0.0000e+00
dev-corpus-03,2576,653,0.000000e+00,745,745,3.646307,3.646307,0.0000e+00
dev-corpus-03,2577,12536,0.000000e+00,220,220,8.106509,8.106509,0.0000e+00
dev-corpus-03,2578,709,0.000000e+00,709,709,0.814699,0.814699,0.0000e+00
dev-corpus-03,2579,364,0.000000e+00,310,310,1.957952,1.957952,0.0000e+00
dev-corpus-03,2580,641,0.000000e+00,279,279,6.811775,6.811775,0.0000e+00
dev-corpus-03,2581,1899,0.000000e+00,447,447,5.778748,5.778748,0.0000e+00
dev-corpus-03,2582,363,0.000000e+00,363,363,1.787977,1.787977,0.0000e+00
dev-corpus-03,2583,198,0.000000e+00,198,198,0.752685,0.752685,0.0000e+00
dev-corpus-03,2584,285,0.000000e+00,285,285,0.071750,0.071750,0.0000e+00
dev-corpus-03,2585,687,0.000000e+00,687,687,0.486822,0.486822,0.0000e+00
dev-corpus-03,2586,5335,0.000000e+00,696,696,5.680525,5.680525,0.0000e+00
dev-corpus-03,2587,1212,0.000000e+00,10392,10392,5.353924,5.353924,0.0000e+00
dev-corpus-03,2588,78,0.000000e+00,1590,1590,5.756790,5.756790,0.0000e+00
dev-corpus-03,2589,1590,0.000000e+00,1590,1590,0.114146,0.114146,0.0000e+00
dev-corpus-03,2590,198,0.000000e+00,198,198,0.018383,0.018383,0.0000e+00
dev-corpus-03,2591,309,0.000000e+00,309,309,0.024361,0.024361,0.0000e+00
dev-corpus-03,2592,653,0.000000e+00,653,653,1.814953,1.814953,0.0000e+00
dev-corpus-03,2593,4109,0.000000e+00,1368,1368,3.235070,3.235070,0.0000e+00
dev-corpus-03,2594,279,0.000000e+00,413,413,3.591796,3.591796,0.0000e+00
dev-corpus-03,2595,1379,0.000000e+00,2353,2353,7.778491,7.778491,0.0000e+00
dev-corpus-03,2596,4047,0.000000e+00,3110,3110,3.391849,3.391849,0.0000e+00
dev-corpus-03,2597,1752,0.000000e+00,1105,1105,6.781626,6.781626,0.0000e+00
dev-corpus-03,2598,1118,0.000000e+00,1118,1118,1.032063,1.032063,0.0000e+00
dev-corpus-03,2599,13,0.000000e+00,198,198,2.727719,2.727719,0.0000e+00
dev-corpus-03,2600,198,0.000000e+00,198,198,0.326412,0.326412,0.0000e+00
dev-corpus-03,2601,309,0.000000e+00,309,309,0.008005,0.008005,0.0000e+00
dev-corpus-03,2602,6725,0.000000e+00,653,653,6.551402,6.551402,0.0000e+00
dev-corpus-03,2603,283,0.000000e+00,283,283,0.524336,0.524336,0.0000e+00
dev-corpus-03,2604,4396,0.000000e+00,4396,4396,0.605545,0.605545,0.0000e+00
dev-corpus-03,2605,5982,0.000000e+00,5982,5982,0.129919,0.129919,0.0000e+00
dev-corpus-03,2606,482,0.000000e+00,482,482,0.726745,0.726745,0.0000e+00
dev-corpus-03,2607,29259,0.000000e+00,29259,29259,0.336194,0.336194,0.0000e+00
dev-corpus-03,2608,837,0.000000e+00,837,837,0.040945,0.040945,0.0000e+00
dev-corpus-03,2609,466,0.000000e+00,466,466,0.610378,0.610378,0.0000e+00
dev-corpus-03,2610,4396,0.000000e+00,4396,4396,0.354609,0.354609,0.0000e+00
dev-corpus-03,2611,5982,0.000000e+00,5982,5982,0.015523,0.015523,0.0000e+00
dev-corpus-03,2612,482,0.000000e+00,482,482,0.001578,0.001578,0.0000e+00
dev-corpus-03,2613,1277,0.000000e+00,1277,1277,1.542292,1.542292,0.0000e+00
dev-corpus-03,2614,4289,0.000000e+00,4289,4289,0.788984,0.788984,0.0000e+00
dev-corpus-03,2615,837,0.000000e+00,837,837,0.008087,0.008087,0.0000e+00
dev-corpus-03,2616,198,0.000000e+00,198,198,0.046961,0.046961,0.0000e+00
dev-corpus-03,2617,309,0.000000e+00,309,309,0.012967,0.012967,0.0000e+00
dev-corpus-03,2618,413,0.000000e+00,413,413,0.379278,0.379278,0.0000e+00
dev-corpus-03,2619,6725,0.000000e+00,6725,6725,0.077398,0.077398,0.0000e+00
dev-corpus-03,2620,369,0.000000e+00,25,25,1.019868,1.019868,0.0000e+00
dev-corpus-03,2621,524,0.000000e+00,524,524,0.140309,0.140309,0.0000e+00
dev-corpus-03,2622,2168,0.000000e+00,2168,2168,0.000776,0.000776,0.0000e+00
dev-corpus-03,2623,25,0.000000e+00,25,25,0.015640,0.015640,0.0000e+00
dev-corpus-03,2624,198,0.000000e+00,198,198,0.006065,0.006065,0.0000e+00
dev-corpus-03,2625,388,0.000000e+00,388,388,0.005736,0.005736,0.0000e+00
dev-corpus-03,2626,460,0.000000e+00,653,653,2.411030,2.411030,0.0000e+00
dev-corpus-03,2627,592,0.000000e+00,6725,6725,2.105886,2.105886,0.0000e+00
dev-corpus-03,2628,78263,0.000000e+00,78263,78263,0.308748,0.308748,0.0000e+00
dev-corpus-03,2629,7426,0.000000e+00,7426,7426,0.425848,0.425848,0.0000e+00
dev-corpus-03,2630,3486,0.000000e+00,3486,3486,0.000152,0.000152,0.0000e+00
dev-corpus-03,2631,2387,0.000000e+00,2387,2387,0.034844,0.034844,0.0000e+00
dev-corpus-03,2632,198,0.000000e+00,198,198,0.054858,0.054858,0.0000e+00
dev-corpus-03,2633,309,0.000000e+00,309,309,0.026748,0.026748,0.0000e+00
dev-corpus-03,2634,413,0.000000e+00,413,413,0.649585,0.649585,0.0000e+00
dev-corpus-03,2635,4396,0.000000e+00,1363,1363,1.615847,1.615847,0.0000e+00
dev-corpus-03,2636,5982,0.000000e+00,5982,5982,0.021040,0.021040,0.0000e+00
dev-corpus-03,2637,482,0.000000e+00,482,482,0.092281,0.092281,0.0000e+00
dev-corpus-03,2638,63605,0.000000e+00,1277,1277,2.920983,2.920983,0.0000e+00
dev-corpus-03,2639,837,0.000000e+00,837,837,0.092563,0.092563,0.0000e+00
dev-corpus-03,2640,369,0.000000e+00,369,369,0.018940,0.018940,0.0000e+00
dev-corpus-03,2641,524,0.000000e+00,524,524,0.003419,0.003419,0.0000e+00
dev-corpus-03,2642,2168,0.000000e+00,2168,2168,0.000239,0.000239,0.0000e+00
dev-corpus-03,2643,25,0.000000e+00,25,25,0.001753,0.001753,0.0000e+00
dev-corpus-03,2644,198,0.000000e+00,198,198,0.004242,0.004242,0.0000e+00
dev-corpus-03,2645,388,0.000000e+00,388,388,0.002515,0.002515,0.0000e+00
dev-corpus-03,2646,460,0.000000e+00,460,460,0.173282,0.173282,0.0000e+00
dev-corpus-03,2647,638,0.000000e+00,4396,4396,5.132342,5.132342,0.0000e+00
dev-corpus-03,2648,31919,0.000000e+00,1385,1385,11.963542,11.963542,0.0000e+00
dev-corpus-03,2649,17174,0.000000e+00,17174,17174,0.234210,0.234210,0.0000e+00
dev-corpus-03,2650,198,0.000000e+00,478,478,1.829764,1.829764,0.0000e+00
dev-corpus-03,2651,309,0.000000e+00,309,309,0.044737,0.044737,0.0000e+00
dev-corpus-03,2652,413,0.000000e+00,413,413,0.800683,0.800683,0.0000e+00
dev-corpus-03,2653,4396,0.000000e+00,4396,4396,0.124856,0.124856,0.0000e+00
dev-corpus-03,2654,5982,0.000000e+00,5982,5982,0.001749,0.001749,0.0000e+00
dev-corpus-03,2655,482,0.000000e+00,482,482,0.011449,0.011449,0.0000e+00
dev-corpus-03,2656,11469,0.000000e+00,11469,11469,0.616288,0.616288,0.0000e+00
dev-corpus-03,2657,837,0.000000e+00,837,837,0.100232,0.100232,0.0000e+00
dev-corpus-03,2658,369,0.000000e+00,369,369,0.000642,0.000642,0.0000e+00
dev-corpus-03,2659,524,0.000000e+00,524,524,0.000703,0.000703,0.0000e+00
dev-corpus-03,2660,2168,0.000000e+00,2168,2168,0.000551,0.000551,0.0000e+00
dev-corpus-03,2661,25,0.000000e+00,25,25,0.001528,0.001528,0.0000e+00
dev-corpus-03,2662,198,0.000000e+00,198,198,0.002569,0.002569,0.0000e+00
dev-corpus-03,2663,388,0.000000e+00,388,388,0.004126,0.004126,0.0000e+00
dev-corpus-03,2664,638,0.000000e+00,4673,4673,3.388625,3.388625,0.0000e+00
dev-corpus-03,2665,1385,0.000000e+00,4273,4273,2.238347,2.238347,0.0000e+00
dev-corpus-03,2666,11469,0.000000e+00,815,815,2.208813,2.208813,0.0000e+00
dev-corpus-03,2667,1212,0.000000e+00,283,283,3.088256,3.088256,0.0000e+00
dev-corpus-03,2668,78,0.000000e+00,78,78,0.002325,0.002325,0.0000e+00
dev-corpus-03,2669,8,0.000000e+00,8,8,0.471974,0.471974,0.0000e+00
dev-corpus-03,2670,198,0.000000e+00,198,198,0.014247,0.014247,0.0000e+00
dev-corpus-03,2671,309,0.000000e+00,309,309,0.094444,0.094444,0.0000e+00
dev-corpus-03,2672,4673,0.000000e+00,460,460,2.612108,2.612108,0.0000e+00
dev-corpus-03,2673,14953,0.000000e+00,14953,14953,1.024200,1.024200,0.0000e+00
dev-corpus-03,2674,482,0.000000e+00,437,437,0.942111,0.942111,0.0000e+00
dev-corpus-03,2675,1743,0.000000e+00,2665,2665,2.764970,2.764970,0.0000e+00
dev-corpus-03,2676,44530,0.000000e+00,35516,35516,1.520062,1.520062,0.0000e+00
dev-corpus-03,2677,6725,0.000000e+00,5215,5215,4.879207,4.879207,0.0000e+00
dev-corpus-03,2678,1809,0.000000e+00,1809,1809,0.025372,0.025372,0.0000e+00
dev-corpus-03,2679,303,0.000000e+00,303,303,0.114814,0.114814,0.0000e+00
dev-corpus-03,2680,5215,0.000000e+00,5215,5215,0.655974,0.655974,0.0000e+00
dev-corpus-03,2681,504,0.000000e+00,359,359,1.829307,1.829307,0.0000e+00
dev-corpus-03,2682,198,0.000000e+00,198,198,0.862749,0.862749,0.0000e+00
dev-corpus-03,2683,6323,0.000000e+00,6323,6323,0.124757,0.124757,0.0000e+00
dev-corpus-03,2684,638,0.000000e+00,638,638,0.478292,0.478292,0.0000e+00
dev-corpus-03,2685,37813,0.000000e+00,37813,37813,0.443661,0.443661,0.0000e+00
dev-corpus-03,2686,8,0.000000e+00,8,8,0.243901,0.243901,0.0000e+00
dev-corpus-03,2687,198,0.000000e+00,198,198,0.327034,0.327034,0.0000e+00
dev-corpus-03,2688,285,0.000000e+00,285,285,0.138361,0.138361,0.0000e+00
dev-corpus-03,2689,460,0.000000e+00,460,460,1.030141,1.030141,0.0000e+00
dev-corpus-03,2690,638,0.000000e+00,638,638,0.644504,0.644504,0.0000e+00
dev-corpus-03,2691,37813,0.000000e+00,37813,37813,1.032381,1.032381,0.0000e+00
dev-corpus-03,2692,4168,0.000000e+00,4168,4168,0.079193,0.079193,0.0000e+00
dev-corpus-03,2693,58759,0.000000e+00,58759,58759,0.013754,0.013754,0.0000e+00
dev-corpus-03,2694,11,0.000000e+00,11,11,0.004692,0.004692,0.0000e+00
dev-corpus-03,2695,638,0.000000e+00,886,886,1.394631,1.394631,0.0000e+00
dev-corpus-03,2696,20342,0.000000e+00,37813,37813,3.012818,3.012818,0.0000e+00
dev-corpus-03,2697,8,0.000000e+00,8,8,0.066112,0.066112,0.0000e+00
dev-corpus-03,2698,271,0.000000e+00,198,198,1.130142,1.130142,0.0000e+00
dev-corpus-03,2699,262,0.000000e+00,262,262,1.133213,1.133213,0.0000e+00
dev-corpus-03,2700,687,0.000000e+00,687,687,0.156382,0.156382,0.0000e+00
dev-corpus-03,2701,5902,0.000000e+00,696,696,6.525148,6.525148,0.0000e+00
dev-corpus-03,2702,5062,0.000000e+00,5062,5062,0.717154,0.717154,0.0000e+00
dev-corpus-03,2703,7417,0.000000e+00,1153,1153,4.784019,4.784019,0.0000e+00
dev-corpus-03,2704,1153,0.000000e+00,1153,1153,0.026106,0.026106,0.0000e+00
dev-corpus-03,2705,11,0.000000e+00,11,11,0.004300,0.004300,0.0000e+00
dev-corpus-03,2706,12366,0.000000e+00,2972,2972,1.342476,1.342476,0.0000e+00
dev-corpus-03,2707,20266,0.000000e+00,5675,5675,5.485172,5.485172,0.0000e+00
dev-corpus-03,2708,23737,0.000000e+00,18267,18267,5.066495,5.066495,0.0000e+00
dev-corpus-03,2709,28738,0.000000e+00,28738,28738,0.001135,0.001135,0.0000e+00
dev-corpus-03,2710,5076,0.000000e+00,1590,1590,8.370084,8.370084,0.0000e+00
dev-corpus-03,2711,11,0.000000e+00,1590,1590,0.801812,0.801812,0.0000e+00
dev-corpus-03,2712,593,0.000000e+00,2972,2972,4.433381,4.433381,0.0000e+00
dev-corpus-03,2713,11,0.000000e+00,11,11,0.126110,0.126110,0.0000e+00
dev-corpus-03,2714,2972,0.000000e+00,2972,2972,0.394023,0.394023,0.0000e+00
dev-corpus-03,2715,74,0.000000e+00,74,74,0.100738,0.100738,0.0000e+00
dev-corpus-03,2716,8645,0.000000e+00,8645,8645,0.000717,0.000717,0.0000e+00
dev-corpus-03,2717,1590,0.000000e+00,1590,1590,0.015180,0.015180,0.0000e+00
dev-corpus-03,2718,198,0.000000e+00,198,198,0.006939,0.006939,0.0000e+00
dev-corpus-03,2719,285,0.000000e+00,285,285,0.005576,0.005576,0.0000e+00
dev-corpus-03,2720,413,0.000000e+00,4071,4071,2.763886,2.763886,0.0000e+00
dev-corpus-03,2721,12366,0.000000e+00,12366,12366,0.248790,0.248790,0.0000e+00
dev-corpus-03,2722,369,0.000000e+00,369,369,0.003799,0.003799,0.0000e+00
dev-corpus-03,2723,696,0.000000e+00,696,696,0.047496,0.047496,0.0000e+00
dev-corpus-03,2724,23737,0.000000e+00,23737,23737,0.016071,0.016071,0.0000e+00
dev-corpus-03,2725,28738,0.000000e+00,28738,28738,0.000026,0.000026,0.0000e+00
dev-corpus-03,2726,5076,0.000000e+00,5076,5076,0.001378,0.001378,0.0000e+00
dev-corpus-03,2727,25,0.000000e+00,25,25,0.042558,0.042558,0.0000e+00
dev-corpus-03,2728,198,0.000000e+00,198,198,0.005191,0.005191,0.0000e+00
dev-corpus-03,2729,309,0.000000e+00,309,309,0.002921,0.002921,0.0000e+00
dev-corpus-03,2730,12366,0.000000e+00,12366,12366,0.377003,0.377003,0.0000e+00
dev-corpus-03,2731,283,0.000000e+00,283,283,0.022532,0.022532,0.0000e+00
dev-corpus-03,2732,580,0.000000e+00,4535,4535,1.724306,1.724306,0.0000e+00
dev-corpus-03,2733,8645,0.000000e+00,8645,8645,0.000063,0.000063,0.0000e+00
dev-corpus-03,2734,198,0.000000e+00,198,198,0.178378,0.178378,0.0000e+00
dev-corpus-03,2735,285,0.000000e+00,285,285,0.059099,0.059099,0.0000e+00
dev-corpus-03,2736,4265,0.000000e+00,413,413,1.689515,1.689515,0.0000e+00
dev-corpus-03,2737,580,0.000000e+00,580,580,0.372873,0.372873,0.0000e+00
dev-corpus-03,2738,8645,0.000000e+00,8645,8645,0.000022,0.000022,0.0000e+00
dev-corpus-03,2739,25,0.000000e+00,25,25,0.007023,0.007023,0.0000e+00
dev-corpus-03,2740,198,0.000000e+00,198,198,0.001997,0.001997,0.0000e+00
dev-corpus-03,2741,309,0.000000e+00,309,309,0.001635,0.001635,0.0000e+00
dev-corpus-03,2742,12366,0.000000e+00,12366,12366,0.024713,0.024713,0.0000e+00
dev-corpus-03,2743,283,0.000000e+00,283,283,0.011258,0.011258,0.0000e+00
dev-corpus-03,2744,696,0.000000e+00,696,696,0.069825,0.069825,0.0000e+00
dev-corpus-03,2745,18267,0.000000e+00,18267,18267,0.010241,0.010241,0.0000e+00
dev-corpus-03,2746,2155,0.000000e+00,2155,2155,0.000196,0.000196,0.0000e+00
dev-corpus-03,2747,5781,0.000000e+00,5781,5781,0.014849,0.014849,0.0000e+00
dev-corpus-03,2748,8645,0.000000e+00,8645,8645,0.000166,0.000166,0.0000e+00
dev-corpus-03,2749,11,0.000000e+00,11,11,0.000369,0.000369,0.0000e+00
dev-corpus-03,2750,12366,0.000000e+00,12366,12366,0.001793,0.001793,0.0000e+00
dev-corpus-03,2751,8,0.000000e+00,8,8,0.003142,0.003142,0.0000e+00
dev-corpus-03,2752,198,0.000000e+00,198,198,0.092277,0.092277,0.0000e+00
dev-corpus-03,2753,285,0.000000e+00,285,285,0.020928,0.020928,0.0000e+00
dev-corpus-03,2754,653,0.000000e+00,653,653,0.526396,0.526396,0.0000e+00
dev-corpus-03,2755,12536,0.000000e+00,12536,12536,0.203617,0.203617,0.0000e+00
dev-corpus-03,2756,709,0.000000e+00,709,709,0.010579,0.010579,0.0000e+00
dev-corpus-03,2757,364,0.000000e+00,364,364,0.004537,0.004537,0.0000e+00
dev-corpus-03,2758,641,0.000000e+00,641,641,0.026114,0.026114,0.0000e+00
dev-corpus-03,2759,1899,0.000000e+00,18112,18112,1.121029,1.121029,0.0000e+00
dev-corpus-03,2760,363,0.000000e+00,363,363,0.097974,0.097974,0.0000e+00
dev-corpus-03,2761,198,0.000000e+00,198,198,0.029200,0.029200,0.0000e+00
dev-corpus-03,2762,285,0.000000e+00,285,285,0.001438,0.001438,0.0000e+00
dev-corpus-03,2763,687,0.000000e+00,687,687,0.004288,0.004288,0.0000e+00
dev-corpus-03,2764,5335,0.000000e+00,5335,5335,0.062831,0.062831,0.0000e+00
dev-corpus-03,2765,1212,0.000000e+00,1212,1212,0.008972,0.008972,0.0000e+00
dev-corpus-03,2766,78,0.000000e+00,78,78,0.000246,0.000246,0.0000e+00
dev-corpus-03,2767,1590,0.000000e+00,1590,1590,0.001671,0.001671,0.0000e+00
dev-corpus-03,2768,198,0.000000e+00,198,198,0.001294,0.001294,0.0000e+00
dev-corpus-03,2769,309,0.000000e+00,309,309,0.000590,0.000590,0.0000e+00
dev-corpus-03,2770,6725,0.000000e+00,653,653,1.499996,1.499996,0.0000e+00
dev-corpus-03,2771,283,0.000000e+00,283,283,0.002031,0.002031,0.0000e+00
dev-corpus-03,2772,4396,0.000000e+00,4396,4396,0.002592,0.002592,0.0000e+00
dev-corpus-03,2773,5982,0.000000e+00,5982,5982,0.000329,0.000329,0.0000e+00
dev-corpus-03,2774,482,0.000000e+00,482,482,0.000544,0.000544,0.0000e+00
dev-corpus-03,2775,29259,0.000000e+00,29259,29259,0.008156,0.008156,0.0000e+00
dev-corpus-03,2776,837,0.000000e+00,837,837,0.000459,0.000459,0.0000e+00
dev-corpus-03,2777,466,0.000000e+00,466,466,0.033440,0.033440,0.0000e+00
dev-corpus-03,2778,4396,0.000000e+00,4396,4396,0.000320,0.000320,0.0000e+00
dev-corpus-03,2779,5982,0.000000e+00,5982,5982,0.000196,0.000196,0.0000e+00
dev-corpus-03,2780,482,0.000000e+00,482,482,0.000318,0.000318,0.0000e+00
dev-corpus-03,2781,1277,0.000000e+00,1277,1277,0.010577,0.010577,0.0000e+00
dev-corpus-03,2782,4289,0.000000e+00,4289,4289,0.000020,0.000020,0.0000e+00
dev-corpus-03,2783,837,0.000000e+00,837,837,0.000162,0.000162,0.0000e+00
dev-corpus-03,2784,198,0.000000e+00,198,198,0.004892,0.004892,0.0000e+00
dev-corpus-03,2785,309,0.000000e+00,309,309,0.000604,0.000604,0.0000e+00
dev-corpus-03,2786,413,0.000000e+00,413,413,0.098276,0.098276,0.0000e+00
dev-corpus-03,2787,6725,0.000000e+00,6725,6725,0.003979,0.003979,0.0000e+00
dev-corpus-03,2788,369,0.000000e+00,369,369,0.012772,0.012772,0.0000e+00
dev-corpus-03,2789,524,0.000000e+00,524,524,0.233176,0.233176,0.0000e+00
dev-corpus-03,2790,2168,0.000000e+00,2168,2168,0.000108,0.000108,0.0000e+00
dev-corpus-03,2791,25,0.000000e+00,25,25,0.010221,0.010221,0.0000e+00
dev-corpus-03,2792,198,0.000000e+00,198,198,0.001554,0.001554,0.0000e+00
dev-corpus-03,2793,388,0.000000e+00,388,388,0.000669,0.000669,0.0000e+00
dev-corpus-03,2794,1380,0.000000e+00,460,460,1.525459,1.525459,0.0000e+00
dev-corpus-03,2795,25,0.000000e+00,25,25,0.000193,0.000193,0.0000e+00
dev-corpus-03,2796,198,0.000000e+00,198,198,0.001234,0.001234,0.0000e+00
dev-corpus-03,2797,493,0.000000e+00,493,493,0.000744,0.000744,0.0000e+00
dev-corpus-03,2798,460,0.000000e+00,460,460,0.115600,0.115600,0.0000e+00
dev-corpus-03,2799,592,0.000000e+00,592,592,0.015051,0.015051,0.0000e+00
dev-corpus-03,2800,78263,0.000000e+00,78263,78263,0.001085,0.001085,0.0000e+00
dev-corpus-03,2801,7426,0.000000e+00,7426,7426,0.003905,0.003905,0.0000e+00
dev-corpus-03,2802,3486,0.000000e+00,3486,3486,0.000006,0.000006,0.0000e+00
dev-corpus-03,2803,2387,0.000000e+00,2387,2387,0.000923,0.000923,0.0000e+00
dev-corpus-03,2804,198,0.000000e+00,198,198,0.003808,0.003808,0.0000e+00
dev-corpus-03,2805,388,0.000000e+00,388,388,0.000677,0.000677,0.0000e+00
dev-corpus-03,2806,3525,0.000000e+00,3525,3525,0.001783,0.001783,0.0000e+00
dev-corpus-03,2807,36834,0.000000e+00,36834,36834,0.116230,0.116230,0.0000e+00
dev-corpus-03,2808,25,0.000000e+00,25,25,0.008692,0.008692,0.0000e+00
dev-corpus-03,2809,198,0.000000e+00,198,198,0.001918,0.001918,0.0000e+00
dev-corpus-03,2810,493,0.000000e+00,493,493,0.000798,0.000798,0.0000e+00
dev-corpus-03,2811,460,0.000000e+00,460,460,0.570070,0.570070,0.0000e+00
dev-corpus-03,2812,4396,0.000000e+00,638,638,1.353910,1.353910,0.0000e+00
dev-corpus-03,2813,5982,0.000000e+00,5982,5982,0.041041,0.041041,0.0000e+00
dev-corpus-03,2814,363,0.000000e+00,482,482,1.754417,1.754417,0.0000e+00
dev-corpus-03,2815,198,0.000000e+00,198,198,0.113904,0.113904,0.0000e+00
dev-corpus-03,2816,309,0.000000e+00,309,309,0.016398,0.016398,0.0000e+00
dev-corpus-03,2817,413,0.000000e+00,413,413,0.071748,0.071748,0.0000e+00
dev-corpus-03,2818,4396,0.000000e+00,4396,4396,0.000760,0.000760,0.0000e+00
dev-corpus-03,2819,5982,0.000000e+00,5982,5982,0.000042,0.000042,0.0000e+00
dev-corpus-03,2820,482,0.000000e+00,482,482,0.000437,0.000437,0.0000e+00
dev-corpus-03,2821,63605,0.000000e+00,63605,63605,0.002541,0.002541,0.0000e+00
dev-corpus-03,2822,837,0.000000e+00,837,837,0.000109,0.000109,0.0000e+00
dev-corpus-03,2823,369,0.000000e+00,369,369,0.000501,0.000501,0.0000e+00
dev-corpus-03,2824,524,0.000000e+00,524,524,0.000727,0.000727,0.0000e+00
dev-corpus-03,2825,2168,0.000000e+00,2168,2168,0.000051,0.000051,0.0000e+00
dev-corpus-03,2826,25,0.000000e+00,25,25,0.000870,0.000870,0.0000e+00
dev-corpus-03,2827,198,0.000000e+00,198,198,0.000268,0.000268,0.0000e+00
dev-corpus-03,2828,388,0.000000e+00,388,388,0.000677,0.000677,0.0000e+00
dev-corpus-03,2829,460,0.000000e+00,460,460,0.003276,0.003276,0.0000e+00
dev-corpus-03,2830,638,0.000000e+00,638,638,0.008833,0.008833,0.0000e+00
dev-corpus-03,2831,31919,0.000000e+00,31919,31919,0.004635,0.004635,0.0000e+00
dev-corpus-03,2832,17174,0.000000e+00,17174,17174,0.000091,0.000091,0.0000e+00
dev-corpus-03,2833,198,0.000000e+00,198,198,0.006136,0.006136,0.0000e+00
dev-corpus-03,2834,309,0.000000e+00,309,309,0.001403,0.001403,0.0000e+00
dev-corpus-03,2835,413,0.000000e+00,413,413,0.132958,0.132958,0.0000e+00
dev-corpus-03,2836,4396,0.000000e+00,4396,4396,0.000232,0.000232,0.0000e+00
dev-corpus-03,2837,5982,0.000000e+00,5982,5982,0.000059,0.000059,0.0000e+00
dev-corpus-03,2838,482,0.000000e+00,482,482,0.000206,0.000206,0.0000e+00
dev-corpus-03,2839,11469,0.000000e+00,11469,11469,0.000472,0.000472,0.0000e+00
dev-corpus-03,2840,837,0.000000e+00,837,837,0.000146,0.000146,0.0000e+00
dev-corpus-03,2841,369,0.000000e+00,369,369,0.001158,0.001158,0.0000e+00
dev-corpus-03,2842,524,0.000000e+00,524,524,0.000576,0.000576,0.0000e+00
dev-corpus-03,2843,2168,0.000000e+00,2168,2168,0.000278,0.000278,0.0000e+00
dev-corpus-03,2844,25,0.000000e+00,25,25,0.000432,0.000432,0.0000e+00
dev-corpus-03,2845,198,0.000000e+00,198,198,0.003210,0.003210,0.0000e+00
dev-corpus-03,2846,388,0.000000e+00,388,388,0.000768,0.000768,0.0000e+00
dev-corpus-03,2847,460,0.000000e+00,638,638,4.197131,4.197131,0.0000e+00
dev-corpus-03,2848,4396,0.000000e+00,4396,4396,0.813838,0.813838,0.0000e+00
dev-corpus-03,2849,5982,0.000000e+00,5982,5982,0.000836,0.000836,0.0000e+00
dev-corpus-03,2850,363,0.000000e+00,363,363,0.041294,0.041294,0.0000e+00
dev-corpus-03,2851,198,0.000000e+00,198,198,0.012851,0.012851,0.0000e+00
dev-corpus-03,2852,309,0.000000e+00,309,309,0.021748,0.021748,0.0000e+00
dev-corpus-03,2853,4673,0.000000e+00,4673,4673,0.573843,0.573843,0.0000e+00
dev-corpus-03,2854,14953,0.000000e+00,14953,14953,0.013847,0.013847,0.0000e+00
dev-corpus-03,2855,482,0.000000e+00,482,482,0.021747,0.021747,0.0000e+00
dev-corpus-03,2856,1743,0.000000e+00,1743,1743,0.015156,0.015156,0.0000e+00
dev-corpus-03,2857,44530,0.000000e+00,44530,44530,0.000199,0.000199,0.0000e+00
dev-corpus-03,2858,6725,0.000000e+00,6725,6725,0.007170,0.007170,0.0000e+00
dev-corpus-03,2859,1809,0.000000e+00,1809,1809,0.000363,0.000363,0.0000e+00
dev-corpus-03,2860,303,0.000000e+00,303,303,0.000493,0.000493,0.0000e+00
dev-corpus-03,2861,5215,0.000000e+00,5215,5215,0.000540,0.000540,0.0000e+00
dev-corpus-03,2862,504,0.000000e+00,504,504,0.006930,0.006930,0.0000e+00
dev-corpus-03,2863,198,0.000000e+00,198,198,0.005369,0.005369,0.0000e+00
dev-corpus-03,2864,6323,0.000000e+00,6323,6323,0.001746,0.001746,0.0000e+00
dev-corpus-03,2865,638,0.000000e+00,638,638,0.000178,0.000178,0.0000e+00
dev-corpus-03,2866,37813,0.000000e+00,37813,37813,0.012096,0.012096,0.0000e+00
dev-corpus-03,2867,8,0.000000e+00,8,8,0.000592,0.000592,0.0000e+00
dev-corpus-03,2868,198,0.000000e+00,198,198,0.015885,0.015885,0.0000e+00
dev-corpus-03,2869,285,0.000000e+00,285,285,0.002354,0.002354,0.0000e+00
dev-corpus-03,2870,460,0.000000e+00,460,460,0.009217,0.009217,0.0000e+00
dev-corpus-03,2871,638,0.000000e+00,638,638,0.001239,0.001239,0.0000e+00
dev-corpus-03,2872,37813,0.000000e+00,37813,37813,0.001970,0.001970,0.0000e+00
dev-corpus-03,2873,4168,0.000000e+00,4168,4168,0.000271,0.000271,0.0000e+00
dev-corpus-03,2874,58759,0.000000e+00,58759,58759,0.003267,0.003267,0.0000e+00
dev-corpus-03,2875,11,0.000000e+00,11,11,0.000406,0.000406,0.0000e+00
dev-corpus-03,2876,638,0.000000e+00,638,638,0.000484,0.000484,0.0000e+00
dev-corpus-03,2877,20342,0.000000e+00,20342,20342,0.000323,0.000323,0.0000e+00
dev-corpus-03,2878,8,0.000000e+00,8,8,0.003185,0.003185,0.0000e+00
dev-corpus-03,2879,271,0.000000e+00,271,271,0.541673,0.541673,0.0000e+00
dev-corpus-03,2880,262,0.000000e+00,262,262,0.485896,0.485896,0.0000e+00
dev-corpus-03,2881,687,0.000000e+00,687,687,0.152445,0.152445,0.0000e+00
dev-corpus-03,2882,369,0.000000e+00,696,696,5.343086,5.343086,0.0000e+00
dev-corpus-03,2883,8078,0.000000e+00,32939,32939,2.334462,2.334462,0.0000e+00
dev-corpus-03,2884,1153,0.000000e+00,1153,1153,0.374956,0.374956,0.0000e+00
dev-corpus-03,2885,1590,0.000000e+00,11,11,1.043872,1.043872,0.0000e+00
dev-corpus-03,2886,198,0.000000e+00,198,198,0.006553,0.006553,0.0000e+00
dev-corpus-03,2887,285,0.000000e+00,285,285,0.004025,0.004025,0.0000e+00
dev-corpus-03,2888,364,0.000000e+00,4071,4071,4.719457,4.719457,0.0000e+00
dev-corpus-03,2889,4396,0.000000e+00,4396,4396,1.182135,1.182135,0.0000e+00
dev-corpus-03,2890,303,0.000000e+00,303,303,0.005097,0.005097,0.0000e+00
dev-corpus-03,2891,638,0.000000e+00,638,638,0.348235,0.348235,0.0000e+00
dev-corpus-03,2892,37813,0.000000e+00,37813,37813,0.123321,0.123321,0.0000e+00
dev-corpus-03,2893,2571,0.000000e+00,2571,2571,0.007961,0.007961,0.0000e+00
dev-corpus-03,2894,1947,0.000000e+00,1947,1947,0.000137,0.000137,0.0000e+00
dev-corpus-03,2895,1153,0.000000e+00,1153,1153,0.009930,0.009930,0.0000e+00
dev-corpus-03,2896,20342,0.000000e+00,20342,20342,0.005211,0.005211,0.0000e+00
dev-corpus-03,2897,1590,0.000000e+00,1590,1590,0.002421,0.002421,0.0000e+00
dev-corpus-03,2898,198,0.000000e+00,198,198,0.003590,0.003590,0.0000e+00
dev-corpus-03,2899,309,0.000000e+00,309,309,0.001127,0.001127,0.0000e+00
dev-corpus-03,2900,413,0.000000e+00,413,413,0.694855,0.694855,0.0000e+00
dev-corpus-03,2901,4396,0.000000e+00,4396,4396,0.030390,0.030390,0.0000e+00
dev-corpus-03,2902,5982,0.000000e+00,5982,5982,0.010708,0.010708,0.0000e+00
dev-corpus-03,2903,482,0.000000e+00,482,482,0.004815,0.004815,0.0000e+00
dev-corpus-03,2904,11469,0.000000e+00,29259,29259,0.835573,0.835573,0.0000e+00
dev-corpus-03,2905,837,0.000000e+00,837,837,0.150039,0.150039,0.0000e+00
dev-corpus-03,2906,369,0.000000e+00,369,369,0.023358,0.023358,0.0000e+00
dev-corpus-03,2907,524,0.000000e+00,524,524,0.007131,0.007131,0.0000e+00
dev-corpus-03,2908,2168,0.000000e+00,2168,2168,0.000208,0.000208,0.0000e+00
dev-corpus-03,2909,25,0.000000e+00,25,25,0.022993,0.022993,0.0000e+00
dev-corpus-03,2910,198,0.000000e+00,198,198,0.001289,0.001289,0.0000e+00
dev-corpus-03,2911,388,0.000000e+00,388,388,0.001021,0.001021,0.0000e+00
dev-corpus-03,2912,460,0.000000e+00,460,460,0.032049,0.032049,0.0000e+00
dev-corpus-03,2913,3439,0.000000e+00,3439,3439,0.005205,0.005205,0.0000e+00
dev-corpus-03,2914,198,0.000000e+00,198,198,0.018676,0.018676,0.0000e+00
dev-corpus-03,2915,309,0.000000e+00,285,285,0.943217,0.943217,0.0000e+00
dev-corpus-03,2916,413,0.000000e+00,413,413,0.460509,0.460509,0.0000e+00
dev-corpus-03,2917,318,0.000000e+00,4396,4396,5.568215,5.568215,0.0000e+00
dev-corpus-03,2918,6154,0.000000e+00,6154,6154,0.064287,0.064287,0.0000e+00
dev-corpus-03,2919,5982,0.000000e+00,5982,5982,0.000774,0.000774,0.0000e+00
dev-corpus-03,2920,482,0.000000e+00,482,482,0.001604,0.001604,0.0000e+00
dev-corpus-03,2921,29259,0.000000e+00,29259,29259,0.162586,0.162586,0.0000e+00
dev-corpus-03,2922,837,0.000000e+00,837,837,0.002472,0.002472,0.0000e+00
dev-corpus-03,2923,369,0.000000e+00,466,466,2.779191,2.779191,0.0000e+00
dev-corpus-03,2924,2168,0.000000e+00,524,524,1.032126,1.032126,0.0000e+00
dev-corpus-03,2925,198,0.000000e+00,321,321,2.097170,2.097170,0.0000e+00
dev-corpus-03,2926,388,0.000000e+00,388,388,0.576469,0.576469,0.0000e+00
dev-corpus-03,2927,321,0.000000e+00,321,321,0.010847,0.010847,0.0000e+00
dev-corpus-03,2928,4396,0.000000e+00,4396,4396,0.005772,0.005772,0.0000e+00
dev-corpus-03,2929,5982,0.000000e+00,5982,5982,0.000083,0.000083,0.0000e+00
dev-corpus-03,2930,482,0.000000e+00,482,482,0.000825,0.000825,0.0000e+00
dev-corpus-03,2931,1277,0.000000e+00,1277,1277,0.020561,0.020561,0.0000e+00
dev-corpus-03,2932,4289,0.000000e+00,4289,4289,0.000031,0.000031,0.0000e+00
dev-corpus-03,2933,837,0.000000e+00,837,837,0.000686,0.000686,0.0000e+00
dev-corpus-03,2934,369,0.000000e+00,369,369,0.002584,0.002584,0.0000e+00
dev-corpus-03,2935,2168,0.000000e+00,2168,2168,0.032363,0.032363,0.0000e+00
dev-corpus-03,2936,198,0.000000e+00,1590,1590,1.327726,1.327726,0.0000e+00
dev-corpus-03,2937,388,0.000000e+00,388,388,0.016911,0.016911,0.0000e+00
dev-corpus-03,2938,321,0.000000e+00,321,321,0.002563,0.002563,0.0000e+00
dev-corpus-03,2939,4396,0.000000e+00,4396,4396,0.007449,0.007449,0.0000e+00
dev-corpus-03,2940,5982,0.000000e+00,5982,5982,0.000081,0.000081,0.0000e+00
dev-corpus-03,2941,482,0.000000e+00,482,482,0.002805,0.002805,0.0000e+00
dev-corpus-03,2942,63605,0.000000e+00,63605,63605,0.126806,0.126806,0.0000e+00
dev-corpus-03,2943,837,0.000000e+00,837,837,0.001694,0.001694,0.0000e+00
dev-corpus-03,2944,369,0.000000e+00,369,369,0.000792,0.000792,0.0000e+00
dev-corpus-03,2945,2168,0.000000e+00,2168,2168,0.032304,0.032304,0.0000e+00
dev-corpus-03,2946,1590,0.000000e+00,1590,1590,0.044490,0.044490,0.0000e+00
dev-corpus-03,2947,198,0.000000e+00,198,198,0.002299,0.002299,0.0000e+00
dev-corpus-03,2948,388,0.000000e+00,388,388,0.002074,0.002074,0.0000e+00
dev-corpus-03,2949,653,0.000000e+00,460,460,4.392509,4.392509,0.0000e+00
dev-corpus-03,2950,1368,0.000000e+00,1061,1061,3.025091,3.025091,0.0000e+00
dev-corpus-03,2951,660,0.000000e+00,567,567,4.128266,4.128266,0.0000e+00
dev-corpus-03,2952,279,0.000000e+00,5038,5038,2.893586,2.893586,0.0000e+00
dev-corpus-03,2953,5038,0.000000e+00,5038,5038,1.291586,1.291586,0.0000e+00
dev-corpus-03,2954,513,0.000000e+00,513,513,0.251414,0.251414,0.0000e+00
dev-corpus-03,2955,2168,0.000000e+00,2168,2168,0.166283,0.166283,0.0000e+00
dev-corpus-03,2956,11,0.000000e+00,11,11,0.116581,0.116581,0.0000e+00
dev-corpus-03,2957,1017,0.000000e+00,1179,1179,3.508984,3.508984,0.0000e+00
dev-corpus-03,2958,1902,0.000000e+00,579,579,3.014160,3.014160,0.0000e+00
dev-corpus-03,2959,381,0.000000e+00,381,381,0.052404,0.052404,0.0000e+00
dev-corpus-03,2960,198,0.000000e+00,449,449,3.207090,3.207090,0.0000e+00
dev-corpus-03,2961,388,0.000000e+00,388,388,0.000753,0.000753,0.0000e+00
dev-corpus-03,2962,653,0.000000e+00,653,653,0.001535,0.001535,0.0000e+00
dev-corpus-03,2963,2361,0.000000e+00,449,449,4.010448,4.010448,0.0000e+00
dev-corpus-03,2964,1809,0.000000e+00,1809,1809,0.596562,0.596562,0.0000e+00
dev-corpus-03,2965,567,0.000000e+00,421,421,4.490511,4.490511,0.0000e+00
dev-corpus-03,2966,2224,0.000000e+00,3105,3105,2.454769,2.454769,0.0000e+00
dev-corpus-03,2967,524,0.000000e+00,7167,7167,1.099057,1.099057,0.0000e+00
dev-corpus-03,2968,21637,0.000000e+00,12910,12910,3.856636,3.856636,0.0000e+00
dev-corpus-03,2969,198,0.000000e+00,13,13,1.944567,1.944567,0.0000e+00
dev-corpus-03,2970,388,0.000000e+00,388,388,0.001663,0.001663,0.0000e+00
dev-corpus-03,2971,4673,0.000000e+00,460,460,2.151151,2.151151,0.0000e+00
dev-corpus-03,2972,14953,0.000000e+00,14953,14953,0.108962,0.108962,0.0000e+00
dev-corpus-03,2973,482,0.000000e+00,482,482,0.290536,0.290536,0.0000e+00
dev-corpus-03,2974,1743,0.000000e+00,1743,1743,0.213082,0.213082,0.0000e+00
dev-corpus-03,2975,44530,0.000000e+00,44530,44530,0.007614,0.007614,0.0000e+00
dev-corpus-03,2976,6725,0.000000e+00,6725,6725,0.401537,0.401537,0.0000e+00
dev-corpus-03,2977,1809,0.000000e+00,1809,1809,0.003094,0.003094,0.0000e+00
dev-corpus-03,2978,303,0.000000e+00,303,303,0.015014,0.015014,0.0000e+00
dev-corpus-03,2979,5215,0.000000e+00,5215,5215,0.007349,0.007349,0.0000e+00
dev-corpus-03,2980,504,0.000000e+00,504,504,0.042726,0.042726,0.0000e+00
dev-corpus-03,2981,198,0.000000e+00,198,198,0.005756,0.005756,0.0000e+00
dev-corpus-03,2982,493,0.000000e+00,761,761,6.807138,6.807138,0.0000e+00
dev-corpus-03,2983,638,0.000000e+00,638,638,0.010764,0.010764,0.0000e+00
dev-corpus-03,2984,37813,0.000000e+00,37813,37813,0.031267,0.031267,0.0000e+00
dev-corpus-03,2985,8,0.000000e+00,8,8,0.005479,0.005479,0.0000e+00
dev-corpus-03,2986,198,0.000000e+00,198,198,0.024055,0.024055,0.0000e+00
dev-corpus-03,2987,285,0.000000e+00,285,285,0.034824,0.034824,0.0000e+00
dev-corpus-03,2988,460,0.000000e+00,460,460,0.028345,0.028345,0.0000e+00
dev-corpus-03,2989,2912,0.000000e+00,2912,2912,0.006361,0.006361,0.0000e+00
dev-corpus-03,2990,271,0.000000e+00,271,271,0.233612,0.233612,0.0000e+00
dev-corpus-03,2991,262,0.000000e+00,262,262,0.130770,0.130770,0.0000e+00
dev-corpus-03,2992,687,0.000000e+00,687,687,0.155114,0.155114,0.0000e+00
dev-corpus-03,2993,615,0.000000e+00,1259,1259,2.768960,2.768960,0.0000e+00
dev-corpus-03,2994,37125,0.000000e+00,39109,39109,4.955826,4.955826,0.0000e+00
dev-corpus-03,2995,11497,0.000000e+00,11497,11497,0.113082,0.113082,0.0000e+00
dev-corpus-03,2996,1153,0.000000e+00,1153,1153,0.006161,0.006161,0.0000e+00
dev-corpus-03,2997,1590,0.000000e+00,1590,1590,0.051366,0.051366,0.0000e+00
dev-corpus-03,2998,198,0.000000e+00,198,198,0.001948,0.001948,0.0000e+00
dev-corpus-03,2999,285,0.000000e+00,285,285,0.001739,0.001739,0.0000e+00
dev-corpus-03,3000,13746,0.000000e+00,4071,4071,4.296876,4.296876,0.0000e+00
dev-corpus-03,3001,283,0.000000e+00,283,283,0.004319,0.004319,0.0000e+00
dev-corpus-03,3002,2958,0.000000e+00,716,716,0.916854,0.916854,0.0000e+00
dev-corpus-03,3003,198,0.000000e+00,198,198,0.003434,0.003434,0.0000e+00
dev-corpus-03,3004,285,0.000000e+00,285,285,0.000928,0.000928,0.0000e+00
dev-corpus-03,3005,364,0.000000e+00,364,364,0.060082,0.060082,0.0000e+00
dev-corpus-03,3006,4396,0.000000e+00,4396,4396,0.039212,0.039212,0.0000e+00
dev-corpus-03,3007,303,0.000000e+00,303,303,0.000444,0.000444,0.0000e+00
dev-corpus-03,3008,638,0.000000e+00,638,638,0.009189,0.009189,0.0000e+00
dev-corpus-03,3009,37813,0.000000e+00,37813,37813,0.012601,0.012601,0.0000e+00
dev-corpus-03,3010,2571,0.000000e+00,2571,2571,0.001530,0.001530,0.0000e+00
dev-corpus-03,3011,1947,0.000000e+00,1947,1947,0.000025,0.000025,0.0000e+00
dev-corpus-03,3012,1153,0.000000e+00,1153,1153,0.000850,0.000850,0.0000e+00
dev-corpus-03,3013,20342,0.000000e+00,20342,20342,0.000230,0.000230,0.0000e+00
dev-corpus-03,3014,1590,0.000000e+00,1590,1590,0.000793,0.000793,0.0000e+00
dev-corpus-03,3015,198,0.000000e+00,198,198,0.000974,0.000974,0.0000e+00
dev-corpus-03,3016,309,0.000000e+00,309,309,0.000471,0.000471,0.0000e+00
dev-corpus-03,3017,6725,0.000000e+00,413,413,1.102301,1.102301,0.0000e+00
dev-corpus-03,3018,283,0.000000e+00,283,283,0.004496,0.004496,0.0000e+00
dev-corpus-03,3019,4396,0.000000e+00,4396,4396,0.003894,0.003894,0.0000e+00
dev-corpus-03,3020,5982,0.000000e+00,5982,5982,0.000533,0.000533,0.0000e+00
dev-corpus-03,3021,482,0.000000e+00,482,482,0.001364,0.001364,0.0000e+00
dev-corpus-03,3022,29259,0.000000e+00,29259,29259,0.005030,0.005030,0.0000e+00
dev-corpus-03,3023,837,0.000000e+00,837,837,0.000703,0.000703,0.0000e+00
dev-corpus-03,3024,466,0.000000e+00,466,466,0.307624,0.307624,0.0000e+00
dev-corpus-03,3025,4396,0.000000e+00,4396,4396,0.000385,0.000385,0.0000e+00
dev-corpus-03,3026,5982,0.000000e+00,5982,5982,0.000070,0.000070,0.0000e+00
dev-corpus-03,3027,482,0.000000e+00,482,482,0.000373,0.000373,0.0000e+00
dev-corpus-03,3028,1277,0.000000e+00,1277,1277,0.000529,0.000529,0.0000e+00
dev-corpus-03,3029,4289,0.000000e+00,4289,4289,0.002338,0.002338,0.0000e+00
dev-corpus-03,3030,837,0.000000e+00,837,837,0.000133,0.000133,0.0000e+00
dev-corpus-03,3031,198,0.000000e+00,198,198,0.004831,0.004831,0.0000e+00
dev-corpus-03,3032,309,0.000000e+00,309,309,0.000261,0.000261,0.0000e+00
dev-corpus-03,3033,413,0.000000e+00,413,413,0.029581,0.029581,0.0000e+00
dev-corpus-03,3034,6725,0.000000e+00,6725,6725,0.004886,0.004886,0.0000e+00
dev-corpus-03,3035,369,0.000000e+00,369,369,0.161085,0.161085,0.0000e+00
dev-corpus-03,3036,524,0.000000e+00,524,524,0.009939,0.009939,0.0000e+00
dev-corpus-03,3037,2168,0.000000e+00,2168,2168,0.000076,0.000076,0.0000e+00
dev-corpus-03,3038,321,0.000000e+00,25,25,4.892543,4.892543,0.0000e+00
dev-corpus-03,3039,6725,0.000000e+00,6725,6725,0.265181,0.265181,0.0000e+00
dev-corpus-03,3040,524,0.000000e+00,524,524,0.267970,0.267970,0.0000e+00
dev-corpus-03,3041,303,0.000000e+00,303,303,0.000047,0.000047,0.0000e+00
dev-corpus-03,3042,13746,0.000000e+00,13746,13746,0.024303,0.024303,0.0000e+00
dev-corpus-03,3043,25,0.000000e+00,25,25,0.001423,0.001423,0.0000e+00
dev-corpus-03,3044,198,0.000000e+00,198,198,0.001065,0.001065,0.0000e+00
dev-corpus-03,3045,388,0.000000e+00,388,388,0.000928,0.000928,0.0000e+00
dev-corpus-03,3046,653,0.000000e+00,13746,13746,5.542535,5.542535,0.0000e+00
dev-corpus-03,3047,884,0.000000e+00,1368,1368,5.226162,5.226162,0.0000e+00
dev-corpus-03,3048,264,0.000000e+00,279,279,3.795474,3.795474,0.0000e+00
dev-corpus-03,3049,6725,0.000000e+00,4752,4752,3.324016,3.324016,0.0000e+00
dev-corpus-03,3050,1809,0.000000e+00,1809,1809,0.798416,0.798416,0.0000e+00
dev-corpus-03,3051,1132,0.000000e+00,198,198,3.034209,3.034209,0.0000e+00
dev-corpus-03,3052,279,0.000000e+00,2957,2957,3.708337,3.708337,0.0000e+00
dev-corpus-03,3053,1118,0.000000e+00,1118,1118,0.011510,0.011510,0.0000e+00
dev-corpus-03,3054,854,0.000000e+00,854,854,0.011439,0.011439,0.0000e+00
dev-corpus-03,3055,424,0.000000e+00,424,424,0.735215,0.735215,0.0000e+00
dev-corpus-03,3056,7701,0.000000e+00,579,579,1.159874,1.159874,0.0000e+00
dev-corpus-03,3057,198,0.000000e+00,198,198,0.075898,0.075898,0.0000e+00
dev-corpus-03,3058,388,0.000000e+00,388,388,0.000317,0.000317,0.0000e+00
dev-corpus-03,3059,13746,0.000000e+00,13746,13746,0.083434,0.083434,0.0000e+00
dev-corpus-03,3060,1989,0.000000e+00,1989,1989,0.000935,0.000935,0.0000e+00
dev-corpus-03,3061,36101,0.000000e+00,36101,36101,0.001724,0.001724,0.0000e+00
dev-corpus-03,3062,8,0.000000e+00,8,8,0.002282,0.002282,0.0000e+00
dev-corpus-03,3063,198,0.000000e+00,198,198,0.010195,0.010195,0.0000e+00
dev-corpus-03,3064,309,0.000000e+00,285,285,3.120211,3.120211,0.0000e+00
dev-corpus-03,3065,4265,0.000000e+00,413,413,1.909256,1.909256,0.0000e+00
dev-corpus-03,3066,318,0.000000e+00,4396,4396,2.462932,2.462932,0.0000e+00
dev-corpus-03,3067,29259,0.000000e+00,6154,6154,1.734412,1.734412,0.0000e+00
dev-corpus-03,3068,369,0.000000e+00,369,369,0.036384,0.036384,0.0000e+00
dev-corpus-03,3069,2168,0.000000e+00,2168,2168,0.102775,0.102775,0.0000e+00
dev-corpus-03,3070,198,0.000000e+00,198,198,0.196784,0.196784,0.0000e+00
dev-corpus-03,3071,388,0.000000e+00,1638,1638,1.904164,1.904164,0.0000e+00
dev-corpus-04,3072,285,0.000000e+00,2,2,5.812004,5.812004,0.0000e+00
dev-corpus-04,3073,4265,0.000000e+00,333,333,5.691829,5.691829,0.0000e+00
dev-corpus-04,3074,11074,0.000000e+00,638,638,4.479533,4.479533,0.0000e+00
dev-corpus-04,3075,1446,0.000000e+00,2007,2007,2.996774,2.996774,0.0000e+00
dev-corpus-04,3076,14711,0.000000e+00,11,11,8.661026,8.661026,0.0000e+00
dev-corpus-04,3077,2508,0.000000e+00,11,11,9.053171,9.053171,0.0000e+00
dev-corpus-04,3078,11,0.000000e+00,11,11,0.079729,0.079729,0.0000e+00
dev-corpus-04,3079,592,0.000000e+00,592,592,0.801582,0.801582,0.0000e+00
dev-corpus-04,3080,1590,0.000000e+00,1590,1590,0.069974,0.069974,0.0000e+00
dev-corpus-04,3081,198,0.000000e+00,198,198,0.022519,0.022519,0.0000e+00
dev-corpus-04,3082,309,0.000000e+00,309,309,0.043785,0.043785,0.0000e+00
dev-corpus-04,3083,20245,0.000000e+00,20245,20245,0.868717,0.868717,0.0000e+00
dev-corpus-04,3084,30919,0.000000e+00,2508,2508,16.438929,16.438929,0.0000e+00
dev-corpus-04,3085,283,0.000000e+00,283,283,0.217631,0.217631,0.0000e+00
dev-corpus-04,3086,12102,0.000000e+00,52665,52665,7.091686,7.091686,0.0000e+00
dev-corpus-04,3087,293,0.000000e+00,25,25,2.587737,2.587737,0.0000e+00
dev-corpus-04,3088,21402,0.000000e+00,25,25,8.010411,8.010411,0.0000e+00
dev-corpus-04,3089,6,0.000000e+00,21,21,3.045802,3.045802,0.0000e+00
dev-corpus-04,3090,1170,0.000000e+00,1170,1170,0.240912,0.240912,0.0000e+00
dev-corpus-04,3091,696,0.000000e+00,293,293,4.076357,4.076357,0.0000e+00
dev-corpus-04,3092,8038,0.000000e+00,8038,8038,1.337960,1.337960,0.0000e+00
dev-corpus-04,3093,2653,0.000000e+00,2653,2653,0.712914,0.712914,0.0000e+00
dev-corpus-04,3094,4468,0.000000e+00,4468,4468,0.235193,0.235193,0.0000e+00
dev-corpus-04,3095,1446,0.000000e+00,1446,1446,0.024220,0.024220,0.0000e+00
dev-corpus-04,3096,14711,0.000000e+00,14711,14711,0.010692,0.010692,0.0000e+00
dev-corpus-04,3097,2508,0.000000e+00,2508,2508,0.001006,0.001006,0.0000e+00
dev-corpus-04,3098,11,0.000000e+00,11,11,0.103209,0.103209,0.0000e+00
dev-corpus-04,3099,293,0.000000e+00,293,293,0.033640,0.033640,0.0000e+00
dev-corpus-04,3100,8,0.000000e+00,8,8,0.177383,0.177383,0.0000e+00
dev-corpus-04,3101,198,0.000000e+00,198,198,0.151848,0.151848,0.0000e+00
dev-corpus-04,3102,285,0.000000e+00,285,285,0.253537,0.253537,0.0000e+00
dev-corpus-04,3103,745,0.000000e+00,745,745,0.094413,0.094413,0.0000e+00
dev-corpus-04,3104,25,0.000000e+00,25,25,0.000800,0.000800,0.0000e+00
dev-corpus-04,3105,198,0.000000e+00,198,198,0.009988,0.009988,0.0000e+00
dev-corpus-04,3106,309,0.000000e+00,309,309,0.001583,0.001583,0.0000e+00
dev-corpus-04,3107,20245,0.000000e+00,4673,4673,2.214192,2.214192,0.0000e+00
dev-corpus-04,3108,30919,0.000000e+00,30919,30919,0.025429,0.025429,0.0000e+00
dev-corpus-04,3109,283,0.000000e+00,283,283,0.002049,0.002049,0.0000e+00
dev-corpus-04,3110,12102,0.000000e+00,12102,12102,0.235452,0.235452,0.0000e+00
dev-corpus-04,3111,293,0.000000e+00,293,293,0.065925,0.065925,0.0000e+00
dev-corpus-04,3112,21402,0.000000e+00,21402,21402,0.013044,0.013044,0.0000e+00
dev-corpus-04,3113,6,0.000000e+00,6,6,0.006306,0.006306,0.0000e+00
dev-corpus-04,3114,1170,0.000000e+00,1170,1170,0.000277,0.000277,0.0000e+00
dev-corpus-04,3115,20245,0.000000e+00,293,293,2.057966,2.057966,0.0000e+00
dev-corpus-04,3116,2508,0.000000e+00,2508,2508,0.003939,0.003939,0.0000e+00
dev-corpus-04,3117,4468,0.000000e+00,1446,1446,3.351264,3.351264,0.0000e+00
dev-corpus-04,3118,1446,0.000000e+00,1446,1446,0.021574,0.021574,0.0000e+00
dev-corpus-04,3119,8,0.000000e+00,8,8,0.008498,0.008498,0.0000e+00
dev-corpus-04,3120,271,0.000000e+00,198,198,0.993008,0.993008,0.0000e+00
dev-corpus-04,3121,285,0.000000e+00,285,285,0.301210,0.301210,0.0000e+00
dev-corpus-04,3122,638,0.000000e+00,653,653,2.314737,2.314737,0.0000e+00
dev-corpus-04,3123,1385,0.000000e+00,1385,1385,0.711840,0.711840,0.0000e+00
dev-corpus-04,3124,71,0.000000e+00,35138,35138,3.584564,3.584564,0.0000e+00
dev-corpus-04,3125,11609,0.000000e+00,283,283,1.286853,1.286853,0.0000e+00
dev-corpus-04,3126,283,0.000000e+00,283,283,1.023314,1.023314,0.0000e+00
dev-corpus-04,3127,2168,0.000000e+00,12102,12102,3.041642,3.041642,0.0000e+00
dev-corpus-04,3128,198,0.000000e+00,198,198,0.152188,0.152188,0.0000e+00
dev-corpus-04,3129,285,0.000000e+00,285,285,0.004574,0.004574,0.0000e+00
dev-corpus-04,3130,638,0.000000e+00,638,638,0.162959,0.162959,0.0000e+00
dev-corpus-04,3131,1385,0.000000e+00,1385,1385,0.116686,0.116686,0.0000e+00
dev-corpus-04,3132,2589,0.000000e+00,71,71,9.330621,9.330621,0.0000e+00
dev-corpus-04,3133,283,0.000000e+00,283,283,0.364229,0.364229,0.0000e+00
dev-corpus-04,3134,20245,0.000000e+00,2168,2168,2.533850,2.533850,0.0000e+00
dev-corpus-04,3135,30919,0.000000e+00,30919,30919,0.008001,0.008001,0.0000e+00
dev-corpus-04,3136,363,0.000000e+00,1818,1818,1.421893,1.421893,0.0000e+00
dev-corpus-04,3137,198,0.000000e+00,198,198,0.092038,0.092038,0.0000e+00
dev-corpus-04,3138,285,0.000000e+00,285,285,0.004970,0.004970,0.0000e+00
dev-corpus-04,3139,638,0.000000e+00,638,638,0.025117,0.025117,0.0000e+00
dev-corpus-04,3140,1385,0.000000e+00,1385,1385,0.008182,0.008182,0.0000e+00
dev-corpus-04,3141,4240,0.000000e+00,4240,4240,0.213867,0.213867,0.0000e+00
dev-corpus-04,3142,283,0.000000e+00,283,283,0.007851,0.007851,0.0000e+00
dev-corpus-04,3143,20245,0.000000e+00,20245,20245,0.080747,0.080747,0.0000e+00
dev-corpus-04,3144,30919,0.000000e+00,30919,30919,0.000735,0.000735,0.0000e+00
dev-corpus-04,3145,363,0.000000e+00,363,363,0.051843,0.051843,0.0000e+00
dev-corpus-04,3146,198,0.000000e+00,198,198,0.494317,0.494317,0.0000e+00
dev-corpus-04,3147,285,0.000000e+00,285,285,0.058118,0.058118,0.0000e+00
dev-corpus-04,3148,638,0.000000e+00,638,638,0.165620,0.165620,0.0000e+00
dev-corpus-04,3149,72998,0.000000e+00,1385,1385,5.843404,5.843404,0.0000e+00
dev-corpus-04,3150,2291,0.000000e+00,2508,2508,2.111334,2.111334,0.0000e+00
dev-corpus-04,3151,283,0.000000e+00,283,283,0.004715,0.004715,0.0000e+00
dev-corpus-04,3152,638,0.000000e+00,638,638,0.135151,0.135151,0.0000e+00
dev-corpus-04,3153,1385,0.000000e+00,1385,1385,0.014084,0.014084,0.0000e+00
dev-corpus-04,3154,4240,0.000000e+00,2589,2589,1.303551,1.303551,0.0000e+00
dev-corpus-04,3155,72998,0.000000e+00,72998,72998,0.021805,0.021805,0.0000e+00
dev-corpus-04,3156,2291,0.000000e+00,2291,2291,0.001686,0.001686,0.0000e+00
dev-corpus-04,3157,271,0.000000e+00,198,198,0.752713,0.752713,0.0000e+00
dev-corpus-04,3158,285,0.000000e+00,262,262,0.765427,0.765427,0.0000e+00
dev-corpus-04,3159,413,0.000000e+00,653,653,1.719268,1.719268,0.0000e+00
dev-corpus-04,3160,30038,0.000000e+00,11074,11074,2.770330,2.770330,0.0000e+00
dev-corpus-04,3161,1153,0.000000e+00,1153,1153,0.575631,0.575631,0.0000e+00
dev-corpus-04,3162,1385,0.000000e+00,1385,1385,0.310936,0.310936,0.0000e+00
dev-corpus-04,3163,4240,0.000000e+00,4240,4240,0.240120,0.240120,0.0000e+00
dev-corpus-04,3164,11,0.000000e+00,11,11,0.005124,0.005124,0.0000e+00
dev-corpus-04,3165,359,0.000000e+00,359,359,0.066239,0.066239,0.0000e+00
dev-corpus-04,3166,4425,0.000000e+00,4425,4425,0.837027,0.837027,0.0000e+00
dev-corpus-04,3167,2291,0.000000e+00,2291,2291,0.032099,0.032099,0.0000e+00
dev-corpus-04,3168,33782,0.000000e+00,33782,33782,0.025644,0.025644,0.0000e+00
dev-corpus-04,3169,198,0.000000e+00,198,198,0.009846,0.009846,0.0000e+00
dev-corpus-04,3170,309,0.000000e+00,309,309,0.001386,0.001386,0.0000e+00
dev-corpus-04,3171,2424,0.000000e+00,638,638,2.296727,2.296727,0.0000e+00
dev-corpus-04,3172,2073,0.000000e+00,2291,2291,3.264835,3.264835,0.0000e+00
dev-corpus-04,3173,283,0.000000e+00,283,283,0.011248,0.011248,0.0000e+00
dev-corpus-04,3174,638,0.000000e+00,638,638,0.034567,0.034567,0.0000e+00
dev-corpus-04,3175,1385,0.000000e+00,1385,1385,0.003529,0.003529,0.0000e+00
dev-corpus-04,3176,4240,0.000000e+00,4240,4240,0.001047,0.001047,0.0000e+00
dev-corpus-04,3177,15236,0.000000e+00,15236,15236,0.002447,0.002447,0.0000e+00
dev-corpus-04,3178,2291,0.000000e+00,2291,2291,0.000502,0.000502,0.0000e+00
dev-corpus-04,3179,198,0.000000e+00,198,198,0.061400,0.061400,0.0000e+00
dev-corpus-04,3180,309,0.000000e+00,285,285,1.771708,1.771708,0.0000e+00
dev-corpus-04,3181,413,0.000000e+00,413,413,0.486701,0.486701,0.0000e+00
dev-corpus-04,3182,2424,0.000000e+00,2424,2424,0.565755,0.565755,0.0000e+00
dev-corpus-04,3183,2073,0.000000e+00,2073,2073,0.005298,0.005298,0.0000e+00
dev-corpus-04,3184,361,0.000000e+00,369,369,2.220277,2.220277,0.0000e+00
dev-corpus-04,3185,220,0.000000e+00,220,220,0.166375,0.166375,0.0000e+00
dev-corpus-04,3186,16,0.000000e+00,16,16,0.774386,0.774386,0.0000e+00
dev-corpus-04,3187,21,0.000000e+00,25,25,1.332485,1.332485,0.0000e+00
dev-corpus-04,3188,25,0.000000e+00,25,25,0.074620,0.074620,0.0000e+00
dev-corpus-04,3189,198,0.000000e+00,198,198,0.030723,0.030723,0.0000e+00
dev-corpus-04,3190,388,0.000000e+00,388,388,0.001750,0.001750,0.0000e+00
dev-corpus-04,3191,696,0.000000e+00,4673,4673,5.695898,5.695898,0.0000e+00
dev-corpus-04,3192,58410,0.000000e+00,32370,32370,3.282612,3.282612,0.0000e+00
dev-corpus-04,3193,20751,0.000000e+00,20751,20751,0.002973,0.002973,0.0000e+00
dev-corpus-04,3194,482,0.000000e+00,7,7,1.178023,1.178023,0.0000e+00
dev-corpus-04,3195,4425,0.000000e+00,4425,4425,1.706871,1.706871,0.0000e+00
dev-corpus-04,3196,2291,0.000000e+00,2073,2073,1.207870,1.207870,0.0000e+00
dev-corpus-04,3197,314,0.000000e+00,361,361,2.098872,2.098872,0.0000e+00
dev-corpus-04,3198,984,0.000000e+00,984,984,0.817690,0.817690,0.0000e+00
dev-corpus-04,3199,67,0.000000e+00,67,67,0.697414,0.697414,0.0000e+00
dev-corpus-04,3200,4816,0.000000e+00,369,369,3.734020,3.734020,0.0000e+00
dev-corpus-04,3201,2166,0.000000e+00,2166,2166,1.080498,1.080498,0.0000e+00
dev-corpus-04,3202,2526,0.000000e+00,2526,2526,0.089637,0.089637,0.0000e+00
dev-corpus-04,3203,26,0.000000e+00,364,364,3.823147,3.823147,0.0000e+00
dev-corpus-04,3204,1608,0.000000e+00,359,359,3.488121,3.488121,0.0000e+00
dev-corpus-04,3205,1004,0.000000e+00,220,220,7.955897,7.955897,0.0000e+00
dev-corpus-04,3206,359,0.000000e+00,1765,1765,1.696133,1.696133,0.0000e+00
dev-corpus-04,3207,198,0.000000e+00,198,198,0.012628,0.012628,0.0000e+00
dev-corpus-04,3208,7322,0.000000e+00,7322,7322,0.684522,0.684522,0.0000e+00
dev-corpus-04,3209,359,0.000000e+00,359,359,0.012604,0.012604,0.0000e+00
dev-corpus-04,3210,2186,0.000000e+00,754,754,1.653772,1.653772,0.0000e+00
dev-corpus-04,3211,314,0.000000e+00,314,314,0.819078,0.819078,0.0000e+00
dev-corpus-04,3212,984,0.000000e+00,220,220,1.462909,1.462909,0.0000e+00
dev-corpus-04,3213,67,0.000000e+00,67,67,0.004430,0.004430,0.0000e+00
dev-corpus-04,3214,3058,0.000000e+00,6,6,3.194665,3.194665,0.0000e+00
dev-corpus-04,3215,984,0.000000e+00,984,984,0.036108,0.036108,0.0000e+00
dev-corpus-04,3216,318,0.000000e+00,318,318,0.028023,0.028023,0.0000e+00
dev-corpus-04,3217,4425,0.000000e+00,4425,4425,0.015417,0.015417,0.0000e+00
dev-corpus-04,3218,2073,0.000000e+00,2073,2073,0.000096,0.000096,0.0000e+00
dev-corpus-04,3219,11,0.000000e+00,11,11,0.000914,0.000914,0.0000e+00
dev-corpus-04,3220,638,0.000000e+00,220,220,2.147726,2.147726,0.0000e+00
dev-corpus-04,3221,15236,0.000000e+00,15236,15236,0.568459,0.568459,0.0000e+00
dev-corpus-04,3222,2073,0.000000e+00,2291,2291,1.723520,1.723520,0.0000e+00
dev-corpus-04,3223,681,0.000000e+00,681,681,0.378627,0.378627,0.0000e+00
dev-corpus-04,3224,198,0.000000e+00,198,198,0.020477,0.020477,0.0000e+00
dev-corpus-04,3225,7322,0.000000e+00,7322,7322,0.005147,0.005147,0.0000e+00
dev-corpus-04,3226,10634,0.000000e+00,696,696,2.469633,2.469633,0.0000e+00
dev-corpus-04,3227,11743,0.000000e+00,11743,11743,0.003267,0.003267,0.0000e+00
dev-corpus-04,3228,11,0.000000e+00,8,8,1.373349,1.373349,0.0000e+00
dev-corpus-04,3229,220,0.000000e+00,5436,5436,3.027454,3.027454,0.0000e+00
dev-corpus-04,3230,17,0.000000e+00,17,17,0.141644,0.141644,0.0000e+00
dev-corpus-04,3231,8,0.000000e+00,8,8,0.005818,0.005818,0.0000e+00
dev-corpus-04,3232,198,0.000000e+00,198,198,0.010683,0.010683,0.0000e+00
dev-corpus-04,3233,388,0.000000e+00,388,388,0.425805,0.425805,0.0000e+00
dev-corpus-04,3234,2424,0.000000e+00,2424,2424,0.485408,0.485408,0.0000e+00
dev-corpus-04,3235,2073,0.000000e+00,2073,2073,0.000208,0.000208,0.0000e+00
dev-corpus-04,3236,283,0.000000e+00,283,283,0.000666,0.000666,0.0000e+00
dev-corpus-04,3237,638,0.000000e+00,638,638,0.152379,0.152379,0.0000e+00
dev-corpus-04,3238,15236,0.000000e+00,15236,15236,0.002480,0.002480,0.0000e+00
dev-corpus-04,3239,2073,0.000000e+00,2073,2073,0.001488,0.001488,0.0000e+00
dev-corpus-04,3240,198,0.000000e+00,198,198,0.582299,0.582299,0.0000e+00
dev-corpus-04,3241,285,0.000000e+00,285,285,0.383388,0.383388,0.0000e+00
dev-corpus-04,3242,745,0.000000e+00,745,745,0.235095,0.235095,0.0000e+00
dev-corpus-04,3243,25,0.000000e+00,25,25,0.000028,0.000028,0.0000e+00
dev-corpus-04,3244,198,0.000000e+00,198,198,0.005144,0.005144,0.0000e+00
dev-corpus-04,3245,309,0.000000e+00,309,309,0.000878,0.000878,0.0000e+00
dev-corpus-04,3246,696,0.000000e+00,2424,2424,4.330293,4.330293,0.0000e+00
dev-corpus-04,3247,58410,0.000000e+00,58410,58410,0.075035,0.075035,0.0000e+00
dev-corpus-04,3248,20751,0.000000e+00,20751,20751,0.000409,0.000409,0.0000e+00
dev-corpus-04,3249,482,0.000000e+00,482,482,0.203961,0.203961,0.0000e+00
dev-corpus-04,3250,2665,0.000000e+00,4425,4425,2.744908,2.744908,0.0000e+00
dev-corpus-04,3251,2424,0.000000e+00,2424,2424,0.059905,0.059905,0.0000e+00
dev-corpus-04,3252,2291,0.000000e+00,2291,2291,0.060754,0.060754,0.0000e+00
dev-corpus-04,3253,6816,0.000000e+00,6816,6816,0.991056,0.991056,0.0000e+00
dev-corpus-04,3254,383,0.000000e+00,1669,1669,2.104795,2.104795,0.0000e+00
dev-corpus-04,3255,2574,0.000000e+00,984,984,6.399883,6.399883,0.0000e+00
dev-corpus-04,3256,20245,0.000000e+00,5010,5010,1.188719,1.188719,0.0000e+00
dev-corpus-04,3257,1576,0.000000e+00,2508,2508,2.680941,2.680941,0.0000e+00
dev-corpus-04,3258,26,0.000000e+00,26,26,0.607436,0.607436,0.0000e+00
dev-corpus-04,3259,359,0.000000e+00,359,359,0.024837,0.024837,0.0000e+00
dev-corpus-04,3260,198,0.000000e+00,198,198,0.000348,0.000348,0.0000e+00
dev-corpus-04,3261,5780,0.000000e+00,5780,5780,0.034000,0.034000,0.0000e+00
dev-corpus-04,3262,359,0.000000e+00,359,359,0.002528,0.002528,0.0000e+00
dev-corpus-04,3263,5439,0.000000e+00,940,940,7.134148,7.134148,0.0000e+00
dev-corpus-04,3264,28528,0.000000e+00,28528,28528,0.046551,0.046551,0.0000e+00
dev-corpus-04,3265,984,0.000000e+00,984,984,1.244867,1.244867,0.0000e+00
dev-corpus-04,3266,67,0.000000e+00,67,67,0.014214,0.014214,0.0000e+00
dev-corpus-04,3267,3058,0.000000e+00,3058,3058,0.653009,0.653009,0.0000e+00
dev-corpus-04,3268,984,0.000000e+00,984,984,0.003766,0.003766,0.0000e+00
dev-corpus-04,3269,318,0.000000e+00,638,638,1.915979,1.915979,0.0000e+00
dev-corpus-04,3270,701,0.000000e+00,701,701,0.031152,0.031152,0.0000e+00
dev-corpus-04,3271,15236,0.000000e+00,15236,15236,0.000503,0.000503,0.0000e+00
dev-corpus-04,3272,2073,0.000000e+00,2073,2073,0.000798,0.000798,0.0000e+00
dev-corpus-04,3273,681,0.000000e+00,681,681,0.161143,0.161143,0.0000e+00
dev-corpus-04,3274,198,0.000000e+00,198,198,0.637539,0.637539,0.0000e+00
dev-corpus-04,3275,5780,0.000000e+00,5780,5780,0.002122,0.002122,0.0000e+00
dev-corpus-04,3276,10634,0.000000e+00,10634,10634,0.006931,0.006931,0.0000e+00
dev-corpus-04,3277,11743,0.000000e+00,11743,11743,0.000106,0.000106,0.0000e+00
dev-corpus-04,3278,11,0.000000e+00,11,11,0.020391,0.020391,0.0000e+00
dev-corpus-04,3279,220,0.000000e+00,220,220,0.002426,0.002426,0.0000e+00
dev-corpus-04,3280,17,0.000000e+00,17,17,0.011439,0.011439,0.0000e+00
dev-corpus-04,3281,8,0.000000e+00,8,8,0.000483,0.000483,0.0000e+00
dev-corpus-04,3282,198,0.000000e+00,198,198,0.413243,0.413243,0.0000e+00
dev-corpus-04,3283,309,0.000000e+00,285,285,1.055760,1.055760,0.0000e+00
dev-corpus-04,3284,2424,0.000000e+00,2424,2424,0.058162,0.058162,0.0000e+00
dev-corpus-04,3285,2073,0.000000e+00,2073,2073,0.000082,0.000082,0.0000e+00
dev-corpus-04,3286,283,0.000000e+00,283,283,0.000566,0.000566,0.0000e+00
dev-corpus-04,3287,638,0.000000e+00,638,638,0.014465,0.014465,0.0000e+00
dev-corpus-04,3288,15236,0.000000e+00,15236,15236,0.000727,0.000727,0.0000e+00
dev-corpus-04,3289,2073,0.000000e+00,2073,2073,0.000142,0.000142,0.0000e+00
dev-corpus-04,3290,271,0.000000e+00,271,271,0.182227,0.182227,0.0000e+00
dev-corpus-04,3291,285,0.000000e+00,285,285,0.040518,0.040518,0.0000e+00
dev-corpus-04,3292,413,0.000000e+00,638,638,1.814366,1.814366,0.0000e+00
dev-corpus-04,3293,2343,0.000000e+00,2424,2424,2.856656,2.856656,0.0000e+00
dev-corpus-04,3294,4702,0.000000e+00,18119,18119,2.348878,2.348878,0.0000e+00
dev-corpus-04,3295,8,0.000000e+00,8,8,0.015104,0.015104,0.0000e+00
dev-corpus-04,3296,835,0.000000e+00,835,835,0.587140,0.587140,0.0000e+00
dev-corpus-04,3297,2424,0.000000e+00,2424,2424,0.096386,0.096386,0.0000e+00
dev-corpus-04,3298,2073,0.000000e+00,2073,2073,0.000334,0.000334,0.0000e+00
dev-corpus-04,3299,25,0.000000e+00,25,25,0.041465,0.041465,0.0000e+00
dev-corpus-04,3300,198,0.000000e+00,198,198,0.006761,0.006761,0.0000e+00
dev-corpus-04,3301,309,0.000000e+00,309,309,0.000949,0.000949,0.0000e+00
dev-corpus-04,3302,1328,0.000000e+00,1328,1328,0.834027,0.834027,0.0000e+00
dev-corpus-04,3303,283,0.000000e+00,283,283,0.016926,0.016926,0.0000e+00
dev-corpus-04,3304,20245,0.000000e+00,638,638,2.071138,2.071138,0.0000e+00
dev-corpus-04,3305,30919,0.000000e+00,30919,30919,0.102617,0.102617,0.0000e+00
dev-corpus-04,3306,4702,0.000000e+00,4702,4702,0.010101,0.010101,0.0000e+00
dev-corpus-04,3307,553,0.000000e+00,553,553,0.514960,0.514960,0.0000e+00
dev-corpus-04,3308,35138,0.000000e+00,35138,35138,0.004216,0.004216,0.0000e+00
dev-corpus-04,3309,363,0.000000e+00,363,363,0.001967,0.001967,0.0000e+00
dev-corpus-04,3310,271,0.000000e+00,271,271,0.676436,0.676436,0.0000e+00
dev-corpus-04,3311,285,0.000000e+00,285,285,0.003847,0.003847,0.0000e+00
dev-corpus-04,3312,653,0.000000e+00,638,638,2.441760,2.441760,0.0000e+00
dev-corpus-04,3313,638,0.000000e+00,561,561,4.618788,4.618788,0.0000e+00
dev-corpus-04,3314,15236,0.000000e+00,1385,1385,2.386223,2.386223,0.0000e+00
dev-corpus-04,3315,2073,0.000000e+00,2073,2073,0.096790,0.096790,0.0000e+00
dev-corpus-04,3316,369,0.000000e+00,369,369,0.908645,0.908645,0.0000e+00
dev-corpus-04,3317,279,0.000000e+00,279,279,1.133982,1.133982,0.0000e+00
dev-corpus-04,3318,1581,0.000000e+00,2424,2424,5.399657,5.399657,0.0000e+00
dev-corpus-04,3319,2424,0.000000e+00,2424,2424,1.163254,1.163254,0.0000e+00
dev-corpus-04,3320,2073,0.000000e+00,1331,1331,0.768672,0.768672,0.0000e+00
dev-corpus-04,3321,13,0.000000e+00,364,364,3.003485,3.003485,0.0000e+00
dev-corpus-04,3322,638,0.000000e+00,198,198,4.096514,4.096514,0.0000e+00
dev-corpus-04,3323,15236,0.000000e+00,1385,1385,2.591828,2.591828,0.0000e+00
dev-corpus-04,3324,2291,0.000000e+00,2073,2073,1.906152,1.906152,0.0000e+00
dev-corpus-04,3325,369,0.000000e+00,369,369,0.365623,0.365623,0.0000e+00
dev-corpus-04,3326,198,0.000000e+00,279,279,1.704889,1.704889,0.0000e+00
dev-corpus-04,3327,285,0.000000e+00,285,285,0.000323,0.000323,0.0000e+00
dev-corpus-04,3328,653,0.000000e+00,653,653,0.000227,0.000227,0.0000e+00
dev-corpus-04,3329,7139,0.000000e+00,279,279,9.777848,9.777848,0.0000e+00
dev-corpus-04,3330,2424,0.000000e+00,2424,2424,0.151786,0.151786,0.0000e+00
dev-corpus-04,3331,1331,0.000000e+00,2073,2073,1.343260,1.343260,0.0000e+00
dev-corpus-04,3332,430,0.000000e+00,13,13,5.310183,5.310183,0.0000e+00
dev-corpus-04,3333,1575,0.000000e+00,10521,10521,5.759781,5.759781,0.0000e+00
dev-corpus-04,3334,430,0.000000e+00,430,430,0.283892,0.283892,0.0000e+00
dev-corpus-04,3335,279,0.000000e+00,279,279,1.245975,1.245975,0.0000e+00
dev-corpus-04,3336,569,0.000000e+00,1324,1324,5.876576,5.876576,0.0000e+00
dev-corpus-04,3337,5165,0.000000e+00,5165,5165,1.184519,1.184519,0.0000e+00
dev-corpus-04,3338,6816,0.000000e+00,13,13,5.113358,5.113358,0.0000e+00
dev-corpus-04,3339,13,0.000000e+00,13,13,0.589169,0.589169,0.0000e+00
dev-corpus-04,3340,198,0.000000e+00,198,198,0.109878,0.109878,0.0000e+00
dev-corpus-04,3341,285,0.000000e+00,285,285,0.000435,0.000435,0.0000e+00
dev-corpus-04,3342,638,0.000000e+00,638,638,0.344387,0.344387,0.0000e+00
dev-corpus-04,3343,15236,0.000000e+00,15236,15236,0.147561,0.147561,0.0000e+00
dev-corpus-04,3344,2291,0.000000e+00,2291,2291,0.282271,0.282271,0.0000e+00
dev-corpus-04,3345,283,0.000000e+00,283,283,0.002686,0.002686,0.0000e+00
dev-corpus-04,3346,2424,0.000000e+00,2424,2424,0.270891,0.270891,0.0000e+00
dev-corpus-04,3347,2073,0.000000e+00,2073,2073,0.000811,0.000811,0.0000e+00
dev-corpus-04,3348,271,0.000000e+00,198,198,0.981439,0.981439,0.0000e+00
dev-corpus-04,3349,285,0.000000e+00,285,285,0.134725,0.134725,0.0000e+00
dev-corpus-04,3350,1328,0.000000e+00,653,653,4.657848,4.657848,0.0000e+00
dev-corpus-04,3351,283,0.000000e+00,6892,6892,1.709489,1.709489,0.0000e+00
dev-corpus-04,3352,1328,0.000000e+00,1328,1328,1.438094,1.438094,0.0000e+00
dev-corpus-04,3353,890,0.000000e+00,478,478,1.328583,1.328583,0.0000e+00
dev-corpus-04,3354,4111,0.000000e+00,4111,4111,0.003654,0.003654,0.0000e+00
dev-corpus-04,3355,18119,0.000000e+00,18119,18119,0.516025,0.516025,0.0000e+00
dev-corpus-04,3356,2073,0.000000e+00,2073,2073,0.002767,0.002767,0.0000e+00
dev-corpus-04,3357,11,0.000000e+00,11,11,0.274076,0.274076,0.0000e+00
dev-corpus-04,3358,292,0.000000e+00,292,292,0.064869,0.064869,0.0000e+00
dev-corpus-04,3359,15313,0.000000e+00,15313,15313,0.113264,0.113264,0.0000e+00
dev-corpus-04,3360,15,0.000000e+00,87,87,1.032224,1.032224,0.0000e+00
dev-corpus-04,3361,837,0.000000e+00,837,837,0.034668,0.034668,0.0000e+00
dev-corpus-04,3362,198,0.000000e+00,198,198,0.333995,0.333995,0.0000e+00
dev-corpus-04,3363,285,0.000000e+00,285,285,0.002803,0.002803,0.0000e+00
dev-corpus-04,3364,638,0.000000e+00,638,638,0.818698,0.818698,0.0000e+00
dev-corpus-04,3365,1385,0.000000e+00,1385,1385,0.163922,0.163922,0.0000e+00
dev-corpus-04,3366,2589,0.000000e+00,558,558,5.064472,5.064472,0.0000e+00
dev-corpus-04,3367,5149,0.000000e+00,5149,5149,0.590825,0.590825,0.0000e+00
dev-corpus-04,3368,4702,0.000000e+00,4702,4702,0.410301,0.410301,0.0000e+00
dev-corpus-04,3369,25081,0.000000e+00,8,8,5.461305,5.461305,0.0000e+00
dev-corpus-04,3370,31992,0.000000e+00,2231,2231,5.668918,5.668918,0.0000e+00
dev-corpus-04,3371,62,0.000000e+00,5070,5070,2.828894,2.828894,0.0000e+00
dev-corpus-04,3372,20,0.000000e+00,15,15,4.694118,4.694118,0.0000e+00
dev-corpus-04,3373,34,0.000000e+00,66,66,4.156168,4.156168,0.0000e+00
dev-corpus-04,3374,578,0.000000e+00,578,578,1.067443,1.067443,0.0000e+00
dev-corpus-04,3375,198,0.000000e+00,198,198,0.046846,0.046846,0.0000e+00
dev-corpus-04,3376,285,0.000000e+00,285,285,0.000156,0.000156,0.0000e+00
dev-corpus-04,3377,638,0.000000e+00,638,638,0.022658,0.022658,0.0000e+00
dev-corpus-04,3378,1385,0.000000e+00,1385,1385,0.002553,0.002553,0.0000e+00
dev-corpus-04,3379,4240,0.000000e+00,4240,4240,0.046875,0.046875,0.0000e+00
dev-corpus-04,3380,5149,0.000000e+00,5149,5149,0.011775,0.011775,0.0000e+00
dev-corpus-04,3381,4702,0.000000e+00,4702,4702,0.013318,0.013318,0.0000e+00
dev-corpus-04,3382,25081,0.000000e+00,25081,25081,0.081628,0.081628,0.0000e+00
dev-corpus-04,3383,31992,0.000000e+00,31992,31992,0.004460,0.004460,0.0000e+00
dev-corpus-04,3384,62,0.000000e+00,62,62,0.011685,0.011685,0.0000e+00
dev-corpus-04,3385,18,0.000000e+00,21,21,1.622926,1.622926,0.0000e+00
dev-corpus-04,3386,21,0.000000e+00,34,34,1.319203,1.319203,0.0000e+00
dev-corpus-04,3387,578,0.000000e+00,578,578,0.022837,0.022837,0.0000e+00
dev-corpus-04,3388,198,0.000000e+00,271,271,1.091623,1.091623,0.0000e+00
dev-corpus-04,3389,285,0.000000e+00,285,285,0.043311,0.043311,0.0000e+00
dev-corpus-04,3390,413,0.000000e+00,638,638,3.670712,3.670712,0.0000e+00
dev-corpus-04,3391,3623,0.000000e+00,30038,30038,5.600542,5.600542,0.0000e+00
dev-corpus-04,3392,369,0.000000e+00,369,369,0.770443,0.770443,0.0000e+00
dev-corpus-04,3393,524,0.000000e+00,524,524,0.452623,0.452623,0.0000e+00
dev-corpus-04,3394,2168,0.000000e+00,2168,2168,0.016855,0.016855,0.0000e+00
dev-corpus-04,3395,25,0.000000e+00,25,25,0.011895,0.011895,0.0000e+00
dev-corpus-04,3396,198,0.000000e+00,198,198,0.005024,0.005024,0.0000e+00
dev-corpus-04,3397,309,0.000000e+00,309,309,0.001307,0.001307,0.0000e+00
dev-corpus-04,3398,638,0.000000e+00,638,638,0.043170,0.043170,0.0000e+00
dev-corpus-04,3399,5149,0.000000e+00,5149,5149,0.054416,0.054416,0.0000e+00
dev-corpus-04,3400,7863,0.000000e+00,7863,7863,0.006680,0.006680,0.0000e+00
dev-corpus-04,3401,8,0.000000e+00,8,8,0.002222,0.002222,0.0000e+00
dev-corpus-04,3402,271,0.000000e+00,271,271,0.176654,0.176654,0.0000e+00
dev-corpus-04,3403,262,0.000000e+00,262,262,0.068315,0.068315,0.0000e+00
dev-corpus-04,3404,554,0.000000e+00,687,687,2.681272,2.681272,0.0000e+00
dev-corpus-04,3405,3573,0.000000e+00,3573,3573,0.249658,0.249658,0.0000e+00
dev-corpus-04,3406,198,0.000000e+00,198,198,0.002529,0.002529,0.0000e+00
dev-corpus-04,3407,262,0.000000e+00,262,262,0.095118,0.095118,0.0000e+00
dev-corpus-04,3408,687,0.000000e+00,687,687,0.039016,0.039016,0.0000e+00
dev-corpus-04,3409,803,0.000000e+00,1328,1328,5.152946,5.152946,0.0000e+00
dev-corpus-04,3410,1153,0.000000e+00,1153,1153,0.003258,0.003258,0.0000e+00
dev-corpus-04,3411,1590,0.000000e+00,1590,1590,0.000687,0.000687,0.0000e+00
dev-corpus-04,3412,198,0.000000e+00,198,198,0.008209,0.008209,0.0000e+00
dev-corpus-04,3413,285,0.000000e+00,285,285,0.000564,0.000564,0.0000e+00
dev-corpus-04,3414,413,0.000000e+00,460,460,2.903585,2.903585,0.0000e+00
dev-corpus-04,3415,638,0.000000e+00,11074,11074,1.600990,1.600990,0.0000e+00
dev-corpus-04,3416,1385,0.000000e+00,1385,1385,0.146234,0.146234,0.0000e+00
dev-corpus-04,3417,71,0.000000e+00,71,71,0.731177,0.731177,0.0000e+00
dev-corpus-04,3418,11609,0.000000e+00,11609,11609,0.000487,0.000487,0.0000e+00
dev-corpus-04,3419,25,0.000000e+00,369,369,0.952179,0.952179,0.0000e+00
dev-corpus-04,3420,198,0.000000e+00,198,198,0.007107,0.007107,0.0000e+00
dev-corpus-04,3421,309,0.000000e+00,309,309,0.000877,0.000877,0.0000e+00
dev-corpus-04,3422,460,0.000000e+00,460,460,0.068784,0.068784,0.0000e+00
dev-corpus-04,3423,638,0.000000e+00,638,638,1.078640,1.078640,0.0000e+00
dev-corpus-04,3424,1385,0.000000e+00,1385,1385,0.004356,0.004356,0.0000e+00
dev-corpus-04,3425,71,0.000000e+00,71,71,0.012909,0.012909,0.0000e+00
dev-corpus-04,3426,11609,0.000000e+00,11609,11609,0.000216,0.000216,0.0000e+00
dev-corpus-04,3427,2557,0.000000e+00,2557,2557,0.098290,0.098290,0.0000e+00
dev-corpus-04,3428,198,0.000000e+00,198,198,0.191315,0.191315,0.0000e+00
dev-corpus-04,3429,285,0.000000e+00,285,285,0.000709,0.000709,0.0000e+00
dev-corpus-04,3430,745,0.000000e+00,745,745,0.928627,0.928627,0.0000e+00
dev-corpus-04,3431,25,0.000000e+00,25,25,0.000050,0.000050,0.0000e+00
dev-corpus-04,3432,198,0.000000e+00,198,198,0.000694,0.000694,0.0000e+00
dev-corpus-04,3433,309,0.000000e+00,309,309,0.000396,0.000396,0.0000e+00
dev-corpus-04,3434,460,0.000000e+00,460,460,0.065971,0.065971,0.0000e+00
dev-corpus-04,3435,281,0.000000e+00,638,638,7.095566,7.095566,0.0000e+00
dev-corpus-04,3436,75833,0.000000e+00,64707,64707,2.751280,2.751280,0.0000e+00
dev-corpus-04,3437,11609,0.000000e+00,11609,11609,0.005226,0.005226,0.0000e+00
dev-corpus-04,3438,61209,0.000000e+00,17878,17878,2.191334,2.191334,0.0000e+00
dev-corpus-04,3439,701,0.000000e+00,701,701,0.054286,0.054286,0.0000e+00
dev-corpus-04,3440,1385,0.000000e+00,1385,1385,0.205249,0.205249,0.0000e+00
dev-corpus-04,3441,4240,0.000000e+00,4240,4240,0.372103,0.372103,0.0000e+00
dev-corpus-04,3442,2557,0.000000e+00,2557,2557,0.011675,0.011675,0.0000e+00
dev-corpus-04,3443,9571,0.000000e+00,9571,9571,0.024358,0.024358,0.0000e+00
dev-corpus-04,3444,271,0.000000e+00,271,271,0.093820,0.093820,0.0000e+00
dev-corpus-04,3445,262,0.000000e+00,262,262,0.004682,0.004682,0.0000e+00
dev-corpus-04,3446,687,0.000000e+00,687,687,0.305690,0.305690,0.0000e+00
dev-corpus-04,3447,2560,0.000000e+00,2560,2560,0.327742,0.327742,0.0000e+00
dev-corpus-04,3448,1153,0.000000e+00,1153,1153,0.001449,0.001449,0.0000e+00
dev-corpus-04,3449,11,0.000000e+00,11,11,0.000434,0.000434,0.0000e+00
dev-corpus-04,3450,3623,0.000000e+00,3623,3623,0.578495,0.578495,0.0000e+00
dev-corpus-04,3451,1590,0.000000e+00,1590,1590,0.645899,0.645899,0.0000e+00
dev-corpus-04,3452,198,0.000000e+00,198,198,0.001513,0.001513,0.0000e+00
dev-corpus-04,3453,285,0.000000e+00,285,285,0.000197,0.000197,0.0000e+00
dev-corpus-04,3454,4071,0.000000e+00,413,413,1.854935,1.854935,0.0000e+00
dev-corpus-04,3455,27974,0.000000e+00,198,198,5.800324,5.800324,0.0000e+00
dev-corpus-04,3456,795,0.000000e+00,795,795,1.177123,1.177123,0.0000e+00
dev-corpus-04,3457,494,0.000000e+00,1083,1083,6.241870,6.241870,0.0000e+00
dev-corpus-04,3458,3623,0.000000e+00,3623,3623,0.879390,0.879390,0.0000e+00
dev-corpus-04,3459,1083,0.000000e+00,1083,1083,0.658143,0.658143,0.0000e+00
dev-corpus-04,3460,411,0.000000e+00,279,279,2.904855,2.904855,0.0000e+00
dev-corpus-04,3461,69898,0.000000e+00,92610,92610,6.676220,6.676220,0.0000e+00
dev-corpus-04,3462,1576,0.000000e+00,1576,1576,0.331952,0.331952,0.0000e+00
dev-corpus-04,3463,71483,0.000000e+00,13,13,0.977279,0.977279,0.0000e+00
dev-corpus-04,3464,198,0.000000e+00,198,198,0.084706,0.084706,0.0000e+00
dev-corpus-04,3465,285,0.000000e+00,285,285,0.000666,0.000666,0.0000e+00
dev-corpus-04,3466,1699,0.000000e+00,413,413,12.594541,12.594541,0.0000e+00
dev-corpus-04,3467,283,0.000000e+00,283,283,0.200436,0.200436,0.0000e+00
dev-corpus-04,3468,638,0.000000e+00,638,638,0.108447,0.108447,0.0000e+00
dev-corpus-04,3469,1385,0.000000e+00,1385,1385,0.131421,0.131421,0.0000e+00
dev-corpus-04,3470,71,0.000000e+00,4240,4240,2.568408,2.568408,0.0000e+00
dev-corpus-04,3471,11609,0.000000e+00,11609,11609,0.000387,0.000387,0.0000e+00
dev-corpus-04,3472,466,0.000000e+00,198,198,0.978884,0.978884,0.0000e+00
dev-corpus-04,3473,638,0.000000e+00,638,638,0.049487,0.049487,0.0000e+00
dev-corpus-04,3474,1385,0.000000e+00,1385,1385,0.374450,0.374450,0.0000e+00
dev-corpus-04,3475,4240,0.000000e+00,4240,4240,0.086745,0.086745,0.0000e+00
dev-corpus-04,3476,198,0.000000e+00,198,198,0.224116,0.224116,0.0000e+00
dev-corpus-04,3477,285,0.000000e+00,285,285,0.000046,0.000046,0.0000e+00
dev-corpus-04,3478,1699,0.000000e+00,1699,1699,0.769586,0.769586,0.0000e+00
dev-corpus-04,3479,5149,0.000000e+00,5149,5149,0.014069,0.014069,0.0000e+00
dev-corpus-04,3480,7863,0.000000e+00,7863,7863,0.013956,0.013956,0.0000e+00
dev-corpus-04,3481,8,0.000000e+00,8,8,0.004217,0.004217,0.0000e+00
dev-corpus-04,3482,271,0.000000e+00,271,271,0.205213,0.205213,0.0000e+00
dev-corpus-04,3483,262,0.000000e+00,262,262,0.027824,0.027824,0.0000e+00
dev-corpus-04,3484,687,0.000000e+00,687,687,0.057441,0.057441,0.0000e+00
dev-corpus-04,3485,2880,0.000000e+00,20245,20245,3.047610,3.047610,0.0000e+00
dev-corpus-04,3486,1153,0.000000e+00,1153,1153,0.007868,0.007868,0.0000e+00
dev-corpus-04,3487,1590,0.000000e+00,1590,1590,0.030300,0.030300,0.0000e+00
dev-corpus-04,3488,198,0.000000e+00,198,198,0.002895,0.002895,0.0000e+00
dev-corpus-04,3489,285,0.000000e+00,285,285,0.000106,0.000106,0.0000e+00
dev-corpus-04,3490,4071,0.000000e+00,4071,4071,0.155978,0.155978,0.0000e+00
dev-corpus-04,3491,5423,0.000000e+00,5423,5423,0.592211,0.592211,0.0000e+00
dev-corpus-04,3492,264,0.000000e+00,264,264,0.078230,0.078230,0.0000e+00
dev-corpus-04,3493,8387,0.000000e+00,2880,2880,6.586274,6.586274,0.0000e+00
dev-corpus-04,3494,2880,0.000000e+00,2880,2880,0.543252,0.543252,0.0000e+00
dev-corpus-04,3495,314,0.000000e+00,314,314,0.082982,0.082982,0.0000e+00
dev-corpus-04,3496,411,0.000000e+00,411,411,0.149529,0.149529,0.0000e+00
dev-corpus-04,3497,69898,0.000000e+00,1576,1576,1.705811,1.705811,0.0000e+00
dev-corpus-04,3498,1576,0.000000e+00,1576,1576,0.011802,0.011802,0.0000e+00
dev-corpus-04,3499,13,0.000000e+00,71483,71483,2.638458,2.638458,0.0000e+00
dev-corpus-04,3500,271,0.000000e+00,271,271,0.715758,0.715758,0.0000e+00
dev-corpus-04,3501,285,0.000000e+00,285,285,0.008699,0.008699,0.0000e+00
dev-corpus-04,3502,1473,0.000000e+00,561,561,6.879756,6.879756,0.0000e+00
dev-corpus-04,3503,2560,0.000000e+00,92610,92610,2.228325,2.228325,0.0000e+00
dev-corpus-04,3504,310,0.000000e+00,310,310,0.787355,0.787355,0.0000e+00
dev-corpus-04,3505,411,0.000000e+00,279,279,2.204585,2.204585,0.0000e+00
dev-corpus-04,3506,2880,0.000000e+00,1576,1576,1.066729,1.066729,0.0000e+00
dev-corpus-04,3507,2677,0.000000e+00,668,668,2.503971,2.503971,0.0000e+00
dev-corpus-04,3508,914,0.000000e+00,914,914,0.000828,0.000828,0.0000e+00
dev-corpus-04,3509,7556,0.000000e+00,7556,7556,0.252064,0.252064,0.0000e+00
dev-corpus-04,3510,279,0.000000e+00,279,279,0.213900,0.213900,0.0000e+00
dev-corpus-04,3511,3889,0.000000e+00,3889,3889,0.173667,0.173667,0.0000e+00
dev-corpus-04,3512,1576,0.000000e+00,13,13,1.350855,1.350855,0.0000e+00
dev-corpus-04,3513,13,0.000000e+00,13,13,0.585033,0.585033,0.0000e+00
dev-corpus-04,3514,198,0.000000e+00,198,198,0.162333,0.162333,0.0000e+00
dev-corpus-04,3515,285,0.000000e+00,285,285,0.000702,0.000702,0.0000e+00
dev-corpus-04,3516,4071,0.000000e+00,4071,4071,0.163613,0.163613,0.0000e+00
dev-corpus-04,3517,198,0.000000e+00,198,198,0.021337,0.021337,0.0000e+00
dev-corpus-04,3518,285,0.000000e+00,285,285,0.000344,0.000344,0.0000e+00
dev-corpus-04,3519,653,0.000000e+00,460,460,2.964114,2.964114,0.0000e+00
dev-corpus-04,3520,6920,0.000000e+00,1165,1165,6.297451,6.297451,0.0000e+00
dev-corpus-04,3521,1259,0.000000e+00,279,279,4.163591,4.163591,0.0000e+00
dev-corpus-04,3522,902,0.000000e+00,2251,2251,1.883469,1.883469,0.0000e+00
dev-corpus-04,3523,548,0.000000e+00,548,548,0.117141,0.117141,0.0000e+00
dev-corpus-04,3524,5774,0.000000e+00,310,310,2.344236,2.344236,0.0000e+00
dev-corpus-04,3525,310,0.000000e+00,310,310,0.604785,0.604785,0.0000e+00
dev-corpus-04,3526,5471,0.000000e+00,5471,5471,0.588146,0.588146,0.0000e+00
dev-corpus-04,3527,279,0.000000e+00,7842,7842,2.542873,2.542873,0.0000e+00
dev-corpus-04,3528,11064,0.000000e+00,1259,1259,4.816567,4.816567,0.0000e+00
dev-corpus-04,3529,1259,0.000000e+00,1259,1259,1.583192,1.583192,0.0000e+00
dev-corpus-04,3530,2251,0.000000e+00,2251,2251,0.014070,0.014070,0.0000e+00
dev-corpus-04,3531,18162,0.000000e+00,548,548,1.703470,1.703470,0.0000e+00
dev-corpus-04,3532,198,0.000000e+00,198,198,0.078845,0.078845,0.0000e+00
dev-corpus-04,3533,285,0.000000e+00,285,285,0.000175,0.000175,0.0000e+00
dev-corpus-04,3534,975,0.000000e+00,653,653,4.879153,4.879153,0.0000e+00
dev-corpus-04,3535,283,0.000000e+00,283,283,0.012244,0.012244,0.0000e+00
dev-corpus-04,3536,638,0.000000e+00,1576,1576,1.732242,1.732242,0.0000e+00
dev-corpus-04,3537,4692,0.000000e+00,4692,4692,0.005270,0.005270,0.0000e+00
dev-corpus-04,3538,1005,0.000000e+00,1005,1005,0.007096,0.007096,0.0000e+00
dev-corpus-04,3539,47719,0.000000e+00,47719,47719,0.005716,0.005716,0.0000e+00
dev-corpus-04,3540,902,0.000000e+00,902,902,0.000186,0.000186,0.0000e+00
dev-corpus-04,3541,3676,0.000000e+00,3676,3676,0.000971,0.000971,0.0000e+00
dev-corpus-04,3542,701,0.000000e+00,701,701,0.042346,0.042346,0.0000e+00
dev-corpus-04,3543,4692,0.000000e+00,4692,4692,0.000521,0.000521,0.0000e+00
dev-corpus-04,3544,1005,0.000000e+00,1005,1005,0.000062,0.000062,0.0000e+00
dev-corpus-04,3545,18562,0.000000e+00,18562,18562,0.026880,0.026880,0.0000e+00
dev-corpus-04,3546,198,0.000000e+00,198,198,0.099723,0.099723,0.0000e+00
dev-corpus-04,3547,285,0.000000e+00,285,285,0.000596,0.000596,0.0000e+00
dev-corpus-04,3548,975,0.000000e+00,975,975,0.472228,0.472228,0.0000e+00
dev-corpus-04,3549,72998,0.000000e+00,1385,1385,2.142780,2.142780,0.0000e+00
dev-corpus-04,3550,2291,0.000000e+00,2291,2291,0.091003,0.091003,0.0000e+00
dev-corpus-04,3551,283,0.000000e+00,283,283,0.003494,0.003494,0.0000e+00
dev-corpus-04,3552,638,0.000000e+00,638,638,0.006481,0.006481,0.0000e+00
dev-corpus-04,3553,72998,0.000000e+00,72998,72998,0.026111,0.026111,0.0000e+00
dev-corpus-04,3554,2291,0.000000e+00,2291,2291,0.000182,0.000182,0.0000e+00
dev-corpus-04,3555,198,0.000000e+00,198,198,0.018683,0.018683,0.0000e+00
dev-corpus-04,3556,285,0.000000e+00,285,285,0.000040,0.000040,0.0000e+00
dev-corpus-04,3557,413,0.000000e+00,975,975,3.189958,3.189958,0.0000e+00
dev-corpus-04,3558,638,0.000000e+00,638,638,0.387851,0.387851,0.0000e+00
dev-corpus-04,3559,1385,0.000000e+00,1385,1385,0.016853,0.016853,0.0000e+00
dev-corpus-04,3560,71,0.000000e+00,71,71,0.044054,0.044054,0.0000e+00
dev-corpus-04,3561,11609,0.000000e+00,11609,11609,0.000033,0.000033,0.0000e+00
dev-corpus-04,3562,25,0.000000e+00,25,25,0.145754,0.145754,0.0000e+00
dev-corpus-04,3563,198,0.000000e+00,198,198,0.002015,0.002015,0.0000e+00
dev-corpus-04,3564,309,0.000000e+00,309,309,0.000189,0.000189,0.0000e+00
dev-corpus-04,3565,975,0.000000e+00,975,975,0.081684,0.081684,0.0000e+00
dev-corpus-04,3566,1385,0.000000e+00,1385,1385,0.030023,0.030023,0.0000e+00
dev-corpus-04,3567,71,0.000000e+00,71,71,0.040227,0.040227,0.0000e+00
dev-corpus-04,3568,11609,0.000000e+00,11609,11609,0.000081,0.000081,0.0000e+00
dev-corpus-04,3569,283,0.000000e+00,283,283,0.004680,0.004680,0.0000e+00
dev-corpus-04,3570,638,0.000000e+00,638,638,0.077235,0.077235,0.0000e+00
dev-corpus-04,3571,1385,0.000000e+00,1385,1385,0.000816,0.000816,0.0000e+00
dev-corpus-04,3572,71,0.000000e+00,71,71,0.003650,0.003650,0.0000e+00
dev-corpus-04,3573,11609,0.000000e+00,11609,11609,0.000019,0.000019,0.0000e+00
dev-corpus-04,3574,11883,0.000000e+00,198,198,2.261045,2.261045,0.0000e+00
dev-corpus-04,3575,363,0.000000e+00,363,363,0.006077,0.006077,0.0000e+00
dev-corpus-04,3576,198,0.000000e+00,198,198,0.032353,0.032353,0.0000e+00
dev-corpus-04,3577,309,0.000000e+00,309,309,0.511693,0.511693,0.0000e+00
dev-corpus-04,3578,975,0.000000e+00,975,975,0.069361,0.069361,0.0000e+00
dev-corpus-04,3579,1385,0.000000e+00,1385,1385,0.030790,0.030790,0.0000e+00
dev-corpus-04,3580,4240,0.000000e+00,2589,2589,1.129145,1.129145,0.0000e+00
dev-corpus-04,3581,283,0.000000e+00,283,283,0.012779,0.012779,0.0000e+00
dev-corpus-04,3582,975,0.000000e+00,638,638,2.525338,2.525338,0.0000e+00
dev-corpus-04,3583,1385,0.000000e+00,1385,1385,0.003921,0.003921,0.0000e+00
dev-corpus-05,3584,198,0.000000e+00,198,198,0.002226,0.002226,0.0000e+00
dev-corpus-05,3585,72240,0.000000e+00,3710,3710,7.007180,7.007180,0.0000e+00
dev-corpus-05,3586,264,0.000000e+00,279,279,2.366127,2.366127,0.0000e+00
dev-corpus-05,3587,41272,0.000000e+00,3050,3050,8.583076,8.583076,0.0000e+00
dev-corpus-05,3588,5918,0.000000e+00,4299,4299,1.974584,1.974584,0.0000e+00
dev-corpus-05,3589,314,0.000000e+00,303,303,4.622642,4.622642,0.0000e+00
dev-corpus-05,3590,264,0.000000e+00,264,264,0.368072,0.368072,0.0000e+00
dev-corpus-05,3591,65715,0.000000e+00,3542,3542,7.592557,7.592557,0.0000e+00
dev-corpus-05,3592,46060,0.000000e+00,46060,46060,0.007316,0.007316,0.0000e+00
dev-corpus-05,3593,11,0.000000e+00,3725,3725,5.924785,5.924785,0.0000e+00
dev-corpus-05,3594,76501,0.000000e+00,1675,1675,2.135657,2.135657,0.0000e+00
dev-corpus-05,3595,11,0.000000e+00,3177,3177,3.095070,3.095070,0.0000e+00
dev-corpus-05,3596,26305,0.000000e+00,1496,1496,10.857506,10.857506,0.0000e+00
dev-corpus-05,3597,4384,0.000000e+00,4384,4384,0.203157,0.203157,0.0000e+00
dev-corpus-05,3598,22175,0.000000e+00,248046,248046,5.170615,5.170615,0.0000e+00
dev-corpus-05,3599,314,0.000000e+00,248046,248046,2.616017,2.616017,0.0000e+00
dev-corpus-05,3600,26338,0.000000e+00,279,279,6.896030,6.896030,0.0000e+00
dev-corpus-05,3601,290,0.000000e+00,290,290,0.002571,0.002571,0.0000e+00
dev-corpus-05,3602,321,0.000000e+00,12041,12041,6.867630,6.867630,0.0000e+00
dev-corpus-05,3603,40751,0.000000e+00,40751,40751,0.373396,0.373396,0.0000e+00
dev-corpus-05,3604,7529,0.000000e+00,12041,12041,2.254472,2.254472,0.0000e+00
dev-corpus-05,3605,23620,0.000000e+00,13,13,8.222564,8.222564,0.0000e+00
dev-corpus-05,3606,279,0.000000e+00,279,279,0.811596,0.811596,0.0000e+00
dev-corpus-05,3607,39577,0.000000e+00,23611,23611,11.581134,11.581134,0.0000e+00
dev-corpus-05,3608,5716,0.000000e+00,6775,6775,2.549894,2.549894,0.0000e+00
dev-corpus-05,3609,314,0.000000e+00,314,314,0.267346,0.267346,0.0000e+00
dev-corpus-05,3610,23739,0.000000e+00,264,264,6.667500,6.667500,0.0000e+00
dev-corpus-05,3611,12282,0.000000e+00,12282,12282,1.501722,1.501722,0.0000e+00
dev-corpus-05,3612,13,0.000000e+00,13,13,0.868090,0.868090,0.0000e+00
dev-corpus-05,3613,248046,0.000000e+00,248046,248046,0.173454,0.173454,0.0000e+00
dev-corpus-05,3614,198,0.000000e+00,198,198,0.000066,0.000066,0.0000e+00
dev-corpus-05,3615,248045,0.000000e+00,248045,248045,0.000219,0.000219,0.0000e+00
dev-corpus-05,3616,74455,0.000000e+00,248045,248045,5.016970,5.016970,0.0000e+00
dev-corpus-05,3617,198,0.000000e+00,198,198,0.001609,0.001609,0.0000e+00
dev-corpus-05,3618,623,0.000000e+00,248068,248068,21.238846,21.238846,0.0000e+00
dev-corpus-05,3619,264,0.000000e+00,279,279,4.681944,4.681944,0.0000e+00
dev-corpus-05,3620,4941,0.000000e+00,72643,72643,6.259982,6.259982,0.0000e+00
dev-corpus-05,3621,391,0.000000e+00,391,391,0.055657,0.055657,0.0000e+00
dev-corpus-05,3622,12647,0.000000e+00,12647,12647,0.027387,0.027387,0.0000e+00
dev-corpus-05,3623,11,0.000000e+00,72643,72643,1.976653,1.976653,0.0000e+00
dev-corpus-05,3624,76501,0.000000e+00,1146,1146,8.419415,8.419415,0.0000e+00
dev-corpus-05,3625,26068,0.000000e+00,23459,23459,6.661160,6.661160,0.0000e+00
dev-corpus-05,3626,2956,0.000000e+00,23459,23459,2.494106,2.494106,0.0000e+00
dev-corpus-05,3627,440,0.000000e+00,11,11,3.136177,3.136177,0.0000e+00
dev-corpus-05,3628,264,0.000000e+00,13876,13876,2.016011,2.016011,0.0000e+00
dev-corpus-05,3629,13769,0.000000e+00,21482,21482,4.967108,4.967108,0.0000e+00
dev-corpus-05,3630,1898,0.000000e+00,6220,6220,9.261092,9.261092,0.0000e+00
dev-corpus-05,3631,303,0.000000e+00,11,11,2.012787,2.012787,0.0000e+00
dev-corpus-05,3632,279,0.000000e+00,279,279,0.013705,0.013705,0.0000e+00
dev-corpus-05,3633,3990,0.000000e+00,3990,3990,0.035277,0.035277,0.0000e+00
dev-corpus-05,3634,11,0.000000e+00,11,11,0.043177,0.043177,0.0000e+00
dev-corpus-05,3635,264,0.000000e+00,264,264,0.517703,0.517703,0.0000e+00
dev-corpus-05,3636,1809,0.000000e+00,1809,1809,0.254613,0.254613,0.0000e+00
dev-corpus-05,3637,314,0.000000e+00,314,314,0.002738,0.002738,0.0000e+00
dev-corpus-05,3638,40751,0.000000e+00,26338,26338,4.435698,4.435698,0.0000e+00
dev-corpus-05,3639,7529,0.000000e+00,7529,7529,0.546659,0.546659,0.0000e+00
dev-corpus-05,3640,11884,0.000000e+00,7338,7338,3.106746,3.106746,0.0000e+00
dev-corpus-05,3641,67793,0.000000e+00,26338,26338,3.076420,3.076420,0.0000e+00
dev-corpus-05,3642,440,0.000000e+00,314,314,3.702814,3.702814,0.0000e+00
dev-corpus-05,3643,279,0.000000e+00,304,304,3.748715,3.748715,0.0000e+00
dev-corpus-05,3644,1496,0.000000e+00,7489,7489,7.593204,7.593204,0.0000e+00
dev-corpus-05,3645,14403,0.000000e+00,39894,39894,9.054911,9.054911,0.0000e+00
dev-corpus-05,3646,3492,0.000000e+00,314,314,3.292784,3.292784,0.0000e+00
dev-corpus-05,3647,513,0.000000e+00,11884,11884,2.374422,2.374422,0.0000e+00
dev-corpus-05,3648,10932,0.000000e+00,19577,19577,4.165895,4.165895,0.0000e+00
dev-corpus-05,3649,2094,0.000000e+00,2094,2094,0.665471,0.665471,0.0000e+00
dev-corpus-05,3650,264,0.000000e+00,279,279,2.801417,2.801417,0.0000e+00
dev-corpus-05,3651,3349,0.000000e+00,69386,69386,1.883863,1.883863,0.0000e+00
dev-corpus-05,3652,26068,0.000000e+00,69386,69386,3.296239,3.296239,0.0000e+00
dev-corpus-05,3653,1898,0.000000e+00,1898,1898,0.236462,0.236462,0.0000e+00
dev-corpus-05,3654,383,0.000000e+00,13,13,7.445899,7.445899,0.0000e+00
dev-corpus-05,3655,449,0.000000e+00,279,279,5.275789,5.275789,0.0000e+00
dev-corpus-05,3656,30261,0.000000e+00,30261,30261,1.364645,1.364645,0.0000e+00
dev-corpus-05,3657,5171,0.000000e+00,5171,5171,0.154460,0.154460,0.0000e+00
dev-corpus-05,3658,2259,0.000000e+00,13,13,14.667843,14.667843,0.0000e+00
dev-corpus-05,3659,14029,0.000000e+00,14029,14029,0.121443,0.121443,0.0000e+00
dev-corpus-05,3660,13,0.000000e+00,883,883,1.813081,1.813081,0.0000e+00
dev-corpus-05,3661,561,0.000000e+00,561,561,1.085542,1.085542,0.0000e+00
dev-corpus-05,3662,3492,0.000000e+00,2956,2956,4.762071,4.762071,0.0000e+00
dev-corpus-05,3663,513,0.000000e+00,513,513,0.858777,0.858777,0.0000e+00
dev-corpus-05,3664,11884,0.000000e+00,11884,11884,1.405402,1.405402,0.0000e+00
dev-corpus-05,3665,26338,0.000000e+00,25300,25300,3.374351,3.374351,0.0000e+00
dev-corpus-05,3666,290,0.000000e+00,290,290,0.009923,0.009923,0.0000e+00
dev-corpus-05,3667,5124,0.000000e+00,67793,67793,2.971970,2.971970,0.0000e+00
dev-corpus-05,3668,9518,0.000000e+00,9518,9518,0.003063,0.003063,0.0000e+00
dev-corpus-05,3669,321,0.000000e+00,321,321,0.848124,0.848124,0.0000e+00
dev-corpus-05,3670,5090,0.000000e+00,25300,25300,4.049154,4.049154,0.0000e+00
dev-corpus-05,3671,25300,0.000000e+00,25300,25300,0.738721,0.738721,0.0000e+00
dev-corpus-05,3672,11,0.000000e+00,11,11,1.583070,1.583070,0.0000e+00
dev-corpus-05,3673,1680,0.000000e+00,2583,2583,3.681198,3.681198,0.0000e+00
dev-corpus-05,3674,430,0.000000e+00,430,430,0.011358,0.011358,0.0000e+00
dev-corpus-05,3675,32886,0.000000e+00,279,279,12.027292,12.027292,0.0000e+00
dev-corpus-05,3676,25300,0.000000e+00,25300,25300,0.452976,0.452976,0.0000e+00
dev-corpus-05,3677,11,0.000000e+00,11,11,0.225031,0.225031,0.0000e+00
dev-corpus-05,3678,59808,0.000000e+00,9572,9572,17.361881,17.361881,0.0000e+00
dev-corpus-05,3679,2792,0.000000e+00,2792,2792,0.005686,0.005686,0.0000e+00
dev-corpus-05,3680,25300,0.000000e+00,25300,25300,0.159256,0.159256,0.0000e+00
dev-corpus-05,3681,11,0.000000e+00,11,11,0.068050,0.068050,0.0000e+00
dev-corpus-05,3682,321,0.000000e+00,321,321,0.559586,0.559586,0.0000e+00
dev-corpus-05,3683,6736,0.000000e+00,264,264,5.570469,5.570469,0.0000e+00
dev-corpus-05,3684,25300,0.000000e+00,25300,25300,0.118545,0.118545,0.0000e+00
dev-corpus-05,3685,13,0.000000e+00,13,13,0.733372,0.733372,0.0000e+00
dev-corpus-05,3686,561,0.000000e+00,2302,2302,1.522535,1.522535,0.0000e+00
dev-corpus-05,3687,16078,0.000000e+00,2956,2956,2.501603,2.501603,0.0000e+00
dev-corpus-05,3688,369,0.000000e+00,369,369,0.049421,0.049421,0.0000e+00
dev-corpus-05,3689,24577,0.000000e+00,41272,41272,8.098578,8.098578,0.0000e+00
dev-corpus-05,3690,321,0.000000e+00,321,321,0.253587,0.253587,0.0000e+00
dev-corpus-05,3691,41272,0.000000e+00,41272,41272,0.837881,0.837881,0.0000e+00
dev-corpus-05,3692,430,0.000000e+00,13,13,2.943954,2.943954,0.0000e+00
dev-corpus-05,3693,279,0.000000e+00,781,781,1.650747,1.650747,0.0000e+00
dev-corpus-05,3694,14403,0.000000e+00,14403,14403,0.983748,0.983748,0.0000e+00
dev-corpus-05,3695,3492,0.000000e+00,3492,3492,0.339824,0.339824,0.0000e+00
dev-corpus-05,3696,2895,0.000000e+00,4123,4123,10.708211,10.708211,0.0000e+00
dev-corpus-05,3697,279,0.000000e+00,279,279,0.984425,0.984425,0.0000e+00
dev-corpus-05,3698,9915,0.000000e+00,9915,9915,0.818293,0.818293,0.0000e+00
dev-corpus-05,3699,13,0.000000e+00,883,883,1.256150,1.256150,0.0000e+00
dev-corpus-05,3700,2332,0.000000e+00,248046,248046,7.783472,7.783472,0.0000e+00
dev-corpus-05,3701,279,0.000000e+00,279,279,0.116824,0.116824,0.0000e+00
dev-corpus-05,3702,1901,0.000000e+00,3990,3990,4.423796,4.423796,0.0000e+00
dev-corpus-05,3703,314,0.000000e+00,314,314,0.008720,0.008720,0.0000e+00
dev-corpus-05,3704,279,0.000000e+00,279,279,0.002895,0.002895,0.0000e+00
dev-corpus-05,3705,1898,0.000000e+00,1898,1898,0.591686,0.591686,0.0000e+00
dev-corpus-05,3706,11,0.000000e+00,22294,22294,0.806928,0.806928,0.0000e+00
dev-corpus-05,3707,264,0.000000e+00,264,264,0.729210,0.729210,0.0000e+00
dev-corpus-05,3708,5054,0.000000e+00,6851,6851,6.031270,6.031270,0.0000e+00
dev-corpus-05,3709,6725,0.000000e+00,440,440,3.656838,3.656838,0.0000e+00
dev-corpus-05,3710,225812,0.000000e+00,3851,3851,15.327310,15.327310,0.0000e+00
dev-corpus-05,3711,369,0.000000e+00,11,11,3.938241,3.938241,0.0000e+00
dev-corpus-05,3712,10932,0.000000e+00,6187,6187,3.039142,3.039142,0.0000e+00
dev-corpus-05,3713,321,0.000000e+00,11,11,2.071089,2.071089,0.0000e+00
dev-corpus-05,3714,26153,0.000000e+00,26153,26153,1.292467,1.292467,0.0000e+00
dev-corpus-05,3715,279,0.000000e+00,279,279,0.085177,0.085177,0.0000e+00
dev-corpus-05,3716,1809,0.000000e+00,1809,1809,0.922707,0.922707,0.0000e+00
dev-corpus-05,3717,11,0.000000e+00,13,13,2.091916,2.091916,0.0000e+00
dev-corpus-05,3718,1345,0.000000e+00,26153,26153,4.136881,4.136881,0.0000e+00
dev-corpus-05,3719,3679,0.000000e+00,279,279,4.806439,4.806439,0.0000e+00
dev-corpus-05,3720,8330,0.000000e+00,975,975,4.899570,4.899570,0.0000e+00
dev-corpus-05,3721,321,0.000000e+00,3492,3492,1.676865,1.676865,0.0000e+00
dev-corpus-05,3722,8513,0.000000e+00,8513,8513,0.012525,0.012525,0.0000e+00
dev-corpus-05,3723,40751,0.000000e+00,3492,3492,4.568777,4.568777,0.0000e+00
dev-corpus-05,3724,58631,0.000000e+00,12041,12041,8.151270,8.151270,0.0000e+00
dev-corpus-05,3725,8577,0.000000e+00,513,513,5.471634,5.471634,0.0000e+00
dev-corpus-05,3726,514,0.000000e+00,514,514,0.683764,0.683764,0.0000e+00
dev-corpus-05,3727,4258,0.000000e+00,4258,4258,0.000326,0.000326,0.0000e+00
dev-corpus-05,3728,13,0.000000e+00,13,13,0.148141,0.148141,0.0000e+00
dev-corpus-05,3729,271,0.000000e+00,271,271,1.251562,1.251562,0.0000e+00
dev-corpus-05,3730,623,0.000000e+00,1597,1597,2.782993,2.782993,0.0000e+00
dev-corpus-05,3731,279,0.000000e+00,279,279,0.121955,0.121955,0.0000e+00
dev-corpus-05,3732,3870,0.000000e+00,3990,3990,3.879113,3.879113,0.0000e+00
dev-corpus-05,3733,11,0.000000e+00,11,11,0.092693,0.092693,0.0000e+00
dev-corpus-05,3734,8765,0.000000e+00,1017,1017,8.739122,8.739122,0.0000e+00
dev-corpus-05,3735,314,0.000000e+00,314,314,0.014325,0.014325,0.0000e+00
dev-corpus-05,3736,975,0.000000e+00,36001,36001,6.375972,6.375972,0.0000e+00
dev-corpus-05,3737,40751,0.000000e+00,26338,26338,1.176256,1.176256,0.0000e+00
dev-corpus-05,3738,7529,0.000000e+00,7529,7529,0.359820,0.359820,0.0000e+00
dev-corpus-05,3739,4990,0.000000e+00,513,513,4.366799,4.366799,0.0000e+00
dev-corpus-05,3740,279,0.000000e+00,279,279,0.191328,0.191328,0.0000e+00
dev-corpus-05,3741,51516,0.000000e+00,248046,248046,13.682161,13.682161,0.0000e+00
dev-corpus-05,3742,2280,0.000000e+00,2280,2280,0.005870,0.005870,0.0000e+00
dev-corpus-05,3743,11,0.000000e+00,11,11,0.696792,0.696792,0.0000e+00
dev-corpus-05,3744,7594,0.000000e+00,20621,20621,6.951046,6.951046,0.0000e+00
dev-corpus-05,3745,310,0.000000e+00,310,310,0.096809,0.096809,0.0000e+00
dev-corpus-05,3746,279,0.000000e+00,279,279,0.007983,0.007983,0.0000e+00
dev-corpus-05,3747,50240,0.000000e+00,248046,248046,8.028278,8.028278,0.0000e+00
dev-corpus-05,3748,16078,0.000000e+00,321,321,1.830021,1.830021,0.0000e+00
dev-corpus-05,3749,314,0.000000e+00,13,13,3.345154,3.345154,0.0000e+00
dev-corpus-05,3750,279,0.000000e+00,279,279,0.110119,0.110119,0.0000e+00
dev-corpus-05,3751,22175,0.000000e+00,248046,248046,16.179630,16.179630,0.0000e+00
dev-corpus-05,3752,13,0.000000e+00,13,13,0.036771,0.036771,0.0000e+00
dev-corpus-05,3753,225812,0.000000e+00,733,733,20.044624,20.044624,0.0000e+00
dev-corpus-05,3754,369,0.000000e+00,369,369,1.778124,1.778124,0.0000e+00
dev-corpus-05,3755,88659,0.000000e+00,11750,11750,4.765709,4.765709,0.0000e+00
dev-corpus-05,3756,3154,0.000000e+00,28607,28607,3.995657,3.995657,0.0000e+00
dev-corpus-05,3757,264,0.000000e+00,264,264,0.613123,0.613123,0.0000e+00
dev-corpus-05,3758,1406,0.000000e+00,1406,1406,1.183840,1.183840,0.0000e+00
dev-corpus-05,3759,883,0.000000e+00,883,883,0.465290,0.465290,0.0000e+00
dev-corpus-05,3760,279,0.000000e+00,279,279,0.093939,0.093939,0.0000e+00
dev-corpus-05,3761,5716,0.000000e+00,39577,39577,2.141891,2.141891,0.0000e+00
dev-corpus-05,3762,34965,0.000000e+00,314,314,1.389169,1.389169,0.0000e+00
dev-corpus-05,3763,539,0.000000e+00,539,539,0.023301,0.023301,0.0000e+00
dev-corpus-05,3764,39577,0.000000e+00,279,279,6.744317,6.744317,0.0000e+00
dev-corpus-05,3765,12282,0.000000e+00,23739,23739,1.476434,1.476434,0.0000e+00
dev-corpus-05,3766,11,0.000000e+00,13,13,1.115740,1.115740,0.0000e+00
dev-corpus-05,3767,1345,0.000000e+00,248046,248046,3.387594,3.387594,0.0000e+00
dev-corpus-05,3768,799,0.000000e+00,279,279,5.350876,5.350876,0.0000e+00
dev-corpus-05,3769,314,0.000000e+00,314,314,0.329868,0.329868,0.0000e+00
dev-corpus-05,3770,279,0.000000e+00,279,279,0.021992,0.021992,0.0000e+00
dev-corpus-05,3771,40751,0.000000e+00,248046,248046,3.368145,3.368145,0.0000e+00
dev-corpus-05,3772,58631,0.000000e+00,58631,58631,0.126372,0.126372,0.0000e+00
dev-corpus-05,3773,369,0.000000e+00,11,11,3.430652,3.430652,0.0000e+00
dev-corpus-05,3774,3753,0.000000e+00,28607,28607,4.660150,4.660150,0.0000e+00
dev-corpus-05,3775,46736,0.000000e+00,36490,36490,5.136135,5.136135,0.0000e+00
dev-corpus-05,3776,303,0.000000e+00,4487,4487,1.740961,1.740961,0.0000e+00
dev-corpus-05,3777,321,0.000000e+00,310,310,1.814415,1.814415,0.0000e+00
dev-corpus-05,3778,35493,0.000000e+00,33700,33700,8.894640,8.894640,0.0000e+00
dev-corpus-05,3779,4492,0.000000e+00,4492,4492,1.142690,1.142690,0.0000e+00
dev-corpus-05,3780,13,0.000000e+00,883,883,1.035556,1.035556,0.0000e+00
dev-corpus-05,3781,561,0.000000e+00,248046,248046,3.096145,3.096145,0.0000e+00
dev-corpus-05,3782,5918,0.000000e+00,5918,5918,1.868911,1.868911,0.0000e+00
dev-corpus-05,3783,369,0.000000e+00,369,369,0.351583,0.351583,0.0000e+00
dev-corpus-05,3784,9896,0.000000e+00,9896,9896,1.731439,1.731439,0.0000e+00
dev-corpus-05,3785,440,0.000000e+00,440,440,0.016522,0.016522,0.0000e+00
dev-corpus-05,3786,22770,0.000000e+00,59076,59076,8.432455,8.432455,0.0000e+00
dev-corpus-05,3787,321,0.000000e+00,430,430,1.269397,1.269397,0.0000e+00
dev-corpus-05,3788,19169,0.000000e+00,52011,52011,6.107738,6.107738,0.0000e+00
dev-corpus-05,3789,11,0.000000e+00,11,11,0.792758,0.792758,0.0000e+00
dev-corpus-05,3790,440,0.000000e+00,440,440,0.915845,0.915845,0.0000e+00
dev-corpus-05,3791,4858,0.000000e+00,279,279,4.058556,4.058556,0.0000e+00
dev-corpus-05,3792,16144,0.000000e+00,579,579,6.216497,6.216497,0.0000e+00
dev-corpus-05,3793,303,0.000000e+00,303,303,0.099976,0.099976,0.0000e+00
dev-corpus-05,3794,264,0.000000e+00,279,279,1.714846,1.714846,0.0000e+00
dev-corpus-05,3795,30673,0.000000e+00,8751,8751,1.302879,1.302879,0.0000e+00
dev-corpus-05,3796,5515,0.000000e+00,10682,10682,2.994358,2.994358,0.0000e+00
dev-corpus-05,3797,883,0.000000e+00,13,13,1.197454,1.197454,0.0000e+00
dev-corpus-05,3798,279,0.000000e+00,279,279,0.381686,0.381686,0.0000e+00
dev-corpus-05,3799,3725,0.000000e+00,10660,10660,7.133688,7.133688,0.0000e+00
dev-corpus-05,3800,314,0.000000e+00,314,314,0.319569,0.319569,0.0000e+00
dev-corpus-05,3801,836,0.000000e+00,21265,21265,2.391732,2.391732,0.0000e+00
dev-corpus-05,3802,21215,0.000000e+00,7975,7975,9.094397,9.094397,0.0000e+00
dev-corpus-05,3803,321,0.000000e+00,13,13,2.263436,2.263436,0.0000e+00
dev-corpus-05,3804,279,0.000000e+00,279,279,0.216889,0.216889,0.0000e+00
dev-corpus-05,3805,3364,0.000000e+00,4499,4499,2.590233,2.590233,0.0000e+00
dev-corpus-05,3806,314,0.000000e+00,314,314,0.238136,0.238136,0.0000e+00
dev-corpus-05,3807,28407,0.000000e+00,21265,21265,11.465599,11.465599,0.0000e+00
dev-corpus-05,3808,7913,0.000000e+00,20309,20309,10.647786,10.647786,0.0000e+00
dev-corpus-05,3809,18468,0.000000e+00,248046,248046,2.603731,2.603731,0.0000e+00
dev-corpus-05,3810,5269,0.000000e+00,28069,28069,2.012136,2.012136,0.0000e+00
dev-corpus-05,3811,13,0.000000e+00,13,13,0.271048,0.271048,0.0000e+00
dev-corpus-05,3812,248046,0.000000e+00,248046,248046,0.300673,0.300673,0.0000e+00
dev-corpus-05,3813,198,0.000000e+00,198,198,0.000111,0.000111,0.0000e+00
dev-corpus-05,3814,248045,0.000000e+00,248045,248045,0.000018,0.000018,0.0000e+00
dev-corpus-05,3815,846,0.000000e+00,846,846,0.032318,0.032318,0.0000e+00
dev-corpus-05,3816,198,0.000000e+00,198,198,0.034220,0.034220,0.0000e+00
dev-corpus-05,3817,3710,0.000000e+00,72240,72240,3.835017,3.835017,0.0000e+00
dev-corpus-05,3818,369,0.000000e+00,369,369,0.998472,0.998472,0.0000e+00
dev-corpus-05,3819,264,0.000000e+00,279,279,4.315619,4.315619,0.0000e+00
dev-corpus-05,3820,79528,0.000000e+00,1603,1603,14.426942,14.426942,0.0000e+00
dev-corpus-05,3821,30,0.000000e+00,248046,248046,1.909273,1.909273,0.0000e+00
dev-corpus-05,3822,248046,0.000000e+00,248046,248046,0.036972,0.036972,0.0000e+00
dev-corpus-05,3823,198,0.000000e+00,198,198,0.000042,0.000042,0.0000e+00
dev-corpus-05,3824,248045,0.000000e+00,248045,248045,0.000001,0.000001,0.0000e+00
dev-corpus-05,3825,74455,0.000000e+00,248045,248045,2.207372,2.207372,0.0000e+00
dev-corpus-05,3826,198,0.000000e+00,198,198,0.027707,0.027707,0.0000e+00
dev-corpus-05,3827,32,0.000000e+00,248068,248068,17.744025,17.744025,0.0000e+00
dev-corpus-05,3828,79528,0.000000e+00,2972,2972,1.925228,1.925228,0.0000e+00
dev-corpus-05,3829,369,0.000000e+00,318,318,2.219558,2.219558,0.0000e+00
dev-corpus-05,3830,264,0.000000e+00,264,264,0.446135,0.446135,0.0000e+00
dev-corpus-05,3831,5224,0.000000e+00,2972,2972,3.900674,3.900674,0.0000e+00
dev-corpus-05,3832,364,0.000000e+00,421,421,1.501295,1.501295,0.0000e+00
dev-corpus-05,3833,3154,0.000000e+00,38460,38460,4.075034,4.075034,0.0000e+00
dev-corpus-05,3834,321,0.000000e+00,13640,13640,3.992448,3.992448,0.0000e+00
dev-corpus-05,3835,1608,0.000000e+00,1608,1608,0.887913,0.887913,0.0000e+00
dev-corpus-05,3836,27073,0.000000e+00,13640,13640,3.795149,3.795149,0.0000e+00
dev-corpus-05,3837,1928,0.000000e+00,795,795,1.888762,1.888762,0.0000e+00
dev-corpus-05,3838,13,0.000000e+00,13,13,0.561074,0.561074,0.0000e+00
dev-corpus-05,3839,20994,0.000000e+00,1049,1049,10.726766,10.726766,0.0000e+00
dev-corpus-05,3840,279,0.000000e+00,279,279,1.162305,1.162305,0.0000e+00
dev-corpus-05,3841,1599,0.000000e+00,1599,1599,1.334079,1.334079,0.0000e+00
dev-corpus-05,3842,16954,0.000000e+00,4346,4346,3.952128,3.952128,0.0000e+00
dev-corpus-05,3843,314,0.000000e+00,314,314,0.978992,0.978992,0.0000e+00
dev-corpus-05,3844,79528,0.000000e+00,79528,79528,0.336106,0.336106,0.0000e+00
dev-corpus-05,3845,11,0.000000e+00,11,11,0.436202,0.436202,0.0000e+00
dev-corpus-05,3846,567,0.000000e+00,279,279,4.142644,4.142644,0.0000e+00
dev-corpus-05,3847,4992,0.000000e+00,628,628,6.337441,6.337441,0.0000e+00
dev-corpus-05,3848,25,0.000000e+00,279,279,3.127547,3.127547,0.0000e+00
dev-corpus-05,3849,357,0.000000e+00,271,271,3.298899,3.298899,0.0000e+00
dev-corpus-05,3850,79528,0.000000e+00,63234,63234,1.577606,1.577606,0.0000e+00
dev-corpus-05,3851,369,0.000000e+00,369,369,0.132734,0.132734,0.0000e+00
dev-corpus-05,3852,264,0.000000e+00,264,264,0.157412,0.157412,0.0000e+00
dev-corpus-05,3853,6165,0.000000e+00,1785,1785,1.578671,1.578671,0.0000e+00
dev-corpus-05,3854,5792,0.000000e+00,5792,5792,0.895197,0.895197,0.0000e+00
dev-corpus-05,3855,1785,0.000000e+00,1785,1785,0.802113,0.802113,0.0000e+00
dev-corpus-05,3856,310,0.000000e+00,421,421,4.382474,4.382474,0.0000e+00
dev-corpus-05,3857,11944,0.000000e+00,11969,11969,9.241829,9.241829,0.0000e+00
dev-corpus-05,3858,303,0.000000e+00,303,303,0.534808,0.534808,0.0000e+00
dev-corpus-05,3859,279,0.000000e+00,279,279,0.422971,0.422971,0.0000e+00
dev-corpus-05,3860,4281,0.000000e+00,6157,6157,1.755624,1.755624,0.0000e+00
dev-corpus-05,3861,11,0.000000e+00,11,11,0.083980,0.083980,0.0000e+00
dev-corpus-05,3862,13017,0.000000e+00,5638,5638,4.986075,4.986075,0.0000e+00
dev-corpus-05,3863,11,0.000000e+00,11,11,0.061967,0.061967,0.0000e+00
dev-corpus-05,3864,5638,0.000000e+00,6157,6157,1.951168,1.951168,0.0000e+00
dev-corpus-05,3865,11,0.000000e+00,11,11,0.042962,0.042962,0.0000e+00
dev-corpus-05,3866,6157,0.000000e+00,54476,54476,1.285022,1.285022,0.0000e+00
dev-corpus-05,3867,11,0.000000e+00,11,11,0.169113,0.169113,0.0000e+00
dev-corpus-05,3868,2468,0.000000e+00,321,321,5.117867,5.117867,0.0000e+00
dev-corpus-05,3869,11,0.000000e+00,11,11,0.383960,0.383960,0.0000e+00
dev-corpus-05,3870,321,0.000000e+00,321,321,0.100857,0.100857,0.0000e+00
dev-corpus-05,3871,7731,0.000000e+00,2940,2940,3.325636,3.325636,0.0000e+00
dev-corpus-05,3872,314,0.000000e+00,314,314,0.044223,0.044223,0.0000e+00
dev-corpus-05,3873,27073,0.000000e+00,27073,27073,0.718943,0.718943,0.0000e+00
dev-corpus-05,3874,1928,0.000000e+00,795,795,1.872190,1.872190,0.0000e+00
dev-corpus-05,3875,13,0.000000e+00,13,13,0.347550,0.347550,0.0000e+00
dev-corpus-05,3876,3095,0.000000e+00,248046,248046,8.549190,8.549190,0.0000e+00
dev-corpus-05,3877,1429,0.000000e+00,567,567,2.426298,2.426298,0.0000e+00
dev-corpus-05,3878,63399,0.000000e+00,303,303,7.262261,7.262261,0.0000e+00
dev-corpus-05,3879,11,0.000000e+00,11,11,0.200527,0.200527,0.0000e+00
dev-corpus-05,3880,79528,0.000000e+00,79528,79528,0.734729,0.734729,0.0000e+00
dev-corpus-05,3881,628,0.000000e+00,628,628,0.864518,0.864518,0.0000e+00
dev-corpus-05,3882,1438,0.000000e+00,1438,1438,1.199976,1.199976,0.0000e+00
dev-corpus-05,3883,586,0.000000e+00,586,586,1.460702,1.460702,0.0000e+00
dev-corpus-05,3884,3756,0.000000e+00,3418,3418,7.384124,7.384124,0.0000e+00
dev-corpus-05,3885,11776,0.000000e+00,2577,2577,13.181804,13.181804,0.0000e+00
dev-corpus-05,3886,1223,0.000000e+00,1223,1223,0.120685,0.120685,0.0000e+00
dev-corpus-05,3887,11,0.000000e+00,11,11,0.762574,0.762574,0.0000e+00
dev-corpus-05,3888,11600,0.000000e+00,944,944,5.559737,5.559737,0.0000e+00
dev-corpus-05,3889,1223,0.000000e+00,1223,1223,0.003913,0.003913,0.0000e+00
dev-corpus-05,3890,11,0.000000e+00,11,11,0.107866,0.107866,0.0000e+00
dev-corpus-05,3891,321,0.000000e+00,321,321,0.213333,0.213333,0.0000e+00
dev-corpus-05,3892,28488,0.000000e+00,777,777,1.720802,1.720802,0.0000e+00
dev-corpus-05,3893,6107,0.000000e+00,6107,6107,0.446743,0.446743,0.0000e+00
dev-corpus-05,3894,13,0.000000e+00,13,13,0.182938,0.182938,0.0000e+00
dev-corpus-05,3895,8618,0.000000e+00,248046,248046,10.709522,10.709522,0.0000e+00
dev-corpus-05,3896,79528,0.000000e+00,314,314,2.175905,2.175905,0.0000e+00
dev-corpus-05,3897,1156,0.000000e+00,1785,1785,2.563779,2.563779,0.0000e+00
dev-corpus-05,3898,1189,0.000000e+00,682,682,4.182618,4.182618,0.0000e+00
dev-corpus-05,3899,9973,0.000000e+00,599,599,7.070760,7.070760,0.0000e+00
dev-corpus-05,3900,1092,0.000000e+00,1092,1092,1.601363,1.601363,0.0000e+00
dev-corpus-05,3901,4275,0.000000e+00,369,369,4.874696,4.874696,0.0000e+00
dev-corpus-05,3902,321,0.000000e+00,513,513,2.302475,2.302475,0.0000e+00
dev-corpus-05,3903,7944,0.000000e+00,5568,5568,3.823893,3.823893,0.0000e+00
dev-corpus-05,3904,513,0.000000e+00,513,513,0.954171,0.954171,0.0000e+00
dev-corpus-05,3905,2894,0.000000e+00,2894,2894,1.096240,1.096240,0.0000e+00
dev-corpus-05,3906,13,0.000000e+00,364,364,2.517717,2.517717,0.0000e+00
dev-corpus-05,3907,1690,0.000000e+00,248046,248046,4.226596,4.226596,0.0000e+00
dev-corpus-05,3908,3010,0.000000e+00,3010,3010,0.256034,0.256034,0.0000e+00
dev-corpus-05,3909,11,0.000000e+00,11,11,0.118823,0.118823,0.0000e+00
dev-corpus-05,3910,34382,0.000000e+00,264,264,10.914912,10.914912,0.0000e+00
dev-corpus-05,3911,513,0.000000e+00,11,11,2.253166,2.253166,0.0000e+00
dev-corpus-05,3912,1603,0.000000e+00,2894,2894,6.086028,6.086028,0.0000e+00
dev-corpus-05,3913,364,0.000000e+00,364,364,0.569706,0.569706,0.0000e+00
dev-corpus-05,3914,586,0.000000e+00,248046,248046,4.672571,4.672571,0.0000e+00
dev-corpus-05,3915,13,0.000000e+00,11,11,1.768649,1.768649,0.0000e+00
dev-corpus-05,3916,2302,0.000000e+00,248046,248046,4.473906,4.473906,0.0000e+00
dev-corpus-05,3917,1189,0.000000e+00,3300,3300,4.418206,4.418206,0.0000e+00
dev-corpus-05,3918,5827,0.000000e+00,381,381,5.503589,5.503589,0.0000e+00
dev-corpus-05,3919,2919,0.000000e+00,586,586,3.169281,3.169281,0.0000e+00
dev-corpus-05,3920,16229,0.000000e+00,4131,4131,1.726492,1.726492,0.0000e+00
dev-corpus-05,3921,11,0.000000e+00,11,11,0.622879,0.622879,0.0000e+00
dev-corpus-05,3922,7302,0.000000e+00,5190,5190,7.859928,7.859928,0.0000e+00
dev-corpus-05,3923,7339,0.000000e+00,43299,43299,2.678803,2.678803,0.0000e+00
dev-corpus-05,3924,11,0.000000e+00,3741,3741,1.262920,1.262920,0.0000e+00
dev-corpus-05,3925,54517,0.000000e+00,321,321,6.285599,6.285599,0.0000e+00
dev-corpus-05,3926,28346,0.000000e+00,28346,28346,0.511584,0.511584,0.0000e+00
dev-corpus-05,3927,48729,0.000000e+00,11,11,12.284956,12.284956,0.0000e+00
dev-corpus-05,3928,3300,0.000000e+00,3300,3300,1.723331,1.723331,0.0000e+00
dev-corpus-05,3929,3433,0.000000e+00,44410,44410,4.878458,4.878458,0.0000e+00
dev-corpus-05,3930,310,0.000000e+00,364,364,4.280146,4.280146,0.0000e+00
dev-corpus-05,3931,51000,0.000000e+00,51000,51000,1.551215,1.551215,0.0000e+00
dev-corpus-05,3932,21706,0.000000e+00,13,13,8.156120,8.156120,0.0000e+00
dev-corpus-05,3933,513,0.000000e+00,628,628,4.557836,4.557836,0.0000e+00
dev-corpus-05,3934,11322,0.000000e+00,660,660,4.577939,4.577939,0.0000e+00
dev-corpus-05,3935,883,0.000000e+00,440,440,1.114640,1.114640,0.0000e+00
dev-corpus-05,3936,279,0.000000e+00,279,279,1.103572,1.103572,0.0000e+00
dev-corpus-05,3937,2119,0.000000e+00,4424,4424,7.495970,7.495970,0.0000e+00
dev-corpus-05,3938,314,0.000000e+00,314,314,0.121715,0.121715,0.0000e+00
dev-corpus-05,3939,22700,0.000000e+00,13245,13245,8.311365,8.311365,0.0000e+00
dev-corpus-05,3940,11,0.000000e+00,13,13,2.059134,2.059134,0.0000e+00
dev-corpus-05,3941,279,0.000000e+00,279,279,0.955612,0.955612,0.0000e+00
dev-corpus-05,3942,23194,0.000000e+00,2730,2730,11.215705,11.215705,0.0000e+00
dev-corpus-05,3943,4128,0.000000e+00,4128,4128,0.961165,0.961165,0.0000e+00
dev-corpus-05,3944,958,0.000000e+00,958,958,0.914827,0.914827,0.0000e+00
dev-corpus-05,3945,11,0.000000e+00,11,11,0.177353,0.177353,0.0000e+00
dev-corpus-05,3946,23978,0.000000e+00,321,321,7.894797,7.894797,0.0000e+00
dev-corpus-05,3947,494,0.000000e+00,11,11,3.153604,3.153604,0.0000e+00
dev-corpus-05,3948,13643,0.000000e+00,13643,13643,2.045793,2.045793,0.0000e+00
dev-corpus-05,3949,18527,0.000000e+00,32931,32931,2.290483,2.290483,0.0000e+00
dev-corpus-05,3950,11,0.000000e+00,11,11,0.092702,0.092702,0.0000e+00
dev-corpus-05,3951,466,0.000000e+00,321,321,3.439548,3.439548,0.0000e+00
dev-corpus-05,3952,1332,0.000000e+00,279,279,6.706017,6.706017,0.0000e+00
dev-corpus-05,3953,34382,0.000000e+00,279,279,3.653553,3.653553,0.0000e+00
dev-corpus-05,3954,7974,0.000000e+00,513,513,8.556570,8.556570,0.0000e+00
dev-corpus-05,3955,13,0.000000e+00,13,13,0.512087,0.512087,0.0000e+00
dev-corpus-05,3956,733,0.000000e+00,79528,79528,4.667522,4.667522,0.0000e+00
dev-corpus-05,3957,9853,0.000000e+00,79528,79528,8.837015,8.837015,0.0000e+00
dev-corpus-05,3958,6044,0.000000e+00,10856,10856,4.569581,4.569581,0.0000e+00
dev-corpus-05,3959,7225,0.000000e+00,314,314,2.279566,2.279566,0.0000e+00
dev-corpus-05,3960,6337,0.000000e+00,264,264,2.400003,2.400003,0.0000e+00
dev-corpus-05,3961,314,0.000000e+00,314,314,0.232411,0.232411,0.0000e+00
dev-corpus-05,3962,660,0.000000e+00,279,279,2.644758,2.644758,0.0000e+00
dev-corpus-05,3963,1439,0.000000e+00,1439,1439,0.393602,0.393602,0.0000e+00
dev-corpus-05,3964,5265,0.000000e+00,9085,9085,5.712331,5.712331,0.0000e+00
dev-corpus-05,3965,9085,0.000000e+00,9085,9085,0.907012,0.907012,0.0000e+00
dev-corpus-05,3966,321,0.000000e+00,13,13,2.723508,2.723508,0.0000e+00
dev-corpus-05,3967,11,0.000000e+00,836,836,4.973851,4.973851,0.0000e+00
dev-corpus-05,3968,8106,0.000000e+00,1379,1379,3.920015,3.920015,0.0000e+00
dev-corpus-05,3969,3294,0.000000e+00,1379,1379,5.052707,5.052707,0.0000e+00
dev-corpus-05,3970,660,0.000000e+00,660,660,0.024560,0.024560,0.0000e+00
dev-corpus-05,3971,11,0.000000e+00,11,11,0.122452,0.122452,0.0000e+00
dev-corpus-05,3972,279,0.000000e+00,279,279,1.332599,1.332599,0.0000e+00
dev-corpus-05,3973,27073,0.000000e+00,5548,5548,2.470193,2.470193,0.0000e+00
dev-corpus-05,3974,25278,0.000000e+00,11532,11532,3.865028,3.865028,0.0000e+00
dev-corpus-05,3975,314,0.000000e+00,314,314,0.187173,0.187173,0.0000e+00
dev-corpus-05,3976,1439,0.000000e+00,1439,1439,1.335472,1.335472,0.0000e+00
dev-corpus-05,3977,9085,0.000000e+00,9085,9085,0.324726,0.324726,0.0000e+00
dev-corpus-05,3978,13,0.000000e+00,13,13,0.360874,0.360874,0.0000e+00
dev-corpus-05,3979,10006,0.000000e+00,248046,248046,15.773733,15.773733,0.0000e+00
dev-corpus-05,3980,28945,0.000000e+00,286,286,10.182502,10.182502,0.0000e+00
dev-corpus-05,3981,3043,0.000000e+00,11,11,4.421883,4.421883,0.0000e+00
dev-corpus-05,3982,34343,0.000000e+00,34343,34343,1.744414,1.744414,0.0000e+00
dev-corpus-05,3983,1189,0.000000e+00,11,11,2.413909,2.413909,0.0000e+00
dev-corpus-05,3984,5827,0.000000e+00,381,381,1.808154,1.808154,0.0000e+00
dev-corpus-05,3985,2919,0.000000e+00,2919,2919,0.409088,0.409088,0.0000e+00
dev-corpus-05,3986,16229,0.000000e+00,4131,4131,1.110759,1.110759,0.0000e+00
dev-corpus-05,3987,11,0.000000e+00,13,13,1.271115,1.271115,0.0000e+00
dev-corpus-05,3988,7187,0.000000e+00,694,694,11.802489,11.802489,0.0000e+00
dev-corpus-05,3989,793,0.000000e+00,286,286,2.961122,2.961122,0.0000e+00
dev-corpus-05,3990,1189,0.000000e+00,3043,3043,1.533788,1.533788,0.0000e+00
dev-corpus-05,3991,5190,0.000000e+00,381,381,3.769703,3.769703,0.0000e+00
dev-corpus-05,3992,279,0.000000e+00,13245,13245,3.009733,3.009733,0.0000e+00
dev-corpus-05,3993,8597,0.000000e+00,8597,8597,0.165460,0.165460,0.0000e+00
dev-corpus-05,3994,314,0.000000e+00,314,314,0.010038,0.010038,0.0000e+00
dev-corpus-05,3995,3807,0.000000e+00,3807,3807,0.831556,0.831556,0.0000e+00
dev-corpus-05,3996,11,0.000000e+00,11,11,0.161720,0.161720,0.0000e+00
dev-corpus-05,3997,321,0.000000e+00,321,321,0.260754,0.260754,0.0000e+00
dev-corpus-05,3998,6865,0.000000e+00,18660,18660,7.240539,7.240539,0.0000e+00
dev-corpus-05,3999,15101,0.000000e+00,10292,10292,1.549119,1.549119,0.0000e+00
dev-corpus-05,4000,685,0.000000e+00,1189,1189,9.749426,9.749426,0.0000e+00
dev-corpus-05,4001,18574,0.000000e+00,18574,18574,0.217947,0.217947,0.0000e+00
dev-corpus-05,4002,1189,0.000000e+00,1189,1189,0.697962,0.697962,0.0000e+00
dev-corpus-05,4003,11100,0.000000e+00,7556,7556,3.163594,3.163594,0.0000e+00
dev-corpus-05,4004,1004,0.000000e+00,279,279,3.347221,3.347221,0.0000e+00
dev-corpus-05,4005,34382,0.000000e+00,34382,34382,0.812730,0.812730,0.0000e+00
dev-corpus-05,4006,13,0.000000e+00,13,13,0.102401,0.102401,0.0000e+00
dev-corpus-05,4007,357,0.000000e+00,79528,79528,2.836473,2.836473,0.0000e+00
dev-corpus-05,4008,79528,0.000000e+00,79528,79528,0.073869,0.073869,0.0000e+00
dev-corpus-05,4009,8346,0.000000e+00,628,628,2.089134,2.089134,0.0000e+00
dev-corpus-05,4010,586,0.000000e+00,586,586,0.316380,0.316380,0.0000e+00
dev-corpus-05,4011,22903,0.000000e+00,3418,3418,3.908979,3.908979,0.0000e+00
dev-corpus-05,4012,1439,0.000000e+00,1439,1439,0.927210,0.927210,0.0000e+00
dev-corpus-05,4013,27073,0.000000e+00,11532,11532,1.320218,1.320218,0.0000e+00
dev-corpus-05,4014,21207,0.000000e+00,11532,11532,6.383821,6.383821,0.0000e+00
dev-corpus-05,4015,11,0.000000e+00,13,13,2.748383,2.748383,0.0000e+00
dev-corpus-05,4016,321,0.000000e+00,10377,10377,2.196635,2.196635,0.0000e+00
dev-corpus-05,4017,369,0.000000e+00,8190,8190,5.196195,5.196195,0.0000e+00
dev-corpus-05,4018,1048,0.000000e+00,264,264,4.307699,4.307699,0.0000e+00
dev-corpus-05,4019,7695,0.000000e+00,264,264,7.881526,7.881526,0.0000e+00
dev-corpus-05,4020,5222,0.000000e+00,5222,5222,0.914035,0.914035,0.0000e+00
dev-corpus-05,4021,506,0.000000e+00,364,364,5.963851,5.963851,0.0000e+00
dev-corpus-05,4022,27034,0.000000e+00,8851,8851,2.871213,2.871213,0.0000e+00
dev-corpus-05,4023,27073,0.000000e+00,279,279,3.864637,3.864637,0.0000e+00
dev-corpus-05,4024,795,0.000000e+00,1928,1928,1.775086,1.775086,0.0000e+00
dev-corpus-05,4025,321,0.000000e+00,303,303,3.552208,3.552208,0.0000e+00
dev-corpus-05,4026,6157,0.000000e+00,12261,12261,4.312774,4.312774,0.0000e+00
dev-corpus-05,4027,13,0.000000e+00,2961,2961,3.721612,3.721612,0.0000e+00
dev-corpus-05,4028,357,0.000000e+00,248046,248046,3.177600,3.177600,0.0000e+00
dev-corpus-05,4029,79528,0.000000e+00,79528,79528,0.074072,0.074072,0.0000e+00
dev-corpus-05,4030,369,0.000000e+00,369,369,1.218691,1.218691,0.0000e+00
dev-corpus-05,4031,3428,0.000000e+00,264,264,3.981170,3.981170,0.0000e+00
dev-corpus-05,4032,279,0.000000e+00,1429,1429,3.883177,3.883177,0.0000e+00
dev-corpus-05,4033,1132,0.000000e+00,1132,1132,1.449735,1.449735,0.0000e+00
dev-corpus-05,4034,1560,0.000000e+00,1560,1560,0.812696,0.812696,0.0000e+00
dev-corpus-05,4035,310,0.000000e+00,310,310,0.153345,0.153345,0.0000e+00
dev-corpus-05,4036,11290,0.000000e+00,48402,48402,4.310435,4.310435,0.0000e+00
dev-corpus-05,4037,27073,0.000000e+00,6150,6150,2.878686,2.878686,0.0000e+00
dev-corpus-05,4038,391,0.000000e+00,5154,5154,2.487905,2.487905,0.0000e+00
dev-corpus-05,4039,13505,0.000000e+00,6150,6150,3.539069,3.539069,0.0000e+00
dev-corpus-05,4040,5154,0.000000e+00,5154,5154,0.143372,0.143372,0.0000e+00
dev-corpus-05,4041,13,0.000000e+00,13,13,0.652080,0.652080,0.0000e+00
dev-corpus-05,4042,248046,0.000000e+00,248046,248046,0.620440,0.620440,0.0000e+00
dev-corpus-05,4043,198,0.000000e+00,198,198,0.000169,0.000169,0.0000e+00
dev-corpus-05,4044,248045,0.000000e+00,248045,248045,0.008435,0.008435,0.0000e+00
dev-corpus-05,4045,846,0.000000e+00,846,846,0.149214,0.149214,0.0000e+00
dev-corpus-05,4046,198,0.000000e+00,198,198,0.226210,0.226210,0.0000e+00
dev-corpus-05,4047,3710,0.000000e+00,3710,3710,1.138991,1.138991,0.0000e+00
dev-corpus-05,4048,369,0.000000e+00,369,369,0.293842,0.293842,0.0000e+00
dev-corpus-05,4049,10849,0.000000e+00,264,264,11.958505,11.958505,0.0000e+00
dev-corpus-05,4050,1603,0.000000e+00,248046,248046,9.200521,9.200521,0.0000e+00
dev-corpus-05,4051,364,0.000000e+00,364,364,0.056996,0.056996,0.0000e+00
dev-corpus-05,4052,30,0.000000e+00,30,30,0.327595,0.327595,0.0000e+00
dev-corpus-05,4053,248046,0.000000e+00,248046,248046,0.014535,0.014535,0.0000e+00
dev-corpus-05,4054,198,0.000000e+00,198,198,0.000078,0.000078,0.0000e+00
dev-corpus-05,4055,248045,0.000000e+00,248045,248045,0.000002,0.000002,0.0000e+00
dev-corpus-05,4056,74455,0.000000e+00,248045,248045,4.519808,4.519808,0.0000e+00
dev-corpus-05,4057,198,0.000000e+00,198,198,0.016942,0.016942,0.0000e+00
dev-corpus-05,4058,57044,0.000000e+00,248068,248068,12.148847,12.148847,0.0000e+00
dev-corpus-05,4059,3905,0.000000e+00,369,369,8.583549,8.583549,0.0000e+00
dev-corpus-05,4060,494,0.000000e+00,494,494,0.685974,0.685974,0.0000e+00
dev-corpus-05,4061,279,0.000000e+00,279,279,0.753982,0.753982,0.0000e+00
dev-corpus-05,4062,12515,0.000000e+00,2919,2919,3.726082,3.726082,0.0000e+00
dev-corpus-05,4063,539,0.000000e+00,321,321,6.539994,6.539994,0.0000e+00
dev-corpus-05,4064,17415,0.000000e+00,279,279,8.150628,8.150628,0.0000e+00
dev-corpus-05,4065,321,0.000000e+00,3514,3514,2.548805,2.548805,0.0000e+00
dev-corpus-05,4066,4128,0.000000e+00,4128,4128,1.225691,1.225691,0.0000e+00
dev-corpus-05,4067,2919,0.000000e+00,13,13,3.030448,3.030448,0.0000e+00
dev-corpus-05,4068,57054,0.000000e+00,3514,3514,2.476695,2.476695,0.0000e+00
dev-corpus-05,4069,1060,0.000000e+00,1060,1060,0.305602,0.305602,0.0000e+00
dev-corpus-05,4070,1083,0.000000e+00,11,11,1.844920,1.844920,0.0000e+00
dev-corpus-05,4071,279,0.000000e+00,279,279,0.695030,0.695030,0.0000e+00
dev-corpus-05,4072,28552,0.000000e+00,3594,3594,3.278168,3.278168,0.0000e+00
dev-corpus-05,4073,13,0.000000e+00,13,13,1.016822,1.016822,0.0000e+00
dev-corpus-05,4074,220,0.000000e+00,3095,3095,5.627233,5.627233,0.0000e+00
dev-corpus-05,4075,3095,0.000000e+00,1049,1049,2.304311,2.304311,0.0000e+00
dev-corpus-05,4076,1439,0.000000e+00,279,279,2.522063,2.522063,0.0000e+00
dev-corpus-05,4077,44171,0.000000e+00,28552,28552,13.410952,13.410952,0.0000e+00
dev-corpus-05,4078,10032,0.000000e+00,10032,10032,0.386362,0.386362,0.0000e+00
dev-corpus-05,4079,28552,0.000000e+00,28552,28552,0.118221,0.118221,0.0000e+00
dev-corpus-05,4080,3166,0.000000e+00,3512,3512,4.331461,4.331461,0.0000e+00
dev-corpus-05,4081,310,0.000000e+00,888,888,4.075695,4.075695,0.0000e+00
dev-corpus-05,4082,4128,0.000000e+00,4128,4128,1.206535,1.206535,0.0000e+00
dev-corpus-05,4083,11,0.000000e+00,11,11,0.524851,0.524851,0.0000e+00
dev-corpus-05,4084,321,0.000000e+00,781,781,5.545233,5.545233,0.0000e+00
dev-corpus-05,4085,279,0.000000e+00,279,279,1.043151,1.043151,0.0000e+00
dev-corpus-05,4086,279,0.000000e+00,2919,2919,9.000048,9.000048,0.0000e+00
dev-corpus-05,4087,10849,0.000000e+00,2919,2919,1.882132,1.882132,0.0000e+00
dev-corpus-05,4088,303,0.000000e+00,16563,16563,7.491435,7.491435,0.0000e+00
dev-corpus-05,4089,1070,0.000000e+00,279,279,1.983008,1.983008,0.0000e+00
dev-corpus-05,4090,369,0.000000e+00,16563,16563,2.760583,2.760583,0.0000e+00
dev-corpus-05,4091,5055,0.000000e+00,8545,8545,9.612580,9.612580,0.0000e+00
dev-corpus-05,4092,2166,0.000000e+00,8545,8545,2.813710,2.813710,0.0000e+00
dev-corpus-05,4093,8545,0.000000e+00,8545,8545,0.088257,0.088257,0.0000e+00
dev-corpus-05,4094,279,0.000000e+00,11,11,4.215530,4.215530,0.0000e+00
dev-corpus-05,4095,10849,0.000000e+00,2919,2919,1.359625,1.359625,0.0000e+00
dev-corpus-06,4096,198,0.000000e+00,198,198,0.002226,0.002226,0.0000e+00
dev-corpus-06,4097,14749,0.000000e+00,3710,3710,6.331110,6.331110,0.0000e+00
dev-corpus-06,4098,557,0.000000e+00,369,369,2.426113,2.426113,0.0000e+00
dev-corpus-06,4099,279,0.000000e+00,279,279,0.237090,0.237090,0.0000e+00
dev-corpus-06,4100,78167,0.000000e+00,1118,1118,10.116942,10.116942,0.0000e+00
dev-corpus-06,4101,6683,0.000000e+00,6683,6683,1.335381,1.335381,0.0000e+00
dev-corpus-06,4102,30,0.000000e+00,30,30,1.132785,1.132785,0.0000e+00
dev-corpus-06,4103,248046,0.000000e+00,248046,248046,0.068115,0.068115,0.0000e+00
dev-corpus-06,4104,198,0.000000e+00,198,198,0.000046,0.000046,0.0000e+00
dev-corpus-06,4105,248045,0.000000e+00,248045,248045,0.000001,0.000001,0.0000e+00
dev-corpus-06,4106,74455,0.000000e+00,248045,248045,3.786608,3.786608,0.0000e+00
dev-corpus-06,4107,198,0.000000e+00,198,198,0.006209,0.006209,0.0000e+00
dev-corpus-06,4108,32,0.000000e+00,248068,248068,21.904834,21.904834,0.0000e+00
dev-corpus-06,4109,2134,0.000000e+00,2134,2134,0.208314,0.208314,0.0000e+00
dev-corpus-06,4110,273,0.000000e+00,273,273,0.003439,0.003439,0.0000e+00
dev-corpus-06,4111,6683,0.000000e+00,6683,6683,0.383469,0.383469,0.0000e+00
dev-corpus-06,4112,11,0.000000e+00,318,318,0.984941,0.984941,0.0000e+00
dev-corpus-06,4113,852,0.000000e+00,12830,12830,7.434933,7.434933,0.0000e+00
dev-corpus-06,4114,557,0.000000e+00,557,557,1.055941,1.055941,0.0000e+00
dev-corpus-06,4115,1048,0.000000e+00,12830,12830,1.972687,1.972687,0.0000e+00
dev-corpus-06,4116,3750,0.000000e+00,3750,3750,0.092411,0.092411,0.0000e+00
dev-corpus-06,4117,430,0.000000e+00,430,430,0.153172,0.153172,0.0000e+00
dev-corpus-06,4118,13799,0.000000e+00,65246,65246,4.760772,4.760772,0.0000e+00
dev-corpus-06,4119,6683,0.000000e+00,6683,6683,0.049273,0.049273,0.0000e+00
dev-corpus-06,4120,11,0.000000e+00,466,466,1.161857,1.161857,0.0000e+00
dev-corpus-06,4121,557,0.000000e+00,557,557,0.496320,0.496320,0.0000e+00
dev-corpus-06,4122,264,0.000000e+00,264,264,0.577276,0.577276,0.0000e+00
dev-corpus-06,4123,8608,0.000000e+00,4927,4927,5.272519,5.272519,0.0000e+00
dev-corpus-06,4124,78167,0.000000e+00,70421,70421,4.513291,4.513291,0.0000e+00
dev-corpus-06,4125,852,0.000000e+00,321,321,2.359799,2.359799,0.0000e+00
dev-corpus-06,4126,8597,0.000000e+00,11815,11815,5.280032,5.280032,0.0000e+00
dev-corpus-06,4127,279,0.000000e+00,279,279,0.283111,0.283111,0.0000e+00
dev-corpus-06,4128,42995,0.000000e+00,42995,42995,1.521699,1.521699,0.0000e+00
dev-corpus-06,4129,314,0.000000e+00,314,314,0.116213,0.116213,0.0000e+00
dev-corpus-06,4130,10274,0.000000e+00,10274,10274,0.229982,0.229982,0.0000e+00
dev-corpus-06,4131,3560,0.000000e+00,3560,3560,0.326477,0.326477,0.0000e+00
dev-corpus-06,4132,13,0.000000e+00,6600,6600,1.885512,1.885512,0.0000e+00
dev-corpus-06,4133,10235,0.000000e+00,248046,248046,8.314821,8.314821,0.0000e+00
dev-corpus-06,4134,310,0.000000e+00,310,310,0.050215,0.050215,0.0000e+00
dev-corpus-06,4135,279,0.000000e+00,279,279,0.548310,0.548310,0.0000e+00
dev-corpus-06,4136,2236,0.000000e+00,1478,1478,4.390274,4.390274,0.0000e+00
dev-corpus-06,4137,314,0.000000e+00,314,314,0.185157,0.185157,0.0000e+00
dev-corpus-06,4138,47185,0.000000e+00,47185,47185,0.130399,0.130399,0.0000e+00
dev-corpus-06,4139,303,0.000000e+00,303,303,0.315242,0.315242,0.0000e+00
dev-corpus-06,4140,279,0.000000e+00,279,279,0.099248,0.099248,0.0000e+00
dev-corpus-06,4141,58171,0.000000e+00,1478,1478,6.376463,6.376463,0.0000e+00
dev-corpus-06,4142,11,0.000000e+00,11,11,0.259685,0.259685,0.0000e+00
dev-corpus-06,4143,6683,0.000000e+00,551,551,1.474489,1.474489,0.0000e+00
dev-corpus-06,4144,557,0.000000e+00,557,557,0.367334,0.367334,0.0000e+00
dev-corpus-06,4145,84552,0.000000e+00,264,264,11.407460,11.407460,0.0000e+00
dev-corpus-06,4146,1029,0.000000e+00,1029,1029,0.209308,0.209308,0.0000e+00
dev-corpus-06,4147,287,0.000000e+00,68,68,1.270135,1.270135,0.0000e+00
dev-corpus-06,4148,321,0.000000e+00,321,321,1.491088,1.491088,0.0000e+00
dev-corpus-06,4149,2895,0.000000e+00,557,557,10.853500,10.853500,0.0000e+00
dev-corpus-06,4150,53568,0.000000e+00,248046,248046,4.250175,4.250175,0.0000e+00
dev-corpus-06,4151,314,0.000000e+00,2272,2272,1.858431,1.858431,0.0000e+00
dev-corpus-06,4152,3988,0.000000e+00,3988,3988,1.123532,1.123532,0.0000e+00
dev-corpus-06,4153,46553,0.000000e+00,20753,20753,7.213978,7.213978,0.0000e+00
dev-corpus-06,4154,314,0.000000e+00,13,13,1.386206,1.386206,0.0000e+00
dev-corpus-06,4155,10274,0.000000e+00,10274,10274,0.218335,0.218335,0.0000e+00
dev-corpus-06,4156,13,0.000000e+00,13,13,0.951519,0.951519,0.0000e+00
dev-corpus-06,4157,1216,0.000000e+00,248046,248046,2.362469,2.362469,0.0000e+00
dev-corpus-06,4158,22339,0.000000e+00,557,557,4.432252,4.432252,0.0000e+00
dev-corpus-06,4159,10274,0.000000e+00,10274,10274,0.241056,0.241056,0.0000e+00
dev-corpus-06,4160,383,0.000000e+00,383,383,0.445183,0.445183,0.0000e+00
dev-corpus-06,4161,279,0.000000e+00,279,279,0.049241,0.049241,0.0000e+00
dev-corpus-06,4162,5459,0.000000e+00,5459,5459,0.133951,0.133951,0.0000e+00
dev-corpus-06,4163,310,0.000000e+00,310,310,0.040041,0.040041,0.0000e+00
dev-corpus-06,4164,55115,0.000000e+00,55115,55115,0.024863,0.024863,0.0000e+00
dev-corpus-06,4165,310,0.000000e+00,321,321,6.731602,6.731602,0.0000e+00
dev-corpus-06,4166,1423,0.000000e+00,3512,3512,7.567417,7.567417,0.0000e+00
dev-corpus-06,4167,20753,0.000000e+00,780,780,7.620273,7.620273,0.0000e+00
dev-corpus-06,4168,1017,0.000000e+00,13,13,6.097257,6.097257,0.0000e+00
dev-corpus-06,4169,321,0.000000e+00,13,13,2.086475,2.086475,0.0000e+00
dev-corpus-06,4170,4300,0.000000e+00,5924,5924,6.319772,6.319772,0.0000e+00
dev-corpus-06,4171,1070,0.000000e+00,1070,1070,0.418587,0.418587,0.0000e+00
dev-corpus-06,4172,6608,0.000000e+00,310,310,12.286644,12.286644,0.0000e+00
dev-corpus-06,4173,310,0.000000e+00,310,310,1.353959,1.353959,0.0000e+00
dev-corpus-06,4174,24640,0.000000e+00,279,279,2.463589,2.463589,0.0000e+00
dev-corpus-06,4175,13,0.000000e+00,13,13,0.870681,0.870681,0.0000e+00
dev-corpus-06,4176,1921,0.000000e+00,248046,248046,3.990253,3.990253,0.0000e+00
dev-corpus-06,4177,383,0.000000e+00,551,551,4.007457,4.007457,0.0000e+00
dev-corpus-06,4178,780,0.000000e+00,279,279,1.812917,1.812917,0.0000e+00
dev-corpus-06,4179,1560,0.000000e+00,1560,1560,0.368418,0.368418,0.0000e+00
dev-corpus-06,4180,264,0.000000e+00,11,11,8.400992,8.400992,0.0000e+00
dev-corpus-06,4181,3000,0.000000e+00,3000,3000,1.242789,1.242789,0.0000e+00
dev-corpus-06,4182,50786,0.000000e+00,494,494,6.900162,6.900162,0.0000e+00
dev-corpus-06,4183,1056,0.000000e+00,1056,1056,0.067514,0.067514,0.0000e+00
dev-corpus-06,4184,264,0.000000e+00,279,279,4.577638,4.577638,0.0000e+00
dev-corpus-06,4185,6797,0.000000e+00,6797,6797,1.020206,1.020206,0.0000e+00
dev-corpus-06,4186,542,0.000000e+00,9434,9434,2.976514,2.976514,0.0000e+00
dev-corpus-06,4187,588,0.000000e+00,588,588,0.373944,0.373944,0.0000e+00
dev-corpus-06,4188,2094,0.000000e+00,1441,1441,2.963718,2.963718,0.0000e+00
dev-corpus-06,4189,1384,0.000000e+00,1384,1384,0.108053,0.108053,0.0000e+00
dev-corpus-06,4190,321,0.000000e+00,321,321,0.668851,0.668851,0.0000e+00
dev-corpus-06,4191,1782,0.000000e+00,551,551,9.945986,9.945986,0.0000e+00
dev-corpus-06,4192,440,0.000000e+00,440,440,0.955709,0.955709,0.0000e+00
dev-corpus-06,4193,1384,0.000000e+00,1384,1384,0.042706,0.042706,0.0000e+00
dev-corpus-06,4194,494,0.000000e+00,10729,10729,7.594224,7.594224,0.0000e+00
dev-corpus-06,4195,21583,0.000000e+00,279,279,1.314468,1.314468,0.0000e+00
dev-corpus-06,4196,506,0.000000e+00,13,13,9.259205,9.259205,0.0000e+00
dev-corpus-06,4197,4937,0.000000e+00,279,279,5.556267,5.556267,0.0000e+00
dev-corpus-06,4198,1834,0.000000e+00,1247,1247,3.129786,3.129786,0.0000e+00
dev-corpus-06,4199,13,0.000000e+00,13,13,0.785440,0.785440,0.0000e+00
dev-corpus-06,4200,4844,0.000000e+00,1216,1216,3.851980,3.851980,0.0000e+00
dev-corpus-06,4201,551,0.000000e+00,551,551,0.960833,0.960833,0.0000e+00
dev-corpus-06,4202,10729,0.000000e+00,6408,6408,2.040204,2.040204,0.0000e+00
dev-corpus-06,4203,310,0.000000e+00,310,310,0.681648,0.681648,0.0000e+00
dev-corpus-06,4204,279,0.000000e+00,279,279,0.100107,0.100107,0.0000e+00
dev-corpus-06,4205,4751,0.000000e+00,4751,4751,0.041547,0.041547,0.0000e+00
dev-corpus-06,4206,321,0.000000e+00,321,321,0.380512,0.380512,0.0000e+00
dev-corpus-06,4207,6408,0.000000e+00,6408,6408,0.298303,0.298303,0.0000e+00
dev-corpus-06,4208,264,0.000000e+00,264,264,0.390669,0.390669,0.0000e+00
dev-corpus-06,4209,7497,0.000000e+00,7497,7497,0.067009,0.067009,0.0000e+00
dev-corpus-06,4210,11,0.000000e+00,5315,5315,4.301790,4.301790,0.0000e+00
dev-corpus-06,4211,328,0.000000e+00,328,328,1.144044,1.144044,0.0000e+00
dev-corpus-06,4212,50,0.000000e+00,50,50,0.260259,0.260259,0.0000e+00
dev-corpus-06,4213,4784,0.000000e+00,4784,4784,0.001692,0.001692,0.0000e+00
dev-corpus-06,4214,11,0.000000e+00,11,11,0.062473,0.062473,0.0000e+00
dev-corpus-06,4215,796,0.000000e+00,65246,65246,6.580527,6.580527,0.0000e+00
dev-corpus-06,4216,355,0.000000e+00,355,355,0.147842,0.147842,0.0000e+00
dev-corpus-06,4217,11,0.000000e+00,11,11,0.200231,0.200231,0.0000e+00
dev-corpus-06,4218,3069,0.000000e+00,3069,3069,0.025380,0.025380,0.0000e+00
dev-corpus-06,4219,513,0.000000e+00,513,513,0.821862,0.821862,0.0000e+00
dev-corpus-06,4220,488,0.000000e+00,488,488,0.023222,0.023222,0.0000e+00
dev-corpus-06,4221,36228,0.000000e+00,36228,36228,0.067428,0.067428,0.0000e+00
dev-corpus-06,4222,10292,0.000000e+00,10292,10292,0.007194,0.007194,0.0000e+00
dev-corpus-06,4223,728,0.000000e+00,728,728,0.099009,0.099009,0.0000e+00
dev-corpus-06,4224,224994,0.000000e+00,7285,7285,2.626664,2.626664,0.0000e+00
dev-corpus-06,4225,321,0.000000e+00,248046,248046,7.187074,7.187074,0.0000e+00
dev-corpus-06,4226,551,0.000000e+00,551,551,1.498468,1.498468,0.0000e+00
dev-corpus-06,4227,1018,0.000000e+00,557,557,4.027033,4.027033,0.0000e+00
dev-corpus-06,4228,328,0.000000e+00,11,11,1.173092,1.173092,0.0000e+00
dev-corpus-06,4229,14202,0.000000e+00,14749,14749,1.978528,1.978528,0.0000e+00
dev-corpus-06,4230,513,0.000000e+00,513,513,0.081176,0.081176,0.0000e+00
dev-corpus-06,4231,488,0.000000e+00,488,488,0.013220,0.013220,0.0000e+00
dev-corpus-06,4232,7285,0.000000e+00,224994,224994,1.236832,1.236832,0.0000e+00
dev-corpus-06,4233,1179,0.000000e+00,321,321,3.030794,3.030794,0.0000e+00
dev-corpus-06,4234,279,0.000000e+00,279,279,0.623428,0.623428,0.0000e+00
dev-corpus-06,4235,35706,0.000000e+00,7497,7497,6.720994,6.720994,0.0000e+00
dev-corpus-06,4236,1018,0.000000e+00,1018,1018,0.392795,0.392795,0.0000e+00
dev-corpus-06,4237,11,0.000000e+00,328,328,1.850295,1.850295,0.0000e+00
dev-corpus-06,4238,328,0.000000e+00,328,328,0.078979,0.078979,0.0000e+00
dev-corpus-06,4239,40,0.000000e+00,40,40,0.074859,0.074859,0.0000e+00
dev-corpus-06,4240,1044,0.000000e+00,1044,1044,0.052448,0.052448,0.0000e+00
dev-corpus-06,4241,10274,0.000000e+00,10274,10274,0.088529,0.088529,0.0000e+00
dev-corpus-06,4242,11,0.000000e+00,11,11,0.992896,0.992896,0.0000e+00
dev-corpus-06,4243,8446,0.000000e+00,8446,8446,0.230970,0.230970,0.0000e+00
dev-corpus-06,4244,488,0.000000e+00,488,488,0.041665,0.041665,0.0000e+00
dev-corpus-06,4245,513,0.000000e+00,513,513,0.204366,0.204366,0.0000e+00
dev-corpus-06,4246,36228,0.000000e+00,36228,36228,0.071667,0.071667,0.0000e+00
dev-corpus-06,4247,10292,0.000000e+00,10292,10292,0.011906,0.011906,0.0000e+00
dev-corpus-06,4248,13,0.000000e+00,3158,3158,1.523965,1.523965,0.0000e+00
dev-corpus-06,4249,1049,0.000000e+00,4543,4543,4.888914,4.888914,0.0000e+00
dev-corpus-06,4250,369,0.000000e+00,369,369,0.274439,0.274439,0.0000e+00
dev-corpus-06,4251,2503,0.000000e+00,2503,2503,1.934562,1.934562,0.0000e+00
dev-corpus-06,4252,364,0.000000e+00,364,364,0.286142,0.286142,0.0000e+00
dev-corpus-06,4253,488,0.000000e+00,488,488,0.095465,0.095465,0.0000e+00
dev-corpus-06,4254,310,0.000000e+00,310,310,0.102975,0.102975,0.0000e+00
dev-corpus-06,4255,10017,0.000000e+00,10017,10017,0.250613,0.250613,0.0000e+00
dev-corpus-06,4256,2272,0.000000e+00,2272,2272,0.062211,0.062211,0.0000e+00
dev-corpus-06,4257,279,0.000000e+00,279,279,0.039385,0.039385,0.0000e+00
dev-corpus-06,4258,708,0.000000e+00,708,708,1.212308,1.212308,0.0000e+00
dev-corpus-06,4259,7421,0.000000e+00,327,327,1.083099,1.083099,0.0000e+00
dev-corpus-06,4260,1149,0.000000e+00,1149,1149,1.017332,1.017332,0.0000e+00
dev-corpus-06,4261,6683,0.000000e+00,248046,248046,5.834084,5.834084,0.0000e+00
dev-corpus-06,4262,4439,0.000000e+00,557,557,3.398831,3.398831,0.0000e+00
dev-corpus-06,4263,328,0.000000e+00,328,328,1.069606,1.069606,0.0000e+00
dev-corpus-06,4264,3710,0.000000e+00,12195,12195,2.040901,2.040901,0.0000e+00
dev-corpus-06,4265,635,0.000000e+00,4723,4723,1.995545,1.995545,0.0000e+00
dev-corpus-06,4266,488,0.000000e+00,488,488,0.099836,0.099836,0.0000e+00
dev-corpus-06,4267,1318,0.000000e+00,1318,1318,0.103232,0.103232,0.0000e+00
dev-corpus-06,4268,728,0.000000e+00,728,728,0.114246,0.114246,0.0000e+00
dev-corpus-06,4269,310,0.000000e+00,310,310,0.056684,0.056684,0.0000e+00
dev-corpus-06,4270,635,0.000000e+00,635,635,0.034731,0.034731,0.0000e+00
dev-corpus-06,4271,7285,0.000000e+00,7285,7285,0.517705,0.517705,0.0000e+00
dev-corpus-06,4272,1179,0.000000e+00,321,321,2.252070,2.252070,0.0000e+00
dev-corpus-06,4273,279,0.000000e+00,279,279,0.295742,0.295742,0.0000e+00
dev-corpus-06,4274,35706,0.000000e+00,5459,5459,4.332351,4.332351,0.0000e+00
dev-corpus-06,4275,1018,0.000000e+00,1018,1018,0.223622,0.223622,0.0000e+00
dev-corpus-06,4276,328,0.000000e+00,11,11,1.138485,1.138485,0.0000e+00
dev-corpus-06,4277,6737,0.000000e+00,10533,10533,2.150666,2.150666,0.0000e+00
dev-corpus-06,4278,1029,0.000000e+00,1029,1029,0.004503,0.004503,0.0000e+00
dev-corpus-06,4279,321,0.000000e+00,321,321,0.329017,0.329017,0.0000e+00
dev-corpus-06,4280,708,0.000000e+00,708,708,0.121857,0.121857,0.0000e+00
dev-corpus-06,4281,1083,0.000000e+00,310,310,1.461347,1.461347,0.0000e+00
dev-corpus-06,4282,279,0.000000e+00,55115,55115,0.896553,0.896553,0.0000e+00
dev-corpus-06,4283,3177,0.000000e+00,3177,3177,0.145388,0.145388,0.0000e+00
dev-corpus-06,4284,11,0.000000e+00,321,321,1.338060,1.338060,0.0000e+00
dev-corpus-06,4285,321,0.000000e+00,321,321,0.075693,0.075693,0.0000e+00
dev-corpus-06,4286,488,0.000000e+00,488,488,0.354414,0.354414,0.0000e+00
dev-corpus-06,4287,668,0.000000e+00,668,668,0.291569,0.291569,0.0000e+00
dev-corpus-06,4288,381,0.000000e+00,381,381,0.043935,0.043935,0.0000e+00
dev-corpus-06,4289,3125,0.000000e+00,3125,3125,0.044282,0.044282,0.0000e+00
dev-corpus-06,4290,1092,0.000000e+00,1092,1092,0.070341,0.070341,0.0000e+00
dev-corpus-06,4291,488,0.000000e+00,488,488,0.264703,0.264703,0.0000e+00
dev-corpus-06,4292,1902,0.000000e+00,1902,1902,0.310359,0.310359,0.0000e+00
dev-corpus-06,4293,635,0.000000e+00,635,635,0.039054,0.039054,0.0000e+00
dev-corpus-06,4294,1149,0.000000e+00,1149,1149,0.401949,0.401949,0.0000e+00
dev-corpus-06,4295,19425,0.000000e+00,248046,248046,11.625683,11.625683,0.0000e+00
dev-corpus-06,4296,978,0.000000e+00,978,978,1.545688,1.545688,0.0000e+00
dev-corpus-06,4297,1801,0.000000e+00,86049,86049,5.709211,5.709211,0.0000e+00
dev-corpus-06,4298,17481,0.000000e+00,264,264,1.209518,1.209518,0.0000e+00
dev-corpus-06,4299,11,0.000000e+00,539,539,1.794049,1.794049,0.0000e+00
dev-corpus-06,4300,551,0.000000e+00,6683,6683,0.929504,0.929504,0.0000e+00
dev-corpus-06,4301,557,0.000000e+00,557,557,0.253514,0.253514,0.0000e+00
dev-corpus-06,4302,2895,0.000000e+00,5879,5879,5.820353,5.820353,0.0000e+00
dev-corpus-06,4303,310,0.000000e+00,539,539,1.576672,1.576672,0.0000e+00
dev-corpus-06,4304,279,0.000000e+00,264,264,2.854424,2.854424,0.0000e+00
dev-corpus-06,4305,3177,0.000000e+00,3626,3626,2.638270,2.638270,0.0000e+00
dev-corpus-06,4306,321,0.000000e+00,314,314,1.976747,1.976747,0.0000e+00
dev-corpus-06,4307,2756,0.000000e+00,264,264,9.852575,9.852575,0.0000e+00
dev-corpus-06,4308,2843,0.000000e+00,314,314,1.899600,1.899600,0.0000e+00
dev-corpus-06,4309,780,0.000000e+00,551,551,2.286297,2.286297,0.0000e+00
dev-corpus-06,4310,13529,0.000000e+00,13529,13529,0.339001,0.339001,0.0000e+00
dev-corpus-06,4311,557,0.000000e+00,557,557,0.201564,0.201564,0.0000e+00
dev-corpus-06,4312,26137,0.000000e+00,26137,26137,0.068557,0.068557,0.0000e+00
dev-corpus-06,4313,539,0.000000e+00,539,539,0.503436,0.503436,0.0000e+00
dev-corpus-06,4314,1473,0.000000e+00,1473,1473,0.907901,0.907901,0.0000e+00
dev-corpus-06,4315,276,0.000000e+00,276,276,0.018509,0.018509,0.0000e+00
dev-corpus-06,4316,3362,0.000000e+00,3362,3362,0.005132,0.005132,0.0000e+00
dev-corpus-06,4317,314,0.000000e+00,13,13,4.787251,4.787251,0.0000e+00
dev-corpus-06,4318,55115,0.000000e+00,55115,55115,0.126838,0.126838,0.0000e+00
dev-corpus-06,4319,13,0.000000e+00,13,13,0.321243,0.321243,0.0000e+00
dev-corpus-06,4320,4844,0.000000e+00,248046,248046,3.105941,3.105941,0.0000e+00
dev-corpus-06,4321,6683,0.000000e+00,551,551,1.467910,1.467910,0.0000e+00
dev-corpus-06,4322,557,0.000000e+00,557,557,1.077142,1.077142,0.0000e+00
dev-corpus-06,4323,86058,0.000000e+00,86058,86058,0.617933,0.617933,0.0000e+00
dev-corpus-06,4324,321,0.000000e+00,321,321,0.355930,0.355930,0.0000e+00
dev-corpus-06,4325,6849,0.000000e+00,5924,5924,5.328242,5.328242,0.0000e+00
dev-corpus-06,4326,3727,0.000000e+00,5820,5820,2.142610,2.142610,0.0000e+00
dev-corpus-06,4327,310,0.000000e+00,66012,66012,1.829005,1.829005,0.0000e+00
dev-corpus-06,4328,62787,0.000000e+00,68233,68233,4.179618,4.179618,0.0000e+00
dev-corpus-06,4329,8608,0.000000e+00,279,279,7.814111,7.814111,0.0000e+00
dev-corpus-06,4330,1876,0.000000e+00,248046,248046,2.792375,2.792375,0.0000e+00
dev-corpus-06,4331,13,0.000000e+00,13,13,0.892272,0.892272,0.0000e+00
dev-corpus-06,4332,1216,0.000000e+00,248046,248046,2.154822,2.154822,0.0000e+00
dev-corpus-06,4333,59826,0.000000e+00,29694,29694,9.419401,9.419401,0.0000e+00
dev-corpus-06,4334,14156,0.000000e+00,279,279,8.242761,8.242761,0.0000e+00
dev-corpus-06,4335,310,0.000000e+00,303,303,1.270645,1.270645,0.0000e+00
dev-corpus-06,4336,279,0.000000e+00,279,279,1.112574,1.112574,0.0000e+00
dev-corpus-06,4337,15418,0.000000e+00,34539,34539,1.488067,1.488067,0.0000e+00
dev-corpus-06,4338,3533,0.000000e+00,3533,3533,0.052797,0.052797,0.0000e+00
dev-corpus-06,4339,321,0.000000e+00,13,13,1.652809,1.652809,0.0000e+00
dev-corpus-06,4340,551,0.000000e+00,5947,5947,3.267311,3.267311,0.0000e+00
dev-corpus-06,4341,369,0.000000e+00,557,557,2.769163,2.769163,0.0000e+00
dev-corpus-06,4342,1048,0.000000e+00,279,279,4.258339,4.258339,0.0000e+00
dev-corpus-06,4343,3750,0.000000e+00,3750,3750,0.545507,0.545507,0.0000e+00
dev-corpus-06,4344,430,0.000000e+00,430,430,0.495380,0.495380,0.0000e+00
dev-corpus-06,4345,449,0.000000e+00,279,279,5.413202,5.413202,0.0000e+00
dev-corpus-06,4346,78167,0.000000e+00,78167,78167,1.835676,1.835676,0.0000e+00
dev-corpus-06,4347,310,0.000000e+00,310,310,0.425467,0.425467,0.0000e+00
dev-corpus-06,4348,279,0.000000e+00,279,279,0.018108,0.018108,0.0000e+00
dev-corpus-06,4349,15418,0.000000e+00,34539,34539,3.268571,3.268571,0.0000e+00
dev-corpus-06,4350,3533,0.000000e+00,3533,3533,0.004335,0.004335,0.0000e+00
dev-corpus-06,4351,13,0.000000e+00,13,13,0.150910,0.150910,0.0000e+00
dev-corpus-06,4352,220,0.000000e+00,248046,248046,5.237318,5.237318,0.0000e+00
dev-corpus-06,4353,1216,0.000000e+00,248046,248046,1.400564,1.400564,0.0000e+00
dev-corpus-06,4354,37070,0.000000e+00,5947,5947,9.223395,9.223395,0.0000e+00
dev-corpus-06,4355,3679,0.000000e+00,1599,1599,3.450348,3.450348,0.0000e+00
dev-corpus-06,4356,28935,0.000000e+00,28935,28935,0.161292,0.161292,0.0000e+00
dev-corpus-06,4357,303,0.000000e+00,303,303,0.973014,0.973014,0.0000e+00
dev-corpus-06,4358,10305,0.000000e+00,279,279,5.578185,5.578185,0.0000e+00
dev-corpus-06,4359,177955,0.000000e+00,177955,177955,0.168445,0.168445,0.0000e+00
dev-corpus-06,4360,11,0.000000e+00,11,11,0.087245,0.087245,0.0000e+00
dev-corpus-06,4361,6931,0.000000e+00,66059,66059,3.535364,3.535364,0.0000e+00
dev-corpus-06,4362,23494,0.000000e+00,23494,23494,0.007575,0.007575,0.0000e+00
dev-corpus-06,4363,11,0.000000e+00,11,11,0.036447,0.036447,0.0000e+00
dev-corpus-06,4364,645,0.000000e+00,645,645,1.113852,1.113852,0.0000e+00
dev-corpus-06,4365,425,0.000000e+00,425,425,0.007430,0.007430,0.0000e+00
dev-corpus-06,4366,42167,0.000000e+00,42167,42167,0.004198,0.004198,0.0000e+00
dev-corpus-06,4367,11165,0.000000e+00,2906,2906,3.244357,3.244357,0.0000e+00
dev-corpus-06,4368,11,0.000000e+00,11,11,0.216035,0.216035,0.0000e+00
dev-corpus-06,4369,57775,0.000000e+00,57775,57775,0.944475,0.944475,0.0000e+00
dev-corpus-06,4370,321,0.000000e+00,11,11,2.640753,2.640753,0.0000e+00
dev-corpus-06,4371,66059,0.000000e+00,66059,66059,1.281137,1.281137,0.0000e+00
dev-corpus-06,4372,40985,0.000000e+00,40985,40985,0.016442,0.016442,0.0000e+00
dev-corpus-06,4373,4949,0.000000e+00,13,13,11.621021,11.621021,0.0000e+00
dev-corpus-06,4374,43410,0.000000e+00,2290,2290,9.042350,9.042350,0.0000e+00
dev-corpus-06,4375,466,0.000000e+00,11592,11592,3.926812,3.926812,0.0000e+00
dev-corpus-06,4376,12937,0.000000e+00,60163,60163,4.197264,4.197264,0.0000e+00
dev-corpus-06,4377,14470,0.000000e+00,14470,14470,0.018879,0.018879,0.0000e+00
dev-corpus-06,4378,314,0.000000e+00,11592,11592,2.395950,2.395950,0.0000e+00
dev-corpus-06,4379,279,0.000000e+00,279,279,0.179986,0.179986,0.0000e+00
dev-corpus-06,4380,16570,0.000000e+00,1478,1478,2.207587,2.207587,0.0000e+00
dev-corpus-06,4381,7840,0.000000e+00,7840,7840,0.653763,0.653763,0.0000e+00
dev-corpus-06,4382,6265,0.000000e+00,6265,6265,0.479589,0.479589,0.0000e+00
dev-corpus-06,4383,303,0.000000e+00,314,314,1.535255,1.535255,0.0000e+00
dev-corpus-06,4384,279,0.000000e+00,279,279,0.051968,0.051968,0.0000e+00
dev-corpus-06,4385,491,0.000000e+00,1478,1478,2.731390,2.731390,0.0000e+00
dev-corpus-06,4386,37818,0.000000e+00,58170,58170,3.160742,3.160742,0.0000e+00
dev-corpus-06,4387,557,0.000000e+00,513,513,4.489148,4.489148,0.0000e+00
dev-corpus-06,4388,5158,0.000000e+00,5158,5158,0.119316,0.119316,0.0000e+00
dev-corpus-06,4389,539,0.000000e+00,539,539,0.025811,0.025811,0.0000e+00
dev-corpus-06,4390,6683,0.000000e+00,6683,6683,0.755043,0.755043,0.0000e+00
dev-corpus-06,4391,1472,0.000000e+00,13,13,6.224387,6.224387,0.0000e+00
dev-corpus-06,4392,279,0.000000e+00,780,780,2.152570,2.152570,0.0000e+00
dev-corpus-06,4393,18252,0.000000e+00,11592,11592,5.171593,5.171593,0.0000e+00
dev-corpus-06,4394,314,0.000000e+00,314,314,0.056719,0.056719,0.0000e+00
dev-corpus-06,4395,279,0.000000e+00,279,279,0.100132,0.100132,0.0000e+00
dev-corpus-06,4396,25872,0.000000e+00,18147,18147,3.746090,3.746090,0.0000e+00
dev-corpus-06,4397,8643,0.000000e+00,8643,8643,0.155294,0.155294,0.0000e+00
dev-corpus-06,4398,13,0.000000e+00,13,13,0.201813,0.201813,0.0000e+00
dev-corpus-06,4399,248046,0.000000e+00,645,645,1.023476,1.023476,0.0000e+00
dev-corpus-06,4400,198,0.000000e+00,198,198,0.000065,0.000065,0.0000e+00
dev-corpus-06,4401,248045,0.000000e+00,248045,248045,0.000040,0.000040,0.0000e+00
dev-corpus-06,4402,846,0.000000e+00,846,846,0.288637,0.288637,0.0000e+00
dev-corpus-06,4403,198,0.000000e+00,198,198,0.034806,0.034806,0.0000e+00
dev-corpus-06,4404,3710,0.000000e+00,3710,3710,1.654214,1.654214,0.0000e+00
dev-corpus-06,4405,513,0.000000e+00,369,369,2.209623,2.209623,0.0000e+00
dev-corpus-06,4406,1010,0.000000e+00,279,279,1.890819,1.890819,0.0000e+00
dev-corpus-06,4407,2433,0.000000e+00,314,314,4.204438,4.204438,0.0000e+00
dev-corpus-06,4408,310,0.000000e+00,421,421,2.930037,2.930037,0.0000e+00
dev-corpus-06,4409,5909,0.000000e+00,635,635,3.842013,3.842013,0.0000e+00
dev-corpus-06,4410,948,0.000000e+00,883,883,1.723049,1.723049,0.0000e+00
dev-corpus-06,4411,11494,0.000000e+00,4237,4237,6.123163,6.123163,0.0000e+00
dev-corpus-06,4412,264,0.000000e+00,264,264,0.466287,0.466287,0.0000e+00
dev-corpus-06,4413,491,0.000000e+00,491,491,1.808685,1.808685,0.0000e+00
dev-corpus-06,4414,6505,0.000000e+00,1740,1740,4.358473,4.358473,0.0000e+00
dev-corpus-06,4415,314,0.000000e+00,314,314,0.019890,0.019890,0.0000e+00
dev-corpus-06,4416,41581,0.000000e+00,14850,14850,3.325208,3.325208,0.0000e+00
dev-corpus-06,4417,30,0.000000e+00,30,30,0.360262,0.360262,0.0000e+00
dev-corpus-06,4418,248046,0.000000e+00,248046,248046,0.015349,0.015349,0.0000e+00
dev-corpus-06,4419,198,0.000000e+00,198,198,0.000082,0.000082,0.0000e+00
dev-corpus-06,4420,248045,0.000000e+00,248045,248045,0.000004,0.000004,0.0000e+00
dev-corpus-06,4421,74455,0.000000e+00,74455,74455,0.673960,0.673960,0.0000e+00
dev-corpus-06,4422,198,0.000000e+00,198,198,0.022487,0.022487,0.0000e+00
dev-corpus-06,4423,3733,0.000000e+00,248068,248068,18.648369,18.648369,0.0000e+00
dev-corpus-06,4424,513,0.000000e+00,513,513,0.085938,0.085938,0.0000e+00
dev-corpus-06,4425,1599,0.000000e+00,3679,3679,2.647919,2.647919,0.0000e+00
dev-corpus-06,4426,12521,0.000000e+00,9085,9085,8.814500,8.814500,0.0000e+00
dev-corpus-06,4427,948,0.000000e+00,310,310,5.137567,5.137567,0.0000e+00
dev-corpus-06,4428,799,0.000000e+00,11494,11494,10.301009,10.301009,0.0000e+00
dev-corpus-06,4429,628,0.000000e+00,369,369,5.916568,5.916568,0.0000e+00
dev-corpus-06,4430,2426,0.000000e+00,3569,3569,7.780475,7.780475,0.0000e+00
dev-corpus-06,4431,303,0.000000e+00,303,303,0.087144,0.087144,0.0000e+00
dev-corpus-06,4432,3838,0.000000e+00,3838,3838,0.027018,0.027018,0.0000e+00
dev-corpus-06,4433,948,0.000000e+00,948,948,0.559318,0.559318,0.0000e+00
dev-corpus-06,4434,21877,0.000000e+00,11494,11494,1.735822,1.735822,0.0000e+00
dev-corpus-06,4435,41581,0.000000e+00,264,264,1.840641,1.840641,0.0000e+00
dev-corpus-06,4436,13,0.000000e+00,13,13,0.347523,0.347523,0.0000e+00
dev-corpus-06,4437,198,0.000000e+00,5514,5514,2.829393,2.829393,0.0000e+00
dev-corpus-06,4438,16,0.000000e+00,16,16,1.285086,1.285086,0.0000e+00
dev-corpus-06,4439,13,0.000000e+00,13,13,0.029644,0.029644,0.0000e+00
dev-corpus-06,4440,28097,0.000000e+00,2972,2972,3.580374,3.580374,0.0000e+00
dev-corpus-06,4441,25,0.000000e+00,25,25,0.826830,0.826830,0.0000e+00
dev-corpus-06,4442,279,0.000000e+00,28924,28924,6.528489,6.528489,0.0000e+00
dev-corpus-06,4443,7193,0.000000e+00,5839,5839,2.883938,2.883938,0.0000e+00
dev-corpus-06,4444,314,0.000000e+00,314,314,0.626807,0.626807,0.0000e+00
dev-corpus-06,4445,10121,0.000000e+00,279,279,4.494387,4.494387,0.0000e+00
dev-corpus-06,4446,1220,0.000000e+00,369,369,3.165884,3.165884,0.0000e+00
dev-corpus-06,4447,381,0.000000e+00,381,381,0.106704,0.106704,0.0000e+00
dev-corpus-06,4448,2708,0.000000e+00,6306,6306,2.783489,2.783489,0.0000e+00
dev-corpus-06,4449,303,0.000000e+00,13,13,5.823847,5.823847,0.0000e+00
dev-corpus-06,4450,3838,0.000000e+00,3838,3838,1.094092,1.094092,0.0000e+00
dev-corpus-06,4451,11,0.000000e+00,13,13,2.418444,2.418444,0.0000e+00
dev-corpus-06,4452,585,0.000000e+00,3315,3315,4.158820,4.158820,0.0000e+00
dev-corpus-06,4453,1673,0.000000e+00,1673,1673,0.053830,0.053830,0.0000e+00
dev-corpus-06,4454,2487,0.000000e+00,2487,2487,0.398313,0.398313,0.0000e+00
dev-corpus-06,4455,3315,0.000000e+00,364,364,1.846382,1.846382,0.0000e+00
dev-corpus-06,4456,424,0.000000e+00,424,424,1.046696,1.046696,0.0000e+00
dev-corpus-06,4457,579,0.000000e+00,369,369,2.116426,2.116426,0.0000e+00
dev-corpus-06,4458,364,0.000000e+00,364,364,0.072613,0.072613,0.0000e+00
dev-corpus-06,4459,10461,0.000000e+00,15367,15367,9.712819,9.712819,0.0000e+00
dev-corpus-06,4460,1603,0.000000e+00,4477,4477,7.639900,7.639900,0.0000e+00
dev-corpus-06,4461,4131,0.000000e+00,4477,4477,2.011138,2.011138,0.0000e+00
dev-corpus-06,4462,4477,0.000000e+00,4477,4477,0.228587,0.228587,0.0000e+00
dev-corpus-06,4463,466,0.000000e+00,11,11,2.004602,2.004602,0.0000e+00
dev-corpus-06,4464,364,0.000000e+00,364,364,0.606316,0.606316,0.0000e+00
dev-corpus-06,4465,944,0.000000e+00,15367,15367,4.753061,4.753061,0.0000e+00
dev-corpus-06,4466,1040,0.000000e+00,6526,6526,3.410951,3.410951,0.0000e+00
dev-corpus-06,4467,4483,0.000000e+00,6526,6526,2.766228,2.766228,0.0000e+00
dev-corpus-06,4468,2678,0.000000e+00,6526,6526,4.398494,4.398494,0.0000e+00
dev-corpus-06,4469,6526,0.000000e+00,6526,6526,0.378236,0.378236,0.0000e+00
dev-corpus-06,4470,13,0.000000e+00,13,13,1.034550,1.034550,0.0000e+00
dev-corpus-06,4471,198,0.000000e+00,198,198,0.431821,0.431821,0.0000e+00
dev-corpus-06,4472,17,0.000000e+00,17,17,0.015087,0.015087,0.0000e+00
dev-corpus-06,4473,13,0.000000e+00,13,13,0.009087,0.009087,0.0000e+00
dev-corpus-06,4474,8223,0.000000e+00,3856,3856,5.603431,5.603431,0.0000e+00
dev-corpus-06,4475,20025,0.000000e+00,25,25,12.341186,12.341186,0.0000e+00
dev-corpus-06,4476,25,0.000000e+00,25,25,0.598752,0.598752,0.0000e+00
dev-corpus-06,4477,17107,0.000000e+00,279,279,9.848175,9.848175,0.0000e+00
dev-corpus-06,4478,369,0.000000e+00,1220,1220,1.654839,1.654839,0.0000e+00
dev-corpus-06,4479,2590,0.000000e+00,264,264,2.895577,2.895577,0.0000e+00
dev-corpus-06,4480,449,0.000000e+00,264,264,1.980309,1.980309,0.0000e+00
dev-corpus-06,4481,2894,0.000000e+00,2894,2894,0.224312,0.224312,0.0000e+00
dev-corpus-06,4482,17345,0.000000e+00,7911,7911,2.389144,2.389144,0.0000e+00
dev-corpus-06,4483,948,0.000000e+00,13,13,3.745653,3.745653,0.0000e+00
dev-corpus-06,4484,424,0.000000e+00,11494,11494,3.451368,3.451368,0.0000e+00
dev-corpus-06,4485,3905,0.000000e+00,3905,3905,0.074978,0.074978,0.0000e+00
dev-corpus-06,4486,310,0.000000e+00,310,310,0.025738,0.025738,0.0000e+00
dev-corpus-06,4487,866,0.000000e+00,11494,11494,5.241866,5.241866,0.0000e+00
dev-corpus-06,4488,3269,0.000000e+00,7384,7384,8.310730,8.310730,0.0000e+00
dev-corpus-06,4489,314,0.000000e+00,314,314,0.101668,0.101668,0.0000e+00
dev-corpus-06,4490,7384,0.000000e+00,7384,7384,0.945256,0.945256,0.0000e+00
dev-corpus-06,4491,13,0.000000e+00,13,13,0.320283,0.320283,0.0000e+00
dev-corpus-06,4492,198,0.000000e+00,198,198,1.712375,1.712375,0.0000e+00
dev-corpus-06,4493,18,0.000000e+00,18,18,0.978310,0.978310,0.0000e+00
dev-corpus-06,4494,13,0.000000e+00,13,13,0.011337,0.011337,0.0000e+00
dev-corpus-06,4495,9612,0.000000e+00,42292,42292,4.004293,4.004293,0.0000e+00
dev-corpus-06,4496,48821,0.000000e+00,48821,48821,0.090579,0.090579,0.0000e+00
dev-corpus-06,4497,34647,0.000000e+00,351,351,6.750269,6.750269,0.0000e+00
dev-corpus-06,4498,318,0.000000e+00,25,25,1.137345,1.137345,0.0000e+00
dev-corpus-06,4499,25340,0.000000e+00,25340,25340,0.014427,0.014427,0.0000e+00
dev-corpus-06,4500,1590,0.000000e+00,1590,1590,0.182859,0.182859,0.0000e+00
dev-corpus-06,4501,10022,0.000000e+00,1368,1368,8.040679,8.040679,0.0000e+00
dev-corpus-06,4502,11639,0.000000e+00,524,524,4.849284,4.849284,0.0000e+00
dev-corpus-06,4503,34647,0.000000e+00,34647,34647,0.339429,0.339429,0.0000e+00
dev-corpus-06,4504,369,0.000000e+00,369,369,0.396092,0.396092,0.0000e+00
dev-corpus-06,4505,4840,0.000000e+00,524,524,8.718991,8.718991,0.0000e+00
dev-corpus-06,4506,440,0.000000e+00,310,310,2.988272,2.988272,0.0000e+00
dev-corpus-06,4507,1379,0.000000e+00,279,279,2.743596,2.743596,0.0000e+00
dev-corpus-06,4508,1901,0.000000e+00,314,314,4.264364,4.264364,0.0000e+00
dev-corpus-06,4509,4758,0.000000e+00,4758,4758,0.111932,0.111932,0.0000e+00
dev-corpus-06,4510,44253,0.000000e+00,11,11,1.947266,1.947266,0.0000e+00
dev-corpus-06,4511,11,0.000000e+00,11,11,0.164392,0.164392,0.0000e+00
dev-corpus-06,4512,279,0.000000e+00,424,424,2.887788,2.887788,0.0000e+00
dev-corpus-06,4513,4131,0.000000e+00,4131,4131,1.196557,1.196557,0.0000e+00
dev-corpus-06,4514,314,0.000000e+00,314,314,0.552448,0.552448,0.0000e+00
dev-corpus-06,4515,82081,0.000000e+00,82081,82081,1.086677,1.086677,0.0000e+00
dev-corpus-06,4516,2493,0.000000e+00,628,628,3.888618,3.888618,0.0000e+00
dev-corpus-06,4517,12904,0.000000e+00,12904,12904,0.712811,0.712811,0.0000e+00
dev-corpus-06,4518,494,0.000000e+00,13,13,2.177110,2.177110,0.0000e+00
dev-corpus-06,4519,799,0.000000e+00,799,799,0.966086,0.966086,0.0000e+00
dev-corpus-06,4520,6365,0.000000e+00,6529,6529,8.467423,8.467423,0.0000e+00
dev-corpus-06,4521,310,0.000000e+00,310,310,0.393877,0.393877,0.0000e+00
dev-corpus-06,4522,2361,0.000000e+00,2361,2361,0.166736,0.166736,0.0000e+00
dev-corpus-06,4523,13,0.000000e+00,13,13,0.220809,0.220809,0.0000e+00
dev-corpus-06,4524,1987,0.000000e+00,198,198,4.268904,4.268904,0.0000e+00
dev-corpus-06,4525,424,0.000000e+00,11,11,1.538815,1.538815,0.0000e+00
dev-corpus-06,4526,579,0.000000e+00,369,369,1.130531,1.130531,0.0000e+00
dev-corpus-06,4527,2590,0.000000e+00,2894,2894,2.054715,2.054715,0.0000e+00
dev-corpus-06,4528,1603,0.000000e+00,1603,1603,0.574888,0.574888,0.0000e+00
dev-corpus-06,4529,310,0.000000e+00,310,310,0.033349,0.033349,0.0000e+00
dev-corpus-06,4530,1301,0.000000e+00,1716,1716,2.095035,2.095035,0.0000e+00
dev-corpus-06,4531,1010,0.000000e+00,8120,8120,4.319911,4.319911,0.0000e+00
dev-corpus-06,4532,8120,0.000000e+00,8120,8120,0.201156,0.201156,0.0000e+00
dev-corpus-06,4533,2094,0.000000e+00,13,13,8.412804,8.412804,0.0000e+00
dev-corpus-06,4534,424,0.000000e+00,13,13,2.264013,2.264013,0.0000e+00
dev-corpus-06,4535,13,0.000000e+00,13,13,0.223084,0.223084,0.0000e+00
dev-corpus-06,4536,198,0.000000e+00,198,198,0.188572,0.188572,0.0000e+00
dev-corpus-06,4537,19,0.000000e+00,19,19,0.032094,0.032094,0.0000e+00
dev-corpus-06,4538,13,0.000000e+00,13,13,0.007692,0.007692,0.0000e+00
dev-corpus-06,4539,13024,0.000000e+00,32500,32500,10.318511,10.318511,0.0000e+00
dev-corpus-06,4540,3638,0.000000e+00,75323,75323,6.658974,6.658974,0.0000e+00
dev-corpus-06,4541,321,0.000000e+00,25,25,3.470975,3.470975,0.0000e+00
dev-corpus-06,4542,4275,0.000000e+00,3061,3061,2.893955,2.893955,0.0000e+00
dev-corpus-06,4543,25,0.000000e+00,25,25,0.114845,0.114845,0.0000e+00
dev-corpus-06,4544,1049,0.000000e+00,4188,4188,4.145457,4.145457,0.0000e+00
dev-corpus-06,4545,369,0.000000e+00,579,579,1.155290,1.155290,0.0000e+00
dev-corpus-06,4546,4409,0.000000e+00,2590,2590,7.291707,7.291707,0.0000e+00
dev-corpus-06,4547,264,0.000000e+00,2590,2590,3.220121,3.220121,0.0000e+00
dev-corpus-06,4548,7230,0.000000e+00,1902,1902,2.695260,2.695260,0.0000e+00
dev-corpus-06,4549,1381,0.000000e+00,44253,44253,1.962676,1.962676,0.0000e+00
dev-corpus-06,4550,421,0.000000e+00,421,421,0.646728,0.646728,0.0000e+00
dev-corpus-06,4551,1396,0.000000e+00,41581,41581,3.514260,3.514260,0.0000e+00
dev-corpus-06,4552,3478,0.000000e+00,73787,73787,3.281206,3.281206,0.0000e+00
dev-corpus-06,4553,47911,0.000000e+00,73787,73787,2.690290,2.690290,0.0000e+00
dev-corpus-06,4554,2724,0.000000e+00,6529,6529,3.692866,3.692866,0.0000e+00
dev-corpus-06,4555,682,0.000000e+00,682,682,0.824028,0.824028,0.0000e+00
dev-corpus-06,4556,7633,0.000000e+00,264,264,3.224468,3.224468,0.0000e+00
dev-corpus-06,4557,279,0.000000e+00,264,264,6.922916,6.922916,0.0000e+00
dev-corpus-06,4558,11811,0.000000e+00,248046,248046,6.365390,6.365390,0.0000e+00
dev-corpus-06,4559,6170,0.000000e+00,878,878,1.267516,1.267516,0.0000e+00
dev-corpus-06,4560,3638,0.000000e+00,878,878,1.014807,1.014807,0.0000e+00
dev-corpus-06,4561,440,0.000000e+00,364,364,4.263944,4.263944,0.0000e+00
dev-corpus-06,4562,1010,0.000000e+00,5090,5090,3.121488,3.121488,0.0000e+00
dev-corpus-06,4563,884,0.000000e+00,4799,4799,5.816660,5.816660,0.0000e+00
dev-corpus-06,4564,10020,0.000000e+00,10020,10020,0.275129,0.275129,0.0000e+00
dev-corpus-06,4565,4275,0.000000e+00,4275,4275,0.090145,0.090145,0.0000e+00
dev-corpus-06,4566,13,0.000000e+00,13,13,0.870300,0.870300,0.0000e+00
dev-corpus-06,4567,1921,0.000000e+00,198,198,4.888632,4.888632,0.0000e+00
dev-corpus-06,4568,1010,0.000000e+00,424,424,2.256531,2.256531,0.0000e+00
dev-corpus-06,4569,4948,0.000000e+00,314,314,3.220356,3.220356,0.0000e+00
dev-corpus-06,4570,2915,0.000000e+00,2493,2493,3.658458,3.658458,0.0000e+00
dev-corpus-06,4571,1691,0.000000e+00,2577,2577,4.594598,4.594598,0.0000e+00
dev-corpus-06,4572,364,0.000000e+00,2577,2577,9.173298,9.173298,0.0000e+00
dev-corpus-06,4573,6699,0.000000e+00,836,836,11.567568,11.567568,0.0000e+00
dev-corpus-06,4574,23557,0.000000e+00,2308,2308,4.953206,4.953206,0.0000e+00
dev-corpus-06,4575,2540,0.000000e+00,2540,2540,0.025291,0.025291,0.0000e+00
dev-corpus-06,4576,11241,0.000000e+00,2444,2444,2.099638,2.099638,0.0000e+00
dev-corpus-06,4577,1056,0.000000e+00,888,888,3.167962,3.167962,0.0000e+00
dev-corpus-06,4578,3672,0.000000e+00,3672,3672,0.111418,0.111418,0.0000e+00
dev-corpus-06,4579,13,0.000000e+00,13,13,0.196091,0.196091,0.0000e+00
dev-corpus-06,4580,198,0.000000e+00,198,198,0.601430,0.601430,0.0000e+00
dev-corpus-06,4581,20,0.000000e+00,20,20,0.130653,0.130653,0.0000e+00
dev-corpus-06,4582,13,0.000000e+00,13,13,0.007497,0.007497,0.0000e+00
dev-corpus-06,4583,60628,0.000000e+00,32500,32500,9.855391,9.855391,0.0000e+00
dev-corpus-06,4584,1105,0.000000e+00,1105,1105,1.194986,1.194986,0.0000e+00
dev-corpus-06,4585,25,0.000000e+00,25,25,0.403763,0.403763,0.0000e+00
dev-corpus-06,4586,1368,0.000000e+00,1368,1368,1.684941,1.684941,0.0000e+00
dev-corpus-06,4587,488,0.000000e+00,488,488,0.313982,0.313982,0.0000e+00
dev-corpus-06,4588,513,0.000000e+00,513,513,0.919086,0.919086,0.0000e+00
dev-corpus-06,4589,264,0.000000e+00,8842,8842,1.996072,1.996072,0.0000e+00
dev-corpus-06,4590,20125,0.000000e+00,20125,20125,0.876455,0.876455,0.0000e+00
dev-corpus-06,4591,82255,0.000000e+00,60651,60651,3.191806,3.191806,0.0000e+00
dev-corpus-06,4592,11,0.000000e+00,11,11,0.350110,0.350110,0.0000e+00
dev-corpus-06,4593,1179,0.000000e+00,264,264,1.954659,1.954659,0.0000e+00
dev-corpus-06,4594,264,0.000000e+00,264,264,0.891500,0.891500,0.0000e+00
dev-corpus-06,4595,16338,0.000000e+00,1603,1603,3.320585,3.320585,0.0000e+00
dev-corpus-06,4596,321,0.000000e+00,321,321,0.722756,0.722756,0.0000e+00
dev-corpus-06,4597,21094,0.000000e+00,25293,25293,3.471752,3.471752,0.0000e+00
dev-corpus-06,4598,47911,0.000000e+00,6564,6564,7.334579,7.334579,0.0000e+00
dev-corpus-06,4599,6564,0.000000e+00,440,440,2.720189,2.720189,0.0000e+00
dev-corpus-06,4600,1105,0.000000e+00,1105,1105,0.037704,0.037704,0.0000e+00
dev-corpus-06,4601,2493,0.000000e+00,369,369,3.027650,3.027650,0.0000e+00
dev-corpus-06,4602,381,0.000000e+00,381,381,0.098159,0.098159,0.0000e+00
dev-corpus-06,4603,1603,0.000000e+00,264,264,3.676958,3.676958,0.0000e+00
dev-corpus-06,4604,310,0.000000e+00,310,310,0.669300,0.669300,0.0000e+00
dev-corpus-06,4605,599,0.000000e+00,2814,2814,1.358524,1.358524,0.0000e+00
dev-corpus-06,4606,303,0.000000e+00,13,13,3.894577,3.894577,0.0000e+00
dev-corpus-06,4607,3529,0.000000e+00,3838,3838,9.988107,9.988107,0.0000e+00
dev-corpus-07,4608,198,0.000000e+00,198,198,0.002226,0.002226,0.0000e+00
dev-corpus-07,4609,4199,0.000000e+00,3710,3710,3.653411,3.653411,0.0000e+00
dev-corpus-07,4610,1503,0.000000e+00,635,635,1.648237,1.648237,0.0000e+00
dev-corpus-07,4611,279,0.000000e+00,279,279,0.621551,0.621551,0.0000e+00
dev-corpus-07,4612,5753,0.000000e+00,7059,7059,7.271202,7.271202,0.0000e+00
dev-corpus-07,4613,15209,0.000000e+00,3299,3299,11.158583,11.158583,0.0000e+00
dev-corpus-07,4614,1785,0.000000e+00,1785,1785,0.180044,0.180044,0.0000e+00
dev-corpus-07,4615,944,0.000000e+00,944,944,1.563444,1.563444,0.0000e+00
dev-corpus-07,4616,30,0.000000e+00,30,30,0.617068,0.617068,0.0000e+00
dev-corpus-07,4617,248046,0.000000e+00,248046,248046,0.297093,0.297093,0.0000e+00
dev-corpus-07,4618,198,0.000000e+00,198,198,0.000036,0.000036,0.0000e+00
dev-corpus-07,4619,248045,0.000000e+00,248045,248045,0.000000,0.000000,0.0000e+00
dev-corpus-07,4620,74455,0.000000e+00,248045,248045,3.955198,3.955198,0.0000e+00
dev-corpus-07,4621,198,0.000000e+00,198,198,0.002163,0.002163,0.0000e+00
dev-corpus-07,4622,4699,0.000000e+00,248068,248068,21.274582,21.274582,0.0000e+00
dev-corpus-07,4623,24518,0.000000e+00,5753,5753,2.070801,2.070801,0.0000e+00
dev-corpus-07,4624,682,0.000000e+00,303,303,3.209999,3.209999,0.0000e+00
dev-corpus-07,4625,1330,0.000000e+00,1330,1330,0.448355,0.448355,0.0000e+00
dev-corpus-07,4626,12320,0.000000e+00,12320,12320,0.234546,0.234546,0.0000e+00
dev-corpus-07,4627,13,0.000000e+00,303,303,1.515635,1.515635,0.0000e+00
dev-corpus-07,4628,561,0.000000e+00,248046,248046,1.985702,1.985702,0.0000e+00
dev-corpus-07,4629,1118,0.000000e+00,1118,1118,0.251802,0.251802,0.0000e+00
dev-corpus-07,4630,6695,0.000000e+00,6695,6695,0.275855,0.275855,0.0000e+00
dev-corpus-07,4631,369,0.000000e+00,318,318,1.269384,1.269384,0.0000e+00
dev-corpus-07,4632,364,0.000000e+00,364,364,0.321907,0.321907,0.0000e+00
dev-corpus-07,4633,264,0.000000e+00,264,264,0.176092,0.176092,0.0000e+00
dev-corpus-07,4634,2050,0.000000e+00,8871,8871,1.992852,1.992852,0.0000e+00
dev-corpus-07,4635,62455,0.000000e+00,8871,8871,7.728329,7.728329,0.0000e+00
dev-corpus-07,4636,8871,0.000000e+00,8871,8871,0.121983,0.121983,0.0000e+00
dev-corpus-07,4637,13,0.000000e+00,11,11,2.031966,2.031966,0.0000e+00
dev-corpus-07,4638,561,0.000000e+00,561,561,0.465522,0.465522,0.0000e+00
dev-corpus-07,4639,8871,0.000000e+00,2018,2018,4.487501,4.487501,0.0000e+00
dev-corpus-07,4640,440,0.000000e+00,440,440,0.477788,0.477788,0.0000e+00
dev-corpus-07,4641,279,0.000000e+00,279,279,0.057001,0.057001,0.0000e+00
dev-corpus-07,4642,8410,0.000000e+00,1379,1379,9.012630,9.012630,0.0000e+00
dev-corpus-07,4643,8421,0.000000e+00,8421,8421,0.208740,0.208740,0.0000e+00
dev-corpus-07,4644,20539,0.000000e+00,14387,14387,4.592929,4.592929,0.0000e+00
dev-corpus-07,4645,264,0.000000e+00,279,279,2.225508,2.225508,0.0000e+00
dev-corpus-07,4646,18739,0.000000e+00,10407,10407,4.935347,4.935347,0.0000e+00
dev-corpus-07,4647,10407,0.000000e+00,10407,10407,0.326462,0.326462,0.0000e+00
dev-corpus-07,4648,303,0.000000e+00,303,303,0.519908,0.519908,0.0000e+00
dev-corpus-07,4649,20481,0.000000e+00,279,279,1.105499,1.105499,0.0000e+00
dev-corpus-07,4650,13,0.000000e+00,13,13,0.214803,0.214803,0.0000e+00
dev-corpus-07,4651,561,0.000000e+00,561,561,0.495114,0.495114,0.0000e+00
dev-corpus-07,4652,2018,0.000000e+00,2018,2018,0.053718,0.053718,0.0000e+00
dev-corpus-07,4653,6695,0.000000e+00,6695,6695,0.011066,0.011066,0.0000e+00
dev-corpus-07,4654,369,0.000000e+00,369,369,0.148890,0.148890,0.0000e+00
dev-corpus-07,4655,364,0.000000e+00,364,364,0.290885,0.290885,0.0000e+00
dev-corpus-07,4656,264,0.000000e+00,264,264,0.229483,0.229483,0.0000e+00
dev-corpus-07,4657,4464,0.000000e+00,4464,4464,0.744169,0.744169,0.0000e+00
dev-corpus-07,4658,579,0.000000e+00,1103,1103,5.548564,5.548564,0.0000e+00
dev-corpus-07,4659,1103,0.000000e+00,1103,1103,1.039848,1.039848,0.0000e+00
dev-corpus-07,4660,314,0.000000e+00,314,314,0.657811,0.657811,0.0000e+00
dev-corpus-07,4661,10853,0.000000e+00,10853,10853,0.027234,0.027234,0.0000e+00
dev-corpus-07,4662,11,0.000000e+00,13,13,2.259913,2.259913,0.0000e+00
dev-corpus-07,4663,864,0.000000e+00,864,864,0.767168,0.767168,0.0000e+00
dev-corpus-07,4664,16298,0.000000e+00,25721,25721,7.428031,7.428031,0.0000e+00
dev-corpus-07,4665,506,0.000000e+00,310,310,3.725607,3.725607,0.0000e+00
dev-corpus-07,4666,279,0.000000e+00,279,279,0.174874,0.174874,0.0000e+00
dev-corpus-07,4667,1528,0.000000e+00,1528,1528,0.435096,0.435096,0.0000e+00
dev-corpus-07,4668,2119,0.000000e+00,2119,2119,0.336810,0.336810,0.0000e+00
dev-corpus-07,4669,13,0.000000e+00,13,13,0.167073,0.167073,0.0000e+00
dev-corpus-07,4670,561,0.000000e+00,561,561,1.285022,1.285022,0.0000e+00
dev-corpus-07,4671,2018,0.000000e+00,4464,4464,1.955751,1.955751,0.0000e+00
dev-corpus-07,4672,6695,0.000000e+00,6695,6695,0.009672,0.009672,0.0000e+00
dev-corpus-07,4673,25721,0.000000e+00,25721,25721,0.494939,0.494939,0.0000e+00
dev-corpus-07,4674,279,0.000000e+00,279,279,0.270008,0.270008,0.0000e+00
dev-corpus-07,4675,7830,0.000000e+00,7830,7830,0.965601,0.965601,0.0000e+00
dev-corpus-07,4676,52351,0.000000e+00,17498,17498,5.756933,5.756933,0.0000e+00
dev-corpus-07,4677,4464,0.000000e+00,12669,12669,5.764814,5.764814,0.0000e+00
dev-corpus-07,4678,12669,0.000000e+00,12669,12669,1.068549,1.068549,0.0000e+00
dev-corpus-07,4679,303,0.000000e+00,303,303,0.770682,0.770682,0.0000e+00
dev-corpus-07,4680,279,0.000000e+00,20481,20481,1.520622,1.520622,0.0000e+00
dev-corpus-07,4681,20481,0.000000e+00,28641,28641,3.379473,3.379473,0.0000e+00
dev-corpus-07,4682,13,0.000000e+00,13,13,0.383569,0.383569,0.0000e+00
dev-corpus-07,4683,5875,0.000000e+00,248046,248046,9.710749,9.710749,0.0000e+00
dev-corpus-07,4684,20032,0.000000e+00,20032,20032,0.642677,0.642677,0.0000e+00
dev-corpus-07,4685,15833,0.000000e+00,321,321,1.852853,1.852853,0.0000e+00
dev-corpus-07,4686,2493,0.000000e+00,321,321,6.087691,6.087691,0.0000e+00
dev-corpus-07,4687,381,0.000000e+00,11822,11822,1.795050,1.795050,0.0000e+00
dev-corpus-07,4688,3568,0.000000e+00,4221,4221,3.172463,3.172463,0.0000e+00
dev-corpus-07,4689,310,0.000000e+00,413,413,1.282327,1.282327,0.0000e+00
dev-corpus-07,4690,25705,0.000000e+00,5790,5790,5.638604,5.638604,0.0000e+00
dev-corpus-07,4691,279,0.000000e+00,279,279,0.687385,0.687385,0.0000e+00
dev-corpus-07,4692,2050,0.000000e+00,52351,52351,2.589021,2.589021,0.0000e+00
dev-corpus-07,4693,72401,0.000000e+00,72401,72401,0.765552,0.765552,0.0000e+00
dev-corpus-07,4694,494,0.000000e+00,11,11,4.795426,4.795426,0.0000e+00
dev-corpus-07,4695,279,0.000000e+00,279,279,0.177562,0.177562,0.0000e+00
dev-corpus-07,4696,1118,0.000000e+00,1118,1118,0.099975,0.099975,0.0000e+00
dev-corpus-07,4697,6695,0.000000e+00,6695,6695,0.028981,0.028981,0.0000e+00
dev-corpus-07,4698,13,0.000000e+00,11,11,0.842150,0.842150,0.0000e+00
dev-corpus-07,4699,248046,0.000000e+00,1946,1946,2.494582,2.494582,0.0000e+00
dev-corpus-07,4700,198,0.000000e+00,198,198,0.000453,0.000453,0.0000e+00
dev-corpus-07,4701,248045,0.000000e+00,248045,248045,0.000412,0.000412,0.0000e+00
dev-corpus-07,4702,846,0.000000e+00,846,846,0.000899,0.000899,0.0000e+00
dev-corpus-07,4703,198,0.000000e+00,198,198,0.021017,0.021017,0.0000e+00
dev-corpus-07,4704,3710,0.000000e+00,3710,3710,1.543601,1.543601,0.0000e+00
dev-corpus-07,4705,369,0.000000e+00,369,369,0.915041,0.915041,0.0000e+00
dev-corpus-07,4706,279,0.000000e+00,279,279,0.418878,0.418878,0.0000e+00
dev-corpus-07,4707,1786,0.000000e+00,6463,6463,5.499070,5.499070,0.0000e+00
dev-corpus-07,4708,3602,0.000000e+00,1560,1560,8.038094,8.038094,0.0000e+00
dev-corpus-07,4709,364,0.000000e+00,364,364,0.591705,0.591705,0.0000e+00
dev-corpus-07,4710,264,0.000000e+00,264,264,0.648081,0.648081,0.0000e+00
dev-corpus-07,4711,2902,0.000000e+00,491,491,5.367446,5.367446,0.0000e+00
dev-corpus-07,4712,19548,0.000000e+00,19548,19548,1.267953,1.267953,0.0000e+00
dev-corpus-07,4713,303,0.000000e+00,303,303,0.993952,0.993952,0.0000e+00
dev-corpus-07,4714,17942,0.000000e+00,9564,9564,7.729983,7.729983,0.0000e+00
dev-corpus-07,4715,4357,0.000000e+00,36291,36291,1.520955,1.520955,0.0000e+00
dev-corpus-07,4716,30,0.000000e+00,30,30,0.542359,0.542359,0.0000e+00
dev-corpus-07,4717,248046,0.000000e+00,248046,248046,0.019269,0.019269,0.0000e+00
dev-corpus-07,4718,198,0.000000e+00,198,198,0.000033,0.000033,0.0000e+00
dev-corpus-07,4719,248045,0.000000e+00,248045,248045,0.000002,0.000002,0.0000e+00
dev-corpus-07,4720,74455,0.000000e+00,248045,248045,1.039920,1.039920,0.0000e+00
dev-corpus-07,4721,198,0.000000e+00,198,198,0.014816,0.014816,0.0000e+00
dev-corpus-07,4722,760,0.000000e+00,248068,248068,21.019028,21.019028,0.0000e+00
dev-corpus-07,4723,1786,0.000000e+00,1786,1786,0.572197,0.572197,0.0000e+00
dev-corpus-07,4724,3602,0.000000e+00,3602,3602,0.058250,0.058250,0.0000e+00
dev-corpus-07,4725,13402,0.000000e+00,364,364,1.052746,1.052746,0.0000e+00
dev-corpus-07,4726,383,0.000000e+00,383,383,0.275549,0.275549,0.0000e+00
dev-corpus-07,4727,3714,0.000000e+00,678,678,7.121269,7.121269,0.0000e+00
dev-corpus-07,4728,33999,0.000000e+00,18738,18738,5.051193,5.051193,0.0000e+00
dev-corpus-07,4729,321,0.000000e+00,11,11,1.128289,1.128289,0.0000e+00
dev-corpus-07,4730,18738,0.000000e+00,18738,18738,1.223911,1.223911,0.0000e+00
dev-corpus-07,4731,13,0.000000e+00,13,13,0.309675,0.309675,0.0000e+00
dev-corpus-07,4732,18050,0.000000e+00,248046,248046,8.893560,8.893560,0.0000e+00
dev-corpus-07,4733,2381,0.000000e+00,12,12,1.593117,1.593117,0.0000e+00
dev-corpus-07,4734,264,0.000000e+00,8259,8259,2.098434,2.098434,0.0000e+00
dev-corpus-07,4735,19548,0.000000e+00,2972,2972,7.297484,7.297484,0.0000e+00
dev-corpus-07,4736,303,0.000000e+00,10419,10419,3.569645,3.569645,0.0000e+00
dev-corpus-07,4737,264,0.000000e+00,17942,17942,4.460449,4.460449,0.0000e+00
dev-corpus-07,4738,3177,0.000000e+00,2972,2972,2.478489,2.478489,0.0000e+00
dev-corpus-07,4739,11,0.000000e+00,11,11,0.955106,0.955106,0.0000e+00
dev-corpus-07,4740,488,0.000000e+00,2972,2972,2.967349,2.967349,0.0000e+00
dev-corpus-07,4741,628,0.000000e+00,2493,2493,2.926696,2.926696,0.0000e+00
dev-corpus-07,4742,1357,0.000000e+00,2814,2814,6.784797,6.784797,0.0000e+00
dev-corpus-07,4743,9103,0.000000e+00,708,708,1.432779,1.432779,0.0000e+00
dev-corpus-07,4744,11751,0.000000e+00,2972,2972,1.699732,1.699732,0.0000e+00
dev-corpus-07,4745,13,0.000000e+00,11,11,1.592795,1.592795,0.0000e+00
dev-corpus-07,4746,220,0.000000e+00,1049,1049,4.917432,4.917432,0.0000e+00
dev-corpus-07,4747,2532,0.000000e+00,248046,248046,5.321547,5.321547,0.0000e+00
dev-corpus-07,4748,369,0.000000e+00,513,513,1.584451,1.584451,0.0000e+00
dev-corpus-07,4749,264,0.000000e+00,264,264,1.116977,1.116977,0.0000e+00
dev-corpus-07,4750,3349,0.000000e+00,248046,248046,5.045496,5.045496,0.0000e+00
dev-corpus-07,4751,2020,0.000000e+00,7792,7792,3.774051,3.774051,0.0000e+00
dev-corpus-07,4752,314,0.000000e+00,314,314,0.200681,0.200681,0.0000e+00
dev-corpus-07,4753,2420,0.000000e+00,248046,248046,8.134468,8.134468,0.0000e+00
dev-corpus-07,4754,33847,0.000000e+00,23568,23568,8.382342,8.382342,0.0000e+00
dev-corpus-07,4755,11,0.000000e+00,11,11,0.811348,0.811348,0.0000e+00
dev-corpus-07,4756,494,0.000000e+00,1880,1880,3.122764,3.122764,0.0000e+00
dev-corpus-07,4757,41729,0.000000e+00,8329,8329,4.988279,4.988279,0.0000e+00
dev-corpus-07,4758,74878,0.000000e+00,8329,8329,5.383841,5.383841,0.0000e+00
dev-corpus-07,4759,3508,0.000000e+00,3508,3508,0.239830,0.239830,0.0000e+00
dev-corpus-07,4760,321,0.000000e+00,310,310,4.364279,4.364279,0.0000e+00
dev-corpus-07,4761,71070,0.000000e+00,8329,8329,3.479024,3.479024,0.0000e+00
dev-corpus-07,4762,11,0.000000e+00,310,310,4.440963,4.440963,0.0000e+00
dev-corpus-07,4763,310,0.000000e+00,310,310,0.221934,0.221934,0.0000e+00
dev-corpus-07,4764,1546,0.000000e+00,226997,226997,4.761385,4.761385,0.0000e+00
dev-corpus-07,4765,11064,0.000000e+00,11064,11064,0.900461,0.900461,0.0000e+00
dev-corpus-07,4766,11,0.000000e+00,226997,226997,3.486862,3.486862,0.0000e+00
dev-corpus-07,4767,226997,0.000000e+00,226997,226997,0.768742,0.768742,0.0000e+00
dev-corpus-07,4768,56276,0.000000e+00,20054,20054,4.758233,4.758233,0.0000e+00
dev-corpus-07,4769,15099,0.000000e+00,15099,15099,0.255625,0.255625,0.0000e+00
dev-corpus-07,4770,13,0.000000e+00,13,13,0.140073,0.140073,0.0000e+00
dev-corpus-07,4771,220,0.000000e+00,220,220,0.986608,0.986608,0.0000e+00
dev-corpus-07,4772,1049,0.000000e+00,2532,2532,2.975183,2.975183,0.0000e+00
dev-corpus-07,4773,369,0.000000e+00,369,369,1.138117,1.138117,0.0000e+00
dev-corpus-07,4774,2503,0.000000e+00,1048,1048,6.801106,6.801106,0.0000e+00
dev-corpus-07,4775,310,0.000000e+00,310,310,0.215245,0.215245,0.0000e+00
dev-corpus-07,4776,615,0.000000e+00,1423,1423,3.654886,3.654886,0.0000e+00
dev-corpus-07,4777,264,0.000000e+00,264,264,1.611219,1.611219,0.0000e+00
dev-corpus-07,4778,3743,0.000000e+00,3743,3743,1.813705,1.813705,0.0000e+00
dev-corpus-07,4779,14704,0.000000e+00,14704,14704,0.110309,0.110309,0.0000e+00
dev-corpus-07,4780,303,0.000000e+00,303,303,0.775046,0.775046,0.0000e+00
dev-corpus-07,4781,11751,0.000000e+00,11751,11751,0.236961,0.236961,0.0000e+00
dev-corpus-07,4782,13,0.000000e+00,13,13,0.349270,0.349270,0.0000e+00
dev-corpus-07,4783,220,0.000000e+00,220,220,0.833502,0.833502,0.0000e+00
dev-corpus-07,4784,561,0.000000e+00,561,561,1.759632,1.759632,0.0000e+00
dev-corpus-07,4785,13529,0.000000e+00,3177,3177,7.691968,7.691968,0.0000e+00
dev-corpus-07,4786,62856,0.000000e+00,62856,62856,0.199250,0.199250,0.0000e+00
dev-corpus-07,4787,1048,0.000000e+00,369,369,6.592327,6.592327,0.0000e+00
dev-corpus-07,4788,369,0.000000e+00,248046,248046,3.238918,3.238918,0.0000e+00
dev-corpus-07,4789,15506,0.000000e+00,248046,248046,3.622375,3.622375,0.0000e+00
dev-corpus-07,4790,11,0.000000e+00,11,11,0.970624,0.970624,0.0000e+00
dev-corpus-07,4791,440,0.000000e+00,440,440,0.857715,0.857715,0.0000e+00
dev-corpus-07,4792,6278,0.000000e+00,279,279,8.286621,8.286621,0.0000e+00
dev-corpus-07,4793,17120,0.000000e+00,1880,1880,1.678933,1.678933,0.0000e+00
dev-corpus-07,4794,10539,0.000000e+00,321,321,5.787218,5.787218,0.0000e+00
dev-corpus-07,4795,440,0.000000e+00,440,440,0.117554,0.117554,0.0000e+00
dev-corpus-07,4796,11088,0.000000e+00,17496,17496,3.311071,3.311071,0.0000e+00
dev-corpus-07,4797,13976,0.000000e+00,248046,248046,4.162838,4.162838,0.0000e+00
dev-corpus-07,4798,11,0.000000e+00,13,13,2.528025,2.528025,0.0000e+00
dev-corpus-07,4799,321,0.000000e+00,321,321,1.935286,1.935286,0.0000e+00
dev-corpus-07,4800,1599,0.000000e+00,279,279,2.831192,2.831192,0.0000e+00
dev-corpus-07,4801,48874,0.000000e+00,48874,48874,1.378702,1.378702,0.0000e+00
dev-corpus-07,4802,310,0.000000e+00,13,13,4.443642,4.443642,0.0000e+00
dev-corpus-07,4803,4990,0.000000e+00,3814,3814,5.993780,5.993780,0.0000e+00
dev-corpus-07,4804,678,0.000000e+00,866,866,2.062915,2.062915,0.0000e+00
dev-corpus-07,4805,2756,0.000000e+00,854,854,2.135281,2.135281,0.0000e+00
dev-corpus-07,4806,13,0.000000e+00,13,13,0.290932,0.290932,0.0000e+00
dev-corpus-07,4807,23740,0.000000e+00,220,220,11.264592,11.264592,0.0000e+00
dev-corpus-07,4808,2094,0.000000e+00,2094,2094,0.334734,0.334734,0.0000e+00
dev-corpus-07,4809,11751,0.000000e+00,369,369,2.432090,2.432090,0.0000e+00
dev-corpus-07,4810,369,0.000000e+00,369,369,0.275772,0.275772,0.0000e+00
dev-corpus-07,4811,1546,0.000000e+00,3999,3999,2.530919,2.530919,0.0000e+00
dev-corpus-07,4812,3999,0.000000e+00,3999,3999,0.329949,0.329949,0.0000e+00
dev-corpus-07,4813,11,0.000000e+00,11,11,1.548861,1.548861,0.0000e+00
dev-corpus-07,4814,430,0.000000e+00,440,440,2.836889,2.836889,0.0000e+00
dev-corpus-07,4815,424,0.000000e+00,279,279,2.161055,2.161055,0.0000e+00
dev-corpus-07,4816,369,0.000000e+00,682,682,1.131981,1.131981,0.0000e+00
dev-corpus-07,4817,264,0.000000e+00,264,264,1.487203,1.487203,0.0000e+00
dev-corpus-07,4818,1546,0.000000e+00,1546,1546,1.732627,1.732627,0.0000e+00
dev-corpus-07,4819,4088,0.000000e+00,4088,4088,0.840834,0.840834,0.0000e+00
dev-corpus-07,4820,470,0.000000e+00,470,470,0.014806,0.014806,0.0000e+00
dev-corpus-07,4821,3177,0.000000e+00,3177,3177,0.164344,0.164344,0.0000e+00
dev-corpus-07,4822,321,0.000000e+00,13,13,1.983231,1.983231,0.0000e+00
dev-corpus-07,4823,1048,0.000000e+00,682,682,4.214504,4.214504,0.0000e+00
dev-corpus-07,4824,682,0.000000e+00,682,682,0.290143,0.290143,0.0000e+00
dev-corpus-07,4825,449,0.000000e+00,449,449,0.662008,0.662008,0.0000e+00
dev-corpus-07,4826,10727,0.000000e+00,15895,15895,1.791113,1.791113,0.0000e+00
dev-corpus-07,4827,321,0.000000e+00,32371,32371,3.517799,3.517799,0.0000e+00
dev-corpus-07,4828,11697,0.000000e+00,15895,15895,5.359775,5.359775,0.0000e+00
dev-corpus-07,4829,41729,0.000000e+00,11533,11533,1.960424,1.960424,0.0000e+00
dev-corpus-07,4830,569,0.000000e+00,32371,32371,1.290070,1.290070,0.0000e+00
dev-corpus-07,4831,17367,0.000000e+00,17367,17367,1.081743,1.081743,0.0000e+00
dev-corpus-07,4832,1785,0.000000e+00,1785,1785,0.337231,0.337231,0.0000e+00
dev-corpus-07,4833,13,0.000000e+00,13,13,0.114805,0.114805,0.0000e+00
dev-corpus-07,4834,18050,0.000000e+00,248046,248046,1.550934,1.550934,0.0000e+00
dev-corpus-07,4835,2381,0.000000e+00,2381,2381,0.876126,0.876126,0.0000e+00
dev-corpus-07,4836,264,0.000000e+00,264,264,0.490425,0.490425,0.0000e+00
dev-corpus-07,4837,21128,0.000000e+00,19548,19548,8.439815,8.439815,0.0000e+00
dev-corpus-07,4838,19548,0.000000e+00,19548,19548,0.241255,0.241255,0.0000e+00
dev-corpus-07,4839,11,0.000000e+00,11,11,0.107313,0.107313,0.0000e+00
dev-corpus-07,4840,11342,0.000000e+00,488,488,2.648275,2.648275,0.0000e+00
dev-corpus-07,4841,44153,0.000000e+00,44153,44153,1.111942,1.111942,0.0000e+00
dev-corpus-07,4842,369,0.000000e+00,303,303,0.982917,0.982917,0.0000e+00
dev-corpus-07,4843,10794,0.000000e+00,264,264,4.425298,4.425298,0.0000e+00
dev-corpus-07,4844,11,0.000000e+00,13,13,2.704545,2.704545,0.0000e+00
dev-corpus-07,4845,321,0.000000e+00,440,440,3.135499,3.135499,0.0000e+00
dev-corpus-07,4846,303,0.000000e+00,279,279,5.870191,5.870191,0.0000e+00
dev-corpus-07,4847,3820,0.000000e+00,279,279,2.744920,2.744920,0.0000e+00
dev-corpus-07,4848,17349,0.000000e+00,11,11,8.438347,8.438347,0.0000e+00
dev-corpus-07,4849,195337,0.000000e+00,195337,195337,0.148308,0.148308,0.0000e+00
dev-corpus-07,4850,11,0.000000e+00,13,13,2.171375,2.171375,0.0000e+00
dev-corpus-07,4851,864,0.000000e+00,279,279,1.860685,1.860685,0.0000e+00
dev-corpus-07,4852,369,0.000000e+00,369,369,0.407777,0.407777,0.0000e+00
dev-corpus-07,4853,13177,0.000000e+00,279,279,6.013817,6.013817,0.0000e+00
dev-corpus-07,4854,25519,0.000000e+00,6306,6306,1.107864,1.107864,0.0000e+00
dev-corpus-07,4855,430,0.000000e+00,430,430,0.066358,0.066358,0.0000e+00
dev-corpus-07,4856,279,0.000000e+00,279,279,0.396438,0.396438,0.0000e+00
dev-corpus-07,4857,4266,0.000000e+00,1379,1379,2.206715,2.206715,0.0000e+00
dev-corpus-07,4858,9945,0.000000e+00,9945,9945,0.007007,0.007007,0.0000e+00
dev-corpus-07,4859,467,0.000000e+00,467,467,0.032904,0.032904,0.0000e+00
dev-corpus-07,4860,13721,0.000000e+00,6092,6092,1.905251,1.905251,0.0000e+00
dev-corpus-07,4861,303,0.000000e+00,383,383,1.374727,1.374727,0.0000e+00
dev-corpus-07,4862,11342,0.000000e+00,14898,14898,4.117784,4.117784,0.0000e+00
dev-corpus-07,4863,44153,0.000000e+00,44153,44153,0.118148,0.118148,0.0000e+00
dev-corpus-07,4864,13,0.000000e+00,13,13,0.075775,0.075775,0.0000e+00
dev-corpus-07,4865,220,0.000000e+00,220,220,0.565970,0.565970,0.0000e+00
dev-corpus-07,4866,23740,0.000000e+00,17349,17349,7.676563,7.676563,0.0000e+00
dev-corpus-07,4867,310,0.000000e+00,2094,2094,1.429651,1.429651,0.0000e+00
dev-corpus-07,4868,17349,0.000000e+00,17349,17349,0.651911,0.651911,0.0000e+00
dev-corpus-07,4869,195337,0.000000e+00,195337,195337,0.076231,0.076231,0.0000e+00
dev-corpus-07,4870,369,0.000000e+00,369,369,0.973240,0.973240,0.0000e+00
dev-corpus-07,4871,13733,0.000000e+00,3999,3999,3.792547,3.792547,0.0000e+00
dev-corpus-07,4872,3999,0.000000e+00,3999,3999,0.604088,0.604088,0.0000e+00
dev-corpus-07,4873,11,0.000000e+00,11,11,1.184537,1.184537,0.0000e+00
dev-corpus-07,4874,430,0.000000e+00,430,430,1.814946,1.814946,0.0000e+00
dev-corpus-07,4875,424,0.000000e+00,424,424,0.811874,0.811874,0.0000e+00
dev-corpus-07,4876,725,0.000000e+00,369,369,3.907537,3.907537,0.0000e+00
dev-corpus-07,4877,3160,0.000000e+00,383,383,3.723407,3.723407,0.0000e+00
dev-corpus-07,4878,310,0.000000e+00,310,310,0.093135,0.093135,0.0000e+00
dev-corpus-07,4879,37473,0.000000e+00,279,279,1.025054,1.025054,0.0000e+00
dev-corpus-07,4880,13,0.000000e+00,13,13,1.111423,1.111423,0.0000e+00
dev-corpus-07,4881,220,0.000000e+00,220,220,0.768772,0.768772,0.0000e+00
dev-corpus-07,4882,561,0.000000e+00,561,561,1.094122,1.094122,0.0000e+00
dev-corpus-07,4883,3487,0.000000e+00,48544,48544,4.984456,4.984456,0.0000e+00
dev-corpus-07,4884,369,0.000000e+00,369,369,0.542093,0.542093,0.0000e+00
dev-corpus-07,4885,27517,0.000000e+00,8800,8800,7.328626,7.328626,0.0000e+00
dev-corpus-07,4886,31528,0.000000e+00,31528,31528,0.546283,0.546283,0.0000e+00
dev-corpus-07,4887,11,0.000000e+00,321,321,1.316216,1.316216,0.0000e+00
dev-corpus-07,4888,7643,0.000000e+00,321,321,6.801974,6.801974,0.0000e+00
dev-corpus-07,4889,424,0.000000e+00,424,424,1.792891,1.792891,0.0000e+00
dev-corpus-07,4890,725,0.000000e+00,369,369,1.976376,1.976376,0.0000e+00
dev-corpus-07,4891,8524,0.000000e+00,524,524,3.568000,3.568000,0.0000e+00
dev-corpus-07,4892,17631,0.000000e+00,777,777,9.241675,9.241675,0.0000e+00
dev-corpus-07,4893,14382,0.000000e+00,14382,14382,0.091488,0.091488,0.0000e+00
dev-corpus-07,4894,3487,0.000000e+00,33847,33847,3.466156,3.466156,0.0000e+00
dev-corpus-07,4895,318,0.000000e+00,11,11,3.352375,3.352375,0.0000e+00
dev-corpus-07,4896,4058,0.000000e+00,7949,7949,4.778464,4.778464,0.0000e+00
dev-corpus-07,4897,6973,0.000000e+00,264,264,8.619789,8.619789,0.0000e+00
dev-corpus-07,4898,2519,0.000000e+00,17531,17531,2.849519,2.849519,0.0000e+00
dev-corpus-07,4899,364,0.000000e+00,364,364,0.515744,0.515744,0.0000e+00
dev-corpus-07,4900,975,0.000000e+00,2397,2397,2.235487,2.235487,0.0000e+00
dev-corpus-07,4901,20891,0.000000e+00,29455,29455,5.552068,5.552068,0.0000e+00
dev-corpus-07,4902,3487,0.000000e+00,29455,29455,4.475684,4.475684,0.0000e+00
dev-corpus-07,4903,553,0.000000e+00,553,553,0.549390,0.549390,0.0000e+00
dev-corpus-07,4904,220,0.000000e+00,220,220,0.516693,0.516693,0.0000e+00
dev-corpus-07,4905,28901,0.000000e+00,561,561,7.446365,7.446365,0.0000e+00
dev-corpus-07,4906,2094,0.000000e+00,369,369,3.884417,3.884417,0.0000e+00
dev-corpus-07,4907,279,0.000000e+00,279,279,0.369607,0.369607,0.0000e+00
dev-corpus-07,4908,21128,0.000000e+00,21128,21128,0.160603,0.160603,0.0000e+00
dev-corpus-07,4909,369,0.000000e+00,369,369,0.272150,0.272150,0.0000e+00
dev-corpus-07,4910,16219,0.000000e+00,539,539,4.092213,4.092213,0.0000e+00
dev-corpus-07,4911,440,0.000000e+00,11,11,3.100757,3.100757,0.0000e+00
dev-corpus-07,4912,449,0.000000e+00,30592,30592,6.024302,6.024302,0.0000e+00
dev-corpus-07,4913,10727,0.000000e+00,10727,10727,0.547012,0.547012,0.0000e+00
dev-corpus-07,4914,49813,0.000000e+00,49813,49813,1.384326,1.384326,0.0000e+00
dev-corpus-07,4915,2393,0.000000e+00,1785,1785,2.826932,2.826932,0.0000e+00
dev-corpus-07,4916,383,0.000000e+00,13,13,6.732349,6.732349,0.0000e+00
dev-corpus-07,4917,11342,0.000000e+00,279,279,2.094002,2.094002,0.0000e+00
dev-corpus-07,4918,44153,0.000000e+00,44153,44153,0.182876,0.182876,0.0000e+00
dev-corpus-07,4919,11,0.000000e+00,13,13,2.298429,2.298429,0.0000e+00
dev-corpus-07,4920,7643,0.000000e+00,321,321,7.681226,7.681226,0.0000e+00
dev-corpus-07,4921,3583,0.000000e+00,424,424,3.089158,3.089158,0.0000e+00
dev-corpus-07,4922,1083,0.000000e+00,310,310,4.462475,4.462475,0.0000e+00
dev-corpus-07,4923,279,0.000000e+00,17349,17349,1.270654,1.270654,0.0000e+00
dev-corpus-07,4924,3714,0.000000e+00,13721,13721,6.169116,6.169116,0.0000e+00
dev-corpus-07,4925,31703,0.000000e+00,31703,31703,0.439095,0.439095,0.0000e+00
dev-corpus-07,4926,628,0.000000e+00,369,369,2.011521,2.011521,0.0000e+00
dev-corpus-07,4927,381,0.000000e+00,381,381,0.326127,0.326127,0.0000e+00
dev-corpus-07,4928,264,0.000000e+00,264,264,1.303858,1.303858,0.0000e+00
dev-corpus-07,4929,2612,0.000000e+00,2612,2612,0.384516,0.384516,0.0000e+00
dev-corpus-07,4930,16505,0.000000e+00,32343,32343,2.102494,2.102494,0.0000e+00
dev-corpus-07,4931,2574,0.000000e+00,13,13,7.483294,7.483294,0.0000e+00
dev-corpus-07,4932,279,0.000000e+00,279,279,0.284020,0.284020,0.0000e+00
dev-corpus-07,4933,33002,0.000000e+00,14590,14590,4.077252,4.077252,0.0000e+00
dev-corpus-07,4934,318,0.000000e+00,321,321,7.591392,7.591392,0.0000e+00
dev-corpus-07,4935,684,0.000000e+00,4387,4387,4.273970,4.273970,0.0000e+00
dev-corpus-07,4936,1660,0.000000e+00,488,488,4.192777,4.192777,0.0000e+00
dev-corpus-07,4937,310,0.000000e+00,310,310,0.487748,0.487748,0.0000e+00
dev-corpus-07,4938,4088,0.000000e+00,4088,4088,0.902530,0.902530,0.0000e+00
dev-corpus-07,4939,40984,0.000000e+00,264,264,7.983437,7.983437,0.0000e+00
dev-corpus-07,4940,220,0.000000e+00,248046,248046,1.506139,1.506139,0.0000e+00
dev-corpus-07,4941,8727,0.000000e+00,561,561,5.464878,5.464878,0.0000e+00
dev-corpus-07,4942,31703,0.000000e+00,8633,8633,5.554135,5.554135,0.0000e+00
dev-corpus-07,4943,3043,0.000000e+00,383,383,6.094615,6.094615,0.0000e+00
dev-corpus-07,4944,17349,0.000000e+00,17349,17349,0.772921,0.772921,0.0000e+00
dev-corpus-07,4945,195337,0.000000e+00,195337,195337,0.025190,0.025190,0.0000e+00
dev-corpus-07,4946,513,0.000000e+00,513,513,0.878125,0.878125,0.0000e+00
dev-corpus-07,4947,1048,0.000000e+00,1546,1546,2.512671,2.512671,0.0000e+00
dev-corpus-07,4948,1546,0.000000e+00,1546,1546,1.701726,1.701726,0.0000e+00
dev-corpus-07,4949,84492,0.000000e+00,58928,58928,5.622354,5.622354,0.0000e+00
dev-corpus-07,4950,11,0.000000e+00,321,321,1.997832,1.997832,0.0000e+00
dev-corpus-07,4951,321,0.000000e+00,321,321,1.584104,1.584104,0.0000e+00
dev-corpus-07,4952,2785,0.000000e+00,279,279,9.414251,9.414251,0.0000e+00
dev-corpus-07,4953,11107,0.000000e+00,264,264,1.252368,1.252368,0.0000e+00
dev-corpus-07,4954,5821,0.000000e+00,5821,5821,0.150646,0.150646,0.0000e+00
dev-corpus-07,4955,1317,0.000000e+00,314,314,9.766510,9.766510,0.0000e+00
dev-corpus-07,4956,488,0.000000e+00,1040,1040,2.822269,2.822269,0.0000e+00
dev-corpus-07,4957,4548,0.000000e+00,628,628,3.256002,3.256002,0.0000e+00
dev-corpus-07,4958,8231,0.000000e+00,1423,1423,3.884121,3.884121,0.0000e+00
dev-corpus-07,4959,615,0.000000e+00,1318,1318,3.434099,3.434099,0.0000e+00
dev-corpus-07,4960,1603,0.000000e+00,264,264,5.050369,5.050369,0.0000e+00
dev-corpus-07,4961,9856,0.000000e+00,6001,6001,4.683471,4.683471,0.0000e+00
dev-corpus-07,4962,2019,0.000000e+00,13,13,7.044414,7.044414,0.0000e+00
dev-corpus-07,4963,494,0.000000e+00,685,685,1.953212,1.953212,0.0000e+00
dev-corpus-07,4964,13721,0.000000e+00,248046,248046,1.493054,1.493054,0.0000e+00
dev-corpus-07,4965,310,0.000000e+00,310,310,0.089959,0.089959,0.0000e+00
dev-corpus-07,4966,13721,0.000000e+00,13721,13721,0.168727,0.168727,0.0000e+00
dev-corpus-07,4967,13,0.000000e+00,13,13,0.284074,0.284074,0.0000e+00
dev-corpus-07,4968,271,0.000000e+00,248046,248046,3.143736,3.143736,0.0000e+00
dev-corpus-07,4969,2381,0.000000e+00,2381,2381,1.256894,1.256894,0.0000e+00
dev-corpus-07,4970,264,0.000000e+00,264,264,0.279890,0.279890,0.0000e+00
dev-corpus-07,4971,89579,0.000000e+00,10994,10994,4.431583,4.431583,0.0000e+00
dev-corpus-07,4972,19548,0.000000e+00,19548,19548,0.217098,0.217098,0.0000e+00
dev-corpus-07,4973,11,0.000000e+00,11,11,0.078901,0.078901,0.0000e+00
dev-corpus-07,4974,16592,0.000000e+00,279,279,7.637482,7.637482,0.0000e+00
dev-corpus-07,4975,38089,0.000000e+00,38089,38089,0.051420,0.051420,0.0000e+00
dev-corpus-07,4976,20832,0.000000e+00,20832,20832,0.014253,0.014253,0.0000e+00
dev-corpus-07,4977,369,0.000000e+00,369,369,0.714631,0.714631,0.0000e+00
dev-corpus-07,4978,264,0.000000e+00,264,264,0.836533,0.836533,0.0000e+00
dev-corpus-07,4979,2172,0.000000e+00,19245,19245,1.924438,1.924438,0.0000e+00
dev-corpus-07,4980,5576,0.000000e+00,5576,5576,0.729905,0.729905,0.0000e+00
dev-corpus-07,4981,13,0.000000e+00,13,13,0.369053,0.369053,0.0000e+00
dev-corpus-07,4982,220,0.000000e+00,220,220,0.265081,0.265081,0.0000e+00
dev-corpus-07,4983,1049,0.000000e+00,561,561,1.949756,1.949756,0.0000e+00
dev-corpus-07,4984,725,0.000000e+00,369,369,1.500111,1.500111,0.0000e+00
dev-corpus-07,4985,524,0.000000e+00,264,264,3.678867,3.678867,0.0000e+00
dev-corpus-07,4986,748,0.000000e+00,2944,2944,6.595537,6.595537,0.0000e+00
dev-corpus-07,4987,16219,0.000000e+00,2944,2944,6.242355,6.242355,0.0000e+00
dev-corpus-07,4988,310,0.000000e+00,310,310,0.731589,0.731589,0.0000e+00
dev-corpus-07,4989,615,0.000000e+00,615,615,0.439641,0.439641,0.0000e+00
dev-corpus-07,4990,1017,0.000000e+00,310,310,2.228289,2.228289,0.0000e+00
dev-corpus-07,4991,494,0.000000e+00,11,11,2.319546,2.319546,0.0000e+00
dev-corpus-07,4992,279,0.000000e+00,279,279,1.724505,1.724505,0.0000e+00
dev-corpus-07,4993,3516,0.000000e+00,6222,6222,3.395306,3.395306,0.0000e+00
dev-corpus-07,4994,4042,0.000000e+00,4042,4042,0.125058,0.125058,0.0000e+00
dev-corpus-07,4995,11,0.000000e+00,11,11,0.686638,0.686638,0.0000e+00
dev-corpus-07,4996,5142,0.000000e+00,694,694,6.940522,6.940522,0.0000e+00
dev-corpus-07,4997,364,0.000000e+00,413,413,2.657527,2.657527,0.0000e+00
dev-corpus-07,4998,1782,0.000000e+00,264,264,2.669760,2.669760,0.0000e+00
dev-corpus-07,4999,303,0.000000e+00,852,852,3.347993,3.347993,0.0000e+00
dev-corpus-07,5000,279,0.000000e+00,279,279,0.376007,0.376007,0.0000e+00
dev-corpus-07,5001,17942,0.000000e+00,6127,6127,2.522866,2.522866,0.0000e+00
dev-corpus-07,5002,3516,0.000000e+00,2201,2201,2.232295,2.232295,0.0000e+00
dev-corpus-07,5003,4042,0.000000e+00,4042,4042,0.174293,0.174293,0.0000e+00
dev-corpus-07,5004,2394,0.000000e+00,11,11,7.216464,7.216464,0.0000e+00
dev-corpus-07,5005,1017,0.000000e+00,488,488,1.850512,1.850512,0.0000e+00
dev-corpus-07,5006,513,0.000000e+00,513,513,0.110442,0.110442,0.0000e+00
dev-corpus-07,5007,874,0.000000e+00,874,874,0.379938,0.379938,0.0000e+00
dev-corpus-07,5008,2050,0.000000e+00,2050,2050,0.131908,0.131908,0.0000e+00
dev-corpus-07,5009,24118,0.000000e+00,24118,24118,0.076689,0.076689,0.0000e+00
dev-corpus-07,5010,13,0.000000e+00,13,13,1.051953,1.051953,0.0000e+00
dev-corpus-07,5011,220,0.000000e+00,220,220,0.384489,0.384489,0.0000e+00
dev-corpus-07,5012,4213,0.000000e+00,248046,248046,2.319830,2.319830,0.0000e+00
dev-corpus-07,5013,11,0.000000e+00,11,11,0.026484,0.026484,0.0000e+00
dev-corpus-07,5014,424,0.000000e+00,424,424,1.930832,1.930832,0.0000e+00
dev-corpus-07,5015,725,0.000000e+00,369,369,1.287734,1.287734,0.0000e+00
dev-corpus-07,5016,1575,0.000000e+00,264,264,4.610228,4.610228,0.0000e+00
dev-corpus-07,5017,5621,0.000000e+00,5621,5621,1.318750,1.318750,0.0000e+00
dev-corpus-07,5018,279,0.000000e+00,279,279,0.172271,0.172271,0.0000e+00
dev-corpus-07,5019,8151,0.000000e+00,4879,4879,1.469127,1.469127,0.0000e+00
dev-corpus-07,5020,13,0.000000e+00,13,13,0.617936,0.617936,0.0000e+00
dev-corpus-07,5021,220,0.000000e+00,220,220,0.202037,0.202037,0.0000e+00
dev-corpus-07,5022,1061,0.000000e+00,561,561,5.154812,5.154812,0.0000e+00
dev-corpus-07,5023,288,0.000000e+00,369,369,11.038628,11.038628,0.0000e+00
dev-corpus-07,5024,4583,0.000000e+00,4583,4583,0.020282,0.020282,0.0000e+00
dev-corpus-07,5025,3177,0.000000e+00,3177,3177,0.069166,0.069166,0.0000e+00
dev-corpus-07,5026,369,0.000000e+00,369,369,1.004054,1.004054,0.0000e+00
dev-corpus-07,5027,16047,0.000000e+00,1546,1546,10.390341,10.390341,0.0000e+00
dev-corpus-07,5028,24304,0.000000e+00,1676,1676,3.892410,3.892410,0.0000e+00
dev-corpus-07,5029,6037,0.000000e+00,391,391,4.806401,4.806401,0.0000e+00
dev-corpus-07,5030,13,0.000000e+00,11,11,1.323894,1.323894,0.0000e+00
dev-corpus-07,5031,220,0.000000e+00,220,220,0.217275,0.217275,0.0000e+00
dev-corpus-07,5032,561,0.000000e+00,248046,248046,1.564413,1.564413,0.0000e+00
dev-corpus-07,5033,1208,0.000000e+00,3487,3487,5.080761,5.080761,0.0000e+00
dev-corpus-07,5034,513,0.000000e+00,513,513,0.162137,0.162137,0.0000e+00
dev-corpus-07,5035,4082,0.000000e+00,1546,1546,10.909444,10.909444,0.0000e+00
dev-corpus-07,5036,279,0.000000e+00,279,279,0.057446,0.057446,0.0000e+00
dev-corpus-07,5037,4099,0.000000e+00,248046,248046,8.268271,8.268271,0.0000e+00
dev-corpus-07,5038,22416,0.000000e+00,22416,22416,0.005860,0.005860,0.0000e+00
dev-corpus-07,5039,303,0.000000e+00,303,303,1.256165,1.256165,0.0000e+00
dev-corpus-07,5040,4357,0.000000e+00,279,279,1.272649,1.272649,0.0000e+00
dev-corpus-07,5041,13,0.000000e+00,13,13,0.612566,0.612566,0.0000e+00
dev-corpus-07,5042,220,0.000000e+00,220,220,0.525408,0.525408,0.0000e+00
dev-corpus-07,5043,561,0.000000e+00,248046,248046,3.296462,3.296462,0.0000e+00
dev-corpus-07,5044,3487,0.000000e+00,3487,3487,0.512985,0.512985,0.0000e+00
dev-corpus-07,5045,369,0.000000e+00,369,369,0.110860,0.110860,0.0000e+00
dev-corpus-07,5046,13733,0.000000e+00,8800,8800,6.907112,6.907112,0.0000e+00
dev-corpus-07,5047,41729,0.000000e+00,1603,1603,2.314599,2.314599,0.0000e+00
dev-corpus-07,5048,321,0.000000e+00,11,11,1.533252,1.533252,0.0000e+00
dev-corpus-07,5049,17387,0.000000e+00,279,279,2.301155,2.301155,0.0000e+00
dev-corpus-07,5050,11,0.000000e+00,13,13,1.611867,1.611867,0.0000e+00
dev-corpus-07,5051,440,0.000000e+00,248046,248046,4.631151,4.631151,0.0000e+00
dev-corpus-07,5052,264,0.000000e+00,264,264,1.420464,1.420464,0.0000e+00
dev-corpus-07,5053,2609,0.000000e+00,6311,6311,2.544492,2.544492,0.0000e+00
dev-corpus-07,5054,314,0.000000e+00,314,314,0.038314,0.038314,0.0000e+00
dev-corpus-07,5055,50549,0.000000e+00,50549,50549,0.765320,0.765320,0.0000e+00
dev-corpus-07,5056,2519,0.000000e+00,2519,2519,0.793135,0.793135,0.0000e+00
dev-corpus-07,5057,13,0.000000e+00,13,13,0.241395,0.241395,0.0000e+00
dev-corpus-07,5058,220,0.000000e+00,220,220,0.776580,0.776580,0.0000e+00
dev-corpus-07,5059,1541,0.000000e+00,248046,248046,5.300379,5.300379,0.0000e+00
dev-corpus-07,5060,1010,0.000000e+00,279,279,8.759362,8.759362,0.0000e+00
dev-corpus-07,5061,15099,0.000000e+00,314,314,5.134431,5.134431,0.0000e+00
dev-corpus-07,5062,513,0.000000e+00,599,599,2.011122,2.011122,0.0000e+00
dev-corpus-07,5063,15433,0.000000e+00,1724,1724,6.922664,6.922664,0.0000e+00
dev-corpus-07,5064,791,0.000000e+00,383,383,5.035915,5.035915,0.0000e+00
dev-corpus-07,5065,2320,0.000000e+00,2320,2320,0.002799,0.002799,0.0000e+00
dev-corpus-07,5066,974,0.000000e+00,383,383,6.591525,6.591525,0.0000e+00
dev-corpus-07,5067,314,0.000000e+00,279,279,3.544014,3.544014,0.0000e+00
dev-corpus-07,5068,264,0.000000e+00,279,279,3.067464,3.067464,0.0000e+00
dev-corpus-07,5069,41586,0.000000e+00,41586,41586,0.259579,0.259579,0.0000e+00
dev-corpus-07,5070,11,0.000000e+00,50471,50471,1.634004,1.634004,0.0000e+00
dev-corpus-07,5071,748,0.000000e+00,9708,9708,4.971177,4.971177,0.0000e+00
dev-corpus-07,5072,279,0.000000e+00,488,488,2.291952,2.291952,0.0000e+00
dev-corpus-07,5073,6001,0.000000e+00,6001,6001,0.686667,0.686667,0.0000e+00
dev-corpus-07,5074,513,0.000000e+00,513,513,0.321971,0.321971,0.0000e+00
dev-corpus-07,5075,14612,0.000000e+00,14612,14612,1.649052,1.649052,0.0000e+00
dev-corpus-07,5076,13,0.000000e+00,13,13,0.112349,0.112349,0.0000e+00
dev-corpus-07,5077,95641,0.000000e+00,248046,248046,16.082088,16.082088,0.0000e+00
dev-corpus-07,5078,30581,0.000000e+00,33847,33847,12.342775,12.342775,0.0000e+00
dev-corpus-07,5079,501,0.000000e+00,13383,13383,8.270043,8.270043,0.0000e+00
dev-corpus-07,5080,22834,0.000000e+00,22834,22834,0.027496,0.027496,0.0000e+00
dev-corpus-07,5081,321,0.000000e+00,513,513,1.856112,1.856112,0.0000e+00
dev-corpus-07,5082,81141,0.000000e+00,31054,31054,6.881232,6.881232,0.0000e+00
dev-corpus-07,5083,513,0.000000e+00,513,513,0.423470,0.423470,0.0000e+00
dev-corpus-07,5084,14201,0.000000e+00,264,264,6.085295,6.085295,0.0000e+00
dev-corpus-07,5085,11,0.000000e+00,13,13,2.114744,2.114744,0.0000e+00
dev-corpus-07,5086,321,0.000000e+00,248046,248046,1.150957,1.150957,0.0000e+00
dev-corpus-07,5087,264,0.000000e+00,279,279,4.181673,4.181673,0.0000e+00
dev-corpus-07,5088,34684,0.000000e+00,1902,1902,4.532900,4.532900,0.0000e+00
dev-corpus-07,5089,314,0.000000e+00,314,314,0.639451,0.639451,0.0000e+00
dev-corpus-07,5090,279,0.000000e+00,279,279,0.266027,0.266027,0.0000e+00
dev-corpus-07,5091,5364,0.000000e+00,5364,5364,0.511809,0.511809,0.0000e+00
dev-corpus-07,5092,13,0.000000e+00,13,13,0.136913,0.136913,0.0000e+00
dev-corpus-07,5093,220,0.000000e+00,248046,248046,1.280868,1.280868,0.0000e+00
dev-corpus-07,5094,2532,0.000000e+00,561,561,3.729170,3.729170,0.0000e+00
dev-corpus-07,5095,1048,0.000000e+00,513,513,7.506780,7.506780,0.0000e+00
dev-corpus-07,5096,369,0.000000e+00,513,513,1.542281,1.542281,0.0000e+00
dev-corpus-07,5097,6037,0.000000e+00,264,264,7.229877,7.229877,0.0000e+00
dev-corpus-07,5098,79812,0.000000e+00,77094,77094,8.766248,8.766248,0.0000e+00
dev-corpus-07,5099,13,0.000000e+00,321,321,1.911431,1.911431,0.0000e+00
dev-corpus-07,5100,248046,0.000000e+00,248046,248046,0.450555,0.450555,0.0000e+00
dev-corpus-07,5101,198,0.000000e+00,198,198,0.000079,0.000079,0.0000e+00
dev-corpus-07,5102,248045,0.000000e+00,248045,248045,0.000221,0.000221,0.0000e+00
dev-corpus-07,5103,846,0.000000e+00,74455,74455,1.968531,1.968531,0.0000e+00
dev-corpus-07,5104,198,0.000000e+00,198,198,0.191747,0.191747,0.0000e+00
dev-corpus-07,5105,9930,0.000000e+00,3710,3710,3.583624,3.583624,0.0000e+00
dev-corpus-07,5106,369,0.000000e+00,369,369,1.125913,1.125913,0.0000e+00
dev-corpus-07,5107,424,0.000000e+00,279,279,2.245353,2.245353,0.0000e+00
dev-corpus-07,5108,2894,0.000000e+00,2503,2503,2.305018,2.305018,0.0000e+00
dev-corpus-07,5109,310,0.000000e+00,310,310,0.362067,0.362067,0.0000e+00
dev-corpus-07,5110,15166,0.000000e+00,599,599,7.794445,7.794445,0.0000e+00
dev-corpus-07,5111,321,0.000000e+00,678,678,4.831378,4.831378,0.0000e+00
dev-corpus-07,5112,281,0.000000e+00,281,281,0.045945,0.045945,0.0000e+00
dev-corpus-07,5113,9100,0.000000e+00,9100,9100,0.000773,0.000773,0.0000e+00
dev-corpus-07,5114,678,0.000000e+00,678,678,0.840976,0.840976,0.0000e+00
dev-corpus-07,5115,17299,0.000000e+00,17299,17299,0.012751,0.012751,0.0000e+00
dev-corpus-07,5116,17248,0.000000e+00,30,30,5.981331,5.981331,0.0000e+00
dev-corpus-07,5117,30,0.000000e+00,30,30,0.078756,0.078756,0.0000e+00
dev-corpus-07,5118,248046,0.000000e+00,248046,248046,0.033674,0.033674,0.0000e+00
dev-corpus-07,5119,198,0.000000e+00,198,198,0.000039,0.000039,0.0000e+00
