segment,idx,target,kld,top1_ref,top1_cand,nll_ref,nll_cand,max_abs_logit_diff
dev-long-03,0,30486,0.000000e+00,4356,4356,3.712334,3.712334,0.0000e+00
dev-long-03,1,46150,0.000000e+00,46150,46150,0.003090,0.003090,0.0000e+00
dev-long-03,2,198,0.000000e+00,198,198,0.003287,0.003287,0.0000e+00
dev-long-03,3,1020,0.000000e+00,1020,1020,0.007493,0.007493,0.0000e+00
dev-long-03,4,279,0.000000e+00,279,279,0.552624,0.552624,0.0000e+00
dev-long-03,5,4356,0.000000e+00,4356,4356,0.014304,0.014304,0.0000e+00
dev-long-03,6,425,0.000000e+00,425,425,0.000012,0.000012,0.0000e+00
dev-long-03,7,314,0.000000e+00,383,383,2.315281,2.315281,0.0000e+00
dev-long-03,8,8186,0.000000e+00,8186,8186,0.000054,0.000054,0.0000e+00
dev-long-03,9,6702,0.000000e+00,6702,6702,0.000064,0.000064,0.0000e+00
dev-long-03,10,5028,0.000000e+00,5028,5028,0.249322,0.249322,0.0000e+00
dev-long-03,11,279,0.000000e+00,279,279,0.220968,0.220968,0.0000e+00
dev-long-03,12,1834,0.000000e+00,4266,4266,3.405320,3.405320,0.0000e+00
dev-long-03,13,314,0.000000e+00,314,314,0.416551,0.416551,0.0000e+00
dev-long-03,14,279,0.000000e+00,279,279,0.670588,0.670588,0.0000e+00
dev-long-03,15,41692,0.000000e+00,41692,41692,0.377304,0.377304,0.0000e+00
dev-long-03,16,303,0.000000e+00,11,11,3.868640,3.868640,0.0000e+00
dev-long-03,17,1906,0.000000e+00,63862,63862,1.371196,1.371196,0.0000e+00
dev-long-03,18,421,0.000000e+00,421,421,0.095881,0.095881,0.0000e+00
dev-long-03,19,551,0.000000e+00,551,551,0.127740,0.127740,0.0000e+00
dev-long-03,20,198,0.000000e+00,198,198,0.000094,0.000094,0.0000e+00
dev-long-03,21,43468,0.000000e+00,43468,43468,0.003301,0.003301,0.0000e+00
dev-long-03,22,57759,0.000000e+00,6637,6637,7.229188,7.229188,0.0000e+00
dev-long-03,23,279,0.000000e+00,264,264,1.495071,1.495071,0.0000e+00
dev-long-03,24,2018,0.000000e+00,3579,3579,3.918334,3.918334,0.0000e+00
dev-long-03,25,3498,0.000000e+00,3498,3498,0.219966,0.219966,0.0000e+00
dev-long-03,26,314,0.000000e+00,314,314,0.092476,0.092476,0.0000e+00
dev-long-03,27,279,0.000000e+00,279,279,0.003027,0.003027,0.0000e+00
dev-long-03,28,82404,0.000000e+00,82404,82404,0.295426,0.295426,0.0000e+00
dev-long-03,29,11,0.000000e+00,11,11,0.035938,0.035938,0.0000e+00
dev-long-03,30,864,0.000000e+00,864,864,0.026614,0.026614,0.0000e+00
dev-long-03,31,557,0.000000e+00,557,557,0.013095,0.013095,0.0000e+00
dev-long-03,32,19561,0.000000e+00,19561,19561,0.306539,0.306539,0.0000e+00
dev-long-03,33,13,0.000000e+00,13,13,0.059833,0.059833,0.0000e+00
dev-long-03,34,1216,0.000000e+00,1216,1216,0.232736,0.232736,0.0000e+00
dev-long-03,35,995,0.000000e+00,995,995,0.019009,0.019009,0.0000e+00
dev-long-03,36,198,0.000000e+00,198,198,0.384559,0.384559,0.0000e+00
dev-long-03,37,1763,0.000000e+00,1763,1763,0.070532,0.070532,0.0000e+00
dev-long-03,38,2540,0.000000e+00,2540,2540,0.016190,0.016190,0.0000e+00
dev-long-03,39,440,0.000000e+00,440,440,0.247463,0.247463,0.0000e+00
dev-long-03,40,14315,0.000000e+00,1384,1384,0.930620,0.930620,0.0000e+00
dev-long-03,41,1154,0.000000e+00,1154,1154,0.000006,0.000006,0.0000e+00
dev-long-03,42,1010,0.000000e+00,264,264,2.577951,2.577951,0.0000e+00
dev-long-03,43,2545,0.000000e+00,16570,16570,3.647476,3.647476,0.0000e+00
dev-long-03,44,854,0.000000e+00,854,854,0.001452,0.001452,0.0000e+00
dev-long-03,45,11,0.000000e+00,11,11,0.315565,0.315565,0.0000e+00
dev-long-03,46,694,0.000000e+00,694,694,0.049335,0.049335,0.0000e+00
dev-long-03,47,995,0.000000e+00,995,995,0.012029,0.012029,0.0000e+00
dev-long-03,48,5326,0.000000e+00,1179,1179,5.608056,5.608056,0.0000e+00
dev-long-03,49,978,0.000000e+00,978,978,0.424550,0.424550,0.0000e+00
dev-long-03,50,2512,0.000000e+00,2512,2512,0.751093,0.751093,0.0000e+00
dev-long-03,51,198,0.000000e+00,198,198,0.226121,0.226121,0.0000e+00
dev-long-03,52,13362,0.000000e+00,13362,13362,0.001872,0.001872,0.0000e+00
dev-long-03,53,13,0.000000e+00,13,13,0.045269,0.045269,0.0000e+00
dev-long-03,54,1848,0.000000e+00,1848,1848,0.230954,0.230954,0.0000e+00
dev-long-03,55,13064,0.000000e+00,9101,9101,0.937502,0.937502,0.0000e+00
dev-long-03,56,11,0.000000e+00,11,11,0.311862,0.311862,0.0000e+00
dev-long-03,57,551,0.000000e+00,551,551,0.010109,0.010109,0.0000e+00
dev-long-03,58,1669,0.000000e+00,1669,1669,0.046715,0.046715,0.0000e+00
dev-long-03,59,421,0.000000e+00,279,279,1.975972,1.975972,0.0000e+00
dev-long-03,60,14315,0.000000e+00,14315,14315,0.435254,0.435254,0.0000e+00
dev-long-03,61,1154,0.000000e+00,1154,1154,0.000151,0.000151,0.0000e+00
dev-long-03,62,995,0.000000e+00,995,995,0.148286,0.148286,0.0000e+00
dev-long-03,63,27469,0.000000e+00,27469,27469,0.329076,0.329076,0.0000e+00
dev-long-03,64,11,0.000000e+00,11,11,0.084148,0.084148,0.0000e+00
dev-long-03,65,421,0.000000e+00,421,421,0.912821,0.912821,0.0000e+00
dev-long-03,66,279,0.000000e+00,279,279,0.003156,0.003156,0.0000e+00
dev-long-03,67,198,0.000000e+00,1105,1105,1.274786,1.274786,0.0000e+00
dev-long-03,68,65,0.000000e+00,5461,5461,7.462817,7.462817,0.0000e+00
dev-long-03,69,16663,0.000000e+00,16663,16663,0.556520,0.556520,0.0000e+00
dev-long-03,70,995,0.000000e+00,557,557,0.957490,0.957490,0.0000e+00
dev-long-03,71,978,0.000000e+00,978,978,0.001834,0.001834,0.0000e+00
dev-long-03,72,9290,0.000000e+00,9290,9290,0.117741,0.117741,0.0000e+00
dev-long-03,73,1724,0.000000e+00,1724,1724,0.016044,0.016044,0.0000e+00
dev-long-03,74,11,0.000000e+00,11,11,0.000808,0.000808,0.0000e+00
dev-long-03,75,321,0.000000e+00,321,321,0.003498,0.003498,0.0000e+00
dev-long-03,76,421,0.000000e+00,421,421,0.021832,0.021832,0.0000e+00
dev-long-03,77,279,0.000000e+00,279,279,0.014777,0.014777,0.0000e+00
dev-long-03,78,2526,0.000000e+00,33622,33622,2.347856,2.347856,0.0000e+00
dev-long-03,79,4172,0.000000e+00,1844,1844,1.592198,1.592198,0.0000e+00
dev-long-03,80,39493,0.000000e+00,39493,39493,0.006386,0.006386,0.0000e+00
dev-long-03,81,272,0.000000e+00,272,272,0.193576,0.193576,0.0000e+00
dev-long-03,82,9270,0.000000e+00,9270,9270,0.004729,0.004729,0.0000e+00
dev-long-03,83,303,0.000000e+00,303,303,0.249510,0.249510,0.0000e+00
dev-long-03,84,198,0.000000e+00,864,864,2.273942,2.273942,0.0000e+00
dev-long-03,85,7949,0.000000e+00,7949,7949,0.001809,0.001809,0.0000e+00
dev-long-03,86,11,0.000000e+00,279,279,3.327736,3.327736,0.0000e+00
dev-long-03,87,430,0.000000e+00,430,430,0.637259,0.637259,0.0000e+00
dev-long-03,88,424,0.000000e+00,551,551,2.294209,2.294209,0.0000e+00
dev-long-03,89,25950,0.000000e+00,25950,25950,0.139877,0.139877,0.0000e+00
dev-long-03,90,1308,0.000000e+00,1308,1308,0.090554,0.090554,0.0000e+00
dev-long-03,91,11387,0.000000e+00,11387,11387,0.000013,0.000013,0.0000e+00
dev-long-03,92,11,0.000000e+00,11,11,0.000511,0.000511,0.0000e+00
dev-long-03,93,279,0.000000e+00,279,279,0.000880,0.000880,0.0000e+00
dev-long-03,94,4356,0.000000e+00,4356,4356,0.036739,0.036739,0.0000e+00
dev-long-03,95,425,0.000000e+00,425,425,0.000012,0.000012,0.0000e+00
dev-long-03,96,557,0.000000e+00,557,557,0.616960,0.616960,0.0000e+00
dev-long-03,97,50334,0.000000e+00,303,303,0.980822,0.980822,0.0000e+00
dev-long-03,98,310,0.000000e+00,310,310,0.000108,0.000108,0.0000e+00
dev-long-03,99,2426,0.000000e+00,2426,2426,0.473259,0.473259,0.0000e+00
dev-long-03,100,198,0.000000e+00,198,198,0.000060,0.000060,0.0000e+00
dev-long-03,101,1858,0.000000e+00,1858,1858,0.003342,0.003342,0.0000e+00
dev-long-03,102,63620,0.000000e+00,63620,63620,0.273732,0.273732,0.0000e+00
dev-long-03,103,11,0.000000e+00,37208,37208,1.130180,1.130180,0.0000e+00
dev-long-03,104,557,0.000000e+00,557,557,0.535076,0.535076,0.0000e+00
dev-long-03,105,19823,0.000000e+00,19823,19823,0.871598,0.871598,0.0000e+00
dev-long-03,106,4147,0.000000e+00,1724,1724,1.377978,1.377978,0.0000e+00
dev-long-03,107,5028,0.000000e+00,5028,5028,0.119014,0.119014,0.0000e+00
dev-long-03,108,279,0.000000e+00,279,279,0.077322,0.077322,0.0000e+00
dev-long-03,109,30486,0.000000e+00,30486,30486,0.205334,0.205334,0.0000e+00
dev-long-03,110,16293,0.000000e+00,16293,16293,0.008618,0.008618,0.0000e+00
dev-long-03,111,13,0.000000e+00,13,13,0.022933,0.022933,0.0000e+00
dev-long-03,112,84991,0.000000e+00,84991,84991,0.230864,0.230864,0.0000e+00
dev-long-03,113,21146,0.000000e+00,995,995,2.104043,2.104043,0.0000e+00
dev-long-03,114,198,0.000000e+00,198,198,0.005857,0.005857,0.0000e+00
dev-long-03,115,70,0.000000e+00,49931,49931,4.318337,4.318337,0.0000e+00
dev-long-03,116,511,0.000000e+00,511,511,0.001991,0.001991,0.0000e+00
dev-long-03,117,279,0.000000e+00,279,279,0.031017,0.031017,0.0000e+00
dev-long-03,118,16136,0.000000e+00,16136,16136,0.000636,0.000636,0.0000e+00
dev-long-03,119,11,0.000000e+00,11,11,0.359794,0.359794,0.0000e+00
dev-long-03,120,321,0.000000e+00,321,321,0.247519,0.247519,0.0000e+00
dev-long-03,121,14315,0.000000e+00,14315,14315,0.447169,0.447169,0.0000e+00
dev-long-03,122,1154,0.000000e+00,1154,1154,0.000115,0.000115,0.0000e+00
dev-long-03,123,557,0.000000e+00,557,557,0.016667,0.016667,0.0000e+00
dev-long-03,124,12158,0.000000e+00,3753,3753,1.864040,1.864040,0.0000e+00
dev-long-03,125,279,0.000000e+00,279,279,1.316528,1.316528,0.0000e+00
dev-long-03,126,1788,0.000000e+00,1788,1788,0.130642,0.130642,0.0000e+00
dev-long-03,127,11129,0.000000e+00,11129,11129,0.014994,0.014994,0.0000e+00
dev-long-03,128,26,0.000000e+00,13,13,1.224863,1.224863,0.0000e+00
dev-long-03,129,694,0.000000e+00,694,694,0.082910,0.082910,0.0000e+00
dev-long-03,130,279,0.000000e+00,279,279,0.038031,0.038031,0.0000e+00
dev-long-03,131,9506,0.000000e+00,9506,9506,0.530130,0.530130,0.0000e+00
dev-long-03,132,198,0.000000e+00,198,198,0.237593,0.237593,0.0000e+00
dev-long-03,133,27167,0.000000e+00,27167,27167,0.718145,0.718145,0.0000e+00
dev-long-03,134,524,0.000000e+00,524,524,0.245734,0.245734,0.0000e+00
dev-long-03,135,381,0.000000e+00,381,381,0.000342,0.000342,0.0000e+00
dev-long-03,136,1669,0.000000e+00,1669,1669,0.000947,0.000947,0.0000e+00
dev-long-03,137,2892,0.000000e+00,2892,2892,0.140181,0.140181,0.0000e+00
dev-long-03,138,5028,0.000000e+00,5028,5028,0.025111,0.025111,0.0000e+00
dev-long-03,139,780,0.000000e+00,780,780,0.605412,0.605412,0.0000e+00
dev-long-03,140,1637,0.000000e+00,1637,1637,0.028492,0.028492,0.0000e+00
dev-long-03,141,466,0.000000e+00,466,466,0.069809,0.069809,0.0000e+00
dev-long-03,142,303,0.000000e+00,303,303,0.005704,0.005704,0.0000e+00
dev-long-03,143,780,0.000000e+00,780,780,0.003076,0.003076,0.0000e+00
dev-long-03,144,11683,0.000000e+00,11683,11683,0.682902,0.682902,0.0000e+00
dev-long-03,145,13,0.000000e+00,13,13,0.053843,0.053843,0.0000e+00
dev-long-03,146,40189,0.000000e+00,271,271,8.183523,8.183523,0.0000e+00
dev-long-03,147,198,0.000000e+00,198,198,0.002487,0.002487,0.0000e+00
dev-long-03,148,34,0.000000e+00,34,34,0.110911,0.110911,0.0000e+00
dev-long-03,149,350,0.000000e+00,350,350,0.721206,0.721206,0.0000e+00
dev-long-03,150,463,0.000000e+00,463,463,0.184583,0.184583,0.0000e+00
dev-long-03,151,11,0.000000e+00,11,11,0.001497,0.001497,0.0000e+00
dev-long-03,152,40675,0.000000e+00,279,279,2.888886,2.888886,0.0000e+00
dev-long-03,153,310,0.000000e+00,310,310,0.003590,0.003590,0.0000e+00
dev-long-03,154,279,0.000000e+00,279,279,0.000644,0.000644,0.0000e+00
dev-long-03,155,4356,0.000000e+00,4356,4356,0.000807,0.000807,0.0000e+00
dev-long-03,156,425,0.000000e+00,425,425,0.000028,0.000028,0.0000e+00
dev-long-03,157,11,0.000000e+00,11,11,0.029396,0.029396,0.0000e+00
dev-long-03,158,401,0.000000e+00,401,401,0.471883,0.471883,0.0000e+00
dev-long-03,159,3736,0.000000e+00,3736,3736,0.001753,0.001753,0.0000e+00
dev-long-03,160,310,0.000000e+00,310,310,0.036120,0.036120,0.0000e+00
dev-long-03,161,3322,0.000000e+00,3322,3322,0.040939,0.040939,0.0000e+00
dev-long-03,162,6408,0.000000e+00,6408,6408,0.569184,0.569184,0.0000e+00
dev-long-03,163,84991,0.000000e+00,84991,84991,0.430325,0.430325,0.0000e+00
dev-long-03,164,725,0.000000e+00,39766,39766,1.616907,1.616907,0.0000e+00
dev-long-03,165,15268,0.000000e+00,15268,15268,0.623449,0.623449,0.0000e+00
dev-long-03,166,314,0.000000e+00,314,314,0.095293,0.095293,0.0000e+00
dev-long-03,167,198,0.000000e+00,198,198,0.000579,0.000579,0.0000e+00
dev-long-03,168,67,0.000000e+00,4104,4104,3.438162,3.438162,0.0000e+00
dev-long-03,169,2074,0.000000e+00,2074,2074,0.049552,0.049552,0.0000e+00
dev-long-03,170,347,0.000000e+00,347,347,0.000482,0.000482,0.0000e+00
dev-long-03,171,383,0.000000e+00,948,948,2.111875,2.111875,0.0000e+00
dev-long-03,172,40212,0.000000e+00,40212,40212,0.894683,0.894683,0.0000e+00
dev-long-03,173,279,0.000000e+00,279,279,0.000985,0.000985,0.0000e+00
dev-long-03,174,41692,0.000000e+00,4557,4557,2.604882,2.604882,0.0000e+00
dev-long-03,175,11,0.000000e+00,11,11,0.089960,0.089960,0.0000e+00
dev-long-03,176,321,0.000000e+00,321,321,0.006038,0.006038,0.0000e+00
dev-long-03,177,310,0.000000e+00,310,310,0.001023,0.001023,0.0000e+00
dev-long-03,178,3322,0.000000e+00,3322,3322,0.243558,0.243558,0.0000e+00
dev-long-03,179,31178,0.000000e+00,31178,31178,0.403194,0.403194,0.0000e+00
dev-long-03,180,1083,0.000000e+00,310,310,1.563984,1.563984,0.0000e+00
dev-long-03,181,279,0.000000e+00,279,279,0.008582,0.008582,0.0000e+00
dev-long-03,182,2956,0.000000e+00,2956,2956,0.170957,0.170957,0.0000e+00
dev-long-03,183,11,0.000000e+00,11,11,0.086022,0.086022,0.0000e+00
dev-long-03,184,198,0.000000e+00,198,198,0.000079,0.000079,0.0000e+00
dev-long-03,185,2777,0.000000e+00,2777,2777,0.076195,0.076195,0.0000e+00
dev-long-03,186,1292,0.000000e+00,1292,1292,0.000628,0.000628,0.0000e+00
dev-long-03,187,1669,0.000000e+00,1669,1669,0.021517,0.021517,0.0000e+00
dev-long-03,188,12482,0.000000e+00,2433,2433,2.438515,2.438515,0.0000e+00
dev-long-03,189,430,0.000000e+00,430,430,0.004319,0.004319,0.0000e+00
dev-long-03,190,7246,0.000000e+00,7246,7246,0.679716,0.679716,0.0000e+00
dev-long-03,191,539,0.000000e+00,539,539,0.003494,0.003494,0.0000e+00
dev-long-03,192,279,0.000000e+00,279,279,0.122316,0.122316,0.0000e+00
dev-long-03,193,1483,0.000000e+00,1483,1483,0.008368,0.008368,0.0000e+00
dev-long-03,194,10971,0.000000e+00,10971,10971,0.112272,0.112272,0.0000e+00
dev-long-03,195,13,0.000000e+00,13,13,0.017120,0.017120,0.0000e+00
dev-long-03,196,43017,0.000000e+00,3629,3629,3.144907,3.144907,0.0000e+00
dev-long-03,197,198,0.000000e+00,198,198,0.002976,0.002976,0.0000e+00
dev-long-03,198,59697,0.000000e+00,59697,59697,0.052066,0.052066,0.0000e+00
dev-long-03,199,26466,0.000000e+00,26466,26466,0.002488,0.002488,0.0000e+00
dev-long-03,200,11,0.000000e+00,401,401,0.987198,0.987198,0.0000e+00
dev-long-03,201,417,0.000000e+00,417,417,0.019854,0.019854,0.0000e+00
dev-long-03,202,12436,0.000000e+00,11,11,2.372889,2.372889,0.0000e+00
dev-long-03,203,11,0.000000e+00,11,11,0.003168,0.003168,0.0000e+00
dev-long-03,204,6348,0.000000e+00,401,401,1.508804,1.508804,0.0000e+00
dev-long-03,205,5721,0.000000e+00,5721,5721,0.074270,0.074270,0.0000e+00
dev-long-03,206,430,0.000000e+00,430,430,0.219204,0.219204,0.0000e+00
dev-long-03,207,310,0.000000e+00,310,310,0.000053,0.000053,0.0000e+00
dev-long-03,208,279,0.000000e+00,279,279,0.001001,0.001001,0.0000e+00
dev-long-03,209,7753,0.000000e+00,7753,7753,0.181984,0.181984,0.0000e+00
dev-long-03,210,314,0.000000e+00,314,314,0.000271,0.000271,0.0000e+00
dev-long-03,211,14315,0.000000e+00,279,279,2.432136,2.432136,0.0000e+00
dev-long-03,212,1154,0.000000e+00,1154,1154,0.000034,0.000034,0.0000e+00
dev-long-03,213,11,0.000000e+00,11,11,0.063939,0.063939,0.0000e+00
dev-long-03,214,852,0.000000e+00,852,852,0.202750,0.202750,0.0000e+00
dev-long-03,215,198,0.000000e+00,198,198,0.007852,0.007852,0.0000e+00
dev-long-03,216,485,0.000000e+00,15648,15648,10.450072,10.450072,0.0000e+00
dev-long-03,217,2511,0.000000e+00,2511,2511,0.502446,0.502446,0.0000e+00
dev-long-03,218,806,0.000000e+00,806,806,0.017614,0.017614,0.0000e+00
dev-long-03,219,1374,0.000000e+00,1374,1374,0.071879,0.071879,0.0000e+00
dev-long-03,220,78157,0.000000e+00,78157,78157,0.000150,0.000150,0.0000e+00
dev-long-03,221,11,0.000000e+00,11,11,0.049485,0.049485,0.0000e+00
dev-long-03,222,321,0.000000e+00,321,321,0.001438,0.001438,0.0000e+00
dev-long-03,223,67055,0.000000e+00,557,557,1.662440,1.662440,0.0000e+00
dev-long-03,224,780,0.000000e+00,780,780,0.000112,0.000112,0.0000e+00
dev-long-03,225,54322,0.000000e+00,54322,54322,0.000461,0.000461,0.0000e+00
dev-long-03,226,303,0.000000e+00,303,303,0.000060,0.000060,0.0000e+00
dev-long-03,227,279,0.000000e+00,279,279,0.000011,0.000011,0.0000e+00
dev-long-03,228,28928,0.000000e+00,3992,3992,1.274210,1.274210,0.0000e+00
dev-long-03,229,198,0.000000e+00,198,198,0.000207,0.000207,0.0000e+00
dev-long-03,230,17801,0.000000e+00,17801,17801,0.000039,0.000039,0.0000e+00
dev-long-03,231,13,0.000000e+00,13,13,0.007996,0.007996,0.0000e+00
dev-long-03,232,42249,0.000000e+00,42249,42249,0.041426,0.041426,0.0000e+00
dev-long-03,233,314,0.000000e+00,314,314,0.042415,0.042415,0.0000e+00
dev-long-03,234,264,0.000000e+00,264,264,0.114808,0.114808,0.0000e+00
dev-long-03,235,3555,0.000000e+00,3555,3555,0.121770,0.121770,0.0000e+00
dev-long-03,236,27181,0.000000e+00,27181,27181,0.006699,0.006699,0.0000e+00
dev-long-03,237,364,0.000000e+00,364,364,0.039953,0.039953,0.0000e+00
dev-long-03,238,41692,0.000000e+00,7808,7808,3.537437,3.537437,0.0000e+00
dev-long-03,239,3322,0.000000e+00,3322,3322,0.358475,0.358475,0.0000e+00
dev-long-03,240,978,0.000000e+00,978,978,0.005043,0.005043,0.0000e+00
dev-long-03,241,2574,0.000000e+00,2574,2574,0.672257,0.672257,0.0000e+00
dev-long-03,242,198,0.000000e+00,198,198,0.001208,0.001208,0.0000e+00
dev-long-03,243,66425,0.000000e+00,66425,66425,0.003679,0.003679,0.0000e+00
dev-long-03,244,279,0.000000e+00,279,279,0.010127,0.010127,0.0000e+00
dev-long-03,245,40470,0.000000e+00,40470,40470,0.002522,0.002522,0.0000e+00
dev-long-03,246,11,0.000000e+00,11,11,0.031815,0.031815,0.0000e+00
dev-long-03,247,279,0.000000e+00,279,279,0.528542,0.528542,0.0000e+00
dev-long-03,248,90844,0.000000e+00,90844,90844,0.475237,0.475237,0.0000e+00
dev-long-03,249,15578,0.000000e+00,15578,15578,0.741722,0.741722,0.0000e+00
dev-long-03,250,310,0.000000e+00,23704,23704,0.851319,0.851319,0.0000e+00
dev-long-03,251,3372,0.000000e+00,10403,10403,3.650665,3.650665,0.0000e+00
dev-long-03,252,27367,0.000000e+00,440,440,4.566711,4.566711,0.0000e+00
dev-long-03,253,1487,0.000000e+00,1487,1487,0.005734,0.005734,0.0000e+00
dev-long-03,254,440,0.000000e+00,440,440,0.000195,0.000195,0.0000e+00
dev-long-03,255,279,0.000000e+00,279,279,0.528546,0.528546,0.0000e+00
dev-long-03,256,198,0.000000e+00,198,198,0.000070,0.000070,0.0000e+00
dev-long-03,257,1783,0.000000e+00,1783,1783,0.113692,0.113692,0.0000e+00
dev-long-03,258,738,0.000000e+00,738,738,0.000694,0.000694,0.0000e+00
dev-long-03,259,11,0.000000e+00,11,11,0.013441,0.013441,0.0000e+00
dev-long-03,260,694,0.000000e+00,321,321,1.038659,1.038659,0.0000e+00
dev-long-03,261,13464,0.000000e+00,13464,13464,0.057298,0.057298,0.0000e+00
dev-long-03,262,424,0.000000e+00,424,424,0.000559,0.000559,0.0000e+00
dev-long-03,263,310,0.000000e+00,310,310,0.000430,0.000430,0.0000e+00
dev-long-03,264,279,0.000000e+00,279,279,0.001334,0.001334,0.0000e+00
dev-long-03,265,2601,0.000000e+00,2601,2601,0.023572,0.023572,0.0000e+00
dev-long-03,266,4603,0.000000e+00,4603,4603,0.000031,0.000031,0.0000e+00
dev-long-03,267,13,0.000000e+00,13,13,0.109196,0.109196,0.0000e+00
dev-long-03,268,14315,0.000000e+00,3629,3629,2.837767,2.837767,0.0000e+00
dev-long-03,269,1154,0.000000e+00,1154,1154,0.001112,0.001112,0.0000e+00
dev-long-03,270,11,0.000000e+00,11,11,0.264500,0.264500,0.0000e+00
dev-long-03,271,852,0.000000e+00,852,852,0.146877,0.146877,0.0000e+00
dev-long-03,272,995,0.000000e+00,369,369,2.793993,2.793993,0.0000e+00
dev-long-03,273,6625,0.000000e+00,2261,2261,3.332960,3.332960,0.0000e+00
dev-long-03,274,11590,0.000000e+00,2172,2172,2.083608,2.083608,0.0000e+00
dev-long-03,275,314,0.000000e+00,314,314,0.279103,0.279103,0.0000e+00
dev-long-03,276,198,0.000000e+00,198,198,0.000018,0.000018,0.0000e+00
dev-long-03,277,390,0.000000e+00,31788,31788,2.669787,2.669787,0.0000e+00
dev-long-03,278,1081,0.000000e+00,1081,1081,0.000534,0.000534,0.0000e+00
dev-long-03,279,19169,0.000000e+00,19169,19169,0.441727,0.441727,0.0000e+00
dev-long-03,280,2261,0.000000e+00,321,321,0.906257,0.906257,0.0000e+00
dev-long-03,281,279,0.000000e+00,279,279,0.000717,0.000717,0.0000e+00
dev-long-03,282,27388,0.000000e+00,11362,11362,1.237068,1.237068,0.0000e+00
dev-long-03,283,11,0.000000e+00,11,11,0.001697,0.001697,0.0000e+00
dev-long-03,284,281,0.000000e+00,11324,11324,3.348288,3.348288,0.0000e+00
dev-long-03,285,29243,0.000000e+00,29243,29243,0.000045,0.000045,0.0000e+00
dev-long-03,286,3023,0.000000e+00,3023,3023,0.054092,0.054092,0.0000e+00
dev-long-03,287,506,0.000000e+00,1066,1066,1.981555,1.981555,0.0000e+00
dev-long-03,288,279,0.000000e+00,279,279,0.320947,0.320947,0.0000e+00
dev-long-03,289,16198,0.000000e+00,16198,16198,0.164980,0.164980,0.0000e+00
dev-long-03,290,198,0.000000e+00,11,11,0.757952,0.757952,0.0000e+00
dev-long-03,291,429,0.000000e+00,429,429,0.564434,0.564434,0.0000e+00
dev-long-03,292,557,0.000000e+00,995,995,1.024725,1.024725,0.0000e+00
dev-long-03,293,11354,0.000000e+00,11354,11354,0.447673,0.447673,0.0000e+00
dev-long-03,294,680,0.000000e+00,680,680,0.114393,0.114393,0.0000e+00
dev-long-03,295,314,0.000000e+00,314,314,0.001834,0.001834,0.0000e+00
dev-long-03,296,5300,0.000000e+00,5300,5300,0.004920,0.004920,0.0000e+00
dev-long-03,297,1920,0.000000e+00,1920,1920,0.552708,0.552708,0.0000e+00
dev-long-03,298,271,0.000000e+00,271,271,0.001486,0.001486,0.0000e+00
dev-long-03,299,2005,0.000000e+00,9866,9866,0.982934,0.982934,0.0000e+00
dev-long-03,300,46903,0.000000e+00,27125,27125,5.827019,5.827019,0.0000e+00
dev-long-03,301,0,0.000000e+00,17306,17306,0.830160,0.830160,0.0000e+00
dev-long-03,302,1987,0.000000e+00,2844,2844,2.100264,2.100264,0.0000e+00
dev-long-03,303,1691,0.000000e+00,279,279,2.408944,2.408944,0.0000e+00
dev-long-03,304,364,0.000000e+00,364,364,0.011795,0.011795,0.0000e+00
dev-long-03,305,279,0.000000e+00,279,279,0.001362,0.001362,0.0000e+00
dev-long-03,306,4142,0.000000e+00,4142,4142,0.010388,0.010388,0.0000e+00
dev-long-03,307,94003,0.000000e+00,94003,94003,0.482048,0.482048,0.0000e+00
dev-long-03,308,2340,0.000000e+00,2340,2340,0.145187,0.145187,0.0000e+00
dev-long-03,309,1018,0.000000e+00,1018,1018,0.071910,0.071910,0.0000e+00
dev-long-03,310,38001,0.000000e+00,38001,38001,0.347506,0.347506,0.0000e+00
dev-long-03,311,3272,0.000000e+00,11,11,3.214420,3.214420,0.0000e+00
dev-long-03,312,3518,0.000000e+00,3518,3518,0.000719,0.000719,0.0000e+00
dev-long-03,313,11,0.000000e+00,13,13,1.581464,1.581464,0.0000e+00
dev-long-03,314,81154,0.000000e+00,50856,50856,2.177883,2.177883,0.0000e+00
dev-long-03,315,198,0.000000e+00,198,198,0.015441,0.015441,0.0000e+00
dev-long-03,316,27582,0.000000e+00,27582,27582,0.233439,0.233439,0.0000e+00
dev-long-03,317,279,0.000000e+00,279,279,0.004538,0.004538,0.0000e+00
dev-long-03,318,5392,0.000000e+00,5392,5392,0.101411,0.101411,0.0000e+00
dev-long-03,319,13,0.000000e+00,13,13,0.001795,0.001795,0.0000e+00
dev-long-03,320,1001,0.000000e+00,1001,1001,0.031193,0.031193,0.0000e+00
dev-long-03,321,760,0.000000e+00,760,760,0.283103,0.283103,0.0000e+00
dev-long-03,322,3296,0.000000e+00,3296,3296,0.728305,0.728305,0.0000e+00
dev-long-03,323,364,0.000000e+00,364,364,0.807294,0.807294,0.0000e+00
dev-long-03,324,586,0.000000e+00,586,586,0.005227,0.005227,0.0000e+00
dev-long-03,325,1381,0.000000e+00,1381,1381,0.086785,0.086785,0.0000e+00
dev-long-03,326,310,0.000000e+00,310,310,0.276448,0.276448,0.0000e+00
dev-long-03,327,11290,0.000000e+00,11290,11290,0.345380,0.345380,0.0000e+00
dev-long-03,328,369,0.000000e+00,369,369,0.015852,0.015852,0.0000e+00
dev-long-03,329,279,0.000000e+00,279,279,0.031641,0.031641,0.0000e+00
dev-long-03,330,8240,0.000000e+00,8240,8240,0.725300,0.725300,0.0000e+00
dev-long-03,331,314,0.000000e+00,314,314,0.003410,0.003410,0.0000e+00
dev-long-03,332,198,0.000000e+00,198,198,0.001290,0.001290,0.0000e+00
dev-long-03,333,12034,0.000000e+00,12034,12034,0.010560,0.010560,0.0000e+00
dev-long-03,334,6187,0.000000e+00,13,13,1.962968,1.962968,0.0000e+00
dev-long-03,335,494,0.000000e+00,494,494,0.081126,0.081126,0.0000e+00
dev-long-03,336,264,0.000000e+00,279,279,2.927138,2.927138,0.0000e+00
dev-long-03,337,35700,0.000000e+00,85537,85537,11.013089,11.013089,0.0000e+00
dev-long-03,338,806,0.000000e+00,806,806,0.000407,0.000407,0.0000e+00
dev-long-03,339,63620,0.000000e+00,63620,63620,0.012087,0.012087,0.0000e+00
dev-long-03,340,37208,0.000000e+00,37208,37208,0.002393,0.002393,0.0000e+00
dev-long-03,341,506,0.000000e+00,310,310,2.307894,2.307894,0.0000e+00
dev-long-03,342,799,0.000000e+00,279,279,3.267524,3.267524,0.0000e+00
dev-long-03,343,809,0.000000e+00,809,809,0.000811,0.000811,0.0000e+00
dev-long-03,344,310,0.000000e+00,310,310,0.880284,0.880284,0.0000e+00
dev-long-03,345,279,0.000000e+00,279,279,0.209722,0.209722,0.0000e+00
dev-long-03,346,18522,0.000000e+00,17789,17789,3.349390,3.349390,0.0000e+00
dev-long-03,347,314,0.000000e+00,314,314,0.011038,0.011038,0.0000e+00
dev-long-03,348,264,0.000000e+00,264,264,0.001165,0.001165,0.0000e+00
dev-long-03,349,198,0.000000e+00,198,198,0.014438,0.014438,0.0000e+00
dev-long-03,350,3237,0.000000e+00,3237,3237,0.002201,0.002201,0.0000e+00
dev-long-03,351,930,0.000000e+00,930,930,0.000018,0.000018,0.0000e+00
dev-long-03,352,303,0.000000e+00,506,506,2.756564,2.756564,0.0000e+00
dev-long-03,353,53682,0.000000e+00,279,279,2.362825,2.362825,0.0000e+00
dev-long-03,354,6930,0.000000e+00,6930,6930,0.000039,0.000039,0.0000e+00
dev-long-03,355,9254,0.000000e+00,9254,9254,0.005369,0.005369,0.0000e+00
dev-long-03,356,506,0.000000e+00,506,506,0.000247,0.000247,0.0000e+00
dev-long-03,357,279,0.000000e+00,279,279,0.000077,0.000077,0.0000e+00
dev-long-03,358,975,0.000000e+00,975,975,0.000141,0.000141,0.0000e+00
dev-long-03,359,13,0.000000e+00,13,13,0.003022,0.003022,0.0000e+00
dev-long-03,360,1394,0.000000e+00,1061,1061,4.288260,4.288260,0.0000e+00
dev-long-03,361,1436,0.000000e+00,1436,1436,0.381218,0.381218,0.0000e+00
dev-long-03,362,11,0.000000e+00,11,11,0.001475,0.001475,0.0000e+00
dev-long-03,363,30446,0.000000e+00,30446,30446,0.001475,0.001475,0.0000e+00
dev-long-03,364,11,0.000000e+00,11,11,0.001690,0.001690,0.0000e+00
dev-long-03,365,1004,0.000000e+00,821,821,2.145101,2.145101,0.0000e+00
dev-long-03,366,2545,0.000000e+00,2545,2545,0.033234,0.033234,0.0000e+00
dev-long-03,367,198,0.000000e+00,198,198,0.000062,0.000062,0.0000e+00
dev-long-03,368,9497,0.000000e+00,33441,33441,3.612320,3.612320,0.0000e+00
dev-long-03,369,88312,0.000000e+00,88312,88312,0.029236,0.029236,0.0000e+00
dev-long-03,370,599,0.000000e+00,599,599,0.106173,0.106173,0.0000e+00
dev-long-03,371,14413,0.000000e+00,14413,14413,0.112041,0.112041,0.0000e+00
dev-long-03,372,18533,0.000000e+00,3512,3512,1.476397,1.476397,0.0000e+00
dev-long-03,373,264,0.000000e+00,264,264,0.003274,0.003274,0.0000e+00
dev-long-03,374,1691,0.000000e+00,1691,1691,0.119136,0.119136,0.0000e+00
dev-long-03,375,777,0.000000e+00,777,777,0.030019,0.030019,0.0000e+00
dev-long-03,376,2894,0.000000e+00,60458,60458,3.280437,3.280437,0.0000e+00
dev-long-03,377,321,0.000000e+00,321,321,0.833415,0.833415,0.0000e+00
dev-long-03,378,2599,0.000000e+00,1442,1442,6.643593,6.643593,0.0000e+00
dev-long-03,379,198,0.000000e+00,198,198,0.204829,0.204829,0.0000e+00
dev-long-03,380,5938,0.000000e+00,65802,65802,2.444412,2.444412,0.0000e+00
dev-long-03,381,499,0.000000e+00,499,499,0.000426,0.000426,0.0000e+00
dev-long-03,382,305,0.000000e+00,305,305,0.038441,0.038441,0.0000e+00
dev-long-03,383,12523,0.000000e+00,12523,12523,0.025765,0.025765,0.0000e+00
dev-long-03,384,13,0.000000e+00,13,13,0.266162,0.266162,0.0000e+00
dev-long-03,385,5514,0.000000e+00,5514,5514,1.023102,1.023102,0.0000e+00
dev-long-03,386,369,0.000000e+00,11,11,0.924650,0.924650,0.0000e+00
dev-long-03,387,279,0.000000e+00,279,279,0.198759,0.198759,0.0000e+00
dev-long-03,388,9506,0.000000e+00,9506,9506,0.091389,0.091389,0.0000e+00
dev-long-03,389,26,0.000000e+00,1381,1381,3.593632,3.593632,0.0000e+00
dev-long-03,390,279,0.000000e+00,1532,1532,3.573148,3.573148,0.0000e+00
dev-long-03,391,9506,0.000000e+00,60042,60042,5.289034,5.289034,0.0000e+00
dev-long-03,392,3571,0.000000e+00,682,682,2.311563,2.311563,0.0000e+00
dev-long-03,393,494,0.000000e+00,494,494,0.008104,0.008104,0.0000e+00
dev-long-03,394,279,0.000000e+00,279,279,0.012779,0.012779,0.0000e+00
dev-long-03,395,60042,0.000000e+00,60042,60042,0.018899,0.018899,0.0000e+00
dev-long-03,396,11,0.000000e+00,26,26,3.217893,3.217893,0.0000e+00
dev-long-03,397,321,0.000000e+00,321,321,0.369213,0.369213,0.0000e+00
dev-long-03,398,198,0.000000e+00,198,198,0.021025,0.021025,0.0000e+00
dev-long-03,399,1719,0.000000e+00,1719,1719,0.057368,0.057368,0.0000e+00
dev-long-03,400,60042,0.000000e+00,60042,60042,0.076407,0.076407,0.0000e+00
dev-long-03,401,3571,0.000000e+00,3571,3571,0.503726,0.503726,0.0000e+00
dev-long-03,402,494,0.000000e+00,494,494,0.015483,0.015483,0.0000e+00
dev-long-03,403,4248,0.000000e+00,279,279,3.422404,3.422404,0.0000e+00
dev-long-03,404,13,0.000000e+00,13,13,0.001344,0.001344,0.0000e+00
dev-long-03,405,17075,0.000000e+00,78434,78434,1.560322,1.560322,0.0000e+00
dev-long-03,406,27466,0.000000e+00,27466,27466,0.000242,0.000242,0.0000e+00
dev-long-03,407,11,0.000000e+00,13,13,0.864664,0.864664,0.0000e+00
dev-long-03,408,279,0.000000e+00,279,279,0.283188,0.283188,0.0000e+00
dev-long-03,409,43623,0.000000e+00,6171,6171,2.985233,2.985233,0.0000e+00
dev-long-03,410,440,0.000000e+00,6483,6483,4.662334,4.662334,0.0000e+00
dev-long-03,411,279,0.000000e+00,279,279,0.435766,0.435766,0.0000e+00
dev-long-03,412,3743,0.000000e+00,7167,7167,2.571498,2.571498,0.0000e+00
dev-long-03,413,8628,0.000000e+00,198,198,2.884407,2.884407,0.0000e+00
dev-long-03,414,321,0.000000e+00,13,13,1.081995,1.081995,0.0000e+00
dev-long-03,415,198,0.000000e+00,198,198,0.004128,0.004128,0.0000e+00
dev-long-03,416,528,0.000000e+00,1719,1719,1.610470,1.610470,0.0000e+00
dev-long-03,417,279,0.000000e+00,279,279,0.437858,0.437858,0.0000e+00
dev-long-03,418,975,0.000000e+00,975,975,0.087210,0.087210,0.0000e+00
dev-long-03,419,16935,0.000000e+00,292,292,3.157635,3.157635,0.0000e+00
dev-long-03,420,440,0.000000e+00,864,864,4.956302,4.956302,0.0000e+00
dev-long-03,421,864,0.000000e+00,864,864,0.000353,0.000353,0.0000e+00
dev-long-03,422,353,0.000000e+00,353,353,0.314780,0.314780,0.0000e+00
dev-long-03,423,599,0.000000e+00,599,599,0.265788,0.265788,0.0000e+00
dev-long-03,424,32183,0.000000e+00,32183,32183,0.373869,0.373869,0.0000e+00
dev-long-03,425,488,0.000000e+00,488,488,0.000223,0.000223,0.0000e+00
dev-long-03,426,13,0.000000e+00,13,13,0.006045,0.006045,0.0000e+00
dev-long-03,427,1987,0.000000e+00,4543,4543,2.039000,2.039000,0.0000e+00
dev-long-03,428,1381,0.000000e+00,1381,1381,0.705955,0.705955,0.0000e+00
dev-long-03,429,567,0.000000e+00,11,11,1.227450,1.227450,0.0000e+00
dev-long-03,430,198,0.000000e+00,198,198,0.011864,0.011864,0.0000e+00
dev-long-03,431,24028,0.000000e+00,24028,24028,0.017415,0.017415,0.0000e+00
dev-long-03,432,716,0.000000e+00,2404,2404,1.826664,1.826664,0.0000e+00
dev-long-03,433,12833,0.000000e+00,12833,12833,0.086914,0.086914,0.0000e+00
dev-long-03,434,1546,0.000000e+00,13519,13519,2.129781,2.129781,0.0000e+00
dev-long-03,435,13519,0.000000e+00,13519,13519,0.006438,0.006438,0.0000e+00
dev-long-03,436,310,0.000000e+00,310,310,0.000121,0.000121,0.0000e+00
dev-long-03,437,8996,0.000000e+00,8996,8996,0.241441,0.241441,0.0000e+00
dev-long-03,438,411,0.000000e+00,411,411,0.122217,0.122217,0.0000e+00
dev-long-03,439,43623,0.000000e+00,43623,43623,0.142547,0.142547,0.0000e+00
dev-long-03,440,321,0.000000e+00,321,321,1.061165,1.061165,0.0000e+00
dev-long-03,441,198,0.000000e+00,310,310,1.116314,1.116314,0.0000e+00
dev-long-03,442,4899,0.000000e+00,3795,3795,11.267555,11.267555,0.0000e+00
dev-long-03,443,517,0.000000e+00,517,517,0.003878,0.003878,0.0000e+00
dev-long-03,444,1988,0.000000e+00,1988,1988,0.000027,0.000027,0.0000e+00
dev-long-03,445,1092,0.000000e+00,1092,1092,0.383900,0.383900,0.0000e+00
dev-long-03,446,919,0.000000e+00,919,919,0.221409,0.221409,0.0000e+00
dev-long-03,447,551,0.000000e+00,551,551,0.004636,0.004636,0.0000e+00
dev-long-03,448,682,0.000000e+00,1189,1189,0.844615,0.844615,0.0000e+00
dev-long-03,449,6141,0.000000e+00,6141,6141,0.004885,0.004885,0.0000e+00
dev-long-03,450,303,0.000000e+00,303,303,0.000438,0.000438,0.0000e+00
dev-long-03,451,411,0.000000e+00,411,411,0.102178,0.102178,0.0000e+00
dev-long-03,452,2545,0.000000e+00,24577,24577,3.756618,3.756618,0.0000e+00
dev-long-03,453,21831,0.000000e+00,21831,21831,0.011985,0.011985,0.0000e+00
dev-long-03,454,13,0.000000e+00,13,13,0.421956,0.421956,0.0000e+00
dev-long-03,455,1946,0.000000e+00,1165,1165,3.772826,3.772826,0.0000e+00
dev-long-03,456,635,0.000000e+00,279,279,5.267302,5.267302,0.0000e+00
dev-long-03,457,198,0.000000e+00,198,198,0.432463,0.432463,0.0000e+00
dev-long-03,458,559,0.000000e+00,559,559,0.020655,0.020655,0.0000e+00
dev-long-03,459,11,0.000000e+00,11,11,0.081296,0.081296,0.0000e+00
dev-long-03,460,567,0.000000e+00,567,567,0.273352,0.273352,0.0000e+00
dev-long-03,461,1902,0.000000e+00,1902,1902,0.013593,0.013593,0.0000e+00
dev-long-03,462,1380,0.000000e+00,1380,1380,1.222516,1.222516,0.0000e+00
dev-long-03,463,279,0.000000e+00,321,321,5.121451,5.121451,0.0000e+00
dev-long-03,464,43070,0.000000e+00,43070,43070,1.063907,1.063907,0.0000e+00
dev-long-03,465,3254,0.000000e+00,3254,3254,0.862154,0.862154,0.0000e+00
dev-long-03,466,1118,0.000000e+00,1118,1118,0.393253,0.393253,0.0000e+00
dev-long-03,467,11,0.000000e+00,11,11,0.266998,0.266998,0.0000e+00
dev-long-03,468,321,0.000000e+00,321,321,0.025619,0.025619,0.0000e+00
dev-long-03,469,1439,0.000000e+00,1439,1439,0.583849,0.583849,0.0000e+00
dev-long-03,470,9940,0.000000e+00,9940,9940,0.027472,0.027472,0.0000e+00
dev-long-03,471,35723,0.000000e+00,11,11,1.941045,1.941045,0.0000e+00
dev-long-03,472,198,0.000000e+00,198,198,0.000077,0.000077,0.0000e+00
dev-long-03,473,258,0.000000e+00,258,258,0.000202,0.000202,0.0000e+00
dev-long-03,474,449,0.000000e+00,279,279,7.340525,7.340525,0.0000e+00
dev-long-03,475,31604,0.000000e+00,31604,31604,0.012587,0.012587,0.0000e+00
dev-long-03,476,303,0.000000e+00,303,303,0.154855,0.154855,0.0000e+00
dev-long-03,477,660,0.000000e+00,279,279,6.240753,6.240753,0.0000e+00
dev-long-03,478,279,0.000000e+00,279,279,0.000451,0.000451,0.0000e+00
dev-long-03,479,11129,0.000000e+00,6187,6187,3.113561,3.113561,0.0000e+00
dev-long-03,480,15228,0.000000e+00,15228,15228,0.003904,0.003904,0.0000e+00
dev-long-03,481,13,0.000000e+00,13,13,0.112345,0.112345,0.0000e+00
dev-long-03,482,1368,0.000000e+00,38470,38470,2.498738,2.498738,0.0000e+00
dev-long-03,483,411,0.000000e+00,411,411,0.264267,0.264267,0.0000e+00
dev-long-03,484,3564,0.000000e+00,14107,14107,1.361645,1.361645,0.0000e+00
dev-long-03,485,11,0.000000e+00,11,11,0.023530,0.023530,0.0000e+00
dev-long-03,486,353,0.000000e+00,353,353,0.189770,0.189770,0.0000e+00
dev-long-03,487,4723,0.000000e+00,4723,4723,0.595397,0.595397,0.0000e+00
dev-long-03,488,198,0.000000e+00,198,198,0.001247,0.001247,0.0000e+00
dev-long-03,489,18443,0.000000e+00,18443,18443,0.765388,0.765388,0.0000e+00
dev-long-03,490,89085,0.000000e+00,89085,89085,0.832342,0.832342,0.0000e+00
dev-long-03,491,310,0.000000e+00,310,310,0.001379,0.001379,0.0000e+00
dev-long-03,492,975,0.000000e+00,1010,1010,1.381188,1.381188,0.0000e+00
dev-long-03,493,5245,0.000000e+00,6440,6440,1.202614,1.202614,0.0000e+00
dev-long-03,494,1920,0.000000e+00,1920,1920,0.013250,0.013250,0.0000e+00
dev-long-03,495,271,0.000000e+00,271,271,0.002376,0.002376,0.0000e+00
dev-long-03,496,41610,0.000000e+00,2005,2005,1.471037,1.471037,0.0000e+00
dev-long-03,497,668,0.000000e+00,0,0,4.173364,4.173364,0.0000e+00
dev-long-03,498,488,0.000000e+00,381,381,2.254209,2.254209,0.0000e+00
dev-long-03,499,1910,0.000000e+00,5479,5479,0.935862,0.935862,0.0000e+00
dev-long-03,500,12035,0.000000e+00,12035,12035,0.006155,0.006155,0.0000e+00
dev-long-03,501,271,0.000000e+00,271,271,0.098133,0.098133,0.0000e+00
dev-long-03,502,2005,0.000000e+00,2005,2005,0.066611,0.066611,0.0000e+00
dev-long-03,503,33963,0.000000e+00,22367,22367,3.829097,3.829097,0.0000e+00
dev-long-03,504,728,0.000000e+00,728,728,0.005331,0.005331,0.0000e+00
dev-long-03,505,264,0.000000e+00,449,449,5.420671,5.420671,0.0000e+00
dev-long-03,506,44579,0.000000e+00,5572,5572,1.798877,1.798877,0.0000e+00
dev-long-03,507,321,0.000000e+00,321,321,0.053315,0.053315,0.0000e+00
dev-long-03,508,421,0.000000e+00,421,421,1.221070,1.221070,0.0000e+00
dev-long-03,509,20485,0.000000e+00,20485,20485,1.251389,1.251389,0.0000e+00
dev-long-03,510,314,0.000000e+00,314,314,0.007884,0.007884,0.0000e+00
dev-long-03,511,5392,0.000000e+00,264,264,1.575778,1.575778,0.0000e+00
dev-long-03,512,13,0.000000e+00,1920,1920,2.673602,2.673602,0.0000e+00
dev-long-03,513,4543,0.000000e+00,6558,6558,2.801610,2.801610,0.0000e+00
dev-long-03,514,11,0.000000e+00,11,11,0.407858,0.407858,0.0000e+00
dev-long-03,515,1179,0.000000e+00,4248,4248,2.796464,2.796464,0.0000e+00
dev-long-03,516,25,0.000000e+00,13,13,1.628084,1.628084,0.0000e+00
dev-long-03,517,3260,0.000000e+00,3260,3260,0.214065,0.214065,0.0000e+00
dev-long-03,518,6441,0.000000e+00,6441,6441,0.294439,0.294439,0.0000e+00
dev-long-03,519,506,0.000000e+00,506,506,0.005893,0.005893,0.0000e+00
dev-long-03,520,279,0.000000e+00,27466,27466,1.999132,1.999132,0.0000e+00
dev-long-03,521,198,0.000000e+00,198,198,0.079239,0.079239,0.0000e+00
dev-long-03,522,70927,0.000000e+00,25668,25668,6.171714,6.171714,0.0000e+00
dev-long-03,523,314,0.000000e+00,314,314,0.000757,0.000757,0.0000e+00
dev-long-03,524,7441,0.000000e+00,7441,7441,0.026475,0.026475,0.0000e+00
dev-long-03,525,689,0.000000e+00,689,689,0.000160,0.000160,0.0000e+00
dev-long-03,526,6476,0.000000e+00,6476,6476,0.001346,0.001346,0.0000e+00
dev-long-03,527,11,0.000000e+00,11,11,0.042217,0.042217,0.0000e+00
dev-long-03,528,264,0.000000e+00,264,264,0.009677,0.009677,0.0000e+00
dev-long-03,529,60042,0.000000e+00,3565,3565,4.770724,4.770724,0.0000e+00
dev-long-03,530,321,0.000000e+00,321,321,0.001854,0.001854,0.0000e+00
dev-long-03,531,264,0.000000e+00,264,264,0.000020,0.000020,0.0000e+00
dev-long-03,532,3565,0.000000e+00,2503,2503,2.327747,2.327747,0.0000e+00
dev-long-03,533,6273,0.000000e+00,6273,6273,0.459358,0.459358,0.0000e+00
dev-long-03,534,8628,0.000000e+00,8628,8628,0.001012,0.001012,0.0000e+00
dev-long-03,535,13,0.000000e+00,30996,30996,2.344265,2.344265,0.0000e+00
dev-long-03,536,4248,0.000000e+00,561,561,1.900866,1.900866,0.0000e+00
dev-long-03,537,13,0.000000e+00,13,13,0.001228,0.001228,0.0000e+00
dev-long-03,538,17075,0.000000e+00,17075,17075,0.000634,0.000634,0.0000e+00
dev-long-03,539,27466,0.000000e+00,27466,27466,0.001462,0.001462,0.0000e+00
dev-long-03,540,198,0.000000e+00,198,198,0.002363,0.002363,0.0000e+00
dev-long-03,541,4660,0.000000e+00,4660,4660,0.692351,0.692351,0.0000e+00
dev-long-03,542,599,0.000000e+00,599,599,0.000139,0.000139,0.0000e+00
dev-long-03,543,279,0.000000e+00,2107,2107,3.146240,3.146240,0.0000e+00
dev-long-03,544,1788,0.000000e+00,1788,1788,0.001179,0.001179,0.0000e+00
dev-long-03,545,539,0.000000e+00,539,539,0.027878,0.027878,0.0000e+00
dev-long-03,546,18377,0.000000e+00,18377,18377,0.073449,0.073449,0.0000e+00
dev-long-03,547,506,0.000000e+00,506,506,0.005259,0.005259,0.0000e+00
dev-long-03,548,220,0.000000e+00,411,411,0.847329,0.847329,0.0000e+00
dev-long-03,549,21,0.000000e+00,21,21,0.035516,0.035516,0.0000e+00
dev-long-03,550,25,0.000000e+00,11,11,1.205206,1.205206,0.0000e+00
dev-long-03,551,18,0.000000e+00,16,16,1.334569,1.334569,0.0000e+00
dev-long-03,552,15,0.000000e+00,15,15,0.000246,0.000246,0.0000e+00
dev-long-03,553,411,0.000000e+00,310,310,5.316433,5.316433,0.0000e+00
dev-long-03,554,11129,0.000000e+00,11129,11129,0.012523,0.012523,0.0000e+00
dev-long-03,555,506,0.000000e+00,506,506,0.028088,0.028088,0.0000e+00
dev-long-03,556,220,0.000000e+00,220,220,0.051897,0.051897,0.0000e+00
dev-long-03,557,17,0.000000e+00,17,17,0.000076,0.000076,0.0000e+00
dev-long-03,558,17,0.000000e+00,17,17,0.000009,0.000009,0.0000e+00
dev-long-03,559,16,0.000000e+00,16,16,0.001341,0.001341,0.0000e+00
dev-long-03,560,33,0.000000e+00,33,33,0.071995,0.071995,0.0000e+00
dev-long-03,561,11,0.000000e+00,11,11,0.011069,0.011069,0.0000e+00
dev-long-03,562,27466,0.000000e+00,27466,27466,0.003238,0.003238,0.0000e+00
dev-long-03,563,198,0.000000e+00,198,198,0.007512,0.007512,0.0000e+00
dev-long-03,564,33402,0.000000e+00,33402,33402,0.001328,0.001328,0.0000e+00
dev-long-03,565,13894,0.000000e+00,13894,13894,0.028720,0.028720,0.0000e+00
dev-long-03,566,2844,0.000000e+00,2532,2532,3.367239,3.367239,0.0000e+00
dev-long-03,567,369,0.000000e+00,369,369,0.006270,0.006270,0.0000e+00
dev-long-03,568,2708,0.000000e+00,279,279,1.521361,1.521361,0.0000e+00
dev-long-03,569,321,0.000000e+00,321,321,0.011379,0.011379,0.0000e+00
dev-long-03,570,61446,0.000000e+00,61446,61446,0.142016,0.142016,0.0000e+00
dev-long-03,571,1920,0.000000e+00,1920,1920,0.118970,0.118970,0.0000e+00
dev-long-03,572,271,0.000000e+00,271,271,0.000337,0.000337,0.0000e+00
dev-long-03,573,2005,0.000000e+00,2005,2005,0.376477,0.376477,0.0000e+00
dev-long-03,574,24936,0.000000e+00,9651,9651,2.764894,2.764894,0.0000e+00
dev-long-03,575,13,0.000000e+00,1920,1920,1.267958,1.267958,0.0000e+00
dev-long-03,576,1921,0.000000e+00,1921,1921,0.044678,0.044678,0.0000e+00
dev-long-03,577,668,0.000000e+00,668,668,0.914111,0.914111,0.0000e+00
dev-long-03,578,551,0.000000e+00,551,551,0.089814,0.089814,0.0000e+00
dev-long-03,579,1436,0.000000e+00,2445,2445,2.214094,2.214094,0.0000e+00
dev-long-03,580,424,0.000000e+00,424,424,0.098176,0.098176,0.0000e+00
dev-long-03,581,12035,0.000000e+00,12035,12035,0.006712,0.006712,0.0000e+00
dev-long-03,582,271,0.000000e+00,271,271,0.000343,0.000343,0.0000e+00
dev-long-03,583,84797,0.000000e+00,2005,2005,3.122495,3.122495,0.0000e+00
dev-long-03,584,11,0.000000e+00,11,11,0.001728,0.001728,0.0000e+00
dev-long-03,585,551,0.000000e+00,424,424,1.027743,1.027743,0.0000e+00
dev-long-03,586,369,0.000000e+00,1902,1902,1.753342,1.753342,0.0000e+00
dev-long-03,587,2617,0.000000e+00,883,883,3.475302,3.475302,0.0000e+00
dev-long-03,588,310,0.000000e+00,310,310,0.000347,0.000347,0.0000e+00
dev-long-03,589,2426,0.000000e+00,1301,1301,5.444539,5.444539,0.0000e+00
dev-long-03,590,449,0.000000e+00,449,449,0.079696,0.079696,0.0000e+00
dev-long-03,591,7662,0.000000e+00,7662,7662,0.007689,0.007689,0.0000e+00
dev-long-03,592,383,0.000000e+00,383,383,0.012582,0.012582,0.0000e+00
dev-long-03,593,279,0.000000e+00,279,279,0.045171,0.045171,0.0000e+00
dev-long-03,594,15228,0.000000e+00,15228,15228,0.047582,0.047582,0.0000e+00
dev-long-03,595,11,0.000000e+00,11,11,0.656567,0.656567,0.0000e+00
dev-long-03,596,2394,0.000000e+00,364,364,1.894367,1.894367,0.0000e+00
dev-long-03,597,11,0.000000e+00,551,551,0.980181,0.980181,0.0000e+00
dev-long-03,598,310,0.000000e+00,413,413,5.087207,5.087207,0.0000e+00
dev-long-03,599,264,0.000000e+00,660,660,1.454491,1.454491,0.0000e+00
dev-long-03,600,7604,0.000000e+00,855,855,1.220338,1.220338,0.0000e+00
dev-long-03,601,855,0.000000e+00,855,855,0.041096,0.041096,0.0000e+00
dev-long-03,602,11,0.000000e+00,11,11,0.007291,0.007291,0.0000e+00
dev-long-03,603,198,0.000000e+00,198,198,0.025693,0.025693,0.0000e+00
dev-long-03,604,1719,0.000000e+00,1719,1719,0.132384,0.132384,0.0000e+00
dev-long-03,605,4557,0.000000e+00,4557,4557,0.712528,0.712528,0.0000e+00
dev-long-03,606,557,0.000000e+00,314,314,1.567511,1.567511,0.0000e+00
dev-long-03,607,264,0.000000e+00,264,264,0.028385,0.028385,0.0000e+00
dev-long-03,608,8545,0.000000e+00,8545,8545,0.468524,0.468524,0.0000e+00
dev-long-03,609,799,0.000000e+00,799,799,0.010311,0.010311,0.0000e+00
dev-long-03,610,13,0.000000e+00,13,13,0.406437,0.406437,0.0000e+00
dev-long-03,611,1216,0.000000e+00,1049,1049,1.123312,1.123312,0.0000e+00
dev-long-03,612,557,0.000000e+00,668,668,3.146663,3.146663,0.0000e+00
dev-long-03,613,9077,0.000000e+00,524,524,3.201674,3.201674,0.0000e+00
dev-long-03,614,748,0.000000e+00,264,264,4.820425,4.820425,0.0000e+00
dev-long-03,615,25281,0.000000e+00,592,592,6.372433,6.372433,0.0000e+00
dev-long-03,616,539,0.000000e+00,539,539,0.008430,0.008430,0.0000e+00
dev-long-03,617,780,0.000000e+00,780,780,0.047320,0.047320,0.0000e+00
dev-long-03,618,5605,0.000000e+00,635,635,1.823743,1.823743,0.0000e+00
dev-long-03,619,329,0.000000e+00,2887,2887,4.270389,4.270389,0.0000e+00
dev-long-03,620,663,0.000000e+00,663,663,0.014094,0.014094,0.0000e+00
dev-long-03,621,303,0.000000e+00,303,303,0.569244,0.569244,0.0000e+00
dev-long-03,622,198,0.000000e+00,198,198,0.000209,0.000209,0.0000e+00
dev-long-03,623,35444,0.000000e+00,1719,1719,2.212323,2.212323,0.0000e+00
dev-long-03,624,279,0.000000e+00,279,279,0.000182,0.000182,0.0000e+00
dev-long-03,625,3136,0.000000e+00,3136,3136,0.190720,0.190720,0.0000e+00
dev-long-03,626,321,0.000000e+00,11,11,1.116988,1.116988,0.0000e+00
dev-long-03,627,539,0.000000e+00,539,539,0.472351,0.472351,0.0000e+00
dev-long-03,628,279,0.000000e+00,279,279,0.068337,0.068337,0.0000e+00
dev-long-03,629,5313,0.000000e+00,10771,10771,3.015217,3.015217,0.0000e+00
dev-long-03,630,314,0.000000e+00,314,314,0.000040,0.000040,0.0000e+00
dev-long-03,631,38470,0.000000e+00,38470,38470,0.653047,0.653047,0.0000e+00
dev-long-03,632,421,0.000000e+00,421,421,0.121942,0.121942,0.0000e+00
dev-long-03,633,551,0.000000e+00,551,551,0.004968,0.004968,0.0000e+00
dev-long-03,634,3272,0.000000e+00,3272,3272,0.173725,0.173725,0.0000e+00
dev-long-03,635,314,0.000000e+00,314,314,0.301456,0.301456,0.0000e+00
dev-long-03,636,198,0.000000e+00,198,198,0.000020,0.000020,0.0000e+00
dev-long-03,637,39850,0.000000e+00,39850,39850,0.010119,0.010119,0.0000e+00
dev-long-03,638,694,0.000000e+00,694,694,0.068675,0.068675,0.0000e+00
dev-long-03,639,10650,0.000000e+00,780,780,0.967387,0.967387,0.0000e+00
dev-long-03,640,11,0.000000e+00,11,11,0.124905,0.124905,0.0000e+00
dev-long-03,641,694,0.000000e+00,321,321,8.133571,8.133571,0.0000e+00
dev-long-03,642,2394,0.000000e+00,279,279,3.710455,3.710455,0.0000e+00
dev-long-03,643,1179,0.000000e+00,1179,1179,0.497435,0.497435,0.0000e+00
dev-long-03,644,551,0.000000e+00,551,551,0.023553,0.023553,0.0000e+00
dev-long-03,645,1902,0.000000e+00,1902,1902,0.042441,0.042441,0.0000e+00
dev-long-03,646,599,0.000000e+00,599,599,0.163339,0.163339,0.0000e+00
dev-long-03,647,95426,0.000000e+00,95426,95426,1.118971,1.118971,0.0000e+00
dev-long-03,648,21542,0.000000e+00,1996,1996,2.317919,2.317919,0.0000e+00
dev-long-03,649,6359,0.000000e+00,6359,6359,0.000001,0.000001,0.0000e+00
dev-long-03,650,279,0.000000e+00,279,279,0.002218,0.002218,0.0000e+00
dev-long-03,651,198,0.000000e+00,198,198,0.000113,0.000113,0.0000e+00
dev-long-03,652,6455,0.000000e+00,798,798,3.321061,3.321061,0.0000e+00
dev-long-03,653,16709,0.000000e+00,16709,16709,0.679778,0.679778,0.0000e+00
dev-long-03,654,864,0.000000e+00,864,864,0.039608,0.039608,0.0000e+00
dev-long-03,655,8613,0.000000e+00,11354,11354,3.923854,3.923854,0.0000e+00
dev-long-03,656,1384,0.000000e+00,1384,1384,0.001024,0.001024,0.0000e+00
dev-long-03,657,310,0.000000e+00,310,310,0.000750,0.000750,0.0000e+00
dev-long-03,658,5758,0.000000e+00,5106,5106,0.796416,0.796416,0.0000e+00
dev-long-03,659,780,0.000000e+00,780,780,0.204987,0.204987,0.0000e+00
dev-long-03,660,11619,0.000000e+00,21209,21209,5.788515,5.788515,0.0000e+00
dev-long-03,661,13,0.000000e+00,13,13,0.150139,0.150139,0.0000e+00
dev-long-03,662,4844,0.000000e+00,7183,7183,1.879654,1.879654,0.0000e+00
dev-long-03,663,11,0.000000e+00,11,11,0.146683,0.146683,0.0000e+00
dev-long-03,664,1495,0.000000e+00,1495,1495,0.357520,0.357520,0.0000e+00
dev-long-03,665,11,0.000000e+00,11,11,0.000315,0.000315,0.0000e+00
dev-long-03,666,279,0.000000e+00,279,279,0.378382,0.378382,0.0000e+00
dev-long-03,667,198,0.000000e+00,13893,13893,5.588144,5.588144,0.0000e+00
dev-long-03,668,390,0.000000e+00,41868,41868,7.913410,7.913410,0.0000e+00
dev-long-03,669,16250,0.000000e+00,16250,16250,0.550618,0.550618,0.0000e+00
dev-long-03,670,314,0.000000e+00,314,314,0.000060,0.000060,0.0000e+00
dev-long-03,671,780,0.000000e+00,780,780,0.000477,0.000477,0.0000e+00
dev-long-03,672,803,0.000000e+00,803,803,0.441254,0.441254,0.0000e+00
dev-long-03,673,668,0.000000e+00,668,668,0.179912,0.179912,0.0000e+00
dev-long-03,674,5073,0.000000e+00,524,524,2.673067,2.673067,0.0000e+00
dev-long-03,675,1384,0.000000e+00,1384,1384,0.002773,0.002773,0.0000e+00
dev-long-03,676,310,0.000000e+00,310,310,0.011163,0.011163,0.0000e+00
dev-long-03,677,1436,0.000000e+00,2445,2445,4.026549,4.026549,0.0000e+00
dev-long-03,678,424,0.000000e+00,424,424,0.005378,0.005378,0.0000e+00
dev-long-03,679,11,0.000000e+00,506,506,1.418216,1.418216,0.0000e+00
dev-long-03,680,364,0.000000e+00,364,364,0.305902,0.305902,0.0000e+00
dev-long-03,681,4858,0.000000e+00,11,11,4.988832,4.988832,0.0000e+00
dev-long-03,682,852,0.000000e+00,668,668,1.283689,1.283689,0.0000e+00
dev-long-03,683,198,0.000000e+00,198,198,0.001229,0.001229,0.0000e+00
dev-long-03,684,30979,0.000000e+00,30979,30979,0.060135,0.060135,0.0000e+00
dev-long-03,685,82,0.000000e+00,82,82,0.000215,0.000215,0.0000e+00
dev-long-03,686,1384,0.000000e+00,1384,1384,0.058551,0.058551,0.0000e+00
dev-long-03,687,668,0.000000e+00,668,668,0.020517,0.020517,0.0000e+00
dev-long-03,688,2050,0.000000e+00,10179,10179,2.834684,2.834684,0.0000e+00
dev-long-03,689,780,0.000000e+00,1384,1384,0.971249,0.971249,0.0000e+00
dev-long-03,690,6326,0.000000e+00,6326,6326,0.018722,0.018722,0.0000e+00
dev-long-03,691,310,0.000000e+00,310,310,0.000079,0.000079,0.0000e+00
dev-long-03,692,424,0.000000e+00,424,424,0.105243,0.105243,0.0000e+00
dev-long-03,693,13,0.000000e+00,1920,1920,0.755376,0.755376,0.0000e+00
dev-long-03,694,5514,0.000000e+00,5514,5514,0.257205,0.257205,0.0000e+00
dev-long-03,695,488,0.000000e+00,369,369,2.655187,2.655187,0.0000e+00
dev-long-03,696,513,0.000000e+00,513,513,0.004192,0.004192,0.0000e+00
dev-long-03,697,11,0.000000e+00,11,11,0.265292,0.265292,0.0000e+00
dev-long-03,698,38470,0.000000e+00,38470,38470,0.029193,0.029193,0.0000e+00
dev-long-03,699,11,0.000000e+00,11,11,0.120690,0.120690,0.0000e+00
dev-long-03,700,1542,0.000000e+00,1542,1542,0.317477,0.317477,0.0000e+00
dev-long-03,701,198,0.000000e+00,198,198,0.004112,0.004112,0.0000e+00
dev-long-03,702,2829,0.000000e+00,2829,2829,0.001460,0.001460,0.0000e+00
dev-long-03,703,310,0.000000e+00,310,310,0.012198,0.012198,0.0000e+00
dev-long-03,704,279,0.000000e+00,279,279,0.006849,0.006849,0.0000e+00
dev-long-03,705,12507,0.000000e+00,17933,17933,1.928229,1.928229,0.0000e+00
dev-long-03,706,8815,0.000000e+00,8815,8815,0.010050,0.010050,0.0000e+00
dev-long-03,707,321,0.000000e+00,321,321,0.162196,0.162196,0.0000e+00
dev-long-03,708,599,0.000000e+00,599,599,0.297919,0.297919,0.0000e+00
dev-long-03,709,411,0.000000e+00,411,411,0.056631,0.056631,0.0000e+00
dev-long-03,710,2113,0.000000e+00,2113,2113,0.218997,0.218997,0.0000e+00
dev-long-03,711,303,0.000000e+00,303,303,0.006407,0.006407,0.0000e+00
dev-long-03,712,279,0.000000e+00,279,279,0.031391,0.031391,0.0000e+00
dev-long-03,713,11129,0.000000e+00,11129,11129,0.045901,0.045901,0.0000e+00
dev-long-03,714,198,0.000000e+00,198,198,0.022437,0.022437,0.0000e+00
dev-long-03,715,45717,0.000000e+00,45717,45717,0.094526,0.094526,0.0000e+00
dev-long-03,716,1920,0.000000e+00,1920,1920,0.134697,0.134697,0.0000e+00
dev-long-03,717,271,0.000000e+00,271,271,0.065204,0.065204,0.0000e+00
dev-long-03,718,43627,0.000000e+00,623,623,1.523540,1.523540,0.0000e+00
dev-long-03,719,864,0.000000e+00,4139,4139,3.850226,3.850226,0.0000e+00
dev-long-03,720,11,0.000000e+00,11,11,0.522151,0.522151,0.0000e+00
dev-long-03,721,26180,0.000000e+00,26180,26180,0.384157,0.384157,0.0000e+00
dev-long-03,722,12035,0.000000e+00,12035,12035,0.029059,0.029059,0.0000e+00
dev-long-03,723,271,0.000000e+00,271,271,0.003589,0.003589,0.0000e+00
dev-long-03,724,83891,0.000000e+00,2005,2005,4.605084,4.605084,0.0000e+00
dev-long-03,725,11,0.000000e+00,11,11,0.000637,0.000637,0.0000e+00
dev-long-03,726,303,0.000000e+00,303,303,0.029668,0.029668,0.0000e+00
dev-long-03,727,279,0.000000e+00,279,279,0.597123,0.597123,0.0000e+00
dev-long-03,728,696,0.000000e+00,696,696,0.008755,0.008755,0.0000e+00
dev-long-03,729,38,0.000000e+00,38,38,0.414851,0.414851,0.0000e+00
dev-long-03,730,60872,0.000000e+00,60872,60872,0.388800,0.388800,0.0000e+00
dev-long-03,731,6663,0.000000e+00,6663,6663,0.121743,0.121743,0.0000e+00
dev-long-03,732,696,0.000000e+00,279,279,1.365629,1.365629,0.0000e+00
dev-long-03,733,12335,0.000000e+00,608,608,2.446921,2.446921,0.0000e+00
dev-long-03,734,6663,0.000000e+00,6663,6663,0.007208,0.007208,0.0000e+00
dev-long-03,735,696,0.000000e+00,696,696,0.547481,0.547481,0.0000e+00
dev-long-03,736,47,0.000000e+00,47,47,1.994145,1.994145,0.0000e+00
dev-long-03,737,528,0.000000e+00,528,528,0.022474,0.022474,0.0000e+00
dev-long-03,738,30366,0.000000e+00,30366,30366,0.002037,0.002037,0.0000e+00
dev-long-03,739,6663,0.000000e+00,6663,6663,0.186291,0.186291,0.0000e+00
dev-long-03,740,696,0.000000e+00,696,696,0.767825,0.767825,0.0000e+00
dev-long-03,741,608,0.000000e+00,608,608,0.844753,0.844753,0.0000e+00
dev-long-03,742,13,0.000000e+00,13,13,0.014869,0.014869,0.0000e+00
dev-long-03,743,7555,0.000000e+00,7555,7555,0.001175,0.001175,0.0000e+00
dev-long-03,744,725,0.000000e+00,725,725,0.331335,0.331335,0.0000e+00
dev-long-03,745,72043,0.000000e+00,6663,6663,0.759148,0.759148,0.0000e+00
dev-long-03,746,6663,0.000000e+00,6663,6663,0.039540,0.039540,0.0000e+00
dev-long-03,747,198,0.000000e+00,321,321,2.052845,2.052845,0.0000e+00
dev-long-03,748,2021,0.000000e+00,1102,1102,1.917326,1.917326,0.0000e+00
dev-long-03,749,1002,0.000000e+00,1002,1002,0.185627,0.185627,0.0000e+00
dev-long-03,750,286,0.000000e+00,286,286,0.000378,0.000378,0.0000e+00
dev-long-03,751,5230,0.000000e+00,5230,5230,0.002867,0.002867,0.0000e+00
dev-long-03,752,6663,0.000000e+00,6663,6663,0.034269,0.034269,0.0000e+00
dev-long-03,753,696,0.000000e+00,321,321,0.767705,0.767705,0.0000e+00
dev-long-03,754,19178,0.000000e+00,19178,19178,0.280078,0.280078,0.0000e+00
dev-long-03,755,6663,0.000000e+00,6663,6663,0.386072,0.386072,0.0000e+00
dev-long-03,756,696,0.000000e+00,321,321,0.829129,0.829129,0.0000e+00
dev-long-03,757,72442,0.000000e+00,72442,72442,0.869513,0.869513,0.0000e+00
dev-long-03,758,6663,0.000000e+00,6663,6663,0.057464,0.057464,0.0000e+00
dev-long-03,759,321,0.000000e+00,696,696,1.366558,1.366558,0.0000e+00
dev-long-03,760,866,0.000000e+00,696,696,2.414481,2.414481,0.0000e+00
dev-long-03,761,3672,0.000000e+00,3672,3672,0.404098,0.404098,0.0000e+00
dev-long-03,762,421,0.000000e+00,421,421,0.210134,0.210134,0.0000e+00
dev-long-03,763,11822,0.000000e+00,668,668,1.012591,1.012591,0.0000e+00
dev-long-03,764,310,0.000000e+00,310,310,0.000940,0.000940,0.0000e+00
dev-long-03,765,488,0.000000e+00,488,488,0.004008,0.004008,0.0000e+00
dev-long-03,766,1920,0.000000e+00,1920,1920,0.231940,0.231940,0.0000e+00
dev-long-03,767,271,0.000000e+00,271,271,0.001698,0.001698,0.0000e+00
dev-long-03,768,2005,0.000000e+00,2005,2005,0.810696,0.810696,0.0000e+00
dev-long-03,769,24936,0.000000e+00,24936,24936,0.560089,0.560089,0.0000e+00
dev-long-03,770,1575,0.000000e+00,1575,1575,0.012889,0.012889,0.0000e+00
dev-long-03,771,11,0.000000e+00,13,13,1.107188,1.107188,0.0000e+00
dev-long-03,772,26180,0.000000e+00,26180,26180,0.047733,0.047733,0.0000e+00
dev-long-03,773,13,0.000000e+00,13,13,0.121122,0.121122,0.0000e+00
dev-long-03,774,1541,0.000000e+00,1541,1541,0.354678,0.354678,0.0000e+00
dev-long-03,775,411,0.000000e+00,488,488,1.979924,1.979924,0.0000e+00
dev-long-03,776,9506,0.000000e+00,9506,9506,0.505924,0.505924,0.0000e+00
dev-long-03,777,12035,0.000000e+00,12035,12035,0.438675,0.438675,0.0000e+00
dev-long-03,778,271,0.000000e+00,271,271,0.015967,0.015967,0.0000e+00
dev-long-03,779,2005,0.000000e+00,2005,2005,0.497617,0.497617,0.0000e+00
dev-long-03,780,23982,0.000000e+00,23982,23982,1.419770,1.419770,0.0000e+00
dev-long-03,781,11,0.000000e+00,11,11,0.079178,0.079178,0.0000e+00
dev-long-03,782,9542,0.000000e+00,9542,9542,0.549613,0.549613,0.0000e+00
dev-long-03,783,11,0.000000e+00,11,11,0.160116,0.160116,0.0000e+00
dev-long-03,784,353,0.000000e+00,353,353,0.976819,0.976819,0.0000e+00
dev-long-03,785,4723,0.000000e+00,1683,1683,2.731817,2.731817,0.0000e+00
dev-long-03,786,2426,0.000000e+00,2426,2426,0.662605,0.662605,0.0000e+00
dev-long-03,787,279,0.000000e+00,678,678,3.636010,3.636010,0.0000e+00
dev-long-03,788,9506,0.000000e+00,9506,9506,0.023707,0.023707,0.0000e+00
dev-long-03,789,13,0.000000e+00,13,13,0.710216,0.710216,0.0000e+00
dev-long-03,790,9442,0.000000e+00,1049,1049,3.484835,3.484835,0.0000e+00
dev-long-03,791,488,0.000000e+00,488,488,0.000238,0.000238,0.0000e+00
dev-long-03,792,13,0.000000e+00,13,13,0.646096,0.646096,0.0000e+00
dev-long-03,793,1541,0.000000e+00,1541,1541,0.530766,0.530766,0.0000e+00
dev-long-03,794,11,0.000000e+00,1345,1345,1.894385,1.894385,0.0000e+00
dev-long-03,795,353,0.000000e+00,38470,38470,5.076777,5.076777,0.0000e+00
dev-long-03,796,1910,0.000000e+00,1910,1910,0.047787,0.047787,0.0000e+00
dev-long-03,797,11,0.000000e+00,11,11,0.000970,0.000970,0.0000e+00
dev-long-03,798,38470,0.000000e+00,38470,38470,0.102383,0.102383,0.0000e+00
dev-long-03,799,11,0.000000e+00,11,11,0.098449,0.098449,0.0000e+00
dev-long-03,800,1066,0.000000e+00,488,488,7.060910,7.060910,0.0000e+00
dev-long-03,801,198,0.000000e+00,198,198,0.048565,0.048565,0.0000e+00
dev-long-03,802,19180,0.000000e+00,19180,19180,0.357676,0.357676,0.0000e+00
dev-long-03,803,264,0.000000e+00,264,264,0.236424,0.236424,0.0000e+00
dev-long-03,804,60042,0.000000e+00,5392,5392,5.054529,5.054529,0.0000e+00
dev-long-03,805,383,0.000000e+00,440,440,2.305373,2.305373,0.0000e+00
dev-long-03,806,678,0.000000e+00,678,678,0.031102,0.031102,0.0000e+00
dev-long-03,807,1560,0.000000e+00,1560,1560,0.000724,0.000724,0.0000e+00
dev-long-03,808,1142,0.000000e+00,1142,1142,0.065492,0.065492,0.0000e+00
dev-long-03,809,321,0.000000e+00,321,321,0.092082,0.092082,0.0000e+00
dev-long-03,810,5106,0.000000e+00,5106,5106,0.404100,0.404100,0.0000e+00
dev-long-03,811,424,0.000000e+00,424,424,0.075753,0.075753,0.0000e+00
dev-long-03,812,1532,0.000000e+00,440,440,1.139489,1.139489,0.0000e+00
dev-long-03,813,440,0.000000e+00,440,440,0.051612,0.051612,0.0000e+00
dev-long-03,814,728,0.000000e+00,728,728,0.987119,0.987119,0.0000e+00
dev-long-03,815,11,0.000000e+00,13,13,1.866729,1.866729,0.0000e+00
dev-long-03,816,364,0.000000e+00,364,364,0.418455,0.418455,0.0000e+00
dev-long-03,817,567,0.000000e+00,3384,3384,2.262388,2.262388,0.0000e+00
dev-long-03,818,1902,0.000000e+00,1902,1902,0.574161,0.574161,0.0000e+00
dev-long-03,819,198,0.000000e+00,198,198,0.218616,0.218616,0.0000e+00
dev-long-03,820,18443,0.000000e+00,18443,18443,1.427308,1.427308,0.0000e+00
dev-long-03,821,799,0.000000e+00,264,264,2.002407,2.002407,0.0000e+00
dev-long-03,822,310,0.000000e+00,310,310,0.097340,0.097340,0.0000e+00
dev-long-03,823,2873,0.000000e+00,2873,2873,0.129736,0.129736,0.0000e+00
dev-long-03,824,310,0.000000e+00,1004,1004,1.170566,1.170566,0.0000e+00
dev-long-03,825,411,0.000000e+00,1004,1004,3.073477,3.073477,0.0000e+00
dev-long-03,826,43623,0.000000e+00,43623,43623,0.315903,0.315903,0.0000e+00
dev-long-03,827,303,0.000000e+00,948,948,2.035069,2.035069,0.0000e+00
dev-long-03,828,1925,0.000000e+00,1925,1925,0.580075,0.580075,0.0000e+00
dev-long-03,829,314,0.000000e+00,314,314,0.000923,0.000923,0.0000e+00
dev-long-03,830,279,0.000000e+00,279,279,0.411879,0.411879,0.0000e+00
dev-long-03,831,799,0.000000e+00,799,799,0.017052,0.017052,0.0000e+00
dev-long-03,832,864,0.000000e+00,864,864,0.870723,0.870723,0.0000e+00
dev-long-03,833,678,0.000000e+00,678,678,0.266955,0.266955,0.0000e+00
dev-long-03,834,198,0.000000e+00,198,198,0.129975,0.129975,0.0000e+00
dev-long-03,835,18411,0.000000e+00,46151,46151,1.860101,1.860101,0.0000e+00
dev-long-03,836,369,0.000000e+00,369,369,0.289112,0.289112,0.0000e+00
dev-long-03,837,1381,0.000000e+00,310,310,2.227528,2.227528,0.0000e+00
dev-long-03,838,84182,0.000000e+00,20756,20756,2.948064,2.948064,0.0000e+00
dev-long-03,839,286,0.000000e+00,286,286,0.000008,0.000008,0.0000e+00
dev-long-03,840,1920,0.000000e+00,1920,1920,0.153572,0.153572,0.0000e+00
dev-long-03,841,271,0.000000e+00,271,271,0.005929,0.005929,0.0000e+00
dev-long-03,842,4350,0.000000e+00,2005,2005,1.465445,1.465445,0.0000e+00
dev-long-03,843,279,0.000000e+00,279,279,0.017175,0.017175,0.0000e+00
dev-long-03,844,11779,0.000000e+00,11779,11779,0.011482,0.011482,0.0000e+00
dev-long-03,845,11657,0.000000e+00,11657,11657,0.002229,0.002229,0.0000e+00
dev-long-03,846,995,0.000000e+00,995,995,0.002318,0.002318,0.0000e+00
dev-long-03,847,7795,0.000000e+00,7795,7795,0.227723,0.227723,0.0000e+00
dev-long-03,848,11,0.000000e+00,11,11,0.001609,0.001609,0.0000e+00
dev-long-03,849,38001,0.000000e+00,38001,38001,0.727293,0.727293,0.0000e+00
dev-long-03,850,3738,0.000000e+00,21504,21504,4.619633,4.619633,0.0000e+00
dev-long-03,851,685,0.000000e+00,685,685,0.080444,0.080444,0.0000e+00
dev-long-03,852,279,0.000000e+00,279,279,0.256487,0.256487,0.0000e+00
dev-long-03,853,9506,0.000000e+00,9506,9506,0.547391,0.547391,0.0000e+00
dev-long-03,854,321,0.000000e+00,321,321,0.025309,0.025309,0.0000e+00
dev-long-03,855,5467,0.000000e+00,5467,5467,0.372152,0.372152,0.0000e+00
dev-long-03,856,424,0.000000e+00,424,424,0.015561,0.015561,0.0000e+00
dev-long-03,857,198,0.000000e+00,198,198,0.000064,0.000064,0.0000e+00
dev-long-03,858,66425,0.000000e+00,446,446,3.097423,3.097423,0.0000e+00
dev-long-03,859,279,0.000000e+00,279,279,0.009661,0.009661,0.0000e+00
dev-long-03,860,3000,0.000000e+00,3000,3000,0.014704,0.014704,0.0000e+00
dev-long-03,861,13,0.000000e+00,13,13,0.084024,0.084024,0.0000e+00
dev-long-03,862,1001,0.000000e+00,1001,1001,0.013491,0.013491,0.0000e+00
dev-long-03,863,2064,0.000000e+00,2064,2064,0.629418,0.629418,0.0000e+00
dev-long-03,864,725,0.000000e+00,369,369,1.108494,1.108494,0.0000e+00
dev-long-03,865,264,0.000000e+00,804,804,1.150536,1.150536,0.0000e+00
dev-long-03,866,7567,0.000000e+00,6037,6037,3.395738,3.395738,0.0000e+00
dev-long-03,867,3706,0.000000e+00,3706,3706,0.484435,0.484435,0.0000e+00
dev-long-03,868,3065,0.000000e+00,3065,3065,0.040737,0.040737,0.0000e+00
dev-long-03,869,2340,0.000000e+00,2340,2340,0.071498,0.071498,0.0000e+00
dev-long-03,870,1018,0.000000e+00,1018,1018,0.011440,0.011440,0.0000e+00
dev-long-03,871,551,0.000000e+00,551,551,0.000026,0.000026,0.0000e+00
dev-long-03,872,13,0.000000e+00,13,13,0.087082,0.087082,0.0000e+00
dev-long-03,873,1001,0.000000e+00,1001,1001,0.019168,0.019168,0.0000e+00
dev-long-03,874,9658,0.000000e+00,40,40,4.522306,4.522306,0.0000e+00
dev-long-03,875,1436,0.000000e+00,1353,1353,1.127498,1.127498,0.0000e+00
dev-long-03,876,1204,0.000000e+00,1204,1204,0.010380,0.010380,0.0000e+00
dev-long-03,877,424,0.000000e+00,424,424,0.008812,0.008812,0.0000e+00
dev-long-03,878,198,0.000000e+00,198,198,0.003966,0.003966,0.0000e+00
dev-long-03,879,5882,0.000000e+00,51976,51976,2.517514,2.517514,0.0000e+00
dev-long-03,880,20397,0.000000e+00,27155,27155,2.877771,2.877771,0.0000e+00
dev-long-03,881,321,0.000000e+00,321,321,0.148457,0.148457,0.0000e+00
dev-long-03,882,14744,0.000000e+00,14744,14744,0.198511,0.198511,0.0000e+00
dev-long-03,883,624,0.000000e+00,624,624,0.000019,0.000019,0.0000e+00
dev-long-03,884,13,0.000000e+00,13,13,0.223279,0.223279,0.0000e+00
dev-long-03,885,4781,0.000000e+00,4781,4781,0.090875,0.090875,0.0000e+00
dev-long-03,886,3199,0.000000e+00,660,660,5.476515,5.476515,0.0000e+00
dev-long-03,887,424,0.000000e+00,424,424,0.825125,0.825125,0.0000e+00
dev-long-03,888,369,0.000000e+00,369,369,0.039663,0.039663,0.0000e+00
dev-long-03,889,264,0.000000e+00,264,264,0.394552,0.394552,0.0000e+00
dev-long-03,890,59433,0.000000e+00,25556,25556,4.310744,4.310744,0.0000e+00
dev-long-03,891,321,0.000000e+00,321,321,0.029646,0.029646,0.0000e+00
dev-long-03,892,5077,0.000000e+00,5077,5077,0.110760,0.110760,0.0000e+00
dev-long-03,893,314,0.000000e+00,314,314,0.022057,0.022057,0.0000e+00
dev-long-03,894,9486,0.000000e+00,9486,9486,0.869670,0.869670,0.0000e+00
dev-long-03,895,13,0.000000e+00,13,13,0.020013,0.020013,0.0000e+00
dev-long-03,896,198,0.000000e+00,198,198,0.421059,0.421059,0.0000e+00
dev-long-03,897,11179,0.000000e+00,2523,2523,1.513346,1.513346,0.0000e+00
dev-long-03,898,1603,0.000000e+00,8220,8220,3.475116,3.475116,0.0000e+00
dev-long-03,899,9506,0.000000e+00,3065,3065,4.857100,4.857100,0.0000e+00
dev-long-03,900,369,0.000000e+00,369,369,0.001661,0.001661,0.0000e+00
dev-long-03,901,13,0.000000e+00,13,13,0.034879,0.034879,0.0000e+00
dev-long-03,902,2302,0.000000e+00,6983,6983,1.471300,1.471300,0.0000e+00
dev-long-03,903,513,0.000000e+00,513,513,0.129659,0.129659,0.0000e+00
dev-long-03,904,279,0.000000e+00,279,279,0.677709,0.677709,0.0000e+00
dev-long-03,905,36390,0.000000e+00,22417,22417,2.367003,2.367003,0.0000e+00
dev-long-03,906,725,0.000000e+00,725,725,0.054408,0.054408,0.0000e+00
dev-long-03,907,6541,0.000000e+00,1765,1765,2.808205,2.808205,0.0000e+00
dev-long-03,908,12422,0.000000e+00,12422,12422,0.016796,0.016796,0.0000e+00
dev-long-03,909,1159,0.000000e+00,1159,1159,0.009914,0.009914,0.0000e+00
dev-long-03,910,13,0.000000e+00,13,13,0.011705,0.011705,0.0000e+00
dev-long-03,911,733,0.000000e+00,2532,2532,1.089120,1.089120,0.0000e+00
dev-long-03,912,279,0.000000e+00,279,279,0.745560,0.745560,0.0000e+00
dev-long-03,913,7875,0.000000e+00,1118,1118,2.241193,2.241193,0.0000e+00
dev-long-03,914,321,0.000000e+00,1560,1560,3.351104,3.351104,0.0000e+00
dev-long-03,915,198,0.000000e+00,198,198,0.000167,0.000167,0.0000e+00
dev-long-03,916,1950,0.000000e+00,6183,6183,4.953252,4.953252,0.0000e+00
dev-long-03,917,82097,0.000000e+00,16170,16170,2.750651,2.750651,0.0000e+00
dev-long-03,918,1396,0.000000e+00,279,279,4.069536,4.069536,0.0000e+00
dev-long-03,919,43029,0.000000e+00,43029,43029,0.819878,0.819878,0.0000e+00
dev-long-03,920,1189,0.000000e+00,1189,1189,0.144362,0.144362,0.0000e+00
dev-long-03,921,2418,0.000000e+00,2418,2418,0.807220,0.807220,0.0000e+00
dev-long-03,922,364,0.000000e+00,364,364,0.003061,0.003061,0.0000e+00
dev-long-03,923,264,0.000000e+00,264,264,0.011014,0.011014,0.0000e+00
dev-long-03,924,34013,0.000000e+00,3790,3790,5.966140,5.966140,0.0000e+00
dev-long-03,925,53451,0.000000e+00,53451,53451,0.062196,0.062196,0.0000e+00
dev-long-03,926,13,0.000000e+00,13,13,0.053855,0.053855,0.0000e+00
dev-long-03,927,1061,0.000000e+00,1061,1061,0.085786,0.085786,0.0000e+00
dev-long-03,928,9506,0.000000e+00,2545,2545,3.080401,3.080401,0.0000e+00
dev-long-03,929,369,0.000000e+00,369,369,0.346901,0.346901,0.0000e+00
dev-long-03,930,524,0.000000e+00,198,198,2.076328,2.076328,0.0000e+00
dev-long-03,931,198,0.000000e+00,198,198,0.005821,0.005821,0.0000e+00
dev-long-03,932,44846,0.000000e+00,44846,44846,1.087559,1.087559,0.0000e+00
dev-long-03,933,16570,0.000000e+00,264,264,1.190276,1.190276,0.0000e+00
dev-long-03,934,1578,0.000000e+00,1578,1578,0.014980,0.014980,0.0000e+00
dev-long-03,935,2235,0.000000e+00,2235,2235,0.000060,0.000060,0.0000e+00
dev-long-03,936,13,0.000000e+00,13,13,0.089626,0.089626,0.0000e+00
dev-long-03,937,1049,0.000000e+00,1049,1049,0.072038,0.072038,0.0000e+00
dev-long-03,938,557,0.000000e+00,557,557,0.063208,0.063208,0.0000e+00
dev-long-03,939,1669,0.000000e+00,1669,1669,0.009416,0.009416,0.0000e+00
dev-long-03,940,303,0.000000e+00,303,303,0.033952,0.033952,0.0000e+00
dev-long-03,941,279,0.000000e+00,279,279,0.127685,0.127685,0.0000e+00
dev-long-03,942,13558,0.000000e+00,13558,13558,0.183355,0.183355,0.0000e+00
dev-long-03,943,314,0.000000e+00,314,314,0.000007,0.000007,0.0000e+00
dev-long-03,944,279,0.000000e+00,279,279,0.000129,0.000129,0.0000e+00
dev-long-03,945,3194,0.000000e+00,3194,3194,0.032484,0.032484,0.0000e+00
dev-long-03,946,2181,0.000000e+00,2181,2181,0.314547,0.314547,0.0000e+00
dev-long-03,947,10629,0.000000e+00,10629,10629,0.091014,0.091014,0.0000e+00
dev-long-03,948,303,0.000000e+00,303,303,0.057641,0.057641,0.0000e+00
dev-long-03,949,198,0.000000e+00,198,198,0.004527,0.004527,0.0000e+00
dev-long-03,950,189402,0.000000e+00,21591,21591,5.480328,5.480328,0.0000e+00
dev-long-03,951,6123,0.000000e+00,6123,6123,0.000343,0.000343,0.0000e+00
dev-long-03,952,5440,0.000000e+00,5440,5440,0.003500,0.003500,0.0000e+00
dev-long-03,953,321,0.000000e+00,11,11,3.911537,3.911537,0.0000e+00
dev-long-03,954,369,0.000000e+00,369,369,0.758206,0.758206,0.0000e+00
dev-long-03,955,22094,0.000000e+00,279,279,9.809464,9.809464,0.0000e+00
dev-long-03,956,303,0.000000e+00,303,303,0.715641,0.715641,0.0000e+00
dev-long-03,957,3322,0.000000e+00,3322,3322,0.293120,0.293120,0.0000e+00
dev-long-03,958,1396,0.000000e+00,874,874,2.013748,2.013748,0.0000e+00
dev-long-03,959,27649,0.000000e+00,3102,3102,2.339905,2.339905,0.0000e+00
dev-long-03,960,314,0.000000e+00,314,314,0.001364,0.001364,0.0000e+00
dev-long-03,961,279,0.000000e+00,279,279,0.072362,0.072362,0.0000e+00
dev-long-03,962,198,0.000000e+00,198,198,0.000002,0.000002,0.0000e+00
dev-long-03,963,240010,0.000000e+00,240010,240010,0.375062,0.375062,0.0000e+00
dev-long-03,964,1299,0.000000e+00,1299,1299,0.000130,0.000130,0.0000e+00
dev-long-03,965,273,0.000000e+00,273,273,0.004902,0.004902,0.0000e+00
dev-long-03,966,11,0.000000e+00,11,11,0.111154,0.111154,0.0000e+00
dev-long-03,967,3462,0.000000e+00,7643,7643,10.337184,10.337184,0.0000e+00
dev-long-03,968,421,0.000000e+00,421,421,0.088473,0.088473,0.0000e+00
dev-long-03,969,424,0.000000e+00,424,424,0.241975,0.241975,0.0000e+00
dev-long-03,970,369,0.000000e+00,369,369,0.000442,0.000442,0.0000e+00
dev-long-03,971,6105,0.000000e+00,6105,6105,0.248819,0.248819,0.0000e+00
dev-long-03,972,303,0.000000e+00,4370,4370,1.500378,1.500378,0.0000e+00
dev-long-03,973,26609,0.000000e+00,15754,15754,1.540442,1.540442,0.0000e+00
dev-long-03,974,4370,0.000000e+00,4370,4370,0.303267,0.303267,0.0000e+00
dev-long-03,975,314,0.000000e+00,314,314,0.000012,0.000012,0.0000e+00
dev-long-03,976,43699,0.000000e+00,1602,1602,5.866506,5.866506,0.0000e+00
dev-long-03,977,2438,0.000000e+00,2438,2438,0.021936,0.021936,0.0000e+00
dev-long-03,978,13,0.000000e+00,13,13,0.000286,0.000286,0.0000e+00
dev-long-03,979,733,0.000000e+00,733,733,0.325145,0.325145,0.0000e+00
dev-long-03,980,32565,0.000000e+00,32565,32565,0.181647,0.181647,0.0000e+00
dev-long-03,981,198,0.000000e+00,198,198,0.002067,0.002067,0.0000e+00
dev-long-03,982,1020,0.000000e+00,1020,1020,0.000026,0.000026,0.0000e+00
dev-long-03,983,1141,0.000000e+00,411,411,0.927828,0.927828,0.0000e+00
dev-long-03,984,12177,0.000000e+00,12177,12177,0.081063,0.081063,0.0000e+00
dev-long-03,985,11,0.000000e+00,424,424,0.949168,0.949168,0.0000e+00
dev-long-03,986,424,0.000000e+00,424,424,0.022509,0.022509,0.0000e+00
dev-long-03,987,682,0.000000e+00,682,682,0.048704,0.048704,0.0000e+00
dev-long-03,988,2582,0.000000e+00,2582,2582,0.006508,0.006508,0.0000e+00
dev-long-03,989,264,0.000000e+00,264,264,0.896287,0.896287,0.0000e+00
dev-long-03,990,60458,0.000000e+00,34013,34013,1.936816,1.936816,0.0000e+00
dev-long-03,991,3712,0.000000e+00,3712,3712,0.011264,0.011264,0.0000e+00
dev-long-03,992,13,0.000000e+00,13,13,0.001105,0.001105,0.0000e+00
dev-long-03,993,2532,0.000000e+00,2532,2532,0.020409,0.020409,0.0000e+00
dev-long-03,994,599,0.000000e+00,599,599,0.215919,0.215919,0.0000e+00
dev-long-03,995,978,0.000000e+00,978,978,0.440305,0.440305,0.0000e+00
dev-long-03,996,1330,0.000000e+00,1330,1330,0.482047,0.482047,0.0000e+00
dev-long-03,997,198,0.000000e+00,198,198,0.000097,0.000097,0.0000e+00
dev-long-03,998,62907,0.000000e+00,62907,62907,0.140673,0.140673,0.0000e+00
dev-long-03,999,11968,0.000000e+00,11968,11968,0.071358,0.071358,0.0000e+00
dev-long-03,1000,11,0.000000e+00,303,303,4.635803,4.635803,0.0000e+00
dev-long-03,1001,264,0.000000e+00,264,264,0.135546,0.135546,0.0000e+00
dev-long-03,1002,12775,0.000000e+00,21517,21517,4.407567,4.407567,0.0000e+00
dev-long-03,1003,452,0.000000e+00,452,452,0.003938,0.003938,0.0000e+00
dev-long-03,1004,335,0.000000e+00,335,335,0.068600,0.068600,0.0000e+00
dev-long-03,1005,12,0.000000e+00,12,12,0.065010,0.065010,0.0000e+00
dev-long-03,1006,6897,0.000000e+00,6897,6897,0.003046,0.003046,0.0000e+00
dev-long-03,1007,286,0.000000e+00,286,286,0.000083,0.000083,0.0000e+00
dev-long-03,1008,11,0.000000e+00,11,11,0.001928,0.001928,0.0000e+00
dev-long-03,1009,264,0.000000e+00,264,264,0.010016,0.010016,0.0000e+00
dev-long-03,1010,17604,0.000000e+00,21517,21517,5.464855,5.464855,0.0000e+00
dev-long-03,1011,11,0.000000e+00,11,11,0.007563,0.007563,0.0000e+00
dev-long-03,1012,321,0.000000e+00,321,321,0.098610,0.098610,0.0000e+00
dev-long-03,1013,3679,0.000000e+00,3679,3679,1.040586,1.040586,0.0000e+00
dev-long-03,1014,68166,0.000000e+00,68166,68166,1.110653,1.110653,0.0000e+00
dev-long-03,1015,536,0.000000e+00,536,536,0.000001,0.000001,0.0000e+00
dev-long-03,1016,6895,0.000000e+00,198,198,3.966387,3.966387,0.0000e+00
dev-long-03,1017,198,0.000000e+00,198,198,0.000535,0.000535,0.0000e+00
dev-long-03,1018,8823,0.000000e+00,8823,8823,0.000064,0.000064,0.0000e+00
dev-long-03,1019,364,0.000000e+00,539,539,2.028434,2.028434,0.0000e+00
dev-long-03,1020,279,0.000000e+00,279,279,0.011383,0.011383,0.0000e+00
dev-long-03,1021,23708,0.000000e+00,23708,23708,0.001970,0.001970,0.0000e+00
dev-long-03,1022,314,0.000000e+00,314,314,0.000252,0.000252,0.0000e+00
dev-long-03,1023,411,0.000000e+00,411,411,0.167000,0.167000,0.0000e+00
dev-corpus-00,1024,27097,0.000000e+00,314,314,10.641698,10.641698,0.0000e+00
dev-corpus-00,1025,6565,0.000000e+00,6565,6565,1.280417,1.280417,0.0000e+00
dev-corpus-00,1026,318,0.000000e+00,283,283,2.240856,2.240856,0.0000e+00
dev-corpus-00,1027,48759,0.000000e+00,16,16,15.666568,15.666568,0.0000e+00
dev-corpus-00,1028,1116,0.000000e+00,11,11,3.953424,3.953424,0.0000e+00
dev-corpus-00,1029,18217,0.000000e+00,18217,18217,0.813395,0.813395,0.0000e+00
dev-corpus-00,1030,847,0.000000e+00,847,847,0.227066,0.227066,0.0000e+00
dev-corpus-00,1031,283,0.000000e+00,283,283,0.254697,0.254697,0.0000e+00
dev-corpus-00,1032,30858,0.000000e+00,198,198,11.127381,11.127381,0.0000e+00
dev-corpus-00,1033,18097,0.000000e+00,410,410,4.813428,4.813428,0.0000e+00
dev-corpus-00,1034,27097,0.000000e+00,27097,27097,0.041158,0.041158,0.0000e+00
dev-corpus-00,1035,6565,0.000000e+00,6565,6565,0.010288,0.010288,0.0000e+00
dev-corpus-00,1036,318,0.000000e+00,318,318,0.962649,0.962649,0.0000e+00
dev-corpus-00,1037,35067,0.000000e+00,48759,48759,4.735515,4.735515,0.0000e+00
dev-corpus-00,1038,535,0.000000e+00,25,25,1.208856,1.208856,0.0000e+00
dev-corpus-00,1039,220765,0.000000e+00,220765,220765,0.745591,0.745591,0.0000e+00
dev-corpus-00,1040,240771,0.000000e+00,240771,240771,0.187619,0.187619,0.0000e+00
dev-corpus-00,1041,847,0.000000e+00,847,847,1.462401,1.462401,0.0000e+00
dev-corpus-00,1042,369,0.000000e+00,369,369,0.500231,0.500231,0.0000e+00
dev-corpus-00,1043,264,0.000000e+00,264,264,0.321233,0.321233,0.0000e+00
dev-corpus-00,1044,91424,0.000000e+00,37967,37967,5.919234,5.919234,0.0000e+00
dev-corpus-00,1045,375,0.000000e+00,375,375,0.003276,0.003276,0.0000e+00
dev-corpus-00,1046,91589,0.000000e+00,91589,91589,0.829968,0.829968,0.0000e+00
dev-corpus-00,1047,7172,0.000000e+00,7172,7172,0.919173,0.919173,0.0000e+00
dev-corpus-00,1048,506,0.000000e+00,303,303,1.724330,1.724330,0.0000e+00
dev-corpus-00,1049,220,0.000000e+00,220,220,0.068557,0.068557,0.0000e+00
dev-corpus-00,1050,16,0.000000e+00,16,16,1.095597,1.095597,0.0000e+00
dev-corpus-00,1051,16,0.000000e+00,15,15,2.054302,2.054302,0.0000e+00
dev-corpus-00,1052,22,0.000000e+00,15,15,3.036548,3.036548,0.0000e+00
dev-corpus-00,1053,20,0.000000e+00,15,15,1.561536,1.561536,0.0000e+00
dev-corpus-00,1054,6127,0.000000e+00,457,457,4.021873,4.021873,0.0000e+00
dev-corpus-00,1055,220,0.000000e+00,220,220,0.186361,0.186361,0.0000e+00
dev-corpus-00,1056,17,0.000000e+00,16,16,2.760280,2.760280,0.0000e+00
dev-corpus-00,1057,24,0.000000e+00,15,15,3.486732,3.486732,0.0000e+00
dev-corpus-00,1058,337,0.000000e+00,337,337,0.032166,0.032166,0.0000e+00
dev-corpus-00,1059,16627,0.000000e+00,16627,16627,0.300396,0.300396,0.0000e+00
dev-corpus-00,1060,303,0.000000e+00,303,303,0.409985,0.409985,0.0000e+00
dev-corpus-00,1061,48759,0.000000e+00,48759,48759,0.195944,0.195944,0.0000e+00
dev-corpus-00,1062,1116,0.000000e+00,11,11,1.265371,1.265371,0.0000e+00
dev-corpus-00,1063,18217,0.000000e+00,18217,18217,0.024330,0.024330,0.0000e+00
dev-corpus-00,1064,641,0.000000e+00,641,641,0.342437,0.342437,0.0000e+00
dev-corpus-00,1065,75053,0.000000e+00,198,198,4.252688,4.252688,0.0000e+00
dev-corpus-00,1066,303,0.000000e+00,303,303,0.057700,0.057700,0.0000e+00
dev-corpus-00,1067,279,0.000000e+00,220,220,4.293504,4.293504,0.0000e+00
dev-corpus-00,1068,3988,0.000000e+00,220,220,1.556491,1.556491,0.0000e+00
dev-corpus-00,1069,220,0.000000e+00,220,220,0.067302,0.067302,0.0000e+00
dev-corpus-00,1070,16,0.000000e+00,16,16,0.066933,0.066933,0.0000e+00
dev-corpus-00,1071,24,0.000000e+00,24,24,0.022182,0.022182,0.0000e+00
dev-corpus-00,1072,18,0.000000e+00,22,22,2.961522,2.961522,0.0000e+00
dev-corpus-00,1073,15,0.000000e+00,15,15,0.001383,0.001383,0.0000e+00
dev-corpus-00,1074,82,0.000000e+00,82,82,0.041630,0.041630,0.0000e+00
dev-corpus-00,1075,430,0.000000e+00,1116,1116,2.344350,2.344350,0.0000e+00
dev-corpus-00,1076,264,0.000000e+00,264,264,0.723675,0.723675,0.0000e+00
dev-corpus-00,1077,28026,0.000000e+00,28026,28026,1.047796,1.047796,0.0000e+00
dev-corpus-00,1078,56557,0.000000e+00,91589,91589,1.293633,1.293633,0.0000e+00
dev-corpus-00,1079,1116,0.000000e+00,1116,1116,0.157662,0.157662,0.0000e+00
dev-corpus-00,1080,27097,0.000000e+00,424,424,5.711309,5.711309,0.0000e+00
dev-corpus-00,1081,6565,0.000000e+00,6565,6565,0.004374,0.004374,0.0000e+00
dev-corpus-00,1082,557,0.000000e+00,5924,5924,2.104655,2.104655,0.0000e+00
dev-corpus-00,1083,364,0.000000e+00,279,279,6.463816,6.463816,0.0000e+00
dev-corpus-00,1084,1599,0.000000e+00,1599,1599,0.586933,0.586933,0.0000e+00
dev-corpus-00,1085,10476,0.000000e+00,1578,1578,2.822695,2.822695,0.0000e+00
dev-corpus-00,1086,279,0.000000e+00,279,279,0.551613,0.551613,0.0000e+00
dev-corpus-00,1087,1132,0.000000e+00,1132,1132,0.399048,0.399048,0.0000e+00
dev-corpus-00,1088,91589,0.000000e+00,91589,91589,0.540838,0.540838,0.0000e+00
dev-corpus-00,1089,303,0.000000e+00,303,303,0.118478,0.118478,0.0000e+00
dev-corpus-00,1090,48759,0.000000e+00,279,279,0.986650,0.986650,0.0000e+00
dev-corpus-00,1091,641,0.000000e+00,641,641,0.472726,0.472726,0.0000e+00
dev-corpus-00,1092,695,0.000000e+00,198,198,1.983032,1.983032,0.0000e+00
dev-corpus-00,1093,561,0.000000e+00,410,410,3.510801,3.510801,0.0000e+00
dev-corpus-00,1094,56557,0.000000e+00,56557,56557,1.204474,1.204474,0.0000e+00
dev-corpus-00,1095,14661,0.000000e+00,557,557,6.288002,6.288002,0.0000e+00
dev-corpus-00,1096,79148,0.000000e+00,2197,2197,2.012807,2.012807,0.0000e+00
dev-corpus-00,1097,6248,0.000000e+00,6248,6248,0.000171,0.000171,0.0000e+00
dev-corpus-00,1098,303,0.000000e+00,303,303,0.562806,0.562806,0.0000e+00
dev-corpus-00,1099,264,0.000000e+00,264,264,0.878989,0.878989,0.0000e+00
dev-corpus-00,1100,15625,0.000000e+00,47224,47224,4.056165,4.056165,0.0000e+00
dev-corpus-00,1101,3626,0.000000e+00,18694,18694,2.903449,2.903449,0.0000e+00
dev-corpus-00,1102,383,0.000000e+00,506,506,1.758072,1.758072,0.0000e+00
dev-corpus-00,1103,4171,0.000000e+00,6127,6127,2.214037,2.214037,0.0000e+00
dev-corpus-00,1104,93154,0.000000e+00,220,220,4.746148,4.746148,0.0000e+00
dev-corpus-00,1105,6476,0.000000e+00,16627,16627,0.881533,0.881533,0.0000e+00
dev-corpus-00,1106,641,0.000000e+00,641,641,1.034678,1.034678,0.0000e+00
dev-corpus-00,1107,1049,0.000000e+00,733,733,3.402617,3.402617,0.0000e+00
dev-corpus-00,1108,19729,0.000000e+00,7481,7481,6.085249,6.085249,0.0000e+00
dev-corpus-00,1109,1141,0.000000e+00,1141,1141,0.646015,0.646015,0.0000e+00
dev-corpus-00,1110,1118,0.000000e+00,1118,1118,0.275571,0.275571,0.0000e+00
dev-corpus-00,1111,4599,0.000000e+00,91589,91589,1.880621,1.880621,0.0000e+00
dev-corpus-00,1112,383,0.000000e+00,303,303,1.436641,1.436641,0.0000e+00
dev-corpus-00,1113,22359,0.000000e+00,6127,6127,7.898001,7.898001,0.0000e+00
dev-corpus-00,1114,6476,0.000000e+00,16627,16627,1.978492,1.978492,0.0000e+00
dev-corpus-00,1115,303,0.000000e+00,303,303,0.238046,0.238046,0.0000e+00
dev-corpus-00,1116,220,0.000000e+00,220,220,0.118087,0.118087,0.0000e+00
dev-corpus-00,1117,16,0.000000e+00,16,16,0.000829,0.000829,0.0000e+00
dev-corpus-00,1118,24,0.000000e+00,24,24,0.001440,0.001440,0.0000e+00
dev-corpus-00,1119,20,0.000000e+00,18,18,1.308915,1.308915,0.0000e+00
dev-corpus-00,1120,17,0.000000e+00,17,17,2.100737,2.100737,0.0000e+00
dev-corpus-00,1121,1116,0.000000e+00,641,641,1.282831,1.282831,0.0000e+00
dev-corpus-00,1122,321,0.000000e+00,321,321,0.861634,0.861634,0.0000e+00
dev-corpus-00,1123,23598,0.000000e+00,7481,7481,6.853889,6.853889,0.0000e+00
dev-corpus-00,1124,1141,0.000000e+00,264,264,1.379696,1.379696,0.0000e+00
dev-corpus-00,1125,1428,0.000000e+00,1428,1428,0.336514,0.336514,0.0000e+00
dev-corpus-00,1126,10824,0.000000e+00,4599,4599,14.213069,14.213069,0.0000e+00
dev-corpus-00,1127,1425,0.000000e+00,1425,1425,0.000242,0.000242,0.0000e+00
dev-corpus-00,1128,554,0.000000e+00,471,471,9.838805,9.838805,0.0000e+00
dev-corpus-00,1129,12,0.000000e+00,471,471,4.155412,4.155412,0.0000e+00
dev-corpus-00,1130,31,0.000000e+00,11896,11896,15.011328,15.011328,0.0000e+00
dev-corpus-00,1131,47072,0.000000e+00,22196,22196,5.187809,5.187809,0.0000e+00
dev-corpus-00,1132,12420,0.000000e+00,4599,4599,6.114460,6.114460,0.0000e+00
dev-corpus-00,1133,303,0.000000e+00,383,383,1.114223,1.114223,0.0000e+00
dev-corpus-00,1134,220,0.000000e+00,220,220,0.123337,0.123337,0.0000e+00
dev-corpus-00,1135,17,0.000000e+00,16,16,1.171351,1.171351,0.0000e+00
dev-corpus-00,1136,15,0.000000e+00,15,15,0.000479,0.000479,0.0000e+00
dev-corpus-00,1137,15,0.000000e+00,15,15,0.113603,0.113603,0.0000e+00
dev-corpus-00,1138,23,0.000000e+00,19,19,2.439380,2.439380,0.0000e+00
dev-corpus-00,1139,641,0.000000e+00,641,641,0.162880,0.162880,0.0000e+00
dev-corpus-00,1140,695,0.000000e+00,695,695,1.223527,1.223527,0.0000e+00
dev-corpus-00,1141,733,0.000000e+00,18097,18097,2.996968,2.996968,0.0000e+00
dev-corpus-00,1142,279,0.000000e+00,220,220,2.225399,2.225399,0.0000e+00
dev-corpus-00,1143,3988,0.000000e+00,220,220,1.801962,1.801962,0.0000e+00
dev-corpus-00,1144,220,0.000000e+00,220,220,0.085491,0.085491,0.0000e+00
dev-corpus-00,1145,16,0.000000e+00,16,16,0.434829,0.434829,0.0000e+00
dev-corpus-00,1146,24,0.000000e+00,24,24,0.001263,0.001263,0.0000e+00
dev-corpus-00,1147,24,0.000000e+00,24,24,0.928838,0.928838,0.0000e+00
dev-corpus-00,1148,15,0.000000e+00,15,15,0.000741,0.000741,0.0000e+00
dev-corpus-00,1149,82,0.000000e+00,82,82,0.003986,0.003986,0.0000e+00
dev-corpus-00,1150,11712,0.000000e+00,1116,1116,14.068143,14.068143,0.0000e+00
dev-corpus-00,1151,1881,0.000000e+00,48281,48281,1.828009,1.828009,0.0000e+00
dev-corpus-00,1152,35689,0.000000e+00,279,279,7.858630,7.858630,0.0000e+00
dev-corpus-00,1153,321,0.000000e+00,321,321,0.901601,0.901601,0.0000e+00
dev-corpus-00,1154,8343,0.000000e+00,8343,8343,0.508324,0.508324,0.0000e+00
dev-corpus-00,1155,3492,0.000000e+00,375,375,2.459267,2.459267,0.0000e+00
dev-corpus-00,1156,5879,0.000000e+00,314,314,1.550966,1.550966,0.0000e+00
dev-corpus-00,1157,310,0.000000e+00,310,310,0.093489,0.093489,0.0000e+00
dev-corpus-00,1158,279,0.000000e+00,279,279,0.786406,0.786406,0.0000e+00
dev-corpus-00,1159,14827,0.000000e+00,17465,17465,7.718072,7.718072,0.0000e+00
dev-corpus-00,1160,9101,0.000000e+00,28115,28115,1.792459,1.792459,0.0000e+00
dev-corpus-00,1161,27097,0.000000e+00,310,310,3.568656,3.568656,0.0000e+00
dev-corpus-00,1162,6565,0.000000e+00,6565,6565,0.001729,0.001729,0.0000e+00
dev-corpus-00,1163,1116,0.000000e+00,310,310,3.490280,3.490280,0.0000e+00
dev-corpus-00,1164,321,0.000000e+00,321,321,1.386274,1.386274,0.0000e+00
dev-corpus-00,1165,28115,0.000000e+00,28115,28115,1.279303,1.279303,0.0000e+00
dev-corpus-00,1166,279,0.000000e+00,279,279,1.472418,1.472418,0.0000e+00
dev-corpus-00,1167,43666,0.000000e+00,43666,43666,1.587336,1.587336,0.0000e+00
dev-corpus-00,1168,7034,0.000000e+00,56557,56557,3.371435,3.371435,0.0000e+00
dev-corpus-00,1169,92482,0.000000e+00,92482,92482,0.004461,0.004461,0.0000e+00
dev-corpus-00,1170,15885,0.000000e+00,314,314,4.304532,4.304532,0.0000e+00
dev-corpus-00,1171,165644,0.000000e+00,180132,180132,2.567761,2.567761,0.0000e+00
dev-corpus-00,1172,69506,0.000000e+00,1369,1369,4.280284,4.280284,0.0000e+00
dev-corpus-00,1173,641,0.000000e+00,641,641,0.462554,0.462554,0.0000e+00
dev-corpus-00,1174,27097,0.000000e+00,695,695,4.359359,4.359359,0.0000e+00
dev-corpus-00,1175,6565,0.000000e+00,6565,6565,0.002630,0.002630,0.0000e+00
dev-corpus-00,1176,3571,0.000000e+00,682,682,7.196229,7.196229,0.0000e+00
dev-corpus-00,1177,1172,0.000000e+00,310,310,1.127734,1.127734,0.0000e+00
dev-corpus-00,1178,3250,0.000000e+00,279,279,5.082502,5.082502,0.0000e+00
dev-corpus-00,1179,494,0.000000e+00,494,494,1.061111,1.061111,0.0000e+00
dev-corpus-00,1180,33921,0.000000e+00,279,279,4.430378,4.430378,0.0000e+00
dev-corpus-00,1181,554,0.000000e+00,10923,10923,10.047780,10.047780,0.0000e+00
dev-corpus-00,1182,12,0.000000e+00,12,12,0.153926,0.153926,0.0000e+00
dev-corpus-00,1183,31,0.000000e+00,31,31,0.106968,0.106968,0.0000e+00
dev-corpus-00,1184,30393,0.000000e+00,30393,30393,1.535284,1.535284,0.0000e+00
dev-corpus-00,1185,3492,0.000000e+00,5038,5038,4.594717,4.594717,0.0000e+00
dev-corpus-00,1186,314,0.000000e+00,314,314,0.251691,0.251691,0.0000e+00
dev-corpus-00,1187,279,0.000000e+00,279,279,0.278696,0.278696,0.0000e+00
dev-corpus-00,1188,175056,0.000000e+00,31310,31310,9.505559,9.505559,0.0000e+00
dev-corpus-00,1189,6735,0.000000e+00,163514,163514,2.545581,2.545581,0.0000e+00
dev-corpus-00,1190,10598,0.000000e+00,1116,1116,11.087358,11.087358,0.0000e+00
dev-corpus-00,1191,1116,0.000000e+00,303,303,2.322758,2.322758,0.0000e+00
dev-corpus-00,1192,303,0.000000e+00,303,303,1.173490,1.173490,0.0000e+00
dev-corpus-00,1193,220,0.000000e+00,220,220,0.133557,0.133557,0.0000e+00
dev-corpus-00,1194,16,0.000000e+00,16,16,0.113641,0.113641,0.0000e+00
dev-corpus-00,1195,24,0.000000e+00,24,24,0.001875,0.001875,0.0000e+00
dev-corpus-00,1196,24,0.000000e+00,24,24,0.255921,0.255921,0.0000e+00
dev-corpus-00,1197,19,0.000000e+00,17,17,2.024171,2.024171,0.0000e+00
dev-corpus-00,1198,321,0.000000e+00,321,321,0.051063,0.051063,0.0000e+00
dev-corpus-00,1199,1495,0.000000e+00,220,220,3.124252,3.124252,0.0000e+00
dev-corpus-00,1200,303,0.000000e+00,303,303,0.044603,0.044603,0.0000e+00
dev-corpus-00,1201,220,0.000000e+00,220,220,0.045477,0.045477,0.0000e+00
dev-corpus-00,1202,17,0.000000e+00,16,16,0.807262,0.807262,0.0000e+00
dev-corpus-00,1203,15,0.000000e+00,15,15,0.002926,0.002926,0.0000e+00
dev-corpus-00,1204,15,0.000000e+00,15,15,0.105013,0.105013,0.0000e+00
dev-corpus-00,1205,17,0.000000e+00,15,15,2.070779,2.070779,0.0000e+00
dev-corpus-00,1206,641,0.000000e+00,641,641,0.171081,0.171081,0.0000e+00
dev-corpus-00,1207,733,0.000000e+00,695,695,2.303511,2.303511,0.0000e+00
dev-corpus-00,1208,2107,0.000000e+00,220,220,2.507686,2.507686,0.0000e+00
dev-corpus-00,1209,4886,0.000000e+00,4886,4886,0.566908,0.566908,0.0000e+00
dev-corpus-00,1210,279,0.000000e+00,279,279,1.106311,1.106311,0.0000e+00
dev-corpus-00,1211,63140,0.000000e+00,56557,56557,4.713804,4.713804,0.0000e+00
dev-corpus-00,1212,998,0.000000e+00,998,998,0.303122,0.303122,0.0000e+00
dev-corpus-00,1213,10255,0.000000e+00,12158,12158,4.424711,4.424711,0.0000e+00
dev-corpus-00,1214,321,0.000000e+00,321,321,0.801511,0.801511,0.0000e+00
dev-corpus-00,1215,22368,0.000000e+00,12158,12158,1.903064,1.903064,0.0000e+00
dev-corpus-00,1216,641,0.000000e+00,641,641,0.446584,0.446584,0.0000e+00
dev-corpus-00,1217,695,0.000000e+00,695,695,0.612112,0.612112,0.0000e+00
dev-corpus-00,1218,8049,0.000000e+00,18097,18097,9.949319,9.949319,0.0000e+00
dev-corpus-00,1219,998,0.000000e+00,513,513,4.299040,4.299040,0.0000e+00
dev-corpus-00,1220,10641,0.000000e+00,5467,5467,13.963384,13.963384,0.0000e+00
dev-corpus-00,1221,554,0.000000e+00,5879,5879,1.189754,1.189754,0.0000e+00
dev-corpus-00,1222,12,0.000000e+00,12,12,0.021199,0.021199,0.0000e+00
dev-corpus-00,1223,31,0.000000e+00,554,554,0.911735,0.911735,0.0000e+00
dev-corpus-00,1224,5879,0.000000e+00,5879,5879,0.010909,0.010909,0.0000e+00
dev-corpus-00,1225,364,0.000000e+00,2980,2980,2.340393,2.340393,0.0000e+00
dev-corpus-00,1226,10476,0.000000e+00,1599,1599,2.382427,2.382427,0.0000e+00
dev-corpus-00,1227,641,0.000000e+00,1116,1116,1.735432,1.735432,0.0000e+00
dev-corpus-00,1228,34503,0.000000e+00,733,733,12.176894,12.176894,0.0000e+00
dev-corpus-00,1229,48411,0.000000e+00,604,604,8.771819,8.771819,0.0000e+00
dev-corpus-00,1230,557,0.000000e+00,557,557,1.416409,1.416409,0.0000e+00
dev-corpus-00,1231,20789,0.000000e+00,279,279,2.809722,2.809722,0.0000e+00
dev-corpus-00,1232,430,0.000000e+00,430,430,0.339489,0.339489,0.0000e+00
dev-corpus-00,1233,279,0.000000e+00,279,279,0.718902,0.718902,0.0000e+00
dev-corpus-00,1234,56557,0.000000e+00,1118,1118,1.944179,1.944179,0.0000e+00
dev-corpus-00,1235,359,0.000000e+00,359,359,0.233820,0.233820,0.0000e+00
dev-corpus-00,1236,82,0.000000e+00,82,82,0.016127,0.016127,0.0000e+00
dev-corpus-00,1237,1118,0.000000e+00,1118,1118,0.131752,0.131752,0.0000e+00
dev-corpus-00,1238,29575,0.000000e+00,29575,29575,1.319008,1.319008,0.0000e+00
dev-corpus-00,1239,7964,0.000000e+00,7964,7964,0.006560,0.006560,0.0000e+00
dev-corpus-00,1240,303,0.000000e+00,303,303,0.070726,0.070726,0.0000e+00
dev-corpus-00,1241,220,0.000000e+00,220,220,0.062385,0.062385,0.0000e+00
dev-corpus-00,1242,16,0.000000e+00,16,16,0.371113,0.371113,0.0000e+00
dev-corpus-00,1243,24,0.000000e+00,24,24,0.002772,0.002772,0.0000e+00
dev-corpus-00,1244,20,0.000000e+00,24,24,2.967245,2.967245,0.0000e+00
dev-corpus-00,1245,24,0.000000e+00,23,23,2.101382,2.101382,0.0000e+00
dev-corpus-00,1246,1116,0.000000e+00,641,641,1.234057,1.234057,0.0000e+00
dev-corpus-00,1247,694,0.000000e+00,321,321,2.452356,2.452356,0.0000e+00
dev-corpus-00,1248,2047,0.000000e+00,551,551,3.112511,3.112511,0.0000e+00
dev-corpus-00,1249,303,0.000000e+00,303,303,0.806264,0.806264,0.0000e+00
dev-corpus-00,1250,220,0.000000e+00,220,220,0.046431,0.046431,0.0000e+00
dev-corpus-00,1251,16,0.000000e+00,16,16,0.022577,0.022577,0.0000e+00
dev-corpus-00,1252,24,0.000000e+00,24,24,0.000329,0.000329,0.0000e+00
dev-corpus-00,1253,21,0.000000e+00,21,21,0.368565,0.368565,0.0000e+00
dev-corpus-00,1254,16,0.000000e+00,17,17,2.006346,2.006346,0.0000e+00
dev-corpus-00,1255,641,0.000000e+00,641,641,0.982351,0.982351,0.0000e+00
dev-corpus-00,1256,4486,0.000000e+00,561,561,4.682878,4.682878,0.0000e+00
dev-corpus-00,1257,264,0.000000e+00,264,264,1.273360,1.273360,0.0000e+00
dev-corpus-00,1258,12558,0.000000e+00,4031,4031,3.487105,3.487105,0.0000e+00
dev-corpus-00,1259,314,0.000000e+00,314,314,0.418859,0.418859,0.0000e+00
dev-corpus-00,1260,1330,0.000000e+00,3679,3679,2.714282,2.714282,0.0000e+00
dev-corpus-00,1261,1578,0.000000e+00,1578,1578,0.291841,0.291841,0.0000e+00
dev-corpus-00,1262,1116,0.000000e+00,1116,1116,0.261409,0.261409,0.0000e+00
dev-corpus-00,1263,11537,0.000000e+00,68466,68466,6.088685,6.088685,0.0000e+00
dev-corpus-00,1264,4044,0.000000e+00,469,469,6.382576,6.382576,0.0000e+00
dev-corpus-00,1265,316,0.000000e+00,6913,6913,4.847302,4.847302,0.0000e+00
dev-corpus-00,1266,429,0.000000e+00,812,812,4.651928,4.651928,0.0000e+00
dev-corpus-00,1267,5924,0.000000e+00,557,557,1.671490,1.671490,0.0000e+00
dev-corpus-00,1268,29575,0.000000e+00,279,279,2.219461,2.219461,0.0000e+00
dev-corpus-00,1269,7964,0.000000e+00,7964,7964,0.000509,0.000509,0.0000e+00
dev-corpus-00,1270,303,0.000000e+00,303,303,0.652902,0.652902,0.0000e+00
dev-corpus-00,1271,220,0.000000e+00,220,220,0.014840,0.014840,0.0000e+00
dev-corpus-00,1272,16,0.000000e+00,16,16,0.000294,0.000294,0.0000e+00
dev-corpus-00,1273,24,0.000000e+00,24,24,0.000933,0.000933,0.0000e+00
dev-corpus-00,1274,21,0.000000e+00,21,21,0.006102,0.006102,0.0000e+00
dev-corpus-00,1275,18,0.000000e+00,18,18,0.144902,0.144902,0.0000e+00
dev-corpus-00,1276,1116,0.000000e+00,641,641,1.100714,1.100714,0.0000e+00
dev-corpus-00,1277,321,0.000000e+00,321,321,0.480795,0.480795,0.0000e+00
dev-corpus-00,1278,9919,0.000000e+00,9919,9919,1.283655,1.283655,0.0000e+00
dev-corpus-00,1279,2980,0.000000e+00,2980,2980,0.451194,0.451194,0.0000e+00
dev-corpus-00,1280,780,0.000000e+00,220,220,1.590042,1.590042,0.0000e+00
dev-corpus-00,1281,4397,0.000000e+00,4397,4397,0.517851,0.517851,0.0000e+00
dev-corpus-00,1282,303,0.000000e+00,303,303,0.025096,0.025096,0.0000e+00
dev-corpus-00,1283,220,0.000000e+00,220,220,0.013112,0.013112,0.0000e+00
dev-corpus-00,1284,16,0.000000e+00,16,16,0.308011,0.308011,0.0000e+00
dev-corpus-00,1285,24,0.000000e+00,24,24,0.000397,0.000397,0.0000e+00
dev-corpus-00,1286,22,0.000000e+00,24,24,1.555822,1.555822,0.0000e+00
dev-corpus-00,1287,21,0.000000e+00,23,23,2.247559,2.247559,0.0000e+00
dev-corpus-00,1288,641,0.000000e+00,641,641,0.037126,0.037126,0.0000e+00
dev-corpus-00,1289,1216,0.000000e+00,695,695,3.297693,3.297693,0.0000e+00
dev-corpus-00,1290,557,0.000000e+00,557,557,0.109793,0.109793,0.0000e+00
dev-corpus-00,1291,7854,0.000000e+00,24526,24526,1.368132,1.368132,0.0000e+00
dev-corpus-00,1292,539,0.000000e+00,539,539,0.098811,0.098811,0.0000e+00
dev-corpus-00,1293,2921,0.000000e+00,68466,68466,6.434959,6.434959,0.0000e+00
dev-corpus-00,1294,2176,0.000000e+00,2176,2176,0.248838,0.248838,0.0000e+00
dev-corpus-00,1295,29878,0.000000e+00,710,710,8.974231,8.974231,0.0000e+00
dev-corpus-00,1296,7480,0.000000e+00,3327,3327,3.769171,3.769171,0.0000e+00
dev-corpus-00,1297,1116,0.000000e+00,1116,1116,0.679960,0.679960,0.0000e+00
dev-corpus-00,1298,852,0.000000e+00,852,852,0.129892,0.129892,0.0000e+00
dev-corpus-00,1299,9919,0.000000e+00,9919,9919,0.522796,0.522796,0.0000e+00
dev-corpus-00,1300,494,0.000000e+00,2980,2980,1.659853,1.659853,0.0000e+00
dev-corpus-00,1301,220,0.000000e+00,220,220,0.002983,0.002983,0.0000e+00
dev-corpus-00,1302,16,0.000000e+00,16,16,0.000716,0.000716,0.0000e+00
dev-corpus-00,1303,24,0.000000e+00,24,24,0.002807,0.002807,0.0000e+00
dev-corpus-00,1304,22,0.000000e+00,22,22,0.110251,0.110251,0.0000e+00
dev-corpus-00,1305,22,0.000000e+00,22,22,0.873411,0.873411,0.0000e+00
dev-corpus-00,1306,310,0.000000e+00,310,310,0.552253,0.552253,0.0000e+00
dev-corpus-00,1307,220,0.000000e+00,220,220,0.008838,0.008838,0.0000e+00
dev-corpus-00,1308,16,0.000000e+00,16,16,0.187675,0.187675,0.0000e+00
dev-corpus-00,1309,24,0.000000e+00,24,24,0.000761,0.000761,0.0000e+00
dev-corpus-00,1310,24,0.000000e+00,23,23,0.981418,0.981418,0.0000e+00
dev-corpus-00,1311,19,0.000000e+00,15,15,2.312604,2.312604,0.0000e+00
dev-corpus-00,1312,1116,0.000000e+00,641,641,1.749019,1.749019,0.0000e+00
dev-corpus-00,1313,321,0.000000e+00,321,321,0.712249,0.712249,0.0000e+00
dev-corpus-00,1314,29878,0.000000e+00,1179,1179,12.161288,12.161288,0.0000e+00
dev-corpus-00,1315,7480,0.000000e+00,7480,7480,0.005237,0.005237,0.0000e+00
dev-corpus-00,1316,303,0.000000e+00,557,557,3.883895,3.883895,0.0000e+00
dev-corpus-00,1317,2404,0.000000e+00,2404,2404,0.041789,0.041789,0.0000e+00
dev-corpus-00,1318,557,0.000000e+00,557,557,0.150474,0.150474,0.0000e+00
dev-corpus-00,1319,24526,0.000000e+00,24526,24526,0.555198,0.555198,0.0000e+00
dev-corpus-00,1320,539,0.000000e+00,539,539,0.091277,0.091277,0.0000e+00
dev-corpus-00,1321,783,0.000000e+00,68466,68466,5.575980,5.575980,0.0000e+00
dev-corpus-00,1322,10720,0.000000e+00,10720,10720,1.666768,1.666768,0.0000e+00
dev-corpus-00,1323,189439,0.000000e+00,329,329,1.006393,1.006393,0.0000e+00
dev-corpus-00,1324,462,0.000000e+00,318,318,4.150326,4.150326,0.0000e+00
dev-corpus-00,1325,23577,0.000000e+00,53141,53141,8.218520,8.218520,0.0000e+00
dev-corpus-00,1326,2751,0.000000e+00,2751,2751,0.022240,0.022240,0.0000e+00
dev-corpus-00,1327,554,0.000000e+00,303,303,9.393614,9.393614,0.0000e+00
dev-corpus-00,1328,12,0.000000e+00,12,12,0.062721,0.062721,0.0000e+00
dev-corpus-00,1329,31,0.000000e+00,31,31,0.529334,0.529334,0.0000e+00
dev-corpus-00,1330,52824,0.000000e+00,462,462,11.329094,11.329094,0.0000e+00
dev-corpus-00,1331,258,0.000000e+00,258,258,0.616106,0.616106,0.0000e+00
dev-corpus-00,1332,641,0.000000e+00,303,303,1.421216,1.421216,0.0000e+00
dev-corpus-00,1333,65154,0.000000e+00,695,695,10.567623,10.567623,0.0000e+00
dev-corpus-00,1334,20425,0.000000e+00,436,436,5.726906,5.726906,0.0000e+00
dev-corpus-00,1335,10542,0.000000e+00,557,557,3.440897,3.440897,0.0000e+00
dev-corpus-00,1336,462,0.000000e+00,279,279,7.407412,7.407412,0.0000e+00
dev-corpus-00,1337,23577,0.000000e+00,23577,23577,0.001084,0.001084,0.0000e+00
dev-corpus-00,1338,2751,0.000000e+00,2751,2751,0.010321,0.010321,0.0000e+00
dev-corpus-00,1339,554,0.000000e+00,554,554,0.300848,0.300848,0.0000e+00
dev-corpus-00,1340,12,0.000000e+00,12,12,0.005492,0.005492,0.0000e+00
dev-corpus-00,1341,31,0.000000e+00,31,31,0.030056,0.030056,0.0000e+00
dev-corpus-00,1342,52824,0.000000e+00,52824,52824,0.053805,0.053805,0.0000e+00
dev-corpus-00,1343,258,0.000000e+00,258,258,0.001186,0.001186,0.0000e+00
dev-corpus-00,1344,430,0.000000e+00,430,430,0.709450,0.709450,0.0000e+00
dev-corpus-00,1345,21270,0.000000e+00,21270,21270,1.733042,1.733042,0.0000e+00
dev-corpus-00,1346,29575,0.000000e+00,29575,29575,0.032832,0.032832,0.0000e+00
dev-corpus-00,1347,7964,0.000000e+00,7964,7964,0.000432,0.000432,0.0000e+00
dev-corpus-00,1348,303,0.000000e+00,303,303,0.100679,0.100679,0.0000e+00
dev-corpus-00,1349,220,0.000000e+00,220,220,0.014561,0.014561,0.0000e+00
dev-corpus-00,1350,17,0.000000e+00,16,16,0.876713,0.876713,0.0000e+00
dev-corpus-00,1351,15,0.000000e+00,15,15,0.000303,0.000303,0.0000e+00
dev-corpus-00,1352,15,0.000000e+00,15,15,0.070782,0.070782,0.0000e+00
dev-corpus-00,1353,18,0.000000e+00,15,15,2.148946,2.148946,0.0000e+00
dev-corpus-00,1354,1116,0.000000e+00,641,641,1.176709,1.176709,0.0000e+00
dev-corpus-00,1355,321,0.000000e+00,321,321,0.195024,0.195024,0.0000e+00
dev-corpus-00,1356,9919,0.000000e+00,557,557,3.442318,3.442318,0.0000e+00
dev-corpus-00,1357,2980,0.000000e+00,2980,2980,0.895610,0.895610,0.0000e+00
dev-corpus-00,1358,220,0.000000e+00,220,220,0.367158,0.367158,0.0000e+00
dev-corpus-00,1359,17,0.000000e+00,17,17,0.001142,0.001142,0.0000e+00
dev-corpus-00,1360,15,0.000000e+00,15,15,0.001679,0.001679,0.0000e+00
dev-corpus-00,1361,16,0.000000e+00,15,15,0.900895,0.900895,0.0000e+00
dev-corpus-00,1362,16,0.000000e+00,15,15,1.369133,1.369133,0.0000e+00
dev-corpus-00,1363,1116,0.000000e+00,641,641,2.267699,2.267699,0.0000e+00
dev-corpus-00,1364,948,0.000000e+00,948,948,0.300916,0.300916,0.0000e+00
dev-corpus-00,1365,551,0.000000e+00,551,551,0.328865,0.328865,0.0000e+00
dev-corpus-00,1366,557,0.000000e+00,557,557,1.104979,1.104979,0.0000e+00
dev-corpus-00,1367,24526,0.000000e+00,24526,24526,0.645951,0.645951,0.0000e+00
dev-corpus-00,1368,539,0.000000e+00,539,539,0.125440,0.125440,0.0000e+00
dev-corpus-00,1369,49929,0.000000e+00,68466,68466,9.278994,9.278994,0.0000e+00
dev-corpus-00,1370,23483,0.000000e+00,710,710,7.496773,7.496773,0.0000e+00
dev-corpus-00,1371,258,0.000000e+00,70,70,3.870923,3.870923,0.0000e+00
dev-corpus-00,1372,641,0.000000e+00,641,641,0.334705,0.334705,0.0000e+00
dev-corpus-00,1373,1577,0.000000e+00,695,695,5.072538,5.072538,0.0000e+00
dev-corpus-00,1374,314,0.000000e+00,314,314,0.089654,0.089654,0.0000e+00
dev-corpus-00,1375,220,0.000000e+00,220,220,0.143937,0.143937,0.0000e+00
dev-corpus-00,1376,17,0.000000e+00,17,17,0.001396,0.001396,0.0000e+00
dev-corpus-00,1377,15,0.000000e+00,15,15,0.000842,0.000842,0.0000e+00
dev-corpus-00,1378,16,0.000000e+00,16,16,0.080689,0.080689,0.0000e+00
dev-corpus-00,1379,19,0.000000e+00,17,17,1.967271,1.967271,0.0000e+00
dev-corpus-00,1380,1116,0.000000e+00,1116,1116,0.350357,0.350357,0.0000e+00
dev-corpus-00,1381,5879,0.000000e+00,462,462,11.971993,11.971993,0.0000e+00
dev-corpus-00,1382,539,0.000000e+00,539,539,0.198076,0.198076,0.0000e+00
dev-corpus-00,1383,462,0.000000e+00,68466,68466,2.615892,2.615892,0.0000e+00
dev-corpus-00,1384,23577,0.000000e+00,23577,23577,0.000488,0.000488,0.0000e+00
dev-corpus-00,1385,2751,0.000000e+00,2751,2751,0.001281,0.001281,0.0000e+00
dev-corpus-00,1386,554,0.000000e+00,554,554,0.017577,0.017577,0.0000e+00
dev-corpus-00,1387,12,0.000000e+00,12,12,0.000401,0.000401,0.0000e+00
dev-corpus-00,1388,31,0.000000e+00,31,31,0.000206,0.000206,0.0000e+00
dev-corpus-00,1389,52824,0.000000e+00,52824,52824,0.007886,0.007886,0.0000e+00
dev-corpus-00,1390,258,0.000000e+00,258,258,0.000815,0.000815,0.0000e+00
dev-corpus-00,1391,321,0.000000e+00,321,321,0.639606,0.639606,0.0000e+00
dev-corpus-00,1392,23483,0.000000e+00,23483,23483,0.241624,0.241624,0.0000e+00
dev-corpus-00,1393,258,0.000000e+00,258,258,0.000256,0.000256,0.0000e+00
dev-corpus-00,1394,1116,0.000000e+00,1116,1116,0.157373,0.157373,0.0000e+00
dev-corpus-00,1395,27097,0.000000e+00,27097,27097,0.803422,0.803422,0.0000e+00
dev-corpus-00,1396,6565,0.000000e+00,6565,6565,0.001369,0.001369,0.0000e+00
dev-corpus-00,1397,995,0.000000e+00,369,369,3.471436,3.471436,0.0000e+00
dev-corpus-00,1398,12805,0.000000e+00,220,220,2.112530,2.112530,0.0000e+00
dev-corpus-00,1399,220,0.000000e+00,220,220,0.017854,0.017854,0.0000e+00
dev-corpus-00,1400,19,0.000000e+00,17,17,2.319458,2.319458,0.0000e+00
dev-corpus-00,1401,15,0.000000e+00,15,15,0.502668,0.502668,0.0000e+00
dev-corpus-00,1402,15,0.000000e+00,15,15,0.117792,0.117792,0.0000e+00
dev-corpus-00,1403,4314,0.000000e+00,3492,3492,4.270563,4.270563,0.0000e+00
dev-corpus-00,1404,27897,0.000000e+00,8259,8259,1.914253,1.914253,0.0000e+00
dev-corpus-00,1405,1116,0.000000e+00,641,641,2.523989,2.523989,0.0000e+00
dev-corpus-00,1406,321,0.000000e+00,321,321,1.187559,1.187559,0.0000e+00
dev-corpus-00,1407,557,0.000000e+00,557,557,1.409146,1.409146,0.0000e+00
dev-corpus-00,1408,279,0.000000e+00,279,279,1.081903,1.081903,0.0000e+00
dev-corpus-00,1409,7526,0.000000e+00,7526,7526,1.025206,1.025206,0.0000e+00
dev-corpus-00,1410,91589,0.000000e+00,91589,91589,0.772401,0.772401,0.0000e+00
dev-corpus-00,1411,303,0.000000e+00,303,303,0.085194,0.085194,0.0000e+00
dev-corpus-00,1412,48759,0.000000e+00,279,279,1.223258,1.223258,0.0000e+00
dev-corpus-00,1413,641,0.000000e+00,641,641,0.207437,0.207437,0.0000e+00
dev-corpus-00,1414,30858,0.000000e+00,695,695,6.227147,6.227147,0.0000e+00
dev-corpus-00,1415,283,0.000000e+00,410,410,5.626100,5.626100,0.0000e+00
dev-corpus-00,1416,283,0.000000e+00,18097,18097,5.880185,5.880185,0.0000e+00
dev-corpus-00,1417,22044,0.000000e+00,18097,18097,8.493900,8.493900,0.0000e+00
dev-corpus-00,1418,3712,0.000000e+00,3712,3712,1.101653,1.101653,0.0000e+00
dev-corpus-00,1419,283,0.000000e+00,283,283,0.453858,0.453858,0.0000e+00
dev-corpus-00,1420,283,0.000000e+00,695,695,1.453606,1.453606,0.0000e+00
dev-corpus-00,1421,30858,0.000000e+00,695,695,3.761035,3.761035,0.0000e+00
dev-corpus-00,1422,14560,0.000000e+00,18097,18097,10.149805,10.149805,0.0000e+00
dev-corpus-00,1423,4947,0.000000e+00,5038,5038,2.944410,2.944410,0.0000e+00
dev-corpus-00,1424,314,0.000000e+00,314,314,0.025008,0.025008,0.0000e+00
dev-corpus-00,1425,5753,0.000000e+00,12963,12963,4.005302,4.005302,0.0000e+00
dev-corpus-00,1426,16489,0.000000e+00,16489,16489,1.103963,1.103963,0.0000e+00
dev-corpus-00,1427,5820,0.000000e+00,5820,5820,1.715926,1.715926,0.0000e+00
dev-corpus-00,1428,50099,0.000000e+00,310,310,1.987944,1.987944,0.0000e+00
dev-corpus-00,1429,303,0.000000e+00,303,303,0.056892,0.056892,0.0000e+00
dev-corpus-00,1430,48759,0.000000e+00,48759,48759,0.532251,0.532251,0.0000e+00
dev-corpus-00,1431,303,0.000000e+00,303,303,0.564809,0.564809,0.0000e+00
dev-corpus-00,1432,279,0.000000e+00,279,279,0.219920,0.219920,0.0000e+00
dev-corpus-00,1433,3200,0.000000e+00,3200,3200,0.921391,0.921391,0.0000e+00
dev-corpus-00,1434,220,0.000000e+00,220,220,0.067690,0.067690,0.0000e+00
dev-corpus-00,1435,16,0.000000e+00,16,16,0.000714,0.000714,0.0000e+00
dev-corpus-00,1436,24,0.000000e+00,24,24,0.672867,0.672867,0.0000e+00
dev-corpus-00,1437,337,0.000000e+00,337,337,0.058645,0.058645,0.0000e+00
dev-corpus-00,1438,9018,0.000000e+00,9018,9018,0.136150,0.136150,0.0000e+00
dev-corpus-00,1439,1116,0.000000e+00,641,641,1.283463,1.283463,0.0000e+00
dev-corpus-00,1440,694,0.000000e+00,321,321,1.602162,1.602162,0.0000e+00
dev-corpus-00,1441,1379,0.000000e+00,279,279,3.374654,3.374654,0.0000e+00
dev-corpus-00,1442,7481,0.000000e+00,314,314,3.678866,3.678866,0.0000e+00
dev-corpus-00,1443,383,0.000000e+00,310,310,2.192731,2.192731,0.0000e+00
dev-corpus-00,1444,641,0.000000e+00,310,310,3.085651,3.085651,0.0000e+00
dev-corpus-00,1445,733,0.000000e+00,561,561,1.926641,1.926641,0.0000e+00
dev-corpus-00,1446,279,0.000000e+00,220,220,0.994131,0.994131,0.0000e+00
dev-corpus-00,1447,3988,0.000000e+00,3988,3988,0.575550,0.575550,0.0000e+00
dev-corpus-00,1448,220,0.000000e+00,220,220,0.026159,0.026159,0.0000e+00
dev-corpus-00,1449,17,0.000000e+00,16,16,0.798366,0.798366,0.0000e+00
dev-corpus-00,1450,15,0.000000e+00,15,15,0.000321,0.000321,0.0000e+00
dev-corpus-00,1451,337,0.000000e+00,337,337,0.002803,0.002803,0.0000e+00
dev-corpus-00,1452,9018,0.000000e+00,9018,9018,0.006839,0.006839,0.0000e+00
dev-corpus-00,1453,279,0.000000e+00,1116,1116,2.182148,2.182148,0.0000e+00
dev-corpus-00,1454,1118,0.000000e+00,12963,12963,3.751672,3.751672,0.0000e+00
dev-corpus-00,1455,17489,0.000000e+00,12963,12963,6.153693,6.153693,0.0000e+00
dev-corpus-00,1456,7277,0.000000e+00,7277,7277,0.039582,0.039582,0.0000e+00
dev-corpus-00,1457,16489,0.000000e+00,12963,12963,1.241300,1.241300,0.0000e+00
dev-corpus-00,1458,21681,0.000000e+00,5820,5820,2.760378,2.760378,0.0000e+00
dev-corpus-00,1459,1017,0.000000e+00,303,303,2.982446,2.982446,0.0000e+00
dev-corpus-00,1460,1116,0.000000e+00,641,641,0.889535,0.889535,0.0000e+00
dev-corpus-00,1461,321,0.000000e+00,321,321,1.208224,1.208224,0.0000e+00
dev-corpus-00,1462,539,0.000000e+00,539,539,1.756140,1.756140,0.0000e+00
dev-corpus-00,1463,279,0.000000e+00,220,220,1.045151,1.045151,0.0000e+00
dev-corpus-00,1464,220,0.000000e+00,220,220,0.626236,0.626236,0.0000e+00
dev-corpus-00,1465,16,0.000000e+00,16,16,0.000920,0.000920,0.0000e+00
dev-corpus-00,1466,24,0.000000e+00,24,24,0.000663,0.000663,0.0000e+00
dev-corpus-00,1467,17,0.000000e+00,18,18,0.764450,0.764450,0.0000e+00
dev-corpus-00,1468,15,0.000000e+00,15,15,0.000910,0.000910,0.0000e+00
dev-corpus-00,1469,82,0.000000e+00,82,82,0.003530,0.003530,0.0000e+00
dev-corpus-00,1470,48759,0.000000e+00,1017,1017,1.776661,1.776661,0.0000e+00
dev-corpus-00,1471,359,0.000000e+00,995,995,1.795863,1.795863,0.0000e+00
dev-corpus-00,1472,82,0.000000e+00,82,82,0.000580,0.000580,0.0000e+00
dev-corpus-00,1473,12963,0.000000e+00,12963,12963,0.215069,0.215069,0.0000e+00
dev-corpus-00,1474,3809,0.000000e+00,6823,6823,1.749789,1.749789,0.0000e+00
dev-corpus-00,1475,5820,0.000000e+00,557,557,3.308557,3.308557,0.0000e+00
dev-corpus-00,1476,22175,0.000000e+00,310,310,7.598369,7.598369,0.0000e+00
dev-corpus-00,1477,22223,0.000000e+00,364,364,10.345316,10.345316,0.0000e+00
dev-corpus-00,1478,893,0.000000e+00,3401,3401,3.421928,3.421928,0.0000e+00
dev-corpus-00,1479,269,0.000000e+00,269,269,0.031641,0.031641,0.0000e+00
dev-corpus-00,1480,6041,0.000000e+00,6041,6041,0.001591,0.001591,0.0000e+00
dev-corpus-00,1481,364,0.000000e+00,303,303,2.210474,2.210474,0.0000e+00
dev-corpus-00,1482,9668,0.000000e+00,4962,4962,10.086672,10.086672,0.0000e+00
dev-corpus-00,1483,6394,0.000000e+00,3401,3401,5.059254,5.059254,0.0000e+00
dev-corpus-00,1484,3603,0.000000e+00,3603,3603,0.530720,0.530720,0.0000e+00
dev-corpus-00,1485,321,0.000000e+00,3401,3401,2.075449,2.075449,0.0000e+00
dev-corpus-00,1486,12963,0.000000e+00,12872,12872,4.708066,4.708066,0.0000e+00
dev-corpus-00,1487,12872,0.000000e+00,12872,12872,0.555296,0.555296,0.0000e+00
dev-corpus-00,1488,3401,0.000000e+00,3401,3401,0.058998,0.058998,0.0000e+00
dev-corpus-00,1489,303,0.000000e+00,641,641,2.375352,2.375352,0.0000e+00
dev-corpus-00,1490,7529,0.000000e+00,843,843,6.620225,6.620225,0.0000e+00
dev-corpus-00,1491,359,0.000000e+00,359,359,0.114161,0.114161,0.0000e+00
dev-corpus-00,1492,10105,0.000000e+00,10105,10105,0.078201,0.078201,0.0000e+00
dev-corpus-00,1493,641,0.000000e+00,641,641,0.143202,0.143202,0.0000e+00
dev-corpus-00,1494,21016,0.000000e+00,695,695,8.736581,8.736581,0.0000e+00
dev-corpus-00,1495,1068,0.000000e+00,1068,1068,0.793477,0.793477,0.0000e+00
dev-corpus-00,1496,22904,0.000000e+00,6584,6584,4.584926,4.584926,0.0000e+00
dev-corpus-00,1497,11698,0.000000e+00,380,380,6.970348,6.970348,0.0000e+00
dev-corpus-00,1498,59576,0.000000e+00,74534,74534,2.951082,2.951082,0.0000e+00
dev-corpus-00,1499,13514,0.000000e+00,13514,13514,2.112852,2.112852,0.0000e+00
dev-corpus-00,1500,421,0.000000e+00,421,421,0.421119,0.421119,0.0000e+00
dev-corpus-00,1501,328,0.000000e+00,279,279,2.594048,2.594048,0.0000e+00
dev-corpus-00,1502,498,0.000000e+00,279,279,4.380221,4.380221,0.0000e+00
dev-corpus-00,1503,264,0.000000e+00,585,585,2.338887,2.338887,0.0000e+00
dev-corpus-00,1504,2205,0.000000e+00,2205,2205,0.145519,0.145519,0.0000e+00
dev-corpus-00,1505,281,0.000000e+00,2526,2526,5.326254,5.326254,0.0000e+00
dev-corpus-00,1506,455,0.000000e+00,455,455,0.214665,0.214665,0.0000e+00
dev-corpus-00,1507,462,0.000000e+00,279,279,9.002737,9.002737,0.0000e+00
dev-corpus-00,1508,1544,0.000000e+00,15257,15257,4.898330,4.898330,0.0000e+00
dev-corpus-00,1509,268,0.000000e+00,268,268,0.930439,0.930439,0.0000e+00
dev-corpus-00,1510,12471,0.000000e+00,321,321,5.708610,5.708610,0.0000e+00
dev-corpus-00,1511,59576,0.000000e+00,35191,35191,1.746238,1.746238,0.0000e+00
dev-corpus-00,1512,359,0.000000e+00,321,321,2.104938,2.104938,0.0000e+00
dev-corpus-00,1513,82,0.000000e+00,82,82,0.054198,0.054198,0.0000e+00
dev-corpus-00,1514,4397,0.000000e+00,2902,2902,2.815468,2.815468,0.0000e+00
dev-corpus-00,1515,303,0.000000e+00,303,303,0.190137,0.190137,0.0000e+00
dev-corpus-00,1516,220,0.000000e+00,220,220,0.081999,0.081999,0.0000e+00
dev-corpus-00,1517,16,0.000000e+00,16,16,0.000763,0.000763,0.0000e+00
dev-corpus-00,1518,24,0.000000e+00,24,24,0.002589,0.002589,0.0000e+00
dev-corpus-00,1519,18,0.000000e+00,17,17,0.976335,0.976335,0.0000e+00
dev-corpus-00,1520,18,0.000000e+00,15,15,2.221873,2.221873,0.0000e+00
dev-corpus-00,1521,1116,0.000000e+00,1116,1116,0.305421,0.305421,0.0000e+00
dev-corpus-00,1522,780,0.000000e+00,279,279,2.842156,2.842156,0.0000e+00
dev-corpus-00,1523,2046,0.000000e+00,54897,54897,4.083254,4.083254,0.0000e+00
dev-corpus-00,1524,506,0.000000e+00,5924,5924,2.533723,2.533723,0.0000e+00
dev-corpus-00,1525,220,0.000000e+00,220,220,0.090514,0.090514,0.0000e+00
dev-corpus-00,1526,17,0.000000e+00,16,16,1.812498,1.812498,0.0000e+00
dev-corpus-00,1527,18,0.000000e+00,15,15,2.467755,2.467755,0.0000e+00
dev-corpus-00,1528,16,0.000000e+00,15,15,2.144806,2.144806,0.0000e+00
dev-corpus-00,1529,4171,0.000000e+00,4171,4171,1.444670,1.444670,0.0000e+00
dev-corpus-00,1530,93154,0.000000e+00,93154,93154,0.636371,0.636371,0.0000e+00
dev-corpus-00,1531,6476,0.000000e+00,6476,6476,0.239648,0.239648,0.0000e+00
dev-corpus-00,1532,557,0.000000e+00,5924,5924,1.845280,1.845280,0.0000e+00
dev-corpus-00,1533,1254,0.000000e+00,1429,1429,6.603429,6.603429,0.0000e+00
dev-corpus-00,1534,93145,0.000000e+00,93145,93145,0.043175,0.043175,0.0000e+00
dev-corpus-00,1535,321,0.000000e+00,310,310,1.339019,1.339019,0.0000e+00
dev-corpus-01,1536,12476,0.000000e+00,4258,4258,2.909013,2.909013,0.0000e+00
dev-corpus-01,1537,318,0.000000e+00,401,401,2.781178,2.781178,0.0000e+00
dev-corpus-01,1538,63724,0.000000e+00,81425,81425,16.029091,16.029091,0.0000e+00
dev-corpus-01,1539,1587,0.000000e+00,847,847,5.310179,5.310179,0.0000e+00
dev-corpus-01,1540,73,0.000000e+00,73,73,2.228002,2.228002,0.0000e+00
dev-corpus-01,1541,6510,0.000000e+00,6510,6510,0.002043,0.002043,0.0000e+00
dev-corpus-01,1542,7766,0.000000e+00,847,847,4.085682,4.085682,0.0000e+00
dev-corpus-01,1543,847,0.000000e+00,8,8,0.902563,0.902563,0.0000e+00
dev-corpus-01,1544,283,0.000000e+00,283,283,0.366900,0.366900,0.0000e+00
dev-corpus-01,1545,30858,0.000000e+00,198,198,12.486493,12.486493,0.0000e+00
dev-corpus-01,1546,16623,0.000000e+00,410,410,7.749341,7.749341,0.0000e+00
dev-corpus-01,1547,12476,0.000000e+00,12476,12476,0.052611,0.052611,0.0000e+00
dev-corpus-01,1548,369,0.000000e+00,369,369,0.830467,0.830467,0.0000e+00
dev-corpus-01,1549,279,0.000000e+00,279,279,0.301179,0.301179,0.0000e+00
dev-corpus-01,1550,270,0.000000e+00,220,220,3.563129,3.563129,0.0000e+00
dev-corpus-01,1551,396,0.000000e+00,396,396,0.020892,0.020892,0.0000e+00
dev-corpus-01,1552,43872,0.000000e+00,43872,43872,0.016153,0.016153,0.0000e+00
dev-corpus-01,1553,14712,0.000000e+00,13626,13626,5.262140,5.262140,0.0000e+00
dev-corpus-01,1554,554,0.000000e+00,42117,42117,14.386065,14.386065,0.0000e+00
dev-corpus-01,1555,12,0.000000e+00,11197,11197,2.867160,2.867160,0.0000e+00
dev-corpus-01,1556,31,0.000000e+00,11197,11197,5.778594,5.778594,0.0000e+00
dev-corpus-01,1557,3992,0.000000e+00,11197,11197,2.035292,2.035292,0.0000e+00
dev-corpus-01,1558,13626,0.000000e+00,13626,13626,0.499285,0.499285,0.0000e+00
dev-corpus-01,1559,7766,0.000000e+00,7766,7766,0.016232,0.016232,0.0000e+00
dev-corpus-01,1560,539,0.000000e+00,539,539,0.188298,0.188298,0.0000e+00
dev-corpus-01,1561,4421,0.000000e+00,4421,4421,1.402540,1.402540,0.0000e+00
dev-corpus-01,1562,36014,0.000000e+00,36014,36014,0.001343,0.001343,0.0000e+00
dev-corpus-01,1563,31218,0.000000e+00,31218,31218,0.008439,0.008439,0.0000e+00
dev-corpus-01,1564,22049,0.000000e+00,22049,22049,0.553304,0.553304,0.0000e+00
dev-corpus-01,1565,554,0.000000e+00,63724,63724,1.105823,1.105823,0.0000e+00
dev-corpus-01,1566,12,0.000000e+00,12,12,0.103889,0.103889,0.0000e+00
dev-corpus-01,1567,31,0.000000e+00,31,31,0.005535,0.005535,0.0000e+00
dev-corpus-01,1568,81735,0.000000e+00,81735,81735,0.508197,0.508197,0.0000e+00
dev-corpus-01,1569,63724,0.000000e+00,63724,63724,0.246019,0.246019,0.0000e+00
dev-corpus-01,1570,1587,0.000000e+00,1587,1587,0.020968,0.020968,0.0000e+00
dev-corpus-01,1571,73,0.000000e+00,73,73,0.002410,0.002410,0.0000e+00
dev-corpus-01,1572,6510,0.000000e+00,6510,6510,0.000891,0.000891,0.0000e+00
dev-corpus-01,1573,1116,0.000000e+00,13,13,2.222692,2.222692,0.0000e+00
dev-corpus-01,1574,5698,0.000000e+00,5698,5698,0.188159,0.188159,0.0000e+00
dev-corpus-01,1575,383,0.000000e+00,383,383,0.784513,0.784513,0.0000e+00
dev-corpus-01,1576,220,0.000000e+00,220,220,1.993681,1.993681,0.0000e+00
dev-corpus-01,1577,17,0.000000e+00,17,17,0.949952,0.949952,0.0000e+00
dev-corpus-01,1578,18,0.000000e+00,15,15,2.506480,2.506480,0.0000e+00
dev-corpus-01,1579,5930,0.000000e+00,6324,6324,2.124791,2.124791,0.0000e+00
dev-corpus-01,1580,220,0.000000e+00,220,220,0.052449,0.052449,0.0000e+00
dev-corpus-01,1581,17,0.000000e+00,17,17,0.103297,0.103297,0.0000e+00
dev-corpus-01,1582,15,0.000000e+00,15,15,0.000869,0.000869,0.0000e+00
dev-corpus-01,1583,16,0.000000e+00,15,15,0.829610,0.829610,0.0000e+00
dev-corpus-01,1584,16,0.000000e+00,19,19,1.898431,1.898431,0.0000e+00
dev-corpus-01,1585,641,0.000000e+00,641,641,1.084825,1.084825,0.0000e+00
dev-corpus-01,1586,93034,0.000000e+00,198,198,9.100334,9.100334,0.0000e+00
dev-corpus-01,1587,303,0.000000e+00,303,303,0.924549,0.924549,0.0000e+00
dev-corpus-01,1588,279,0.000000e+00,220,220,2.655739,2.655739,0.0000e+00
dev-corpus-01,1589,3516,0.000000e+00,3516,3516,1.869897,1.869897,0.0000e+00
dev-corpus-01,1590,4042,0.000000e+00,4042,4042,0.075584,0.075584,0.0000e+00
dev-corpus-01,1591,321,0.000000e+00,321,321,0.988515,0.988515,0.0000e+00
dev-corpus-01,1592,11920,0.000000e+00,17163,17163,2.159255,2.159255,0.0000e+00
dev-corpus-01,1593,1116,0.000000e+00,1116,1116,0.395812,0.395812,0.0000e+00
dev-corpus-01,1594,424,0.000000e+00,279,279,1.387054,1.387054,0.0000e+00
dev-corpus-01,1595,557,0.000000e+00,557,557,0.901969,0.901969,0.0000e+00
dev-corpus-01,1596,8677,0.000000e+00,8677,8677,0.707505,0.707505,0.0000e+00
dev-corpus-01,1597,539,0.000000e+00,539,539,0.071801,0.071801,0.0000e+00
dev-corpus-01,1598,1587,0.000000e+00,1587,1587,0.631609,0.631609,0.0000e+00
dev-corpus-01,1599,73,0.000000e+00,73,73,0.001492,0.001492,0.0000e+00
dev-corpus-01,1600,6510,0.000000e+00,6510,6510,0.000293,0.000293,0.0000e+00
dev-corpus-01,1601,440,0.000000e+00,321,321,2.844135,2.844135,0.0000e+00
dev-corpus-01,1602,11230,0.000000e+00,279,279,7.197850,7.197850,0.0000e+00
dev-corpus-01,1603,30641,0.000000e+00,33882,33882,3.924212,3.924212,0.0000e+00
dev-corpus-01,1604,1116,0.000000e+00,321,321,1.666797,1.666797,0.0000e+00
dev-corpus-01,1605,11723,0.000000e+00,321,321,6.999515,6.999515,0.0000e+00
dev-corpus-01,1606,64618,0.000000e+00,64618,64618,2.454918,2.454918,0.0000e+00
dev-corpus-01,1607,321,0.000000e+00,321,321,0.631524,0.631524,0.0000e+00
dev-corpus-01,1608,29233,0.000000e+00,1587,1587,9.465761,9.465761,0.0000e+00
dev-corpus-01,1609,92356,0.000000e+00,92356,92356,0.103737,0.103737,0.0000e+00
dev-corpus-01,1610,22049,0.000000e+00,16359,16359,1.937320,1.937320,0.0000e+00
dev-corpus-01,1611,554,0.000000e+00,554,554,1.376660,1.376660,0.0000e+00
dev-corpus-01,1612,12,0.000000e+00,12,12,0.003470,0.003470,0.0000e+00
dev-corpus-01,1613,31,0.000000e+00,31,31,0.000967,0.000967,0.0000e+00
dev-corpus-01,1614,81735,0.000000e+00,81735,81735,0.395927,0.395927,0.0000e+00
dev-corpus-01,1615,37746,0.000000e+00,32095,32095,6.668979,6.668979,0.0000e+00
dev-corpus-01,1616,52582,0.000000e+00,52582,52582,0.098826,0.098826,0.0000e+00
dev-corpus-01,1617,641,0.000000e+00,641,641,0.198903,0.198903,0.0000e+00
dev-corpus-01,1618,561,0.000000e+00,561,561,1.475044,1.475044,0.0000e+00
dev-corpus-01,1619,7766,0.000000e+00,7766,7766,0.340704,0.340704,0.0000e+00
dev-corpus-01,1620,1892,0.000000e+00,557,557,13.050971,13.050971,0.0000e+00
dev-corpus-01,1621,279,0.000000e+00,864,864,2.713624,2.713624,0.0000e+00
dev-corpus-01,1622,1118,0.000000e+00,1118,1118,0.473349,0.473349,0.0000e+00
dev-corpus-01,1623,9209,0.000000e+00,303,303,4.707373,4.707373,0.0000e+00
dev-corpus-01,1624,4722,0.000000e+00,4722,4722,0.537379,0.537379,0.0000e+00
dev-corpus-01,1625,539,0.000000e+00,539,539,1.058066,1.058066,0.0000e+00
dev-corpus-01,1626,1587,0.000000e+00,1587,1587,0.214693,0.214693,0.0000e+00
dev-corpus-01,1627,73,0.000000e+00,73,73,0.000276,0.000276,0.0000e+00
dev-corpus-01,1628,6510,0.000000e+00,6510,6510,0.000554,0.000554,0.0000e+00
dev-corpus-01,1629,1238,0.000000e+00,1892,1892,2.698684,2.698684,0.0000e+00
dev-corpus-01,1630,551,0.000000e+00,9101,9101,1.938833,1.938833,0.0000e+00
dev-corpus-01,1631,557,0.000000e+00,2047,2047,3.642986,3.642986,0.0000e+00
dev-corpus-01,1632,8239,0.000000e+00,11878,11878,3.095796,3.095796,0.0000e+00
dev-corpus-01,1633,539,0.000000e+00,310,310,3.611899,3.611899,0.0000e+00
dev-corpus-01,1634,20228,0.000000e+00,20228,20228,1.061765,1.061765,0.0000e+00
dev-corpus-01,1635,10401,0.000000e+00,10401,10401,0.251767,0.251767,0.0000e+00
dev-corpus-01,1636,303,0.000000e+00,18867,18867,2.081736,2.081736,0.0000e+00
dev-corpus-01,1637,220,0.000000e+00,220,220,0.207002,0.207002,0.0000e+00
dev-corpus-01,1638,16,0.000000e+00,16,16,0.536328,0.536328,0.0000e+00
dev-corpus-01,1639,24,0.000000e+00,24,24,0.000551,0.000551,0.0000e+00
dev-corpus-01,1640,24,0.000000e+00,24,24,0.225480,0.225480,0.0000e+00
dev-corpus-01,1641,18,0.000000e+00,17,17,2.105044,2.105044,0.0000e+00
dev-corpus-01,1642,321,0.000000e+00,1892,1892,2.577601,2.577601,0.0000e+00
dev-corpus-01,1643,30641,0.000000e+00,2047,2047,7.540666,7.540666,0.0000e+00
dev-corpus-01,1644,10401,0.000000e+00,32118,32118,0.981479,0.981479,0.0000e+00
dev-corpus-01,1645,303,0.000000e+00,303,303,0.898913,0.898913,0.0000e+00
dev-corpus-01,1646,220,0.000000e+00,220,220,0.008086,0.008086,0.0000e+00
dev-corpus-01,1647,17,0.000000e+00,17,17,0.438945,0.438945,0.0000e+00
dev-corpus-01,1648,15,0.000000e+00,15,15,0.000781,0.000781,0.0000e+00
dev-corpus-01,1649,15,0.000000e+00,15,15,0.108082,0.108082,0.0000e+00
dev-corpus-01,1650,23,0.000000e+00,15,15,2.701565,2.701565,0.0000e+00
dev-corpus-01,1651,1892,0.000000e+00,1892,1892,0.357158,0.357158,0.0000e+00
dev-corpus-01,1652,557,0.000000e+00,557,557,1.074150,1.074150,0.0000e+00
dev-corpus-01,1653,10579,0.000000e+00,5698,5698,4.666315,4.666315,0.0000e+00
dev-corpus-01,1654,539,0.000000e+00,539,539,1.023522,1.023522,0.0000e+00
dev-corpus-01,1655,780,0.000000e+00,1587,1587,2.441531,2.441531,0.0000e+00
dev-corpus-01,1656,1765,0.000000e+00,1765,1765,0.197284,0.197284,0.0000e+00
dev-corpus-01,1657,2306,0.000000e+00,2306,2306,0.840007,0.840007,0.0000e+00
dev-corpus-01,1658,1116,0.000000e+00,1116,1116,0.552906,0.552906,0.0000e+00
dev-corpus-01,1659,6017,0.000000e+00,1587,1587,8.154211,8.154211,0.0000e+00
dev-corpus-01,1660,308,0.000000e+00,67529,67529,2.559251,2.559251,0.0000e+00
dev-corpus-01,1661,31754,0.000000e+00,31754,31754,0.240122,0.240122,0.0000e+00
dev-corpus-01,1662,10388,0.000000e+00,10388,10388,0.114172,0.114172,0.0000e+00
dev-corpus-01,1663,641,0.000000e+00,10401,10401,1.842947,1.842947,0.0000e+00
dev-corpus-01,1664,695,0.000000e+00,561,561,2.924695,2.924695,0.0000e+00
dev-corpus-01,1665,1158,0.000000e+00,410,410,12.864795,12.864795,0.0000e+00
dev-corpus-01,1666,3736,0.000000e+00,3736,3736,0.124928,0.124928,0.0000e+00
dev-corpus-01,1667,321,0.000000e+00,314,314,6.109335,6.109335,0.0000e+00
dev-corpus-01,1668,5158,0.000000e+00,5158,5158,1.215222,1.215222,0.0000e+00
dev-corpus-01,1669,303,0.000000e+00,539,539,2.985492,2.985492,0.0000e+00
dev-corpus-01,1670,264,0.000000e+00,6163,6163,3.031142,3.031142,0.0000e+00
dev-corpus-01,1671,1007,0.000000e+00,7792,7792,3.359093,3.359093,0.0000e+00
dev-corpus-01,1672,1116,0.000000e+00,321,321,1.246918,1.246918,0.0000e+00
dev-corpus-01,1673,279,0.000000e+00,279,279,0.558299,0.558299,0.0000e+00
dev-corpus-01,1674,3150,0.000000e+00,7766,7766,3.672647,3.672647,0.0000e+00
dev-corpus-01,1675,14973,0.000000e+00,557,557,5.890303,5.890303,0.0000e+00
dev-corpus-01,1676,1587,0.000000e+00,264,264,1.327110,1.327110,0.0000e+00
dev-corpus-01,1677,73,0.000000e+00,73,73,0.000667,0.000667,0.0000e+00
dev-corpus-01,1678,6510,0.000000e+00,6510,6510,0.000480,0.000480,0.0000e+00
dev-corpus-01,1679,321,0.000000e+00,359,359,8.304702,8.304702,0.0000e+00
dev-corpus-01,1680,52582,0.000000e+00,780,780,2.375753,2.375753,0.0000e+00
dev-corpus-01,1681,359,0.000000e+00,359,359,0.161704,0.161704,0.0000e+00
dev-corpus-01,1682,11400,0.000000e+00,1118,1118,4.685979,4.685979,0.0000e+00
dev-corpus-01,1683,19421,0.000000e+00,19421,19421,0.261483,0.261483,0.0000e+00
dev-corpus-01,1684,641,0.000000e+00,641,641,1.136613,1.136613,0.0000e+00
dev-corpus-01,1685,1690,0.000000e+00,561,561,5.572099,5.572099,0.0000e+00
dev-corpus-01,1686,16623,0.000000e+00,279,279,5.909312,5.909312,0.0000e+00
dev-corpus-01,1687,12476,0.000000e+00,12476,12476,0.032714,0.032714,0.0000e+00
dev-corpus-01,1688,1116,0.000000e+00,1116,1116,0.102100,0.102100,0.0000e+00
dev-corpus-01,1689,1587,0.000000e+00,1587,1587,0.311566,0.311566,0.0000e+00
dev-corpus-01,1690,73,0.000000e+00,73,73,0.000280,0.000280,0.0000e+00
dev-corpus-01,1691,6510,0.000000e+00,6510,6510,0.000678,0.000678,0.0000e+00
dev-corpus-01,1692,4523,0.000000e+00,321,321,7.282648,7.282648,0.0000e+00
dev-corpus-01,1693,310,0.000000e+00,310,310,0.057017,0.057017,0.0000e+00
dev-corpus-01,1694,780,0.000000e+00,279,279,1.227145,1.227145,0.0000e+00
dev-corpus-01,1695,30332,0.000000e+00,19101,19101,4.421621,4.421621,0.0000e+00
dev-corpus-01,1696,4950,0.000000e+00,1647,1647,2.874129,2.874129,0.0000e+00
dev-corpus-01,1697,1238,0.000000e+00,314,314,5.194515,5.194515,0.0000e+00
dev-corpus-01,1698,780,0.000000e+00,264,264,2.482682,2.482682,0.0000e+00
dev-corpus-01,1699,64134,0.000000e+00,220,220,7.776786,7.776786,0.0000e+00
dev-corpus-01,1700,291,0.000000e+00,291,291,0.247976,0.247976,0.0000e+00
dev-corpus-01,1701,24125,0.000000e+00,6206,6206,2.506389,2.506389,0.0000e+00
dev-corpus-01,1702,364,0.000000e+00,383,383,2.983700,2.983700,0.0000e+00
dev-corpus-01,1703,13412,0.000000e+00,279,279,13.396374,13.396374,0.0000e+00
dev-corpus-01,1704,235840,0.000000e+00,8903,8903,5.674529,5.674529,0.0000e+00
dev-corpus-01,1705,423,0.000000e+00,84854,84854,8.398207,8.398207,0.0000e+00
dev-corpus-01,1706,38531,0.000000e+00,38531,38531,1.171192,1.171192,0.0000e+00
dev-corpus-01,1707,318,0.000000e+00,318,318,1.016130,1.016130,0.0000e+00
dev-corpus-01,1708,220,0.000000e+00,220,220,0.062532,0.062532,0.0000e+00
dev-corpus-01,1709,17,0.000000e+00,17,17,0.011814,0.011814,0.0000e+00
dev-corpus-01,1710,15,0.000000e+00,15,15,0.000592,0.000592,0.0000e+00
dev-corpus-01,1711,16,0.000000e+00,15,15,2.332354,2.332354,0.0000e+00
dev-corpus-01,1712,15,0.000000e+00,15,15,0.304163,0.304163,0.0000e+00
dev-corpus-01,1713,847,0.000000e+00,847,847,0.019987,0.019987,0.0000e+00
dev-corpus-01,1714,641,0.000000e+00,641,641,0.842407,0.842407,0.0000e+00
dev-corpus-01,1715,5788,0.000000e+00,561,561,5.095734,5.095734,0.0000e+00
dev-corpus-01,1716,16876,0.000000e+00,279,279,5.663443,5.663443,0.0000e+00
dev-corpus-01,1717,279,0.000000e+00,279,279,0.504209,0.504209,0.0000e+00
dev-corpus-01,1718,14827,0.000000e+00,7766,7766,7.287225,7.287225,0.0000e+00
dev-corpus-01,1719,1116,0.000000e+00,1116,1116,0.918363,0.918363,0.0000e+00
dev-corpus-01,1720,551,0.000000e+00,1587,1587,1.660018,1.660018,0.0000e+00
dev-corpus-01,1721,995,0.000000e+00,995,995,1.600071,1.600071,0.0000e+00
dev-corpus-01,1722,1429,0.000000e+00,94044,94044,4.985161,4.985161,0.0000e+00
dev-corpus-01,1723,16253,0.000000e+00,264,264,7.962056,7.962056,0.0000e+00
dev-corpus-01,1724,22591,0.000000e+00,22591,22591,1.485592,1.485592,0.0000e+00
dev-corpus-01,1725,310,0.000000e+00,321,321,4.007884,4.007884,0.0000e+00
dev-corpus-01,1726,38406,0.000000e+00,1791,1791,5.622961,5.622961,0.0000e+00
dev-corpus-01,1727,780,0.000000e+00,780,780,0.700429,0.700429,0.0000e+00
dev-corpus-01,1728,4950,0.000000e+00,4950,4950,0.784451,0.784451,0.0000e+00
dev-corpus-01,1729,1116,0.000000e+00,641,641,1.670076,1.670076,0.0000e+00
dev-corpus-01,1730,3322,0.000000e+00,694,694,5.937289,5.937289,0.0000e+00
dev-corpus-01,1731,11192,0.000000e+00,978,978,6.683237,6.683237,0.0000e+00
dev-corpus-01,1732,1092,0.000000e+00,264,264,6.964479,6.964479,0.0000e+00
dev-corpus-01,1733,995,0.000000e+00,551,551,6.159631,6.159631,0.0000e+00
dev-corpus-01,1734,978,0.000000e+00,978,978,0.656104,0.656104,0.0000e+00
dev-corpus-01,1735,2512,0.000000e+00,7246,7246,2.162298,2.162298,0.0000e+00
dev-corpus-01,1736,264,0.000000e+00,9609,9609,1.584682,1.584682,0.0000e+00
dev-corpus-01,1737,328,0.000000e+00,9609,9609,1.736443,1.736443,0.0000e+00
dev-corpus-01,1738,35463,0.000000e+00,69235,69235,4.034583,4.034583,0.0000e+00
dev-corpus-01,1739,554,0.000000e+00,471,471,6.503265,6.503265,0.0000e+00
dev-corpus-01,1740,12,0.000000e+00,12,12,0.003871,0.003871,0.0000e+00
dev-corpus-01,1741,31,0.000000e+00,31,31,0.034779,0.034779,0.0000e+00
dev-corpus-01,1742,1441,0.000000e+00,1441,1441,0.264583,0.264583,0.0000e+00
dev-corpus-01,1743,42606,0.000000e+00,328,328,4.099565,4.099565,0.0000e+00
dev-corpus-01,1744,4879,0.000000e+00,328,328,8.792862,8.792862,0.0000e+00
dev-corpus-01,1745,328,0.000000e+00,328,328,0.101043,0.101043,0.0000e+00
dev-corpus-01,1746,303,0.000000e+00,641,641,3.522675,3.522675,0.0000e+00
dev-corpus-01,1747,780,0.000000e+00,279,279,2.191814,2.191814,0.0000e+00
dev-corpus-01,1748,4477,0.000000e+00,220,220,4.247437,4.247437,0.0000e+00
dev-corpus-01,1749,641,0.000000e+00,641,641,0.138445,0.138445,0.0000e+00
dev-corpus-01,1750,16623,0.000000e+00,695,695,2.718765,2.718765,0.0000e+00
dev-corpus-01,1751,12476,0.000000e+00,12476,12476,0.015185,0.015185,0.0000e+00
dev-corpus-01,1752,682,0.000000e+00,1116,1116,3.983860,3.983860,0.0000e+00
dev-corpus-01,1753,978,0.000000e+00,264,264,1.681503,1.681503,0.0000e+00
dev-corpus-01,1754,7463,0.000000e+00,7246,7246,3.183698,3.183698,0.0000e+00
dev-corpus-01,1755,310,0.000000e+00,310,310,0.204141,0.204141,0.0000e+00
dev-corpus-01,1756,780,0.000000e+00,780,780,0.789750,0.789750,0.0000e+00
dev-corpus-01,1757,6575,0.000000e+00,220,220,2.141940,2.141940,0.0000e+00
dev-corpus-01,1758,35810,0.000000e+00,26788,26788,4.636980,4.636980,0.0000e+00
dev-corpus-01,1759,1116,0.000000e+00,1116,1116,1.433125,1.433125,0.0000e+00
dev-corpus-01,1760,21016,0.000000e+00,1680,1680,14.299473,14.299473,0.0000e+00
dev-corpus-01,1761,3362,0.000000e+00,3362,3362,0.098399,0.098399,0.0000e+00
dev-corpus-01,1762,318,0.000000e+00,401,401,1.315683,1.315683,0.0000e+00
dev-corpus-01,1763,220,0.000000e+00,220,220,0.008839,0.008839,0.0000e+00
dev-corpus-01,1764,16,0.000000e+00,16,16,0.316641,0.316641,0.0000e+00
dev-corpus-01,1765,24,0.000000e+00,24,24,0.000261,0.000261,0.0000e+00
dev-corpus-01,1766,24,0.000000e+00,24,24,0.066335,0.066335,0.0000e+00
dev-corpus-01,1767,19,0.000000e+00,21,21,2.119638,2.119638,0.0000e+00
dev-corpus-01,1768,847,0.000000e+00,847,847,0.013181,0.013181,0.0000e+00
dev-corpus-01,1769,321,0.000000e+00,321,321,0.256091,0.256091,0.0000e+00
dev-corpus-01,1770,20637,0.000000e+00,3851,3851,9.484737,9.484737,0.0000e+00
dev-corpus-01,1771,2233,0.000000e+00,318,318,4.885343,4.885343,0.0000e+00
dev-corpus-01,1772,301,0.000000e+00,301,301,0.011143,0.011143,0.0000e+00
dev-corpus-01,1773,392,0.000000e+00,392,392,0.003289,0.003289,0.0000e+00
dev-corpus-01,1774,78,0.000000e+00,78,78,0.005809,0.005809,0.0000e+00
dev-corpus-01,1775,318,0.000000e+00,318,318,0.023440,0.023440,0.0000e+00
dev-corpus-01,1776,220,0.000000e+00,220,220,0.001700,0.001700,0.0000e+00
dev-corpus-01,1777,16,0.000000e+00,16,16,0.427195,0.427195,0.0000e+00
dev-corpus-01,1778,24,0.000000e+00,24,24,0.001328,0.001328,0.0000e+00
dev-corpus-01,1779,24,0.000000e+00,24,24,0.018520,0.018520,0.0000e+00
dev-corpus-01,1780,18,0.000000e+00,21,21,3.512128,3.512128,0.0000e+00
dev-corpus-01,1781,847,0.000000e+00,847,847,0.005673,0.005673,0.0000e+00
dev-corpus-01,1782,641,0.000000e+00,641,641,0.477748,0.477748,0.0000e+00
dev-corpus-01,1783,695,0.000000e+00,695,695,0.565029,0.565029,0.0000e+00
dev-corpus-01,1784,16623,0.000000e+00,561,561,1.820122,1.820122,0.0000e+00
dev-corpus-01,1785,12476,0.000000e+00,12476,12476,0.022831,0.022831,0.0000e+00
dev-corpus-01,1786,5924,0.000000e+00,557,557,4.412755,4.412755,0.0000e+00
dev-corpus-01,1787,1587,0.000000e+00,1587,1587,0.834584,0.834584,0.0000e+00
dev-corpus-01,1788,73,0.000000e+00,73,73,0.000322,0.000322,0.0000e+00
dev-corpus-01,1789,6510,0.000000e+00,6510,6510,0.000101,0.000101,0.0000e+00
dev-corpus-01,1790,359,0.000000e+00,359,359,0.052046,0.052046,0.0000e+00
dev-corpus-01,1791,82,0.000000e+00,82,82,0.005469,0.005469,0.0000e+00
dev-corpus-01,1792,11400,0.000000e+00,1118,1118,4.157014,4.157014,0.0000e+00
dev-corpus-01,1793,1324,0.000000e+00,23173,23173,2.894518,2.894518,0.0000e+00
dev-corpus-01,1794,554,0.000000e+00,799,799,0.878936,0.878936,0.0000e+00
dev-corpus-01,1795,12,0.000000e+00,12,12,0.000304,0.000304,0.0000e+00
dev-corpus-01,1796,31,0.000000e+00,31,31,0.000198,0.000198,0.0000e+00
dev-corpus-01,1797,799,0.000000e+00,799,799,0.016301,0.016301,0.0000e+00
dev-corpus-01,1798,7766,0.000000e+00,7766,7766,0.177525,0.177525,0.0000e+00
dev-corpus-01,1799,383,0.000000e+00,303,303,1.321142,1.321142,0.0000e+00
dev-corpus-01,1800,279,0.000000e+00,279,279,0.191990,0.191990,0.0000e+00
dev-corpus-01,1801,63957,0.000000e+00,63957,63957,1.137717,1.137717,0.0000e+00
dev-corpus-01,1802,6694,0.000000e+00,18867,18867,1.367077,1.367077,0.0000e+00
dev-corpus-01,1803,18867,0.000000e+00,18867,18867,0.014833,0.014833,0.0000e+00
dev-corpus-01,1804,83731,0.000000e+00,83731,83731,0.031300,0.031300,0.0000e+00
dev-corpus-01,1805,1332,0.000000e+00,9207,9207,10.881198,10.881198,0.0000e+00
dev-corpus-01,1806,424,0.000000e+00,424,424,0.383588,0.383588,0.0000e+00
dev-corpus-01,1807,55174,0.000000e+00,55174,55174,0.887298,0.887298,0.0000e+00
dev-corpus-01,1808,364,0.000000e+00,506,506,8.614562,8.614562,0.0000e+00
dev-corpus-01,1809,279,0.000000e+00,279,279,1.110437,1.110437,0.0000e+00
dev-corpus-01,1810,1936,0.000000e+00,1936,1936,0.500990,0.500990,0.0000e+00
dev-corpus-01,1811,13004,0.000000e+00,314,314,1.685588,1.685588,0.0000e+00
dev-corpus-01,1812,220,0.000000e+00,220,220,0.313687,0.313687,0.0000e+00
dev-corpus-01,1813,17,0.000000e+00,17,17,0.611815,0.611815,0.0000e+00
dev-corpus-01,1814,17,0.000000e+00,20,20,3.397934,3.397934,0.0000e+00
dev-corpus-01,1815,6324,0.000000e+00,6324,6324,0.172811,0.172811,0.0000e+00
dev-corpus-01,1816,220,0.000000e+00,220,220,0.087454,0.087454,0.0000e+00
dev-corpus-01,1817,17,0.000000e+00,17,17,0.001887,0.001887,0.0000e+00
dev-corpus-01,1818,15,0.000000e+00,15,15,0.000603,0.000603,0.0000e+00
dev-corpus-01,1819,16,0.000000e+00,16,16,0.000629,0.000629,0.0000e+00
dev-corpus-01,1820,16,0.000000e+00,16,16,0.008447,0.008447,0.0000e+00
dev-corpus-01,1821,641,0.000000e+00,641,641,0.528864,0.528864,0.0000e+00
dev-corpus-01,1822,1690,0.000000e+00,1049,1049,4.588006,4.588006,0.0000e+00
dev-corpus-01,1823,58614,0.000000e+00,279,279,9.595577,9.595577,0.0000e+00
dev-corpus-01,1824,2397,0.000000e+00,5381,5381,5.119622,5.119622,0.0000e+00
dev-corpus-01,1825,554,0.000000e+00,554,554,0.262668,0.262668,0.0000e+00
dev-corpus-01,1826,12,0.000000e+00,12,12,0.000035,0.000035,0.0000e+00
dev-corpus-01,1827,31,0.000000e+00,31,31,0.000115,0.000115,0.0000e+00
dev-corpus-01,1828,23173,0.000000e+00,23173,23173,0.026491,0.026491,0.0000e+00
dev-corpus-01,1829,5381,0.000000e+00,5381,5381,0.007896,0.007896,0.0000e+00
dev-corpus-01,1830,424,0.000000e+00,1116,1116,2.233957,2.233957,0.0000e+00
dev-corpus-01,1831,38480,0.000000e+00,14195,14195,3.523244,3.523244,0.0000e+00
dev-corpus-01,1832,279,0.000000e+00,279,279,0.089648,0.089648,0.0000e+00
dev-corpus-01,1833,18867,0.000000e+00,9207,9207,2.163713,2.163713,0.0000e+00
dev-corpus-01,1834,9948,0.000000e+00,83731,83731,1.575379,1.575379,0.0000e+00
dev-corpus-01,1835,83731,0.000000e+00,83731,83731,0.381078,0.381078,0.0000e+00
dev-corpus-01,1836,9207,0.000000e+00,9207,9207,0.205373,0.205373,0.0000e+00
dev-corpus-01,1837,1116,0.000000e+00,641,641,1.617125,1.617125,0.0000e+00
dev-corpus-01,1838,321,0.000000e+00,321,321,0.990630,0.990630,0.0000e+00
dev-corpus-01,1839,8379,0.000000e+00,364,364,3.053455,3.053455,0.0000e+00
dev-corpus-01,1840,1324,0.000000e+00,1324,1324,0.752131,0.752131,0.0000e+00
dev-corpus-01,1841,799,0.000000e+00,554,554,2.238041,2.238041,0.0000e+00
dev-corpus-01,1842,383,0.000000e+00,383,383,0.229059,0.229059,0.0000e+00
dev-corpus-01,1843,279,0.000000e+00,279,279,0.174872,0.174872,0.0000e+00
dev-corpus-01,1844,22555,0.000000e+00,18867,18867,3.922937,3.922937,0.0000e+00
dev-corpus-01,1845,83731,0.000000e+00,83731,83731,0.980804,0.980804,0.0000e+00
dev-corpus-01,1846,20613,0.000000e+00,9207,9207,1.635226,1.635226,0.0000e+00
dev-corpus-01,1847,641,0.000000e+00,641,641,0.640348,0.640348,0.0000e+00
dev-corpus-01,1848,1049,0.000000e+00,695,695,1.634353,1.634353,0.0000e+00
dev-corpus-01,1849,369,0.000000e+00,557,557,2.985690,2.985690,0.0000e+00
dev-corpus-01,1850,780,0.000000e+00,1587,1587,2.399365,2.399365,0.0000e+00
dev-corpus-01,1851,17175,0.000000e+00,1118,1118,3.445780,3.445780,0.0000e+00
dev-corpus-01,1852,23173,0.000000e+00,23173,23173,1.180395,1.180395,0.0000e+00
dev-corpus-01,1853,7766,0.000000e+00,1324,1324,2.186829,2.186829,0.0000e+00
dev-corpus-01,1854,310,0.000000e+00,310,310,0.260068,0.260068,0.0000e+00
dev-corpus-01,1855,9207,0.000000e+00,5372,5372,2.558297,2.558297,0.0000e+00
dev-corpus-01,1856,383,0.000000e+00,303,303,0.988648,0.988648,0.0000e+00
dev-corpus-01,1857,279,0.000000e+00,279,279,0.278369,0.278369,0.0000e+00
dev-corpus-01,1858,63957,0.000000e+00,63957,63957,0.682175,0.682175,0.0000e+00
dev-corpus-01,1859,220,0.000000e+00,6694,6694,2.284091,2.284091,0.0000e+00
dev-corpus-01,1860,17,0.000000e+00,17,17,0.006734,0.006734,0.0000e+00
dev-corpus-01,1861,15,0.000000e+00,15,15,0.000245,0.000245,0.0000e+00
dev-corpus-01,1862,15,0.000000e+00,15,15,0.000186,0.000186,0.0000e+00
dev-corpus-01,1863,318,0.000000e+00,1116,1116,3.385691,3.385691,0.0000e+00
dev-corpus-01,1864,18176,0.000000e+00,220,220,3.133493,3.133493,0.0000e+00
dev-corpus-01,1865,1324,0.000000e+00,1324,1324,0.672647,0.672647,0.0000e+00
dev-corpus-01,1866,50614,0.000000e+00,220,220,6.742141,6.742141,0.0000e+00
dev-corpus-01,1867,554,0.000000e+00,554,554,0.388869,0.388869,0.0000e+00
dev-corpus-01,1868,12,0.000000e+00,12,12,0.000199,0.000199,0.0000e+00
dev-corpus-01,1869,31,0.000000e+00,31,31,0.014524,0.014524,0.0000e+00
dev-corpus-01,1870,4097,0.000000e+00,4590,4590,2.158823,2.158823,0.0000e+00
dev-corpus-01,1871,847,0.000000e+00,847,847,0.192183,0.192183,0.0000e+00
dev-corpus-01,1872,1116,0.000000e+00,641,641,1.324377,1.324377,0.0000e+00
dev-corpus-01,1873,321,0.000000e+00,321,321,0.654910,0.654910,0.0000e+00
dev-corpus-01,1874,780,0.000000e+00,780,780,0.970331,0.970331,0.0000e+00
dev-corpus-01,1875,11400,0.000000e+00,1118,1118,2.746360,2.746360,0.0000e+00
dev-corpus-01,1876,7766,0.000000e+00,23173,23173,2.727695,2.727695,0.0000e+00
dev-corpus-01,1877,310,0.000000e+00,310,310,0.257647,0.257647,0.0000e+00
dev-corpus-01,1878,9207,0.000000e+00,9207,9207,0.848870,0.848870,0.0000e+00
dev-corpus-01,1879,303,0.000000e+00,383,383,1.943826,1.943826,0.0000e+00
dev-corpus-01,1880,17163,0.000000e+00,279,279,3.590762,3.590762,0.0000e+00
dev-corpus-01,1881,318,0.000000e+00,641,641,1.542370,1.542370,0.0000e+00
dev-corpus-01,1882,1016,0.000000e+00,18176,18176,2.072741,2.072741,0.0000e+00
dev-corpus-01,1883,1703,0.000000e+00,1703,1703,0.000078,0.000078,0.0000e+00
dev-corpus-01,1884,506,0.000000e+00,506,506,0.028071,0.028071,0.0000e+00
dev-corpus-01,1885,1324,0.000000e+00,1324,1324,0.201942,0.201942,0.0000e+00
dev-corpus-01,1886,50614,0.000000e+00,16570,16570,3.593188,3.593188,0.0000e+00
dev-corpus-01,1887,554,0.000000e+00,554,554,0.130802,0.130802,0.0000e+00
dev-corpus-01,1888,12,0.000000e+00,12,12,0.000022,0.000022,0.0000e+00
dev-corpus-01,1889,31,0.000000e+00,31,31,0.003763,0.003763,0.0000e+00
dev-corpus-01,1890,7810,0.000000e+00,4590,4590,2.245434,2.245434,0.0000e+00
dev-corpus-01,1891,847,0.000000e+00,847,847,0.079584,0.079584,0.0000e+00
dev-corpus-01,1892,641,0.000000e+00,641,641,0.114900,0.114900,0.0000e+00
dev-corpus-01,1893,23475,0.000000e+00,695,695,7.633212,7.633212,0.0000e+00
dev-corpus-01,1894,799,0.000000e+00,279,279,3.447200,3.447200,0.0000e+00
dev-corpus-01,1895,1936,0.000000e+00,2182,2182,1.428127,1.428127,0.0000e+00
dev-corpus-01,1896,1238,0.000000e+00,314,314,3.379386,3.379386,0.0000e+00
dev-corpus-01,1897,1141,0.000000e+00,1141,1141,0.906131,0.906131,0.0000e+00
dev-corpus-01,1898,4722,0.000000e+00,4722,4722,0.116492,0.116492,0.0000e+00
dev-corpus-01,1899,16623,0.000000e+00,1116,1116,5.301232,5.301232,0.0000e+00
dev-corpus-01,1900,12476,0.000000e+00,12476,12476,0.004563,0.004563,0.0000e+00
dev-corpus-01,1901,557,0.000000e+00,557,557,1.154395,1.154395,0.0000e+00
dev-corpus-01,1902,22196,0.000000e+00,22196,22196,0.292226,0.292226,0.0000e+00
dev-corpus-01,1903,6414,0.000000e+00,7186,7186,1.220376,1.220376,0.0000e+00
dev-corpus-01,1904,303,0.000000e+00,539,539,0.775094,0.775094,0.0000e+00
dev-corpus-01,1905,31907,0.000000e+00,11920,11920,4.967464,4.967464,0.0000e+00
dev-corpus-01,1906,1116,0.000000e+00,321,321,1.242156,1.242156,0.0000e+00
dev-corpus-01,1907,279,0.000000e+00,321,321,4.100866,4.100866,0.0000e+00
dev-corpus-01,1908,3516,0.000000e+00,1118,1118,2.464011,2.464011,0.0000e+00
dev-corpus-01,1909,4042,0.000000e+00,4042,4042,0.175234,0.175234,0.0000e+00
dev-corpus-01,1910,321,0.000000e+00,321,321,0.671968,0.671968,0.0000e+00
dev-corpus-01,1911,11920,0.000000e+00,11920,11920,0.878298,0.878298,0.0000e+00
dev-corpus-01,1912,321,0.000000e+00,641,641,3.099884,3.099884,0.0000e+00
dev-corpus-01,1913,22196,0.000000e+00,60131,60131,3.386533,3.386533,0.0000e+00
dev-corpus-01,1914,60131,0.000000e+00,60131,60131,0.129681,0.129681,0.0000e+00
dev-corpus-01,1915,303,0.000000e+00,303,303,0.020198,0.020198,0.0000e+00
dev-corpus-01,1916,34713,0.000000e+00,30046,30046,4.856048,4.856048,0.0000e+00
dev-corpus-01,1917,321,0.000000e+00,641,641,1.414241,1.414241,0.0000e+00
dev-corpus-01,1918,30046,0.000000e+00,30046,30046,1.578928,1.578928,0.0000e+00
dev-corpus-01,1919,641,0.000000e+00,641,641,0.110398,0.110398,0.0000e+00
dev-corpus-01,1920,695,0.000000e+00,695,695,0.869432,0.869432,0.0000e+00
dev-corpus-01,1921,20285,0.000000e+00,16623,16623,8.771658,8.771658,0.0000e+00
dev-corpus-01,1922,16878,0.000000e+00,16878,16878,1.519094,1.519094,0.0000e+00
dev-corpus-01,1923,599,0.000000e+00,998,998,2.433454,2.433454,0.0000e+00
dev-corpus-01,1924,978,0.000000e+00,978,978,0.022336,0.022336,0.0000e+00
dev-corpus-01,1925,5698,0.000000e+00,5698,5698,0.098858,0.098858,0.0000e+00
dev-corpus-01,1926,494,0.000000e+00,494,494,0.110276,0.110276,0.0000e+00
dev-corpus-01,1927,279,0.000000e+00,279,279,0.162032,0.162032,0.0000e+00
dev-corpus-01,1928,7766,0.000000e+00,7766,7766,0.114115,0.114115,0.0000e+00
dev-corpus-01,1929,641,0.000000e+00,535,535,1.179760,1.179760,0.0000e+00
dev-corpus-01,1930,561,0.000000e+00,328,328,1.242252,1.242252,0.0000e+00
dev-corpus-01,1931,2895,0.000000e+00,1118,1118,1.300571,1.300571,0.0000e+00
dev-corpus-01,1932,3074,0.000000e+00,3074,3074,0.045199,0.045199,0.0000e+00
dev-corpus-01,1933,1116,0.000000e+00,1116,1116,0.768870,0.768870,0.0000e+00
dev-corpus-01,1934,328,0.000000e+00,328,328,0.284471,0.284471,0.0000e+00
dev-corpus-01,1935,3851,0.000000e+00,3851,3851,2.851507,2.851507,0.0000e+00
dev-corpus-01,1936,185357,0.000000e+00,351,351,3.881518,3.881518,0.0000e+00
dev-corpus-01,1937,328,0.000000e+00,328,328,1.915443,1.915443,0.0000e+00
dev-corpus-01,1938,1116,0.000000e+00,1116,1116,0.661201,0.661201,0.0000e+00
dev-corpus-01,1939,5924,0.000000e+00,557,557,3.263847,3.263847,0.0000e+00
dev-corpus-01,1940,264,0.000000e+00,1587,1587,2.130944,2.130944,0.0000e+00
dev-corpus-01,1941,8094,0.000000e+00,1324,1324,4.457697,4.457697,0.0000e+00
dev-corpus-01,1942,2316,0.000000e+00,2316,2316,0.429099,0.429099,0.0000e+00
dev-corpus-01,1943,303,0.000000e+00,303,303,1.004145,1.004145,0.0000e+00
dev-corpus-01,1944,3679,0.000000e+00,18867,18867,3.464440,3.464440,0.0000e+00
dev-corpus-01,1945,18867,0.000000e+00,18867,18867,0.763668,0.763668,0.0000e+00
dev-corpus-01,1946,3567,0.000000e+00,3567,3567,0.162834,0.162834,0.0000e+00
dev-corpus-01,1947,5656,0.000000e+00,5656,5656,0.107485,0.107485,0.0000e+00
dev-corpus-01,1948,321,0.000000e+00,641,641,1.553967,1.553967,0.0000e+00
dev-corpus-01,1949,557,0.000000e+00,557,557,1.624550,1.624550,0.0000e+00
dev-corpus-01,1950,1324,0.000000e+00,22196,22196,4.706232,4.706232,0.0000e+00
dev-corpus-01,1951,799,0.000000e+00,799,799,0.353168,0.353168,0.0000e+00
dev-corpus-01,1952,383,0.000000e+00,383,383,0.674688,0.674688,0.0000e+00
dev-corpus-01,1953,279,0.000000e+00,279,279,0.220694,0.220694,0.0000e+00
dev-corpus-01,1954,63957,0.000000e+00,63957,63957,1.673125,1.673125,0.0000e+00
dev-corpus-01,1955,18867,0.000000e+00,18867,18867,0.396916,0.396916,0.0000e+00
dev-corpus-01,1956,37804,0.000000e+00,9948,9948,1.916907,1.916907,0.0000e+00
dev-corpus-01,1957,321,0.000000e+00,9207,9207,3.355228,3.355228,0.0000e+00
dev-corpus-01,1958,18867,0.000000e+00,18867,18867,1.223037,1.223037,0.0000e+00
dev-corpus-01,1959,9948,0.000000e+00,423,423,1.324358,1.324358,0.0000e+00
dev-corpus-01,1960,37804,0.000000e+00,37804,37804,0.605264,0.605264,0.0000e+00
dev-corpus-01,1961,25296,0.000000e+00,25296,25296,0.295935,0.295935,0.0000e+00
dev-corpus-01,1962,641,0.000000e+00,641,641,0.792668,0.792668,0.0000e+00
dev-corpus-01,1963,1049,0.000000e+00,561,561,2.309778,2.309778,0.0000e+00
dev-corpus-01,1964,557,0.000000e+00,557,557,0.893753,0.893753,0.0000e+00
dev-corpus-01,1965,7854,0.000000e+00,1048,1048,2.992219,2.992219,0.0000e+00
dev-corpus-01,1966,539,0.000000e+00,539,539,0.039600,0.039600,0.0000e+00
dev-corpus-01,1967,328,0.000000e+00,328,328,0.346687,0.346687,0.0000e+00
dev-corpus-01,1968,28296,0.000000e+00,3851,3851,6.374436,6.374436,0.0000e+00
dev-corpus-01,1969,16284,0.000000e+00,2337,2337,1.931677,1.931677,0.0000e+00
dev-corpus-01,1970,179314,0.000000e+00,328,328,4.074659,4.074659,0.0000e+00
dev-corpus-01,1971,328,0.000000e+00,328,328,0.092484,0.092484,0.0000e+00
dev-corpus-01,1972,318,0.000000e+00,1116,1116,2.356826,2.356826,0.0000e+00
dev-corpus-01,1973,15963,0.000000e+00,1324,1324,3.153826,3.153826,0.0000e+00
dev-corpus-01,1974,469,0.000000e+00,29233,29233,6.355812,6.355812,0.0000e+00
dev-corpus-01,1975,5923,0.000000e+00,5923,5923,0.267622,0.267622,0.0000e+00
dev-corpus-01,1976,75497,0.000000e+00,75497,75497,0.363968,0.363968,0.0000e+00
dev-corpus-01,1977,847,0.000000e+00,847,847,0.059836,0.059836,0.0000e+00
dev-corpus-01,1978,1116,0.000000e+00,1116,1116,0.650633,0.650633,0.0000e+00
dev-corpus-01,1979,864,0.000000e+00,328,328,1.892972,1.892972,0.0000e+00
dev-corpus-01,1980,8379,0.000000e+00,557,557,1.734566,1.734566,0.0000e+00
dev-corpus-01,1981,1324,0.000000e+00,1324,1324,0.325647,0.325647,0.0000e+00
dev-corpus-01,1982,799,0.000000e+00,799,799,1.227578,1.227578,0.0000e+00
dev-corpus-01,1983,383,0.000000e+00,383,383,0.166055,0.166055,0.0000e+00
dev-corpus-01,1984,279,0.000000e+00,279,279,0.130056,0.130056,0.0000e+00
dev-corpus-01,1985,18867,0.000000e+00,63957,63957,1.332375,1.332375,0.0000e+00
dev-corpus-01,1986,9948,0.000000e+00,9948,9948,0.649101,0.649101,0.0000e+00
dev-corpus-01,1987,37804,0.000000e+00,37804,37804,0.140153,0.140153,0.0000e+00
dev-corpus-01,1988,1116,0.000000e+00,9207,9207,4.089955,4.089955,0.0000e+00
dev-corpus-01,1989,1324,0.000000e+00,321,321,3.262735,3.262735,0.0000e+00
dev-corpus-01,1990,1330,0.000000e+00,1330,1330,0.917824,0.917824,0.0000e+00
dev-corpus-01,1991,383,0.000000e+00,383,383,0.026859,0.026859,0.0000e+00
dev-corpus-01,1992,279,0.000000e+00,279,279,0.124046,0.124046,0.0000e+00
dev-corpus-01,1993,18867,0.000000e+00,18867,18867,0.486288,0.486288,0.0000e+00
dev-corpus-01,1994,37804,0.000000e+00,423,423,1.004658,1.004658,0.0000e+00
dev-corpus-01,1995,25296,0.000000e+00,321,321,2.492853,2.492853,0.0000e+00
dev-corpus-01,1996,321,0.000000e+00,321,321,0.449620,0.449620,0.0000e+00
dev-corpus-01,1997,38480,0.000000e+00,1324,1324,2.957436,2.957436,0.0000e+00
dev-corpus-01,1998,3679,0.000000e+00,279,279,5.205036,5.205036,0.0000e+00
dev-corpus-01,1999,975,0.000000e+00,18867,18867,1.673287,1.673287,0.0000e+00
dev-corpus-01,2000,5145,0.000000e+00,25296,25296,3.213594,3.213594,0.0000e+00
dev-corpus-01,2001,25296,0.000000e+00,25296,25296,0.261457,0.261457,0.0000e+00
dev-corpus-01,2002,641,0.000000e+00,641,641,0.428150,0.428150,0.0000e+00
dev-corpus-01,2003,328,0.000000e+00,328,328,1.284584,1.284584,0.0000e+00
dev-corpus-01,2004,20112,0.000000e+00,3851,3851,4.414560,4.414560,0.0000e+00
dev-corpus-01,2005,4470,0.000000e+00,182248,182248,5.975887,5.975887,0.0000e+00
dev-corpus-01,2006,667,0.000000e+00,667,667,0.595416,0.595416,0.0000e+00
dev-corpus-01,2007,1297,0.000000e+00,328,328,4.114373,4.114373,0.0000e+00
dev-corpus-01,2008,2088,0.000000e+00,436,436,4.240651,4.240651,0.0000e+00
dev-corpus-01,2009,179740,0.000000e+00,426,426,5.525182,5.525182,0.0000e+00
dev-corpus-01,2010,387,0.000000e+00,11620,11620,6.056557,6.056557,0.0000e+00
dev-corpus-01,2011,20149,0.000000e+00,20149,20149,0.802872,0.802872,0.0000e+00
dev-corpus-01,2012,8426,0.000000e+00,8426,8426,0.000796,0.000796,0.0000e+00
dev-corpus-01,2013,57298,0.000000e+00,57298,57298,0.262572,0.262572,0.0000e+00
dev-corpus-01,2014,5405,0.000000e+00,5405,5405,0.010682,0.010682,0.0000e+00
dev-corpus-01,2015,328,0.000000e+00,328,328,0.027696,0.027696,0.0000e+00
dev-corpus-01,2016,557,0.000000e+00,557,557,1.411972,1.411972,0.0000e+00
dev-corpus-01,2017,5698,0.000000e+00,279,279,1.364533,1.364533,0.0000e+00
dev-corpus-01,2018,303,0.000000e+00,430,430,1.102770,1.102770,0.0000e+00
dev-corpus-01,2019,3114,0.000000e+00,220,220,3.176019,3.176019,0.0000e+00
dev-corpus-01,2020,220,0.000000e+00,220,220,0.077911,0.077911,0.0000e+00
dev-corpus-01,2021,17,0.000000e+00,17,17,0.002852,0.002852,0.0000e+00
dev-corpus-01,2022,15,0.000000e+00,15,15,0.000509,0.000509,0.0000e+00
dev-corpus-01,2023,16,0.000000e+00,16,16,0.000653,0.000653,0.0000e+00
dev-corpus-01,2024,17,0.000000e+00,17,17,0.108491,0.108491,0.0000e+00
dev-corpus-01,2025,2502,0.000000e+00,321,321,4.315528,4.315528,0.0000e+00
dev-corpus-01,2026,328,0.000000e+00,424,424,2.237804,2.237804,0.0000e+00
dev-corpus-01,2027,2568,0.000000e+00,3851,3851,4.107602,4.107602,0.0000e+00
dev-corpus-01,2028,3297,0.000000e+00,3297,3297,1.616002,1.616002,0.0000e+00
dev-corpus-01,2029,42146,0.000000e+00,42146,42146,0.108288,0.108288,0.0000e+00
dev-corpus-01,2030,328,0.000000e+00,328,328,0.505535,0.505535,0.0000e+00
dev-corpus-01,2031,303,0.000000e+00,557,557,2.276239,2.276239,0.0000e+00
dev-corpus-01,2032,5589,0.000000e+00,5361,5361,1.752213,1.752213,0.0000e+00
dev-corpus-01,2033,220,0.000000e+00,220,220,0.175049,0.175049,0.0000e+00
dev-corpus-01,2034,17,0.000000e+00,17,17,0.001429,0.001429,0.0000e+00
dev-corpus-01,2035,15,0.000000e+00,15,15,0.000934,0.000934,0.0000e+00
dev-corpus-01,2036,16,0.000000e+00,16,16,0.000136,0.000136,0.0000e+00
dev-corpus-01,2037,17,0.000000e+00,17,17,0.004718,0.004718,0.0000e+00
dev-corpus-01,2038,1116,0.000000e+00,2502,2502,2.062248,2.062248,0.0000e+00
dev-corpus-01,2039,321,0.000000e+00,321,321,0.369168,0.369168,0.0000e+00
dev-corpus-01,2040,328,0.000000e+00,328,328,0.202517,0.202517,0.0000e+00
dev-corpus-01,2041,11493,0.000000e+00,3851,3851,4.285110,4.285110,0.0000e+00
dev-corpus-01,2042,27713,0.000000e+00,2088,2088,3.643749,3.643749,0.0000e+00
dev-corpus-01,2043,2233,0.000000e+00,629,629,2.071742,2.071742,0.0000e+00
dev-corpus-01,2044,59725,0.000000e+00,9124,9124,6.246939,6.246939,0.0000e+00
dev-corpus-01,2045,166406,0.000000e+00,166406,166406,0.158470,0.158470,0.0000e+00
dev-corpus-01,2046,328,0.000000e+00,328,328,0.019808,0.019808,0.0000e+00
dev-corpus-01,2047,303,0.000000e+00,303,303,0.238591,0.238591,0.0000e+00
dev-corpus-02,2048,3856,0.000000e+00,283,283,6.513406,6.513406,0.0000e+00
dev-corpus-02,2049,70577,0.000000e+00,220,220,9.396064,9.396064,0.0000e+00
dev-corpus-02,2050,353,0.000000e+00,14016,14016,1.902711,1.902711,0.0000e+00
dev-corpus-02,2051,55603,0.000000e+00,3593,3593,2.221774,2.221774,0.0000e+00
dev-corpus-02,2052,283,0.000000e+00,283,283,0.727898,0.727898,0.0000e+00
dev-corpus-02,2053,30858,0.000000e+00,198,198,12.598008,12.598008,0.0000e+00
dev-corpus-02,2054,561,0.000000e+00,410,410,7.512407,7.512407,0.0000e+00
dev-corpus-02,2055,3856,0.000000e+00,5753,5753,1.771183,1.771183,0.0000e+00
dev-corpus-02,2056,70577,0.000000e+00,70577,70577,0.051952,0.051952,0.0000e+00
dev-corpus-02,2057,353,0.000000e+00,353,353,0.167982,0.167982,0.0000e+00
dev-corpus-02,2058,557,0.000000e+00,557,557,0.795121,0.795121,0.0000e+00
dev-corpus-02,2059,264,0.000000e+00,264,264,0.585028,0.585028,0.0000e+00
dev-corpus-02,2060,523,0.000000e+00,5753,5753,1.285923,1.285923,0.0000e+00
dev-corpus-02,2061,314,0.000000e+00,314,314,0.006763,0.006763,0.0000e+00
dev-corpus-02,2062,2526,0.000000e+00,5753,5753,4.322712,4.322712,0.0000e+00
dev-corpus-02,2063,33101,0.000000e+00,5753,5753,3.238490,3.238490,0.0000e+00
dev-corpus-02,2064,82588,0.000000e+00,82588,82588,0.538684,0.538684,0.0000e+00
dev-corpus-02,2065,318,0.000000e+00,5617,5617,2.235176,2.235176,0.0000e+00
dev-corpus-02,2066,533,0.000000e+00,52,52,4.475812,4.475812,0.0000e+00
dev-corpus-02,2067,554,0.000000e+00,12,12,14.860307,14.860307,0.0000e+00
dev-corpus-02,2068,12,0.000000e+00,2436,2436,3.006363,3.006363,0.0000e+00
dev-corpus-02,2069,31,0.000000e+00,1191,1191,9.327088,9.327088,0.0000e+00
dev-corpus-02,2070,30592,0.000000e+00,1191,1191,3.339009,3.339009,0.0000e+00
dev-corpus-02,2071,847,0.000000e+00,8,8,1.010272,1.010272,0.0000e+00
dev-corpus-02,2072,5617,0.000000e+00,5617,5617,0.753727,0.753727,0.0000e+00
dev-corpus-02,2073,303,0.000000e+00,364,364,1.799570,1.799570,0.0000e+00
dev-corpus-02,2074,9564,0.000000e+00,9564,9564,0.529775,0.529775,0.0000e+00
dev-corpus-02,2075,506,0.000000e+00,2261,2261,2.222827,2.222827,0.0000e+00
dev-corpus-02,2076,279,0.000000e+00,279,279,0.010162,0.010162,0.0000e+00
dev-corpus-02,2077,6941,0.000000e+00,6941,6941,0.563305,0.563305,0.0000e+00
dev-corpus-02,2078,314,0.000000e+00,314,314,0.006926,0.006926,0.0000e+00
dev-corpus-02,2079,279,0.000000e+00,4196,4196,1.177534,1.177534,0.0000e+00
dev-corpus-02,2080,5339,0.000000e+00,5339,5339,0.358193,0.358193,0.0000e+00
dev-corpus-02,2081,4196,0.000000e+00,4196,4196,0.004523,0.004523,0.0000e+00
dev-corpus-02,2082,4843,0.000000e+00,4843,4843,0.002067,0.002067,0.0000e+00
dev-corpus-02,2083,641,0.000000e+00,13,13,2.021806,2.021806,0.0000e+00
dev-corpus-02,2084,220,0.000000e+00,561,561,3.866919,3.866919,0.0000e+00
dev-corpus-02,2085,17,0.000000e+00,16,16,2.033570,2.033570,0.0000e+00
dev-corpus-02,2086,15,0.000000e+00,15,15,1.215088,1.215088,0.0000e+00
dev-corpus-02,2087,30592,0.000000e+00,15,15,2.640715,2.640715,0.0000e+00
dev-corpus-02,2088,998,0.000000e+00,998,998,0.546558,0.546558,0.0000e+00
dev-corpus-02,2089,19729,0.000000e+00,5617,5617,3.449270,3.449270,0.0000e+00
dev-corpus-02,2090,1116,0.000000e+00,303,303,3.063544,3.063544,0.0000e+00
dev-corpus-02,2091,1379,0.000000e+00,220,220,5.001221,5.001221,0.0000e+00
dev-corpus-02,2092,314,0.000000e+00,314,314,0.477611,0.477611,0.0000e+00
dev-corpus-02,2093,864,0.000000e+00,1070,1070,0.846726,0.846726,0.0000e+00
dev-corpus-02,2094,3804,0.000000e+00,998,998,4.641889,4.641889,0.0000e+00
dev-corpus-02,2095,1083,0.000000e+00,310,310,1.463111,1.463111,0.0000e+00
dev-corpus-02,2096,2393,0.000000e+00,2393,2393,0.148532,0.148532,0.0000e+00
dev-corpus-02,2097,440,0.000000e+00,303,303,1.371479,1.371479,0.0000e+00
dev-corpus-02,2098,279,0.000000e+00,279,279,0.103027,0.103027,0.0000e+00
dev-corpus-02,2099,5753,0.000000e+00,5753,5753,0.660696,0.660696,0.0000e+00
dev-corpus-02,2100,28936,0.000000e+00,28936,28936,0.526702,0.526702,0.0000e+00
dev-corpus-02,2101,18463,0.000000e+00,18463,18463,0.081312,0.081312,0.0000e+00
dev-corpus-02,2102,641,0.000000e+00,641,641,1.227644,1.227644,0.0000e+00
dev-corpus-02,2103,2436,0.000000e+00,220,220,8.017152,8.017152,0.0000e+00
dev-corpus-02,2104,1798,0.000000e+00,1798,1798,0.017355,0.017355,0.0000e+00
dev-corpus-02,2105,314,0.000000e+00,314,314,1.001724,1.001724,0.0000e+00
dev-corpus-02,2106,411,0.000000e+00,411,411,0.374158,0.374158,0.0000e+00
dev-corpus-02,2107,2790,0.000000e+00,523,523,4.334957,4.334957,0.0000e+00
dev-corpus-02,2108,998,0.000000e+00,998,998,0.374865,0.374865,0.0000e+00
dev-corpus-02,2109,1048,0.000000e+00,1048,1048,1.672702,1.672702,0.0000e+00
dev-corpus-02,2110,22428,0.000000e+00,5617,5617,2.989148,2.989148,0.0000e+00
dev-corpus-02,2111,539,0.000000e+00,539,539,0.079421,0.079421,0.0000e+00
dev-corpus-02,2112,279,0.000000e+00,279,279,0.591958,0.591958,0.0000e+00
dev-corpus-02,2113,12555,0.000000e+00,12555,12555,1.043485,1.043485,0.0000e+00
dev-corpus-02,2114,298,0.000000e+00,298,298,0.004011,0.004011,0.0000e+00
dev-corpus-02,2115,554,0.000000e+00,10951,10951,4.425940,4.425940,0.0000e+00
dev-corpus-02,2116,12,0.000000e+00,12,12,0.114698,0.114698,0.0000e+00
dev-corpus-02,2117,31,0.000000e+00,31,31,0.061999,0.061999,0.0000e+00
dev-corpus-02,2118,54871,0.000000e+00,54871,54871,0.047869,0.047869,0.0000e+00
dev-corpus-02,2119,18463,0.000000e+00,18463,18463,0.842408,0.842408,0.0000e+00
dev-corpus-02,2120,318,0.000000e+00,321,321,2.509344,2.509344,0.0000e+00
dev-corpus-02,2121,64702,0.000000e+00,220,220,8.371304,8.371304,0.0000e+00
dev-corpus-02,2122,19395,0.000000e+00,19395,19395,0.154915,0.154915,0.0000e+00
dev-corpus-02,2123,1962,0.000000e+00,1962,1962,0.205176,0.205176,0.0000e+00
dev-corpus-02,2124,181245,0.000000e+00,22661,22661,2.208855,2.208855,0.0000e+00
dev-corpus-02,2125,19395,0.000000e+00,19395,19395,0.004871,0.004871,0.0000e+00
dev-corpus-02,2126,163935,0.000000e+00,22248,22248,1.590397,1.590397,0.0000e+00
dev-corpus-02,2127,3445,0.000000e+00,3445,3445,0.005687,0.005687,0.0000e+00
dev-corpus-02,2128,71688,0.000000e+00,71688,71688,0.002363,0.002363,0.0000e+00
dev-corpus-02,2129,466,0.000000e+00,847,847,4.093194,4.093194,0.0000e+00
dev-corpus-02,2130,710,0.000000e+00,710,710,0.549924,0.549924,0.0000e+00
dev-corpus-02,2131,11299,0.000000e+00,11299,11299,1.101068,1.101068,0.0000e+00
dev-corpus-02,2132,11024,0.000000e+00,11024,11024,0.102097,0.102097,0.0000e+00
dev-corpus-02,2133,13,0.000000e+00,13,13,0.797137,0.797137,0.0000e+00
dev-corpus-02,2134,163935,0.000000e+00,163935,163935,0.576472,0.576472,0.0000e+00
dev-corpus-02,2135,3445,0.000000e+00,3445,3445,0.000853,0.000853,0.0000e+00
dev-corpus-02,2136,71688,0.000000e+00,71688,71688,0.001258,0.001258,0.0000e+00
dev-corpus-02,2137,847,0.000000e+00,847,847,0.210048,0.210048,0.0000e+00
dev-corpus-02,2138,321,0.000000e+00,321,321,0.778420,0.778420,0.0000e+00
dev-corpus-02,2139,279,0.000000e+00,279,279,0.396148,0.396148,0.0000e+00
dev-corpus-02,2140,85573,0.000000e+00,66675,66675,1.960750,1.960750,0.0000e+00
dev-corpus-02,2141,18463,0.000000e+00,18463,18463,0.205522,0.205522,0.0000e+00
dev-corpus-02,2142,641,0.000000e+00,641,641,0.686421,0.686421,0.0000e+00
dev-corpus-02,2143,561,0.000000e+00,198,198,2.066485,2.066485,0.0000e+00
dev-corpus-02,2144,1809,0.000000e+00,3856,3856,9.451729,9.451729,0.0000e+00
dev-corpus-02,2145,369,0.000000e+00,314,314,2.901236,2.901236,0.0000e+00
dev-corpus-02,2146,6807,0.000000e+00,6807,6807,2.284898,2.284898,0.0000e+00
dev-corpus-02,2147,3750,0.000000e+00,13464,13464,3.032865,3.032865,0.0000e+00
dev-corpus-02,2148,430,0.000000e+00,430,430,0.121938,0.121938,0.0000e+00
dev-corpus-02,2149,279,0.000000e+00,279,279,0.190861,0.190861,0.0000e+00
dev-corpus-02,2150,70577,0.000000e+00,70577,70577,1.733609,1.733609,0.0000e+00
dev-corpus-02,2151,554,0.000000e+00,353,353,2.635734,2.635734,0.0000e+00
dev-corpus-02,2152,12,0.000000e+00,12,12,0.076863,0.076863,0.0000e+00
dev-corpus-02,2153,31,0.000000e+00,31,31,0.026036,0.026036,0.0000e+00
dev-corpus-02,2154,220,0.000000e+00,353,353,1.940305,1.940305,0.0000e+00
dev-corpus-02,2155,16,0.000000e+00,16,16,0.624257,0.624257,0.0000e+00
dev-corpus-02,2156,523,0.000000e+00,24,24,1.556398,1.556398,0.0000e+00
dev-corpus-02,2157,1238,0.000000e+00,641,641,7.086968,7.086968,0.0000e+00
dev-corpus-02,2158,13322,0.000000e+00,279,279,13.184662,13.184662,0.0000e+00
dev-corpus-02,2159,70577,0.000000e+00,70577,70577,0.060049,0.060049,0.0000e+00
dev-corpus-02,2160,554,0.000000e+00,554,554,0.284197,0.284197,0.0000e+00
dev-corpus-02,2161,12,0.000000e+00,12,12,0.001826,0.001826,0.0000e+00
dev-corpus-02,2162,31,0.000000e+00,31,31,0.005890,0.005890,0.0000e+00
dev-corpus-02,2163,220,0.000000e+00,220,220,0.014206,0.014206,0.0000e+00
dev-corpus-02,2164,16,0.000000e+00,16,16,0.020376,0.020376,0.0000e+00
dev-corpus-02,2165,1116,0.000000e+00,1116,1116,0.731449,0.731449,0.0000e+00
dev-corpus-02,2166,279,0.000000e+00,279,279,0.201775,0.201775,0.0000e+00
dev-corpus-02,2167,523,0.000000e+00,1118,1118,4.717442,4.717442,0.0000e+00
dev-corpus-02,2168,7410,0.000000e+00,7410,7410,0.476910,0.476910,0.0000e+00
dev-corpus-02,2169,641,0.000000e+00,641,641,0.473189,0.473189,0.0000e+00
dev-corpus-02,2170,733,0.000000e+00,198,198,4.627370,4.627370,0.0000e+00
dev-corpus-02,2171,279,0.000000e+00,220,220,1.971532,1.971532,0.0000e+00
dev-corpus-02,2172,12555,0.000000e+00,5753,5753,3.871344,3.871344,0.0000e+00
dev-corpus-02,2173,298,0.000000e+00,298,298,0.002950,0.002950,0.0000e+00
dev-corpus-02,2174,554,0.000000e+00,554,554,0.051791,0.051791,0.0000e+00
dev-corpus-02,2175,12,0.000000e+00,12,12,0.001870,0.001870,0.0000e+00
dev-corpus-02,2176,31,0.000000e+00,31,31,0.001985,0.001985,0.0000e+00
dev-corpus-02,2177,54871,0.000000e+00,54871,54871,0.012493,0.012493,0.0000e+00
dev-corpus-02,2178,18463,0.000000e+00,18463,18463,0.599538,0.599538,0.0000e+00
dev-corpus-02,2179,1116,0.000000e+00,1116,1116,0.824477,0.824477,0.0000e+00
dev-corpus-02,2180,424,0.000000e+00,279,279,3.367239,3.367239,0.0000e+00
dev-corpus-02,2181,557,0.000000e+00,557,557,0.173312,0.173312,0.0000e+00
dev-corpus-02,2182,2512,0.000000e+00,3750,3750,2.483744,2.483744,0.0000e+00
dev-corpus-02,2183,279,0.000000e+00,279,279,0.199530,0.199530,0.0000e+00
dev-corpus-02,2184,533,0.000000e+00,533,533,0.864884,0.864884,0.0000e+00
dev-corpus-02,2185,554,0.000000e+00,554,554,0.542315,0.542315,0.0000e+00
dev-corpus-02,2186,12,0.000000e+00,12,12,0.005786,0.005786,0.0000e+00
dev-corpus-02,2187,31,0.000000e+00,31,31,0.030145,0.030145,0.0000e+00
dev-corpus-02,2188,220,0.000000e+00,220,220,0.242763,0.242763,0.0000e+00
dev-corpus-02,2189,16,0.000000e+00,16,16,0.546690,0.546690,0.0000e+00
dev-corpus-02,2190,15,0.000000e+00,523,523,3.494367,3.494367,0.0000e+00
dev-corpus-02,2191,523,0.000000e+00,523,523,0.664005,0.664005,0.0000e+00
dev-corpus-02,2192,641,0.000000e+00,641,641,0.531862,0.531862,0.0000e+00
dev-corpus-02,2193,695,0.000000e+00,198,198,1.742456,1.742456,0.0000e+00
dev-corpus-02,2194,31959,0.000000e+00,410,410,6.537374,6.537374,0.0000e+00
dev-corpus-02,2195,310,0.000000e+00,303,303,2.293230,2.293230,0.0000e+00
dev-corpus-02,2196,3258,0.000000e+00,264,264,4.087042,4.087042,0.0000e+00
dev-corpus-02,2197,279,0.000000e+00,279,279,0.650426,0.650426,0.0000e+00
dev-corpus-02,2198,1144,0.000000e+00,32556,32556,1.974701,1.974701,0.0000e+00
dev-corpus-02,2199,364,0.000000e+00,364,364,0.082621,0.082621,0.0000e+00
dev-corpus-02,2200,2526,0.000000e+00,264,264,1.619848,1.619848,0.0000e+00
dev-corpus-02,2201,42649,0.000000e+00,82588,82588,11.327769,11.327769,0.0000e+00
dev-corpus-02,2202,470,0.000000e+00,470,470,0.140825,0.140825,0.0000e+00
dev-corpus-02,2203,82588,0.000000e+00,82588,82588,1.139068,1.139068,0.0000e+00
dev-corpus-02,2204,2858,0.000000e+00,364,364,4.796266,4.796266,0.0000e+00
dev-corpus-02,2205,310,0.000000e+00,310,310,0.002902,0.002902,0.0000e+00
dev-corpus-02,2206,14061,0.000000e+00,14061,14061,0.583164,0.583164,0.0000e+00
dev-corpus-02,2207,303,0.000000e+00,303,303,0.667367,0.667367,0.0000e+00
dev-corpus-02,2208,279,0.000000e+00,33101,33101,1.410010,1.410010,0.0000e+00
dev-corpus-02,2209,14590,0.000000e+00,33101,33101,2.971110,2.971110,0.0000e+00
dev-corpus-02,2210,1116,0.000000e+00,33101,33101,5.459568,5.459568,0.0000e+00
dev-corpus-02,2211,24785,0.000000e+00,24785,24785,0.556385,0.556385,0.0000e+00
dev-corpus-02,2212,49998,0.000000e+00,19895,19895,4.647885,4.647885,0.0000e+00
dev-corpus-02,2213,974,0.000000e+00,314,314,3.353472,3.353472,0.0000e+00
dev-corpus-02,2214,426,0.000000e+00,279,279,7.068844,7.068844,0.0000e+00
dev-corpus-02,2215,82036,0.000000e+00,82036,82036,0.003040,0.003040,0.0000e+00
dev-corpus-02,2216,1116,0.000000e+00,321,321,1.204909,1.204909,0.0000e+00
dev-corpus-02,2217,279,0.000000e+00,279,279,0.771083,0.771083,0.0000e+00
dev-corpus-02,2218,29001,0.000000e+00,70577,70577,6.351996,6.351996,0.0000e+00
dev-corpus-02,2219,998,0.000000e+00,998,998,0.419475,0.419475,0.0000e+00
dev-corpus-02,2220,10287,0.000000e+00,5995,5995,3.994760,3.994760,0.0000e+00
dev-corpus-02,2221,310,0.000000e+00,310,310,0.385581,0.385581,0.0000e+00
dev-corpus-02,2222,381,0.000000e+00,381,381,1.322485,1.322485,0.0000e+00
dev-corpus-02,2223,5964,0.000000e+00,1429,1429,5.711343,5.711343,0.0000e+00
dev-corpus-02,2224,19729,0.000000e+00,19729,19729,1.259094,1.259094,0.0000e+00
dev-corpus-02,2225,1116,0.000000e+00,321,321,2.668163,2.668163,0.0000e+00
dev-corpus-02,2226,1179,0.000000e+00,11533,11533,6.639891,6.639891,0.0000e+00
dev-corpus-02,2227,26380,0.000000e+00,25241,25241,4.129722,4.129722,0.0000e+00
dev-corpus-02,2228,539,0.000000e+00,310,310,2.464414,2.464414,0.0000e+00
dev-corpus-02,2229,13176,0.000000e+00,13176,13176,0.289956,0.289956,0.0000e+00
dev-corpus-02,2230,321,0.000000e+00,310,310,2.893011,2.893011,0.0000e+00
dev-corpus-02,2231,32878,0.000000e+00,32878,32878,0.562873,0.562873,0.0000e+00
dev-corpus-02,2232,506,0.000000e+00,506,506,0.826988,0.826988,0.0000e+00
dev-corpus-02,2233,836,0.000000e+00,836,836,0.879582,0.879582,0.0000e+00
dev-corpus-02,2234,2548,0.000000e+00,8833,8833,4.853715,4.853715,0.0000e+00
dev-corpus-02,2235,314,0.000000e+00,314,314,0.093361,0.093361,0.0000e+00
dev-corpus-02,2236,5488,0.000000e+00,8833,8833,2.563587,2.563587,0.0000e+00
dev-corpus-02,2237,641,0.000000e+00,641,641,0.181696,0.181696,0.0000e+00
dev-corpus-02,2238,561,0.000000e+00,561,561,1.760881,1.760881,0.0000e+00
dev-corpus-02,2239,2790,0.000000e+00,70577,70577,2.767496,2.767496,0.0000e+00
dev-corpus-02,2240,4879,0.000000e+00,557,557,8.525080,8.525080,0.0000e+00
dev-corpus-02,2241,5820,0.000000e+00,557,557,3.145984,3.145984,0.0000e+00
dev-corpus-02,2242,303,0.000000e+00,303,303,0.264277,0.264277,0.0000e+00
dev-corpus-02,2243,4937,0.000000e+00,220,220,3.916700,3.916700,0.0000e+00
dev-corpus-02,2244,554,0.000000e+00,554,554,0.436471,0.436471,0.0000e+00
dev-corpus-02,2245,12,0.000000e+00,12,12,0.000202,0.000202,0.0000e+00
dev-corpus-02,2246,31,0.000000e+00,31,31,0.003303,0.003303,0.0000e+00
dev-corpus-02,2247,5963,0.000000e+00,220,220,3.984893,3.984893,0.0000e+00
dev-corpus-02,2248,220,0.000000e+00,220,220,0.089207,0.089207,0.0000e+00
dev-corpus-02,2249,16,0.000000e+00,16,16,0.003215,0.003215,0.0000e+00
dev-corpus-02,2250,24,0.000000e+00,24,24,0.004115,0.004115,0.0000e+00
dev-corpus-02,2251,16,0.000000e+00,16,16,0.001161,0.001161,0.0000e+00
dev-corpus-02,2252,19,0.000000e+00,19,19,0.187193,0.187193,0.0000e+00
dev-corpus-02,2253,321,0.000000e+00,1116,1116,1.613907,1.613907,0.0000e+00
dev-corpus-02,2254,539,0.000000e+00,279,279,3.707555,3.707555,0.0000e+00
dev-corpus-02,2255,4937,0.000000e+00,279,279,2.716106,2.716106,0.0000e+00
dev-corpus-02,2256,554,0.000000e+00,554,554,0.253380,0.253380,0.0000e+00
dev-corpus-02,2257,12,0.000000e+00,12,12,0.000111,0.000111,0.0000e+00
dev-corpus-02,2258,31,0.000000e+00,31,31,0.003630,0.003630,0.0000e+00
dev-corpus-02,2259,6324,0.000000e+00,5930,5930,1.231850,1.231850,0.0000e+00
dev-corpus-02,2260,279,0.000000e+00,220,220,2.116550,2.116550,0.0000e+00
dev-corpus-02,2261,1118,0.000000e+00,1118,1118,0.645862,0.645862,0.0000e+00
dev-corpus-02,2262,220,0.000000e+00,30592,30592,4.100003,4.100003,0.0000e+00
dev-corpus-02,2263,16,0.000000e+00,16,16,0.852215,0.852215,0.0000e+00
dev-corpus-02,2264,20,0.000000e+00,15,15,2.305912,2.305912,0.0000e+00
dev-corpus-02,2265,30592,0.000000e+00,30592,30592,0.760851,0.760851,0.0000e+00
dev-corpus-02,2266,998,0.000000e+00,998,998,0.518228,0.518228,0.0000e+00
dev-corpus-02,2267,11128,0.000000e+00,11128,11128,1.516606,1.516606,0.0000e+00
dev-corpus-02,2268,494,0.000000e+00,641,641,2.051739,2.051739,0.0000e+00
dev-corpus-02,2269,1330,0.000000e+00,279,279,3.936787,3.936787,0.0000e+00
dev-corpus-02,2270,5753,0.000000e+00,8026,8026,1.467255,1.467255,0.0000e+00
dev-corpus-02,2271,8026,0.000000e+00,8026,8026,0.459311,0.459311,0.0000e+00
dev-corpus-02,2272,54534,0.000000e+00,54534,54534,0.077825,0.077825,0.0000e+00
dev-corpus-02,2273,641,0.000000e+00,641,641,0.948964,0.948964,0.0000e+00
dev-corpus-02,2274,561,0.000000e+00,561,561,1.477873,1.477873,0.0000e+00
dev-corpus-02,2275,5753,0.000000e+00,1118,1118,3.643880,3.643880,0.0000e+00
dev-corpus-02,2276,28936,0.000000e+00,28936,28936,1.739980,1.739980,0.0000e+00
dev-corpus-02,2277,18463,0.000000e+00,18463,18463,0.051740,0.051740,0.0000e+00
dev-corpus-02,2278,26533,0.000000e+00,11128,11128,6.045231,6.045231,0.0000e+00
dev-corpus-02,2279,11128,0.000000e+00,11128,11128,0.858316,0.858316,0.0000e+00
dev-corpus-02,2280,449,0.000000e+00,220,220,2.156662,2.156662,0.0000e+00
dev-corpus-02,2281,4945,0.000000e+00,4945,4945,0.014242,0.014242,0.0000e+00
dev-corpus-02,2282,6505,0.000000e+00,220,220,10.332585,10.332585,0.0000e+00
dev-corpus-02,2283,314,0.000000e+00,314,314,0.668230,0.668230,0.0000e+00
dev-corpus-02,2284,30592,0.000000e+00,30592,30592,0.666115,0.666115,0.0000e+00
dev-corpus-02,2285,310,0.000000e+00,494,494,2.711375,2.711375,0.0000e+00
dev-corpus-02,2286,8032,0.000000e+00,381,381,2.607811,2.607811,0.0000e+00
dev-corpus-02,2287,1330,0.000000e+00,1330,1330,1.316890,1.316890,0.0000e+00
dev-corpus-02,2288,5898,0.000000e+00,5384,5384,8.251713,8.251713,0.0000e+00
dev-corpus-02,2289,310,0.000000e+00,310,310,0.153810,0.153810,0.0000e+00
dev-corpus-02,2290,33741,0.000000e+00,279,279,1.388097,1.388097,0.0000e+00
dev-corpus-02,2291,554,0.000000e+00,554,554,0.506051,0.506051,0.0000e+00
dev-corpus-02,2292,12,0.000000e+00,12,12,0.001040,0.001040,0.0000e+00
dev-corpus-02,2293,31,0.000000e+00,31,31,0.055664,0.055664,0.0000e+00
dev-corpus-02,2294,41361,0.000000e+00,41361,41361,0.052475,0.052475,0.0000e+00
dev-corpus-02,2295,1116,0.000000e+00,641,641,2.226434,2.226434,0.0000e+00
dev-corpus-02,2296,852,0.000000e+00,321,321,5.952117,5.952117,0.0000e+00
dev-corpus-02,2297,11128,0.000000e+00,995,995,2.212499,2.212499,0.0000e+00
dev-corpus-02,2298,264,0.000000e+00,220,220,2.053723,2.053723,0.0000e+00
dev-corpus-02,2299,4473,0.000000e+00,4473,4473,1.093509,1.093509,0.0000e+00
dev-corpus-02,2300,2250,0.000000e+00,220,220,2.692179,2.692179,0.0000e+00
dev-corpus-02,2301,30592,0.000000e+00,641,641,1.319176,1.319176,0.0000e+00
dev-corpus-02,2302,303,0.000000e+00,641,641,2.718624,2.718624,0.0000e+00
dev-corpus-02,2303,5632,0.000000e+00,6443,6443,4.349285,4.349285,0.0000e+00
dev-corpus-02,2304,220,0.000000e+00,220,220,0.140982,0.140982,0.0000e+00
dev-corpus-02,2305,16,0.000000e+00,16,16,0.002662,0.002662,0.0000e+00
dev-corpus-02,2306,24,0.000000e+00,24,24,0.000234,0.000234,0.0000e+00
dev-corpus-02,2307,16,0.000000e+00,16,16,0.000403,0.000403,0.0000e+00
dev-corpus-02,2308,20,0.000000e+00,20,20,0.024889,0.024889,0.0000e+00
dev-corpus-02,2309,641,0.000000e+00,641,641,0.205783,0.205783,0.0000e+00
dev-corpus-02,2310,357,0.000000e+00,695,695,2.782753,2.782753,0.0000e+00
dev-corpus-02,2311,2702,0.000000e+00,2702,2702,1.289386,1.289386,0.0000e+00
dev-corpus-02,2312,314,0.000000e+00,314,314,0.005640,0.005640,0.0000e+00
dev-corpus-02,2313,220,0.000000e+00,220,220,0.069512,0.069512,0.0000e+00
dev-corpus-02,2314,17,0.000000e+00,17,17,0.318413,0.318413,0.0000e+00
dev-corpus-02,2315,15,0.000000e+00,15,15,0.482970,0.482970,0.0000e+00
dev-corpus-02,2316,70577,0.000000e+00,30592,30592,1.808555,1.808555,0.0000e+00
dev-corpus-02,2317,2091,0.000000e+00,353,353,3.469818,3.469818,0.0000e+00
dev-corpus-02,2318,998,0.000000e+00,998,998,0.094503,0.094503,0.0000e+00
dev-corpus-02,2319,5617,0.000000e+00,5617,5617,0.686992,0.686992,0.0000e+00
dev-corpus-02,2320,641,0.000000e+00,641,641,1.337218,1.337218,0.0000e+00
dev-corpus-02,2321,23275,0.000000e+00,695,695,5.093819,5.093819,0.0000e+00
dev-corpus-02,2322,314,0.000000e+00,557,557,1.518348,1.518348,0.0000e+00
dev-corpus-02,2323,279,0.000000e+00,279,279,0.449102,0.449102,0.0000e+00
dev-corpus-02,2324,1118,0.000000e+00,1118,1118,1.640206,1.640206,0.0000e+00
dev-corpus-02,2325,30592,0.000000e+00,14882,14882,2.304894,2.304894,0.0000e+00
dev-corpus-02,2326,364,0.000000e+00,5820,5820,7.956833,7.956833,0.0000e+00
dev-corpus-02,2327,9564,0.000000e+00,279,279,2.973585,2.973585,0.0000e+00
dev-corpus-02,2328,5820,0.000000e+00,5820,5820,1.245019,1.245019,0.0000e+00
dev-corpus-02,2329,303,0.000000e+00,303,303,0.323172,0.323172,0.0000e+00
dev-corpus-02,2330,3988,0.000000e+00,6324,6324,3.021080,3.021080,0.0000e+00
dev-corpus-02,2331,6492,0.000000e+00,6324,6324,1.412650,1.412650,0.0000e+00
dev-corpus-02,2332,220,0.000000e+00,220,220,0.178283,0.178283,0.0000e+00
dev-corpus-02,2333,16,0.000000e+00,16,16,0.002956,0.002956,0.0000e+00
dev-corpus-02,2334,24,0.000000e+00,24,24,0.000119,0.000119,0.0000e+00
dev-corpus-02,2335,16,0.000000e+00,16,16,0.000260,0.000260,0.0000e+00
dev-corpus-02,2336,19,0.000000e+00,19,19,0.005367,0.005367,0.0000e+00
dev-corpus-02,2337,2502,0.000000e+00,321,321,3.600094,3.600094,0.0000e+00
dev-corpus-02,2338,660,0.000000e+00,279,279,3.963030,3.963030,0.0000e+00
dev-corpus-02,2339,220,0.000000e+00,220,220,1.276886,1.276886,0.0000e+00
dev-corpus-02,2340,17,0.000000e+00,17,17,0.202809,0.202809,0.0000e+00
dev-corpus-02,2341,15,0.000000e+00,15,15,0.012048,0.012048,0.0000e+00
dev-corpus-02,2342,998,0.000000e+00,30592,30592,1.201242,1.201242,0.0000e+00
dev-corpus-02,2343,7888,0.000000e+00,7888,7888,0.552734,0.552734,0.0000e+00
dev-corpus-02,2344,539,0.000000e+00,539,539,0.591841,0.591841,0.0000e+00
dev-corpus-02,2345,6324,0.000000e+00,279,279,3.210008,3.210008,0.0000e+00
dev-corpus-02,2346,220,0.000000e+00,220,220,0.011159,0.011159,0.0000e+00
dev-corpus-02,2347,16,0.000000e+00,16,16,0.005363,0.005363,0.0000e+00
dev-corpus-02,2348,24,0.000000e+00,24,24,0.001716,0.001716,0.0000e+00
dev-corpus-02,2349,16,0.000000e+00,16,16,0.002377,0.002377,0.0000e+00
dev-corpus-02,2350,20,0.000000e+00,20,20,0.153116,0.153116,0.0000e+00
dev-corpus-02,2351,641,0.000000e+00,641,641,0.119628,0.119628,0.0000e+00
dev-corpus-02,2352,24876,0.000000e+00,695,695,6.412805,6.412805,0.0000e+00
dev-corpus-02,2353,314,0.000000e+00,30592,30592,1.464568,1.464568,0.0000e+00
dev-corpus-02,2354,279,0.000000e+00,279,279,0.243310,0.243310,0.0000e+00
dev-corpus-02,2355,1118,0.000000e+00,30592,30592,3.116399,3.116399,0.0000e+00
dev-corpus-02,2356,30592,0.000000e+00,30592,30592,0.544486,0.544486,0.0000e+00
dev-corpus-02,2357,52181,0.000000e+00,998,998,6.286860,6.286860,0.0000e+00
dev-corpus-02,2358,18506,0.000000e+00,18506,18506,1.741909,1.741909,0.0000e+00
dev-corpus-02,2359,303,0.000000e+00,303,303,1.026290,1.026290,0.0000e+00
dev-corpus-02,2360,5753,0.000000e+00,279,279,3.275962,3.275962,0.0000e+00
dev-corpus-02,2361,2046,0.000000e+00,19895,19895,4.878706,4.878706,0.0000e+00
dev-corpus-02,2362,19895,0.000000e+00,19895,19895,0.014870,0.014870,0.0000e+00
dev-corpus-02,2363,1116,0.000000e+00,1518,1518,2.203708,2.203708,0.0000e+00
dev-corpus-02,2364,694,0.000000e+00,694,694,1.029727,1.029727,0.0000e+00
dev-corpus-02,2365,279,0.000000e+00,1379,1379,1.353228,1.353228,0.0000e+00
dev-corpus-02,2366,2645,0.000000e+00,8421,8421,3.085539,3.085539,0.0000e+00
dev-corpus-02,2367,998,0.000000e+00,998,998,0.300734,0.300734,0.0000e+00
dev-corpus-02,2368,32878,0.000000e+00,26380,26380,3.445441,3.445441,0.0000e+00
dev-corpus-02,2369,321,0.000000e+00,303,303,2.226806,2.226806,0.0000e+00
dev-corpus-02,2370,12152,0.000000e+00,2113,2113,2.779313,2.779313,0.0000e+00
dev-corpus-02,2371,506,0.000000e+00,303,303,1.428007,1.428007,0.0000e+00
dev-corpus-02,2372,2892,0.000000e+00,836,836,7.970991,7.970991,0.0000e+00
dev-corpus-02,2373,6543,0.000000e+00,63227,63227,2.743048,2.743048,0.0000e+00
dev-corpus-02,2374,91064,0.000000e+00,91064,91064,0.005562,0.005562,0.0000e+00
dev-corpus-02,2375,466,0.000000e+00,466,466,0.443684,0.443684,0.0000e+00
dev-corpus-02,2376,224612,0.000000e+00,224612,224612,1.597193,1.597193,0.0000e+00
dev-corpus-02,2377,641,0.000000e+00,641,641,0.670134,0.670134,0.0000e+00
dev-corpus-02,2378,561,0.000000e+00,695,695,2.073696,2.073696,0.0000e+00
dev-corpus-02,2379,5753,0.000000e+00,70577,70577,2.579122,2.579122,0.0000e+00
dev-corpus-02,2380,30592,0.000000e+00,30592,30592,0.793410,0.793410,0.0000e+00
dev-corpus-02,2381,22428,0.000000e+00,998,998,4.047326,4.047326,0.0000e+00
dev-corpus-02,2382,15048,0.000000e+00,303,303,2.676561,2.676561,0.0000e+00
dev-corpus-02,2383,303,0.000000e+00,303,303,0.445403,0.445403,0.0000e+00
dev-corpus-02,2384,279,0.000000e+00,279,279,0.100087,0.100087,0.0000e+00
dev-corpus-02,2385,426,0.000000e+00,4634,4634,5.085656,5.085656,0.0000e+00
dev-corpus-02,2386,82036,0.000000e+00,82036,82036,0.009175,0.009175,0.0000e+00
dev-corpus-02,2387,1116,0.000000e+00,2982,2982,3.079224,3.079224,0.0000e+00
dev-corpus-02,2388,69543,0.000000e+00,4634,4634,3.851072,3.851072,0.0000e+00
dev-corpus-02,2389,1116,0.000000e+00,321,321,1.217637,1.217637,0.0000e+00
dev-corpus-02,2390,321,0.000000e+00,321,321,0.332966,0.332966,0.0000e+00
dev-corpus-02,2391,88047,0.000000e+00,4634,4634,10.609431,10.609431,0.0000e+00
dev-corpus-02,2392,1125,0.000000e+00,1125,1125,0.017491,0.017491,0.0000e+00
dev-corpus-02,2393,2893,0.000000e+00,42316,42316,9.594408,9.594408,0.0000e+00
dev-corpus-02,2394,349,0.000000e+00,349,349,0.187147,0.187147,0.0000e+00
dev-corpus-02,2395,32141,0.000000e+00,32141,32141,0.079785,0.079785,0.0000e+00
dev-corpus-02,2396,641,0.000000e+00,641,641,0.656031,0.656031,0.0000e+00
dev-corpus-02,2397,561,0.000000e+00,561,561,0.856511,0.856511,0.0000e+00
dev-corpus-02,2398,30592,0.000000e+00,12555,12555,3.470022,3.470022,0.0000e+00
dev-corpus-02,2399,998,0.000000e+00,998,998,1.165171,1.165171,0.0000e+00
dev-corpus-02,2400,883,0.000000e+00,1048,1048,7.416510,7.416510,0.0000e+00
dev-corpus-02,2401,220,0.000000e+00,220,220,0.138210,0.138210,0.0000e+00
dev-corpus-02,2402,17,0.000000e+00,18,18,1.737339,1.737339,0.0000e+00
dev-corpus-02,2403,23,0.000000e+00,20,20,2.098240,2.098240,0.0000e+00
dev-corpus-02,2404,35058,0.000000e+00,19434,19434,3.231145,3.231145,0.0000e+00
dev-corpus-02,2405,318,0.000000e+00,318,318,0.487998,0.487998,0.0000e+00
dev-corpus-02,2406,220,0.000000e+00,220,220,0.168552,0.168552,0.0000e+00
dev-corpus-02,2407,24,0.000000e+00,24,24,0.025322,0.025322,0.0000e+00
dev-corpus-02,2408,17,0.000000e+00,17,17,0.130057,0.130057,0.0000e+00
dev-corpus-02,2409,10169,0.000000e+00,10169,10169,0.158561,0.158561,0.0000e+00
dev-corpus-02,2410,847,0.000000e+00,847,847,0.072875,0.072875,0.0000e+00
dev-corpus-02,2411,1248,0.000000e+00,1248,1248,0.278410,0.278410,0.0000e+00
dev-corpus-02,2412,321,0.000000e+00,321,321,0.666811,0.666811,0.0000e+00
dev-corpus-02,2413,46539,0.000000e+00,46539,46539,1.448048,1.448048,0.0000e+00
dev-corpus-02,2414,220,0.000000e+00,220,220,0.417150,0.417150,0.0000e+00
dev-corpus-02,2415,16,0.000000e+00,16,16,0.339353,0.339353,0.0000e+00
dev-corpus-02,2416,17,0.000000e+00,17,17,1.643363,1.643363,0.0000e+00
dev-corpus-02,2417,22,0.000000e+00,20,20,2.373790,2.373790,0.0000e+00
dev-corpus-02,2418,49209,0.000000e+00,19008,19008,0.895647,0.895647,0.0000e+00
dev-corpus-02,2419,318,0.000000e+00,318,318,0.432124,0.432124,0.0000e+00
dev-corpus-02,2420,220,0.000000e+00,220,220,0.037198,0.037198,0.0000e+00
dev-corpus-02,2421,16,0.000000e+00,16,16,0.032058,0.032058,0.0000e+00
dev-corpus-02,2422,17,0.000000e+00,18,18,0.963203,0.963203,0.0000e+00
dev-corpus-02,2423,20,0.000000e+00,24,24,1.262876,1.262876,0.0000e+00
dev-corpus-02,2424,1248,0.000000e+00,1248,1248,0.640110,0.640110,0.0000e+00
dev-corpus-02,2425,19008,0.000000e+00,19008,19008,0.022810,0.022810,0.0000e+00
dev-corpus-02,2426,847,0.000000e+00,847,847,0.517639,0.517639,0.0000e+00
dev-corpus-02,2427,948,0.000000e+00,383,383,2.868916,2.868916,0.0000e+00
dev-corpus-02,2428,55619,0.000000e+00,55619,55619,0.229805,0.229805,0.0000e+00
dev-corpus-02,2429,321,0.000000e+00,321,321,0.304929,0.304929,0.0000e+00
dev-corpus-02,2430,220,0.000000e+00,220,220,0.032385,0.032385,0.0000e+00
dev-corpus-02,2431,16,0.000000e+00,16,16,0.075680,0.075680,0.0000e+00
dev-corpus-02,2432,19,0.000000e+00,20,20,1.494263,1.494263,0.0000e+00
dev-corpus-02,2433,17,0.000000e+00,20,20,2.516334,2.516334,0.0000e+00
dev-corpus-02,2434,49209,0.000000e+00,49209,49209,0.040656,0.040656,0.0000e+00
dev-corpus-02,2435,318,0.000000e+00,318,318,0.022857,0.022857,0.0000e+00
dev-corpus-02,2436,220,0.000000e+00,220,220,0.004082,0.004082,0.0000e+00
dev-corpus-02,2437,16,0.000000e+00,16,16,0.001523,0.001523,0.0000e+00
dev-corpus-02,2438,19,0.000000e+00,19,19,0.324349,0.324349,0.0000e+00
dev-corpus-02,2439,15,0.000000e+00,15,15,0.015165,0.015165,0.0000e+00
dev-corpus-02,2440,1248,0.000000e+00,1248,1248,0.015933,0.015933,0.0000e+00
dev-corpus-02,2441,19008,0.000000e+00,19008,19008,0.000542,0.000542,0.0000e+00
dev-corpus-02,2442,847,0.000000e+00,847,847,0.006670,0.006670,0.0000e+00
dev-corpus-02,2443,1345,0.000000e+00,948,948,4.509275,4.509275,0.0000e+00
dev-corpus-02,2444,81179,0.000000e+00,81179,81179,0.012092,0.012092,0.0000e+00
dev-corpus-02,2445,641,0.000000e+00,641,641,0.040168,0.040168,0.0000e+00
dev-corpus-02,2446,1942,0.000000e+00,2302,2302,6.008893,6.008893,0.0000e+00
dev-corpus-02,2447,995,0.000000e+00,30592,30592,2.648335,2.648335,0.0000e+00
dev-corpus-02,2448,1330,0.000000e+00,264,264,2.858282,2.858282,0.0000e+00
dev-corpus-02,2449,14829,0.000000e+00,31694,31694,4.389970,4.389970,0.0000e+00
dev-corpus-02,2450,88716,0.000000e+00,88716,88716,0.328467,0.328467,0.0000e+00
dev-corpus-02,2451,31890,0.000000e+00,31890,31890,0.014374,0.014374,0.0000e+00
dev-corpus-02,2452,321,0.000000e+00,321,321,0.857404,0.857404,0.0000e+00
dev-corpus-02,2453,1330,0.000000e+00,11354,11354,2.601571,2.601571,0.0000e+00
dev-corpus-02,2454,5505,0.000000e+00,9249,9249,3.945126,3.945126,0.0000e+00
dev-corpus-02,2455,6659,0.000000e+00,6659,6659,0.003948,0.003948,0.0000e+00
dev-corpus-02,2456,6852,0.000000e+00,6852,6852,0.009274,0.009274,0.0000e+00
dev-corpus-02,2457,1116,0.000000e+00,11354,11354,2.193109,2.193109,0.0000e+00
dev-corpus-02,2458,321,0.000000e+00,321,321,1.452328,1.452328,0.0000e+00
dev-corpus-02,2459,998,0.000000e+00,1362,1362,2.237702,2.237702,0.0000e+00
dev-corpus-02,2460,18088,0.000000e+00,21639,21639,2.770579,2.770579,0.0000e+00
dev-corpus-02,2461,440,0.000000e+00,440,440,0.071290,0.071290,0.0000e+00
dev-corpus-02,2462,264,0.000000e+00,264,264,1.115209,1.115209,0.0000e+00
dev-corpus-02,2463,9249,0.000000e+00,220,220,2.231305,2.231305,0.0000e+00
dev-corpus-02,2464,554,0.000000e+00,5849,5849,5.944261,5.944261,0.0000e+00
dev-corpus-02,2465,12,0.000000e+00,12,12,0.000858,0.000858,0.0000e+00
dev-corpus-02,2466,31,0.000000e+00,31,31,0.026189,0.026189,0.0000e+00
dev-corpus-02,2467,21138,0.000000e+00,5849,5849,2.100321,2.100321,0.0000e+00
dev-corpus-02,2468,5484,0.000000e+00,220,220,2.932098,2.932098,0.0000e+00
dev-corpus-02,2469,5849,0.000000e+00,5849,5849,0.017171,0.017171,0.0000e+00
dev-corpus-02,2470,641,0.000000e+00,641,641,0.340217,0.340217,0.0000e+00
dev-corpus-02,2471,695,0.000000e+00,561,561,2.025438,2.025438,0.0000e+00
dev-corpus-02,2472,733,0.000000e+00,561,561,3.915328,3.915328,0.0000e+00
dev-corpus-02,2473,220,0.000000e+00,220,220,1.561804,1.561804,0.0000e+00
dev-corpus-02,2474,16,0.000000e+00,16,16,0.024037,0.024037,0.0000e+00
dev-corpus-02,2475,24,0.000000e+00,24,24,0.005457,0.005457,0.0000e+00
dev-corpus-02,2476,16,0.000000e+00,16,16,0.065417,0.065417,0.0000e+00
dev-corpus-02,2477,23,0.000000e+00,20,20,2.361819,2.361819,0.0000e+00
dev-corpus-02,2478,2943,0.000000e+00,1116,1116,6.685060,6.685060,0.0000e+00
dev-corpus-02,2479,314,0.000000e+00,314,314,1.290534,1.290534,0.0000e+00
dev-corpus-02,2480,279,0.000000e+00,279,279,0.172239,0.172239,0.0000e+00
dev-corpus-02,2481,38334,0.000000e+00,5753,5753,3.396114,3.396114,0.0000e+00
dev-corpus-02,2482,5753,0.000000e+00,5753,5753,0.677329,0.677329,0.0000e+00
dev-corpus-02,2483,30592,0.000000e+00,30592,30592,0.669907,0.669907,0.0000e+00
dev-corpus-02,2484,998,0.000000e+00,998,998,0.264131,0.264131,0.0000e+00
dev-corpus-02,2485,15625,0.000000e+00,5898,5898,2.096639,2.096639,0.0000e+00
dev-corpus-02,2486,1083,0.000000e+00,310,310,1.123638,1.123638,0.0000e+00
dev-corpus-02,2487,33101,0.000000e+00,1262,1262,4.162354,4.162354,0.0000e+00
dev-corpus-02,2488,1262,0.000000e+00,32543,32543,1.502887,1.502887,0.0000e+00
dev-corpus-02,2489,300,0.000000e+00,300,300,0.151507,0.151507,0.0000e+00
dev-corpus-02,2490,4912,0.000000e+00,4912,4912,0.012652,0.012652,0.0000e+00
dev-corpus-02,2491,641,0.000000e+00,641,641,0.884774,0.884774,0.0000e+00
dev-corpus-02,2492,4781,0.000000e+00,561,561,4.557786,4.557786,0.0000e+00
dev-corpus-02,2493,279,0.000000e+00,279,279,0.255374,0.255374,0.0000e+00
dev-corpus-02,2494,78592,0.000000e+00,220,220,9.820315,9.820315,0.0000e+00
dev-corpus-02,2495,30592,0.000000e+00,30592,30592,1.539170,1.539170,0.0000e+00
dev-corpus-02,2496,303,0.000000e+00,421,421,3.375544,3.375544,0.0000e+00
dev-corpus-02,2497,5753,0.000000e+00,5753,5753,1.165527,1.165527,0.0000e+00
dev-corpus-02,2498,2393,0.000000e+00,2393,2393,0.096064,0.096064,0.0000e+00
dev-corpus-02,2499,1116,0.000000e+00,1116,1116,0.365669,0.365669,0.0000e+00
dev-corpus-02,2500,1330,0.000000e+00,220,220,3.431629,3.431629,0.0000e+00
dev-corpus-02,2501,998,0.000000e+00,998,998,0.183287,0.183287,0.0000e+00
dev-corpus-02,2502,5898,0.000000e+00,5384,5384,4.109986,4.109986,0.0000e+00
dev-corpus-02,2503,310,0.000000e+00,310,310,0.125708,0.125708,0.0000e+00
dev-corpus-02,2504,33741,0.000000e+00,33741,33741,0.982752,0.982752,0.0000e+00
dev-corpus-02,2505,554,0.000000e+00,554,554,0.078887,0.078887,0.0000e+00
dev-corpus-02,2506,12,0.000000e+00,12,12,0.000560,0.000560,0.0000e+00
dev-corpus-02,2507,31,0.000000e+00,31,31,0.005060,0.005060,0.0000e+00
dev-corpus-02,2508,41361,0.000000e+00,41361,41361,0.012568,0.012568,0.0000e+00
dev-corpus-02,2509,1116,0.000000e+00,321,321,1.845075,1.845075,0.0000e+00
dev-corpus-02,2510,799,0.000000e+00,321,321,2.089466,2.089466,0.0000e+00
dev-corpus-02,2511,557,0.000000e+00,557,557,0.522868,0.522868,0.0000e+00
dev-corpus-02,2512,5898,0.000000e+00,5898,5898,1.447158,1.447158,0.0000e+00
dev-corpus-02,2513,310,0.000000e+00,310,310,0.013252,0.013252,0.0000e+00
dev-corpus-02,2514,56733,0.000000e+00,56733,56733,0.128785,0.128785,0.0000e+00
dev-corpus-02,2515,1116,0.000000e+00,1116,1116,0.441224,0.441224,0.0000e+00
dev-corpus-02,2516,321,0.000000e+00,321,321,0.273607,0.273607,0.0000e+00
dev-corpus-02,2517,11292,0.000000e+00,799,799,4.410206,4.410206,0.0000e+00
dev-corpus-02,2518,998,0.000000e+00,998,998,0.085706,0.085706,0.0000e+00
dev-corpus-02,2519,5384,0.000000e+00,5384,5384,0.714264,0.714264,0.0000e+00
dev-corpus-02,2520,2261,0.000000e+00,303,303,1.853014,1.853014,0.0000e+00
dev-corpus-02,2521,279,0.000000e+00,279,279,0.728207,0.728207,0.0000e+00
dev-corpus-02,2522,3980,0.000000e+00,3980,3980,0.139393,0.139393,0.0000e+00
dev-corpus-02,2523,641,0.000000e+00,641,641,0.443057,0.443057,0.0000e+00
dev-corpus-02,2524,3648,0.000000e+00,561,561,2.972297,2.972297,0.0000e+00
dev-corpus-02,2525,314,0.000000e+00,557,557,1.612217,1.612217,0.0000e+00
dev-corpus-02,2526,279,0.000000e+00,279,279,0.190496,0.190496,0.0000e+00
dev-corpus-02,2527,4097,0.000000e+00,5753,5753,4.650260,4.650260,0.0000e+00
dev-corpus-02,2528,12555,0.000000e+00,12555,12555,1.391010,1.391010,0.0000e+00
dev-corpus-02,2529,298,0.000000e+00,298,298,0.004405,0.004405,0.0000e+00
dev-corpus-02,2530,554,0.000000e+00,554,554,0.003524,0.003524,0.0000e+00
dev-corpus-02,2531,12,0.000000e+00,12,12,0.000180,0.000180,0.0000e+00
dev-corpus-02,2532,31,0.000000e+00,31,31,0.020139,0.020139,0.0000e+00
dev-corpus-02,2533,54871,0.000000e+00,54871,54871,0.019528,0.019528,0.0000e+00
dev-corpus-02,2534,30592,0.000000e+00,30592,30592,0.316430,0.316430,0.0000e+00
dev-corpus-02,2535,557,0.000000e+00,557,557,0.396240,0.396240,0.0000e+00
dev-corpus-02,2536,64897,0.000000e+00,5384,5384,2.945028,2.945028,0.0000e+00
dev-corpus-02,2537,321,0.000000e+00,539,539,2.022135,2.022135,0.0000e+00
dev-corpus-02,2538,2361,0.000000e+00,799,799,2.925682,2.925682,0.0000e+00
dev-corpus-02,2539,65386,0.000000e+00,557,557,7.040189,7.040189,0.0000e+00
dev-corpus-02,2540,321,0.000000e+00,641,641,3.068557,3.068557,0.0000e+00
dev-corpus-02,2541,524,0.000000e+00,1100,1100,6.066761,6.066761,0.0000e+00
dev-corpus-02,2542,49992,0.000000e+00,24530,24530,2.297757,2.297757,0.0000e+00
dev-corpus-02,2543,641,0.000000e+00,641,641,0.326177,0.326177,0.0000e+00
dev-corpus-02,2544,561,0.000000e+00,561,561,1.312373,1.312373,0.0000e+00
dev-corpus-02,2545,4097,0.000000e+00,9376,9376,3.147581,3.147581,0.0000e+00
dev-corpus-02,2546,38334,0.000000e+00,85573,85573,1.609182,1.609182,0.0000e+00
dev-corpus-02,2547,5753,0.000000e+00,5753,5753,1.373891,1.373891,0.0000e+00
dev-corpus-02,2548,30592,0.000000e+00,30592,30592,0.487072,0.487072,0.0000e+00
dev-corpus-02,2549,1116,0.000000e+00,998,998,3.407249,3.407249,0.0000e+00
dev-corpus-02,2550,279,0.000000e+00,2583,2583,2.528894,2.528894,0.0000e+00
dev-corpus-02,2551,2943,0.000000e+00,1330,1330,2.231735,2.231735,0.0000e+00
dev-corpus-02,2552,38334,0.000000e+00,15625,15625,4.004498,4.004498,0.0000e+00
dev-corpus-02,2553,12555,0.000000e+00,12555,12555,0.287447,0.287447,0.0000e+00
dev-corpus-02,2554,298,0.000000e+00,298,298,0.003172,0.003172,0.0000e+00
dev-corpus-02,2555,554,0.000000e+00,554,554,0.001638,0.001638,0.0000e+00
dev-corpus-02,2556,12,0.000000e+00,12,12,0.004189,0.004189,0.0000e+00
dev-corpus-02,2557,31,0.000000e+00,31,31,0.025160,0.025160,0.0000e+00
dev-corpus-02,2558,54871,0.000000e+00,54871,54871,0.034540,0.034540,0.0000e+00
dev-corpus-02,2559,30592,0.000000e+00,30592,30592,0.046833,0.046833,0.0000e+00
dev-corpus-03,2560,8645,0.000000e+00,606,606,7.808468,7.808468,0.0000e+00
dev-corpus-03,2561,25,0.000000e+00,58,58,3.361471,3.361471,0.0000e+00
dev-corpus-03,2562,198,0.000000e+00,198,198,0.058007,0.058007,0.0000e+00
dev-corpus-03,2563,309,0.000000e+00,262,262,1.445090,1.445090,0.0000e+00
dev-corpus-03,2564,12366,0.000000e+00,413,413,10.001634,10.001634,0.0000e+00
dev-corpus-03,2565,283,0.000000e+00,283,283,0.476850,0.476850,0.0000e+00
dev-corpus-03,2566,696,0.000000e+00,313,313,4.330119,4.330119,0.0000e+00
dev-corpus-03,2567,18267,0.000000e+00,447,447,11.503551,11.503551,0.0000e+00
dev-corpus-03,2568,2155,0.000000e+00,2155,2155,0.969279,0.969279,0.0000e+00
dev-corpus-03,2569,5781,0.000000e+00,3935,3935,1.717451,1.717451,0.0000e+00
dev-corpus-03,2570,8645,0.000000e+00,8645,8645,0.037396,0.037396,0.0000e+00
dev-corpus-03,2571,11,0.000000e+00,11,11,0.348700,0.348700,0.0000e+00
dev-corpus-03,2572,12366,0.000000e+00,638,638,2.825713,2.825713,0.0000e+00
dev-corpus-03,2573,8,0.000000e+00,8,8,0.057149,0.057149,0.0000e+00
dev-corpus-03,2574,198,0.000000e+00,198,198,0.139846,0.139846,0.0000e+00
dev-corpus-03,2575,285,0.000000e+00,309,309,1.542488,1.542488,0.0000e+00
dev-corpus-03,2576,653,0.000000e+00,745,745,3.649532,3.649532,0.0000e+00
dev-corpus-03,2577,12536,0.000000e+00,220,220,8.126956,8.126956,0.0000e+00
dev-corpus-03,2578,709,0.000000e+00,709,709,0.800371,0.800371,0.0000e+00
dev-corpus-03,2579,364,0.000000e+00,310,310,1.956588,1.956588,0.0000e+00
dev-corpus-03,2580,641,0.000000e+00,279,279,6.807361,6.807361,0.0000e+00
dev-corpus-03,2581,1899,0.000000e+00,447,447,5.768796,5.768796,0.0000e+00
dev-corpus-03,2582,363,0.000000e+00,363,363,1.736327,1.736327,0.0000e+00
dev-corpus-03,2583,198,0.000000e+00,198,198,0.752622,0.752622,0.0000e+00
dev-corpus-03,2584,285,0.000000e+00,285,285,0.073623,0.073623,0.0000e+00
dev-corpus-03,2585,687,0.000000e+00,687,687,0.484383,0.484383,0.0000e+00
dev-corpus-03,2586,5335,0.000000e+00,696,696,5.690798,5.690798,0.0000e+00
dev-corpus-03,2587,1212,0.000000e+00,10392,10392,5.374415,5.374415,0.0000e+00
dev-corpus-03,2588,78,0.000000e+00,1590,1590,5.780932,5.780932,0.0000e+00
dev-corpus-03,2589,1590,0.000000e+00,1590,1590,0.117785,0.117785,0.0000e+00
dev-corpus-03,2590,198,0.000000e+00,198,198,0.018845,0.018845,0.0000e+00
dev-corpus-03,2591,309,0.000000e+00,309,309,0.025169,0.025169,0.0000e+00
dev-corpus-03,2592,653,0.000000e+00,653,653,1.804483,1.804483,0.0000e+00
dev-corpus-03,2593,4109,0.000000e+00,1368,1368,3.225425,3.225425,0.0000e+00
dev-corpus-03,2594,279,0.000000e+00,413,413,3.607779,3.607779,0.0000e+00
dev-corpus-03,2595,1379,0.000000e+00,2353,2353,7.732680,7.732680,0.0000e+00
dev-corpus-03,2596,4047,0.000000e+00,3110,3110,3.325768,3.325768,0.0000e+00
dev-corpus-03,2597,1752,0.000000e+00,1105,1105,6.716804,6.716804,0.0000e+00
dev-corpus-03,2598,1118,0.000000e+00,1118,1118,1.021061,1.021061,0.0000e+00
dev-corpus-03,2599,13,0.000000e+00,198,198,2.727095,2.727095,0.0000e+00
dev-corpus-03,2600,198,0.000000e+00,198,198,0.321302,0.321302,0.0000e+00
dev-corpus-03,2601,309,0.000000e+00,309,309,0.007913,0.007913,0.0000e+00
dev-corpus-03,2602,6725,0.000000e+00,653,653,6.602780,6.602780,0.0000e+00
dev-corpus-03,2603,283,0.000000e+00,283,283,0.529655,0.529655,0.0000e+00
dev-corpus-03,2604,4396,0.000000e+00,4396,4396,0.620205,0.620205,0.0000e+00
dev-corpus-03,2605,5982,0.000000e+00,5982,5982,0.142415,0.142415,0.0000e+00
dev-corpus-03,2606,482,0.000000e+00,482,482,0.738698,0.738698,0.0000e+00
dev-corpus-03,2607,29259,0.000000e+00,29259,29259,0.335007,0.335007,0.0000e+00
dev-corpus-03,2608,837,0.000000e+00,837,837,0.041333,0.041333,0.0000e+00
dev-corpus-03,2609,466,0.000000e+00,466,466,0.604066,0.604066,0.0000e+00
dev-corpus-03,2610,4396,0.000000e+00,4396,4396,0.313237,0.313237,0.0000e+00
dev-corpus-03,2611,5982,0.000000e+00,5982,5982,0.015662,0.015662,0.0000e+00
dev-corpus-03,2612,482,0.000000e+00,482,482,0.001489,0.001489,0.0000e+00
dev-corpus-03,2613,1277,0.000000e+00,1277,1277,1.445345,1.445345,0.0000e+00
dev-corpus-03,2614,4289,0.000000e+00,5531,5531,0.907754,0.907754,0.0000e+00
dev-corpus-03,2615,837,0.000000e+00,837,837,0.007512,0.007512,0.0000e+00
dev-corpus-03,2616,198,0.000000e+00,198,198,0.048004,0.048004,0.0000e+00
dev-corpus-03,2617,309,0.000000e+00,309,309,0.013662,0.013662,0.0000e+00
dev-corpus-03,2618,413,0.000000e+00,413,413,0.387229,0.387229,0.0000e+00
dev-corpus-03,2619,6725,0.000000e+00,6725,6725,0.081851,0.081851,0.0000e+00
dev-corpus-03,2620,369,0.000000e+00,25,25,1.010235,1.010235,0.0000e+00
dev-corpus-03,2621,524,0.000000e+00,524,524,0.145194,0.145194,0.0000e+00
dev-corpus-03,2622,2168,0.000000e+00,2168,2168,0.000773,0.000773,0.0000e+00
dev-corpus-03,2623,25,0.000000e+00,25,25,0.015000,0.015000,0.0000e+00
dev-corpus-03,2624,198,0.000000e+00,198,198,0.005928,0.005928,0.0000e+00
dev-corpus-03,2625,388,0.000000e+00,388,388,0.005797,0.005797,0.0000e+00
dev-corpus-03,2626,460,0.000000e+00,653,653,2.441416,2.441416,0.0000e+00
dev-corpus-03,2627,592,0.000000e+00,6725,6725,2.109540,2.109540,0.0000e+00
dev-corpus-03,2628,78263,0.000000e+00,78263,78263,0.322586,0.322586,0.0000e+00
dev-corpus-03,2629,7426,0.000000e+00,7426,7426,0.421446,0.421446,0.0000e+00
dev-corpus-03,2630,3486,0.000000e+00,3486,3486,0.000148,0.000148,0.0000e+00
dev-corpus-03,2631,2387,0.000000e+00,2387,2387,0.033450,0.033450,0.0000e+00
dev-corpus-03,2632,198,0.000000e+00,198,198,0.052064,0.052064,0.0000e+00
dev-corpus-03,2633,309,0.000000e+00,309,309,0.026094,0.026094,0.0000e+00
dev-corpus-03,2634,413,0.000000e+00,413,413,0.664182,0.664182,0.0000e+00
dev-corpus-03,2635,4396,0.000000e+00,1363,1363,1.649667,1.649667,0.0000e+00
dev-corpus-03,2636,5982,0.000000e+00,5982,5982,0.021196,0.021196,0.0000e+00
dev-corpus-03,2637,482,0.000000e+00,482,482,0.095637,0.095637,0.0000e+00
dev-corpus-03,2638,63605,0.000000e+00,1277,1277,2.972387,2.972387,0.0000e+00
dev-corpus-03,2639,837,0.000000e+00,837,837,0.099792,0.099792,0.0000e+00
dev-corpus-03,2640,369,0.000000e+00,369,369,0.019101,0.019101,0.0000e+00
dev-corpus-03,2641,524,0.000000e+00,524,524,0.003758,0.003758,0.0000e+00
dev-corpus-03,2642,2168,0.000000e+00,2168,2168,0.000239,0.000239,0.0000e+00
dev-corpus-03,2643,25,0.000000e+00,25,25,0.001828,0.001828,0.0000e+00
dev-corpus-03,2644,198,0.000000e+00,198,198,0.004136,0.004136,0.0000e+00
dev-corpus-03,2645,388,0.000000e+00,388,388,0.002498,0.002498,0.0000e+00
dev-corpus-03,2646,460,0.000000e+00,460,460,0.173943,0.173943,0.0000e+00
dev-corpus-03,2647,638,0.000000e+00,4396,4396,5.272166,5.272166,0.0000e+00
dev-corpus-03,2648,31919,0.000000e+00,1385,1385,11.995256,11.995256,0.0000e+00
dev-corpus-03,2649,17174,0.000000e+00,17174,17174,0.214549,0.214549,0.0000e+00
dev-corpus-03,2650,198,0.000000e+00,478,478,1.668477,1.668477,0.0000e+00
dev-corpus-03,2651,309,0.000000e+00,309,309,0.041027,0.041027,0.0000e+00
dev-corpus-03,2652,413,0.000000e+00,413,413,0.808574,0.808574,0.0000e+00
dev-corpus-03,2653,4396,0.000000e+00,4396,4396,0.125795,0.125795,0.0000e+00
dev-corpus-03,2654,5982,0.000000e+00,5982,5982,0.001747,0.001747,0.0000e+00
dev-corpus-03,2655,482,0.000000e+00,482,482,0.011118,0.011118,0.0000e+00
dev-corpus-03,2656,11469,0.000000e+00,11469,11469,0.603659,0.603659,0.0000e+00
dev-corpus-03,2657,837,0.000000e+00,837,837,0.102004,0.102004,0.0000e+00
dev-corpus-03,2658,369,0.000000e+00,369,369,0.000592,0.000592,0.0000e+00
dev-corpus-03,2659,524,0.000000e+00,524,524,0.000735,0.000735,0.0000e+00
dev-corpus-03,2660,2168,0.000000e+00,2168,2168,0.000473,0.000473,0.0000e+00
dev-corpus-03,2661,25,0.000000e+00,25,25,0.001501,0.001501,0.0000e+00
dev-corpus-03,2662,198,0.000000e+00,198,198,0.002384,0.002384,0.0000e+00
dev-corpus-03,2663,388,0.000000e+00,388,388,0.003971,0.003971,0.0000e+00
dev-corpus-03,2664,638,0.000000e+00,4673,4673,3.383677,3.383677,0.0000e+00
dev-corpus-03,2665,1385,0.000000e+00,4273,4273,2.269894,2.269894,0.0000e+00
dev-corpus-03,2666,11469,0.000000e+00,815,815,2.144942,2.144942,0.0000e+00
dev-corpus-03,2667,1212,0.000000e+00,283,283,3.157334,3.157334,0.0000e+00
dev-corpus-03,2668,78,0.000000e+00,78,78,0.002362,0.002362,0.0000e+00
dev-corpus-03,2669,8,0.000000e+00,8,8,0.472553,0.472553,0.0000e+00
dev-corpus-03,2670,198,0.000000e+00,198,198,0.013857,0.013857,0.0000e+00
dev-corpus-03,2671,309,0.000000e+00,309,309,0.095074,0.095074,0.0000e+00
dev-corpus-03,2672,4673,0.000000e+00,460,460,2.677776,2.677776,0.0000e+00
dev-corpus-03,2673,14953,0.000000e+00,14953,14953,1.032999,1.032999,0.0000e+00
dev-corpus-03,2674,482,0.000000e+00,437,437,0.929476,0.929476,0.0000e+00
dev-corpus-03,2675,1743,0.000000e+00,2665,2665,2.765978,2.765978,0.0000e+00
dev-corpus-03,2676,44530,0.000000e+00,35516,35516,1.462120,1.462120,0.0000e+00
dev-corpus-03,2677,6725,0.000000e+00,5215,5215,4.767064,4.767064,0.0000e+00
dev-corpus-03,2678,1809,0.000000e+00,1809,1809,0.026344,0.026344,0.0000e+00
dev-corpus-03,2679,303,0.000000e+00,303,303,0.113251,0.113251,0.0000e+00
dev-corpus-03,2680,5215,0.000000e+00,5215,5215,0.600009,0.600009,0.0000e+00
dev-corpus-03,2681,504,0.000000e+00,359,359,1.798854,1.798854,0.0000e+00
dev-corpus-03,2682,198,0.000000e+00,198,198,0.866136,0.866136,0.0000e+00
dev-corpus-03,2683,6323,0.000000e+00,6323,6323,0.134837,0.134837,0.0000e+00
dev-corpus-03,2684,638,0.000000e+00,638,638,0.506171,0.506171,0.0000e+00
dev-corpus-03,2685,37813,0.000000e+00,37813,37813,0.426757,0.426757,0.0000e+00
dev-corpus-03,2686,8,0.000000e+00,8,8,0.238601,0.238601,0.0000e+00
dev-corpus-03,2687,198,0.000000e+00,198,198,0.329804,0.329804,0.0000e+00
dev-corpus-03,2688,285,0.000000e+00,285,285,0.145336,0.145336,0.0000e+00
dev-corpus-03,2689,460,0.000000e+00,638,638,1.088853,1.088853,0.0000e+00
dev-corpus-03,2690,638,0.000000e+00,638,638,0.646228,0.646228,0.0000e+00
dev-corpus-03,2691,37813,0.000000e+00,37813,37813,1.231285,1.231285,0.0000e+00
dev-corpus-03,2692,4168,0.000000e+00,4168,4168,0.090285,0.090285,0.0000e+00
dev-corpus-03,2693,58759,0.000000e+00,58759,58759,0.014080,0.014080,0.0000e+00
dev-corpus-03,2694,11,0.000000e+00,11,11,0.004938,0.004938,0.0000e+00
dev-corpus-03,2695,638,0.000000e+00,886,886,1.457246,1.457246,0.0000e+00
dev-corpus-03,2696,20342,0.000000e+00,37813,37813,3.076262,3.076262,0.0000e+00
dev-corpus-03,2697,8,0.000000e+00,8,8,0.069454,0.069454,0.0000e+00
dev-corpus-03,2698,271,0.000000e+00,198,198,1.139791,1.139791,0.0000e+00
dev-corpus-03,2699,262,0.000000e+00,262,262,1.094805,1.094805,0.0000e+00
dev-corpus-03,2700,687,0.000000e+00,687,687,0.151179,0.151179,0.0000e+00
dev-corpus-03,2701,5902,0.000000e+00,696,696,6.555521,6.555521,0.0000e+00
dev-corpus-03,2702,5062,0.000000e+00,5062,5062,0.706389,0.706389,0.0000e+00
dev-corpus-03,2703,7417,0.000000e+00,1153,1153,4.674591,4.674591,0.0000e+00
dev-corpus-03,2704,1153,0.000000e+00,1153,1153,0.025421,0.025421,0.0000e+00
dev-corpus-03,2705,11,0.000000e+00,11,11,0.004001,0.004001,0.0000e+00
dev-corpus-03,2706,12366,0.000000e+00,2972,2972,1.340372,1.340372,0.0000e+00
dev-corpus-03,2707,20266,0.000000e+00,5675,5675,5.638477,5.638477,0.0000e+00
dev-corpus-03,2708,23737,0.000000e+00,18267,18267,5.110405,5.110405,0.0000e+00
dev-corpus-03,2709,28738,0.000000e+00,28738,28738,0.001154,0.001154,0.0000e+00
dev-corpus-03,2710,5076,0.000000e+00,1590,1590,8.369453,8.369453,0.0000e+00
dev-corpus-03,2711,11,0.000000e+00,1590,1590,0.785965,0.785965,0.0000e+00
dev-corpus-03,2712,593,0.000000e+00,2972,2972,4.450175,4.450175,0.0000e+00
dev-corpus-03,2713,11,0.000000e+00,11,11,0.117977,0.117977,0.0000e+00
dev-corpus-03,2714,2972,0.000000e+00,2972,2972,0.389964,0.389964,0.0000e+00
dev-corpus-03,2715,74,0.000000e+00,74,74,0.100460,0.100460,0.0000e+00
dev-corpus-03,2716,8645,0.000000e+00,8645,8645,0.000701,0.000701,0.0000e+00
dev-corpus-03,2717,1590,0.000000e+00,1590,1590,0.014045,0.014045,0.0000e+00
dev-corpus-03,2718,198,0.000000e+00,198,198,0.006771,0.006771,0.0000e+00
dev-corpus-03,2719,285,0.000000e+00,285,285,0.005540,0.005540,0.0000e+00
dev-corpus-03,2720,413,0.000000e+00,4071,4071,2.748075,2.748075,0.0000e+00
dev-corpus-03,2721,12366,0.000000e+00,12366,12366,0.242106,0.242106,0.0000e+00
dev-corpus-03,2722,369,0.000000e+00,369,369,0.003814,0.003814,0.0000e+00
dev-corpus-03,2723,696,0.000000e+00,696,696,0.045278,0.045278,0.0000e+00
dev-corpus-03,2724,23737,0.000000e+00,23737,23737,0.015735,0.015735,0.0000e+00
dev-corpus-03,2725,28738,0.000000e+00,28738,28738,0.000029,0.000029,0.0000e+00
dev-corpus-03,2726,5076,0.000000e+00,5076,5076,0.001346,0.001346,0.0000e+00
dev-corpus-03,2727,25,0.000000e+00,25,25,0.042212,0.042212,0.0000e+00
dev-corpus-03,2728,198,0.000000e+00,198,198,0.005015,0.005015,0.0000e+00
dev-corpus-03,2729,309,0.000000e+00,309,309,0.002912,0.002912,0.0000e+00
dev-corpus-03,2730,12366,0.000000e+00,12366,12366,0.362100,0.362100,0.0000e+00
dev-corpus-03,2731,283,0.000000e+00,283,283,0.022498,0.022498,0.0000e+00
dev-corpus-03,2732,580,0.000000e+00,4535,4535,1.640469,1.640469,0.0000e+00
dev-corpus-03,2733,8645,0.000000e+00,8645,8645,0.000060,0.000060,0.0000e+00
dev-corpus-03,2734,198,0.000000e+00,198,198,0.181053,0.181053,0.0000e+00
dev-corpus-03,2735,285,0.000000e+00,285,285,0.059049,0.059049,0.0000e+00
dev-corpus-03,2736,4265,0.000000e+00,413,413,1.676853,1.676853,0.0000e+00
dev-corpus-03,2737,580,0.000000e+00,580,580,0.353963,0.353963,0.0000e+00
dev-corpus-03,2738,8645,0.000000e+00,8645,8645,0.000019,0.000019,0.0000e+00
dev-corpus-03,2739,25,0.000000e+00,25,25,0.006708,0.006708,0.0000e+00
dev-corpus-03,2740,198,0.000000e+00,198,198,0.001856,0.001856,0.0000e+00
dev-corpus-03,2741,309,0.000000e+00,309,309,0.001591,0.001591,0.0000e+00
dev-corpus-03,2742,12366,0.000000e+00,12366,12366,0.025206,0.025206,0.0000e+00
dev-corpus-03,2743,283,0.000000e+00,283,283,0.013982,0.013982,0.0000e+00
dev-corpus-03,2744,696,0.000000e+00,696,696,0.073634,0.073634,0.0000e+00
dev-corpus-03,2745,18267,0.000000e+00,18267,18267,0.010412,0.010412,0.0000e+00
dev-corpus-03,2746,2155,0.000000e+00,2155,2155,0.000203,0.000203,0.0000e+00
dev-corpus-03,2747,5781,0.000000e+00,5781,5781,0.014569,0.014569,0.0000e+00
dev-corpus-03,2748,8645,0.000000e+00,8645,8645,0.000157,0.000157,0.0000e+00
dev-corpus-03,2749,11,0.000000e+00,11,11,0.000348,0.000348,0.0000e+00
dev-corpus-03,2750,12366,0.000000e+00,12366,12366,0.001828,0.001828,0.0000e+00
dev-corpus-03,2751,8,0.000000e+00,8,8,0.003025,0.003025,0.0000e+00
dev-corpus-03,2752,198,0.000000e+00,198,198,0.087710,0.087710,0.0000e+00
dev-corpus-03,2753,285,0.000000e+00,285,285,0.020274,0.020274,0.0000e+00
dev-corpus-03,2754,653,0.000000e+00,653,653,0.527429,0.527429,0.0000e+00
dev-corpus-03,2755,12536,0.000000e+00,12536,12536,0.203189,0.203189,0.0000e+00
dev-corpus-03,2756,709,0.000000e+00,709,709,0.010073,0.010073,0.0000e+00
dev-corpus-03,2757,364,0.000000e+00,364,364,0.004741,0.004741,0.0000e+00
dev-corpus-03,2758,641,0.000000e+00,641,641,0.027393,0.027393,0.0000e+00
dev-corpus-03,2759,1899,0.000000e+00,18112,18112,1.144063,1.144063,0.0000e+00
dev-corpus-03,2760,363,0.000000e+00,363,363,0.109990,0.109990,0.0000e+00
dev-corpus-03,2761,198,0.000000e+00,198,198,0.029053,0.029053,0.0000e+00
dev-corpus-03,2762,285,0.000000e+00,285,285,0.001373,0.001373,0.0000e+00
dev-corpus-03,2763,687,0.000000e+00,687,687,0.004787,0.004787,0.0000e+00
dev-corpus-03,2764,5335,0.000000e+00,5335,5335,0.062870,0.062870,0.0000e+00
dev-corpus-03,2765,1212,0.000000e+00,1212,1212,0.008526,0.008526,0.0000e+00
dev-corpus-03,2766,78,0.000000e+00,78,78,0.000247,0.000247,0.0000e+00
dev-corpus-03,2767,1590,0.000000e+00,1590,1590,0.001598,0.001598,0.0000e+00
dev-corpus-03,2768,198,0.000000e+00,198,198,0.001328,0.001328,0.0000e+00
dev-corpus-03,2769,309,0.000000e+00,309,309,0.000584,0.000584,0.0000e+00
dev-corpus-03,2770,6725,0.000000e+00,653,653,1.583952,1.583952,0.0000e+00
dev-corpus-03,2771,283,0.000000e+00,283,283,0.001979,0.001979,0.0000e+00
dev-corpus-03,2772,4396,0.000000e+00,4396,4396,0.002748,0.002748,0.0000e+00
dev-corpus-03,2773,5982,0.000000e+00,5982,5982,0.000343,0.000343,0.0000e+00
dev-corpus-03,2774,482,0.000000e+00,482,482,0.000571,0.000571,0.0000e+00
dev-corpus-03,2775,29259,0.000000e+00,29259,29259,0.008715,0.008715,0.0000e+00
dev-corpus-03,2776,837,0.000000e+00,837,837,0.000463,0.000463,0.0000e+00
dev-corpus-03,2777,466,0.000000e+00,466,466,0.033357,0.033357,0.0000e+00
dev-corpus-03,2778,4396,0.000000e+00,4396,4396,0.000298,0.000298,0.0000e+00
dev-corpus-03,2779,5982,0.000000e+00,5982,5982,0.000192,0.000192,0.0000e+00
dev-corpus-03,2780,482,0.000000e+00,482,482,0.000308,0.000308,0.0000e+00
dev-corpus-03,2781,1277,0.000000e+00,1277,1277,0.011634,0.011634,0.0000e+00
dev-corpus-03,2782,4289,0.000000e+00,4289,4289,0.000019,0.000019,0.0000e+00
dev-corpus-03,2783,837,0.000000e+00,837,837,0.000155,0.000155,0.0000e+00
dev-corpus-03,2784,198,0.000000e+00,198,198,0.004911,0.004911,0.0000e+00
dev-corpus-03,2785,309,0.000000e+00,309,309,0.000613,0.000613,0.0000e+00
dev-corpus-03,2786,413,0.000000e+00,413,413,0.092609,0.092609,0.0000e+00
dev-corpus-03,2787,6725,0.000000e+00,6725,6725,0.003989,0.003989,0.0000e+00
dev-corpus-03,2788,369,0.000000e+00,369,369,0.012941,0.012941,0.0000e+00
dev-corpus-03,2789,524,0.000000e+00,524,524,0.222343,0.222343,0.0000e+00
dev-corpus-03,2790,2168,0.000000e+00,2168,2168,0.000125,0.000125,0.0000e+00
dev-corpus-03,2791,25,0.000000e+00,25,25,0.011100,0.011100,0.0000e+00
dev-corpus-03,2792,198,0.000000e+00,198,198,0.001641,0.001641,0.0000e+00
dev-corpus-03,2793,388,0.000000e+00,388,388,0.000679,0.000679,0.0000e+00
dev-corpus-03,2794,1380,0.000000e+00,460,460,1.544772,1.544772,0.0000e+00
dev-corpus-03,2795,25,0.000000e+00,25,25,0.000188,0.000188,0.0000e+00
dev-corpus-03,2796,198,0.000000e+00,198,198,0.001289,0.001289,0.0000e+00
dev-corpus-03,2797,493,0.000000e+00,493,493,0.000744,0.000744,0.0000e+00
dev-corpus-03,2798,460,0.000000e+00,460,460,0.121472,0.121472,0.0000e+00
dev-corpus-03,2799,592,0.000000e+00,592,592,0.015773,0.015773,0.0000e+00
dev-corpus-03,2800,78263,0.000000e+00,78263,78263,0.001091,0.001091,0.0000e+00
dev-corpus-03,2801,7426,0.000000e+00,7426,7426,0.004178,0.004178,0.0000e+00
dev-corpus-03,2802,3486,0.000000e+00,3486,3486,0.000006,0.000006,0.0000e+00
dev-corpus-03,2803,2387,0.000000e+00,2387,2387,0.000893,0.000893,0.0000e+00
dev-corpus-03,2804,198,0.000000e+00,198,198,0.003644,0.003644,0.0000e+00
dev-corpus-03,2805,388,0.000000e+00,388,388,0.000664,0.000664,0.0000e+00
dev-corpus-03,2806,3525,0.000000e+00,3525,3525,0.001864,0.001864,0.0000e+00
dev-corpus-03,2807,36834,0.000000e+00,36834,36834,0.113085,0.113085,0.0000e+00
dev-corpus-03,2808,25,0.000000e+00,25,25,0.008801,0.008801,0.0000e+00
dev-corpus-03,2809,198,0.000000e+00,198,198,0.001903,0.001903,0.0000e+00
dev-corpus-03,2810,493,0.000000e+00,493,493,0.000789,0.000789,0.0000e+00
dev-corpus-03,2811,460,0.000000e+00,460,460,0.603148,0.603148,0.0000e+00
dev-corpus-03,2812,4396,0.000000e+00,638,638,1.403220,1.403220,0.0000e+00
dev-corpus-03,2813,5982,0.000000e+00,5982,5982,0.045893,0.045893,0.0000e+00
dev-corpus-03,2814,363,0.000000e+00,7,7,1.736072,1.736072,0.0000e+00
dev-corpus-03,2815,198,0.000000e+00,198,198,0.108585,0.108585,0.0000e+00
dev-corpus-03,2816,309,0.000000e+00,309,309,0.016072,0.016072,0.0000e+00
dev-corpus-03,2817,413,0.000000e+00,413,413,0.072002,0.072002,0.0000e+00
dev-corpus-03,2818,4396,0.000000e+00,4396,4396,0.000789,0.000789,0.0000e+00
dev-corpus-03,2819,5982,0.000000e+00,5982,5982,0.000038,0.000038,0.0000e+00
dev-corpus-03,2820,482,0.000000e+00,482,482,0.000438,0.000438,0.0000e+00
dev-corpus-03,2821,63605,0.000000e+00,63605,63605,0.002588,0.002588,0.0000e+00
dev-corpus-03,2822,837,0.000000e+00,837,837,0.000108,0.000108,0.0000e+00
dev-corpus-03,2823,369,0.000000e+00,369,369,0.000484,0.000484,0.0000e+00
dev-corpus-03,2824,524,0.000000e+00,524,524,0.000622,0.000622,0.0000e+00
dev-corpus-03,2825,2168,0.000000e+00,2168,2168,0.000047,0.000047,0.0000e+00
dev-corpus-03,2826,25,0.000000e+00,25,25,0.000841,0.000841,0.0000e+00
dev-corpus-03,2827,198,0.000000e+00,198,198,0.000258,0.000258,0.0000e+00
dev-corpus-03,2828,388,0.000000e+00,388,388,0.000644,0.000644,0.0000e+00
dev-corpus-03,2829,460,0.000000e+00,460,460,0.003150,0.003150,0.0000e+00
dev-corpus-03,2830,638,0.000000e+00,638,638,0.008427,0.008427,0.0000e+00
dev-corpus-03,2831,31919,0.000000e+00,31919,31919,0.004737,0.004737,0.0000e+00
dev-corpus-03,2832,17174,0.000000e+00,17174,17174,0.000081,0.000081,0.0000e+00
dev-corpus-03,2833,198,0.000000e+00,198,198,0.005937,0.005937,0.0000e+00
dev-corpus-03,2834,309,0.000000e+00,309,309,0.001180,0.001180,0.0000e+00
dev-corpus-03,2835,413,0.000000e+00,413,413,0.129659,0.129659,0.0000e+00
dev-corpus-03,2836,4396,0.000000e+00,4396,4396,0.000230,0.000230,0.0000e+00
dev-corpus-03,2837,5982,0.000000e+00,5982,5982,0.000054,0.000054,0.0000e+00
dev-corpus-03,2838,482,0.000000e+00,482,482,0.000195,0.000195,0.0000e+00
dev-corpus-03,2839,11469,0.000000e+00,11469,11469,0.000471,0.000471,0.0000e+00
dev-corpus-03,2840,837,0.000000e+00,837,837,0.000155,0.000155,0.0000e+00
dev-corpus-03,2841,369,0.000000e+00,369,369,0.000209,0.000209,0.0000e+00
dev-corpus-03,2842,524,0.000000e+00,524,524,0.001491,0.001491,0.0000e+00
dev-corpus-03,2843,2168,0.000000e+00,2168,2168,0.000152,0.000152,0.0000e+00
dev-corpus-03,2844,25,0.000000e+00,25,25,0.000355,0.000355,0.0000e+00
dev-corpus-03,2845,198,0.000000e+00,198,198,0.002820,0.002820,0.0000e+00
dev-corpus-03,2846,388,0.000000e+00,388,388,0.000725,0.000725,0.0000e+00
dev-corpus-03,2847,460,0.000000e+00,638,638,4.136631,4.136631,0.0000e+00
dev-corpus-03,2848,4396,0.000000e+00,4396,4396,0.773726,0.773726,0.0000e+00
dev-corpus-03,2849,5982,0.000000e+00,5982,5982,0.000822,0.000822,0.0000e+00
dev-corpus-03,2850,363,0.000000e+00,363,363,0.040413,0.040413,0.0000e+00
dev-corpus-03,2851,198,0.000000e+00,198,198,0.012270,0.012270,0.0000e+00
dev-corpus-03,2852,309,0.000000e+00,309,309,0.018725,0.018725,0.0000e+00
dev-corpus-03,2853,4673,0.000000e+00,4673,4673,0.550495,0.550495,0.0000e+00
dev-corpus-03,2854,14953,0.000000e+00,14953,14953,0.014868,0.014868,0.0000e+00
dev-corpus-03,2855,482,0.000000e+00,482,482,0.020960,0.020960,0.0000e+00
dev-corpus-03,2856,1743,0.000000e+00,1743,1743,0.018014,0.018014,0.0000e+00
dev-corpus-03,2857,44530,0.000000e+00,44530,44530,0.000220,0.000220,0.0000e+00
dev-corpus-03,2858,6725,0.000000e+00,6725,6725,0.006585,0.006585,0.0000e+00
dev-corpus-03,2859,1809,0.000000e+00,1809,1809,0.000386,0.000386,0.0000e+00
dev-corpus-03,2860,303,0.000000e+00,303,303,0.000486,0.000486,0.0000e+00
dev-corpus-03,2861,5215,0.000000e+00,5215,5215,0.000536,0.000536,0.0000e+00
dev-corpus-03,2862,504,0.000000e+00,504,504,0.007828,0.007828,0.0000e+00
dev-corpus-03,2863,198,0.000000e+00,198,198,0.005792,0.005792,0.0000e+00
dev-corpus-03,2864,6323,0.000000e+00,6323,6323,0.001698,0.001698,0.0000e+00
dev-corpus-03,2865,638,0.000000e+00,638,638,0.000169,0.000169,0.0000e+00
dev-corpus-03,2866,37813,0.000000e+00,37813,37813,0.010081,0.010081,0.0000e+00
dev-corpus-03,2867,8,0.000000e+00,8,8,0.000630,0.000630,0.0000e+00
dev-corpus-03,2868,198,0.000000e+00,198,198,0.016227,0.016227,0.0000e+00
dev-corpus-03,2869,285,0.000000e+00,285,285,0.002326,0.002326,0.0000e+00
dev-corpus-03,2870,460,0.000000e+00,460,460,0.009685,0.009685,0.0000e+00
dev-corpus-03,2871,638,0.000000e+00,638,638,0.001262,0.001262,0.0000e+00
dev-corpus-03,2872,37813,0.000000e+00,37813,37813,0.002069,0.002069,0.0000e+00
dev-corpus-03,2873,4168,0.000000e+00,4168,4168,0.000270,0.000270,0.0000e+00
dev-corpus-03,2874,58759,0.000000e+00,58759,58759,0.003152,0.003152,0.0000e+00
dev-corpus-03,2875,11,0.000000e+00,11,11,0.000411,0.000411,0.0000e+00
dev-corpus-03,2876,638,0.000000e+00,638,638,0.000497,0.000497,0.0000e+00
dev-corpus-03,2877,20342,0.000000e+00,20342,20342,0.000354,0.000354,0.0000e+00
dev-corpus-03,2878,8,0.000000e+00,8,8,0.003338,0.003338,0.0000e+00
dev-corpus-03,2879,271,0.000000e+00,271,271,0.567641,0.567641,0.0000e+00
dev-corpus-03,2880,262,0.000000e+00,262,262,0.510092,0.510092,0.0000e+00
dev-corpus-03,2881,687,0.000000e+00,687,687,0.149134,0.149134,0.0000e+00
dev-corpus-03,2882,369,0.000000e+00,696,696,5.369719,5.369719,0.0000e+00
dev-corpus-03,2883,8078,0.000000e+00,32939,32939,2.284945,2.284945,0.0000e+00
dev-corpus-03,2884,1153,0.000000e+00,1153,1153,0.387670,0.387670,0.0000e+00
dev-corpus-03,2885,1590,0.000000e+00,11,11,1.009008,1.009008,0.0000e+00
dev-corpus-03,2886,198,0.000000e+00,198,198,0.006658,0.006658,0.0000e+00
dev-corpus-03,2887,285,0.000000e+00,285,285,0.004027,0.004027,0.0000e+00
dev-corpus-03,2888,364,0.000000e+00,460,460,4.719783,4.719783,0.0000e+00
dev-corpus-03,2889,4396,0.000000e+00,4396,4396,1.268676,1.268676,0.0000e+00
dev-corpus-03,2890,303,0.000000e+00,303,303,0.004944,0.004944,0.0000e+00
dev-corpus-03,2891,638,0.000000e+00,638,638,0.344022,0.344022,0.0000e+00
dev-corpus-03,2892,37813,0.000000e+00,37813,37813,0.135177,0.135177,0.0000e+00
dev-corpus-03,2893,2571,0.000000e+00,2571,2571,0.009773,0.009773,0.0000e+00
dev-corpus-03,2894,1947,0.000000e+00,1947,1947,0.000158,0.000158,0.0000e+00
dev-corpus-03,2895,1153,0.000000e+00,1153,1153,0.009565,0.009565,0.0000e+00
dev-corpus-03,2896,20342,0.000000e+00,20342,20342,0.005870,0.005870,0.0000e+00
dev-corpus-03,2897,1590,0.000000e+00,1590,1590,0.002487,0.002487,0.0000e+00
dev-corpus-03,2898,198,0.000000e+00,198,198,0.003445,0.003445,0.0000e+00
dev-corpus-03,2899,309,0.000000e+00,309,309,0.001122,0.001122,0.0000e+00
dev-corpus-03,2900,413,0.000000e+00,413,413,0.685039,0.685039,0.0000e+00
dev-corpus-03,2901,4396,0.000000e+00,4396,4396,0.030843,0.030843,0.0000e+00
dev-corpus-03,2902,5982,0.000000e+00,5982,5982,0.012012,0.012012,0.0000e+00
dev-corpus-03,2903,482,0.000000e+00,482,482,0.004847,0.004847,0.0000e+00
dev-corpus-03,2904,11469,0.000000e+00,29259,29259,0.853641,0.853641,0.0000e+00
dev-corpus-03,2905,837,0.000000e+00,837,837,0.152972,0.152972,0.0000e+00
dev-corpus-03,2906,369,0.000000e+00,369,369,0.024504,0.024504,0.0000e+00
dev-corpus-03,2907,524,0.000000e+00,524,524,0.007857,0.007857,0.0000e+00
dev-corpus-03,2908,2168,0.000000e+00,2168,2168,0.000175,0.000175,0.0000e+00
dev-corpus-03,2909,25,0.000000e+00,25,25,0.023828,0.023828,0.0000e+00
dev-corpus-03,2910,198,0.000000e+00,198,198,0.001172,0.001172,0.0000e+00
dev-corpus-03,2911,388,0.000000e+00,388,388,0.000932,0.000932,0.0000e+00
dev-corpus-03,2912,460,0.000000e+00,460,460,0.035102,0.035102,0.0000e+00
dev-corpus-03,2913,3439,0.000000e+00,3439,3439,0.005579,0.005579,0.0000e+00
dev-corpus-03,2914,198,0.000000e+00,198,198,0.018511,0.018511,0.0000e+00
dev-corpus-03,2915,309,0.000000e+00,285,285,0.951506,0.951506,0.0000e+00
dev-corpus-03,2916,413,0.000000e+00,413,413,0.481449,0.481449,0.0000e+00
dev-corpus-03,2917,318,0.000000e+00,4396,4396,5.555399,5.555399,0.0000e+00
dev-corpus-03,2918,6154,0.000000e+00,6154,6154,0.062566,0.062566,0.0000e+00
dev-corpus-03,2919,5982,0.000000e+00,5982,5982,0.000823,0.000823,0.0000e+00
dev-corpus-03,2920,482,0.000000e+00,482,482,0.001705,0.001705,0.0000e+00
dev-corpus-03,2921,29259,0.000000e+00,29259,29259,0.170350,0.170350,0.0000e+00
dev-corpus-03,2922,837,0.000000e+00,837,837,0.002474,0.002474,0.0000e+00
dev-corpus-03,2923,369,0.000000e+00,466,466,2.788519,2.788519,0.0000e+00
dev-corpus-03,2924,2168,0.000000e+00,524,524,1.079277,1.079277,0.0000e+00
dev-corpus-03,2925,198,0.000000e+00,321,321,2.081263,2.081263,0.0000e+00
dev-corpus-03,2926,388,0.000000e+00,388,388,0.573799,0.573799,0.0000e+00
dev-corpus-03,2927,321,0.000000e+00,321,321,0.011298,0.011298,0.0000e+00
dev-corpus-03,2928,4396,0.000000e+00,4396,4396,0.006070,0.006070,0.0000e+00
dev-corpus-03,2929,5982,0.000000e+00,5982,5982,0.000083,0.000083,0.0000e+00
dev-corpus-03,2930,482,0.000000e+00,482,482,0.000791,0.000791,0.0000e+00
dev-corpus-03,2931,1277,0.000000e+00,1277,1277,0.021976,0.021976,0.0000e+00
dev-corpus-03,2932,4289,0.000000e+00,4289,4289,0.000028,0.000028,0.0000e+00
dev-corpus-03,2933,837,0.000000e+00,837,837,0.000678,0.000678,0.0000e+00
dev-corpus-03,2934,369,0.000000e+00,369,369,0.002572,0.002572,0.0000e+00
dev-corpus-03,2935,2168,0.000000e+00,2168,2168,0.035624,0.035624,0.0000e+00
dev-corpus-03,2936,198,0.000000e+00,1590,1590,1.308575,1.308575,0.0000e+00
dev-corpus-03,2937,388,0.000000e+00,388,388,0.017138,0.017138,0.0000e+00
dev-corpus-03,2938,321,0.000000e+00,321,321,0.002636,0.002636,0.0000e+00
dev-corpus-03,2939,4396,0.000000e+00,4396,4396,0.008065,0.008065,0.0000e+00
dev-corpus-03,2940,5982,0.000000e+00,5982,5982,0.000081,0.000081,0.0000e+00
dev-corpus-03,2941,482,0.000000e+00,482,482,0.003086,0.003086,0.0000e+00
dev-corpus-03,2942,63605,0.000000e+00,63605,63605,0.142774,0.142774,0.0000e+00
dev-corpus-03,2943,837,0.000000e+00,837,837,0.001749,0.001749,0.0000e+00
dev-corpus-03,2944,369,0.000000e+00,369,369,0.000829,0.000829,0.0000e+00
dev-corpus-03,2945,2168,0.000000e+00,2168,2168,0.029715,0.029715,0.0000e+00
dev-corpus-03,2946,1590,0.000000e+00,1590,1590,0.046587,0.046587,0.0000e+00
dev-corpus-03,2947,198,0.000000e+00,198,198,0.002212,0.002212,0.0000e+00
dev-corpus-03,2948,388,0.000000e+00,388,388,0.002145,0.002145,0.0000e+00
dev-corpus-03,2949,653,0.000000e+00,460,460,4.430984,4.430984,0.0000e+00
dev-corpus-03,2950,1368,0.000000e+00,1061,1061,3.013082,3.013082,0.0000e+00
dev-corpus-03,2951,660,0.000000e+00,567,567,4.134595,4.134595,0.0000e+00
dev-corpus-03,2952,279,0.000000e+00,5038,5038,2.868037,2.868037,0.0000e+00
dev-corpus-03,2953,5038,0.000000e+00,5038,5038,1.289376,1.289376,0.0000e+00
dev-corpus-03,2954,513,0.000000e+00,513,513,0.258349,0.258349,0.0000e+00
dev-corpus-03,2955,2168,0.000000e+00,2168,2168,0.170333,0.170333,0.0000e+00
dev-corpus-03,2956,11,0.000000e+00,11,11,0.116939,0.116939,0.0000e+00
dev-corpus-03,2957,1017,0.000000e+00,1179,1179,3.505092,3.505092,0.0000e+00
dev-corpus-03,2958,1902,0.000000e+00,579,579,2.993020,2.993020,0.0000e+00
dev-corpus-03,2959,381,0.000000e+00,381,381,0.050808,0.050808,0.0000e+00
dev-corpus-03,2960,198,0.000000e+00,449,449,3.261831,3.261831,0.0000e+00
dev-corpus-03,2961,388,0.000000e+00,388,388,0.000717,0.000717,0.0000e+00
dev-corpus-03,2962,653,0.000000e+00,653,653,0.001891,0.001891,0.0000e+00
dev-corpus-03,2963,2361,0.000000e+00,449,449,4.001068,4.001068,0.0000e+00
dev-corpus-03,2964,1809,0.000000e+00,1809,1809,0.616051,0.616051,0.0000e+00
dev-corpus-03,2965,567,0.000000e+00,421,421,4.520357,4.520357,0.0000e+00
dev-corpus-03,2966,2224,0.000000e+00,3105,3105,2.488873,2.488873,0.0000e+00
dev-corpus-03,2967,524,0.000000e+00,7167,7167,1.087555,1.087555,0.0000e+00
dev-corpus-03,2968,21637,0.000000e+00,12910,12910,3.877594,3.877594,0.0000e+00
dev-corpus-03,2969,198,0.000000e+00,13,13,1.975609,1.975609,0.0000e+00
dev-corpus-03,2970,388,0.000000e+00,388,388,0.001690,0.001690,0.0000e+00
dev-corpus-03,2971,4673,0.000000e+00,460,460,2.067366,2.067366,0.0000e+00
dev-corpus-03,2972,14953,0.000000e+00,14953,14953,0.100797,0.100797,0.0000e+00
dev-corpus-03,2973,482,0.000000e+00,482,482,0.285180,0.285180,0.0000e+00
dev-corpus-03,2974,1743,0.000000e+00,1743,1743,0.196633,0.196633,0.0000e+00
dev-corpus-03,2975,44530,0.000000e+00,44530,44530,0.006841,0.006841,0.0000e+00
dev-corpus-03,2976,6725,0.000000e+00,6725,6725,0.350733,0.350733,0.0000e+00
dev-corpus-03,2977,1809,0.000000e+00,1809,1809,0.002924,0.002924,0.0000e+00
dev-corpus-03,2978,303,0.000000e+00,303,303,0.015377,0.015377,0.0000e+00
dev-corpus-03,2979,5215,0.000000e+00,5215,5215,0.007477,0.007477,0.0000e+00
dev-corpus-03,2980,504,0.000000e+00,504,504,0.041638,0.041638,0.0000e+00
dev-corpus-03,2981,198,0.000000e+00,198,198,0.005694,0.005694,0.0000e+00
dev-corpus-03,2982,493,0.000000e+00,761,761,6.709579,6.709579,0.0000e+00
dev-corpus-03,2983,638,0.000000e+00,638,638,0.010364,0.010364,0.0000e+00
dev-corpus-03,2984,37813,0.000000e+00,37813,37813,0.030733,0.030733,0.0000e+00
dev-corpus-03,2985,8,0.000000e+00,8,8,0.005016,0.005016,0.0000e+00
dev-corpus-03,2986,198,0.000000e+00,198,198,0.023355,0.023355,0.0000e+00
dev-corpus-03,2987,285,0.000000e+00,285,285,0.032461,0.032461,0.0000e+00
dev-corpus-03,2988,460,0.000000e+00,460,460,0.027952,0.027952,0.0000e+00
dev-corpus-03,2989,2912,0.000000e+00,2912,2912,0.006296,0.006296,0.0000e+00
dev-corpus-03,2990,271,0.000000e+00,271,271,0.234671,0.234671,0.0000e+00
dev-corpus-03,2991,262,0.000000e+00,262,262,0.135005,0.135005,0.0000e+00
dev-corpus-03,2992,687,0.000000e+00,687,687,0.149307,0.149307,0.0000e+00
dev-corpus-03,2993,615,0.000000e+00,1259,1259,2.766991,2.766991,0.0000e+00
dev-corpus-03,2994,37125,0.000000e+00,39109,39109,5.026480,5.026480,0.0000e+00
dev-corpus-03,2995,11497,0.000000e+00,11497,11497,0.101621,0.101621,0.0000e+00
dev-corpus-03,2996,1153,0.000000e+00,1153,1153,0.006512,0.006512,0.0000e+00
dev-corpus-03,2997,1590,0.000000e+00,1590,1590,0.051385,0.051385,0.0000e+00
dev-corpus-03,2998,198,0.000000e+00,198,198,0.001865,0.001865,0.0000e+00
dev-corpus-03,2999,285,0.000000e+00,285,285,0.001738,0.001738,0.0000e+00
dev-corpus-03,3000,13746,0.000000e+00,4071,4071,4.298508,4.298508,0.0000e+00
dev-corpus-03,3001,283,0.000000e+00,283,283,0.004269,0.004269,0.0000e+00
dev-corpus-03,3002,2958,0.000000e+00,716,716,0.902803,0.902803,0.0000e+00
dev-corpus-03,3003,198,0.000000e+00,198,198,0.003557,0.003557,0.0000e+00
dev-corpus-03,3004,285,0.000000e+00,285,285,0.000901,0.000901,0.0000e+00
dev-corpus-03,3005,364,0.000000e+00,364,364,0.057409,0.057409,0.0000e+00
dev-corpus-03,3006,4396,0.000000e+00,4396,4396,0.037311,0.037311,0.0000e+00
dev-corpus-03,3007,303,0.000000e+00,303,303,0.000439,0.000439,0.0000e+00
dev-corpus-03,3008,638,0.000000e+00,638,638,0.009546,0.009546,0.0000e+00
dev-corpus-03,3009,37813,0.000000e+00,37813,37813,0.012442,0.012442,0.0000e+00
dev-corpus-03,3010,2571,0.000000e+00,2571,2571,0.001618,0.001618,0.0000e+00
dev-corpus-03,3011,1947,0.000000e+00,1947,1947,0.000026,0.000026,0.0000e+00
dev-corpus-03,3012,1153,0.000000e+00,1153,1153,0.000847,0.000847,0.0000e+00
dev-corpus-03,3013,20342,0.000000e+00,20342,20342,0.000242,0.000242,0.0000e+00
dev-corpus-03,3014,1590,0.000000e+00,1590,1590,0.000810,0.000810,0.0000e+00
dev-corpus-03,3015,198,0.000000e+00,198,198,0.000942,0.000942,0.0000e+00
dev-corpus-03,3016,309,0.000000e+00,309,309,0.000482,0.000482,0.0000e+00
dev-corpus-03,3017,6725,0.000000e+00,413,413,1.124082,1.124082,0.0000e+00
dev-corpus-03,3018,283,0.000000e+00,283,283,0.004731,0.004731,0.0000e+00
dev-corpus-03,3019,4396,0.000000e+00,4396,4396,0.004127,0.004127,0.0000e+00
dev-corpus-03,3020,5982,0.000000e+00,5982,5982,0.000527,0.000527,0.0000e+00
dev-corpus-03,3021,482,0.000000e+00,482,482,0.001390,0.001390,0.0000e+00
dev-corpus-03,3022,29259,0.000000e+00,29259,29259,0.005022,0.005022,0.0000e+00
dev-corpus-03,3023,837,0.000000e+00,837,837,0.000692,0.000692,0.0000e+00
dev-corpus-03,3024,466,0.000000e+00,466,466,0.277638,0.277638,0.0000e+00
dev-corpus-03,3025,4396,0.000000e+00,4396,4396,0.000373,0.000373,0.0000e+00
dev-corpus-03,3026,5982,0.000000e+00,5982,5982,0.000074,0.000074,0.0000e+00
dev-corpus-03,3027,482,0.000000e+00,482,482,0.000383,0.000383,0.0000e+00
dev-corpus-03,3028,1277,0.000000e+00,1277,1277,0.000539,0.000539,0.0000e+00
dev-corpus-03,3029,4289,0.000000e+00,4289,4289,0.002132,0.002132,0.0000e+00
dev-corpus-03,3030,837,0.000000e+00,837,837,0.000139,0.000139,0.0000e+00
dev-corpus-03,3031,198,0.000000e+00,198,198,0.005109,0.005109,0.0000e+00
dev-corpus-03,3032,309,0.000000e+00,309,309,0.000259,0.000259,0.0000e+00
dev-corpus-03,3033,413,0.000000e+00,413,413,0.031340,0.031340,0.0000e+00
dev-corpus-03,3034,6725,0.000000e+00,6725,6725,0.004847,0.004847,0.0000e+00
dev-corpus-03,3035,369,0.000000e+00,369,369,0.157233,0.157233,0.0000e+00
dev-corpus-03,3036,524,0.000000e+00,524,524,0.010483,0.010483,0.0000e+00
dev-corpus-03,3037,2168,0.000000e+00,2168,2168,0.000077,0.000077,0.0000e+00
dev-corpus-03,3038,321,0.000000e+00,25,25,4.814819,4.814819,0.0000e+00
dev-corpus-03,3039,6725,0.000000e+00,6725,6725,0.282175,0.282175,0.0000e+00
dev-corpus-03,3040,524,0.000000e+00,524,524,0.280858,0.280858,0.0000e+00
dev-corpus-03,3041,303,0.000000e+00,303,303,0.000049,0.000049,0.0000e+00
dev-corpus-03,3042,13746,0.000000e+00,13746,13746,0.026177,0.026177,0.0000e+00
dev-corpus-03,3043,25,0.000000e+00,25,25,0.001487,0.001487,0.0000e+00
dev-corpus-03,3044,198,0.000000e+00,198,198,0.001071,0.001071,0.0000e+00
dev-corpus-03,3045,388,0.000000e+00,388,388,0.000912,0.000912,0.0000e+00
dev-corpus-03,3046,653,0.000000e+00,13746,13746,5.478134,5.478134,0.0000e+00
dev-corpus-03,3047,884,0.000000e+00,1368,1368,5.241758,5.241758,0.0000e+00
dev-corpus-03,3048,264,0.000000e+00,279,279,3.809923,3.809923,0.0000e+00
dev-corpus-03,3049,6725,0.000000e+00,4752,4752,3.323006,3.323006,0.0000e+00
dev-corpus-03,3050,1809,0.000000e+00,1809,1809,0.814139,0.814139,0.0000e+00
dev-corpus-03,3051,1132,0.000000e+00,198,198,2.947825,2.947825,0.0000e+00
dev-corpus-03,3052,279,0.000000e+00,2957,2957,3.684030,3.684030,0.0000e+00
dev-corpus-03,3053,1118,0.000000e+00,1118,1118,0.011488,0.011488,0.0000e+00
dev-corpus-03,3054,854,0.000000e+00,854,854,0.011547,0.011547,0.0000e+00
dev-corpus-03,3055,424,0.000000e+00,424,424,0.737685,0.737685,0.0000e+00
dev-corpus-03,3056,7701,0.000000e+00,7701,7701,1.136767,1.136767,0.0000e+00
dev-corpus-03,3057,198,0.000000e+00,198,198,0.073107,0.073107,0.0000e+00
dev-corpus-03,3058,388,0.000000e+00,388,388,0.000312,0.000312,0.0000e+00
dev-corpus-03,3059,13746,0.000000e+00,13746,13746,0.082777,0.082777,0.0000e+00
dev-corpus-03,3060,1989,0.000000e+00,1989,1989,0.000951,0.000951,0.0000e+00
dev-corpus-03,3061,36101,0.000000e+00,36101,36101,0.001850,0.001850,0.0000e+00
dev-corpus-03,3062,8,0.000000e+00,8,8,0.002146,0.002146,0.0000e+00
dev-corpus-03,3063,198,0.000000e+00,198,198,0.009894,0.009894,0.0000e+00
dev-corpus-03,3064,309,0.000000e+00,285,285,3.030608,3.030608,0.0000e+00
dev-corpus-03,3065,4265,0.000000e+00,26880,26880,1.976835,1.976835,0.0000e+00
dev-corpus-03,3066,318,0.000000e+00,4396,4396,2.470923,2.470923,0.0000e+00
dev-corpus-03,3067,29259,0.000000e+00,6154,6154,1.658319,1.658319,0.0000e+00
dev-corpus-03,3068,369,0.000000e+00,369,369,0.037070,0.037070,0.0000e+00
dev-corpus-03,3069,2168,0.000000e+00,2168,2168,0.106846,0.106846,0.0000e+00
dev-corpus-03,3070,198,0.000000e+00,198,198,0.188298,0.188298,0.0000e+00
dev-corpus-03,3071,388,0.000000e+00,1638,1638,1.838242,1.838242,0.0000e+00
dev-corpus-04,3072,285,0.000000e+00,2,2,5.801132,5.801132,0.0000e+00
dev-corpus-04,3073,4265,0.000000e+00,333,333,5.751165,5.751165,0.0000e+00
dev-corpus-04,3074,11074,0.000000e+00,638,638,4.498182,4.498182,0.0000e+00
dev-corpus-04,3075,1446,0.000000e+00,2007,2007,2.959121,2.959121,0.0000e+00
dev-corpus-04,3076,14711,0.000000e+00,11,11,8.633565,8.633565,0.0000e+00
dev-corpus-04,3077,2508,0.000000e+00,11,11,9.073015,9.073015,0.0000e+00
dev-corpus-04,3078,11,0.000000e+00,11,11,0.083743,0.083743,0.0000e+00
dev-corpus-04,3079,592,0.000000e+00,592,592,0.822176,0.822176,0.0000e+00
dev-corpus-04,3080,1590,0.000000e+00,1590,1590,0.069720,0.069720,0.0000e+00
dev-corpus-04,3081,198,0.000000e+00,198,198,0.021564,0.021564,0.0000e+00
dev-corpus-04,3082,309,0.000000e+00,309,309,0.044958,0.044958,0.0000e+00
dev-corpus-04,3083,20245,0.000000e+00,20245,20245,0.878770,0.878770,0.0000e+00
dev-corpus-04,3084,30919,0.000000e+00,2508,2508,16.358078,16.358078,0.0000e+00
dev-corpus-04,3085,283,0.000000e+00,283,283,0.228852,0.228852,0.0000e+00
dev-corpus-04,3086,12102,0.000000e+00,52665,52665,7.002309,7.002309,0.0000e+00
dev-corpus-04,3087,293,0.000000e+00,25,25,2.580668,2.580668,0.0000e+00
dev-corpus-04,3088,21402,0.000000e+00,25,25,8.013264,8.013264,0.0000e+00
dev-corpus-04,3089,6,0.000000e+00,21,21,3.084968,3.084968,0.0000e+00
dev-corpus-04,3090,1170,0.000000e+00,1170,1170,0.250543,0.250543,0.0000e+00
dev-corpus-04,3091,696,0.000000e+00,293,293,4.090119,4.090119,0.0000e+00
dev-corpus-04,3092,8038,0.000000e+00,8038,8038,1.337461,1.337461,0.0000e+00
dev-corpus-04,3093,2653,0.000000e+00,2653,2653,0.680793,0.680793,0.0000e+00
dev-corpus-04,3094,4468,0.000000e+00,4468,4468,0.238189,0.238189,0.0000e+00
dev-corpus-04,3095,1446,0.000000e+00,1446,1446,0.023366,0.023366,0.0000e+00
dev-corpus-04,3096,14711,0.000000e+00,14711,14711,0.011145,0.011145,0.0000e+00
dev-corpus-04,3097,2508,0.000000e+00,2508,2508,0.000996,0.000996,0.0000e+00
dev-corpus-04,3098,11,0.000000e+00,11,11,0.101079,0.101079,0.0000e+00
dev-corpus-04,3099,293,0.000000e+00,293,293,0.034264,0.034264,0.0000e+00
dev-corpus-04,3100,8,0.000000e+00,8,8,0.182952,0.182952,0.0000e+00
dev-corpus-04,3101,198,0.000000e+00,198,198,0.143422,0.143422,0.0000e+00
dev-corpus-04,3102,285,0.000000e+00,285,285,0.256729,0.256729,0.0000e+00
dev-corpus-04,3103,745,0.000000e+00,745,745,0.097940,0.097940,0.0000e+00
dev-corpus-04,3104,25,0.000000e+00,25,25,0.000793,0.000793,0.0000e+00
dev-corpus-04,3105,198,0.000000e+00,198,198,0.010300,0.010300,0.0000e+00
dev-corpus-04,3106,309,0.000000e+00,309,309,0.001642,0.001642,0.0000e+00
dev-corpus-04,3107,20245,0.000000e+00,4673,4673,2.225802,2.225802,0.0000e+00
dev-corpus-04,3108,30919,0.000000e+00,30919,30919,0.024410,0.024410,0.0000e+00
dev-corpus-04,3109,283,0.000000e+00,283,283,0.002189,0.002189,0.0000e+00
dev-corpus-04,3110,12102,0.000000e+00,12102,12102,0.245833,0.245833,0.0000e+00
dev-corpus-04,3111,293,0.000000e+00,293,293,0.068911,0.068911,0.0000e+00
dev-corpus-04,3112,21402,0.000000e+00,21402,21402,0.012969,0.012969,0.0000e+00
dev-corpus-04,3113,6,0.000000e+00,6,6,0.007703,0.007703,0.0000e+00
dev-corpus-04,3114,1170,0.000000e+00,1170,1170,0.000274,0.000274,0.0000e+00
dev-corpus-04,3115,20245,0.000000e+00,293,293,2.145291,2.145291,0.0000e+00
dev-corpus-04,3116,2508,0.000000e+00,2508,2508,0.004034,0.004034,0.0000e+00
dev-corpus-04,3117,4468,0.000000e+00,1446,1446,3.373699,3.373699,0.0000e+00
dev-corpus-04,3118,1446,0.000000e+00,1446,1446,0.021202,0.021202,0.0000e+00
dev-corpus-04,3119,8,0.000000e+00,8,8,0.007914,0.007914,0.0000e+00
dev-corpus-04,3120,271,0.000000e+00,198,198,0.995493,0.995493,0.0000e+00
dev-corpus-04,3121,285,0.000000e+00,285,285,0.309641,0.309641,0.0000e+00
dev-corpus-04,3122,638,0.000000e+00,653,653,2.319406,2.319406,0.0000e+00
dev-corpus-04,3123,1385,0.000000e+00,1385,1385,0.714083,0.714083,0.0000e+00
dev-corpus-04,3124,71,0.000000e+00,35138,35138,3.590041,3.590041,0.0000e+00
dev-corpus-04,3125,11609,0.000000e+00,283,283,1.286829,1.286829,0.0000e+00
dev-corpus-04,3126,283,0.000000e+00,283,283,1.023543,1.023543,0.0000e+00
dev-corpus-04,3127,2168,0.000000e+00,12102,12102,3.107285,3.107285,0.0000e+00
dev-corpus-04,3128,198,0.000000e+00,198,198,0.150087,0.150087,0.0000e+00
dev-corpus-04,3129,285,0.000000e+00,285,285,0.004819,0.004819,0.0000e+00
dev-corpus-04,3130,638,0.000000e+00,638,638,0.166349,0.166349,0.0000e+00
dev-corpus-04,3131,1385,0.000000e+00,1385,1385,0.119518,0.119518,0.0000e+00
dev-corpus-04,3132,2589,0.000000e+00,71,71,9.301775,9.301775,0.0000e+00
dev-corpus-04,3133,283,0.000000e+00,283,283,0.389413,0.389413,0.0000e+00
dev-corpus-04,3134,20245,0.000000e+00,2168,2168,2.581361,2.581361,0.0000e+00
dev-corpus-04,3135,30919,0.000000e+00,30919,30919,0.007222,0.007222,0.0000e+00
dev-corpus-04,3136,363,0.000000e+00,1818,1818,1.407206,1.407206,0.0000e+00
dev-corpus-04,3137,198,0.000000e+00,198,198,0.096681,0.096681,0.0000e+00
dev-corpus-04,3138,285,0.000000e+00,285,285,0.005139,0.005139,0.0000e+00
dev-corpus-04,3139,638,0.000000e+00,638,638,0.026759,0.026759,0.0000e+00
dev-corpus-04,3140,1385,0.000000e+00,1385,1385,0.008657,0.008657,0.0000e+00
dev-corpus-04,3141,4240,0.000000e+00,4240,4240,0.221160,0.221160,0.0000e+00
dev-corpus-04,3142,283,0.000000e+00,283,283,0.008597,0.008597,0.0000e+00
dev-corpus-04,3143,20245,0.000000e+00,20245,20245,0.080432,0.080432,0.0000e+00
dev-corpus-04,3144,30919,0.000000e+00,30919,30919,0.000648,0.000648,0.0000e+00
dev-corpus-04,3145,363,0.000000e+00,363,363,0.048755,0.048755,0.0000e+00
dev-corpus-04,3146,198,0.000000e+00,198,198,0.506685,0.506685,0.0000e+00
dev-corpus-04,3147,285,0.000000e+00,285,285,0.061269,0.061269,0.0000e+00
dev-corpus-04,3148,638,0.000000e+00,638,638,0.174953,0.174953,0.0000e+00
dev-corpus-04,3149,72998,0.000000e+00,1385,1385,5.786432,5.786432,0.0000e+00
dev-corpus-04,3150,2291,0.000000e+00,2508,2508,2.097641,2.097641,0.0000e+00
dev-corpus-04,3151,283,0.000000e+00,283,283,0.004890,0.004890,0.0000e+00
dev-corpus-04,3152,638,0.000000e+00,638,638,0.135872,0.135872,0.0000e+00
dev-corpus-04,3153,1385,0.000000e+00,1385,1385,0.015027,0.015027,0.0000e+00
dev-corpus-04,3154,4240,0.000000e+00,2589,2589,1.159585,1.159585,0.0000e+00
dev-corpus-04,3155,72998,0.000000e+00,72998,72998,0.021713,0.021713,0.0000e+00
dev-corpus-04,3156,2291,0.000000e+00,2291,2291,0.001793,0.001793,0.0000e+00
dev-corpus-04,3157,271,0.000000e+00,198,198,0.754281,0.754281,0.0000e+00
dev-corpus-04,3158,285,0.000000e+00,262,262,0.759773,0.759773,0.0000e+00
dev-corpus-04,3159,413,0.000000e+00,653,653,1.707597,1.707597,0.0000e+00
dev-corpus-04,3160,30038,0.000000e+00,11074,11074,2.781339,2.781339,0.0000e+00
dev-corpus-04,3161,1153,0.000000e+00,1153,1153,0.578992,0.578992,0.0000e+00
dev-corpus-04,3162,1385,0.000000e+00,1385,1385,0.308248,0.308248,0.0000e+00
dev-corpus-04,3163,4240,0.000000e+00,4240,4240,0.222361,0.222361,0.0000e+00
dev-corpus-04,3164,11,0.000000e+00,11,11,0.005387,0.005387,0.0000e+00
dev-corpus-04,3165,359,0.000000e+00,359,359,0.067452,0.067452,0.0000e+00
dev-corpus-04,3166,4425,0.000000e+00,4425,4425,0.791471,0.791471,0.0000e+00
dev-corpus-04,3167,2291,0.000000e+00,2291,2291,0.032506,0.032506,0.0000e+00
dev-corpus-04,3168,33782,0.000000e+00,33782,33782,0.024744,0.024744,0.0000e+00
dev-corpus-04,3169,198,0.000000e+00,198,198,0.009931,0.009931,0.0000e+00
dev-corpus-04,3170,309,0.000000e+00,309,309,0.001456,0.001456,0.0000e+00
dev-corpus-04,3171,2424,0.000000e+00,638,638,2.336732,2.336732,0.0000e+00
dev-corpus-04,3172,2073,0.000000e+00,2291,2291,3.231375,3.231375,0.0000e+00
dev-corpus-04,3173,283,0.000000e+00,283,283,0.011757,0.011757,0.0000e+00
dev-corpus-04,3174,638,0.000000e+00,638,638,0.033538,0.033538,0.0000e+00
dev-corpus-04,3175,1385,0.000000e+00,1385,1385,0.003620,0.003620,0.0000e+00
dev-corpus-04,3176,4240,0.000000e+00,4240,4240,0.000987,0.000987,0.0000e+00
dev-corpus-04,3177,15236,0.000000e+00,15236,15236,0.002508,0.002508,0.0000e+00
dev-corpus-04,3178,2291,0.000000e+00,2291,2291,0.000484,0.000484,0.0000e+00
dev-corpus-04,3179,198,0.000000e+00,198,198,0.064452,0.064452,0.0000e+00
dev-corpus-04,3180,309,0.000000e+00,285,285,1.772150,1.772150,0.0000e+00
dev-corpus-04,3181,413,0.000000e+00,413,413,0.497321,0.497321,0.0000e+00
dev-corpus-04,3182,2424,0.000000e+00,2424,2424,0.534277,0.534277,0.0000e+00
dev-corpus-04,3183,2073,0.000000e+00,2073,2073,0.005082,0.005082,0.0000e+00
dev-corpus-04,3184,361,0.000000e+00,369,369,2.294281,2.294281,0.0000e+00
dev-corpus-04,3185,220,0.000000e+00,220,220,0.159579,0.159579,0.0000e+00
dev-corpus-04,3186,16,0.000000e+00,16,16,0.758195,0.758195,0.0000e+00
dev-corpus-04,3187,21,0.000000e+00,25,25,1.328689,1.328689,0.0000e+00
dev-corpus-04,3188,25,0.000000e+00,25,25,0.073271,0.073271,0.0000e+00
dev-corpus-04,3189,198,0.000000e+00,198,198,0.031813,0.031813,0.0000e+00
dev-corpus-04,3190,388,0.000000e+00,388,388,0.001840,0.001840,0.0000e+00
dev-corpus-04,3191,696,0.000000e+00,4673,4673,5.671127,5.671127,0.0000e+00
dev-corpus-04,3192,58410,0.000000e+00,32370,32370,3.342728,3.342728,0.0000e+00
dev-corpus-04,3193,20751,0.000000e+00,20751,20751,0.002908,0.002908,0.0000e+00
dev-corpus-04,3194,482,0.000000e+00,7,7,1.173030,1.173030,0.0000e+00
dev-corpus-04,3195,4425,0.000000e+00,4425,4425,1.718799,1.718799,0.0000e+00
dev-corpus-04,3196,2291,0.000000e+00,2073,2073,1.136499,1.136499,0.0000e+00
dev-corpus-04,3197,314,0.000000e+00,361,361,2.073574,2.073574,0.0000e+00
dev-corpus-04,3198,984,0.000000e+00,984,984,0.824451,0.824451,0.0000e+00
dev-corpus-04,3199,67,0.000000e+00,67,67,0.693468,0.693468,0.0000e+00
dev-corpus-04,3200,4816,0.000000e+00,369,369,3.771698,3.771698,0.0000e+00
dev-corpus-04,3201,2166,0.000000e+00,2166,2166,1.086262,1.086262,0.0000e+00
dev-corpus-04,3202,2526,0.000000e+00,2526,2526,0.091030,0.091030,0.0000e+00
dev-corpus-04,3203,26,0.000000e+00,364,364,3.808891,3.808891,0.0000e+00
dev-corpus-04,3204,1608,0.000000e+00,359,359,3.544649,3.544649,0.0000e+00
dev-corpus-04,3205,1004,0.000000e+00,220,220,7.984293,7.984293,0.0000e+00
dev-corpus-04,3206,359,0.000000e+00,1765,1765,1.710431,1.710431,0.0000e+00
dev-corpus-04,3207,198,0.000000e+00,198,198,0.012182,0.012182,0.0000e+00
dev-corpus-04,3208,7322,0.000000e+00,7322,7322,0.441594,0.441594,0.0000e+00
dev-corpus-04,3209,359,0.000000e+00,359,359,0.011996,0.011996,0.0000e+00
dev-corpus-04,3210,2186,0.000000e+00,754,754,1.661949,1.661949,0.0000e+00
dev-corpus-04,3211,314,0.000000e+00,314,314,0.814485,0.814485,0.0000e+00
dev-corpus-04,3212,984,0.000000e+00,220,220,1.465612,1.465612,0.0000e+00
dev-corpus-04,3213,67,0.000000e+00,67,67,0.004750,0.004750,0.0000e+00
dev-corpus-04,3214,3058,0.000000e+00,6,6,3.201285,3.201285,0.0000e+00
dev-corpus-04,3215,984,0.000000e+00,984,984,0.035285,0.035285,0.0000e+00
dev-corpus-04,3216,318,0.000000e+00,318,318,0.029411,0.029411,0.0000e+00
dev-corpus-04,3217,4425,0.000000e+00,4425,4425,0.014416,0.014416,0.0000e+00
dev-corpus-04,3218,2073,0.000000e+00,2073,2073,0.000082,0.000082,0.0000e+00
dev-corpus-04,3219,11,0.000000e+00,11,11,0.000901,0.000901,0.0000e+00
dev-corpus-04,3220,638,0.000000e+00,220,220,2.145747,2.145747,0.0000e+00
dev-corpus-04,3221,15236,0.000000e+00,15236,15236,0.574224,0.574224,0.0000e+00
dev-corpus-04,3222,2073,0.000000e+00,2291,2291,1.736684,1.736684,0.0000e+00
dev-corpus-04,3223,681,0.000000e+00,681,681,0.386267,0.386267,0.0000e+00
dev-corpus-04,3224,198,0.000000e+00,198,198,0.022967,0.022967,0.0000e+00
dev-corpus-04,3225,7322,0.000000e+00,7322,7322,0.004551,0.004551,0.0000e+00
dev-corpus-04,3226,10634,0.000000e+00,696,696,2.462727,2.462727,0.0000e+00
dev-corpus-04,3227,11743,0.000000e+00,11743,11743,0.003100,0.003100,0.0000e+00
dev-corpus-04,3228,11,0.000000e+00,8,8,1.363051,1.363051,0.0000e+00
dev-corpus-04,3229,220,0.000000e+00,5436,5436,2.988188,2.988188,0.0000e+00
dev-corpus-04,3230,17,0.000000e+00,17,17,0.130360,0.130360,0.0000e+00
dev-corpus-04,3231,8,0.000000e+00,8,8,0.006052,0.006052,0.0000e+00
dev-corpus-04,3232,198,0.000000e+00,198,198,0.010377,0.010377,0.0000e+00
dev-corpus-04,3233,388,0.000000e+00,388,388,0.396501,0.396501,0.0000e+00
dev-corpus-04,3234,2424,0.000000e+00,2424,2424,0.466675,0.466675,0.0000e+00
dev-corpus-04,3235,2073,0.000000e+00,2073,2073,0.000215,0.000215,0.0000e+00
dev-corpus-04,3236,283,0.000000e+00,283,283,0.000662,0.000662,0.0000e+00
dev-corpus-04,3237,638,0.000000e+00,638,638,0.152526,0.152526,0.0000e+00
dev-corpus-04,3238,15236,0.000000e+00,15236,15236,0.002568,0.002568,0.0000e+00
dev-corpus-04,3239,2073,0.000000e+00,2073,2073,0.001457,0.001457,0.0000e+00
dev-corpus-04,3240,198,0.000000e+00,198,198,0.597767,0.597767,0.0000e+00
dev-corpus-04,3241,285,0.000000e+00,285,285,0.369536,0.369536,0.0000e+00
dev-corpus-04,3242,745,0.000000e+00,745,745,0.255215,0.255215,0.0000e+00
dev-corpus-04,3243,25,0.000000e+00,25,25,0.000028,0.000028,0.0000e+00
dev-corpus-04,3244,198,0.000000e+00,198,198,0.005381,0.005381,0.0000e+00
dev-corpus-04,3245,309,0.000000e+00,309,309,0.000895,0.000895,0.0000e+00
dev-corpus-04,3246,696,0.000000e+00,2424,2424,4.205694,4.205694,0.0000e+00
dev-corpus-04,3247,58410,0.000000e+00,58410,58410,0.073322,0.073322,0.0000e+00
dev-corpus-04,3248,20751,0.000000e+00,20751,20751,0.000416,0.000416,0.0000e+00
dev-corpus-04,3249,482,0.000000e+00,482,482,0.206983,0.206983,0.0000e+00
dev-corpus-04,3250,2665,0.000000e+00,4425,4425,2.742659,2.742659,0.0000e+00
dev-corpus-04,3251,2424,0.000000e+00,2424,2424,0.061602,0.061602,0.0000e+00
dev-corpus-04,3252,2291,0.000000e+00,2291,2291,0.058517,0.058517,0.0000e+00
dev-corpus-04,3253,6816,0.000000e+00,6816,6816,0.979273,0.979273,0.0000e+00
dev-corpus-04,3254,383,0.000000e+00,1669,1669,2.073318,2.073318,0.0000e+00
dev-corpus-04,3255,2574,0.000000e+00,984,984,6.370105,6.370105,0.0000e+00
dev-corpus-04,3256,20245,0.000000e+00,5010,5010,1.200844,1.200844,0.0000e+00
dev-corpus-04,3257,1576,0.000000e+00,2508,2508,2.682866,2.682866,0.0000e+00
dev-corpus-04,3258,26,0.000000e+00,26,26,0.622429,0.622429,0.0000e+00
dev-corpus-04,3259,359,0.000000e+00,359,359,0.024625,0.024625,0.0000e+00
dev-corpus-04,3260,198,0.000000e+00,198,198,0.000313,0.000313,0.0000e+00
dev-corpus-04,3261,5780,0.000000e+00,5780,5780,0.037845,0.037845,0.0000e+00
dev-corpus-04,3262,359,0.000000e+00,359,359,0.002514,0.002514,0.0000e+00
dev-corpus-04,3263,5439,0.000000e+00,940,940,7.108176,7.108176,0.0000e+00
dev-corpus-04,3264,28528,0.000000e+00,28528,28528,0.047172,0.047172,0.0000e+00
dev-corpus-04,3265,984,0.000000e+00,984,984,1.251532,1.251532,0.0000e+00
dev-corpus-04,3266,67,0.000000e+00,67,67,0.014093,0.014093,0.0000e+00
dev-corpus-04,3267,3058,0.000000e+00,3058,3058,0.650346,0.650346,0.0000e+00
dev-corpus-04,3268,984,0.000000e+00,984,984,0.003898,0.003898,0.0000e+00
dev-corpus-04,3269,318,0.000000e+00,638,638,1.964729,1.964729,0.0000e+00
dev-corpus-04,3270,701,0.000000e+00,701,701,0.032864,0.032864,0.0000e+00
dev-corpus-04,3271,15236,0.000000e+00,15236,15236,0.000505,0.000505,0.0000e+00
dev-corpus-04,3272,2073,0.000000e+00,2073,2073,0.000775,0.000775,0.0000e+00
dev-corpus-04,3273,681,0.000000e+00,681,681,0.161753,0.161753,0.0000e+00
dev-corpus-04,3274,198,0.000000e+00,198,198,0.671041,0.671041,0.0000e+00
dev-corpus-04,3275,5780,0.000000e+00,5780,5780,0.002110,0.002110,0.0000e+00
dev-corpus-04,3276,10634,0.000000e+00,10634,10634,0.006438,0.006438,0.0000e+00
dev-corpus-04,3277,11743,0.000000e+00,11743,11743,0.000111,0.000111,0.0000e+00
dev-corpus-04,3278,11,0.000000e+00,11,11,0.020387,0.020387,0.0000e+00
dev-corpus-04,3279,220,0.000000e+00,220,220,0.002442,0.002442,0.0000e+00
dev-corpus-04,3280,17,0.000000e+00,17,17,0.011468,0.011468,0.0000e+00
dev-corpus-04,3281,8,0.000000e+00,8,8,0.000500,0.000500,0.0000e+00
dev-corpus-04,3282,198,0.000000e+00,198,198,0.408644,0.408644,0.0000e+00
dev-corpus-04,3283,309,0.000000e+00,285,285,1.109582,1.109582,0.0000e+00
dev-corpus-04,3284,2424,0.000000e+00,2424,2424,0.059738,0.059738,0.0000e+00
dev-corpus-04,3285,2073,0.000000e+00,2073,2073,0.000090,0.000090,0.0000e+00
dev-corpus-04,3286,283,0.000000e+00,283,283,0.000560,0.000560,0.0000e+00
dev-corpus-04,3287,638,0.000000e+00,638,638,0.014300,0.014300,0.0000e+00
dev-corpus-04,3288,15236,0.000000e+00,15236,15236,0.000694,0.000694,0.0000e+00
dev-corpus-04,3289,2073,0.000000e+00,2073,2073,0.000158,0.000158,0.0000e+00
dev-corpus-04,3290,271,0.000000e+00,271,271,0.182187,0.182187,0.0000e+00
dev-corpus-04,3291,285,0.000000e+00,285,285,0.042552,0.042552,0.0000e+00
dev-corpus-04,3292,413,0.000000e+00,638,638,1.828886,1.828886,0.0000e+00
dev-corpus-04,3293,2343,0.000000e+00,2424,2424,2.840440,2.840440,0.0000e+00
dev-corpus-04,3294,4702,0.000000e+00,18119,18119,2.415869,2.415869,0.0000e+00
dev-corpus-04,3295,8,0.000000e+00,8,8,0.015397,0.015397,0.0000e+00
dev-corpus-04,3296,835,0.000000e+00,835,835,0.557295,0.557295,0.0000e+00
dev-corpus-04,3297,2424,0.000000e+00,2424,2424,0.096426,0.096426,0.0000e+00
dev-corpus-04,3298,2073,0.000000e+00,2073,2073,0.000322,0.000322,0.0000e+00
dev-corpus-04,3299,25,0.000000e+00,25,25,0.042049,0.042049,0.0000e+00
dev-corpus-04,3300,198,0.000000e+00,198,198,0.007058,0.007058,0.0000e+00
dev-corpus-04,3301,309,0.000000e+00,309,309,0.000983,0.000983,0.0000e+00
dev-corpus-04,3302,1328,0.000000e+00,1328,1328,0.828074,0.828074,0.0000e+00
dev-corpus-04,3303,283,0.000000e+00,283,283,0.016907,0.016907,0.0000e+00
dev-corpus-04,3304,20245,0.000000e+00,638,638,2.180392,2.180392,0.0000e+00
dev-corpus-04,3305,30919,0.000000e+00,30919,30919,0.103383,0.103383,0.0000e+00
dev-corpus-04,3306,4702,0.000000e+00,4702,4702,0.009760,0.009760,0.0000e+00
dev-corpus-04,3307,553,0.000000e+00,553,553,0.563524,0.563524,0.0000e+00
dev-corpus-04,3308,35138,0.000000e+00,35138,35138,0.003837,0.003837,0.0000e+00
dev-corpus-04,3309,363,0.000000e+00,363,363,0.001818,0.001818,0.0000e+00
dev-corpus-04,3310,271,0.000000e+00,271,271,0.662879,0.662879,0.0000e+00
dev-corpus-04,3311,285,0.000000e+00,285,285,0.004026,0.004026,0.0000e+00
dev-corpus-04,3312,653,0.000000e+00,638,638,2.441125,2.441125,0.0000e+00
dev-corpus-04,3313,638,0.000000e+00,561,561,4.644470,4.644470,0.0000e+00
dev-corpus-04,3314,15236,0.000000e+00,1385,1385,2.410374,2.410374,0.0000e+00
dev-corpus-04,3315,2073,0.000000e+00,2073,2073,0.098837,0.098837,0.0000e+00
dev-corpus-04,3316,369,0.000000e+00,369,369,0.902078,0.902078,0.0000e+00
dev-corpus-04,3317,279,0.000000e+00,279,279,1.152646,1.152646,0.0000e+00
dev-corpus-04,3318,1581,0.000000e+00,2424,2424,5.385959,5.385959,0.0000e+00
dev-corpus-04,3319,2424,0.000000e+00,2424,2424,1.156597,1.156597,0.0000e+00
dev-corpus-04,3320,2073,0.000000e+00,1331,1331,0.768124,0.768124,0.0000e+00
dev-corpus-04,3321,13,0.000000e+00,11,11,3.004245,3.004245,0.0000e+00
dev-corpus-04,3322,638,0.000000e+00,198,198,4.120091,4.120091,0.0000e+00
dev-corpus-04,3323,15236,0.000000e+00,1385,1385,2.576534,2.576534,0.0000e+00
dev-corpus-04,3324,2291,0.000000e+00,2073,2073,1.894494,1.894494,0.0000e+00
dev-corpus-04,3325,369,0.000000e+00,369,369,0.359047,0.359047,0.0000e+00
dev-corpus-04,3326,198,0.000000e+00,279,279,1.722057,1.722057,0.0000e+00
dev-corpus-04,3327,285,0.000000e+00,285,285,0.000328,0.000328,0.0000e+00
dev-corpus-04,3328,653,0.000000e+00,653,653,0.000296,0.000296,0.0000e+00
dev-corpus-04,3329,7139,0.000000e+00,279,279,9.880581,9.880581,0.0000e+00
dev-corpus-04,3330,2424,0.000000e+00,2424,2424,0.157302,0.157302,0.0000e+00
dev-corpus-04,3331,1331,0.000000e+00,2073,2073,1.337567,1.337567,0.0000e+00
dev-corpus-04,3332,430,0.000000e+00,13,13,5.312191,5.312191,0.0000e+00
dev-corpus-04,3333,1575,0.000000e+00,10521,10521,5.717863,5.717863,0.0000e+00
dev-corpus-04,3334,430,0.000000e+00,430,430,0.257220,0.257220,0.0000e+00
dev-corpus-04,3335,279,0.000000e+00,279,279,1.275603,1.275603,0.0000e+00
dev-corpus-04,3336,569,0.000000e+00,1324,1324,5.838634,5.838634,0.0000e+00
dev-corpus-04,3337,5165,0.000000e+00,5165,5165,1.196194,1.196194,0.0000e+00
dev-corpus-04,3338,6816,0.000000e+00,13,13,5.060367,5.060367,0.0000e+00
dev-corpus-04,3339,13,0.000000e+00,13,13,0.589707,0.589707,0.0000e+00
dev-corpus-04,3340,198,0.000000e+00,198,198,0.105313,0.105313,0.0000e+00
dev-corpus-04,3341,285,0.000000e+00,285,285,0.000435,0.000435,0.0000e+00
dev-corpus-04,3342,638,0.000000e+00,638,638,0.330616,0.330616,0.0000e+00
dev-corpus-04,3343,15236,0.000000e+00,15236,15236,0.153285,0.153285,0.0000e+00
dev-corpus-04,3344,2291,0.000000e+00,2291,2291,0.296178,0.296178,0.0000e+00
dev-corpus-04,3345,283,0.000000e+00,283,283,0.002671,0.002671,0.0000e+00
dev-corpus-04,3346,2424,0.000000e+00,2424,2424,0.263611,0.263611,0.0000e+00
dev-corpus-04,3347,2073,0.000000e+00,2073,2073,0.000832,0.000832,0.0000e+00
dev-corpus-04,3348,271,0.000000e+00,198,198,0.964320,0.964320,0.0000e+00
dev-corpus-04,3349,285,0.000000e+00,285,285,0.132991,0.132991,0.0000e+00
dev-corpus-04,3350,1328,0.000000e+00,653,653,4.726299,4.726299,0.0000e+00
dev-corpus-04,3351,283,0.000000e+00,6892,6892,1.705605,1.705605,0.0000e+00
dev-corpus-04,3352,1328,0.000000e+00,1328,1328,1.409653,1.409653,0.0000e+00
dev-corpus-04,3353,890,0.000000e+00,478,478,1.208973,1.208973,0.0000e+00
dev-corpus-04,3354,4111,0.000000e+00,4111,4111,0.003798,0.003798,0.0000e+00
dev-corpus-04,3355,18119,0.000000e+00,18119,18119,0.516316,0.516316,0.0000e+00
dev-corpus-04,3356,2073,0.000000e+00,2073,2073,0.002478,0.002478,0.0000e+00
dev-corpus-04,3357,11,0.000000e+00,11,11,0.292842,0.292842,0.0000e+00
dev-corpus-04,3358,292,0.000000e+00,292,292,0.062618,0.062618,0.0000e+00
dev-corpus-04,3359,15313,0.000000e+00,15313,15313,0.117080,0.117080,0.0000e+00
dev-corpus-04,3360,15,0.000000e+00,87,87,1.015569,1.015569,0.0000e+00
dev-corpus-04,3361,837,0.000000e+00,837,837,0.034112,0.034112,0.0000e+00
dev-corpus-04,3362,198,0.000000e+00,198,198,0.340220,0.340220,0.0000e+00
dev-corpus-04,3363,285,0.000000e+00,285,285,0.002758,0.002758,0.0000e+00
dev-corpus-04,3364,638,0.000000e+00,638,638,0.829127,0.829127,0.0000e+00
dev-corpus-04,3365,1385,0.000000e+00,1385,1385,0.167937,0.167937,0.0000e+00
dev-corpus-04,3366,2589,0.000000e+00,558,558,5.044351,5.044351,0.0000e+00
dev-corpus-04,3367,5149,0.000000e+00,5149,5149,0.604459,0.604459,0.0000e+00
dev-corpus-04,3368,4702,0.000000e+00,4702,4702,0.423022,0.423022,0.0000e+00
dev-corpus-04,3369,25081,0.000000e+00,8,8,5.535937,5.535937,0.0000e+00
dev-corpus-04,3370,31992,0.000000e+00,2231,2231,5.730169,5.730169,0.0000e+00
dev-corpus-04,3371,62,0.000000e+00,5070,5070,2.865523,2.865523,0.0000e+00
dev-corpus-04,3372,20,0.000000e+00,15,15,4.651355,4.651355,0.0000e+00
dev-corpus-04,3373,34,0.000000e+00,66,66,4.138305,4.138305,0.0000e+00
dev-corpus-04,3374,578,0.000000e+00,578,578,1.089345,1.089345,0.0000e+00
dev-corpus-04,3375,198,0.000000e+00,198,198,0.047926,0.047926,0.0000e+00
dev-corpus-04,3376,285,0.000000e+00,285,285,0.000154,0.000154,0.0000e+00
dev-corpus-04,3377,638,0.000000e+00,638,638,0.021286,0.021286,0.0000e+00
dev-corpus-04,3378,1385,0.000000e+00,1385,1385,0.002355,0.002355,0.0000e+00
dev-corpus-04,3379,4240,0.000000e+00,4240,4240,0.045764,0.045764,0.0000e+00
dev-corpus-04,3380,5149,0.000000e+00,5149,5149,0.012588,0.012588,0.0000e+00
dev-corpus-04,3381,4702,0.000000e+00,4702,4702,0.012147,0.012147,0.0000e+00
dev-corpus-04,3382,25081,0.000000e+00,25081,25081,0.070166,0.070166,0.0000e+00
dev-corpus-04,3383,31992,0.000000e+00,31992,31992,0.003985,0.003985,0.0000e+00
dev-corpus-04,3384,62,0.000000e+00,62,62,0.009774,0.009774,0.0000e+00
dev-corpus-04,3385,18,0.000000e+00,21,21,1.872258,1.872258,0.0000e+00
dev-corpus-04,3386,21,0.000000e+00,34,34,2.003279,2.003279,0.0000e+00
dev-corpus-04,3387,578,0.000000e+00,578,578,0.020050,0.020050,0.0000e+00
dev-corpus-04,3388,198,0.000000e+00,271,271,1.088471,1.088471,0.0000e+00
dev-corpus-04,3389,285,0.000000e+00,285,285,0.043999,0.043999,0.0000e+00
dev-corpus-04,3390,413,0.000000e+00,638,638,3.628855,3.628855,0.0000e+00
dev-corpus-04,3391,3623,0.000000e+00,30038,30038,5.579472,5.579472,0.0000e+00
dev-corpus-04,3392,369,0.000000e+00,369,369,0.775036,0.775036,0.0000e+00
dev-corpus-04,3393,524,0.000000e+00,524,524,0.456306,0.456306,0.0000e+00
dev-corpus-04,3394,2168,0.000000e+00,2168,2168,0.016979,0.016979,0.0000e+00
dev-corpus-04,3395,25,0.000000e+00,25,25,0.012255,0.012255,0.0000e+00
dev-corpus-04,3396,198,0.000000e+00,198,198,0.005024,0.005024,0.0000e+00
dev-corpus-04,3397,309,0.000000e+00,309,309,0.001297,0.001297,0.0000e+00
dev-corpus-04,3398,638,0.000000e+00,638,638,0.044124,0.044124,0.0000e+00
dev-corpus-04,3399,5149,0.000000e+00,5149,5149,0.055886,0.055886,0.0000e+00
dev-corpus-04,3400,7863,0.000000e+00,7863,7863,0.006670,0.006670,0.0000e+00
dev-corpus-04,3401,8,0.000000e+00,8,8,0.002155,0.002155,0.0000e+00
dev-corpus-04,3402,271,0.000000e+00,271,271,0.178544,0.178544,0.0000e+00
dev-corpus-04,3403,262,0.000000e+00,262,262,0.066614,0.066614,0.0000e+00
dev-corpus-04,3404,554,0.000000e+00,687,687,2.685957,2.685957,0.0000e+00
dev-corpus-04,3405,3573,0.000000e+00,3573,3573,0.260421,0.260421,0.0000e+00
dev-corpus-04,3406,198,0.000000e+00,198,198,0.002633,0.002633,0.0000e+00
dev-corpus-04,3407,262,0.000000e+00,262,262,0.113672,0.113672,0.0000e+00
dev-corpus-04,3408,687,0.000000e+00,687,687,0.040340,0.040340,0.0000e+00
dev-corpus-04,3409,803,0.000000e+00,1328,1328,5.153931,5.153931,0.0000e+00
dev-corpus-04,3410,1153,0.000000e+00,1153,1153,0.003329,0.003329,0.0000e+00
dev-corpus-04,3411,1590,0.000000e+00,1590,1590,0.000625,0.000625,0.0000e+00
dev-corpus-04,3412,198,0.000000e+00,198,198,0.008397,0.008397,0.0000e+00
dev-corpus-04,3413,285,0.000000e+00,285,285,0.000562,0.000562,0.0000e+00
dev-corpus-04,3414,413,0.000000e+00,460,460,2.920690,2.920690,0.0000e+00
dev-corpus-04,3415,638,0.000000e+00,11074,11074,1.673330,1.673330,0.0000e+00
dev-corpus-04,3416,1385,0.000000e+00,1385,1385,0.137688,0.137688,0.0000e+00
dev-corpus-04,3417,71,0.000000e+00,71,71,0.795573,0.795573,0.0000e+00
dev-corpus-04,3418,11609,0.000000e+00,11609,11609,0.000482,0.000482,0.0000e+00
dev-corpus-04,3419,25,0.000000e+00,369,369,0.923638,0.923638,0.0000e+00
dev-corpus-04,3420,198,0.000000e+00,198,198,0.006831,0.006831,0.0000e+00
dev-corpus-04,3421,309,0.000000e+00,309,309,0.000853,0.000853,0.0000e+00
dev-corpus-04,3422,460,0.000000e+00,460,460,0.070308,0.070308,0.0000e+00
dev-corpus-04,3423,638,0.000000e+00,638,638,1.070487,1.070487,0.0000e+00
dev-corpus-04,3424,1385,0.000000e+00,1385,1385,0.004298,0.004298,0.0000e+00
dev-corpus-04,3425,71,0.000000e+00,71,71,0.013112,0.013112,0.0000e+00
dev-corpus-04,3426,11609,0.000000e+00,11609,11609,0.000204,0.000204,0.0000e+00
dev-corpus-04,3427,2557,0.000000e+00,2557,2557,0.107481,0.107481,0.0000e+00
dev-corpus-04,3428,198,0.000000e+00,198,198,0.189232,0.189232,0.0000e+00
dev-corpus-04,3429,285,0.000000e+00,285,285,0.000649,0.000649,0.0000e+00
dev-corpus-04,3430,745,0.000000e+00,460,460,0.938090,0.938090,0.0000e+00
dev-corpus-04,3431,25,0.000000e+00,25,25,0.000049,0.000049,0.0000e+00
dev-corpus-04,3432,198,0.000000e+00,198,198,0.000747,0.000747,0.0000e+00
dev-corpus-04,3433,309,0.000000e+00,309,309,0.000399,0.000399,0.0000e+00
dev-corpus-04,3434,460,0.000000e+00,460,460,0.065804,0.065804,0.0000e+00
dev-corpus-04,3435,281,0.000000e+00,638,638,7.106792,7.106792,0.0000e+00
dev-corpus-04,3436,75833,0.000000e+00,64707,64707,2.759506,2.759506,0.0000e+00
dev-corpus-04,3437,11609,0.000000e+00,11609,11609,0.005265,0.005265,0.0000e+00
dev-corpus-04,3438,61209,0.000000e+00,17878,17878,2.259974,2.259974,0.0000e+00
dev-corpus-04,3439,701,0.000000e+00,701,701,0.056342,0.056342,0.0000e+00
dev-corpus-04,3440,1385,0.000000e+00,1385,1385,0.186636,0.186636,0.0000e+00
dev-corpus-04,3441,4240,0.000000e+00,4240,4240,0.365807,0.365807,0.0000e+00
dev-corpus-04,3442,2557,0.000000e+00,2557,2557,0.011040,0.011040,0.0000e+00
dev-corpus-04,3443,9571,0.000000e+00,9571,9571,0.025529,0.025529,0.0000e+00
dev-corpus-04,3444,271,0.000000e+00,271,271,0.093008,0.093008,0.0000e+00
dev-corpus-04,3445,262,0.000000e+00,262,262,0.004408,0.004408,0.0000e+00
dev-corpus-04,3446,687,0.000000e+00,687,687,0.300506,0.300506,0.0000e+00
dev-corpus-04,3447,2560,0.000000e+00,2560,2560,0.332853,0.332853,0.0000e+00
dev-corpus-04,3448,1153,0.000000e+00,1153,1153,0.001411,0.001411,0.0000e+00
dev-corpus-04,3449,11,0.000000e+00,11,11,0.000463,0.000463,0.0000e+00
dev-corpus-04,3450,3623,0.000000e+00,3623,3623,0.603887,0.603887,0.0000e+00
dev-corpus-04,3451,1590,0.000000e+00,1590,1590,0.610391,0.610391,0.0000e+00
dev-corpus-04,3452,198,0.000000e+00,198,198,0.001443,0.001443,0.0000e+00
dev-corpus-04,3453,285,0.000000e+00,285,285,0.000200,0.000200,0.0000e+00
dev-corpus-04,3454,4071,0.000000e+00,413,413,1.833781,1.833781,0.0000e+00
dev-corpus-04,3455,27974,0.000000e+00,198,198,5.773097,5.773097,0.0000e+00
dev-corpus-04,3456,795,0.000000e+00,795,795,1.153455,1.153455,0.0000e+00
dev-corpus-04,3457,494,0.000000e+00,1083,1083,6.248386,6.248386,0.0000e+00
dev-corpus-04,3458,3623,0.000000e+00,3623,3623,0.887764,0.887764,0.0000e+00
dev-corpus-04,3459,1083,0.000000e+00,1083,1083,0.660506,0.660506,0.0000e+00
dev-corpus-04,3460,411,0.000000e+00,279,279,2.881815,2.881815,0.0000e+00
dev-corpus-04,3461,69898,0.000000e+00,92610,92610,6.679382,6.679382,0.0000e+00
dev-corpus-04,3462,1576,0.000000e+00,1576,1576,0.316425,0.316425,0.0000e+00
dev-corpus-04,3463,71483,0.000000e+00,13,13,0.987009,0.987009,0.0000e+00
dev-corpus-04,3464,198,0.000000e+00,198,198,0.084840,0.084840,0.0000e+00
dev-corpus-04,3465,285,0.000000e+00,285,285,0.000678,0.000678,0.0000e+00
dev-corpus-04,3466,1699,0.000000e+00,413,413,12.565868,12.565868,0.0000e+00
dev-corpus-04,3467,283,0.000000e+00,283,283,0.200516,0.200516,0.0000e+00
dev-corpus-04,3468,638,0.000000e+00,638,638,0.110725,0.110725,0.0000e+00
dev-corpus-04,3469,1385,0.000000e+00,1385,1385,0.139794,0.139794,0.0000e+00
dev-corpus-04,3470,71,0.000000e+00,4240,4240,2.579551,2.579551,0.0000e+00
dev-corpus-04,3471,11609,0.000000e+00,11609,11609,0.000349,0.000349,0.0000e+00
dev-corpus-04,3472,466,0.000000e+00,198,198,0.977430,0.977430,0.0000e+00
dev-corpus-04,3473,638,0.000000e+00,638,638,0.048707,0.048707,0.0000e+00
dev-corpus-04,3474,1385,0.000000e+00,1385,1385,0.389143,0.389143,0.0000e+00
dev-corpus-04,3475,4240,0.000000e+00,4240,4240,0.089948,0.089948,0.0000e+00
dev-corpus-04,3476,198,0.000000e+00,198,198,0.224118,0.224118,0.0000e+00
dev-corpus-04,3477,285,0.000000e+00,285,285,0.000045,0.000045,0.0000e+00
dev-corpus-04,3478,1699,0.000000e+00,1699,1699,0.751159,0.751159,0.0000e+00
dev-corpus-04,3479,5149,0.000000e+00,5149,5149,0.013846,0.013846,0.0000e+00
dev-corpus-04,3480,7863,0.000000e+00,7863,7863,0.013808,0.013808,0.0000e+00
dev-corpus-04,3481,8,0.000000e+00,8,8,0.004031,0.004031,0.0000e+00
dev-corpus-04,3482,271,0.000000e+00,271,271,0.214677,0.214677,0.0000e+00
dev-corpus-04,3483,262,0.000000e+00,262,262,0.030561,0.030561,0.0000e+00
dev-corpus-04,3484,687,0.000000e+00,687,687,0.053419,0.053419,0.0000e+00
dev-corpus-04,3485,2880,0.000000e+00,20245,20245,3.030469,3.030469,0.0000e+00
dev-corpus-04,3486,1153,0.000000e+00,1153,1153,0.007817,0.007817,0.0000e+00
dev-corpus-04,3487,1590,0.000000e+00,1590,1590,0.031501,0.031501,0.0000e+00
dev-corpus-04,3488,198,0.000000e+00,198,198,0.002756,0.002756,0.0000e+00
dev-corpus-04,3489,285,0.000000e+00,285,285,0.000106,0.000106,0.0000e+00
dev-corpus-04,3490,4071,0.000000e+00,4071,4071,0.162598,0.162598,0.0000e+00
dev-corpus-04,3491,5423,0.000000e+00,5423,5423,0.590112,0.590112,0.0000e+00
dev-corpus-04,3492,264,0.000000e+00,264,264,0.077183,0.077183,0.0000e+00
dev-corpus-04,3493,8387,0.000000e+00,2880,2880,6.572271,6.572271,0.0000e+00
dev-corpus-04,3494,2880,0.000000e+00,2880,2880,0.577672,0.577672,0.0000e+00
dev-corpus-04,3495,314,0.000000e+00,314,314,0.077079,0.077079,0.0000e+00
dev-corpus-04,3496,411,0.000000e+00,411,411,0.148998,0.148998,0.0000e+00
dev-corpus-04,3497,69898,0.000000e+00,1576,1576,1.656024,1.656024,0.0000e+00
dev-corpus-04,3498,1576,0.000000e+00,1576,1576,0.011758,0.011758,0.0000e+00
dev-corpus-04,3499,13,0.000000e+00,71483,71483,2.615290,2.615290,0.0000e+00
dev-corpus-04,3500,271,0.000000e+00,271,271,0.740975,0.740975,0.0000e+00
dev-corpus-04,3501,285,0.000000e+00,285,285,0.009315,0.009315,0.0000e+00
dev-corpus-04,3502,1473,0.000000e+00,561,561,6.904501,6.904501,0.0000e+00
dev-corpus-04,3503,2560,0.000000e+00,92610,92610,2.265812,2.265812,0.0000e+00
dev-corpus-04,3504,310,0.000000e+00,310,310,0.772954,0.772954,0.0000e+00
dev-corpus-04,3505,411,0.000000e+00,279,279,2.213397,2.213397,0.0000e+00
dev-corpus-04,3506,2880,0.000000e+00,1576,1576,1.123501,1.123501,0.0000e+00
dev-corpus-04,3507,2677,0.000000e+00,668,668,2.577804,2.577804,0.0000e+00
dev-corpus-04,3508,914,0.000000e+00,914,914,0.000838,0.000838,0.0000e+00
dev-corpus-04,3509,7556,0.000000e+00,7556,7556,0.253033,0.253033,0.0000e+00
dev-corpus-04,3510,279,0.000000e+00,279,279,0.206081,0.206081,0.0000e+00
dev-corpus-04,3511,3889,0.000000e+00,3889,3889,0.164567,0.164567,0.0000e+00
dev-corpus-04,3512,1576,0.000000e+00,13,13,1.332633,1.332633,0.0000e+00
dev-corpus-04,3513,13,0.000000e+00,13,13,0.579689,0.579689,0.0000e+00
dev-corpus-04,3514,198,0.000000e+00,198,198,0.165368,0.165368,0.0000e+00
dev-corpus-04,3515,285,0.000000e+00,285,285,0.000738,0.000738,0.0000e+00
dev-corpus-04,3516,4071,0.000000e+00,4071,4071,0.168732,0.168732,0.0000e+00
dev-corpus-04,3517,198,0.000000e+00,198,198,0.020947,0.020947,0.0000e+00
dev-corpus-04,3518,285,0.000000e+00,285,285,0.000335,0.000335,0.0000e+00
dev-corpus-04,3519,653,0.000000e+00,460,460,2.952222,2.952222,0.0000e+00
dev-corpus-04,3520,6920,0.000000e+00,1165,1165,6.282846,6.282846,0.0000e+00
dev-corpus-04,3521,1259,0.000000e+00,279,279,4.163899,4.163899,0.0000e+00
dev-corpus-04,3522,902,0.000000e+00,2251,2251,1.893671,1.893671,0.0000e+00
dev-corpus-04,3523,548,0.000000e+00,548,548,0.122229,0.122229,0.0000e+00
dev-corpus-04,3524,5774,0.000000e+00,310,310,2.337444,2.337444,0.0000e+00
dev-corpus-04,3525,310,0.000000e+00,310,310,0.605817,0.605817,0.0000e+00
dev-corpus-04,3526,5471,0.000000e+00,5471,5471,0.582415,0.582415,0.0000e+00
dev-corpus-04,3527,279,0.000000e+00,7842,7842,2.539736,2.539736,0.0000e+00
dev-corpus-04,3528,11064,0.000000e+00,1259,1259,4.844746,4.844746,0.0000e+00
dev-corpus-04,3529,1259,0.000000e+00,1259,1259,1.560150,1.560150,0.0000e+00
dev-corpus-04,3530,2251,0.000000e+00,2251,2251,0.013737,0.013737,0.0000e+00
dev-corpus-04,3531,18162,0.000000e+00,548,548,1.710461,1.710461,0.0000e+00
dev-corpus-04,3532,198,0.000000e+00,198,198,0.077325,0.077325,0.0000e+00
dev-corpus-04,3533,285,0.000000e+00,285,285,0.000172,0.000172,0.0000e+00
dev-corpus-04,3534,975,0.000000e+00,653,653,4.947339,4.947339,0.0000e+00
dev-corpus-04,3535,283,0.000000e+00,283,283,0.012431,0.012431,0.0000e+00
dev-corpus-04,3536,638,0.000000e+00,1576,1576,1.748628,1.748628,0.0000e+00
dev-corpus-04,3537,4692,0.000000e+00,4692,4692,0.005661,0.005661,0.0000e+00
dev-corpus-04,3538,1005,0.000000e+00,1005,1005,0.006978,0.006978,0.0000e+00
dev-corpus-04,3539,47719,0.000000e+00,47719,47719,0.005390,0.005390,0.0000e+00
dev-corpus-04,3540,902,0.000000e+00,902,902,0.000190,0.000190,0.0000e+00
dev-corpus-04,3541,3676,0.000000e+00,3676,3676,0.000907,0.000907,0.0000e+00
dev-corpus-04,3542,701,0.000000e+00,701,701,0.042649,0.042649,0.0000e+00
dev-corpus-04,3543,4692,0.000000e+00,4692,4692,0.000507,0.000507,0.0000e+00
dev-corpus-04,3544,1005,0.000000e+00,1005,1005,0.000060,0.000060,0.0000e+00
dev-corpus-04,3545,18562,0.000000e+00,18562,18562,0.026877,0.026877,0.0000e+00
dev-corpus-04,3546,198,0.000000e+00,198,198,0.104730,0.104730,0.0000e+00
dev-corpus-04,3547,285,0.000000e+00,285,285,0.000604,0.000604,0.0000e+00
dev-corpus-04,3548,975,0.000000e+00,975,975,0.487720,0.487720,0.0000e+00
dev-corpus-04,3549,72998,0.000000e+00,1385,1385,2.185750,2.185750,0.0000e+00
dev-corpus-04,3550,2291,0.000000e+00,2291,2291,0.094427,0.094427,0.0000e+00
dev-corpus-04,3551,283,0.000000e+00,283,283,0.003625,0.003625,0.0000e+00
dev-corpus-04,3552,638,0.000000e+00,638,638,0.006612,0.006612,0.0000e+00
dev-corpus-04,3553,72998,0.000000e+00,72998,72998,0.028157,0.028157,0.0000e+00
dev-corpus-04,3554,2291,0.000000e+00,2291,2291,0.000167,0.000167,0.0000e+00
dev-corpus-04,3555,198,0.000000e+00,198,198,0.018975,0.018975,0.0000e+00
dev-corpus-04,3556,285,0.000000e+00,285,285,0.000040,0.000040,0.0000e+00
dev-corpus-04,3557,413,0.000000e+00,975,975,3.119668,3.119668,0.0000e+00
dev-corpus-04,3558,638,0.000000e+00,638,638,0.428892,0.428892,0.0000e+00
dev-corpus-04,3559,1385,0.000000e+00,1385,1385,0.016526,0.016526,0.0000e+00
dev-corpus-04,3560,71,0.000000e+00,71,71,0.046100,0.046100,0.0000e+00
dev-corpus-04,3561,11609,0.000000e+00,11609,11609,0.000029,0.000029,0.0000e+00
dev-corpus-04,3562,25,0.000000e+00,25,25,0.145626,0.145626,0.0000e+00
dev-corpus-04,3563,198,0.000000e+00,198,198,0.002108,0.002108,0.0000e+00
dev-corpus-04,3564,309,0.000000e+00,309,309,0.000186,0.000186,0.0000e+00
dev-corpus-04,3565,975,0.000000e+00,975,975,0.083034,0.083034,0.0000e+00
dev-corpus-04,3566,1385,0.000000e+00,1385,1385,0.028655,0.028655,0.0000e+00
dev-corpus-04,3567,71,0.000000e+00,71,71,0.039671,0.039671,0.0000e+00
dev-corpus-04,3568,11609,0.000000e+00,11609,11609,0.000077,0.000077,0.0000e+00
dev-corpus-04,3569,283,0.000000e+00,283,283,0.004266,0.004266,0.0000e+00
dev-corpus-04,3570,638,0.000000e+00,638,638,0.080812,0.080812,0.0000e+00
dev-corpus-04,3571,1385,0.000000e+00,1385,1385,0.000818,0.000818,0.0000e+00
dev-corpus-04,3572,71,0.000000e+00,71,71,0.003430,0.003430,0.0000e+00
dev-corpus-04,3573,11609,0.000000e+00,11609,11609,0.000019,0.000019,0.0000e+00
dev-corpus-04,3574,11883,0.000000e+00,198,198,2.319573,2.319573,0.0000e+00
dev-corpus-04,3575,363,0.000000e+00,363,363,0.006150,0.006150,0.0000e+00
dev-corpus-04,3576,198,0.000000e+00,198,198,0.033157,0.033157,0.0000e+00
dev-corpus-04,3577,309,0.000000e+00,309,309,0.503701,0.503701,0.0000e+00
dev-corpus-04,3578,975,0.000000e+00,975,975,0.068998,0.068998,0.0000e+00
dev-corpus-04,3579,1385,0.000000e+00,1385,1385,0.028567,0.028567,0.0000e+00
dev-corpus-04,3580,4240,0.000000e+00,2589,2589,1.103723,1.103723,0.0000e+00
dev-corpus-04,3581,283,0.000000e+00,283,283,0.013652,0.013652,0.0000e+00
dev-corpus-04,3582,975,0.000000e+00,638,638,2.554558,2.554558,0.0000e+00
dev-corpus-04,3583,1385,0.000000e+00,1385,1385,0.003876,0.003876,0.0000e+00
dev-corpus-05,3584,198,0.000000e+00,198,198,0.002326,0.002326,0.0000e+00
dev-corpus-05,3585,72240,0.000000e+00,3710,3710,6.999879,6.999879,0.0000e+00
dev-corpus-05,3586,264,0.000000e+00,279,279,2.359832,2.359832,0.0000e+00
dev-corpus-05,3587,41272,0.000000e+00,3050,3050,8.584093,8.584093,0.0000e+00
dev-corpus-05,3588,5918,0.000000e+00,4299,4299,1.957249,1.957249,0.0000e+00
dev-corpus-05,3589,314,0.000000e+00,303,303,4.591464,4.591464,0.0000e+00
dev-corpus-05,3590,264,0.000000e+00,264,264,0.361971,0.361971,0.0000e+00
dev-corpus-05,3591,65715,0.000000e+00,3542,3542,7.567064,7.567064,0.0000e+00
dev-corpus-05,3592,46060,0.000000e+00,46060,46060,0.006958,0.006958,0.0000e+00
dev-corpus-05,3593,11,0.000000e+00,3725,3725,5.901437,5.901437,0.0000e+00
dev-corpus-05,3594,76501,0.000000e+00,1675,1675,2.154811,2.154811,0.0000e+00
dev-corpus-05,3595,11,0.000000e+00,3177,3177,3.053288,3.053288,0.0000e+00
dev-corpus-05,3596,26305,0.000000e+00,1496,1496,10.883845,10.883845,0.0000e+00
dev-corpus-05,3597,4384,0.000000e+00,4384,4384,0.208429,0.208429,0.0000e+00
dev-corpus-05,3598,22175,0.000000e+00,248046,248046,5.201100,5.201100,0.0000e+00
dev-corpus-05,3599,314,0.000000e+00,248046,248046,2.610272,2.610272,0.0000e+00
dev-corpus-05,3600,26338,0.000000e+00,279,279,6.911734,6.911734,0.0000e+00
dev-corpus-05,3601,290,0.000000e+00,290,290,0.002461,0.002461,0.0000e+00
dev-corpus-05,3602,321,0.000000e+00,12041,12041,6.847729,6.847729,0.0000e+00
dev-corpus-05,3603,40751,0.000000e+00,40751,40751,0.372946,0.372946,0.0000e+00
dev-corpus-05,3604,7529,0.000000e+00,12041,12041,2.249623,2.249623,0.0000e+00
dev-corpus-05,3605,23620,0.000000e+00,248046,248046,8.257141,8.257141,0.0000e+00
dev-corpus-05,3606,279,0.000000e+00,279,279,0.810686,0.810686,0.0000e+00
dev-corpus-05,3607,39577,0.000000e+00,23611,23611,11.680332,11.680332,0.0000e+00
dev-corpus-05,3608,5716,0.000000e+00,6775,6775,2.538140,2.538140,0.0000e+00
dev-corpus-05,3609,314,0.000000e+00,314,314,0.263165,0.263165,0.0000e+00
dev-corpus-05,3610,23739,0.000000e+00,264,264,6.617721,6.617721,0.0000e+00
dev-corpus-05,3611,12282,0.000000e+00,12282,12282,1.505763,1.505763,0.0000e+00
dev-corpus-05,3612,13,0.000000e+00,13,13,0.871287,0.871287,0.0000e+00
dev-corpus-05,3613,248046,0.000000e+00,248046,248046,0.166516,0.166516,0.0000e+00
dev-corpus-05,3614,198,0.000000e+00,198,198,0.000069,0.000069,0.0000e+00
dev-corpus-05,3615,248045,0.000000e+00,248045,248045,0.000217,0.000217,0.0000e+00
dev-corpus-05,3616,74455,0.000000e+00,248045,248045,5.052175,5.052175,0.0000e+00
dev-corpus-05,3617,198,0.000000e+00,198,198,0.001569,0.001569,0.0000e+00
dev-corpus-05,3618,623,0.000000e+00,248068,248068,21.223382,21.223382,0.0000e+00
dev-corpus-05,3619,264,0.000000e+00,279,279,4.684818,4.684818,0.0000e+00
dev-corpus-05,3620,4941,0.000000e+00,72643,72643,6.284991,6.284991,0.0000e+00
dev-corpus-05,3621,391,0.000000e+00,391,391,0.056710,0.056710,0.0000e+00
dev-corpus-05,3622,12647,0.000000e+00,12647,12647,0.026012,0.026012,0.0000e+00
dev-corpus-05,3623,11,0.000000e+00,72643,72643,1.950641,1.950641,0.0000e+00
dev-corpus-05,3624,76501,0.000000e+00,1146,1146,8.386106,8.386106,0.0000e+00
dev-corpus-05,3625,26068,0.000000e+00,23459,23459,6.759949,6.759949,0.0000e+00
dev-corpus-05,3626,2956,0.000000e+00,23459,23459,2.413221,2.413221,0.0000e+00
dev-corpus-05,3627,440,0.000000e+00,11,11,3.102553,3.102553,0.0000e+00
dev-corpus-05,3628,264,0.000000e+00,13876,13876,1.989957,1.989957,0.0000e+00
dev-corpus-05,3629,13769,0.000000e+00,21482,21482,4.951208,4.951208,0.0000e+00
dev-corpus-05,3630,1898,0.000000e+00,6220,6220,9.234881,9.234881,0.0000e+00
dev-corpus-05,3631,303,0.000000e+00,11,11,2.037308,2.037308,0.0000e+00
dev-corpus-05,3632,279,0.000000e+00,279,279,0.012836,0.012836,0.0000e+00
dev-corpus-05,3633,3990,0.000000e+00,3990,3990,0.034189,0.034189,0.0000e+00
dev-corpus-05,3634,11,0.000000e+00,11,11,0.042006,0.042006,0.0000e+00
dev-corpus-05,3635,264,0.000000e+00,264,264,0.501186,0.501186,0.0000e+00
dev-corpus-05,3636,1809,0.000000e+00,1809,1809,0.248681,0.248681,0.0000e+00
dev-corpus-05,3637,314,0.000000e+00,314,314,0.002625,0.002625,0.0000e+00
dev-corpus-05,3638,40751,0.000000e+00,26338,26338,4.452553,4.452553,0.0000e+00
dev-corpus-05,3639,7529,0.000000e+00,7529,7529,0.552188,0.552188,0.0000e+00
dev-corpus-05,3640,11884,0.000000e+00,513,513,3.123459,3.123459,0.0000e+00
dev-corpus-05,3641,67793,0.000000e+00,26338,26338,3.047069,3.047069,0.0000e+00
dev-corpus-05,3642,440,0.000000e+00,321,321,3.765909,3.765909,0.0000e+00
dev-corpus-05,3643,279,0.000000e+00,304,304,3.741677,3.741677,0.0000e+00
dev-corpus-05,3644,1496,0.000000e+00,7489,7489,7.611504,7.611504,0.0000e+00
dev-corpus-05,3645,14403,0.000000e+00,39894,39894,9.062172,9.062172,0.0000e+00
dev-corpus-05,3646,3492,0.000000e+00,314,314,3.306023,3.306023,0.0000e+00
dev-corpus-05,3647,513,0.000000e+00,11884,11884,2.318079,2.318079,0.0000e+00
dev-corpus-05,3648,10932,0.000000e+00,19577,19577,4.152882,4.152882,0.0000e+00
dev-corpus-05,3649,2094,0.000000e+00,2094,2094,0.654422,0.654422,0.0000e+00
dev-corpus-05,3650,264,0.000000e+00,279,279,2.804922,2.804922,0.0000e+00
dev-corpus-05,3651,3349,0.000000e+00,69386,69386,1.887811,1.887811,0.0000e+00
dev-corpus-05,3652,26068,0.000000e+00,69386,69386,3.321764,3.321764,0.0000e+00
dev-corpus-05,3653,1898,0.000000e+00,1898,1898,0.236411,0.236411,0.0000e+00
dev-corpus-05,3654,383,0.000000e+00,13,13,7.471202,7.471202,0.0000e+00
dev-corpus-05,3655,449,0.000000e+00,279,279,5.297735,5.297735,0.0000e+00
dev-corpus-05,3656,30261,0.000000e+00,30261,30261,1.418619,1.418619,0.0000e+00
dev-corpus-05,3657,5171,0.000000e+00,5171,5171,0.158046,0.158046,0.0000e+00
dev-corpus-05,3658,2259,0.000000e+00,13,13,14.718663,14.718663,0.0000e+00
dev-corpus-05,3659,14029,0.000000e+00,14029,14029,0.123372,0.123372,0.0000e+00
dev-corpus-05,3660,13,0.000000e+00,883,883,1.829489,1.829489,0.0000e+00
dev-corpus-05,3661,561,0.000000e+00,561,561,1.094138,1.094138,0.0000e+00
dev-corpus-05,3662,3492,0.000000e+00,2956,2956,4.729877,4.729877,0.0000e+00
dev-corpus-05,3663,513,0.000000e+00,513,513,0.859814,0.859814,0.0000e+00
dev-corpus-05,3664,11884,0.000000e+00,11884,11884,1.402330,1.402330,0.0000e+00
dev-corpus-05,3665,26338,0.000000e+00,25300,25300,3.373392,3.373392,0.0000e+00
dev-corpus-05,3666,290,0.000000e+00,290,290,0.010028,0.010028,0.0000e+00
dev-corpus-05,3667,5124,0.000000e+00,67793,67793,2.958231,2.958231,0.0000e+00
dev-corpus-05,3668,9518,0.000000e+00,9518,9518,0.003037,0.003037,0.0000e+00
dev-corpus-05,3669,321,0.000000e+00,321,321,0.825535,0.825535,0.0000e+00
dev-corpus-05,3670,5090,0.000000e+00,25300,25300,4.009062,4.009062,0.0000e+00
dev-corpus-05,3671,25300,0.000000e+00,25300,25300,0.736467,0.736467,0.0000e+00
dev-corpus-05,3672,11,0.000000e+00,11,11,1.579659,1.579659,0.0000e+00
dev-corpus-05,3673,1680,0.000000e+00,2583,2583,3.698850,3.698850,0.0000e+00
dev-corpus-05,3674,430,0.000000e+00,430,430,0.011127,0.011127,0.0000e+00
dev-corpus-05,3675,32886,0.000000e+00,279,279,12.173324,12.173324,0.0000e+00
dev-corpus-05,3676,25300,0.000000e+00,25300,25300,0.437524,0.437524,0.0000e+00
dev-corpus-05,3677,11,0.000000e+00,11,11,0.227724,0.227724,0.0000e+00
dev-corpus-05,3678,59808,0.000000e+00,9572,9572,17.352582,17.352582,0.0000e+00
dev-corpus-05,3679,2792,0.000000e+00,2792,2792,0.005961,0.005961,0.0000e+00
dev-corpus-05,3680,25300,0.000000e+00,25300,25300,0.156875,0.156875,0.0000e+00
dev-corpus-05,3681,11,0.000000e+00,11,11,0.066562,0.066562,0.0000e+00
dev-corpus-05,3682,321,0.000000e+00,321,321,0.557878,0.557878,0.0000e+00
dev-corpus-05,3683,6736,0.000000e+00,264,264,5.546645,5.546645,0.0000e+00
dev-corpus-05,3684,25300,0.000000e+00,25300,25300,0.120113,0.120113,0.0000e+00
dev-corpus-05,3685,13,0.000000e+00,13,13,0.741944,0.741944,0.0000e+00
dev-corpus-05,3686,561,0.000000e+00,2302,2302,1.542595,1.542595,0.0000e+00
dev-corpus-05,3687,16078,0.000000e+00,2956,2956,2.506818,2.506818,0.0000e+00
dev-corpus-05,3688,369,0.000000e+00,369,369,0.048429,0.048429,0.0000e+00
dev-corpus-05,3689,24577,0.000000e+00,41272,41272,8.099891,8.099891,0.0000e+00
dev-corpus-05,3690,321,0.000000e+00,321,321,0.255289,0.255289,0.0000e+00
dev-corpus-05,3691,41272,0.000000e+00,41272,41272,0.810546,0.810546,0.0000e+00
dev-corpus-05,3692,430,0.000000e+00,13,13,2.914357,2.914357,0.0000e+00
dev-corpus-05,3693,279,0.000000e+00,781,781,1.665043,1.665043,0.0000e+00
dev-corpus-05,3694,14403,0.000000e+00,14403,14403,0.984058,0.984058,0.0000e+00
dev-corpus-05,3695,3492,0.000000e+00,3492,3492,0.335993,0.335993,0.0000e+00
dev-corpus-05,3696,2895,0.000000e+00,4123,4123,10.693790,10.693790,0.0000e+00
dev-corpus-05,3697,279,0.000000e+00,279,279,0.969275,0.969275,0.0000e+00
dev-corpus-05,3698,9915,0.000000e+00,9915,9915,0.812075,0.812075,0.0000e+00
dev-corpus-05,3699,13,0.000000e+00,883,883,1.255955,1.255955,0.0000e+00
dev-corpus-05,3700,2332,0.000000e+00,248046,248046,7.906974,7.906974,0.0000e+00
dev-corpus-05,3701,279,0.000000e+00,279,279,0.114867,0.114867,0.0000e+00
dev-corpus-05,3702,1901,0.000000e+00,3990,3990,4.397328,4.397328,0.0000e+00
dev-corpus-05,3703,314,0.000000e+00,314,314,0.008349,0.008349,0.0000e+00
dev-corpus-05,3704,279,0.000000e+00,279,279,0.002810,0.002810,0.0000e+00
dev-corpus-05,3705,1898,0.000000e+00,1898,1898,0.561422,0.561422,0.0000e+00
dev-corpus-05,3706,11,0.000000e+00,11,11,0.802884,0.802884,0.0000e+00
dev-corpus-05,3707,264,0.000000e+00,264,264,0.709394,0.709394,0.0000e+00
dev-corpus-05,3708,5054,0.000000e+00,6851,6851,5.923425,5.923425,0.0000e+00
dev-corpus-05,3709,6725,0.000000e+00,440,440,3.676515,3.676515,0.0000e+00
dev-corpus-05,3710,225812,0.000000e+00,2972,2972,15.340567,15.340567,0.0000e+00
dev-corpus-05,3711,369,0.000000e+00,248046,248046,3.939975,3.939975,0.0000e+00
dev-corpus-05,3712,10932,0.000000e+00,6187,6187,3.070397,3.070397,0.0000e+00
dev-corpus-05,3713,321,0.000000e+00,11,11,2.054298,2.054298,0.0000e+00
dev-corpus-05,3714,26153,0.000000e+00,26153,26153,1.289626,1.289626,0.0000e+00
dev-corpus-05,3715,279,0.000000e+00,279,279,0.083199,0.083199,0.0000e+00
dev-corpus-05,3716,1809,0.000000e+00,1809,1809,0.753179,0.753179,0.0000e+00
dev-corpus-05,3717,11,0.000000e+00,13,13,2.117275,2.117275,0.0000e+00
dev-corpus-05,3718,1345,0.000000e+00,26153,26153,4.194738,4.194738,0.0000e+00
dev-corpus-05,3719,3679,0.000000e+00,279,279,4.769280,4.769280,0.0000e+00
dev-corpus-05,3720,8330,0.000000e+00,975,975,4.897520,4.897520,0.0000e+00
dev-corpus-05,3721,321,0.000000e+00,3492,3492,1.668235,1.668235,0.0000e+00
dev-corpus-05,3722,8513,0.000000e+00,8513,8513,0.012675,0.012675,0.0000e+00
dev-corpus-05,3723,40751,0.000000e+00,3492,3492,4.536367,4.536367,0.0000e+00
dev-corpus-05,3724,58631,0.000000e+00,12041,12041,8.126436,8.126436,0.0000e+00
dev-corpus-05,3725,8577,0.000000e+00,513,513,5.464313,5.464313,0.0000e+00
dev-corpus-05,3726,514,0.000000e+00,514,514,0.695492,0.695492,0.0000e+00
dev-corpus-05,3727,4258,0.000000e+00,4258,4258,0.000341,0.000341,0.0000e+00
dev-corpus-05,3728,13,0.000000e+00,13,13,0.144261,0.144261,0.0000e+00
dev-corpus-05,3729,271,0.000000e+00,271,271,1.256043,1.256043,0.0000e+00
dev-corpus-05,3730,623,0.000000e+00,1597,1597,2.826224,2.826224,0.0000e+00
dev-corpus-05,3731,279,0.000000e+00,279,279,0.123866,0.123866,0.0000e+00
dev-corpus-05,3732,3870,0.000000e+00,3990,3990,3.729159,3.729159,0.0000e+00
dev-corpus-05,3733,11,0.000000e+00,11,11,0.088793,0.088793,0.0000e+00
dev-corpus-05,3734,8765,0.000000e+00,1017,1017,8.761865,8.761865,0.0000e+00
dev-corpus-05,3735,314,0.000000e+00,314,314,0.014309,0.014309,0.0000e+00
dev-corpus-05,3736,975,0.000000e+00,36001,36001,6.271946,6.271946,0.0000e+00
dev-corpus-05,3737,40751,0.000000e+00,26338,26338,1.171891,1.171891,0.0000e+00
dev-corpus-05,3738,7529,0.000000e+00,7529,7529,0.360377,0.360377,0.0000e+00
dev-corpus-05,3739,4990,0.000000e+00,513,513,4.416978,4.416978,0.0000e+00
dev-corpus-05,3740,279,0.000000e+00,279,279,0.186829,0.186829,0.0000e+00
dev-corpus-05,3741,51516,0.000000e+00,248046,248046,13.770796,13.770796,0.0000e+00
dev-corpus-05,3742,2280,0.000000e+00,2280,2280,0.005464,0.005464,0.0000e+00
dev-corpus-05,3743,11,0.000000e+00,11,11,0.677852,0.677852,0.0000e+00
dev-corpus-05,3744,7594,0.000000e+00,20621,20621,6.928468,6.928468,0.0000e+00
dev-corpus-05,3745,310,0.000000e+00,310,310,0.093413,0.093413,0.0000e+00
dev-corpus-05,3746,279,0.000000e+00,279,279,0.007335,0.007335,0.0000e+00
dev-corpus-05,3747,50240,0.000000e+00,248046,248046,8.282562,8.282562,0.0000e+00
dev-corpus-05,3748,16078,0.000000e+00,321,321,1.827980,1.827980,0.0000e+00
dev-corpus-05,3749,314,0.000000e+00,13,13,3.390398,3.390398,0.0000e+00
dev-corpus-05,3750,279,0.000000e+00,279,279,0.111408,0.111408,0.0000e+00
dev-corpus-05,3751,22175,0.000000e+00,248046,248046,16.061378,16.061378,0.0000e+00
dev-corpus-05,3752,13,0.000000e+00,13,13,0.036373,0.036373,0.0000e+00
dev-corpus-05,3753,225812,0.000000e+00,733,733,19.910664,19.910664,0.0000e+00
dev-corpus-05,3754,369,0.000000e+00,369,369,1.766127,1.766127,0.0000e+00
dev-corpus-05,3755,88659,0.000000e+00,11750,11750,4.781667,4.781667,0.0000e+00
dev-corpus-05,3756,3154,0.000000e+00,28607,28607,4.000751,4.000751,0.0000e+00
dev-corpus-05,3757,264,0.000000e+00,264,264,0.623875,0.623875,0.0000e+00
dev-corpus-05,3758,1406,0.000000e+00,1406,1406,1.120281,1.120281,0.0000e+00
dev-corpus-05,3759,883,0.000000e+00,883,883,0.461643,0.461643,0.0000e+00
dev-corpus-05,3760,279,0.000000e+00,279,279,0.094207,0.094207,0.0000e+00
dev-corpus-05,3761,5716,0.000000e+00,39577,39577,2.139206,2.139206,0.0000e+00
dev-corpus-05,3762,34965,0.000000e+00,314,314,1.426785,1.426785,0.0000e+00
dev-corpus-05,3763,539,0.000000e+00,539,539,0.022530,0.022530,0.0000e+00
dev-corpus-05,3764,39577,0.000000e+00,279,279,6.723089,6.723089,0.0000e+00
dev-corpus-05,3765,12282,0.000000e+00,23739,23739,1.480540,1.480540,0.0000e+00
dev-corpus-05,3766,11,0.000000e+00,13,13,1.106391,1.106391,0.0000e+00
dev-corpus-05,3767,1345,0.000000e+00,248046,248046,3.443307,3.443307,0.0000e+00
dev-corpus-05,3768,799,0.000000e+00,279,279,5.350755,5.350755,0.0000e+00
dev-corpus-05,3769,314,0.000000e+00,314,314,0.331841,0.331841,0.0000e+00
dev-corpus-05,3770,279,0.000000e+00,279,279,0.020887,0.020887,0.0000e+00
dev-corpus-05,3771,40751,0.000000e+00,248046,248046,3.102811,3.102811,0.0000e+00
dev-corpus-05,3772,58631,0.000000e+00,58631,58631,0.122224,0.122224,0.0000e+00
dev-corpus-05,3773,369,0.000000e+00,11,11,3.424042,3.424042,0.0000e+00
dev-corpus-05,3774,3753,0.000000e+00,28607,28607,4.632908,4.632908,0.0000e+00
dev-corpus-05,3775,46736,0.000000e+00,36490,36490,5.155376,5.155376,0.0000e+00
dev-corpus-05,3776,303,0.000000e+00,4487,4487,1.742891,1.742891,0.0000e+00
dev-corpus-05,3777,321,0.000000e+00,310,310,1.820908,1.820908,0.0000e+00
dev-corpus-05,3778,35493,0.000000e+00,33700,33700,8.904157,8.904157,0.0000e+00
dev-corpus-05,3779,4492,0.000000e+00,4492,4492,1.107384,1.107384,0.0000e+00
dev-corpus-05,3780,13,0.000000e+00,883,883,1.034393,1.034393,0.0000e+00
dev-corpus-05,3781,561,0.000000e+00,248046,248046,3.012760,3.012760,0.0000e+00
dev-corpus-05,3782,5918,0.000000e+00,5918,5918,1.847869,1.847869,0.0000e+00
dev-corpus-05,3783,369,0.000000e+00,369,369,0.337384,0.337384,0.0000e+00
dev-corpus-05,3784,9896,0.000000e+00,9896,9896,1.775332,1.775332,0.0000e+00
dev-corpus-05,3785,440,0.000000e+00,440,440,0.016078,0.016078,0.0000e+00
dev-corpus-05,3786,22770,0.000000e+00,21461,21461,8.143209,8.143209,0.0000e+00
dev-corpus-05,3787,321,0.000000e+00,430,430,1.285343,1.285343,0.0000e+00
dev-corpus-05,3788,19169,0.000000e+00,52011,52011,6.126467,6.126467,0.0000e+00
dev-corpus-05,3789,11,0.000000e+00,11,11,0.797513,0.797513,0.0000e+00
dev-corpus-05,3790,440,0.000000e+00,440,440,0.855921,0.855921,0.0000e+00
dev-corpus-05,3791,4858,0.000000e+00,279,279,4.049891,4.049891,0.0000e+00
dev-corpus-05,3792,16144,0.000000e+00,579,579,6.281416,6.281416,0.0000e+00
dev-corpus-05,3793,303,0.000000e+00,303,303,0.099209,0.099209,0.0000e+00
dev-corpus-05,3794,264,0.000000e+00,279,279,1.705233,1.705233,0.0000e+00
dev-corpus-05,3795,30673,0.000000e+00,30673,30673,1.108890,1.108890,0.0000e+00
dev-corpus-05,3796,5515,0.000000e+00,10682,10682,2.972728,2.972728,0.0000e+00
dev-corpus-05,3797,883,0.000000e+00,13,13,1.212569,1.212569,0.0000e+00
dev-corpus-05,3798,279,0.000000e+00,279,279,0.398157,0.398157,0.0000e+00
dev-corpus-05,3799,3725,0.000000e+00,10660,10660,6.527877,6.527877,0.0000e+00
dev-corpus-05,3800,314,0.000000e+00,314,314,0.317030,0.317030,0.0000e+00
dev-corpus-05,3801,836,0.000000e+00,21265,21265,2.393709,2.393709,0.0000e+00
dev-corpus-05,3802,21215,0.000000e+00,7975,7975,9.076231,9.076231,0.0000e+00
dev-corpus-05,3803,321,0.000000e+00,13,13,2.244840,2.244840,0.0000e+00
dev-corpus-05,3804,279,0.000000e+00,279,279,0.219577,0.219577,0.0000e+00
dev-corpus-05,3805,3364,0.000000e+00,4499,4499,2.610986,2.610986,0.0000e+00
dev-corpus-05,3806,314,0.000000e+00,314,314,0.234826,0.234826,0.0000e+00
dev-corpus-05,3807,28407,0.000000e+00,21265,21265,11.515780,11.515780,0.0000e+00
dev-corpus-05,3808,7913,0.000000e+00,20309,20309,10.697104,10.697104,0.0000e+00
dev-corpus-05,3809,18468,0.000000e+00,248046,248046,2.530001,2.530001,0.0000e+00
dev-corpus-05,3810,5269,0.000000e+00,28069,28069,2.106908,2.106908,0.0000e+00
dev-corpus-05,3811,13,0.000000e+00,13,13,0.261205,0.261205,0.0000e+00
dev-corpus-05,3812,248046,0.000000e+00,248046,248046,0.302843,0.302843,0.0000e+00
dev-corpus-05,3813,198,0.000000e+00,198,198,0.000106,0.000106,0.0000e+00
dev-corpus-05,3814,248045,0.000000e+00,248045,248045,0.000017,0.000017,0.0000e+00
dev-corpus-05,3815,846,0.000000e+00,846,846,0.024317,0.024317,0.0000e+00
dev-corpus-05,3816,198,0.000000e+00,198,198,0.033664,0.033664,0.0000e+00
dev-corpus-05,3817,3710,0.000000e+00,72240,72240,3.782385,3.782385,0.0000e+00
dev-corpus-05,3818,369,0.000000e+00,369,369,1.002400,1.002400,0.0000e+00
dev-corpus-05,3819,264,0.000000e+00,279,279,4.323836,4.323836,0.0000e+00
dev-corpus-05,3820,79528,0.000000e+00,1603,1603,14.450647,14.450647,0.0000e+00
dev-corpus-05,3821,30,0.000000e+00,248046,248046,1.911397,1.911397,0.0000e+00
dev-corpus-05,3822,248046,0.000000e+00,248046,248046,0.036126,0.036126,0.0000e+00
dev-corpus-05,3823,198,0.000000e+00,198,198,0.000041,0.000041,0.0000e+00
dev-corpus-05,3824,248045,0.000000e+00,248045,248045,0.000001,0.000001,0.0000e+00
dev-corpus-05,3825,74455,0.000000e+00,248045,248045,2.036075,2.036075,0.0000e+00
dev-corpus-05,3826,198,0.000000e+00,198,198,0.027195,0.027195,0.0000e+00
dev-corpus-05,3827,32,0.000000e+00,248068,248068,17.812642,17.812642,0.0000e+00
dev-corpus-05,3828,79528,0.000000e+00,2972,2972,1.885906,1.885906,0.0000e+00
dev-corpus-05,3829,369,0.000000e+00,318,318,2.256444,2.256444,0.0000e+00
dev-corpus-05,3830,264,0.000000e+00,264,264,0.429215,0.429215,0.0000e+00
dev-corpus-05,3831,5224,0.000000e+00,2972,2972,3.931451,3.931451,0.0000e+00
dev-corpus-05,3832,364,0.000000e+00,421,421,1.525254,1.525254,0.0000e+00
dev-corpus-05,3833,3154,0.000000e+00,38460,38460,4.088264,4.088264,0.0000e+00
dev-corpus-05,3834,321,0.000000e+00,13640,13640,3.943084,3.943084,0.0000e+00
dev-corpus-05,3835,1608,0.000000e+00,1608,1608,0.892343,0.892343,0.0000e+00
dev-corpus-05,3836,27073,0.000000e+00,13640,13640,3.742391,3.742391,0.0000e+00
dev-corpus-05,3837,1928,0.000000e+00,795,795,1.914694,1.914694,0.0000e+00
dev-corpus-05,3838,13,0.000000e+00,13,13,0.561871,0.561871,0.0000e+00
dev-corpus-05,3839,20994,0.000000e+00,248046,248046,10.716510,10.716510,0.0000e+00
dev-corpus-05,3840,279,0.000000e+00,279,279,1.158696,1.158696,0.0000e+00
dev-corpus-05,3841,1599,0.000000e+00,1599,1599,1.357869,1.357869,0.0000e+00
dev-corpus-05,3842,16954,0.000000e+00,4346,4346,3.968576,3.968576,0.0000e+00
dev-corpus-05,3843,314,0.000000e+00,314,314,0.983061,0.983061,0.0000e+00
dev-corpus-05,3844,79528,0.000000e+00,79528,79528,0.336968,0.336968,0.0000e+00
dev-corpus-05,3845,11,0.000000e+00,11,11,0.438471,0.438471,0.0000e+00
dev-corpus-05,3846,567,0.000000e+00,279,279,4.149752,4.149752,0.0000e+00
dev-corpus-05,3847,4992,0.000000e+00,628,628,6.353344,6.353344,0.0000e+00
dev-corpus-05,3848,25,0.000000e+00,279,279,3.116406,3.116406,0.0000e+00
dev-corpus-05,3849,357,0.000000e+00,271,271,3.260005,3.260005,0.0000e+00
dev-corpus-05,3850,79528,0.000000e+00,63234,63234,1.621839,1.621839,0.0000e+00
dev-corpus-05,3851,369,0.000000e+00,369,369,0.131400,0.131400,0.0000e+00
dev-corpus-05,3852,264,0.000000e+00,264,264,0.156192,0.156192,0.0000e+00
dev-corpus-05,3853,6165,0.000000e+00,1785,1785,1.616600,1.616600,0.0000e+00
dev-corpus-05,3854,5792,0.000000e+00,5792,5792,0.933211,0.933211,0.0000e+00
dev-corpus-05,3855,1785,0.000000e+00,1785,1785,0.767201,0.767201,0.0000e+00
dev-corpus-05,3856,310,0.000000e+00,364,364,4.367773,4.367773,0.0000e+00
dev-corpus-05,3857,11944,0.000000e+00,11969,11969,9.161983,9.161983,0.0000e+00
dev-corpus-05,3858,303,0.000000e+00,303,303,0.520403,0.520403,0.0000e+00
dev-corpus-05,3859,279,0.000000e+00,279,279,0.430096,0.430096,0.0000e+00
dev-corpus-05,3860,4281,0.000000e+00,6157,6157,1.745479,1.745479,0.0000e+00
dev-corpus-05,3861,11,0.000000e+00,11,11,0.087875,0.087875,0.0000e+00
dev-corpus-05,3862,13017,0.000000e+00,5638,5638,5.055757,5.055757,0.0000e+00
dev-corpus-05,3863,11,0.000000e+00,11,11,0.063529,0.063529,0.0000e+00
dev-corpus-05,3864,5638,0.000000e+00,6157,6157,1.994592,1.994592,0.0000e+00
dev-corpus-05,3865,11,0.000000e+00,11,11,0.045545,0.045545,0.0000e+00
dev-corpus-05,3866,6157,0.000000e+00,54476,54476,1.279593,1.279593,0.0000e+00
dev-corpus-05,3867,11,0.000000e+00,11,11,0.173503,0.173503,0.0000e+00
dev-corpus-05,3868,2468,0.000000e+00,321,321,5.068159,5.068159,0.0000e+00
dev-corpus-05,3869,11,0.000000e+00,11,11,0.385611,0.385611,0.0000e+00
dev-corpus-05,3870,321,0.000000e+00,321,321,0.102518,0.102518,0.0000e+00
dev-corpus-05,3871,7731,0.000000e+00,2940,2940,3.341739,3.341739,0.0000e+00
dev-corpus-05,3872,314,0.000000e+00,314,314,0.044873,0.044873,0.0000e+00
dev-corpus-05,3873,27073,0.000000e+00,27073,27073,0.720043,0.720043,0.0000e+00
dev-corpus-05,3874,1928,0.000000e+00,795,795,1.893048,1.893048,0.0000e+00
dev-corpus-05,3875,13,0.000000e+00,13,13,0.354200,0.354200,0.0000e+00
dev-corpus-05,3876,3095,0.000000e+00,248046,248046,8.533879,8.533879,0.0000e+00
dev-corpus-05,3877,1429,0.000000e+00,567,567,2.427177,2.427177,0.0000e+00
dev-corpus-05,3878,63399,0.000000e+00,303,303,7.211457,7.211457,0.0000e+00
dev-corpus-05,3879,11,0.000000e+00,11,11,0.209066,0.209066,0.0000e+00
dev-corpus-05,3880,79528,0.000000e+00,79528,79528,0.710503,0.710503,0.0000e+00
dev-corpus-05,3881,628,0.000000e+00,628,628,0.854725,0.854725,0.0000e+00
dev-corpus-05,3882,1438,0.000000e+00,1438,1438,1.192281,1.192281,0.0000e+00
dev-corpus-05,3883,586,0.000000e+00,586,586,1.450081,1.450081,0.0000e+00
dev-corpus-05,3884,3756,0.000000e+00,3418,3418,7.432459,7.432459,0.0000e+00
dev-corpus-05,3885,11776,0.000000e+00,2577,2577,13.209312,13.209312,0.0000e+00
dev-corpus-05,3886,1223,0.000000e+00,1223,1223,0.129581,0.129581,0.0000e+00
dev-corpus-05,3887,11,0.000000e+00,11,11,0.765950,0.765950,0.0000e+00
dev-corpus-05,3888,11600,0.000000e+00,944,944,5.587117,5.587117,0.0000e+00
dev-corpus-05,3889,1223,0.000000e+00,1223,1223,0.004048,0.004048,0.0000e+00
dev-corpus-05,3890,11,0.000000e+00,11,11,0.110279,0.110279,0.0000e+00
dev-corpus-05,3891,321,0.000000e+00,321,321,0.210591,0.210591,0.0000e+00
dev-corpus-05,3892,28488,0.000000e+00,777,777,1.723972,1.723972,0.0000e+00
dev-corpus-05,3893,6107,0.000000e+00,6107,6107,0.429755,0.429755,0.0000e+00
dev-corpus-05,3894,13,0.000000e+00,13,13,0.188808,0.188808,0.0000e+00
dev-corpus-05,3895,8618,0.000000e+00,248046,248046,10.615518,10.615518,0.0000e+00
dev-corpus-05,3896,79528,0.000000e+00,314,314,2.220997,2.220997,0.0000e+00
dev-corpus-05,3897,1156,0.000000e+00,1785,1785,2.571808,2.571808,0.0000e+00
dev-corpus-05,3898,1189,0.000000e+00,682,682,4.136105,4.136105,0.0000e+00
dev-corpus-05,3899,9973,0.000000e+00,599,599,7.079635,7.079635,0.0000e+00
dev-corpus-05,3900,1092,0.000000e+00,1092,1092,1.605161,1.605161,0.0000e+00
dev-corpus-05,3901,4275,0.000000e+00,369,369,4.857810,4.857810,0.0000e+00
dev-corpus-05,3902,321,0.000000e+00,513,513,2.276251,2.276251,0.0000e+00
dev-corpus-05,3903,7944,0.000000e+00,5568,5568,3.842079,3.842079,0.0000e+00
dev-corpus-05,3904,513,0.000000e+00,513,513,0.947559,0.947559,0.0000e+00
dev-corpus-05,3905,2894,0.000000e+00,2894,2894,1.101273,1.101273,0.0000e+00
dev-corpus-05,3906,13,0.000000e+00,364,364,2.556071,2.556071,0.0000e+00
dev-corpus-05,3907,1690,0.000000e+00,248046,248046,4.191829,4.191829,0.0000e+00
dev-corpus-05,3908,3010,0.000000e+00,3010,3010,0.255092,0.255092,0.0000e+00
dev-corpus-05,3909,11,0.000000e+00,11,11,0.116969,0.116969,0.0000e+00
dev-corpus-05,3910,34382,0.000000e+00,264,264,10.987040,10.987040,0.0000e+00
dev-corpus-05,3911,513,0.000000e+00,11,11,2.287485,2.287485,0.0000e+00
dev-corpus-05,3912,1603,0.000000e+00,2894,2894,6.055840,6.055840,0.0000e+00
dev-corpus-05,3913,364,0.000000e+00,364,364,0.577458,0.577458,0.0000e+00
dev-corpus-05,3914,586,0.000000e+00,248046,248046,4.673958,4.673958,0.0000e+00
dev-corpus-05,3915,13,0.000000e+00,11,11,1.788797,1.788797,0.0000e+00
dev-corpus-05,3916,2302,0.000000e+00,248046,248046,4.429467,4.429467,0.0000e+00
dev-corpus-05,3917,1189,0.000000e+00,3300,3300,4.438937,4.438937,0.0000e+00
dev-corpus-05,3918,5827,0.000000e+00,381,381,5.512878,5.512878,0.0000e+00
dev-corpus-05,3919,2919,0.000000e+00,586,586,3.201795,3.201795,0.0000e+00
dev-corpus-05,3920,16229,0.000000e+00,4131,4131,1.721749,1.721749,0.0000e+00
dev-corpus-05,3921,11,0.000000e+00,11,11,0.619952,0.619952,0.0000e+00
dev-corpus-05,3922,7302,0.000000e+00,5190,5190,7.846120,7.846120,0.0000e+00
dev-corpus-05,3923,7339,0.000000e+00,43299,43299,2.674942,2.674942,0.0000e+00
dev-corpus-05,3924,11,0.000000e+00,3741,3741,1.262670,1.262670,0.0000e+00
dev-corpus-05,3925,54517,0.000000e+00,321,321,6.327469,6.327469,0.0000e+00
dev-corpus-05,3926,28346,0.000000e+00,28346,28346,0.517468,0.517468,0.0000e+00
dev-corpus-05,3927,48729,0.000000e+00,11,11,12.345001,12.345001,0.0000e+00
dev-corpus-05,3928,3300,0.000000e+00,3300,3300,1.732741,1.732741,0.0000e+00
dev-corpus-05,3929,3433,0.000000e+00,44410,44410,4.904057,4.904057,0.0000e+00
dev-corpus-05,3930,310,0.000000e+00,364,364,4.242284,4.242284,0.0000e+00
dev-corpus-05,3931,51000,0.000000e+00,51000,51000,1.513316,1.513316,0.0000e+00
dev-corpus-05,3932,21706,0.000000e+00,13,13,8.166216,8.166216,0.0000e+00
dev-corpus-05,3933,513,0.000000e+00,628,628,4.550370,4.550370,0.0000e+00
dev-corpus-05,3934,11322,0.000000e+00,660,660,4.588541,4.588541,0.0000e+00
dev-corpus-05,3935,883,0.000000e+00,440,440,1.081726,1.081726,0.0000e+00
dev-corpus-05,3936,279,0.000000e+00,279,279,1.106081,1.106081,0.0000e+00
dev-corpus-05,3937,2119,0.000000e+00,4424,4424,7.530775,7.530775,0.0000e+00
dev-corpus-05,3938,314,0.000000e+00,314,314,0.120793,0.120793,0.0000e+00
dev-corpus-05,3939,22700,0.000000e+00,13245,13245,8.360887,8.360887,0.0000e+00
dev-corpus-05,3940,11,0.000000e+00,13,13,2.081095,2.081095,0.0000e+00
dev-corpus-05,3941,279,0.000000e+00,279,279,0.979720,0.979720,0.0000e+00
dev-corpus-05,3942,23194,0.000000e+00,2730,2730,11.182683,11.182683,0.0000e+00
dev-corpus-05,3943,4128,0.000000e+00,4128,4128,0.955429,0.955429,0.0000e+00
dev-corpus-05,3944,958,0.000000e+00,958,958,0.918664,0.918664,0.0000e+00
dev-corpus-05,3945,11,0.000000e+00,11,11,0.181982,0.181982,0.0000e+00
dev-corpus-05,3946,23978,0.000000e+00,321,321,7.916922,7.916922,0.0000e+00
dev-corpus-05,3947,494,0.000000e+00,11,11,3.153566,3.153566,0.0000e+00
dev-corpus-05,3948,13643,0.000000e+00,13643,13643,2.004747,2.004747,0.0000e+00
dev-corpus-05,3949,18527,0.000000e+00,32931,32931,2.321083,2.321083,0.0000e+00
dev-corpus-05,3950,11,0.000000e+00,11,11,0.092441,0.092441,0.0000e+00
dev-corpus-05,3951,466,0.000000e+00,321,321,3.424271,3.424271,0.0000e+00
dev-corpus-05,3952,1332,0.000000e+00,279,279,6.692776,6.692776,0.0000e+00
dev-corpus-05,3953,34382,0.000000e+00,279,279,3.621191,3.621191,0.0000e+00
dev-corpus-05,3954,7974,0.000000e+00,513,513,8.532901,8.532901,0.0000e+00
dev-corpus-05,3955,13,0.000000e+00,13,13,0.521578,0.521578,0.0000e+00
dev-corpus-05,3956,733,0.000000e+00,79528,79528,4.672343,4.672343,0.0000e+00
dev-corpus-05,3957,9853,0.000000e+00,79528,79528,8.833112,8.833112,0.0000e+00
dev-corpus-05,3958,6044,0.000000e+00,10856,10856,4.528882,4.528882,0.0000e+00
dev-corpus-05,3959,7225,0.000000e+00,314,314,2.309431,2.309431,0.0000e+00
dev-corpus-05,3960,6337,0.000000e+00,264,264,2.374900,2.374900,0.0000e+00
dev-corpus-05,3961,314,0.000000e+00,314,314,0.223421,0.223421,0.0000e+00
dev-corpus-05,3962,660,0.000000e+00,279,279,2.677424,2.677424,0.0000e+00
dev-corpus-05,3963,1439,0.000000e+00,1439,1439,0.389651,0.389651,0.0000e+00
dev-corpus-05,3964,5265,0.000000e+00,9085,9085,5.734915,5.734915,0.0000e+00
dev-corpus-05,3965,9085,0.000000e+00,9085,9085,0.907034,0.907034,0.0000e+00
dev-corpus-05,3966,321,0.000000e+00,13,13,2.687326,2.687326,0.0000e+00
dev-corpus-05,3967,11,0.000000e+00,836,836,4.964685,4.964685,0.0000e+00
dev-corpus-05,3968,8106,0.000000e+00,1379,1379,3.933591,3.933591,0.0000e+00
dev-corpus-05,3969,3294,0.000000e+00,1379,1379,4.987534,4.987534,0.0000e+00
dev-corpus-05,3970,660,0.000000e+00,660,660,0.024337,0.024337,0.0000e+00
dev-corpus-05,3971,11,0.000000e+00,11,11,0.121762,0.121762,0.0000e+00
dev-corpus-05,3972,279,0.000000e+00,279,279,1.343811,1.343811,0.0000e+00
dev-corpus-05,3973,27073,0.000000e+00,5548,5548,2.438794,2.438794,0.0000e+00
dev-corpus-05,3974,25278,0.000000e+00,11532,11532,3.820934,3.820934,0.0000e+00
dev-corpus-05,3975,314,0.000000e+00,314,314,0.188572,0.188572,0.0000e+00
dev-corpus-05,3976,1439,0.000000e+00,1439,1439,1.345729,1.345729,0.0000e+00
dev-corpus-05,3977,9085,0.000000e+00,9085,9085,0.340994,0.340994,0.0000e+00
dev-corpus-05,3978,13,0.000000e+00,13,13,0.357647,0.357647,0.0000e+00
dev-corpus-05,3979,10006,0.000000e+00,248046,248046,15.747908,15.747908,0.0000e+00
dev-corpus-05,3980,28945,0.000000e+00,286,286,10.207783,10.207783,0.0000e+00
dev-corpus-05,3981,3043,0.000000e+00,11,11,4.433248,4.433248,0.0000e+00
dev-corpus-05,3982,34343,0.000000e+00,34343,34343,1.717524,1.717524,0.0000e+00
dev-corpus-05,3983,1189,0.000000e+00,11,11,2.409263,2.409263,0.0000e+00
dev-corpus-05,3984,5827,0.000000e+00,381,381,1.801822,1.801822,0.0000e+00
dev-corpus-05,3985,2919,0.000000e+00,2919,2919,0.394718,0.394718,0.0000e+00
dev-corpus-05,3986,16229,0.000000e+00,4131,4131,1.096834,1.096834,0.0000e+00
dev-corpus-05,3987,11,0.000000e+00,13,13,1.271865,1.271865,0.0000e+00
dev-corpus-05,3988,7187,0.000000e+00,694,694,11.852996,11.852996,0.0000e+00
dev-corpus-05,3989,793,0.000000e+00,286,286,2.954204,2.954204,0.0000e+00
dev-corpus-05,3990,1189,0.000000e+00,3043,3043,1.547483,1.547483,0.0000e+00
dev-corpus-05,3991,5190,0.000000e+00,381,381,3.779310,3.779310,0.0000e+00
dev-corpus-05,3992,279,0.000000e+00,13245,13245,2.986486,2.986486,0.0000e+00
dev-corpus-05,3993,8597,0.000000e+00,8597,8597,0.154643,0.154643,0.0000e+00
dev-corpus-05,3994,314,0.000000e+00,314,314,0.010183,0.010183,0.0000e+00
dev-corpus-05,3995,3807,0.000000e+00,3807,3807,0.836512,0.836512,0.0000e+00
dev-corpus-05,3996,11,0.000000e+00,11,11,0.161487,0.161487,0.0000e+00
dev-corpus-05,3997,321,0.000000e+00,321,321,0.261798,0.261798,0.0000e+00
dev-corpus-05,3998,6865,0.000000e+00,18660,18660,7.305943,7.305943,0.0000e+00
dev-corpus-05,3999,15101,0.000000e+00,10292,10292,1.548979,1.548979,0.0000e+00
dev-corpus-05,4000,685,0.000000e+00,1189,1189,9.742234,9.742234,0.0000e+00
dev-corpus-05,4001,18574,0.000000e+00,18574,18574,0.220770,0.220770,0.0000e+00
dev-corpus-05,4002,1189,0.000000e+00,1189,1189,0.702337,0.702337,0.0000e+00
dev-corpus-05,4003,11100,0.000000e+00,7556,7556,3.144513,3.144513,0.0000e+00
dev-corpus-05,4004,1004,0.000000e+00,279,279,3.360784,3.360784,0.0000e+00
dev-corpus-05,4005,34382,0.000000e+00,34382,34382,0.799435,0.799435,0.0000e+00
dev-corpus-05,4006,13,0.000000e+00,13,13,0.100209,0.100209,0.0000e+00
dev-corpus-05,4007,357,0.000000e+00,79528,79528,2.839830,2.839830,0.0000e+00
dev-corpus-05,4008,79528,0.000000e+00,79528,79528,0.074337,0.074337,0.0000e+00
dev-corpus-05,4009,8346,0.000000e+00,628,628,2.127434,2.127434,0.0000e+00
dev-corpus-05,4010,586,0.000000e+00,586,586,0.327129,0.327129,0.0000e+00
dev-corpus-05,4011,22903,0.000000e+00,3418,3418,3.884535,3.884535,0.0000e+00
dev-corpus-05,4012,1439,0.000000e+00,1439,1439,0.906625,0.906625,0.0000e+00
dev-corpus-05,4013,27073,0.000000e+00,11532,11532,1.350103,1.350103,0.0000e+00
dev-corpus-05,4014,21207,0.000000e+00,11532,11532,6.397189,6.397189,0.0000e+00
dev-corpus-05,4015,11,0.000000e+00,13,13,2.732424,2.732424,0.0000e+00
dev-corpus-05,4016,321,0.000000e+00,10377,10377,2.174112,2.174112,0.0000e+00
dev-corpus-05,4017,369,0.000000e+00,8190,8190,5.224493,5.224493,0.0000e+00
dev-corpus-05,4018,1048,0.000000e+00,264,264,4.305259,4.305259,0.0000e+00
dev-corpus-05,4019,7695,0.000000e+00,264,264,7.872081,7.872081,0.0000e+00
dev-corpus-05,4020,5222,0.000000e+00,5222,5222,0.933687,0.933687,0.0000e+00
dev-corpus-05,4021,506,0.000000e+00,364,364,5.975327,5.975327,0.0000e+00
dev-corpus-05,4022,27034,0.000000e+00,8851,8851,2.852206,2.852206,0.0000e+00
dev-corpus-05,4023,27073,0.000000e+00,279,279,3.830015,3.830015,0.0000e+00
dev-corpus-05,4024,795,0.000000e+00,1928,1928,1.782683,1.782683,0.0000e+00
dev-corpus-05,4025,321,0.000000e+00,303,303,3.565410,3.565410,0.0000e+00
dev-corpus-05,4026,6157,0.000000e+00,12261,12261,4.346287,4.346287,0.0000e+00
dev-corpus-05,4027,13,0.000000e+00,2961,2961,3.772075,3.772075,0.0000e+00
dev-corpus-05,4028,357,0.000000e+00,248046,248046,3.208866,3.208866,0.0000e+00
dev-corpus-05,4029,79528,0.000000e+00,79528,79528,0.075973,0.075973,0.0000e+00
dev-corpus-05,4030,369,0.000000e+00,369,369,1.233217,1.233217,0.0000e+00
dev-corpus-05,4031,3428,0.000000e+00,264,264,3.955701,3.955701,0.0000e+00
dev-corpus-05,4032,279,0.000000e+00,1429,1429,3.895255,3.895255,0.0000e+00
dev-corpus-05,4033,1132,0.000000e+00,1132,1132,1.462797,1.462797,0.0000e+00
dev-corpus-05,4034,1560,0.000000e+00,1560,1560,0.821949,0.821949,0.0000e+00
dev-corpus-05,4035,310,0.000000e+00,310,310,0.155673,0.155673,0.0000e+00
dev-corpus-05,4036,11290,0.000000e+00,48402,48402,4.276212,4.276212,0.0000e+00
dev-corpus-05,4037,27073,0.000000e+00,6150,6150,2.860253,2.860253,0.0000e+00
dev-corpus-05,4038,391,0.000000e+00,5154,5154,2.474022,2.474022,0.0000e+00
dev-corpus-05,4039,13505,0.000000e+00,6150,6150,3.476407,3.476407,0.0000e+00
dev-corpus-05,4040,5154,0.000000e+00,5154,5154,0.142901,0.142901,0.0000e+00
dev-corpus-05,4041,13,0.000000e+00,13,13,0.659580,0.659580,0.0000e+00
dev-corpus-05,4042,248046,0.000000e+00,248046,248046,0.603514,0.603514,0.0000e+00
dev-corpus-05,4043,198,0.000000e+00,198,198,0.000161,0.000161,0.0000e+00
dev-corpus-05,4044,248045,0.000000e+00,248045,248045,0.008352,0.008352,0.0000e+00
dev-corpus-05,4045,846,0.000000e+00,846,846,0.146018,0.146018,0.0000e+00
dev-corpus-05,4046,198,0.000000e+00,198,198,0.232528,0.232528,0.0000e+00
dev-corpus-05,4047,3710,0.000000e+00,3710,3710,1.141642,1.141642,0.0000e+00
dev-corpus-05,4048,369,0.000000e+00,369,369,0.293630,0.293630,0.0000e+00
dev-corpus-05,4049,10849,0.000000e+00,264,264,11.945418,11.945418,0.0000e+00
dev-corpus-05,4050,1603,0.000000e+00,248046,248046,9.197981,9.197981,0.0000e+00
dev-corpus-05,4051,364,0.000000e+00,364,364,0.057615,0.057615,0.0000e+00
dev-corpus-05,4052,30,0.000000e+00,30,30,0.331927,0.331927,0.0000e+00
dev-corpus-05,4053,248046,0.000000e+00,248046,248046,0.014489,0.014489,0.0000e+00
dev-corpus-05,4054,198,0.000000e+00,198,198,0.000079,0.000079,0.0000e+00
dev-corpus-05,4055,248045,0.000000e+00,248045,248045,0.000002,0.000002,0.0000e+00
dev-corpus-05,4056,74455,0.000000e+00,248045,248045,4.341872,4.341872,0.0000e+00
dev-corpus-05,4057,198,0.000000e+00,198,198,0.016149,0.016149,0.0000e+00
dev-corpus-05,4058,57044,0.000000e+00,248068,248068,12.065534,12.065534,0.0000e+00
dev-corpus-05,4059,3905,0.000000e+00,369,369,8.535610,8.535610,0.0000e+00
dev-corpus-05,4060,494,0.000000e+00,494,494,0.681841,0.681841,0.0000e+00
dev-corpus-05,4061,279,0.000000e+00,279,279,0.785119,0.785119,0.0000e+00
dev-corpus-05,4062,12515,0.000000e+00,2919,2919,3.732117,3.732117,0.0000e+00
dev-corpus-05,4063,539,0.000000e+00,321,321,6.534658,6.534658,0.0000e+00
dev-corpus-05,4064,17415,0.000000e+00,279,279,8.157423,8.157423,0.0000e+00
dev-corpus-05,4065,321,0.000000e+00,3514,3514,2.566261,2.566261,0.0000e+00
dev-corpus-05,4066,4128,0.000000e+00,4128,4128,1.231903,1.231903,0.0000e+00
dev-corpus-05,4067,2919,0.000000e+00,13,13,3.051428,3.051428,0.0000e+00
dev-corpus-05,4068,57054,0.000000e+00,3514,3514,2.449477,2.449477,0.0000e+00
dev-corpus-05,4069,1060,0.000000e+00,1060,1060,0.320044,0.320044,0.0000e+00
dev-corpus-05,4070,1083,0.000000e+00,11,11,1.825793,1.825793,0.0000e+00
dev-corpus-05,4071,279,0.000000e+00,279,279,0.695483,0.695483,0.0000e+00
dev-corpus-05,4072,28552,0.000000e+00,3594,3594,3.235417,3.235417,0.0000e+00
dev-corpus-05,4073,13,0.000000e+00,13,13,1.005759,1.005759,0.0000e+00
dev-corpus-05,4074,220,0.000000e+00,3095,3095,5.642895,5.642895,0.0000e+00
dev-corpus-05,4075,3095,0.000000e+00,1049,1049,2.339787,2.339787,0.0000e+00
dev-corpus-05,4076,1439,0.000000e+00,279,279,2.545684,2.545684,0.0000e+00
dev-corpus-05,4077,44171,0.000000e+00,28552,28552,13.450669,13.450669,0.0000e+00
dev-corpus-05,4078,10032,0.000000e+00,10032,10032,0.393688,0.393688,0.0000e+00
dev-corpus-05,4079,28552,0.000000e+00,28552,28552,0.121851,0.121851,0.0000e+00
dev-corpus-05,4080,3166,0.000000e+00,3512,3512,4.346307,4.346307,0.0000e+00
dev-corpus-05,4081,310,0.000000e+00,888,888,4.065979,4.065979,0.0000e+00
dev-corpus-05,4082,4128,0.000000e+00,4128,4128,1.220277,1.220277,0.0000e+00
dev-corpus-05,4083,11,0.000000e+00,11,11,0.516220,0.516220,0.0000e+00
dev-corpus-05,4084,321,0.000000e+00,781,781,5.520347,5.520347,0.0000e+00
dev-corpus-05,4085,279,0.000000e+00,279,279,1.061954,1.061954,0.0000e+00
dev-corpus-05,4086,279,0.000000e+00,2919,2919,9.008702,9.008702,0.0000e+00
dev-corpus-05,4087,10849,0.000000e+00,2919,2919,1.874250,1.874250,0.0000e+00
dev-corpus-05,4088,303,0.000000e+00,16563,16563,7.421915,7.421915,0.0000e+00
dev-corpus-05,4089,1070,0.000000e+00,279,279,2.009214,2.009214,0.0000e+00
dev-corpus-05,4090,369,0.000000e+00,16563,16563,2.800545,2.800545,0.0000e+00
dev-corpus-05,4091,5055,0.000000e+00,8545,8545,9.603522,9.603522,0.0000e+00
dev-corpus-05,4092,2166,0.000000e+00,8545,8545,2.828182,2.828182,0.0000e+00
dev-corpus-05,4093,8545,0.000000e+00,8545,8545,0.088088,0.088088,0.0000e+00
dev-corpus-05,4094,279,0.000000e+00,11,11,4.217185,4.217185,0.0000e+00
dev-corpus-05,4095,10849,0.000000e+00,2919,2919,1.375359,1.375359,0.0000e+00
dev-corpus-06,4096,198,0.000000e+00,198,198,0.002326,0.002326,0.0000e+00
dev-corpus-06,4097,14749,0.000000e+00,3710,3710,6.320366,6.320366,0.0000e+00
dev-corpus-06,4098,557,0.000000e+00,369,369,2.413997,2.413997,0.0000e+00
dev-corpus-06,4099,279,0.000000e+00,279,279,0.237447,0.237447,0.0000e+00
dev-corpus-06,4100,78167,0.000000e+00,1118,1118,10.125753,10.125753,0.0000e+00
dev-corpus-06,4101,6683,0.000000e+00,6683,6683,1.366157,1.366157,0.0000e+00
dev-corpus-06,4102,30,0.000000e+00,30,30,1.143726,1.143726,0.0000e+00
dev-corpus-06,4103,248046,0.000000e+00,248046,248046,0.067612,0.067612,0.0000e+00
dev-corpus-06,4104,198,0.000000e+00,198,198,0.000046,0.000046,0.0000e+00
dev-corpus-06,4105,248045,0.000000e+00,248045,248045,0.000001,0.000001,0.0000e+00
dev-corpus-06,4106,74455,0.000000e+00,248045,248045,3.934759,3.934759,0.0000e+00
dev-corpus-06,4107,198,0.000000e+00,198,198,0.006784,0.006784,0.0000e+00
dev-corpus-06,4108,32,0.000000e+00,248068,248068,21.971461,21.971461,0.0000e+00
dev-corpus-06,4109,2134,0.000000e+00,2134,2134,0.217310,0.217310,0.0000e+00
dev-corpus-06,4110,273,0.000000e+00,273,273,0.003464,0.003464,0.0000e+00
dev-corpus-06,4111,6683,0.000000e+00,6683,6683,0.387956,0.387956,0.0000e+00
dev-corpus-06,4112,11,0.000000e+00,318,318,0.956913,0.956913,0.0000e+00
dev-corpus-06,4113,852,0.000000e+00,12830,12830,7.393438,7.393438,0.0000e+00
dev-corpus-06,4114,557,0.000000e+00,557,557,1.082125,1.082125,0.0000e+00
dev-corpus-06,4115,1048,0.000000e+00,12830,12830,1.971816,1.971816,0.0000e+00
dev-corpus-06,4116,3750,0.000000e+00,3750,3750,0.087954,0.087954,0.0000e+00
dev-corpus-06,4117,430,0.000000e+00,430,430,0.146932,0.146932,0.0000e+00
dev-corpus-06,4118,13799,0.000000e+00,65246,65246,4.667549,4.667549,0.0000e+00
dev-corpus-06,4119,6683,0.000000e+00,6683,6683,0.045405,0.045405,0.0000e+00
dev-corpus-06,4120,11,0.000000e+00,466,466,1.169512,1.169512,0.0000e+00
dev-corpus-06,4121,557,0.000000e+00,557,557,0.468603,0.468603,0.0000e+00
dev-corpus-06,4122,264,0.000000e+00,264,264,0.558691,0.558691,0.0000e+00
dev-corpus-06,4123,8608,0.000000e+00,4927,4927,5.196829,5.196829,0.0000e+00
dev-corpus-06,4124,78167,0.000000e+00,70421,70421,4.495054,4.495054,0.0000e+00
dev-corpus-06,4125,852,0.000000e+00,321,321,2.344447,2.344447,0.0000e+00
dev-corpus-06,4126,8597,0.000000e+00,11815,11815,5.232748,5.232748,0.0000e+00
dev-corpus-06,4127,279,0.000000e+00,279,279,0.274137,0.274137,0.0000e+00
dev-corpus-06,4128,42995,0.000000e+00,42995,42995,1.504397,1.504397,0.0000e+00
dev-corpus-06,4129,314,0.000000e+00,314,314,0.113101,0.113101,0.0000e+00
dev-corpus-06,4130,10274,0.000000e+00,10274,10274,0.228579,0.228579,0.0000e+00
dev-corpus-06,4131,3560,0.000000e+00,3560,3560,0.320681,0.320681,0.0000e+00
dev-corpus-06,4132,13,0.000000e+00,6600,6600,1.873473,1.873473,0.0000e+00
dev-corpus-06,4133,10235,0.000000e+00,248046,248046,8.232457,8.232457,0.0000e+00
dev-corpus-06,4134,310,0.000000e+00,310,310,0.049497,0.049497,0.0000e+00
dev-corpus-06,4135,279,0.000000e+00,279,279,0.527172,0.527172,0.0000e+00
dev-corpus-06,4136,2236,0.000000e+00,1478,1478,4.376289,4.376289,0.0000e+00
dev-corpus-06,4137,314,0.000000e+00,314,314,0.177445,0.177445,0.0000e+00
dev-corpus-06,4138,47185,0.000000e+00,47185,47185,0.127588,0.127588,0.0000e+00
dev-corpus-06,4139,303,0.000000e+00,303,303,0.300557,0.300557,0.0000e+00
dev-corpus-06,4140,279,0.000000e+00,279,279,0.091932,0.091932,0.0000e+00
dev-corpus-06,4141,58171,0.000000e+00,1478,1478,6.358147,6.358147,0.0000e+00
dev-corpus-06,4142,11,0.000000e+00,11,11,0.249038,0.249038,0.0000e+00
dev-corpus-06,4143,6683,0.000000e+00,551,551,1.438205,1.438205,0.0000e+00
dev-corpus-06,4144,557,0.000000e+00,557,557,0.362034,0.362034,0.0000e+00
dev-corpus-06,4145,84552,0.000000e+00,12830,12830,11.401539,11.401539,0.0000e+00
dev-corpus-06,4146,1029,0.000000e+00,1029,1029,0.186939,0.186939,0.0000e+00
dev-corpus-06,4147,287,0.000000e+00,68,68,1.217583,1.217583,0.0000e+00
dev-corpus-06,4148,321,0.000000e+00,321,321,1.487525,1.487525,0.0000e+00
dev-corpus-06,4149,2895,0.000000e+00,557,557,10.814094,10.814094,0.0000e+00
dev-corpus-06,4150,53568,0.000000e+00,264,264,4.239461,4.239461,0.0000e+00
dev-corpus-06,4151,314,0.000000e+00,2272,2272,1.916068,1.916068,0.0000e+00
dev-corpus-06,4152,3988,0.000000e+00,3988,3988,1.096598,1.096598,0.0000e+00
dev-corpus-06,4153,46553,0.000000e+00,20753,20753,7.244492,7.244492,0.0000e+00
dev-corpus-06,4154,314,0.000000e+00,13,13,1.378364,1.378364,0.0000e+00
dev-corpus-06,4155,10274,0.000000e+00,10274,10274,0.212227,0.212227,0.0000e+00
dev-corpus-06,4156,13,0.000000e+00,13,13,0.949668,0.949668,0.0000e+00
dev-corpus-06,4157,1216,0.000000e+00,248046,248046,2.340765,2.340765,0.0000e+00
dev-corpus-06,4158,22339,0.000000e+00,557,557,4.401308,4.401308,0.0000e+00
dev-corpus-06,4159,10274,0.000000e+00,10274,10274,0.234243,0.234243,0.0000e+00
dev-corpus-06,4160,383,0.000000e+00,383,383,0.448671,0.448671,0.0000e+00
dev-corpus-06,4161,279,0.000000e+00,279,279,0.046913,0.046913,0.0000e+00
dev-corpus-06,4162,5459,0.000000e+00,5459,5459,0.130850,0.130850,0.0000e+00
dev-corpus-06,4163,310,0.000000e+00,310,310,0.037807,0.037807,0.0000e+00
dev-corpus-06,4164,55115,0.000000e+00,55115,55115,0.023976,0.023976,0.0000e+00
dev-corpus-06,4165,310,0.000000e+00,321,321,6.737256,6.737256,0.0000e+00
dev-corpus-06,4166,1423,0.000000e+00,3512,3512,7.569592,7.569592,0.0000e+00
dev-corpus-06,4167,20753,0.000000e+00,780,780,7.638084,7.638084,0.0000e+00
dev-corpus-06,4168,1017,0.000000e+00,13,13,6.108813,6.108813,0.0000e+00
dev-corpus-06,4169,321,0.000000e+00,13,13,2.075057,2.075057,0.0000e+00
dev-corpus-06,4170,4300,0.000000e+00,5924,5924,6.195803,6.195803,0.0000e+00
dev-corpus-06,4171,1070,0.000000e+00,1070,1070,0.412847,0.412847,0.0000e+00
dev-corpus-06,4172,6608,0.000000e+00,310,310,12.317080,12.317080,0.0000e+00
dev-corpus-06,4173,310,0.000000e+00,310,310,1.379891,1.379891,0.0000e+00
dev-corpus-06,4174,24640,0.000000e+00,279,279,2.466286,2.466286,0.0000e+00
dev-corpus-06,4175,13,0.000000e+00,13,13,0.857869,0.857869,0.0000e+00
dev-corpus-06,4176,1921,0.000000e+00,248046,248046,3.896849,3.896849,0.0000e+00
dev-corpus-06,4177,383,0.000000e+00,551,551,3.964218,3.964218,0.0000e+00
dev-corpus-06,4178,780,0.000000e+00,279,279,1.864774,1.864774,0.0000e+00
dev-corpus-06,4179,1560,0.000000e+00,1560,1560,0.369711,0.369711,0.0000e+00
dev-corpus-06,4180,264,0.000000e+00,11,11,8.344847,8.344847,0.0000e+00
dev-corpus-06,4181,3000,0.000000e+00,1447,1447,1.301827,1.301827,0.0000e+00
dev-corpus-06,4182,50786,0.000000e+00,494,494,6.801417,6.801417,0.0000e+00
dev-corpus-06,4183,1056,0.000000e+00,1056,1056,0.068800,0.068800,0.0000e+00
dev-corpus-06,4184,264,0.000000e+00,279,279,4.652317,4.652317,0.0000e+00
dev-corpus-06,4185,6797,0.000000e+00,6797,6797,1.070719,1.070719,0.0000e+00
dev-corpus-06,4186,542,0.000000e+00,9434,9434,3.053853,3.053853,0.0000e+00
dev-corpus-06,4187,588,0.000000e+00,588,588,0.374772,0.374772,0.0000e+00
dev-corpus-06,4188,2094,0.000000e+00,1441,1441,2.979430,2.979430,0.0000e+00
dev-corpus-06,4189,1384,0.000000e+00,1384,1384,0.108492,0.108492,0.0000e+00
dev-corpus-06,4190,321,0.000000e+00,321,321,0.668264,0.668264,0.0000e+00
dev-corpus-06,4191,1782,0.000000e+00,551,551,10.038474,10.038474,0.0000e+00
dev-corpus-06,4192,440,0.000000e+00,440,440,0.911494,0.911494,0.0000e+00
dev-corpus-06,4193,1384,0.000000e+00,1384,1384,0.041180,0.041180,0.0000e+00
dev-corpus-06,4194,494,0.000000e+00,10729,10729,7.603792,7.603792,0.0000e+00
dev-corpus-06,4195,21583,0.000000e+00,279,279,1.283720,1.283720,0.0000e+00
dev-corpus-06,4196,506,0.000000e+00,13,13,9.285020,9.285020,0.0000e+00
dev-corpus-06,4197,4937,0.000000e+00,279,279,5.576086,5.576086,0.0000e+00
dev-corpus-06,4198,1834,0.000000e+00,1247,1247,3.129128,3.129128,0.0000e+00
dev-corpus-06,4199,13,0.000000e+00,13,13,0.791470,0.791470,0.0000e+00
dev-corpus-06,4200,4844,0.000000e+00,1216,1216,3.852495,3.852495,0.0000e+00
dev-corpus-06,4201,551,0.000000e+00,551,551,0.969772,0.969772,0.0000e+00
dev-corpus-06,4202,10729,0.000000e+00,6408,6408,2.010142,2.010142,0.0000e+00
dev-corpus-06,4203,310,0.000000e+00,310,310,0.687303,0.687303,0.0000e+00
dev-corpus-06,4204,279,0.000000e+00,279,279,0.096627,0.096627,0.0000e+00
dev-corpus-06,4205,4751,0.000000e+00,4751,4751,0.040505,0.040505,0.0000e+00
dev-corpus-06,4206,321,0.000000e+00,321,321,0.384484,0.384484,0.0000e+00
dev-corpus-06,4207,6408,0.000000e+00,6408,6408,0.296503,0.296503,0.0000e+00
dev-corpus-06,4208,264,0.000000e+00,264,264,0.392757,0.392757,0.0000e+00
dev-corpus-06,4209,7497,0.000000e+00,7497,7497,0.068309,0.068309,0.0000e+00
dev-corpus-06,4210,11,0.000000e+00,5315,5315,4.311436,4.311436,0.0000e+00
dev-corpus-06,4211,328,0.000000e+00,328,328,1.170433,1.170433,0.0000e+00
dev-corpus-06,4212,50,0.000000e+00,50,50,0.264212,0.264212,0.0000e+00
dev-corpus-06,4213,4784,0.000000e+00,4784,4784,0.001674,0.001674,0.0000e+00
dev-corpus-06,4214,11,0.000000e+00,11,11,0.063838,0.063838,0.0000e+00
dev-corpus-06,4215,796,0.000000e+00,65246,65246,6.594531,6.594531,0.0000e+00
dev-corpus-06,4216,355,0.000000e+00,355,355,0.142987,0.142987,0.0000e+00
dev-corpus-06,4217,11,0.000000e+00,11,11,0.201173,0.201173,0.0000e+00
dev-corpus-06,4218,3069,0.000000e+00,3069,3069,0.025775,0.025775,0.0000e+00
dev-corpus-06,4219,513,0.000000e+00,513,513,0.778530,0.778530,0.0000e+00
dev-corpus-06,4220,488,0.000000e+00,488,488,0.022432,0.022432,0.0000e+00
dev-corpus-06,4221,36228,0.000000e+00,36228,36228,0.068909,0.068909,0.0000e+00
dev-corpus-06,4222,10292,0.000000e+00,10292,10292,0.007240,0.007240,0.0000e+00
dev-corpus-06,4223,728,0.000000e+00,728,728,0.096150,0.096150,0.0000e+00
dev-corpus-06,4224,224994,0.000000e+00,7285,7285,2.627122,2.627122,0.0000e+00
dev-corpus-06,4225,321,0.000000e+00,248046,248046,7.210922,7.210922,0.0000e+00
dev-corpus-06,4226,551,0.000000e+00,551,551,1.513230,1.513230,0.0000e+00
dev-corpus-06,4227,1018,0.000000e+00,557,557,4.112508,4.112508,0.0000e+00
dev-corpus-06,4228,328,0.000000e+00,11,11,1.147408,1.147408,0.0000e+00
dev-corpus-06,4229,14202,0.000000e+00,14749,14749,1.978708,1.978708,0.0000e+00
dev-corpus-06,4230,513,0.000000e+00,513,513,0.080213,0.080213,0.0000e+00
dev-corpus-06,4231,488,0.000000e+00,488,488,0.013323,0.013323,0.0000e+00
dev-corpus-06,4232,7285,0.000000e+00,224994,224994,1.247111,1.247111,0.0000e+00
dev-corpus-06,4233,1179,0.000000e+00,321,321,3.039048,3.039048,0.0000e+00
dev-corpus-06,4234,279,0.000000e+00,279,279,0.627701,0.627701,0.0000e+00
dev-corpus-06,4235,35706,0.000000e+00,7497,7497,6.733384,6.733384,0.0000e+00
dev-corpus-06,4236,1018,0.000000e+00,1018,1018,0.389755,0.389755,0.0000e+00
dev-corpus-06,4237,11,0.000000e+00,328,328,1.833968,1.833968,0.0000e+00
dev-corpus-06,4238,328,0.000000e+00,328,328,0.077598,0.077598,0.0000e+00
dev-corpus-06,4239,40,0.000000e+00,40,40,0.072577,0.072577,0.0000e+00
dev-corpus-06,4240,1044,0.000000e+00,1044,1044,0.048803,0.048803,0.0000e+00
dev-corpus-06,4241,10274,0.000000e+00,10274,10274,0.085012,0.085012,0.0000e+00
dev-corpus-06,4242,11,0.000000e+00,11,11,0.969283,0.969283,0.0000e+00
dev-corpus-06,4243,8446,0.000000e+00,8446,8446,0.232821,0.232821,0.0000e+00
dev-corpus-06,4244,488,0.000000e+00,488,488,0.038902,0.038902,0.0000e+00
dev-corpus-06,4245,513,0.000000e+00,513,513,0.200558,0.200558,0.0000e+00
dev-corpus-06,4246,36228,0.000000e+00,36228,36228,0.069379,0.069379,0.0000e+00
dev-corpus-06,4247,10292,0.000000e+00,10292,10292,0.011852,0.011852,0.0000e+00
dev-corpus-06,4248,13,0.000000e+00,3158,3158,1.546199,1.546199,0.0000e+00
dev-corpus-06,4249,1049,0.000000e+00,4543,4543,4.970890,4.970890,0.0000e+00
dev-corpus-06,4250,369,0.000000e+00,369,369,0.261259,0.261259,0.0000e+00
dev-corpus-06,4251,2503,0.000000e+00,2503,2503,2.025498,2.025498,0.0000e+00
dev-corpus-06,4252,364,0.000000e+00,364,364,0.299365,0.299365,0.0000e+00
dev-corpus-06,4253,488,0.000000e+00,488,488,0.097583,0.097583,0.0000e+00
dev-corpus-06,4254,310,0.000000e+00,310,310,0.104890,0.104890,0.0000e+00
dev-corpus-06,4255,10017,0.000000e+00,10017,10017,0.424696,0.424696,0.0000e+00
dev-corpus-06,4256,2272,0.000000e+00,2272,2272,0.064463,0.064463,0.0000e+00
dev-corpus-06,4257,279,0.000000e+00,279,279,0.040780,0.040780,0.0000e+00
dev-corpus-06,4258,708,0.000000e+00,708,708,1.395839,1.395839,0.0000e+00
dev-corpus-06,4259,7421,0.000000e+00,327,327,1.067546,1.067546,0.0000e+00
dev-corpus-06,4260,1149,0.000000e+00,1149,1149,1.020405,1.020405,0.0000e+00
dev-corpus-06,4261,6683,0.000000e+00,248046,248046,5.846073,5.846073,0.0000e+00
dev-corpus-06,4262,4439,0.000000e+00,557,557,3.379080,3.379080,0.0000e+00
dev-corpus-06,4263,328,0.000000e+00,328,328,1.126539,1.126539,0.0000e+00
dev-corpus-06,4264,3710,0.000000e+00,12195,12195,2.052535,2.052535,0.0000e+00
dev-corpus-06,4265,635,0.000000e+00,4723,4723,1.961064,1.961064,0.0000e+00
dev-corpus-06,4266,488,0.000000e+00,488,488,0.097210,0.097210,0.0000e+00
dev-corpus-06,4267,1318,0.000000e+00,1318,1318,0.103541,0.103541,0.0000e+00
dev-corpus-06,4268,728,0.000000e+00,728,728,0.111531,0.111531,0.0000e+00
dev-corpus-06,4269,310,0.000000e+00,310,310,0.051274,0.051274,0.0000e+00
dev-corpus-06,4270,635,0.000000e+00,635,635,0.032404,0.032404,0.0000e+00
dev-corpus-06,4271,7285,0.000000e+00,7285,7285,0.518034,0.518034,0.0000e+00
dev-corpus-06,4272,1179,0.000000e+00,321,321,2.280564,2.280564,0.0000e+00
dev-corpus-06,4273,279,0.000000e+00,279,279,0.291895,0.291895,0.0000e+00
dev-corpus-06,4274,35706,0.000000e+00,5459,5459,4.248273,4.248273,0.0000e+00
dev-corpus-06,4275,1018,0.000000e+00,1018,1018,0.218811,0.218811,0.0000e+00
dev-corpus-06,4276,328,0.000000e+00,11,11,1.130464,1.130464,0.0000e+00
dev-corpus-06,4277,6737,0.000000e+00,1882,1882,2.048894,2.048894,0.0000e+00
dev-corpus-06,4278,1029,0.000000e+00,1029,1029,0.004380,0.004380,0.0000e+00
dev-corpus-06,4279,321,0.000000e+00,321,321,0.334043,0.334043,0.0000e+00
dev-corpus-06,4280,708,0.000000e+00,708,708,0.122066,0.122066,0.0000e+00
dev-corpus-06,4281,1083,0.000000e+00,310,310,1.442413,1.442413,0.0000e+00
dev-corpus-06,4282,279,0.000000e+00,55115,55115,0.899413,0.899413,0.0000e+00
dev-corpus-06,4283,3177,0.000000e+00,3177,3177,0.141129,0.141129,0.0000e+00
dev-corpus-06,4284,11,0.000000e+00,321,321,1.333737,1.333737,0.0000e+00
dev-corpus-06,4285,321,0.000000e+00,321,321,0.076926,0.076926,0.0000e+00
dev-corpus-06,4286,488,0.000000e+00,488,488,0.343453,0.343453,0.0000e+00
dev-corpus-06,4287,668,0.000000e+00,668,668,0.292849,0.292849,0.0000e+00
dev-corpus-06,4288,381,0.000000e+00,381,381,0.040831,0.040831,0.0000e+00
dev-corpus-06,4289,3125,0.000000e+00,3125,3125,0.042806,0.042806,0.0000e+00
dev-corpus-06,4290,1092,0.000000e+00,1092,1092,0.069590,0.069590,0.0000e+00
dev-corpus-06,4291,488,0.000000e+00,488,488,0.232729,0.232729,0.0000e+00
dev-corpus-06,4292,1902,0.000000e+00,1902,1902,0.298908,0.298908,0.0000e+00
dev-corpus-06,4293,635,0.000000e+00,635,635,0.038615,0.038615,0.0000e+00
dev-corpus-06,4294,1149,0.000000e+00,1149,1149,0.397381,0.397381,0.0000e+00
dev-corpus-06,4295,19425,0.000000e+00,248046,248046,11.672233,11.672233,0.0000e+00
dev-corpus-06,4296,978,0.000000e+00,978,978,1.576236,1.576236,0.0000e+00
dev-corpus-06,4297,1801,0.000000e+00,86049,86049,5.693210,5.693210,0.0000e+00
dev-corpus-06,4298,17481,0.000000e+00,264,264,1.280105,1.280105,0.0000e+00
dev-corpus-06,4299,11,0.000000e+00,539,539,1.843040,1.843040,0.0000e+00
dev-corpus-06,4300,551,0.000000e+00,6683,6683,0.948175,0.948175,0.0000e+00
dev-corpus-06,4301,557,0.000000e+00,557,557,0.258543,0.258543,0.0000e+00
dev-corpus-06,4302,2895,0.000000e+00,5879,5879,5.829972,5.829972,0.0000e+00
dev-corpus-06,4303,310,0.000000e+00,539,539,1.501212,1.501212,0.0000e+00
dev-corpus-06,4304,279,0.000000e+00,264,264,2.840983,2.840983,0.0000e+00
dev-corpus-06,4305,3177,0.000000e+00,3626,3626,2.580809,2.580809,0.0000e+00
dev-corpus-06,4306,321,0.000000e+00,314,314,1.986511,1.986511,0.0000e+00
dev-corpus-06,4307,2756,0.000000e+00,264,264,9.783688,9.783688,0.0000e+00
dev-corpus-06,4308,2843,0.000000e+00,314,314,1.870315,1.870315,0.0000e+00
dev-corpus-06,4309,780,0.000000e+00,551,551,2.280590,2.280590,0.0000e+00
dev-corpus-06,4310,13529,0.000000e+00,13529,13529,0.327666,0.327666,0.0000e+00
dev-corpus-06,4311,557,0.000000e+00,557,557,0.205098,0.205098,0.0000e+00
dev-corpus-06,4312,26137,0.000000e+00,26137,26137,0.069290,0.069290,0.0000e+00
dev-corpus-06,4313,539,0.000000e+00,539,539,0.504431,0.504431,0.0000e+00
dev-corpus-06,4314,1473,0.000000e+00,1473,1473,0.893703,0.893703,0.0000e+00
dev-corpus-06,4315,276,0.000000e+00,276,276,0.017873,0.017873,0.0000e+00
dev-corpus-06,4316,3362,0.000000e+00,3362,3362,0.005165,0.005165,0.0000e+00
dev-corpus-06,4317,314,0.000000e+00,13,13,4.871738,4.871738,0.0000e+00
dev-corpus-06,4318,55115,0.000000e+00,55115,55115,0.125064,0.125064,0.0000e+00
dev-corpus-06,4319,13,0.000000e+00,13,13,0.313970,0.313970,0.0000e+00
dev-corpus-06,4320,4844,0.000000e+00,248046,248046,3.149384,3.149384,0.0000e+00
dev-corpus-06,4321,6683,0.000000e+00,551,551,1.450778,1.450778,0.0000e+00
dev-corpus-06,4322,557,0.000000e+00,557,557,1.087053,1.087053,0.0000e+00
dev-corpus-06,4323,86058,0.000000e+00,86058,86058,0.660581,0.660581,0.0000e+00
dev-corpus-06,4324,321,0.000000e+00,321,321,0.361811,0.361811,0.0000e+00
dev-corpus-06,4325,6849,0.000000e+00,5924,5924,5.260440,5.260440,0.0000e+00
dev-corpus-06,4326,3727,0.000000e+00,5820,5820,2.140552,2.140552,0.0000e+00
dev-corpus-06,4327,310,0.000000e+00,66012,66012,1.807766,1.807766,0.0000e+00
dev-corpus-06,4328,62787,0.000000e+00,68233,68233,4.206034,4.206034,0.0000e+00
dev-corpus-06,4329,8608,0.000000e+00,279,279,7.863422,7.863422,0.0000e+00
dev-corpus-06,4330,1876,0.000000e+00,248046,248046,2.756349,2.756349,0.0000e+00
dev-corpus-06,4331,13,0.000000e+00,13,13,0.907781,0.907781,0.0000e+00
dev-corpus-06,4332,1216,0.000000e+00,248046,248046,2.167989,2.167989,0.0000e+00
dev-corpus-06,4333,59826,0.000000e+00,29694,29694,9.448606,9.448606,0.0000e+00
dev-corpus-06,4334,14156,0.000000e+00,279,279,8.223265,8.223265,0.0000e+00
dev-corpus-06,4335,310,0.000000e+00,303,303,1.247552,1.247552,0.0000e+00
dev-corpus-06,4336,279,0.000000e+00,279,279,1.132148,1.132148,0.0000e+00
dev-corpus-06,4337,15418,0.000000e+00,34539,34539,1.494036,1.494036,0.0000e+00
dev-corpus-06,4338,3533,0.000000e+00,3533,3533,0.051363,0.051363,0.0000e+00
dev-corpus-06,4339,321,0.000000e+00,13,13,1.658751,1.658751,0.0000e+00
dev-corpus-06,4340,551,0.000000e+00,5947,5947,3.299688,3.299688,0.0000e+00
dev-corpus-06,4341,369,0.000000e+00,557,557,2.788651,2.788651,0.0000e+00
dev-corpus-06,4342,1048,0.000000e+00,6306,6306,4.260331,4.260331,0.0000e+00
dev-corpus-06,4343,3750,0.000000e+00,3750,3750,0.554401,0.554401,0.0000e+00
dev-corpus-06,4344,430,0.000000e+00,430,430,0.483067,0.483067,0.0000e+00
dev-corpus-06,4345,449,0.000000e+00,279,279,5.456546,5.456546,0.0000e+00
dev-corpus-06,4346,78167,0.000000e+00,78167,78167,1.815071,1.815071,0.0000e+00
dev-corpus-06,4347,310,0.000000e+00,310,310,0.408075,0.408075,0.0000e+00
dev-corpus-06,4348,279,0.000000e+00,279,279,0.018011,0.018011,0.0000e+00
dev-corpus-06,4349,15418,0.000000e+00,34539,34539,3.198980,3.198980,0.0000e+00
dev-corpus-06,4350,3533,0.000000e+00,3533,3533,0.004306,0.004306,0.0000e+00
dev-corpus-06,4351,13,0.000000e+00,13,13,0.147193,0.147193,0.0000e+00
dev-corpus-06,4352,220,0.000000e+00,248046,248046,5.297304,5.297304,0.0000e+00
dev-corpus-06,4353,1216,0.000000e+00,248046,248046,1.375162,1.375162,0.0000e+00
dev-corpus-06,4354,37070,0.000000e+00,5947,5947,9.169978,9.169978,0.0000e+00
dev-corpus-06,4355,3679,0.000000e+00,1599,1599,3.483009,3.483009,0.0000e+00
dev-corpus-06,4356,28935,0.000000e+00,28935,28935,0.157543,0.157543,0.0000e+00
dev-corpus-06,4357,303,0.000000e+00,303,303,0.973223,0.973223,0.0000e+00
dev-corpus-06,4358,10305,0.000000e+00,279,279,5.528311,5.528311,0.0000e+00
dev-corpus-06,4359,177955,0.000000e+00,177955,177955,0.166846,0.166846,0.0000e+00
dev-corpus-06,4360,11,0.000000e+00,11,11,0.090858,0.090858,0.0000e+00
dev-corpus-06,4361,6931,0.000000e+00,66059,66059,3.555676,3.555676,0.0000e+00
dev-corpus-06,4362,23494,0.000000e+00,23494,23494,0.008357,0.008357,0.0000e+00
dev-corpus-06,4363,11,0.000000e+00,11,11,0.036797,0.036797,0.0000e+00
dev-corpus-06,4364,645,0.000000e+00,645,645,1.089723,1.089723,0.0000e+00
dev-corpus-06,4365,425,0.000000e+00,425,425,0.007413,0.007413,0.0000e+00
dev-corpus-06,4366,42167,0.000000e+00,42167,42167,0.004467,0.004467,0.0000e+00
dev-corpus-06,4367,11165,0.000000e+00,2906,2906,3.264301,3.264301,0.0000e+00
dev-corpus-06,4368,11,0.000000e+00,11,11,0.215099,0.215099,0.0000e+00
dev-corpus-06,4369,57775,0.000000e+00,57775,57775,0.970338,0.970338,0.0000e+00
dev-corpus-06,4370,321,0.000000e+00,11,11,2.631968,2.631968,0.0000e+00
dev-corpus-06,4371,66059,0.000000e+00,66059,66059,1.242624,1.242624,0.0000e+00
dev-corpus-06,4372,40985,0.000000e+00,40985,40985,0.016185,0.016185,0.0000e+00
dev-corpus-06,4373,4949,0.000000e+00,13,13,11.666590,11.666590,0.0000e+00
dev-corpus-06,4374,43410,0.000000e+00,2290,2290,8.958664,8.958664,0.0000e+00
dev-corpus-06,4375,466,0.000000e+00,11592,11592,3.958631,3.958631,0.0000e+00
dev-corpus-06,4376,12937,0.000000e+00,60163,60163,4.240778,4.240778,0.0000e+00
dev-corpus-06,4377,14470,0.000000e+00,14470,14470,0.018472,0.018472,0.0000e+00
dev-corpus-06,4378,314,0.000000e+00,11592,11592,2.327380,2.327380,0.0000e+00
dev-corpus-06,4379,279,0.000000e+00,279,279,0.178522,0.178522,0.0000e+00
dev-corpus-06,4380,16570,0.000000e+00,1478,1478,2.226428,2.226428,0.0000e+00
dev-corpus-06,4381,7840,0.000000e+00,7840,7840,0.663287,0.663287,0.0000e+00
dev-corpus-06,4382,6265,0.000000e+00,6265,6265,0.476718,0.476718,0.0000e+00
dev-corpus-06,4383,303,0.000000e+00,314,314,1.596324,1.596324,0.0000e+00
dev-corpus-06,4384,279,0.000000e+00,279,279,0.051737,0.051737,0.0000e+00
dev-corpus-06,4385,491,0.000000e+00,1478,1478,2.729755,2.729755,0.0000e+00
dev-corpus-06,4386,37818,0.000000e+00,58170,58170,3.189641,3.189641,0.0000e+00
dev-corpus-06,4387,557,0.000000e+00,513,513,4.539392,4.539392,0.0000e+00
dev-corpus-06,4388,5158,0.000000e+00,5158,5158,0.116554,0.116554,0.0000e+00
dev-corpus-06,4389,539,0.000000e+00,539,539,0.026592,0.026592,0.0000e+00
dev-corpus-06,4390,6683,0.000000e+00,6683,6683,0.745096,0.745096,0.0000e+00
dev-corpus-06,4391,1472,0.000000e+00,13,13,6.192726,6.192726,0.0000e+00
dev-corpus-06,4392,279,0.000000e+00,780,780,2.201444,2.201444,0.0000e+00
dev-corpus-06,4393,18252,0.000000e+00,11592,11592,5.289397,5.289397,0.0000e+00
dev-corpus-06,4394,314,0.000000e+00,314,314,0.055551,0.055551,0.0000e+00
dev-corpus-06,4395,279,0.000000e+00,279,279,0.098944,0.098944,0.0000e+00
dev-corpus-06,4396,25872,0.000000e+00,18147,18147,3.605609,3.605609,0.0000e+00
dev-corpus-06,4397,8643,0.000000e+00,8643,8643,0.148401,0.148401,0.0000e+00
dev-corpus-06,4398,13,0.000000e+00,13,13,0.208442,0.208442,0.0000e+00
dev-corpus-06,4399,248046,0.000000e+00,645,645,1.036509,1.036509,0.0000e+00
dev-corpus-06,4400,198,0.000000e+00,198,198,0.000062,0.000062,0.0000e+00
dev-corpus-06,4401,248045,0.000000e+00,248045,248045,0.000038,0.000038,0.0000e+00
dev-corpus-06,4402,846,0.000000e+00,846,846,0.233234,0.233234,0.0000e+00
dev-corpus-06,4403,198,0.000000e+00,198,198,0.031630,0.031630,0.0000e+00
dev-corpus-06,4404,3710,0.000000e+00,3710,3710,1.644663,1.644663,0.0000e+00
dev-corpus-06,4405,513,0.000000e+00,369,369,2.173180,2.173180,0.0000e+00
dev-corpus-06,4406,1010,0.000000e+00,279,279,1.909952,1.909952,0.0000e+00
dev-corpus-06,4407,2433,0.000000e+00,314,314,4.180699,4.180699,0.0000e+00
dev-corpus-06,4408,310,0.000000e+00,421,421,2.940126,2.940126,0.0000e+00
dev-corpus-06,4409,5909,0.000000e+00,635,635,3.823852,3.823852,0.0000e+00
dev-corpus-06,4410,948,0.000000e+00,883,883,1.726907,1.726907,0.0000e+00
dev-corpus-06,4411,11494,0.000000e+00,4237,4237,6.177790,6.177790,0.0000e+00
dev-corpus-06,4412,264,0.000000e+00,264,264,0.465967,0.465967,0.0000e+00
dev-corpus-06,4413,491,0.000000e+00,491,491,1.810075,1.810075,0.0000e+00
dev-corpus-06,4414,6505,0.000000e+00,1740,1740,4.359824,4.359824,0.0000e+00
dev-corpus-06,4415,314,0.000000e+00,314,314,0.019848,0.019848,0.0000e+00
dev-corpus-06,4416,41581,0.000000e+00,14850,14850,3.297803,3.297803,0.0000e+00
dev-corpus-06,4417,30,0.000000e+00,30,30,0.366026,0.366026,0.0000e+00
dev-corpus-06,4418,248046,0.000000e+00,248046,248046,0.015063,0.015063,0.0000e+00
dev-corpus-06,4419,198,0.000000e+00,198,198,0.000083,0.000083,0.0000e+00
dev-corpus-06,4420,248045,0.000000e+00,248045,248045,0.000003,0.000003,0.0000e+00
dev-corpus-06,4421,74455,0.000000e+00,74455,74455,0.624680,0.624680,0.0000e+00
dev-corpus-06,4422,198,0.000000e+00,198,198,0.022329,0.022329,0.0000e+00
dev-corpus-06,4423,3733,0.000000e+00,248068,248068,18.557508,18.557508,0.0000e+00
dev-corpus-06,4424,513,0.000000e+00,513,513,0.088054,0.088054,0.0000e+00
dev-corpus-06,4425,1599,0.000000e+00,3679,3679,2.569968,2.569968,0.0000e+00
dev-corpus-06,4426,12521,0.000000e+00,9085,9085,8.742019,8.742019,0.0000e+00
dev-corpus-06,4427,948,0.000000e+00,310,310,5.127379,5.127379,0.0000e+00
dev-corpus-06,4428,799,0.000000e+00,11494,11494,10.224203,10.224203,0.0000e+00
dev-corpus-06,4429,628,0.000000e+00,369,369,5.867627,5.867627,0.0000e+00
dev-corpus-06,4430,2426,0.000000e+00,3569,3569,7.809921,7.809921,0.0000e+00
dev-corpus-06,4431,303,0.000000e+00,303,303,0.085808,0.085808,0.0000e+00
dev-corpus-06,4432,3838,0.000000e+00,3838,3838,0.026505,0.026505,0.0000e+00
dev-corpus-06,4433,948,0.000000e+00,948,948,0.555643,0.555643,0.0000e+00
dev-corpus-06,4434,21877,0.000000e+00,11494,11494,1.731553,1.731553,0.0000e+00
dev-corpus-06,4435,41581,0.000000e+00,264,264,1.862744,1.862744,0.0000e+00
dev-corpus-06,4436,13,0.000000e+00,13,13,0.350661,0.350661,0.0000e+00
dev-corpus-06,4437,198,0.000000e+00,5514,5514,2.805890,2.805890,0.0000e+00
dev-corpus-06,4438,16,0.000000e+00,16,16,1.266930,1.266930,0.0000e+00
dev-corpus-06,4439,13,0.000000e+00,13,13,0.030867,0.030867,0.0000e+00
dev-corpus-06,4440,28097,0.000000e+00,2972,2972,3.531991,3.531991,0.0000e+00
dev-corpus-06,4441,25,0.000000e+00,25,25,0.822537,0.822537,0.0000e+00
dev-corpus-06,4442,279,0.000000e+00,28924,28924,6.520692,6.520692,0.0000e+00
dev-corpus-06,4443,7193,0.000000e+00,5839,5839,2.879235,2.879235,0.0000e+00
dev-corpus-06,4444,314,0.000000e+00,314,314,0.614489,0.614489,0.0000e+00
dev-corpus-06,4445,10121,0.000000e+00,279,279,4.508224,4.508224,0.0000e+00
dev-corpus-06,4446,1220,0.000000e+00,369,369,3.140225,3.140225,0.0000e+00
dev-corpus-06,4447,381,0.000000e+00,381,381,0.106686,0.106686,0.0000e+00
dev-corpus-06,4448,2708,0.000000e+00,6306,6306,2.771953,2.771953,0.0000e+00
dev-corpus-06,4449,303,0.000000e+00,13,13,5.832902,5.832902,0.0000e+00
dev-corpus-06,4450,3838,0.000000e+00,3838,3838,1.094961,1.094961,0.0000e+00
dev-corpus-06,4451,11,0.000000e+00,13,13,2.428837,2.428837,0.0000e+00
dev-corpus-06,4452,585,0.000000e+00,3315,3315,4.153463,4.153463,0.0000e+00
dev-corpus-06,4453,1673,0.000000e+00,1673,1673,0.052980,0.052980,0.0000e+00
dev-corpus-06,4454,2487,0.000000e+00,2487,2487,0.401151,0.401151,0.0000e+00
dev-corpus-06,4455,3315,0.000000e+00,364,364,1.872919,1.872919,0.0000e+00
dev-corpus-06,4456,424,0.000000e+00,424,424,1.039478,1.039478,0.0000e+00
dev-corpus-06,4457,579,0.000000e+00,369,369,2.106370,2.106370,0.0000e+00
dev-corpus-06,4458,364,0.000000e+00,364,364,0.073650,0.073650,0.0000e+00
dev-corpus-06,4459,10461,0.000000e+00,15367,15367,9.728277,9.728277,0.0000e+00
dev-corpus-06,4460,1603,0.000000e+00,4477,4477,7.689764,7.689764,0.0000e+00
dev-corpus-06,4461,4131,0.000000e+00,4477,4477,2.004864,2.004864,0.0000e+00
dev-corpus-06,4462,4477,0.000000e+00,4477,4477,0.225437,0.225437,0.0000e+00
dev-corpus-06,4463,466,0.000000e+00,11,11,1.997720,1.997720,0.0000e+00
dev-corpus-06,4464,364,0.000000e+00,364,364,0.607986,0.607986,0.0000e+00
dev-corpus-06,4465,944,0.000000e+00,15367,15367,4.682327,4.682327,0.0000e+00
dev-corpus-06,4466,1040,0.000000e+00,6526,6526,3.464327,3.464327,0.0000e+00
dev-corpus-06,4467,4483,0.000000e+00,6526,6526,2.742656,2.742656,0.0000e+00
dev-corpus-06,4468,2678,0.000000e+00,6526,6526,4.351448,4.351448,0.0000e+00
dev-corpus-06,4469,6526,0.000000e+00,6526,6526,0.380922,0.380922,0.0000e+00
dev-corpus-06,4470,13,0.000000e+00,13,13,1.026179,1.026179,0.0000e+00
dev-corpus-06,4471,198,0.000000e+00,198,198,0.431750,0.431750,0.0000e+00
dev-corpus-06,4472,17,0.000000e+00,17,17,0.014735,0.014735,0.0000e+00
dev-corpus-06,4473,13,0.000000e+00,13,13,0.009330,0.009330,0.0000e+00
dev-corpus-06,4474,8223,0.000000e+00,3856,3856,5.606672,5.606672,0.0000e+00
dev-corpus-06,4475,20025,0.000000e+00,25,25,12.361249,12.361249,0.0000e+00
dev-corpus-06,4476,25,0.000000e+00,25,25,0.594248,0.594248,0.0000e+00
dev-corpus-06,4477,17107,0.000000e+00,279,279,9.837788,9.837788,0.0000e+00
dev-corpus-06,4478,369,0.000000e+00,1220,1220,1.636330,1.636330,0.0000e+00
dev-corpus-06,4479,2590,0.000000e+00,264,264,2.916417,2.916417,0.0000e+00
dev-corpus-06,4480,449,0.000000e+00,264,264,1.994730,1.994730,0.0000e+00
dev-corpus-06,4481,2894,0.000000e+00,2894,2894,0.222709,0.222709,0.0000e+00
dev-corpus-06,4482,17345,0.000000e+00,7911,7911,2.394917,2.394917,0.0000e+00
dev-corpus-06,4483,948,0.000000e+00,13,13,3.734445,3.734445,0.0000e+00
dev-corpus-06,4484,424,0.000000e+00,11494,11494,3.487416,3.487416,0.0000e+00
dev-corpus-06,4485,3905,0.000000e+00,3905,3905,0.078919,0.078919,0.0000e+00
dev-corpus-06,4486,310,0.000000e+00,310,310,0.026032,0.026032,0.0000e+00
dev-corpus-06,4487,866,0.000000e+00,11494,11494,5.290092,5.290092,0.0000e+00
dev-corpus-06,4488,3269,0.000000e+00,7384,7384,8.288427,8.288427,0.0000e+00
dev-corpus-06,4489,314,0.000000e+00,314,314,0.105733,0.105733,0.0000e+00
dev-corpus-06,4490,7384,0.000000e+00,7384,7384,0.970720,0.970720,0.0000e+00
dev-corpus-06,4491,13,0.000000e+00,13,13,0.324907,0.324907,0.0000e+00
dev-corpus-06,4492,198,0.000000e+00,198,198,1.717651,1.717651,0.0000e+00
dev-corpus-06,4493,18,0.000000e+00,18,18,0.970218,0.970218,0.0000e+00
dev-corpus-06,4494,13,0.000000e+00,13,13,0.012055,0.012055,0.0000e+00
dev-corpus-06,4495,9612,0.000000e+00,42292,42292,4.007081,4.007081,0.0000e+00
dev-corpus-06,4496,48821,0.000000e+00,48821,48821,0.096144,0.096144,0.0000e+00
dev-corpus-06,4497,34647,0.000000e+00,351,351,6.709216,6.709216,0.0000e+00
dev-corpus-06,4498,318,0.000000e+00,25,25,1.138175,1.138175,0.0000e+00
dev-corpus-06,4499,25340,0.000000e+00,25340,25340,0.014913,0.014913,0.0000e+00
dev-corpus-06,4500,1590,0.000000e+00,1590,1590,0.185242,0.185242,0.0000e+00
dev-corpus-06,4501,10022,0.000000e+00,1368,1368,8.046074,8.046074,0.0000e+00
dev-corpus-06,4502,11639,0.000000e+00,524,524,4.874822,4.874822,0.0000e+00
dev-corpus-06,4503,34647,0.000000e+00,34647,34647,0.336499,0.336499,0.0000e+00
dev-corpus-06,4504,369,0.000000e+00,369,369,0.403032,0.403032,0.0000e+00
dev-corpus-06,4505,4840,0.000000e+00,524,524,8.686898,8.686898,0.0000e+00
dev-corpus-06,4506,440,0.000000e+00,310,310,3.019027,3.019027,0.0000e+00
dev-corpus-06,4507,1379,0.000000e+00,279,279,2.736600,2.736600,0.0000e+00
dev-corpus-06,4508,1901,0.000000e+00,314,314,4.220267,4.220267,0.0000e+00
dev-corpus-06,4509,4758,0.000000e+00,4758,4758,0.118177,0.118177,0.0000e+00
dev-corpus-06,4510,44253,0.000000e+00,11,11,1.944028,1.944028,0.0000e+00
dev-corpus-06,4511,11,0.000000e+00,11,11,0.165424,0.165424,0.0000e+00
dev-corpus-06,4512,279,0.000000e+00,424,424,2.909567,2.909567,0.0000e+00
dev-corpus-06,4513,4131,0.000000e+00,4131,4131,1.193600,1.193600,0.0000e+00
dev-corpus-06,4514,314,0.000000e+00,314,314,0.549616,0.549616,0.0000e+00
dev-corpus-06,4515,82081,0.000000e+00,82081,82081,1.093705,1.093705,0.0000e+00
dev-corpus-06,4516,2493,0.000000e+00,628,628,3.877532,3.877532,0.0000e+00
dev-corpus-06,4517,12904,0.000000e+00,12904,12904,0.698286,0.698286,0.0000e+00
dev-corpus-06,4518,494,0.000000e+00,13,13,2.180375,2.180375,0.0000e+00
dev-corpus-06,4519,799,0.000000e+00,799,799,0.954856,0.954856,0.0000e+00
dev-corpus-06,4520,6365,0.000000e+00,6529,6529,8.520159,8.520159,0.0000e+00
dev-corpus-06,4521,310,0.000000e+00,310,310,0.389569,0.389569,0.0000e+00
dev-corpus-06,4522,2361,0.000000e+00,2361,2361,0.164388,0.164388,0.0000e+00
dev-corpus-06,4523,13,0.000000e+00,13,13,0.219734,0.219734,0.0000e+00
dev-corpus-06,4524,1987,0.000000e+00,198,198,4.327216,4.327216,0.0000e+00
dev-corpus-06,4525,424,0.000000e+00,11,11,1.534599,1.534599,0.0000e+00
dev-corpus-06,4526,579,0.000000e+00,369,369,1.134675,1.134675,0.0000e+00
dev-corpus-06,4527,2590,0.000000e+00,2894,2894,2.052526,2.052526,0.0000e+00
dev-corpus-06,4528,1603,0.000000e+00,1603,1603,0.574676,0.574676,0.0000e+00
dev-corpus-06,4529,310,0.000000e+00,310,310,0.032025,0.032025,0.0000e+00
dev-corpus-06,4530,1301,0.000000e+00,1716,1716,2.104006,2.104006,0.0000e+00
dev-corpus-06,4531,1010,0.000000e+00,8120,8120,4.308732,4.308732,0.0000e+00
dev-corpus-06,4532,8120,0.000000e+00,8120,8120,0.195999,0.195999,0.0000e+00
dev-corpus-06,4533,2094,0.000000e+00,13,13,8.365101,8.365101,0.0000e+00
dev-corpus-06,4534,424,0.000000e+00,13,13,2.253847,2.253847,0.0000e+00
dev-corpus-06,4535,13,0.000000e+00,13,13,0.226515,0.226515,0.0000e+00
dev-corpus-06,4536,198,0.000000e+00,198,198,0.195309,0.195309,0.0000e+00
dev-corpus-06,4537,19,0.000000e+00,19,19,0.034808,0.034808,0.0000e+00
dev-corpus-06,4538,13,0.000000e+00,13,13,0.007796,0.007796,0.0000e+00
dev-corpus-06,4539,13024,0.000000e+00,32500,32500,10.366301,10.366301,0.0000e+00
dev-corpus-06,4540,3638,0.000000e+00,75323,75323,6.668700,6.668700,0.0000e+00
dev-corpus-06,4541,321,0.000000e+00,25,25,3.462814,3.462814,0.0000e+00
dev-corpus-06,4542,4275,0.000000e+00,3061,3061,2.848054,2.848054,0.0000e+00
dev-corpus-06,4543,25,0.000000e+00,25,25,0.117285,0.117285,0.0000e+00
dev-corpus-06,4544,1049,0.000000e+00,4188,4188,4.187519,4.187519,0.0000e+00
dev-corpus-06,4545,369,0.000000e+00,579,579,1.156676,1.156676,0.0000e+00
dev-corpus-06,4546,4409,0.000000e+00,2590,2590,7.266789,7.266789,0.0000e+00
dev-corpus-06,4547,264,0.000000e+00,2590,2590,3.272796,3.272796,0.0000e+00
dev-corpus-06,4548,7230,0.000000e+00,1902,1902,2.703693,2.703693,0.0000e+00
dev-corpus-06,4549,1381,0.000000e+00,44253,44253,1.966834,1.966834,0.0000e+00
dev-corpus-06,4550,421,0.000000e+00,421,421,0.658803,0.658803,0.0000e+00
dev-corpus-06,4551,1396,0.000000e+00,41581,41581,3.535228,3.535228,0.0000e+00
dev-corpus-06,4552,3478,0.000000e+00,73787,73787,3.284714,3.284714,0.0000e+00
dev-corpus-06,4553,47911,0.000000e+00,73787,73787,2.713131,2.713131,0.0000e+00
dev-corpus-06,4554,2724,0.000000e+00,6529,6529,3.730352,3.730352,0.0000e+00
dev-corpus-06,4555,682,0.000000e+00,682,682,0.823301,0.823301,0.0000e+00
dev-corpus-06,4556,7633,0.000000e+00,264,264,3.220051,3.220051,0.0000e+00
dev-corpus-06,4557,279,0.000000e+00,264,264,6.925616,6.925616,0.0000e+00
dev-corpus-06,4558,11811,0.000000e+00,248046,248046,6.377676,6.377676,0.0000e+00
dev-corpus-06,4559,6170,0.000000e+00,878,878,1.280137,1.280137,0.0000e+00
dev-corpus-06,4560,3638,0.000000e+00,878,878,1.011798,1.011798,0.0000e+00
dev-corpus-06,4561,440,0.000000e+00,364,364,4.259359,4.259359,0.0000e+00
dev-corpus-06,4562,1010,0.000000e+00,5090,5090,3.126223,3.126223,0.0000e+00
dev-corpus-06,4563,884,0.000000e+00,4799,4799,5.766727,5.766727,0.0000e+00
dev-corpus-06,4564,10020,0.000000e+00,10020,10020,0.273222,0.273222,0.0000e+00
dev-corpus-06,4565,4275,0.000000e+00,4275,4275,0.090779,0.090779,0.0000e+00
dev-corpus-06,4566,13,0.000000e+00,13,13,0.873137,0.873137,0.0000e+00
dev-corpus-06,4567,1921,0.000000e+00,198,198,4.918925,4.918925,0.0000e+00
dev-corpus-06,4568,1010,0.000000e+00,1010,1010,2.225583,2.225583,0.0000e+00
dev-corpus-06,4569,4948,0.000000e+00,314,314,3.209407,3.209407,0.0000e+00
dev-corpus-06,4570,2915,0.000000e+00,2493,2493,3.665108,3.665108,0.0000e+00
dev-corpus-06,4571,1691,0.000000e+00,2577,2577,4.593724,4.593724,0.0000e+00
dev-corpus-06,4572,364,0.000000e+00,2577,2577,9.242359,9.242359,0.0000e+00
dev-corpus-06,4573,6699,0.000000e+00,836,836,11.599046,11.599046,0.0000e+00
dev-corpus-06,4574,23557,0.000000e+00,2308,2308,4.979498,4.979498,0.0000e+00
dev-corpus-06,4575,2540,0.000000e+00,2540,2540,0.024203,0.024203,0.0000e+00
dev-corpus-06,4576,11241,0.000000e+00,2444,2444,2.078274,2.078274,0.0000e+00
dev-corpus-06,4577,1056,0.000000e+00,888,888,3.155935,3.155935,0.0000e+00
dev-corpus-06,4578,3672,0.000000e+00,3672,3672,0.112948,0.112948,0.0000e+00
dev-corpus-06,4579,13,0.000000e+00,13,13,0.198860,0.198860,0.0000e+00
dev-corpus-06,4580,198,0.000000e+00,198,198,0.619405,0.619405,0.0000e+00
dev-corpus-06,4581,20,0.000000e+00,20,20,0.144093,0.144093,0.0000e+00
dev-corpus-06,4582,13,0.000000e+00,13,13,0.008108,0.008108,0.0000e+00
dev-corpus-06,4583,60628,0.000000e+00,32500,32500,9.878147,9.878147,0.0000e+00
dev-corpus-06,4584,1105,0.000000e+00,1105,1105,1.187906,1.187906,0.0000e+00
dev-corpus-06,4585,25,0.000000e+00,25,25,0.415115,0.415115,0.0000e+00
dev-corpus-06,4586,1368,0.000000e+00,1368,1368,1.688996,1.688996,0.0000e+00
dev-corpus-06,4587,488,0.000000e+00,488,488,0.318381,0.318381,0.0000e+00
dev-corpus-06,4588,513,0.000000e+00,513,513,0.912200,0.912200,0.0000e+00
dev-corpus-06,4589,264,0.000000e+00,8842,8842,2.000910,2.000910,0.0000e+00
dev-corpus-06,4590,20125,0.000000e+00,20125,20125,0.887379,0.887379,0.0000e+00
dev-corpus-06,4591,82255,0.000000e+00,60651,60651,3.195453,3.195453,0.0000e+00
dev-corpus-06,4592,11,0.000000e+00,11,11,0.353273,0.353273,0.0000e+00
dev-corpus-06,4593,1179,0.000000e+00,264,264,1.974046,1.974046,0.0000e+00
dev-corpus-06,4594,264,0.000000e+00,264,264,0.873628,0.873628,0.0000e+00
dev-corpus-06,4595,16338,0.000000e+00,1603,1603,3.321048,3.321048,0.0000e+00
dev-corpus-06,4596,321,0.000000e+00,321,321,0.729133,0.729133,0.0000e+00
dev-corpus-06,4597,21094,0.000000e+00,25293,25293,3.463091,3.463091,0.0000e+00
dev-corpus-06,4598,47911,0.000000e+00,6564,6564,7.351051,7.351051,0.0000e+00
dev-corpus-06,4599,6564,0.000000e+00,440,440,2.696879,2.696879,0.0000e+00
dev-corpus-06,4600,1105,0.000000e+00,1105,1105,0.038163,0.038163,0.0000e+00
dev-corpus-06,4601,2493,0.000000e+00,369,369,3.025475,3.025475,0.0000e+00
dev-corpus-06,4602,381,0.000000e+00,381,381,0.093188,0.093188,0.0000e+00
dev-corpus-06,4603,1603,0.000000e+00,264,264,3.652614,3.652614,0.0000e+00
dev-corpus-06,4604,310,0.000000e+00,310,310,0.655881,0.655881,0.0000e+00
dev-corpus-06,4605,599,0.000000e+00,2814,2814,1.381405,1.381405,0.0000e+00
dev-corpus-06,4606,303,0.000000e+00,13,13,3.932119,3.932119,0.0000e+00
dev-corpus-06,4607,3529,0.000000e+00,3838,3838,10.056664,10.056664,0.0000e+00
dev-corpus-07,4608,198,0.000000e+00,198,198,0.002326,0.002326,0.0000e+00
dev-corpus-07,4609,4199,0.000000e+00,3710,3710,3.652924,3.652924,0.0000e+00
dev-corpus-07,4610,1503,0.000000e+00,635,635,1.660029,1.660029,0.0000e+00
dev-corpus-07,4611,279,0.000000e+00,279,279,0.619973,0.619973,0.0000e+00
dev-corpus-07,4612,5753,0.000000e+00,7059,7059,7.285691,7.285691,0.0000e+00
dev-corpus-07,4613,15209,0.000000e+00,3299,3299,11.108032,11.108032,0.0000e+00
dev-corpus-07,4614,1785,0.000000e+00,1785,1785,0.176804,0.176804,0.0000e+00
dev-corpus-07,4615,944,0.000000e+00,944,944,1.598927,1.598927,0.0000e+00
dev-corpus-07,4616,30,0.000000e+00,30,30,0.605866,0.605866,0.0000e+00
dev-corpus-07,4617,248046,0.000000e+00,248046,248046,0.304211,0.304211,0.0000e+00
dev-corpus-07,4618,198,0.000000e+00,198,198,0.000036,0.000036,0.0000e+00
dev-corpus-07,4619,248045,0.000000e+00,248045,248045,0.000000,0.000000,0.0000e+00
dev-corpus-07,4620,74455,0.000000e+00,248045,248045,4.009331,4.009331,0.0000e+00
dev-corpus-07,4621,198,0.000000e+00,198,198,0.002279,0.002279,0.0000e+00
dev-corpus-07,4622,4699,0.000000e+00,248068,248068,21.465031,21.465031,0.0000e+00
dev-corpus-07,4623,24518,0.000000e+00,5753,5753,2.093701,2.093701,0.0000e+00
dev-corpus-07,4624,682,0.000000e+00,303,303,3.189483,3.189483,0.0000e+00
dev-corpus-07,4625,1330,0.000000e+00,1330,1330,0.449401,0.449401,0.0000e+00
dev-corpus-07,4626,12320,0.000000e+00,12320,12320,0.221993,0.221993,0.0000e+00
dev-corpus-07,4627,13,0.000000e+00,303,303,1.505112,1.505112,0.0000e+00
dev-corpus-07,4628,561,0.000000e+00,248046,248046,2.003914,2.003914,0.0000e+00
dev-corpus-07,4629,1118,0.000000e+00,1118,1118,0.251260,0.251260,0.0000e+00
dev-corpus-07,4630,6695,0.000000e+00,6695,6695,0.271936,0.271936,0.0000e+00
dev-corpus-07,4631,369,0.000000e+00,318,318,1.268426,1.268426,0.0000e+00
dev-corpus-07,4632,364,0.000000e+00,364,364,0.324638,0.324638,0.0000e+00
dev-corpus-07,4633,264,0.000000e+00,264,264,0.169318,0.169318,0.0000e+00
dev-corpus-07,4634,2050,0.000000e+00,8871,8871,2.030942,2.030942,0.0000e+00
dev-corpus-07,4635,62455,0.000000e+00,8871,8871,7.711675,7.711675,0.0000e+00
dev-corpus-07,4636,8871,0.000000e+00,8871,8871,0.122466,0.122466,0.0000e+00
dev-corpus-07,4637,13,0.000000e+00,11,11,2.032269,2.032269,0.0000e+00
dev-corpus-07,4638,561,0.000000e+00,561,561,0.462038,0.462038,0.0000e+00
dev-corpus-07,4639,8871,0.000000e+00,2018,2018,4.375238,4.375238,0.0000e+00
dev-corpus-07,4640,440,0.000000e+00,440,440,0.494536,0.494536,0.0000e+00
dev-corpus-07,4641,279,0.000000e+00,279,279,0.058838,0.058838,0.0000e+00
dev-corpus-07,4642,8410,0.000000e+00,1379,1379,8.966410,8.966410,0.0000e+00
dev-corpus-07,4643,8421,0.000000e+00,8421,8421,0.210748,0.210748,0.0000e+00
dev-corpus-07,4644,20539,0.000000e+00,14387,14387,4.555164,4.555164,0.0000e+00
dev-corpus-07,4645,264,0.000000e+00,279,279,2.276309,2.276309,0.0000e+00
dev-corpus-07,4646,18739,0.000000e+00,10407,10407,5.116601,5.116601,0.0000e+00
dev-corpus-07,4647,10407,0.000000e+00,10407,10407,0.267383,0.267383,0.0000e+00
dev-corpus-07,4648,303,0.000000e+00,303,303,0.512875,0.512875,0.0000e+00
dev-corpus-07,4649,20481,0.000000e+00,279,279,1.078335,1.078335,0.0000e+00
dev-corpus-07,4650,13,0.000000e+00,13,13,0.214882,0.214882,0.0000e+00
dev-corpus-07,4651,561,0.000000e+00,561,561,0.507864,0.507864,0.0000e+00
dev-corpus-07,4652,2018,0.000000e+00,2018,2018,0.053650,0.053650,0.0000e+00
dev-corpus-07,4653,6695,0.000000e+00,6695,6695,0.010987,0.010987,0.0000e+00
dev-corpus-07,4654,369,0.000000e+00,369,369,0.159177,0.159177,0.0000e+00
dev-corpus-07,4655,364,0.000000e+00,364,364,0.306960,0.306960,0.0000e+00
dev-corpus-07,4656,264,0.000000e+00,264,264,0.232286,0.232286,0.0000e+00
dev-corpus-07,4657,4464,0.000000e+00,4464,4464,0.746341,0.746341,0.0000e+00
dev-corpus-07,4658,579,0.000000e+00,1103,1103,5.616719,5.616719,0.0000e+00
dev-corpus-07,4659,1103,0.000000e+00,1103,1103,1.052411,1.052411,0.0000e+00
dev-corpus-07,4660,314,0.000000e+00,314,314,0.620987,0.620987,0.0000e+00
dev-corpus-07,4661,10853,0.000000e+00,10853,10853,0.028026,0.028026,0.0000e+00
dev-corpus-07,4662,11,0.000000e+00,13,13,2.284930,2.284930,0.0000e+00
dev-corpus-07,4663,864,0.000000e+00,864,864,0.774251,0.774251,0.0000e+00
dev-corpus-07,4664,16298,0.000000e+00,25721,25721,7.281943,7.281943,0.0000e+00
dev-corpus-07,4665,506,0.000000e+00,310,310,3.648971,3.648971,0.0000e+00
dev-corpus-07,4666,279,0.000000e+00,279,279,0.179379,0.179379,0.0000e+00
dev-corpus-07,4667,1528,0.000000e+00,1528,1528,0.436041,0.436041,0.0000e+00
dev-corpus-07,4668,2119,0.000000e+00,2119,2119,0.354544,0.354544,0.0000e+00
dev-corpus-07,4669,13,0.000000e+00,13,13,0.166456,0.166456,0.0000e+00
dev-corpus-07,4670,561,0.000000e+00,561,561,1.274375,1.274375,0.0000e+00
dev-corpus-07,4671,2018,0.000000e+00,4464,4464,2.090991,2.090991,0.0000e+00
dev-corpus-07,4672,6695,0.000000e+00,6695,6695,0.009291,0.009291,0.0000e+00
dev-corpus-07,4673,25721,0.000000e+00,25721,25721,0.460860,0.460860,0.0000e+00
dev-corpus-07,4674,279,0.000000e+00,279,279,0.290710,0.290710,0.0000e+00
dev-corpus-07,4675,7830,0.000000e+00,7830,7830,0.941195,0.941195,0.0000e+00
dev-corpus-07,4676,52351,0.000000e+00,17498,17498,5.738950,5.738950,0.0000e+00
dev-corpus-07,4677,4464,0.000000e+00,12669,12669,5.758138,5.758138,0.0000e+00
dev-corpus-07,4678,12669,0.000000e+00,12669,12669,1.081218,1.081218,0.0000e+00
dev-corpus-07,4679,303,0.000000e+00,303,303,0.741739,0.741739,0.0000e+00
dev-corpus-07,4680,279,0.000000e+00,20481,20481,1.488450,1.488450,0.0000e+00
dev-corpus-07,4681,20481,0.000000e+00,28641,28641,3.505308,3.505308,0.0000e+00
dev-corpus-07,4682,13,0.000000e+00,13,13,0.385648,0.385648,0.0000e+00
dev-corpus-07,4683,5875,0.000000e+00,248046,248046,9.742422,9.742422,0.0000e+00
dev-corpus-07,4684,20032,0.000000e+00,20032,20032,0.786268,0.786268,0.0000e+00
dev-corpus-07,4685,15833,0.000000e+00,321,321,1.854758,1.854758,0.0000e+00
dev-corpus-07,4686,2493,0.000000e+00,321,321,6.057902,6.057902,0.0000e+00
dev-corpus-07,4687,381,0.000000e+00,11822,11822,1.721086,1.721086,0.0000e+00
dev-corpus-07,4688,3568,0.000000e+00,11822,11822,3.000611,3.000611,0.0000e+00
dev-corpus-07,4689,310,0.000000e+00,413,413,1.215113,1.215113,0.0000e+00
dev-corpus-07,4690,25705,0.000000e+00,5790,5790,5.623749,5.623749,0.0000e+00
dev-corpus-07,4691,279,0.000000e+00,279,279,0.681446,0.681446,0.0000e+00
dev-corpus-07,4692,2050,0.000000e+00,52351,52351,2.716000,2.716000,0.0000e+00
dev-corpus-07,4693,72401,0.000000e+00,72401,72401,0.758906,0.758906,0.0000e+00
dev-corpus-07,4694,494,0.000000e+00,11,11,4.808268,4.808268,0.0000e+00
dev-corpus-07,4695,279,0.000000e+00,279,279,0.183998,0.183998,0.0000e+00
dev-corpus-07,4696,1118,0.000000e+00,1118,1118,0.109566,0.109566,0.0000e+00
dev-corpus-07,4697,6695,0.000000e+00,6695,6695,0.028503,0.028503,0.0000e+00
dev-corpus-07,4698,13,0.000000e+00,11,11,0.852102,0.852102,0.0000e+00
dev-corpus-07,4699,248046,0.000000e+00,1946,1946,2.548623,2.548623,0.0000e+00
dev-corpus-07,4700,198,0.000000e+00,198,198,0.000475,0.000475,0.0000e+00
dev-corpus-07,4701,248045,0.000000e+00,248045,248045,0.000482,0.000482,0.0000e+00
dev-corpus-07,4702,846,0.000000e+00,846,846,0.001026,0.001026,0.0000e+00
dev-corpus-07,4703,198,0.000000e+00,198,198,0.021508,0.021508,0.0000e+00
dev-corpus-07,4704,3710,0.000000e+00,3710,3710,1.541966,1.541966,0.0000e+00
dev-corpus-07,4705,369,0.000000e+00,369,369,0.912095,0.912095,0.0000e+00
dev-corpus-07,4706,279,0.000000e+00,279,279,0.420186,0.420186,0.0000e+00
dev-corpus-07,4707,1786,0.000000e+00,6463,6463,5.455813,5.455813,0.0000e+00
dev-corpus-07,4708,3602,0.000000e+00,1560,1560,8.023219,8.023219,0.0000e+00
dev-corpus-07,4709,364,0.000000e+00,364,364,0.594117,0.594117,0.0000e+00
dev-corpus-07,4710,264,0.000000e+00,264,264,0.650068,0.650068,0.0000e+00
dev-corpus-07,4711,2902,0.000000e+00,491,491,5.361658,5.361658,0.0000e+00
dev-corpus-07,4712,19548,0.000000e+00,19548,19548,1.284251,1.284251,0.0000e+00
dev-corpus-07,4713,303,0.000000e+00,303,303,0.971926,0.971926,0.0000e+00
dev-corpus-07,4714,17942,0.000000e+00,9564,9564,7.720613,7.720613,0.0000e+00
dev-corpus-07,4715,4357,0.000000e+00,36291,36291,1.537418,1.537418,0.0000e+00
dev-corpus-07,4716,30,0.000000e+00,30,30,0.547435,0.547435,0.0000e+00
dev-corpus-07,4717,248046,0.000000e+00,248046,248046,0.018877,0.018877,0.0000e+00
dev-corpus-07,4718,198,0.000000e+00,198,198,0.000031,0.000031,0.0000e+00
dev-corpus-07,4719,248045,0.000000e+00,248045,248045,0.000002,0.000002,0.0000e+00
dev-corpus-07,4720,74455,0.000000e+00,248045,248045,1.052656,1.052656,0.0000e+00
dev-corpus-07,4721,198,0.000000e+00,198,198,0.013684,0.013684,0.0000e+00
dev-corpus-07,4722,760,0.000000e+00,248068,248068,21.114609,21.114609,0.0000e+00
dev-corpus-07,4723,1786,0.000000e+00,1786,1786,0.570869,0.570869,0.0000e+00
dev-corpus-07,4724,3602,0.000000e+00,3602,3602,0.059079,0.059079,0.0000e+00
dev-corpus-07,4725,13402,0.000000e+00,364,364,1.079667,1.079667,0.0000e+00
dev-corpus-07,4726,383,0.000000e+00,383,383,0.273035,0.273035,0.0000e+00
dev-corpus-07,4727,3714,0.000000e+00,678,678,7.219982,7.219982,0.0000e+00
dev-corpus-07,4728,33999,0.000000e+00,18738,18738,5.030099,5.030099,0.0000e+00
dev-corpus-07,4729,321,0.000000e+00,11,11,1.120480,1.120480,0.0000e+00
dev-corpus-07,4730,18738,0.000000e+00,18738,18738,1.228024,1.228024,0.0000e+00
dev-corpus-07,4731,13,0.000000e+00,13,13,0.312817,0.312817,0.0000e+00
dev-corpus-07,4732,18050,0.000000e+00,248046,248046,8.878525,8.878525,0.0000e+00
dev-corpus-07,4733,2381,0.000000e+00,12,12,1.604610,1.604610,0.0000e+00
dev-corpus-07,4734,264,0.000000e+00,8259,8259,2.095619,2.095619,0.0000e+00
dev-corpus-07,4735,19548,0.000000e+00,2972,2972,7.279945,7.279945,0.0000e+00
dev-corpus-07,4736,303,0.000000e+00,10419,10419,3.537974,3.537974,0.0000e+00
dev-corpus-07,4737,264,0.000000e+00,17942,17942,4.552857,4.552857,0.0000e+00
dev-corpus-07,4738,3177,0.000000e+00,2972,2972,2.490270,2.490270,0.0000e+00
dev-corpus-07,4739,11,0.000000e+00,11,11,0.946504,0.946504,0.0000e+00
dev-corpus-07,4740,488,0.000000e+00,2972,2972,2.976422,2.976422,0.0000e+00
dev-corpus-07,4741,628,0.000000e+00,2493,2493,2.899676,2.899676,0.0000e+00
dev-corpus-07,4742,1357,0.000000e+00,2814,2814,6.751919,6.751919,0.0000e+00
dev-corpus-07,4743,9103,0.000000e+00,708,708,1.405311,1.405311,0.0000e+00
dev-corpus-07,4744,11751,0.000000e+00,2972,2972,1.718809,1.718809,0.0000e+00
dev-corpus-07,4745,13,0.000000e+00,11,11,1.566136,1.566136,0.0000e+00
dev-corpus-07,4746,220,0.000000e+00,1049,1049,4.943251,4.943251,0.0000e+00
dev-corpus-07,4747,2532,0.000000e+00,248046,248046,5.390547,5.390547,0.0000e+00
dev-corpus-07,4748,369,0.000000e+00,513,513,1.582643,1.582643,0.0000e+00
dev-corpus-07,4749,264,0.000000e+00,264,264,1.105569,1.105569,0.0000e+00
dev-corpus-07,4750,3349,0.000000e+00,2609,2609,5.044087,5.044087,0.0000e+00
dev-corpus-07,4751,2020,0.000000e+00,7792,7792,3.824844,3.824844,0.0000e+00
dev-corpus-07,4752,314,0.000000e+00,314,314,0.196563,0.196563,0.0000e+00
dev-corpus-07,4753,2420,0.000000e+00,48874,48874,8.139019,8.139019,0.0000e+00
dev-corpus-07,4754,33847,0.000000e+00,248046,248046,8.337910,8.337910,0.0000e+00
dev-corpus-07,4755,11,0.000000e+00,11,11,0.818272,0.818272,0.0000e+00
dev-corpus-07,4756,494,0.000000e+00,1880,1880,3.116799,3.116799,0.0000e+00
dev-corpus-07,4757,41729,0.000000e+00,8329,8329,5.022164,5.022164,0.0000e+00
dev-corpus-07,4758,74878,0.000000e+00,8329,8329,5.430944,5.430944,0.0000e+00
dev-corpus-07,4759,3508,0.000000e+00,3508,3508,0.245832,0.245832,0.0000e+00
dev-corpus-07,4760,321,0.000000e+00,310,310,4.383565,4.383565,0.0000e+00
dev-corpus-07,4761,71070,0.000000e+00,8329,8329,3.473571,3.473571,0.0000e+00
dev-corpus-07,4762,11,0.000000e+00,310,310,4.403675,4.403675,0.0000e+00
dev-corpus-07,4763,310,0.000000e+00,310,310,0.225585,0.225585,0.0000e+00
dev-corpus-07,4764,1546,0.000000e+00,226997,226997,4.761959,4.761959,0.0000e+00
dev-corpus-07,4765,11064,0.000000e+00,11064,11064,0.886868,0.886868,0.0000e+00
dev-corpus-07,4766,11,0.000000e+00,226997,226997,3.488136,3.488136,0.0000e+00
dev-corpus-07,4767,226997,0.000000e+00,226997,226997,0.749898,0.749898,0.0000e+00
dev-corpus-07,4768,56276,0.000000e+00,20054,20054,4.739490,4.739490,0.0000e+00
dev-corpus-07,4769,15099,0.000000e+00,15099,15099,0.263330,0.263330,0.0000e+00
dev-corpus-07,4770,13,0.000000e+00,13,13,0.144220,0.144220,0.0000e+00
dev-corpus-07,4771,220,0.000000e+00,220,220,1.003146,1.003146,0.0000e+00
dev-corpus-07,4772,1049,0.000000e+00,2532,2532,2.970445,2.970445,0.0000e+00
dev-corpus-07,4773,369,0.000000e+00,369,369,1.123975,1.123975,0.0000e+00
dev-corpus-07,4774,2503,0.000000e+00,1048,1048,6.746788,6.746788,0.0000e+00
dev-corpus-07,4775,310,0.000000e+00,310,310,0.216161,0.216161,0.0000e+00
dev-corpus-07,4776,615,0.000000e+00,1423,1423,3.672559,3.672559,0.0000e+00
dev-corpus-07,4777,264,0.000000e+00,264,264,1.638112,1.638112,0.0000e+00
dev-corpus-07,4778,3743,0.000000e+00,3743,3743,1.803005,1.803005,0.0000e+00
dev-corpus-07,4779,14704,0.000000e+00,14704,14704,0.111610,0.111610,0.0000e+00
dev-corpus-07,4780,303,0.000000e+00,303,303,0.781103,0.781103,0.0000e+00
dev-corpus-07,4781,11751,0.000000e+00,11751,11751,0.236193,0.236193,0.0000e+00
dev-corpus-07,4782,13,0.000000e+00,13,13,0.349200,0.349200,0.0000e+00
dev-corpus-07,4783,220,0.000000e+00,220,220,0.841379,0.841379,0.0000e+00
dev-corpus-07,4784,561,0.000000e+00,561,561,1.741955,1.741955,0.0000e+00
dev-corpus-07,4785,13529,0.000000e+00,3177,3177,7.694309,7.694309,0.0000e+00
dev-corpus-07,4786,62856,0.000000e+00,62856,62856,0.193803,0.193803,0.0000e+00
dev-corpus-07,4787,1048,0.000000e+00,369,369,6.581252,6.581252,0.0000e+00
dev-corpus-07,4788,369,0.000000e+00,248046,248046,3.214580,3.214580,0.0000e+00
dev-corpus-07,4789,15506,0.000000e+00,248046,248046,3.597765,3.597765,0.0000e+00
dev-corpus-07,4790,11,0.000000e+00,11,11,0.957908,0.957908,0.0000e+00
dev-corpus-07,4791,440,0.000000e+00,440,440,0.852041,0.852041,0.0000e+00
dev-corpus-07,4792,6278,0.000000e+00,279,279,8.310285,8.310285,0.0000e+00
dev-corpus-07,4793,17120,0.000000e+00,1880,1880,1.676529,1.676529,0.0000e+00
dev-corpus-07,4794,10539,0.000000e+00,321,321,5.803888,5.803888,0.0000e+00
dev-corpus-07,4795,440,0.000000e+00,440,440,0.116611,0.116611,0.0000e+00
dev-corpus-07,4796,11088,0.000000e+00,17496,17496,3.314270,3.314270,0.0000e+00
dev-corpus-07,4797,13976,0.000000e+00,248046,248046,4.149353,4.149353,0.0000e+00
dev-corpus-07,4798,11,0.000000e+00,13,13,2.520795,2.520795,0.0000e+00
dev-corpus-07,4799,321,0.000000e+00,321,321,1.939663,1.939663,0.0000e+00
dev-corpus-07,4800,1599,0.000000e+00,279,279,2.805376,2.805376,0.0000e+00
dev-corpus-07,4801,48874,0.000000e+00,48874,48874,1.393317,1.393317,0.0000e+00
dev-corpus-07,4802,310,0.000000e+00,13,13,4.413361,4.413361,0.0000e+00
dev-corpus-07,4803,4990,0.000000e+00,3814,3814,5.988072,5.988072,0.0000e+00
dev-corpus-07,4804,678,0.000000e+00,866,866,2.032217,2.032217,0.0000e+00
dev-corpus-07,4805,2756,0.000000e+00,854,854,2.150503,2.150503,0.0000e+00
dev-corpus-07,4806,13,0.000000e+00,13,13,0.282460,0.282460,0.0000e+00
dev-corpus-07,4807,23740,0.000000e+00,220,220,11.356788,11.356788,0.0000e+00
dev-corpus-07,4808,2094,0.000000e+00,2094,2094,0.329488,0.329488,0.0000e+00
dev-corpus-07,4809,11751,0.000000e+00,369,369,2.461434,2.461434,0.0000e+00
dev-corpus-07,4810,369,0.000000e+00,369,369,0.273256,0.273256,0.0000e+00
dev-corpus-07,4811,1546,0.000000e+00,3999,3999,2.496061,2.496061,0.0000e+00
dev-corpus-07,4812,3999,0.000000e+00,3999,3999,0.315913,0.315913,0.0000e+00
dev-corpus-07,4813,11,0.000000e+00,11,11,1.557937,1.557937,0.0000e+00
dev-corpus-07,4814,430,0.000000e+00,440,440,2.843736,2.843736,0.0000e+00
dev-corpus-07,4815,424,0.000000e+00,279,279,2.149546,2.149546,0.0000e+00
dev-corpus-07,4816,369,0.000000e+00,682,682,1.128073,1.128073,0.0000e+00
dev-corpus-07,4817,264,0.000000e+00,264,264,1.492397,1.492397,0.0000e+00
dev-corpus-07,4818,1546,0.000000e+00,1546,1546,1.738053,1.738053,0.0000e+00
dev-corpus-07,4819,4088,0.000000e+00,4088,4088,0.847960,0.847960,0.0000e+00
dev-corpus-07,4820,470,0.000000e+00,470,470,0.014592,0.014592,0.0000e+00
dev-corpus-07,4821,3177,0.000000e+00,3177,3177,0.164683,0.164683,0.0000e+00
dev-corpus-07,4822,321,0.000000e+00,13,13,1.973530,1.973530,0.0000e+00
dev-corpus-07,4823,1048,0.000000e+00,682,682,4.151890,4.151890,0.0000e+00
dev-corpus-07,4824,682,0.000000e+00,682,682,0.302042,0.302042,0.0000e+00
dev-corpus-07,4825,449,0.000000e+00,449,449,0.671171,0.671171,0.0000e+00
dev-corpus-07,4826,10727,0.000000e+00,15895,15895,1.760365,1.760365,0.0000e+00
dev-corpus-07,4827,321,0.000000e+00,32371,32371,3.472187,3.472187,0.0000e+00
dev-corpus-07,4828,11697,0.000000e+00,15895,15895,5.369425,5.369425,0.0000e+00
dev-corpus-07,4829,41729,0.000000e+00,11533,11533,1.960225,1.960225,0.0000e+00
dev-corpus-07,4830,569,0.000000e+00,32371,32371,1.292231,1.292231,0.0000e+00
dev-corpus-07,4831,17367,0.000000e+00,17367,17367,1.077762,1.077762,0.0000e+00
dev-corpus-07,4832,1785,0.000000e+00,1785,1785,0.344255,0.344255,0.0000e+00
dev-corpus-07,4833,13,0.000000e+00,13,13,0.114686,0.114686,0.0000e+00
dev-corpus-07,4834,18050,0.000000e+00,248046,248046,1.546485,1.546485,0.0000e+00
dev-corpus-07,4835,2381,0.000000e+00,2381,2381,0.855392,0.855392,0.0000e+00
dev-corpus-07,4836,264,0.000000e+00,264,264,0.493769,0.493769,0.0000e+00
dev-corpus-07,4837,21128,0.000000e+00,19548,19548,8.461769,8.461769,0.0000e+00
dev-corpus-07,4838,19548,0.000000e+00,19548,19548,0.240030,0.240030,0.0000e+00
dev-corpus-07,4839,11,0.000000e+00,11,11,0.103739,0.103739,0.0000e+00
dev-corpus-07,4840,11342,0.000000e+00,488,488,2.665823,2.665823,0.0000e+00
dev-corpus-07,4841,44153,0.000000e+00,44153,44153,1.090657,1.090657,0.0000e+00
dev-corpus-07,4842,369,0.000000e+00,303,303,0.979284,0.979284,0.0000e+00
dev-corpus-07,4843,10794,0.000000e+00,264,264,4.478737,4.478737,0.0000e+00
dev-corpus-07,4844,11,0.000000e+00,13,13,2.703405,2.703405,0.0000e+00
dev-corpus-07,4845,321,0.000000e+00,440,440,3.119355,3.119355,0.0000e+00
dev-corpus-07,4846,303,0.000000e+00,279,279,5.894080,5.894080,0.0000e+00
dev-corpus-07,4847,3820,0.000000e+00,279,279,2.709627,2.709627,0.0000e+00
dev-corpus-07,4848,17349,0.000000e+00,11,11,8.389673,8.389673,0.0000e+00
dev-corpus-07,4849,195337,0.000000e+00,195337,195337,0.155912,0.155912,0.0000e+00
dev-corpus-07,4850,11,0.000000e+00,13,13,2.182711,2.182711,0.0000e+00
dev-corpus-07,4851,864,0.000000e+00,279,279,1.831882,1.831882,0.0000e+00
dev-corpus-07,4852,369,0.000000e+00,369,369,0.408376,0.408376,0.0000e+00
dev-corpus-07,4853,13177,0.000000e+00,279,279,6.051313,6.051313,0.0000e+00
dev-corpus-07,4854,25519,0.000000e+00,6306,6306,1.109603,1.109603,0.0000e+00
dev-corpus-07,4855,430,0.000000e+00,430,430,0.064023,0.064023,0.0000e+00
dev-corpus-07,4856,279,0.000000e+00,279,279,0.392788,0.392788,0.0000e+00
dev-corpus-07,4857,4266,0.000000e+00,1379,1379,2.228646,2.228646,0.0000e+00
dev-corpus-07,4858,9945,0.000000e+00,9945,9945,0.007647,0.007647,0.0000e+00
dev-corpus-07,4859,467,0.000000e+00,467,467,0.037464,0.037464,0.0000e+00
dev-corpus-07,4860,13721,0.000000e+00,6092,6092,1.893942,1.893942,0.0000e+00
dev-corpus-07,4861,303,0.000000e+00,383,383,1.375502,1.375502,0.0000e+00
dev-corpus-07,4862,11342,0.000000e+00,14898,14898,4.149042,4.149042,0.0000e+00
dev-corpus-07,4863,44153,0.000000e+00,44153,44153,0.136047,0.136047,0.0000e+00
dev-corpus-07,4864,13,0.000000e+00,13,13,0.076674,0.076674,0.0000e+00
dev-corpus-07,4865,220,0.000000e+00,220,220,0.556432,0.556432,0.0000e+00
dev-corpus-07,4866,23740,0.000000e+00,17349,17349,7.552823,7.552823,0.0000e+00
dev-corpus-07,4867,310,0.000000e+00,2094,2094,1.485142,1.485142,0.0000e+00
dev-corpus-07,4868,17349,0.000000e+00,17349,17349,0.676077,0.676077,0.0000e+00
dev-corpus-07,4869,195337,0.000000e+00,195337,195337,0.073005,0.073005,0.0000e+00
dev-corpus-07,4870,369,0.000000e+00,369,369,0.951286,0.951286,0.0000e+00
dev-corpus-07,4871,13733,0.000000e+00,3999,3999,3.776535,3.776535,0.0000e+00
dev-corpus-07,4872,3999,0.000000e+00,3999,3999,0.604854,0.604854,0.0000e+00
dev-corpus-07,4873,11,0.000000e+00,11,11,1.187140,1.187140,0.0000e+00
dev-corpus-07,4874,430,0.000000e+00,430,430,1.773859,1.773859,0.0000e+00
dev-corpus-07,4875,424,0.000000e+00,424,424,0.825042,0.825042,0.0000e+00
dev-corpus-07,4876,725,0.000000e+00,369,369,3.866965,3.866965,0.0000e+00
dev-corpus-07,4877,3160,0.000000e+00,383,383,3.733972,3.733972,0.0000e+00
dev-corpus-07,4878,310,0.000000e+00,310,310,0.092291,0.092291,0.0000e+00
dev-corpus-07,4879,37473,0.000000e+00,279,279,1.074498,1.074498,0.0000e+00
dev-corpus-07,4880,13,0.000000e+00,13,13,1.106392,1.106392,0.0000e+00
dev-corpus-07,4881,220,0.000000e+00,220,220,0.823092,0.823092,0.0000e+00
dev-corpus-07,4882,561,0.000000e+00,561,561,1.104620,1.104620,0.0000e+00
dev-corpus-07,4883,3487,0.000000e+00,48544,48544,4.998041,4.998041,0.0000e+00
dev-corpus-07,4884,369,0.000000e+00,369,369,0.531256,0.531256,0.0000e+00
dev-corpus-07,4885,27517,0.000000e+00,8800,8800,7.279052,7.279052,0.0000e+00
dev-corpus-07,4886,31528,0.000000e+00,31528,31528,0.559876,0.559876,0.0000e+00
dev-corpus-07,4887,11,0.000000e+00,321,321,1.298932,1.298932,0.0000e+00
dev-corpus-07,4888,7643,0.000000e+00,321,321,6.821303,6.821303,0.0000e+00
dev-corpus-07,4889,424,0.000000e+00,424,424,1.799095,1.799095,0.0000e+00
dev-corpus-07,4890,725,0.000000e+00,369,369,2.005939,2.005939,0.0000e+00
dev-corpus-07,4891,8524,0.000000e+00,524,524,3.582665,3.582665,0.0000e+00
dev-corpus-07,4892,17631,0.000000e+00,777,777,9.266527,9.266527,0.0000e+00
dev-corpus-07,4893,14382,0.000000e+00,14382,14382,0.094384,0.094384,0.0000e+00
dev-corpus-07,4894,3487,0.000000e+00,33847,33847,3.468276,3.468276,0.0000e+00
dev-corpus-07,4895,318,0.000000e+00,11,11,3.379778,3.379778,0.0000e+00
dev-corpus-07,4896,4058,0.000000e+00,7949,7949,4.814881,4.814881,0.0000e+00
dev-corpus-07,4897,6973,0.000000e+00,264,264,8.580255,8.580255,0.0000e+00
dev-corpus-07,4898,2519,0.000000e+00,17531,17531,2.851884,2.851884,0.0000e+00
dev-corpus-07,4899,364,0.000000e+00,364,364,0.522928,0.522928,0.0000e+00
dev-corpus-07,4900,975,0.000000e+00,2397,2397,2.272491,2.272491,0.0000e+00
dev-corpus-07,4901,20891,0.000000e+00,29455,29455,5.519697,5.519697,0.0000e+00
dev-corpus-07,4902,3487,0.000000e+00,29455,29455,4.477406,4.477406,0.0000e+00
dev-corpus-07,4903,553,0.000000e+00,553,553,0.545874,0.545874,0.0000e+00
dev-corpus-07,4904,220,0.000000e+00,220,220,0.535478,0.535478,0.0000e+00
dev-corpus-07,4905,28901,0.000000e+00,561,561,7.429783,7.429783,0.0000e+00
dev-corpus-07,4906,2094,0.000000e+00,369,369,3.873864,3.873864,0.0000e+00
dev-corpus-07,4907,279,0.000000e+00,279,279,0.368623,0.368623,0.0000e+00
dev-corpus-07,4908,21128,0.000000e+00,21128,21128,0.159995,0.159995,0.0000e+00
dev-corpus-07,4909,369,0.000000e+00,369,369,0.270067,0.270067,0.0000e+00
dev-corpus-07,4910,16219,0.000000e+00,539,539,4.016610,4.016610,0.0000e+00
dev-corpus-07,4911,440,0.000000e+00,11,11,3.066146,3.066146,0.0000e+00
dev-corpus-07,4912,449,0.000000e+00,30592,30592,6.072415,6.072415,0.0000e+00
dev-corpus-07,4913,10727,0.000000e+00,10727,10727,0.536819,0.536819,0.0000e+00
dev-corpus-07,4914,49813,0.000000e+00,49813,49813,1.392628,1.392628,0.0000e+00
dev-corpus-07,4915,2393,0.000000e+00,1785,1785,2.869711,2.869711,0.0000e+00
dev-corpus-07,4916,383,0.000000e+00,13,13,6.828164,6.828164,0.0000e+00
dev-corpus-07,4917,11342,0.000000e+00,279,279,2.068008,2.068008,0.0000e+00
dev-corpus-07,4918,44153,0.000000e+00,44153,44153,0.196149,0.196149,0.0000e+00
dev-corpus-07,4919,11,0.000000e+00,13,13,2.324966,2.324966,0.0000e+00
dev-corpus-07,4920,7643,0.000000e+00,321,321,7.797858,7.797858,0.0000e+00
dev-corpus-07,4921,3583,0.000000e+00,424,424,3.066805,3.066805,0.0000e+00
dev-corpus-07,4922,1083,0.000000e+00,310,310,4.455943,4.455943,0.0000e+00
dev-corpus-07,4923,279,0.000000e+00,17349,17349,1.260045,1.260045,0.0000e+00
dev-corpus-07,4924,3714,0.000000e+00,13721,13721,6.174599,6.174599,0.0000e+00
dev-corpus-07,4925,31703,0.000000e+00,31703,31703,0.448750,0.448750,0.0000e+00
dev-corpus-07,4926,628,0.000000e+00,369,369,2.016222,2.016222,0.0000e+00
dev-corpus-07,4927,381,0.000000e+00,381,381,0.319888,0.319888,0.0000e+00
dev-corpus-07,4928,264,0.000000e+00,264,264,1.299626,1.299626,0.0000e+00
dev-corpus-07,4929,2612,0.000000e+00,2612,2612,0.388724,0.388724,0.0000e+00
dev-corpus-07,4930,16505,0.000000e+00,32343,32343,2.099128,2.099128,0.0000e+00
dev-corpus-07,4931,2574,0.000000e+00,13,13,7.433290,7.433290,0.0000e+00
dev-corpus-07,4932,279,0.000000e+00,279,279,0.285126,0.285126,0.0000e+00
dev-corpus-07,4933,33002,0.000000e+00,14590,14590,4.091616,4.091616,0.0000e+00
dev-corpus-07,4934,318,0.000000e+00,321,321,7.581815,7.581815,0.0000e+00
dev-corpus-07,4935,684,0.000000e+00,4387,4387,4.278017,4.278017,0.0000e+00
dev-corpus-07,4936,1660,0.000000e+00,488,488,4.191726,4.191726,0.0000e+00
dev-corpus-07,4937,310,0.000000e+00,310,310,0.476066,0.476066,0.0000e+00
dev-corpus-07,4938,4088,0.000000e+00,4088,4088,0.916690,0.916690,0.0000e+00
dev-corpus-07,4939,40984,0.000000e+00,264,264,7.986552,7.986552,0.0000e+00
dev-corpus-07,4940,220,0.000000e+00,248046,248046,1.529511,1.529511,0.0000e+00
dev-corpus-07,4941,8727,0.000000e+00,561,561,5.482867,5.482867,0.0000e+00
dev-corpus-07,4942,31703,0.000000e+00,8633,8633,5.487295,5.487295,0.0000e+00
dev-corpus-07,4943,3043,0.000000e+00,383,383,6.089345,6.089345,0.0000e+00
dev-corpus-07,4944,17349,0.000000e+00,17349,17349,0.788151,0.788151,0.0000e+00
dev-corpus-07,4945,195337,0.000000e+00,195337,195337,0.024174,0.024174,0.0000e+00
dev-corpus-07,4946,513,0.000000e+00,513,513,0.868352,0.868352,0.0000e+00
dev-corpus-07,4947,1048,0.000000e+00,1546,1546,2.547072,2.547072,0.0000e+00
dev-corpus-07,4948,1546,0.000000e+00,1546,1546,1.701302,1.701302,0.0000e+00
dev-corpus-07,4949,84492,0.000000e+00,58928,58928,5.633653,5.633653,0.0000e+00
dev-corpus-07,4950,11,0.000000e+00,321,321,1.997886,1.997886,0.0000e+00
dev-corpus-07,4951,321,0.000000e+00,321,321,1.586640,1.586640,0.0000e+00
dev-corpus-07,4952,2785,0.000000e+00,279,279,9.420976,9.420976,0.0000e+00
dev-corpus-07,4953,11107,0.000000e+00,264,264,1.277033,1.277033,0.0000e+00
dev-corpus-07,4954,5821,0.000000e+00,5821,5821,0.152696,0.152696,0.0000e+00
dev-corpus-07,4955,1317,0.000000e+00,314,314,9.787278,9.787278,0.0000e+00
dev-corpus-07,4956,488,0.000000e+00,1040,1040,2.822469,2.822469,0.0000e+00
dev-corpus-07,4957,4548,0.000000e+00,628,628,3.261554,3.261554,0.0000e+00
dev-corpus-07,4958,8231,0.000000e+00,1423,1423,3.919594,3.919594,0.0000e+00
dev-corpus-07,4959,615,0.000000e+00,1318,1318,3.388493,3.388493,0.0000e+00
dev-corpus-07,4960,1603,0.000000e+00,264,264,5.033895,5.033895,0.0000e+00
dev-corpus-07,4961,9856,0.000000e+00,6001,6001,4.695339,4.695339,0.0000e+00
dev-corpus-07,4962,2019,0.000000e+00,13,13,7.138706,7.138706,0.0000e+00
dev-corpus-07,4963,494,0.000000e+00,685,685,2.000454,2.000454,0.0000e+00
dev-corpus-07,4964,13721,0.000000e+00,248046,248046,1.501326,1.501326,0.0000e+00
dev-corpus-07,4965,310,0.000000e+00,310,310,0.087633,0.087633,0.0000e+00
dev-corpus-07,4966,13721,0.000000e+00,13721,13721,0.170844,0.170844,0.0000e+00
dev-corpus-07,4967,13,0.000000e+00,13,13,0.283367,0.283367,0.0000e+00
dev-corpus-07,4968,271,0.000000e+00,248046,248046,3.160256,3.160256,0.0000e+00
dev-corpus-07,4969,2381,0.000000e+00,2381,2381,1.268337,1.268337,0.0000e+00
dev-corpus-07,4970,264,0.000000e+00,264,264,0.287421,0.287421,0.0000e+00
dev-corpus-07,4971,89579,0.000000e+00,10994,10994,4.440346,4.440346,0.0000e+00
dev-corpus-07,4972,19548,0.000000e+00,19548,19548,0.220329,0.220329,0.0000e+00
dev-corpus-07,4973,11,0.000000e+00,11,11,0.076620,0.076620,0.0000e+00
dev-corpus-07,4974,16592,0.000000e+00,279,279,7.601036,7.601036,0.0000e+00
dev-corpus-07,4975,38089,0.000000e+00,38089,38089,0.052402,0.052402,0.0000e+00
dev-corpus-07,4976,20832,0.000000e+00,20832,20832,0.013629,0.013629,0.0000e+00
dev-corpus-07,4977,369,0.000000e+00,369,369,0.741548,0.741548,0.0000e+00
dev-corpus-07,4978,264,0.000000e+00,264,264,0.818091,0.818091,0.0000e+00
dev-corpus-07,4979,2172,0.000000e+00,19245,19245,1.911981,1.911981,0.0000e+00
dev-corpus-07,4980,5576,0.000000e+00,5576,5576,0.713853,0.713853,0.0000e+00
dev-corpus-07,4981,13,0.000000e+00,13,13,0.380012,0.380012,0.0000e+00
dev-corpus-07,4982,220,0.000000e+00,220,220,0.269365,0.269365,0.0000e+00
dev-corpus-07,4983,1049,0.000000e+00,561,561,1.952536,1.952536,0.0000e+00
dev-corpus-07,4984,725,0.000000e+00,369,369,1.464616,1.464616,0.0000e+00
dev-corpus-07,4985,524,0.000000e+00,264,264,3.689981,3.689981,0.0000e+00
dev-corpus-07,4986,748,0.000000e+00,2944,2944,6.569537,6.569537,0.0000e+00
dev-corpus-07,4987,16219,0.000000e+00,2944,2944,6.209292,6.209292,0.0000e+00
dev-corpus-07,4988,310,0.000000e+00,310,310,0.729626,0.729626,0.0000e+00
dev-corpus-07,4989,615,0.000000e+00,615,615,0.424897,0.424897,0.0000e+00
dev-corpus-07,4990,1017,0.000000e+00,310,310,2.260770,2.260770,0.0000e+00
dev-corpus-07,4991,494,0.000000e+00,11,11,2.283482,2.283482,0.0000e+00
dev-corpus-07,4992,279,0.000000e+00,279,279,1.775860,1.775860,0.0000e+00
dev-corpus-07,4993,3516,0.000000e+00,6222,6222,3.435214,3.435214,0.0000e+00
dev-corpus-07,4994,4042,0.000000e+00,4042,4042,0.129353,0.129353,0.0000e+00
dev-corpus-07,4995,11,0.000000e+00,11,11,0.691385,0.691385,0.0000e+00
dev-corpus-07,4996,5142,0.000000e+00,694,694,6.835483,6.835483,0.0000e+00
dev-corpus-07,4997,364,0.000000e+00,413,413,2.621062,2.621062,0.0000e+00
dev-corpus-07,4998,1782,0.000000e+00,264,264,2.660385,2.660385,0.0000e+00
dev-corpus-07,4999,303,0.000000e+00,852,852,3.276742,3.276742,0.0000e+00
dev-corpus-07,5000,279,0.000000e+00,279,279,0.375524,0.375524,0.0000e+00
dev-corpus-07,5001,17942,0.000000e+00,6127,6127,2.573354,2.573354,0.0000e+00
dev-corpus-07,5002,3516,0.000000e+00,2201,2201,2.205970,2.205970,0.0000e+00
dev-corpus-07,5003,4042,0.000000e+00,4042,4042,0.170963,0.170963,0.0000e+00
dev-corpus-07,5004,2394,0.000000e+00,11,11,7.217100,7.217100,0.0000e+00
dev-corpus-07,5005,1017,0.000000e+00,488,488,1.853628,1.853628,0.0000e+00
dev-corpus-07,5006,513,0.000000e+00,513,513,0.105448,0.105448,0.0000e+00
dev-corpus-07,5007,874,0.000000e+00,874,874,0.362331,0.362331,0.0000e+00
dev-corpus-07,5008,2050,0.000000e+00,2050,2050,0.133815,0.133815,0.0000e+00
dev-corpus-07,5009,24118,0.000000e+00,24118,24118,0.078691,0.078691,0.0000e+00
dev-corpus-07,5010,13,0.000000e+00,13,13,1.070239,1.070239,0.0000e+00
dev-corpus-07,5011,220,0.000000e+00,220,220,0.389839,0.389839,0.0000e+00
dev-corpus-07,5012,4213,0.000000e+00,248046,248046,2.539938,2.539938,0.0000e+00
dev-corpus-07,5013,11,0.000000e+00,11,11,0.026492,0.026492,0.0000e+00
dev-corpus-07,5014,424,0.000000e+00,424,424,1.953595,1.953595,0.0000e+00
dev-corpus-07,5015,725,0.000000e+00,369,369,1.304417,1.304417,0.0000e+00
dev-corpus-07,5016,1575,0.000000e+00,264,264,4.610871,4.610871,0.0000e+00
dev-corpus-07,5017,5621,0.000000e+00,69736,69736,1.433330,1.433330,0.0000e+00
dev-corpus-07,5018,279,0.000000e+00,279,279,0.165631,0.165631,0.0000e+00
dev-corpus-07,5019,8151,0.000000e+00,4879,4879,1.468076,1.468076,0.0000e+00
dev-corpus-07,5020,13,0.000000e+00,13,13,0.634854,0.634854,0.0000e+00
dev-corpus-07,5021,220,0.000000e+00,220,220,0.204420,0.204420,0.0000e+00
dev-corpus-07,5022,1061,0.000000e+00,561,561,5.093774,5.093774,0.0000e+00
dev-corpus-07,5023,288,0.000000e+00,369,369,11.085580,11.085580,0.0000e+00
dev-corpus-07,5024,4583,0.000000e+00,4583,4583,0.020761,0.020761,0.0000e+00
dev-corpus-07,5025,3177,0.000000e+00,3177,3177,0.070554,0.070554,0.0000e+00
dev-corpus-07,5026,369,0.000000e+00,369,369,1.002957,1.002957,0.0000e+00
dev-corpus-07,5027,16047,0.000000e+00,1546,1546,10.462621,10.462621,0.0000e+00
dev-corpus-07,5028,24304,0.000000e+00,1676,1676,3.870305,3.870305,0.0000e+00
dev-corpus-07,5029,6037,0.000000e+00,391,391,4.837751,4.837751,0.0000e+00
dev-corpus-07,5030,13,0.000000e+00,11,11,1.319317,1.319317,0.0000e+00
dev-corpus-07,5031,220,0.000000e+00,220,220,0.218947,0.218947,0.0000e+00
dev-corpus-07,5032,561,0.000000e+00,248046,248046,1.718810,1.718810,0.0000e+00
dev-corpus-07,5033,1208,0.000000e+00,3487,3487,5.102764,5.102764,0.0000e+00
dev-corpus-07,5034,513,0.000000e+00,513,513,0.158006,0.158006,0.0000e+00
dev-corpus-07,5035,4082,0.000000e+00,1546,1546,10.915685,10.915685,0.0000e+00
dev-corpus-07,5036,279,0.000000e+00,279,279,0.056250,0.056250,0.0000e+00
dev-corpus-07,5037,4099,0.000000e+00,1379,1379,7.556575,7.556575,0.0000e+00
dev-corpus-07,5038,22416,0.000000e+00,22416,22416,0.005766,0.005766,0.0000e+00
dev-corpus-07,5039,303,0.000000e+00,303,303,1.242686,1.242686,0.0000e+00
dev-corpus-07,5040,4357,0.000000e+00,279,279,1.265783,1.265783,0.0000e+00
dev-corpus-07,5041,13,0.000000e+00,13,13,0.602824,0.602824,0.0000e+00
dev-corpus-07,5042,220,0.000000e+00,220,220,0.525550,0.525550,0.0000e+00
dev-corpus-07,5043,561,0.000000e+00,248046,248046,3.328771,3.328771,0.0000e+00
dev-corpus-07,5044,3487,0.000000e+00,3487,3487,0.512083,0.512083,0.0000e+00
dev-corpus-07,5045,369,0.000000e+00,369,369,0.111800,0.111800,0.0000e+00
dev-corpus-07,5046,13733,0.000000e+00,8800,8800,6.921562,6.921562,0.0000e+00
dev-corpus-07,5047,41729,0.000000e+00,1603,1603,2.346808,2.346808,0.0000e+00
dev-corpus-07,5048,321,0.000000e+00,11,11,1.529702,1.529702,0.0000e+00
dev-corpus-07,5049,17387,0.000000e+00,279,279,2.312723,2.312723,0.0000e+00
dev-corpus-07,5050,11,0.000000e+00,13,13,1.600408,1.600408,0.0000e+00
dev-corpus-07,5051,440,0.000000e+00,248046,248046,4.679959,4.679959,0.0000e+00
dev-corpus-07,5052,264,0.000000e+00,264,264,1.418006,1.418006,0.0000e+00
dev-corpus-07,5053,2609,0.000000e+00,6311,6311,2.537503,2.537503,0.0000e+00
dev-corpus-07,5054,314,0.000000e+00,314,314,0.038554,0.038554,0.0000e+00
dev-corpus-07,5055,50549,0.000000e+00,50549,50549,0.741426,0.741426,0.0000e+00
dev-corpus-07,5056,2519,0.000000e+00,2519,2519,0.800360,0.800360,0.0000e+00
dev-corpus-07,5057,13,0.000000e+00,13,13,0.241291,0.241291,0.0000e+00
dev-corpus-07,5058,220,0.000000e+00,220,220,0.791629,0.791629,0.0000e+00
dev-corpus-07,5059,1541,0.000000e+00,561,561,5.273004,5.273004,0.0000e+00
dev-corpus-07,5060,1010,0.000000e+00,279,279,8.773444,8.773444,0.0000e+00
dev-corpus-07,5061,15099,0.000000e+00,314,314,5.136766,5.136766,0.0000e+00
dev-corpus-07,5062,513,0.000000e+00,599,599,2.003008,2.003008,0.0000e+00
dev-corpus-07,5063,15433,0.000000e+00,1724,1724,6.965416,6.965416,0.0000e+00
dev-corpus-07,5064,791,0.000000e+00,383,383,5.045476,5.045476,0.0000e+00
dev-corpus-07,5065,2320,0.000000e+00,2320,2320,0.002709,0.002709,0.0000e+00
dev-corpus-07,5066,974,0.000000e+00,383,383,6.697510,6.697510,0.0000e+00
dev-corpus-07,5067,314,0.000000e+00,279,279,3.512541,3.512541,0.0000e+00
dev-corpus-07,5068,264,0.000000e+00,279,279,3.052294,3.052294,0.0000e+00
dev-corpus-07,5069,41586,0.000000e+00,41586,41586,0.268398,0.268398,0.0000e+00
dev-corpus-07,5070,11,0.000000e+00,50471,50471,1.622531,1.622531,0.0000e+00
dev-corpus-07,5071,748,0.000000e+00,9708,9708,4.885167,4.885167,0.0000e+00
dev-corpus-07,5072,279,0.000000e+00,488,488,2.312878,2.312878,0.0000e+00
dev-corpus-07,5073,6001,0.000000e+00,6001,6001,0.683071,0.683071,0.0000e+00
dev-corpus-07,5074,513,0.000000e+00,513,513,0.325688,0.325688,0.0000e+00
dev-corpus-07,5075,14612,0.000000e+00,7648,7648,1.661756,1.661756,0.0000e+00
dev-corpus-07,5076,13,0.000000e+00,13,13,0.114402,0.114402,0.0000e+00
dev-corpus-07,5077,95641,0.000000e+00,248046,248046,16.215990,16.215990,0.0000e+00
dev-corpus-07,5078,30581,0.000000e+00,33847,33847,12.319005,12.319005,0.0000e+00
dev-corpus-07,5079,501,0.000000e+00,13383,13383,8.197787,8.197787,0.0000e+00
dev-corpus-07,5080,22834,0.000000e+00,22834,22834,0.030502,0.030502,0.0000e+00
dev-corpus-07,5081,321,0.000000e+00,513,513,1.839248,1.839248,0.0000e+00
dev-corpus-07,5082,81141,0.000000e+00,31054,31054,6.831168,6.831168,0.0000e+00
dev-corpus-07,5083,513,0.000000e+00,513,513,0.429428,0.429428,0.0000e+00
dev-corpus-07,5084,14201,0.000000e+00,264,264,6.026156,6.026156,0.0000e+00
dev-corpus-07,5085,11,0.000000e+00,13,13,2.116522,2.116522,0.0000e+00
dev-corpus-07,5086,321,0.000000e+00,248046,248046,1.135070,1.135070,0.0000e+00
dev-corpus-07,5087,264,0.000000e+00,279,279,4.249102,4.249102,0.0000e+00
dev-corpus-07,5088,34684,0.000000e+00,1902,1902,4.513032,4.513032,0.0000e+00
dev-corpus-07,5089,314,0.000000e+00,314,314,0.638729,0.638729,0.0000e+00
dev-corpus-07,5090,279,0.000000e+00,279,279,0.259196,0.259196,0.0000e+00
dev-corpus-07,5091,5364,0.000000e+00,5364,5364,0.513254,0.513254,0.0000e+00
dev-corpus-07,5092,13,0.000000e+00,13,13,0.133830,0.133830,0.0000e+00
dev-corpus-07,5093,220,0.000000e+00,248046,248046,1.253745,1.253745,0.0000e+00
dev-corpus-07,5094,2532,0.000000e+00,561,561,3.815830,3.815830,0.0000e+00
dev-corpus-07,5095,1048,0.000000e+00,513,513,7.575226,7.575226,0.0000e+00
dev-corpus-07,5096,369,0.000000e+00,513,513,1.559494,1.559494,0.0000e+00
dev-corpus-07,5097,6037,0.000000e+00,264,264,7.170156,7.170156,0.0000e+00
dev-corpus-07,5098,79812,0.000000e+00,77094,77094,8.859999,8.859999,0.0000e+00
dev-corpus-07,5099,13,0.000000e+00,321,321,1.924814,1.924814,0.0000e+00
dev-corpus-07,5100,248046,0.000000e+00,248046,248046,0.460143,0.460143,0.0000e+00
dev-corpus-07,5101,198,0.000000e+00,198,198,0.000081,0.000081,0.0000e+00
dev-corpus-07,5102,248045,0.000000e+00,248045,248045,0.000221,0.000221,0.0000e+00
dev-corpus-07,5103,846,0.000000e+00,74455,74455,1.772774,1.772774,0.0000e+00
dev-corpus-07,5104,198,0.000000e+00,198,198,0.190718,0.190718,0.0000e+00
dev-corpus-07,5105,9930,0.000000e+00,3710,3710,3.577581,3.577581,0.0000e+00
dev-corpus-07,5106,369,0.000000e+00,369,369,1.130993,1.130993,0.0000e+00
dev-corpus-07,5107,424,0.000000e+00,279,279,2.248714,2.248714,0.0000e+00
dev-corpus-07,5108,2894,0.000000e+00,2503,2503,2.248660,2.248660,0.0000e+00
dev-corpus-07,5109,310,0.000000e+00,310,310,0.365124,0.365124,0.0000e+00
dev-corpus-07,5110,15166,0.000000e+00,599,599,7.798481,7.798481,0.0000e+00
dev-corpus-07,5111,321,0.000000e+00,678,678,4.847978,4.847978,0.0000e+00
dev-corpus-07,5112,281,0.000000e+00,281,281,0.047463,0.047463,0.0000e+00
dev-corpus-07,5113,9100,0.000000e+00,9100,9100,0.000716,0.000716,0.0000e+00
dev-corpus-07,5114,678,0.000000e+00,678,678,0.848933,0.848933,0.0000e+00
dev-corpus-07,5115,17299,0.000000e+00,17299,17299,0.013082,0.013082,0.0000e+00
dev-corpus-07,5116,17248,0.000000e+00,30,30,5.917017,5.917017,0.0000e+00
dev-corpus-07,5117,30,0.000000e+00,30,30,0.080355,0.080355,0.0000e+00
dev-corpus-07,5118,248046,0.000000e+00,248046,248046,0.033014,0.033014,0.0000e+00
dev-corpus-07,5119,198,0.000000e+00,198,198,0.000041,0.000041,0.0000e+00
