segment,idx,target,kld,top1_ref,top1_cand,nll_ref,nll_cand,max_abs_logit_diff
dev-long-03,0,532,0.000000e+00,532,532,0.001460,0.001460,0.0000e+00
dev-long-03,1,600,0.000000e+00,506,506,0.944154,0.944154,0.0000e+00
dev-long-03,2,506,0.000000e+00,506,506,0.004927,0.004927,0.0000e+00
dev-long-03,3,1944,0.000000e+00,13783,13783,8.979726,8.979726,0.0000e+00
dev-long-03,4,3358,0.000000e+00,24685,24685,20.310505,20.310505,0.0000e+00
dev-long-03,5,28232,0.000000e+00,4554,4554,8.040159,8.040159,0.0000e+00
dev-long-03,6,184491,0.000000e+00,1624,1624,2.263077,2.263077,0.0000e+00
dev-long-03,7,528,0.000000e+00,7906,7906,5.887644,5.887644,0.0000e+00
dev-long-03,8,107,0.000000e+00,837,837,11.870350,11.870350,0.0000e+00
dev-long-03,9,7650,0.000000e+00,7650,7650,0.553839,0.553839,0.0000e+00
dev-long-03,10,236764,0.000000e+00,506,506,9.958337,9.958337,0.0000e+00
dev-long-03,11,618,0.000000e+00,580,580,2.521481,2.521481,0.0000e+00
dev-long-03,12,625,0.000000e+00,668,668,2.269728,2.269728,0.0000e+00
dev-long-03,13,24347,0.000000e+00,964,964,14.941531,14.941531,0.0000e+00
dev-long-03,14,163038,0.000000e+00,691,691,2.088232,2.088232,0.0000e+00
dev-long-03,15,236764,0.000000e+00,236764,236764,0.003144,0.003144,0.0000e+00
dev-long-03,16,506,0.000000e+00,506,506,0.471845,0.471845,0.0000e+00
dev-long-03,17,146807,0.000000e+00,13783,13783,7.040325,7.040325,0.0000e+00
dev-long-03,18,691,0.000000e+00,1053,1053,4.900114,4.900114,0.0000e+00
dev-long-03,19,53969,0.000000e+00,10264,10264,6.948598,6.948598,0.0000e+00
dev-long-03,20,531,0.000000e+00,531,531,0.000257,0.000257,0.0000e+00
dev-long-03,21,2514,0.000000e+00,2514,2514,0.004682,0.004682,0.0000e+00
dev-long-03,22,107,0.000000e+00,506,506,12.506840,12.506840,0.0000e+00
dev-long-03,23,949,0.000000e+00,1437,1437,1.995895,1.995895,0.0000e+00
dev-long-03,24,71102,0.000000e+00,76990,76990,4.394978,4.394978,0.0000e+00
dev-long-03,25,236764,0.000000e+00,236772,236772,2.316480,2.316480,0.0000e+00
dev-long-03,26,691,0.000000e+00,691,691,0.013800,0.013800,0.0000e+00
dev-long-03,27,17164,0.000000e+00,8731,8731,8.402930,8.402930,0.0000e+00
dev-long-03,28,7738,0.000000e+00,1932,1932,3.197689,3.197689,0.0000e+00
dev-long-03,29,3324,0.000000e+00,1827,1827,12.318098,12.318098,0.0000e+00
dev-long-03,30,506,0.000000e+00,506,506,0.009137,0.009137,0.0000e+00
dev-long-03,31,29387,0.000000e+00,29387,29387,0.172256,0.172256,0.0000e+00
dev-long-03,32,236772,0.000000e+00,236772,236772,0.074976,0.074976,0.0000e+00
dev-long-03,33,5127,0.000000e+00,5127,5127,0.337527,0.337527,0.0000e+00
dev-long-03,34,236761,0.000000e+00,1827,1827,3.449668,3.449668,0.0000e+00
dev-long-03,35,131544,0.000000e+00,669,669,3.777022,3.777022,0.0000e+00
dev-long-03,36,26310,0.000000e+00,8249,8249,11.952672,11.952672,0.0000e+00
dev-long-03,37,107,0.000000e+00,30254,30254,11.283671,11.283671,0.0000e+00
dev-long-03,38,104219,0.000000e+00,13395,13395,4.936512,4.936512,0.0000e+00
dev-long-03,39,506,0.000000e+00,914,914,1.007680,1.007680,0.0000e+00
dev-long-03,40,16605,0.000000e+00,16605,16605,0.020142,0.020142,0.0000e+00
dev-long-03,41,236764,0.000000e+00,1827,1827,3.927327,3.927327,0.0000e+00
dev-long-03,42,532,0.000000e+00,532,532,0.072201,0.072201,0.0000e+00
dev-long-03,43,151504,0.000000e+00,506,506,5.228249,5.228249,0.0000e+00
dev-long-03,44,691,0.000000e+00,691,691,0.039491,0.039491,0.0000e+00
dev-long-03,45,16782,0.000000e+00,126685,126685,1.842603,1.842603,0.0000e+00
dev-long-03,46,506,0.000000e+00,1827,1827,7.670842,7.670842,0.0000e+00
dev-long-03,47,1638,0.000000e+00,1638,1638,0.423899,0.423899,0.0000e+00
dev-long-03,48,9137,0.000000e+00,1719,1719,1.706610,1.706610,0.0000e+00
dev-long-03,49,236793,0.000000e+00,1827,1827,6.113457,6.113457,0.0000e+00
dev-long-03,50,840,0.000000e+00,668,668,4.044060,4.044060,0.0000e+00
dev-long-03,51,506,0.000000e+00,506,506,1.136470,1.136470,0.0000e+00
dev-long-03,52,10810,0.000000e+00,146807,146807,7.455021,7.455021,0.0000e+00
dev-long-03,53,107,0.000000e+00,691,691,12.654357,12.654357,0.0000e+00
dev-long-03,54,46052,0.000000e+00,9849,9849,7.720630,7.720630,0.0000e+00
dev-long-03,55,711,0.000000e+00,711,711,0.002398,0.002398,0.0000e+00
dev-long-03,56,577,0.000000e+00,577,577,0.000290,0.000290,0.0000e+00
dev-long-03,57,1765,0.000000e+00,1765,1765,0.292068,0.292068,0.0000e+00
dev-long-03,58,3477,0.000000e+00,1827,1827,8.321614,8.321614,0.0000e+00
dev-long-03,59,3324,0.000000e+00,1827,1827,4.804066,4.804066,0.0000e+00
dev-long-03,60,914,0.000000e+00,914,914,0.245277,0.245277,0.0000e+00
dev-long-03,61,1589,0.000000e+00,1589,1589,0.001099,0.001099,0.0000e+00
dev-long-03,62,653,0.000000e+00,653,653,0.016645,0.016645,0.0000e+00
dev-long-03,63,528,0.000000e+00,528,528,0.449453,0.449453,0.0000e+00
dev-long-03,64,914,0.000000e+00,506,506,2.763754,2.763754,0.0000e+00
dev-long-03,65,11630,0.000000e+00,81124,81124,6.722602,6.722602,0.0000e+00
dev-long-03,66,236761,0.000000e+00,1827,1827,3.901120,3.901120,0.0000e+00
dev-long-03,67,36266,0.000000e+00,669,669,14.831302,14.831302,0.0000e+00
dev-long-03,68,107,0.000000e+00,5945,5945,10.215514,10.215514,0.0000e+00
dev-long-03,69,236780,0.000000e+00,27505,27505,6.567038,6.567038,0.0000e+00
dev-long-03,70,605,0.000000e+00,660,660,7.620763,7.620763,0.0000e+00
dev-long-03,71,697,0.000000e+00,936,936,1.249174,1.249174,0.0000e+00
dev-long-03,72,236764,0.000000e+00,236764,236764,0.158503,0.158503,0.0000e+00
dev-long-03,73,74289,0.000000e+00,506,506,5.141492,5.141492,0.0000e+00
dev-long-03,74,531,0.000000e+00,236764,236764,6.847881,6.847881,0.0000e+00
dev-long-03,75,506,0.000000e+00,506,506,0.001497,0.001497,0.0000e+00
dev-long-03,76,146807,0.000000e+00,146807,146807,0.016133,0.016133,0.0000e+00
dev-long-03,77,236764,0.000000e+00,236764,236764,0.034919,0.034919,0.0000e+00
dev-long-03,78,208255,0.000000e+00,8249,8249,7.834361,7.834361,0.0000e+00
dev-long-03,79,531,0.000000e+00,600,600,5.322037,5.322037,0.0000e+00
dev-long-03,80,2963,0.000000e+00,2963,2963,0.876535,0.876535,0.0000e+00
dev-long-03,81,6827,0.000000e+00,3472,3472,4.940934,4.940934,0.0000e+00
dev-long-03,82,131544,0.000000e+00,496,496,7.812807,7.812807,0.0000e+00
dev-long-03,83,236858,0.000000e+00,4928,4928,5.418100,5.418100,0.0000e+00
dev-long-03,84,236751,0.000000e+00,236751,236751,0.000054,0.000054,0.0000e+00
dev-long-03,85,4665,0.000000e+00,8300,8300,2.796009,2.796009,0.0000e+00
dev-long-03,86,529,0.000000e+00,236764,236764,2.706105,2.706105,0.0000e+00
dev-long-03,87,107,0.000000e+00,16605,16605,12.313222,12.313222,0.0000e+00
dev-long-03,88,236753,0.000000e+00,58904,58904,5.399220,5.399220,0.0000e+00
dev-long-03,89,1929,0.000000e+00,1929,1929,0.033610,0.033610,0.0000e+00
dev-long-03,90,571,0.000000e+00,571,571,0.000010,0.000010,0.0000e+00
dev-long-03,91,580,0.000000e+00,699,699,5.498849,5.498849,0.0000e+00
dev-long-03,92,45397,0.000000e+00,506,506,15.663949,15.663949,0.0000e+00
dev-long-03,93,506,0.000000e+00,506,506,0.018320,0.018320,0.0000e+00
dev-long-03,94,50998,0.000000e+00,7738,7738,3.826277,3.826277,0.0000e+00
dev-long-03,95,236764,0.000000e+00,236761,236761,1.116617,1.116617,0.0000e+00
dev-long-03,96,532,0.000000e+00,532,532,0.348367,0.348367,0.0000e+00
dev-long-03,97,531,0.000000e+00,1304,1304,4.226823,4.226823,0.0000e+00
dev-long-03,98,2963,0.000000e+00,2963,2963,0.539017,0.539017,0.0000e+00
dev-long-03,99,36389,0.000000e+00,3472,3472,9.030427,9.030427,0.0000e+00
dev-long-03,100,1131,0.000000e+00,531,531,2.231284,2.231284,0.0000e+00
dev-long-03,101,506,0.000000e+00,506,506,0.002970,0.002970,0.0000e+00
dev-long-03,102,2978,0.000000e+00,2978,2978,0.721475,0.721475,0.0000e+00
dev-long-03,103,236764,0.000000e+00,236764,236764,0.894512,0.894512,0.0000e+00
dev-long-03,104,107,0.000000e+00,840,840,13.537479,13.537479,0.0000e+00
dev-long-03,105,3350,0.000000e+00,624,624,5.873862,5.873862,0.0000e+00
dev-long-03,106,1304,0.000000e+00,1304,1304,0.022351,0.022351,0.0000e+00
dev-long-03,107,1765,0.000000e+00,5004,5004,2.428190,2.428190,0.0000e+00
dev-long-03,108,11949,0.000000e+00,151504,151504,22.677258,22.677258,0.0000e+00
dev-long-03,109,618,0.000000e+00,528,528,4.580572,4.580572,0.0000e+00
dev-long-03,110,4970,0.000000e+00,901,901,6.001021,6.001021,0.0000e+00
dev-long-03,111,684,0.000000e+00,236764,236764,7.336895,7.336895,0.0000e+00
dev-long-03,112,506,0.000000e+00,7502,7502,1.118192,1.118192,0.0000e+00
dev-long-03,113,1774,0.000000e+00,63051,63051,10.016350,10.016350,0.0000e+00
dev-long-03,114,10021,0.000000e+00,236761,236761,3.057795,3.057795,0.0000e+00
dev-long-03,115,236761,0.000000e+00,236761,236761,0.807185,0.807185,0.0000e+00
dev-long-03,116,47476,0.000000e+00,669,669,12.181614,12.181614,0.0000e+00
dev-long-03,117,107,0.000000e+00,20014,20014,10.057568,10.057568,0.0000e+00
dev-long-03,118,67723,0.000000e+00,100681,100681,4.150855,4.150855,0.0000e+00
dev-long-03,119,30419,0.000000e+00,30419,30419,0.000177,0.000177,0.0000e+00
dev-long-03,120,236764,0.000000e+00,236764,236764,1.036837,1.036837,0.0000e+00
dev-long-03,121,603,0.000000e+00,1015,1015,15.186883,15.186883,0.0000e+00
dev-long-03,122,11247,0.000000e+00,236761,236761,11.522742,11.522742,0.0000e+00
dev-long-03,123,236764,0.000000e+00,236764,236764,0.016138,0.016138,0.0000e+00
dev-long-03,124,5877,0.000000e+00,691,691,6.530667,6.530667,0.0000e+00
dev-long-03,125,4914,0.000000e+00,914,914,2.995150,2.995150,0.0000e+00
dev-long-03,126,618,0.000000e+00,600,600,4.963399,4.963399,0.0000e+00
dev-long-03,127,531,0.000000e+00,531,531,0.002519,0.002519,0.0000e+00
dev-long-03,128,506,0.000000e+00,506,506,0.099866,0.099866,0.0000e+00
dev-long-03,129,9844,0.000000e+00,10409,10409,6.067581,6.067581,0.0000e+00
dev-long-03,130,529,0.000000e+00,529,529,0.118165,0.118165,0.0000e+00
dev-long-03,131,151504,0.000000e+00,151504,151504,0.048987,0.048987,0.0000e+00
dev-long-03,132,236764,0.000000e+00,236764,236764,0.470812,0.470812,0.0000e+00
dev-long-03,133,1015,0.000000e+00,532,532,7.893409,7.893409,0.0000e+00
dev-long-03,134,107,0.000000e+00,691,691,10.559908,10.559908,0.0000e+00
dev-long-03,135,19313,0.000000e+00,9849,9849,11.578279,11.578279,0.0000e+00
dev-long-03,136,1874,0.000000e+00,1874,1874,0.000596,0.000596,0.0000e+00
dev-long-03,137,991,0.000000e+00,991,991,0.002588,0.002588,0.0000e+00
dev-long-03,138,175053,0.000000e+00,607,607,11.475060,11.475060,0.0000e+00
dev-long-03,139,236764,0.000000e+00,236764,236764,0.391659,0.391659,0.0000e+00
dev-long-03,140,532,0.000000e+00,532,532,0.078060,0.078060,0.0000e+00
dev-long-03,141,103496,0.000000e+00,531,531,14.382393,14.382393,0.0000e+00
dev-long-03,142,914,0.000000e+00,600,600,2.123094,2.123094,0.0000e+00
dev-long-03,143,70437,0.000000e+00,70437,70437,0.003912,0.003912,0.0000e+00
dev-long-03,144,528,0.000000e+00,236761,236761,5.433114,5.433114,0.0000e+00
dev-long-03,145,506,0.000000e+00,506,506,0.314966,0.314966,0.0000e+00
dev-long-03,146,32879,0.000000e+00,3392,3392,8.359525,8.359525,0.0000e+00
dev-long-03,147,107,0.000000e+00,2653,2653,12.841949,12.841949,0.0000e+00
dev-long-03,148,42103,0.000000e+00,42103,42103,1.070830,1.070830,0.0000e+00
dev-long-03,149,236761,0.000000e+00,236761,236761,0.556775,0.556775,0.0000e+00
dev-long-03,150,38018,0.000000e+00,669,669,8.398505,8.398505,0.0000e+00
dev-long-03,151,529,0.000000e+00,12205,12205,4.343222,4.343222,0.0000e+00
dev-long-03,152,496,0.000000e+00,914,914,2.411904,2.411904,0.0000e+00
dev-long-03,153,3527,0.000000e+00,16438,16438,9.815300,9.815300,0.0000e+00
dev-long-03,154,27327,0.000000e+00,79060,79060,4.324877,4.324877,0.0000e+00
dev-long-03,155,573,0.000000e+00,573,573,0.101495,0.101495,0.0000e+00
dev-long-03,156,50998,0.000000e+00,73661,73661,6.378023,6.378023,0.0000e+00
dev-long-03,157,2963,0.000000e+00,236764,236764,9.888088,9.888088,0.0000e+00
dev-long-03,158,1010,0.000000e+00,1010,1010,0.014225,0.014225,0.0000e+00
dev-long-03,159,2238,0.000000e+00,9941,9941,3.163507,3.163507,0.0000e+00
dev-long-03,160,107,0.000000e+00,236761,236761,14.772559,14.772559,0.0000e+00
dev-long-03,161,59677,0.000000e+00,1071,1071,3.750343,3.750343,0.0000e+00
dev-long-03,162,506,0.000000e+00,1515,1515,8.027048,8.027048,0.0000e+00
dev-long-03,163,41971,0.000000e+00,880,880,5.169401,5.169401,0.0000e+00
dev-long-03,164,236764,0.000000e+00,236761,236761,2.926579,2.926579,0.0000e+00
dev-long-03,165,506,0.000000e+00,532,532,7.176455,7.176455,0.0000e+00
dev-long-03,166,68928,0.000000e+00,1624,1624,3.808882,3.808882,0.0000e+00
dev-long-03,167,19153,0.000000e+00,236764,236764,6.302081,6.302081,0.0000e+00
dev-long-03,168,531,0.000000e+00,531,531,0.271078,0.271078,0.0000e+00
dev-long-03,169,3772,0.000000e+00,7224,7224,8.515182,8.515182,0.0000e+00
dev-long-03,170,16000,0.000000e+00,607,607,10.587950,10.587950,0.0000e+00
dev-long-03,171,1403,0.000000e+00,1403,1403,0.000000,0.000000,0.0000e+00
dev-long-03,172,607,0.000000e+00,607,607,0.197641,0.197641,0.0000e+00
dev-long-03,173,506,0.000000e+00,1515,1515,0.913204,0.913204,0.0000e+00
dev-long-03,174,107,0.000000e+00,4217,4217,12.682048,12.682048,0.0000e+00
dev-long-03,175,2865,0.000000e+00,10690,10690,11.592311,11.592311,0.0000e+00
dev-long-03,176,819,0.000000e+00,2950,2950,2.637302,2.637302,0.0000e+00
dev-long-03,177,236764,0.000000e+00,236761,236761,1.133184,1.133184,0.0000e+00
dev-long-03,178,840,0.000000e+00,532,532,8.545526,8.545526,0.0000e+00
dev-long-03,179,11081,0.000000e+00,506,506,5.210071,5.210071,0.0000e+00
dev-long-03,180,625,0.000000e+00,506,506,1.467509,1.467509,0.0000e+00
dev-long-03,181,531,0.000000e+00,531,531,0.137715,0.137715,0.0000e+00
dev-long-03,182,506,0.000000e+00,506,506,0.096919,0.096919,0.0000e+00
dev-long-03,183,3261,0.000000e+00,3261,3261,1.543265,1.543265,0.0000e+00
dev-long-03,184,5411,0.000000e+00,5411,5411,0.010299,0.010299,0.0000e+00
dev-long-03,185,236761,0.000000e+00,1827,1827,2.252143,2.252143,0.0000e+00
dev-long-03,186,151504,0.000000e+00,669,669,4.048330,4.048330,0.0000e+00
dev-long-03,187,236764,0.000000e+00,14038,14038,1.863159,1.863159,0.0000e+00
dev-long-03,188,1015,0.000000e+00,1015,1015,0.778431,0.778431,0.0000e+00
dev-long-03,189,1053,0.000000e+00,691,691,2.366902,2.366902,0.0000e+00
dev-long-03,190,3505,0.000000e+00,1010,1010,6.578982,6.578982,0.0000e+00
dev-long-03,191,11005,0.000000e+00,951,951,4.665326,4.665326,0.0000e+00
dev-long-03,192,529,0.000000e+00,529,529,0.001623,0.001623,0.0000e+00
dev-long-03,193,107,0.000000e+00,130864,130864,12.197139,12.197139,0.0000e+00
dev-long-03,194,720,0.000000e+00,16898,16898,6.015807,6.015807,0.0000e+00
dev-long-03,195,1867,0.000000e+00,1169,1169,2.526855,2.526855,0.0000e+00
dev-long-03,196,21543,0.000000e+00,67361,67361,4.558747,4.558747,0.0000e+00
dev-long-03,197,1913,0.000000e+00,236764,236764,3.049691,3.049691,0.0000e+00
dev-long-03,198,506,0.000000e+00,914,914,0.907543,0.907543,0.0000e+00
dev-long-03,199,19258,0.000000e+00,19258,19258,1.159511,1.159511,0.0000e+00
dev-long-03,200,236764,0.000000e+00,236764,236764,0.007340,0.007340,0.0000e+00
dev-long-03,201,517,0.000000e+00,691,691,10.779696,10.779696,0.0000e+00
dev-long-03,202,25197,0.000000e+00,25197,25197,0.000185,0.000185,0.0000e+00
dev-long-03,203,3121,0.000000e+00,236764,236764,6.502542,6.502542,0.0000e+00
dev-long-03,204,657,0.000000e+00,1827,1827,3.873955,3.873955,0.0000e+00
dev-long-03,205,506,0.000000e+00,506,506,0.016566,0.016566,0.0000e+00
dev-long-03,206,12882,0.000000e+00,14186,14186,4.246294,4.246294,0.0000e+00
dev-long-03,207,107,0.000000e+00,529,529,13.786577,13.786577,0.0000e+00
dev-long-03,208,624,0.000000e+00,1340,1340,7.233459,7.233459,0.0000e+00
dev-long-03,209,691,0.000000e+00,691,691,0.339623,0.339623,0.0000e+00
dev-long-03,210,7505,0.000000e+00,8476,8476,5.279031,5.279031,0.0000e+00
dev-long-03,211,855,0.000000e+00,3121,3121,7.126476,7.126476,0.0000e+00
dev-long-03,212,529,0.000000e+00,528,528,3.329180,3.329180,0.0000e+00
dev-long-03,213,4054,0.000000e+00,506,506,4.554775,4.554775,0.0000e+00
dev-long-03,214,1827,0.000000e+00,1827,1827,0.188378,0.188378,0.0000e+00
dev-long-03,215,108,0.000000e+00,108,108,0.012919,0.012919,0.0000e+00
dev-long-03,216,236913,0.000000e+00,236913,236913,0.234755,0.234755,0.0000e+00
dev-long-03,217,40267,0.000000e+00,13086,13086,11.456453,11.456453,0.0000e+00
dev-long-03,218,236888,0.000000e+00,28613,28613,6.346050,6.346050,0.0000e+00
dev-long-03,219,1593,0.000000e+00,562,562,2.002819,2.002819,0.0000e+00
dev-long-03,220,1623,0.000000e+00,506,506,3.761416,3.761416,0.0000e+00
dev-long-03,221,573,0.000000e+00,573,573,0.490781,0.490781,0.0000e+00
dev-long-03,222,506,0.000000e+00,506,506,0.697730,0.697730,0.0000e+00
dev-long-03,223,5589,0.000000e+00,71102,71102,4.097158,4.097158,0.0000e+00
dev-long-03,224,236772,0.000000e+00,2130,2130,12.308752,12.308752,0.0000e+00
dev-long-03,225,34796,0.000000e+00,1562,1562,8.240388,8.240388,0.0000e+00
dev-long-03,226,2130,0.000000e+00,2130,2130,0.766984,0.766984,0.0000e+00
dev-long-03,227,1176,0.000000e+00,48213,48213,1.659105,1.659105,0.0000e+00
dev-long-03,228,48213,0.000000e+00,48213,48213,0.036329,0.036329,0.0000e+00
dev-long-03,229,119713,0.000000e+00,236764,236764,9.800134,9.800134,0.0000e+00
dev-long-03,230,236764,0.000000e+00,236761,236761,5.759243,5.759243,0.0000e+00
dev-long-03,231,122053,0.000000e+00,999,999,10.012116,10.012116,0.0000e+00
dev-long-03,232,107,0.000000e+00,506,506,12.994574,12.994574,0.0000e+00
dev-long-03,233,30714,0.000000e+00,1437,1437,6.520601,6.520601,0.0000e+00
dev-long-03,234,506,0.000000e+00,506,506,0.011079,0.011079,0.0000e+00
dev-long-03,235,3627,0.000000e+00,3627,3627,1.435826,1.435826,0.0000e+00
dev-long-03,236,236761,0.000000e+00,236761,236761,0.032021,0.032021,0.0000e+00
dev-long-03,237,999,0.000000e+00,999,999,0.003934,0.003934,0.0000e+00
dev-long-03,238,818,0.000000e+00,818,818,0.524606,0.524606,0.0000e+00
dev-long-03,239,2934,0.000000e+00,3261,3261,4.125029,4.125029,0.0000e+00
dev-long-03,240,573,0.000000e+00,563,563,6.060674,6.060674,0.0000e+00
dev-long-03,241,775,0.000000e+00,506,506,4.476410,4.476410,0.0000e+00
dev-long-03,242,1492,0.000000e+00,563,563,4.237319,4.237319,0.0000e+00
dev-long-03,243,531,0.000000e+00,563,563,10.509705,10.509705,0.0000e+00
dev-long-03,244,8974,0.000000e+00,8974,8974,0.923873,0.923873,0.0000e+00
dev-long-03,245,563,0.000000e+00,563,563,0.255485,0.255485,0.0000e+00
dev-long-03,246,506,0.000000e+00,1217,1217,2.774855,2.774855,0.0000e+00
dev-long-03,247,7501,0.000000e+00,26460,26460,10.409596,10.409596,0.0000e+00
dev-long-03,248,529,0.000000e+00,529,529,0.017689,0.017689,0.0000e+00
dev-long-03,249,107,0.000000e+00,4749,4749,16.340083,16.340083,0.0000e+00
dev-long-03,250,18582,0.000000e+00,18582,18582,0.001258,0.001258,0.0000e+00
dev-long-03,251,5830,0.000000e+00,236761,236761,3.578438,3.578438,0.0000e+00
dev-long-03,252,699,0.000000e+00,531,531,5.588256,5.588256,0.0000e+00
dev-long-03,253,496,0.000000e+00,506,506,3.622562,3.622562,0.0000e+00
dev-long-03,254,21749,0.000000e+00,123698,123698,21.697419,21.697419,0.0000e+00
dev-long-03,255,991,0.000000e+00,991,991,0.262033,0.262033,0.0000e+00
dev-long-03,256,71102,0.000000e+00,71102,71102,0.195440,0.195440,0.0000e+00
dev-long-03,257,236772,0.000000e+00,236772,236772,0.006557,0.006557,0.0000e+00
dev-long-03,258,4925,0.000000e+00,4925,4925,0.000327,0.000327,0.0000e+00
dev-long-03,259,657,0.000000e+00,531,531,4.796587,4.796587,0.0000e+00
dev-long-03,260,886,0.000000e+00,506,506,7.601433,7.601433,0.0000e+00
dev-long-03,261,1345,0.000000e+00,8217,8217,4.000401,4.000401,0.0000e+00
dev-long-03,262,531,0.000000e+00,529,529,1.590482,1.590482,0.0000e+00
dev-long-03,263,506,0.000000e+00,496,496,2.212659,2.212659,0.0000e+00
dev-long-03,264,14836,0.000000e+00,13783,13783,4.351001,4.351001,0.0000e+00
dev-long-03,265,529,0.000000e+00,529,529,0.001740,0.001740,0.0000e+00
dev-long-03,266,496,0.000000e+00,496,496,0.035483,0.035483,0.0000e+00
dev-long-03,267,107,0.000000e+00,60556,60556,15.380629,15.380629,0.0000e+00
dev-long-03,268,1909,0.000000e+00,675,675,5.435953,5.435953,0.0000e+00
dev-long-03,269,888,0.000000e+00,888,888,0.000008,0.000008,0.0000e+00
dev-long-03,270,528,0.000000e+00,657,657,3.713137,3.713137,0.0000e+00
dev-long-03,271,64112,0.000000e+00,2264,2264,12.107009,12.107009,0.0000e+00
dev-long-03,272,5762,0.000000e+00,5762,5762,0.000720,0.000720,0.0000e+00
dev-long-03,273,7901,0.000000e+00,7901,7901,0.000999,0.000999,0.0000e+00
dev-long-03,274,657,0.000000e+00,1827,1827,6.434924,6.434924,0.0000e+00
dev-long-03,275,506,0.000000e+00,506,506,0.017515,0.017515,0.0000e+00
dev-long-03,276,1032,0.000000e+00,1032,1032,0.000355,0.000355,0.0000e+00
dev-long-03,277,236761,0.000000e+00,1345,1345,2.902263,2.902263,0.0000e+00
dev-long-03,278,1599,0.000000e+00,1030,1030,7.792775,7.792775,0.0000e+00
dev-long-03,279,1460,0.000000e+00,735,735,0.886366,0.886366,0.0000e+00
dev-long-03,280,236764,0.000000e+00,236764,236764,0.197894,0.197894,0.0000e+00
dev-long-03,281,34440,0.000000e+00,506,506,6.856742,6.856742,0.0000e+00
dev-long-03,282,236764,0.000000e+00,236764,236764,0.024853,0.024853,0.0000e+00
dev-long-03,283,1023,0.000000e+00,506,506,8.095247,8.095247,0.0000e+00
dev-long-03,284,2268,0.000000e+00,4209,4209,3.515242,3.515242,0.0000e+00
dev-long-03,285,107,0.000000e+00,2608,2608,13.796775,13.796775,0.0000e+00
dev-long-03,286,7156,0.000000e+00,43510,43510,11.116301,11.116301,0.0000e+00
dev-long-03,287,236756,0.000000e+00,19748,19748,5.847690,5.847690,0.0000e+00
dev-long-03,288,1507,0.000000e+00,1507,1507,0.001151,0.001151,0.0000e+00
dev-long-03,289,735,0.000000e+00,659,659,2.255986,2.255986,0.0000e+00
dev-long-03,290,15937,0.000000e+00,5378,5378,5.903431,5.903431,0.0000e+00
dev-long-03,291,12718,0.000000e+00,3291,3291,5.466261,5.466261,0.0000e+00
dev-long-03,292,496,0.000000e+00,496,496,0.136914,0.136914,0.0000e+00
dev-long-03,293,1623,0.000000e+00,2793,2793,1.691682,1.691682,0.0000e+00
dev-long-03,294,919,0.000000e+00,919,919,0.768849,0.768849,0.0000e+00
dev-long-03,295,2132,0.000000e+00,20997,20997,6.244800,6.244800,0.0000e+00
dev-long-03,296,532,0.000000e+00,2872,2872,3.429363,3.429363,0.0000e+00
dev-long-03,297,2344,0.000000e+00,12615,12615,4.741530,4.741530,0.0000e+00
dev-long-03,298,107,0.000000e+00,119541,119541,11.481064,11.481064,0.0000e+00
dev-long-03,299,4611,0.000000e+00,65744,65744,5.598774,5.598774,0.0000e+00
dev-long-03,300,103825,0.000000e+00,103825,103825,0.318516,0.318516,0.0000e+00
dev-long-03,301,6084,0.000000e+00,2872,2872,2.819974,2.819974,0.0000e+00
dev-long-03,302,236761,0.000000e+00,1827,1827,1.438337,1.438337,0.0000e+00
dev-long-03,303,5715,0.000000e+00,669,669,6.149114,6.149114,0.0000e+00
dev-long-03,304,563,0.000000e+00,563,563,1.232076,1.232076,0.0000e+00
dev-long-03,305,506,0.000000e+00,506,506,0.291072,0.291072,0.0000e+00
dev-long-03,306,10810,0.000000e+00,29344,29344,9.936338,9.936338,0.0000e+00
dev-long-03,307,236793,0.000000e+00,236761,236761,3.632661,3.632661,0.0000e+00
dev-long-03,308,506,0.000000e+00,625,625,2.301791,2.301791,0.0000e+00
dev-long-03,309,10810,0.000000e+00,13234,13234,7.302437,7.302437,0.0000e+00
dev-long-03,310,3588,0.000000e+00,563,563,6.331444,6.331444,0.0000e+00
dev-long-03,311,699,0.000000e+00,699,699,0.167629,0.167629,0.0000e+00
dev-long-03,312,506,0.000000e+00,506,506,0.107858,0.107858,0.0000e+00
dev-long-03,313,60556,0.000000e+00,146807,146807,14.342855,14.342855,0.0000e+00
dev-long-03,314,236764,0.000000e+00,236793,236793,1.927460,1.927460,0.0000e+00
dev-long-03,315,532,0.000000e+00,532,532,0.137016,0.137016,0.0000e+00
dev-long-03,316,107,0.000000e+00,506,506,13.172190,13.172190,0.0000e+00
dev-long-03,317,1437,0.000000e+00,624,624,1.393485,1.393485,0.0000e+00
dev-long-03,318,60556,0.000000e+00,60556,60556,0.044865,0.044865,0.0000e+00
dev-long-03,319,3588,0.000000e+00,3588,3588,0.090646,0.090646,0.0000e+00
dev-long-03,320,699,0.000000e+00,699,699,0.003033,0.003033,0.0000e+00
dev-long-03,321,3186,0.000000e+00,506,506,5.901552,5.901552,0.0000e+00
dev-long-03,322,236761,0.000000e+00,236761,236761,0.000028,0.000028,0.0000e+00
dev-long-03,323,12297,0.000000e+00,151504,151504,4.380748,4.380748,0.0000e+00
dev-long-03,324,28955,0.000000e+00,28955,28955,0.000105,0.000105,0.0000e+00
dev-long-03,325,236764,0.000000e+00,1827,1827,2.010313,2.010313,0.0000e+00
dev-long-03,326,506,0.000000e+00,532,532,2.957261,2.957261,0.0000e+00
dev-long-03,327,33995,0.000000e+00,880,880,3.027268,3.027268,0.0000e+00
dev-long-03,328,607,0.000000e+00,1015,1015,4.001761,4.001761,0.0000e+00
dev-long-03,329,506,0.000000e+00,506,506,0.028003,0.028003,0.0000e+00
dev-long-03,330,4287,0.000000e+00,84227,84227,8.881016,8.881016,0.0000e+00
dev-long-03,331,5423,0.000000e+00,5423,5423,0.330708,0.330708,0.0000e+00
dev-long-03,332,532,0.000000e+00,236761,236761,5.649282,5.649282,0.0000e+00
dev-long-03,333,107,0.000000e+00,506,506,9.886078,9.886078,0.0000e+00
dev-long-03,334,712,0.000000e+00,1437,1437,6.433916,6.433916,0.0000e+00
dev-long-03,335,506,0.000000e+00,1827,1827,3.352452,3.352452,0.0000e+00
dev-long-03,336,1032,0.000000e+00,86673,86673,2.970469,2.970469,0.0000e+00
dev-long-03,337,9507,0.000000e+00,86673,86673,6.056259,6.056259,0.0000e+00
dev-long-03,338,607,0.000000e+00,692,692,10.050329,10.050329,0.0000e+00
dev-long-03,339,837,0.000000e+00,837,837,0.180384,0.180384,0.0000e+00
dev-long-03,340,564,0.000000e+00,692,692,2.195716,2.195716,0.0000e+00
dev-long-03,341,735,0.000000e+00,1053,1053,2.232548,2.232548,0.0000e+00
dev-long-03,342,38670,0.000000e+00,68011,68011,14.666594,14.666594,0.0000e+00
dev-long-03,343,611,0.000000e+00,611,611,0.005423,0.005423,0.0000e+00
dev-long-03,344,236761,0.000000e+00,236761,236761,0.709847,0.709847,0.0000e+00
dev-long-03,345,1593,0.000000e+00,669,669,4.668372,4.668372,0.0000e+00
dev-long-03,346,1492,0.000000e+00,506,506,6.250419,6.250419,0.0000e+00
dev-long-03,347,692,0.000000e+00,692,692,0.625902,0.625902,0.0000e+00
dev-long-03,348,107,0.000000e+00,1921,1921,15.593044,15.593044,0.0000e+00
dev-long-03,349,23600,0.000000e+00,32042,32042,2.296201,2.296201,0.0000e+00
dev-long-03,350,1076,0.000000e+00,15819,15819,7.106255,7.106255,0.0000e+00
dev-long-03,351,13109,0.000000e+00,1003,1003,2.989194,2.989194,0.0000e+00
dev-long-03,352,1401,0.000000e+00,531,531,11.627126,11.627126,0.0000e+00
dev-long-03,353,16263,0.000000e+00,31077,31077,6.429967,6.429967,0.0000e+00
dev-long-03,354,531,0.000000e+00,531,531,0.079759,0.079759,0.0000e+00
dev-long-03,355,8159,0.000000e+00,506,506,2.966077,2.966077,0.0000e+00
dev-long-03,356,672,0.000000e+00,855,855,3.284946,3.284946,0.0000e+00
dev-long-03,357,33995,0.000000e+00,880,880,1.936325,1.936325,0.0000e+00
dev-long-03,358,532,0.000000e+00,1827,1827,1.884233,1.884233,0.0000e+00
dev-long-03,359,107,0.000000e+00,16358,16358,14.072308,14.072308,0.0000e+00
dev-long-03,360,527,0.000000e+00,977,977,5.172459,5.172459,0.0000e+00
dev-long-03,361,9631,0.000000e+00,9631,9631,0.000095,0.000095,0.0000e+00
dev-long-03,362,522,0.000000e+00,522,522,0.005484,0.005484,0.0000e+00
dev-long-03,363,1144,0.000000e+00,506,506,2.824627,2.824627,0.0000e+00
dev-long-03,364,912,0.000000e+00,668,668,4.897266,4.897266,0.0000e+00
dev-long-03,365,668,0.000000e+00,668,668,0.056241,0.056241,0.0000e+00
dev-long-03,366,815,0.000000e+00,6657,6657,4.631167,4.631167,0.0000e+00
dev-long-03,367,6657,0.000000e+00,6657,6657,0.301460,0.301460,0.0000e+00
dev-long-03,368,528,0.000000e+00,528,528,0.004034,0.004034,0.0000e+00
dev-long-03,369,672,0.000000e+00,506,506,2.932112,2.932112,0.0000e+00
dev-long-03,370,2268,0.000000e+00,36608,36608,7.261830,7.261830,0.0000e+00
dev-long-03,371,26460,0.000000e+00,36608,36608,4.320381,4.320381,0.0000e+00
dev-long-03,372,236761,0.000000e+00,1827,1827,5.076405,5.076405,0.0000e+00
dev-long-03,373,2282,0.000000e+00,1030,1030,6.893858,6.893858,0.0000e+00
dev-long-03,374,776,0.000000e+00,1586,1586,4.758261,4.758261,0.0000e+00
dev-long-03,375,107,0.000000e+00,600,600,15.675217,15.675217,0.0000e+00
dev-long-03,376,1580,0.000000e+00,4060,4060,4.441545,4.441545,0.0000e+00
dev-long-03,377,236764,0.000000e+00,236764,236764,0.043263,0.043263,0.0000e+00
dev-long-03,378,692,0.000000e+00,692,692,0.179674,0.179674,0.0000e+00
dev-long-03,379,1921,0.000000e+00,1921,1921,0.149665,0.149665,0.0000e+00
dev-long-03,380,2056,0.000000e+00,1586,1586,6.543169,6.543169,0.0000e+00
dev-long-03,381,506,0.000000e+00,531,531,6.811444,6.811444,0.0000e+00
dev-long-03,382,33055,0.000000e+00,6623,6623,9.616802,9.616802,0.0000e+00
dev-long-03,383,2820,0.000000e+00,529,529,3.126023,3.126023,0.0000e+00
dev-long-03,384,1171,0.000000e+00,529,529,4.600912,4.600912,0.0000e+00
dev-long-03,385,236764,0.000000e+00,1827,1827,3.546187,3.546187,0.0000e+00
dev-long-03,386,532,0.000000e+00,532,532,0.713016,0.713016,0.0000e+00
dev-long-03,387,1239,0.000000e+00,564,564,8.962592,8.962592,0.0000e+00
dev-long-03,388,7089,0.000000e+00,2820,2820,12.089547,12.089547,0.0000e+00
dev-long-03,389,33112,0.000000e+00,528,528,11.255130,11.255130,0.0000e+00
dev-long-03,390,107,0.000000e+00,528,528,12.286536,12.286536,0.0000e+00
dev-long-03,391,495,0.000000e+00,495,495,0.437577,0.437577,0.0000e+00
dev-long-03,392,614,0.000000e+00,506,506,6.523217,6.523217,0.0000e+00
dev-long-03,393,44797,0.000000e+00,26410,26410,1.917382,1.917382,0.0000e+00
dev-long-03,394,528,0.000000e+00,1827,1827,3.859121,3.859121,0.0000e+00
dev-long-03,395,784,0.000000e+00,506,506,9.258016,9.258016,0.0000e+00
dev-long-03,396,506,0.000000e+00,506,506,0.161192,0.161192,0.0000e+00
dev-long-03,397,9137,0.000000e+00,3262,3262,10.486444,10.486444,0.0000e+00
dev-long-03,398,13009,0.000000e+00,13009,13009,0.022929,0.022929,0.0000e+00
dev-long-03,399,236761,0.000000e+00,1827,1827,4.566571,4.566571,0.0000e+00
dev-long-03,400,1637,0.000000e+00,1191,1191,4.982988,4.982988,0.0000e+00
dev-long-03,401,672,0.000000e+00,692,692,5.194156,5.194156,0.0000e+00
dev-long-03,402,5121,0.000000e+00,33995,33995,16.711530,16.711530,0.0000e+00
dev-long-03,403,236764,0.000000e+00,236764,236764,0.009824,0.009824,0.0000e+00
dev-long-03,404,564,0.000000e+00,692,692,4.904297,4.904297,0.0000e+00
dev-long-03,405,2863,0.000000e+00,2863,2863,0.045509,0.045509,0.0000e+00
dev-long-03,406,107,0.000000e+00,735,735,13.392051,13.392051,0.0000e+00
dev-long-03,407,17777,0.000000e+00,5738,5738,2.497980,2.497980,0.0000e+00
dev-long-03,408,100467,0.000000e+00,531,531,6.679555,6.679555,0.0000e+00
dev-long-03,409,531,0.000000e+00,531,531,0.000582,0.000582,0.0000e+00
dev-long-03,410,1032,0.000000e+00,506,506,3.060590,3.060590,0.0000e+00
dev-long-03,411,4615,0.000000e+00,2820,2820,1.010008,1.010008,0.0000e+00
dev-long-03,412,1827,0.000000e+00,1827,1827,0.260926,0.260926,0.0000e+00
dev-long-03,413,108,0.000000e+00,108,108,0.003326,0.003326,0.0000e+00
dev-long-03,414,236913,0.000000e+00,236913,236913,0.535406,0.535406,0.0000e+00
dev-long-03,415,3689,0.000000e+00,2267,2267,4.181266,4.181266,0.0000e+00
dev-long-03,416,795,0.000000e+00,776,776,2.134709,2.134709,0.0000e+00
dev-long-03,417,611,0.000000e+00,611,611,0.374135,0.374135,0.0000e+00
dev-long-03,418,1879,0.000000e+00,776,776,8.671361,8.671361,0.0000e+00
dev-long-03,419,9377,0.000000e+00,9377,9377,0.896818,0.896818,0.0000e+00
dev-long-03,420,108,0.000000e+00,108,108,0.001354,0.001354,0.0000e+00
dev-long-03,421,236913,0.000000e+00,236913,236913,0.006266,0.006266,0.0000e+00
dev-long-03,422,46762,0.000000e+00,236777,236777,9.306368,9.306368,0.0000e+00
dev-long-03,423,786,0.000000e+00,506,506,2.291024,2.291024,0.0000e+00
dev-long-03,424,496,0.000000e+00,506,506,1.748029,1.748029,0.0000e+00
dev-long-03,425,30368,0.000000e+00,3658,3658,8.708790,8.708790,0.0000e+00
dev-long-03,426,532,0.000000e+00,236764,236764,1.177981,1.177981,0.0000e+00
dev-long-03,427,600,0.000000e+00,3627,3627,9.003941,9.003941,0.0000e+00
dev-long-03,428,21078,0.000000e+00,44797,44797,4.213869,4.213869,0.0000e+00
dev-long-03,429,529,0.000000e+00,529,529,0.013943,0.013943,0.0000e+00
dev-long-03,430,3627,0.000000e+00,3627,3627,0.005585,0.005585,0.0000e+00
dev-long-03,431,236761,0.000000e+00,236761,236761,0.607323,0.607323,0.0000e+00
dev-long-03,432,4224,0.000000e+00,1191,1191,5.484974,5.484974,0.0000e+00
dev-long-03,433,236764,0.000000e+00,236764,236764,0.290271,0.290271,0.0000e+00
dev-long-03,434,1299,0.000000e+00,532,532,9.441658,9.441658,0.0000e+00
dev-long-03,435,236787,0.000000e+00,236764,236764,10.309094,10.309094,0.0000e+00
dev-long-03,436,2141,0.000000e+00,2141,2141,1.057388,1.057388,0.0000e+00
dev-long-03,437,11099,0.000000e+00,7978,7978,5.960753,5.960753,0.0000e+00
dev-long-03,438,657,0.000000e+00,528,528,4.107009,4.107009,0.0000e+00
dev-long-03,439,506,0.000000e+00,506,506,0.856299,0.856299,0.0000e+00
dev-long-03,440,107,0.000000e+00,12825,12825,15.984409,15.984409,0.0000e+00
dev-long-03,441,50539,0.000000e+00,54347,54347,6.681646,6.681646,0.0000e+00
dev-long-03,442,529,0.000000e+00,529,529,0.000443,0.000443,0.0000e+00
dev-long-03,443,7886,0.000000e+00,64112,64112,1.633636,1.633636,0.0000e+00
dev-long-03,444,787,0.000000e+00,787,787,0.000000,0.000000,0.0000e+00
dev-long-03,445,6718,0.000000e+00,6718,6718,0.001537,0.001537,0.0000e+00
dev-long-03,446,236764,0.000000e+00,236761,236761,1.071605,1.071605,0.0000e+00
dev-long-03,447,496,0.000000e+00,496,496,0.481138,0.481138,0.0000e+00
dev-long-03,448,60556,0.000000e+00,3730,3730,4.894742,4.894742,0.0000e+00
dev-long-03,449,532,0.000000e+00,236764,236764,8.946695,8.946695,0.0000e+00
dev-long-03,450,496,0.000000e+00,496,496,0.093731,0.093731,0.0000e+00
dev-long-03,451,2764,0.000000e+00,5423,5423,4.884065,4.884065,0.0000e+00
dev-long-03,452,6345,0.000000e+00,5423,5423,1.247351,1.247351,0.0000e+00
dev-long-03,453,5423,0.000000e+00,5423,5423,0.001348,0.001348,0.0000e+00
dev-long-03,454,236761,0.000000e+00,236761,236761,0.314835,0.314835,0.0000e+00
dev-long-03,455,3186,0.000000e+00,115239,115239,6.393580,6.393580,0.0000e+00
dev-long-03,456,236761,0.000000e+00,236761,236761,0.001021,0.001021,0.0000e+00
dev-long-03,457,12297,0.000000e+00,12297,12297,0.594141,0.594141,0.0000e+00
dev-long-03,458,28955,0.000000e+00,28955,28955,0.000083,0.000083,0.0000e+00
dev-long-03,459,107,0.000000e+00,236764,236764,15.504084,15.504084,0.0000e+00
dev-long-03,460,4881,0.000000e+00,16132,16132,4.646890,4.646890,0.0000e+00
dev-long-03,461,735,0.000000e+00,577,577,8.408539,8.408539,0.0000e+00
dev-long-03,462,506,0.000000e+00,1091,1091,5.366247,5.366247,0.0000e+00
dev-long-03,463,1638,0.000000e+00,60556,60556,7.753915,7.753915,0.0000e+00
dev-long-03,464,684,0.000000e+00,12227,12227,6.042567,6.042567,0.0000e+00
dev-long-03,465,14253,0.000000e+00,11687,11687,3.656569,3.656569,0.0000e+00
dev-long-03,466,657,0.000000e+00,531,531,3.878565,3.878565,0.0000e+00
dev-long-03,467,236743,0.000000e+00,1041,1041,2.189090,2.189090,0.0000e+00
dev-long-03,468,236825,0.000000e+00,236778,236778,10.828859,10.828859,0.0000e+00
dev-long-03,469,236787,0.000000e+00,236764,236764,4.453544,4.453544,0.0000e+00
dev-long-03,470,236800,0.000000e+00,236771,236771,0.754436,0.754436,0.0000e+00
dev-long-03,471,236771,0.000000e+00,236771,236771,0.001542,0.001542,0.0000e+00
dev-long-03,472,672,0.000000e+00,657,657,2.121756,2.121756,0.0000e+00
dev-long-03,473,9137,0.000000e+00,5597,5597,3.561951,3.561951,0.0000e+00
dev-long-03,474,657,0.000000e+00,12227,12227,1.910399,1.910399,0.0000e+00
dev-long-03,475,236743,0.000000e+00,236743,236743,0.803147,0.803147,0.0000e+00
dev-long-03,476,236778,0.000000e+00,236778,236778,0.008262,0.008262,0.0000e+00
dev-long-03,477,236778,0.000000e+00,236778,236778,0.011875,0.011875,0.0000e+00
dev-long-03,478,236770,0.000000e+00,236770,236770,0.009363,0.009363,0.0000e+00
dev-long-03,479,236799,0.000000e+00,236799,236799,0.009618,0.009618,0.0000e+00
dev-long-03,480,236764,0.000000e+00,28955,28955,4.167608,4.167608,0.0000e+00
dev-long-03,481,28955,0.000000e+00,28955,28955,0.011338,0.011338,0.0000e+00
dev-long-03,482,107,0.000000e+00,6718,6718,14.205544,14.205544,0.0000e+00
dev-long-03,483,40703,0.000000e+00,40703,40703,0.000705,0.000705,0.0000e+00
dev-long-03,484,12227,0.000000e+00,90135,90135,0.956193,0.956193,0.0000e+00
dev-long-03,485,2981,0.000000e+00,564,564,3.135722,3.135722,0.0000e+00
dev-long-03,486,563,0.000000e+00,1374,1374,1.123856,1.123856,0.0000e+00
dev-long-03,487,3582,0.000000e+00,506,506,6.314573,6.314573,0.0000e+00
dev-long-03,488,532,0.000000e+00,3487,3487,0.901093,0.901093,0.0000e+00
dev-long-03,489,63510,0.000000e+00,63510,63510,0.255556,0.255556,0.0000e+00
dev-long-03,490,1827,0.000000e+00,236761,236761,1.042212,1.042212,0.0000e+00
dev-long-03,491,108,0.000000e+00,108,108,0.001237,0.001237,0.0000e+00
dev-long-03,492,236913,0.000000e+00,236913,236913,0.032637,0.032637,0.0000e+00
dev-long-03,493,26546,0.000000e+00,4573,4573,6.227769,6.227769,0.0000e+00
dev-long-03,494,236761,0.000000e+00,1388,1388,12.453475,12.453475,0.0000e+00
dev-long-03,495,2024,0.000000e+00,1452,1452,1.967138,1.967138,0.0000e+00
dev-long-03,496,795,0.000000e+00,1217,1217,2.111497,2.111497,0.0000e+00
dev-long-03,497,668,0.000000e+00,668,668,0.529906,0.529906,0.0000e+00
dev-long-03,498,1460,0.000000e+00,2229,2229,9.824828,9.824828,0.0000e+00
dev-long-03,499,625,0.000000e+00,625,625,0.167913,0.167913,0.0000e+00
dev-long-03,500,9377,0.000000e+00,9377,9377,0.103460,0.103460,0.0000e+00
dev-long-03,501,108,0.000000e+00,108,108,0.001381,0.001381,0.0000e+00
dev-long-03,502,236913,0.000000e+00,236913,236913,0.000646,0.000646,0.0000e+00
dev-long-03,503,13086,0.000000e+00,2209,2209,4.462683,4.462683,0.0000e+00
dev-long-03,504,236764,0.000000e+00,236764,236764,0.013614,0.013614,0.0000e+00
dev-long-03,505,668,0.000000e+00,668,668,1.165487,1.165487,0.0000e+00
dev-long-03,506,563,0.000000e+00,563,563,0.759804,0.759804,0.0000e+00
dev-long-03,507,2889,0.000000e+00,496,496,7.949244,7.949244,0.0000e+00
dev-long-03,508,531,0.000000e+00,531,531,0.007571,0.007571,0.0000e+00
dev-long-03,509,2514,0.000000e+00,1460,1460,10.288282,10.288282,0.0000e+00
dev-long-03,510,614,0.000000e+00,914,914,1.616745,1.616745,0.0000e+00
dev-long-03,511,7068,0.000000e+00,7068,7068,0.001432,0.001432,0.0000e+00
dev-long-03,512,580,0.000000e+00,580,580,0.843519,0.843519,0.0000e+00
dev-long-03,513,506,0.000000e+00,506,506,0.186530,0.186530,0.0000e+00
dev-long-03,514,13009,0.000000e+00,13009,13009,0.159717,0.159717,0.0000e+00
dev-long-03,515,236764,0.000000e+00,236764,236764,0.781518,0.781518,0.0000e+00
dev-long-03,516,2338,0.000000e+00,532,532,7.425029,7.425029,0.0000e+00
dev-long-03,517,236764,0.000000e+00,668,668,6.124113,6.124113,0.0000e+00
dev-long-03,518,531,0.000000e+00,618,618,7.769788,7.769788,0.0000e+00
dev-long-03,519,496,0.000000e+00,1041,1041,5.342797,5.342797,0.0000e+00
dev-long-03,520,6934,0.000000e+00,880,880,6.501979,6.501979,0.0000e+00
dev-long-03,521,880,0.000000e+00,880,880,0.675166,0.675166,0.0000e+00
dev-long-03,522,236764,0.000000e+00,236764,236764,0.375056,0.375056,0.0000e+00
dev-long-03,523,107,0.000000e+00,496,496,7.927676,7.927676,0.0000e+00
dev-long-03,524,1437,0.000000e+00,624,624,4.947422,4.947422,0.0000e+00
dev-long-03,525,3967,0.000000e+00,16158,16158,6.023082,6.023082,0.0000e+00
dev-long-03,526,691,0.000000e+00,529,529,9.690918,9.690918,0.0000e+00
dev-long-03,527,496,0.000000e+00,496,496,0.525414,0.525414,0.0000e+00
dev-long-03,528,7274,0.000000e+00,1822,1822,3.425165,3.425165,0.0000e+00
dev-long-03,529,886,0.000000e+00,13949,13949,3.493265,3.493265,0.0000e+00
dev-long-03,530,236761,0.000000e+00,236761,236761,0.207604,0.207604,0.0000e+00
dev-long-03,531,1293,0.000000e+00,1452,1452,2.680802,2.680802,0.0000e+00
dev-long-03,532,691,0.000000e+00,795,795,6.615620,6.615620,0.0000e+00
dev-long-03,533,8207,0.000000e+00,992,992,4.695447,4.695447,0.0000e+00
dev-long-03,534,834,0.000000e+00,496,496,7.836696,7.836696,0.0000e+00
dev-long-03,535,31974,0.000000e+00,11307,11307,17.108138,17.108138,0.0000e+00
dev-long-03,536,684,0.000000e+00,529,529,2.987674,2.987674,0.0000e+00
dev-long-03,537,914,0.000000e+00,506,506,3.988902,3.988902,0.0000e+00
dev-long-03,538,3930,0.000000e+00,101430,101430,7.371293,7.371293,0.0000e+00
dev-long-03,539,95852,0.000000e+00,127166,127166,1.784004,1.784004,0.0000e+00
dev-long-03,540,528,0.000000e+00,236764,236764,6.205912,6.205912,0.0000e+00
dev-long-03,541,107,0.000000e+00,506,506,12.414504,12.414504,0.0000e+00
dev-long-03,542,28384,0.000000e+00,1437,1437,8.081967,8.081967,0.0000e+00
dev-long-03,543,506,0.000000e+00,506,506,0.663146,0.663146,0.0000e+00
dev-long-03,544,4771,0.000000e+00,4771,4771,0.068913,0.068913,0.0000e+00
dev-long-03,545,532,0.000000e+00,236764,236764,3.990268,3.990268,0.0000e+00
dev-long-03,546,684,0.000000e+00,506,506,3.047732,3.047732,0.0000e+00
dev-long-03,547,506,0.000000e+00,506,506,0.093523,0.093523,0.0000e+00
dev-long-03,548,4313,0.000000e+00,10086,10086,7.565131,7.565131,0.0000e+00
dev-long-03,549,529,0.000000e+00,529,529,0.000924,0.000924,0.0000e+00
dev-long-03,550,56513,0.000000e+00,506,506,13.949309,13.949309,0.0000e+00
dev-long-03,551,600,0.000000e+00,600,600,0.619294,0.619294,0.0000e+00
dev-long-03,552,668,0.000000e+00,668,668,0.046381,0.046381,0.0000e+00
dev-long-03,553,3305,0.000000e+00,1093,1093,7.912212,7.912212,0.0000e+00
dev-long-03,554,529,0.000000e+00,668,668,3.965580,3.965580,0.0000e+00
dev-long-03,555,107,0.000000e+00,506,506,13.281693,13.281693,0.0000e+00
dev-long-03,556,63823,0.000000e+00,236754,236754,5.027800,5.027800,0.0000e+00
dev-long-03,557,840,0.000000e+00,1663,1663,1.389383,1.389383,0.0000e+00
dev-long-03,558,10224,0.000000e+00,506,506,7.961710,7.961710,0.0000e+00
dev-long-03,559,236764,0.000000e+00,236761,236761,2.644558,2.644558,0.0000e+00
dev-long-03,560,840,0.000000e+00,532,532,1.629483,1.629483,0.0000e+00
dev-long-03,561,2338,0.000000e+00,668,668,5.900475,5.900475,0.0000e+00
dev-long-03,562,1299,0.000000e+00,668,668,11.705443,11.705443,0.0000e+00
dev-long-03,563,668,0.000000e+00,236764,236764,2.139716,2.139716,0.0000e+00
dev-long-03,564,1921,0.000000e+00,815,815,2.612403,2.612403,0.0000e+00
dev-long-03,565,735,0.000000e+00,735,735,0.049939,0.049939,0.0000e+00
dev-long-03,566,123514,0.000000e+00,1010,1010,13.643752,13.643752,0.0000e+00
dev-long-03,567,101551,0.000000e+00,101551,101551,0.072526,0.072526,0.0000e+00
dev-long-03,568,506,0.000000e+00,914,914,2.041361,2.041361,0.0000e+00
dev-long-03,569,107,0.000000e+00,3967,3967,13.328187,13.328187,0.0000e+00
dev-long-03,570,13815,0.000000e+00,10558,10558,12.558800,12.558800,0.0000e+00
dev-long-03,571,18688,0.000000e+00,2669,2669,5.915293,5.915293,0.0000e+00
dev-long-03,572,837,0.000000e+00,236761,236761,8.859822,8.859822,0.0000e+00
dev-long-03,573,7321,0.000000e+00,5378,5378,4.312216,4.312216,0.0000e+00
dev-long-03,574,1515,0.000000e+00,1515,1515,0.022682,0.022682,0.0000e+00
dev-long-03,575,531,0.000000e+00,531,531,0.012628,0.012628,0.0000e+00
dev-long-03,576,7266,0.000000e+00,14005,14005,2.174929,2.174929,0.0000e+00
dev-long-03,577,914,0.000000e+00,506,506,0.955590,0.955590,0.0000e+00
dev-long-03,578,8001,0.000000e+00,8226,8226,5.968796,5.968796,0.0000e+00
dev-long-03,579,236761,0.000000e+00,236761,236761,0.798735,0.798735,0.0000e+00
dev-long-03,580,4298,0.000000e+00,1293,1293,7.025366,7.025366,0.0000e+00
dev-long-03,581,236764,0.000000e+00,692,692,1.393218,1.393218,0.0000e+00
dev-long-03,582,1570,0.000000e+00,668,668,14.287459,14.287459,0.0000e+00
dev-long-03,583,236764,0.000000e+00,236764,236764,0.003186,0.003186,0.0000e+00
dev-long-03,584,506,0.000000e+00,668,668,1.312501,1.312501,0.0000e+00
dev-long-03,585,107,0.000000e+00,44797,44797,13.784243,13.784243,0.0000e+00
dev-long-03,586,74214,0.000000e+00,499,499,9.663496,9.663496,0.0000e+00
dev-long-03,587,529,0.000000e+00,529,529,0.004153,0.004153,0.0000e+00
dev-long-03,588,914,0.000000e+00,506,506,4.489998,4.489998,0.0000e+00
dev-long-03,589,1463,0.000000e+00,1852,1852,1.923417,1.923417,0.0000e+00
dev-long-03,590,795,0.000000e+00,528,528,2.921472,2.921472,0.0000e+00
dev-long-03,591,4400,0.000000e+00,7298,7298,4.558549,4.558549,0.0000e+00
dev-long-03,592,1515,0.000000e+00,1515,1515,0.024103,0.024103,0.0000e+00
dev-long-03,593,531,0.000000e+00,531,531,0.042318,0.042318,0.0000e+00
dev-long-03,594,1460,0.000000e+00,1385,1385,5.158092,5.158092,0.0000e+00
dev-long-03,595,625,0.000000e+00,506,506,1.810013,1.810013,0.0000e+00
dev-long-03,596,236764,0.000000e+00,1827,1827,2.153368,2.153368,0.0000e+00
dev-long-03,597,573,0.000000e+00,532,532,2.608819,2.608819,0.0000e+00
dev-long-03,598,4677,0.000000e+00,668,668,7.398827,7.398827,0.0000e+00
dev-long-03,599,1015,0.000000e+00,563,563,2.446776,2.446776,0.0000e+00
dev-long-03,600,107,0.000000e+00,815,815,11.650869,11.650869,0.0000e+00
dev-long-03,601,32042,0.000000e+00,32042,32042,0.936799,0.936799,0.0000e+00
dev-long-03,602,236751,0.000000e+00,236751,236751,0.000099,0.000099,0.0000e+00
dev-long-03,603,1515,0.000000e+00,1515,1515,0.783505,0.783505,0.0000e+00
dev-long-03,604,795,0.000000e+00,795,795,0.536836,0.536836,0.0000e+00
dev-long-03,605,1982,0.000000e+00,577,577,13.855372,13.855372,0.0000e+00
dev-long-03,606,914,0.000000e+00,914,914,0.773827,0.773827,0.0000e+00
dev-long-03,607,5700,0.000000e+00,5700,5700,0.097528,0.097528,0.0000e+00
dev-long-03,608,531,0.000000e+00,531,531,0.035980,0.035980,0.0000e+00
dev-long-03,609,625,0.000000e+00,506,506,2.087845,2.087845,0.0000e+00
dev-long-03,610,236761,0.000000e+00,1827,1827,3.026959,3.026959,0.0000e+00
dev-long-03,611,5715,0.000000e+00,1030,1030,8.913901,8.913901,0.0000e+00
dev-long-03,612,611,0.000000e+00,692,692,2.986189,2.986189,0.0000e+00
dev-long-03,613,659,0.000000e+00,659,659,0.018995,0.018995,0.0000e+00
dev-long-03,614,236764,0.000000e+00,1827,1827,6.794121,6.794121,0.0000e+00
dev-long-03,615,56513,0.000000e+00,532,532,7.141233,7.141233,0.0000e+00
dev-long-03,616,236764,0.000000e+00,1827,1827,4.587536,4.587536,0.0000e+00
dev-long-03,617,1845,0.000000e+00,531,531,9.533284,9.533284,0.0000e+00
dev-long-03,618,107,0.000000e+00,3008,3008,14.322579,14.322579,0.0000e+00
dev-long-03,619,3843,0.000000e+00,51528,51528,7.885362,7.885362,0.0000e+00
dev-long-03,620,531,0.000000e+00,531,531,0.479490,0.479490,0.0000e+00
dev-long-03,621,506,0.000000e+00,506,506,0.426387,0.426387,0.0000e+00
dev-long-03,622,12940,0.000000e+00,4408,4408,9.659886,9.659886,0.0000e+00
dev-long-03,623,10345,0.000000e+00,4408,4408,3.128718,3.128718,0.0000e+00
dev-long-03,624,532,0.000000e+00,532,532,0.922396,0.922396,0.0000e+00
dev-long-03,625,735,0.000000e+00,1977,1977,2.903887,2.903887,0.0000e+00
dev-long-03,626,672,0.000000e+00,672,672,0.794866,0.794866,0.0000e+00
dev-long-03,627,2247,0.000000e+00,13762,13762,3.765924,3.765924,0.0000e+00
dev-long-03,628,528,0.000000e+00,528,528,0.607685,0.607685,0.0000e+00
dev-long-03,629,506,0.000000e+00,506,506,0.411739,0.411739,0.0000e+00
dev-long-03,630,9137,0.000000e+00,9137,9137,1.121058,1.121058,0.0000e+00
dev-long-03,631,107,0.000000e+00,13009,13009,15.681708,15.681708,0.0000e+00
dev-long-03,632,26429,0.000000e+00,26429,26429,0.030150,0.030150,0.0000e+00
dev-long-03,633,1827,0.000000e+00,1827,1827,0.222642,0.222642,0.0000e+00
dev-long-03,634,108,0.000000e+00,108,108,0.001722,0.001722,0.0000e+00
dev-long-03,635,236913,0.000000e+00,236913,236913,0.330379,0.330379,0.0000e+00
dev-long-03,636,902,0.000000e+00,236777,236777,8.580763,8.580763,0.0000e+00
dev-long-03,637,837,0.000000e+00,506,506,9.030007,9.030007,0.0000e+00
dev-long-03,638,236764,0.000000e+00,564,564,4.929857,4.929857,0.0000e+00
dev-long-03,639,17536,0.000000e+00,17536,17536,0.730801,0.730801,0.0000e+00
dev-long-03,640,9377,0.000000e+00,236764,236764,3.950638,3.950638,0.0000e+00
dev-long-03,641,108,0.000000e+00,108,108,0.000408,0.000408,0.0000e+00
dev-long-03,642,236913,0.000000e+00,236913,236913,0.010536,0.010536,0.0000e+00
dev-long-03,643,12932,0.000000e+00,818,818,14.384769,14.384769,0.0000e+00
dev-long-03,644,236764,0.000000e+00,236764,236764,0.001286,0.001286,0.0000e+00
dev-long-03,645,528,0.000000e+00,528,528,1.328814,1.328814,0.0000e+00
dev-long-03,646,506,0.000000e+00,506,506,0.464488,0.464488,0.0000e+00
dev-long-03,647,2222,0.000000e+00,13009,13009,6.583198,6.583198,0.0000e+00
dev-long-03,648,81098,0.000000e+00,187336,187336,8.190004,8.190004,0.0000e+00
dev-long-03,649,25317,0.000000e+00,236779,236779,2.825886,2.825886,0.0000e+00
dev-long-03,650,2222,0.000000e+00,564,564,7.177138,7.177138,0.0000e+00
dev-long-03,651,7032,0.000000e+00,81098,81098,5.619964,5.619964,0.0000e+00
dev-long-03,652,25317,0.000000e+00,25317,25317,0.036729,0.036729,0.0000e+00
dev-long-03,653,2222,0.000000e+00,532,532,5.063383,5.063383,0.0000e+00
dev-long-03,654,187336,0.000000e+00,79287,79287,3.131743,3.131743,0.0000e+00
dev-long-03,655,25929,0.000000e+00,25929,25929,0.001964,0.001964,0.0000e+00
dev-long-03,656,25317,0.000000e+00,66891,66891,3.792507,3.792507,0.0000e+00
dev-long-03,657,2222,0.000000e+00,532,532,4.258815,4.258815,0.0000e+00
dev-long-03,658,894,0.000000e+00,42362,42362,13.536246,13.536246,0.0000e+00
dev-long-03,659,236761,0.000000e+00,236761,236761,0.204903,0.204903,0.0000e+00
dev-long-03,660,7502,0.000000e+00,15584,15584,0.749813,0.749813,0.0000e+00
dev-long-03,661,236858,0.000000e+00,236858,236858,0.610183,0.610183,0.0000e+00
dev-long-03,662,236751,0.000000e+00,236751,236751,0.000725,0.000725,0.0000e+00
dev-long-03,663,66891,0.000000e+00,236779,236779,10.284141,10.284141,0.0000e+00
dev-long-03,664,25317,0.000000e+00,236779,236779,2.301505,2.301505,0.0000e+00
dev-long-03,665,107,0.000000e+00,532,532,11.503714,11.503714,0.0000e+00
dev-long-03,666,236779,0.000000e+00,624,624,2.360764,2.360764,0.0000e+00
dev-long-03,667,164334,0.000000e+00,818,818,5.883539,5.883539,0.0000e+00
dev-long-03,668,7074,0.000000e+00,7074,7074,0.041036,0.041036,0.0000e+00
dev-long-03,669,25317,0.000000e+00,25317,25317,0.424695,0.424695,0.0000e+00
dev-long-03,670,2222,0.000000e+00,532,532,1.909316,1.909316,0.0000e+00
dev-long-03,671,21108,0.000000e+00,42362,42362,10.170592,10.170592,0.0000e+00
dev-long-03,672,25317,0.000000e+00,25317,25317,0.148731,0.148731,0.0000e+00
dev-long-03,673,2222,0.000000e+00,532,532,1.624721,1.624721,0.0000e+00
dev-long-03,674,114711,0.000000e+00,42362,42362,14.136742,14.136742,0.0000e+00
dev-long-03,675,25317,0.000000e+00,25317,25317,0.585492,0.585492,0.0000e+00
dev-long-03,676,532,0.000000e+00,532,532,0.297910,0.297910,0.0000e+00
dev-long-03,677,1027,0.000000e+00,506,506,2.856970,2.856970,0.0000e+00
dev-long-03,678,3496,0.000000e+00,1032,1032,4.245025,4.245025,0.0000e+00
dev-long-03,679,600,0.000000e+00,600,600,1.150501,1.150501,0.0000e+00
dev-long-03,680,4583,0.000000e+00,795,795,14.106377,14.106377,0.0000e+00
dev-long-03,681,531,0.000000e+00,531,531,0.083216,0.083216,0.0000e+00
dev-long-03,682,611,0.000000e+00,611,611,0.091467,0.091467,0.0000e+00
dev-long-03,683,1827,0.000000e+00,1827,1827,0.155853,0.155853,0.0000e+00
dev-long-03,684,108,0.000000e+00,108,108,0.014356,0.014356,0.0000e+00
dev-long-03,685,236913,0.000000e+00,236913,236913,0.245480,0.245480,0.0000e+00
dev-long-03,686,26546,0.000000e+00,236776,236776,4.095105,4.095105,0.0000e+00
dev-long-03,687,1388,0.000000e+00,1388,1388,0.221068,0.221068,0.0000e+00
dev-long-03,688,236764,0.000000e+00,1827,1827,1.632216,1.632216,0.0000e+00
dev-long-03,689,17536,0.000000e+00,17536,17536,0.015189,0.015189,0.0000e+00
dev-long-03,690,236761,0.000000e+00,1827,1827,2.642637,2.642637,0.0000e+00
dev-long-03,691,1452,0.000000e+00,564,564,6.724974,6.724974,0.0000e+00
dev-long-03,692,672,0.000000e+00,564,564,6.028433,6.028433,0.0000e+00
dev-long-03,693,10810,0.000000e+00,795,795,3.346876,3.346876,0.0000e+00
dev-long-03,694,9377,0.000000e+00,236764,236764,0.961157,0.961157,0.0000e+00
dev-long-03,695,108,0.000000e+00,108,108,0.000176,0.000176,0.0000e+00
dev-long-03,696,236913,0.000000e+00,236913,236913,0.012381,0.012381,0.0000e+00
dev-long-03,697,24019,0.000000e+00,27252,27252,8.638085,8.638085,0.0000e+00
dev-long-03,698,236764,0.000000e+00,236764,236764,0.003823,0.003823,0.0000e+00
dev-long-03,699,11262,0.000000e+00,56513,56513,8.447374,8.447374,0.0000e+00
dev-long-03,700,236764,0.000000e+00,236761,236761,3.133598,3.133598,0.0000e+00
dev-long-03,701,564,0.000000e+00,506,506,3.345090,3.345090,0.0000e+00
dev-long-03,702,2863,0.000000e+00,4646,4646,2.114258,2.114258,0.0000e+00
dev-long-03,703,2514,0.000000e+00,2514,2514,0.503075,0.503075,0.0000e+00
dev-long-03,704,506,0.000000e+00,625,625,5.144868,5.144868,0.0000e+00
dev-long-03,705,10810,0.000000e+00,60556,60556,1.511342,1.511342,0.0000e+00
dev-long-03,706,236761,0.000000e+00,573,573,3.174706,3.174706,0.0000e+00
dev-long-03,707,10770,0.000000e+00,1030,1030,11.704429,11.704429,0.0000e+00
dev-long-03,708,611,0.000000e+00,611,611,0.000271,0.000271,0.0000e+00
dev-long-03,709,236761,0.000000e+00,236764,236764,5.417122,5.417122,0.0000e+00
dev-long-03,710,1452,0.000000e+00,564,564,3.769648,3.769648,0.0000e+00
dev-long-03,711,236764,0.000000e+00,564,564,5.229281,5.229281,0.0000e+00
dev-long-03,712,564,0.000000e+00,34440,34440,3.003698,3.003698,0.0000e+00
dev-long-03,713,1879,0.000000e+00,4646,4646,7.424043,7.424043,0.0000e+00
dev-long-03,714,236764,0.000000e+00,236764,236764,0.017403,0.017403,0.0000e+00
dev-long-03,715,56513,0.000000e+00,600,600,5.214376,5.214376,0.0000e+00
dev-long-03,716,236764,0.000000e+00,236764,236764,0.005714,0.005714,0.0000e+00
dev-long-03,717,1164,0.000000e+00,611,611,11.727531,11.727531,0.0000e+00
dev-long-03,718,107,0.000000e+00,2514,2514,14.637135,14.637135,0.0000e+00
dev-long-03,719,20786,0.000000e+00,495,495,13.129580,13.129580,0.0000e+00
dev-long-03,720,496,0.000000e+00,5869,5869,3.098655,3.098655,0.0000e+00
dev-long-03,721,60556,0.000000e+00,6290,6290,4.935651,4.935651,0.0000e+00
dev-long-03,722,580,0.000000e+00,573,573,5.970003,5.970003,0.0000e+00
dev-long-03,723,822,0.000000e+00,822,822,0.574801,0.574801,0.0000e+00
dev-long-03,724,1595,0.000000e+00,1595,1595,0.014660,0.014660,0.0000e+00
dev-long-03,725,1063,0.000000e+00,1063,1063,0.921907,0.921907,0.0000e+00
dev-long-03,726,532,0.000000e+00,1827,1827,5.230129,5.230129,0.0000e+00
dev-long-03,727,5264,0.000000e+00,3944,3944,6.124119,6.124119,0.0000e+00
dev-long-03,728,625,0.000000e+00,625,625,0.031833,0.031833,0.0000e+00
dev-long-03,729,1590,0.000000e+00,528,528,6.559010,6.559010,0.0000e+00
dev-long-03,730,607,0.000000e+00,1827,1827,5.814091,5.814091,0.0000e+00
dev-long-03,731,786,0.000000e+00,786,786,0.364748,0.364748,0.0000e+00
dev-long-03,732,236764,0.000000e+00,1827,1827,4.735240,4.735240,0.0000e+00
dev-long-03,733,573,0.000000e+00,573,573,1.680352,1.680352,0.0000e+00
dev-long-03,734,692,0.000000e+00,564,564,2.786085,2.786085,0.0000e+00
dev-long-03,735,1921,0.000000e+00,2863,2863,4.308923,4.308923,0.0000e+00
dev-long-03,736,107,0.000000e+00,735,735,12.423848,12.423848,0.0000e+00
dev-long-03,737,17777,0.000000e+00,17777,17777,0.401179,0.401179,0.0000e+00
dev-long-03,738,886,0.000000e+00,496,496,3.165290,3.165290,0.0000e+00
dev-long-03,739,531,0.000000e+00,573,573,1.783143,1.783143,0.0000e+00
dev-long-03,740,2583,0.000000e+00,1594,1594,4.839544,4.839544,0.0000e+00
dev-long-03,741,531,0.000000e+00,531,531,1.209654,1.209654,0.0000e+00
dev-long-03,742,672,0.000000e+00,506,506,5.904012,5.904012,0.0000e+00
dev-long-03,743,33995,0.000000e+00,33995,33995,1.664607,1.664607,0.0000e+00
dev-long-03,744,528,0.000000e+00,1056,1056,5.457477,5.457477,0.0000e+00
dev-long-03,745,1977,0.000000e+00,506,506,11.116844,11.116844,0.0000e+00
dev-long-03,746,529,0.000000e+00,529,529,0.000443,0.000443,0.0000e+00
dev-long-03,747,506,0.000000e+00,506,506,0.100474,0.100474,0.0000e+00
dev-long-03,748,886,0.000000e+00,886,886,0.315561,0.315561,0.0000e+00
dev-long-03,749,837,0.000000e+00,668,668,5.282254,5.282254,0.0000e+00
dev-long-03,750,822,0.000000e+00,691,691,9.573212,9.573212,0.0000e+00
dev-long-03,751,107,0.000000e+00,6853,6853,12.194825,12.194825,0.0000e+00
dev-long-03,752,10774,0.000000e+00,46208,46208,7.829292,7.829292,0.0000e+00
dev-long-03,753,563,0.000000e+00,815,815,2.045005,2.045005,0.0000e+00
dev-long-03,754,1492,0.000000e+00,9724,9724,2.370620,2.370620,0.0000e+00
dev-long-03,755,2179,0.000000e+00,9724,9724,7.376311,7.376311,0.0000e+00
dev-long-03,756,114833,0.000000e+00,114833,114833,0.002243,0.002243,0.0000e+00
dev-long-03,757,1827,0.000000e+00,1827,1827,0.024159,0.024159,0.0000e+00
dev-long-03,758,108,0.000000e+00,108,108,0.008353,0.008353,0.0000e+00
dev-long-03,759,4420,0.000000e+00,236913,236913,6.994834,6.994834,0.0000e+00
dev-long-03,760,506,0.000000e+00,564,564,1.679836,1.679836,0.0000e+00
dev-long-03,761,10046,0.000000e+00,60556,60556,3.576206,3.576206,0.0000e+00
dev-long-03,762,8189,0.000000e+00,8189,8189,0.000053,0.000053,0.0000e+00
dev-long-03,763,1053,0.000000e+00,1053,1053,0.844917,0.844917,0.0000e+00
dev-long-03,764,8731,0.000000e+00,2378,2378,2.312312,2.312312,0.0000e+00
dev-long-03,765,236764,0.000000e+00,236764,236764,0.015055,0.015055,0.0000e+00
dev-long-03,766,48213,0.000000e+00,48213,48213,0.302824,0.302824,0.0000e+00
dev-long-03,767,3721,0.000000e+00,6812,6812,3.979775,3.979775,0.0000e+00
dev-long-03,768,872,0.000000e+00,506,506,3.612922,3.612922,0.0000e+00
dev-long-03,769,506,0.000000e+00,506,506,0.057727,0.057727,0.0000e+00
dev-long-03,770,10810,0.000000e+00,3730,3730,1.408895,1.408895,0.0000e+00
dev-long-03,771,532,0.000000e+00,236764,236764,1.054033,1.054033,0.0000e+00
dev-long-03,772,4247,0.000000e+00,6812,6812,1.335818,1.335818,0.0000e+00
dev-long-03,773,625,0.000000e+00,625,625,0.000785,0.000785,0.0000e+00
dev-long-03,774,107,0.000000e+00,872,872,15.742491,15.742491,0.0000e+00
dev-long-03,775,59677,0.000000e+00,495,495,3.548132,3.548132,0.0000e+00
dev-long-03,776,506,0.000000e+00,506,506,0.004191,0.004191,0.0000e+00
dev-long-03,777,2214,0.000000e+00,2214,2214,0.384312,0.384312,0.0000e+00
dev-long-03,778,236761,0.000000e+00,236764,236764,1.122492,1.122492,0.0000e+00
dev-long-03,779,999,0.000000e+00,999,999,0.130549,0.130549,0.0000e+00
dev-long-03,780,1509,0.000000e+00,1509,1509,0.552372,0.552372,0.0000e+00
dev-long-03,781,236858,0.000000e+00,563,563,6.388162,6.388162,0.0000e+00
dev-long-03,782,236751,0.000000e+00,236751,236751,0.000002,0.000002,0.0000e+00
dev-long-03,783,496,0.000000e+00,496,496,0.706717,0.706717,0.0000e+00
dev-long-03,784,7326,0.000000e+00,37065,37065,14.687061,14.687061,0.0000e+00
dev-long-03,785,1920,0.000000e+00,1920,1920,0.476833,0.476833,0.0000e+00
dev-long-03,786,3210,0.000000e+00,10810,10810,2.420365,2.420365,0.0000e+00
dev-long-03,787,2130,0.000000e+00,2130,2130,0.982115,0.982115,0.0000e+00
dev-long-03,788,1176,0.000000e+00,668,668,8.213206,8.213206,0.0000e+00
dev-long-03,789,668,0.000000e+00,668,668,0.000890,0.000890,0.0000e+00
dev-long-03,790,236761,0.000000e+00,236761,236761,0.603804,0.603804,0.0000e+00
dev-long-03,791,999,0.000000e+00,999,999,0.014415,0.014415,0.0000e+00
dev-long-03,792,11896,0.000000e+00,4573,4573,9.886086,9.886086,0.0000e+00
dev-long-03,793,1460,0.000000e+00,496,496,10.025179,10.025179,0.0000e+00
dev-long-03,794,1217,0.000000e+00,506,506,1.569936,1.569936,0.0000e+00
dev-long-03,795,625,0.000000e+00,625,625,0.513049,0.513049,0.0000e+00
dev-long-03,796,107,0.000000e+00,49261,49261,12.802639,12.802639,0.0000e+00
dev-long-03,797,3626,0.000000e+00,236765,236765,8.088074,8.088074,0.0000e+00
dev-long-03,798,35732,0.000000e+00,164127,164127,0.947624,0.947624,0.0000e+00
dev-long-03,799,532,0.000000e+00,236761,236761,7.396327,7.396327,0.0000e+00
dev-long-03,800,114896,0.000000e+00,67257,67257,3.048471,3.048471,0.0000e+00
dev-long-03,801,236761,0.000000e+00,1827,1827,0.928424,0.928424,0.0000e+00
dev-long-03,802,5517,0.000000e+00,1030,1030,10.902516,10.902516,0.0000e+00
dev-long-03,803,3003,0.000000e+00,3003,3003,0.016839,0.016839,0.0000e+00
dev-long-03,804,625,0.000000e+00,236764,236764,6.147993,6.147993,0.0000e+00
dev-long-03,805,563,0.000000e+00,563,563,0.353791,0.353791,0.0000e+00
dev-long-03,806,496,0.000000e+00,711,711,1.612101,1.612101,0.0000e+00
dev-long-03,807,31197,0.000000e+00,37065,37065,16.843134,16.843134,0.0000e+00
dev-long-03,808,532,0.000000e+00,529,529,8.057744,8.057744,0.0000e+00
dev-long-03,809,3213,0.000000e+00,496,496,11.622473,11.622473,0.0000e+00
dev-long-03,810,529,0.000000e+00,529,529,0.256423,0.256423,0.0000e+00
dev-long-03,811,12158,0.000000e+00,784,784,12.721918,12.721918,0.0000e+00
dev-long-03,812,236761,0.000000e+00,236764,236764,1.863970,1.863970,0.0000e+00
dev-long-03,813,107,0.000000e+00,1030,1030,9.949688,9.949688,0.0000e+00
dev-long-03,814,13111,0.000000e+00,236777,236777,8.714731,8.714731,0.0000e+00
dev-long-03,815,1535,0.000000e+00,1822,1822,4.797167,4.797167,0.0000e+00
dev-long-03,816,10810,0.000000e+00,56242,56242,4.591858,4.591858,0.0000e+00
dev-long-03,817,563,0.000000e+00,563,563,1.199653,1.199653,0.0000e+00
dev-long-03,818,236761,0.000000e+00,496,496,6.949389,6.949389,0.0000e+00
dev-long-03,819,2195,0.000000e+00,1452,1452,9.159828,9.159828,0.0000e+00
dev-long-03,820,659,0.000000e+00,659,659,0.585039,0.585039,0.0000e+00
dev-long-03,821,506,0.000000e+00,711,711,1.940310,1.940310,0.0000e+00
dev-long-03,822,40450,0.000000e+00,2307,2307,10.001090,10.001090,0.0000e+00
dev-long-03,823,236858,0.000000e+00,236858,236858,0.100092,0.100092,0.0000e+00
dev-long-03,824,236751,0.000000e+00,236751,236751,0.000002,0.000002,0.0000e+00
dev-long-03,825,4493,0.000000e+00,1852,1852,9.466864,9.466864,0.0000e+00
dev-long-03,826,182838,0.000000e+00,1827,1827,11.413839,11.413839,0.0000e+00
dev-long-03,827,236761,0.000000e+00,1827,1827,1.980504,1.980504,0.0000e+00
dev-long-03,828,799,0.000000e+00,2195,2195,5.848092,5.848092,0.0000e+00
dev-long-03,829,506,0.000000e+00,672,672,1.800553,1.800553,0.0000e+00
dev-long-03,830,6268,0.000000e+00,4916,4916,10.274049,10.274049,0.0000e+00
dev-long-03,831,532,0.000000e+00,10165,10165,5.948407,5.948407,0.0000e+00
dev-long-03,832,107,0.000000e+00,919,919,9.368088,9.368088,0.0000e+00
dev-long-03,833,5006,0.000000e+00,5576,5576,10.271157,10.271157,0.0000e+00
dev-long-03,834,76990,0.000000e+00,236764,236764,4.335195,4.335195,0.0000e+00
dev-long-03,835,1418,0.000000e+00,236764,236764,10.471764,10.471764,0.0000e+00
dev-long-03,836,57187,0.000000e+00,36163,36163,3.319556,3.319556,0.0000e+00
dev-long-03,837,1149,0.000000e+00,563,563,7.036078,7.036078,0.0000e+00
dev-long-03,838,1975,0.000000e+00,577,577,10.425949,10.425949,0.0000e+00
dev-long-03,839,573,0.000000e+00,573,573,0.737008,0.737008,0.0000e+00
dev-long-03,840,496,0.000000e+00,496,496,0.150647,0.150647,0.0000e+00
dev-long-03,841,48804,0.000000e+00,43996,43996,7.264273,7.264273,0.0000e+00
dev-long-03,842,28869,0.000000e+00,4083,4083,2.441659,2.441659,0.0000e+00
dev-long-03,843,236761,0.000000e+00,236761,236761,0.697804,0.697804,0.0000e+00
dev-long-03,844,1174,0.000000e+00,1030,1030,1.870715,1.870715,0.0000e+00
dev-long-03,845,10810,0.000000e+00,886,886,2.975660,2.975660,0.0000e+00
dev-long-03,846,563,0.000000e+00,236764,236764,2.500564,2.500564,0.0000e+00
dev-long-03,847,711,0.000000e+00,496,496,2.255725,2.255725,0.0000e+00
dev-long-03,848,107,0.000000e+00,614,614,11.615746,11.615746,0.0000e+00
dev-long-03,849,40253,0.000000e+00,236746,236746,4.924801,4.924801,0.0000e+00
dev-long-03,850,12571,0.000000e+00,236764,236764,14.066420,14.066420,0.0000e+00
dev-long-03,851,1518,0.000000e+00,1518,1518,0.884965,0.884965,0.0000e+00
dev-long-03,852,2255,0.000000e+00,2255,2255,0.027206,0.027206,0.0000e+00
dev-long-03,853,236761,0.000000e+00,236764,236764,1.258672,1.258672,0.0000e+00
dev-long-03,854,1030,0.000000e+00,1030,1030,0.219709,0.219709,0.0000e+00
dev-long-03,855,691,0.000000e+00,563,563,5.299909,5.299909,0.0000e+00
dev-long-03,856,1765,0.000000e+00,496,496,4.243589,4.243589,0.0000e+00
dev-long-03,857,528,0.000000e+00,528,528,0.770900,0.770900,0.0000e+00
dev-long-03,858,506,0.000000e+00,496,496,1.022588,1.022588,0.0000e+00
dev-long-03,859,11196,0.000000e+00,14836,14836,15.822804,15.822804,0.0000e+00
dev-long-03,860,529,0.000000e+00,529,529,0.037067,0.037067,0.0000e+00
dev-long-03,861,506,0.000000e+00,506,506,0.237706,0.237706,0.0000e+00
dev-long-03,862,3013,0.000000e+00,77634,77634,13.869702,13.869702,0.0000e+00
dev-long-03,863,1088,0.000000e+00,556,556,12.133691,12.133691,0.0000e+00
dev-long-03,864,7940,0.000000e+00,7940,7940,0.316694,0.316694,0.0000e+00
dev-long-03,865,528,0.000000e+00,236764,236764,2.138904,2.138904,0.0000e+00
dev-long-03,866,107,0.000000e+00,506,506,9.877519,9.877519,0.0000e+00
dev-long-03,867,193166,0.000000e+00,31939,31939,8.797364,8.797364,0.0000e+00
dev-long-03,868,5818,0.000000e+00,5818,5818,0.000497,0.000497,0.0000e+00
dev-long-03,869,532,0.000000e+00,236764,236764,4.833320,4.833320,0.0000e+00
dev-long-03,870,563,0.000000e+00,691,691,2.038772,2.038772,0.0000e+00
dev-long-03,871,19374,0.000000e+00,496,496,7.194982,7.194982,0.0000e+00
dev-long-03,872,528,0.000000e+00,573,573,4.548508,4.548508,0.0000e+00
dev-long-03,873,2963,0.000000e+00,1061,1061,9.492135,9.492135,0.0000e+00
dev-long-03,874,1418,0.000000e+00,1010,1010,14.730964,14.730964,0.0000e+00
dev-long-03,875,13629,0.000000e+00,57187,57187,6.132947,6.132947,0.0000e+00
dev-long-03,876,529,0.000000e+00,529,529,0.352761,0.352761,0.0000e+00
dev-long-03,877,506,0.000000e+00,496,496,1.667672,1.667672,0.0000e+00
dev-long-03,878,107,0.000000e+00,3730,3730,9.667271,9.667271,0.0000e+00
dev-long-03,879,4554,0.000000e+00,6700,6700,3.582463,3.582463,0.0000e+00
dev-long-03,880,59480,0.000000e+00,59480,59480,0.001214,0.001214,0.0000e+00
dev-long-03,881,2700,0.000000e+00,2700,2700,0.000125,0.000125,0.0000e+00
dev-long-03,882,236764,0.000000e+00,236761,236761,1.480394,1.480394,0.0000e+00
dev-long-03,883,5383,0.000000e+00,3635,3635,5.776226,5.776226,0.0000e+00
dev-long-03,884,600,0.000000e+00,573,573,1.387379,1.387379,0.0000e+00
dev-long-03,885,625,0.000000e+00,625,625,0.082498,0.082498,0.0000e+00
dev-long-03,886,563,0.000000e+00,563,563,0.129731,0.129731,0.0000e+00
dev-long-03,887,3730,0.000000e+00,496,496,6.992340,6.992340,0.0000e+00
dev-long-03,888,528,0.000000e+00,236764,236764,4.719754,4.719754,0.0000e+00
dev-long-03,889,23791,0.000000e+00,506,506,6.691899,6.691899,0.0000e+00
dev-long-03,890,5205,0.000000e+00,236764,236764,5.213853,5.213853,0.0000e+00
dev-long-03,891,529,0.000000e+00,529,529,0.000570,0.000570,0.0000e+00
dev-long-03,892,70881,0.000000e+00,2604,2604,6.171705,6.171705,0.0000e+00
dev-long-03,893,2604,0.000000e+00,1827,1827,4.114059,4.114059,0.0000e+00
dev-long-03,894,236761,0.000000e+00,1827,1827,1.445559,1.445559,0.0000e+00
dev-long-03,895,799,0.000000e+00,1030,1030,3.816397,3.816397,0.0000e+00
dev-long-03,896,28719,0.000000e+00,506,506,8.501317,8.501317,0.0000e+00
dev-long-03,897,107,0.000000e+00,529,529,15.142464,15.142464,0.0000e+00
dev-long-03,898,1340,0.000000e+00,1340,1340,0.008323,0.008323,0.0000e+00
dev-long-03,899,1061,0.000000e+00,1061,1061,0.272759,0.272759,0.0000e+00
dev-long-03,900,10974,0.000000e+00,10974,10974,1.449134,1.449134,0.0000e+00
dev-long-03,901,236764,0.000000e+00,236764,236764,0.105591,0.105591,0.0000e+00
dev-long-03,902,625,0.000000e+00,625,625,0.303421,0.303421,0.0000e+00
dev-long-03,903,815,0.000000e+00,563,563,1.399538,1.399538,0.0000e+00
dev-long-03,904,3016,0.000000e+00,496,496,3.453413,3.453413,0.0000e+00
dev-long-03,905,496,0.000000e+00,1010,1010,8.918245,8.918245,0.0000e+00
dev-long-03,906,99870,0.000000e+00,4083,4083,9.901003,9.901003,0.0000e+00
dev-long-03,907,4083,0.000000e+00,4083,4083,0.271956,0.271956,0.0000e+00
dev-long-03,908,236761,0.000000e+00,1827,1827,1.318593,1.318593,0.0000e+00
dev-long-03,909,2085,0.000000e+00,1030,1030,7.368341,7.368341,0.0000e+00
dev-long-03,910,735,0.000000e+00,563,563,6.247379,6.247379,0.0000e+00
dev-long-03,911,1010,0.000000e+00,1010,1010,0.002582,0.002582,0.0000e+00
dev-long-03,912,1156,0.000000e+00,7248,7248,8.234113,8.234113,0.0000e+00
dev-long-03,913,107,0.000000e+00,1032,1032,12.952343,12.952343,0.0000e+00
dev-long-03,914,46955,0.000000e+00,27923,27923,8.890690,8.890690,0.0000e+00
dev-long-03,915,14425,0.000000e+00,14425,14425,0.002566,0.002566,0.0000e+00
dev-long-03,916,236764,0.000000e+00,5143,5143,5.522302,5.522302,0.0000e+00
dev-long-03,917,496,0.000000e+00,532,532,5.815484,5.815484,0.0000e+00
dev-long-03,918,8160,0.000000e+00,880,880,20.773070,20.773070,0.0000e+00
dev-long-03,919,202676,0.000000e+00,202676,202676,0.250701,0.250701,0.0000e+00
dev-long-03,920,236772,0.000000e+00,676,676,1.109526,1.109526,0.0000e+00
dev-long-03,921,181900,0.000000e+00,120069,120069,8.548568,8.548568,0.0000e+00
dev-long-03,922,236764,0.000000e+00,236764,236764,1.359862,1.359862,0.0000e+00
dev-long-03,923,496,0.000000e+00,532,532,3.924469,3.924469,0.0000e+00
dev-long-03,924,29101,0.000000e+00,880,880,6.587370,6.587370,0.0000e+00
dev-long-03,925,236764,0.000000e+00,236764,236764,0.166294,0.166294,0.0000e+00
dev-long-03,926,532,0.000000e+00,1800,1800,1.648026,1.648026,0.0000e+00
dev-long-03,927,3131,0.000000e+00,496,496,4.082053,4.082053,0.0000e+00
dev-long-03,928,179065,0.000000e+00,1032,1032,4.270067,4.270067,0.0000e+00
dev-long-03,929,6111,0.000000e+00,5143,5143,10.442335,10.442335,0.0000e+00
dev-long-03,930,107,0.000000e+00,1003,1003,11.265489,11.265489,0.0000e+00
dev-long-03,931,9869,0.000000e+00,1071,1071,4.444379,4.444379,0.0000e+00
dev-long-03,932,573,0.000000e+00,684,684,9.569851,9.569851,0.0000e+00
dev-long-03,933,506,0.000000e+00,672,672,2.370189,2.370189,0.0000e+00
dev-long-03,934,24273,0.000000e+00,13783,13783,4.074365,4.074365,0.0000e+00
dev-long-03,935,529,0.000000e+00,529,529,0.000102,0.000102,0.0000e+00
dev-long-03,936,672,0.000000e+00,506,506,2.648889,2.648889,0.0000e+00
dev-long-03,937,28959,0.000000e+00,10810,10810,16.332657,16.332657,0.0000e+00
dev-long-03,938,236772,0.000000e+00,236772,236772,0.006351,0.006351,0.0000e+00
dev-long-03,939,99208,0.000000e+00,3704,3704,14.003341,14.003341,0.0000e+00
dev-long-03,940,3825,0.000000e+00,10810,10810,9.931857,9.931857,0.0000e+00
dev-long-03,941,529,0.000000e+00,1827,1827,2.683602,2.683602,0.0000e+00
dev-long-03,942,22453,0.000000e+00,10810,10810,8.489075,8.489075,0.0000e+00
dev-long-03,943,2470,0.000000e+00,2470,2470,0.008599,0.008599,0.0000e+00
dev-long-03,944,45450,0.000000e+00,16966,16966,12.096437,12.096437,0.0000e+00
dev-long-03,945,236761,0.000000e+00,1827,1827,0.716554,0.716554,0.0000e+00
dev-long-03,946,107,0.000000e+00,1030,1030,9.868072,9.868072,0.0000e+00
dev-long-03,947,15938,0.000000e+00,2094,2094,9.596537,9.596537,0.0000e+00
dev-long-03,948,1093,0.000000e+00,10077,10077,1.475983,1.475983,0.0000e+00
dev-long-03,949,1751,0.000000e+00,611,611,3.505036,3.505036,0.0000e+00
dev-long-03,950,600,0.000000e+00,600,600,0.259808,0.259808,0.0000e+00
dev-long-03,951,834,0.000000e+00,1288,1288,5.137343,5.137343,0.0000e+00
dev-long-03,952,5497,0.000000e+00,1944,1944,10.327990,10.327990,0.0000e+00
dev-long-03,953,496,0.000000e+00,496,496,0.012816,0.012816,0.0000e+00
dev-long-03,954,18935,0.000000e+00,10810,10810,5.026282,5.026282,0.0000e+00
dev-long-03,955,1093,0.000000e+00,1451,1451,4.909665,4.909665,0.0000e+00
dev-long-03,956,577,0.000000e+00,577,577,0.573174,0.573174,0.0000e+00
dev-long-03,957,496,0.000000e+00,496,496,0.631922,0.631922,0.0000e+00
dev-long-03,958,2076,0.000000e+00,31197,31197,11.798813,11.798813,0.0000e+00
dev-long-03,959,187592,0.000000e+00,187592,187592,0.001907,0.001907,0.0000e+00
dev-long-03,960,531,0.000000e+00,529,529,4.328030,4.328030,0.0000e+00
dev-long-03,961,506,0.000000e+00,1288,1288,5.811918,5.811918,0.0000e+00
dev-long-03,962,549,0.000000e+00,1346,1346,8.494544,8.494544,0.0000e+00
dev-long-03,963,56201,0.000000e+00,56201,56201,0.000452,0.000452,0.0000e+00
dev-long-03,964,107,0.000000e+00,1827,1827,16.729945,16.729945,0.0000e+00
dev-long-03,965,624,0.000000e+00,624,624,0.114996,0.114996,0.0000e+00
dev-long-03,966,506,0.000000e+00,506,506,0.126470,0.126470,0.0000e+00
dev-long-03,967,10894,0.000000e+00,23674,23674,4.394794,4.394794,0.0000e+00
dev-long-03,968,236881,0.000000e+00,9377,9377,3.458582,3.458582,0.0000e+00
dev-long-03,969,564,0.000000e+00,1030,1030,3.098673,3.098673,0.0000e+00
dev-long-03,970,236858,0.000000e+00,1006,1006,6.893626,6.893626,0.0000e+00
dev-long-03,971,859,0.000000e+00,560,560,2.227497,2.227497,0.0000e+00
dev-long-03,972,6623,0.000000e+00,2514,2514,9.805223,9.805223,0.0000e+00
dev-long-03,973,625,0.000000e+00,625,625,0.017686,0.017686,0.0000e+00
dev-long-03,974,872,0.000000e+00,3121,3121,2.931818,2.931818,0.0000e+00
dev-long-03,975,528,0.000000e+00,573,573,1.405338,1.405338,0.0000e+00
dev-long-03,976,1041,0.000000e+00,1041,1041,0.654305,0.654305,0.0000e+00
dev-long-03,977,3188,0.000000e+00,6338,6338,3.032208,3.032208,0.0000e+00
dev-long-03,978,3673,0.000000e+00,236772,236772,1.574033,1.574033,0.0000e+00
dev-long-03,979,1492,0.000000e+00,573,573,9.028869,9.028869,0.0000e+00
dev-long-03,980,532,0.000000e+00,1827,1827,7.425838,7.425838,0.0000e+00
dev-long-03,981,7266,0.000000e+00,10849,10849,13.212850,13.212850,0.0000e+00
dev-long-03,982,496,0.000000e+00,625,625,4.159670,4.159670,0.0000e+00
dev-long-03,983,1757,0.000000e+00,5433,5433,2.701192,2.701192,0.0000e+00
dev-long-03,984,531,0.000000e+00,531,531,0.004503,0.004503,0.0000e+00
dev-long-03,985,107,0.000000e+00,506,506,11.882076,11.882076,0.0000e+00
dev-long-03,986,1437,0.000000e+00,1437,1437,0.679329,0.679329,0.0000e+00
dev-long-03,987,146807,0.000000e+00,146807,146807,0.575746,0.575746,0.0000e+00
dev-long-03,988,531,0.000000e+00,529,529,4.710477,4.710477,0.0000e+00
dev-long-03,989,1879,0.000000e+00,1573,1573,4.576181,4.576181,0.0000e+00
dev-long-03,990,600,0.000000e+00,600,600,0.234967,0.234967,0.0000e+00
dev-long-03,991,692,0.000000e+00,564,564,4.414719,4.414719,0.0000e+00
dev-long-03,992,735,0.000000e+00,735,735,0.095472,0.095472,0.0000e+00
dev-long-03,993,625,0.000000e+00,625,625,1.581161,1.581161,0.0000e+00
dev-long-03,994,1827,0.000000e+00,1827,1827,0.075275,0.075275,0.0000e+00
dev-long-03,995,108,0.000000e+00,108,108,0.034475,0.034475,0.0000e+00
dev-long-03,996,236913,0.000000e+00,2094,2094,5.348138,5.348138,0.0000e+00
dev-long-03,997,6294,0.000000e+00,236776,236776,5.756816,5.756816,0.0000e+00
dev-long-03,998,611,0.000000e+00,611,611,0.006025,0.006025,0.0000e+00
dev-long-03,999,1751,0.000000e+00,1751,1751,0.091403,0.091403,0.0000e+00
dev-long-03,1000,600,0.000000e+00,625,625,2.376499,2.376499,0.0000e+00
dev-long-03,1001,672,0.000000e+00,625,625,2.027780,2.027780,0.0000e+00
dev-long-03,1002,880,0.000000e+00,795,795,6.172762,6.172762,0.0000e+00
dev-long-03,1003,151504,0.000000e+00,563,563,19.374245,19.374245,0.0000e+00
dev-long-03,1004,563,0.000000e+00,236764,236764,1.601267,1.601267,0.0000e+00
dev-long-03,1005,32884,0.000000e+00,6638,6638,4.072650,4.072650,0.0000e+00
dev-long-03,1006,9377,0.000000e+00,9377,9377,0.016957,0.016957,0.0000e+00
dev-long-03,1007,108,0.000000e+00,108,108,0.000110,0.000110,0.0000e+00
dev-long-03,1008,236913,0.000000e+00,236913,236913,0.005909,0.005909,0.0000e+00
dev-long-03,1009,236777,0.000000e+00,236777,236777,1.180165,1.180165,0.0000e+00
dev-long-03,1010,3914,0.000000e+00,776,776,1.609092,1.609092,0.0000e+00
dev-long-03,1011,3442,0.000000e+00,1879,1879,3.841017,3.841017,0.0000e+00
dev-long-03,1012,1827,0.000000e+00,611,611,3.519965,3.519965,0.0000e+00
dev-long-03,1013,108,0.000000e+00,108,108,0.003609,0.003609,0.0000e+00
dev-long-03,1014,236913,0.000000e+00,13513,13513,1.354568,1.354568,0.0000e+00
dev-long-03,1015,13086,0.000000e+00,3133,3133,3.760017,3.760017,0.0000e+00
dev-long-03,1016,236764,0.000000e+00,236764,236764,0.006872,0.006872,0.0000e+00
dev-long-03,1017,1299,0.000000e+00,17536,17536,4.862056,4.862056,0.0000e+00
dev-long-03,1018,236764,0.000000e+00,9377,9377,1.517288,1.517288,0.0000e+00
dev-long-03,1019,776,0.000000e+00,692,692,7.513337,7.513337,0.0000e+00
dev-long-03,1020,611,0.000000e+00,611,611,0.004927,0.004927,0.0000e+00
dev-long-03,1021,14011,0.000000e+00,1751,1751,9.389707,9.389707,0.0000e+00
dev-long-03,1022,600,0.000000e+00,668,668,0.913641,0.913641,0.0000e+00
dev-long-03,1023,672,0.000000e+00,3186,3186,1.846081,1.846081,0.0000e+00
dev-corpus-00,1024,22903,0.000000e+00,578,578,22.828038,22.828038,0.0000e+00
dev-corpus-00,1025,36189,0.000000e+00,529,529,16.216285,16.216285,0.0000e+00
dev-corpus-00,1026,12307,0.000000e+00,2876,2876,3.881276,3.881276,0.0000e+00
dev-corpus-00,1027,568,0.000000e+00,236761,236761,3.179799,3.179799,0.0000e+00
dev-corpus-00,1028,60904,0.000000e+00,236774,236774,38.107628,38.107628,0.0000e+00
dev-corpus-00,1029,1031,0.000000e+00,236768,236768,10.000824,10.000824,0.0000e+00
dev-corpus-00,1030,23468,0.000000e+00,23468,23468,0.675947,0.675947,0.0000e+00
dev-corpus-00,1031,1732,0.000000e+00,236768,236768,4.182654,4.182654,0.0000e+00
dev-corpus-00,1032,578,0.000000e+00,107,107,3.649535,3.649535,0.0000e+00
dev-corpus-00,1033,236743,0.000000e+00,22903,22903,5.852151,5.852151,0.0000e+00
dev-corpus-00,1034,107,0.000000e+00,236770,236770,1.997435,1.997435,0.0000e+00
dev-corpus-00,1035,236743,0.000000e+00,236784,236784,3.321596,3.321596,0.0000e+00
dev-corpus-00,1036,107,0.000000e+00,107,107,0.011209,0.011209,0.0000e+00
dev-corpus-00,1037,22903,0.000000e+00,236743,236743,5.408508,5.408508,0.0000e+00
dev-corpus-00,1038,36189,0.000000e+00,36189,36189,0.004990,0.004990,0.0000e+00
dev-corpus-00,1039,12307,0.000000e+00,12307,12307,0.000047,0.000047,0.0000e+00
dev-corpus-00,1040,568,0.000000e+00,568,568,0.036819,0.036819,0.0000e+00
dev-corpus-00,1041,51878,0.000000e+00,60904,60904,21.341196,21.341196,0.0000e+00
dev-corpus-00,1042,1017,0.000000e+00,236764,236764,4.987517,4.987517,0.0000e+00
dev-corpus-00,1043,135509,0.000000e+00,135509,135509,0.586896,0.586896,0.0000e+00
dev-corpus-00,1044,190201,0.000000e+00,190201,190201,0.000731,0.000731,0.0000e+00
dev-corpus-00,1045,1732,0.000000e+00,236768,236768,2.214043,2.214043,0.0000e+00
dev-corpus-00,1046,563,0.000000e+00,563,563,0.527968,0.527968,0.0000e+00
dev-corpus-00,1047,496,0.000000e+00,496,496,0.050714,0.050714,0.0000e+00
dev-corpus-00,1048,94386,0.000000e+00,33951,33951,9.549758,9.549758,0.0000e+00
dev-corpus-00,1049,617,0.000000e+00,617,617,0.000000,0.000000,0.0000e+00
dev-corpus-00,1050,125039,0.000000e+00,19231,19231,3.684823,3.684823,0.0000e+00
dev-corpus-00,1051,5628,0.000000e+00,5628,5628,0.107922,0.107922,0.0000e+00
dev-corpus-00,1052,657,0.000000e+00,528,528,7.238538,7.238538,0.0000e+00
dev-corpus-00,1053,236743,0.000000e+00,236743,236743,0.036611,0.036611,0.0000e+00
dev-corpus-00,1054,236770,0.000000e+00,236770,236770,0.379366,0.379366,0.0000e+00
dev-corpus-00,1055,236770,0.000000e+00,236771,236771,1.949828,1.949828,0.0000e+00
dev-corpus-00,1056,236832,0.000000e+00,236771,236771,3.735913,3.735913,0.0000e+00
dev-corpus-00,1057,236810,0.000000e+00,236771,236771,1.806506,1.806506,0.0000e+00
dev-corpus-00,1058,7123,0.000000e+00,645,645,6.501917,6.501917,0.0000e+00
dev-corpus-00,1059,236743,0.000000e+00,236743,236743,2.340900,2.340900,0.0000e+00
dev-corpus-00,1060,236778,0.000000e+00,236770,236770,2.767740,2.767740,0.0000e+00
dev-corpus-00,1061,236819,0.000000e+00,523,523,8.069153,8.069153,0.0000e+00
dev-corpus-00,1062,594,0.000000e+00,594,594,0.000142,0.000142,0.0000e+00
dev-corpus-00,1063,17463,0.000000e+00,6718,6718,2.248479,2.248479,0.0000e+00
dev-corpus-00,1064,528,0.000000e+00,528,528,0.252061,0.252061,0.0000e+00
dev-corpus-00,1065,60904,0.000000e+00,60904,60904,0.007008,0.007008,0.0000e+00
dev-corpus-00,1066,1031,0.000000e+00,236764,236764,12.369971,12.369971,0.0000e+00
dev-corpus-00,1067,23468,0.000000e+00,23468,23468,0.012262,0.012262,0.0000e+00
dev-corpus-00,1068,783,0.000000e+00,236761,236761,2.300583,2.300583,0.0000e+00
dev-corpus-00,1069,84225,0.000000e+00,1030,1030,7.158929,7.158929,0.0000e+00
dev-corpus-00,1070,528,0.000000e+00,528,528,0.117483,0.117483,0.0000e+00
dev-corpus-00,1071,506,0.000000e+00,236743,236743,5.090478,5.090478,0.0000e+00
dev-corpus-00,1072,3649,0.000000e+00,3649,3649,0.389859,0.389859,0.0000e+00
dev-corpus-00,1073,236743,0.000000e+00,236743,236743,0.002053,0.002053,0.0000e+00
dev-corpus-00,1074,236770,0.000000e+00,236778,236778,1.110091,1.110091,0.0000e+00
dev-corpus-00,1075,236819,0.000000e+00,236819,236819,0.001205,0.001205,0.0000e+00
dev-corpus-00,1076,236800,0.000000e+00,236771,236771,3.796774,3.796774,0.0000e+00
dev-corpus-00,1077,236771,0.000000e+00,236771,236771,0.000001,0.000001,0.0000e+00
dev-corpus-00,1078,236751,0.000000e+00,236751,236751,0.000032,0.000032,0.0000e+00
dev-corpus-00,1079,618,0.000000e+00,236764,236764,7.894335,7.894335,0.0000e+00
dev-corpus-00,1080,496,0.000000e+00,496,496,0.234186,0.234186,0.0000e+00
dev-corpus-00,1081,57577,0.000000e+00,33951,33951,5.008891,5.008891,0.0000e+00
dev-corpus-00,1082,57505,0.000000e+00,57505,57505,0.076675,0.076675,0.0000e+00
dev-corpus-00,1083,1031,0.000000e+00,236764,236764,10.393236,10.393236,0.0000e+00
dev-corpus-00,1084,36189,0.000000e+00,625,625,10.787289,10.787289,0.0000e+00
dev-corpus-00,1085,12307,0.000000e+00,12307,12307,0.000047,0.000047,0.0000e+00
dev-corpus-00,1086,691,0.000000e+00,7779,7779,1.604102,1.604102,0.0000e+00
dev-corpus-00,1087,573,0.000000e+00,3209,3209,9.303916,9.303916,0.0000e+00
dev-corpus-00,1088,1551,0.000000e+00,496,496,2.680382,2.680382,0.0000e+00
dev-corpus-00,1089,13013,0.000000e+00,1518,1518,3.461425,3.461425,0.0000e+00
dev-corpus-00,1090,506,0.000000e+00,496,496,3.782052,3.782052,0.0000e+00
dev-corpus-00,1091,1186,0.000000e+00,5905,5905,3.773981,3.773981,0.0000e+00
dev-corpus-00,1092,125039,0.000000e+00,19231,19231,5.184452,5.184452,0.0000e+00
dev-corpus-00,1093,528,0.000000e+00,528,528,0.076685,0.076685,0.0000e+00
dev-corpus-00,1094,60904,0.000000e+00,60904,60904,0.181590,0.181590,0.0000e+00
dev-corpus-00,1095,783,0.000000e+00,236764,236764,3.952716,3.952716,0.0000e+00
dev-corpus-00,1096,236743,0.000000e+00,1030,1030,4.055776,4.055776,0.0000e+00
dev-corpus-00,1097,107,0.000000e+00,107,107,0.048763,0.048763,0.0000e+00
dev-corpus-00,1098,669,0.000000e+00,236743,236743,12.899635,12.899635,0.0000e+00
dev-corpus-00,1099,57505,0.000000e+00,57505,57505,0.213522,0.213522,0.0000e+00
dev-corpus-00,1100,14877,0.000000e+00,130661,130661,5.521857,5.521857,0.0000e+00
dev-corpus-00,1101,127272,0.000000e+00,7779,7779,5.706580,5.706580,0.0000e+00
dev-corpus-00,1102,528,0.000000e+00,528,528,0.160143,0.160143,0.0000e+00
dev-corpus-00,1103,496,0.000000e+00,496,496,0.338659,0.338659,0.0000e+00
dev-corpus-00,1104,16952,0.000000e+00,54277,54277,6.701785,6.701785,0.0000e+00
dev-corpus-00,1105,3155,0.000000e+00,3788,3788,2.930067,2.930067,0.0000e+00
dev-corpus-00,1106,580,0.000000e+00,236761,236761,3.252441,3.252441,0.0000e+00
dev-corpus-00,1107,4844,0.000000e+00,7123,7123,3.234182,3.234182,0.0000e+00
dev-corpus-00,1108,85797,0.000000e+00,236743,236743,9.015541,9.015541,0.0000e+00
dev-corpus-00,1109,6718,0.000000e+00,6718,6718,0.051997,0.051997,0.0000e+00
dev-corpus-00,1110,783,0.000000e+00,236761,236761,5.323575,5.323575,0.0000e+00
dev-corpus-00,1111,1030,0.000000e+00,7178,7178,4.672606,4.672606,0.0000e+00
dev-corpus-00,1112,14494,0.000000e+00,3209,3209,12.956366,12.956366,0.0000e+00
dev-corpus-00,1113,1061,0.000000e+00,1061,1061,0.307220,0.307220,0.0000e+00
dev-corpus-00,1114,1171,0.000000e+00,1171,1171,0.215216,0.215216,0.0000e+00
dev-corpus-00,1115,3788,0.000000e+00,11554,11554,4.848020,4.848020,0.0000e+00
dev-corpus-00,1116,580,0.000000e+00,528,528,1.143251,1.143251,0.0000e+00
dev-corpus-00,1117,30128,0.000000e+00,4844,4844,9.317773,9.317773,0.0000e+00
dev-corpus-00,1118,6718,0.000000e+00,17463,17463,3.022401,3.022401,0.0000e+00
dev-corpus-00,1119,528,0.000000e+00,528,528,0.965132,0.965132,0.0000e+00
dev-corpus-00,1120,236743,0.000000e+00,506,506,2.027220,2.027220,0.0000e+00
dev-corpus-00,1121,236770,0.000000e+00,236770,236770,0.000026,0.000026,0.0000e+00
dev-corpus-00,1122,236819,0.000000e+00,236819,236819,0.000358,0.000358,0.0000e+00
dev-corpus-00,1123,236810,0.000000e+00,236812,236812,2.101412,2.101412,0.0000e+00
dev-corpus-00,1124,236778,0.000000e+00,236771,236771,2.066750,2.066750,0.0000e+00
dev-corpus-00,1125,1031,0.000000e+00,236761,236761,7.770073,7.770073,0.0000e+00
dev-corpus-00,1126,532,0.000000e+00,532,532,0.151089,0.151089,0.0000e+00
dev-corpus-00,1127,21907,0.000000e+00,3209,3209,11.353262,11.353262,0.0000e+00
dev-corpus-00,1128,1061,0.000000e+00,1061,1061,0.311247,0.311247,0.0000e+00
dev-corpus-00,1129,1873,0.000000e+00,1873,1873,0.055395,0.055395,0.0000e+00
dev-corpus-00,1130,193257,0.000000e+00,4563,4563,15.768235,15.768235,0.0000e+00
dev-corpus-00,1131,1392,0.000000e+00,236772,236772,23.075924,23.075924,0.0000e+00
dev-corpus-00,1132,236772,0.000000e+00,18663,18663,8.629947,8.629947,0.0000e+00
dev-corpus-00,1133,236940,0.000000e+00,94636,94636,18.905390,18.905390,0.0000e+00
dev-corpus-00,1134,53003,0.000000e+00,19743,19743,4.710662,4.710662,0.0000e+00
dev-corpus-00,1135,8848,0.000000e+00,10056,10056,5.862306,5.862306,0.0000e+00
dev-corpus-00,1136,528,0.000000e+00,528,528,0.359578,0.359578,0.0000e+00
dev-corpus-00,1137,236743,0.000000e+00,236743,236743,0.029745,0.029745,0.0000e+00
dev-corpus-00,1138,236778,0.000000e+00,236770,236770,3.175765,3.175765,0.0000e+00
dev-corpus-00,1139,236771,0.000000e+00,236771,236771,0.000063,0.000063,0.0000e+00
dev-corpus-00,1140,236771,0.000000e+00,236771,236771,0.176201,0.176201,0.0000e+00
dev-corpus-00,1141,236828,0.000000e+00,236770,236770,2.404655,2.404655,0.0000e+00
dev-corpus-00,1142,783,0.000000e+00,236761,236761,3.445297,3.445297,0.0000e+00
dev-corpus-00,1143,236743,0.000000e+00,107,107,2.248359,2.248359,0.0000e+00
dev-corpus-00,1144,107,0.000000e+00,107,107,0.054339,0.054339,0.0000e+00
dev-corpus-00,1145,799,0.000000e+00,236743,236743,10.259613,10.259613,0.0000e+00
dev-corpus-00,1146,506,0.000000e+00,236743,236743,1.904549,1.904549,0.0000e+00
dev-corpus-00,1147,3649,0.000000e+00,57505,57505,2.177620,2.177620,0.0000e+00
dev-corpus-00,1148,236743,0.000000e+00,236743,236743,0.001561,0.001561,0.0000e+00
dev-corpus-00,1149,236770,0.000000e+00,236770,236770,0.684932,0.684932,0.0000e+00
dev-corpus-00,1150,236819,0.000000e+00,236819,236819,0.000067,0.000067,0.0000e+00
dev-corpus-00,1151,236819,0.000000e+00,236819,236819,0.666887,0.666887,0.0000e+00
dev-corpus-00,1152,236771,0.000000e+00,236771,236771,0.000015,0.000015,0.0000e+00
dev-corpus-00,1153,236751,0.000000e+00,236751,236751,0.000010,0.000010,0.0000e+00
dev-corpus-00,1154,12160,0.000000e+00,236764,236764,19.105265,19.105265,0.0000e+00
dev-corpus-00,1155,1534,0.000000e+00,5378,5378,3.826700,3.826700,0.0000e+00
dev-corpus-00,1156,65248,0.000000e+00,506,506,13.446918,13.446918,0.0000e+00
dev-corpus-00,1157,532,0.000000e+00,532,532,0.033683,0.033683,0.0000e+00
dev-corpus-00,1158,6672,0.000000e+00,6672,6672,0.283073,0.283073,0.0000e+00
dev-corpus-00,1159,3295,0.000000e+00,617,617,8.428486,8.428486,0.0000e+00
dev-corpus-00,1160,5378,0.000000e+00,5378,5378,0.062262,0.062262,0.0000e+00
dev-corpus-00,1161,531,0.000000e+00,531,531,0.015993,0.015993,0.0000e+00
dev-corpus-00,1162,506,0.000000e+00,496,496,3.230835,3.230835,0.0000e+00
dev-corpus-00,1163,9014,0.000000e+00,57505,57505,11.487517,11.487517,0.0000e+00
dev-corpus-00,1164,9542,0.000000e+00,2299,2299,2.598478,2.598478,0.0000e+00
dev-corpus-00,1165,36189,0.000000e+00,506,506,8.226494,8.226494,0.0000e+00
dev-corpus-00,1166,12307,0.000000e+00,12307,12307,0.000020,0.000020,0.0000e+00
dev-corpus-00,1167,1031,0.000000e+00,236761,236761,8.161865,8.161865,0.0000e+00
dev-corpus-00,1168,532,0.000000e+00,532,532,0.885870,0.885870,0.0000e+00
dev-corpus-00,1169,18911,0.000000e+00,506,506,10.007976,10.007976,0.0000e+00
dev-corpus-00,1170,506,0.000000e+00,496,496,3.287713,3.287713,0.0000e+00
dev-corpus-00,1171,58810,0.000000e+00,22903,22903,5.756316,5.756316,0.0000e+00
dev-corpus-00,1172,171740,0.000000e+00,57505,57505,3.700673,3.700673,0.0000e+00
dev-corpus-00,1173,562,0.000000e+00,529,529,9.922528,9.922528,0.0000e+00
dev-corpus-00,1174,7590,0.000000e+00,7590,7590,0.384635,0.384635,0.0000e+00
dev-corpus-00,1175,527,0.000000e+00,651,651,5.013851,5.013851,0.0000e+00
dev-corpus-00,1176,73706,0.000000e+00,895,895,9.172655,9.172655,0.0000e+00
dev-corpus-00,1177,783,0.000000e+00,528,528,12.827104,12.827104,0.0000e+00
dev-corpus-00,1178,36189,0.000000e+00,107,107,6.500648,6.500648,0.0000e+00
dev-corpus-00,1179,12307,0.000000e+00,12307,12307,0.000030,0.000030,0.0000e+00
dev-corpus-00,1180,3588,0.000000e+00,21211,21211,14.243757,14.243757,0.0000e+00
dev-corpus-00,1181,1208,0.000000e+00,531,531,6.507048,6.507048,0.0000e+00
dev-corpus-00,1182,4657,0.000000e+00,506,506,15.109230,15.109230,0.0000e+00
dev-corpus-00,1183,699,0.000000e+00,699,699,0.290482,0.290482,0.0000e+00
dev-corpus-00,1184,53126,0.000000e+00,506,506,7.838486,7.838486,0.0000e+00
dev-corpus-00,1185,1392,0.000000e+00,236772,236772,34.281032,34.281032,0.0000e+00
dev-corpus-00,1186,236772,0.000000e+00,236772,236772,0.057978,0.057978,0.0000e+00
dev-corpus-00,1187,236940,0.000000e+00,236940,236940,0.091081,0.091081,0.0000e+00
dev-corpus-00,1188,54077,0.000000e+00,30268,30268,4.590507,4.590507,0.0000e+00
dev-corpus-00,1189,3295,0.000000e+00,4402,4402,9.888968,9.888968,0.0000e+00
dev-corpus-00,1190,529,0.000000e+00,528,528,4.990959,4.990959,0.0000e+00
dev-corpus-00,1191,506,0.000000e+00,506,506,0.126844,0.126844,0.0000e+00
dev-corpus-00,1192,116663,0.000000e+00,2263,2263,22.320831,22.320831,0.0000e+00
dev-corpus-00,1193,7171,0.000000e+00,42028,42028,4.648043,4.648043,0.0000e+00
dev-corpus-00,1194,10911,0.000000e+00,528,528,13.903846,13.903846,0.0000e+00
dev-corpus-00,1195,1031,0.000000e+00,236761,236761,10.306839,10.306839,0.0000e+00
dev-corpus-00,1196,528,0.000000e+00,840,840,2.714550,2.714550,0.0000e+00
dev-corpus-00,1197,236743,0.000000e+00,506,506,1.561258,1.561258,0.0000e+00
dev-corpus-00,1198,236770,0.000000e+00,236770,236770,0.007770,0.007770,0.0000e+00
dev-corpus-00,1199,236819,0.000000e+00,236819,236819,0.000094,0.000094,0.0000e+00
dev-corpus-00,1200,236819,0.000000e+00,236800,236800,2.067223,2.067223,0.0000e+00
dev-corpus-00,1201,236812,0.000000e+00,236770,236770,2.221580,2.221580,0.0000e+00
dev-corpus-00,1202,532,0.000000e+00,532,532,0.000705,0.000705,0.0000e+00
dev-corpus-00,1203,1570,0.000000e+00,236743,236743,4.294901,4.294901,0.0000e+00
dev-corpus-00,1204,528,0.000000e+00,528,528,0.010838,0.010838,0.0000e+00
dev-corpus-00,1205,236743,0.000000e+00,236743,236743,0.002254,0.002254,0.0000e+00
dev-corpus-00,1206,236778,0.000000e+00,236778,236778,0.048502,0.048502,0.0000e+00
dev-corpus-00,1207,236771,0.000000e+00,236771,236771,0.000028,0.000028,0.0000e+00
dev-corpus-00,1208,236771,0.000000e+00,236771,236771,0.046232,0.046232,0.0000e+00
dev-corpus-00,1209,236778,0.000000e+00,236770,236770,2.055884,2.055884,0.0000e+00
dev-corpus-00,1210,783,0.000000e+00,236761,236761,3.321402,3.321402,0.0000e+00
dev-corpus-00,1211,799,0.000000e+00,107,107,6.476037,6.476037,0.0000e+00
dev-corpus-00,1212,1800,0.000000e+00,236743,236743,9.834711,9.834711,0.0000e+00
dev-corpus-00,1213,3636,0.000000e+00,16787,16787,4.701352,4.701352,0.0000e+00
dev-corpus-00,1214,506,0.000000e+00,236764,236764,3.771027,3.771027,0.0000e+00
dev-corpus-00,1215,109779,0.000000e+00,57505,57505,8.455122,8.455122,0.0000e+00
dev-corpus-00,1216,964,0.000000e+00,964,964,0.014057,0.014057,0.0000e+00
dev-corpus-00,1217,12956,0.000000e+00,16782,16782,6.217166,6.217166,0.0000e+00
dev-corpus-00,1218,532,0.000000e+00,236761,236761,1.876095,1.876095,0.0000e+00
dev-corpus-00,1219,32057,0.000000e+00,79620,79620,4.376082,4.376082,0.0000e+00
dev-corpus-00,1220,783,0.000000e+00,236761,236761,6.022553,6.022553,0.0000e+00
dev-corpus-00,1221,236743,0.000000e+00,107,107,3.502403,3.502403,0.0000e+00
dev-corpus-00,1222,107,0.000000e+00,107,107,0.003118,0.003118,0.0000e+00
dev-corpus-00,1223,8381,0.000000e+00,818,818,16.783570,16.783570,0.0000e+00
dev-corpus-00,1224,964,0.000000e+00,659,659,1.500586,1.500586,0.0000e+00
dev-corpus-00,1225,6267,0.000000e+00,4247,4247,20.030882,20.030882,0.0000e+00
dev-corpus-00,1226,1392,0.000000e+00,236772,236772,12.904831,12.904831,0.0000e+00
dev-corpus-00,1227,236772,0.000000e+00,236772,236772,0.002447,0.002447,0.0000e+00
dev-corpus-00,1228,236940,0.000000e+00,236940,236940,0.006947,0.006947,0.0000e+00
dev-corpus-00,1229,5378,0.000000e+00,5378,5378,0.070802,0.070802,0.0000e+00
dev-corpus-00,1230,573,0.000000e+00,573,573,1.192474,1.192474,0.0000e+00
dev-corpus-00,1231,13013,0.000000e+00,1551,1551,4.897042,4.897042,0.0000e+00
dev-corpus-00,1232,783,0.000000e+00,236764,236764,8.899928,8.899928,0.0000e+00
dev-corpus-00,1233,43768,0.000000e+00,669,669,19.347599,19.347599,0.0000e+00
dev-corpus-00,1234,71078,0.000000e+00,7086,7086,10.785102,10.785102,0.0000e+00
dev-corpus-00,1235,691,0.000000e+00,7779,7779,3.251773,3.251773,0.0000e+00
dev-corpus-00,1236,26902,0.000000e+00,506,506,8.343931,8.343931,0.0000e+00
dev-corpus-00,1237,618,0.000000e+00,618,618,0.471766,0.471766,0.0000e+00
dev-corpus-00,1238,506,0.000000e+00,506,506,0.126638,0.126638,0.0000e+00
dev-corpus-00,1239,57505,0.000000e+00,1171,1171,7.911222,7.911222,0.0000e+00
dev-corpus-00,1240,756,0.000000e+00,236789,236789,13.068437,13.068437,0.0000e+00
dev-corpus-00,1241,236751,0.000000e+00,236751,236751,0.022309,0.022309,0.0000e+00
dev-corpus-00,1242,1171,0.000000e+00,1171,1171,0.111805,0.111805,0.0000e+00
dev-corpus-00,1243,170174,0.000000e+00,5707,5707,3.369414,3.369414,0.0000e+00
dev-corpus-00,1244,528,0.000000e+00,528,528,0.014728,0.014728,0.0000e+00
dev-corpus-00,1245,236743,0.000000e+00,236743,236743,0.070056,0.070056,0.0000e+00
dev-corpus-00,1246,236770,0.000000e+00,236770,236770,0.059750,0.059750,0.0000e+00
dev-corpus-00,1247,236819,0.000000e+00,236819,236819,0.000094,0.000094,0.0000e+00
dev-corpus-00,1248,236810,0.000000e+00,236819,236819,5.475717,5.475717,0.0000e+00
dev-corpus-00,1249,236819,0.000000e+00,236828,236828,2.195737,2.195737,0.0000e+00
dev-corpus-00,1250,1031,0.000000e+00,236761,236761,8.814609,8.814609,0.0000e+00
dev-corpus-00,1251,840,0.000000e+00,532,532,2.336291,2.336291,0.0000e+00
dev-corpus-00,1252,2378,0.000000e+00,506,506,11.266989,11.266989,0.0000e+00
dev-corpus-00,1253,528,0.000000e+00,528,528,0.087342,0.087342,0.0000e+00
dev-corpus-00,1254,236743,0.000000e+00,236743,236743,0.019001,0.019001,0.0000e+00
dev-corpus-00,1255,236770,0.000000e+00,236770,236770,0.002662,0.002662,0.0000e+00
dev-corpus-00,1256,236819,0.000000e+00,236819,236819,0.000013,0.000013,0.0000e+00
dev-corpus-00,1257,236825,0.000000e+00,236825,236825,0.403697,0.403697,0.0000e+00
dev-corpus-00,1258,236770,0.000000e+00,236810,236810,2.852488,2.852488,0.0000e+00
dev-corpus-00,1259,783,0.000000e+00,236761,236761,3.934048,3.934048,0.0000e+00
dev-corpus-00,1260,4210,0.000000e+00,25243,25243,4.135066,4.135066,0.0000e+00
dev-corpus-00,1261,496,0.000000e+00,600,600,3.866753,3.866753,0.0000e+00
dev-corpus-00,1262,11302,0.000000e+00,2846,2846,7.056205,7.056205,0.0000e+00
dev-corpus-00,1263,529,0.000000e+00,236764,236764,3.793805,3.793805,0.0000e+00
dev-corpus-00,1264,1156,0.000000e+00,3131,3131,4.524100,4.524100,0.0000e+00
dev-corpus-00,1265,1518,0.000000e+00,13013,13013,1.331236,1.331236,0.0000e+00
dev-corpus-00,1266,1031,0.000000e+00,236764,236764,10.571395,10.571395,0.0000e+00
dev-corpus-00,1267,11210,0.000000e+00,668,668,7.871965,7.871965,0.0000e+00
dev-corpus-00,1268,3579,0.000000e+00,667,667,6.584540,6.584540,0.0000e+00
dev-corpus-00,1269,548,0.000000e+00,6688,6688,7.781917,7.781917,0.0000e+00
dev-corpus-00,1270,624,0.000000e+00,899,899,10.102973,10.102973,0.0000e+00
dev-corpus-00,1271,5452,0.000000e+00,10438,10438,2.258492,2.258492,0.0000e+00
dev-corpus-00,1272,170174,0.000000e+00,506,506,2.320724,2.320724,0.0000e+00
dev-corpus-00,1273,528,0.000000e+00,528,528,0.581972,0.581972,0.0000e+00
dev-corpus-00,1274,236743,0.000000e+00,236743,236743,0.000100,0.000100,0.0000e+00
dev-corpus-00,1275,236770,0.000000e+00,236770,236770,0.000245,0.000245,0.0000e+00
dev-corpus-00,1276,236819,0.000000e+00,236819,236819,0.000055,0.000055,0.0000e+00
dev-corpus-00,1277,236825,0.000000e+00,236825,236825,0.000800,0.000800,0.0000e+00
dev-corpus-00,1278,236800,0.000000e+00,236800,236800,0.022965,0.022965,0.0000e+00
dev-corpus-00,1279,1031,0.000000e+00,532,532,5.754068,5.754068,0.0000e+00
dev-corpus-00,1280,532,0.000000e+00,532,532,0.259258,0.259258,0.0000e+00
dev-corpus-00,1281,7779,0.000000e+00,7779,7779,0.525119,0.525119,0.0000e+00
dev-corpus-00,1282,3097,0.000000e+00,3097,3097,0.081434,0.081434,0.0000e+00
dev-corpus-00,1283,914,0.000000e+00,236743,236743,6.603426,6.603426,0.0000e+00
dev-corpus-00,1284,4355,0.000000e+00,20130,20130,3.337601,3.337601,0.0000e+00
dev-corpus-00,1285,528,0.000000e+00,528,528,0.031289,0.031289,0.0000e+00
dev-corpus-00,1286,236743,0.000000e+00,236743,236743,0.000057,0.000057,0.0000e+00
dev-corpus-00,1287,236770,0.000000e+00,236770,236770,0.016157,0.016157,0.0000e+00
dev-corpus-00,1288,236819,0.000000e+00,236819,236819,0.000074,0.000074,0.0000e+00
dev-corpus-00,1289,236832,0.000000e+00,236819,236819,4.181532,4.181532,0.0000e+00
dev-corpus-00,1290,236825,0.000000e+00,236828,236828,2.405481,2.405481,0.0000e+00
dev-corpus-00,1291,783,0.000000e+00,236761,236761,4.846038,4.846038,0.0000e+00
dev-corpus-00,1292,1293,0.000000e+00,669,669,5.463866,5.463866,0.0000e+00
dev-corpus-00,1293,691,0.000000e+00,691,691,0.045244,0.045244,0.0000e+00
dev-corpus-00,1294,6641,0.000000e+00,30352,30352,2.943508,2.943508,0.0000e+00
dev-corpus-00,1295,684,0.000000e+00,684,684,0.000101,0.000101,0.0000e+00
dev-corpus-00,1296,3551,0.000000e+00,96096,96096,10.735943,10.735943,0.0000e+00
dev-corpus-00,1297,1863,0.000000e+00,1863,1863,0.002956,0.002956,0.0000e+00
dev-corpus-00,1298,34635,0.000000e+00,102154,102154,9.681445,9.681445,0.0000e+00
dev-corpus-00,1299,6315,0.000000e+00,6315,6315,1.191159,1.191159,0.0000e+00
dev-corpus-00,1300,1031,0.000000e+00,568,568,10.691540,10.691540,0.0000e+00
dev-corpus-00,1301,1015,0.000000e+00,1015,1015,0.042122,0.042122,0.0000e+00
dev-corpus-00,1302,7779,0.000000e+00,7779,7779,0.069344,0.069344,0.0000e+00
dev-corpus-00,1303,699,0.000000e+00,3097,3097,1.098884,1.098884,0.0000e+00
dev-corpus-00,1304,236743,0.000000e+00,236743,236743,0.000282,0.000282,0.0000e+00
dev-corpus-00,1305,236770,0.000000e+00,236770,236770,0.000076,0.000076,0.0000e+00
dev-corpus-00,1306,236819,0.000000e+00,236819,236819,0.000013,0.000013,0.0000e+00
dev-corpus-00,1307,236832,0.000000e+00,236832,236832,0.079313,0.079313,0.0000e+00
dev-corpus-00,1308,236832,0.000000e+00,236832,236832,0.573526,0.573526,0.0000e+00
dev-corpus-00,1309,531,0.000000e+00,531,531,0.040128,0.040128,0.0000e+00
dev-corpus-00,1310,236743,0.000000e+00,236743,236743,0.009209,0.009209,0.0000e+00
dev-corpus-00,1311,236770,0.000000e+00,236770,236770,0.011466,0.011466,0.0000e+00
dev-corpus-00,1312,236819,0.000000e+00,236819,236819,0.000008,0.000008,0.0000e+00
dev-corpus-00,1313,236819,0.000000e+00,236819,236819,0.591545,0.591545,0.0000e+00
dev-corpus-00,1314,236812,0.000000e+00,236771,236771,2.138752,2.138752,0.0000e+00
dev-corpus-00,1315,1031,0.000000e+00,236761,236761,7.863717,7.863717,0.0000e+00
dev-corpus-00,1316,532,0.000000e+00,532,532,0.031289,0.031289,0.0000e+00
dev-corpus-00,1317,34635,0.000000e+00,1299,1299,15.034510,15.034510,0.0000e+00
dev-corpus-00,1318,6315,0.000000e+00,6315,6315,0.000093,0.000093,0.0000e+00
dev-corpus-00,1319,528,0.000000e+00,691,691,6.599984,6.599984,0.0000e+00
dev-corpus-00,1320,2490,0.000000e+00,236743,236743,8.406115,8.406115,0.0000e+00
dev-corpus-00,1321,691,0.000000e+00,691,691,0.862575,0.862575,0.0000e+00
dev-corpus-00,1322,30352,0.000000e+00,30352,30352,0.246657,0.246657,0.0000e+00
dev-corpus-00,1323,684,0.000000e+00,684,684,0.000035,0.000035,0.0000e+00
dev-corpus-00,1324,895,0.000000e+00,96096,96096,5.495595,5.495595,0.0000e+00
dev-corpus-00,1325,6997,0.000000e+00,511,511,1.563728,1.563728,0.0000e+00
dev-corpus-00,1326,37792,0.000000e+00,151744,151744,1.114025,1.114025,0.0000e+00
dev-corpus-00,1327,34317,0.000000e+00,38769,38769,12.745785,12.745785,0.0000e+00
dev-corpus-00,1328,41964,0.000000e+00,1562,1562,8.415557,8.415557,0.0000e+00
dev-corpus-00,1329,1392,0.000000e+00,528,528,16.175853,16.175853,0.0000e+00
dev-corpus-00,1330,236772,0.000000e+00,236772,236772,0.003767,0.003767,0.0000e+00
dev-corpus-00,1331,236940,0.000000e+00,236940,236940,0.008462,0.008462,0.0000e+00
dev-corpus-00,1332,68283,0.000000e+00,528,528,17.187424,17.187424,0.0000e+00
dev-corpus-00,1333,495,0.000000e+00,495,495,0.094267,0.094267,0.0000e+00
dev-corpus-00,1334,783,0.000000e+00,236764,236764,8.569702,8.569702,0.0000e+00
dev-corpus-00,1335,58084,0.000000e+00,107,107,17.627016,17.627016,0.0000e+00
dev-corpus-00,1336,22077,0.000000e+00,80804,80804,5.416615,5.416615,0.0000e+00
dev-corpus-00,1337,10438,0.000000e+00,7779,7779,3.681107,3.681107,0.0000e+00
dev-corpus-00,1338,34317,0.000000e+00,528,528,16.307281,16.307281,0.0000e+00
dev-corpus-00,1339,41964,0.000000e+00,41964,41964,0.003126,0.003126,0.0000e+00
dev-corpus-00,1340,1392,0.000000e+00,528,528,5.136365,5.136365,0.0000e+00
dev-corpus-00,1341,236772,0.000000e+00,236772,236772,0.000552,0.000552,0.0000e+00
dev-corpus-00,1342,236940,0.000000e+00,236940,236940,0.000238,0.000238,0.0000e+00
dev-corpus-00,1343,68283,0.000000e+00,68283,68283,0.024082,0.024082,0.0000e+00
dev-corpus-00,1344,495,0.000000e+00,495,495,0.000003,0.000003,0.0000e+00
dev-corpus-00,1345,618,0.000000e+00,528,528,3.589797,3.589797,0.0000e+00
dev-corpus-00,1346,22480,0.000000e+00,170174,170174,2.978248,2.978248,0.0000e+00
dev-corpus-00,1347,170174,0.000000e+00,170174,170174,0.010671,0.010671,0.0000e+00
dev-corpus-00,1348,528,0.000000e+00,528,528,0.079034,0.079034,0.0000e+00
dev-corpus-00,1349,236743,0.000000e+00,236743,236743,0.010871,0.010871,0.0000e+00
dev-corpus-00,1350,236778,0.000000e+00,236770,236770,3.537305,3.537305,0.0000e+00
dev-corpus-00,1351,236771,0.000000e+00,236771,236771,0.000059,0.000059,0.0000e+00
dev-corpus-00,1352,236771,0.000000e+00,236771,236771,0.033314,0.033314,0.0000e+00
dev-corpus-00,1353,236800,0.000000e+00,236770,236770,1.945847,1.945847,0.0000e+00
dev-corpus-00,1354,1031,0.000000e+00,236761,236761,9.888673,9.888673,0.0000e+00
dev-corpus-00,1355,532,0.000000e+00,532,532,0.031080,0.031080,0.0000e+00
dev-corpus-00,1356,7779,0.000000e+00,3209,3209,6.821797,6.821797,0.0000e+00
dev-corpus-00,1357,3097,0.000000e+00,3097,3097,0.526586,0.526586,0.0000e+00
dev-corpus-00,1358,236743,0.000000e+00,236743,236743,0.088872,0.088872,0.0000e+00
dev-corpus-00,1359,236778,0.000000e+00,236778,236778,0.000022,0.000022,0.0000e+00
dev-corpus-00,1360,236771,0.000000e+00,236771,236771,0.000037,0.000037,0.0000e+00
dev-corpus-00,1361,236770,0.000000e+00,236770,236770,0.060426,0.060426,0.0000e+00
dev-corpus-00,1362,236770,0.000000e+00,236770,236770,1.879330,1.879330,0.0000e+00
dev-corpus-00,1363,1031,0.000000e+00,236761,236761,11.213810,11.213810,0.0000e+00
dev-corpus-00,1364,1056,0.000000e+00,532,532,4.298716,4.298716,0.0000e+00
dev-corpus-00,1365,668,0.000000e+00,34317,34317,2.972843,2.972843,0.0000e+00
dev-corpus-00,1366,691,0.000000e+00,21136,21136,3.046229,3.046229,0.0000e+00
dev-corpus-00,1367,30352,0.000000e+00,12043,12043,1.501060,1.501060,0.0000e+00
dev-corpus-00,1368,684,0.000000e+00,684,684,0.000175,0.000175,0.0000e+00
dev-corpus-00,1369,54340,0.000000e+00,96096,96096,9.440723,9.440723,0.0000e+00
dev-corpus-00,1370,22173,0.000000e+00,87657,87657,10.255923,10.255923,0.0000e+00
dev-corpus-00,1371,495,0.000000e+00,236759,236759,3.248188,3.248188,0.0000e+00
dev-corpus-00,1372,783,0.000000e+00,528,528,7.274254,7.274254,0.0000e+00
dev-corpus-00,1373,1773,0.000000e+00,107,107,6.105591,6.105591,0.0000e+00
dev-corpus-00,1374,529,0.000000e+00,529,529,0.862310,0.862310,0.0000e+00
dev-corpus-00,1375,236743,0.000000e+00,236743,236743,0.040688,0.040688,0.0000e+00
dev-corpus-00,1376,236778,0.000000e+00,236778,236778,0.000155,0.000155,0.0000e+00
dev-corpus-00,1377,236771,0.000000e+00,236771,236771,0.000055,0.000055,0.0000e+00
dev-corpus-00,1378,236770,0.000000e+00,236770,236770,0.184602,0.184602,0.0000e+00
dev-corpus-00,1379,236812,0.000000e+00,236770,236770,3.122894,3.122894,0.0000e+00
dev-corpus-00,1380,1031,0.000000e+00,236764,236764,6.301330,6.301330,0.0000e+00
dev-corpus-00,1381,5378,0.000000e+00,506,506,15.923835,15.923835,0.0000e+00
dev-corpus-00,1382,684,0.000000e+00,684,684,0.001697,0.001697,0.0000e+00
dev-corpus-00,1383,34317,0.000000e+00,96096,96096,16.764987,16.764987,0.0000e+00
dev-corpus-00,1384,41964,0.000000e+00,41964,41964,0.000112,0.000112,0.0000e+00
dev-corpus-00,1385,1392,0.000000e+00,1392,1392,0.034804,0.034804,0.0000e+00
dev-corpus-00,1386,236772,0.000000e+00,236772,236772,0.000038,0.000038,0.0000e+00
dev-corpus-00,1387,236940,0.000000e+00,236940,236940,0.000860,0.000860,0.0000e+00
dev-corpus-00,1388,68283,0.000000e+00,68283,68283,0.000211,0.000211,0.0000e+00
dev-corpus-00,1389,495,0.000000e+00,495,495,0.000001,0.000001,0.0000e+00
dev-corpus-00,1390,532,0.000000e+00,236764,236764,1.976198,1.976198,0.0000e+00
dev-corpus-00,1391,22173,0.000000e+00,22173,22173,0.372301,0.372301,0.0000e+00
dev-corpus-00,1392,495,0.000000e+00,495,495,0.000009,0.000009,0.0000e+00
dev-corpus-00,1393,1031,0.000000e+00,236764,236764,7.882653,7.882653,0.0000e+00
dev-corpus-00,1394,36189,0.000000e+00,506,506,3.867065,3.867065,0.0000e+00
dev-corpus-00,1395,12307,0.000000e+00,12307,12307,0.000009,0.000009,0.0000e+00
dev-corpus-00,1396,1053,0.000000e+00,691,691,2.461127,2.461127,0.0000e+00
dev-corpus-00,1397,8296,0.000000e+00,130661,130661,7.571445,7.571445,0.0000e+00
dev-corpus-00,1398,236743,0.000000e+00,236743,236743,0.005126,0.005126,0.0000e+00
dev-corpus-00,1399,236812,0.000000e+00,236770,236770,3.111206,3.111206,0.0000e+00
dev-corpus-00,1400,236771,0.000000e+00,236771,236771,0.253031,0.253031,0.0000e+00
dev-corpus-00,1401,236771,0.000000e+00,3295,3295,4.207089,4.207089,0.0000e+00
dev-corpus-00,1402,4374,0.000000e+00,3295,3295,11.073495,11.073495,0.0000e+00
dev-corpus-00,1403,29474,0.000000e+00,236761,236761,6.330011,6.330011,0.0000e+00
dev-corpus-00,1404,1031,0.000000e+00,236761,236761,16.735985,16.735985,0.0000e+00
dev-corpus-00,1405,532,0.000000e+00,532,532,0.200956,0.200956,0.0000e+00
dev-corpus-00,1406,691,0.000000e+00,506,506,2.987583,2.987583,0.0000e+00
dev-corpus-00,1407,506,0.000000e+00,496,496,3.976319,3.976319,0.0000e+00
dev-corpus-00,1408,7488,0.000000e+00,7488,7488,0.189188,0.189188,0.0000e+00
dev-corpus-00,1409,125039,0.000000e+00,125039,125039,0.945614,0.945614,0.0000e+00
dev-corpus-00,1410,528,0.000000e+00,528,528,0.002615,0.002615,0.0000e+00
dev-corpus-00,1411,60904,0.000000e+00,60904,60904,0.161750,0.161750,0.0000e+00
dev-corpus-00,1412,783,0.000000e+00,236761,236761,4.546953,4.546953,0.0000e+00
dev-corpus-00,1413,236743,0.000000e+00,107,107,2.146023,2.146023,0.0000e+00
dev-corpus-00,1414,107,0.000000e+00,107,107,0.552484,0.552484,0.0000e+00
dev-corpus-00,1415,236743,0.000000e+00,236743,236743,0.206157,0.206157,0.0000e+00
dev-corpus-00,1416,107,0.000000e+00,107,107,0.000090,0.000090,0.0000e+00
dev-corpus-00,1417,578,0.000000e+00,13513,13513,6.802443,6.802443,0.0000e+00
dev-corpus-00,1418,578,0.000000e+00,107,107,3.642936,3.642936,0.0000e+00
dev-corpus-00,1419,21107,0.000000e+00,578,578,14.634070,14.634070,0.0000e+00
dev-corpus-00,1420,4083,0.000000e+00,10358,10358,3.722475,3.722475,0.0000e+00
dev-corpus-00,1421,578,0.000000e+00,529,529,1.942249,1.942249,0.0000e+00
dev-corpus-00,1422,578,0.000000e+00,236743,236743,1.038879,1.038879,0.0000e+00
dev-corpus-00,1423,236743,0.000000e+00,107,107,1.098949,1.098949,0.0000e+00
dev-corpus-00,1424,107,0.000000e+00,107,107,0.023150,0.023150,0.0000e+00
dev-corpus-00,1425,236743,0.000000e+00,236743,236743,1.031187,1.031187,0.0000e+00
dev-corpus-00,1426,107,0.000000e+00,107,107,0.000480,0.000480,0.0000e+00
dev-corpus-00,1427,16647,0.000000e+00,669,669,12.758611,12.758611,0.0000e+00
dev-corpus-00,1428,4945,0.000000e+00,19231,19231,7.953402,7.953402,0.0000e+00
dev-corpus-00,1429,529,0.000000e+00,529,529,0.614256,0.614256,0.0000e+00
dev-corpus-00,1430,9115,0.000000e+00,19231,19231,5.621909,5.621909,0.0000e+00
dev-corpus-00,1431,26560,0.000000e+00,19231,19231,3.296981,3.296981,0.0000e+00
dev-corpus-00,1432,6074,0.000000e+00,21262,21262,5.474009,5.474009,0.0000e+00
dev-corpus-00,1433,49943,0.000000e+00,49943,49943,0.794707,0.794707,0.0000e+00
dev-corpus-00,1434,528,0.000000e+00,528,528,0.008053,0.008053,0.0000e+00
dev-corpus-00,1435,60904,0.000000e+00,60904,60904,0.429828,0.429828,0.0000e+00
dev-corpus-00,1436,528,0.000000e+00,528,528,0.190748,0.190748,0.0000e+00
dev-corpus-00,1437,506,0.000000e+00,506,506,0.003428,0.003428,0.0000e+00
dev-corpus-00,1438,5226,0.000000e+00,5226,5226,0.145072,0.145072,0.0000e+00
dev-corpus-00,1439,236743,0.000000e+00,236743,236743,0.000165,0.000165,0.0000e+00
dev-corpus-00,1440,236770,0.000000e+00,236770,236770,0.000004,0.000004,0.0000e+00
dev-corpus-00,1441,236819,0.000000e+00,236819,236819,0.080234,0.080234,0.0000e+00
dev-corpus-00,1442,594,0.000000e+00,594,594,0.000037,0.000037,0.0000e+00
dev-corpus-00,1443,7691,0.000000e+00,7691,7691,0.003692,0.003692,0.0000e+00
dev-corpus-00,1444,1031,0.000000e+00,236761,236761,10.721284,10.721284,0.0000e+00
dev-corpus-00,1445,840,0.000000e+00,532,532,5.687962,5.687962,0.0000e+00
dev-corpus-00,1446,1346,0.000000e+00,506,506,6.194431,6.194431,0.0000e+00
dev-corpus-00,1447,7808,0.000000e+00,529,529,4.452698,4.452698,0.0000e+00
dev-corpus-00,1448,580,0.000000e+00,531,531,1.593589,1.593589,0.0000e+00
dev-corpus-00,1449,783,0.000000e+00,236761,236761,10.854787,10.854787,0.0000e+00
dev-corpus-00,1450,799,0.000000e+00,562,562,1.990643,1.990643,0.0000e+00
dev-corpus-00,1451,506,0.000000e+00,506,506,0.054778,0.054778,0.0000e+00
dev-corpus-00,1452,3649,0.000000e+00,3649,3649,0.078456,0.078456,0.0000e+00
dev-corpus-00,1453,236743,0.000000e+00,236743,236743,0.002716,0.002716,0.0000e+00
dev-corpus-00,1454,236778,0.000000e+00,236778,236778,0.044917,0.044917,0.0000e+00
dev-corpus-00,1455,236771,0.000000e+00,236771,236771,0.000006,0.000006,0.0000e+00
dev-corpus-00,1456,594,0.000000e+00,594,594,0.000000,0.000000,0.0000e+00
dev-corpus-00,1457,7691,0.000000e+00,7691,7691,0.000127,0.000127,0.0000e+00
dev-corpus-00,1458,506,0.000000e+00,236764,236764,8.072518,8.072518,0.0000e+00
dev-corpus-00,1459,1171,0.000000e+00,19231,19231,5.480219,5.480219,0.0000e+00
dev-corpus-00,1460,17792,0.000000e+00,19231,19231,6.681410,6.681410,0.0000e+00
dev-corpus-00,1461,6693,0.000000e+00,6693,6693,0.046492,0.046492,0.0000e+00
dev-corpus-00,1462,26560,0.000000e+00,19231,19231,1.516729,1.516729,0.0000e+00
dev-corpus-00,1463,21262,0.000000e+00,12208,12208,4.350525,4.350525,0.0000e+00
dev-corpus-00,1464,993,0.000000e+00,236764,236764,5.552777,5.552777,0.0000e+00
dev-corpus-00,1465,1031,0.000000e+00,236761,236761,12.048200,12.048200,0.0000e+00
dev-corpus-00,1466,532,0.000000e+00,532,532,0.536935,0.536935,0.0000e+00
dev-corpus-00,1467,684,0.000000e+00,506,506,2.847308,2.847308,0.0000e+00
dev-corpus-00,1468,506,0.000000e+00,506,506,0.014446,0.014446,0.0000e+00
dev-corpus-00,1469,236743,0.000000e+00,236743,236743,0.160055,0.160055,0.0000e+00
dev-corpus-00,1470,236770,0.000000e+00,236770,236770,0.000122,0.000122,0.0000e+00
dev-corpus-00,1471,236819,0.000000e+00,236819,236819,0.000021,0.000021,0.0000e+00
dev-corpus-00,1472,236778,0.000000e+00,236800,236800,1.478358,1.478358,0.0000e+00
dev-corpus-00,1473,236771,0.000000e+00,236771,236771,0.000001,0.000001,0.0000e+00
dev-corpus-00,1474,236751,0.000000e+00,236751,236751,0.000014,0.000014,0.0000e+00
dev-corpus-00,1475,60904,0.000000e+00,236764,236764,10.829345,10.829345,0.0000e+00
dev-corpus-00,1476,756,0.000000e+00,1053,1053,15.101603,15.101603,0.0000e+00
dev-corpus-00,1477,236751,0.000000e+00,236751,236751,0.453333,0.453333,0.0000e+00
dev-corpus-00,1478,19231,0.000000e+00,19231,19231,0.076775,0.076775,0.0000e+00
dev-corpus-00,1479,3399,0.000000e+00,3399,3399,0.399653,0.399653,0.0000e+00
dev-corpus-00,1480,6074,0.000000e+00,691,691,1.903451,1.903451,0.0000e+00
dev-corpus-00,1481,22658,0.000000e+00,531,531,10.858366,10.858366,0.0000e+00
dev-corpus-00,1482,21450,0.000000e+00,236761,236761,21.491775,21.491775,0.0000e+00
dev-corpus-00,1483,690,0.000000e+00,4402,4402,16.524702,16.524702,0.0000e+00
dev-corpus-00,1484,504,0.000000e+00,504,504,0.000624,0.000624,0.0000e+00
dev-corpus-00,1485,8896,0.000000e+00,8896,8896,0.000002,0.000002,0.0000e+00
dev-corpus-00,1486,573,0.000000e+00,236761,236761,5.613384,5.613384,0.0000e+00
dev-corpus-00,1487,7046,0.000000e+00,12352,12352,15.715185,15.715185,0.0000e+00
dev-corpus-00,1488,7672,0.000000e+00,3019,3019,11.013742,11.013742,0.0000e+00
dev-corpus-00,1489,3446,0.000000e+00,3019,3019,0.828333,0.828333,0.0000e+00
dev-corpus-00,1490,532,0.000000e+00,3019,3019,5.821792,5.821792,0.0000e+00
dev-corpus-00,1491,19231,0.000000e+00,84898,84898,11.922631,11.922631,0.0000e+00
dev-corpus-00,1492,10940,0.000000e+00,20720,20720,2.130989,2.130989,0.0000e+00
dev-corpus-00,1493,3019,0.000000e+00,3019,3019,0.004849,0.004849,0.0000e+00
dev-corpus-00,1494,528,0.000000e+00,236761,236761,5.940009,5.940009,0.0000e+00
dev-corpus-00,1495,7010,0.000000e+00,54277,54277,14.537861,14.537861,0.0000e+00
dev-corpus-00,1496,756,0.000000e+00,236789,236789,7.999965,7.999965,0.0000e+00
dev-corpus-00,1497,10374,0.000000e+00,99927,99927,4.883951,4.883951,0.0000e+00
dev-corpus-00,1498,783,0.000000e+00,236761,236761,1.733143,1.733143,0.0000e+00
dev-corpus-00,1499,18868,0.000000e+00,107,107,9.757234,9.757234,0.0000e+00
dev-corpus-00,1500,1037,0.000000e+00,5990,5990,2.785177,2.785177,0.0000e+00
dev-corpus-00,1501,31216,0.000000e+00,6822,6822,6.540550,6.540550,0.0000e+00
dev-corpus-00,1502,14533,0.000000e+00,751,751,6.696901,6.696901,0.0000e+00
dev-corpus-00,1503,73232,0.000000e+00,8687,8687,5.920242,5.920242,0.0000e+00
dev-corpus-00,1504,19874,0.000000e+00,8687,8687,9.858903,9.858903,0.0000e+00
dev-corpus-00,1505,600,0.000000e+00,600,600,0.064481,0.064481,0.0000e+00
dev-corpus-00,1506,623,0.000000e+00,506,506,5.819655,5.819655,0.0000e+00
dev-corpus-00,1507,870,0.000000e+00,1437,1437,11.265308,11.265308,0.0000e+00
dev-corpus-00,1508,496,0.000000e+00,1437,1437,12.164569,12.164569,0.0000e+00
dev-corpus-00,1509,4422,0.000000e+00,236842,236842,2.028709,2.028709,0.0000e+00
dev-corpus-00,1510,517,0.000000e+00,1944,1944,8.114975,8.114975,0.0000e+00
dev-corpus-00,1511,589,0.000000e+00,4601,4601,8.154779,8.154779,0.0000e+00
dev-corpus-00,1512,640,0.000000e+00,506,506,11.354602,11.354602,0.0000e+00
dev-corpus-00,1513,77999,0.000000e+00,236761,236761,10.926743,10.926743,0.0000e+00
dev-corpus-00,1514,16339,0.000000e+00,41372,41372,11.556339,11.556339,0.0000e+00
dev-corpus-00,1515,73232,0.000000e+00,73232,73232,0.361364,0.361364,0.0000e+00
dev-corpus-00,1516,756,0.000000e+00,6697,6697,6.365932,6.365932,0.0000e+00
dev-corpus-00,1517,236751,0.000000e+00,236751,236751,0.049380,0.049380,0.0000e+00
dev-corpus-00,1518,4355,0.000000e+00,16257,16257,4.842463,4.842463,0.0000e+00
dev-corpus-00,1519,528,0.000000e+00,528,528,0.181726,0.181726,0.0000e+00
dev-corpus-00,1520,236743,0.000000e+00,236743,236743,0.016525,0.016525,0.0000e+00
dev-corpus-00,1521,236770,0.000000e+00,236770,236770,0.000077,0.000077,0.0000e+00
dev-corpus-00,1522,236819,0.000000e+00,236819,236819,0.016140,0.016140,0.0000e+00
dev-corpus-00,1523,236800,0.000000e+00,236778,236778,2.254385,2.254385,0.0000e+00
dev-corpus-00,1524,236800,0.000000e+00,236771,236771,1.995969,1.995969,0.0000e+00
dev-corpus-00,1525,1031,0.000000e+00,236764,236764,2.359457,2.359457,0.0000e+00
dev-corpus-00,1526,914,0.000000e+00,506,506,6.809974,6.809974,0.0000e+00
dev-corpus-00,1527,2033,0.000000e+00,2369,2369,4.261604,4.261604,0.0000e+00
dev-corpus-00,1528,657,0.000000e+00,5452,5452,4.340111,4.340111,0.0000e+00
dev-corpus-00,1529,236743,0.000000e+00,236743,236743,0.062985,0.062985,0.0000e+00
dev-corpus-00,1530,236778,0.000000e+00,236770,236770,4.175002,4.175002,0.0000e+00
dev-corpus-00,1531,236800,0.000000e+00,236771,236771,2.494193,2.494193,0.0000e+00
dev-corpus-00,1532,236770,0.000000e+00,236771,236771,2.337468,2.337468,0.0000e+00
dev-corpus-00,1533,4844,0.000000e+00,7123,7123,2.170615,2.170615,0.0000e+00
dev-corpus-00,1534,85797,0.000000e+00,85797,85797,0.985346,0.985346,0.0000e+00
dev-corpus-00,1535,6718,0.000000e+00,6718,6718,0.001966,0.001966,0.0000e+00
dev-corpus-01,1536,99309,0.000000e+00,578,578,24.395998,24.395998,0.0000e+00
dev-corpus-01,1537,7078,0.000000e+00,4666,4666,5.136106,5.136106,0.0000e+00
dev-corpus-01,1538,568,0.000000e+00,236761,236761,2.587404,2.587404,0.0000e+00
dev-corpus-01,1539,70187,0.000000e+00,2704,2704,40.892703,40.892703,0.0000e+00
dev-corpus-01,1540,1572,0.000000e+00,236768,236768,3.944303,3.944303,0.0000e+00
dev-corpus-01,1541,236804,0.000000e+00,236804,236804,0.442444,0.442444,0.0000e+00
dev-corpus-01,1542,4267,0.000000e+00,4267,4267,0.000224,0.000224,0.0000e+00
dev-corpus-01,1543,8412,0.000000e+00,236768,236768,9.621305,9.621305,0.0000e+00
dev-corpus-01,1544,1732,0.000000e+00,236768,236768,9.881530,9.881530,0.0000e+00
dev-corpus-01,1545,578,0.000000e+00,108,108,4.593113,4.593113,0.0000e+00
dev-corpus-01,1546,236743,0.000000e+00,99309,99309,5.456424,5.456424,0.0000e+00
dev-corpus-01,1547,107,0.000000e+00,236770,236770,4.107613,4.107613,0.0000e+00
dev-corpus-01,1548,236743,0.000000e+00,236784,236784,4.468082,4.468082,0.0000e+00
dev-corpus-01,1549,107,0.000000e+00,107,107,0.016410,0.016410,0.0000e+00
dev-corpus-01,1550,99309,0.000000e+00,1018,1018,10.538258,10.538258,0.0000e+00
dev-corpus-01,1551,7078,0.000000e+00,7078,7078,0.000085,0.000085,0.0000e+00
dev-corpus-01,1552,563,0.000000e+00,568,568,8.204581,8.204581,0.0000e+00
dev-corpus-01,1553,506,0.000000e+00,496,496,4.322718,4.322718,0.0000e+00
dev-corpus-01,1554,157312,0.000000e+00,3822,3822,15.057663,15.057663,0.0000e+00
dev-corpus-01,1555,14361,0.000000e+00,4087,4087,12.401356,12.401356,0.0000e+00
dev-corpus-01,1556,1392,0.000000e+00,5410,5410,15.161442,15.161442,0.0000e+00
dev-corpus-01,1557,236772,0.000000e+00,8412,8412,8.085402,8.085402,0.0000e+00
dev-corpus-01,1558,236940,0.000000e+00,24013,24013,6.984267,6.984267,0.0000e+00
dev-corpus-01,1559,5192,0.000000e+00,5410,5410,7.260118,7.260118,0.0000e+00
dev-corpus-01,1560,11452,0.000000e+00,5410,5410,9.071548,9.071548,0.0000e+00
dev-corpus-01,1561,8412,0.000000e+00,8412,8412,0.045345,0.045345,0.0000e+00
dev-corpus-01,1562,684,0.000000e+00,684,684,0.574145,0.574145,0.0000e+00
dev-corpus-01,1563,53439,0.000000e+00,70187,70187,9.422808,9.422808,0.0000e+00
dev-corpus-01,1564,12824,0.000000e+00,12824,12824,0.000084,0.000084,0.0000e+00
dev-corpus-01,1565,20304,0.000000e+00,20304,20304,0.066707,0.066707,0.0000e+00
dev-corpus-01,1566,1392,0.000000e+00,236772,236772,12.861043,12.861043,0.0000e+00
dev-corpus-01,1567,236772,0.000000e+00,236772,236772,0.325815,0.325815,0.0000e+00
dev-corpus-01,1568,236940,0.000000e+00,236940,236940,0.025277,0.025277,0.0000e+00
dev-corpus-01,1569,89079,0.000000e+00,70187,70187,11.407737,11.407737,0.0000e+00
dev-corpus-01,1570,70187,0.000000e+00,70187,70187,0.190719,0.190719,0.0000e+00
dev-corpus-01,1571,1572,0.000000e+00,1572,1572,0.007871,0.007871,0.0000e+00
dev-corpus-01,1572,236804,0.000000e+00,236804,236804,0.000004,0.000004,0.0000e+00
dev-corpus-01,1573,4267,0.000000e+00,4267,4267,0.000570,0.000570,0.0000e+00
dev-corpus-01,1574,1031,0.000000e+00,236761,236761,10.571987,10.571987,0.0000e+00
dev-corpus-01,1575,6811,0.000000e+00,6811,6811,0.076316,0.076316,0.0000e+00
dev-corpus-01,1576,580,0.000000e+00,528,528,1.418341,1.418341,0.0000e+00
dev-corpus-01,1577,236743,0.000000e+00,236743,236743,1.007700,1.007700,0.0000e+00
dev-corpus-01,1578,236778,0.000000e+00,236770,236770,1.532121,1.532121,0.0000e+00
dev-corpus-01,1579,236800,0.000000e+00,236771,236771,2.489358,2.489358,0.0000e+00
dev-corpus-01,1580,5857,0.000000e+00,6198,6198,1.996398,1.996398,0.0000e+00
dev-corpus-01,1581,236743,0.000000e+00,236743,236743,0.006598,0.006598,0.0000e+00
dev-corpus-01,1582,236778,0.000000e+00,236770,236770,1.485591,1.485591,0.0000e+00
dev-corpus-01,1583,236771,0.000000e+00,236771,236771,0.001783,0.001783,0.0000e+00
dev-corpus-01,1584,236770,0.000000e+00,236771,236771,2.536937,2.536937,0.0000e+00
dev-corpus-01,1585,236770,0.000000e+00,236800,236800,1.753194,1.753194,0.0000e+00
dev-corpus-01,1586,783,0.000000e+00,236761,236761,2.428398,2.428398,0.0000e+00
dev-corpus-01,1587,194181,0.000000e+00,669,669,14.846648,14.846648,0.0000e+00
dev-corpus-01,1588,528,0.000000e+00,528,528,0.224874,0.224874,0.0000e+00
dev-corpus-01,1589,506,0.000000e+00,506,506,1.122659,1.122659,0.0000e+00
dev-corpus-01,1590,3640,0.000000e+00,11452,11452,1.510443,1.510443,0.0000e+00
dev-corpus-01,1591,4184,0.000000e+00,4184,4184,0.002803,0.002803,0.0000e+00
dev-corpus-01,1592,532,0.000000e+00,236764,236764,1.627840,1.627840,0.0000e+00
dev-corpus-01,1593,13251,0.000000e+00,6811,6811,2.297454,2.297454,0.0000e+00
dev-corpus-01,1594,1031,0.000000e+00,236764,236764,3.955631,3.955631,0.0000e+00
dev-corpus-01,1595,625,0.000000e+00,506,506,3.195556,3.195556,0.0000e+00
dev-corpus-01,1596,691,0.000000e+00,4065,4065,1.152581,1.152581,0.0000e+00
dev-corpus-01,1597,6095,0.000000e+00,6811,6811,2.755602,2.755602,0.0000e+00
dev-corpus-01,1598,684,0.000000e+00,684,684,0.003574,0.003574,0.0000e+00
dev-corpus-01,1599,1572,0.000000e+00,1572,1572,2.512882,2.512882,0.0000e+00
dev-corpus-01,1600,236804,0.000000e+00,236804,236804,0.000086,0.000086,0.0000e+00
dev-corpus-01,1601,4267,0.000000e+00,4267,4267,0.000001,0.000001,0.0000e+00
dev-corpus-01,1602,607,0.000000e+00,532,532,4.904284,4.904284,0.0000e+00
dev-corpus-01,1603,6624,0.000000e+00,506,506,8.801165,8.801165,0.0000e+00
dev-corpus-01,1604,37060,0.000000e+00,667,667,9.542206,9.542206,0.0000e+00
dev-corpus-01,1605,1031,0.000000e+00,236761,236761,5.138495,5.138495,0.0000e+00
dev-corpus-01,1606,11629,0.000000e+00,532,532,11.794006,11.794006,0.0000e+00
dev-corpus-01,1607,104975,0.000000e+00,89002,89002,10.913691,10.913691,0.0000e+00
dev-corpus-01,1608,532,0.000000e+00,532,532,0.609426,0.609426,0.0000e+00
dev-corpus-01,1609,34499,0.000000e+00,55237,55237,15.824333,15.824333,0.0000e+00
dev-corpus-01,1610,129379,0.000000e+00,129379,129379,0.020261,0.020261,0.0000e+00
dev-corpus-01,1611,20304,0.000000e+00,18532,18532,5.519548,5.519548,0.0000e+00
dev-corpus-01,1612,1392,0.000000e+00,532,532,5.526262,5.526262,0.0000e+00
dev-corpus-01,1613,236772,0.000000e+00,236772,236772,0.001594,0.001594,0.0000e+00
dev-corpus-01,1614,236940,0.000000e+00,236940,236940,0.001430,0.001430,0.0000e+00
dev-corpus-01,1615,89079,0.000000e+00,20304,20304,4.772030,4.772030,0.0000e+00
dev-corpus-01,1616,49187,0.000000e+00,22424,22424,10.214672,10.214672,0.0000e+00
dev-corpus-01,1617,53363,0.000000e+00,44599,44599,3.236209,3.236209,0.0000e+00
dev-corpus-01,1618,783,0.000000e+00,783,783,0.529775,0.529775,0.0000e+00
dev-corpus-01,1619,669,0.000000e+00,669,669,0.244168,0.244168,0.0000e+00
dev-corpus-01,1620,8412,0.000000e+00,8412,8412,0.000981,0.000981,0.0000e+00
dev-corpus-01,1621,2192,0.000000e+00,4065,4065,15.678591,15.678591,0.0000e+00
dev-corpus-01,1622,506,0.000000e+00,496,496,5.186877,5.186877,0.0000e+00
dev-corpus-01,1623,1171,0.000000e+00,236743,236743,2.612460,2.612460,0.0000e+00
dev-corpus-01,1624,6829,0.000000e+00,528,528,8.150963,8.150963,0.0000e+00
dev-corpus-01,1625,5588,0.000000e+00,5588,5588,0.181131,0.181131,0.0000e+00
dev-corpus-01,1626,684,0.000000e+00,529,529,1.550333,1.550333,0.0000e+00
dev-corpus-01,1627,1572,0.000000e+00,1572,1572,0.025187,0.025187,0.0000e+00
dev-corpus-01,1628,236804,0.000000e+00,236804,236804,0.000006,0.000006,0.0000e+00
dev-corpus-01,1629,4267,0.000000e+00,4267,4267,0.000001,0.000001,0.0000e+00
dev-corpus-01,1630,1308,0.000000e+00,237028,237028,3.533587,3.533587,0.0000e+00
dev-corpus-01,1631,668,0.000000e+00,914,914,8.692996,8.692996,0.0000e+00
dev-corpus-01,1632,691,0.000000e+00,1053,1053,4.271480,4.271480,0.0000e+00
dev-corpus-01,1633,10227,0.000000e+00,10227,10227,0.973089,0.973089,0.0000e+00
dev-corpus-01,1634,684,0.000000e+00,531,531,1.877481,1.877481,0.0000e+00
dev-corpus-01,1635,28457,0.000000e+00,496,496,2.454497,2.454497,0.0000e+00
dev-corpus-01,1636,11796,0.000000e+00,11796,11796,0.073408,0.073408,0.0000e+00
dev-corpus-01,1637,528,0.000000e+00,2192,2192,2.977413,2.977413,0.0000e+00
dev-corpus-01,1638,236743,0.000000e+00,236743,236743,0.026048,0.026048,0.0000e+00
dev-corpus-01,1639,236770,0.000000e+00,236778,236778,3.962104,3.962104,0.0000e+00
dev-corpus-01,1640,236819,0.000000e+00,236819,236819,0.000833,0.000833,0.0000e+00
dev-corpus-01,1641,236819,0.000000e+00,236819,236819,0.009676,0.009676,0.0000e+00
dev-corpus-01,1642,236800,0.000000e+00,236832,236832,3.885966,3.885966,0.0000e+00
dev-corpus-01,1643,532,0.000000e+00,2192,2192,6.212132,6.212132,0.0000e+00
dev-corpus-01,1644,37060,0.000000e+00,21211,21211,8.191948,8.191948,0.0000e+00
dev-corpus-01,1645,11796,0.000000e+00,11796,11796,0.304069,0.304069,0.0000e+00
dev-corpus-01,1646,528,0.000000e+00,6308,6308,0.947239,0.947239,0.0000e+00
dev-corpus-01,1647,236743,0.000000e+00,236743,236743,0.005383,0.005383,0.0000e+00
dev-corpus-01,1648,236778,0.000000e+00,236770,236770,0.834513,0.834513,0.0000e+00
dev-corpus-01,1649,236771,0.000000e+00,236771,236771,0.000101,0.000101,0.0000e+00
dev-corpus-01,1650,236771,0.000000e+00,236771,236771,0.032200,0.032200,0.0000e+00
dev-corpus-01,1651,236828,0.000000e+00,236770,236770,4.612639,4.612639,0.0000e+00
dev-corpus-01,1652,2192,0.000000e+00,2192,2192,0.137449,0.137449,0.0000e+00
dev-corpus-01,1653,691,0.000000e+00,691,691,1.226015,1.226015,0.0000e+00
dev-corpus-01,1654,10713,0.000000e+00,496,496,13.261312,13.261312,0.0000e+00
dev-corpus-01,1655,684,0.000000e+00,684,684,0.481202,0.481202,0.0000e+00
dev-corpus-01,1656,914,0.000000e+00,914,914,0.344192,0.344192,0.0000e+00
dev-corpus-01,1657,1852,0.000000e+00,1852,1852,0.149127,0.149127,0.0000e+00
dev-corpus-01,1658,5346,0.000000e+00,5346,5346,0.149333,0.149333,0.0000e+00
dev-corpus-01,1659,1031,0.000000e+00,236764,236764,6.711004,6.711004,0.0000e+00
dev-corpus-01,1660,6548,0.000000e+00,5213,5213,7.138577,7.138577,0.0000e+00
dev-corpus-01,1661,546,0.000000e+00,546,546,0.001372,0.001372,0.0000e+00
dev-corpus-01,1662,24318,0.000000e+00,24318,24318,0.007040,0.007040,0.0000e+00
dev-corpus-01,1663,6015,0.000000e+00,6015,6015,0.003756,0.003756,0.0000e+00
dev-corpus-01,1664,783,0.000000e+00,236764,236764,10.615010,10.615010,0.0000e+00
dev-corpus-01,1665,236743,0.000000e+00,1030,1030,5.510009,5.510009,0.0000e+00
dev-corpus-01,1666,107,0.000000e+00,107,107,0.583007,0.583007,0.0000e+00
dev-corpus-01,1667,1301,0.000000e+00,236743,236743,21.000664,21.000664,0.0000e+00
dev-corpus-01,1668,3833,0.000000e+00,1042,1042,4.198584,4.198584,0.0000e+00
dev-corpus-01,1669,532,0.000000e+00,684,684,2.370793,2.370793,0.0000e+00
dev-corpus-01,1670,5267,0.000000e+00,6984,6984,1.506120,1.506120,0.0000e+00
dev-corpus-01,1671,528,0.000000e+00,684,684,5.169150,5.169150,0.0000e+00
dev-corpus-01,1672,496,0.000000e+00,14361,14361,7.119798,7.119798,0.0000e+00
dev-corpus-01,1673,1051,0.000000e+00,6921,6921,14.080077,14.080077,0.0000e+00
dev-corpus-01,1674,1031,0.000000e+00,236764,236764,8.353678,8.353678,0.0000e+00
dev-corpus-01,1675,506,0.000000e+00,506,506,0.471790,0.471790,0.0000e+00
dev-corpus-01,1676,3423,0.000000e+00,8412,8412,4.986096,4.986096,0.0000e+00
dev-corpus-01,1677,12933,0.000000e+00,4065,4065,9.852294,9.852294,0.0000e+00
dev-corpus-01,1678,1572,0.000000e+00,496,496,2.376051,2.376051,0.0000e+00
dev-corpus-01,1679,236804,0.000000e+00,236804,236804,0.000149,0.000149,0.0000e+00
dev-corpus-01,1680,4267,0.000000e+00,4267,4267,0.000001,0.000001,0.0000e+00
dev-corpus-01,1681,532,0.000000e+00,236789,236789,12.103138,12.103138,0.0000e+00
dev-corpus-01,1682,53363,0.000000e+00,914,914,13.780429,13.780429,0.0000e+00
dev-corpus-01,1683,756,0.000000e+00,236789,236789,5.318952,5.318952,0.0000e+00
dev-corpus-01,1684,10080,0.000000e+00,236751,236751,27.207414,27.207414,0.0000e+00
dev-corpus-01,1685,13859,0.000000e+00,13859,13859,0.952384,0.952384,0.0000e+00
dev-corpus-01,1686,783,0.000000e+00,236789,236789,5.025477,5.025477,0.0000e+00
dev-corpus-01,1687,1701,0.000000e+00,1030,1030,7.777162,7.777162,0.0000e+00
dev-corpus-01,1688,99309,0.000000e+00,672,672,5.963254,5.963254,0.0000e+00
dev-corpus-01,1689,7078,0.000000e+00,7078,7078,0.000085,0.000085,0.0000e+00
dev-corpus-01,1690,1031,0.000000e+00,236764,236764,6.198714,6.198714,0.0000e+00
dev-corpus-01,1691,1572,0.000000e+00,1572,1572,0.707945,0.707945,0.0000e+00
dev-corpus-01,1692,236804,0.000000e+00,236804,236804,0.000038,0.000038,0.0000e+00
dev-corpus-01,1693,4267,0.000000e+00,4267,4267,0.000000,0.000000,0.0000e+00
dev-corpus-01,1694,7623,0.000000e+00,236789,236789,5.692234,5.692234,0.0000e+00
dev-corpus-01,1695,531,0.000000e+00,531,531,0.027860,0.027860,0.0000e+00
dev-corpus-01,1696,914,0.000000e+00,914,914,0.866198,0.866198,0.0000e+00
dev-corpus-01,1697,27644,0.000000e+00,14546,14546,5.759684,5.759684,0.0000e+00
dev-corpus-01,1698,5057,0.000000e+00,34407,34407,3.324383,3.324383,0.0000e+00
dev-corpus-01,1699,1308,0.000000e+00,236764,236764,4.601450,4.601450,0.0000e+00
dev-corpus-01,1700,914,0.000000e+00,496,496,2.350292,2.350292,0.0000e+00
dev-corpus-01,1701,125011,0.000000e+00,3527,3527,7.554576,7.554576,0.0000e+00
dev-corpus-01,1702,27197,0.000000e+00,8633,8633,3.380149,3.380149,0.0000e+00
dev-corpus-01,1703,573,0.000000e+00,528,528,3.966801,3.966801,0.0000e+00
dev-corpus-01,1704,8307,0.000000e+00,506,506,12.367864,12.367864,0.0000e+00
dev-corpus-01,1705,183384,0.000000e+00,43350,43350,1.266297,1.266297,0.0000e+00
dev-corpus-01,1706,630,0.000000e+00,12402,12402,4.165363,4.165363,0.0000e+00
dev-corpus-01,1707,33579,0.000000e+00,33579,33579,0.288277,0.288277,0.0000e+00
dev-corpus-01,1708,568,0.000000e+00,236764,236764,3.304369,3.304369,0.0000e+00
dev-corpus-01,1709,236743,0.000000e+00,236778,236778,6.094808,6.094808,0.0000e+00
dev-corpus-01,1710,236778,0.000000e+00,236778,236778,0.003864,0.003864,0.0000e+00
dev-corpus-01,1711,236771,0.000000e+00,236771,236771,0.000160,0.000160,0.0000e+00
dev-corpus-01,1712,236770,0.000000e+00,236771,236771,2.899538,2.899538,0.0000e+00
dev-corpus-01,1713,236771,0.000000e+00,236771,236771,0.251648,0.251648,0.0000e+00
dev-corpus-01,1714,1732,0.000000e+00,769,769,4.686696,4.686696,0.0000e+00
dev-corpus-01,1715,783,0.000000e+00,532,532,3.399783,3.399783,0.0000e+00
dev-corpus-01,1716,5978,0.000000e+00,669,669,4.935398,4.935398,0.0000e+00
dev-corpus-01,1717,13342,0.000000e+00,506,506,4.884753,4.884753,0.0000e+00
dev-corpus-01,1718,506,0.000000e+00,236764,236764,1.913330,1.913330,0.0000e+00
dev-corpus-01,1719,9014,0.000000e+00,8412,8412,10.116914,10.116914,0.0000e+00
dev-corpus-01,1720,1031,0.000000e+00,236764,236764,8.481958,8.481958,0.0000e+00
dev-corpus-01,1721,668,0.000000e+00,668,668,0.478315,0.478315,0.0000e+00
dev-corpus-01,1722,1053,0.000000e+00,112442,112442,4.373905,4.373905,0.0000e+00
dev-corpus-01,1723,1456,0.000000e+00,112442,112442,8.834224,8.834224,0.0000e+00
dev-corpus-01,1724,18661,0.000000e+00,919,919,9.520622,9.520622,0.0000e+00
dev-corpus-01,1725,17747,0.000000e+00,16587,16587,2.963032,2.963032,0.0000e+00
dev-corpus-01,1726,531,0.000000e+00,532,532,7.005408,7.005408,0.0000e+00
dev-corpus-01,1727,30091,0.000000e+00,6350,6350,8.913230,8.913230,0.0000e+00
dev-corpus-01,1728,914,0.000000e+00,506,506,1.984303,1.984303,0.0000e+00
dev-corpus-01,1729,5057,0.000000e+00,5057,5057,0.440558,0.440558,0.0000e+00
dev-corpus-01,1730,1031,0.000000e+00,236761,236761,6.657023,6.657023,0.0000e+00
dev-corpus-01,1731,2963,0.000000e+00,532,532,8.709633,8.709633,0.0000e+00
dev-corpus-01,1732,8314,0.000000e+00,7808,7808,7.524831,7.524831,0.0000e+00
dev-corpus-01,1733,1144,0.000000e+00,496,496,9.610322,9.610322,0.0000e+00
dev-corpus-01,1734,1053,0.000000e+00,668,668,9.725604,9.725604,0.0000e+00
dev-corpus-01,1735,1010,0.000000e+00,1010,1010,0.055396,0.055396,0.0000e+00
dev-corpus-01,1736,2760,0.000000e+00,496,496,3.256489,3.256489,0.0000e+00
dev-corpus-01,1737,496,0.000000e+00,623,623,1.409261,1.409261,0.0000e+00
dev-corpus-01,1738,623,0.000000e+00,623,623,0.828289,0.828289,0.0000e+00
dev-corpus-01,1739,52872,0.000000e+00,69731,69731,5.651044,5.651044,0.0000e+00
dev-corpus-01,1740,1392,0.000000e+00,236772,236772,24.652662,24.652662,0.0000e+00
dev-corpus-01,1741,236772,0.000000e+00,236772,236772,0.181627,0.181627,0.0000e+00
dev-corpus-01,1742,236940,0.000000e+00,236940,236940,0.005680,0.005680,0.0000e+00
dev-corpus-01,1743,1679,0.000000e+00,5057,5057,2.733006,2.733006,0.0000e+00
dev-corpus-01,1744,34407,0.000000e+00,236775,236775,8.555312,8.555312,0.0000e+00
dev-corpus-01,1745,4514,0.000000e+00,236775,236775,14.233117,14.233117,0.0000e+00
dev-corpus-01,1746,623,0.000000e+00,1781,1781,5.828711,5.828711,0.0000e+00
dev-corpus-01,1747,528,0.000000e+00,783,783,4.628071,4.628071,0.0000e+00
dev-corpus-01,1748,914,0.000000e+00,506,506,1.676505,1.676505,0.0000e+00
dev-corpus-01,1749,4252,0.000000e+00,3527,3527,2.598657,2.598657,0.0000e+00
dev-corpus-01,1750,783,0.000000e+00,236761,236761,3.529370,3.529370,0.0000e+00
dev-corpus-01,1751,99309,0.000000e+00,99309,99309,1.263418,1.263418,0.0000e+00
dev-corpus-01,1752,7078,0.000000e+00,7078,7078,0.000094,0.000094,0.0000e+00
dev-corpus-01,1753,815,0.000000e+00,236764,236764,11.129683,11.129683,0.0000e+00
dev-corpus-01,1754,1010,0.000000e+00,496,496,5.027533,5.027533,0.0000e+00
dev-corpus-01,1755,5483,0.000000e+00,43605,43605,7.194210,7.194210,0.0000e+00
dev-corpus-01,1756,531,0.000000e+00,531,531,0.038542,0.038542,0.0000e+00
dev-corpus-01,1757,914,0.000000e+00,914,914,0.136806,0.136806,0.0000e+00
dev-corpus-01,1758,6517,0.000000e+00,6517,6517,0.102806,0.102806,0.0000e+00
dev-corpus-01,1759,40626,0.000000e+00,236764,236764,7.326495,7.326495,0.0000e+00
dev-corpus-01,1760,1031,0.000000e+00,236764,236764,6.203235,6.203235,0.0000e+00
dev-corpus-01,1761,18868,0.000000e+00,532,532,22.372361,22.372361,0.0000e+00
dev-corpus-01,1762,3754,0.000000e+00,3754,3754,0.000032,0.000032,0.0000e+00
dev-corpus-01,1763,568,0.000000e+00,569,569,3.747301,3.747301,0.0000e+00
dev-corpus-01,1764,236743,0.000000e+00,236743,236743,0.584042,0.584042,0.0000e+00
dev-corpus-01,1765,236770,0.000000e+00,236778,236778,1.344880,1.344880,0.0000e+00
dev-corpus-01,1766,236819,0.000000e+00,236819,236819,0.000092,0.000092,0.0000e+00
dev-corpus-01,1767,236819,0.000000e+00,236819,236819,0.006977,0.006977,0.0000e+00
dev-corpus-01,1768,236812,0.000000e+00,236812,236812,0.494685,0.494685,0.0000e+00
dev-corpus-01,1769,1732,0.000000e+00,1732,1732,0.184801,0.184801,0.0000e+00
dev-corpus-01,1770,532,0.000000e+00,532,532,0.028485,0.028485,0.0000e+00
dev-corpus-01,1771,25328,0.000000e+00,2876,2876,6.924851,6.924851,0.0000e+00
dev-corpus-01,1772,168824,0.000000e+00,568,568,10.401645,10.401645,0.0000e+00
dev-corpus-01,1773,111340,0.000000e+00,111340,111340,0.037454,0.037454,0.0000e+00
dev-corpus-01,1774,568,0.000000e+00,568,568,0.000066,0.000066,0.0000e+00
dev-corpus-01,1775,236743,0.000000e+00,236743,236743,0.377074,0.377074,0.0000e+00
dev-corpus-01,1776,236770,0.000000e+00,236770,236770,0.010854,0.010854,0.0000e+00
dev-corpus-01,1777,236819,0.000000e+00,236819,236819,0.000035,0.000035,0.0000e+00
dev-corpus-01,1778,236819,0.000000e+00,236819,236819,0.000826,0.000826,0.0000e+00
dev-corpus-01,1779,236800,0.000000e+00,236832,236832,4.111625,4.111625,0.0000e+00
dev-corpus-01,1780,1732,0.000000e+00,1732,1732,0.545417,0.545417,0.0000e+00
dev-corpus-01,1781,783,0.000000e+00,573,573,4.807133,4.807133,0.0000e+00
dev-corpus-01,1782,236743,0.000000e+00,669,669,2.515610,2.515610,0.0000e+00
dev-corpus-01,1783,107,0.000000e+00,107,107,0.012287,0.012287,0.0000e+00
dev-corpus-01,1784,99309,0.000000e+00,818,818,7.700207,7.700207,0.0000e+00
dev-corpus-01,1785,7078,0.000000e+00,7078,7078,0.000014,0.000014,0.0000e+00
dev-corpus-01,1786,5452,0.000000e+00,563,563,7.273438,7.273438,0.0000e+00
dev-corpus-01,1787,1572,0.000000e+00,496,496,5.072310,5.072310,0.0000e+00
dev-corpus-01,1788,236804,0.000000e+00,236804,236804,0.000016,0.000016,0.0000e+00
dev-corpus-01,1789,4267,0.000000e+00,4267,4267,0.000001,0.000001,0.0000e+00
dev-corpus-01,1790,756,0.000000e+00,236789,236789,7.699278,7.699278,0.0000e+00
dev-corpus-01,1791,236751,0.000000e+00,236751,236751,0.020338,0.020338,0.0000e+00
dev-corpus-01,1792,10080,0.000000e+00,1171,1171,6.220715,6.220715,0.0000e+00
dev-corpus-01,1793,1548,0.000000e+00,8412,8412,5.529755,5.529755,0.0000e+00
dev-corpus-01,1794,1392,0.000000e+00,886,886,11.390602,11.390602,0.0000e+00
dev-corpus-01,1795,236772,0.000000e+00,236772,236772,0.002377,0.002377,0.0000e+00
dev-corpus-01,1796,236940,0.000000e+00,236940,236940,0.005843,0.005843,0.0000e+00
dev-corpus-01,1797,886,0.000000e+00,3161,3161,11.024784,11.024784,0.0000e+00
dev-corpus-01,1798,8412,0.000000e+00,236764,236764,7.785304,7.785304,0.0000e+00
dev-corpus-01,1799,580,0.000000e+00,236761,236761,7.444917,7.444917,0.0000e+00
dev-corpus-01,1800,506,0.000000e+00,236743,236743,1.435077,1.435077,0.0000e+00
dev-corpus-01,1801,72991,0.000000e+00,28494,28494,3.119189,3.119189,0.0000e+00
dev-corpus-01,1802,8231,0.000000e+00,236743,236743,2.536081,2.536081,0.0000e+00
dev-corpus-01,1803,16403,0.000000e+00,16403,16403,0.004601,0.004601,0.0000e+00
dev-corpus-01,1804,117210,0.000000e+00,117210,117210,0.001994,0.001994,0.0000e+00
dev-corpus-01,1805,1298,0.000000e+00,9535,9535,15.234545,15.234545,0.0000e+00
dev-corpus-01,1806,625,0.000000e+00,625,625,0.210975,0.210975,0.0000e+00
dev-corpus-01,1807,72000,0.000000e+00,90959,90959,2.056443,2.056443,0.0000e+00
dev-corpus-01,1808,573,0.000000e+00,657,657,10.529786,10.529786,0.0000e+00
dev-corpus-01,1809,506,0.000000e+00,506,506,0.386006,0.386006,0.0000e+00
dev-corpus-01,1810,2069,0.000000e+00,1171,1171,9.322671,9.322671,0.0000e+00
dev-corpus-01,1811,16548,0.000000e+00,529,529,0.783334,0.783334,0.0000e+00
dev-corpus-01,1812,236743,0.000000e+00,5857,5857,1.802750,1.802750,0.0000e+00
dev-corpus-01,1813,236778,0.000000e+00,236778,236778,0.607057,0.607057,0.0000e+00
dev-corpus-01,1814,236778,0.000000e+00,236819,236819,2.849677,2.849677,0.0000e+00
dev-corpus-01,1815,6198,0.000000e+00,5857,5857,1.736506,1.736506,0.0000e+00
dev-corpus-01,1816,236743,0.000000e+00,236743,236743,0.001506,0.001506,0.0000e+00
dev-corpus-01,1817,236778,0.000000e+00,236778,236778,0.000033,0.000033,0.0000e+00
dev-corpus-01,1818,236771,0.000000e+00,236771,236771,0.000144,0.000144,0.0000e+00
dev-corpus-01,1819,236770,0.000000e+00,236770,236770,0.000004,0.000004,0.0000e+00
dev-corpus-01,1820,236770,0.000000e+00,236770,236770,0.001422,0.001422,0.0000e+00
dev-corpus-01,1821,783,0.000000e+00,236761,236761,2.435834,2.435834,0.0000e+00
dev-corpus-01,1822,1701,0.000000e+00,669,669,7.175818,7.175818,0.0000e+00
dev-corpus-01,1823,59197,0.000000e+00,99309,99309,18.927290,18.927290,0.0000e+00
dev-corpus-01,1824,1908,0.000000e+00,5695,5695,12.133551,12.133551,0.0000e+00
dev-corpus-01,1825,1392,0.000000e+00,236772,236772,9.787884,9.787884,0.0000e+00
dev-corpus-01,1826,236772,0.000000e+00,236772,236772,0.001839,0.001839,0.0000e+00
dev-corpus-01,1827,236940,0.000000e+00,236940,236940,0.001967,0.001967,0.0000e+00
dev-corpus-01,1828,22592,0.000000e+00,22592,22592,0.862647,0.862647,0.0000e+00
dev-corpus-01,1829,5695,0.000000e+00,5695,5695,0.008376,0.008376,0.0000e+00
dev-corpus-01,1830,625,0.000000e+00,236764,236764,3.148003,3.148003,0.0000e+00
dev-corpus-01,1831,42093,0.000000e+00,691,691,2.776162,2.776162,0.0000e+00
dev-corpus-01,1832,506,0.000000e+00,506,506,0.005720,0.005720,0.0000e+00
dev-corpus-01,1833,16403,0.000000e+00,9535,9535,1.669612,1.669612,0.0000e+00
dev-corpus-01,1834,11400,0.000000e+00,117210,117210,2.027559,2.027559,0.0000e+00
dev-corpus-01,1835,117210,0.000000e+00,117210,117210,0.022572,0.022572,0.0000e+00
dev-corpus-01,1836,9535,0.000000e+00,9535,9535,0.092387,0.092387,0.0000e+00
dev-corpus-01,1837,1031,0.000000e+00,236761,236761,10.259795,10.259795,0.0000e+00
dev-corpus-01,1838,532,0.000000e+00,532,532,0.331750,0.331750,0.0000e+00
dev-corpus-01,1839,8452,0.000000e+00,625,625,3.073080,3.073080,0.0000e+00
dev-corpus-01,1840,1548,0.000000e+00,1548,1548,0.252762,0.252762,0.0000e+00
dev-corpus-01,1841,886,0.000000e+00,886,886,0.069277,0.069277,0.0000e+00
dev-corpus-01,1842,580,0.000000e+00,580,580,0.024782,0.024782,0.0000e+00
dev-corpus-01,1843,506,0.000000e+00,506,506,0.036380,0.036380,0.0000e+00
dev-corpus-01,1844,26135,0.000000e+00,72991,72991,8.626523,8.626523,0.0000e+00
dev-corpus-01,1845,117210,0.000000e+00,117210,117210,0.052056,0.052056,0.0000e+00
dev-corpus-01,1846,32269,0.000000e+00,9535,9535,4.101856,4.101856,0.0000e+00
dev-corpus-01,1847,783,0.000000e+00,236761,236761,3.452966,3.452966,0.0000e+00
dev-corpus-01,1848,1030,0.000000e+00,236743,236743,3.965155,3.965155,0.0000e+00
dev-corpus-01,1849,563,0.000000e+00,691,691,1.690848,1.690848,0.0000e+00
dev-corpus-01,1850,914,0.000000e+00,914,914,1.432103,1.432103,0.0000e+00
dev-corpus-01,1851,15778,0.000000e+00,1791,1791,7.470992,7.470992,0.0000e+00
dev-corpus-01,1852,22592,0.000000e+00,16403,16403,5.095121,5.095121,0.0000e+00
dev-corpus-01,1853,8412,0.000000e+00,1548,1548,1.435860,1.435860,0.0000e+00
dev-corpus-01,1854,531,0.000000e+00,531,531,0.025161,0.025161,0.0000e+00
dev-corpus-01,1855,9535,0.000000e+00,5370,5370,3.095119,3.095119,0.0000e+00
dev-corpus-01,1856,580,0.000000e+00,580,580,0.432035,0.432035,0.0000e+00
dev-corpus-01,1857,506,0.000000e+00,506,506,0.139511,0.139511,0.0000e+00
dev-corpus-01,1858,72991,0.000000e+00,72991,72991,0.135652,0.135652,0.0000e+00
dev-corpus-01,1859,236743,0.000000e+00,8231,8231,1.450768,1.450768,0.0000e+00
dev-corpus-01,1860,236778,0.000000e+00,236778,236778,0.002360,0.002360,0.0000e+00
dev-corpus-01,1861,236771,0.000000e+00,236771,236771,0.000033,0.000033,0.0000e+00
dev-corpus-01,1862,236771,0.000000e+00,236771,236771,0.000053,0.000053,0.0000e+00
dev-corpus-01,1863,568,0.000000e+00,236761,236761,6.821203,6.821203,0.0000e+00
dev-corpus-01,1864,17154,0.000000e+00,236743,236743,5.509193,5.509193,0.0000e+00
dev-corpus-01,1865,1548,0.000000e+00,1548,1548,0.318772,0.318772,0.0000e+00
dev-corpus-01,1866,41607,0.000000e+00,236743,236743,10.100068,10.100068,0.0000e+00
dev-corpus-01,1867,1392,0.000000e+00,236772,236772,13.536019,13.536019,0.0000e+00
dev-corpus-01,1868,236772,0.000000e+00,236772,236772,0.000409,0.000409,0.0000e+00
dev-corpus-01,1869,236940,0.000000e+00,236940,236940,0.004229,0.004229,0.0000e+00
dev-corpus-01,1870,3493,0.000000e+00,580,580,4.799684,4.799684,0.0000e+00
dev-corpus-01,1871,1732,0.000000e+00,769,769,11.380383,11.380383,0.0000e+00
dev-corpus-01,1872,1031,0.000000e+00,783,783,7.708424,7.708424,0.0000e+00
dev-corpus-01,1873,532,0.000000e+00,532,532,0.146573,0.146573,0.0000e+00
dev-corpus-01,1874,914,0.000000e+00,914,914,0.450463,0.450463,0.0000e+00
dev-corpus-01,1875,10080,0.000000e+00,4168,4168,1.666256,1.666256,0.0000e+00
dev-corpus-01,1876,8412,0.000000e+00,22592,22592,2.085099,2.085099,0.0000e+00
dev-corpus-01,1877,531,0.000000e+00,531,531,0.092402,0.092402,0.0000e+00
dev-corpus-01,1878,9535,0.000000e+00,9535,9535,0.792941,0.792941,0.0000e+00
dev-corpus-01,1879,528,0.000000e+00,580,580,2.121343,2.121343,0.0000e+00
dev-corpus-01,1880,14145,0.000000e+00,506,506,2.776999,2.776999,0.0000e+00
dev-corpus-01,1881,568,0.000000e+00,236761,236761,4.959105,4.959105,0.0000e+00
dev-corpus-01,1882,145739,0.000000e+00,17154,17154,7.552874,7.552874,0.0000e+00
dev-corpus-01,1883,657,0.000000e+00,657,657,0.002822,0.002822,0.0000e+00
dev-corpus-01,1884,1548,0.000000e+00,1548,1548,0.007275,0.007275,0.0000e+00
dev-corpus-01,1885,41607,0.000000e+00,12571,12571,4.725792,4.725792,0.0000e+00
dev-corpus-01,1886,1392,0.000000e+00,1392,1392,0.279620,0.279620,0.0000e+00
dev-corpus-01,1887,236772,0.000000e+00,236772,236772,0.000041,0.000041,0.0000e+00
dev-corpus-01,1888,236940,0.000000e+00,236940,236940,0.000136,0.000136,0.0000e+00
dev-corpus-01,1889,6589,0.000000e+00,3493,3493,2.434777,2.434777,0.0000e+00
dev-corpus-01,1890,1732,0.000000e+00,11108,11108,4.148792,4.148792,0.0000e+00
dev-corpus-01,1891,783,0.000000e+00,783,783,0.004372,0.004372,0.0000e+00
dev-corpus-01,1892,25298,0.000000e+00,107,107,15.571054,15.571054,0.0000e+00
dev-corpus-01,1893,886,0.000000e+00,506,506,7.676322,7.676322,0.0000e+00
dev-corpus-01,1894,2069,0.000000e+00,1051,1051,1.010971,1.010971,0.0000e+00
dev-corpus-01,1895,1308,0.000000e+00,529,529,6.954580,6.954580,0.0000e+00
dev-corpus-01,1896,1061,0.000000e+00,1061,1061,0.043288,0.043288,0.0000e+00
dev-corpus-01,1897,5588,0.000000e+00,5588,5588,0.001763,0.001763,0.0000e+00
dev-corpus-01,1898,99309,0.000000e+00,236764,236764,15.344510,15.344510,0.0000e+00
dev-corpus-01,1899,7078,0.000000e+00,7078,7078,0.001015,0.001015,0.0000e+00
dev-corpus-01,1900,691,0.000000e+00,691,691,1.193609,1.193609,0.0000e+00
dev-corpus-01,1901,19743,0.000000e+00,19743,19743,0.164505,0.164505,0.0000e+00
dev-corpus-01,1902,5122,0.000000e+00,7707,7707,5.486134,5.486134,0.0000e+00
dev-corpus-01,1903,528,0.000000e+00,528,528,0.580918,0.580918,0.0000e+00
dev-corpus-01,1904,27491,0.000000e+00,13251,13251,8.020963,8.020963,0.0000e+00
dev-corpus-01,1905,1031,0.000000e+00,532,532,6.261832,6.261832,0.0000e+00
dev-corpus-01,1906,506,0.000000e+00,532,532,8.247468,8.247468,0.0000e+00
dev-corpus-01,1907,3640,0.000000e+00,1171,1171,7.756655,7.756655,0.0000e+00
dev-corpus-01,1908,4184,0.000000e+00,4184,4184,0.002978,0.002978,0.0000e+00
dev-corpus-01,1909,532,0.000000e+00,236764,236764,2.854698,2.854698,0.0000e+00
dev-corpus-01,1910,13251,0.000000e+00,13251,13251,0.184679,0.184679,0.0000e+00
dev-corpus-01,1911,532,0.000000e+00,236761,236761,7.342335,7.342335,0.0000e+00
dev-corpus-01,1912,19743,0.000000e+00,691,691,5.185002,5.185002,0.0000e+00
dev-corpus-01,1913,45449,0.000000e+00,45449,45449,0.020305,0.020305,0.0000e+00
dev-corpus-01,1914,528,0.000000e+00,528,528,0.006205,0.006205,0.0000e+00
dev-corpus-01,1915,36723,0.000000e+00,27491,27491,6.153289,6.153289,0.0000e+00
dev-corpus-01,1916,532,0.000000e+00,236761,236761,3.950439,3.950439,0.0000e+00
dev-corpus-01,1917,24423,0.000000e+00,34877,34877,3.246988,3.246988,0.0000e+00
dev-corpus-01,1918,783,0.000000e+00,236761,236761,3.119880,3.119880,0.0000e+00
dev-corpus-01,1919,236743,0.000000e+00,236743,236743,0.557964,0.557964,0.0000e+00
dev-corpus-01,1920,107,0.000000e+00,107,107,0.055413,0.055413,0.0000e+00
dev-corpus-01,1921,22749,0.000000e+00,236743,236743,18.970628,18.970628,0.0000e+00
dev-corpus-01,1922,40903,0.000000e+00,40903,40903,0.172598,0.172598,0.0000e+00
dev-corpus-01,1923,735,0.000000e+00,964,964,3.668042,3.668042,0.0000e+00
dev-corpus-01,1924,1010,0.000000e+00,1010,1010,0.012445,0.012445,0.0000e+00
dev-corpus-01,1925,6811,0.000000e+00,6811,6811,0.001733,0.001733,0.0000e+00
dev-corpus-01,1926,699,0.000000e+00,699,699,0.025051,0.025051,0.0000e+00
dev-corpus-01,1927,506,0.000000e+00,506,506,0.077220,0.077220,0.0000e+00
dev-corpus-01,1928,8412,0.000000e+00,8412,8412,0.002509,0.002509,0.0000e+00
dev-corpus-01,1929,783,0.000000e+00,236764,236764,6.073378,6.073378,0.0000e+00
dev-corpus-01,1930,669,0.000000e+00,669,669,0.438894,0.438894,0.0000e+00
dev-corpus-01,1931,2080,0.000000e+00,2080,2080,0.826530,0.826530,0.0000e+00
dev-corpus-01,1932,3161,0.000000e+00,3161,3161,0.000390,0.000390,0.0000e+00
dev-corpus-01,1933,1031,0.000000e+00,563,563,10.639671,10.639671,0.0000e+00
dev-corpus-01,1934,623,0.000000e+00,623,623,0.021124,0.021124,0.0000e+00
dev-corpus-01,1935,2876,0.000000e+00,5191,5191,12.942036,12.942036,0.0000e+00
dev-corpus-01,1936,97192,0.000000e+00,97192,97192,1.330888,1.330888,0.0000e+00
dev-corpus-01,1937,623,0.000000e+00,236775,236775,8.271638,8.271638,0.0000e+00
dev-corpus-01,1938,1031,0.000000e+00,691,691,2.868112,2.868112,0.0000e+00
dev-corpus-01,1939,5452,0.000000e+00,691,691,4.919789,4.919789,0.0000e+00
dev-corpus-01,1940,496,0.000000e+00,496,496,0.014455,0.014455,0.0000e+00
dev-corpus-01,1941,6635,0.000000e+00,3262,3262,5.128574,5.128574,0.0000e+00
dev-corpus-01,1942,2630,0.000000e+00,2630,2630,0.123467,0.123467,0.0000e+00
dev-corpus-01,1943,528,0.000000e+00,532,532,6.087655,6.087655,0.0000e+00
dev-corpus-01,1944,3131,0.000000e+00,236743,236743,4.517887,4.517887,0.0000e+00
dev-corpus-01,1945,16403,0.000000e+00,16403,16403,0.302039,0.302039,0.0000e+00
dev-corpus-01,1946,3668,0.000000e+00,3668,3668,0.065414,0.065414,0.0000e+00
dev-corpus-01,1947,4808,0.000000e+00,4808,4808,0.148101,0.148101,0.0000e+00
dev-corpus-01,1948,532,0.000000e+00,236761,236761,2.837540,2.837540,0.0000e+00
dev-corpus-01,1949,691,0.000000e+00,691,691,0.483247,0.483247,0.0000e+00
dev-corpus-01,1950,1548,0.000000e+00,496,496,6.888720,6.888720,0.0000e+00
dev-corpus-01,1951,886,0.000000e+00,886,886,0.022112,0.022112,0.0000e+00
dev-corpus-01,1952,580,0.000000e+00,580,580,0.430717,0.430717,0.0000e+00
dev-corpus-01,1953,506,0.000000e+00,506,506,0.096135,0.096135,0.0000e+00
dev-corpus-01,1954,72991,0.000000e+00,16403,16403,2.149057,2.149057,0.0000e+00
dev-corpus-01,1955,16403,0.000000e+00,16403,16403,0.538867,0.538867,0.0000e+00
dev-corpus-01,1956,48420,0.000000e+00,48420,48420,0.113168,0.113168,0.0000e+00
dev-corpus-01,1957,532,0.000000e+00,9535,9535,9.716934,9.716934,0.0000e+00
dev-corpus-01,1958,16403,0.000000e+00,16403,16403,0.745463,0.745463,0.0000e+00
dev-corpus-01,1959,11400,0.000000e+00,11400,11400,0.251042,0.251042,0.0000e+00
dev-corpus-01,1960,48420,0.000000e+00,48420,48420,0.394613,0.394613,0.0000e+00
dev-corpus-01,1961,28494,0.000000e+00,28494,28494,0.112285,0.112285,0.0000e+00
dev-corpus-01,1962,783,0.000000e+00,236761,236761,4.482377,4.482377,0.0000e+00
dev-corpus-01,1963,1030,0.000000e+00,7067,7067,5.351753,5.351753,0.0000e+00
dev-corpus-01,1964,691,0.000000e+00,691,691,0.286117,0.286117,0.0000e+00
dev-corpus-01,1965,6641,0.000000e+00,992,992,6.738957,6.738957,0.0000e+00
dev-corpus-01,1966,684,0.000000e+00,684,684,0.000488,0.000488,0.0000e+00
dev-corpus-01,1967,623,0.000000e+00,623,623,0.097773,0.097773,0.0000e+00
dev-corpus-01,1968,25133,0.000000e+00,2774,2774,8.905601,8.905601,0.0000e+00
dev-corpus-01,1969,9925,0.000000e+00,1741,1741,9.123434,9.123434,0.0000e+00
dev-corpus-01,1970,147012,0.000000e+00,236775,236775,4.329380,4.329380,0.0000e+00
dev-corpus-01,1971,623,0.000000e+00,236775,236775,2.367640,2.367640,0.0000e+00
dev-corpus-01,1972,568,0.000000e+00,532,532,6.895563,6.895563,0.0000e+00
dev-corpus-01,1973,18482,0.000000e+00,236778,236778,8.029066,8.029066,0.0000e+00
dev-corpus-01,1974,667,0.000000e+00,77817,77817,6.202596,6.202596,0.0000e+00
dev-corpus-01,1975,5316,0.000000e+00,5316,5316,0.413664,0.413664,0.0000e+00
dev-corpus-01,1976,76530,0.000000e+00,76530,76530,0.499874,0.499874,0.0000e+00
dev-corpus-01,1977,1732,0.000000e+00,236768,236768,1.440887,1.440887,0.0000e+00
dev-corpus-01,1978,1031,0.000000e+00,532,532,2.397861,2.397861,0.0000e+00
dev-corpus-01,1979,837,0.000000e+00,532,532,1.834752,1.834752,0.0000e+00
dev-corpus-01,1980,8452,0.000000e+00,992,992,6.751388,6.751388,0.0000e+00
dev-corpus-01,1981,1548,0.000000e+00,1548,1548,0.111460,0.111460,0.0000e+00
dev-corpus-01,1982,886,0.000000e+00,886,886,0.136797,0.136797,0.0000e+00
dev-corpus-01,1983,580,0.000000e+00,580,580,0.654512,0.654512,0.0000e+00
dev-corpus-01,1984,506,0.000000e+00,506,506,0.079261,0.079261,0.0000e+00
dev-corpus-01,1985,16403,0.000000e+00,72991,72991,1.018231,1.018231,0.0000e+00
dev-corpus-01,1986,11400,0.000000e+00,11400,11400,0.023176,0.023176,0.0000e+00
dev-corpus-01,1987,48420,0.000000e+00,48420,48420,0.049628,0.049628,0.0000e+00
dev-corpus-01,1988,1031,0.000000e+00,9535,9535,16.029198,16.029198,0.0000e+00
dev-corpus-01,1989,1548,0.000000e+00,532,532,8.283454,8.283454,0.0000e+00
dev-corpus-01,1990,1156,0.000000e+00,1156,1156,0.914246,0.914246,0.0000e+00
dev-corpus-01,1991,580,0.000000e+00,580,580,0.003415,0.003415,0.0000e+00
dev-corpus-01,1992,506,0.000000e+00,506,506,0.039370,0.039370,0.0000e+00
dev-corpus-01,1993,16403,0.000000e+00,16403,16403,0.888969,0.888969,0.0000e+00
dev-corpus-01,1994,48420,0.000000e+00,11400,11400,2.182227,2.182227,0.0000e+00
dev-corpus-01,1995,28494,0.000000e+00,28494,28494,0.721401,0.721401,0.0000e+00
dev-corpus-01,1996,532,0.000000e+00,236764,236764,2.194392,2.194392,0.0000e+00
dev-corpus-01,1997,42093,0.000000e+00,1548,1548,3.966362,3.966362,0.0000e+00
dev-corpus-01,1998,3131,0.000000e+00,506,506,9.618497,9.618497,0.0000e+00
dev-corpus-01,1999,1032,0.000000e+00,10969,10969,4.326324,4.326324,0.0000e+00
dev-corpus-01,2000,4559,0.000000e+00,28494,28494,3.386553,3.386553,0.0000e+00
dev-corpus-01,2001,28494,0.000000e+00,28494,28494,0.008553,0.008553,0.0000e+00
dev-corpus-01,2002,783,0.000000e+00,236761,236761,3.744640,3.744640,0.0000e+00
dev-corpus-01,2003,623,0.000000e+00,12023,12023,2.859518,2.859518,0.0000e+00
dev-corpus-01,2004,14402,0.000000e+00,2774,2774,4.168587,4.168587,0.0000e+00
dev-corpus-01,2005,8934,0.000000e+00,77702,77702,8.872608,8.872608,0.0000e+00
dev-corpus-01,2006,722,0.000000e+00,722,722,0.002015,0.002015,0.0000e+00
dev-corpus-01,2007,1339,0.000000e+00,236775,236775,6.086166,6.086166,0.0000e+00
dev-corpus-01,2008,3060,0.000000e+00,69610,69610,6.602182,6.602182,0.0000e+00
dev-corpus-01,2009,81790,0.000000e+00,69610,69610,9.331536,9.331536,0.0000e+00
dev-corpus-01,2010,593,0.000000e+00,895,895,10.726067,10.726067,0.0000e+00
dev-corpus-01,2011,9487,0.000000e+00,9487,9487,0.119897,0.119897,0.0000e+00
dev-corpus-01,2012,4362,0.000000e+00,4362,4362,0.000005,0.000005,0.0000e+00
dev-corpus-01,2013,55620,0.000000e+00,55620,55620,0.047143,0.047143,0.0000e+00
dev-corpus-01,2014,2489,0.000000e+00,2489,2489,0.000007,0.000007,0.0000e+00
dev-corpus-01,2015,623,0.000000e+00,236775,236775,1.278447,1.278447,0.0000e+00
dev-corpus-01,2016,691,0.000000e+00,568,568,1.789780,1.789780,0.0000e+00
dev-corpus-01,2017,6811,0.000000e+00,992,992,5.488007,5.488007,0.0000e+00
dev-corpus-01,2018,528,0.000000e+00,3209,3209,2.978406,2.978406,0.0000e+00
dev-corpus-01,2019,3353,0.000000e+00,236743,236743,4.941668,4.941668,0.0000e+00
dev-corpus-01,2020,236743,0.000000e+00,236743,236743,0.113488,0.113488,0.0000e+00
dev-corpus-01,2021,236778,0.000000e+00,236778,236778,0.000037,0.000037,0.0000e+00
dev-corpus-01,2022,236771,0.000000e+00,236771,236771,0.000022,0.000022,0.0000e+00
dev-corpus-01,2023,236770,0.000000e+00,236770,236770,0.000938,0.000938,0.0000e+00
dev-corpus-01,2024,236778,0.000000e+00,236778,236778,0.058853,0.058853,0.0000e+00
dev-corpus-01,2025,2895,0.000000e+00,532,532,12.318393,12.318393,0.0000e+00
dev-corpus-01,2026,623,0.000000e+00,623,623,0.042580,0.042580,0.0000e+00
dev-corpus-01,2027,2474,0.000000e+00,4976,4976,4.796636,4.796636,0.0000e+00
dev-corpus-01,2028,186289,0.000000e+00,186289,186289,0.702074,0.702074,0.0000e+00
dev-corpus-01,2029,623,0.000000e+00,236775,236775,4.487087,4.487087,0.0000e+00
dev-corpus-01,2030,528,0.000000e+00,568,568,5.289783,5.289783,0.0000e+00
dev-corpus-01,2031,5505,0.000000e+00,236743,236743,3.651609,3.651609,0.0000e+00
dev-corpus-01,2032,236743,0.000000e+00,236743,236743,0.001045,0.001045,0.0000e+00
dev-corpus-01,2033,236778,0.000000e+00,236778,236778,0.000004,0.000004,0.0000e+00
dev-corpus-01,2034,236771,0.000000e+00,236771,236771,0.000014,0.000014,0.0000e+00
dev-corpus-01,2035,236770,0.000000e+00,236770,236770,0.000013,0.000013,0.0000e+00
dev-corpus-01,2036,236778,0.000000e+00,236778,236778,0.015906,0.015906,0.0000e+00
dev-corpus-01,2037,1031,0.000000e+00,236793,236793,3.460751,3.460751,0.0000e+00
dev-corpus-01,2038,532,0.000000e+00,532,532,0.008618,0.008618,0.0000e+00
dev-corpus-01,2039,623,0.000000e+00,623,623,0.001339,0.001339,0.0000e+00
dev-corpus-01,2040,7072,0.000000e+00,2876,2876,4.646811,4.646811,0.0000e+00
dev-corpus-01,2041,17206,0.000000e+00,147012,147012,4.157112,4.157112,0.0000e+00
dev-corpus-01,2042,2301,0.000000e+00,782,782,1.872475,1.872475,0.0000e+00
dev-corpus-01,2043,99064,0.000000e+00,4892,4892,16.236080,16.236080,0.0000e+00
dev-corpus-01,2044,101060,0.000000e+00,507,507,2.801800,2.801800,0.0000e+00
dev-corpus-01,2045,623,0.000000e+00,623,623,0.577065,0.577065,0.0000e+00
dev-corpus-01,2046,528,0.000000e+00,528,528,0.040300,0.040300,0.0000e+00
dev-corpus-01,2047,6243,0.000000e+00,236743,236743,2.561251,2.561251,0.0000e+00
dev-corpus-02,2048,9115,0.000000e+00,578,578,27.734535,27.734535,0.0000e+00
dev-corpus-02,2049,9250,0.000000e+00,13959,13959,14.802513,14.802513,0.0000e+00
dev-corpus-02,2050,90890,0.000000e+00,1979,1979,21.097522,21.097522,0.0000e+00
dev-corpus-02,2051,564,0.000000e+00,236772,236772,7.632998,7.632998,0.0000e+00
dev-corpus-02,2052,60872,0.000000e+00,568,568,13.445868,13.445868,0.0000e+00
dev-corpus-02,2053,578,0.000000e+00,236761,236761,10.115673,10.115673,0.0000e+00
dev-corpus-02,2054,236743,0.000000e+00,9115,9115,3.492137,3.492137,0.0000e+00
dev-corpus-02,2055,107,0.000000e+00,236770,236770,4.011181,4.011181,0.0000e+00
dev-corpus-02,2056,236743,0.000000e+00,1018,1018,4.590352,4.590352,0.0000e+00
dev-corpus-02,2057,107,0.000000e+00,107,107,0.032837,0.032837,0.0000e+00
dev-corpus-02,2058,669,0.000000e+00,1018,1018,8.441728,8.441728,0.0000e+00
dev-corpus-02,2059,9250,0.000000e+00,90890,90890,1.928053,1.928053,0.0000e+00
dev-corpus-02,2060,90890,0.000000e+00,90890,90890,0.003989,0.003989,0.0000e+00
dev-corpus-02,2061,564,0.000000e+00,564,564,0.001940,0.001940,0.0000e+00
dev-corpus-02,2062,691,0.000000e+00,60872,60872,1.004482,1.004482,0.0000e+00
dev-corpus-02,2063,496,0.000000e+00,496,496,0.105420,0.105420,0.0000e+00
dev-corpus-02,2064,1012,0.000000e+00,1944,1944,10.033269,10.033269,0.0000e+00
dev-corpus-02,2065,529,0.000000e+00,529,529,0.000299,0.000299,0.0000e+00
dev-corpus-02,2066,1944,0.000000e+00,1944,1944,0.817366,0.817366,0.0000e+00
dev-corpus-02,2067,25260,0.000000e+00,236764,236764,1.667462,1.667462,0.0000e+00
dev-corpus-02,2068,112098,0.000000e+00,112098,112098,0.272497,0.272497,0.0000e+00
dev-corpus-02,2069,568,0.000000e+00,1456,1456,7.388783,7.388783,0.0000e+00
dev-corpus-02,2070,749,0.000000e+00,236836,236836,13.656499,13.656499,0.0000e+00
dev-corpus-02,2071,1392,0.000000e+00,236772,236772,25.230403,25.230403,0.0000e+00
dev-corpus-02,2072,236772,0.000000e+00,236743,236743,6.757030,6.757030,0.0000e+00
dev-corpus-02,2073,236940,0.000000e+00,57876,57876,7.763300,7.763300,0.0000e+00
dev-corpus-02,2074,20896,0.000000e+00,236768,236768,6.304065,6.304065,0.0000e+00
dev-corpus-02,2075,1732,0.000000e+00,236768,236768,7.432466,7.432466,0.0000e+00
dev-corpus-02,2076,5284,0.000000e+00,5535,5535,2.565630,2.565630,0.0000e+00
dev-corpus-02,2077,528,0.000000e+00,684,684,3.399349,3.399349,0.0000e+00
dev-corpus-02,2078,9405,0.000000e+00,9405,9405,0.039967,0.039967,0.0000e+00
dev-corpus-02,2079,657,0.000000e+00,1913,1913,7.482664,7.482664,0.0000e+00
dev-corpus-02,2080,506,0.000000e+00,506,506,0.003833,0.003833,0.0000e+00
dev-corpus-02,2081,6534,0.000000e+00,2490,2490,1.171176,1.171176,0.0000e+00
dev-corpus-02,2082,529,0.000000e+00,529,529,0.000055,0.000055,0.0000e+00
dev-corpus-02,2083,506,0.000000e+00,4109,4109,4.539339,4.539339,0.0000e+00
dev-corpus-02,2084,5315,0.000000e+00,5315,5315,0.125616,0.125616,0.0000e+00
dev-corpus-02,2085,4109,0.000000e+00,4109,4109,0.000212,0.000212,0.0000e+00
dev-corpus-02,2086,5289,0.000000e+00,5289,5289,0.000039,0.000039,0.0000e+00
dev-corpus-02,2087,783,0.000000e+00,236761,236761,8.374702,8.374702,0.0000e+00
dev-corpus-02,2088,236743,0.000000e+00,2195,2195,3.901162,3.901162,0.0000e+00
dev-corpus-02,2089,236778,0.000000e+00,107,107,9.721338,9.721338,0.0000e+00
dev-corpus-02,2090,236771,0.000000e+00,236761,236761,5.373834,5.373834,0.0000e+00
dev-corpus-02,2091,20896,0.000000e+00,236771,236771,8.772648,8.772648,0.0000e+00
dev-corpus-02,2092,964,0.000000e+00,964,964,0.270855,0.270855,0.0000e+00
dev-corpus-02,2093,14494,0.000000e+00,5284,5284,1.335843,1.335843,0.0000e+00
dev-corpus-02,2094,1031,0.000000e+00,236764,236764,11.180742,11.180742,0.0000e+00
dev-corpus-02,2095,1346,0.000000e+00,532,532,6.031064,6.031064,0.0000e+00
dev-corpus-02,2096,529,0.000000e+00,529,529,0.383469,0.383469,0.0000e+00
dev-corpus-02,2097,837,0.000000e+00,1091,1091,1.227334,1.227334,0.0000e+00
dev-corpus-02,2098,3939,0.000000e+00,964,964,7.989020,7.989020,0.0000e+00
dev-corpus-02,2099,1131,0.000000e+00,1131,1131,0.595574,0.595574,0.0000e+00
dev-corpus-02,2100,2509,0.000000e+00,2509,2509,0.022367,0.022367,0.0000e+00
dev-corpus-02,2101,607,0.000000e+00,1913,1913,1.869227,1.869227,0.0000e+00
dev-corpus-02,2102,506,0.000000e+00,506,506,0.005239,0.005239,0.0000e+00
dev-corpus-02,2103,9115,0.000000e+00,37011,37011,1.914332,1.914332,0.0000e+00
dev-corpus-02,2104,37011,0.000000e+00,37011,37011,0.146379,0.146379,0.0000e+00
dev-corpus-02,2105,22577,0.000000e+00,22577,22577,0.000360,0.000360,0.0000e+00
dev-corpus-02,2106,783,0.000000e+00,236761,236761,3.155756,3.155756,0.0000e+00
dev-corpus-02,2107,100217,0.000000e+00,3143,3143,14.079586,14.079586,0.0000e+00
dev-corpus-02,2108,529,0.000000e+00,964,964,2.905892,2.905892,0.0000e+00
dev-corpus-02,2109,672,0.000000e+00,672,672,0.114089,0.114089,0.0000e+00
dev-corpus-02,2110,1702,0.000000e+00,1012,1012,4.735122,4.735122,0.0000e+00
dev-corpus-02,2111,964,0.000000e+00,964,964,0.045863,0.045863,0.0000e+00
dev-corpus-02,2112,992,0.000000e+00,13336,13336,11.624028,11.624028,0.0000e+00
dev-corpus-02,2113,17557,0.000000e+00,1456,1456,5.838236,5.838236,0.0000e+00
dev-corpus-02,2114,684,0.000000e+00,684,684,0.012357,0.012357,0.0000e+00
dev-corpus-02,2115,506,0.000000e+00,506,506,0.247662,0.247662,0.0000e+00
dev-corpus-02,2116,224109,0.000000e+00,9115,9115,4.082250,4.082250,0.0000e+00
dev-corpus-02,2117,1392,0.000000e+00,236772,236772,24.886082,24.886082,0.0000e+00
dev-corpus-02,2118,236772,0.000000e+00,236772,236772,0.027868,0.027868,0.0000e+00
dev-corpus-02,2119,236940,0.000000e+00,236940,236940,0.018099,0.018099,0.0000e+00
dev-corpus-02,2120,54930,0.000000e+00,22577,22577,16.824426,16.824426,0.0000e+00
dev-corpus-02,2121,22577,0.000000e+00,22577,22577,0.078238,0.078238,0.0000e+00
dev-corpus-02,2122,568,0.000000e+00,236761,236761,4.955252,4.955252,0.0000e+00
dev-corpus-02,2123,64318,0.000000e+00,751,751,7.436364,7.436364,0.0000e+00
dev-corpus-02,2124,9561,0.000000e+00,9561,9561,0.311721,0.311721,0.0000e+00
dev-corpus-02,2125,941,0.000000e+00,941,941,0.002540,0.002540,0.0000e+00
dev-corpus-02,2126,69055,0.000000e+00,69055,69055,0.043090,0.043090,0.0000e+00
dev-corpus-02,2127,9561,0.000000e+00,9561,9561,0.000419,0.000419,0.0000e+00
dev-corpus-02,2128,187883,0.000000e+00,187883,187883,0.049143,0.049143,0.0000e+00
dev-corpus-02,2129,34736,0.000000e+00,34736,34736,0.000017,0.000017,0.0000e+00
dev-corpus-02,2130,653,0.000000e+00,236768,236768,7.863301,7.863301,0.0000e+00
dev-corpus-02,2131,751,0.000000e+00,749,749,1.933935,1.933935,0.0000e+00
dev-corpus-02,2132,236761,0.000000e+00,236761,236761,0.011665,0.011665,0.0000e+00
dev-corpus-02,2133,236756,0.000000e+00,236756,236756,0.016418,0.016418,0.0000e+00
dev-corpus-02,2134,236761,0.000000e+00,236761,236761,0.000013,0.000013,0.0000e+00
dev-corpus-02,2135,236855,0.000000e+00,236855,236855,0.050348,0.050348,0.0000e+00
dev-corpus-02,2136,236761,0.000000e+00,236761,236761,0.020766,0.020766,0.0000e+00
dev-corpus-02,2137,187883,0.000000e+00,187883,187883,0.049044,0.049044,0.0000e+00
dev-corpus-02,2138,34736,0.000000e+00,34736,34736,0.000001,0.000001,0.0000e+00
dev-corpus-02,2139,1732,0.000000e+00,236768,236768,4.625165,4.625165,0.0000e+00
dev-corpus-02,2140,532,0.000000e+00,783,783,3.802092,3.802092,0.0000e+00
dev-corpus-02,2141,506,0.000000e+00,964,964,2.500189,2.500189,0.0000e+00
dev-corpus-02,2142,84172,0.000000e+00,224109,224109,6.228674,6.228674,0.0000e+00
dev-corpus-02,2143,22577,0.000000e+00,22577,22577,0.031221,0.031221,0.0000e+00
dev-corpus-02,2144,783,0.000000e+00,236761,236761,3.114026,3.114026,0.0000e+00
dev-corpus-02,2145,669,0.000000e+00,107,107,2.887996,2.887996,0.0000e+00
dev-corpus-02,2146,2299,0.000000e+00,9250,9250,12.843382,12.843382,0.0000e+00
dev-corpus-02,2147,563,0.000000e+00,529,529,3.897452,3.897452,0.0000e+00
dev-corpus-02,2148,6494,0.000000e+00,24786,24786,2.778183,2.778183,0.0000e+00
dev-corpus-02,2149,3224,0.000000e+00,11081,11081,5.403521,5.403521,0.0000e+00
dev-corpus-02,2150,618,0.000000e+00,618,618,0.326604,0.326604,0.0000e+00
dev-corpus-02,2151,506,0.000000e+00,506,506,0.282486,0.282486,0.0000e+00
dev-corpus-02,2152,90890,0.000000e+00,90890,90890,0.992002,0.992002,0.0000e+00
dev-corpus-02,2153,1392,0.000000e+00,564,564,13.486396,13.486396,0.0000e+00
dev-corpus-02,2154,236772,0.000000e+00,236772,236772,0.013081,0.013081,0.0000e+00
dev-corpus-02,2155,236940,0.000000e+00,236940,236940,0.014652,0.014652,0.0000e+00
dev-corpus-02,2156,236743,0.000000e+00,1012,1012,8.102680,8.102680,0.0000e+00
dev-corpus-02,2157,236770,0.000000e+00,236770,236770,0.028511,0.028511,0.0000e+00
dev-corpus-02,2158,1012,0.000000e+00,1012,1012,0.242753,0.242753,0.0000e+00
dev-corpus-02,2159,1308,0.000000e+00,236761,236761,11.750000,11.750000,0.0000e+00
dev-corpus-02,2160,15233,0.000000e+00,506,506,16.475712,16.475712,0.0000e+00
dev-corpus-02,2161,90890,0.000000e+00,749,749,10.152104,10.152104,0.0000e+00
dev-corpus-02,2162,1392,0.000000e+00,564,564,6.431934,6.431934,0.0000e+00
dev-corpus-02,2163,236772,0.000000e+00,236772,236772,0.004816,0.004816,0.0000e+00
dev-corpus-02,2164,236940,0.000000e+00,236940,236940,0.009513,0.009513,0.0000e+00
dev-corpus-02,2165,236743,0.000000e+00,236743,236743,0.019663,0.019663,0.0000e+00
dev-corpus-02,2166,236770,0.000000e+00,236770,236770,0.010096,0.010096,0.0000e+00
dev-corpus-02,2167,1031,0.000000e+00,236761,236761,7.700388,7.700388,0.0000e+00
dev-corpus-02,2168,506,0.000000e+00,506,506,0.409084,0.409084,0.0000e+00
dev-corpus-02,2169,1012,0.000000e+00,2080,2080,4.635341,4.635341,0.0000e+00
dev-corpus-02,2170,8575,0.000000e+00,236789,236789,1.880943,1.880943,0.0000e+00
dev-corpus-02,2171,783,0.000000e+00,236761,236761,4.553319,4.553319,0.0000e+00
dev-corpus-02,2172,799,0.000000e+00,3143,3143,4.619204,4.619204,0.0000e+00
dev-corpus-02,2173,506,0.000000e+00,506,506,1.444486,1.444486,0.0000e+00
dev-corpus-02,2174,224109,0.000000e+00,4403,4403,9.836118,9.836118,0.0000e+00
dev-corpus-02,2175,1392,0.000000e+00,236772,236772,3.775827,3.775827,0.0000e+00
dev-corpus-02,2176,236772,0.000000e+00,236772,236772,0.000046,0.000046,0.0000e+00
dev-corpus-02,2177,236940,0.000000e+00,236940,236940,0.000869,0.000869,0.0000e+00
dev-corpus-02,2178,54930,0.000000e+00,54930,54930,0.002079,0.002079,0.0000e+00
dev-corpus-02,2179,22577,0.000000e+00,22577,22577,0.183572,0.183572,0.0000e+00
dev-corpus-02,2180,1031,0.000000e+00,236764,236764,10.045325,10.045325,0.0000e+00
dev-corpus-02,2181,625,0.000000e+00,901,901,4.756025,4.756025,0.0000e+00
dev-corpus-02,2182,691,0.000000e+00,691,691,0.050609,0.050609,0.0000e+00
dev-corpus-02,2183,2760,0.000000e+00,3224,3224,6.432520,6.432520,0.0000e+00
dev-corpus-02,2184,506,0.000000e+00,506,506,0.177767,0.177767,0.0000e+00
dev-corpus-02,2185,749,0.000000e+00,90890,90890,1.607394,1.607394,0.0000e+00
dev-corpus-02,2186,1392,0.000000e+00,236772,236772,1.424769,1.424769,0.0000e+00
dev-corpus-02,2187,236772,0.000000e+00,236772,236772,0.002770,0.002770,0.0000e+00
dev-corpus-02,2188,236940,0.000000e+00,236940,236940,0.008905,0.008905,0.0000e+00
dev-corpus-02,2189,236743,0.000000e+00,236743,236743,0.441018,0.441018,0.0000e+00
dev-corpus-02,2190,236770,0.000000e+00,236770,236770,0.041119,0.041119,0.0000e+00
dev-corpus-02,2191,236771,0.000000e+00,1012,1012,7.758651,7.758651,0.0000e+00
dev-corpus-02,2192,1012,0.000000e+00,1012,1012,0.040838,0.040838,0.0000e+00
dev-corpus-02,2193,783,0.000000e+00,236761,236761,3.463273,3.463273,0.0000e+00
dev-corpus-02,2194,236743,0.000000e+00,107,107,2.623834,2.623834,0.0000e+00
dev-corpus-02,2195,107,0.000000e+00,107,107,0.378142,0.378142,0.0000e+00
dev-corpus-02,2196,44653,0.000000e+00,236743,236743,18.755221,18.755221,0.0000e+00
dev-corpus-02,2197,531,0.000000e+00,528,528,3.376500,3.376500,0.0000e+00
dev-corpus-02,2198,2874,0.000000e+00,12833,12833,3.857927,3.857927,0.0000e+00
dev-corpus-02,2199,506,0.000000e+00,506,506,0.106891,0.106891,0.0000e+00
dev-corpus-02,2200,1202,0.000000e+00,3548,3548,5.556767,5.556767,0.0000e+00
dev-corpus-02,2201,573,0.000000e+00,573,573,0.004915,0.004915,0.0000e+00
dev-corpus-02,2202,1944,0.000000e+00,25260,25260,2.583888,2.583888,0.0000e+00
dev-corpus-02,2203,59438,0.000000e+00,236764,236764,12.982959,12.982959,0.0000e+00
dev-corpus-02,2204,742,0.000000e+00,742,742,0.000039,0.000039,0.0000e+00
dev-corpus-02,2205,112098,0.000000e+00,112098,112098,0.673706,0.673706,0.0000e+00
dev-corpus-02,2206,2735,0.000000e+00,573,573,8.817117,8.817117,0.0000e+00
dev-corpus-02,2207,531,0.000000e+00,531,531,0.000021,0.000021,0.0000e+00
dev-corpus-02,2208,12833,0.000000e+00,12833,12833,0.454443,0.454443,0.0000e+00
dev-corpus-02,2209,528,0.000000e+00,3107,3107,1.134553,1.134553,0.0000e+00
dev-corpus-02,2210,506,0.000000e+00,25260,25260,1.285755,1.285755,0.0000e+00
dev-corpus-02,2211,12019,0.000000e+00,25260,25260,4.370627,4.370627,0.0000e+00
dev-corpus-02,2212,1031,0.000000e+00,25260,25260,17.473286,17.473286,0.0000e+00
dev-corpus-02,2213,28855,0.000000e+00,25260,25260,1.397343,1.397343,0.0000e+00
dev-corpus-02,2214,43361,0.000000e+00,25260,25260,6.294883,6.294883,0.0000e+00
dev-corpus-02,2215,1135,0.000000e+00,529,529,5.435728,5.435728,0.0000e+00
dev-corpus-02,2216,143325,0.000000e+00,506,506,12.438427,12.438427,0.0000e+00
dev-corpus-02,2217,1031,0.000000e+00,532,532,9.519946,9.519946,0.0000e+00
dev-corpus-02,2218,506,0.000000e+00,506,506,0.128746,0.128746,0.0000e+00
dev-corpus-02,2219,17735,0.000000e+00,90890,90890,6.292160,6.292160,0.0000e+00
dev-corpus-02,2220,964,0.000000e+00,964,964,0.053149,0.053149,0.0000e+00
dev-corpus-02,2221,10518,0.000000e+00,5402,5402,5.552289,5.552289,0.0000e+00
dev-corpus-02,2222,531,0.000000e+00,573,573,3.664675,3.664675,0.0000e+00
dev-corpus-02,2223,577,0.000000e+00,577,577,1.314354,1.314354,0.0000e+00
dev-corpus-02,2224,6077,0.000000e+00,25260,25260,7.782103,7.782103,0.0000e+00
dev-corpus-02,2225,14494,0.000000e+00,29866,29866,4.709126,4.709126,0.0000e+00
dev-corpus-02,2226,1031,0.000000e+00,532,532,14.882384,14.882384,0.0000e+00
dev-corpus-02,2227,1299,0.000000e+00,3606,3606,11.466715,11.466715,0.0000e+00
dev-corpus-02,2228,29446,0.000000e+00,29866,29866,11.390290,11.390290,0.0000e+00
dev-corpus-02,2229,684,0.000000e+00,531,531,6.726976,6.726976,0.0000e+00
dev-corpus-02,2230,9459,0.000000e+00,9459,9459,0.200196,0.200196,0.0000e+00
dev-corpus-02,2231,532,0.000000e+00,531,531,1.585033,1.585033,0.0000e+00
dev-corpus-02,2232,32126,0.000000e+00,36486,36486,2.490749,2.490749,0.0000e+00
dev-corpus-02,2233,657,0.000000e+00,573,573,1.946992,1.946992,0.0000e+00
dev-corpus-02,2234,910,0.000000e+00,4448,4448,7.065146,7.065146,0.0000e+00
dev-corpus-02,2235,2411,0.000000e+00,17934,17934,9.887085,9.887085,0.0000e+00
dev-corpus-02,2236,529,0.000000e+00,529,529,0.132237,0.132237,0.0000e+00
dev-corpus-02,2237,5585,0.000000e+00,29436,29436,1.843335,1.843335,0.0000e+00
dev-corpus-02,2238,783,0.000000e+00,236761,236761,3.843892,3.843892,0.0000e+00
dev-corpus-02,2239,669,0.000000e+00,9963,9963,1.982655,1.982655,0.0000e+00
dev-corpus-02,2240,1702,0.000000e+00,1702,1702,1.022496,1.022496,0.0000e+00
dev-corpus-02,2241,4514,0.000000e+00,35630,35630,13.801242,13.801242,0.0000e+00
dev-corpus-02,2242,6074,0.000000e+00,10317,10317,7.162815,7.162815,0.0000e+00
dev-corpus-02,2243,528,0.000000e+00,528,528,0.193537,0.193537,0.0000e+00
dev-corpus-02,2244,5453,0.000000e+00,236743,236743,7.856588,7.856588,0.0000e+00
dev-corpus-02,2245,1392,0.000000e+00,236772,236772,20.390995,20.390995,0.0000e+00
dev-corpus-02,2246,236772,0.000000e+00,236772,236772,0.019945,0.019945,0.0000e+00
dev-corpus-02,2247,236940,0.000000e+00,236940,236940,0.009412,0.009412,0.0000e+00
dev-corpus-02,2248,5729,0.000000e+00,532,532,15.345551,15.345551,0.0000e+00
dev-corpus-02,2249,236743,0.000000e+00,236743,236743,0.039762,0.039762,0.0000e+00
dev-corpus-02,2250,236770,0.000000e+00,236770,236770,0.000387,0.000387,0.0000e+00
dev-corpus-02,2251,236819,0.000000e+00,236819,236819,0.000512,0.000512,0.0000e+00
dev-corpus-02,2252,236770,0.000000e+00,236770,236770,0.002552,0.002552,0.0000e+00
dev-corpus-02,2253,236812,0.000000e+00,236812,236812,0.050812,0.050812,0.0000e+00
dev-corpus-02,2254,532,0.000000e+00,236761,236761,3.566497,3.566497,0.0000e+00
dev-corpus-02,2255,684,0.000000e+00,506,506,8.627912,8.627912,0.0000e+00
dev-corpus-02,2256,5453,0.000000e+00,506,506,3.563883,3.563883,0.0000e+00
dev-corpus-02,2257,1392,0.000000e+00,236772,236772,1.337681,1.337681,0.0000e+00
dev-corpus-02,2258,236772,0.000000e+00,236772,236772,0.000933,0.000933,0.0000e+00
dev-corpus-02,2259,236940,0.000000e+00,236940,236940,0.001145,0.001145,0.0000e+00
dev-corpus-02,2260,6198,0.000000e+00,6198,6198,0.707615,0.707615,0.0000e+00
dev-corpus-02,2261,506,0.000000e+00,236743,236743,6.225624,6.225624,0.0000e+00
dev-corpus-02,2262,1171,0.000000e+00,1171,1171,0.022395,0.022395,0.0000e+00
dev-corpus-02,2263,236743,0.000000e+00,20896,20896,8.833235,8.833235,0.0000e+00
dev-corpus-02,2264,236770,0.000000e+00,236770,236770,0.485062,0.485062,0.0000e+00
dev-corpus-02,2265,236810,0.000000e+00,236771,236771,3.385391,3.385391,0.0000e+00
dev-corpus-02,2266,20896,0.000000e+00,20896,20896,1.169066,1.169066,0.0000e+00
dev-corpus-02,2267,964,0.000000e+00,964,964,0.013200,0.013200,0.0000e+00
dev-corpus-02,2268,11496,0.000000e+00,5508,5508,6.846594,6.846594,0.0000e+00
dev-corpus-02,2269,699,0.000000e+00,236761,236761,4.054006,4.054006,0.0000e+00
dev-corpus-02,2270,1156,0.000000e+00,3572,3572,6.124216,6.124216,0.0000e+00
dev-corpus-02,2271,9115,0.000000e+00,1607,1607,3.970412,3.970412,0.0000e+00
dev-corpus-02,2272,7507,0.000000e+00,7507,7507,0.045105,0.045105,0.0000e+00
dev-corpus-02,2273,46814,0.000000e+00,46814,46814,0.006931,0.006931,0.0000e+00
dev-corpus-02,2274,783,0.000000e+00,236761,236761,5.248935,5.248935,0.0000e+00
dev-corpus-02,2275,669,0.000000e+00,669,669,1.029060,1.029060,0.0000e+00
dev-corpus-02,2276,9115,0.000000e+00,1702,1702,5.729787,5.729787,0.0000e+00
dev-corpus-02,2277,37011,0.000000e+00,749,749,1.658949,1.658949,0.0000e+00
dev-corpus-02,2278,22577,0.000000e+00,22577,22577,0.003620,0.003620,0.0000e+00
dev-corpus-02,2279,21211,0.000000e+00,11496,11496,5.815998,5.815998,0.0000e+00
dev-corpus-02,2280,11496,0.000000e+00,11496,11496,0.836267,0.836267,0.0000e+00
dev-corpus-02,2281,614,0.000000e+00,236743,236743,2.499173,2.499173,0.0000e+00
dev-corpus-02,2282,4767,0.000000e+00,4767,4767,0.000269,0.000269,0.0000e+00
dev-corpus-02,2283,6727,0.000000e+00,236743,236743,14.168961,14.168961,0.0000e+00
dev-corpus-02,2284,529,0.000000e+00,236761,236761,0.999475,0.999475,0.0000e+00
dev-corpus-02,2285,20896,0.000000e+00,20896,20896,0.584946,0.584946,0.0000e+00
dev-corpus-02,2286,531,0.000000e+00,236761,236761,4.298817,4.298817,0.0000e+00
dev-corpus-02,2287,9883,0.000000e+00,4133,4133,7.572892,7.572892,0.0000e+00
dev-corpus-02,2288,1156,0.000000e+00,14672,14672,3.940453,3.940453,0.0000e+00
dev-corpus-02,2289,5463,0.000000e+00,5745,5745,13.899069,13.899069,0.0000e+00
dev-corpus-02,2290,531,0.000000e+00,531,531,0.804262,0.804262,0.0000e+00
dev-corpus-02,2291,28426,0.000000e+00,506,506,4.578200,4.578200,0.0000e+00
dev-corpus-02,2292,1392,0.000000e+00,236772,236772,5.625575,5.625575,0.0000e+00
dev-corpus-02,2293,236772,0.000000e+00,236772,236772,0.000342,0.000342,0.0000e+00
dev-corpus-02,2294,236940,0.000000e+00,236940,236940,0.005700,0.005700,0.0000e+00
dev-corpus-02,2295,38475,0.000000e+00,38475,38475,0.152308,0.152308,0.0000e+00
dev-corpus-02,2296,1031,0.000000e+00,236761,236761,11.245233,11.245233,0.0000e+00
dev-corpus-02,2297,1015,0.000000e+00,532,532,7.605865,7.605865,0.0000e+00
dev-corpus-02,2298,11496,0.000000e+00,1053,1053,5.498954,5.498954,0.0000e+00
dev-corpus-02,2299,496,0.000000e+00,1156,1156,1.964296,1.964296,0.0000e+00
dev-corpus-02,2300,3342,0.000000e+00,2558,2558,6.362090,6.362090,0.0000e+00
dev-corpus-02,2301,1806,0.000000e+00,236743,236743,2.131492,2.131492,0.0000e+00
dev-corpus-02,2302,20896,0.000000e+00,236761,236761,2.838782,2.838782,0.0000e+00
dev-corpus-02,2303,528,0.000000e+00,236761,236761,4.492905,4.492905,0.0000e+00
dev-corpus-02,2304,5365,0.000000e+00,236743,236743,6.235995,6.235995,0.0000e+00
dev-corpus-02,2305,236743,0.000000e+00,236743,236743,0.018525,0.018525,0.0000e+00
dev-corpus-02,2306,236770,0.000000e+00,236770,236770,0.000070,0.000070,0.0000e+00
dev-corpus-02,2307,236819,0.000000e+00,236819,236819,0.000025,0.000025,0.0000e+00
dev-corpus-02,2308,236770,0.000000e+00,236770,236770,0.000137,0.000137,0.0000e+00
dev-corpus-02,2309,236810,0.000000e+00,236810,236810,0.015056,0.015056,0.0000e+00
dev-corpus-02,2310,783,0.000000e+00,236761,236761,4.016691,4.016691,0.0000e+00
dev-corpus-02,2311,562,0.000000e+00,107,107,5.830773,5.830773,0.0000e+00
dev-corpus-02,2312,2558,0.000000e+00,2558,2558,0.319046,0.319046,0.0000e+00
dev-corpus-02,2313,529,0.000000e+00,529,529,0.000464,0.000464,0.0000e+00
dev-corpus-02,2314,236743,0.000000e+00,236743,236743,0.014950,0.014950,0.0000e+00
dev-corpus-02,2315,236778,0.000000e+00,236778,236778,0.030070,0.030070,0.0000e+00
dev-corpus-02,2316,236771,0.000000e+00,236771,236771,0.054499,0.054499,0.0000e+00
dev-corpus-02,2317,90890,0.000000e+00,964,964,8.459056,8.459056,0.0000e+00
dev-corpus-02,2318,2375,0.000000e+00,564,564,11.974565,11.974565,0.0000e+00
dev-corpus-02,2319,964,0.000000e+00,964,964,0.007750,0.007750,0.0000e+00
dev-corpus-02,2320,5284,0.000000e+00,5284,5284,0.423322,0.423322,0.0000e+00
dev-corpus-02,2321,783,0.000000e+00,236761,236761,9.136445,9.136445,0.0000e+00
dev-corpus-02,2322,22039,0.000000e+00,107,107,13.889556,13.889556,0.0000e+00
dev-corpus-02,2323,529,0.000000e+00,691,691,3.302687,3.302687,0.0000e+00
dev-corpus-02,2324,506,0.000000e+00,506,506,0.390615,0.390615,0.0000e+00
dev-corpus-02,2325,1171,0.000000e+00,1171,1171,1.177250,1.177250,0.0000e+00
dev-corpus-02,2326,20896,0.000000e+00,9909,9909,1.844551,1.844551,0.0000e+00
dev-corpus-02,2327,573,0.000000e+00,6074,6074,11.064572,11.064572,0.0000e+00
dev-corpus-02,2328,9405,0.000000e+00,506,506,3.999493,3.999493,0.0000e+00
dev-corpus-02,2329,6074,0.000000e+00,6074,6074,0.350333,0.350333,0.0000e+00
dev-corpus-02,2330,528,0.000000e+00,528,528,0.078011,0.078011,0.0000e+00
dev-corpus-02,2331,3649,0.000000e+00,5226,5226,2.183364,2.183364,0.0000e+00
dev-corpus-02,2332,6243,0.000000e+00,236743,236743,5.746713,5.746713,0.0000e+00
dev-corpus-02,2333,236743,0.000000e+00,236743,236743,0.015705,0.015705,0.0000e+00
dev-corpus-02,2334,236770,0.000000e+00,236770,236770,0.000002,0.000002,0.0000e+00
dev-corpus-02,2335,236819,0.000000e+00,236819,236819,0.000003,0.000003,0.0000e+00
dev-corpus-02,2336,236770,0.000000e+00,236770,236770,0.000022,0.000022,0.0000e+00
dev-corpus-02,2337,236812,0.000000e+00,236812,236812,0.007718,0.007718,0.0000e+00
dev-corpus-02,2338,2895,0.000000e+00,236761,236761,17.309926,17.309926,0.0000e+00
dev-corpus-02,2339,784,0.000000e+00,506,506,5.201447,5.201447,0.0000e+00
dev-corpus-02,2340,236743,0.000000e+00,236743,236743,0.445244,0.445244,0.0000e+00
dev-corpus-02,2341,236778,0.000000e+00,236778,236778,0.059971,0.059971,0.0000e+00
dev-corpus-02,2342,236771,0.000000e+00,236771,236771,0.000151,0.000151,0.0000e+00
dev-corpus-02,2343,964,0.000000e+00,964,964,0.620047,0.620047,0.0000e+00
dev-corpus-02,2344,7723,0.000000e+00,7723,7723,0.081989,0.081989,0.0000e+00
dev-corpus-02,2345,684,0.000000e+00,684,684,0.093461,0.093461,0.0000e+00
dev-corpus-02,2346,6198,0.000000e+00,506,506,5.365039,5.365039,0.0000e+00
dev-corpus-02,2347,236743,0.000000e+00,236743,236743,0.001482,0.001482,0.0000e+00
dev-corpus-02,2348,236770,0.000000e+00,236770,236770,0.000603,0.000603,0.0000e+00
dev-corpus-02,2349,236819,0.000000e+00,236819,236819,0.000255,0.000255,0.0000e+00
dev-corpus-02,2350,236770,0.000000e+00,236770,236770,0.000133,0.000133,0.0000e+00
dev-corpus-02,2351,236810,0.000000e+00,236810,236810,0.014056,0.014056,0.0000e+00
dev-corpus-02,2352,783,0.000000e+00,236761,236761,4.199927,4.199927,0.0000e+00
dev-corpus-02,2353,22624,0.000000e+00,107,107,9.440043,9.440043,0.0000e+00
dev-corpus-02,2354,529,0.000000e+00,964,964,1.115363,1.115363,0.0000e+00
dev-corpus-02,2355,506,0.000000e+00,1239,1239,1.010957,1.010957,0.0000e+00
dev-corpus-02,2356,1171,0.000000e+00,20896,20896,7.618237,7.618237,0.0000e+00
dev-corpus-02,2357,20896,0.000000e+00,20896,20896,0.478341,0.478341,0.0000e+00
dev-corpus-02,2358,54051,0.000000e+00,964,964,5.116567,5.116567,0.0000e+00
dev-corpus-02,2359,17783,0.000000e+00,17783,17783,0.746220,0.746220,0.0000e+00
dev-corpus-02,2360,528,0.000000e+00,528,528,0.521195,0.521195,0.0000e+00
dev-corpus-02,2361,9115,0.000000e+00,506,506,6.185514,6.185514,0.0000e+00
dev-corpus-02,2362,2033,0.000000e+00,14513,14513,5.025883,5.025883,0.0000e+00
dev-corpus-02,2363,14513,0.000000e+00,14513,14513,0.003177,0.003177,0.0000e+00
dev-corpus-02,2364,1031,0.000000e+00,236764,236764,9.247462,9.247462,0.0000e+00
dev-corpus-02,2365,840,0.000000e+00,1651,1651,3.195828,3.195828,0.0000e+00
dev-corpus-02,2366,506,0.000000e+00,1551,1551,1.950049,1.950049,0.0000e+00
dev-corpus-02,2367,1884,0.000000e+00,8862,8862,4.080927,4.080927,0.0000e+00
dev-corpus-02,2368,964,0.000000e+00,964,964,0.092030,0.092030,0.0000e+00
dev-corpus-02,2369,32126,0.000000e+00,29446,29446,7.978832,7.978832,0.0000e+00
dev-corpus-02,2370,532,0.000000e+00,657,657,2.741263,2.741263,0.0000e+00
dev-corpus-02,2371,10418,0.000000e+00,10418,10418,1.233582,1.233582,0.0000e+00
dev-corpus-02,2372,657,0.000000e+00,528,528,1.132530,1.132530,0.0000e+00
dev-corpus-02,2373,3477,0.000000e+00,910,910,12.369567,12.369567,0.0000e+00
dev-corpus-02,2374,116368,0.000000e+00,102950,102950,4.436080,4.436080,0.0000e+00
dev-corpus-02,2375,653,0.000000e+00,653,653,0.027841,0.027841,0.0000e+00
dev-corpus-02,2376,3108,0.000000e+00,7733,7733,10.722703,10.722703,0.0000e+00
dev-corpus-02,2377,236746,0.000000e+00,236746,236746,0.004381,0.004381,0.0000e+00
dev-corpus-02,2378,783,0.000000e+00,236761,236761,6.586725,6.586725,0.0000e+00
dev-corpus-02,2379,669,0.000000e+00,669,669,0.658114,0.658114,0.0000e+00
dev-corpus-02,2380,9115,0.000000e+00,90890,90890,2.296558,2.296558,0.0000e+00
dev-corpus-02,2381,20896,0.000000e+00,22577,22577,3.552437,3.552437,0.0000e+00
dev-corpus-02,2382,17557,0.000000e+00,964,964,3.802551,3.802551,0.0000e+00
dev-corpus-02,2383,13336,0.000000e+00,13336,13336,0.490122,0.490122,0.0000e+00
dev-corpus-02,2384,528,0.000000e+00,528,528,0.214918,0.214918,0.0000e+00
dev-corpus-02,2385,506,0.000000e+00,506,506,0.001147,0.001147,0.0000e+00
dev-corpus-02,2386,143325,0.000000e+00,4695,4695,3.549865,3.549865,0.0000e+00
dev-corpus-02,2387,1031,0.000000e+00,9383,9383,20.649393,20.649393,0.0000e+00
dev-corpus-02,2388,65868,0.000000e+00,4695,4695,7.150842,7.150842,0.0000e+00
dev-corpus-02,2389,1031,0.000000e+00,236764,236764,4.479292,4.479292,0.0000e+00
dev-corpus-02,2390,532,0.000000e+00,532,532,0.008442,0.008442,0.0000e+00
dev-corpus-02,2391,127086,0.000000e+00,4695,4695,21.301345,21.301345,0.0000e+00
dev-corpus-02,2392,4273,0.000000e+00,114494,114494,16.262743,16.262743,0.0000e+00
dev-corpus-02,2393,557,0.000000e+00,557,557,0.163445,0.163445,0.0000e+00
dev-corpus-02,2394,21800,0.000000e+00,21800,21800,0.006373,0.006373,0.0000e+00
dev-corpus-02,2395,783,0.000000e+00,236761,236761,5.365646,5.365646,0.0000e+00
dev-corpus-02,2396,669,0.000000e+00,669,669,0.114247,0.114247,0.0000e+00
dev-corpus-02,2397,20896,0.000000e+00,224109,224109,6.176582,6.176582,0.0000e+00
dev-corpus-02,2398,964,0.000000e+00,17557,17557,6.199222,6.199222,0.0000e+00
dev-corpus-02,2399,1003,0.000000e+00,1456,1456,15.293694,15.293694,0.0000e+00
dev-corpus-02,2400,236743,0.000000e+00,236743,236743,0.005738,0.005738,0.0000e+00
dev-corpus-02,2401,236778,0.000000e+00,236770,236770,2.889321,2.889321,0.0000e+00
dev-corpus-02,2402,236828,0.000000e+00,236810,236810,2.576397,2.576397,0.0000e+00
dev-corpus-02,2403,30762,0.000000e+00,15930,15930,5.291210,5.291210,0.0000e+00
dev-corpus-02,2404,568,0.000000e+00,1440,1440,8.415616,8.415616,0.0000e+00
dev-corpus-02,2405,236743,0.000000e+00,236819,236819,14.007498,14.007498,0.0000e+00
dev-corpus-02,2406,236819,0.000000e+00,236819,236819,0.022301,0.022301,0.0000e+00
dev-corpus-02,2407,236778,0.000000e+00,236778,236778,0.009114,0.009114,0.0000e+00
dev-corpus-02,2408,12110,0.000000e+00,6172,6172,2.352807,2.352807,0.0000e+00
dev-corpus-02,2409,1732,0.000000e+00,236768,236768,4.913789,4.913789,0.0000e+00
dev-corpus-02,2410,1440,0.000000e+00,1440,1440,0.008766,0.008766,0.0000e+00
dev-corpus-02,2411,532,0.000000e+00,532,532,0.124389,0.124389,0.0000e+00
dev-corpus-02,2412,40605,0.000000e+00,40605,40605,0.775883,0.775883,0.0000e+00
dev-corpus-02,2413,236743,0.000000e+00,2101,2101,5.079838,5.079838,0.0000e+00
dev-corpus-02,2414,236770,0.000000e+00,236770,236770,0.642098,0.642098,0.0000e+00
dev-corpus-02,2415,236778,0.000000e+00,236778,236778,1.591185,1.591185,0.0000e+00
dev-corpus-02,2416,236832,0.000000e+00,236771,236771,5.686063,5.686063,0.0000e+00
dev-corpus-02,2417,39990,0.000000e+00,39990,39990,0.799276,0.799276,0.0000e+00
dev-corpus-02,2418,568,0.000000e+00,236761,236761,1.762394,1.762394,0.0000e+00
dev-corpus-02,2419,236743,0.000000e+00,236743,236743,0.017430,0.017430,0.0000e+00
dev-corpus-02,2420,236770,0.000000e+00,236778,236778,9.195356,9.195356,0.0000e+00
dev-corpus-02,2421,236778,0.000000e+00,236812,236812,5.056558,5.056558,0.0000e+00
dev-corpus-02,2422,236810,0.000000e+00,236819,236819,3.510472,3.510472,0.0000e+00
dev-corpus-02,2423,1440,0.000000e+00,39990,39990,7.940999,7.940999,0.0000e+00
dev-corpus-02,2424,16480,0.000000e+00,16480,16480,0.005589,0.005589,0.0000e+00
dev-corpus-02,2425,1732,0.000000e+00,236768,236768,4.901541,4.901541,0.0000e+00
dev-corpus-02,2426,1056,0.000000e+00,96991,96991,1.132718,1.132718,0.0000e+00
dev-corpus-02,2427,96991,0.000000e+00,96991,96991,0.007624,0.007624,0.0000e+00
dev-corpus-02,2428,532,0.000000e+00,236761,236761,5.985019,5.985019,0.0000e+00
dev-corpus-02,2429,236743,0.000000e+00,236743,236743,0.126015,0.126015,0.0000e+00
dev-corpus-02,2430,236770,0.000000e+00,236770,236770,0.122163,0.122163,0.0000e+00
dev-corpus-02,2431,236812,0.000000e+00,236810,236810,1.368882,1.368882,0.0000e+00
dev-corpus-02,2432,236778,0.000000e+00,236832,236832,2.011514,2.011514,0.0000e+00
dev-corpus-02,2433,39990,0.000000e+00,39990,39990,0.009383,0.009383,0.0000e+00
dev-corpus-02,2434,568,0.000000e+00,568,568,0.184675,0.184675,0.0000e+00
dev-corpus-02,2435,236743,0.000000e+00,236743,236743,0.006162,0.006162,0.0000e+00
dev-corpus-02,2436,236770,0.000000e+00,236770,236770,0.000262,0.000262,0.0000e+00
dev-corpus-02,2437,236812,0.000000e+00,236800,236800,3.603552,3.603552,0.0000e+00
dev-corpus-02,2438,236771,0.000000e+00,236771,236771,0.009536,0.009536,0.0000e+00
dev-corpus-02,2439,1440,0.000000e+00,1440,1440,0.005801,0.005801,0.0000e+00
dev-corpus-02,2440,16480,0.000000e+00,16480,16480,0.000000,0.000000,0.0000e+00
dev-corpus-02,2441,1732,0.000000e+00,236768,236768,4.570101,4.570101,0.0000e+00
dev-corpus-02,2442,1651,0.000000e+00,1056,1056,10.365378,10.365378,0.0000e+00
dev-corpus-02,2443,73037,0.000000e+00,73037,73037,0.000878,0.000878,0.0000e+00
dev-corpus-02,2444,783,0.000000e+00,236761,236761,5.113154,5.113154,0.0000e+00
dev-corpus-02,2445,2343,0.000000e+00,2195,2195,8.404211,8.404211,0.0000e+00
dev-corpus-02,2446,1053,0.000000e+00,236743,236743,6.980991,6.980991,0.0000e+00
dev-corpus-02,2447,1156,0.000000e+00,496,496,6.490954,6.490954,0.0000e+00
dev-corpus-02,2448,7141,0.000000e+00,26188,26188,7.008924,7.008924,0.0000e+00
dev-corpus-02,2449,103685,0.000000e+00,23655,23655,2.353408,2.353408,0.0000e+00
dev-corpus-02,2450,23655,0.000000e+00,23655,23655,0.004288,0.004288,0.0000e+00
dev-corpus-02,2451,532,0.000000e+00,532,532,0.651251,0.651251,0.0000e+00
dev-corpus-02,2452,1156,0.000000e+00,496,496,3.464948,3.464948,0.0000e+00
dev-corpus-02,2453,103685,0.000000e+00,47927,47927,10.161241,10.161241,0.0000e+00
dev-corpus-02,2454,507,0.000000e+00,23655,23655,9.959095,9.959095,0.0000e+00
dev-corpus-02,2455,1031,0.000000e+00,236761,236761,18.767533,18.767533,0.0000e+00
dev-corpus-02,2456,532,0.000000e+00,532,532,0.322711,0.322711,0.0000e+00
dev-corpus-02,2457,964,0.000000e+00,964,964,1.378489,1.378489,0.0000e+00
dev-corpus-02,2458,14840,0.000000e+00,24723,24723,1.922220,1.922220,0.0000e+00
dev-corpus-02,2459,607,0.000000e+00,607,607,0.001249,0.001249,0.0000e+00
dev-corpus-02,2460,496,0.000000e+00,496,496,0.351510,0.351510,0.0000e+00
dev-corpus-02,2461,12377,0.000000e+00,1944,1944,1.990718,1.990718,0.0000e+00
dev-corpus-02,2462,1392,0.000000e+00,10362,10362,29.025500,29.025500,0.0000e+00
dev-corpus-02,2463,236772,0.000000e+00,236772,236772,0.002509,0.002509,0.0000e+00
dev-corpus-02,2464,236940,0.000000e+00,236940,236940,0.014989,0.014989,0.0000e+00
dev-corpus-02,2465,20920,0.000000e+00,10362,10362,4.870847,4.870847,0.0000e+00
dev-corpus-02,2466,5464,0.000000e+00,5464,5464,0.426483,0.426483,0.0000e+00
dev-corpus-02,2467,10362,0.000000e+00,10362,10362,0.000461,0.000461,0.0000e+00
dev-corpus-02,2468,783,0.000000e+00,236761,236761,3.628153,3.628153,0.0000e+00
dev-corpus-02,2469,236743,0.000000e+00,9963,9963,4.248418,4.248418,0.0000e+00
dev-corpus-02,2470,107,0.000000e+00,107,107,0.012961,0.012961,0.0000e+00
dev-corpus-02,2471,799,0.000000e+00,236743,236743,10.956156,10.956156,0.0000e+00
dev-corpus-02,2472,236743,0.000000e+00,506,506,11.287231,11.287231,0.0000e+00
dev-corpus-02,2473,236770,0.000000e+00,236770,236770,0.303910,0.303910,0.0000e+00
dev-corpus-02,2474,236819,0.000000e+00,236819,236819,0.002289,0.002289,0.0000e+00
dev-corpus-02,2475,236770,0.000000e+00,236770,236770,0.000474,0.000474,0.0000e+00
dev-corpus-02,2476,236828,0.000000e+00,236810,236810,5.023403,5.023403,0.0000e+00
dev-corpus-02,2477,2390,0.000000e+00,236764,236764,12.858026,12.858026,0.0000e+00
dev-corpus-02,2478,529,0.000000e+00,529,529,0.610530,0.610530,0.0000e+00
dev-corpus-02,2479,506,0.000000e+00,506,506,0.158403,0.158403,0.0000e+00
dev-corpus-02,2480,42609,0.000000e+00,90890,90890,4.292812,4.292812,0.0000e+00
dev-corpus-02,2481,9115,0.000000e+00,20896,20896,7.005429,7.005429,0.0000e+00
dev-corpus-02,2482,20896,0.000000e+00,20896,20896,0.426827,0.426827,0.0000e+00
dev-corpus-02,2483,964,0.000000e+00,964,964,0.027024,0.027024,0.0000e+00
dev-corpus-02,2484,16952,0.000000e+00,17755,17755,5.081652,5.081652,0.0000e+00
dev-corpus-02,2485,1131,0.000000e+00,531,531,1.143998,1.143998,0.0000e+00
dev-corpus-02,2486,25260,0.000000e+00,37595,37595,3.711760,3.711760,0.0000e+00
dev-corpus-02,2487,1322,0.000000e+00,42942,42942,5.267459,5.267459,0.0000e+00
dev-corpus-02,2488,535,0.000000e+00,535,535,0.000002,0.000002,0.0000e+00
dev-corpus-02,2489,45575,0.000000e+00,45575,45575,0.001818,0.001818,0.0000e+00
dev-corpus-02,2490,783,0.000000e+00,236761,236761,6.264470,6.264470,0.0000e+00
dev-corpus-02,2491,5517,0.000000e+00,107,107,9.358250,9.358250,0.0000e+00
dev-corpus-02,2492,506,0.000000e+00,1239,1239,0.907280,0.907280,0.0000e+00
dev-corpus-02,2493,85989,0.000000e+00,224109,224109,15.512500,15.512500,0.0000e+00
dev-corpus-02,2494,20896,0.000000e+00,20896,20896,1.372533,1.372533,0.0000e+00
dev-corpus-02,2495,528,0.000000e+00,600,600,4.467531,4.467531,0.0000e+00
dev-corpus-02,2496,9115,0.000000e+00,506,506,4.286253,4.286253,0.0000e+00
dev-corpus-02,2497,2509,0.000000e+00,2509,2509,0.185464,0.185464,0.0000e+00
dev-corpus-02,2498,1031,0.000000e+00,236764,236764,12.524073,12.524073,0.0000e+00
dev-corpus-02,2499,1156,0.000000e+00,2390,2390,3.718422,3.718422,0.0000e+00
dev-corpus-02,2500,964,0.000000e+00,964,964,0.049630,0.049630,0.0000e+00
dev-corpus-02,2501,5463,0.000000e+00,5745,5745,6.452164,6.452164,0.0000e+00
dev-corpus-02,2502,531,0.000000e+00,531,531,0.037475,0.037475,0.0000e+00
dev-corpus-02,2503,28426,0.000000e+00,506,506,1.339963,1.339963,0.0000e+00
dev-corpus-02,2504,1392,0.000000e+00,236772,236772,2.942621,2.942621,0.0000e+00
dev-corpus-02,2505,236772,0.000000e+00,236772,236772,0.000532,0.000532,0.0000e+00
dev-corpus-02,2506,236940,0.000000e+00,236940,236940,0.000797,0.000797,0.0000e+00
dev-corpus-02,2507,38475,0.000000e+00,38475,38475,0.004520,0.004520,0.0000e+00
dev-corpus-02,2508,1031,0.000000e+00,236764,236764,6.909338,6.909338,0.0000e+00
dev-corpus-02,2509,886,0.000000e+00,532,532,5.133861,5.133861,0.0000e+00
dev-corpus-02,2510,691,0.000000e+00,691,691,0.202513,0.202513,0.0000e+00
dev-corpus-02,2511,5463,0.000000e+00,5463,5463,0.812446,0.812446,0.0000e+00
dev-corpus-02,2512,531,0.000000e+00,531,531,0.001170,0.001170,0.0000e+00
dev-corpus-02,2513,49685,0.000000e+00,49685,49685,0.176617,0.176617,0.0000e+00
dev-corpus-02,2514,1031,0.000000e+00,236764,236764,7.789977,7.789977,0.0000e+00
dev-corpus-02,2515,532,0.000000e+00,532,532,0.000979,0.000979,0.0000e+00
dev-corpus-02,2516,10155,0.000000e+00,886,886,9.185882,9.185882,0.0000e+00
dev-corpus-02,2517,964,0.000000e+00,964,964,0.047900,0.047900,0.0000e+00
dev-corpus-02,2518,5745,0.000000e+00,5745,5745,0.219816,0.219816,0.0000e+00
dev-corpus-02,2519,1913,0.000000e+00,1913,1913,0.836020,0.836020,0.0000e+00
dev-corpus-02,2520,506,0.000000e+00,506,506,0.306360,0.306360,0.0000e+00
dev-corpus-02,2521,3653,0.000000e+00,3653,3653,0.002816,0.002816,0.0000e+00
dev-corpus-02,2522,783,0.000000e+00,236761,236761,7.120882,7.120882,0.0000e+00
dev-corpus-02,2523,3656,0.000000e+00,108,108,7.344498,7.344498,0.0000e+00
dev-corpus-02,2524,529,0.000000e+00,529,529,0.625644,0.625644,0.0000e+00
dev-corpus-02,2525,506,0.000000e+00,506,506,0.011312,0.011312,0.0000e+00
dev-corpus-02,2526,3493,0.000000e+00,42609,42609,6.265624,6.265624,0.0000e+00
dev-corpus-02,2527,224109,0.000000e+00,20896,20896,3.570358,3.570358,0.0000e+00
dev-corpus-02,2528,1392,0.000000e+00,236772,236772,2.200611,2.200611,0.0000e+00
dev-corpus-02,2529,236772,0.000000e+00,236772,236772,0.000164,0.000164,0.0000e+00
dev-corpus-02,2530,236940,0.000000e+00,236940,236940,0.002239,0.002239,0.0000e+00
dev-corpus-02,2531,54930,0.000000e+00,54930,54930,0.000546,0.000546,0.0000e+00
dev-corpus-02,2532,20896,0.000000e+00,20896,20896,0.079391,0.079391,0.0000e+00
dev-corpus-02,2533,691,0.000000e+00,691,691,0.116488,0.116488,0.0000e+00
dev-corpus-02,2534,77857,0.000000e+00,77857,77857,0.938531,0.938531,0.0000e+00
dev-corpus-02,2535,532,0.000000e+00,684,684,5.891102,5.891102,0.0000e+00
dev-corpus-02,2536,2264,0.000000e+00,886,886,3.437620,3.437620,0.0000e+00
dev-corpus-02,2537,84605,0.000000e+00,691,691,15.538597,15.538597,0.0000e+00
dev-corpus-02,2538,532,0.000000e+00,236761,236761,9.454447,9.454447,0.0000e+00
dev-corpus-02,2539,711,0.000000e+00,5745,5745,6.691483,6.691483,0.0000e+00
dev-corpus-02,2540,50806,0.000000e+00,1765,1765,7.117273,7.117273,0.0000e+00
dev-corpus-02,2541,783,0.000000e+00,236761,236761,8.026312,8.026312,0.0000e+00
dev-corpus-02,2542,669,0.000000e+00,669,669,0.943392,0.943392,0.0000e+00
dev-corpus-02,2543,3493,0.000000e+00,90890,90890,8.776162,8.776162,0.0000e+00
dev-corpus-02,2544,42609,0.000000e+00,84172,84172,6.951146,6.951146,0.0000e+00
dev-corpus-02,2545,9115,0.000000e+00,224109,224109,10.283457,10.283457,0.0000e+00
dev-corpus-02,2546,20896,0.000000e+00,20896,20896,0.009949,0.009949,0.0000e+00
dev-corpus-02,2547,1031,0.000000e+00,964,964,17.834462,17.834462,0.0000e+00
dev-corpus-02,2548,506,0.000000e+00,837,837,4.342080,4.342080,0.0000e+00
dev-corpus-02,2549,2390,0.000000e+00,26334,26334,3.209162,3.209162,0.0000e+00
dev-corpus-02,2550,42609,0.000000e+00,16952,16952,9.396597,9.396597,0.0000e+00
dev-corpus-02,2551,224109,0.000000e+00,1322,1322,8.826699,8.826699,0.0000e+00
dev-corpus-02,2552,1392,0.000000e+00,236772,236772,1.359925,1.359925,0.0000e+00
dev-corpus-02,2553,236772,0.000000e+00,236772,236772,0.000150,0.000150,0.0000e+00
dev-corpus-02,2554,236940,0.000000e+00,236940,236940,0.000337,0.000337,0.0000e+00
dev-corpus-02,2555,54930,0.000000e+00,54930,54930,0.001407,0.001407,0.0000e+00
dev-corpus-02,2556,20896,0.000000e+00,20896,20896,0.045823,0.045823,0.0000e+00
dev-corpus-02,2557,1031,0.000000e+00,236764,236764,7.015421,7.015421,0.0000e+00
dev-corpus-02,2558,532,0.000000e+00,532,532,0.002631,0.002631,0.0000e+00
dev-corpus-02,2559,506,0.000000e+00,506,506,0.113757,0.113757,0.0000e+00
dev-corpus-03,2560,620,0.000000e+00,4454,4454,19.639216,19.639216,0.0000e+00
dev-corpus-03,2561,8548,0.000000e+00,1224,1224,16.650857,16.650857,0.0000e+00
dev-corpus-03,2562,236787,0.000000e+00,563,563,2.244679,2.244679,0.0000e+00
dev-corpus-03,2563,107,0.000000e+00,107,107,0.081543,0.081543,0.0000e+00
dev-corpus-03,2564,148,0.000000e+00,140,140,2.620957,2.620957,0.0000e+00
dev-corpus-03,2565,36756,0.000000e+00,2060,2060,12.779769,12.779769,0.0000e+00
dev-corpus-03,2566,578,0.000000e+00,578,578,0.018485,0.018485,0.0000e+00
dev-corpus-03,2567,2222,0.000000e+00,642,642,9.881409,9.881409,0.0000e+00
dev-corpus-03,2568,29415,0.000000e+00,828,828,22.412595,22.412595,0.0000e+00
dev-corpus-03,2569,4507,0.000000e+00,4507,4507,0.288730,0.288730,0.0000e+00
dev-corpus-03,2570,236769,0.000000e+00,236769,236769,0.036118,0.036118,0.0000e+00
dev-corpus-03,2571,236767,0.000000e+00,236767,236767,0.703330,0.703330,0.0000e+00
dev-corpus-03,2572,8548,0.000000e+00,8548,8548,0.002943,0.002943,0.0000e+00
dev-corpus-03,2573,236764,0.000000e+00,236768,236768,6.401285,6.401285,0.0000e+00
dev-corpus-03,2574,15468,0.000000e+00,87876,87876,5.102923,5.102923,0.0000e+00
dev-corpus-03,2575,236768,0.000000e+00,236768,236768,0.029291,0.029291,0.0000e+00
dev-corpus-03,2576,107,0.000000e+00,107,107,0.025597,0.025597,0.0000e+00
dev-corpus-03,2577,144,0.000000e+00,148,148,1.308189,1.308189,0.0000e+00
dev-corpus-03,2578,236865,0.000000e+00,4454,4454,5.230676,5.230676,0.0000e+00
dev-corpus-03,2579,85785,0.000000e+00,3729,3729,8.136775,8.136775,0.0000e+00
dev-corpus-03,2580,1292,0.000000e+00,1292,1292,0.478062,0.478062,0.0000e+00
dev-corpus-03,2581,573,0.000000e+00,531,531,2.244711,2.244711,0.0000e+00
dev-corpus-03,2582,783,0.000000e+00,59285,59285,12.868579,12.868579,0.0000e+00
dev-corpus-03,2583,2204,0.000000e+00,828,828,11.251352,11.251352,0.0000e+00
dev-corpus-03,2584,825,0.000000e+00,47248,47248,2.079493,2.079493,0.0000e+00
dev-corpus-03,2585,107,0.000000e+00,107,107,0.821317,0.821317,0.0000e+00
dev-corpus-03,2586,144,0.000000e+00,144,144,0.021579,0.021579,0.0000e+00
dev-corpus-03,2587,2063,0.000000e+00,2063,2063,0.286122,0.286122,0.0000e+00
dev-corpus-03,2588,7352,0.000000e+00,1159,1159,11.702449,11.702449,0.0000e+00
dev-corpus-03,2589,236769,0.000000e+00,236779,236779,1.803877,1.803877,0.0000e+00
dev-corpus-03,2590,1289,0.000000e+00,7837,7837,17.977230,17.977230,0.0000e+00
dev-corpus-03,2591,1473,0.000000e+00,1473,1473,0.059660,0.059660,0.0000e+00
dev-corpus-03,2592,107,0.000000e+00,107,107,0.000683,0.000683,0.0000e+00
dev-corpus-03,2593,148,0.000000e+00,148,148,0.000835,0.000835,0.0000e+00
dev-corpus-03,2594,236865,0.000000e+00,2060,2060,2.606902,2.606902,0.0000e+00
dev-corpus-03,2595,7179,0.000000e+00,3729,3729,2.367769,2.367769,0.0000e+00
dev-corpus-03,2596,506,0.000000e+00,768,768,7.060828,7.060828,0.0000e+00
dev-corpus-03,2597,1346,0.000000e+00,1722,1722,5.025782,5.025782,0.0000e+00
dev-corpus-03,2598,3364,0.000000e+00,3530,3530,7.465002,7.465002,0.0000e+00
dev-corpus-03,2599,2479,0.000000e+00,1722,1722,7.069544,7.069544,0.0000e+00
dev-corpus-03,2600,1171,0.000000e+00,568,568,2.369662,2.369662,0.0000e+00
dev-corpus-03,2601,236761,0.000000e+00,107,107,6.583959,6.583959,0.0000e+00
dev-corpus-03,2602,107,0.000000e+00,107,107,0.004511,0.004511,0.0000e+00
dev-corpus-03,2603,148,0.000000e+00,148,148,0.000046,0.000046,0.0000e+00
dev-corpus-03,2604,21409,0.000000e+00,584,584,14.268496,14.268496,0.0000e+00
dev-corpus-03,2605,578,0.000000e+00,236779,236779,1.809836,1.809836,0.0000e+00
dev-corpus-03,2606,3152,0.000000e+00,117098,117098,2.882707,2.882707,0.0000e+00
dev-corpus-03,2607,236761,0.000000e+00,236761,236761,0.054763,0.054763,0.0000e+00
dev-corpus-03,2608,4043,0.000000e+00,828,828,10.356829,10.356829,0.0000e+00
dev-corpus-03,2609,1033,0.000000e+00,825,825,4.247769,4.247769,0.0000e+00
dev-corpus-03,2610,21409,0.000000e+00,21409,21409,0.405652,0.405652,0.0000e+00
dev-corpus-03,2611,1606,0.000000e+00,1606,1606,0.042711,0.042711,0.0000e+00
dev-corpus-03,2612,653,0.000000e+00,107,107,6.853172,6.853172,0.0000e+00
dev-corpus-03,2613,3152,0.000000e+00,3152,3152,0.074528,0.074528,0.0000e+00
dev-corpus-03,2614,236761,0.000000e+00,236761,236761,0.003005,0.003005,0.0000e+00
dev-corpus-03,2615,4043,0.000000e+00,4043,4043,0.364826,0.364826,0.0000e+00
dev-corpus-03,2616,1033,0.000000e+00,1033,1033,0.000950,0.000950,0.0000e+00
dev-corpus-03,2617,1457,0.000000e+00,6665,6665,16.228338,16.228338,0.0000e+00
dev-corpus-03,2618,3776,0.000000e+00,1606,1606,1.973749,1.973749,0.0000e+00
dev-corpus-03,2619,1606,0.000000e+00,1606,1606,0.000588,0.000588,0.0000e+00
dev-corpus-03,2620,107,0.000000e+00,107,107,0.103874,0.103874,0.0000e+00
dev-corpus-03,2621,148,0.000000e+00,148,148,0.000560,0.000560,0.0000e+00
dev-corpus-03,2622,584,0.000000e+00,584,584,0.381897,0.381897,0.0000e+00
dev-corpus-03,2623,7489,0.000000e+00,7489,7489,0.139558,0.139558,0.0000e+00
dev-corpus-03,2624,563,0.000000e+00,236787,236787,1.590895,1.590895,0.0000e+00
dev-corpus-03,2625,711,0.000000e+00,5450,5450,2.039603,2.039603,0.0000e+00
dev-corpus-03,2626,5450,0.000000e+00,5450,5450,0.000120,0.000120,0.0000e+00
dev-corpus-03,2627,236787,0.000000e+00,236787,236787,0.027003,0.027003,0.0000e+00
dev-corpus-03,2628,107,0.000000e+00,107,107,0.000273,0.000273,0.0000e+00
dev-corpus-03,2629,152,0.000000e+00,152,152,0.000481,0.000481,0.0000e+00
dev-corpus-03,2630,2060,0.000000e+00,2060,2060,0.645343,0.645343,0.0000e+00
dev-corpus-03,2631,1540,0.000000e+00,7489,7489,2.070797,2.070797,0.0000e+00
dev-corpus-03,2632,236769,0.000000e+00,236769,236769,0.001484,0.001484,0.0000e+00
dev-corpus-03,2633,36756,0.000000e+00,21409,21409,11.179195,11.179195,0.0000e+00
dev-corpus-03,2634,236840,0.000000e+00,236761,236761,1.736166,1.736166,0.0000e+00
dev-corpus-03,2635,21409,0.000000e+00,21409,21409,0.050045,0.050045,0.0000e+00
dev-corpus-03,2636,2812,0.000000e+00,2812,2812,0.011755,0.011755,0.0000e+00
dev-corpus-03,2637,107,0.000000e+00,107,107,0.164139,0.164139,0.0000e+00
dev-corpus-03,2638,148,0.000000e+00,148,148,0.002050,0.002050,0.0000e+00
dev-corpus-03,2639,584,0.000000e+00,2060,2060,7.254458,7.254458,0.0000e+00
dev-corpus-03,2640,3152,0.000000e+00,3152,3152,0.200935,0.200935,0.0000e+00
dev-corpus-03,2641,236761,0.000000e+00,236761,236761,0.000948,0.000948,0.0000e+00
dev-corpus-03,2642,4043,0.000000e+00,4043,4043,0.067272,0.067272,0.0000e+00
dev-corpus-03,2643,1033,0.000000e+00,1033,1033,0.000720,0.000720,0.0000e+00
dev-corpus-03,2644,80565,0.000000e+00,6665,6665,6.787946,6.787946,0.0000e+00
dev-corpus-03,2645,524,0.000000e+00,524,524,0.001622,0.001622,0.0000e+00
dev-corpus-03,2646,1606,0.000000e+00,23314,23314,1.347514,1.347514,0.0000e+00
dev-corpus-03,2647,563,0.000000e+00,563,563,0.010081,0.010081,0.0000e+00
dev-corpus-03,2648,711,0.000000e+00,711,711,0.000255,0.000255,0.0000e+00
dev-corpus-03,2649,5450,0.000000e+00,5450,5450,0.000290,0.000290,0.0000e+00
dev-corpus-03,2650,236787,0.000000e+00,236787,236787,0.001154,0.001154,0.0000e+00
dev-corpus-03,2651,107,0.000000e+00,107,107,0.000215,0.000215,0.0000e+00
dev-corpus-03,2652,152,0.000000e+00,152,152,0.002513,0.002513,0.0000e+00
dev-corpus-03,2653,2060,0.000000e+00,2060,2060,0.007207,0.007207,0.0000e+00
dev-corpus-03,2654,1265,0.000000e+00,1540,1540,12.252313,12.252313,0.0000e+00
dev-corpus-03,2655,236761,0.000000e+00,236761,236761,0.304194,0.304194,0.0000e+00
dev-corpus-03,2656,119664,0.000000e+00,44732,44732,9.491931,9.491931,0.0000e+00
dev-corpus-03,2657,107,0.000000e+00,900,900,10.241442,10.241442,0.0000e+00
dev-corpus-03,2658,148,0.000000e+00,148,148,0.024778,0.024778,0.0000e+00
dev-corpus-03,2659,584,0.000000e+00,2060,2060,4.787278,4.787278,0.0000e+00
dev-corpus-03,2660,3152,0.000000e+00,3152,3152,0.008970,0.008970,0.0000e+00
dev-corpus-03,2661,236761,0.000000e+00,236761,236761,0.000129,0.000129,0.0000e+00
dev-corpus-03,2662,4043,0.000000e+00,4043,4043,0.000913,0.000913,0.0000e+00
dev-corpus-03,2663,1033,0.000000e+00,1033,1033,0.000985,0.000985,0.0000e+00
dev-corpus-03,2664,29995,0.000000e+00,82951,82951,10.337660,10.337660,0.0000e+00
dev-corpus-03,2665,1606,0.000000e+00,1606,1606,0.002234,0.002234,0.0000e+00
dev-corpus-03,2666,563,0.000000e+00,563,563,0.000189,0.000189,0.0000e+00
dev-corpus-03,2667,711,0.000000e+00,711,711,0.000060,0.000060,0.0000e+00
dev-corpus-03,2668,5450,0.000000e+00,5450,5450,0.000007,0.000007,0.0000e+00
dev-corpus-03,2669,236787,0.000000e+00,236787,236787,0.000192,0.000192,0.0000e+00
dev-corpus-03,2670,107,0.000000e+00,107,107,0.000172,0.000172,0.0000e+00
dev-corpus-03,2671,152,0.000000e+00,152,152,0.000571,0.000571,0.0000e+00
dev-corpus-03,2672,1508,0.000000e+00,2060,2060,9.594671,9.594671,0.0000e+00
dev-corpus-03,2673,4917,0.000000e+00,236761,236761,5.129391,5.129391,0.0000e+00
dev-corpus-03,2674,29995,0.000000e+00,24296,24296,3.709762,3.709762,0.0000e+00
dev-corpus-03,2675,236769,0.000000e+00,236779,236779,4.683313,4.683313,0.0000e+00
dev-corpus-03,2676,1289,0.000000e+00,1289,1289,0.004058,0.004058,0.0000e+00
dev-corpus-03,2677,236768,0.000000e+00,236768,236768,0.039072,0.039072,0.0000e+00
dev-corpus-03,2678,107,0.000000e+00,107,107,0.036191,0.036191,0.0000e+00
dev-corpus-03,2679,148,0.000000e+00,148,148,0.251053,0.251053,0.0000e+00
dev-corpus-03,2680,24296,0.000000e+00,2060,2060,6.936467,6.936467,0.0000e+00
dev-corpus-03,2681,38271,0.000000e+00,38271,38271,0.236436,0.236436,0.0000e+00
dev-corpus-03,2682,1033,0.000000e+00,885,885,3.609551,3.609551,0.0000e+00
dev-corpus-03,2683,2805,0.000000e+00,3771,3771,3.822635,3.822635,0.0000e+00
dev-corpus-03,2684,87892,0.000000e+00,48977,48977,1.493806,1.493806,0.0000e+00
dev-corpus-03,2685,7489,0.000000e+00,2479,2479,10.698011,10.698011,0.0000e+00
dev-corpus-03,2686,2299,0.000000e+00,2299,2299,0.515369,0.515369,0.0000e+00
dev-corpus-03,2687,528,0.000000e+00,1606,1606,1.561625,1.561625,0.0000e+00
dev-corpus-03,2688,3759,0.000000e+00,2479,2479,3.645524,3.645524,0.0000e+00
dev-corpus-03,2689,963,0.000000e+00,1606,1606,7.204534,7.204534,0.0000e+00
dev-corpus-03,2690,107,0.000000e+00,3152,3152,10.059381,10.059381,0.0000e+00
dev-corpus-03,2691,165,0.000000e+00,165,165,0.007937,0.007937,0.0000e+00
dev-corpus-03,2692,1508,0.000000e+00,236760,236760,1.110913,1.110913,0.0000e+00
dev-corpus-03,2693,236761,0.000000e+00,236761,236761,0.010122,0.010122,0.0000e+00
dev-corpus-03,2694,20001,0.000000e+00,20001,20001,0.045129,0.045129,0.0000e+00
dev-corpus-03,2695,236768,0.000000e+00,236768,236768,0.003102,0.003102,0.0000e+00
dev-corpus-03,2696,107,0.000000e+00,108,108,1.503438,1.503438,0.0000e+00
dev-corpus-03,2697,144,0.000000e+00,144,144,0.022495,0.022495,0.0000e+00
dev-corpus-03,2698,2060,0.000000e+00,236865,236865,2.041452,2.041452,0.0000e+00
dev-corpus-03,2699,1265,0.000000e+00,7352,7352,1.610173,1.610173,0.0000e+00
dev-corpus-03,2700,236761,0.000000e+00,236761,236761,1.132023,1.132023,0.0000e+00
dev-corpus-03,2701,20001,0.000000e+00,20001,20001,0.801056,0.801056,0.0000e+00
dev-corpus-03,2702,236761,0.000000e+00,108,108,4.768671,4.768671,0.0000e+00
dev-corpus-03,2703,2204,0.000000e+00,2204,2204,0.147087,0.147087,0.0000e+00
dev-corpus-03,2704,236769,0.000000e+00,236769,236769,0.000605,0.000605,0.0000e+00
dev-corpus-03,2705,24733,0.000000e+00,24733,24733,0.006608,0.006608,0.0000e+00
dev-corpus-03,2706,236764,0.000000e+00,236768,236768,4.053886,4.053886,0.0000e+00
dev-corpus-03,2707,1265,0.000000e+00,1265,1265,0.004098,0.004098,0.0000e+00
dev-corpus-03,2708,236761,0.000000e+00,236768,236768,3.746862,3.746862,0.0000e+00
dev-corpus-03,2709,9944,0.000000e+00,20001,20001,6.496737,6.496737,0.0000e+00
dev-corpus-03,2710,236768,0.000000e+00,236768,236768,0.002531,0.002531,0.0000e+00
dev-corpus-03,2711,108,0.000000e+00,108,108,0.248199,0.248199,0.0000e+00
dev-corpus-03,2712,140,0.000000e+00,236865,236865,1.052279,1.052279,0.0000e+00
dev-corpus-03,2713,2063,0.000000e+00,236865,236865,0.755432,0.755432,0.0000e+00
dev-corpus-03,2714,6338,0.000000e+00,2222,2222,10.404689,10.404689,0.0000e+00
dev-corpus-03,2715,236779,0.000000e+00,236779,236779,0.010173,0.010173,0.0000e+00
dev-corpus-03,2716,2204,0.000000e+00,2204,2204,0.143141,0.143141,0.0000e+00
dev-corpus-03,2717,47248,0.000000e+00,236769,236769,4.658707,4.658707,0.0000e+00
dev-corpus-03,2718,236769,0.000000e+00,236769,236769,0.000887,0.000887,0.0000e+00
dev-corpus-03,2719,1508,0.000000e+00,1508,1508,0.000146,0.000146,0.0000e+00
dev-corpus-03,2720,236764,0.000000e+00,236764,236764,0.006443,0.006443,0.0000e+00
dev-corpus-03,2721,15468,0.000000e+00,15468,15468,1.499075,1.499075,0.0000e+00
dev-corpus-03,2722,60901,0.000000e+00,236784,236784,8.096795,8.096795,0.0000e+00
dev-corpus-03,2723,15266,0.000000e+00,10864,10864,11.766196,11.766196,0.0000e+00
dev-corpus-03,2724,54698,0.000000e+00,236779,236779,2.066930,2.066930,0.0000e+00
dev-corpus-03,2725,236779,0.000000e+00,1473,1473,5.950942,5.950942,0.0000e+00
dev-corpus-03,2726,3074,0.000000e+00,1473,1473,10.987736,10.987736,0.0000e+00
dev-corpus-03,2727,236764,0.000000e+00,1473,1473,6.874217,6.874217,0.0000e+00
dev-corpus-03,2728,98948,0.000000e+00,5213,5213,14.875920,14.875920,0.0000e+00
dev-corpus-03,2729,5213,0.000000e+00,5213,5213,0.553930,0.553930,0.0000e+00
dev-corpus-03,2730,236767,0.000000e+00,25826,25826,10.679930,10.679930,0.0000e+00
dev-corpus-03,2731,8548,0.000000e+00,8548,8548,0.001310,0.001310,0.0000e+00
dev-corpus-03,2732,1473,0.000000e+00,1473,1473,0.018994,0.018994,0.0000e+00
dev-corpus-03,2733,107,0.000000e+00,107,107,0.000593,0.000593,0.0000e+00
dev-corpus-03,2734,144,0.000000e+00,144,144,0.000493,0.000493,0.0000e+00
dev-corpus-03,2735,584,0.000000e+00,12234,12234,2.852965,2.852965,0.0000e+00
dev-corpus-03,2736,15468,0.000000e+00,1265,1265,1.952782,1.952782,0.0000e+00
dev-corpus-03,2737,563,0.000000e+00,563,563,0.029531,0.029531,0.0000e+00
dev-corpus-03,2738,2222,0.000000e+00,711,711,2.711844,2.711844,0.0000e+00
dev-corpus-03,2739,15266,0.000000e+00,15266,15266,0.001493,0.001493,0.0000e+00
dev-corpus-03,2740,54698,0.000000e+00,54698,54698,0.000002,0.000002,0.0000e+00
dev-corpus-03,2741,236779,0.000000e+00,236779,236779,0.000001,0.000001,0.0000e+00
dev-corpus-03,2742,3074,0.000000e+00,3074,3074,0.000488,0.000488,0.0000e+00
dev-corpus-03,2743,236787,0.000000e+00,532,532,1.690432,1.690432,0.0000e+00
dev-corpus-03,2744,107,0.000000e+00,107,107,0.001802,0.001802,0.0000e+00
dev-corpus-03,2745,148,0.000000e+00,148,148,0.002224,0.002224,0.0000e+00
dev-corpus-03,2746,36756,0.000000e+00,36756,36756,0.058255,0.058255,0.0000e+00
dev-corpus-03,2747,578,0.000000e+00,578,578,0.000395,0.000395,0.0000e+00
dev-corpus-03,2748,620,0.000000e+00,8637,8637,8.616879,8.616879,0.0000e+00
dev-corpus-03,2749,8548,0.000000e+00,8548,8548,0.000006,0.000006,0.0000e+00
dev-corpus-03,2750,107,0.000000e+00,107,107,0.061862,0.061862,0.0000e+00
dev-corpus-03,2751,144,0.000000e+00,144,144,0.018909,0.018909,0.0000e+00
dev-corpus-03,2752,36208,0.000000e+00,4454,4454,1.615370,1.615370,0.0000e+00
dev-corpus-03,2753,620,0.000000e+00,620,620,0.942979,0.942979,0.0000e+00
dev-corpus-03,2754,8548,0.000000e+00,8548,8548,0.000142,0.000142,0.0000e+00
dev-corpus-03,2755,236787,0.000000e+00,236787,236787,0.018977,0.018977,0.0000e+00
dev-corpus-03,2756,107,0.000000e+00,107,107,0.004615,0.004615,0.0000e+00
dev-corpus-03,2757,148,0.000000e+00,148,148,0.003085,0.003085,0.0000e+00
dev-corpus-03,2758,36756,0.000000e+00,36756,36756,0.437066,0.437066,0.0000e+00
dev-corpus-03,2759,578,0.000000e+00,578,578,0.001577,0.001577,0.0000e+00
dev-corpus-03,2760,2222,0.000000e+00,2222,2222,0.480017,0.480017,0.0000e+00
dev-corpus-03,2761,29415,0.000000e+00,29415,29415,0.005203,0.005203,0.0000e+00
dev-corpus-03,2762,4507,0.000000e+00,4507,4507,0.000001,0.000001,0.0000e+00
dev-corpus-03,2763,236769,0.000000e+00,236769,236769,0.001294,0.001294,0.0000e+00
dev-corpus-03,2764,236767,0.000000e+00,36756,36756,1.735631,1.735631,0.0000e+00
dev-corpus-03,2765,8548,0.000000e+00,8548,8548,0.000083,0.000083,0.0000e+00
dev-corpus-03,2766,236764,0.000000e+00,236764,236764,0.000197,0.000197,0.0000e+00
dev-corpus-03,2767,15468,0.000000e+00,15468,15468,0.003922,0.003922,0.0000e+00
dev-corpus-03,2768,236768,0.000000e+00,236768,236768,0.000080,0.000080,0.0000e+00
dev-corpus-03,2769,107,0.000000e+00,108,108,2.197573,2.197573,0.0000e+00
dev-corpus-03,2770,144,0.000000e+00,144,144,0.043179,0.043179,0.0000e+00
dev-corpus-03,2771,236865,0.000000e+00,107,107,1.554605,1.554605,0.0000e+00
dev-corpus-03,2772,85785,0.000000e+00,85785,85785,0.593620,0.593620,0.0000e+00
dev-corpus-03,2773,1292,0.000000e+00,1292,1292,0.014127,0.014127,0.0000e+00
dev-corpus-03,2774,573,0.000000e+00,573,573,0.034516,0.034516,0.0000e+00
dev-corpus-03,2775,783,0.000000e+00,783,783,0.029461,0.029461,0.0000e+00
dev-corpus-03,2776,2204,0.000000e+00,2204,2204,0.000820,0.000820,0.0000e+00
dev-corpus-03,2777,825,0.000000e+00,825,825,0.000068,0.000068,0.0000e+00
dev-corpus-03,2778,107,0.000000e+00,107,107,0.003734,0.003734,0.0000e+00
dev-corpus-03,2779,144,0.000000e+00,144,144,0.000039,0.000039,0.0000e+00
dev-corpus-03,2780,2063,0.000000e+00,2063,2063,0.001150,0.001150,0.0000e+00
dev-corpus-03,2781,7352,0.000000e+00,7352,7352,0.041702,0.041702,0.0000e+00
dev-corpus-03,2782,236769,0.000000e+00,236769,236769,0.000081,0.000081,0.0000e+00
dev-corpus-03,2783,1289,0.000000e+00,1289,1289,0.008943,0.008943,0.0000e+00
dev-corpus-03,2784,1473,0.000000e+00,1473,1473,0.000014,0.000014,0.0000e+00
dev-corpus-03,2785,107,0.000000e+00,107,107,0.000016,0.000016,0.0000e+00
dev-corpus-03,2786,148,0.000000e+00,148,148,0.000753,0.000753,0.0000e+00
dev-corpus-03,2787,21409,0.000000e+00,236865,236865,6.483981,6.483981,0.0000e+00
dev-corpus-03,2788,578,0.000000e+00,578,578,0.001590,0.001590,0.0000e+00
dev-corpus-03,2789,3152,0.000000e+00,3152,3152,0.002207,0.002207,0.0000e+00
dev-corpus-03,2790,236761,0.000000e+00,236761,236761,0.000040,0.000040,0.0000e+00
dev-corpus-03,2791,4043,0.000000e+00,4043,4043,0.000143,0.000143,0.0000e+00
dev-corpus-03,2792,1033,0.000000e+00,1033,1033,0.023534,0.023534,0.0000e+00
dev-corpus-03,2793,21409,0.000000e+00,21409,21409,0.002021,0.002021,0.0000e+00
dev-corpus-03,2794,1606,0.000000e+00,1606,1606,0.000274,0.000274,0.0000e+00
dev-corpus-03,2795,653,0.000000e+00,653,653,0.137241,0.137241,0.0000e+00
dev-corpus-03,2796,3152,0.000000e+00,3152,3152,0.000011,0.000011,0.0000e+00
dev-corpus-03,2797,236761,0.000000e+00,236761,236761,0.000004,0.000004,0.0000e+00
dev-corpus-03,2798,4043,0.000000e+00,4043,4043,0.000042,0.000042,0.0000e+00
dev-corpus-03,2799,1033,0.000000e+00,1033,1033,0.000003,0.000003,0.0000e+00
dev-corpus-03,2800,1457,0.000000e+00,1457,1457,0.000004,0.000004,0.0000e+00
dev-corpus-03,2801,3776,0.000000e+00,3776,3776,0.000000,0.000000,0.0000e+00
dev-corpus-03,2802,1606,0.000000e+00,1606,1606,0.000010,0.000010,0.0000e+00
dev-corpus-03,2803,107,0.000000e+00,107,107,0.000757,0.000757,0.0000e+00
dev-corpus-03,2804,148,0.000000e+00,148,148,0.000013,0.000013,0.0000e+00
dev-corpus-03,2805,584,0.000000e+00,584,584,0.025652,0.025652,0.0000e+00
dev-corpus-03,2806,7489,0.000000e+00,7489,7489,0.001021,0.001021,0.0000e+00
dev-corpus-03,2807,563,0.000000e+00,563,563,0.067165,0.067165,0.0000e+00
dev-corpus-03,2808,711,0.000000e+00,5450,5450,0.966720,0.966720,0.0000e+00
dev-corpus-03,2809,5450,0.000000e+00,5450,5450,0.000109,0.000109,0.0000e+00
dev-corpus-03,2810,236787,0.000000e+00,236787,236787,0.003490,0.003490,0.0000e+00
dev-corpus-03,2811,107,0.000000e+00,107,107,0.000016,0.000016,0.0000e+00
dev-corpus-03,2812,152,0.000000e+00,152,152,0.000133,0.000133,0.0000e+00
dev-corpus-03,2813,6572,0.000000e+00,236865,236865,2.475394,2.475394,0.0000e+00
dev-corpus-03,2814,236787,0.000000e+00,236787,236787,0.000003,0.000003,0.0000e+00
dev-corpus-03,2815,107,0.000000e+00,107,107,0.000068,0.000068,0.0000e+00
dev-corpus-03,2816,156,0.000000e+00,156,156,0.000197,0.000197,0.0000e+00
dev-corpus-03,2817,2060,0.000000e+00,2060,2060,0.159585,0.159585,0.0000e+00
dev-corpus-03,2818,1540,0.000000e+00,15468,15468,1.887291,1.887291,0.0000e+00
dev-corpus-03,2819,236769,0.000000e+00,236769,236769,0.000268,0.000268,0.0000e+00
dev-corpus-03,2820,36756,0.000000e+00,36756,36756,0.011374,0.011374,0.0000e+00
dev-corpus-03,2821,236840,0.000000e+00,236840,236840,0.001348,0.001348,0.0000e+00
dev-corpus-03,2822,21409,0.000000e+00,21409,21409,0.000200,0.000200,0.0000e+00
dev-corpus-03,2823,2812,0.000000e+00,2812,2812,0.000082,0.000082,0.0000e+00
dev-corpus-03,2824,107,0.000000e+00,107,107,0.000613,0.000613,0.0000e+00
dev-corpus-03,2825,152,0.000000e+00,152,152,0.000013,0.000013,0.0000e+00
dev-corpus-03,2826,20285,0.000000e+00,20285,20285,0.000002,0.000002,0.0000e+00
dev-corpus-03,2827,125085,0.000000e+00,125085,125085,0.000907,0.000907,0.0000e+00
dev-corpus-03,2828,236787,0.000000e+00,236787,236787,0.002302,0.002302,0.0000e+00
dev-corpus-03,2829,107,0.000000e+00,107,107,0.000380,0.000380,0.0000e+00
dev-corpus-03,2830,156,0.000000e+00,156,156,0.000248,0.000248,0.0000e+00
dev-corpus-03,2831,2060,0.000000e+00,236865,236865,1.066883,1.066883,0.0000e+00
dev-corpus-03,2832,3152,0.000000e+00,3152,3152,0.278877,0.278877,0.0000e+00
dev-corpus-03,2833,236761,0.000000e+00,236761,236761,0.020412,0.020412,0.0000e+00
dev-corpus-03,2834,4043,0.000000e+00,4043,4043,0.000686,0.000686,0.0000e+00
dev-corpus-03,2835,825,0.000000e+00,236769,236769,8.684506,8.684506,0.0000e+00
dev-corpus-03,2836,107,0.000000e+00,138,138,3.202025,3.202025,0.0000e+00
dev-corpus-03,2837,148,0.000000e+00,148,148,0.002749,0.002749,0.0000e+00
dev-corpus-03,2838,584,0.000000e+00,584,584,0.548322,0.548322,0.0000e+00
dev-corpus-03,2839,3152,0.000000e+00,3152,3152,0.004182,0.004182,0.0000e+00
dev-corpus-03,2840,236761,0.000000e+00,236761,236761,0.000001,0.000001,0.0000e+00
dev-corpus-03,2841,4043,0.000000e+00,4043,4043,0.000020,0.000020,0.0000e+00
dev-corpus-03,2842,1033,0.000000e+00,1033,1033,0.000020,0.000020,0.0000e+00
dev-corpus-03,2843,80565,0.000000e+00,80565,80565,0.000913,0.000913,0.0000e+00
dev-corpus-03,2844,524,0.000000e+00,524,524,0.000001,0.000001,0.0000e+00
dev-corpus-03,2845,1606,0.000000e+00,1606,1606,0.005725,0.005725,0.0000e+00
dev-corpus-03,2846,563,0.000000e+00,563,563,0.000448,0.000448,0.0000e+00
dev-corpus-03,2847,711,0.000000e+00,711,711,0.000325,0.000325,0.0000e+00
dev-corpus-03,2848,5450,0.000000e+00,5450,5450,0.000006,0.000006,0.0000e+00
dev-corpus-03,2849,236787,0.000000e+00,236787,236787,0.000153,0.000153,0.0000e+00
dev-corpus-03,2850,107,0.000000e+00,107,107,0.000041,0.000041,0.0000e+00
dev-corpus-03,2851,152,0.000000e+00,152,152,0.000242,0.000242,0.0000e+00
dev-corpus-03,2852,2060,0.000000e+00,2060,2060,0.002537,0.002537,0.0000e+00
dev-corpus-03,2853,1265,0.000000e+00,1265,1265,0.008711,0.008711,0.0000e+00
dev-corpus-03,2854,236761,0.000000e+00,236761,236761,0.000664,0.000664,0.0000e+00
dev-corpus-03,2855,119664,0.000000e+00,119664,119664,0.000360,0.000360,0.0000e+00
dev-corpus-03,2856,107,0.000000e+00,107,107,0.004167,0.004167,0.0000e+00
dev-corpus-03,2857,148,0.000000e+00,148,148,0.000014,0.000014,0.0000e+00
dev-corpus-03,2858,584,0.000000e+00,584,584,0.005186,0.005186,0.0000e+00
dev-corpus-03,2859,3152,0.000000e+00,3152,3152,0.000053,0.000053,0.0000e+00
dev-corpus-03,2860,236761,0.000000e+00,236761,236761,0.000000,0.000000,0.0000e+00
dev-corpus-03,2861,4043,0.000000e+00,4043,4043,0.000012,0.000012,0.0000e+00
dev-corpus-03,2862,1033,0.000000e+00,1033,1033,0.000005,0.000005,0.0000e+00
dev-corpus-03,2863,29995,0.000000e+00,29995,29995,0.000756,0.000756,0.0000e+00
dev-corpus-03,2864,1606,0.000000e+00,1606,1606,0.000013,0.000013,0.0000e+00
dev-corpus-03,2865,563,0.000000e+00,563,563,0.000000,0.000000,0.0000e+00
dev-corpus-03,2866,711,0.000000e+00,711,711,0.000015,0.000015,0.0000e+00
dev-corpus-03,2867,5450,0.000000e+00,5450,5450,0.000001,0.000001,0.0000e+00
dev-corpus-03,2868,236787,0.000000e+00,236787,236787,0.000018,0.000018,0.0000e+00
dev-corpus-03,2869,107,0.000000e+00,107,107,0.000175,0.000175,0.0000e+00
dev-corpus-03,2870,152,0.000000e+00,152,152,0.000351,0.000351,0.0000e+00
dev-corpus-03,2871,2060,0.000000e+00,236865,236865,1.274560,1.274560,0.0000e+00
dev-corpus-03,2872,3152,0.000000e+00,3152,3152,0.012807,0.012807,0.0000e+00
dev-corpus-03,2873,236761,0.000000e+00,236761,236761,0.000190,0.000190,0.0000e+00
dev-corpus-03,2874,4043,0.000000e+00,4043,4043,0.000065,0.000065,0.0000e+00
dev-corpus-03,2875,825,0.000000e+00,825,825,0.002706,0.002706,0.0000e+00
dev-corpus-03,2876,107,0.000000e+00,107,107,0.174158,0.174158,0.0000e+00
dev-corpus-03,2877,148,0.000000e+00,148,148,0.047985,0.047985,0.0000e+00
dev-corpus-03,2878,24296,0.000000e+00,24296,24296,0.761519,0.761519,0.0000e+00
dev-corpus-03,2879,38271,0.000000e+00,38271,38271,0.013099,0.013099,0.0000e+00
dev-corpus-03,2880,1033,0.000000e+00,1033,1033,0.023130,0.023130,0.0000e+00
dev-corpus-03,2881,2805,0.000000e+00,2805,2805,0.009947,0.009947,0.0000e+00
dev-corpus-03,2882,87892,0.000000e+00,87892,87892,0.002365,0.002365,0.0000e+00
dev-corpus-03,2883,7489,0.000000e+00,2299,2299,1.427624,1.427624,0.0000e+00
dev-corpus-03,2884,2299,0.000000e+00,2299,2299,0.008427,0.008427,0.0000e+00
dev-corpus-03,2885,528,0.000000e+00,528,528,0.003703,0.003703,0.0000e+00
dev-corpus-03,2886,3759,0.000000e+00,3759,3759,0.002154,0.002154,0.0000e+00
dev-corpus-03,2887,963,0.000000e+00,963,963,0.003406,0.003406,0.0000e+00
dev-corpus-03,2888,107,0.000000e+00,107,107,0.019479,0.019479,0.0000e+00
dev-corpus-03,2889,165,0.000000e+00,165,165,0.001829,0.001829,0.0000e+00
dev-corpus-03,2890,1508,0.000000e+00,1508,1508,0.000032,0.000032,0.0000e+00
dev-corpus-03,2891,236761,0.000000e+00,236761,236761,0.000033,0.000033,0.0000e+00
dev-corpus-03,2892,20001,0.000000e+00,20001,20001,0.000287,0.000287,0.0000e+00
dev-corpus-03,2893,236768,0.000000e+00,236768,236768,0.000020,0.000020,0.0000e+00
dev-corpus-03,2894,107,0.000000e+00,107,107,0.205845,0.205845,0.0000e+00
dev-corpus-03,2895,144,0.000000e+00,144,144,0.000688,0.000688,0.0000e+00
dev-corpus-03,2896,2060,0.000000e+00,2060,2060,0.008621,0.008621,0.0000e+00
dev-corpus-03,2897,1265,0.000000e+00,1265,1265,0.000090,0.000090,0.0000e+00
dev-corpus-03,2898,236761,0.000000e+00,236761,236761,0.000034,0.000034,0.0000e+00
dev-corpus-03,2899,20001,0.000000e+00,20001,20001,0.001777,0.001777,0.0000e+00
dev-corpus-03,2900,236761,0.000000e+00,236761,236761,0.000003,0.000003,0.0000e+00
dev-corpus-03,2901,2204,0.000000e+00,2204,2204,0.000023,0.000023,0.0000e+00
dev-corpus-03,2902,236769,0.000000e+00,236769,236769,0.000001,0.000001,0.0000e+00
dev-corpus-03,2903,24733,0.000000e+00,24733,24733,0.000064,0.000064,0.0000e+00
dev-corpus-03,2904,236764,0.000000e+00,236764,236764,0.000002,0.000002,0.0000e+00
dev-corpus-03,2905,1265,0.000000e+00,1265,1265,0.000024,0.000024,0.0000e+00
dev-corpus-03,2906,236761,0.000000e+00,236761,236761,0.000028,0.000028,0.0000e+00
dev-corpus-03,2907,9944,0.000000e+00,9944,9944,0.000224,0.000224,0.0000e+00
dev-corpus-03,2908,236768,0.000000e+00,236768,236768,0.000051,0.000051,0.0000e+00
dev-corpus-03,2909,108,0.000000e+00,108,108,0.358770,0.358770,0.0000e+00
dev-corpus-03,2910,140,0.000000e+00,236865,236865,1.294596,1.294596,0.0000e+00
dev-corpus-03,2911,2063,0.000000e+00,2063,2063,0.681927,0.681927,0.0000e+00
dev-corpus-03,2912,563,0.000000e+00,5062,5062,7.032461,7.032461,0.0000e+00
dev-corpus-03,2913,236779,0.000000e+00,236779,236779,0.003506,0.003506,0.0000e+00
dev-corpus-03,2914,4730,0.000000e+00,4730,4730,0.921450,0.921450,0.0000e+00
dev-corpus-03,2915,236769,0.000000e+00,236769,236769,0.061521,0.061521,0.0000e+00
dev-corpus-03,2916,1508,0.000000e+00,1508,1508,0.000005,0.000005,0.0000e+00
dev-corpus-03,2917,1473,0.000000e+00,236764,236764,0.966744,0.966744,0.0000e+00
dev-corpus-03,2918,107,0.000000e+00,107,107,0.000088,0.000088,0.0000e+00
dev-corpus-03,2919,144,0.000000e+00,144,144,0.000677,0.000677,0.0000e+00
dev-corpus-03,2920,1708,0.000000e+00,2060,2060,9.791031,9.791031,0.0000e+00
dev-corpus-03,2921,3152,0.000000e+00,4241,4241,2.430748,2.430748,0.0000e+00
dev-corpus-03,2922,528,0.000000e+00,528,528,0.000024,0.000024,0.0000e+00
dev-corpus-03,2923,1265,0.000000e+00,1265,1265,0.011762,0.011762,0.0000e+00
dev-corpus-03,2924,236761,0.000000e+00,236761,236761,0.010991,0.010991,0.0000e+00
dev-corpus-03,2925,20001,0.000000e+00,20001,20001,0.010490,0.010490,0.0000e+00
dev-corpus-03,2926,236761,0.000000e+00,236761,236761,0.000002,0.000002,0.0000e+00
dev-corpus-03,2927,4114,0.000000e+00,4114,4114,0.000003,0.000003,0.0000e+00
dev-corpus-03,2928,2598,0.000000e+00,2598,2598,0.000001,0.000001,0.0000e+00
dev-corpus-03,2929,236769,0.000000e+00,236769,236769,0.000354,0.000354,0.0000e+00
dev-corpus-03,2930,1508,0.000000e+00,1508,1508,0.000273,0.000273,0.0000e+00
dev-corpus-03,2931,236761,0.000000e+00,236761,236761,0.000141,0.000141,0.0000e+00
dev-corpus-03,2932,9944,0.000000e+00,9944,9944,0.002037,0.002037,0.0000e+00
dev-corpus-03,2933,1473,0.000000e+00,1473,1473,0.001062,0.001062,0.0000e+00
dev-corpus-03,2934,107,0.000000e+00,107,107,0.000020,0.000020,0.0000e+00
dev-corpus-03,2935,148,0.000000e+00,148,148,0.000414,0.000414,0.0000e+00
dev-corpus-03,2936,584,0.000000e+00,584,584,0.158148,0.158148,0.0000e+00
dev-corpus-03,2937,3152,0.000000e+00,3152,3152,0.009134,0.009134,0.0000e+00
dev-corpus-03,2938,236761,0.000000e+00,236761,236761,0.000531,0.000531,0.0000e+00
dev-corpus-03,2939,4043,0.000000e+00,4043,4043,0.013995,0.013995,0.0000e+00
dev-corpus-03,2940,1033,0.000000e+00,1033,1033,0.000416,0.000416,0.0000e+00
dev-corpus-03,2941,29995,0.000000e+00,29995,29995,0.034494,0.034494,0.0000e+00
dev-corpus-03,2942,1606,0.000000e+00,1606,1606,0.156055,0.156055,0.0000e+00
dev-corpus-03,2943,563,0.000000e+00,563,563,0.000337,0.000337,0.0000e+00
dev-corpus-03,2944,711,0.000000e+00,711,711,0.000670,0.000670,0.0000e+00
dev-corpus-03,2945,5450,0.000000e+00,5450,5450,0.000003,0.000003,0.0000e+00
dev-corpus-03,2946,236787,0.000000e+00,236787,236787,0.000508,0.000508,0.0000e+00
dev-corpus-03,2947,107,0.000000e+00,107,107,0.000010,0.000010,0.0000e+00
dev-corpus-03,2948,152,0.000000e+00,152,152,0.001157,0.001157,0.0000e+00
dev-corpus-03,2949,2060,0.000000e+00,2060,2060,0.004986,0.004986,0.0000e+00
dev-corpus-03,2950,8450,0.000000e+00,8450,8450,0.000055,0.000055,0.0000e+00
dev-corpus-03,2951,107,0.000000e+00,107,107,0.000685,0.000685,0.0000e+00
dev-corpus-03,2952,148,0.000000e+00,144,144,8.178121,8.178121,0.0000e+00
dev-corpus-03,2953,584,0.000000e+00,584,584,0.342469,0.342469,0.0000e+00
dev-corpus-03,2954,568,0.000000e+00,3152,3152,7.395365,7.395365,0.0000e+00
dev-corpus-03,2955,1289,0.000000e+00,1289,1289,0.040313,0.040313,0.0000e+00
dev-corpus-03,2956,236761,0.000000e+00,236761,236761,0.000014,0.000014,0.0000e+00
dev-corpus-03,2957,4043,0.000000e+00,4043,4043,0.000458,0.000458,0.0000e+00
dev-corpus-03,2958,1033,0.000000e+00,1033,1033,0.000138,0.000138,0.0000e+00
dev-corpus-03,2959,21409,0.000000e+00,21409,21409,0.040649,0.040649,0.0000e+00
dev-corpus-03,2960,1606,0.000000e+00,1606,1606,0.000061,0.000061,0.0000e+00
dev-corpus-03,2961,563,0.000000e+00,653,653,3.359028,3.359028,0.0000e+00
dev-corpus-03,2962,5450,0.000000e+00,5450,5450,0.336058,0.336058,0.0000e+00
dev-corpus-03,2963,107,0.000000e+00,532,532,6.327932,6.327932,0.0000e+00
dev-corpus-03,2964,152,0.000000e+00,156,156,2.465874,2.465874,0.0000e+00
dev-corpus-03,2965,624,0.000000e+00,624,624,0.002229,0.002229,0.0000e+00
dev-corpus-03,2966,3152,0.000000e+00,3152,3152,0.000569,0.000569,0.0000e+00
dev-corpus-03,2967,236761,0.000000e+00,236761,236761,0.000008,0.000008,0.0000e+00
dev-corpus-03,2968,4043,0.000000e+00,4043,4043,0.000276,0.000276,0.0000e+00
dev-corpus-03,2969,1033,0.000000e+00,1033,1033,0.000092,0.000092,0.0000e+00
dev-corpus-03,2970,1457,0.000000e+00,1457,1457,0.000241,0.000241,0.0000e+00
dev-corpus-03,2971,3776,0.000000e+00,3776,3776,0.000000,0.000000,0.0000e+00
dev-corpus-03,2972,1606,0.000000e+00,1606,1606,0.000047,0.000047,0.0000e+00
dev-corpus-03,2973,563,0.000000e+00,563,563,0.000035,0.000035,0.0000e+00
dev-corpus-03,2974,5450,0.000000e+00,5450,5450,0.002235,0.002235,0.0000e+00
dev-corpus-03,2975,107,0.000000e+00,107,107,0.114670,0.114670,0.0000e+00
dev-corpus-03,2976,152,0.000000e+00,152,152,0.000160,0.000160,0.0000e+00
dev-corpus-03,2977,624,0.000000e+00,624,624,0.000201,0.000201,0.0000e+00
dev-corpus-03,2978,3152,0.000000e+00,3152,3152,0.035197,0.035197,0.0000e+00
dev-corpus-03,2979,236761,0.000000e+00,236761,236761,0.000008,0.000008,0.0000e+00
dev-corpus-03,2980,4043,0.000000e+00,4043,4043,0.000823,0.000823,0.0000e+00
dev-corpus-03,2981,1033,0.000000e+00,1033,1033,0.000010,0.000010,0.0000e+00
dev-corpus-03,2982,80565,0.000000e+00,80565,80565,0.000352,0.000352,0.0000e+00
dev-corpus-03,2983,524,0.000000e+00,524,524,0.000000,0.000000,0.0000e+00
dev-corpus-03,2984,1606,0.000000e+00,1606,1606,0.000014,0.000014,0.0000e+00
dev-corpus-03,2985,563,0.000000e+00,563,563,0.000162,0.000162,0.0000e+00
dev-corpus-03,2986,5450,0.000000e+00,5450,5450,0.152754,0.152754,0.0000e+00
dev-corpus-03,2987,1473,0.000000e+00,1473,1473,0.230765,0.230765,0.0000e+00
dev-corpus-03,2988,107,0.000000e+00,107,107,0.000800,0.000800,0.0000e+00
dev-corpus-03,2989,152,0.000000e+00,152,152,0.001101,0.001101,0.0000e+00
dev-corpus-03,2990,236865,0.000000e+00,2060,2060,1.609125,1.609125,0.0000e+00
dev-corpus-03,2991,1637,0.000000e+00,1174,1174,2.882172,2.882172,0.0000e+00
dev-corpus-03,2992,784,0.000000e+00,625,625,10.347190,10.347190,0.0000e+00
dev-corpus-03,2993,506,0.000000e+00,4402,4402,9.650256,9.650256,0.0000e+00
dev-corpus-03,2994,4402,0.000000e+00,4402,4402,0.947474,0.947474,0.0000e+00
dev-corpus-03,2995,659,0.000000e+00,659,659,0.044169,0.044169,0.0000e+00
dev-corpus-03,2996,5450,0.000000e+00,5450,5450,0.289348,0.289348,0.0000e+00
dev-corpus-03,2997,236764,0.000000e+00,236764,236764,0.020148,0.020148,0.0000e+00
dev-corpus-03,2998,993,0.000000e+00,625,625,7.452136,7.452136,0.0000e+00
dev-corpus-03,2999,1921,0.000000e+00,563,563,4.491098,4.491098,0.0000e+00
dev-corpus-03,3000,577,0.000000e+00,577,577,0.013458,0.013458,0.0000e+00
dev-corpus-03,3001,107,0.000000e+00,614,614,8.064136,8.064136,0.0000e+00
dev-corpus-03,3002,152,0.000000e+00,152,152,0.000386,0.000386,0.0000e+00
dev-corpus-03,3003,236865,0.000000e+00,236865,236865,0.000533,0.000533,0.0000e+00
dev-corpus-03,3004,2264,0.000000e+00,614,614,5.826592,5.826592,0.0000e+00
dev-corpus-03,3005,2299,0.000000e+00,3759,3759,2.646759,2.646759,0.0000e+00
dev-corpus-03,3006,692,0.000000e+00,1861,1861,6.046785,6.046785,0.0000e+00
dev-corpus-03,3007,236789,0.000000e+00,1537,1537,4.258470,4.258470,0.0000e+00
dev-corpus-03,3008,500,0.000000e+00,500,500,0.584496,0.584496,0.0000e+00
dev-corpus-03,3009,711,0.000000e+00,711,711,0.739867,0.739867,0.0000e+00
dev-corpus-03,3010,27780,0.000000e+00,16329,16329,1.562273,1.562273,0.0000e+00
dev-corpus-03,3011,107,0.000000e+00,236761,236761,2.450727,2.450727,0.0000e+00
dev-corpus-03,3012,152,0.000000e+00,152,152,0.000483,0.000483,0.0000e+00
dev-corpus-03,3013,24296,0.000000e+00,2060,2060,8.331886,8.331886,0.0000e+00
dev-corpus-03,3014,38271,0.000000e+00,38271,38271,0.007962,0.007962,0.0000e+00
dev-corpus-03,3015,1033,0.000000e+00,1033,1033,0.125982,0.125982,0.0000e+00
dev-corpus-03,3016,2805,0.000000e+00,2805,2805,0.461093,0.461093,0.0000e+00
dev-corpus-03,3017,87892,0.000000e+00,87892,87892,0.027153,0.027153,0.0000e+00
dev-corpus-03,3018,7489,0.000000e+00,3759,3759,9.234764,9.234764,0.0000e+00
dev-corpus-03,3019,2299,0.000000e+00,2299,2299,0.023903,0.023903,0.0000e+00
dev-corpus-03,3020,528,0.000000e+00,528,528,0.049870,0.049870,0.0000e+00
dev-corpus-03,3021,3759,0.000000e+00,3759,3759,0.004106,0.004106,0.0000e+00
dev-corpus-03,3022,963,0.000000e+00,963,963,0.030594,0.030594,0.0000e+00
dev-corpus-03,3023,107,0.000000e+00,107,107,0.002421,0.002421,0.0000e+00
dev-corpus-03,3024,156,0.000000e+00,167,167,8.551656,8.551656,0.0000e+00
dev-corpus-03,3025,1508,0.000000e+00,1508,1508,0.000302,0.000302,0.0000e+00
dev-corpus-03,3026,236761,0.000000e+00,236761,236761,0.000015,0.000015,0.0000e+00
dev-corpus-03,3027,20001,0.000000e+00,20001,20001,0.000072,0.000072,0.0000e+00
dev-corpus-03,3028,236768,0.000000e+00,236768,236768,0.000172,0.000172,0.0000e+00
dev-corpus-03,3029,107,0.000000e+00,107,107,0.007959,0.007959,0.0000e+00
dev-corpus-03,3030,144,0.000000e+00,144,144,0.001118,0.001118,0.0000e+00
dev-corpus-03,3031,2060,0.000000e+00,2060,2060,0.000438,0.000438,0.0000e+00
dev-corpus-03,3032,6288,0.000000e+00,6288,6288,0.000020,0.000020,0.0000e+00
dev-corpus-03,3033,108,0.000000e+00,108,108,0.440261,0.440261,0.0000e+00
dev-corpus-03,3034,140,0.000000e+00,236865,236865,1.704594,1.704594,0.0000e+00
dev-corpus-03,3035,2063,0.000000e+00,236865,236865,0.924387,0.924387,0.0000e+00
dev-corpus-03,3036,974,0.000000e+00,2222,2222,2.576984,2.576984,0.0000e+00
dev-corpus-03,3037,236779,0.000000e+00,236779,236779,0.016559,0.016559,0.0000e+00
dev-corpus-03,3038,207339,0.000000e+00,10480,10480,12.609495,12.609495,0.0000e+00
dev-corpus-03,3039,236769,0.000000e+00,236769,236769,0.008726,0.008726,0.0000e+00
dev-corpus-03,3040,1508,0.000000e+00,1508,1508,0.000009,0.000009,0.0000e+00
dev-corpus-03,3041,1473,0.000000e+00,1473,1473,0.003437,0.003437,0.0000e+00
dev-corpus-03,3042,107,0.000000e+00,107,107,0.000088,0.000088,0.0000e+00
dev-corpus-03,3043,144,0.000000e+00,144,144,0.000307,0.000307,0.0000e+00
dev-corpus-03,3044,2643,0.000000e+00,207339,207339,4.693175,4.693175,0.0000e+00
dev-corpus-03,3045,578,0.000000e+00,578,578,0.000884,0.000884,0.0000e+00
dev-corpus-03,3046,2977,0.000000e+00,1076,1076,4.686781,4.686781,0.0000e+00
dev-corpus-03,3047,107,0.000000e+00,107,107,0.000018,0.000018,0.0000e+00
dev-corpus-03,3048,144,0.000000e+00,144,144,0.000009,0.000009,0.0000e+00
dev-corpus-03,3049,1708,0.000000e+00,1708,1708,0.051564,0.051564,0.0000e+00
dev-corpus-03,3050,3152,0.000000e+00,3152,3152,0.011965,0.011965,0.0000e+00
dev-corpus-03,3051,528,0.000000e+00,528,528,0.000002,0.000002,0.0000e+00
dev-corpus-03,3052,1265,0.000000e+00,1265,1265,0.000043,0.000043,0.0000e+00
dev-corpus-03,3053,236761,0.000000e+00,236761,236761,0.000044,0.000044,0.0000e+00
dev-corpus-03,3054,20001,0.000000e+00,20001,20001,0.000312,0.000312,0.0000e+00
dev-corpus-03,3055,236761,0.000000e+00,236761,236761,0.000000,0.000000,0.0000e+00
dev-corpus-03,3056,4114,0.000000e+00,4114,4114,0.000090,0.000090,0.0000e+00
dev-corpus-03,3057,2598,0.000000e+00,2598,2598,0.000000,0.000000,0.0000e+00
dev-corpus-03,3058,236769,0.000000e+00,236769,236769,0.000029,0.000029,0.0000e+00
dev-corpus-03,3059,1508,0.000000e+00,1508,1508,0.000201,0.000201,0.0000e+00
dev-corpus-03,3060,236761,0.000000e+00,236761,236761,0.000008,0.000008,0.0000e+00
dev-corpus-03,3061,9944,0.000000e+00,9944,9944,0.000556,0.000556,0.0000e+00
dev-corpus-03,3062,1473,0.000000e+00,1473,1473,0.000581,0.000581,0.0000e+00
dev-corpus-03,3063,107,0.000000e+00,107,107,0.000002,0.000002,0.0000e+00
dev-corpus-03,3064,148,0.000000e+00,148,148,0.000798,0.000798,0.0000e+00
dev-corpus-03,3065,21409,0.000000e+00,584,584,1.724834,1.724834,0.0000e+00
dev-corpus-03,3066,578,0.000000e+00,578,578,0.056500,0.056500,0.0000e+00
dev-corpus-03,3067,3152,0.000000e+00,3152,3152,0.000032,0.000032,0.0000e+00
dev-corpus-03,3068,236761,0.000000e+00,236761,236761,0.000001,0.000001,0.0000e+00
dev-corpus-03,3069,4043,0.000000e+00,4043,4043,0.000050,0.000050,0.0000e+00
dev-corpus-03,3070,1033,0.000000e+00,1033,1033,0.000135,0.000135,0.0000e+00
dev-corpus-03,3071,21409,0.000000e+00,21409,21409,0.000195,0.000195,0.0000e+00
dev-corpus-04,3072,107,0.000000e+00,236764,236764,5.261654,5.261654,0.0000e+00
dev-corpus-04,3073,144,0.000000e+00,1018,1018,6.890406,6.890406,0.0000e+00
dev-corpus-04,3074,36208,0.000000e+00,107,107,9.306880,9.306880,0.0000e+00
dev-corpus-04,3075,34563,0.000000e+00,2430,2430,5.201923,5.201923,0.0000e+00
dev-corpus-04,3076,236769,0.000000e+00,236769,236769,0.000049,0.000049,0.0000e+00
dev-corpus-04,3077,106327,0.000000e+00,7837,7837,16.337340,16.337340,0.0000e+00
dev-corpus-04,3078,1901,0.000000e+00,236764,236764,18.090719,18.090719,0.0000e+00
dev-corpus-04,3079,236764,0.000000e+00,236764,236764,0.005424,0.005424,0.0000e+00
dev-corpus-04,3080,1540,0.000000e+00,1540,1540,0.612331,0.612331,0.0000e+00
dev-corpus-04,3081,1473,0.000000e+00,236768,236768,0.706234,0.706234,0.0000e+00
dev-corpus-04,3082,107,0.000000e+00,107,107,0.020724,0.020724,0.0000e+00
dev-corpus-04,3083,148,0.000000e+00,148,148,0.010156,0.010156,0.0000e+00
dev-corpus-04,3084,106327,0.000000e+00,236865,236865,2.132729,2.132729,0.0000e+00
dev-corpus-04,3085,236779,0.000000e+00,1901,1901,4.659005,4.659005,0.0000e+00
dev-corpus-04,3086,8902,0.000000e+00,1901,1901,19.128958,19.128958,0.0000e+00
dev-corpus-04,3087,578,0.000000e+00,578,578,0.009662,0.009662,0.0000e+00
dev-corpus-04,3088,32147,0.000000e+00,23219,23219,12.491895,12.491895,0.0000e+00
dev-corpus-04,3089,513,0.000000e+00,1123,1123,1.606410,1.606410,0.0000e+00
dev-corpus-04,3090,236784,0.000000e+00,236787,236787,12.677197,12.677197,0.0000e+00
dev-corpus-04,3091,236763,0.000000e+00,106327,106327,14.321102,14.321102,0.0000e+00
dev-corpus-04,3092,236789,0.000000e+00,105800,105800,2.790551,2.790551,0.0000e+00
dev-corpus-04,3093,2632,0.000000e+00,19547,19547,0.821278,0.821278,0.0000e+00
dev-corpus-04,3094,2222,0.000000e+00,513,513,5.980271,5.980271,0.0000e+00
dev-corpus-04,3095,11240,0.000000e+00,236769,236769,6.152376,6.152376,0.0000e+00
dev-corpus-04,3096,5285,0.000000e+00,236779,236779,1.611875,1.611875,0.0000e+00
dev-corpus-04,3097,236761,0.000000e+00,236761,236761,0.044320,0.044320,0.0000e+00
dev-corpus-04,3098,1951,0.000000e+00,1951,1951,0.023761,0.023761,0.0000e+00
dev-corpus-04,3099,236769,0.000000e+00,236769,236769,0.003762,0.003762,0.0000e+00
dev-corpus-04,3100,106327,0.000000e+00,236753,236753,3.359586,3.359586,0.0000e+00
dev-corpus-04,3101,1901,0.000000e+00,1901,1901,0.000263,0.000263,0.0000e+00
dev-corpus-04,3102,236764,0.000000e+00,236764,236764,0.782693,0.782693,0.0000e+00
dev-corpus-04,3103,513,0.000000e+00,513,513,0.002857,0.002857,0.0000e+00
dev-corpus-04,3104,236768,0.000000e+00,236768,236768,0.033309,0.033309,0.0000e+00
dev-corpus-04,3105,107,0.000000e+00,107,107,0.081176,0.081176,0.0000e+00
dev-corpus-04,3106,144,0.000000e+00,148,148,3.078316,3.078316,0.0000e+00
dev-corpus-04,3107,4454,0.000000e+00,4454,4454,0.581899,0.581899,0.0000e+00
dev-corpus-04,3108,236787,0.000000e+00,236787,236787,0.000005,0.000005,0.0000e+00
dev-corpus-04,3109,107,0.000000e+00,107,107,0.037405,0.037405,0.0000e+00
dev-corpus-04,3110,148,0.000000e+00,148,148,0.002914,0.002914,0.0000e+00
dev-corpus-04,3111,106327,0.000000e+00,24296,24296,3.317897,3.317897,0.0000e+00
dev-corpus-04,3112,236779,0.000000e+00,236779,236779,0.001340,0.001340,0.0000e+00
dev-corpus-04,3113,8902,0.000000e+00,8902,8902,0.001802,0.001802,0.0000e+00
dev-corpus-04,3114,578,0.000000e+00,578,578,0.000125,0.000125,0.0000e+00
dev-corpus-04,3115,32147,0.000000e+00,5450,5450,1.667399,1.667399,0.0000e+00
dev-corpus-04,3116,513,0.000000e+00,513,513,0.167717,0.167717,0.0000e+00
dev-corpus-04,3117,236784,0.000000e+00,236784,236784,0.500509,0.500509,0.0000e+00
dev-corpus-04,3118,236763,0.000000e+00,236763,236763,0.036765,0.036765,0.0000e+00
dev-corpus-04,3119,236789,0.000000e+00,236789,236789,0.002464,0.002464,0.0000e+00
dev-corpus-04,3120,2632,0.000000e+00,2632,2632,0.000087,0.000087,0.0000e+00
dev-corpus-04,3121,23219,0.000000e+00,2222,2222,5.750951,5.750951,0.0000e+00
dev-corpus-04,3122,1901,0.000000e+00,1901,1901,0.000475,0.000475,0.0000e+00
dev-corpus-04,3123,236761,0.000000e+00,107,107,7.006109,7.006109,0.0000e+00
dev-corpus-04,3124,1951,0.000000e+00,10401,10401,1.217914,1.217914,0.0000e+00
dev-corpus-04,3125,236769,0.000000e+00,236769,236769,0.000517,0.000517,0.0000e+00
dev-corpus-04,3126,236753,0.000000e+00,236753,236753,0.000084,0.000084,0.0000e+00
dev-corpus-04,3127,236768,0.000000e+00,236768,236768,0.000290,0.000290,0.0000e+00
dev-corpus-04,3128,108,0.000000e+00,108,108,0.400237,0.400237,0.0000e+00
dev-corpus-04,3129,144,0.000000e+00,140,140,1.031151,1.031151,0.0000e+00
dev-corpus-04,3130,1508,0.000000e+00,236865,236865,7.537200,7.537200,0.0000e+00
dev-corpus-04,3131,4917,0.000000e+00,236761,236761,3.953088,3.953088,0.0000e+00
dev-corpus-04,3132,8951,0.000000e+00,106327,106327,9.094402,9.094402,0.0000e+00
dev-corpus-04,3133,552,0.000000e+00,552,552,0.001146,0.001146,0.0000e+00
dev-corpus-04,3134,578,0.000000e+00,236779,236779,0.737581,0.737581,0.0000e+00
dev-corpus-04,3135,5450,0.000000e+00,534,534,1.124976,1.124976,0.0000e+00
dev-corpus-04,3136,107,0.000000e+00,107,107,0.270029,0.270029,0.0000e+00
dev-corpus-04,3137,144,0.000000e+00,144,144,0.031051,0.031051,0.0000e+00
dev-corpus-04,3138,1508,0.000000e+00,1508,1508,0.087153,0.087153,0.0000e+00
dev-corpus-04,3139,4917,0.000000e+00,4917,4917,0.057015,0.057015,0.0000e+00
dev-corpus-04,3140,6499,0.000000e+00,106327,106327,15.725455,15.725455,0.0000e+00
dev-corpus-04,3141,578,0.000000e+00,236779,236779,1.501112,1.501112,0.0000e+00
dev-corpus-04,3142,23219,0.000000e+00,5450,5450,3.200191,3.200191,0.0000e+00
dev-corpus-04,3143,236779,0.000000e+00,236779,236779,0.000195,0.000195,0.0000e+00
dev-corpus-04,3144,8902,0.000000e+00,8902,8902,0.000327,0.000327,0.0000e+00
dev-corpus-04,3145,825,0.000000e+00,107,107,3.053280,3.053280,0.0000e+00
dev-corpus-04,3146,107,0.000000e+00,107,107,0.142870,0.142870,0.0000e+00
dev-corpus-04,3147,144,0.000000e+00,144,144,0.009103,0.009103,0.0000e+00
dev-corpus-04,3148,1508,0.000000e+00,1508,1508,0.036126,0.036126,0.0000e+00
dev-corpus-04,3149,4917,0.000000e+00,4917,4917,0.006245,0.006245,0.0000e+00
dev-corpus-04,3150,3859,0.000000e+00,3859,3859,0.517023,0.517023,0.0000e+00
dev-corpus-04,3151,578,0.000000e+00,578,578,0.002922,0.002922,0.0000e+00
dev-corpus-04,3152,23219,0.000000e+00,5450,5450,2.948063,2.948063,0.0000e+00
dev-corpus-04,3153,236779,0.000000e+00,236779,236779,0.000061,0.000061,0.0000e+00
dev-corpus-04,3154,8902,0.000000e+00,8902,8902,0.000046,0.000046,0.0000e+00
dev-corpus-04,3155,825,0.000000e+00,825,825,0.000738,0.000738,0.0000e+00
dev-corpus-04,3156,107,0.000000e+00,108,108,1.475337,1.475337,0.0000e+00
dev-corpus-04,3157,144,0.000000e+00,144,144,0.045780,0.045780,0.0000e+00
dev-corpus-04,3158,1508,0.000000e+00,1508,1508,0.135480,0.135480,0.0000e+00
dev-corpus-04,3159,236761,0.000000e+00,4917,4917,2.677385,2.677385,0.0000e+00
dev-corpus-04,3160,106327,0.000000e+00,106327,106327,0.596493,0.596493,0.0000e+00
dev-corpus-04,3161,236779,0.000000e+00,236779,236779,0.064863,0.064863,0.0000e+00
dev-corpus-04,3162,2086,0.000000e+00,2086,2086,0.837244,0.837244,0.0000e+00
dev-corpus-04,3163,578,0.000000e+00,578,578,0.003825,0.003825,0.0000e+00
dev-corpus-04,3164,1265,0.000000e+00,1265,1265,0.661684,0.661684,0.0000e+00
dev-corpus-04,3165,4917,0.000000e+00,4917,4917,0.013454,0.013454,0.0000e+00
dev-corpus-04,3166,3859,0.000000e+00,6499,6499,6.043758,6.043758,0.0000e+00
dev-corpus-04,3167,236761,0.000000e+00,236761,236761,0.002613,0.002613,0.0000e+00
dev-corpus-04,3168,106327,0.000000e+00,106327,106327,0.000055,0.000055,0.0000e+00
dev-corpus-04,3169,236779,0.000000e+00,236779,236779,0.000212,0.000212,0.0000e+00
dev-corpus-04,3170,2086,0.000000e+00,2086,2086,0.024896,0.024896,0.0000e+00
dev-corpus-04,3171,108,0.000000e+00,108,108,0.565895,0.565895,0.0000e+00
dev-corpus-04,3172,144,0.000000e+00,140,140,2.102972,2.102972,0.0000e+00
dev-corpus-04,3173,584,0.000000e+00,236865,236865,1.738037,1.738037,0.0000e+00
dev-corpus-04,3174,76330,0.000000e+00,1265,1265,3.035661,3.035661,0.0000e+00
dev-corpus-04,3175,236769,0.000000e+00,236769,236769,0.000570,0.000570,0.0000e+00
dev-corpus-04,3176,1508,0.000000e+00,1508,1508,0.360900,0.360900,0.0000e+00
dev-corpus-04,3177,4917,0.000000e+00,236764,236764,2.185572,2.185572,0.0000e+00
dev-corpus-04,3178,3859,0.000000e+00,6499,6499,1.747979,1.747979,0.0000e+00
dev-corpus-04,3179,236764,0.000000e+00,236764,236764,0.001142,0.001142,0.0000e+00
dev-corpus-04,3180,756,0.000000e+00,756,756,0.120337,0.120337,0.0000e+00
dev-corpus-04,3181,5088,0.000000e+00,10401,10401,9.486844,9.486844,0.0000e+00
dev-corpus-04,3182,236779,0.000000e+00,236779,236779,0.000747,0.000747,0.0000e+00
dev-corpus-04,3183,2086,0.000000e+00,2086,2086,0.000004,0.000004,0.0000e+00
dev-corpus-04,3184,23314,0.000000e+00,23314,23314,0.171349,0.171349,0.0000e+00
dev-corpus-04,3185,107,0.000000e+00,107,107,0.001264,0.001264,0.0000e+00
dev-corpus-04,3186,148,0.000000e+00,148,148,0.002853,0.002853,0.0000e+00
dev-corpus-04,3187,5088,0.000000e+00,1508,1508,7.166914,7.166914,0.0000e+00
dev-corpus-04,3188,2086,0.000000e+00,236779,236779,7.788110,7.788110,0.0000e+00
dev-corpus-04,3189,578,0.000000e+00,578,578,0.006819,0.006819,0.0000e+00
dev-corpus-04,3190,1265,0.000000e+00,1265,1265,0.000224,0.000224,0.0000e+00
dev-corpus-04,3191,4917,0.000000e+00,4917,4917,0.000056,0.000056,0.0000e+00
dev-corpus-04,3192,3859,0.000000e+00,3859,3859,0.000262,0.000262,0.0000e+00
dev-corpus-04,3193,236761,0.000000e+00,236761,236761,0.000016,0.000016,0.0000e+00
dev-corpus-04,3194,5088,0.000000e+00,5088,5088,0.001113,0.001113,0.0000e+00
dev-corpus-04,3195,236779,0.000000e+00,236779,236779,0.000024,0.000024,0.0000e+00
dev-corpus-04,3196,2086,0.000000e+00,2086,2086,0.000008,0.000008,0.0000e+00
dev-corpus-04,3197,107,0.000000e+00,107,107,0.001907,0.001907,0.0000e+00
dev-corpus-04,3198,148,0.000000e+00,144,144,2.593645,2.593645,0.0000e+00
dev-corpus-04,3199,584,0.000000e+00,1508,1508,2.577733,2.577733,0.0000e+00
dev-corpus-04,3200,3355,0.000000e+00,3355,3355,0.412191,0.412191,0.0000e+00
dev-corpus-04,3201,2086,0.000000e+00,2086,2086,0.000184,0.000184,0.0000e+00
dev-corpus-04,3202,655,0.000000e+00,563,563,6.800644,6.800644,0.0000e+00
dev-corpus-04,3203,236743,0.000000e+00,236743,236743,0.028121,0.028121,0.0000e+00
dev-corpus-04,3204,236770,0.000000e+00,236770,236770,1.149385,1.149385,0.0000e+00
dev-corpus-04,3205,236825,0.000000e+00,236825,236825,0.616908,0.616908,0.0000e+00
dev-corpus-04,3206,236787,0.000000e+00,236787,236787,0.014090,0.014090,0.0000e+00
dev-corpus-04,3207,107,0.000000e+00,107,107,0.010361,0.010361,0.0000e+00
dev-corpus-04,3208,152,0.000000e+00,152,152,0.002427,0.002427,0.0000e+00
dev-corpus-04,3209,236779,0.000000e+00,24296,24296,9.566132,9.566132,0.0000e+00
dev-corpus-04,3210,88319,0.000000e+00,88319,88319,1.088508,1.088508,0.0000e+00
dev-corpus-04,3211,236761,0.000000e+00,236761,236761,0.001540,0.001540,0.0000e+00
dev-corpus-04,3212,37877,0.000000e+00,37877,37877,0.002190,0.002190,0.0000e+00
dev-corpus-04,3213,1033,0.000000e+00,885,885,4.165576,4.165576,0.0000e+00
dev-corpus-04,3214,5088,0.000000e+00,42025,42025,4.967649,4.967649,0.0000e+00
dev-corpus-04,3215,236779,0.000000e+00,236779,236779,0.163678,0.163678,0.0000e+00
dev-corpus-04,3216,2086,0.000000e+00,2086,2086,0.013195,0.013195,0.0000e+00
dev-corpus-04,3217,529,0.000000e+00,563,563,2.691592,2.691592,0.0000e+00
dev-corpus-04,3218,2144,0.000000e+00,2144,2144,0.810442,0.810442,0.0000e+00
dev-corpus-04,3219,236753,0.000000e+00,236751,236751,8.998423,8.998423,0.0000e+00
dev-corpus-04,3220,5072,0.000000e+00,563,563,6.514783,6.514783,0.0000e+00
dev-corpus-04,3221,2311,0.000000e+00,2311,2311,0.043824,0.043824,0.0000e+00
dev-corpus-04,3222,1944,0.000000e+00,1944,1944,0.001056,0.001056,0.0000e+00
dev-corpus-04,3223,236793,0.000000e+00,573,573,5.955188,5.955188,0.0000e+00
dev-corpus-04,3224,1699,0.000000e+00,1699,1699,1.186057,1.186057,0.0000e+00
dev-corpus-04,3225,1023,0.000000e+00,236743,236743,13.439591,13.439591,0.0000e+00
dev-corpus-04,3226,756,0.000000e+00,3678,3678,10.797002,10.797002,0.0000e+00
dev-corpus-04,3227,107,0.000000e+00,107,107,0.050676,0.050676,0.0000e+00
dev-corpus-04,3228,167,0.000000e+00,167,167,0.073990,0.073990,0.0000e+00
dev-corpus-04,3229,236789,0.000000e+00,138,138,2.921671,2.921671,0.0000e+00
dev-corpus-04,3230,6665,0.000000e+00,6665,6665,0.106693,0.106693,0.0000e+00
dev-corpus-04,3231,529,0.000000e+00,529,529,0.187223,0.187223,0.0000e+00
dev-corpus-04,3232,2144,0.000000e+00,236743,236743,5.109012,5.109012,0.0000e+00
dev-corpus-04,3233,236753,0.000000e+00,236753,236753,0.000544,0.000544,0.0000e+00
dev-corpus-04,3234,7085,0.000000e+00,236789,236789,2.180167,2.180167,0.0000e+00
dev-corpus-04,3235,2144,0.000000e+00,2144,2144,0.000057,0.000057,0.0000e+00
dev-corpus-04,3236,568,0.000000e+00,568,568,0.000388,0.000388,0.0000e+00
dev-corpus-04,3237,5088,0.000000e+00,5088,5088,0.005024,0.005024,0.0000e+00
dev-corpus-04,3238,2086,0.000000e+00,2086,2086,0.000017,0.000017,0.0000e+00
dev-corpus-04,3239,236764,0.000000e+00,236764,236764,0.000132,0.000132,0.0000e+00
dev-corpus-04,3240,1265,0.000000e+00,236743,236743,7.899834,7.899834,0.0000e+00
dev-corpus-04,3241,236761,0.000000e+00,236761,236761,0.143071,0.143071,0.0000e+00
dev-corpus-04,3242,5088,0.000000e+00,6665,6665,1.149901,1.149901,0.0000e+00
dev-corpus-04,3243,2086,0.000000e+00,236779,236779,4.288290,4.288290,0.0000e+00
dev-corpus-04,3244,779,0.000000e+00,1223,1223,5.797721,5.797721,0.0000e+00
dev-corpus-04,3245,107,0.000000e+00,107,107,0.248480,0.248480,0.0000e+00
dev-corpus-04,3246,167,0.000000e+00,167,167,0.008071,0.008071,0.0000e+00
dev-corpus-04,3247,28755,0.000000e+00,28755,28755,0.652475,0.652475,0.0000e+00
dev-corpus-04,3248,21672,0.000000e+00,21672,21672,0.000000,0.000000,0.0000e+00
dev-corpus-04,3249,236764,0.000000e+00,236768,236768,9.177376,9.177376,0.0000e+00
dev-corpus-04,3250,236743,0.000000e+00,35949,35949,11.669469,11.669469,0.0000e+00
dev-corpus-04,3251,236778,0.000000e+00,236770,236770,1.855806,1.855806,0.0000e+00
dev-corpus-04,3252,236768,0.000000e+00,236768,236768,0.001093,0.001093,0.0000e+00
dev-corpus-04,3253,107,0.000000e+00,107,107,0.008709,0.008709,0.0000e+00
dev-corpus-04,3254,152,0.000000e+00,152,152,0.020410,0.020410,0.0000e+00
dev-corpus-04,3255,5088,0.000000e+00,5088,5088,0.075934,0.075934,0.0000e+00
dev-corpus-04,3256,2086,0.000000e+00,2086,2086,0.003605,0.003605,0.0000e+00
dev-corpus-04,3257,578,0.000000e+00,578,578,0.000064,0.000064,0.0000e+00
dev-corpus-04,3258,1265,0.000000e+00,1265,1265,0.002367,0.002367,0.0000e+00
dev-corpus-04,3259,236761,0.000000e+00,236761,236761,0.000107,0.000107,0.0000e+00
dev-corpus-04,3260,5088,0.000000e+00,5088,5088,0.000019,0.000019,0.0000e+00
dev-corpus-04,3261,2086,0.000000e+00,2086,2086,0.000096,0.000096,0.0000e+00
dev-corpus-04,3262,107,0.000000e+00,107,107,0.207825,0.207825,0.0000e+00
dev-corpus-04,3263,144,0.000000e+00,148,148,1.128139,1.128139,0.0000e+00
dev-corpus-04,3264,4454,0.000000e+00,4454,4454,0.002367,0.002367,0.0000e+00
dev-corpus-04,3265,236787,0.000000e+00,236787,236787,0.000008,0.000008,0.0000e+00
dev-corpus-04,3266,107,0.000000e+00,107,107,0.000683,0.000683,0.0000e+00
dev-corpus-04,3267,148,0.000000e+00,148,148,0.002651,0.002651,0.0000e+00
dev-corpus-04,3268,236779,0.000000e+00,5088,5088,9.716230,9.716230,0.0000e+00
dev-corpus-04,3269,88319,0.000000e+00,88319,88319,0.001335,0.001335,0.0000e+00
dev-corpus-04,3270,236761,0.000000e+00,236761,236761,0.000002,0.000002,0.0000e+00
dev-corpus-04,3271,37877,0.000000e+00,37877,37877,0.000021,0.000021,0.0000e+00
dev-corpus-04,3272,1033,0.000000e+00,1033,1033,0.030360,0.030360,0.0000e+00
dev-corpus-04,3273,3771,0.000000e+00,106327,106327,2.611853,2.611853,0.0000e+00
dev-corpus-04,3274,3355,0.000000e+00,3355,3355,0.006883,0.006883,0.0000e+00
dev-corpus-04,3275,236779,0.000000e+00,236779,236779,0.035061,0.035061,0.0000e+00
dev-corpus-04,3276,2086,0.000000e+00,2086,2086,0.000001,0.000001,0.0000e+00
dev-corpus-04,3277,9176,0.000000e+00,9176,9176,0.574813,0.574813,0.0000e+00
dev-corpus-04,3278,580,0.000000e+00,1765,1765,2.797995,2.797995,0.0000e+00
dev-corpus-04,3279,2238,0.000000e+00,2144,2144,11.441779,11.441779,0.0000e+00
dev-corpus-04,3280,23219,0.000000e+00,23219,23219,0.172151,0.172151,0.0000e+00
dev-corpus-04,3281,2495,0.000000e+00,1901,1901,5.387156,5.387156,0.0000e+00
dev-corpus-04,3282,236793,0.000000e+00,236793,236793,0.076477,0.076477,0.0000e+00
dev-corpus-04,3283,756,0.000000e+00,1699,1699,1.553102,1.553102,0.0000e+00
dev-corpus-04,3284,107,0.000000e+00,107,107,0.000168,0.000168,0.0000e+00
dev-corpus-04,3285,163,0.000000e+00,163,163,0.833149,0.833149,0.0000e+00
dev-corpus-04,3286,236789,0.000000e+00,236789,236789,0.000243,0.000243,0.0000e+00
dev-corpus-04,3287,83033,0.000000e+00,3091,3091,10.484359,10.484359,0.0000e+00
dev-corpus-04,3288,2144,0.000000e+00,3678,3678,2.622077,2.622077,0.0000e+00
dev-corpus-04,3289,236753,0.000000e+00,236753,236753,0.008591,0.008591,0.0000e+00
dev-corpus-04,3290,7085,0.000000e+00,7085,7085,0.092101,0.092101,0.0000e+00
dev-corpus-04,3291,2144,0.000000e+00,2144,2144,0.000022,0.000022,0.0000e+00
dev-corpus-04,3292,568,0.000000e+00,1265,1265,1.228647,1.228647,0.0000e+00
dev-corpus-04,3293,1508,0.000000e+00,1508,1508,0.000210,0.000210,0.0000e+00
dev-corpus-04,3294,236761,0.000000e+00,236761,236761,0.000026,0.000026,0.0000e+00
dev-corpus-04,3295,5088,0.000000e+00,5088,5088,0.000097,0.000097,0.0000e+00
dev-corpus-04,3296,2086,0.000000e+00,2086,2086,0.000002,0.000002,0.0000e+00
dev-corpus-04,3297,779,0.000000e+00,779,779,0.014065,0.014065,0.0000e+00
dev-corpus-04,3298,107,0.000000e+00,35949,35949,1.338775,1.338775,0.0000e+00
dev-corpus-04,3299,163,0.000000e+00,163,163,0.000282,0.000282,0.0000e+00
dev-corpus-04,3300,28755,0.000000e+00,28755,28755,0.008075,0.008075,0.0000e+00
dev-corpus-04,3301,21672,0.000000e+00,21672,21672,0.000000,0.000000,0.0000e+00
dev-corpus-04,3302,236764,0.000000e+00,236764,236764,0.146935,0.146935,0.0000e+00
dev-corpus-04,3303,236743,0.000000e+00,236743,236743,0.000022,0.000022,0.0000e+00
dev-corpus-04,3304,236778,0.000000e+00,236778,236778,0.001209,0.001209,0.0000e+00
dev-corpus-04,3305,236768,0.000000e+00,236768,236768,0.000032,0.000032,0.0000e+00
dev-corpus-04,3306,107,0.000000e+00,107,107,0.020783,0.020783,0.0000e+00
dev-corpus-04,3307,148,0.000000e+00,144,144,1.562429,1.562429,0.0000e+00
dev-corpus-04,3308,5088,0.000000e+00,5088,5088,0.008942,0.008942,0.0000e+00
dev-corpus-04,3309,2086,0.000000e+00,2086,2086,0.000022,0.000022,0.0000e+00
dev-corpus-04,3310,578,0.000000e+00,578,578,0.000005,0.000005,0.0000e+00
dev-corpus-04,3311,1265,0.000000e+00,1265,1265,0.000026,0.000026,0.0000e+00
dev-corpus-04,3312,236761,0.000000e+00,236761,236761,0.000016,0.000016,0.0000e+00
dev-corpus-04,3313,5088,0.000000e+00,5088,5088,0.000017,0.000017,0.0000e+00
dev-corpus-04,3314,2086,0.000000e+00,2086,2086,0.000196,0.000196,0.0000e+00
dev-corpus-04,3315,108,0.000000e+00,108,108,0.062553,0.062553,0.0000e+00
dev-corpus-04,3316,144,0.000000e+00,144,144,0.017947,0.017947,0.0000e+00
dev-corpus-04,3317,584,0.000000e+00,1508,1508,3.792938,3.792938,0.0000e+00
dev-corpus-04,3318,5980,0.000000e+00,1265,1265,5.925585,5.925585,0.0000e+00
dev-corpus-04,3319,236769,0.000000e+00,236769,236769,0.002387,0.002387,0.0000e+00
dev-corpus-04,3320,2478,0.000000e+00,1508,1508,1.914459,1.914459,0.0000e+00
dev-corpus-04,3321,236768,0.000000e+00,236768,236768,0.024594,0.024594,0.0000e+00
dev-corpus-04,3322,1890,0.000000e+00,1251,1251,1.904980,1.904980,0.0000e+00
dev-corpus-04,3323,3355,0.000000e+00,236743,236743,2.911246,2.911246,0.0000e+00
dev-corpus-04,3324,2086,0.000000e+00,2086,2086,0.000026,0.000026,0.0000e+00
dev-corpus-04,3325,236787,0.000000e+00,236787,236787,0.014361,0.014361,0.0000e+00
dev-corpus-04,3326,107,0.000000e+00,107,107,0.000133,0.000133,0.0000e+00
dev-corpus-04,3327,148,0.000000e+00,148,148,0.010454,0.010454,0.0000e+00
dev-corpus-04,3328,2478,0.000000e+00,236779,236779,4.448510,4.448510,0.0000e+00
dev-corpus-04,3329,578,0.000000e+00,578,578,0.013078,0.013078,0.0000e+00
dev-corpus-04,3330,23219,0.000000e+00,2307,2307,9.861745,9.861745,0.0000e+00
dev-corpus-04,3331,236779,0.000000e+00,236779,236779,0.014273,0.014273,0.0000e+00
dev-corpus-04,3332,8902,0.000000e+00,8902,8902,0.004017,0.004017,0.0000e+00
dev-corpus-04,3333,236769,0.000000e+00,236769,236769,0.059107,0.059107,0.0000e+00
dev-corpus-04,3334,2478,0.000000e+00,2478,2478,0.196122,0.196122,0.0000e+00
dev-corpus-04,3335,769,0.000000e+00,236768,236768,7.346711,7.346711,0.0000e+00
dev-corpus-04,3336,106327,0.000000e+00,106327,106327,0.000030,0.000030,0.0000e+00
dev-corpus-04,3337,825,0.000000e+00,825,825,0.019908,0.019908,0.0000e+00
dev-corpus-04,3338,108,0.000000e+00,107,107,2.727424,2.727424,0.0000e+00
dev-corpus-04,3339,144,0.000000e+00,144,144,0.075825,0.075825,0.0000e+00
dev-corpus-04,3340,236865,0.000000e+00,1508,1508,3.015059,3.015059,0.0000e+00
dev-corpus-04,3341,1265,0.000000e+00,3729,3729,6.543024,6.543024,0.0000e+00
dev-corpus-04,3342,236761,0.000000e+00,4917,4917,1.950497,1.950497,0.0000e+00
dev-corpus-04,3343,5088,0.000000e+00,5088,5088,0.584103,0.584103,0.0000e+00
dev-corpus-04,3344,2086,0.000000e+00,2086,2086,0.419866,0.419866,0.0000e+00
dev-corpus-04,3345,563,0.000000e+00,563,563,0.258685,0.258685,0.0000e+00
dev-corpus-04,3346,506,0.000000e+00,1456,1456,1.847258,1.847258,0.0000e+00
dev-corpus-04,3347,3678,0.000000e+00,3678,3678,0.640321,0.640321,0.0000e+00
dev-corpus-04,3348,3355,0.000000e+00,3355,3355,0.232053,0.232053,0.0000e+00
dev-corpus-04,3349,2086,0.000000e+00,2425,2425,2.601859,2.601859,0.0000e+00
dev-corpus-04,3350,236761,0.000000e+00,1456,1456,4.841065,4.841065,0.0000e+00
dev-corpus-04,3351,1265,0.000000e+00,107,107,9.447645,9.447645,0.0000e+00
dev-corpus-04,3352,236761,0.000000e+00,236761,236761,0.083444,0.083444,0.0000e+00
dev-corpus-04,3353,5088,0.000000e+00,5088,5088,0.004582,0.004582,0.0000e+00
dev-corpus-04,3354,236779,0.000000e+00,2086,2086,6.576421,6.576421,0.0000e+00
dev-corpus-04,3355,2086,0.000000e+00,2086,2086,0.003420,0.003420,0.0000e+00
dev-corpus-04,3356,563,0.000000e+00,563,563,0.049849,0.049849,0.0000e+00
dev-corpus-04,3357,107,0.000000e+00,506,506,5.236330,5.236330,0.0000e+00
dev-corpus-04,3358,144,0.000000e+00,144,144,0.001307,0.001307,0.0000e+00
dev-corpus-04,3359,236865,0.000000e+00,236865,236865,0.048054,0.048054,0.0000e+00
dev-corpus-04,3360,5225,0.000000e+00,506,506,12.861018,12.861018,0.0000e+00
dev-corpus-04,3361,3355,0.000000e+00,3355,3355,0.176547,0.176547,0.0000e+00
dev-corpus-04,3362,2425,0.000000e+00,2086,2086,2.362180,2.362180,0.0000e+00
dev-corpus-04,3363,618,0.000000e+00,236761,236761,8.335291,8.335291,0.0000e+00
dev-corpus-04,3364,1388,0.000000e+00,6185,6185,7.750008,7.750008,0.0000e+00
dev-corpus-04,3365,618,0.000000e+00,236761,236761,3.258973,3.258973,0.0000e+00
dev-corpus-04,3366,506,0.000000e+00,506,506,0.660181,0.660181,0.0000e+00
dev-corpus-04,3367,1237,0.000000e+00,886,886,8.209407,8.209407,0.0000e+00
dev-corpus-04,3368,9299,0.000000e+00,9299,9299,1.299546,1.299546,0.0000e+00
dev-corpus-04,3369,9176,0.000000e+00,236761,236761,2.065924,2.065924,0.0000e+00
dev-corpus-04,3370,236761,0.000000e+00,236761,236761,0.058468,0.058468,0.0000e+00
dev-corpus-04,3371,107,0.000000e+00,107,107,0.040537,0.040537,0.0000e+00
dev-corpus-04,3372,144,0.000000e+00,144,144,0.000565,0.000565,0.0000e+00
dev-corpus-04,3373,1508,0.000000e+00,1508,1508,0.407295,0.407295,0.0000e+00
dev-corpus-04,3374,236761,0.000000e+00,236761,236761,0.024699,0.024699,0.0000e+00
dev-corpus-04,3375,5088,0.000000e+00,5088,5088,0.001669,0.001669,0.0000e+00
dev-corpus-04,3376,236779,0.000000e+00,2086,2086,3.998706,3.998706,0.0000e+00
dev-corpus-04,3377,2086,0.000000e+00,2086,2086,0.000183,0.000183,0.0000e+00
dev-corpus-04,3378,578,0.000000e+00,578,578,0.001498,0.001498,0.0000e+00
dev-corpus-04,3379,3355,0.000000e+00,3355,3355,0.023464,0.023464,0.0000e+00
dev-corpus-04,3380,2086,0.000000e+00,2086,2086,0.000020,0.000020,0.0000e+00
dev-corpus-04,3381,108,0.000000e+00,108,108,0.293751,0.293751,0.0000e+00
dev-corpus-04,3382,144,0.000000e+00,144,144,0.188937,0.188937,0.0000e+00
dev-corpus-04,3383,2478,0.000000e+00,1508,1508,10.586172,10.586172,0.0000e+00
dev-corpus-04,3384,578,0.000000e+00,236779,236779,1.962946,1.962946,0.0000e+00
dev-corpus-04,3385,2307,0.000000e+00,23219,23219,1.806283,1.806283,0.0000e+00
dev-corpus-04,3386,236761,0.000000e+00,236761,236761,0.353214,0.353214,0.0000e+00
dev-corpus-04,3387,236752,0.000000e+00,18016,18016,1.331674,1.331674,0.0000e+00
dev-corpus-04,3388,4017,0.000000e+00,4017,4017,0.002541,0.002541,0.0000e+00
dev-corpus-04,3389,236769,0.000000e+00,236769,236769,0.000340,0.000340,0.0000e+00
dev-corpus-04,3390,5088,0.000000e+00,5088,5088,0.237485,0.237485,0.0000e+00
dev-corpus-04,3391,2086,0.000000e+00,2086,2086,0.004865,0.004865,0.0000e+00
dev-corpus-04,3392,236764,0.000000e+00,236764,236764,0.013764,0.013764,0.0000e+00
dev-corpus-04,3393,518,0.000000e+00,518,518,0.000161,0.000161,0.0000e+00
dev-corpus-04,3394,39957,0.000000e+00,39957,39957,0.000187,0.000187,0.0000e+00
dev-corpus-04,3395,236771,0.000000e+00,236771,236771,0.274326,0.274326,0.0000e+00
dev-corpus-04,3396,1606,0.000000e+00,1606,1606,0.002202,0.002202,0.0000e+00
dev-corpus-04,3397,107,0.000000e+00,108,108,1.079096,1.079096,0.0000e+00
dev-corpus-04,3398,144,0.000000e+00,144,144,0.102562,0.102562,0.0000e+00
dev-corpus-04,3399,1508,0.000000e+00,1508,1508,0.099661,0.099661,0.0000e+00
dev-corpus-04,3400,4917,0.000000e+00,4917,4917,0.015145,0.015145,0.0000e+00
dev-corpus-04,3401,6499,0.000000e+00,2478,2478,1.614004,1.614004,0.0000e+00
dev-corpus-04,3402,236761,0.000000e+00,236761,236761,0.010003,0.010003,0.0000e+00
dev-corpus-04,3403,6010,0.000000e+00,6010,6010,0.041461,0.041461,0.0000e+00
dev-corpus-04,3404,236769,0.000000e+00,236769,236769,0.000067,0.000067,0.0000e+00
dev-corpus-04,3405,2478,0.000000e+00,2478,2478,0.003621,0.003621,0.0000e+00
dev-corpus-04,3406,236761,0.000000e+00,236768,236768,7.194548,7.194548,0.0000e+00
dev-corpus-04,3407,20905,0.000000e+00,236752,236752,16.175239,16.175239,0.0000e+00
dev-corpus-04,3408,236769,0.000000e+00,236769,236769,0.000673,0.000673,0.0000e+00
dev-corpus-04,3409,3849,0.000000e+00,9336,9336,12.607949,12.607949,0.0000e+00
dev-corpus-04,3410,236779,0.000000e+00,236784,236784,2.635671,2.635671,0.0000e+00
dev-corpus-04,3411,236810,0.000000e+00,5127,5127,13.531418,13.531418,0.0000e+00
dev-corpus-04,3412,236780,0.000000e+00,1223,1223,14.677622,14.677622,0.0000e+00
dev-corpus-04,3413,1223,0.000000e+00,1223,1223,0.456674,0.456674,0.0000e+00
dev-corpus-04,3414,107,0.000000e+00,107,107,0.090838,0.090838,0.0000e+00
dev-corpus-04,3415,144,0.000000e+00,144,144,0.000942,0.000942,0.0000e+00
dev-corpus-04,3416,1508,0.000000e+00,1508,1508,0.006104,0.006104,0.0000e+00
dev-corpus-04,3417,4917,0.000000e+00,4917,4917,0.000968,0.000968,0.0000e+00
dev-corpus-04,3418,3859,0.000000e+00,3859,3859,0.047170,0.047170,0.0000e+00
dev-corpus-04,3419,236761,0.000000e+00,236761,236761,0.000069,0.000069,0.0000e+00
dev-corpus-04,3420,6010,0.000000e+00,6010,6010,0.000288,0.000288,0.0000e+00
dev-corpus-04,3421,236769,0.000000e+00,236769,236769,0.000059,0.000059,0.0000e+00
dev-corpus-04,3422,2478,0.000000e+00,2478,2478,0.011135,0.011135,0.0000e+00
dev-corpus-04,3423,236761,0.000000e+00,236761,236761,0.001134,0.001134,0.0000e+00
dev-corpus-04,3424,20905,0.000000e+00,20905,20905,0.001024,0.001024,0.0000e+00
dev-corpus-04,3425,236769,0.000000e+00,236769,236769,0.000000,0.000000,0.0000e+00
dev-corpus-04,3426,3849,0.000000e+00,3849,3849,0.000001,0.000001,0.0000e+00
dev-corpus-04,3427,236779,0.000000e+00,236779,236779,0.000002,0.000002,0.0000e+00
dev-corpus-04,3428,236800,0.000000e+00,236810,236810,13.786571,13.786571,0.0000e+00
dev-corpus-04,3429,236825,0.000000e+00,236780,236780,5.961352,5.961352,0.0000e+00
dev-corpus-04,3430,1223,0.000000e+00,1223,1223,0.001294,0.001294,0.0000e+00
dev-corpus-04,3431,107,0.000000e+00,108,108,1.821714,1.821714,0.0000e+00
dev-corpus-04,3432,144,0.000000e+00,2717,2717,1.082588,1.082588,0.0000e+00
dev-corpus-04,3433,584,0.000000e+00,1508,1508,7.125294,7.125294,0.0000e+00
dev-corpus-04,3434,11683,0.000000e+00,1265,1265,13.817316,13.817316,0.0000e+00
dev-corpus-04,3435,563,0.000000e+00,563,563,0.370991,0.370991,0.0000e+00
dev-corpus-04,3436,711,0.000000e+00,711,711,0.039144,0.039144,0.0000e+00
dev-corpus-04,3437,5450,0.000000e+00,5450,5450,0.000199,0.000199,0.0000e+00
dev-corpus-04,3438,236787,0.000000e+00,236787,236787,0.002542,0.002542,0.0000e+00
dev-corpus-04,3439,107,0.000000e+00,107,107,0.000127,0.000127,0.0000e+00
dev-corpus-04,3440,148,0.000000e+00,148,148,0.000632,0.000632,0.0000e+00
dev-corpus-04,3441,1508,0.000000e+00,1508,1508,0.018202,0.018202,0.0000e+00
dev-corpus-04,3442,236761,0.000000e+00,4917,4917,4.351161,4.351161,0.0000e+00
dev-corpus-04,3443,6010,0.000000e+00,8466,8466,4.173725,4.173725,0.0000e+00
dev-corpus-04,3444,236769,0.000000e+00,236769,236769,0.001110,0.001110,0.0000e+00
dev-corpus-04,3445,8466,0.000000e+00,8466,8466,0.000584,0.000584,0.0000e+00
dev-corpus-04,3446,236768,0.000000e+00,236768,236768,0.011905,0.011905,0.0000e+00
dev-corpus-04,3447,108,0.000000e+00,108,108,0.548893,0.548893,0.0000e+00
dev-corpus-04,3448,140,0.000000e+00,140,140,0.438129,0.438129,0.0000e+00
dev-corpus-04,3449,236940,0.000000e+00,236865,236865,5.669895,5.669895,0.0000e+00
dev-corpus-04,3450,12363,0.000000e+00,12363,12363,0.080043,0.080043,0.0000e+00
dev-corpus-04,3451,107,0.000000e+00,107,107,0.000050,0.000050,0.0000e+00
dev-corpus-04,3452,140,0.000000e+00,140,140,0.000760,0.000760,0.0000e+00
dev-corpus-04,3453,2063,0.000000e+00,2063,2063,0.001292,0.001292,0.0000e+00
dev-corpus-04,3454,1463,0.000000e+00,23219,23219,7.144549,7.144549,0.0000e+00
dev-corpus-04,3455,236769,0.000000e+00,236769,236769,0.000204,0.000204,0.0000e+00
dev-corpus-04,3456,1508,0.000000e+00,1508,1508,0.000019,0.000019,0.0000e+00
dev-corpus-04,3457,1473,0.000000e+00,1473,1473,0.000788,0.000788,0.0000e+00
dev-corpus-04,3458,107,0.000000e+00,107,107,0.000304,0.000304,0.0000e+00
dev-corpus-04,3459,144,0.000000e+00,144,144,0.000161,0.000161,0.0000e+00
dev-corpus-04,3460,584,0.000000e+00,2060,2060,5.554745,5.554745,0.0000e+00
dev-corpus-04,3461,1265,0.000000e+00,1265,1265,0.114439,0.114439,0.0000e+00
dev-corpus-04,3462,4917,0.000000e+00,4917,4917,0.013085,0.013085,0.0000e+00
dev-corpus-04,3463,8951,0.000000e+00,8951,8951,0.944443,0.944443,0.0000e+00
dev-corpus-04,3464,552,0.000000e+00,552,552,0.000001,0.000001,0.0000e+00
dev-corpus-04,3465,236787,0.000000e+00,236787,236787,0.063456,0.063456,0.0000e+00
dev-corpus-04,3466,107,0.000000e+00,107,107,0.001401,0.001401,0.0000e+00
dev-corpus-04,3467,148,0.000000e+00,148,148,0.000164,0.000164,0.0000e+00
dev-corpus-04,3468,2060,0.000000e+00,2060,2060,0.002068,0.002068,0.0000e+00
dev-corpus-04,3469,1265,0.000000e+00,517,517,3.006765,3.006765,0.0000e+00
dev-corpus-04,3470,4917,0.000000e+00,4917,4917,0.013330,0.013330,0.0000e+00
dev-corpus-04,3471,8951,0.000000e+00,8951,8951,0.023095,0.023095,0.0000e+00
dev-corpus-04,3472,552,0.000000e+00,552,552,0.000026,0.000026,0.0000e+00
dev-corpus-04,3473,236761,0.000000e+00,107,107,4.674046,4.674046,0.0000e+00
dev-corpus-04,3474,1201,0.000000e+00,1201,1201,0.002972,0.002972,0.0000e+00
dev-corpus-04,3475,107,0.000000e+00,107,107,0.008633,0.008633,0.0000e+00
dev-corpus-04,3476,144,0.000000e+00,144,144,0.000087,0.000087,0.0000e+00
dev-corpus-04,3477,4454,0.000000e+00,2060,2060,6.378107,6.378107,0.0000e+00
dev-corpus-04,3478,236787,0.000000e+00,236787,236787,0.000001,0.000001,0.0000e+00
dev-corpus-04,3479,107,0.000000e+00,107,107,0.000492,0.000492,0.0000e+00
dev-corpus-04,3480,148,0.000000e+00,144,144,7.077591,7.077591,0.0000e+00
dev-corpus-04,3481,2060,0.000000e+00,2060,2060,0.098615,0.098615,0.0000e+00
dev-corpus-04,3482,517,0.000000e+00,1265,1265,2.928319,2.928319,0.0000e+00
dev-corpus-04,3483,236775,0.000000e+00,27658,27658,1.148623,1.148623,0.0000e+00
dev-corpus-04,3484,8951,0.000000e+00,42025,42025,3.867121,3.867121,0.0000e+00
dev-corpus-04,3485,552,0.000000e+00,552,552,0.000055,0.000055,0.0000e+00
dev-corpus-04,3486,82988,0.000000e+00,82988,82988,0.282589,0.282589,0.0000e+00
dev-corpus-04,3487,1508,0.000000e+00,1508,1508,0.008105,0.008105,0.0000e+00
dev-corpus-04,3488,4917,0.000000e+00,236761,236761,1.199757,1.199757,0.0000e+00
dev-corpus-04,3489,3859,0.000000e+00,106327,106327,1.869366,1.869366,0.0000e+00
dev-corpus-04,3490,236761,0.000000e+00,236761,236761,0.004316,0.004316,0.0000e+00
dev-corpus-04,3491,1201,0.000000e+00,1201,1201,0.012061,0.012061,0.0000e+00
dev-corpus-04,3492,10623,0.000000e+00,10623,10623,0.015373,0.015373,0.0000e+00
dev-corpus-04,3493,108,0.000000e+00,108,108,0.098989,0.098989,0.0000e+00
dev-corpus-04,3494,140,0.000000e+00,140,140,0.035233,0.035233,0.0000e+00
dev-corpus-04,3495,2063,0.000000e+00,236940,236940,1.770726,1.770726,0.0000e+00
dev-corpus-04,3496,4610,0.000000e+00,668,668,3.416268,3.416268,0.0000e+00
dev-corpus-04,3497,236769,0.000000e+00,236769,236769,0.000271,0.000271,0.0000e+00
dev-corpus-04,3498,1508,0.000000e+00,1508,1508,0.000003,0.000003,0.0000e+00
dev-corpus-04,3499,236764,0.000000e+00,236764,236764,0.000003,0.000003,0.0000e+00
dev-corpus-04,3500,11683,0.000000e+00,11683,11683,0.232935,0.232935,0.0000e+00
dev-corpus-04,3501,1473,0.000000e+00,1473,1473,0.005228,0.005228,0.0000e+00
dev-corpus-04,3502,107,0.000000e+00,107,107,0.000113,0.000113,0.0000e+00
dev-corpus-04,3503,144,0.000000e+00,144,144,0.000290,0.000290,0.0000e+00
dev-corpus-04,3504,12234,0.000000e+00,584,584,5.544437,5.544437,0.0000e+00
dev-corpus-04,3505,28923,0.000000e+00,107,107,6.056120,6.056120,0.0000e+00
dev-corpus-04,3506,1262,0.000000e+00,1262,1262,0.148130,0.148130,0.0000e+00
dev-corpus-04,3507,699,0.000000e+00,1131,1131,13.593742,13.593742,0.0000e+00
dev-corpus-04,3508,11683,0.000000e+00,11683,11683,0.210992,0.210992,0.0000e+00
dev-corpus-04,3509,1131,0.000000e+00,1131,1131,0.192377,0.192377,0.0000e+00
dev-corpus-04,3510,672,0.000000e+00,506,506,3.934211,3.934211,0.0000e+00
dev-corpus-04,3511,214135,0.000000e+00,208596,208596,5.641056,5.641056,0.0000e+00
dev-corpus-04,3512,2495,0.000000e+00,2495,2495,0.042708,0.042708,0.0000e+00
dev-corpus-04,3513,29738,0.000000e+00,29738,29738,0.048902,0.048902,0.0000e+00
dev-corpus-04,3514,107,0.000000e+00,107,107,0.000210,0.000210,0.0000e+00
dev-corpus-04,3515,144,0.000000e+00,144,144,0.000122,0.000122,0.0000e+00
dev-corpus-04,3516,4393,0.000000e+00,584,584,19.603212,19.603212,0.0000e+00
dev-corpus-04,3517,578,0.000000e+00,578,578,0.494590,0.494590,0.0000e+00
dev-corpus-04,3518,1265,0.000000e+00,1265,1265,0.015487,0.015487,0.0000e+00
dev-corpus-04,3519,4917,0.000000e+00,4917,4917,0.092053,0.092053,0.0000e+00
dev-corpus-04,3520,8951,0.000000e+00,6499,6499,3.660197,3.660197,0.0000e+00
dev-corpus-04,3521,552,0.000000e+00,552,552,0.000007,0.000007,0.0000e+00
dev-corpus-04,3522,653,0.000000e+00,107,107,6.233514,6.233514,0.0000e+00
dev-corpus-04,3523,1265,0.000000e+00,1265,1265,0.008611,0.008611,0.0000e+00
dev-corpus-04,3524,4917,0.000000e+00,107,107,1.455586,1.455586,0.0000e+00
dev-corpus-04,3525,3859,0.000000e+00,3859,3859,0.443264,0.443264,0.0000e+00
dev-corpus-04,3526,107,0.000000e+00,107,107,0.022763,0.022763,0.0000e+00
dev-corpus-04,3527,144,0.000000e+00,144,144,0.000011,0.000011,0.0000e+00
dev-corpus-04,3528,4393,0.000000e+00,4393,4393,0.077817,0.077817,0.0000e+00
dev-corpus-04,3529,236761,0.000000e+00,236761,236761,0.000005,0.000005,0.0000e+00
dev-corpus-04,3530,6010,0.000000e+00,6010,6010,0.000000,0.000000,0.0000e+00
dev-corpus-04,3531,236769,0.000000e+00,236769,236769,0.000006,0.000006,0.0000e+00
dev-corpus-04,3532,8466,0.000000e+00,8466,8466,0.000240,0.000240,0.0000e+00
dev-corpus-04,3533,236768,0.000000e+00,236768,236768,0.000575,0.000575,0.0000e+00
dev-corpus-04,3534,108,0.000000e+00,108,108,0.036014,0.036014,0.0000e+00
dev-corpus-04,3535,140,0.000000e+00,140,140,0.049259,0.049259,0.0000e+00
dev-corpus-04,3536,2063,0.000000e+00,2063,2063,0.115232,0.115232,0.0000e+00
dev-corpus-04,3537,4865,0.000000e+00,23219,23219,5.537499,5.537499,0.0000e+00
dev-corpus-04,3538,236769,0.000000e+00,236769,236769,0.003302,0.003302,0.0000e+00
dev-corpus-04,3539,1508,0.000000e+00,1508,1508,0.000004,0.000004,0.0000e+00
dev-corpus-04,3540,1473,0.000000e+00,1473,1473,0.008434,0.008434,0.0000e+00
dev-corpus-04,3541,107,0.000000e+00,107,107,0.000018,0.000018,0.0000e+00
dev-corpus-04,3542,144,0.000000e+00,144,144,0.000097,0.000097,0.0000e+00
dev-corpus-04,3543,12234,0.000000e+00,12234,12234,0.022170,0.022170,0.0000e+00
dev-corpus-04,3544,13293,0.000000e+00,13293,13293,0.278059,0.278059,0.0000e+00
dev-corpus-04,3545,496,0.000000e+00,496,496,0.025264,0.025264,0.0000e+00
dev-corpus-04,3546,7732,0.000000e+00,4865,4865,12.026344,12.026344,0.0000e+00
dev-corpus-04,3547,4865,0.000000e+00,4865,4865,0.128377,0.128377,0.0000e+00
dev-corpus-04,3548,529,0.000000e+00,529,529,0.002015,0.002015,0.0000e+00
dev-corpus-04,3549,672,0.000000e+00,672,672,0.046364,0.046364,0.0000e+00
dev-corpus-04,3550,214135,0.000000e+00,2495,2495,1.320851,1.320851,0.0000e+00
dev-corpus-04,3551,2495,0.000000e+00,2495,2495,0.000493,0.000493,0.0000e+00
dev-corpus-04,3552,236761,0.000000e+00,29738,29738,6.725976,6.725976,0.0000e+00
dev-corpus-04,3553,108,0.000000e+00,107,107,4.930540,4.930540,0.0000e+00
dev-corpus-04,3554,144,0.000000e+00,144,144,0.000213,0.000213,0.0000e+00
dev-corpus-04,3555,2267,0.000000e+00,2094,2094,8.171598,8.171598,0.0000e+00
dev-corpus-04,3556,4610,0.000000e+00,208596,208596,8.100232,8.100232,0.0000e+00
dev-corpus-04,3557,531,0.000000e+00,531,531,0.439215,0.439215,0.0000e+00
dev-corpus-04,3558,672,0.000000e+00,506,506,4.151435,4.151435,0.0000e+00
dev-corpus-04,3559,4865,0.000000e+00,4865,4865,0.351663,0.351663,0.0000e+00
dev-corpus-04,3560,2810,0.000000e+00,795,795,4.956710,4.956710,0.0000e+00
dev-corpus-04,3561,236789,0.000000e+00,236789,236789,0.000609,0.000609,0.0000e+00
dev-corpus-04,3562,236745,0.000000e+00,236745,236745,0.000001,0.000001,0.0000e+00
dev-corpus-04,3563,4208,0.000000e+00,4208,4208,0.001486,0.001486,0.0000e+00
dev-corpus-04,3564,506,0.000000e+00,506,506,0.411210,0.411210,0.0000e+00
dev-corpus-04,3565,3303,0.000000e+00,3303,3303,0.009193,0.009193,0.0000e+00
dev-corpus-04,3566,2495,0.000000e+00,236761,236761,1.211075,1.211075,0.0000e+00
dev-corpus-04,3567,236761,0.000000e+00,236761,236761,0.447636,0.447636,0.0000e+00
dev-corpus-04,3568,107,0.000000e+00,107,107,0.018365,0.018365,0.0000e+00
dev-corpus-04,3569,144,0.000000e+00,144,144,0.000053,0.000053,0.0000e+00
dev-corpus-04,3570,12234,0.000000e+00,12234,12234,0.000568,0.000568,0.0000e+00
dev-corpus-04,3571,107,0.000000e+00,107,107,0.000009,0.000009,0.0000e+00
dev-corpus-04,3572,144,0.000000e+00,144,144,0.000043,0.000043,0.0000e+00
dev-corpus-04,3573,236865,0.000000e+00,2060,2060,2.021713,2.021713,0.0000e+00
dev-corpus-04,3574,9861,0.000000e+00,1174,1174,8.732320,8.732320,0.0000e+00
dev-corpus-04,3575,5062,0.000000e+00,506,506,3.545771,3.545771,0.0000e+00
dev-corpus-04,3576,1951,0.000000e+00,2949,2949,2.093329,2.093329,0.0000e+00
dev-corpus-04,3577,1269,0.000000e+00,1269,1269,0.000277,0.000277,0.0000e+00
dev-corpus-04,3578,5467,0.000000e+00,531,531,4.734661,4.734661,0.0000e+00
dev-corpus-04,3579,531,0.000000e+00,531,531,0.068374,0.068374,0.0000e+00
dev-corpus-04,3580,5571,0.000000e+00,37608,37608,1.569037,1.569037,0.0000e+00
dev-corpus-04,3581,506,0.000000e+00,11687,11687,4.578276,4.578276,0.0000e+00
dev-corpus-04,3582,11162,0.000000e+00,5062,5062,9.277824,9.277824,0.0000e+00
dev-corpus-04,3583,5062,0.000000e+00,10884,10884,2.560064,2.560064,0.0000e+00
dev-corpus-05,3584,107,0.000000e+00,236858,236858,12.387186,12.387186,0.0000e+00
dev-corpus-05,3585,98,0.000000e+00,9731,9731,16.501911,16.501911,0.0000e+00
dev-corpus-05,3586,107,0.000000e+00,100,100,10.178097,10.178097,0.0000e+00
dev-corpus-05,3587,106,0.000000e+00,140,140,10.282404,10.282404,0.0000e+00
dev-corpus-05,3588,107,0.000000e+00,542,542,8.668600,8.668600,0.0000e+00
dev-corpus-05,3589,105,0.000000e+00,140,140,20.190823,20.190823,0.0000e+00
dev-corpus-05,3590,2364,0.000000e+00,198,198,31.065348,31.065348,0.0000e+00
dev-corpus-05,3591,107,0.000000e+00,42168,42168,12.751838,12.751838,0.0000e+00
dev-corpus-05,3592,82858,0.000000e+00,100,100,20.288373,20.288373,0.0000e+00
dev-corpus-05,3593,496,0.000000e+00,506,506,3.196098,3.196098,0.0000e+00
dev-corpus-05,3594,54817,0.000000e+00,8317,8317,13.600622,13.600622,0.0000e+00
dev-corpus-05,3595,8317,0.000000e+00,5371,5371,3.358979,3.358979,0.0000e+00
dev-corpus-05,3596,529,0.000000e+00,528,528,7.829742,7.829742,0.0000e+00
dev-corpus-05,3597,496,0.000000e+00,496,496,0.456433,0.456433,0.0000e+00
dev-corpus-05,3598,199559,0.000000e+00,2872,2872,9.707427,9.707427,0.0000e+00
dev-corpus-05,3599,236764,0.000000e+00,6514,6514,12.772285,12.772285,0.0000e+00
dev-corpus-05,3600,51837,0.000000e+00,6927,6927,2.185444,2.185444,0.0000e+00
dev-corpus-05,3601,236764,0.000000e+00,6514,6514,4.017124,4.017124,0.0000e+00
dev-corpus-05,3602,27045,0.000000e+00,653,653,12.143036,12.143036,0.0000e+00
dev-corpus-05,3603,3316,0.000000e+00,3316,3316,0.042702,0.042702,0.0000e+00
dev-corpus-05,3604,22658,0.000000e+00,22658,22658,1.654989,1.654989,0.0000e+00
dev-corpus-05,3605,529,0.000000e+00,236761,236761,8.454554,8.454554,0.0000e+00
dev-corpus-05,3606,80814,0.000000e+00,1331,1331,10.397210,10.397210,0.0000e+00
dev-corpus-05,3607,532,0.000000e+00,9732,9732,16.306201,16.306201,0.0000e+00
dev-corpus-05,3608,72211,0.000000e+00,72211,72211,0.325827,0.325827,0.0000e+00
dev-corpus-05,3609,7010,0.000000e+00,9732,9732,2.078383,2.078383,0.0000e+00
dev-corpus-05,3610,24048,0.000000e+00,236761,236761,12.802108,12.802108,0.0000e+00
dev-corpus-05,3611,506,0.000000e+00,653,653,2.409977,2.409977,0.0000e+00
dev-corpus-05,3612,36757,0.000000e+00,26334,26334,13.263646,13.263646,0.0000e+00
dev-corpus-05,3613,7492,0.000000e+00,4135,4135,1.877387,1.877387,0.0000e+00
dev-corpus-05,3614,529,0.000000e+00,529,529,0.827204,0.827204,0.0000e+00
dev-corpus-05,3615,23755,0.000000e+00,614,614,7.811165,7.811165,0.0000e+00
dev-corpus-05,3616,12512,0.000000e+00,12498,12498,2.401654,2.401654,0.0000e+00
dev-corpus-05,3617,236761,0.000000e+00,236761,236761,0.228982,0.228982,0.0000e+00
dev-corpus-05,3618,106,0.000000e+00,108,108,6.427175,6.427175,0.0000e+00
dev-corpus-05,3619,107,0.000000e+00,100,100,17.833199,17.833199,0.0000e+00
dev-corpus-05,3620,105,0.000000e+00,100,100,18.505449,18.505449,0.0000e+00
dev-corpus-05,3621,4368,0.000000e+00,7243,7243,26.035097,26.035097,0.0000e+00
dev-corpus-05,3622,107,0.000000e+00,100,100,12.124347,12.124347,0.0000e+00
dev-corpus-05,3623,902,0.000000e+00,100,100,13.155406,13.155406,0.0000e+00
dev-corpus-05,3624,496,0.000000e+00,506,506,4.070425,4.070425,0.0000e+00
dev-corpus-05,3625,217516,0.000000e+00,144735,144735,8.996870,8.996870,0.0000e+00
dev-corpus-05,3626,10035,0.000000e+00,10035,10035,0.042336,0.042336,0.0000e+00
dev-corpus-05,3627,236764,0.000000e+00,144735,144735,1.009824,1.009824,0.0000e+00
dev-corpus-05,3628,51837,0.000000e+00,144735,144735,11.854573,11.854573,0.0000e+00
dev-corpus-05,3629,16971,0.000000e+00,144735,144735,7.945131,7.945131,0.0000e+00
dev-corpus-05,3630,2978,0.000000e+00,18782,18782,10.818043,10.818043,0.0000e+00
dev-corpus-05,3631,607,0.000000e+00,236764,236764,11.101288,11.101288,0.0000e+00
dev-corpus-05,3632,496,0.000000e+00,11595,11595,5.425366,5.425366,0.0000e+00
dev-corpus-05,3633,12625,0.000000e+00,39372,39372,6.874139,6.874139,0.0000e+00
dev-corpus-05,3634,2633,0.000000e+00,6413,6413,15.253527,15.253527,0.0000e+00
dev-corpus-05,3635,528,0.000000e+00,204849,204849,5.695565,5.695565,0.0000e+00
dev-corpus-05,3636,506,0.000000e+00,506,506,0.258270,0.258270,0.0000e+00
dev-corpus-05,3637,3988,0.000000e+00,3988,3988,0.003824,0.003824,0.0000e+00
dev-corpus-05,3638,236764,0.000000e+00,236764,236764,0.026047,0.026047,0.0000e+00
dev-corpus-05,3639,496,0.000000e+00,496,496,0.745271,0.745271,0.0000e+00
dev-corpus-05,3640,2299,0.000000e+00,22658,22658,4.085352,4.085352,0.0000e+00
dev-corpus-05,3641,529,0.000000e+00,529,529,0.002368,0.002368,0.0000e+00
dev-corpus-05,3642,72211,0.000000e+00,9732,9732,3.478250,3.478250,0.0000e+00
dev-corpus-05,3643,7010,0.000000e+00,532,532,3.409280,3.409280,0.0000e+00
dev-corpus-05,3644,9922,0.000000e+00,21508,21508,13.483983,13.483983,0.0000e+00
dev-corpus-05,3645,101618,0.000000e+00,7274,7274,4.278138,4.278138,0.0000e+00
dev-corpus-05,3646,607,0.000000e+00,529,529,7.604070,7.604070,0.0000e+00
dev-corpus-05,3647,506,0.000000e+00,52996,52996,3.058897,3.058897,0.0000e+00
dev-corpus-05,3648,1494,0.000000e+00,143091,143091,5.748769,5.748769,0.0000e+00
dev-corpus-05,3649,14744,0.000000e+00,138361,138361,15.208398,15.208398,0.0000e+00
dev-corpus-05,3650,3295,0.000000e+00,143091,143091,6.915665,6.915665,0.0000e+00
dev-corpus-05,3651,659,0.000000e+00,236789,236789,6.492447,6.492447,0.0000e+00
dev-corpus-05,3652,8101,0.000000e+00,21508,21508,7.867010,7.867010,0.0000e+00
dev-corpus-05,3653,2101,0.000000e+00,236764,236764,1.987415,1.987415,0.0000e+00
dev-corpus-05,3654,496,0.000000e+00,625,625,2.225551,2.225551,0.0000e+00
dev-corpus-05,3655,2455,0.000000e+00,39622,39622,6.123719,6.123719,0.0000e+00
dev-corpus-05,3656,16971,0.000000e+00,236764,236764,6.465485,6.465485,0.0000e+00
dev-corpus-05,3657,2633,0.000000e+00,93617,93617,3.019622,3.019622,0.0000e+00
dev-corpus-05,3658,580,0.000000e+00,236761,236761,9.198320,9.198320,0.0000e+00
dev-corpus-05,3659,614,0.000000e+00,837,837,4.564445,4.564445,0.0000e+00
dev-corpus-05,3660,23464,0.000000e+00,226956,226956,1.519166,1.519166,0.0000e+00
dev-corpus-05,3661,5058,0.000000e+00,5058,5058,0.513554,0.513554,0.0000e+00
dev-corpus-05,3662,177689,0.000000e+00,236761,236761,14.769432,14.769432,0.0000e+00
dev-corpus-05,3663,236761,0.000000e+00,607,607,3.638278,3.638278,0.0000e+00
dev-corpus-05,3664,669,0.000000e+00,669,669,0.114589,0.114589,0.0000e+00
dev-corpus-05,3665,3295,0.000000e+00,2634,2634,6.814728,6.814728,0.0000e+00
dev-corpus-05,3666,659,0.000000e+00,659,659,0.801988,0.801988,0.0000e+00
dev-corpus-05,3667,9922,0.000000e+00,784,784,3.303485,3.303485,0.0000e+00
dev-corpus-05,3668,80814,0.000000e+00,3572,3572,5.850256,5.850256,0.0000e+00
dev-corpus-05,3669,40898,0.000000e+00,40898,40898,1.313319,1.313319,0.0000e+00
dev-corpus-05,3670,5896,0.000000e+00,5896,5896,0.000075,0.000075,0.0000e+00
dev-corpus-05,3671,532,0.000000e+00,600,600,1.448302,1.448302,0.0000e+00
dev-corpus-05,3672,3572,0.000000e+00,52996,52996,1.947264,1.947264,0.0000e+00
dev-corpus-05,3673,23966,0.000000e+00,52996,52996,1.294173,1.294173,0.0000e+00
dev-corpus-05,3674,236764,0.000000e+00,236764,236764,1.139634,1.139634,0.0000e+00
dev-corpus-05,3675,1288,0.000000e+00,26175,26175,10.355558,10.355558,0.0000e+00
dev-corpus-05,3676,618,0.000000e+00,618,618,0.001256,0.001256,0.0000e+00
dev-corpus-05,3677,29222,0.000000e+00,49257,49257,3.804612,3.804612,0.0000e+00
dev-corpus-05,3678,23966,0.000000e+00,23966,23966,0.389631,0.389631,0.0000e+00
dev-corpus-05,3679,236764,0.000000e+00,532,532,1.004354,1.004354,0.0000e+00
dev-corpus-05,3680,85043,0.000000e+00,16085,16085,17.685507,17.685507,0.0000e+00
dev-corpus-05,3681,2253,0.000000e+00,2253,2253,0.049741,0.049741,0.0000e+00
dev-corpus-05,3682,23966,0.000000e+00,23966,23966,0.043967,0.043967,0.0000e+00
dev-corpus-05,3683,236764,0.000000e+00,236764,236764,0.017730,0.017730,0.0000e+00
dev-corpus-05,3684,532,0.000000e+00,532,532,0.032484,0.032484,0.0000e+00
dev-corpus-05,3685,5398,0.000000e+00,16085,16085,14.195885,14.195885,0.0000e+00
dev-corpus-05,3686,23966,0.000000e+00,23966,23966,0.038767,0.038767,0.0000e+00
dev-corpus-05,3687,236761,0.000000e+00,236764,236764,1.279090,1.279090,0.0000e+00
dev-corpus-05,3688,669,0.000000e+00,669,669,0.254463,0.254463,0.0000e+00
dev-corpus-05,3689,11661,0.000000e+00,2634,2634,1.256608,1.256608,0.0000e+00
dev-corpus-05,3690,563,0.000000e+00,563,563,0.016683,0.016683,0.0000e+00
dev-corpus-05,3691,34640,0.000000e+00,7497,7497,30.251200,30.251200,0.0000e+00
dev-corpus-05,3692,532,0.000000e+00,532,532,0.309344,0.309344,0.0000e+00
dev-corpus-05,3693,54817,0.000000e+00,7274,7274,4.227099,4.227099,0.0000e+00
dev-corpus-05,3694,618,0.000000e+00,236764,236764,7.221151,7.221151,0.0000e+00
dev-corpus-05,3695,506,0.000000e+00,901,901,1.986067,1.986067,0.0000e+00
dev-corpus-05,3696,14744,0.000000e+00,8699,8699,5.472322,5.472322,0.0000e+00
dev-corpus-05,3697,3295,0.000000e+00,3295,3295,0.699852,0.699852,0.0000e+00
dev-corpus-05,3698,2080,0.000000e+00,3249,3249,9.696785,9.696785,0.0000e+00
dev-corpus-05,3699,506,0.000000e+00,496,496,1.137692,1.137692,0.0000e+00
dev-corpus-05,3700,8699,0.000000e+00,8699,8699,0.042501,0.042501,0.0000e+00
dev-corpus-05,3701,236761,0.000000e+00,236761,236761,0.983760,0.983760,0.0000e+00
dev-corpus-05,3702,2640,0.000000e+00,108,108,9.689537,9.689537,0.0000e+00
dev-corpus-05,3703,506,0.000000e+00,506,506,0.033040,0.033040,0.0000e+00
dev-corpus-05,3704,2228,0.000000e+00,2228,2228,0.722633,0.722633,0.0000e+00
dev-corpus-05,3705,529,0.000000e+00,529,529,0.002314,0.002314,0.0000e+00
dev-corpus-05,3706,506,0.000000e+00,506,506,0.000754,0.000754,0.0000e+00
dev-corpus-05,3707,2633,0.000000e+00,2633,2633,0.392304,0.392304,0.0000e+00
dev-corpus-05,3708,236764,0.000000e+00,236764,236764,0.077022,0.077022,0.0000e+00
dev-corpus-05,3709,496,0.000000e+00,496,496,0.359602,0.359602,0.0000e+00
dev-corpus-05,3710,3875,0.000000e+00,5811,5811,4.935822,4.935822,0.0000e+00
dev-corpus-05,3711,7489,0.000000e+00,528,528,6.599775,6.599775,0.0000e+00
dev-corpus-05,3712,2797,0.000000e+00,2876,2876,14.928524,14.928524,0.0000e+00
dev-corpus-05,3713,236748,0.000000e+00,713,713,13.093935,13.093935,0.0000e+00
dev-corpus-05,3714,563,0.000000e+00,236764,236764,7.869532,7.869532,0.0000e+00
dev-corpus-05,3715,8101,0.000000e+00,199,199,4.426033,4.426033,0.0000e+00
dev-corpus-05,3716,532,0.000000e+00,236764,236764,6.194073,6.194073,0.0000e+00
dev-corpus-05,3717,25963,0.000000e+00,12259,12259,1.816201,1.816201,0.0000e+00
dev-corpus-05,3718,506,0.000000e+00,506,506,0.002642,0.002642,0.0000e+00
dev-corpus-05,3719,2299,0.000000e+00,2299,2299,1.338587,1.338587,0.0000e+00
dev-corpus-05,3720,236764,0.000000e+00,236761,236761,1.283747,1.283747,0.0000e+00
dev-corpus-05,3721,1651,0.000000e+00,1116,1116,7.086644,7.086644,0.0000e+00
dev-corpus-05,3722,3131,0.000000e+00,3496,3496,1.753213,1.753213,0.0000e+00
dev-corpus-05,3723,8937,0.000000e+00,3496,3496,5.705326,5.705326,0.0000e+00
dev-corpus-05,3724,532,0.000000e+00,3295,3295,4.521239,4.521239,0.0000e+00
dev-corpus-05,3725,8256,0.000000e+00,8256,8256,0.000563,0.000563,0.0000e+00
dev-corpus-05,3726,72211,0.000000e+00,3295,3295,2.509520,2.509520,0.0000e+00
dev-corpus-05,3727,60953,0.000000e+00,9732,9732,4.147424,4.147424,0.0000e+00
dev-corpus-05,3728,10763,0.000000e+00,16354,16354,3.613350,3.613350,0.0000e+00
dev-corpus-05,3729,179911,0.000000e+00,179911,179911,0.311334,0.311334,0.0000e+00
dev-corpus-05,3730,236761,0.000000e+00,236761,236761,0.341303,0.341303,0.0000e+00
dev-corpus-05,3731,108,0.000000e+00,108,108,0.594650,0.594650,0.0000e+00
dev-corpus-05,3732,902,0.000000e+00,818,818,9.227138,9.227138,0.0000e+00
dev-corpus-05,3733,506,0.000000e+00,506,506,0.062306,0.062306,0.0000e+00
dev-corpus-05,3734,1695,0.000000e+00,3988,3988,3.545521,3.545521,0.0000e+00
dev-corpus-05,3735,236764,0.000000e+00,236764,236764,0.005025,0.005025,0.0000e+00
dev-corpus-05,3736,11252,0.000000e+00,93617,93617,11.294713,11.294713,0.0000e+00
dev-corpus-05,3737,529,0.000000e+00,529,529,0.001220,0.001220,0.0000e+00
dev-corpus-05,3738,1032,0.000000e+00,39622,39622,8.644619,8.644619,0.0000e+00
dev-corpus-05,3739,72211,0.000000e+00,80814,80814,1.416197,1.416197,0.0000e+00
dev-corpus-05,3740,7010,0.000000e+00,9732,9732,0.872516,0.872516,0.0000e+00
dev-corpus-05,3741,5727,0.000000e+00,659,659,8.237375,8.237375,0.0000e+00
dev-corpus-05,3742,506,0.000000e+00,506,506,0.008081,0.008081,0.0000e+00
dev-corpus-05,3743,104569,0.000000e+00,144735,144735,7.783079,7.783079,0.0000e+00
dev-corpus-05,3744,236764,0.000000e+00,236764,236764,0.209323,0.209323,0.0000e+00
dev-corpus-05,3745,8009,0.000000e+00,910,910,7.691247,7.691247,0.0000e+00
dev-corpus-05,3746,531,0.000000e+00,531,531,0.268529,0.268529,0.0000e+00
dev-corpus-05,3747,506,0.000000e+00,506,506,0.001467,0.001467,0.0000e+00
dev-corpus-05,3748,32585,0.000000e+00,5113,5113,8.495837,8.495837,0.0000e+00
dev-corpus-05,3749,11661,0.000000e+00,532,532,3.435030,3.435030,0.0000e+00
dev-corpus-05,3750,529,0.000000e+00,236761,236761,2.071527,2.071527,0.0000e+00
dev-corpus-05,3751,506,0.000000e+00,506,506,0.086191,0.086191,0.0000e+00
dev-corpus-05,3752,22658,0.000000e+00,22658,22658,0.271681,0.271681,0.0000e+00
dev-corpus-05,3753,236761,0.000000e+00,236761,236761,0.022311,0.022311,0.0000e+00
dev-corpus-05,3754,2797,0.000000e+00,669,669,6.484772,6.484772,0.0000e+00
dev-corpus-05,3755,236748,0.000000e+00,236748,236748,0.000023,0.000023,0.0000e+00
dev-corpus-05,3756,563,0.000000e+00,26266,26266,5.456058,5.456058,0.0000e+00
dev-corpus-05,3757,139839,0.000000e+00,12259,12259,6.593092,6.593092,0.0000e+00
dev-corpus-05,3758,3043,0.000000e+00,24048,24048,7.783252,7.783252,0.0000e+00
dev-corpus-05,3759,496,0.000000e+00,1116,1116,1.468315,1.468315,0.0000e+00
dev-corpus-05,3760,1523,0.000000e+00,1523,1523,0.059027,0.059027,0.0000e+00
dev-corpus-05,3761,1003,0.000000e+00,1003,1003,0.342663,0.342663,0.0000e+00
dev-corpus-05,3762,506,0.000000e+00,506,506,0.058896,0.058896,0.0000e+00
dev-corpus-05,3763,7492,0.000000e+00,36757,36757,3.452551,3.452551,0.0000e+00
dev-corpus-05,3764,38138,0.000000e+00,529,529,2.660957,2.660957,0.0000e+00
dev-corpus-05,3765,684,0.000000e+00,684,684,0.001639,0.001639,0.0000e+00
dev-corpus-05,3766,36757,0.000000e+00,506,506,4.846073,4.846073,0.0000e+00
dev-corpus-05,3767,12512,0.000000e+00,5464,5464,3.648193,3.648193,0.0000e+00
dev-corpus-05,3768,236764,0.000000e+00,236761,236761,0.785187,0.785187,0.0000e+00
dev-corpus-05,3769,1651,0.000000e+00,1116,1116,6.751413,6.751413,0.0000e+00
dev-corpus-05,3770,886,0.000000e+00,506,506,4.398834,4.398834,0.0000e+00
dev-corpus-05,3771,529,0.000000e+00,529,529,0.083890,0.083890,0.0000e+00
dev-corpus-05,3772,506,0.000000e+00,506,506,0.002801,0.002801,0.0000e+00
dev-corpus-05,3773,72211,0.000000e+00,8937,8937,2.517140,2.517140,0.0000e+00
dev-corpus-05,3774,60953,0.000000e+00,60953,60953,0.112648,0.112648,0.0000e+00
dev-corpus-05,3775,563,0.000000e+00,236764,236764,6.582683,6.582683,0.0000e+00
dev-corpus-05,3776,3472,0.000000e+00,169055,169055,11.400202,11.400202,0.0000e+00
dev-corpus-05,3777,52060,0.000000e+00,186847,186847,2.426286,2.426286,0.0000e+00
dev-corpus-05,3778,528,0.000000e+00,4448,4448,2.371470,2.371470,0.0000e+00
dev-corpus-05,3779,532,0.000000e+00,236764,236764,5.579427,5.579427,0.0000e+00
dev-corpus-05,3780,31470,0.000000e+00,186847,186847,8.991186,8.991186,0.0000e+00
dev-corpus-05,3781,4561,0.000000e+00,4561,4561,1.297500,1.297500,0.0000e+00
dev-corpus-05,3782,236761,0.000000e+00,1003,1003,2.185679,2.185679,0.0000e+00
dev-corpus-05,3783,669,0.000000e+00,669,669,0.071526,0.071526,0.0000e+00
dev-corpus-05,3784,8317,0.000000e+00,8699,8699,4.131125,4.131125,0.0000e+00
dev-corpus-05,3785,563,0.000000e+00,563,563,0.081384,0.081384,0.0000e+00
dev-corpus-05,3786,9772,0.000000e+00,155174,155174,3.918417,3.918417,0.0000e+00
dev-corpus-05,3787,607,0.000000e+00,607,607,0.000764,0.000764,0.0000e+00
dev-corpus-05,3788,16625,0.000000e+00,506,506,10.474975,10.474975,0.0000e+00
dev-corpus-05,3789,532,0.000000e+00,236764,236764,3.774155,3.774155,0.0000e+00
dev-corpus-05,3790,21543,0.000000e+00,150692,150692,12.799954,12.799954,0.0000e+00
dev-corpus-05,3791,236764,0.000000e+00,236764,236764,0.512419,0.512419,0.0000e+00
dev-corpus-05,3792,607,0.000000e+00,618,618,3.118887,3.118887,0.0000e+00
dev-corpus-05,3793,4677,0.000000e+00,506,506,4.787216,4.787216,0.0000e+00
dev-corpus-05,3794,14076,0.000000e+00,10317,10317,6.014307,6.014307,0.0000e+00
dev-corpus-05,3795,528,0.000000e+00,528,528,0.005761,0.005761,0.0000e+00
dev-corpus-05,3796,496,0.000000e+00,506,506,3.847408,3.847408,0.0000e+00
dev-corpus-05,3797,20067,0.000000e+00,38412,38412,7.345915,7.345915,0.0000e+00
dev-corpus-05,3798,8485,0.000000e+00,8699,8699,7.217872,7.217872,0.0000e+00
dev-corpus-05,3799,1003,0.000000e+00,1003,1003,0.092246,0.092246,0.0000e+00
dev-corpus-05,3800,506,0.000000e+00,506,506,0.021310,0.021310,0.0000e+00
dev-corpus-05,3801,3402,0.000000e+00,3402,3402,1.317139,1.317139,0.0000e+00
dev-corpus-05,3802,529,0.000000e+00,529,529,0.753213,0.753213,0.0000e+00
dev-corpus-05,3803,910,0.000000e+00,910,910,0.202652,0.202652,0.0000e+00
dev-corpus-05,3804,28270,0.000000e+00,7299,7299,11.838010,11.838010,0.0000e+00
dev-corpus-05,3805,532,0.000000e+00,236761,236761,3.474515,3.474515,0.0000e+00
dev-corpus-05,3806,506,0.000000e+00,506,506,0.014365,0.014365,0.0000e+00
dev-corpus-05,3807,3853,0.000000e+00,86931,86931,11.260475,11.260475,0.0000e+00
dev-corpus-05,3808,529,0.000000e+00,529,529,0.021006,0.021006,0.0000e+00
dev-corpus-05,3809,29432,0.000000e+00,910,910,9.590520,9.590520,0.0000e+00
dev-corpus-05,3810,6332,0.000000e+00,21144,21144,7.056343,7.056343,0.0000e+00
dev-corpus-05,3811,14922,0.000000e+00,528,528,6.235175,6.235175,0.0000e+00
dev-corpus-05,3812,4181,0.000000e+00,22351,22351,4.365917,4.365917,0.0000e+00
dev-corpus-05,3813,236761,0.000000e+00,236761,236761,0.031104,0.031104,0.0000e+00
dev-corpus-05,3814,106,0.000000e+00,108,108,3.989878,3.989878,0.0000e+00
dev-corpus-05,3815,107,0.000000e+00,7243,7243,10.420693,10.420693,0.0000e+00
dev-corpus-05,3816,105,0.000000e+00,13513,13513,21.124877,21.124877,0.0000e+00
dev-corpus-05,3817,2364,0.000000e+00,198,198,20.344823,20.344823,0.0000e+00
dev-corpus-05,3818,107,0.000000e+00,236779,236779,2.809226,2.809226,0.0000e+00
dev-corpus-05,3819,3689,0.000000e+00,100,100,13.996664,13.996664,0.0000e+00
dev-corpus-05,3820,563,0.000000e+00,3530,3530,1.664018,1.664018,0.0000e+00
dev-corpus-05,3821,496,0.000000e+00,506,506,7.974789,7.974789,0.0000e+00
dev-corpus-05,3822,82004,0.000000e+00,919,919,24.074908,24.074908,0.0000e+00
dev-corpus-05,3823,236881,0.000000e+00,198,198,4.835474,4.835474,0.0000e+00
dev-corpus-05,3824,106,0.000000e+00,108,108,5.344631,5.344631,0.0000e+00
dev-corpus-05,3825,107,0.000000e+00,199,199,23.150533,23.150533,0.0000e+00
dev-corpus-05,3826,105,0.000000e+00,100,100,19.850023,19.850023,0.0000e+00
dev-corpus-05,3827,4368,0.000000e+00,7860,7860,16.121507,16.121507,0.0000e+00
dev-corpus-05,3828,107,0.000000e+00,100,100,5.798960,5.798960,0.0000e+00
dev-corpus-05,3829,236776,0.000000e+00,100,100,3.033765,3.033765,0.0000e+00
dev-corpus-05,3830,82004,0.000000e+00,5213,5213,1.509721,1.509721,0.0000e+00
dev-corpus-05,3831,563,0.000000e+00,563,563,0.913932,0.913932,0.0000e+00
dev-corpus-05,3832,496,0.000000e+00,496,496,0.411192,0.411192,0.0000e+00
dev-corpus-05,3833,5904,0.000000e+00,5213,5213,14.321713,14.321713,0.0000e+00
dev-corpus-05,3834,573,0.000000e+00,532,532,4.233319,4.233319,0.0000e+00
dev-corpus-05,3835,3043,0.000000e+00,43887,43887,8.385116,8.385116,0.0000e+00
dev-corpus-05,3836,532,0.000000e+00,5113,5113,6.543217,6.543217,0.0000e+00
dev-corpus-05,3837,1699,0.000000e+00,15724,15724,5.508705,5.508705,0.0000e+00
dev-corpus-05,3838,17864,0.000000e+00,13571,13571,5.654538,5.654538,0.0000e+00
dev-corpus-05,3839,1938,0.000000e+00,1262,1262,1.191710,1.191710,0.0000e+00
dev-corpus-05,3840,236761,0.000000e+00,236761,236761,0.042642,0.042642,0.0000e+00
dev-corpus-05,3841,18018,0.000000e+00,108,108,19.928171,19.928171,0.0000e+00
dev-corpus-05,3842,506,0.000000e+00,1032,1032,2.183414,2.183414,0.0000e+00
dev-corpus-05,3843,1551,0.000000e+00,1346,1346,1.581810,1.581810,0.0000e+00
dev-corpus-05,3844,22414,0.000000e+00,4458,4458,5.073601,5.073601,0.0000e+00
dev-corpus-05,3845,529,0.000000e+00,236764,236764,4.630955,4.630955,0.0000e+00
dev-corpus-05,3846,82004,0.000000e+00,82004,82004,0.899693,0.899693,0.0000e+00
dev-corpus-05,3847,236764,0.000000e+00,236764,236764,0.035118,0.035118,0.0000e+00
dev-corpus-05,3848,692,0.000000e+00,506,506,6.249372,6.249372,0.0000e+00
dev-corpus-05,3849,5347,0.000000e+00,740,740,14.271403,14.271403,0.0000e+00
dev-corpus-05,3850,236787,0.000000e+00,506,506,7.207739,7.207739,0.0000e+00
dev-corpus-05,3851,562,0.000000e+00,108,108,8.943211,8.943211,0.0000e+00
dev-corpus-05,3852,82004,0.000000e+00,5213,5213,3.420160,3.420160,0.0000e+00
dev-corpus-05,3853,563,0.000000e+00,563,563,0.051556,0.051556,0.0000e+00
dev-corpus-05,3854,496,0.000000e+00,496,496,0.089476,0.089476,0.0000e+00
dev-corpus-05,3855,5194,0.000000e+00,5213,5213,2.094915,2.094915,0.0000e+00
dev-corpus-05,3856,236772,0.000000e+00,1458,1458,2.339931,2.339931,0.0000e+00
dev-corpus-05,3857,5140,0.000000e+00,5140,5140,0.000096,0.000096,0.0000e+00
dev-corpus-05,3858,1458,0.000000e+00,1458,1458,0.055256,0.055256,0.0000e+00
dev-corpus-05,3859,531,0.000000e+00,5402,5402,11.573222,11.573222,0.0000e+00
dev-corpus-05,3860,11278,0.000000e+00,12203,12203,16.863376,16.863376,0.0000e+00
dev-corpus-05,3861,528,0.000000e+00,528,528,0.004906,0.004906,0.0000e+00
dev-corpus-05,3862,506,0.000000e+00,506,506,0.227386,0.227386,0.0000e+00
dev-corpus-05,3863,5249,0.000000e+00,12203,12203,5.069846,5.069846,0.0000e+00
dev-corpus-05,3864,236764,0.000000e+00,236764,236764,0.000088,0.000088,0.0000e+00
dev-corpus-05,3865,9626,0.000000e+00,6310,6310,9.992546,9.992546,0.0000e+00
dev-corpus-05,3866,236764,0.000000e+00,236764,236764,0.000008,0.000008,0.0000e+00
dev-corpus-05,3867,6310,0.000000e+00,3671,3671,8.609758,8.609758,0.0000e+00
dev-corpus-05,3868,236764,0.000000e+00,236764,236764,0.000403,0.000403,0.0000e+00
dev-corpus-05,3869,3671,0.000000e+00,3671,3671,0.491769,0.491769,0.0000e+00
dev-corpus-05,3870,236764,0.000000e+00,236764,236764,0.005198,0.005198,0.0000e+00
dev-corpus-05,3871,3938,0.000000e+00,532,532,14.793504,14.793504,0.0000e+00
dev-corpus-05,3872,236764,0.000000e+00,236764,236764,0.011975,0.011975,0.0000e+00
dev-corpus-05,3873,532,0.000000e+00,532,532,0.010592,0.010592,0.0000e+00
dev-corpus-05,3874,5296,0.000000e+00,44751,44751,6.749621,6.749621,0.0000e+00
dev-corpus-05,3875,529,0.000000e+00,529,529,0.000095,0.000095,0.0000e+00
dev-corpus-05,3876,17864,0.000000e+00,784,784,6.121765,6.121765,0.0000e+00
dev-corpus-05,3877,1938,0.000000e+00,653,653,3.714452,3.714452,0.0000e+00
dev-corpus-05,3878,236761,0.000000e+00,236761,236761,0.047774,0.047774,0.0000e+00
dev-corpus-05,3879,3026,0.000000e+00,108,108,13.272368,13.272368,0.0000e+00
dev-corpus-05,3880,1456,0.000000e+00,611,611,3.413984,3.413984,0.0000e+00
dev-corpus-05,3881,69599,0.000000e+00,236764,236764,10.555660,10.555660,0.0000e+00
dev-corpus-05,3882,236764,0.000000e+00,236764,236764,0.002853,0.002853,0.0000e+00
dev-corpus-05,3883,82004,0.000000e+00,496,496,2.497941,2.497941,0.0000e+00
dev-corpus-05,3884,740,0.000000e+00,740,740,0.117066,0.117066,0.0000e+00
dev-corpus-05,3885,1601,0.000000e+00,1601,1601,0.702871,0.702871,0.0000e+00
dev-corpus-05,3886,775,0.000000e+00,775,775,1.073962,1.073962,0.0000e+00
dev-corpus-05,3887,3892,0.000000e+00,3050,3050,11.434423,11.434423,0.0000e+00
dev-corpus-05,3888,16602,0.000000e+00,2480,2480,20.244963,20.244963,0.0000e+00
dev-corpus-05,3889,1099,0.000000e+00,1099,1099,0.004018,0.004018,0.0000e+00
dev-corpus-05,3890,236764,0.000000e+00,236764,236764,0.062496,0.062496,0.0000e+00
dev-corpus-05,3891,226995,0.000000e+00,9688,9688,8.834066,8.834066,0.0000e+00
dev-corpus-05,3892,236764,0.000000e+00,236764,236764,0.006365,0.006365,0.0000e+00
dev-corpus-05,3893,532,0.000000e+00,532,532,0.037992,0.037992,0.0000e+00
dev-corpus-05,3894,34303,0.000000e+00,919,919,5.924318,5.924318,0.0000e+00
dev-corpus-05,3895,6176,0.000000e+00,236761,236761,8.071870,8.071870,0.0000e+00
dev-corpus-05,3896,236761,0.000000e+00,236761,236761,0.184159,0.184159,0.0000e+00
dev-corpus-05,3897,7714,0.000000e+00,108,108,12.871466,12.871466,0.0000e+00
dev-corpus-05,3898,82004,0.000000e+00,82004,82004,0.932802,0.932802,0.0000e+00
dev-corpus-05,3899,2430,0.000000e+00,563,563,5.638283,5.638283,0.0000e+00
dev-corpus-05,3900,1149,0.000000e+00,740,740,5.373019,5.373019,0.0000e+00
dev-corpus-05,3901,10741,0.000000e+00,735,735,9.676908,9.676908,0.0000e+00
dev-corpus-05,3902,1144,0.000000e+00,531,531,2.250815,2.250815,0.0000e+00
dev-corpus-05,3903,4065,0.000000e+00,531,531,6.874259,6.874259,0.0000e+00
dev-corpus-05,3904,532,0.000000e+00,531,531,3.804520,3.804520,0.0000e+00
dev-corpus-05,3905,13963,0.000000e+00,1262,1262,3.437888,3.437888,0.0000e+00
dev-corpus-05,3906,659,0.000000e+00,531,531,1.992614,1.992614,0.0000e+00
dev-corpus-05,3907,2132,0.000000e+00,2132,2132,1.221022,1.221022,0.0000e+00
dev-corpus-05,3908,236761,0.000000e+00,531,531,3.503259,3.503259,0.0000e+00
dev-corpus-05,3909,1701,0.000000e+00,108,108,5.086518,5.086518,0.0000e+00
dev-corpus-05,3910,2591,0.000000e+00,2591,2591,0.152125,0.152125,0.0000e+00
dev-corpus-05,3911,236764,0.000000e+00,236764,236764,0.002346,0.002346,0.0000e+00
dev-corpus-05,3912,24599,0.000000e+00,496,496,12.428516,12.428516,0.0000e+00
dev-corpus-05,3913,659,0.000000e+00,236764,236764,1.913754,1.913754,0.0000e+00
dev-corpus-05,3914,1535,0.000000e+00,496,496,13.847712,13.847712,0.0000e+00
dev-corpus-05,3915,573,0.000000e+00,573,573,0.832228,0.832228,0.0000e+00
dev-corpus-05,3916,775,0.000000e+00,2634,2634,4.673015,4.673015,0.0000e+00
dev-corpus-05,3917,236761,0.000000e+00,1547,1547,4.994483,4.994483,0.0000e+00
dev-corpus-05,3918,2195,0.000000e+00,2195,2195,1.281986,1.281986,0.0000e+00
dev-corpus-05,3919,1149,0.000000e+00,2847,2847,9.389093,9.389093,0.0000e+00
dev-corpus-05,3920,3856,0.000000e+00,735,735,8.393979,8.393979,0.0000e+00
dev-corpus-05,3921,1813,0.000000e+00,775,775,2.648632,2.648632,0.0000e+00
dev-corpus-05,3922,14767,0.000000e+00,7021,7021,2.997559,2.997559,0.0000e+00
dev-corpus-05,3923,236764,0.000000e+00,236764,236764,0.410119,0.410119,0.0000e+00
dev-corpus-05,3924,6422,0.000000e+00,5001,5001,9.783768,9.783768,0.0000e+00
dev-corpus-05,3925,3863,0.000000e+00,12123,12123,3.952607,3.952607,0.0000e+00
dev-corpus-05,3926,236764,0.000000e+00,236764,236764,0.174244,0.174244,0.0000e+00
dev-corpus-05,3927,45694,0.000000e+00,532,532,9.492975,9.492975,0.0000e+00
dev-corpus-05,3928,23092,0.000000e+00,23092,23092,0.334727,0.334727,0.0000e+00
dev-corpus-05,3929,236764,0.000000e+00,236764,236764,0.001686,0.001686,0.0000e+00
dev-corpus-05,3930,624,0.000000e+00,532,532,13.540060,13.540060,0.0000e+00
dev-corpus-05,3931,2847,0.000000e+00,22792,22792,1.706455,1.706455,0.0000e+00
dev-corpus-05,3932,2557,0.000000e+00,12123,12123,7.515499,7.515499,0.0000e+00
dev-corpus-05,3933,531,0.000000e+00,573,573,8.542821,8.542821,0.0000e+00
dev-corpus-05,3934,75610,0.000000e+00,38893,38893,3.527305,3.527305,0.0000e+00
dev-corpus-05,3935,236761,0.000000e+00,236761,236761,0.010383,0.010383,0.0000e+00
dev-corpus-05,3936,1882,0.000000e+00,108,108,32.847318,32.847318,0.0000e+00
dev-corpus-05,3937,659,0.000000e+00,740,740,5.144631,5.144631,0.0000e+00
dev-corpus-05,3938,10099,0.000000e+00,7467,7467,3.469977,3.469977,0.0000e+00
dev-corpus-05,3939,1003,0.000000e+00,607,607,0.910979,0.910979,0.0000e+00
dev-corpus-05,3940,506,0.000000e+00,506,506,0.886682,0.886682,0.0000e+00
dev-corpus-05,3941,1984,0.000000e+00,2404,2404,8.895846,8.895846,0.0000e+00
dev-corpus-05,3942,529,0.000000e+00,529,529,0.012730,0.012730,0.0000e+00
dev-corpus-05,3943,14919,0.000000e+00,8052,8052,14.365639,14.365639,0.0000e+00
dev-corpus-05,3944,236764,0.000000e+00,236764,236764,0.886851,0.886851,0.0000e+00
dev-corpus-05,3945,506,0.000000e+00,506,506,1.154839,1.154839,0.0000e+00
dev-corpus-05,3946,18191,0.000000e+00,2404,2404,14.232425,14.232425,0.0000e+00
dev-corpus-05,3947,2601,0.000000e+00,2601,2601,1.533658,1.533658,0.0000e+00
dev-corpus-05,3948,1161,0.000000e+00,1161,1161,0.058440,0.058440,0.0000e+00
dev-corpus-05,3949,236764,0.000000e+00,236764,236764,0.022993,0.022993,0.0000e+00
dev-corpus-05,3950,19392,0.000000e+00,532,532,7.295044,7.295044,0.0000e+00
dev-corpus-05,3951,699,0.000000e+00,236764,236764,4.291815,4.291815,0.0000e+00
dev-corpus-05,3952,14942,0.000000e+00,14942,14942,0.793419,0.793419,0.0000e+00
dev-corpus-05,3953,13390,0.000000e+00,36398,36398,1.564036,1.564036,0.0000e+00
dev-corpus-05,3954,236764,0.000000e+00,236764,236764,0.009838,0.009838,0.0000e+00
dev-corpus-05,3955,653,0.000000e+00,532,532,3.723734,3.723734,0.0000e+00
dev-corpus-05,3956,1298,0.000000e+00,506,506,7.278250,7.278250,0.0000e+00
dev-corpus-05,3957,24599,0.000000e+00,506,506,6.206458,6.206458,0.0000e+00
dev-corpus-05,3958,8141,0.000000e+00,659,659,8.798097,8.798097,0.0000e+00
dev-corpus-05,3959,236761,0.000000e+00,236761,236761,0.067024,0.067024,0.0000e+00
dev-corpus-05,3960,185485,0.000000e+00,108,108,12.725352,12.725352,0.0000e+00
dev-corpus-05,3961,3997,0.000000e+00,9886,9886,6.934791,6.934791,0.0000e+00
dev-corpus-05,3962,7087,0.000000e+00,529,529,7.719799,7.719799,0.0000e+00
dev-corpus-05,3963,4654,0.000000e+00,496,496,5.141428,5.141428,0.0000e+00
dev-corpus-05,3964,529,0.000000e+00,529,529,0.139036,0.139036,0.0000e+00
dev-corpus-05,3965,784,0.000000e+00,784,784,0.633823,0.633823,0.0000e+00
dev-corpus-05,3966,1239,0.000000e+00,1239,1239,0.032944,0.032944,0.0000e+00
dev-corpus-05,3967,4596,0.000000e+00,5872,5872,8.371725,8.371725,0.0000e+00
dev-corpus-05,3968,5872,0.000000e+00,5872,5872,0.395616,0.395616,0.0000e+00
dev-corpus-05,3969,532,0.000000e+00,236761,236761,5.108233,5.108233,0.0000e+00
dev-corpus-05,3970,236764,0.000000e+00,1217,1217,6.269302,6.269302,0.0000e+00
dev-corpus-05,3971,8229,0.000000e+00,172638,172638,7.449731,7.449731,0.0000e+00
dev-corpus-05,3972,2787,0.000000e+00,1346,1346,10.174021,10.174021,0.0000e+00
dev-corpus-05,3973,784,0.000000e+00,784,784,0.000100,0.000100,0.0000e+00
dev-corpus-05,3974,236764,0.000000e+00,236764,236764,0.053206,0.053206,0.0000e+00
dev-corpus-05,3975,506,0.000000e+00,506,506,0.778690,0.778690,0.0000e+00
dev-corpus-05,3976,17864,0.000000e+00,5596,5596,2.966640,2.966640,0.0000e+00
dev-corpus-05,3977,17049,0.000000e+00,9994,9994,2.780183,2.780183,0.0000e+00
dev-corpus-05,3978,529,0.000000e+00,529,529,0.013666,0.013666,0.0000e+00
dev-corpus-05,3979,1239,0.000000e+00,1239,1239,0.721035,0.721035,0.0000e+00
dev-corpus-05,3980,5872,0.000000e+00,5872,5872,0.157607,0.157607,0.0000e+00
dev-corpus-05,3981,236761,0.000000e+00,236761,236761,0.014142,0.014142,0.0000e+00
dev-corpus-05,3982,47785,0.000000e+00,108,108,23.357308,23.357308,0.0000e+00
dev-corpus-05,3983,34267,0.000000e+00,20874,20874,10.902207,10.902207,0.0000e+00
dev-corpus-05,3984,3541,0.000000e+00,198,198,3.628077,3.628077,0.0000e+00
dev-corpus-05,3985,25971,0.000000e+00,25971,25971,0.895534,0.895534,0.0000e+00
dev-corpus-05,3986,1149,0.000000e+00,236764,236764,4.738322,4.738322,0.0000e+00
dev-corpus-05,3987,3856,0.000000e+00,577,577,2.673174,2.673174,0.0000e+00
dev-corpus-05,3988,1813,0.000000e+00,1813,1813,0.618753,0.618753,0.0000e+00
dev-corpus-05,3989,14767,0.000000e+00,3325,3325,4.210639,4.210639,0.0000e+00
dev-corpus-05,3990,236764,0.000000e+00,236761,236761,0.934276,0.934276,0.0000e+00
dev-corpus-05,3991,9347,0.000000e+00,198,198,31.620056,31.620056,0.0000e+00
dev-corpus-05,3992,1013,0.000000e+00,236772,236772,2.432888,2.432888,0.0000e+00
dev-corpus-05,3993,1149,0.000000e+00,198,198,3.243253,3.243253,0.0000e+00
dev-corpus-05,3994,5001,0.000000e+00,6422,6422,4.130665,4.130665,0.0000e+00
dev-corpus-05,3995,506,0.000000e+00,35163,35163,11.724737,11.724737,0.0000e+00
dev-corpus-05,3996,7028,0.000000e+00,7028,7028,0.168951,0.168951,0.0000e+00
dev-corpus-05,3997,529,0.000000e+00,529,529,0.000029,0.000029,0.0000e+00
dev-corpus-05,3998,4304,0.000000e+00,4304,4304,1.221760,1.221760,0.0000e+00
dev-corpus-05,3999,236764,0.000000e+00,236764,236764,0.018070,0.018070,0.0000e+00
dev-corpus-05,4000,532,0.000000e+00,532,532,0.134716,0.134716,0.0000e+00
dev-corpus-05,4001,10536,0.000000e+00,506,506,16.633219,16.633219,0.0000e+00
dev-corpus-05,4002,28949,0.000000e+00,3474,3474,2.435848,2.435848,0.0000e+00
dev-corpus-05,4003,872,0.000000e+00,1149,1149,12.950419,12.950419,0.0000e+00
dev-corpus-05,4004,15879,0.000000e+00,15879,15879,0.012523,0.012523,0.0000e+00
dev-corpus-05,4005,1149,0.000000e+00,1149,1149,0.364282,0.364282,0.0000e+00
dev-corpus-05,4006,7342,0.000000e+00,577,577,7.907540,7.907540,0.0000e+00
dev-corpus-05,4007,1023,0.000000e+00,24599,24599,15.323432,15.323432,0.0000e+00
dev-corpus-05,4008,24599,0.000000e+00,24599,24599,1.048542,1.048542,0.0000e+00
dev-corpus-05,4009,236761,0.000000e+00,236761,236761,0.027013,0.027013,0.0000e+00
dev-corpus-05,4010,562,0.000000e+00,108,108,3.866561,3.866561,0.0000e+00
dev-corpus-05,4011,82004,0.000000e+00,82004,82004,0.019392,0.019392,0.0000e+00
dev-corpus-05,4012,7351,0.000000e+00,740,740,3.173290,3.173290,0.0000e+00
dev-corpus-05,4013,775,0.000000e+00,775,775,0.238121,0.238121,0.0000e+00
dev-corpus-05,4014,18840,0.000000e+00,1460,1460,5.063557,5.063557,0.0000e+00
dev-corpus-05,4015,1239,0.000000e+00,1239,1239,0.686179,0.686179,0.0000e+00
dev-corpus-05,4016,17864,0.000000e+00,3996,3996,3.604811,3.604811,0.0000e+00
dev-corpus-05,4017,12969,0.000000e+00,9994,9994,5.295479,5.295479,0.0000e+00
dev-corpus-05,4018,236764,0.000000e+00,236761,236761,3.013430,3.013430,0.0000e+00
dev-corpus-05,4019,532,0.000000e+00,10678,10678,6.842249,6.842249,0.0000e+00
dev-corpus-05,4020,563,0.000000e+00,625,625,6.284520,6.284520,0.0000e+00
dev-corpus-05,4021,992,0.000000e+00,5233,5233,8.485852,8.485852,0.0000e+00
dev-corpus-05,4022,6412,0.000000e+00,496,496,11.248337,11.248337,0.0000e+00
dev-corpus-05,4023,6684,0.000000e+00,6684,6684,0.443298,0.443298,0.0000e+00
dev-corpus-05,4024,657,0.000000e+00,573,573,8.186248,8.186248,0.0000e+00
dev-corpus-05,4025,37549,0.000000e+00,506,506,8.374700,8.374700,0.0000e+00
dev-corpus-05,4026,17864,0.000000e+00,1091,1091,9.921957,9.921957,0.0000e+00
dev-corpus-05,4027,1262,0.000000e+00,1262,1262,0.605093,0.605093,0.0000e+00
dev-corpus-05,4028,532,0.000000e+00,528,528,4.544592,4.544592,0.0000e+00
dev-corpus-05,4029,3671,0.000000e+00,3043,3043,14.911784,14.911784,0.0000e+00
dev-corpus-05,4030,236761,0.000000e+00,531,531,2.312715,2.312715,0.0000e+00
dev-corpus-05,4031,562,0.000000e+00,108,108,7.074372,7.074372,0.0000e+00
dev-corpus-05,4032,82004,0.000000e+00,82004,82004,0.024430,0.024430,0.0000e+00
dev-corpus-05,4033,563,0.000000e+00,563,563,0.838457,0.838457,0.0000e+00
dev-corpus-05,4034,3187,0.000000e+00,496,496,4.525512,4.525512,0.0000e+00
dev-corpus-05,4035,506,0.000000e+00,1456,1456,5.127346,5.127346,0.0000e+00
dev-corpus-05,4036,1186,0.000000e+00,1171,1171,5.202934,5.202934,0.0000e+00
dev-corpus-05,4037,1595,0.000000e+00,1595,1595,0.216116,0.216116,0.0000e+00
dev-corpus-05,4038,531,0.000000e+00,531,531,0.042660,0.042660,0.0000e+00
dev-corpus-05,4039,8974,0.000000e+00,50611,50611,6.233947,6.233947,0.0000e+00
dev-corpus-05,4040,82046,0.000000e+00,3996,3996,9.248783,9.248783,0.0000e+00
dev-corpus-05,4041,236772,0.000000e+00,3996,3996,3.831617,3.831617,0.0000e+00
dev-corpus-05,4042,10619,0.000000e+00,19543,19543,2.036574,2.036574,0.0000e+00
dev-corpus-05,4043,4078,0.000000e+00,4078,4078,0.014402,0.014402,0.0000e+00
dev-corpus-05,4044,236761,0.000000e+00,236761,236761,0.238267,0.238267,0.0000e+00
dev-corpus-05,4045,106,0.000000e+00,108,108,0.782965,0.782965,0.0000e+00
dev-corpus-05,4046,107,0.000000e+00,100,100,14.868661,14.868661,0.0000e+00
dev-corpus-05,4047,105,0.000000e+00,13513,13513,19.041971,19.041971,0.0000e+00
dev-corpus-05,4048,2364,0.000000e+00,198,198,24.135365,24.135365,0.0000e+00
dev-corpus-05,4049,107,0.000000e+00,100,100,3.169105,3.169105,0.0000e+00
dev-corpus-05,4050,3689,0.000000e+00,100,100,8.144161,8.144161,0.0000e+00
dev-corpus-05,4051,563,0.000000e+00,563,563,0.481321,0.481321,0.0000e+00
dev-corpus-05,4052,6927,0.000000e+00,496,496,19.145915,19.145915,0.0000e+00
dev-corpus-05,4053,1535,0.000000e+00,236881,236881,13.744796,13.744796,0.0000e+00
dev-corpus-05,4054,573,0.000000e+00,573,573,0.000066,0.000066,0.0000e+00
dev-corpus-05,4055,236881,0.000000e+00,236881,236881,0.009961,0.009961,0.0000e+00
dev-corpus-05,4056,106,0.000000e+00,568,568,2.402600,2.402600,0.0000e+00
dev-corpus-05,4057,107,0.000000e+00,100,100,21.821708,21.821708,0.0000e+00
dev-corpus-05,4058,105,0.000000e+00,100,100,19.226492,19.226492,0.0000e+00
dev-corpus-05,4059,4368,0.000000e+00,198,198,14.190355,14.190355,0.0000e+00
dev-corpus-05,4060,107,0.000000e+00,100,100,11.439192,11.439192,0.0000e+00
dev-corpus-05,4061,45060,0.000000e+00,100,100,1.636013,1.636013,0.0000e+00
dev-corpus-05,4062,3952,0.000000e+00,563,563,16.416457,16.416457,0.0000e+00
dev-corpus-05,4063,699,0.000000e+00,607,607,8.001426,8.001426,0.0000e+00
dev-corpus-05,4064,506,0.000000e+00,506,506,0.103448,0.103448,0.0000e+00
dev-corpus-05,4065,7217,0.000000e+00,1813,1813,7.161460,7.161460,0.0000e+00
dev-corpus-05,4066,684,0.000000e+00,532,532,11.365071,11.365071,0.0000e+00
dev-corpus-05,4067,12461,0.000000e+00,139850,139850,15.027414,15.027414,0.0000e+00
dev-corpus-05,4068,532,0.000000e+00,50670,50670,1.527493,1.527493,0.0000e+00
dev-corpus-05,4069,2601,0.000000e+00,2601,2601,0.380262,0.380262,0.0000e+00
dev-corpus-05,4070,1813,0.000000e+00,236764,236764,4.932056,4.932056,0.0000e+00
dev-corpus-05,4071,219460,0.000000e+00,22044,22044,1.999687,1.999687,0.0000e+00
dev-corpus-05,4072,1131,0.000000e+00,532,532,3.131236,3.131236,0.0000e+00
dev-corpus-05,4073,506,0.000000e+00,506,506,0.154340,0.154340,0.0000e+00
dev-corpus-05,4074,14958,0.000000e+00,11661,11661,5.357120,5.357120,0.0000e+00
dev-corpus-05,4075,236761,0.000000e+00,236761,236761,0.943055,0.943055,0.0000e+00
dev-corpus-05,4076,138,0.000000e+00,1030,1030,10.223558,10.223558,0.0000e+00
dev-corpus-05,4077,4420,0.000000e+00,1509,1509,2.396710,2.396710,0.0000e+00
dev-corpus-05,4078,1239,0.000000e+00,506,506,3.714405,3.714405,0.0000e+00
dev-corpus-05,4079,538,0.000000e+00,14958,14958,17.002106,17.002106,0.0000e+00
dev-corpus-05,4080,82296,0.000000e+00,82296,82296,0.381565,0.381565,0.0000e+00
dev-corpus-05,4081,14958,0.000000e+00,14958,14958,0.097166,0.097166,0.0000e+00
dev-corpus-05,4082,2827,0.000000e+00,3291,3291,7.172318,7.172318,0.0000e+00
dev-corpus-05,4083,531,0.000000e+00,1024,1024,3.313862,3.313862,0.0000e+00
dev-corpus-05,4084,2601,0.000000e+00,2601,2601,0.960507,0.960507,0.0000e+00
dev-corpus-05,4085,236764,0.000000e+00,236764,236764,0.309917,0.309917,0.0000e+00
dev-corpus-05,4086,532,0.000000e+00,901,901,6.368100,6.368100,0.0000e+00
dev-corpus-05,4087,506,0.000000e+00,506,506,0.529021,0.529021,0.0000e+00
dev-corpus-05,4088,506,0.000000e+00,1813,1813,13.831334,13.831334,0.0000e+00
dev-corpus-05,4089,6927,0.000000e+00,1813,1813,1.937481,1.937481,0.0000e+00
dev-corpus-05,4090,528,0.000000e+00,16071,16071,9.344494,9.344494,0.0000e+00
dev-corpus-05,4091,1091,0.000000e+00,506,506,1.506406,1.506406,0.0000e+00
dev-corpus-05,4092,563,0.000000e+00,16071,16071,2.537625,2.537625,0.0000e+00
dev-corpus-05,4093,6757,0.000000e+00,7274,7274,14.434177,14.434177,0.0000e+00
dev-corpus-05,4094,2311,0.000000e+00,7274,7274,1.954510,1.954510,0.0000e+00
dev-corpus-05,4095,7274,0.000000e+00,7274,7274,0.017267,0.017267,0.0000e+00
dev-corpus-06,4096,107,0.000000e+00,236858,236858,12.387186,12.387186,0.0000e+00
dev-corpus-06,4097,98,0.000000e+00,9731,9731,16.501911,16.501911,0.0000e+00
dev-corpus-06,4098,107,0.000000e+00,100,100,10.178097,10.178097,0.0000e+00
dev-corpus-06,4099,106,0.000000e+00,140,140,10.282404,10.282404,0.0000e+00
dev-corpus-06,4100,107,0.000000e+00,542,542,8.668600,8.668600,0.0000e+00
dev-corpus-06,4101,105,0.000000e+00,140,140,20.190823,20.190823,0.0000e+00
dev-corpus-06,4102,2364,0.000000e+00,198,198,31.065348,31.065348,0.0000e+00
dev-corpus-06,4103,107,0.000000e+00,42168,42168,12.751838,12.751838,0.0000e+00
dev-corpus-06,4104,15938,0.000000e+00,100,100,17.132755,17.132755,0.0000e+00
dev-corpus-06,4105,691,0.000000e+00,198,198,4.401267,4.401267,0.0000e+00
dev-corpus-06,4106,506,0.000000e+00,198,198,3.760239,3.760239,0.0000e+00
dev-corpus-06,4107,118661,0.000000e+00,3260,3260,11.583004,11.583004,0.0000e+00
dev-corpus-06,4108,6768,0.000000e+00,6768,6768,0.457507,0.457507,0.0000e+00
dev-corpus-06,4109,236881,0.000000e+00,236881,236881,0.011549,0.011549,0.0000e+00
dev-corpus-06,4110,106,0.000000e+00,108,108,5.129001,5.129001,0.0000e+00
dev-corpus-06,4111,107,0.000000e+00,100,100,6.614126,6.614126,0.0000e+00
dev-corpus-06,4112,105,0.000000e+00,100,100,16.559703,16.559703,0.0000e+00
dev-corpus-06,4113,4368,0.000000e+00,198,198,16.715843,16.715843,0.0000e+00
dev-corpus-06,4114,107,0.000000e+00,236743,236743,9.520041,9.520041,0.0000e+00
dev-corpus-06,4115,236776,0.000000e+00,100,100,9.985712,9.985712,0.0000e+00
dev-corpus-06,4116,3274,0.000000e+00,3274,3274,0.002942,0.002942,0.0000e+00
dev-corpus-06,4117,519,0.000000e+00,519,519,0.000051,0.000051,0.0000e+00
dev-corpus-06,4118,6768,0.000000e+00,6768,6768,0.000022,0.000022,0.0000e+00
dev-corpus-06,4119,236764,0.000000e+00,568,568,3.010704,3.010704,0.0000e+00
dev-corpus-06,4120,1015,0.000000e+00,13320,13320,4.011177,4.011177,0.0000e+00
dev-corpus-06,4121,691,0.000000e+00,563,563,0.841719,0.841719,0.0000e+00
dev-corpus-06,4122,992,0.000000e+00,13320,13320,4.922679,4.922679,0.0000e+00
dev-corpus-06,4123,3224,0.000000e+00,3224,3224,0.240205,0.240205,0.0000e+00
dev-corpus-06,4124,618,0.000000e+00,618,618,0.564133,0.564133,0.0000e+00
dev-corpus-06,4125,14148,0.000000e+00,5213,5213,7.867846,7.867846,0.0000e+00
dev-corpus-06,4126,6768,0.000000e+00,6768,6768,0.002017,0.002017,0.0000e+00
dev-corpus-06,4127,236764,0.000000e+00,236764,236764,0.041982,0.041982,0.0000e+00
dev-corpus-06,4128,691,0.000000e+00,691,691,0.200623,0.200623,0.0000e+00
dev-corpus-06,4129,496,0.000000e+00,886,886,3.042780,3.042780,0.0000e+00
dev-corpus-06,4130,9531,0.000000e+00,6112,6112,13.147994,13.147994,0.0000e+00
dev-corpus-06,4131,118661,0.000000e+00,71684,71684,10.731566,10.731566,0.0000e+00
dev-corpus-06,4132,1015,0.000000e+00,532,532,1.443462,1.443462,0.0000e+00
dev-corpus-06,4133,7028,0.000000e+00,6657,6657,14.101567,14.101567,0.0000e+00
dev-corpus-06,4134,506,0.000000e+00,506,506,0.082372,0.082372,0.0000e+00
dev-corpus-06,4135,57996,0.000000e+00,57996,57996,0.550622,0.550622,0.0000e+00
dev-corpus-06,4136,529,0.000000e+00,529,529,0.001137,0.001137,0.0000e+00
dev-corpus-06,4137,9699,0.000000e+00,9699,9699,0.032143,0.032143,0.0000e+00
dev-corpus-06,4138,3351,0.000000e+00,3351,3351,0.006323,0.006323,0.0000e+00
dev-corpus-06,4139,236761,0.000000e+00,236764,236764,1.226767,1.226767,0.0000e+00
dev-corpus-06,4140,8945,0.000000e+00,1293,1293,9.489193,9.489193,0.0000e+00
dev-corpus-06,4141,531,0.000000e+00,531,531,0.000038,0.000038,0.0000e+00
dev-corpus-06,4142,506,0.000000e+00,506,506,0.583746,0.583746,0.0000e+00
dev-corpus-06,4143,2260,0.000000e+00,1799,1799,6.482370,6.482370,0.0000e+00
dev-corpus-06,4144,529,0.000000e+00,529,529,0.000071,0.000071,0.0000e+00
dev-corpus-06,4145,37204,0.000000e+00,506,506,1.329543,1.329543,0.0000e+00
dev-corpus-06,4146,528,0.000000e+00,528,528,0.749344,0.749344,0.0000e+00
dev-corpus-06,4147,506,0.000000e+00,506,506,0.000029,0.000029,0.0000e+00
dev-corpus-06,4148,58978,0.000000e+00,17987,17987,14.865539,14.865539,0.0000e+00
dev-corpus-06,4149,236764,0.000000e+00,236764,236764,0.008602,0.008602,0.0000e+00
dev-corpus-06,4150,6768,0.000000e+00,668,668,1.712577,1.712577,0.0000e+00
dev-corpus-06,4151,691,0.000000e+00,691,691,0.821566,0.821566,0.0000e+00
dev-corpus-06,4152,221453,0.000000e+00,13320,13320,22.109027,22.109027,0.0000e+00
dev-corpus-06,4153,532,0.000000e+00,1015,1015,2.342120,2.342120,0.0000e+00
dev-corpus-06,4154,2080,0.000000e+00,496,496,13.699846,13.699846,0.0000e+00
dev-corpus-06,4155,70795,0.000000e+00,496,496,2.402633,2.402633,0.0000e+00
dev-corpus-06,4156,529,0.000000e+00,529,529,0.524415,0.524415,0.0000e+00
dev-corpus-06,4157,3649,0.000000e+00,29053,29053,1.641479,1.641479,0.0000e+00
dev-corpus-06,4158,48522,0.000000e+00,29053,29053,8.994787,8.994787,0.0000e+00
dev-corpus-06,4159,529,0.000000e+00,529,529,0.731169,0.731169,0.0000e+00
dev-corpus-06,4160,9699,0.000000e+00,9699,9699,0.181811,0.181811,0.0000e+00
dev-corpus-06,4161,236761,0.000000e+00,236761,236761,0.398775,0.398775,0.0000e+00
dev-corpus-06,4162,1293,0.000000e+00,1293,1293,1.246704,1.246704,0.0000e+00
dev-corpus-06,4163,26109,0.000000e+00,1053,1053,4.397150,4.397150,0.0000e+00
dev-corpus-06,4164,9699,0.000000e+00,9699,9699,0.121977,0.121977,0.0000e+00
dev-corpus-06,4165,580,0.000000e+00,580,580,0.382510,0.382510,0.0000e+00
dev-corpus-06,4166,506,0.000000e+00,506,506,0.031399,0.031399,0.0000e+00
dev-corpus-06,4167,4284,0.000000e+00,4284,4284,0.011191,0.011191,0.0000e+00
dev-corpus-06,4168,531,0.000000e+00,531,531,0.018909,0.018909,0.0000e+00
dev-corpus-06,4169,126662,0.000000e+00,126662,126662,0.001237,0.001237,0.0000e+00
dev-corpus-06,4170,531,0.000000e+00,236764,236764,13.003093,13.003093,0.0000e+00
dev-corpus-06,4171,1586,0.000000e+00,7352,7352,6.466100,6.466100,0.0000e+00
dev-corpus-06,4172,29053,0.000000e+00,855,855,7.093585,7.093585,0.0000e+00
dev-corpus-06,4173,993,0.000000e+00,236764,236764,7.735919,7.735919,0.0000e+00
dev-corpus-06,4174,532,0.000000e+00,236761,236761,3.977556,3.977556,0.0000e+00
dev-corpus-06,4175,3437,0.000000e+00,914,914,25.743355,25.743355,0.0000e+00
dev-corpus-06,4176,1091,0.000000e+00,1091,1091,0.084798,0.084798,0.0000e+00
dev-corpus-06,4177,4470,0.000000e+00,1063,1063,20.192997,20.192997,0.0000e+00
dev-corpus-06,4178,531,0.000000e+00,236761,236761,1.432522,1.432522,0.0000e+00
dev-corpus-06,4179,34617,0.000000e+00,34617,34617,0.463499,0.463499,0.0000e+00
dev-corpus-06,4180,236761,0.000000e+00,236761,236761,0.075067,0.075067,0.0000e+00
dev-corpus-06,4181,2024,0.000000e+00,1174,1174,7.115063,7.115063,0.0000e+00
dev-corpus-06,4182,580,0.000000e+00,668,668,4.611442,4.611442,0.0000e+00
dev-corpus-06,4183,914,0.000000e+00,506,506,3.642974,3.642974,0.0000e+00
dev-corpus-06,4184,1595,0.000000e+00,1595,1595,0.163074,0.163074,0.0000e+00
dev-corpus-06,4185,496,0.000000e+00,236764,236764,7.855484,7.855484,0.0000e+00
dev-corpus-06,4186,2214,0.000000e+00,2214,2214,0.756173,0.756173,0.0000e+00
dev-corpus-06,4187,50319,0.000000e+00,119405,119405,11.765331,11.765331,0.0000e+00
dev-corpus-06,4188,1082,0.000000e+00,1082,1082,0.001189,0.001189,0.0000e+00
dev-corpus-06,4189,496,0.000000e+00,506,506,12.348488,12.348488,0.0000e+00
dev-corpus-06,4190,3768,0.000000e+00,3768,3768,0.544715,0.544715,0.0000e+00
dev-corpus-06,4191,119405,0.000000e+00,119405,119405,0.684662,0.684662,0.0000e+00
dev-corpus-06,4192,2101,0.000000e+00,580,580,2.121680,2.121680,0.0000e+00
dev-corpus-06,4193,1515,0.000000e+00,1515,1515,0.002656,0.002656,0.0000e+00
dev-corpus-06,4194,532,0.000000e+00,532,532,0.362143,0.362143,0.0000e+00
dev-corpus-06,4195,1724,0.000000e+00,668,668,15.834151,15.834151,0.0000e+00
dev-corpus-06,4196,607,0.000000e+00,1015,1015,4.180570,4.180570,0.0000e+00
dev-corpus-06,4197,1515,0.000000e+00,1515,1515,0.067760,0.067760,0.0000e+00
dev-corpus-06,4198,699,0.000000e+00,198,198,9.202182,9.202182,0.0000e+00
dev-corpus-06,4199,20808,0.000000e+00,34617,34617,9.702329,9.702329,0.0000e+00
dev-corpus-06,4200,657,0.000000e+00,13804,13804,8.678392,8.678392,0.0000e+00
dev-corpus-06,4201,5453,0.000000e+00,1515,1515,17.769257,17.769257,0.0000e+00
dev-corpus-06,4202,1719,0.000000e+00,236772,236772,1.591930,1.591930,0.0000e+00
dev-corpus-06,4203,236761,0.000000e+00,13804,13804,4.279485,4.279485,0.0000e+00
dev-corpus-06,4204,4298,0.000000e+00,1293,1293,4.186264,4.186264,0.0000e+00
dev-corpus-06,4205,668,0.000000e+00,668,668,0.140658,0.140658,0.0000e+00
dev-corpus-06,4206,11561,0.000000e+00,11561,11561,0.033699,0.033699,0.0000e+00
dev-corpus-06,4207,531,0.000000e+00,531,531,0.036297,0.036297,0.0000e+00
dev-corpus-06,4208,506,0.000000e+00,506,506,0.000574,0.000574,0.0000e+00
dev-corpus-06,4209,3866,0.000000e+00,3866,3866,0.000527,0.000527,0.0000e+00
dev-corpus-06,4210,532,0.000000e+00,532,532,0.100960,0.100960,0.0000e+00
dev-corpus-06,4211,6827,0.000000e+00,6827,6827,0.003365,0.003365,0.0000e+00
dev-corpus-06,4212,496,0.000000e+00,496,496,0.007545,0.007545,0.0000e+00
dev-corpus-06,4213,8300,0.000000e+00,8300,8300,0.000123,0.000123,0.0000e+00
dev-corpus-06,4214,236764,0.000000e+00,6420,6420,8.193376,8.193376,0.0000e+00
dev-corpus-06,4215,623,0.000000e+00,623,623,0.426318,0.426318,0.0000e+00
dev-corpus-06,4216,15799,0.000000e+00,15799,15799,0.018785,0.018785,0.0000e+00
dev-corpus-06,4217,575,0.000000e+00,575,575,0.000000,0.000000,0.0000e+00
dev-corpus-06,4218,236764,0.000000e+00,236764,236764,0.000246,0.000246,0.0000e+00
dev-corpus-06,4219,890,0.000000e+00,82072,82072,26.648688,26.648688,0.0000e+00
dev-corpus-06,4220,575,0.000000e+00,575,575,0.000000,0.000000,0.0000e+00
dev-corpus-06,4221,236764,0.000000e+00,236764,236764,0.043797,0.043797,0.0000e+00
dev-corpus-06,4222,3217,0.000000e+00,3217,3217,0.002817,0.002817,0.0000e+00
dev-corpus-06,4223,659,0.000000e+00,659,659,0.478317,0.478317,0.0000e+00
dev-corpus-06,4224,611,0.000000e+00,611,611,0.000002,0.000002,0.0000e+00
dev-corpus-06,4225,41064,0.000000e+00,41064,41064,0.002407,0.002407,0.0000e+00
dev-corpus-06,4226,13555,0.000000e+00,13555,13555,0.000023,0.000023,0.0000e+00
dev-corpus-06,4227,786,0.000000e+00,786,786,0.001239,0.001239,0.0000e+00
dev-corpus-06,4228,126584,0.000000e+00,7462,7462,7.473188,7.473188,0.0000e+00
dev-corpus-06,4229,532,0.000000e+00,1293,1293,10.598060,10.598060,0.0000e+00
dev-corpus-06,4230,668,0.000000e+00,668,668,0.173332,0.173332,0.0000e+00
dev-corpus-06,4231,1176,0.000000e+00,4733,4733,6.682822,6.682822,0.0000e+00
dev-corpus-06,4232,623,0.000000e+00,236764,236764,4.775875,4.775875,0.0000e+00
dev-corpus-06,4233,14625,0.000000e+00,15938,15938,3.761966,3.761966,0.0000e+00
dev-corpus-06,4234,659,0.000000e+00,659,659,0.063970,0.063970,0.0000e+00
dev-corpus-06,4235,611,0.000000e+00,611,611,0.000029,0.000029,0.0000e+00
dev-corpus-06,4236,7462,0.000000e+00,126584,126584,1.128353,1.128353,0.0000e+00
dev-corpus-06,4237,1299,0.000000e+00,532,532,4.090133,4.090133,0.0000e+00
dev-corpus-06,4238,506,0.000000e+00,506,506,0.167369,0.167369,0.0000e+00
dev-corpus-06,4239,29398,0.000000e+00,8300,8300,12.724409,12.724409,0.0000e+00
dev-corpus-06,4240,1176,0.000000e+00,1176,1176,0.143384,0.143384,0.0000e+00
dev-corpus-06,4241,236764,0.000000e+00,623,623,2.165197,2.165197,0.0000e+00
dev-corpus-06,4242,623,0.000000e+00,623,623,0.002275,0.002275,0.0000e+00
dev-corpus-06,4243,236777,0.000000e+00,236777,236777,0.003219,0.003219,0.0000e+00
dev-corpus-06,4244,1006,0.000000e+00,1006,1006,0.000210,0.000210,0.0000e+00
dev-corpus-06,4245,9699,0.000000e+00,9699,9699,0.000251,0.000251,0.0000e+00
dev-corpus-06,4246,236764,0.000000e+00,236764,236764,0.061593,0.061593,0.0000e+00
dev-corpus-06,4247,8761,0.000000e+00,8761,8761,0.000051,0.000051,0.0000e+00
dev-corpus-06,4248,611,0.000000e+00,611,611,0.000036,0.000036,0.0000e+00
dev-corpus-06,4249,659,0.000000e+00,659,659,0.006788,0.006788,0.0000e+00
dev-corpus-06,4250,41064,0.000000e+00,41064,41064,0.000030,0.000030,0.0000e+00
dev-corpus-06,4251,13555,0.000000e+00,13555,13555,0.000017,0.000017,0.0000e+00
dev-corpus-06,4252,236761,0.000000e+00,1781,1781,10.547193,10.547193,0.0000e+00
dev-corpus-06,4253,1030,0.000000e+00,53474,53474,8.911792,8.911792,0.0000e+00
dev-corpus-06,4254,563,0.000000e+00,563,563,0.000034,0.000034,0.0000e+00
dev-corpus-06,4255,2651,0.000000e+00,692,692,4.269166,4.269166,0.0000e+00
dev-corpus-06,4256,573,0.000000e+00,573,573,0.000448,0.000448,0.0000e+00
dev-corpus-06,4257,611,0.000000e+00,611,611,0.008588,0.008588,0.0000e+00
dev-corpus-06,4258,531,0.000000e+00,531,531,0.378295,0.378295,0.0000e+00
dev-corpus-06,4259,12261,0.000000e+00,24712,24712,13.755410,13.755410,0.0000e+00
dev-corpus-06,4260,2342,0.000000e+00,2342,2342,0.000059,0.000059,0.0000e+00
dev-corpus-06,4261,506,0.000000e+00,506,506,0.069885,0.069885,0.0000e+00
dev-corpus-06,4262,817,0.000000e+00,13361,13361,8.595734,8.595734,0.0000e+00
dev-corpus-06,4263,10328,0.000000e+00,10328,10328,0.120030,0.120030,0.0000e+00
dev-corpus-06,4264,1781,0.000000e+00,1781,1781,0.018678,0.018678,0.0000e+00
dev-corpus-06,4265,6768,0.000000e+00,108,108,1.307859,1.307859,0.0000e+00
dev-corpus-06,4266,4733,0.000000e+00,691,691,6.842341,6.842341,0.0000e+00
dev-corpus-06,4267,623,0.000000e+00,236764,236764,1.946356,1.946356,0.0000e+00
dev-corpus-06,4268,3689,0.000000e+00,14070,14070,3.186197,3.186197,0.0000e+00
dev-corpus-06,4269,776,0.000000e+00,776,776,0.547645,0.547645,0.0000e+00
dev-corpus-06,4270,611,0.000000e+00,611,611,0.015271,0.015271,0.0000e+00
dev-corpus-06,4271,1461,0.000000e+00,1461,1461,0.003090,0.003090,0.0000e+00
dev-corpus-06,4272,786,0.000000e+00,786,786,0.002072,0.002072,0.0000e+00
dev-corpus-06,4273,531,0.000000e+00,531,531,0.000081,0.000081,0.0000e+00
dev-corpus-06,4274,776,0.000000e+00,776,776,0.000012,0.000012,0.0000e+00
dev-corpus-06,4275,7462,0.000000e+00,7462,7462,0.078066,0.078066,0.0000e+00
dev-corpus-06,4276,1299,0.000000e+00,532,532,1.507302,1.507302,0.0000e+00
dev-corpus-06,4277,506,0.000000e+00,506,506,0.720063,0.720063,0.0000e+00
dev-corpus-06,4278,29398,0.000000e+00,29398,29398,0.612702,0.612702,0.0000e+00
dev-corpus-06,4279,1176,0.000000e+00,1176,1176,0.075398,0.075398,0.0000e+00
dev-corpus-06,4280,623,0.000000e+00,236764,236764,2.276944,2.276944,0.0000e+00
dev-corpus-06,4281,2023,0.000000e+00,5988,5988,1.004019,1.004019,0.0000e+00
dev-corpus-06,4282,1117,0.000000e+00,1117,1117,0.000849,0.000849,0.0000e+00
dev-corpus-06,4283,532,0.000000e+00,532,532,0.233927,0.233927,0.0000e+00
dev-corpus-06,4284,817,0.000000e+00,577,577,4.206282,4.206282,0.0000e+00
dev-corpus-06,4285,1131,0.000000e+00,1131,1131,0.207967,0.207967,0.0000e+00
dev-corpus-06,4286,506,0.000000e+00,506,506,0.441462,0.441462,0.0000e+00
dev-corpus-06,4287,3207,0.000000e+00,3207,3207,0.001925,0.001925,0.0000e+00
dev-corpus-06,4288,236764,0.000000e+00,236764,236764,0.020983,0.020983,0.0000e+00
dev-corpus-06,4289,532,0.000000e+00,532,532,0.122597,0.122597,0.0000e+00
dev-corpus-06,4290,611,0.000000e+00,993,993,0.768296,0.768296,0.0000e+00
dev-corpus-06,4291,795,0.000000e+00,795,795,0.000085,0.000085,0.0000e+00
dev-corpus-06,4292,577,0.000000e+00,577,577,0.000128,0.000128,0.0000e+00
dev-corpus-06,4293,4173,0.000000e+00,4173,4173,0.361358,0.361358,0.0000e+00
dev-corpus-06,4294,1144,0.000000e+00,1144,1144,0.000282,0.000282,0.0000e+00
dev-corpus-06,4295,611,0.000000e+00,611,611,0.333788,0.333788,0.0000e+00
dev-corpus-06,4296,1921,0.000000e+00,1921,1921,0.094604,0.094604,0.0000e+00
dev-corpus-06,4297,776,0.000000e+00,776,776,0.000047,0.000047,0.0000e+00
dev-corpus-06,4298,1781,0.000000e+00,1781,1781,0.024280,0.024280,0.0000e+00
dev-corpus-06,4299,20607,0.000000e+00,108,108,7.488850,7.488850,0.0000e+00
dev-corpus-06,4300,1010,0.000000e+00,1010,1010,0.405554,0.405554,0.0000e+00
dev-corpus-06,4301,1603,0.000000e+00,78030,78030,8.604814,8.604814,0.0000e+00
dev-corpus-06,4302,18261,0.000000e+00,496,496,2.918386,2.918386,0.0000e+00
dev-corpus-06,4303,236764,0.000000e+00,236764,236764,0.168025,0.168025,0.0000e+00
dev-corpus-06,4304,668,0.000000e+00,668,668,0.682779,0.682779,0.0000e+00
dev-corpus-06,4305,691,0.000000e+00,3939,3939,1.316315,1.316315,0.0000e+00
dev-corpus-06,4306,2080,0.000000e+00,5378,5378,10.707885,10.707885,0.0000e+00
dev-corpus-06,4307,531,0.000000e+00,1131,1131,2.630687,2.630687,0.0000e+00
dev-corpus-06,4308,506,0.000000e+00,506,506,0.698812,0.698812,0.0000e+00
dev-corpus-06,4309,3207,0.000000e+00,3207,3207,0.052022,0.052022,0.0000e+00
dev-corpus-06,4310,532,0.000000e+00,236764,236764,0.923367,0.923367,0.0000e+00
dev-corpus-06,4311,2668,0.000000e+00,691,691,9.704910,9.704910,0.0000e+00
dev-corpus-06,4312,3209,0.000000e+00,3209,3209,0.017460,0.017460,0.0000e+00
dev-corpus-06,4313,914,0.000000e+00,914,914,0.860884,0.860884,0.0000e+00
dev-corpus-06,4314,14186,0.000000e+00,14186,14186,0.047636,0.047636,0.0000e+00
dev-corpus-06,4315,691,0.000000e+00,691,691,0.032557,0.032557,0.0000e+00
dev-corpus-06,4316,28251,0.000000e+00,28251,28251,0.009926,0.009926,0.0000e+00
dev-corpus-06,4317,684,0.000000e+00,236761,236761,4.077789,4.077789,0.0000e+00
dev-corpus-06,4318,1455,0.000000e+00,614,614,5.400955,5.400955,0.0000e+00
dev-corpus-06,4319,3236,0.000000e+00,3236,3236,0.000782,0.000782,0.0000e+00
dev-corpus-06,4320,527,0.000000e+00,527,527,0.000109,0.000109,0.0000e+00
dev-corpus-06,4321,529,0.000000e+00,236761,236761,9.040660,9.040660,0.0000e+00
dev-corpus-06,4322,126662,0.000000e+00,126662,126662,0.028418,0.028418,0.0000e+00
dev-corpus-06,4323,236761,0.000000e+00,236761,236761,0.081018,0.081018,0.0000e+00
dev-corpus-06,4324,4298,0.000000e+00,108,108,5.052229,5.052229,0.0000e+00
dev-corpus-06,4325,6768,0.000000e+00,668,668,1.347397,1.347397,0.0000e+00
dev-corpus-06,4326,691,0.000000e+00,6074,6074,3.616857,3.616857,0.0000e+00
dev-corpus-06,4327,120743,0.000000e+00,120743,120743,1.511011,1.511011,0.0000e+00
dev-corpus-06,4328,532,0.000000e+00,532,532,0.438521,0.438521,0.0000e+00
dev-corpus-06,4329,6842,0.000000e+00,6074,6074,5.106020,5.106020,0.0000e+00
dev-corpus-06,4330,3931,0.000000e+00,6074,6074,3.857503,3.857503,0.0000e+00
dev-corpus-06,4331,531,0.000000e+00,68799,68799,2.767923,2.767923,0.0000e+00
dev-corpus-06,4332,83304,0.000000e+00,82738,82738,3.789931,3.789931,0.0000e+00
dev-corpus-06,4333,9531,0.000000e+00,9699,9699,8.073517,8.073517,0.0000e+00
dev-corpus-06,4334,3618,0.000000e+00,57996,57996,2.954404,2.954404,0.0000e+00
dev-corpus-06,4335,236761,0.000000e+00,236761,236761,0.197425,0.197425,0.0000e+00
dev-corpus-06,4336,1293,0.000000e+00,108,108,2.643664,2.643664,0.0000e+00
dev-corpus-06,4337,72970,0.000000e+00,5452,5452,5.017241,5.017241,0.0000e+00
dev-corpus-06,4338,11120,0.000000e+00,506,506,14.658069,14.658069,0.0000e+00
dev-corpus-06,4339,531,0.000000e+00,528,528,2.610373,2.610373,0.0000e+00
dev-corpus-06,4340,506,0.000000e+00,161635,161635,1.400685,1.400685,0.0000e+00
dev-corpus-06,4341,12249,0.000000e+00,26560,26560,7.655934,7.655934,0.0000e+00
dev-corpus-06,4342,2538,0.000000e+00,2538,2538,0.004643,0.004643,0.0000e+00
dev-corpus-06,4343,532,0.000000e+00,236764,236764,2.573242,2.573242,0.0000e+00
dev-corpus-06,4344,668,0.000000e+00,711,711,3.862253,3.862253,0.0000e+00
dev-corpus-06,4345,563,0.000000e+00,7971,7971,7.368399,7.368399,0.0000e+00
dev-corpus-06,4346,992,0.000000e+00,4542,4542,6.480005,6.480005,0.0000e+00
dev-corpus-06,4347,3224,0.000000e+00,44265,44265,1.834357,1.834357,0.0000e+00
dev-corpus-06,4348,618,0.000000e+00,573,573,1.023218,1.023218,0.0000e+00
dev-corpus-06,4349,614,0.000000e+00,506,506,3.880920,3.880920,0.0000e+00
dev-corpus-06,4350,118661,0.000000e+00,2132,2132,4.240320,4.240320,0.0000e+00
dev-corpus-06,4351,531,0.000000e+00,236761,236761,1.885800,1.885800,0.0000e+00
dev-corpus-06,4352,506,0.000000e+00,506,506,0.000633,0.000633,0.0000e+00
dev-corpus-06,4353,12249,0.000000e+00,161635,161635,3.556310,3.556310,0.0000e+00
dev-corpus-06,4354,2538,0.000000e+00,2538,2538,0.000186,0.000186,0.0000e+00
dev-corpus-06,4355,236761,0.000000e+00,236761,236761,0.133902,0.133902,0.0000e+00
dev-corpus-06,4356,138,0.000000e+00,108,108,8.493068,8.493068,0.0000e+00
dev-corpus-06,4357,2209,0.000000e+00,2209,2209,0.897506,0.897506,0.0000e+00
dev-corpus-06,4358,29295,0.000000e+00,7971,7971,11.599288,11.599288,0.0000e+00
dev-corpus-06,4359,3131,0.000000e+00,26975,26975,3.663444,3.663444,0.0000e+00
dev-corpus-06,4360,26975,0.000000e+00,26975,26975,0.088592,0.088592,0.0000e+00
dev-corpus-06,4361,528,0.000000e+00,5459,5459,1.319327,1.319327,0.0000e+00
dev-corpus-06,4362,8833,0.000000e+00,11560,11560,15.867792,15.867792,0.0000e+00
dev-corpus-06,4363,31220,0.000000e+00,31220,31220,0.001216,0.001216,0.0000e+00
dev-corpus-06,4364,236764,0.000000e+00,236764,236764,0.184576,0.184576,0.0000e+00
dev-corpus-06,4365,14609,0.000000e+00,14609,14609,0.659035,0.659035,0.0000e+00
dev-corpus-06,4366,236747,0.000000e+00,236747,236747,0.000565,0.000565,0.0000e+00
dev-corpus-06,4367,236764,0.000000e+00,236764,236764,0.000287,0.000287,0.0000e+00
dev-corpus-06,4368,140342,0.000000e+00,532,532,3.127446,3.127446,0.0000e+00
dev-corpus-06,4369,4465,0.000000e+00,1614,1614,7.898328,7.898328,0.0000e+00
dev-corpus-06,4370,236764,0.000000e+00,236764,236764,0.017438,0.017438,0.0000e+00
dev-corpus-06,4371,62852,0.000000e+00,62852,62852,0.452754,0.452754,0.0000e+00
dev-corpus-06,4372,532,0.000000e+00,236764,236764,3.894425,3.894425,0.0000e+00
dev-corpus-06,4373,211901,0.000000e+00,1032,1032,1.159952,1.159952,0.0000e+00
dev-corpus-06,4374,236761,0.000000e+00,236761,236761,0.183392,0.183392,0.0000e+00
dev-corpus-06,4375,1214,0.000000e+00,1293,1293,34.300872,34.300872,0.0000e+00
dev-corpus-06,4376,47909,0.000000e+00,710,710,4.469279,4.469279,0.0000e+00
dev-corpus-06,4377,653,0.000000e+00,26975,26975,6.520066,6.520066,0.0000e+00
dev-corpus-06,4378,208456,0.000000e+00,53590,53590,3.764012,3.764012,0.0000e+00
dev-corpus-06,4379,529,0.000000e+00,11739,11739,2.003747,2.003747,0.0000e+00
dev-corpus-06,4380,506,0.000000e+00,914,914,2.540792,2.540792,0.0000e+00
dev-corpus-06,4381,12571,0.000000e+00,26975,26975,5.081125,5.081125,0.0000e+00
dev-corpus-06,4382,6819,0.000000e+00,236772,236772,6.509233,6.509233,0.0000e+00
dev-corpus-06,4383,6249,0.000000e+00,48522,48522,10.016029,10.016029,0.0000e+00
dev-corpus-06,4384,528,0.000000e+00,529,529,2.116413,2.116413,0.0000e+00
dev-corpus-06,4385,506,0.000000e+00,506,506,0.001165,0.001165,0.0000e+00
dev-corpus-06,4386,861,0.000000e+00,1799,1799,2.099033,2.099033,0.0000e+00
dev-corpus-06,4387,43100,0.000000e+00,53437,53437,0.846927,0.846927,0.0000e+00
dev-corpus-06,4388,691,0.000000e+00,659,659,6.312438,6.312438,0.0000e+00
dev-corpus-06,4389,5267,0.000000e+00,5267,5267,0.044686,0.044686,0.0000e+00
dev-corpus-06,4390,684,0.000000e+00,684,684,0.004515,0.004515,0.0000e+00
dev-corpus-06,4391,6768,0.000000e+00,1515,1515,1.032691,1.032691,0.0000e+00
dev-corpus-06,4392,1343,0.000000e+00,236761,236761,9.144937,9.144937,0.0000e+00
dev-corpus-06,4393,506,0.000000e+00,914,914,5.335464,5.335464,0.0000e+00
dev-corpus-06,4394,14984,0.000000e+00,11739,11739,7.135243,7.135243,0.0000e+00
dev-corpus-06,4395,529,0.000000e+00,529,529,0.000947,0.000947,0.0000e+00
dev-corpus-06,4396,506,0.000000e+00,506,506,0.010393,0.010393,0.0000e+00
dev-corpus-06,4397,27437,0.000000e+00,19055,19055,4.686395,4.686395,0.0000e+00
dev-corpus-06,4398,7304,0.000000e+00,7304,7304,0.062551,0.062551,0.0000e+00
dev-corpus-06,4399,236761,0.000000e+00,236761,236761,0.058784,0.058784,0.0000e+00
dev-corpus-06,4400,106,0.000000e+00,1293,1293,3.792582,3.792582,0.0000e+00
dev-corpus-06,4401,107,0.000000e+00,100,100,11.020987,11.020987,0.0000e+00
dev-corpus-06,4402,105,0.000000e+00,100,100,22.109737,22.109737,0.0000e+00
dev-corpus-06,4403,2364,0.000000e+00,198,198,19.174321,19.174321,0.0000e+00
dev-corpus-06,4404,107,0.000000e+00,100,100,10.553194,10.553194,0.0000e+00
dev-corpus-06,4405,3689,0.000000e+00,100,100,8.801058,8.801058,0.0000e+00
dev-corpus-06,4406,659,0.000000e+00,563,563,2.346294,2.346294,0.0000e+00
dev-corpus-06,4407,1070,0.000000e+00,506,506,1.625191,1.625191,0.0000e+00
dev-corpus-06,4408,2432,0.000000e+00,529,529,6.984416,6.984416,0.0000e+00
dev-corpus-06,4409,531,0.000000e+00,692,692,3.611230,3.611230,0.0000e+00
dev-corpus-06,4410,5630,0.000000e+00,1281,1281,4.904747,4.904747,0.0000e+00
dev-corpus-06,4411,1056,0.000000e+00,1003,1003,6.571169,6.571169,0.0000e+00
dev-corpus-06,4412,11691,0.000000e+00,16319,16319,13.269799,13.269799,0.0000e+00
dev-corpus-06,4413,496,0.000000e+00,496,496,0.969107,0.969107,0.0000e+00
dev-corpus-06,4414,861,0.000000e+00,1295,1295,4.634641,4.634641,0.0000e+00
dev-corpus-06,4415,6727,0.000000e+00,1295,1295,9.652370,9.652370,0.0000e+00
dev-corpus-06,4416,529,0.000000e+00,529,529,0.000015,0.000015,0.0000e+00
dev-corpus-06,4417,33640,0.000000e+00,11795,11795,8.731054,8.731054,0.0000e+00
dev-corpus-06,4418,236881,0.000000e+00,236881,236881,0.026044,0.026044,0.0000e+00
dev-corpus-06,4419,106,0.000000e+00,108,108,2.477495,2.477495,0.0000e+00
dev-corpus-06,4420,107,0.000000e+00,199,199,12.096458,12.096458,0.0000e+00
dev-corpus-06,4421,105,0.000000e+00,100,100,21.507101,21.507101,0.0000e+00
dev-corpus-06,4422,4368,0.000000e+00,100,100,5.961505,5.961505,0.0000e+00
dev-corpus-06,4423,107,0.000000e+00,100,100,7.571422,7.571422,0.0000e+00
dev-corpus-06,4424,3810,0.000000e+00,100,100,9.413437,9.413437,0.0000e+00
dev-corpus-06,4425,659,0.000000e+00,659,659,0.001756,0.001756,0.0000e+00
dev-corpus-06,4426,1551,0.000000e+00,1551,1551,0.003711,0.003711,0.0000e+00
dev-corpus-06,4427,13138,0.000000e+00,5872,5872,11.594580,11.594580,0.0000e+00
dev-corpus-06,4428,1056,0.000000e+00,531,531,6.187017,6.187017,0.0000e+00
dev-corpus-06,4429,886,0.000000e+00,11691,11691,19.310455,19.310455,0.0000e+00
dev-corpus-06,4430,740,0.000000e+00,563,563,9.265212,9.265212,0.0000e+00
dev-corpus-06,4431,2514,0.000000e+00,3717,3717,10.437824,10.437824,0.0000e+00
dev-corpus-06,4432,528,0.000000e+00,528,528,0.009009,0.009009,0.0000e+00
dev-corpus-06,4433,3666,0.000000e+00,3666,3666,0.022946,0.022946,0.0000e+00
dev-corpus-06,4434,1056,0.000000e+00,1056,1056,0.144346,0.144346,0.0000e+00
dev-corpus-06,4435,21186,0.000000e+00,11691,11691,1.127146,1.127146,0.0000e+00
dev-corpus-06,4436,33640,0.000000e+00,496,496,4.433404,4.433404,0.0000e+00
dev-corpus-06,4437,236761,0.000000e+00,236764,236764,3.623078,3.623078,0.0000e+00
dev-corpus-06,4438,107,0.000000e+00,669,669,15.969924,15.969924,0.0000e+00
dev-corpus-06,4439,236770,0.000000e+00,8291,8291,6.100148,6.100148,0.0000e+00
dev-corpus-06,4440,236761,0.000000e+00,236761,236761,0.000607,0.000607,0.0000e+00
dev-corpus-06,4441,48573,0.000000e+00,5213,5213,6.854565,6.854565,0.0000e+00
dev-corpus-06,4442,236787,0.000000e+00,236787,236787,0.936653,0.936653,0.0000e+00
dev-corpus-06,4443,506,0.000000e+00,2900,2900,9.770783,9.770783,0.0000e+00
dev-corpus-06,4444,5708,0.000000e+00,1171,1171,4.309281,4.309281,0.0000e+00
dev-corpus-06,4445,529,0.000000e+00,529,529,0.688223,0.688223,0.0000e+00
dev-corpus-06,4446,14120,0.000000e+00,506,506,6.538993,6.538993,0.0000e+00
dev-corpus-06,4447,1374,0.000000e+00,563,563,2.664703,2.664703,0.0000e+00
dev-corpus-06,4448,577,0.000000e+00,577,577,0.027930,0.027930,0.0000e+00
dev-corpus-06,4449,3582,0.000000e+00,4542,4542,4.307517,4.307517,0.0000e+00
dev-corpus-06,4450,528,0.000000e+00,236761,236761,4.013313,4.013313,0.0000e+00
dev-corpus-06,4451,3666,0.000000e+00,3666,3666,1.294397,1.294397,0.0000e+00
dev-corpus-06,4452,236764,0.000000e+00,236761,236761,2.747018,2.747018,0.0000e+00
dev-corpus-06,4453,858,0.000000e+00,3363,3363,9.022968,9.022968,0.0000e+00
dev-corpus-06,4454,236761,0.000000e+00,236761,236761,0.000437,0.000437,0.0000e+00
dev-corpus-06,4455,236744,0.000000e+00,236744,236744,0.002544,0.002544,0.0000e+00
dev-corpus-06,4456,1126,0.000000e+00,1126,1126,0.670770,0.670770,0.0000e+00
dev-corpus-06,4457,3363,0.000000e+00,573,573,1.356962,1.356962,0.0000e+00
dev-corpus-06,4458,625,0.000000e+00,506,506,1.213535,1.213535,0.0000e+00
dev-corpus-06,4459,236789,0.000000e+00,563,563,2.725432,2.725432,0.0000e+00
dev-corpus-06,4460,236751,0.000000e+00,236751,236751,0.001473,0.001473,0.0000e+00
dev-corpus-06,4461,573,0.000000e+00,573,573,0.012292,0.012292,0.0000e+00
dev-corpus-06,4462,9903,0.000000e+00,13723,13723,8.777074,8.777074,0.0000e+00
dev-corpus-06,4463,1535,0.000000e+00,4252,4252,8.023978,8.023978,0.0000e+00
dev-corpus-06,4464,3325,0.000000e+00,4252,4252,1.458502,1.458502,0.0000e+00
dev-corpus-06,4465,4252,0.000000e+00,4252,4252,0.109347,0.109347,0.0000e+00
dev-corpus-06,4466,653,0.000000e+00,236764,236764,4.172350,4.172350,0.0000e+00
dev-corpus-06,4467,573,0.000000e+00,573,573,0.172557,0.172557,0.0000e+00
dev-corpus-06,4468,981,0.000000e+00,13723,13723,6.022354,6.022354,0.0000e+00
dev-corpus-06,4469,1133,0.000000e+00,9139,9139,4.082413,4.082413,0.0000e+00
dev-corpus-06,4470,4030,0.000000e+00,9139,9139,1.991423,1.991423,0.0000e+00
dev-corpus-06,4471,2948,0.000000e+00,9139,9139,5.303827,5.303827,0.0000e+00
dev-corpus-06,4472,9139,0.000000e+00,9139,9139,0.083726,0.083726,0.0000e+00
dev-corpus-06,4473,236761,0.000000e+00,236761,236761,0.482571,0.482571,0.0000e+00
dev-corpus-06,4474,107,0.000000e+00,107,107,0.021076,0.021076,0.0000e+00
dev-corpus-06,4475,236778,0.000000e+00,236778,236778,0.002044,0.002044,0.0000e+00
dev-corpus-06,4476,236761,0.000000e+00,236761,236761,0.000025,0.000025,0.0000e+00
dev-corpus-06,4477,14584,0.000000e+00,54866,54866,7.346479,7.346479,0.0000e+00
dev-corpus-06,4478,19791,0.000000e+00,236787,236787,16.755840,16.755840,0.0000e+00
dev-corpus-06,4479,236787,0.000000e+00,236787,236787,0.086992,0.086992,0.0000e+00
dev-corpus-06,4480,22100,0.000000e+00,506,506,10.469308,10.469308,0.0000e+00
dev-corpus-06,4481,563,0.000000e+00,1374,1374,1.134389,1.134389,0.0000e+00
dev-corpus-06,4482,2462,0.000000e+00,496,496,2.069006,2.069006,0.0000e+00
dev-corpus-06,4483,614,0.000000e+00,496,496,2.789086,2.789086,0.0000e+00
dev-corpus-06,4484,2132,0.000000e+00,2132,2132,0.428684,0.428684,0.0000e+00
dev-corpus-06,4485,11231,0.000000e+00,5415,5415,2.043920,2.043920,0.0000e+00
dev-corpus-06,4486,1056,0.000000e+00,236764,236764,5.107086,5.107086,0.0000e+00
dev-corpus-06,4487,625,0.000000e+00,11691,11691,4.099222,4.099222,0.0000e+00
dev-corpus-06,4488,3952,0.000000e+00,3952,3952,0.037177,0.037177,0.0000e+00
dev-corpus-06,4489,531,0.000000e+00,531,531,0.000833,0.000833,0.0000e+00
dev-corpus-06,4490,1027,0.000000e+00,11691,11691,3.244543,3.244543,0.0000e+00
dev-corpus-06,4491,4260,0.000000e+00,7408,7408,10.244446,10.244446,0.0000e+00
dev-corpus-06,4492,529,0.000000e+00,529,529,0.000102,0.000102,0.0000e+00
dev-corpus-06,4493,7408,0.000000e+00,7408,7408,0.262235,0.262235,0.0000e+00
dev-corpus-06,4494,236761,0.000000e+00,236761,236761,0.708471,0.708471,0.0000e+00
dev-corpus-06,4495,107,0.000000e+00,107,107,1.335173,1.335173,0.0000e+00
dev-corpus-06,4496,236800,0.000000e+00,236800,236800,0.001738,0.001738,0.0000e+00
dev-corpus-06,4497,236761,0.000000e+00,236761,236761,0.000019,0.000019,0.0000e+00
dev-corpus-06,4498,23531,0.000000e+00,54866,54866,11.484051,11.484051,0.0000e+00
dev-corpus-06,4499,59461,0.000000e+00,59461,59461,0.038783,0.038783,0.0000e+00
dev-corpus-06,4500,32735,0.000000e+00,135398,135398,13.338853,13.338853,0.0000e+00
dev-corpus-06,4501,568,0.000000e+00,236787,236787,0.972361,0.972361,0.0000e+00
dev-corpus-06,4502,27478,0.000000e+00,27478,27478,0.001072,0.001072,0.0000e+00
dev-corpus-06,4503,1473,0.000000e+00,1473,1473,0.024804,0.024804,0.0000e+00
dev-corpus-06,4504,8035,0.000000e+00,1637,1637,10.212620,10.212620,0.0000e+00
dev-corpus-06,4505,9168,0.000000e+00,625,625,4.444101,4.444101,0.0000e+00
dev-corpus-06,4506,32735,0.000000e+00,32735,32735,0.353170,0.353170,0.0000e+00
dev-corpus-06,4507,563,0.000000e+00,563,563,0.932515,0.932515,0.0000e+00
dev-corpus-06,4508,4891,0.000000e+00,496,496,14.411398,14.411398,0.0000e+00
dev-corpus-06,4509,607,0.000000e+00,919,919,5.776223,5.776223,0.0000e+00
dev-corpus-06,4510,1346,0.000000e+00,919,919,4.871053,4.871053,0.0000e+00
dev-corpus-06,4511,140350,0.000000e+00,33640,33640,3.282404,3.282404,0.0000e+00
dev-corpus-06,4512,49808,0.000000e+00,236764,236764,2.421992,2.421992,0.0000e+00
dev-corpus-06,4513,236764,0.000000e+00,236764,236764,0.005352,0.005352,0.0000e+00
dev-corpus-06,4514,506,0.000000e+00,625,625,3.332889,3.332889,0.0000e+00
dev-corpus-06,4515,3325,0.000000e+00,3325,3325,1.201120,1.201120,0.0000e+00
dev-corpus-06,4516,529,0.000000e+00,529,529,0.128237,0.128237,0.0000e+00
dev-corpus-06,4517,111424,0.000000e+00,506,506,1.594931,1.594931,0.0000e+00
dev-corpus-06,4518,2473,0.000000e+00,1374,1374,6.421658,6.421658,0.0000e+00
dev-corpus-06,4519,9729,0.000000e+00,9729,9729,0.577977,0.577977,0.0000e+00
dev-corpus-06,4520,699,0.000000e+00,236761,236761,2.173675,2.173675,0.0000e+00
dev-corpus-06,4521,886,0.000000e+00,886,886,0.237086,0.237086,0.0000e+00
dev-corpus-06,4522,6347,0.000000e+00,2028,2028,9.270857,9.270857,0.0000e+00
dev-corpus-06,4523,531,0.000000e+00,529,529,1.097345,1.097345,0.0000e+00
dev-corpus-06,4524,2264,0.000000e+00,2264,2264,0.169322,0.169322,0.0000e+00
dev-corpus-06,4525,236761,0.000000e+00,236761,236761,0.078954,0.078954,0.0000e+00
dev-corpus-06,4526,1593,0.000000e+00,107,107,6.097066,6.097066,0.0000e+00
dev-corpus-06,4527,625,0.000000e+00,236764,236764,2.306990,2.306990,0.0000e+00
dev-corpus-06,4528,236789,0.000000e+00,563,563,0.781661,0.781661,0.0000e+00
dev-corpus-06,4529,236751,0.000000e+00,236751,236751,0.000205,0.000205,0.0000e+00
dev-corpus-06,4530,2462,0.000000e+00,5367,5367,4.603753,4.603753,0.0000e+00
dev-corpus-06,4531,1535,0.000000e+00,496,496,1.853275,1.853275,0.0000e+00
dev-corpus-06,4532,531,0.000000e+00,531,531,0.031971,0.031971,0.0000e+00
dev-corpus-06,4533,1676,0.000000e+00,2426,2426,3.851361,3.851361,0.0000e+00
dev-corpus-06,4534,1070,0.000000e+00,10595,10595,3.575432,3.575432,0.0000e+00
dev-corpus-06,4535,10595,0.000000e+00,10595,10595,0.033770,0.033770,0.0000e+00
dev-corpus-06,4536,2101,0.000000e+00,531,531,7.924364,7.924364,0.0000e+00
dev-corpus-06,4537,625,0.000000e+00,506,506,3.538558,3.538558,0.0000e+00
dev-corpus-06,4538,236761,0.000000e+00,236761,236761,0.109502,0.109502,0.0000e+00
dev-corpus-06,4539,107,0.000000e+00,107,107,0.026669,0.026669,0.0000e+00
dev-corpus-06,4540,236812,0.000000e+00,236812,236812,0.002628,0.002628,0.0000e+00
dev-corpus-06,4541,236761,0.000000e+00,236761,236761,0.000061,0.000061,0.0000e+00
dev-corpus-06,4542,18424,0.000000e+00,54866,54866,15.801247,15.801247,0.0000e+00
dev-corpus-06,4543,3739,0.000000e+00,151162,151162,10.346475,10.346475,0.0000e+00
dev-corpus-06,4544,532,0.000000e+00,236787,236787,3.955187,3.955187,0.0000e+00
dev-corpus-06,4545,4065,0.000000e+00,5368,5368,1.450831,1.450831,0.0000e+00
dev-corpus-06,4546,236787,0.000000e+00,236787,236787,0.005238,0.005238,0.0000e+00
dev-corpus-06,4547,1030,0.000000e+00,4943,4943,4.492367,4.492367,0.0000e+00
dev-corpus-06,4548,563,0.000000e+00,236789,236789,1.061485,1.061485,0.0000e+00
dev-corpus-06,4549,4180,0.000000e+00,5367,5367,9.974110,9.974110,0.0000e+00
dev-corpus-06,4550,496,0.000000e+00,2462,2462,4.457398,4.457398,0.0000e+00
dev-corpus-06,4551,6606,0.000000e+00,2238,2238,8.140810,8.140810,0.0000e+00
dev-corpus-06,4552,1492,0.000000e+00,49808,49808,2.242791,2.242791,0.0000e+00
dev-corpus-06,4553,600,0.000000e+00,573,573,1.172005,1.172005,0.0000e+00
dev-corpus-06,4554,1418,0.000000e+00,33640,33640,4.204670,4.204670,0.0000e+00
dev-corpus-06,4555,3262,0.000000e+00,54677,54677,5.708873,5.708873,0.0000e+00
dev-corpus-06,4556,54677,0.000000e+00,5500,5500,1.665762,1.665762,0.0000e+00
dev-corpus-06,4557,2544,0.000000e+00,815,815,5.244240,5.244240,0.0000e+00
dev-corpus-06,4558,815,0.000000e+00,815,815,0.551407,0.551407,0.0000e+00
dev-corpus-06,4559,5535,0.000000e+00,496,496,5.241912,5.241912,0.0000e+00
dev-corpus-06,4560,506,0.000000e+00,496,496,9.230137,9.230137,0.0000e+00
dev-corpus-06,4561,7041,0.000000e+00,6551,6551,4.361985,4.361985,0.0000e+00
dev-corpus-06,4562,6551,0.000000e+00,6551,6551,0.129249,0.129249,0.0000e+00
dev-corpus-06,4563,3739,0.000000e+00,3739,3739,0.421141,0.421141,0.0000e+00
dev-corpus-06,4564,607,0.000000e+00,236761,236761,2.550464,2.550464,0.0000e+00
dev-corpus-06,4565,1070,0.000000e+00,3572,3572,3.336582,3.336582,0.0000e+00
dev-corpus-06,4566,1138,0.000000e+00,4065,4065,8.668997,8.668997,0.0000e+00
dev-corpus-06,4567,236772,0.000000e+00,236772,236772,0.046187,0.046187,0.0000e+00
dev-corpus-06,4568,498,0.000000e+00,1190,1190,1.336269,1.336269,0.0000e+00
dev-corpus-06,4569,4065,0.000000e+00,4065,4065,0.145754,0.145754,0.0000e+00
dev-corpus-06,4570,236761,0.000000e+00,236761,236761,0.508480,0.508480,0.0000e+00
dev-corpus-06,4571,2024,0.000000e+00,1593,1593,6.249305,6.249305,0.0000e+00
dev-corpus-06,4572,1070,0.000000e+00,506,506,2.199386,2.199386,0.0000e+00
dev-corpus-06,4573,4699,0.000000e+00,33640,33640,2.812427,2.812427,0.0000e+00
dev-corpus-06,4574,2729,0.000000e+00,735,735,3.115261,3.115261,0.0000e+00
dev-corpus-06,4575,1623,0.000000e+00,919,919,4.979965,4.979965,0.0000e+00
dev-corpus-06,4576,573,0.000000e+00,919,919,14.702134,14.702134,0.0000e+00
dev-corpus-06,4577,5851,0.000000e+00,506,506,14.979545,14.979545,0.0000e+00
dev-corpus-06,4578,236772,0.000000e+00,236772,236772,0.266763,0.266763,0.0000e+00
dev-corpus-06,4579,102059,0.000000e+00,118291,118291,8.669712,8.669712,0.0000e+00
dev-corpus-06,4580,12239,0.000000e+00,2256,2256,2.976548,2.976548,0.0000e+00
dev-corpus-06,4581,1082,0.000000e+00,532,532,4.551152,4.551152,0.0000e+00
dev-corpus-06,4582,3496,0.000000e+00,3496,3496,0.074580,0.074580,0.0000e+00
dev-corpus-06,4583,236761,0.000000e+00,236761,236761,0.148922,0.148922,0.0000e+00
dev-corpus-06,4584,107,0.000000e+00,107,107,0.234875,0.234875,0.0000e+00
dev-corpus-06,4585,236810,0.000000e+00,236810,236810,0.002110,0.002110,0.0000e+00
dev-corpus-06,4586,236761,0.000000e+00,236761,236761,0.000025,0.000025,0.0000e+00
dev-corpus-06,4587,90917,0.000000e+00,54866,54866,15.495624,15.495624,0.0000e+00
dev-corpus-06,4588,1624,0.000000e+00,1624,1624,1.137093,1.137093,0.0000e+00
dev-corpus-06,4589,236787,0.000000e+00,532,532,0.814964,0.814964,0.0000e+00
dev-corpus-06,4590,1637,0.000000e+00,1637,1637,1.579191,1.579191,0.0000e+00
dev-corpus-06,4591,611,0.000000e+00,611,611,0.663597,0.663597,0.0000e+00
dev-corpus-06,4592,659,0.000000e+00,659,659,1.192965,1.192965,0.0000e+00
dev-corpus-06,4593,496,0.000000e+00,1771,1771,4.660693,4.660693,0.0000e+00
dev-corpus-06,4594,17597,0.000000e+00,1589,1589,1.872771,1.872771,0.0000e+00
dev-corpus-06,4595,75507,0.000000e+00,67302,67302,1.372527,1.372527,0.0000e+00
dev-corpus-06,4596,236764,0.000000e+00,236764,236764,0.074419,0.074419,0.0000e+00
dev-corpus-06,4597,1299,0.000000e+00,496,496,2.556068,2.556068,0.0000e+00
dev-corpus-06,4598,496,0.000000e+00,496,496,0.216799,0.216799,0.0000e+00
dev-corpus-06,4599,11236,0.000000e+00,6081,6081,4.644635,4.644635,0.0000e+00
dev-corpus-06,4600,532,0.000000e+00,6081,6081,1.376480,1.376480,0.0000e+00
dev-corpus-06,4601,16317,0.000000e+00,22937,22937,4.645361,4.645361,0.0000e+00
dev-corpus-06,4602,54677,0.000000e+00,6081,6081,10.252648,10.252648,0.0000e+00
dev-corpus-06,4603,6081,0.000000e+00,607,607,5.909729,5.909729,0.0000e+00
dev-corpus-06,4604,1624,0.000000e+00,1624,1624,0.034285,0.034285,0.0000e+00
dev-corpus-06,4605,2473,0.000000e+00,563,563,2.781242,2.781242,0.0000e+00
dev-corpus-06,4606,577,0.000000e+00,577,577,0.015506,0.015506,0.0000e+00
dev-corpus-06,4607,1535,0.000000e+00,496,496,5.270341,5.270341,0.0000e+00
dev-corpus-07,4608,107,0.000000e+00,236858,236858,12.387186,12.387186,0.0000e+00
dev-corpus-07,4609,98,0.000000e+00,9731,9731,16.501911,16.501911,0.0000e+00
dev-corpus-07,4610,107,0.000000e+00,100,100,10.178097,10.178097,0.0000e+00
dev-corpus-07,4611,106,0.000000e+00,140,140,10.282404,10.282404,0.0000e+00
dev-corpus-07,4612,107,0.000000e+00,542,542,8.668600,8.668600,0.0000e+00
dev-corpus-07,4613,105,0.000000e+00,140,140,20.190823,20.190823,0.0000e+00
dev-corpus-07,4614,2364,0.000000e+00,198,198,31.065348,31.065348,0.0000e+00
dev-corpus-07,4615,107,0.000000e+00,42168,42168,12.751838,12.751838,0.0000e+00
dev-corpus-07,4616,3910,0.000000e+00,100,100,11.510031,11.510031,0.0000e+00
dev-corpus-07,4617,1677,0.000000e+00,776,776,2.198532,2.198532,0.0000e+00
dev-corpus-07,4618,506,0.000000e+00,93036,93036,2.480168,2.480168,0.0000e+00
dev-corpus-07,4619,9115,0.000000e+00,3495,3495,14.478714,14.478714,0.0000e+00
dev-corpus-07,4620,22645,0.000000e+00,3658,3658,12.349465,12.349465,0.0000e+00
dev-corpus-07,4621,1458,0.000000e+00,1458,1458,0.018913,0.018913,0.0000e+00
dev-corpus-07,4622,981,0.000000e+00,981,981,0.086543,0.086543,0.0000e+00
dev-corpus-07,4623,236881,0.000000e+00,236881,236881,0.051005,0.051005,0.0000e+00
dev-corpus-07,4624,106,0.000000e+00,108,108,5.295565,5.295565,0.0000e+00
dev-corpus-07,4625,107,0.000000e+00,100,100,6.026100,6.026100,0.0000e+00
dev-corpus-07,4626,105,0.000000e+00,818,818,16.815696,16.815696,0.0000e+00
dev-corpus-07,4627,4368,0.000000e+00,18645,18645,19.757485,19.757485,0.0000e+00
dev-corpus-07,4628,107,0.000000e+00,100,100,8.826509,8.826509,0.0000e+00
dev-corpus-07,4629,7795,0.000000e+00,100,100,19.956658,19.956658,0.0000e+00
dev-corpus-07,4630,42792,0.000000e+00,529,529,2.390029,2.390029,0.0000e+00
dev-corpus-07,4631,815,0.000000e+00,528,528,2.376470,2.376470,0.0000e+00
dev-corpus-07,4632,1156,0.000000e+00,5213,5213,2.515669,2.515669,0.0000e+00
dev-corpus-07,4633,20644,0.000000e+00,20644,20644,0.506498,0.506498,0.0000e+00
dev-corpus-07,4634,236761,0.000000e+00,236764,236764,5.421012,5.421012,0.0000e+00
dev-corpus-07,4635,669,0.000000e+00,669,669,0.475970,0.475970,0.0000e+00
dev-corpus-07,4636,1171,0.000000e+00,1458,1458,1.825230,1.825230,0.0000e+00
dev-corpus-07,4637,10744,0.000000e+00,10744,10744,0.346371,0.346371,0.0000e+00
dev-corpus-07,4638,563,0.000000e+00,563,563,0.126209,0.126209,0.0000e+00
dev-corpus-07,4639,573,0.000000e+00,573,573,0.114021,0.114021,0.0000e+00
dev-corpus-07,4640,496,0.000000e+00,496,496,0.203096,0.203096,0.0000e+00
dev-corpus-07,4641,1982,0.000000e+00,5213,5213,4.806847,4.806847,0.0000e+00
dev-corpus-07,4642,64272,0.000000e+00,11054,11054,5.351507,5.351507,0.0000e+00
dev-corpus-07,4643,11054,0.000000e+00,11054,11054,0.017927,0.017927,0.0000e+00
dev-corpus-07,4644,236761,0.000000e+00,236764,236764,6.885970,6.885970,0.0000e+00
dev-corpus-07,4645,669,0.000000e+00,669,669,0.031089,0.031089,0.0000e+00
dev-corpus-07,4646,11054,0.000000e+00,1855,1855,11.936273,11.936273,0.0000e+00
dev-corpus-07,4647,607,0.000000e+00,1015,1015,2.853208,2.853208,0.0000e+00
dev-corpus-07,4648,506,0.000000e+00,506,506,0.000795,0.000795,0.0000e+00
dev-corpus-07,4649,6658,0.000000e+00,1346,1346,13.455981,13.455981,0.0000e+00
dev-corpus-07,4650,8862,0.000000e+00,1346,1346,0.905354,0.905354,0.0000e+00
dev-corpus-07,4651,21500,0.000000e+00,529,529,5.961166,5.961166,0.0000e+00
dev-corpus-07,4652,496,0.000000e+00,506,506,4.884302,4.884302,0.0000e+00
dev-corpus-07,4653,23535,0.000000e+00,11171,11171,6.925708,6.925708,0.0000e+00
dev-corpus-07,4654,11171,0.000000e+00,11171,11171,0.078926,0.078926,0.0000e+00
dev-corpus-07,4655,528,0.000000e+00,236761,236761,1.750633,1.750633,0.0000e+00
dev-corpus-07,4656,26778,0.000000e+00,506,506,5.126040,5.126040,0.0000e+00
dev-corpus-07,4657,236761,0.000000e+00,236761,236761,0.101337,0.101337,0.0000e+00
dev-corpus-07,4658,669,0.000000e+00,669,669,0.041174,0.041174,0.0000e+00
dev-corpus-07,4659,1855,0.000000e+00,1855,1855,0.005836,0.005836,0.0000e+00
dev-corpus-07,4660,10744,0.000000e+00,10744,10744,0.001298,0.001298,0.0000e+00
dev-corpus-07,4661,563,0.000000e+00,563,563,0.116337,0.116337,0.0000e+00
dev-corpus-07,4662,573,0.000000e+00,573,573,0.052131,0.052131,0.0000e+00
dev-corpus-07,4663,496,0.000000e+00,496,496,0.018974,0.018974,0.0000e+00
dev-corpus-07,4664,4598,0.000000e+00,4598,4598,0.685252,0.685252,0.0000e+00
dev-corpus-07,4665,236789,0.000000e+00,1694,1694,9.031303,9.031303,0.0000e+00
dev-corpus-07,4666,236751,0.000000e+00,236751,236751,0.000037,0.000037,0.0000e+00
dev-corpus-07,4667,1694,0.000000e+00,1694,1694,0.033063,0.033063,0.0000e+00
dev-corpus-07,4668,529,0.000000e+00,236761,236761,1.766023,1.766023,0.0000e+00
dev-corpus-07,4669,13176,0.000000e+00,13176,13176,0.002292,0.002292,0.0000e+00
dev-corpus-07,4670,236764,0.000000e+00,236761,236761,2.494039,2.494039,0.0000e+00
dev-corpus-07,4671,837,0.000000e+00,532,532,1.070031,1.070031,0.0000e+00
dev-corpus-07,4672,16819,0.000000e+00,23521,23521,12.084717,12.084717,0.0000e+00
dev-corpus-07,4673,657,0.000000e+00,531,531,7.794867,7.794867,0.0000e+00
dev-corpus-07,4674,506,0.000000e+00,506,506,0.103943,0.103943,0.0000e+00
dev-corpus-07,4675,1883,0.000000e+00,1883,1883,0.623286,0.623286,0.0000e+00
dev-corpus-07,4676,1984,0.000000e+00,1984,1984,0.078134,0.078134,0.0000e+00
dev-corpus-07,4677,236761,0.000000e+00,236761,236761,0.126024,0.126024,0.0000e+00
dev-corpus-07,4678,669,0.000000e+00,1174,1174,1.143193,1.143193,0.0000e+00
dev-corpus-07,4679,1855,0.000000e+00,17823,17823,1.932846,1.932846,0.0000e+00
dev-corpus-07,4680,10744,0.000000e+00,10744,10744,0.003555,0.003555,0.0000e+00
dev-corpus-07,4681,23521,0.000000e+00,563,563,0.963173,0.963173,0.0000e+00
dev-corpus-07,4682,506,0.000000e+00,506,506,0.261452,0.261452,0.0000e+00
dev-corpus-07,4683,6782,0.000000e+00,6782,6782,0.788765,0.788765,0.0000e+00
dev-corpus-07,4684,20688,0.000000e+00,5296,5296,3.532179,3.532179,0.0000e+00
dev-corpus-07,4685,4598,0.000000e+00,5296,5296,12.056320,12.056320,0.0000e+00
dev-corpus-07,4686,10065,0.000000e+00,10065,10065,0.312970,0.312970,0.0000e+00
dev-corpus-07,4687,528,0.000000e+00,236761,236761,1.609500,1.609500,0.0000e+00
dev-corpus-07,4688,506,0.000000e+00,26778,26778,1.265333,1.265333,0.0000e+00
dev-corpus-07,4689,26778,0.000000e+00,214934,214934,1.912028,1.912028,0.0000e+00
dev-corpus-07,4690,236761,0.000000e+00,236761,236761,0.022589,0.022589,0.0000e+00
dev-corpus-07,4691,7178,0.000000e+00,108,108,9.305769,9.305769,0.0000e+00
dev-corpus-07,4692,14467,0.000000e+00,990,990,6.380259,6.380259,0.0000e+00
dev-corpus-07,4693,17823,0.000000e+00,17823,17823,0.037148,0.037148,0.0000e+00
dev-corpus-07,4694,2473,0.000000e+00,659,659,5.844940,5.844940,0.0000e+00
dev-corpus-07,4695,577,0.000000e+00,577,577,0.814061,0.814061,0.0000e+00
dev-corpus-07,4696,3742,0.000000e+00,4127,4127,3.451235,3.451235,0.0000e+00
dev-corpus-07,4697,531,0.000000e+00,531,531,0.533028,0.533028,0.0000e+00
dev-corpus-07,4698,16529,0.000000e+00,25430,25430,5.120367,5.120367,0.0000e+00
dev-corpus-07,4699,506,0.000000e+00,506,506,0.181613,0.181613,0.0000e+00
dev-corpus-07,4700,1982,0.000000e+00,119429,119429,2.180645,2.180645,0.0000e+00
dev-corpus-07,4701,77408,0.000000e+00,64272,64272,1.947313,1.947313,0.0000e+00
dev-corpus-07,4702,699,0.000000e+00,236761,236761,4.473586,4.473586,0.0000e+00
dev-corpus-07,4703,506,0.000000e+00,506,506,0.403750,0.403750,0.0000e+00
dev-corpus-07,4704,1171,0.000000e+00,1171,1171,0.529701,0.529701,0.0000e+00
dev-corpus-07,4705,10744,0.000000e+00,10744,10744,0.007165,0.007165,0.0000e+00
dev-corpus-07,4706,236761,0.000000e+00,236761,236761,0.114721,0.114721,0.0000e+00
dev-corpus-07,4707,106,0.000000e+00,108,108,2.275555,2.275555,0.0000e+00
dev-corpus-07,4708,107,0.000000e+00,818,818,8.626253,8.626253,0.0000e+00
dev-corpus-07,4709,105,0.000000e+00,100,100,21.034075,21.034075,0.0000e+00
dev-corpus-07,4710,2364,0.000000e+00,198,198,16.838360,16.838360,0.0000e+00
dev-corpus-07,4711,107,0.000000e+00,100,100,4.347901,4.347901,0.0000e+00
dev-corpus-07,4712,3689,0.000000e+00,100,100,9.063658,9.063658,0.0000e+00
dev-corpus-07,4713,563,0.000000e+00,563,563,0.520543,0.520543,0.0000e+00
dev-corpus-07,4714,506,0.000000e+00,506,506,0.075197,0.075197,0.0000e+00
dev-corpus-07,4715,1791,0.000000e+00,17141,17141,9.496484,9.496484,0.0000e+00
dev-corpus-07,4716,4563,0.000000e+00,1595,1595,12.059397,12.059397,0.0000e+00
dev-corpus-07,4717,573,0.000000e+00,573,573,0.542473,0.542473,0.0000e+00
dev-corpus-07,4718,496,0.000000e+00,496,496,0.398546,0.398546,0.0000e+00
dev-corpus-07,4719,2523,0.000000e+00,42792,42792,6.903162,6.903162,0.0000e+00
dev-corpus-07,4720,17640,0.000000e+00,531,531,1.872894,1.872894,0.0000e+00
dev-corpus-07,4721,528,0.000000e+00,236881,236881,0.971068,0.971068,0.0000e+00
dev-corpus-07,4722,16425,0.000000e+00,9405,9405,14.258951,14.258951,0.0000e+00
dev-corpus-07,4723,3879,0.000000e+00,3879,3879,0.228880,0.228880,0.0000e+00
dev-corpus-07,4724,236881,0.000000e+00,236881,236881,0.042658,0.042658,0.0000e+00
dev-corpus-07,4725,106,0.000000e+00,108,108,1.757783,1.757783,0.0000e+00
dev-corpus-07,4726,107,0.000000e+00,199,199,24.831531,24.831531,0.0000e+00
dev-corpus-07,4727,105,0.000000e+00,100,100,20.750803,20.750803,0.0000e+00
dev-corpus-07,4728,4368,0.000000e+00,198,198,15.197337,15.197337,0.0000e+00
dev-corpus-07,4729,107,0.000000e+00,100,100,8.154495,8.154495,0.0000e+00
dev-corpus-07,4730,818,0.000000e+00,100,100,8.840123,8.840123,0.0000e+00
dev-corpus-07,4731,1791,0.000000e+00,623,623,5.453248,5.453248,0.0000e+00
dev-corpus-07,4732,4563,0.000000e+00,4563,4563,0.000648,0.000648,0.0000e+00
dev-corpus-07,4733,9796,0.000000e+00,573,573,5.002387,5.002387,0.0000e+00
dev-corpus-07,4734,580,0.000000e+00,11716,11716,5.840857,5.840857,0.0000e+00
dev-corpus-07,4735,3141,0.000000e+00,1144,1144,17.369264,17.369264,0.0000e+00
dev-corpus-07,4736,38527,0.000000e+00,2523,2523,4.687829,4.687829,0.0000e+00
dev-corpus-07,4737,532,0.000000e+00,236764,236764,3.638957,3.638957,0.0000e+00
dev-corpus-07,4738,22195,0.000000e+00,1144,1144,3.835311,3.835311,0.0000e+00
dev-corpus-07,4739,236761,0.000000e+00,237028,237028,2.643516,2.643516,0.0000e+00
dev-corpus-07,4740,138,0.000000e+00,2282,2282,13.772173,13.772173,0.0000e+00
dev-corpus-07,4741,108,0.000000e+00,2021,2021,11.830482,11.830482,0.0000e+00
dev-corpus-07,4742,2542,0.000000e+00,1018,1018,3.597513,3.597513,0.0000e+00
dev-corpus-07,4743,496,0.000000e+00,5213,5213,0.901295,0.901295,0.0000e+00
dev-corpus-07,4744,17640,0.000000e+00,5213,5213,9.678049,9.678049,0.0000e+00
dev-corpus-07,4745,528,0.000000e+00,10317,10317,6.404910,6.404910,0.0000e+00
dev-corpus-07,4746,496,0.000000e+00,5213,5213,4.758437,4.758437,0.0000e+00
dev-corpus-07,4747,3207,0.000000e+00,2523,2523,2.941822,2.941822,0.0000e+00
dev-corpus-07,4748,236764,0.000000e+00,6514,6514,2.588736,2.588736,0.0000e+00
dev-corpus-07,4749,611,0.000000e+00,5213,5213,4.074408,4.074408,0.0000e+00
dev-corpus-07,4750,740,0.000000e+00,2473,2473,6.623707,6.623707,0.0000e+00
dev-corpus-07,4751,236858,0.000000e+00,1966,1966,13.207456,13.207456,0.0000e+00
dev-corpus-07,4752,236745,0.000000e+00,236745,236745,0.000030,0.000030,0.0000e+00
dev-corpus-07,4753,12222,0.000000e+00,817,817,4.230468,4.230468,0.0000e+00
dev-corpus-07,4754,9079,0.000000e+00,5213,5213,6.217035,6.217035,0.0000e+00
dev-corpus-07,4755,236761,0.000000e+00,236764,236764,5.016810,5.016810,0.0000e+00
dev-corpus-07,4756,138,0.000000e+00,1030,1030,2.533372,2.533372,0.0000e+00
dev-corpus-07,4757,3810,0.000000e+00,108,108,7.661149,7.661149,0.0000e+00
dev-corpus-07,4758,563,0.000000e+00,563,563,0.808731,0.808731,0.0000e+00
dev-corpus-07,4759,496,0.000000e+00,2613,2613,1.827163,1.827163,0.0000e+00
dev-corpus-07,4760,2455,0.000000e+00,12821,12821,6.523152,6.523152,0.0000e+00
dev-corpus-07,4761,2644,0.000000e+00,6236,6236,4.043166,4.043166,0.0000e+00
dev-corpus-07,4762,529,0.000000e+00,529,529,0.000264,0.000264,0.0000e+00
dev-corpus-07,4763,2487,0.000000e+00,41850,41850,9.017127,9.017127,0.0000e+00
dev-corpus-07,4764,27249,0.000000e+00,5085,5085,8.071722,8.071722,0.0000e+00
dev-corpus-07,4765,236764,0.000000e+00,236764,236764,0.429817,0.429817,0.0000e+00
dev-corpus-07,4766,699,0.000000e+00,6540,6540,7.381617,7.381617,0.0000e+00
dev-corpus-07,4767,46387,0.000000e+00,1494,1494,3.246814,3.246814,0.0000e+00
dev-corpus-07,4768,50560,0.000000e+00,531,531,2.613918,2.613918,0.0000e+00
dev-corpus-07,4769,2550,0.000000e+00,2550,2550,0.000062,0.000062,0.0000e+00
dev-corpus-07,4770,532,0.000000e+00,531,531,8.145802,8.145802,0.0000e+00
dev-corpus-07,4771,70665,0.000000e+00,70665,70665,0.842993,0.842993,0.0000e+00
dev-corpus-07,4772,236764,0.000000e+00,531,531,7.008001,7.008001,0.0000e+00
dev-corpus-07,4773,531,0.000000e+00,531,531,0.015077,0.015077,0.0000e+00
dev-corpus-07,4774,1401,0.000000e+00,1494,1494,4.332635,4.332635,0.0000e+00
dev-corpus-07,4775,11162,0.000000e+00,1494,1494,1.152400,1.152400,0.0000e+00
dev-corpus-07,4776,236764,0.000000e+00,5851,5851,4.614320,4.614320,0.0000e+00
dev-corpus-07,4777,94942,0.000000e+00,1494,1494,2.236177,2.236177,0.0000e+00
dev-corpus-07,4778,63844,0.000000e+00,236772,236772,8.751304,8.751304,0.0000e+00
dev-corpus-07,4779,12616,0.000000e+00,12616,12616,0.174666,0.174666,0.0000e+00
dev-corpus-07,4780,236761,0.000000e+00,236761,236761,0.035950,0.035950,0.0000e+00
dev-corpus-07,4781,138,0.000000e+00,138,138,0.537155,0.537155,0.0000e+00
dev-corpus-07,4782,1509,0.000000e+00,2542,2542,2.136640,2.136640,0.0000e+00
dev-corpus-07,4783,563,0.000000e+00,563,563,1.010119,1.010119,0.0000e+00
dev-corpus-07,4784,2651,0.000000e+00,496,496,8.888142,8.888142,0.0000e+00
dev-corpus-07,4785,531,0.000000e+00,531,531,0.008228,0.008228,0.0000e+00
dev-corpus-07,4786,974,0.000000e+00,1586,1586,3.907059,3.907059,0.0000e+00
dev-corpus-07,4787,496,0.000000e+00,5745,5745,6.764309,6.764309,0.0000e+00
dev-corpus-07,4788,4287,0.000000e+00,5113,5113,4.011637,4.011637,0.0000e+00
dev-corpus-07,4789,13294,0.000000e+00,13294,13294,0.475970,0.475970,0.0000e+00
dev-corpus-07,4790,528,0.000000e+00,528,528,1.189029,1.189029,0.0000e+00
dev-corpus-07,4791,9079,0.000000e+00,9079,9079,0.092061,0.092061,0.0000e+00
dev-corpus-07,4792,236761,0.000000e+00,236761,236761,0.564988,0.564988,0.0000e+00
dev-corpus-07,4793,138,0.000000e+00,138,138,0.184921,0.184921,0.0000e+00
dev-corpus-07,4794,818,0.000000e+00,818,818,1.393367,1.393367,0.0000e+00
dev-corpus-07,4795,98615,0.000000e+00,3207,3207,5.733717,5.733717,0.0000e+00
dev-corpus-07,4796,992,0.000000e+00,198,198,8.168949,8.168949,0.0000e+00
dev-corpus-07,4797,563,0.000000e+00,198,198,2.684641,2.684641,0.0000e+00
dev-corpus-07,4798,15978,0.000000e+00,7516,7516,5.780023,5.780023,0.0000e+00
dev-corpus-07,4799,236764,0.000000e+00,236764,236764,0.473148,0.473148,0.0000e+00
dev-corpus-07,4800,607,0.000000e+00,607,607,0.664187,0.664187,0.0000e+00
dev-corpus-07,4801,4532,0.000000e+00,70836,70836,14.233607,14.233607,0.0000e+00
dev-corpus-07,4802,13217,0.000000e+00,70836,70836,2.357322,2.357322,0.0000e+00
dev-corpus-07,4803,9292,0.000000e+00,236764,236764,8.017748,8.017748,0.0000e+00
dev-corpus-07,4804,607,0.000000e+00,607,607,0.007982,0.007982,0.0000e+00
dev-corpus-07,4805,9760,0.000000e+00,11858,11858,4.006463,4.006463,0.0000e+00
dev-corpus-07,4806,9108,0.000000e+00,50744,50744,4.025659,4.025659,0.0000e+00
dev-corpus-07,4807,236764,0.000000e+00,236761,236761,2.534511,2.534511,0.0000e+00
dev-corpus-07,4808,532,0.000000e+00,532,532,1.400305,1.400305,0.0000e+00
dev-corpus-07,4809,1551,0.000000e+00,506,506,3.296199,3.296199,0.0000e+00
dev-corpus-07,4810,41850,0.000000e+00,41850,41850,1.230671,1.230671,0.0000e+00
dev-corpus-07,4811,531,0.000000e+00,236761,236761,1.365111,1.365111,0.0000e+00
dev-corpus-07,4812,5727,0.000000e+00,11327,11327,5.161313,5.161313,0.0000e+00
dev-corpus-07,4813,822,0.000000e+00,198,198,5.000820,5.000820,0.0000e+00
dev-corpus-07,4814,2668,0.000000e+00,2668,2668,0.649307,0.649307,0.0000e+00
dev-corpus-07,4815,236761,0.000000e+00,236761,236761,0.006310,0.006310,0.0000e+00
dev-corpus-07,4816,35640,0.000000e+00,138,138,12.184236,12.184236,0.0000e+00
dev-corpus-07,4817,2101,0.000000e+00,2101,2101,0.013411,0.013411,0.0000e+00
dev-corpus-07,4818,9079,0.000000e+00,563,563,2.299581,2.299581,0.0000e+00
dev-corpus-07,4819,563,0.000000e+00,563,563,0.127238,0.127238,0.0000e+00
dev-corpus-07,4820,1401,0.000000e+00,3735,3735,3.870035,3.870035,0.0000e+00
dev-corpus-07,4821,3735,0.000000e+00,3735,3735,0.134699,0.134699,0.0000e+00
dev-corpus-07,4822,236764,0.000000e+00,236764,236764,0.541724,0.541724,0.0000e+00
dev-corpus-07,4823,618,0.000000e+00,607,607,2.193912,2.193912,0.0000e+00
dev-corpus-07,4824,625,0.000000e+00,506,506,2.261977,2.261977,0.0000e+00
dev-corpus-07,4825,563,0.000000e+00,815,815,1.005777,1.005777,0.0000e+00
dev-corpus-07,4826,496,0.000000e+00,496,496,1.007797,1.007797,0.0000e+00
dev-corpus-07,4827,1401,0.000000e+00,1401,1401,1.657612,1.657612,0.0000e+00
dev-corpus-07,4828,232697,0.000000e+00,232697,232697,0.797752,0.797752,0.0000e+00
dev-corpus-07,4829,3207,0.000000e+00,3207,3207,0.013209,0.013209,0.0000e+00
dev-corpus-07,4830,532,0.000000e+00,236764,236764,2.158163,2.158163,0.0000e+00
dev-corpus-07,4831,992,0.000000e+00,506,506,4.136090,4.136090,0.0000e+00
dev-corpus-07,4832,815,0.000000e+00,815,815,0.073310,0.073310,0.0000e+00
dev-corpus-07,4833,614,0.000000e+00,614,614,0.641205,0.641205,0.0000e+00
dev-corpus-07,4834,8143,0.000000e+00,7516,7516,4.351503,4.351503,0.0000e+00
dev-corpus-07,4835,532,0.000000e+00,1237,1237,7.291726,7.291726,0.0000e+00
dev-corpus-07,4836,9150,0.000000e+00,12688,12688,6.835310,6.835310,0.0000e+00
dev-corpus-07,4837,46387,0.000000e+00,46387,46387,0.414407,0.414407,0.0000e+00
dev-corpus-07,4838,1237,0.000000e+00,1237,1237,0.556744,0.556744,0.0000e+00
dev-corpus-07,4839,14227,0.000000e+00,5203,5203,1.375498,1.375498,0.0000e+00
dev-corpus-07,4840,1458,0.000000e+00,1458,1458,0.047764,0.047764,0.0000e+00
dev-corpus-07,4841,236761,0.000000e+00,236761,236761,0.034539,0.034539,0.0000e+00
dev-corpus-07,4842,138,0.000000e+00,138,138,0.241724,0.241724,0.0000e+00
dev-corpus-07,4843,108,0.000000e+00,818,818,2.183667,2.183667,0.0000e+00
dev-corpus-07,4844,2542,0.000000e+00,2859,2859,1.288026,1.288026,0.0000e+00
dev-corpus-07,4845,496,0.000000e+00,496,496,0.430170,0.430170,0.0000e+00
dev-corpus-07,4846,13288,0.000000e+00,7642,7642,11.300275,11.300275,0.0000e+00
dev-corpus-07,4847,17640,0.000000e+00,17640,17640,1.449958,1.449958,0.0000e+00
dev-corpus-07,4848,236764,0.000000e+00,236764,236764,0.024305,0.024305,0.0000e+00
dev-corpus-07,4849,9630,0.000000e+00,611,611,1.296442,1.296442,0.0000e+00
dev-corpus-07,4850,22000,0.000000e+00,22000,22000,0.086280,0.086280,0.0000e+00
dev-corpus-07,4851,563,0.000000e+00,528,528,2.424428,2.424428,0.0000e+00
dev-corpus-07,4852,10455,0.000000e+00,496,496,4.237223,4.237223,0.0000e+00
dev-corpus-07,4853,236764,0.000000e+00,236761,236761,3.937666,3.937666,0.0000e+00
dev-corpus-07,4854,532,0.000000e+00,9722,9722,7.923912,7.923912,0.0000e+00
dev-corpus-07,4855,528,0.000000e+00,198,198,7.923290,7.923290,0.0000e+00
dev-corpus-07,4856,2931,0.000000e+00,506,506,3.109077,3.109077,0.0000e+00
dev-corpus-07,4857,16384,0.000000e+00,236764,236764,9.350950,9.350950,0.0000e+00
dev-corpus-07,4858,128914,0.000000e+00,128914,128914,0.000222,0.000222,0.0000e+00
dev-corpus-07,4859,236764,0.000000e+00,563,563,2.488482,2.488482,0.0000e+00
dev-corpus-07,4860,837,0.000000e+00,837,837,0.841746,0.841746,0.0000e+00
dev-corpus-07,4861,563,0.000000e+00,563,563,0.308486,0.308486,0.0000e+00
dev-corpus-07,4862,12865,0.000000e+00,496,496,10.921948,10.921948,0.0000e+00
dev-corpus-07,4863,18793,0.000000e+00,4542,4542,1.256491,1.256491,0.0000e+00
dev-corpus-07,4864,618,0.000000e+00,618,618,0.005329,0.005329,0.0000e+00
dev-corpus-07,4865,506,0.000000e+00,886,886,3.578199,3.578199,0.0000e+00
dev-corpus-07,4866,198857,0.000000e+00,1346,1346,2.857123,2.857123,0.0000e+00
dev-corpus-07,4867,9744,0.000000e+00,5148,5148,1.712422,1.712422,0.0000e+00
dev-corpus-07,4868,528,0.000000e+00,580,580,1.483508,1.483508,0.0000e+00
dev-corpus-07,4869,9630,0.000000e+00,506,506,8.842619,8.842619,0.0000e+00
dev-corpus-07,4870,22000,0.000000e+00,22000,22000,0.000215,0.000215,0.0000e+00
dev-corpus-07,4871,236761,0.000000e+00,236761,236761,0.009439,0.009439,0.0000e+00
dev-corpus-07,4872,138,0.000000e+00,669,669,1.923396,1.923396,0.0000e+00
dev-corpus-07,4873,41201,0.000000e+00,1509,1509,7.589304,7.589304,0.0000e+00
dev-corpus-07,4874,531,0.000000e+00,2101,2101,1.691769,1.691769,0.0000e+00
dev-corpus-07,4875,16384,0.000000e+00,9630,9630,3.272116,3.272116,0.0000e+00
dev-corpus-07,4876,128914,0.000000e+00,128914,128914,0.000105,0.000105,0.0000e+00
dev-corpus-07,4877,563,0.000000e+00,563,563,1.183459,1.183459,0.0000e+00
dev-corpus-07,4878,13493,0.000000e+00,496,496,3.627633,3.627633,0.0000e+00
dev-corpus-07,4879,3735,0.000000e+00,3735,3735,0.135780,0.135780,0.0000e+00
dev-corpus-07,4880,236764,0.000000e+00,236764,236764,0.306092,0.306092,0.0000e+00
dev-corpus-07,4881,618,0.000000e+00,618,618,1.146078,1.146078,0.0000e+00
dev-corpus-07,4882,625,0.000000e+00,993,993,1.067535,1.067535,0.0000e+00
dev-corpus-07,4883,236858,0.000000e+00,563,563,8.818704,8.818704,0.0000e+00
dev-corpus-07,4884,236751,0.000000e+00,236751,236751,0.000002,0.000002,0.0000e+00
dev-corpus-07,4885,3107,0.000000e+00,15283,15283,4.956649,4.956649,0.0000e+00
dev-corpus-07,4886,531,0.000000e+00,531,531,0.105381,0.105381,0.0000e+00
dev-corpus-07,4887,32373,0.000000e+00,32373,32373,0.109487,0.109487,0.0000e+00
dev-corpus-07,4888,236761,0.000000e+00,236764,236764,1.963650,1.963650,0.0000e+00
dev-corpus-07,4889,138,0.000000e+00,669,669,3.922545,3.922545,0.0000e+00
dev-corpus-07,4890,818,0.000000e+00,818,818,0.447271,0.447271,0.0000e+00
dev-corpus-07,4891,2780,0.000000e+00,35750,35750,8.987530,8.987530,0.0000e+00
dev-corpus-07,4892,563,0.000000e+00,198,198,1.069514,1.069514,0.0000e+00
dev-corpus-07,4893,24746,0.000000e+00,7516,7516,11.975412,11.975412,0.0000e+00
dev-corpus-07,4894,31979,0.000000e+00,31979,31979,0.795999,0.795999,0.0000e+00
dev-corpus-07,4895,236764,0.000000e+00,236764,236764,0.131426,0.131426,0.0000e+00
dev-corpus-07,4896,6151,0.000000e+00,532,532,6.372003,6.372003,0.0000e+00
dev-corpus-07,4897,625,0.000000e+00,198,198,1.745271,1.745271,0.0000e+00
dev-corpus-07,4898,236858,0.000000e+00,740,740,4.912953,4.912953,0.0000e+00
dev-corpus-07,4899,236751,0.000000e+00,236751,236751,0.000014,0.000014,0.0000e+00
dev-corpus-07,4900,6816,0.000000e+00,198,198,5.686436,5.686436,0.0000e+00
dev-corpus-07,4901,16962,0.000000e+00,198,198,13.120324,13.120324,0.0000e+00
dev-corpus-07,4902,12896,0.000000e+00,12896,12896,0.036040,0.036040,0.0000e+00
dev-corpus-07,4903,2780,0.000000e+00,236764,236764,1.647521,1.647521,0.0000e+00
dev-corpus-07,4904,568,0.000000e+00,236764,236764,7.365792,7.365792,0.0000e+00
dev-corpus-07,4905,4060,0.000000e+00,125681,125681,6.397756,6.397756,0.0000e+00
dev-corpus-07,4906,5809,0.000000e+00,919,919,13.120668,13.120668,0.0000e+00
dev-corpus-07,4907,3835,0.000000e+00,37987,37987,2.743426,2.743426,0.0000e+00
dev-corpus-07,4908,573,0.000000e+00,573,573,0.635896,0.635896,0.0000e+00
dev-corpus-07,4909,1032,0.000000e+00,46898,46898,2.685688,2.685688,0.0000e+00
dev-corpus-07,4910,24358,0.000000e+00,130754,130754,6.147284,6.147284,0.0000e+00
dev-corpus-07,4911,2780,0.000000e+00,130754,130754,4.192883,4.192883,0.0000e+00
dev-corpus-07,4912,769,0.000000e+00,769,769,0.293632,0.293632,0.0000e+00
dev-corpus-07,4913,138,0.000000e+00,669,669,1.345415,1.345415,0.0000e+00
dev-corpus-07,4914,126637,0.000000e+00,818,818,11.114003,11.114003,0.0000e+00
dev-corpus-07,4915,2101,0.000000e+00,2101,2101,1.165229,1.165229,0.0000e+00
dev-corpus-07,4916,506,0.000000e+00,506,506,0.025984,0.025984,0.0000e+00
dev-corpus-07,4917,13288,0.000000e+00,13288,13288,0.125441,0.125441,0.0000e+00
dev-corpus-07,4918,563,0.000000e+00,563,563,0.099910,0.099910,0.0000e+00
dev-corpus-07,4919,13139,0.000000e+00,3735,3735,7.515339,7.515339,0.0000e+00
dev-corpus-07,4920,607,0.000000e+00,236764,236764,3.737604,3.737604,0.0000e+00
dev-corpus-07,4921,614,0.000000e+00,181140,181140,12.723044,12.723044,0.0000e+00
dev-corpus-07,4922,8143,0.000000e+00,7516,7516,6.399091,6.399091,0.0000e+00
dev-corpus-07,4923,40916,0.000000e+00,40916,40916,0.631474,0.631474,0.0000e+00
dev-corpus-07,4924,2509,0.000000e+00,1458,1458,3.018314,3.018314,0.0000e+00
dev-corpus-07,4925,580,0.000000e+00,236761,236761,11.987772,11.987772,0.0000e+00
dev-corpus-07,4926,9630,0.000000e+00,506,506,3.981907,3.981907,0.0000e+00
dev-corpus-07,4927,22000,0.000000e+00,22000,22000,0.000386,0.000386,0.0000e+00
dev-corpus-07,4928,236764,0.000000e+00,236761,236761,2.995189,2.995189,0.0000e+00
dev-corpus-07,4929,6151,0.000000e+00,532,532,5.603223,5.603223,0.0000e+00
dev-corpus-07,4930,3978,0.000000e+00,611,611,7.488068,7.488068,0.0000e+00
dev-corpus-07,4931,1131,0.000000e+00,531,531,5.079137,5.079137,0.0000e+00
dev-corpus-07,4932,506,0.000000e+00,506,506,0.355517,0.355517,0.0000e+00
dev-corpus-07,4933,3141,0.000000e+00,2433,2433,9.923631,9.923631,0.0000e+00
dev-corpus-07,4934,25686,0.000000e+00,25686,25686,0.301734,0.301734,0.0000e+00
dev-corpus-07,4935,740,0.000000e+00,740,740,0.427927,0.427927,0.0000e+00
dev-corpus-07,4936,577,0.000000e+00,6494,6494,1.160707,1.160707,0.0000e+00
dev-corpus-07,4937,496,0.000000e+00,198,198,1.449246,1.449246,0.0000e+00
dev-corpus-07,4938,3103,0.000000e+00,3103,3103,0.423659,0.423659,0.0000e+00
dev-corpus-07,4939,14798,0.000000e+00,41086,41086,2.356233,2.356233,0.0000e+00
dev-corpus-07,4940,2238,0.000000e+00,236761,236761,10.547377,10.547377,0.0000e+00
dev-corpus-07,4941,506,0.000000e+00,506,506,0.050915,0.050915,0.0000e+00
dev-corpus-07,4942,26607,0.000000e+00,25465,25465,4.571174,4.571174,0.0000e+00
dev-corpus-07,4943,568,0.000000e+00,236761,236761,10.598664,10.598664,0.0000e+00
dev-corpus-07,4944,814,0.000000e+00,7624,7624,2.554020,2.554020,0.0000e+00
dev-corpus-07,4945,2414,0.000000e+00,611,611,4.197996,4.197996,0.0000e+00
dev-corpus-07,4946,531,0.000000e+00,1070,1070,1.045492,1.045492,0.0000e+00
dev-corpus-07,4947,3727,0.000000e+00,1202,1202,1.669244,1.669244,0.0000e+00
dev-corpus-07,4948,42035,0.000000e+00,496,496,4.923558,4.923558,0.0000e+00
dev-corpus-07,4949,138,0.000000e+00,138,138,0.341762,0.341762,0.0000e+00
dev-corpus-07,4950,12575,0.000000e+00,108,108,6.737015,6.737015,0.0000e+00
dev-corpus-07,4951,25686,0.000000e+00,20736,20736,3.440823,3.440823,0.0000e+00
dev-corpus-07,4952,3541,0.000000e+00,659,659,8.723470,8.723470,0.0000e+00
dev-corpus-07,4953,16384,0.000000e+00,506,506,3.221635,3.221635,0.0000e+00
dev-corpus-07,4954,128914,0.000000e+00,128914,128914,0.000071,0.000071,0.0000e+00
dev-corpus-07,4955,659,0.000000e+00,659,659,0.478785,0.478785,0.0000e+00
dev-corpus-07,4956,992,0.000000e+00,1401,1401,3.758895,3.758895,0.0000e+00
dev-corpus-07,4957,1401,0.000000e+00,1401,1401,1.215894,1.215894,0.0000e+00
dev-corpus-07,4958,85651,0.000000e+00,56849,56849,4.308714,4.308714,0.0000e+00
dev-corpus-07,4959,236764,0.000000e+00,532,532,1.592250,1.592250,0.0000e+00
dev-corpus-07,4960,532,0.000000e+00,198,198,1.476723,1.476723,0.0000e+00
dev-corpus-07,4961,2351,0.000000e+00,506,506,13.587212,13.587212,0.0000e+00
dev-corpus-07,4962,9378,0.000000e+00,3735,3735,2.643176,2.643176,0.0000e+00
dev-corpus-07,4963,5149,0.000000e+00,5149,5149,0.000638,0.000638,0.0000e+00
dev-corpus-07,4964,1271,0.000000e+00,529,529,19.873322,19.873322,0.0000e+00
dev-corpus-07,4965,611,0.000000e+00,198,198,1.479114,1.479114,0.0000e+00
dev-corpus-07,4966,236858,0.000000e+00,740,740,2.998774,2.998774,0.0000e+00
dev-corpus-07,4967,859,0.000000e+00,859,859,0.029929,0.029929,0.0000e+00
dev-corpus-07,4968,8426,0.000000e+00,1586,1586,5.657369,5.657369,0.0000e+00
dev-corpus-07,4969,974,0.000000e+00,1461,1461,5.366291,5.366291,0.0000e+00
dev-corpus-07,4970,1535,0.000000e+00,198,198,7.918712,7.918712,0.0000e+00
dev-corpus-07,4971,8774,0.000000e+00,8208,8208,3.478961,3.478961,0.0000e+00
dev-corpus-07,4972,1771,0.000000e+00,198,198,11.095103,11.095103,0.0000e+00
dev-corpus-07,4973,699,0.000000e+00,872,872,3.330230,3.330230,0.0000e+00
dev-corpus-07,4974,9744,0.000000e+00,886,886,3.652930,3.652930,0.0000e+00
dev-corpus-07,4975,531,0.000000e+00,531,531,0.000869,0.000869,0.0000e+00
dev-corpus-07,4976,9744,0.000000e+00,9744,9744,0.001337,0.001337,0.0000e+00
dev-corpus-07,4977,236761,0.000000e+00,236761,236761,0.144015,0.144015,0.0000e+00
dev-corpus-07,4978,108,0.000000e+00,138,138,2.886361,2.886361,0.0000e+00
dev-corpus-07,4979,2542,0.000000e+00,2542,2542,0.085564,0.085564,0.0000e+00
dev-corpus-07,4980,496,0.000000e+00,496,496,0.288475,0.288475,0.0000e+00
dev-corpus-07,4981,77707,0.000000e+00,7642,7642,5.851265,5.851265,0.0000e+00
dev-corpus-07,4982,17640,0.000000e+00,17640,17640,0.178989,0.178989,0.0000e+00
dev-corpus-07,4983,236764,0.000000e+00,236764,236764,0.004072,0.004072,0.0000e+00
dev-corpus-07,4984,181433,0.000000e+00,506,506,11.618199,11.618199,0.0000e+00
dev-corpus-07,4985,563,0.000000e+00,563,563,0.784329,0.784329,0.0000e+00
dev-corpus-07,4986,496,0.000000e+00,496,496,1.504582,1.504582,0.0000e+00
dev-corpus-07,4987,1822,0.000000e+00,19282,19282,4.096261,4.096261,0.0000e+00
dev-corpus-07,4988,5313,0.000000e+00,5313,5313,0.574416,0.574416,0.0000e+00
dev-corpus-07,4989,236761,0.000000e+00,236761,236761,0.299476,0.299476,0.0000e+00
dev-corpus-07,4990,138,0.000000e+00,1030,1030,4.654413,4.654413,0.0000e+00
dev-corpus-07,4991,1509,0.000000e+00,1509,1509,0.412370,0.412370,0.0000e+00
dev-corpus-07,4992,236858,0.000000e+00,815,815,3.100884,3.100884,0.0000e+00
dev-corpus-07,4993,236751,0.000000e+00,236751,236751,0.000001,0.000001,0.0000e+00
dev-corpus-07,4994,711,0.000000e+00,198,198,5.734563,5.734563,0.0000e+00
dev-corpus-07,4995,834,0.000000e+00,198,198,12.821239,12.821239,0.0000e+00
dev-corpus-07,4996,13139,0.000000e+00,2793,2793,9.443942,9.443942,0.0000e+00
dev-corpus-07,4997,531,0.000000e+00,618,618,2.023245,2.023245,0.0000e+00
dev-corpus-07,4998,974,0.000000e+00,974,974,0.085695,0.085695,0.0000e+00
dev-corpus-07,4999,993,0.000000e+00,531,531,2.357154,2.357154,0.0000e+00
dev-corpus-07,5000,699,0.000000e+00,618,618,4.035908,4.035908,0.0000e+00
dev-corpus-07,5001,506,0.000000e+00,1551,1551,2.071559,2.071559,0.0000e+00
dev-corpus-07,5002,3640,0.000000e+00,1884,1884,11.397612,11.397612,0.0000e+00
dev-corpus-07,5003,4184,0.000000e+00,15305,15305,2.058495,2.058495,0.0000e+00
dev-corpus-07,5004,236764,0.000000e+00,236764,236764,0.206422,0.206422,0.0000e+00
dev-corpus-07,5005,4285,0.000000e+00,840,840,9.582819,9.582819,0.0000e+00
dev-corpus-07,5006,573,0.000000e+00,768,768,5.224901,5.224901,0.0000e+00
dev-corpus-07,5007,1724,0.000000e+00,496,496,1.645769,1.645769,0.0000e+00
dev-corpus-07,5008,528,0.000000e+00,1015,1015,3.517873,3.517873,0.0000e+00
dev-corpus-07,5009,506,0.000000e+00,506,506,0.189059,0.189059,0.0000e+00
dev-corpus-07,5010,16425,0.000000e+00,66616,66616,5.783997,5.783997,0.0000e+00
dev-corpus-07,5011,3640,0.000000e+00,912,912,2.076857,2.076857,0.0000e+00
dev-corpus-07,5012,4184,0.000000e+00,4184,4184,0.003401,0.003401,0.0000e+00
dev-corpus-07,5013,2338,0.000000e+00,236764,236764,7.665025,7.665025,0.0000e+00
dev-corpus-07,5014,993,0.000000e+00,625,625,2.155574,2.155574,0.0000e+00
dev-corpus-07,5015,659,0.000000e+00,659,659,0.375166,0.375166,0.0000e+00
dev-corpus-07,5016,951,0.000000e+00,951,951,0.780843,0.780843,0.0000e+00
dev-corpus-07,5017,1982,0.000000e+00,1982,1982,0.010846,0.010846,0.0000e+00
dev-corpus-07,5018,22344,0.000000e+00,22344,22344,0.011981,0.011981,0.0000e+00
dev-corpus-07,5019,236761,0.000000e+00,236761,236761,0.564715,0.564715,0.0000e+00
dev-corpus-07,5020,138,0.000000e+00,3153,3153,6.067764,6.067764,0.0000e+00
dev-corpus-07,5021,9675,0.000000e+00,9675,9675,0.744400,0.744400,0.0000e+00
dev-corpus-07,5022,236764,0.000000e+00,236764,236764,0.000436,0.000436,0.0000e+00
dev-corpus-07,5023,625,0.000000e+00,506,506,2.311614,2.311614,0.0000e+00
dev-corpus-07,5024,236858,0.000000e+00,563,563,3.167674,3.167674,0.0000e+00
dev-corpus-07,5025,236751,0.000000e+00,236751,236751,0.000003,0.000003,0.0000e+00
dev-corpus-07,5026,1388,0.000000e+00,5367,5367,3.581685,3.581685,0.0000e+00
dev-corpus-07,5027,5367,0.000000e+00,5367,5367,0.101470,0.101470,0.0000e+00
dev-corpus-07,5028,506,0.000000e+00,506,506,0.014647,0.014647,0.0000e+00
dev-corpus-07,5029,7946,0.000000e+00,4514,4514,2.034829,2.034829,0.0000e+00
dev-corpus-07,5030,236761,0.000000e+00,236761,236761,0.220091,0.220091,0.0000e+00
dev-corpus-07,5031,138,0.000000e+00,669,669,5.075635,5.075635,0.0000e+00
dev-corpus-07,5032,2094,0.000000e+00,818,818,6.748368,6.748368,0.0000e+00
dev-corpus-07,5033,111163,0.000000e+00,3207,3207,3.074721,3.074721,0.0000e+00
dev-corpus-07,5034,3207,0.000000e+00,3207,3207,0.066849,0.066849,0.0000e+00
dev-corpus-07,5035,563,0.000000e+00,563,563,1.227798,1.227798,0.0000e+00
dev-corpus-07,5036,29077,0.000000e+00,19282,19282,8.105676,8.105676,0.0000e+00
dev-corpus-07,5037,30264,0.000000e+00,236772,236772,5.901252,5.901252,0.0000e+00
dev-corpus-07,5038,4148,0.000000e+00,236764,236764,2.908887,2.908887,0.0000e+00
dev-corpus-07,5039,236761,0.000000e+00,236764,236764,4.569780,4.569780,0.0000e+00
dev-corpus-07,5040,138,0.000000e+00,669,669,0.959010,0.959010,0.0000e+00
dev-corpus-07,5041,818,0.000000e+00,818,818,0.415055,0.415055,0.0000e+00
dev-corpus-07,5042,1331,0.000000e+00,2780,2780,7.169584,7.169584,0.0000e+00
dev-corpus-07,5043,659,0.000000e+00,659,659,0.185231,0.185231,0.0000e+00
dev-corpus-07,5044,3571,0.000000e+00,1401,1401,14.648722,14.648722,0.0000e+00
dev-corpus-07,5045,506,0.000000e+00,506,506,0.006459,0.006459,0.0000e+00
dev-corpus-07,5046,4389,0.000000e+00,1346,1346,1.802648,1.802648,0.0000e+00
dev-corpus-07,5047,24573,0.000000e+00,24573,24573,0.001860,0.001860,0.0000e+00
dev-corpus-07,5048,528,0.000000e+00,611,611,1.280107,1.280107,0.0000e+00
dev-corpus-07,5049,3879,0.000000e+00,506,506,1.465750,1.465750,0.0000e+00
dev-corpus-07,5050,236761,0.000000e+00,236764,236764,3.810973,3.810973,0.0000e+00
dev-corpus-07,5051,138,0.000000e+00,138,138,0.387025,0.387025,0.0000e+00
dev-corpus-07,5052,818,0.000000e+00,818,818,0.174938,0.174938,0.0000e+00
dev-corpus-07,5053,2780,0.000000e+00,2780,2780,0.635880,0.635880,0.0000e+00
dev-corpus-07,5054,563,0.000000e+00,563,563,0.507052,0.507052,0.0000e+00
dev-corpus-07,5055,13493,0.000000e+00,7516,7516,7.322726,7.322726,0.0000e+00
dev-corpus-07,5056,46387,0.000000e+00,31979,31979,1.589290,1.589290,0.0000e+00
dev-corpus-07,5057,532,0.000000e+00,236764,236764,2.983261,2.983261,0.0000e+00
dev-corpus-07,5058,14788,0.000000e+00,198,198,1.938913,1.938913,0.0000e+00
dev-corpus-07,5059,236764,0.000000e+00,236764,236764,0.490579,0.490579,0.0000e+00
dev-corpus-07,5060,607,0.000000e+00,532,532,2.799192,2.799192,0.0000e+00
dev-corpus-07,5061,496,0.000000e+00,496,496,1.323549,1.323549,0.0000e+00
dev-corpus-07,5062,2606,0.000000e+00,3188,3188,2.015078,2.015078,0.0000e+00
dev-corpus-07,5063,529,0.000000e+00,529,529,0.008247,0.008247,0.0000e+00
dev-corpus-07,5064,37987,0.000000e+00,37987,37987,0.640129,0.640129,0.0000e+00
dev-corpus-07,5065,3835,0.000000e+00,198,198,1.848011,1.848011,0.0000e+00
dev-corpus-07,5066,236761,0.000000e+00,236761,236761,0.119259,0.119259,0.0000e+00
dev-corpus-07,5067,138,0.000000e+00,138,138,0.214103,0.214103,0.0000e+00
dev-corpus-07,5068,3133,0.000000e+00,818,818,4.250675,4.250675,0.0000e+00
dev-corpus-07,5069,1070,0.000000e+00,506,506,13.446561,13.446561,0.0000e+00
dev-corpus-07,5070,12616,0.000000e+00,529,529,8.113386,8.113386,0.0000e+00
dev-corpus-07,5071,659,0.000000e+00,198,198,1.530496,1.530496,0.0000e+00
dev-corpus-07,5072,17720,0.000000e+00,1401,1401,12.525105,12.525105,0.0000e+00
dev-corpus-07,5073,88076,0.000000e+00,1447,1447,3.254365,3.254365,0.0000e+00
dev-corpus-07,5074,1135,0.000000e+00,580,580,8.635294,8.635294,0.0000e+00
dev-corpus-07,5075,529,0.000000e+00,506,506,6.776109,6.776109,0.0000e+00
dev-corpus-07,5076,496,0.000000e+00,506,506,2.534481,2.534481,0.0000e+00
dev-corpus-07,5077,42383,0.000000e+00,42383,42383,0.022456,0.022456,0.0000e+00
dev-corpus-07,5078,236764,0.000000e+00,236764,236764,0.920861,0.920861,0.0000e+00
dev-corpus-07,5079,834,0.000000e+00,9722,9722,2.995107,2.995107,0.0000e+00
dev-corpus-07,5080,506,0.000000e+00,506,506,0.476632,0.476632,0.0000e+00
dev-corpus-07,5081,8208,0.000000e+00,8208,8208,0.363953,0.363953,0.0000e+00
dev-corpus-07,5082,659,0.000000e+00,659,659,0.167637,0.167637,0.0000e+00
dev-corpus-07,5083,15269,0.000000e+00,15269,15269,1.139558,1.139558,0.0000e+00
dev-corpus-07,5084,236761,0.000000e+00,236761,236761,0.059267,0.059267,0.0000e+00
dev-corpus-07,5085,100811,0.000000e+00,138,138,19.797690,19.797690,0.0000e+00
dev-corpus-07,5086,19555,0.000000e+00,34162,34162,19.829950,19.829950,0.0000e+00
dev-corpus-07,5087,114611,0.000000e+00,9479,9479,12.814575,12.814575,0.0000e+00
dev-corpus-07,5088,532,0.000000e+00,659,659,2.977496,2.977496,0.0000e+00
dev-corpus-07,5089,71816,0.000000e+00,2263,2263,11.015712,11.015712,0.0000e+00
dev-corpus-07,5090,659,0.000000e+00,659,659,0.517176,0.517176,0.0000e+00
dev-corpus-07,5091,14853,0.000000e+00,198,198,3.529740,3.529740,0.0000e+00
dev-corpus-07,5092,236764,0.000000e+00,198,198,2.164275,2.164275,0.0000e+00
dev-corpus-07,5093,532,0.000000e+00,532,532,0.544743,0.544743,0.0000e+00
dev-corpus-07,5094,496,0.000000e+00,198,198,5.007804,5.007804,0.0000e+00
dev-corpus-07,5095,37358,0.000000e+00,1822,1822,7.044132,7.044132,0.0000e+00
dev-corpus-07,5096,529,0.000000e+00,198,198,2.683666,2.683666,0.0000e+00
dev-corpus-07,5097,506,0.000000e+00,506,506,0.244402,0.244402,0.0000e+00
dev-corpus-07,5098,4128,0.000000e+00,4128,4128,0.428460,0.428460,0.0000e+00
dev-corpus-07,5099,236761,0.000000e+00,563,563,6.695326,6.695326,0.0000e+00
dev-corpus-07,5100,138,0.000000e+00,138,138,0.661386,0.661386,0.0000e+00
dev-corpus-07,5101,3810,0.000000e+00,818,818,4.534526,4.534526,0.0000e+00
dev-corpus-07,5102,992,0.000000e+00,659,659,8.035631,8.035631,0.0000e+00
dev-corpus-07,5103,563,0.000000e+00,198,198,2.131674,2.131674,0.0000e+00
dev-corpus-07,5104,4148,0.000000e+00,496,496,6.300589,6.300589,0.0000e+00
dev-corpus-07,5105,58318,0.000000e+00,35750,35750,12.140739,12.140739,0.0000e+00
dev-corpus-07,5106,236761,0.000000e+00,198,198,3.045692,3.045692,0.0000e+00
dev-corpus-07,5107,106,0.000000e+00,138,138,1.001658,1.001658,0.0000e+00
dev-corpus-07,5108,107,0.000000e+00,199,199,18.269691,18.269691,0.0000e+00
dev-corpus-07,5109,105,0.000000e+00,106,106,20.094939,20.094939,0.0000e+00
dev-corpus-07,5110,2364,0.000000e+00,106,106,19.403644,19.403644,0.0000e+00
dev-corpus-07,5111,107,0.000000e+00,100,100,4.604307,4.604307,0.0000e+00
dev-corpus-07,5112,11355,0.000000e+00,100,100,9.891409,9.891409,0.0000e+00
dev-corpus-07,5113,563,0.000000e+00,563,563,0.913113,0.913113,0.0000e+00
dev-corpus-07,5114,625,0.000000e+00,10063,10063,3.033071,3.033071,0.0000e+00
dev-corpus-07,5115,2132,0.000000e+00,2651,2651,4.742437,4.742437,0.0000e+00
dev-corpus-07,5116,531,0.000000e+00,531,531,0.064235,0.064235,0.0000e+00
dev-corpus-07,5117,16078,0.000000e+00,1281,1281,14.517493,14.517493,0.0000e+00
dev-corpus-07,5118,532,0.000000e+00,822,822,5.106893,5.106893,0.0000e+00
dev-corpus-07,5119,185507,0.000000e+00,185507,185507,0.029051,0.029051,0.0000e+00
