segment,idx,target,kld,top1_ref,top1_cand,nll_ref,nll_cand,max_abs_logit_diff
dev-long-03,0,532,0.000000e+00,532,532,0.001489,0.001489,0.0000e+00
dev-long-03,1,600,0.000000e+00,506,506,0.971837,0.971837,0.0000e+00
dev-long-03,2,506,0.000000e+00,506,506,0.004400,0.004400,0.0000e+00
dev-long-03,3,1944,0.000000e+00,13783,13783,9.139577,9.139577,0.0000e+00
dev-long-03,4,3358,0.000000e+00,24685,24685,20.476985,20.476985,0.0000e+00
dev-long-03,5,28232,0.000000e+00,4554,4554,7.864689,7.864689,0.0000e+00
dev-long-03,6,184491,0.000000e+00,1624,1624,2.251321,2.251321,0.0000e+00
dev-long-03,7,528,0.000000e+00,7906,7906,6.072480,6.072480,0.0000e+00
dev-long-03,8,107,0.000000e+00,837,837,11.889198,11.889198,0.0000e+00
dev-long-03,9,7650,0.000000e+00,7650,7650,0.541926,0.541926,0.0000e+00
dev-long-03,10,236764,0.000000e+00,506,506,10.144049,10.144049,0.0000e+00
dev-long-03,11,618,0.000000e+00,580,580,2.477691,2.477691,0.0000e+00
dev-long-03,12,625,0.000000e+00,668,668,2.287721,2.287721,0.0000e+00
dev-long-03,13,24347,0.000000e+00,964,964,14.966455,14.966455,0.0000e+00
dev-long-03,14,163038,0.000000e+00,12183,12183,2.146095,2.146095,0.0000e+00
dev-long-03,15,236764,0.000000e+00,236764,236764,0.002865,0.002865,0.0000e+00
dev-long-03,16,506,0.000000e+00,506,506,0.419241,0.419241,0.0000e+00
dev-long-03,17,146807,0.000000e+00,13783,13783,6.315698,6.315698,0.0000e+00
dev-long-03,18,691,0.000000e+00,1053,1053,4.867722,4.867722,0.0000e+00
dev-long-03,19,53969,0.000000e+00,10264,10264,6.901996,6.901996,0.0000e+00
dev-long-03,20,531,0.000000e+00,531,531,0.000240,0.000240,0.0000e+00
dev-long-03,21,2514,0.000000e+00,2514,2514,0.004107,0.004107,0.0000e+00
dev-long-03,22,107,0.000000e+00,506,506,12.467948,12.467948,0.0000e+00
dev-long-03,23,949,0.000000e+00,1437,1437,2.026845,2.026845,0.0000e+00
dev-long-03,24,71102,0.000000e+00,76990,76990,4.348709,4.348709,0.0000e+00
dev-long-03,25,236764,0.000000e+00,236772,236772,2.208186,2.208186,0.0000e+00
dev-long-03,26,691,0.000000e+00,691,691,0.010985,0.010985,0.0000e+00
dev-long-03,27,17164,0.000000e+00,8731,8731,8.359315,8.359315,0.0000e+00
dev-long-03,28,7738,0.000000e+00,1932,1932,3.079786,3.079786,0.0000e+00
dev-long-03,29,3324,0.000000e+00,1827,1827,12.008021,12.008021,0.0000e+00
dev-long-03,30,506,0.000000e+00,506,506,0.009211,0.009211,0.0000e+00
dev-long-03,31,29387,0.000000e+00,29387,29387,0.166011,0.166011,0.0000e+00
dev-long-03,32,236772,0.000000e+00,236772,236772,0.076713,0.076713,0.0000e+00
dev-long-03,33,5127,0.000000e+00,5127,5127,0.356809,0.356809,0.0000e+00
dev-long-03,34,236761,0.000000e+00,1827,1827,3.392305,3.392305,0.0000e+00
dev-long-03,35,131544,0.000000e+00,669,669,3.714177,3.714177,0.0000e+00
dev-long-03,36,26310,0.000000e+00,8249,8249,11.969098,11.969098,0.0000e+00
dev-long-03,37,107,0.000000e+00,30254,30254,11.273015,11.273015,0.0000e+00
dev-long-03,38,104219,0.000000e+00,13395,13395,4.905644,4.905644,0.0000e+00
dev-long-03,39,506,0.000000e+00,914,914,0.940828,0.940828,0.0000e+00
dev-long-03,40,16605,0.000000e+00,16605,16605,0.022006,0.022006,0.0000e+00
dev-long-03,41,236764,0.000000e+00,1827,1827,3.967549,3.967549,0.0000e+00
dev-long-03,42,532,0.000000e+00,532,532,0.069699,0.069699,0.0000e+00
dev-long-03,43,151504,0.000000e+00,506,506,5.366286,5.366286,0.0000e+00
dev-long-03,44,691,0.000000e+00,691,691,0.040605,0.040605,0.0000e+00
dev-long-03,45,16782,0.000000e+00,126685,126685,1.891411,1.891411,0.0000e+00
dev-long-03,46,506,0.000000e+00,1827,1827,7.606422,7.606422,0.0000e+00
dev-long-03,47,1638,0.000000e+00,1638,1638,0.373541,0.373541,0.0000e+00
dev-long-03,48,9137,0.000000e+00,1719,1719,1.818119,1.818119,0.0000e+00
dev-long-03,49,236793,0.000000e+00,1827,1827,6.201605,6.201605,0.0000e+00
dev-long-03,50,840,0.000000e+00,668,668,4.038321,4.038321,0.0000e+00
dev-long-03,51,506,0.000000e+00,506,506,1.130155,1.130155,0.0000e+00
dev-long-03,52,10810,0.000000e+00,146807,146807,7.216426,7.216426,0.0000e+00
dev-long-03,53,107,0.000000e+00,691,691,12.711640,12.711640,0.0000e+00
dev-long-03,54,46052,0.000000e+00,9849,9849,7.608477,7.608477,0.0000e+00
dev-long-03,55,711,0.000000e+00,711,711,0.002362,0.002362,0.0000e+00
dev-long-03,56,577,0.000000e+00,577,577,0.000272,0.000272,0.0000e+00
dev-long-03,57,1765,0.000000e+00,1765,1765,0.326567,0.326567,0.0000e+00
dev-long-03,58,3477,0.000000e+00,1827,1827,8.194296,8.194296,0.0000e+00
dev-long-03,59,3324,0.000000e+00,1827,1827,4.810426,4.810426,0.0000e+00
dev-long-03,60,914,0.000000e+00,914,914,0.239287,0.239287,0.0000e+00
dev-long-03,61,1589,0.000000e+00,1589,1589,0.001276,0.001276,0.0000e+00
dev-long-03,62,653,0.000000e+00,653,653,0.017663,0.017663,0.0000e+00
dev-long-03,63,528,0.000000e+00,528,528,0.444180,0.444180,0.0000e+00
dev-long-03,64,914,0.000000e+00,506,506,2.694630,2.694630,0.0000e+00
dev-long-03,65,11630,0.000000e+00,81124,81124,6.626334,6.626334,0.0000e+00
dev-long-03,66,236761,0.000000e+00,1827,1827,3.877970,3.877970,0.0000e+00
dev-long-03,67,36266,0.000000e+00,669,669,14.990039,14.990039,0.0000e+00
dev-long-03,68,107,0.000000e+00,5945,5945,10.163888,10.163888,0.0000e+00
dev-long-03,69,236780,0.000000e+00,27505,27505,6.525741,6.525741,0.0000e+00
dev-long-03,70,605,0.000000e+00,660,660,7.689508,7.689508,0.0000e+00
dev-long-03,71,697,0.000000e+00,936,936,1.375545,1.375545,0.0000e+00
dev-long-03,72,236764,0.000000e+00,236764,236764,0.161875,0.161875,0.0000e+00
dev-long-03,73,74289,0.000000e+00,506,506,5.193783,5.193783,0.0000e+00
dev-long-03,74,531,0.000000e+00,236764,236764,6.724270,6.724270,0.0000e+00
dev-long-03,75,506,0.000000e+00,506,506,0.001596,0.001596,0.0000e+00
dev-long-03,76,146807,0.000000e+00,146807,146807,0.013861,0.013861,0.0000e+00
dev-long-03,77,236764,0.000000e+00,236764,236764,0.036492,0.036492,0.0000e+00
dev-long-03,78,208255,0.000000e+00,8249,8249,7.782491,7.782491,0.0000e+00
dev-long-03,79,531,0.000000e+00,600,600,5.276161,5.276161,0.0000e+00
dev-long-03,80,2963,0.000000e+00,2963,2963,0.859263,0.859263,0.0000e+00
dev-long-03,81,6827,0.000000e+00,3472,3472,4.988661,4.988661,0.0000e+00
dev-long-03,82,131544,0.000000e+00,496,496,7.638692,7.638692,0.0000e+00
dev-long-03,83,236858,0.000000e+00,4928,4928,5.294984,5.294984,0.0000e+00
dev-long-03,84,236751,0.000000e+00,236751,236751,0.000041,0.000041,0.0000e+00
dev-long-03,85,4665,0.000000e+00,8300,8300,2.861341,2.861341,0.0000e+00
dev-long-03,86,529,0.000000e+00,236764,236764,2.813994,2.813994,0.0000e+00
dev-long-03,87,107,0.000000e+00,16605,16605,12.142005,12.142005,0.0000e+00
dev-long-03,88,236753,0.000000e+00,58904,58904,5.468240,5.468240,0.0000e+00
dev-long-03,89,1929,0.000000e+00,1929,1929,0.042779,0.042779,0.0000e+00
dev-long-03,90,571,0.000000e+00,571,571,0.000009,0.000009,0.0000e+00
dev-long-03,91,580,0.000000e+00,699,699,5.518675,5.518675,0.0000e+00
dev-long-03,92,45397,0.000000e+00,506,506,15.727633,15.727633,0.0000e+00
dev-long-03,93,506,0.000000e+00,506,506,0.017155,0.017155,0.0000e+00
dev-long-03,94,50998,0.000000e+00,7738,7738,3.817816,3.817816,0.0000e+00
dev-long-03,95,236764,0.000000e+00,236761,236761,1.215869,1.215869,0.0000e+00
dev-long-03,96,532,0.000000e+00,532,532,0.341901,0.341901,0.0000e+00
dev-long-03,97,531,0.000000e+00,1304,1304,4.411012,4.411012,0.0000e+00
dev-long-03,98,2963,0.000000e+00,2963,2963,0.558332,0.558332,0.0000e+00
dev-long-03,99,36389,0.000000e+00,3472,3472,9.159028,9.159028,0.0000e+00
dev-long-03,100,1131,0.000000e+00,531,531,2.260912,2.260912,0.0000e+00
dev-long-03,101,506,0.000000e+00,506,506,0.003040,0.003040,0.0000e+00
dev-long-03,102,2978,0.000000e+00,2978,2978,0.768340,0.768340,0.0000e+00
dev-long-03,103,236764,0.000000e+00,236764,236764,0.951576,0.951576,0.0000e+00
dev-long-03,104,107,0.000000e+00,840,840,13.511721,13.511721,0.0000e+00
dev-long-03,105,3350,0.000000e+00,624,624,5.847256,5.847256,0.0000e+00
dev-long-03,106,1304,0.000000e+00,1304,1304,0.023223,0.023223,0.0000e+00
dev-long-03,107,1765,0.000000e+00,5004,5004,2.471728,2.471728,0.0000e+00
dev-long-03,108,11949,0.000000e+00,151504,151504,22.904001,22.904001,0.0000e+00
dev-long-03,109,618,0.000000e+00,528,528,4.751359,4.751359,0.0000e+00
dev-long-03,110,4970,0.000000e+00,901,901,6.259828,6.259828,0.0000e+00
dev-long-03,111,684,0.000000e+00,236764,236764,7.352221,7.352221,0.0000e+00
dev-long-03,112,506,0.000000e+00,506,506,1.129147,1.129147,0.0000e+00
dev-long-03,113,1774,0.000000e+00,63051,63051,9.906986,9.906986,0.0000e+00
dev-long-03,114,10021,0.000000e+00,236761,236761,3.326601,3.326601,0.0000e+00
dev-long-03,115,236761,0.000000e+00,236761,236761,0.814665,0.814665,0.0000e+00
dev-long-03,116,47476,0.000000e+00,669,669,12.108694,12.108694,0.0000e+00
dev-long-03,117,107,0.000000e+00,20014,20014,10.060837,10.060837,0.0000e+00
dev-long-03,118,67723,0.000000e+00,100681,100681,4.163268,4.163268,0.0000e+00
dev-long-03,119,30419,0.000000e+00,30419,30419,0.000194,0.000194,0.0000e+00
dev-long-03,120,236764,0.000000e+00,236764,236764,1.004029,1.004029,0.0000e+00
dev-long-03,121,603,0.000000e+00,1015,1015,15.075984,15.075984,0.0000e+00
dev-long-03,122,11247,0.000000e+00,236761,236761,11.254237,11.254237,0.0000e+00
dev-long-03,123,236764,0.000000e+00,236764,236764,0.016087,0.016087,0.0000e+00
dev-long-03,124,5877,0.000000e+00,691,691,6.448077,6.448077,0.0000e+00
dev-long-03,125,4914,0.000000e+00,914,914,3.135926,3.135926,0.0000e+00
dev-long-03,126,618,0.000000e+00,600,600,5.024902,5.024902,0.0000e+00
dev-long-03,127,531,0.000000e+00,531,531,0.002162,0.002162,0.0000e+00
dev-long-03,128,506,0.000000e+00,506,506,0.095349,0.095349,0.0000e+00
dev-long-03,129,9844,0.000000e+00,10409,10409,6.151070,6.151070,0.0000e+00
dev-long-03,130,529,0.000000e+00,529,529,0.121281,0.121281,0.0000e+00
dev-long-03,131,151504,0.000000e+00,151504,151504,0.048401,0.048401,0.0000e+00
dev-long-03,132,236764,0.000000e+00,236764,236764,0.477168,0.477168,0.0000e+00
dev-long-03,133,1015,0.000000e+00,532,532,7.860510,7.860510,0.0000e+00
dev-long-03,134,107,0.000000e+00,691,691,10.654117,10.654117,0.0000e+00
dev-long-03,135,19313,0.000000e+00,9849,9849,11.531226,11.531226,0.0000e+00
dev-long-03,136,1874,0.000000e+00,1874,1874,0.000567,0.000567,0.0000e+00
dev-long-03,137,991,0.000000e+00,991,991,0.002318,0.002318,0.0000e+00
dev-long-03,138,175053,0.000000e+00,607,607,11.213834,11.213834,0.0000e+00
dev-long-03,139,236764,0.000000e+00,236764,236764,0.394341,0.394341,0.0000e+00
dev-long-03,140,532,0.000000e+00,532,532,0.082453,0.082453,0.0000e+00
dev-long-03,141,103496,0.000000e+00,531,531,14.402927,14.402927,0.0000e+00
dev-long-03,142,914,0.000000e+00,600,600,2.222787,2.222787,0.0000e+00
dev-long-03,143,70437,0.000000e+00,70437,70437,0.004285,0.004285,0.0000e+00
dev-long-03,144,528,0.000000e+00,236761,236761,5.510115,5.510115,0.0000e+00
dev-long-03,145,506,0.000000e+00,506,506,0.307875,0.307875,0.0000e+00
dev-long-03,146,32879,0.000000e+00,3392,3392,8.243345,8.243345,0.0000e+00
dev-long-03,147,107,0.000000e+00,2653,2653,12.847051,12.847051,0.0000e+00
dev-long-03,148,42103,0.000000e+00,235184,235184,1.155862,1.155862,0.0000e+00
dev-long-03,149,236761,0.000000e+00,236761,236761,0.527238,0.527238,0.0000e+00
dev-long-03,150,38018,0.000000e+00,669,669,8.407643,8.407643,0.0000e+00
dev-long-03,151,529,0.000000e+00,12205,12205,4.282789,4.282789,0.0000e+00
dev-long-03,152,496,0.000000e+00,914,914,2.360282,2.360282,0.0000e+00
dev-long-03,153,3527,0.000000e+00,16438,16438,9.770585,9.770585,0.0000e+00
dev-long-03,154,27327,0.000000e+00,79060,79060,4.210450,4.210450,0.0000e+00
dev-long-03,155,573,0.000000e+00,573,573,0.092539,0.092539,0.0000e+00
dev-long-03,156,50998,0.000000e+00,73661,73661,6.463276,6.463276,0.0000e+00
dev-long-03,157,2963,0.000000e+00,236764,236764,9.925085,9.925085,0.0000e+00
dev-long-03,158,1010,0.000000e+00,1010,1010,0.014034,0.014034,0.0000e+00
dev-long-03,159,2238,0.000000e+00,9941,9941,3.266024,3.266024,0.0000e+00
dev-long-03,160,107,0.000000e+00,236761,236761,14.768099,14.768099,0.0000e+00
dev-long-03,161,59677,0.000000e+00,1071,1071,3.698833,3.698833,0.0000e+00
dev-long-03,162,506,0.000000e+00,1515,1515,7.908568,7.908568,0.0000e+00
dev-long-03,163,41971,0.000000e+00,880,880,5.245022,5.245022,0.0000e+00
dev-long-03,164,236764,0.000000e+00,236761,236761,3.010055,3.010055,0.0000e+00
dev-long-03,165,506,0.000000e+00,532,532,7.135187,7.135187,0.0000e+00
dev-long-03,166,68928,0.000000e+00,1624,1624,3.817154,3.817154,0.0000e+00
dev-long-03,167,19153,0.000000e+00,236764,236764,6.055064,6.055064,0.0000e+00
dev-long-03,168,531,0.000000e+00,531,531,0.259219,0.259219,0.0000e+00
dev-long-03,169,3772,0.000000e+00,7224,7224,8.485164,8.485164,0.0000e+00
dev-long-03,170,16000,0.000000e+00,607,607,10.708066,10.708066,0.0000e+00
dev-long-03,171,1403,0.000000e+00,1403,1403,0.000000,0.000000,0.0000e+00
dev-long-03,172,607,0.000000e+00,607,607,0.182876,0.182876,0.0000e+00
dev-long-03,173,506,0.000000e+00,1515,1515,0.984206,0.984206,0.0000e+00
dev-long-03,174,107,0.000000e+00,4217,4217,12.737425,12.737425,0.0000e+00
dev-long-03,175,2865,0.000000e+00,10690,10690,11.348855,11.348855,0.0000e+00
dev-long-03,176,819,0.000000e+00,2950,2950,2.426420,2.426420,0.0000e+00
dev-long-03,177,236764,0.000000e+00,236761,236761,1.128956,1.128956,0.0000e+00
dev-long-03,178,840,0.000000e+00,532,532,8.762761,8.762761,0.0000e+00
dev-long-03,179,11081,0.000000e+00,506,506,5.239005,5.239005,0.0000e+00
dev-long-03,180,625,0.000000e+00,506,506,1.514451,1.514451,0.0000e+00
dev-long-03,181,531,0.000000e+00,531,531,0.141433,0.141433,0.0000e+00
dev-long-03,182,506,0.000000e+00,506,506,0.096264,0.096264,0.0000e+00
dev-long-03,183,3261,0.000000e+00,3261,3261,1.653599,1.653599,0.0000e+00
dev-long-03,184,5411,0.000000e+00,5411,5411,0.011450,0.011450,0.0000e+00
dev-long-03,185,236761,0.000000e+00,1827,1827,2.244450,2.244450,0.0000e+00
dev-long-03,186,151504,0.000000e+00,669,669,4.017677,4.017677,0.0000e+00
dev-long-03,187,236764,0.000000e+00,14038,14038,1.898830,1.898830,0.0000e+00
dev-long-03,188,1015,0.000000e+00,1015,1015,0.774087,0.774087,0.0000e+00
dev-long-03,189,1053,0.000000e+00,691,691,2.439206,2.439206,0.0000e+00
dev-long-03,190,3505,0.000000e+00,1010,1010,6.680021,6.680021,0.0000e+00
dev-long-03,191,11005,0.000000e+00,951,951,4.741082,4.741082,0.0000e+00
dev-long-03,192,529,0.000000e+00,529,529,0.001583,0.001583,0.0000e+00
dev-long-03,193,107,0.000000e+00,130864,130864,12.273375,12.273375,0.0000e+00
dev-long-03,194,720,0.000000e+00,16898,16898,6.155910,6.155910,0.0000e+00
dev-long-03,195,1867,0.000000e+00,1169,1169,2.735660,2.735660,0.0000e+00
dev-long-03,196,21543,0.000000e+00,67361,67361,4.653213,4.653213,0.0000e+00
dev-long-03,197,1913,0.000000e+00,236764,236764,2.951214,2.951214,0.0000e+00
dev-long-03,198,506,0.000000e+00,914,914,0.919917,0.919917,0.0000e+00
dev-long-03,199,19258,0.000000e+00,88654,88654,1.207875,1.207875,0.0000e+00
dev-long-03,200,236764,0.000000e+00,236764,236764,0.007639,0.007639,0.0000e+00
dev-long-03,201,517,0.000000e+00,691,691,10.800853,10.800853,0.0000e+00
dev-long-03,202,25197,0.000000e+00,25197,25197,0.000222,0.000222,0.0000e+00
dev-long-03,203,3121,0.000000e+00,236764,236764,6.612419,6.612419,0.0000e+00
dev-long-03,204,657,0.000000e+00,1827,1827,3.907043,3.907043,0.0000e+00
dev-long-03,205,506,0.000000e+00,506,506,0.016206,0.016206,0.0000e+00
dev-long-03,206,12882,0.000000e+00,14186,14186,4.230918,4.230918,0.0000e+00
dev-long-03,207,107,0.000000e+00,529,529,13.776267,13.776267,0.0000e+00
dev-long-03,208,624,0.000000e+00,1340,1340,6.904447,6.904447,0.0000e+00
dev-long-03,209,691,0.000000e+00,691,691,0.323003,0.323003,0.0000e+00
dev-long-03,210,7505,0.000000e+00,8476,8476,5.121245,5.121245,0.0000e+00
dev-long-03,211,855,0.000000e+00,3121,3121,7.082805,7.082805,0.0000e+00
dev-long-03,212,529,0.000000e+00,528,528,3.382065,3.382065,0.0000e+00
dev-long-03,213,4054,0.000000e+00,506,506,4.418454,4.418454,0.0000e+00
dev-long-03,214,1827,0.000000e+00,1827,1827,0.197955,0.197955,0.0000e+00
dev-long-03,215,108,0.000000e+00,108,108,0.016721,0.016721,0.0000e+00
dev-long-03,216,236913,0.000000e+00,236913,236913,0.248200,0.248200,0.0000e+00
dev-long-03,217,40267,0.000000e+00,13086,13086,11.515063,11.515063,0.0000e+00
dev-long-03,218,236888,0.000000e+00,28613,28613,6.531982,6.531982,0.0000e+00
dev-long-03,219,1593,0.000000e+00,562,562,2.044031,2.044031,0.0000e+00
dev-long-03,220,1623,0.000000e+00,506,506,3.567952,3.567952,0.0000e+00
dev-long-03,221,573,0.000000e+00,573,573,0.455481,0.455481,0.0000e+00
dev-long-03,222,506,0.000000e+00,506,506,0.698450,0.698450,0.0000e+00
dev-long-03,223,5589,0.000000e+00,24685,24685,5.319376,5.319376,0.0000e+00
dev-long-03,224,236772,0.000000e+00,2130,2130,12.292153,12.292153,0.0000e+00
dev-long-03,225,34796,0.000000e+00,1562,1562,8.388691,8.388691,0.0000e+00
dev-long-03,226,2130,0.000000e+00,2130,2130,0.756874,0.756874,0.0000e+00
dev-long-03,227,1176,0.000000e+00,48213,48213,1.709894,1.709894,0.0000e+00
dev-long-03,228,48213,0.000000e+00,48213,48213,0.039628,0.039628,0.0000e+00
dev-long-03,229,119713,0.000000e+00,236761,236761,9.751491,9.751491,0.0000e+00
dev-long-03,230,236764,0.000000e+00,236761,236761,5.772260,5.772260,0.0000e+00
dev-long-03,231,122053,0.000000e+00,999,999,9.846471,9.846471,0.0000e+00
dev-long-03,232,107,0.000000e+00,506,506,13.041040,13.041040,0.0000e+00
dev-long-03,233,30714,0.000000e+00,1437,1437,6.536115,6.536115,0.0000e+00
dev-long-03,234,506,0.000000e+00,506,506,0.011690,0.011690,0.0000e+00
dev-long-03,235,3627,0.000000e+00,3627,3627,1.458762,1.458762,0.0000e+00
dev-long-03,236,236761,0.000000e+00,236761,236761,0.031125,0.031125,0.0000e+00
dev-long-03,237,999,0.000000e+00,999,999,0.003427,0.003427,0.0000e+00
dev-long-03,238,818,0.000000e+00,818,818,0.502103,0.502103,0.0000e+00
dev-long-03,239,2934,0.000000e+00,3261,3261,4.134914,4.134914,0.0000e+00
dev-long-03,240,573,0.000000e+00,563,563,6.095410,6.095410,0.0000e+00
dev-long-03,241,775,0.000000e+00,506,506,4.717006,4.717006,0.0000e+00
dev-long-03,242,1492,0.000000e+00,563,563,4.152451,4.152451,0.0000e+00
dev-long-03,243,531,0.000000e+00,563,563,10.469577,10.469577,0.0000e+00
dev-long-03,244,8974,0.000000e+00,8974,8974,0.966625,0.966625,0.0000e+00
dev-long-03,245,563,0.000000e+00,563,563,0.252355,0.252355,0.0000e+00
dev-long-03,246,506,0.000000e+00,711,711,2.878983,2.878983,0.0000e+00
dev-long-03,247,7501,0.000000e+00,26460,26460,10.563237,10.563237,0.0000e+00
dev-long-03,248,529,0.000000e+00,529,529,0.017980,0.017980,0.0000e+00
dev-long-03,249,107,0.000000e+00,4749,4749,16.282932,16.282932,0.0000e+00
dev-long-03,250,18582,0.000000e+00,18582,18582,0.001306,0.001306,0.0000e+00
dev-long-03,251,5830,0.000000e+00,236761,236761,3.608634,3.608634,0.0000e+00
dev-long-03,252,699,0.000000e+00,531,531,5.557384,5.557384,0.0000e+00
dev-long-03,253,496,0.000000e+00,506,506,3.603308,3.603308,0.0000e+00
dev-long-03,254,21749,0.000000e+00,123698,123698,21.216130,21.216130,0.0000e+00
dev-long-03,255,991,0.000000e+00,991,991,0.297878,0.297878,0.0000e+00
dev-long-03,256,71102,0.000000e+00,71102,71102,0.187673,0.187673,0.0000e+00
dev-long-03,257,236772,0.000000e+00,236772,236772,0.006989,0.006989,0.0000e+00
dev-long-03,258,4925,0.000000e+00,4925,4925,0.000260,0.000260,0.0000e+00
dev-long-03,259,657,0.000000e+00,531,531,4.998731,4.998731,0.0000e+00
dev-long-03,260,886,0.000000e+00,506,506,7.555431,7.555431,0.0000e+00
dev-long-03,261,1345,0.000000e+00,8217,8217,4.225089,4.225089,0.0000e+00
dev-long-03,262,531,0.000000e+00,529,529,1.483294,1.483294,0.0000e+00
dev-long-03,263,506,0.000000e+00,496,496,2.218069,2.218069,0.0000e+00
dev-long-03,264,14836,0.000000e+00,13783,13783,4.640933,4.640933,0.0000e+00
dev-long-03,265,529,0.000000e+00,529,529,0.001973,0.001973,0.0000e+00
dev-long-03,266,496,0.000000e+00,496,496,0.035234,0.035234,0.0000e+00
dev-long-03,267,107,0.000000e+00,60556,60556,15.582690,15.582690,0.0000e+00
dev-long-03,268,1909,0.000000e+00,675,675,5.312847,5.312847,0.0000e+00
dev-long-03,269,888,0.000000e+00,888,888,0.000006,0.000006,0.0000e+00
dev-long-03,270,528,0.000000e+00,657,657,3.707735,3.707735,0.0000e+00
dev-long-03,271,64112,0.000000e+00,2264,2264,12.225153,12.225153,0.0000e+00
dev-long-03,272,5762,0.000000e+00,5762,5762,0.000879,0.000879,0.0000e+00
dev-long-03,273,7901,0.000000e+00,7901,7901,0.000887,0.000887,0.0000e+00
dev-long-03,274,657,0.000000e+00,1827,1827,5.837554,5.837554,0.0000e+00
dev-long-03,275,506,0.000000e+00,506,506,0.015735,0.015735,0.0000e+00
dev-long-03,276,1032,0.000000e+00,1032,1032,0.000356,0.000356,0.0000e+00
dev-long-03,277,236761,0.000000e+00,1345,1345,2.902114,2.902114,0.0000e+00
dev-long-03,278,1599,0.000000e+00,1030,1030,7.708130,7.708130,0.0000e+00
dev-long-03,279,1460,0.000000e+00,1460,1460,0.837766,0.837766,0.0000e+00
dev-long-03,280,236764,0.000000e+00,236764,236764,0.217384,0.217384,0.0000e+00
dev-long-03,281,34440,0.000000e+00,506,506,6.890659,6.890659,0.0000e+00
dev-long-03,282,236764,0.000000e+00,236764,236764,0.026935,0.026935,0.0000e+00
dev-long-03,283,1023,0.000000e+00,506,506,8.131960,8.131960,0.0000e+00
dev-long-03,284,2268,0.000000e+00,4209,4209,3.508205,3.508205,0.0000e+00
dev-long-03,285,107,0.000000e+00,2608,2608,13.824069,13.824069,0.0000e+00
dev-long-03,286,7156,0.000000e+00,43510,43510,11.130266,11.130266,0.0000e+00
dev-long-03,287,236756,0.000000e+00,19748,19748,5.925018,5.925018,0.0000e+00
dev-long-03,288,1507,0.000000e+00,1507,1507,0.000768,0.000768,0.0000e+00
dev-long-03,289,735,0.000000e+00,659,659,2.554900,2.554900,0.0000e+00
dev-long-03,290,15937,0.000000e+00,5378,5378,5.888230,5.888230,0.0000e+00
dev-long-03,291,12718,0.000000e+00,3291,3291,5.517982,5.517982,0.0000e+00
dev-long-03,292,496,0.000000e+00,496,496,0.142248,0.142248,0.0000e+00
dev-long-03,293,1623,0.000000e+00,2793,2793,1.754148,1.754148,0.0000e+00
dev-long-03,294,919,0.000000e+00,919,919,0.793034,0.793034,0.0000e+00
dev-long-03,295,2132,0.000000e+00,20997,20997,6.256261,6.256261,0.0000e+00
dev-long-03,296,532,0.000000e+00,2872,2872,3.550037,3.550037,0.0000e+00
dev-long-03,297,2344,0.000000e+00,12615,12615,4.781239,4.781239,0.0000e+00
dev-long-03,298,107,0.000000e+00,119541,119541,11.495447,11.495447,0.0000e+00
dev-long-03,299,4611,0.000000e+00,65744,65744,5.710672,5.710672,0.0000e+00
dev-long-03,300,103825,0.000000e+00,103825,103825,0.328965,0.328965,0.0000e+00
dev-long-03,301,6084,0.000000e+00,2872,2872,2.742685,2.742685,0.0000e+00
dev-long-03,302,236761,0.000000e+00,1827,1827,1.502772,1.502772,0.0000e+00
dev-long-03,303,5715,0.000000e+00,669,669,6.132790,6.132790,0.0000e+00
dev-long-03,304,563,0.000000e+00,236764,236764,1.312241,1.312241,0.0000e+00
dev-long-03,305,506,0.000000e+00,506,506,0.284826,0.284826,0.0000e+00
dev-long-03,306,10810,0.000000e+00,29344,29344,9.812149,9.812149,0.0000e+00
dev-long-03,307,236793,0.000000e+00,236761,236761,3.557572,3.557572,0.0000e+00
dev-long-03,308,506,0.000000e+00,625,625,2.408739,2.408739,0.0000e+00
dev-long-03,309,10810,0.000000e+00,69947,69947,7.209701,7.209701,0.0000e+00
dev-long-03,310,3588,0.000000e+00,563,563,6.259234,6.259234,0.0000e+00
dev-long-03,311,699,0.000000e+00,699,699,0.148248,0.148248,0.0000e+00
dev-long-03,312,506,0.000000e+00,506,506,0.113437,0.113437,0.0000e+00
dev-long-03,313,60556,0.000000e+00,146807,146807,15.623153,15.623153,0.0000e+00
dev-long-03,314,236764,0.000000e+00,236793,236793,1.950437,1.950437,0.0000e+00
dev-long-03,315,532,0.000000e+00,532,532,0.134910,0.134910,0.0000e+00
dev-long-03,316,107,0.000000e+00,506,506,13.154417,13.154417,0.0000e+00
dev-long-03,317,1437,0.000000e+00,624,624,1.481468,1.481468,0.0000e+00
dev-long-03,318,60556,0.000000e+00,60556,60556,0.045177,0.045177,0.0000e+00
dev-long-03,319,3588,0.000000e+00,3588,3588,0.093745,0.093745,0.0000e+00
dev-long-03,320,699,0.000000e+00,699,699,0.003021,0.003021,0.0000e+00
dev-long-03,321,3186,0.000000e+00,506,506,5.963804,5.963804,0.0000e+00
dev-long-03,322,236761,0.000000e+00,236761,236761,0.000033,0.000033,0.0000e+00
dev-long-03,323,12297,0.000000e+00,151504,151504,4.337464,4.337464,0.0000e+00
dev-long-03,324,28955,0.000000e+00,28955,28955,0.000108,0.000108,0.0000e+00
dev-long-03,325,236764,0.000000e+00,1827,1827,1.946744,1.946744,0.0000e+00
dev-long-03,326,506,0.000000e+00,532,532,2.700335,2.700335,0.0000e+00
dev-long-03,327,33995,0.000000e+00,880,880,2.962036,2.962036,0.0000e+00
dev-long-03,328,607,0.000000e+00,1015,1015,4.160686,4.160686,0.0000e+00
dev-long-03,329,506,0.000000e+00,506,506,0.030242,0.030242,0.0000e+00
dev-long-03,330,4287,0.000000e+00,84227,84227,8.990759,8.990759,0.0000e+00
dev-long-03,331,5423,0.000000e+00,5423,5423,0.410575,0.410575,0.0000e+00
dev-long-03,332,532,0.000000e+00,236761,236761,5.535813,5.535813,0.0000e+00
dev-long-03,333,107,0.000000e+00,506,506,9.974233,9.974233,0.0000e+00
dev-long-03,334,712,0.000000e+00,1437,1437,6.397856,6.397856,0.0000e+00
dev-long-03,335,506,0.000000e+00,1827,1827,3.339607,3.339607,0.0000e+00
dev-long-03,336,1032,0.000000e+00,86673,86673,3.028476,3.028476,0.0000e+00
dev-long-03,337,9507,0.000000e+00,86673,86673,6.007444,6.007444,0.0000e+00
dev-long-03,338,607,0.000000e+00,692,692,9.986704,9.986704,0.0000e+00
dev-long-03,339,837,0.000000e+00,837,837,0.147326,0.147326,0.0000e+00
dev-long-03,340,564,0.000000e+00,692,692,2.304355,2.304355,0.0000e+00
dev-long-03,341,735,0.000000e+00,1053,1053,2.248222,2.248222,0.0000e+00
dev-long-03,342,38670,0.000000e+00,68011,68011,14.656888,14.656888,0.0000e+00
dev-long-03,343,611,0.000000e+00,611,611,0.005263,0.005263,0.0000e+00
dev-long-03,344,236761,0.000000e+00,236761,236761,0.739041,0.739041,0.0000e+00
dev-long-03,345,1593,0.000000e+00,669,669,4.556902,4.556902,0.0000e+00
dev-long-03,346,1492,0.000000e+00,506,506,6.311631,6.311631,0.0000e+00
dev-long-03,347,692,0.000000e+00,692,692,0.631492,0.631492,0.0000e+00
dev-long-03,348,107,0.000000e+00,1921,1921,15.668483,15.668483,0.0000e+00
dev-long-03,349,23600,0.000000e+00,32042,32042,2.284754,2.284754,0.0000e+00
dev-long-03,350,1076,0.000000e+00,15819,15819,7.096241,7.096241,0.0000e+00
dev-long-03,351,13109,0.000000e+00,1003,1003,2.954882,2.954882,0.0000e+00
dev-long-03,352,1401,0.000000e+00,531,531,11.768533,11.768533,0.0000e+00
dev-long-03,353,16263,0.000000e+00,31077,31077,6.252659,6.252659,0.0000e+00
dev-long-03,354,531,0.000000e+00,531,531,0.078625,0.078625,0.0000e+00
dev-long-03,355,8159,0.000000e+00,506,506,3.014352,3.014352,0.0000e+00
dev-long-03,356,672,0.000000e+00,855,855,3.307800,3.307800,0.0000e+00
dev-long-03,357,33995,0.000000e+00,880,880,1.896958,1.896958,0.0000e+00
dev-long-03,358,532,0.000000e+00,1827,1827,1.818920,1.818920,0.0000e+00
dev-long-03,359,107,0.000000e+00,16358,16358,14.095407,14.095407,0.0000e+00
dev-long-03,360,527,0.000000e+00,977,977,5.017445,5.017445,0.0000e+00
dev-long-03,361,9631,0.000000e+00,9631,9631,0.000091,0.000091,0.0000e+00
dev-long-03,362,522,0.000000e+00,522,522,0.005163,0.005163,0.0000e+00
dev-long-03,363,1144,0.000000e+00,506,506,2.800253,2.800253,0.0000e+00
dev-long-03,364,912,0.000000e+00,668,668,4.741870,4.741870,0.0000e+00
dev-long-03,365,668,0.000000e+00,668,668,0.055162,0.055162,0.0000e+00
dev-long-03,366,815,0.000000e+00,6657,6657,4.487290,4.487290,0.0000e+00
dev-long-03,367,6657,0.000000e+00,6657,6657,0.269150,0.269150,0.0000e+00
dev-long-03,368,528,0.000000e+00,528,528,0.004409,0.004409,0.0000e+00
dev-long-03,369,672,0.000000e+00,506,506,2.853508,2.853508,0.0000e+00
dev-long-03,370,2268,0.000000e+00,36608,36608,7.277459,7.277459,0.0000e+00
dev-long-03,371,26460,0.000000e+00,36608,36608,4.279977,4.279977,0.0000e+00
dev-long-03,372,236761,0.000000e+00,1827,1827,4.932806,4.932806,0.0000e+00
dev-long-03,373,2282,0.000000e+00,1030,1030,6.862710,6.862710,0.0000e+00
dev-long-03,374,776,0.000000e+00,1586,1586,4.878520,4.878520,0.0000e+00
dev-long-03,375,107,0.000000e+00,600,600,15.700830,15.700830,0.0000e+00
dev-long-03,376,1580,0.000000e+00,4060,4060,4.047952,4.047952,0.0000e+00
dev-long-03,377,236764,0.000000e+00,236764,236764,0.049196,0.049196,0.0000e+00
dev-long-03,378,692,0.000000e+00,692,692,0.182070,0.182070,0.0000e+00
dev-long-03,379,1921,0.000000e+00,1921,1921,0.135667,0.135667,0.0000e+00
dev-long-03,380,2056,0.000000e+00,1586,1586,6.471730,6.471730,0.0000e+00
dev-long-03,381,506,0.000000e+00,531,531,6.925699,6.925699,0.0000e+00
dev-long-03,382,33055,0.000000e+00,6623,6623,9.963439,9.963439,0.0000e+00
dev-long-03,383,2820,0.000000e+00,529,529,3.114785,3.114785,0.0000e+00
dev-long-03,384,1171,0.000000e+00,529,529,4.503113,4.503113,0.0000e+00
dev-long-03,385,236764,0.000000e+00,1827,1827,3.506978,3.506978,0.0000e+00
dev-long-03,386,532,0.000000e+00,532,532,0.706764,0.706764,0.0000e+00
dev-long-03,387,1239,0.000000e+00,564,564,8.974072,8.974072,0.0000e+00
dev-long-03,388,7089,0.000000e+00,2820,2820,12.128621,12.128621,0.0000e+00
dev-long-03,389,33112,0.000000e+00,528,528,11.144428,11.144428,0.0000e+00
dev-long-03,390,107,0.000000e+00,528,528,12.317772,12.317772,0.0000e+00
dev-long-03,391,495,0.000000e+00,495,495,0.439493,0.439493,0.0000e+00
dev-long-03,392,614,0.000000e+00,506,506,6.544323,6.544323,0.0000e+00
dev-long-03,393,44797,0.000000e+00,26410,26410,1.918589,1.918589,0.0000e+00
dev-long-03,394,528,0.000000e+00,1827,1827,3.754466,3.754466,0.0000e+00
dev-long-03,395,784,0.000000e+00,506,506,9.304858,9.304858,0.0000e+00
dev-long-03,396,506,0.000000e+00,506,506,0.187807,0.187807,0.0000e+00
dev-long-03,397,9137,0.000000e+00,3262,3262,10.480902,10.480902,0.0000e+00
dev-long-03,398,13009,0.000000e+00,13009,13009,0.025932,0.025932,0.0000e+00
dev-long-03,399,236761,0.000000e+00,1827,1827,4.618773,4.618773,0.0000e+00
dev-long-03,400,1637,0.000000e+00,564,564,5.018448,5.018448,0.0000e+00
dev-long-03,401,672,0.000000e+00,692,692,5.266574,5.266574,0.0000e+00
dev-long-03,402,5121,0.000000e+00,33995,33995,16.281689,16.281689,0.0000e+00
dev-long-03,403,236764,0.000000e+00,236764,236764,0.009339,0.009339,0.0000e+00
dev-long-03,404,564,0.000000e+00,692,692,4.875377,4.875377,0.0000e+00
dev-long-03,405,2863,0.000000e+00,2863,2863,0.047590,0.047590,0.0000e+00
dev-long-03,406,107,0.000000e+00,735,735,13.388097,13.388097,0.0000e+00
dev-long-03,407,17777,0.000000e+00,5738,5738,2.634192,2.634192,0.0000e+00
dev-long-03,408,100467,0.000000e+00,531,531,6.705946,6.705946,0.0000e+00
dev-long-03,409,531,0.000000e+00,531,531,0.000516,0.000516,0.0000e+00
dev-long-03,410,1032,0.000000e+00,506,506,2.973667,2.973667,0.0000e+00
dev-long-03,411,4615,0.000000e+00,2820,2820,1.005252,1.005252,0.0000e+00
dev-long-03,412,1827,0.000000e+00,1827,1827,0.274662,0.274662,0.0000e+00
dev-long-03,413,108,0.000000e+00,108,108,0.003374,0.003374,0.0000e+00
dev-long-03,414,236913,0.000000e+00,236913,236913,0.539721,0.539721,0.0000e+00
dev-long-03,415,3689,0.000000e+00,2267,2267,4.205196,4.205196,0.0000e+00
dev-long-03,416,795,0.000000e+00,776,776,2.122488,2.122488,0.0000e+00
dev-long-03,417,611,0.000000e+00,611,611,0.430430,0.430430,0.0000e+00
dev-long-03,418,1879,0.000000e+00,776,776,8.625270,8.625270,0.0000e+00
dev-long-03,419,9377,0.000000e+00,9377,9377,0.881126,0.881126,0.0000e+00
dev-long-03,420,108,0.000000e+00,108,108,0.001384,0.001384,0.0000e+00
dev-long-03,421,236913,0.000000e+00,236913,236913,0.005762,0.005762,0.0000e+00
dev-long-03,422,46762,0.000000e+00,236777,236777,9.341495,9.341495,0.0000e+00
dev-long-03,423,786,0.000000e+00,506,506,2.321925,2.321925,0.0000e+00
dev-long-03,424,496,0.000000e+00,506,506,1.822969,1.822969,0.0000e+00
dev-long-03,425,30368,0.000000e+00,3658,3658,8.601112,8.601112,0.0000e+00
dev-long-03,426,532,0.000000e+00,236764,236764,1.237576,1.237576,0.0000e+00
dev-long-03,427,600,0.000000e+00,3627,3627,9.009142,9.009142,0.0000e+00
dev-long-03,428,21078,0.000000e+00,44797,44797,4.141892,4.141892,0.0000e+00
dev-long-03,429,529,0.000000e+00,529,529,0.014743,0.014743,0.0000e+00
dev-long-03,430,3627,0.000000e+00,3627,3627,0.005131,0.005131,0.0000e+00
dev-long-03,431,236761,0.000000e+00,236761,236761,0.602747,0.602747,0.0000e+00
dev-long-03,432,4224,0.000000e+00,1191,1191,5.627488,5.627488,0.0000e+00
dev-long-03,433,236764,0.000000e+00,236764,236764,0.286873,0.286873,0.0000e+00
dev-long-03,434,1299,0.000000e+00,532,532,9.356575,9.356575,0.0000e+00
dev-long-03,435,236787,0.000000e+00,236764,236764,10.380830,10.380830,0.0000e+00
dev-long-03,436,2141,0.000000e+00,2141,2141,1.082956,1.082956,0.0000e+00
dev-long-03,437,11099,0.000000e+00,7978,7978,6.171558,6.171558,0.0000e+00
dev-long-03,438,657,0.000000e+00,528,528,4.285284,4.285284,0.0000e+00
dev-long-03,439,506,0.000000e+00,506,506,0.892298,0.892298,0.0000e+00
dev-long-03,440,107,0.000000e+00,12825,12825,15.891504,15.891504,0.0000e+00
dev-long-03,441,50539,0.000000e+00,54347,54347,6.707308,6.707308,0.0000e+00
dev-long-03,442,529,0.000000e+00,529,529,0.000513,0.000513,0.0000e+00
dev-long-03,443,7886,0.000000e+00,64112,64112,1.748200,1.748200,0.0000e+00
dev-long-03,444,787,0.000000e+00,787,787,0.000000,0.000000,0.0000e+00
dev-long-03,445,6718,0.000000e+00,6718,6718,0.001491,0.001491,0.0000e+00
dev-long-03,446,236764,0.000000e+00,236761,236761,1.024037,1.024037,0.0000e+00
dev-long-03,447,496,0.000000e+00,496,496,0.444198,0.444198,0.0000e+00
dev-long-03,448,60556,0.000000e+00,3730,3730,5.000576,5.000576,0.0000e+00
dev-long-03,449,532,0.000000e+00,236764,236764,8.862743,8.862743,0.0000e+00
dev-long-03,450,496,0.000000e+00,496,496,0.091549,0.091549,0.0000e+00
dev-long-03,451,2764,0.000000e+00,5423,5423,4.733565,4.733565,0.0000e+00
dev-long-03,452,6345,0.000000e+00,5423,5423,1.303578,1.303578,0.0000e+00
dev-long-03,453,5423,0.000000e+00,5423,5423,0.001415,0.001415,0.0000e+00
dev-long-03,454,236761,0.000000e+00,236761,236761,0.330171,0.330171,0.0000e+00
dev-long-03,455,3186,0.000000e+00,115239,115239,6.542633,6.542633,0.0000e+00
dev-long-03,456,236761,0.000000e+00,236761,236761,0.001037,0.001037,0.0000e+00
dev-long-03,457,12297,0.000000e+00,12297,12297,0.662577,0.662577,0.0000e+00
dev-long-03,458,28955,0.000000e+00,28955,28955,0.000085,0.000085,0.0000e+00
dev-long-03,459,107,0.000000e+00,236764,236764,15.392227,15.392227,0.0000e+00
dev-long-03,460,4881,0.000000e+00,16132,16132,4.549685,4.549685,0.0000e+00
dev-long-03,461,735,0.000000e+00,577,577,8.479010,8.479010,0.0000e+00
dev-long-03,462,506,0.000000e+00,1091,1091,5.234638,5.234638,0.0000e+00
dev-long-03,463,1638,0.000000e+00,60556,60556,8.113981,8.113981,0.0000e+00
dev-long-03,464,684,0.000000e+00,12227,12227,6.125106,6.125106,0.0000e+00
dev-long-03,465,14253,0.000000e+00,11687,11687,3.914866,3.914866,0.0000e+00
dev-long-03,466,657,0.000000e+00,531,531,3.812991,3.812991,0.0000e+00
dev-long-03,467,236743,0.000000e+00,1041,1041,2.281484,2.281484,0.0000e+00
dev-long-03,468,236825,0.000000e+00,236778,236778,10.516107,10.516107,0.0000e+00
dev-long-03,469,236787,0.000000e+00,236764,236764,4.799725,4.799725,0.0000e+00
dev-long-03,470,236800,0.000000e+00,236771,236771,0.797221,0.797221,0.0000e+00
dev-long-03,471,236771,0.000000e+00,236771,236771,0.001694,0.001694,0.0000e+00
dev-long-03,472,672,0.000000e+00,657,657,2.240685,2.240685,0.0000e+00
dev-long-03,473,9137,0.000000e+00,5597,5597,3.657649,3.657649,0.0000e+00
dev-long-03,474,657,0.000000e+00,12227,12227,1.817007,1.817007,0.0000e+00
dev-long-03,475,236743,0.000000e+00,236743,236743,0.829810,0.829810,0.0000e+00
dev-long-03,476,236778,0.000000e+00,236778,236778,0.010069,0.010069,0.0000e+00
dev-long-03,477,236778,0.000000e+00,236778,236778,0.011323,0.011323,0.0000e+00
dev-long-03,478,236770,0.000000e+00,236770,236770,0.008003,0.008003,0.0000e+00
dev-long-03,479,236799,0.000000e+00,236799,236799,0.005859,0.005859,0.0000e+00
dev-long-03,480,236764,0.000000e+00,28955,28955,4.082191,4.082191,0.0000e+00
dev-long-03,481,28955,0.000000e+00,28955,28955,0.011977,0.011977,0.0000e+00
dev-long-03,482,107,0.000000e+00,6718,6718,14.370938,14.370938,0.0000e+00
dev-long-03,483,40703,0.000000e+00,40703,40703,0.000800,0.000800,0.0000e+00
dev-long-03,484,12227,0.000000e+00,90135,90135,0.910262,0.910262,0.0000e+00
dev-long-03,485,2981,0.000000e+00,564,564,3.167834,3.167834,0.0000e+00
dev-long-03,486,563,0.000000e+00,1374,1374,1.134704,1.134704,0.0000e+00
dev-long-03,487,3582,0.000000e+00,506,506,6.209971,6.209971,0.0000e+00
dev-long-03,488,532,0.000000e+00,3487,3487,0.916961,0.916961,0.0000e+00
dev-long-03,489,63510,0.000000e+00,63510,63510,0.258213,0.258213,0.0000e+00
dev-long-03,490,1827,0.000000e+00,236761,236761,1.093399,1.093399,0.0000e+00
dev-long-03,491,108,0.000000e+00,108,108,0.001286,0.001286,0.0000e+00
dev-long-03,492,236913,0.000000e+00,236913,236913,0.033363,0.033363,0.0000e+00
dev-long-03,493,26546,0.000000e+00,4573,4573,6.289606,6.289606,0.0000e+00
dev-long-03,494,236761,0.000000e+00,1388,1388,12.425288,12.425288,0.0000e+00
dev-long-03,495,2024,0.000000e+00,1452,1452,1.947841,1.947841,0.0000e+00
dev-long-03,496,795,0.000000e+00,1144,1144,2.118197,2.118197,0.0000e+00
dev-long-03,497,668,0.000000e+00,668,668,0.471194,0.471194,0.0000e+00
dev-long-03,498,1460,0.000000e+00,2229,2229,9.853438,9.853438,0.0000e+00
dev-long-03,499,625,0.000000e+00,625,625,0.150796,0.150796,0.0000e+00
dev-long-03,500,9377,0.000000e+00,9377,9377,0.121053,0.121053,0.0000e+00
dev-long-03,501,108,0.000000e+00,108,108,0.001284,0.001284,0.0000e+00
dev-long-03,502,236913,0.000000e+00,236913,236913,0.000587,0.000587,0.0000e+00
dev-long-03,503,13086,0.000000e+00,2209,2209,4.281376,4.281376,0.0000e+00
dev-long-03,504,236764,0.000000e+00,236764,236764,0.011733,0.011733,0.0000e+00
dev-long-03,505,668,0.000000e+00,668,668,1.201428,1.201428,0.0000e+00
dev-long-03,506,563,0.000000e+00,563,563,0.715828,0.715828,0.0000e+00
dev-long-03,507,2889,0.000000e+00,496,496,8.079731,8.079731,0.0000e+00
dev-long-03,508,531,0.000000e+00,531,531,0.007484,0.007484,0.0000e+00
dev-long-03,509,2514,0.000000e+00,1460,1460,10.240172,10.240172,0.0000e+00
dev-long-03,510,614,0.000000e+00,614,614,1.569681,1.569681,0.0000e+00
dev-long-03,511,7068,0.000000e+00,7068,7068,0.001358,0.001358,0.0000e+00
dev-long-03,512,580,0.000000e+00,580,580,0.767753,0.767753,0.0000e+00
dev-long-03,513,506,0.000000e+00,506,506,0.184491,0.184491,0.0000e+00
dev-long-03,514,13009,0.000000e+00,13009,13009,0.150987,0.150987,0.0000e+00
dev-long-03,515,236764,0.000000e+00,236764,236764,0.756103,0.756103,0.0000e+00
dev-long-03,516,2338,0.000000e+00,532,532,7.311182,7.311182,0.0000e+00
dev-long-03,517,236764,0.000000e+00,668,668,6.026744,6.026744,0.0000e+00
dev-long-03,518,531,0.000000e+00,618,618,7.654519,7.654519,0.0000e+00
dev-long-03,519,496,0.000000e+00,1041,1041,5.392431,5.392431,0.0000e+00
dev-long-03,520,6934,0.000000e+00,880,880,6.467838,6.467838,0.0000e+00
dev-long-03,521,880,0.000000e+00,880,880,0.656084,0.656084,0.0000e+00
dev-long-03,522,236764,0.000000e+00,236764,236764,0.360801,0.360801,0.0000e+00
dev-long-03,523,107,0.000000e+00,496,496,7.998714,7.998714,0.0000e+00
dev-long-03,524,1437,0.000000e+00,624,624,4.882467,4.882467,0.0000e+00
dev-long-03,525,3967,0.000000e+00,16158,16158,5.883386,5.883386,0.0000e+00
dev-long-03,526,691,0.000000e+00,529,529,9.678653,9.678653,0.0000e+00
dev-long-03,527,496,0.000000e+00,496,496,0.465179,0.465179,0.0000e+00
dev-long-03,528,7274,0.000000e+00,1822,1822,3.394100,3.394100,0.0000e+00
dev-long-03,529,886,0.000000e+00,13949,13949,3.656948,3.656948,0.0000e+00
dev-long-03,530,236761,0.000000e+00,236761,236761,0.202715,0.202715,0.0000e+00
dev-long-03,531,1293,0.000000e+00,1452,1452,2.689543,2.689543,0.0000e+00
dev-long-03,532,691,0.000000e+00,795,795,6.396927,6.396927,0.0000e+00
dev-long-03,533,8207,0.000000e+00,992,992,4.589977,4.589977,0.0000e+00
dev-long-03,534,834,0.000000e+00,496,496,8.037863,8.037863,0.0000e+00
dev-long-03,535,31974,0.000000e+00,11307,11307,17.060540,17.060540,0.0000e+00
dev-long-03,536,684,0.000000e+00,529,529,3.112827,3.112827,0.0000e+00
dev-long-03,537,914,0.000000e+00,506,506,4.018408,4.018408,0.0000e+00
dev-long-03,538,3930,0.000000e+00,101430,101430,7.270829,7.270829,0.0000e+00
dev-long-03,539,95852,0.000000e+00,127166,127166,1.887709,1.887709,0.0000e+00
dev-long-03,540,528,0.000000e+00,236764,236764,6.220027,6.220027,0.0000e+00
dev-long-03,541,107,0.000000e+00,506,506,12.458827,12.458827,0.0000e+00
dev-long-03,542,28384,0.000000e+00,1437,1437,8.114744,8.114744,0.0000e+00
dev-long-03,543,506,0.000000e+00,506,506,0.698123,0.698123,0.0000e+00
dev-long-03,544,4771,0.000000e+00,4771,4771,0.079340,0.079340,0.0000e+00
dev-long-03,545,532,0.000000e+00,236764,236764,3.951609,3.951609,0.0000e+00
dev-long-03,546,684,0.000000e+00,506,506,2.971627,2.971627,0.0000e+00
dev-long-03,547,506,0.000000e+00,506,506,0.084362,0.084362,0.0000e+00
dev-long-03,548,4313,0.000000e+00,10086,10086,7.683750,7.683750,0.0000e+00
dev-long-03,549,529,0.000000e+00,529,529,0.000898,0.000898,0.0000e+00
dev-long-03,550,56513,0.000000e+00,506,506,13.965493,13.965493,0.0000e+00
dev-long-03,551,600,0.000000e+00,600,600,0.552594,0.552594,0.0000e+00
dev-long-03,552,668,0.000000e+00,668,668,0.042181,0.042181,0.0000e+00
dev-long-03,553,3305,0.000000e+00,1093,1093,7.948714,7.948714,0.0000e+00
dev-long-03,554,529,0.000000e+00,668,668,3.962890,3.962890,0.0000e+00
dev-long-03,555,107,0.000000e+00,506,506,13.229391,13.229391,0.0000e+00
dev-long-03,556,63823,0.000000e+00,236754,236754,5.035225,5.035225,0.0000e+00
dev-long-03,557,840,0.000000e+00,1663,1663,1.481539,1.481539,0.0000e+00
dev-long-03,558,10224,0.000000e+00,506,506,8.225746,8.225746,0.0000e+00
dev-long-03,559,236764,0.000000e+00,236761,236761,2.583992,2.583992,0.0000e+00
dev-long-03,560,840,0.000000e+00,532,532,1.555246,1.555246,0.0000e+00
dev-long-03,561,2338,0.000000e+00,668,668,5.889930,5.889930,0.0000e+00
dev-long-03,562,1299,0.000000e+00,668,668,11.897165,11.897165,0.0000e+00
dev-long-03,563,668,0.000000e+00,236764,236764,2.182014,2.182014,0.0000e+00
dev-long-03,564,1921,0.000000e+00,815,815,2.550572,2.550572,0.0000e+00
dev-long-03,565,735,0.000000e+00,735,735,0.051764,0.051764,0.0000e+00
dev-long-03,566,123514,0.000000e+00,1010,1010,13.768142,13.768142,0.0000e+00
dev-long-03,567,101551,0.000000e+00,101551,101551,0.070059,0.070059,0.0000e+00
dev-long-03,568,506,0.000000e+00,914,914,2.094237,2.094237,0.0000e+00
dev-long-03,569,107,0.000000e+00,3967,3967,13.433941,13.433941,0.0000e+00
dev-long-03,570,13815,0.000000e+00,10558,10558,12.249597,12.249597,0.0000e+00
dev-long-03,571,18688,0.000000e+00,2669,2669,5.897048,5.897048,0.0000e+00
dev-long-03,572,837,0.000000e+00,236761,236761,8.910224,8.910224,0.0000e+00
dev-long-03,573,7321,0.000000e+00,5378,5378,4.273726,4.273726,0.0000e+00
dev-long-03,574,1515,0.000000e+00,1515,1515,0.021090,0.021090,0.0000e+00
dev-long-03,575,531,0.000000e+00,531,531,0.010784,0.010784,0.0000e+00
dev-long-03,576,7266,0.000000e+00,14005,14005,2.095873,2.095873,0.0000e+00
dev-long-03,577,914,0.000000e+00,506,506,1.008705,1.008705,0.0000e+00
dev-long-03,578,8001,0.000000e+00,8226,8226,6.187069,6.187069,0.0000e+00
dev-long-03,579,236761,0.000000e+00,236761,236761,0.781855,0.781855,0.0000e+00
dev-long-03,580,4298,0.000000e+00,1293,1293,6.964692,6.964692,0.0000e+00
dev-long-03,581,236764,0.000000e+00,692,692,1.358304,1.358304,0.0000e+00
dev-long-03,582,1570,0.000000e+00,668,668,14.366047,14.366047,0.0000e+00
dev-long-03,583,236764,0.000000e+00,236764,236764,0.003500,0.003500,0.0000e+00
dev-long-03,584,506,0.000000e+00,668,668,1.296558,1.296558,0.0000e+00
dev-long-03,585,107,0.000000e+00,44797,44797,13.486727,13.486727,0.0000e+00
dev-long-03,586,74214,0.000000e+00,499,499,9.815120,9.815120,0.0000e+00
dev-long-03,587,529,0.000000e+00,529,529,0.004620,0.004620,0.0000e+00
dev-long-03,588,914,0.000000e+00,506,506,4.538975,4.538975,0.0000e+00
dev-long-03,589,1463,0.000000e+00,1463,1463,1.852930,1.852930,0.0000e+00
dev-long-03,590,795,0.000000e+00,528,528,2.910515,2.910515,0.0000e+00
dev-long-03,591,4400,0.000000e+00,7298,7298,4.546332,4.546332,0.0000e+00
dev-long-03,592,1515,0.000000e+00,1515,1515,0.025347,0.025347,0.0000e+00
dev-long-03,593,531,0.000000e+00,531,531,0.045303,0.045303,0.0000e+00
dev-long-03,594,1460,0.000000e+00,1385,1385,5.078371,5.078371,0.0000e+00
dev-long-03,595,625,0.000000e+00,506,506,1.735481,1.735481,0.0000e+00
dev-long-03,596,236764,0.000000e+00,1827,1827,2.205475,2.205475,0.0000e+00
dev-long-03,597,573,0.000000e+00,532,532,2.558815,2.558815,0.0000e+00
dev-long-03,598,4677,0.000000e+00,668,668,7.401945,7.401945,0.0000e+00
dev-long-03,599,1015,0.000000e+00,563,563,2.487317,2.487317,0.0000e+00
dev-long-03,600,107,0.000000e+00,815,815,11.853271,11.853271,0.0000e+00
dev-long-03,601,32042,0.000000e+00,32042,32042,0.936366,0.936366,0.0000e+00
dev-long-03,602,236751,0.000000e+00,236751,236751,0.000094,0.000094,0.0000e+00
dev-long-03,603,1515,0.000000e+00,1515,1515,0.952642,0.952642,0.0000e+00
dev-long-03,604,795,0.000000e+00,795,795,0.535712,0.535712,0.0000e+00
dev-long-03,605,1982,0.000000e+00,577,577,13.832119,13.832119,0.0000e+00
dev-long-03,606,914,0.000000e+00,914,914,0.784241,0.784241,0.0000e+00
dev-long-03,607,5700,0.000000e+00,5700,5700,0.097828,0.097828,0.0000e+00
dev-long-03,608,531,0.000000e+00,531,531,0.036782,0.036782,0.0000e+00
dev-long-03,609,625,0.000000e+00,506,506,2.122351,2.122351,0.0000e+00
dev-long-03,610,236761,0.000000e+00,1827,1827,3.059035,3.059035,0.0000e+00
dev-long-03,611,5715,0.000000e+00,1030,1030,9.010227,9.010227,0.0000e+00
dev-long-03,612,611,0.000000e+00,692,692,3.109034,3.109034,0.0000e+00
dev-long-03,613,659,0.000000e+00,659,659,0.012416,0.012416,0.0000e+00
dev-long-03,614,236764,0.000000e+00,1827,1827,6.743928,6.743928,0.0000e+00
dev-long-03,615,56513,0.000000e+00,532,532,7.215545,7.215545,0.0000e+00
dev-long-03,616,236764,0.000000e+00,1827,1827,4.621942,4.621942,0.0000e+00
dev-long-03,617,1845,0.000000e+00,532,532,9.570216,9.570216,0.0000e+00
dev-long-03,618,107,0.000000e+00,3008,3008,14.356797,14.356797,0.0000e+00
dev-long-03,619,3843,0.000000e+00,51528,51528,7.707440,7.707440,0.0000e+00
dev-long-03,620,531,0.000000e+00,531,531,0.416760,0.416760,0.0000e+00
dev-long-03,621,506,0.000000e+00,506,506,0.432771,0.432771,0.0000e+00
dev-long-03,622,12940,0.000000e+00,4408,4408,9.542055,9.542055,0.0000e+00
dev-long-03,623,10345,0.000000e+00,4408,4408,3.202492,3.202492,0.0000e+00
dev-long-03,624,532,0.000000e+00,532,532,0.894598,0.894598,0.0000e+00
dev-long-03,625,735,0.000000e+00,1977,1977,3.040312,3.040312,0.0000e+00
dev-long-03,626,672,0.000000e+00,672,672,0.875704,0.875704,0.0000e+00
dev-long-03,627,2247,0.000000e+00,13762,13762,3.935768,3.935768,0.0000e+00
dev-long-03,628,528,0.000000e+00,528,528,0.600749,0.600749,0.0000e+00
dev-long-03,629,506,0.000000e+00,506,506,0.416670,0.416670,0.0000e+00
dev-long-03,630,9137,0.000000e+00,9137,9137,1.013321,1.013321,0.0000e+00
dev-long-03,631,107,0.000000e+00,13009,13009,15.618447,15.618447,0.0000e+00
dev-long-03,632,26429,0.000000e+00,26429,26429,0.039420,0.039420,0.0000e+00
dev-long-03,633,1827,0.000000e+00,1827,1827,0.253881,0.253881,0.0000e+00
dev-long-03,634,108,0.000000e+00,108,108,0.001821,0.001821,0.0000e+00
dev-long-03,635,236913,0.000000e+00,236913,236913,0.374691,0.374691,0.0000e+00
dev-long-03,636,902,0.000000e+00,236777,236777,8.525423,8.525423,0.0000e+00
dev-long-03,637,837,0.000000e+00,506,506,9.491578,9.491578,0.0000e+00
dev-long-03,638,236764,0.000000e+00,564,564,4.844363,4.844363,0.0000e+00
dev-long-03,639,17536,0.000000e+00,17536,17536,0.757122,0.757122,0.0000e+00
dev-long-03,640,9377,0.000000e+00,236764,236764,4.053336,4.053336,0.0000e+00
dev-long-03,641,108,0.000000e+00,108,108,0.000438,0.000438,0.0000e+00
dev-long-03,642,236913,0.000000e+00,236913,236913,0.012159,0.012159,0.0000e+00
dev-long-03,643,12932,0.000000e+00,902,902,14.342253,14.342253,0.0000e+00
dev-long-03,644,236764,0.000000e+00,236764,236764,0.001297,0.001297,0.0000e+00
dev-long-03,645,528,0.000000e+00,528,528,1.302333,1.302333,0.0000e+00
dev-long-03,646,506,0.000000e+00,506,506,0.482723,0.482723,0.0000e+00
dev-long-03,647,2222,0.000000e+00,13009,13009,6.409693,6.409693,0.0000e+00
dev-long-03,648,81098,0.000000e+00,187336,187336,8.192363,8.192363,0.0000e+00
dev-long-03,649,25317,0.000000e+00,236779,236779,2.822849,2.822849,0.0000e+00
dev-long-03,650,2222,0.000000e+00,564,564,7.185725,7.185725,0.0000e+00
dev-long-03,651,7032,0.000000e+00,81098,81098,5.529703,5.529703,0.0000e+00
dev-long-03,652,25317,0.000000e+00,25317,25317,0.040188,0.040188,0.0000e+00
dev-long-03,653,2222,0.000000e+00,532,532,5.041219,5.041219,0.0000e+00
dev-long-03,654,187336,0.000000e+00,79287,79287,3.246508,3.246508,0.0000e+00
dev-long-03,655,25929,0.000000e+00,25929,25929,0.001709,0.001709,0.0000e+00
dev-long-03,656,25317,0.000000e+00,66891,66891,3.420690,3.420690,0.0000e+00
dev-long-03,657,2222,0.000000e+00,532,532,4.576860,4.576860,0.0000e+00
dev-long-03,658,894,0.000000e+00,42362,42362,13.401616,13.401616,0.0000e+00
dev-long-03,659,236761,0.000000e+00,236761,236761,0.128084,0.128084,0.0000e+00
dev-long-03,660,7502,0.000000e+00,7502,7502,0.504428,0.504428,0.0000e+00
dev-long-03,661,236858,0.000000e+00,236858,236858,0.584834,0.584834,0.0000e+00
dev-long-03,662,236751,0.000000e+00,236751,236751,0.000651,0.000651,0.0000e+00
dev-long-03,663,66891,0.000000e+00,236779,236779,10.264800,10.264800,0.0000e+00
dev-long-03,664,25317,0.000000e+00,236779,236779,2.194449,2.194449,0.0000e+00
dev-long-03,665,107,0.000000e+00,532,532,11.587243,11.587243,0.0000e+00
dev-long-03,666,236779,0.000000e+00,624,624,2.474384,2.474384,0.0000e+00
dev-long-03,667,164334,0.000000e+00,818,818,5.719994,5.719994,0.0000e+00
dev-long-03,668,7074,0.000000e+00,7074,7074,0.045064,0.045064,0.0000e+00
dev-long-03,669,25317,0.000000e+00,25317,25317,0.419448,0.419448,0.0000e+00
dev-long-03,670,2222,0.000000e+00,532,532,1.967390,1.967390,0.0000e+00
dev-long-03,671,21108,0.000000e+00,42362,42362,10.462917,10.462917,0.0000e+00
dev-long-03,672,25317,0.000000e+00,25317,25317,0.156116,0.156116,0.0000e+00
dev-long-03,673,2222,0.000000e+00,532,532,1.634686,1.634686,0.0000e+00
dev-long-03,674,114711,0.000000e+00,42362,42362,13.894264,13.894264,0.0000e+00
dev-long-03,675,25317,0.000000e+00,25317,25317,0.535561,0.535561,0.0000e+00
dev-long-03,676,532,0.000000e+00,532,532,0.299606,0.299606,0.0000e+00
dev-long-03,677,1027,0.000000e+00,506,506,2.866479,2.866479,0.0000e+00
dev-long-03,678,3496,0.000000e+00,1032,1032,4.314843,4.314843,0.0000e+00
dev-long-03,679,600,0.000000e+00,600,600,1.124453,1.124453,0.0000e+00
dev-long-03,680,4583,0.000000e+00,795,795,14.137396,14.137396,0.0000e+00
dev-long-03,681,531,0.000000e+00,531,531,0.101885,0.101885,0.0000e+00
dev-long-03,682,611,0.000000e+00,611,611,0.095253,0.095253,0.0000e+00
dev-long-03,683,1827,0.000000e+00,1827,1827,0.167358,0.167358,0.0000e+00
dev-long-03,684,108,0.000000e+00,108,108,0.012790,0.012790,0.0000e+00
dev-long-03,685,236913,0.000000e+00,236913,236913,0.295866,0.295866,0.0000e+00
dev-long-03,686,26546,0.000000e+00,236776,236776,4.018958,4.018958,0.0000e+00
dev-long-03,687,1388,0.000000e+00,1388,1388,0.237595,0.237595,0.0000e+00
dev-long-03,688,236764,0.000000e+00,1827,1827,1.651617,1.651617,0.0000e+00
dev-long-03,689,17536,0.000000e+00,17536,17536,0.014605,0.014605,0.0000e+00
dev-long-03,690,236761,0.000000e+00,1827,1827,2.686698,2.686698,0.0000e+00
dev-long-03,691,1452,0.000000e+00,564,564,6.541414,6.541414,0.0000e+00
dev-long-03,692,672,0.000000e+00,564,564,5.959471,5.959471,0.0000e+00
dev-long-03,693,10810,0.000000e+00,795,795,3.241061,3.241061,0.0000e+00
dev-long-03,694,9377,0.000000e+00,9377,9377,0.935850,0.935850,0.0000e+00
dev-long-03,695,108,0.000000e+00,108,108,0.000153,0.000153,0.0000e+00
dev-long-03,696,236913,0.000000e+00,236913,236913,0.012630,0.012630,0.0000e+00
dev-long-03,697,24019,0.000000e+00,27252,27252,8.803450,8.803450,0.0000e+00
dev-long-03,698,236764,0.000000e+00,236764,236764,0.004137,0.004137,0.0000e+00
dev-long-03,699,11262,0.000000e+00,56513,56513,8.566859,8.566859,0.0000e+00
dev-long-03,700,236764,0.000000e+00,236761,236761,3.116640,3.116640,0.0000e+00
dev-long-03,701,564,0.000000e+00,506,506,3.253744,3.253744,0.0000e+00
dev-long-03,702,2863,0.000000e+00,4646,4646,2.181995,2.181995,0.0000e+00
dev-long-03,703,2514,0.000000e+00,2514,2514,0.503997,0.503997,0.0000e+00
dev-long-03,704,506,0.000000e+00,625,625,5.080483,5.080483,0.0000e+00
dev-long-03,705,10810,0.000000e+00,60556,60556,1.382416,1.382416,0.0000e+00
dev-long-03,706,236761,0.000000e+00,573,573,3.218057,3.218057,0.0000e+00
dev-long-03,707,10770,0.000000e+00,1030,1030,11.605398,11.605398,0.0000e+00
dev-long-03,708,611,0.000000e+00,611,611,0.000264,0.000264,0.0000e+00
dev-long-03,709,236761,0.000000e+00,236764,236764,5.237716,5.237716,0.0000e+00
dev-long-03,710,1452,0.000000e+00,564,564,3.811999,3.811999,0.0000e+00
dev-long-03,711,236764,0.000000e+00,564,564,5.198260,5.198260,0.0000e+00
dev-long-03,712,564,0.000000e+00,34440,34440,3.039147,3.039147,0.0000e+00
dev-long-03,713,1879,0.000000e+00,4646,4646,7.410789,7.410789,0.0000e+00
dev-long-03,714,236764,0.000000e+00,236764,236764,0.018995,0.018995,0.0000e+00
dev-long-03,715,56513,0.000000e+00,600,600,5.000245,5.000245,0.0000e+00
dev-long-03,716,236764,0.000000e+00,236764,236764,0.004931,0.004931,0.0000e+00
dev-long-03,717,1164,0.000000e+00,611,611,11.636265,11.636265,0.0000e+00
dev-long-03,718,107,0.000000e+00,2514,2514,14.651321,14.651321,0.0000e+00
dev-long-03,719,20786,0.000000e+00,495,495,13.112582,13.112582,0.0000e+00
dev-long-03,720,496,0.000000e+00,5869,5869,3.033199,3.033199,0.0000e+00
dev-long-03,721,60556,0.000000e+00,6290,6290,4.620279,4.620279,0.0000e+00
dev-long-03,722,580,0.000000e+00,573,573,5.933026,5.933026,0.0000e+00
dev-long-03,723,822,0.000000e+00,822,822,0.558447,0.558447,0.0000e+00
dev-long-03,724,1595,0.000000e+00,1595,1595,0.012883,0.012883,0.0000e+00
dev-long-03,725,1063,0.000000e+00,1063,1063,0.979763,0.979763,0.0000e+00
dev-long-03,726,532,0.000000e+00,1827,1827,5.050659,5.050659,0.0000e+00
dev-long-03,727,5264,0.000000e+00,3944,3944,6.070794,6.070794,0.0000e+00
dev-long-03,728,625,0.000000e+00,625,625,0.029969,0.029969,0.0000e+00
dev-long-03,729,1590,0.000000e+00,580,580,6.809759,6.809759,0.0000e+00
dev-long-03,730,607,0.000000e+00,1827,1827,5.648971,5.648971,0.0000e+00
dev-long-03,731,786,0.000000e+00,786,786,0.374072,0.374072,0.0000e+00
dev-long-03,732,236764,0.000000e+00,1827,1827,4.726986,4.726986,0.0000e+00
dev-long-03,733,573,0.000000e+00,573,573,1.662931,1.662931,0.0000e+00
dev-long-03,734,692,0.000000e+00,564,564,2.874949,2.874949,0.0000e+00
dev-long-03,735,1921,0.000000e+00,2863,2863,4.312351,4.312351,0.0000e+00
dev-long-03,736,107,0.000000e+00,735,735,12.443524,12.443524,0.0000e+00
dev-long-03,737,17777,0.000000e+00,17777,17777,0.384940,0.384940,0.0000e+00
dev-long-03,738,886,0.000000e+00,496,496,3.321097,3.321097,0.0000e+00
dev-long-03,739,531,0.000000e+00,573,573,1.832839,1.832839,0.0000e+00
dev-long-03,740,2583,0.000000e+00,1594,1594,4.869609,4.869609,0.0000e+00
dev-long-03,741,531,0.000000e+00,531,531,1.296764,1.296764,0.0000e+00
dev-long-03,742,672,0.000000e+00,506,506,5.924615,5.924615,0.0000e+00
dev-long-03,743,33995,0.000000e+00,33995,33995,1.605659,1.605659,0.0000e+00
dev-long-03,744,528,0.000000e+00,1056,1056,5.477068,5.477068,0.0000e+00
dev-long-03,745,1977,0.000000e+00,506,506,11.122061,11.122061,0.0000e+00
dev-long-03,746,529,0.000000e+00,529,529,0.000411,0.000411,0.0000e+00
dev-long-03,747,506,0.000000e+00,506,506,0.105718,0.105718,0.0000e+00
dev-long-03,748,886,0.000000e+00,886,886,0.299156,0.299156,0.0000e+00
dev-long-03,749,837,0.000000e+00,668,668,5.272941,5.272941,0.0000e+00
dev-long-03,750,822,0.000000e+00,691,691,9.529030,9.529030,0.0000e+00
dev-long-03,751,107,0.000000e+00,6853,6853,12.362514,12.362514,0.0000e+00
dev-long-03,752,10774,0.000000e+00,46208,46208,7.705855,7.705855,0.0000e+00
dev-long-03,753,563,0.000000e+00,815,815,1.950950,1.950950,0.0000e+00
dev-long-03,754,1492,0.000000e+00,9724,9724,2.361445,2.361445,0.0000e+00
dev-long-03,755,2179,0.000000e+00,9724,9724,7.617743,7.617743,0.0000e+00
dev-long-03,756,114833,0.000000e+00,114833,114833,0.002039,0.002039,0.0000e+00
dev-long-03,757,1827,0.000000e+00,1827,1827,0.027728,0.027728,0.0000e+00
dev-long-03,758,108,0.000000e+00,108,108,0.009092,0.009092,0.0000e+00
dev-long-03,759,4420,0.000000e+00,236913,236913,7.100122,7.100122,0.0000e+00
dev-long-03,760,506,0.000000e+00,564,564,1.702261,1.702261,0.0000e+00
dev-long-03,761,10046,0.000000e+00,60556,60556,3.661048,3.661048,0.0000e+00
dev-long-03,762,8189,0.000000e+00,8189,8189,0.000042,0.000042,0.0000e+00
dev-long-03,763,1053,0.000000e+00,1053,1053,0.838360,0.838360,0.0000e+00
dev-long-03,764,8731,0.000000e+00,67325,67325,2.408041,2.408041,0.0000e+00
dev-long-03,765,236764,0.000000e+00,236764,236764,0.013984,0.013984,0.0000e+00
dev-long-03,766,48213,0.000000e+00,48213,48213,0.298856,0.298856,0.0000e+00
dev-long-03,767,3721,0.000000e+00,6812,6812,4.024658,4.024658,0.0000e+00
dev-long-03,768,872,0.000000e+00,506,506,3.581140,3.581140,0.0000e+00
dev-long-03,769,506,0.000000e+00,506,506,0.058004,0.058004,0.0000e+00
dev-long-03,770,10810,0.000000e+00,3730,3730,1.388602,1.388602,0.0000e+00
dev-long-03,771,532,0.000000e+00,236764,236764,1.095291,1.095291,0.0000e+00
dev-long-03,772,4247,0.000000e+00,6812,6812,1.365914,1.365914,0.0000e+00
dev-long-03,773,625,0.000000e+00,625,625,0.000743,0.000743,0.0000e+00
dev-long-03,774,107,0.000000e+00,872,872,15.650450,15.650450,0.0000e+00
dev-long-03,775,59677,0.000000e+00,495,495,3.193392,3.193392,0.0000e+00
dev-long-03,776,506,0.000000e+00,506,506,0.004265,0.004265,0.0000e+00
dev-long-03,777,2214,0.000000e+00,2214,2214,0.383521,0.383521,0.0000e+00
dev-long-03,778,236761,0.000000e+00,236764,236764,1.116613,1.116613,0.0000e+00
dev-long-03,779,999,0.000000e+00,999,999,0.138244,0.138244,0.0000e+00
dev-long-03,780,1509,0.000000e+00,1509,1509,0.535775,0.535775,0.0000e+00
dev-long-03,781,236858,0.000000e+00,563,563,6.167286,6.167286,0.0000e+00
dev-long-03,782,236751,0.000000e+00,236751,236751,0.000002,0.000002,0.0000e+00
dev-long-03,783,496,0.000000e+00,496,496,0.675040,0.675040,0.0000e+00
dev-long-03,784,7326,0.000000e+00,37065,37065,14.579002,14.579002,0.0000e+00
dev-long-03,785,1920,0.000000e+00,1920,1920,0.446860,0.446860,0.0000e+00
dev-long-03,786,3210,0.000000e+00,10810,10810,2.339780,2.339780,0.0000e+00
dev-long-03,787,2130,0.000000e+00,2130,2130,0.989372,0.989372,0.0000e+00
dev-long-03,788,1176,0.000000e+00,668,668,8.252934,8.252934,0.0000e+00
dev-long-03,789,668,0.000000e+00,668,668,0.000814,0.000814,0.0000e+00
dev-long-03,790,236761,0.000000e+00,236761,236761,0.652784,0.652784,0.0000e+00
dev-long-03,791,999,0.000000e+00,999,999,0.012489,0.012489,0.0000e+00
dev-long-03,792,11896,0.000000e+00,4573,4573,9.810833,9.810833,0.0000e+00
dev-long-03,793,1460,0.000000e+00,496,496,10.003068,10.003068,0.0000e+00
dev-long-03,794,1217,0.000000e+00,506,506,1.520157,1.520157,0.0000e+00
dev-long-03,795,625,0.000000e+00,625,625,0.543738,0.543738,0.0000e+00
dev-long-03,796,107,0.000000e+00,49261,49261,12.907857,12.907857,0.0000e+00
dev-long-03,797,3626,0.000000e+00,236765,236765,8.113883,8.113883,0.0000e+00
dev-long-03,798,35732,0.000000e+00,164127,164127,0.960019,0.960019,0.0000e+00
dev-long-03,799,532,0.000000e+00,236761,236761,7.492779,7.492779,0.0000e+00
dev-long-03,800,114896,0.000000e+00,67257,67257,3.035117,3.035117,0.0000e+00
dev-long-03,801,236761,0.000000e+00,1827,1827,0.874480,0.874480,0.0000e+00
dev-long-03,802,5517,0.000000e+00,1030,1030,10.952237,10.952237,0.0000e+00
dev-long-03,803,3003,0.000000e+00,3003,3003,0.018740,0.018740,0.0000e+00
dev-long-03,804,625,0.000000e+00,236764,236764,6.094149,6.094149,0.0000e+00
dev-long-03,805,563,0.000000e+00,563,563,0.361792,0.361792,0.0000e+00
dev-long-03,806,496,0.000000e+00,711,711,1.609864,1.609864,0.0000e+00
dev-long-03,807,31197,0.000000e+00,37065,37065,17.347392,17.347392,0.0000e+00
dev-long-03,808,532,0.000000e+00,529,529,8.027700,8.027700,0.0000e+00
dev-long-03,809,3213,0.000000e+00,496,496,11.531520,11.531520,0.0000e+00
dev-long-03,810,529,0.000000e+00,529,529,0.265721,0.265721,0.0000e+00
dev-long-03,811,12158,0.000000e+00,784,784,12.851217,12.851217,0.0000e+00
dev-long-03,812,236761,0.000000e+00,236764,236764,1.919225,1.919225,0.0000e+00
dev-long-03,813,107,0.000000e+00,1030,1030,9.915671,9.915671,0.0000e+00
dev-long-03,814,13111,0.000000e+00,236777,236777,8.572951,8.572951,0.0000e+00
dev-long-03,815,1535,0.000000e+00,1822,1822,4.793892,4.793892,0.0000e+00
dev-long-03,816,10810,0.000000e+00,56242,56242,4.606879,4.606879,0.0000e+00
dev-long-03,817,563,0.000000e+00,563,563,1.230898,1.230898,0.0000e+00
dev-long-03,818,236761,0.000000e+00,496,496,7.164380,7.164380,0.0000e+00
dev-long-03,819,2195,0.000000e+00,1452,1452,9.212753,9.212753,0.0000e+00
dev-long-03,820,659,0.000000e+00,659,659,0.610891,0.610891,0.0000e+00
dev-long-03,821,506,0.000000e+00,711,711,1.982651,1.982651,0.0000e+00
dev-long-03,822,40450,0.000000e+00,2307,2307,9.971194,9.971194,0.0000e+00
dev-long-03,823,236858,0.000000e+00,236858,236858,0.101668,0.101668,0.0000e+00
dev-long-03,824,236751,0.000000e+00,236751,236751,0.000002,0.000002,0.0000e+00
dev-long-03,825,4493,0.000000e+00,1852,1852,9.338473,9.338473,0.0000e+00
dev-long-03,826,182838,0.000000e+00,236764,236764,11.356222,11.356222,0.0000e+00
dev-long-03,827,236761,0.000000e+00,1827,1827,1.996954,1.996954,0.0000e+00
dev-long-03,828,799,0.000000e+00,2195,2195,5.824263,5.824263,0.0000e+00
dev-long-03,829,506,0.000000e+00,672,672,1.779764,1.779764,0.0000e+00
dev-long-03,830,6268,0.000000e+00,4916,4916,10.420795,10.420795,0.0000e+00
dev-long-03,831,532,0.000000e+00,10165,10165,5.722581,5.722581,0.0000e+00
dev-long-03,832,107,0.000000e+00,919,919,9.455964,9.455964,0.0000e+00
dev-long-03,833,5006,0.000000e+00,5576,5576,10.200434,10.200434,0.0000e+00
dev-long-03,834,76990,0.000000e+00,236764,236764,4.338563,4.338563,0.0000e+00
dev-long-03,835,1418,0.000000e+00,236764,236764,10.485649,10.485649,0.0000e+00
dev-long-03,836,57187,0.000000e+00,36163,36163,3.319336,3.319336,0.0000e+00
dev-long-03,837,1149,0.000000e+00,563,563,7.048261,7.048261,0.0000e+00
dev-long-03,838,1975,0.000000e+00,577,577,10.361649,10.361649,0.0000e+00
dev-long-03,839,573,0.000000e+00,573,573,0.820826,0.820826,0.0000e+00
dev-long-03,840,496,0.000000e+00,496,496,0.141740,0.141740,0.0000e+00
dev-long-03,841,48804,0.000000e+00,43996,43996,7.268733,7.268733,0.0000e+00
dev-long-03,842,28869,0.000000e+00,4083,4083,2.461162,2.461162,0.0000e+00
dev-long-03,843,236761,0.000000e+00,236761,236761,0.640896,0.640896,0.0000e+00
dev-long-03,844,1174,0.000000e+00,1030,1030,1.870546,1.870546,0.0000e+00
dev-long-03,845,10810,0.000000e+00,886,886,3.059924,3.059924,0.0000e+00
dev-long-03,846,563,0.000000e+00,236764,236764,2.462102,2.462102,0.0000e+00
dev-long-03,847,711,0.000000e+00,496,496,2.233631,2.233631,0.0000e+00
dev-long-03,848,107,0.000000e+00,614,614,11.508005,11.508005,0.0000e+00
dev-long-03,849,40253,0.000000e+00,236746,236746,4.949527,4.949527,0.0000e+00
dev-long-03,850,12571,0.000000e+00,236764,236764,13.885916,13.885916,0.0000e+00
dev-long-03,851,1518,0.000000e+00,1518,1518,0.873967,0.873967,0.0000e+00
dev-long-03,852,2255,0.000000e+00,2255,2255,0.029560,0.029560,0.0000e+00
dev-long-03,853,236761,0.000000e+00,236764,236764,1.234411,1.234411,0.0000e+00
dev-long-03,854,1030,0.000000e+00,1030,1030,0.228014,0.228014,0.0000e+00
dev-long-03,855,691,0.000000e+00,563,563,5.173933,5.173933,0.0000e+00
dev-long-03,856,1765,0.000000e+00,496,496,4.209612,4.209612,0.0000e+00
dev-long-03,857,528,0.000000e+00,528,528,0.789412,0.789412,0.0000e+00
dev-long-03,858,506,0.000000e+00,496,496,1.022092,1.022092,0.0000e+00
dev-long-03,859,11196,0.000000e+00,14836,14836,16.204700,16.204700,0.0000e+00
dev-long-03,860,529,0.000000e+00,529,529,0.033466,0.033466,0.0000e+00
dev-long-03,861,506,0.000000e+00,506,506,0.247174,0.247174,0.0000e+00
dev-long-03,862,3013,0.000000e+00,77634,77634,13.975071,13.975071,0.0000e+00
dev-long-03,863,1088,0.000000e+00,1148,1148,12.151714,12.151714,0.0000e+00
dev-long-03,864,7940,0.000000e+00,7940,7940,0.283934,0.283934,0.0000e+00
dev-long-03,865,528,0.000000e+00,236764,236764,2.103327,2.103327,0.0000e+00
dev-long-03,866,107,0.000000e+00,506,506,9.862381,9.862381,0.0000e+00
dev-long-03,867,193166,0.000000e+00,31939,31939,8.840448,8.840448,0.0000e+00
dev-long-03,868,5818,0.000000e+00,5818,5818,0.000495,0.000495,0.0000e+00
dev-long-03,869,532,0.000000e+00,236764,236764,4.848995,4.848995,0.0000e+00
dev-long-03,870,563,0.000000e+00,691,691,2.057567,2.057567,0.0000e+00
dev-long-03,871,19374,0.000000e+00,496,496,7.178428,7.178428,0.0000e+00
dev-long-03,872,528,0.000000e+00,573,573,4.617440,4.617440,0.0000e+00
dev-long-03,873,2963,0.000000e+00,1061,1061,9.227089,9.227089,0.0000e+00
dev-long-03,874,1418,0.000000e+00,1010,1010,14.603667,14.603667,0.0000e+00
dev-long-03,875,13629,0.000000e+00,57187,57187,6.100014,6.100014,0.0000e+00
dev-long-03,876,529,0.000000e+00,529,529,0.333970,0.333970,0.0000e+00
dev-long-03,877,506,0.000000e+00,496,496,1.676464,1.676464,0.0000e+00
dev-long-03,878,107,0.000000e+00,3730,3730,9.919791,9.919791,0.0000e+00
dev-long-03,879,4554,0.000000e+00,6700,6700,3.669996,3.669996,0.0000e+00
dev-long-03,880,59480,0.000000e+00,59480,59480,0.002018,0.002018,0.0000e+00
dev-long-03,881,2700,0.000000e+00,2700,2700,0.000103,0.000103,0.0000e+00
dev-long-03,882,236764,0.000000e+00,236761,236761,1.488747,1.488747,0.0000e+00
dev-long-03,883,5383,0.000000e+00,3635,3635,5.712243,5.712243,0.0000e+00
dev-long-03,884,600,0.000000e+00,573,573,1.346928,1.346928,0.0000e+00
dev-long-03,885,625,0.000000e+00,625,625,0.080371,0.080371,0.0000e+00
dev-long-03,886,563,0.000000e+00,563,563,0.123978,0.123978,0.0000e+00
dev-long-03,887,3730,0.000000e+00,496,496,7.107926,7.107926,0.0000e+00
dev-long-03,888,528,0.000000e+00,236764,236764,4.763574,4.763574,0.0000e+00
dev-long-03,889,23791,0.000000e+00,506,506,6.682465,6.682465,0.0000e+00
dev-long-03,890,5205,0.000000e+00,236764,236764,5.284076,5.284076,0.0000e+00
dev-long-03,891,529,0.000000e+00,529,529,0.000540,0.000540,0.0000e+00
dev-long-03,892,70881,0.000000e+00,2604,2604,6.334485,6.334485,0.0000e+00
dev-long-03,893,2604,0.000000e+00,1827,1827,4.116982,4.116982,0.0000e+00
dev-long-03,894,236761,0.000000e+00,1827,1827,1.372453,1.372453,0.0000e+00
dev-long-03,895,799,0.000000e+00,1030,1030,3.904351,3.904351,0.0000e+00
dev-long-03,896,28719,0.000000e+00,506,506,8.608971,8.608971,0.0000e+00
dev-long-03,897,107,0.000000e+00,529,529,15.249205,15.249205,0.0000e+00
dev-long-03,898,1340,0.000000e+00,1340,1340,0.008111,0.008111,0.0000e+00
dev-long-03,899,1061,0.000000e+00,1061,1061,0.261176,0.261176,0.0000e+00
dev-long-03,900,10974,0.000000e+00,10974,10974,1.547577,1.547577,0.0000e+00
dev-long-03,901,236764,0.000000e+00,236764,236764,0.105064,0.105064,0.0000e+00
dev-long-03,902,625,0.000000e+00,625,625,0.303022,0.303022,0.0000e+00
dev-long-03,903,815,0.000000e+00,41041,41041,1.403572,1.403572,0.0000e+00
dev-long-03,904,3016,0.000000e+00,496,496,3.552106,3.552106,0.0000e+00
dev-long-03,905,496,0.000000e+00,1010,1010,8.925922,8.925922,0.0000e+00
dev-long-03,906,99870,0.000000e+00,4083,4083,9.987687,9.987687,0.0000e+00
dev-long-03,907,4083,0.000000e+00,4083,4083,0.276763,0.276763,0.0000e+00
dev-long-03,908,236761,0.000000e+00,1827,1827,1.307912,1.307912,0.0000e+00
dev-long-03,909,2085,0.000000e+00,1030,1030,7.471640,7.471640,0.0000e+00
dev-long-03,910,735,0.000000e+00,563,563,6.326160,6.326160,0.0000e+00
dev-long-03,911,1010,0.000000e+00,1010,1010,0.002657,0.002657,0.0000e+00
dev-long-03,912,1156,0.000000e+00,7248,7248,8.180915,8.180915,0.0000e+00
dev-long-03,913,107,0.000000e+00,1032,1032,12.917899,12.917899,0.0000e+00
dev-long-03,914,46955,0.000000e+00,27923,27923,9.044175,9.044175,0.0000e+00
dev-long-03,915,14425,0.000000e+00,14425,14425,0.002136,0.002136,0.0000e+00
dev-long-03,916,236764,0.000000e+00,5143,5143,5.521038,5.521038,0.0000e+00
dev-long-03,917,496,0.000000e+00,532,532,5.758006,5.758006,0.0000e+00
dev-long-03,918,8160,0.000000e+00,880,880,20.655177,20.655177,0.0000e+00
dev-long-03,919,202676,0.000000e+00,202676,202676,0.241529,0.241529,0.0000e+00
dev-long-03,920,236772,0.000000e+00,676,676,1.077357,1.077357,0.0000e+00
dev-long-03,921,181900,0.000000e+00,120069,120069,8.739244,8.739244,0.0000e+00
dev-long-03,922,236764,0.000000e+00,236764,236764,1.383146,1.383146,0.0000e+00
dev-long-03,923,496,0.000000e+00,532,532,3.918104,3.918104,0.0000e+00
dev-long-03,924,29101,0.000000e+00,880,880,6.392688,6.392688,0.0000e+00
dev-long-03,925,236764,0.000000e+00,236764,236764,0.160657,0.160657,0.0000e+00
dev-long-03,926,532,0.000000e+00,1800,1800,1.687723,1.687723,0.0000e+00
dev-long-03,927,3131,0.000000e+00,496,496,4.122898,4.122898,0.0000e+00
dev-long-03,928,179065,0.000000e+00,1032,1032,4.214764,4.214764,0.0000e+00
dev-long-03,929,6111,0.000000e+00,5143,5143,10.501479,10.501479,0.0000e+00
dev-long-03,930,107,0.000000e+00,1003,1003,11.274155,11.274155,0.0000e+00
dev-long-03,931,9869,0.000000e+00,1071,1071,4.457907,4.457907,0.0000e+00
dev-long-03,932,573,0.000000e+00,684,684,9.487524,9.487524,0.0000e+00
dev-long-03,933,506,0.000000e+00,672,672,2.390915,2.390915,0.0000e+00
dev-long-03,934,24273,0.000000e+00,10810,10810,4.030403,4.030403,0.0000e+00
dev-long-03,935,529,0.000000e+00,529,529,0.000108,0.000108,0.0000e+00
dev-long-03,936,672,0.000000e+00,506,506,2.722170,2.722170,0.0000e+00
dev-long-03,937,28959,0.000000e+00,10810,10810,16.338599,16.338599,0.0000e+00
dev-long-03,938,236772,0.000000e+00,236772,236772,0.006028,0.006028,0.0000e+00
dev-long-03,939,99208,0.000000e+00,3704,3704,14.419580,14.419580,0.0000e+00
dev-long-03,940,3825,0.000000e+00,10810,10810,10.066646,10.066646,0.0000e+00
dev-long-03,941,529,0.000000e+00,1827,1827,2.685132,2.685132,0.0000e+00
dev-long-03,942,22453,0.000000e+00,10810,10810,8.352064,8.352064,0.0000e+00
dev-long-03,943,2470,0.000000e+00,2470,2470,0.008322,0.008322,0.0000e+00
dev-long-03,944,45450,0.000000e+00,16966,16966,11.784360,11.784360,0.0000e+00
dev-long-03,945,236761,0.000000e+00,236761,236761,0.696859,0.696859,0.0000e+00
dev-long-03,946,107,0.000000e+00,1030,1030,9.841260,9.841260,0.0000e+00
dev-long-03,947,15938,0.000000e+00,2094,2094,9.741479,9.741479,0.0000e+00
dev-long-03,948,1093,0.000000e+00,10077,10077,1.497167,1.497167,0.0000e+00
dev-long-03,949,1751,0.000000e+00,611,611,3.271565,3.271565,0.0000e+00
dev-long-03,950,600,0.000000e+00,600,600,0.259853,0.259853,0.0000e+00
dev-long-03,951,834,0.000000e+00,1288,1288,5.189474,5.189474,0.0000e+00
dev-long-03,952,5497,0.000000e+00,1944,1944,10.381029,10.381029,0.0000e+00
dev-long-03,953,496,0.000000e+00,496,496,0.013029,0.013029,0.0000e+00
dev-long-03,954,18935,0.000000e+00,10810,10810,5.063602,5.063602,0.0000e+00
dev-long-03,955,1093,0.000000e+00,1451,1451,4.957472,4.957472,0.0000e+00
dev-long-03,956,577,0.000000e+00,577,577,0.545852,0.545852,0.0000e+00
dev-long-03,957,496,0.000000e+00,496,496,0.618656,0.618656,0.0000e+00
dev-long-03,958,2076,0.000000e+00,31197,31197,11.997762,11.997762,0.0000e+00
dev-long-03,959,187592,0.000000e+00,187592,187592,0.001960,0.001960,0.0000e+00
dev-long-03,960,531,0.000000e+00,529,529,4.368705,4.368705,0.0000e+00
dev-long-03,961,506,0.000000e+00,1288,1288,5.767032,5.767032,0.0000e+00
dev-long-03,962,549,0.000000e+00,1346,1346,8.628461,8.628461,0.0000e+00
dev-long-03,963,56201,0.000000e+00,56201,56201,0.000530,0.000530,0.0000e+00
dev-long-03,964,107,0.000000e+00,1827,1827,16.639399,16.639399,0.0000e+00
dev-long-03,965,624,0.000000e+00,624,624,0.111968,0.111968,0.0000e+00
dev-long-03,966,506,0.000000e+00,506,506,0.129856,0.129856,0.0000e+00
dev-long-03,967,10894,0.000000e+00,23674,23674,4.460499,4.460499,0.0000e+00
dev-long-03,968,236881,0.000000e+00,9377,9377,3.375097,3.375097,0.0000e+00
dev-long-03,969,564,0.000000e+00,1030,1030,3.127968,3.127968,0.0000e+00
dev-long-03,970,236858,0.000000e+00,1006,1006,6.833405,6.833405,0.0000e+00
dev-long-03,971,859,0.000000e+00,560,560,1.950019,1.950019,0.0000e+00
dev-long-03,972,6623,0.000000e+00,2514,2514,9.687625,9.687625,0.0000e+00
dev-long-03,973,625,0.000000e+00,625,625,0.016420,0.016420,0.0000e+00
dev-long-03,974,872,0.000000e+00,3121,3121,2.881888,2.881888,0.0000e+00
dev-long-03,975,528,0.000000e+00,573,573,1.353650,1.353650,0.0000e+00
dev-long-03,976,1041,0.000000e+00,1041,1041,0.614912,0.614912,0.0000e+00
dev-long-03,977,3188,0.000000e+00,6338,6338,2.990897,2.990897,0.0000e+00
dev-long-03,978,3673,0.000000e+00,236772,236772,1.552735,1.552735,0.0000e+00
dev-long-03,979,1492,0.000000e+00,573,573,9.054893,9.054893,0.0000e+00
dev-long-03,980,532,0.000000e+00,1827,1827,7.402846,7.402846,0.0000e+00
dev-long-03,981,7266,0.000000e+00,10849,10849,13.120283,13.120283,0.0000e+00
dev-long-03,982,496,0.000000e+00,625,625,4.256936,4.256936,0.0000e+00
dev-long-03,983,1757,0.000000e+00,5433,5433,2.627150,2.627150,0.0000e+00
dev-long-03,984,531,0.000000e+00,531,531,0.004434,0.004434,0.0000e+00
dev-long-03,985,107,0.000000e+00,506,506,11.683254,11.683254,0.0000e+00
dev-long-03,986,1437,0.000000e+00,1437,1437,0.767978,0.767978,0.0000e+00
dev-long-03,987,146807,0.000000e+00,146807,146807,0.567580,0.567580,0.0000e+00
dev-long-03,988,531,0.000000e+00,529,529,4.602111,4.602111,0.0000e+00
dev-long-03,989,1879,0.000000e+00,1573,1573,4.668306,4.668306,0.0000e+00
dev-long-03,990,600,0.000000e+00,600,600,0.214969,0.214969,0.0000e+00
dev-long-03,991,692,0.000000e+00,564,564,4.365630,4.365630,0.0000e+00
dev-long-03,992,735,0.000000e+00,735,735,0.092336,0.092336,0.0000e+00
dev-long-03,993,625,0.000000e+00,1765,1765,1.578610,1.578610,0.0000e+00
dev-long-03,994,1827,0.000000e+00,1827,1827,0.073543,0.073543,0.0000e+00
dev-long-03,995,108,0.000000e+00,108,108,0.030330,0.030330,0.0000e+00
dev-long-03,996,236913,0.000000e+00,2094,2094,5.202142,5.202142,0.0000e+00
dev-long-03,997,6294,0.000000e+00,236776,236776,5.789125,5.789125,0.0000e+00
dev-long-03,998,611,0.000000e+00,611,611,0.006139,0.006139,0.0000e+00
dev-long-03,999,1751,0.000000e+00,1751,1751,0.096825,0.096825,0.0000e+00
dev-long-03,1000,600,0.000000e+00,625,625,2.479905,2.479905,0.0000e+00
dev-long-03,1001,672,0.000000e+00,625,625,2.016191,2.016191,0.0000e+00
dev-long-03,1002,880,0.000000e+00,795,795,5.966802,5.966802,0.0000e+00
dev-long-03,1003,151504,0.000000e+00,563,563,19.433858,19.433858,0.0000e+00
dev-long-03,1004,563,0.000000e+00,236764,236764,1.596578,1.596578,0.0000e+00
dev-long-03,1005,32884,0.000000e+00,6638,6638,4.213561,4.213561,0.0000e+00
dev-long-03,1006,9377,0.000000e+00,9377,9377,0.018672,0.018672,0.0000e+00
dev-long-03,1007,108,0.000000e+00,108,108,0.000127,0.000127,0.0000e+00
dev-long-03,1008,236913,0.000000e+00,236913,236913,0.006105,0.006105,0.0000e+00
dev-long-03,1009,236777,0.000000e+00,236777,236777,1.179607,1.179607,0.0000e+00
dev-long-03,1010,3914,0.000000e+00,776,776,1.582796,1.582796,0.0000e+00
dev-long-03,1011,3442,0.000000e+00,1879,1879,3.779868,3.779868,0.0000e+00
dev-long-03,1012,1827,0.000000e+00,611,611,3.713089,3.713089,0.0000e+00
dev-long-03,1013,108,0.000000e+00,108,108,0.003766,0.003766,0.0000e+00
dev-long-03,1014,236913,0.000000e+00,13513,13513,1.341968,1.341968,0.0000e+00
dev-long-03,1015,13086,0.000000e+00,3133,3133,3.715962,3.715962,0.0000e+00
dev-long-03,1016,236764,0.000000e+00,236764,236764,0.007326,0.007326,0.0000e+00
dev-long-03,1017,1299,0.000000e+00,17536,17536,4.849607,4.849607,0.0000e+00
dev-long-03,1018,236764,0.000000e+00,9377,9377,1.465965,1.465965,0.0000e+00
dev-long-03,1019,776,0.000000e+00,692,692,7.655894,7.655894,0.0000e+00
dev-long-03,1020,611,0.000000e+00,611,611,0.005121,0.005121,0.0000e+00
dev-long-03,1021,14011,0.000000e+00,1751,1751,9.493336,9.493336,0.0000e+00
dev-long-03,1022,600,0.000000e+00,668,668,0.894558,0.894558,0.0000e+00
dev-long-03,1023,672,0.000000e+00,3186,3186,1.899690,1.899690,0.0000e+00
dev-corpus-00,1024,22903,0.000000e+00,578,578,22.723602,22.723602,0.0000e+00
dev-corpus-00,1025,36189,0.000000e+00,529,529,16.283424,16.283424,0.0000e+00
dev-corpus-00,1026,12307,0.000000e+00,2876,2876,3.767249,3.767249,0.0000e+00
dev-corpus-00,1027,568,0.000000e+00,236761,236761,3.119067,3.119067,0.0000e+00
dev-corpus-00,1028,60904,0.000000e+00,236774,236774,37.998762,37.998762,0.0000e+00
dev-corpus-00,1029,1031,0.000000e+00,236768,236768,10.176071,10.176071,0.0000e+00
dev-corpus-00,1030,23468,0.000000e+00,23468,23468,0.697419,0.697419,0.0000e+00
dev-corpus-00,1031,1732,0.000000e+00,236768,236768,4.211850,4.211850,0.0000e+00
dev-corpus-00,1032,578,0.000000e+00,107,107,3.627656,3.627656,0.0000e+00
dev-corpus-00,1033,236743,0.000000e+00,22903,22903,5.804581,5.804581,0.0000e+00
dev-corpus-00,1034,107,0.000000e+00,236770,236770,2.010955,2.010955,0.0000e+00
dev-corpus-00,1035,236743,0.000000e+00,236784,236784,3.211912,3.211912,0.0000e+00
dev-corpus-00,1036,107,0.000000e+00,107,107,0.011272,0.011272,0.0000e+00
dev-corpus-00,1037,22903,0.000000e+00,236743,236743,5.531154,5.531154,0.0000e+00
dev-corpus-00,1038,36189,0.000000e+00,36189,36189,0.004557,0.004557,0.0000e+00
dev-corpus-00,1039,12307,0.000000e+00,12307,12307,0.000044,0.000044,0.0000e+00
dev-corpus-00,1040,568,0.000000e+00,568,568,0.035263,0.035263,0.0000e+00
dev-corpus-00,1041,51878,0.000000e+00,60904,60904,21.395767,21.395767,0.0000e+00
dev-corpus-00,1042,1017,0.000000e+00,236764,236764,5.011958,5.011958,0.0000e+00
dev-corpus-00,1043,135509,0.000000e+00,135509,135509,0.584382,0.584382,0.0000e+00
dev-corpus-00,1044,190201,0.000000e+00,190201,190201,0.000726,0.000726,0.0000e+00
dev-corpus-00,1045,1732,0.000000e+00,236768,236768,2.155504,2.155504,0.0000e+00
dev-corpus-00,1046,563,0.000000e+00,563,563,0.582810,0.582810,0.0000e+00
dev-corpus-00,1047,496,0.000000e+00,496,496,0.055050,0.055050,0.0000e+00
dev-corpus-00,1048,94386,0.000000e+00,33951,33951,9.391718,9.391718,0.0000e+00
dev-corpus-00,1049,617,0.000000e+00,617,617,0.000000,0.000000,0.0000e+00
dev-corpus-00,1050,125039,0.000000e+00,19231,19231,3.634467,3.634467,0.0000e+00
dev-corpus-00,1051,5628,0.000000e+00,5628,5628,0.110447,0.110447,0.0000e+00
dev-corpus-00,1052,657,0.000000e+00,528,528,7.145953,7.145953,0.0000e+00
dev-corpus-00,1053,236743,0.000000e+00,236743,236743,0.038595,0.038595,0.0000e+00
dev-corpus-00,1054,236770,0.000000e+00,236770,236770,0.378012,0.378012,0.0000e+00
dev-corpus-00,1055,236770,0.000000e+00,236771,236771,1.981647,1.981647,0.0000e+00
dev-corpus-00,1056,236832,0.000000e+00,236771,236771,3.738907,3.738907,0.0000e+00
dev-corpus-00,1057,236810,0.000000e+00,236771,236771,1.786734,1.786734,0.0000e+00
dev-corpus-00,1058,7123,0.000000e+00,645,645,6.578209,6.578209,0.0000e+00
dev-corpus-00,1059,236743,0.000000e+00,44264,44264,2.448594,2.448594,0.0000e+00
dev-corpus-00,1060,236778,0.000000e+00,236770,236770,2.800239,2.800239,0.0000e+00
dev-corpus-00,1061,236819,0.000000e+00,523,523,7.950361,7.950361,0.0000e+00
dev-corpus-00,1062,594,0.000000e+00,594,594,0.000155,0.000155,0.0000e+00
dev-corpus-00,1063,17463,0.000000e+00,6718,6718,2.319599,2.319599,0.0000e+00
dev-corpus-00,1064,528,0.000000e+00,528,528,0.274291,0.274291,0.0000e+00
dev-corpus-00,1065,60904,0.000000e+00,60904,60904,0.007218,0.007218,0.0000e+00
dev-corpus-00,1066,1031,0.000000e+00,236764,236764,12.427910,12.427910,0.0000e+00
dev-corpus-00,1067,23468,0.000000e+00,23468,23468,0.011955,0.011955,0.0000e+00
dev-corpus-00,1068,783,0.000000e+00,236761,236761,2.290120,2.290120,0.0000e+00
dev-corpus-00,1069,84225,0.000000e+00,1030,1030,7.256518,7.256518,0.0000e+00
dev-corpus-00,1070,528,0.000000e+00,528,528,0.111218,0.111218,0.0000e+00
dev-corpus-00,1071,506,0.000000e+00,236743,236743,5.166163,5.166163,0.0000e+00
dev-corpus-00,1072,3649,0.000000e+00,3649,3649,0.428603,0.428603,0.0000e+00
dev-corpus-00,1073,236743,0.000000e+00,236743,236743,0.001999,0.001999,0.0000e+00
dev-corpus-00,1074,236770,0.000000e+00,236778,236778,1.086717,1.086717,0.0000e+00
dev-corpus-00,1075,236819,0.000000e+00,236819,236819,0.001177,0.001177,0.0000e+00
dev-corpus-00,1076,236800,0.000000e+00,236771,236771,3.885567,3.885567,0.0000e+00
dev-corpus-00,1077,236771,0.000000e+00,236771,236771,0.000001,0.000001,0.0000e+00
dev-corpus-00,1078,236751,0.000000e+00,236751,236751,0.000029,0.000029,0.0000e+00
dev-corpus-00,1079,618,0.000000e+00,236764,236764,7.883982,7.883982,0.0000e+00
dev-corpus-00,1080,496,0.000000e+00,496,496,0.253030,0.253030,0.0000e+00
dev-corpus-00,1081,57577,0.000000e+00,33951,33951,4.939909,4.939909,0.0000e+00
dev-corpus-00,1082,57505,0.000000e+00,57505,57505,0.070896,0.070896,0.0000e+00
dev-corpus-00,1083,1031,0.000000e+00,236764,236764,10.524390,10.524390,0.0000e+00
dev-corpus-00,1084,36189,0.000000e+00,625,625,10.643203,10.643203,0.0000e+00
dev-corpus-00,1085,12307,0.000000e+00,12307,12307,0.000048,0.000048,0.0000e+00
dev-corpus-00,1086,691,0.000000e+00,7779,7779,1.650060,1.650060,0.0000e+00
dev-corpus-00,1087,573,0.000000e+00,3209,3209,9.362150,9.362150,0.0000e+00
dev-corpus-00,1088,1551,0.000000e+00,496,496,2.634835,2.634835,0.0000e+00
dev-corpus-00,1089,13013,0.000000e+00,1518,1518,3.569800,3.569800,0.0000e+00
dev-corpus-00,1090,506,0.000000e+00,496,496,3.807764,3.807764,0.0000e+00
dev-corpus-00,1091,1186,0.000000e+00,5905,5905,3.580542,3.580542,0.0000e+00
dev-corpus-00,1092,125039,0.000000e+00,19231,19231,5.268693,5.268693,0.0000e+00
dev-corpus-00,1093,528,0.000000e+00,528,528,0.077023,0.077023,0.0000e+00
dev-corpus-00,1094,60904,0.000000e+00,60904,60904,0.178033,0.178033,0.0000e+00
dev-corpus-00,1095,783,0.000000e+00,236764,236764,3.955010,3.955010,0.0000e+00
dev-corpus-00,1096,236743,0.000000e+00,1030,1030,3.976096,3.976096,0.0000e+00
dev-corpus-00,1097,107,0.000000e+00,107,107,0.050168,0.050168,0.0000e+00
dev-corpus-00,1098,669,0.000000e+00,236743,236743,12.963746,12.963746,0.0000e+00
dev-corpus-00,1099,57505,0.000000e+00,57505,57505,0.220350,0.220350,0.0000e+00
dev-corpus-00,1100,14877,0.000000e+00,130661,130661,5.490432,5.490432,0.0000e+00
dev-corpus-00,1101,127272,0.000000e+00,7779,7779,5.640037,5.640037,0.0000e+00
dev-corpus-00,1102,528,0.000000e+00,528,528,0.171242,0.171242,0.0000e+00
dev-corpus-00,1103,496,0.000000e+00,496,496,0.325654,0.325654,0.0000e+00
dev-corpus-00,1104,16952,0.000000e+00,54277,54277,6.721379,6.721379,0.0000e+00
dev-corpus-00,1105,3155,0.000000e+00,3788,3788,2.893571,2.893571,0.0000e+00
dev-corpus-00,1106,580,0.000000e+00,236761,236761,3.209915,3.209915,0.0000e+00
dev-corpus-00,1107,4844,0.000000e+00,506,506,3.220227,3.220227,0.0000e+00
dev-corpus-00,1108,85797,0.000000e+00,236743,236743,8.982469,8.982469,0.0000e+00
dev-corpus-00,1109,6718,0.000000e+00,6718,6718,0.051957,0.051957,0.0000e+00
dev-corpus-00,1110,783,0.000000e+00,236761,236761,5.346741,5.346741,0.0000e+00
dev-corpus-00,1111,1030,0.000000e+00,7178,7178,4.735722,4.735722,0.0000e+00
dev-corpus-00,1112,14494,0.000000e+00,3209,3209,12.913520,12.913520,0.0000e+00
dev-corpus-00,1113,1061,0.000000e+00,1061,1061,0.308459,0.308459,0.0000e+00
dev-corpus-00,1114,1171,0.000000e+00,1171,1171,0.204893,0.204893,0.0000e+00
dev-corpus-00,1115,3788,0.000000e+00,11554,11554,4.973133,4.973133,0.0000e+00
dev-corpus-00,1116,580,0.000000e+00,528,528,1.094016,1.094016,0.0000e+00
dev-corpus-00,1117,30128,0.000000e+00,4844,4844,9.302623,9.302623,0.0000e+00
dev-corpus-00,1118,6718,0.000000e+00,17463,17463,3.095697,3.095697,0.0000e+00
dev-corpus-00,1119,528,0.000000e+00,528,528,1.035902,1.035902,0.0000e+00
dev-corpus-00,1120,236743,0.000000e+00,506,506,2.158092,2.158092,0.0000e+00
dev-corpus-00,1121,236770,0.000000e+00,236770,236770,0.000027,0.000027,0.0000e+00
dev-corpus-00,1122,236819,0.000000e+00,236819,236819,0.000262,0.000262,0.0000e+00
dev-corpus-00,1123,236810,0.000000e+00,236812,236812,2.091829,2.091829,0.0000e+00
dev-corpus-00,1124,236778,0.000000e+00,236771,236771,2.080974,2.080974,0.0000e+00
dev-corpus-00,1125,1031,0.000000e+00,236761,236761,7.665311,7.665311,0.0000e+00
dev-corpus-00,1126,532,0.000000e+00,532,532,0.163448,0.163448,0.0000e+00
dev-corpus-00,1127,21907,0.000000e+00,3209,3209,11.538363,11.538363,0.0000e+00
dev-corpus-00,1128,1061,0.000000e+00,1061,1061,0.365864,0.365864,0.0000e+00
dev-corpus-00,1129,1873,0.000000e+00,1873,1873,0.058640,0.058640,0.0000e+00
dev-corpus-00,1130,193257,0.000000e+00,4563,4563,15.707843,15.707843,0.0000e+00
dev-corpus-00,1131,1392,0.000000e+00,236772,236772,23.075834,23.075834,0.0000e+00
dev-corpus-00,1132,236772,0.000000e+00,18663,18663,8.797833,8.797833,0.0000e+00
dev-corpus-00,1133,236940,0.000000e+00,94636,94636,19.094368,19.094368,0.0000e+00
dev-corpus-00,1134,53003,0.000000e+00,19743,19743,4.780847,4.780847,0.0000e+00
dev-corpus-00,1135,8848,0.000000e+00,10056,10056,5.852397,5.852397,0.0000e+00
dev-corpus-00,1136,528,0.000000e+00,528,528,0.406188,0.406188,0.0000e+00
dev-corpus-00,1137,236743,0.000000e+00,236743,236743,0.035711,0.035711,0.0000e+00
dev-corpus-00,1138,236778,0.000000e+00,236770,236770,3.117343,3.117343,0.0000e+00
dev-corpus-00,1139,236771,0.000000e+00,236771,236771,0.000059,0.000059,0.0000e+00
dev-corpus-00,1140,236771,0.000000e+00,236771,236771,0.166397,0.166397,0.0000e+00
dev-corpus-00,1141,236828,0.000000e+00,236770,236770,2.406750,2.406750,0.0000e+00
dev-corpus-00,1142,783,0.000000e+00,236761,236761,3.424659,3.424659,0.0000e+00
dev-corpus-00,1143,236743,0.000000e+00,107,107,2.273243,2.273243,0.0000e+00
dev-corpus-00,1144,107,0.000000e+00,107,107,0.059583,0.059583,0.0000e+00
dev-corpus-00,1145,799,0.000000e+00,236743,236743,10.165826,10.165826,0.0000e+00
dev-corpus-00,1146,506,0.000000e+00,236743,236743,2.086606,2.086606,0.0000e+00
dev-corpus-00,1147,3649,0.000000e+00,57505,57505,2.034523,2.034523,0.0000e+00
dev-corpus-00,1148,236743,0.000000e+00,236743,236743,0.001370,0.001370,0.0000e+00
dev-corpus-00,1149,236770,0.000000e+00,236778,236778,0.709895,0.709895,0.0000e+00
dev-corpus-00,1150,236819,0.000000e+00,236819,236819,0.000059,0.000059,0.0000e+00
dev-corpus-00,1151,236819,0.000000e+00,236819,236819,0.629699,0.629699,0.0000e+00
dev-corpus-00,1152,236771,0.000000e+00,236771,236771,0.000015,0.000015,0.0000e+00
dev-corpus-00,1153,236751,0.000000e+00,236751,236751,0.000010,0.000010,0.0000e+00
dev-corpus-00,1154,12160,0.000000e+00,236764,236764,18.841919,18.841919,0.0000e+00
dev-corpus-00,1155,1534,0.000000e+00,5378,5378,3.794327,3.794327,0.0000e+00
dev-corpus-00,1156,65248,0.000000e+00,506,506,13.281797,13.281797,0.0000e+00
dev-corpus-00,1157,532,0.000000e+00,532,532,0.030623,0.030623,0.0000e+00
dev-corpus-00,1158,6672,0.000000e+00,6672,6672,0.274203,0.274203,0.0000e+00
dev-corpus-00,1159,3295,0.000000e+00,617,617,8.224566,8.224566,0.0000e+00
dev-corpus-00,1160,5378,0.000000e+00,5378,5378,0.066337,0.066337,0.0000e+00
dev-corpus-00,1161,531,0.000000e+00,531,531,0.017319,0.017319,0.0000e+00
dev-corpus-00,1162,506,0.000000e+00,496,496,3.159010,3.159010,0.0000e+00
dev-corpus-00,1163,9014,0.000000e+00,57505,57505,11.439487,11.439487,0.0000e+00
dev-corpus-00,1164,9542,0.000000e+00,2299,2299,2.526137,2.526137,0.0000e+00
dev-corpus-00,1165,36189,0.000000e+00,506,506,8.242497,8.242497,0.0000e+00
dev-corpus-00,1166,12307,0.000000e+00,12307,12307,0.000020,0.000020,0.0000e+00
dev-corpus-00,1167,1031,0.000000e+00,236761,236761,8.154267,8.154267,0.0000e+00
dev-corpus-00,1168,532,0.000000e+00,532,532,0.886467,0.886467,0.0000e+00
dev-corpus-00,1169,18911,0.000000e+00,506,506,10.595708,10.595708,0.0000e+00
dev-corpus-00,1170,506,0.000000e+00,496,496,3.349500,3.349500,0.0000e+00
dev-corpus-00,1171,58810,0.000000e+00,22903,22903,5.507726,5.507726,0.0000e+00
dev-corpus-00,1172,171740,0.000000e+00,57505,57505,3.806645,3.806645,0.0000e+00
dev-corpus-00,1173,562,0.000000e+00,529,529,9.921543,9.921543,0.0000e+00
dev-corpus-00,1174,7590,0.000000e+00,7590,7590,0.418459,0.418459,0.0000e+00
dev-corpus-00,1175,527,0.000000e+00,651,651,4.810045,4.810045,0.0000e+00
dev-corpus-00,1176,73706,0.000000e+00,895,895,9.245284,9.245284,0.0000e+00
dev-corpus-00,1177,783,0.000000e+00,528,528,12.889336,12.889336,0.0000e+00
dev-corpus-00,1178,36189,0.000000e+00,107,107,6.387851,6.387851,0.0000e+00
dev-corpus-00,1179,12307,0.000000e+00,12307,12307,0.000031,0.000031,0.0000e+00
dev-corpus-00,1180,3588,0.000000e+00,21211,21211,14.133145,14.133145,0.0000e+00
dev-corpus-00,1181,1208,0.000000e+00,531,531,6.701657,6.701657,0.0000e+00
dev-corpus-00,1182,4657,0.000000e+00,506,506,15.077745,15.077745,0.0000e+00
dev-corpus-00,1183,699,0.000000e+00,699,699,0.276978,0.276978,0.0000e+00
dev-corpus-00,1184,53126,0.000000e+00,506,506,7.829187,7.829187,0.0000e+00
dev-corpus-00,1185,1392,0.000000e+00,236772,236772,34.322008,34.322008,0.0000e+00
dev-corpus-00,1186,236772,0.000000e+00,236772,236772,0.057687,0.057687,0.0000e+00
dev-corpus-00,1187,236940,0.000000e+00,236940,236940,0.080940,0.080940,0.0000e+00
dev-corpus-00,1188,54077,0.000000e+00,30268,30268,4.285073,4.285073,0.0000e+00
dev-corpus-00,1189,3295,0.000000e+00,4402,4402,9.727657,9.727657,0.0000e+00
dev-corpus-00,1190,529,0.000000e+00,528,528,5.050710,5.050710,0.0000e+00
dev-corpus-00,1191,506,0.000000e+00,506,506,0.126258,0.126258,0.0000e+00
dev-corpus-00,1192,116663,0.000000e+00,2263,2263,22.480039,22.480039,0.0000e+00
dev-corpus-00,1193,7171,0.000000e+00,42028,42028,4.822275,4.822275,0.0000e+00
dev-corpus-00,1194,10911,0.000000e+00,528,528,13.833821,13.833821,0.0000e+00
dev-corpus-00,1195,1031,0.000000e+00,236761,236761,10.184861,10.184861,0.0000e+00
dev-corpus-00,1196,528,0.000000e+00,840,840,2.640827,2.640827,0.0000e+00
dev-corpus-00,1197,236743,0.000000e+00,506,506,1.593234,1.593234,0.0000e+00
dev-corpus-00,1198,236770,0.000000e+00,236770,236770,0.008249,0.008249,0.0000e+00
dev-corpus-00,1199,236819,0.000000e+00,236819,236819,0.000087,0.000087,0.0000e+00
dev-corpus-00,1200,236819,0.000000e+00,236800,236800,1.974663,1.974663,0.0000e+00
dev-corpus-00,1201,236812,0.000000e+00,236770,236770,2.235144,2.235144,0.0000e+00
dev-corpus-00,1202,532,0.000000e+00,532,532,0.000686,0.000686,0.0000e+00
dev-corpus-00,1203,1570,0.000000e+00,236743,236743,4.325021,4.325021,0.0000e+00
dev-corpus-00,1204,528,0.000000e+00,528,528,0.010369,0.010369,0.0000e+00
dev-corpus-00,1205,236743,0.000000e+00,236743,236743,0.002540,0.002540,0.0000e+00
dev-corpus-00,1206,236778,0.000000e+00,236778,236778,0.049977,0.049977,0.0000e+00
dev-corpus-00,1207,236771,0.000000e+00,236771,236771,0.000028,0.000028,0.0000e+00
dev-corpus-00,1208,236771,0.000000e+00,236771,236771,0.044772,0.044772,0.0000e+00
dev-corpus-00,1209,236778,0.000000e+00,236770,236770,2.055491,2.055491,0.0000e+00
dev-corpus-00,1210,783,0.000000e+00,236761,236761,3.300432,3.300432,0.0000e+00
dev-corpus-00,1211,799,0.000000e+00,107,107,6.566099,6.566099,0.0000e+00
dev-corpus-00,1212,1800,0.000000e+00,236743,236743,9.725596,9.725596,0.0000e+00
dev-corpus-00,1213,3636,0.000000e+00,16787,16787,4.719236,4.719236,0.0000e+00
dev-corpus-00,1214,506,0.000000e+00,236764,236764,3.831881,3.831881,0.0000e+00
dev-corpus-00,1215,109779,0.000000e+00,57505,57505,8.596630,8.596630,0.0000e+00
dev-corpus-00,1216,964,0.000000e+00,964,964,0.014749,0.014749,0.0000e+00
dev-corpus-00,1217,12956,0.000000e+00,16782,16782,6.330724,6.330724,0.0000e+00
dev-corpus-00,1218,532,0.000000e+00,236761,236761,1.836638,1.836638,0.0000e+00
dev-corpus-00,1219,32057,0.000000e+00,79620,79620,4.415559,4.415559,0.0000e+00
dev-corpus-00,1220,783,0.000000e+00,236761,236761,6.005559,6.005559,0.0000e+00
dev-corpus-00,1221,236743,0.000000e+00,107,107,3.533798,3.533798,0.0000e+00
dev-corpus-00,1222,107,0.000000e+00,107,107,0.003836,0.003836,0.0000e+00
dev-corpus-00,1223,8381,0.000000e+00,818,818,16.772044,16.772044,0.0000e+00
dev-corpus-00,1224,964,0.000000e+00,659,659,1.550509,1.550509,0.0000e+00
dev-corpus-00,1225,6267,0.000000e+00,4247,4247,20.056831,20.056831,0.0000e+00
dev-corpus-00,1226,1392,0.000000e+00,236772,236772,13.058047,13.058047,0.0000e+00
dev-corpus-00,1227,236772,0.000000e+00,236772,236772,0.002693,0.002693,0.0000e+00
dev-corpus-00,1228,236940,0.000000e+00,236940,236940,0.007137,0.007137,0.0000e+00
dev-corpus-00,1229,5378,0.000000e+00,5378,5378,0.063397,0.063397,0.0000e+00
dev-corpus-00,1230,573,0.000000e+00,573,573,1.119692,1.119692,0.0000e+00
dev-corpus-00,1231,13013,0.000000e+00,1551,1551,5.026228,5.026228,0.0000e+00
dev-corpus-00,1232,783,0.000000e+00,236764,236764,8.866152,8.866152,0.0000e+00
dev-corpus-00,1233,43768,0.000000e+00,669,669,19.317469,19.317469,0.0000e+00
dev-corpus-00,1234,71078,0.000000e+00,7086,7086,10.693884,10.693884,0.0000e+00
dev-corpus-00,1235,691,0.000000e+00,7779,7779,3.273529,3.273529,0.0000e+00
dev-corpus-00,1236,26902,0.000000e+00,506,506,8.266501,8.266501,0.0000e+00
dev-corpus-00,1237,618,0.000000e+00,618,618,0.431187,0.431187,0.0000e+00
dev-corpus-00,1238,506,0.000000e+00,506,506,0.132792,0.132792,0.0000e+00
dev-corpus-00,1239,57505,0.000000e+00,1171,1171,7.859853,7.859853,0.0000e+00
dev-corpus-00,1240,756,0.000000e+00,236789,236789,13.055746,13.055746,0.0000e+00
dev-corpus-00,1241,236751,0.000000e+00,236751,236751,0.018534,0.018534,0.0000e+00
dev-corpus-00,1242,1171,0.000000e+00,1171,1171,0.108559,0.108559,0.0000e+00
dev-corpus-00,1243,170174,0.000000e+00,5707,5707,3.429876,3.429876,0.0000e+00
dev-corpus-00,1244,528,0.000000e+00,528,528,0.014443,0.014443,0.0000e+00
dev-corpus-00,1245,236743,0.000000e+00,236743,236743,0.067122,0.067122,0.0000e+00
dev-corpus-00,1246,236770,0.000000e+00,236770,236770,0.073094,0.073094,0.0000e+00
dev-corpus-00,1247,236819,0.000000e+00,236819,236819,0.000091,0.000091,0.0000e+00
dev-corpus-00,1248,236810,0.000000e+00,236819,236819,5.551758,5.551758,0.0000e+00
dev-corpus-00,1249,236819,0.000000e+00,236828,236828,2.203120,2.203120,0.0000e+00
dev-corpus-00,1250,1031,0.000000e+00,236761,236761,8.814685,8.814685,0.0000e+00
dev-corpus-00,1251,840,0.000000e+00,532,532,2.171226,2.171226,0.0000e+00
dev-corpus-00,1252,2378,0.000000e+00,506,506,11.400003,11.400003,0.0000e+00
dev-corpus-00,1253,528,0.000000e+00,528,528,0.090243,0.090243,0.0000e+00
dev-corpus-00,1254,236743,0.000000e+00,236743,236743,0.014502,0.014502,0.0000e+00
dev-corpus-00,1255,236770,0.000000e+00,236770,236770,0.002710,0.002710,0.0000e+00
dev-corpus-00,1256,236819,0.000000e+00,236819,236819,0.000014,0.000014,0.0000e+00
dev-corpus-00,1257,236825,0.000000e+00,236825,236825,0.365756,0.365756,0.0000e+00
dev-corpus-00,1258,236770,0.000000e+00,236810,236810,2.835849,2.835849,0.0000e+00
dev-corpus-00,1259,783,0.000000e+00,236761,236761,3.961261,3.961261,0.0000e+00
dev-corpus-00,1260,4210,0.000000e+00,25243,25243,4.157487,4.157487,0.0000e+00
dev-corpus-00,1261,496,0.000000e+00,600,600,3.922879,3.922879,0.0000e+00
dev-corpus-00,1262,11302,0.000000e+00,2846,2846,7.003611,7.003611,0.0000e+00
dev-corpus-00,1263,529,0.000000e+00,236764,236764,3.707269,3.707269,0.0000e+00
dev-corpus-00,1264,1156,0.000000e+00,3131,3131,4.667644,4.667644,0.0000e+00
dev-corpus-00,1265,1518,0.000000e+00,13013,13013,1.519267,1.519267,0.0000e+00
dev-corpus-00,1266,1031,0.000000e+00,236764,236764,10.569395,10.569395,0.0000e+00
dev-corpus-00,1267,11210,0.000000e+00,668,668,7.808784,7.808784,0.0000e+00
dev-corpus-00,1268,3579,0.000000e+00,667,667,6.578335,6.578335,0.0000e+00
dev-corpus-00,1269,548,0.000000e+00,6688,6688,7.735450,7.735450,0.0000e+00
dev-corpus-00,1270,624,0.000000e+00,899,899,10.048677,10.048677,0.0000e+00
dev-corpus-00,1271,5452,0.000000e+00,10438,10438,2.166361,2.166361,0.0000e+00
dev-corpus-00,1272,170174,0.000000e+00,506,506,2.389416,2.389416,0.0000e+00
dev-corpus-00,1273,528,0.000000e+00,528,528,0.607303,0.607303,0.0000e+00
dev-corpus-00,1274,236743,0.000000e+00,236743,236743,0.000101,0.000101,0.0000e+00
dev-corpus-00,1275,236770,0.000000e+00,236770,236770,0.000232,0.000232,0.0000e+00
dev-corpus-00,1276,236819,0.000000e+00,236819,236819,0.000051,0.000051,0.0000e+00
dev-corpus-00,1277,236825,0.000000e+00,236825,236825,0.000761,0.000761,0.0000e+00
dev-corpus-00,1278,236800,0.000000e+00,236800,236800,0.025158,0.025158,0.0000e+00
dev-corpus-00,1279,1031,0.000000e+00,532,532,5.863690,5.863690,0.0000e+00
dev-corpus-00,1280,532,0.000000e+00,532,532,0.278972,0.278972,0.0000e+00
dev-corpus-00,1281,7779,0.000000e+00,7779,7779,0.542741,0.542741,0.0000e+00
dev-corpus-00,1282,3097,0.000000e+00,3097,3097,0.082080,0.082080,0.0000e+00
dev-corpus-00,1283,914,0.000000e+00,236743,236743,6.804224,6.804224,0.0000e+00
dev-corpus-00,1284,4355,0.000000e+00,20130,20130,3.251843,3.251843,0.0000e+00
dev-corpus-00,1285,528,0.000000e+00,528,528,0.027303,0.027303,0.0000e+00
dev-corpus-00,1286,236743,0.000000e+00,236743,236743,0.000056,0.000056,0.0000e+00
dev-corpus-00,1287,236770,0.000000e+00,236770,236770,0.016660,0.016660,0.0000e+00
dev-corpus-00,1288,236819,0.000000e+00,236819,236819,0.000071,0.000071,0.0000e+00
dev-corpus-00,1289,236832,0.000000e+00,236819,236819,4.154398,4.154398,0.0000e+00
dev-corpus-00,1290,236825,0.000000e+00,236828,236828,2.416693,2.416693,0.0000e+00
dev-corpus-00,1291,783,0.000000e+00,236761,236761,4.932216,4.932216,0.0000e+00
dev-corpus-00,1292,1293,0.000000e+00,669,669,5.425401,5.425401,0.0000e+00
dev-corpus-00,1293,691,0.000000e+00,691,691,0.044247,0.044247,0.0000e+00
dev-corpus-00,1294,6641,0.000000e+00,30352,30352,2.913576,2.913576,0.0000e+00
dev-corpus-00,1295,684,0.000000e+00,684,684,0.000100,0.000100,0.0000e+00
dev-corpus-00,1296,3551,0.000000e+00,96096,96096,10.821138,10.821138,0.0000e+00
dev-corpus-00,1297,1863,0.000000e+00,1863,1863,0.002813,0.002813,0.0000e+00
dev-corpus-00,1298,34635,0.000000e+00,102154,102154,9.777793,9.777793,0.0000e+00
dev-corpus-00,1299,6315,0.000000e+00,6315,6315,1.176474,1.176474,0.0000e+00
dev-corpus-00,1300,1031,0.000000e+00,568,568,10.846227,10.846227,0.0000e+00
dev-corpus-00,1301,1015,0.000000e+00,1015,1015,0.042528,0.042528,0.0000e+00
dev-corpus-00,1302,7779,0.000000e+00,7779,7779,0.078443,0.078443,0.0000e+00
dev-corpus-00,1303,699,0.000000e+00,3097,3097,1.069363,1.069363,0.0000e+00
dev-corpus-00,1304,236743,0.000000e+00,236743,236743,0.000245,0.000245,0.0000e+00
dev-corpus-00,1305,236770,0.000000e+00,236770,236770,0.000082,0.000082,0.0000e+00
dev-corpus-00,1306,236819,0.000000e+00,236819,236819,0.000012,0.000012,0.0000e+00
dev-corpus-00,1307,236832,0.000000e+00,236832,236832,0.088508,0.088508,0.0000e+00
dev-corpus-00,1308,236832,0.000000e+00,236832,236832,0.581142,0.581142,0.0000e+00
dev-corpus-00,1309,531,0.000000e+00,531,531,0.043780,0.043780,0.0000e+00
dev-corpus-00,1310,236743,0.000000e+00,236743,236743,0.010060,0.010060,0.0000e+00
dev-corpus-00,1311,236770,0.000000e+00,236770,236770,0.014376,0.014376,0.0000e+00
dev-corpus-00,1312,236819,0.000000e+00,236819,236819,0.000008,0.000008,0.0000e+00
dev-corpus-00,1313,236819,0.000000e+00,236819,236819,0.586614,0.586614,0.0000e+00
dev-corpus-00,1314,236812,0.000000e+00,236770,236770,2.110824,2.110824,0.0000e+00
dev-corpus-00,1315,1031,0.000000e+00,236761,236761,7.780071,7.780071,0.0000e+00
dev-corpus-00,1316,532,0.000000e+00,532,532,0.031252,0.031252,0.0000e+00
dev-corpus-00,1317,34635,0.000000e+00,1299,1299,14.981568,14.981568,0.0000e+00
dev-corpus-00,1318,6315,0.000000e+00,6315,6315,0.000087,0.000087,0.0000e+00
dev-corpus-00,1319,528,0.000000e+00,691,691,6.769699,6.769699,0.0000e+00
dev-corpus-00,1320,2490,0.000000e+00,236743,236743,8.455500,8.455500,0.0000e+00
dev-corpus-00,1321,691,0.000000e+00,691,691,0.801649,0.801649,0.0000e+00
dev-corpus-00,1322,30352,0.000000e+00,30352,30352,0.210693,0.210693,0.0000e+00
dev-corpus-00,1323,684,0.000000e+00,684,684,0.000036,0.000036,0.0000e+00
dev-corpus-00,1324,895,0.000000e+00,96096,96096,5.581234,5.581234,0.0000e+00
dev-corpus-00,1325,6997,0.000000e+00,511,511,1.399022,1.399022,0.0000e+00
dev-corpus-00,1326,37792,0.000000e+00,151744,151744,1.167542,1.167542,0.0000e+00
dev-corpus-00,1327,34317,0.000000e+00,38769,38769,12.685325,12.685325,0.0000e+00
dev-corpus-00,1328,41964,0.000000e+00,1562,1562,8.578545,8.578545,0.0000e+00
dev-corpus-00,1329,1392,0.000000e+00,528,528,16.391016,16.391016,0.0000e+00
dev-corpus-00,1330,236772,0.000000e+00,236772,236772,0.004086,0.004086,0.0000e+00
dev-corpus-00,1331,236940,0.000000e+00,236940,236940,0.008120,0.008120,0.0000e+00
dev-corpus-00,1332,68283,0.000000e+00,528,528,17.280283,17.280283,0.0000e+00
dev-corpus-00,1333,495,0.000000e+00,495,495,0.100854,0.100854,0.0000e+00
dev-corpus-00,1334,783,0.000000e+00,236764,236764,8.706802,8.706802,0.0000e+00
dev-corpus-00,1335,58084,0.000000e+00,107,107,17.732191,17.732191,0.0000e+00
dev-corpus-00,1336,22077,0.000000e+00,80804,80804,5.290626,5.290626,0.0000e+00
dev-corpus-00,1337,10438,0.000000e+00,7779,7779,3.657824,3.657824,0.0000e+00
dev-corpus-00,1338,34317,0.000000e+00,528,528,16.325195,16.325195,0.0000e+00
dev-corpus-00,1339,41964,0.000000e+00,41964,41964,0.003184,0.003184,0.0000e+00
dev-corpus-00,1340,1392,0.000000e+00,528,528,5.168427,5.168427,0.0000e+00
dev-corpus-00,1341,236772,0.000000e+00,236772,236772,0.000541,0.000541,0.0000e+00
dev-corpus-00,1342,236940,0.000000e+00,236940,236940,0.000268,0.000268,0.0000e+00
dev-corpus-00,1343,68283,0.000000e+00,68283,68283,0.039709,0.039709,0.0000e+00
dev-corpus-00,1344,495,0.000000e+00,495,495,0.000003,0.000003,0.0000e+00
dev-corpus-00,1345,618,0.000000e+00,528,528,3.657410,3.657410,0.0000e+00
dev-corpus-00,1346,22480,0.000000e+00,170174,170174,3.009348,3.009348,0.0000e+00
dev-corpus-00,1347,170174,0.000000e+00,170174,170174,0.010282,0.010282,0.0000e+00
dev-corpus-00,1348,528,0.000000e+00,528,528,0.083826,0.083826,0.0000e+00
dev-corpus-00,1349,236743,0.000000e+00,236743,236743,0.011830,0.011830,0.0000e+00
dev-corpus-00,1350,236778,0.000000e+00,236770,236770,3.430404,3.430404,0.0000e+00
dev-corpus-00,1351,236771,0.000000e+00,236771,236771,0.000055,0.000055,0.0000e+00
dev-corpus-00,1352,236771,0.000000e+00,236771,236771,0.033657,0.033657,0.0000e+00
dev-corpus-00,1353,236800,0.000000e+00,236770,236770,1.941041,1.941041,0.0000e+00
dev-corpus-00,1354,1031,0.000000e+00,236761,236761,9.686393,9.686393,0.0000e+00
dev-corpus-00,1355,532,0.000000e+00,532,532,0.032913,0.032913,0.0000e+00
dev-corpus-00,1356,7779,0.000000e+00,3209,3209,6.504841,6.504841,0.0000e+00
dev-corpus-00,1357,3097,0.000000e+00,3097,3097,0.608528,0.608528,0.0000e+00
dev-corpus-00,1358,236743,0.000000e+00,236743,236743,0.098504,0.098504,0.0000e+00
dev-corpus-00,1359,236778,0.000000e+00,236778,236778,0.000024,0.000024,0.0000e+00
dev-corpus-00,1360,236771,0.000000e+00,236771,236771,0.000037,0.000037,0.0000e+00
dev-corpus-00,1361,236770,0.000000e+00,236770,236770,0.061765,0.061765,0.0000e+00
dev-corpus-00,1362,236770,0.000000e+00,236770,236770,1.885684,1.885684,0.0000e+00
dev-corpus-00,1363,1031,0.000000e+00,236761,236761,11.096250,11.096250,0.0000e+00
dev-corpus-00,1364,1056,0.000000e+00,532,532,4.352348,4.352348,0.0000e+00
dev-corpus-00,1365,668,0.000000e+00,34317,34317,3.109548,3.109548,0.0000e+00
dev-corpus-00,1366,691,0.000000e+00,21136,21136,2.768096,2.768096,0.0000e+00
dev-corpus-00,1367,30352,0.000000e+00,12043,12043,1.274579,1.274579,0.0000e+00
dev-corpus-00,1368,684,0.000000e+00,684,684,0.000190,0.000190,0.0000e+00
dev-corpus-00,1369,54340,0.000000e+00,96096,96096,9.345948,9.345948,0.0000e+00
dev-corpus-00,1370,22173,0.000000e+00,87657,87657,10.292552,10.292552,0.0000e+00
dev-corpus-00,1371,495,0.000000e+00,236759,236759,3.238701,3.238701,0.0000e+00
dev-corpus-00,1372,783,0.000000e+00,528,528,7.258399,7.258399,0.0000e+00
dev-corpus-00,1373,1773,0.000000e+00,107,107,6.103448,6.103448,0.0000e+00
dev-corpus-00,1374,529,0.000000e+00,529,529,1.044519,1.044519,0.0000e+00
dev-corpus-00,1375,236743,0.000000e+00,236743,236743,0.038872,0.038872,0.0000e+00
dev-corpus-00,1376,236778,0.000000e+00,236778,236778,0.000143,0.000143,0.0000e+00
dev-corpus-00,1377,236771,0.000000e+00,236771,236771,0.000059,0.000059,0.0000e+00
dev-corpus-00,1378,236770,0.000000e+00,236770,236770,0.211571,0.211571,0.0000e+00
dev-corpus-00,1379,236812,0.000000e+00,236770,236770,2.971807,2.971807,0.0000e+00
dev-corpus-00,1380,1031,0.000000e+00,236764,236764,6.248414,6.248414,0.0000e+00
dev-corpus-00,1381,5378,0.000000e+00,506,506,15.835939,15.835939,0.0000e+00
dev-corpus-00,1382,684,0.000000e+00,684,684,0.001644,0.001644,0.0000e+00
dev-corpus-00,1383,34317,0.000000e+00,96096,96096,16.817526,16.817526,0.0000e+00
dev-corpus-00,1384,41964,0.000000e+00,41964,41964,0.000121,0.000121,0.0000e+00
dev-corpus-00,1385,1392,0.000000e+00,1392,1392,0.032558,0.032558,0.0000e+00
dev-corpus-00,1386,236772,0.000000e+00,236772,236772,0.000041,0.000041,0.0000e+00
dev-corpus-00,1387,236940,0.000000e+00,236940,236940,0.001097,0.001097,0.0000e+00
dev-corpus-00,1388,68283,0.000000e+00,68283,68283,0.000207,0.000207,0.0000e+00
dev-corpus-00,1389,495,0.000000e+00,495,495,0.000001,0.000001,0.0000e+00
dev-corpus-00,1390,532,0.000000e+00,236764,236764,1.866628,1.866628,0.0000e+00
dev-corpus-00,1391,22173,0.000000e+00,22173,22173,0.362349,0.362349,0.0000e+00
dev-corpus-00,1392,495,0.000000e+00,495,495,0.000008,0.000008,0.0000e+00
dev-corpus-00,1393,1031,0.000000e+00,236764,236764,7.897481,7.897481,0.0000e+00
dev-corpus-00,1394,36189,0.000000e+00,506,506,3.827624,3.827624,0.0000e+00
dev-corpus-00,1395,12307,0.000000e+00,12307,12307,0.000009,0.000009,0.0000e+00
dev-corpus-00,1396,1053,0.000000e+00,691,691,2.427483,2.427483,0.0000e+00
dev-corpus-00,1397,8296,0.000000e+00,130661,130661,7.473128,7.473128,0.0000e+00
dev-corpus-00,1398,236743,0.000000e+00,236743,236743,0.005231,0.005231,0.0000e+00
dev-corpus-00,1399,236812,0.000000e+00,236770,236770,3.147680,3.147680,0.0000e+00
dev-corpus-00,1400,236771,0.000000e+00,236771,236771,0.251970,0.251970,0.0000e+00
dev-corpus-00,1401,236771,0.000000e+00,3295,3295,4.850662,4.850662,0.0000e+00
dev-corpus-00,1402,4374,0.000000e+00,3295,3295,11.173219,11.173219,0.0000e+00
dev-corpus-00,1403,29474,0.000000e+00,236761,236761,6.234747,6.234747,0.0000e+00
dev-corpus-00,1404,1031,0.000000e+00,236761,236761,16.771293,16.771293,0.0000e+00
dev-corpus-00,1405,532,0.000000e+00,532,532,0.194543,0.194543,0.0000e+00
dev-corpus-00,1406,691,0.000000e+00,506,506,3.010704,3.010704,0.0000e+00
dev-corpus-00,1407,506,0.000000e+00,496,496,4.369357,4.369357,0.0000e+00
dev-corpus-00,1408,7488,0.000000e+00,7488,7488,0.199342,0.199342,0.0000e+00
dev-corpus-00,1409,125039,0.000000e+00,125039,125039,0.916642,0.916642,0.0000e+00
dev-corpus-00,1410,528,0.000000e+00,528,528,0.002895,0.002895,0.0000e+00
dev-corpus-00,1411,60904,0.000000e+00,60904,60904,0.168854,0.168854,0.0000e+00
dev-corpus-00,1412,783,0.000000e+00,236761,236761,4.574505,4.574505,0.0000e+00
dev-corpus-00,1413,236743,0.000000e+00,108,108,2.023835,2.023835,0.0000e+00
dev-corpus-00,1414,107,0.000000e+00,107,107,0.545111,0.545111,0.0000e+00
dev-corpus-00,1415,236743,0.000000e+00,236743,236743,0.181534,0.181534,0.0000e+00
dev-corpus-00,1416,107,0.000000e+00,107,107,0.000122,0.000122,0.0000e+00
dev-corpus-00,1417,578,0.000000e+00,13513,13513,6.414794,6.414794,0.0000e+00
dev-corpus-00,1418,578,0.000000e+00,107,107,3.712082,3.712082,0.0000e+00
dev-corpus-00,1419,21107,0.000000e+00,578,578,14.581269,14.581269,0.0000e+00
dev-corpus-00,1420,4083,0.000000e+00,10358,10358,3.692700,3.692700,0.0000e+00
dev-corpus-00,1421,578,0.000000e+00,529,529,2.012668,2.012668,0.0000e+00
dev-corpus-00,1422,578,0.000000e+00,236743,236743,1.096767,1.096767,0.0000e+00
dev-corpus-00,1423,236743,0.000000e+00,107,107,1.149349,1.149349,0.0000e+00
dev-corpus-00,1424,107,0.000000e+00,107,107,0.025098,0.025098,0.0000e+00
dev-corpus-00,1425,236743,0.000000e+00,236743,236743,1.082394,1.082394,0.0000e+00
dev-corpus-00,1426,107,0.000000e+00,107,107,0.000478,0.000478,0.0000e+00
dev-corpus-00,1427,16647,0.000000e+00,669,669,12.762520,12.762520,0.0000e+00
dev-corpus-00,1428,4945,0.000000e+00,19231,19231,8.101687,8.101687,0.0000e+00
dev-corpus-00,1429,529,0.000000e+00,529,529,0.687479,0.687479,0.0000e+00
dev-corpus-00,1430,9115,0.000000e+00,19231,19231,5.578538,5.578538,0.0000e+00
dev-corpus-00,1431,26560,0.000000e+00,19231,19231,3.295721,3.295721,0.0000e+00
dev-corpus-00,1432,6074,0.000000e+00,21262,21262,5.470037,5.470037,0.0000e+00
dev-corpus-00,1433,49943,0.000000e+00,49943,49943,0.805020,0.805020,0.0000e+00
dev-corpus-00,1434,528,0.000000e+00,528,528,0.007898,0.007898,0.0000e+00
dev-corpus-00,1435,60904,0.000000e+00,60904,60904,0.436380,0.436380,0.0000e+00
dev-corpus-00,1436,528,0.000000e+00,528,528,0.180082,0.180082,0.0000e+00
dev-corpus-00,1437,506,0.000000e+00,506,506,0.003425,0.003425,0.0000e+00
dev-corpus-00,1438,5226,0.000000e+00,5226,5226,0.137959,0.137959,0.0000e+00
dev-corpus-00,1439,236743,0.000000e+00,236743,236743,0.000153,0.000153,0.0000e+00
dev-corpus-00,1440,236770,0.000000e+00,236770,236770,0.000006,0.000006,0.0000e+00
dev-corpus-00,1441,236819,0.000000e+00,236819,236819,0.084067,0.084067,0.0000e+00
dev-corpus-00,1442,594,0.000000e+00,594,594,0.000045,0.000045,0.0000e+00
dev-corpus-00,1443,7691,0.000000e+00,7691,7691,0.004048,0.004048,0.0000e+00
dev-corpus-00,1444,1031,0.000000e+00,236761,236761,10.683386,10.683386,0.0000e+00
dev-corpus-00,1445,840,0.000000e+00,532,532,5.681944,5.681944,0.0000e+00
dev-corpus-00,1446,1346,0.000000e+00,506,506,6.254633,6.254633,0.0000e+00
dev-corpus-00,1447,7808,0.000000e+00,529,529,4.463245,4.463245,0.0000e+00
dev-corpus-00,1448,580,0.000000e+00,531,531,1.426165,1.426165,0.0000e+00
dev-corpus-00,1449,783,0.000000e+00,236761,236761,10.953617,10.953617,0.0000e+00
dev-corpus-00,1450,799,0.000000e+00,562,562,1.936555,1.936555,0.0000e+00
dev-corpus-00,1451,506,0.000000e+00,506,506,0.052910,0.052910,0.0000e+00
dev-corpus-00,1452,3649,0.000000e+00,3649,3649,0.080691,0.080691,0.0000e+00
dev-corpus-00,1453,236743,0.000000e+00,236743,236743,0.002884,0.002884,0.0000e+00
dev-corpus-00,1454,236778,0.000000e+00,236778,236778,0.047258,0.047258,0.0000e+00
dev-corpus-00,1455,236771,0.000000e+00,236771,236771,0.000006,0.000006,0.0000e+00
dev-corpus-00,1456,594,0.000000e+00,594,594,0.000000,0.000000,0.0000e+00
dev-corpus-00,1457,7691,0.000000e+00,7691,7691,0.000120,0.000120,0.0000e+00
dev-corpus-00,1458,506,0.000000e+00,236764,236764,8.052577,8.052577,0.0000e+00
dev-corpus-00,1459,1171,0.000000e+00,19231,19231,5.449863,5.449863,0.0000e+00
dev-corpus-00,1460,17792,0.000000e+00,19231,19231,6.618761,6.618761,0.0000e+00
dev-corpus-00,1461,6693,0.000000e+00,6693,6693,0.044488,0.044488,0.0000e+00
dev-corpus-00,1462,26560,0.000000e+00,19231,19231,1.501759,1.501759,0.0000e+00
dev-corpus-00,1463,21262,0.000000e+00,12208,12208,4.193378,4.193378,0.0000e+00
dev-corpus-00,1464,993,0.000000e+00,236764,236764,5.395604,5.395604,0.0000e+00
dev-corpus-00,1465,1031,0.000000e+00,236761,236761,12.120464,12.120464,0.0000e+00
dev-corpus-00,1466,532,0.000000e+00,532,532,0.525467,0.525467,0.0000e+00
dev-corpus-00,1467,684,0.000000e+00,506,506,2.767483,2.767483,0.0000e+00
dev-corpus-00,1468,506,0.000000e+00,506,506,0.013748,0.013748,0.0000e+00
dev-corpus-00,1469,236743,0.000000e+00,236743,236743,0.168103,0.168103,0.0000e+00
dev-corpus-00,1470,236770,0.000000e+00,236770,236770,0.000105,0.000105,0.0000e+00
dev-corpus-00,1471,236819,0.000000e+00,236819,236819,0.000021,0.000021,0.0000e+00
dev-corpus-00,1472,236778,0.000000e+00,236800,236800,1.483939,1.483939,0.0000e+00
dev-corpus-00,1473,236771,0.000000e+00,236771,236771,0.000001,0.000001,0.0000e+00
dev-corpus-00,1474,236751,0.000000e+00,236751,236751,0.000013,0.000013,0.0000e+00
dev-corpus-00,1475,60904,0.000000e+00,236764,236764,10.607999,10.607999,0.0000e+00
dev-corpus-00,1476,756,0.000000e+00,1053,1053,15.070892,15.070892,0.0000e+00
dev-corpus-00,1477,236751,0.000000e+00,236751,236751,0.495924,0.495924,0.0000e+00
dev-corpus-00,1478,19231,0.000000e+00,19231,19231,0.072634,0.072634,0.0000e+00
dev-corpus-00,1479,3399,0.000000e+00,3399,3399,0.400998,0.400998,0.0000e+00
dev-corpus-00,1480,6074,0.000000e+00,691,691,2.014881,2.014881,0.0000e+00
dev-corpus-00,1481,22658,0.000000e+00,531,531,10.880031,10.880031,0.0000e+00
dev-corpus-00,1482,21450,0.000000e+00,236761,236761,21.504667,21.504667,0.0000e+00
dev-corpus-00,1483,690,0.000000e+00,4402,4402,16.995173,16.995173,0.0000e+00
dev-corpus-00,1484,504,0.000000e+00,504,504,0.000486,0.000486,0.0000e+00
dev-corpus-00,1485,8896,0.000000e+00,8896,8896,0.000003,0.000003,0.0000e+00
dev-corpus-00,1486,573,0.000000e+00,236761,236761,5.556422,5.556422,0.0000e+00
dev-corpus-00,1487,7046,0.000000e+00,12352,12352,15.753366,15.753366,0.0000e+00
dev-corpus-00,1488,7672,0.000000e+00,3019,3019,10.906319,10.906319,0.0000e+00
dev-corpus-00,1489,3446,0.000000e+00,3019,3019,0.892056,0.892056,0.0000e+00
dev-corpus-00,1490,532,0.000000e+00,3019,3019,5.903729,5.903729,0.0000e+00
dev-corpus-00,1491,19231,0.000000e+00,84898,84898,12.053882,12.053882,0.0000e+00
dev-corpus-00,1492,10940,0.000000e+00,20720,20720,2.079668,2.079668,0.0000e+00
dev-corpus-00,1493,3019,0.000000e+00,3019,3019,0.004395,0.004395,0.0000e+00
dev-corpus-00,1494,528,0.000000e+00,236761,236761,5.854352,5.854352,0.0000e+00
dev-corpus-00,1495,7010,0.000000e+00,54277,54277,14.484836,14.484836,0.0000e+00
dev-corpus-00,1496,756,0.000000e+00,236789,236789,8.169918,8.169918,0.0000e+00
dev-corpus-00,1497,10374,0.000000e+00,99927,99927,4.714700,4.714700,0.0000e+00
dev-corpus-00,1498,783,0.000000e+00,236761,236761,1.738908,1.738908,0.0000e+00
dev-corpus-00,1499,18868,0.000000e+00,107,107,9.818920,9.818920,0.0000e+00
dev-corpus-00,1500,1037,0.000000e+00,5990,5990,2.709669,2.709669,0.0000e+00
dev-corpus-00,1501,31216,0.000000e+00,6822,6822,6.538714,6.538714,0.0000e+00
dev-corpus-00,1502,14533,0.000000e+00,639,639,6.721225,6.721225,0.0000e+00
dev-corpus-00,1503,73232,0.000000e+00,8687,8687,5.552697,5.552697,0.0000e+00
dev-corpus-00,1504,19874,0.000000e+00,8687,8687,9.713252,9.713252,0.0000e+00
dev-corpus-00,1505,600,0.000000e+00,600,600,0.069563,0.069563,0.0000e+00
dev-corpus-00,1506,623,0.000000e+00,506,506,5.845862,5.845862,0.0000e+00
dev-corpus-00,1507,870,0.000000e+00,1437,1437,11.131244,11.131244,0.0000e+00
dev-corpus-00,1508,496,0.000000e+00,1437,1437,12.097263,12.097263,0.0000e+00
dev-corpus-00,1509,4422,0.000000e+00,236842,236842,2.004255,2.004255,0.0000e+00
dev-corpus-00,1510,517,0.000000e+00,1944,1944,8.067827,8.067827,0.0000e+00
dev-corpus-00,1511,589,0.000000e+00,4601,4601,8.213693,8.213693,0.0000e+00
dev-corpus-00,1512,640,0.000000e+00,506,506,11.442641,11.442641,0.0000e+00
dev-corpus-00,1513,77999,0.000000e+00,236761,236761,10.954858,10.954858,0.0000e+00
dev-corpus-00,1514,16339,0.000000e+00,41372,41372,11.714229,11.714229,0.0000e+00
dev-corpus-00,1515,73232,0.000000e+00,73232,73232,0.347629,0.347629,0.0000e+00
dev-corpus-00,1516,756,0.000000e+00,6697,6697,6.381982,6.381982,0.0000e+00
dev-corpus-00,1517,236751,0.000000e+00,236751,236751,0.059512,0.059512,0.0000e+00
dev-corpus-00,1518,4355,0.000000e+00,16257,16257,4.823369,4.823369,0.0000e+00
dev-corpus-00,1519,528,0.000000e+00,528,528,0.186023,0.186023,0.0000e+00
dev-corpus-00,1520,236743,0.000000e+00,236743,236743,0.016702,0.016702,0.0000e+00
dev-corpus-00,1521,236770,0.000000e+00,236770,236770,0.000078,0.000078,0.0000e+00
dev-corpus-00,1522,236819,0.000000e+00,236819,236819,0.015708,0.015708,0.0000e+00
dev-corpus-00,1523,236800,0.000000e+00,236778,236778,2.198661,2.198661,0.0000e+00
dev-corpus-00,1524,236800,0.000000e+00,236771,236771,1.970200,1.970200,0.0000e+00
dev-corpus-00,1525,1031,0.000000e+00,236764,236764,2.262851,2.262851,0.0000e+00
dev-corpus-00,1526,914,0.000000e+00,506,506,6.804128,6.804128,0.0000e+00
dev-corpus-00,1527,2033,0.000000e+00,2369,2369,4.247171,4.247171,0.0000e+00
dev-corpus-00,1528,657,0.000000e+00,5452,5452,4.383593,4.383593,0.0000e+00
dev-corpus-00,1529,236743,0.000000e+00,236743,236743,0.059379,0.059379,0.0000e+00
dev-corpus-00,1530,236778,0.000000e+00,236770,236770,4.108131,4.108131,0.0000e+00
dev-corpus-00,1531,236800,0.000000e+00,236771,236771,2.473855,2.473855,0.0000e+00
dev-corpus-00,1532,236770,0.000000e+00,236771,236771,2.345846,2.345846,0.0000e+00
dev-corpus-00,1533,4844,0.000000e+00,7123,7123,2.118155,2.118155,0.0000e+00
dev-corpus-00,1534,85797,0.000000e+00,85797,85797,0.968724,0.968724,0.0000e+00
dev-corpus-00,1535,6718,0.000000e+00,6718,6718,0.001934,0.001934,0.0000e+00
dev-corpus-01,1536,99309,0.000000e+00,578,578,24.160645,24.160645,0.0000e+00
dev-corpus-01,1537,7078,0.000000e+00,4666,4666,5.374071,5.374071,0.0000e+00
dev-corpus-01,1538,568,0.000000e+00,236761,236761,2.491755,2.491755,0.0000e+00
dev-corpus-01,1539,70187,0.000000e+00,2704,2704,41.416346,41.416346,0.0000e+00
dev-corpus-01,1540,1572,0.000000e+00,236768,236768,3.769262,3.769262,0.0000e+00
dev-corpus-01,1541,236804,0.000000e+00,236804,236804,0.315135,0.315135,0.0000e+00
dev-corpus-01,1542,4267,0.000000e+00,4267,4267,0.000268,0.000268,0.0000e+00
dev-corpus-01,1543,8412,0.000000e+00,236768,236768,9.517300,9.517300,0.0000e+00
dev-corpus-01,1544,1732,0.000000e+00,236768,236768,9.850248,9.850248,0.0000e+00
dev-corpus-01,1545,578,0.000000e+00,108,108,4.725272,4.725272,0.0000e+00
dev-corpus-01,1546,236743,0.000000e+00,99309,99309,5.507242,5.507242,0.0000e+00
dev-corpus-01,1547,107,0.000000e+00,236770,236770,4.027504,4.027504,0.0000e+00
dev-corpus-01,1548,236743,0.000000e+00,236784,236784,4.432615,4.432615,0.0000e+00
dev-corpus-01,1549,107,0.000000e+00,107,107,0.012910,0.012910,0.0000e+00
dev-corpus-01,1550,99309,0.000000e+00,1018,1018,10.270976,10.270976,0.0000e+00
dev-corpus-01,1551,7078,0.000000e+00,7078,7078,0.000087,0.000087,0.0000e+00
dev-corpus-01,1552,563,0.000000e+00,568,568,8.260040,8.260040,0.0000e+00
dev-corpus-01,1553,506,0.000000e+00,496,496,4.414065,4.414065,0.0000e+00
dev-corpus-01,1554,157312,0.000000e+00,3822,3822,15.064917,15.064917,0.0000e+00
dev-corpus-01,1555,14361,0.000000e+00,4087,4087,12.339268,12.339268,0.0000e+00
dev-corpus-01,1556,1392,0.000000e+00,5410,5410,15.142134,15.142134,0.0000e+00
dev-corpus-01,1557,236772,0.000000e+00,8412,8412,8.102524,8.102524,0.0000e+00
dev-corpus-01,1558,236940,0.000000e+00,24013,24013,6.673734,6.673734,0.0000e+00
dev-corpus-01,1559,5192,0.000000e+00,5410,5410,7.109243,7.109243,0.0000e+00
dev-corpus-01,1560,11452,0.000000e+00,5410,5410,9.106951,9.106951,0.0000e+00
dev-corpus-01,1561,8412,0.000000e+00,8412,8412,0.047419,0.047419,0.0000e+00
dev-corpus-01,1562,684,0.000000e+00,684,684,0.629579,0.629579,0.0000e+00
dev-corpus-01,1563,53439,0.000000e+00,70187,70187,9.475090,9.475090,0.0000e+00
dev-corpus-01,1564,12824,0.000000e+00,12824,12824,0.000093,0.000093,0.0000e+00
dev-corpus-01,1565,20304,0.000000e+00,20304,20304,0.063692,0.063692,0.0000e+00
dev-corpus-01,1566,1392,0.000000e+00,236772,236772,13.047369,13.047369,0.0000e+00
dev-corpus-01,1567,236772,0.000000e+00,236772,236772,0.376680,0.376680,0.0000e+00
dev-corpus-01,1568,236940,0.000000e+00,236940,236940,0.025488,0.025488,0.0000e+00
dev-corpus-01,1569,89079,0.000000e+00,70187,70187,11.444152,11.444152,0.0000e+00
dev-corpus-01,1570,70187,0.000000e+00,70187,70187,0.198734,0.198734,0.0000e+00
dev-corpus-01,1571,1572,0.000000e+00,1572,1572,0.007727,0.007727,0.0000e+00
dev-corpus-01,1572,236804,0.000000e+00,236804,236804,0.000004,0.000004,0.0000e+00
dev-corpus-01,1573,4267,0.000000e+00,4267,4267,0.000648,0.000648,0.0000e+00
dev-corpus-01,1574,1031,0.000000e+00,236761,236761,10.692759,10.692759,0.0000e+00
dev-corpus-01,1575,6811,0.000000e+00,6811,6811,0.069992,0.069992,0.0000e+00
dev-corpus-01,1576,580,0.000000e+00,528,528,1.494712,1.494712,0.0000e+00
dev-corpus-01,1577,236743,0.000000e+00,236743,236743,0.993905,0.993905,0.0000e+00
dev-corpus-01,1578,236778,0.000000e+00,236770,236770,1.559620,1.559620,0.0000e+00
dev-corpus-01,1579,236800,0.000000e+00,236771,236771,2.501918,2.501918,0.0000e+00
dev-corpus-01,1580,5857,0.000000e+00,6198,6198,1.981234,1.981234,0.0000e+00
dev-corpus-01,1581,236743,0.000000e+00,236743,236743,0.006343,0.006343,0.0000e+00
dev-corpus-01,1582,236778,0.000000e+00,236770,236770,1.476520,1.476520,0.0000e+00
dev-corpus-01,1583,236771,0.000000e+00,236771,236771,0.002126,0.002126,0.0000e+00
dev-corpus-01,1584,236770,0.000000e+00,236771,236771,2.326736,2.326736,0.0000e+00
dev-corpus-01,1585,236770,0.000000e+00,236800,236800,1.864128,1.864128,0.0000e+00
dev-corpus-01,1586,783,0.000000e+00,236761,236761,2.437848,2.437848,0.0000e+00
dev-corpus-01,1587,194181,0.000000e+00,669,669,14.861205,14.861205,0.0000e+00
dev-corpus-01,1588,528,0.000000e+00,528,528,0.203683,0.203683,0.0000e+00
dev-corpus-01,1589,506,0.000000e+00,506,506,1.130915,1.130915,0.0000e+00
dev-corpus-01,1590,3640,0.000000e+00,11452,11452,1.613447,1.613447,0.0000e+00
dev-corpus-01,1591,4184,0.000000e+00,4184,4184,0.002747,0.002747,0.0000e+00
dev-corpus-01,1592,532,0.000000e+00,236764,236764,1.606156,1.606156,0.0000e+00
dev-corpus-01,1593,13251,0.000000e+00,6811,6811,2.139685,2.139685,0.0000e+00
dev-corpus-01,1594,1031,0.000000e+00,236764,236764,4.044234,4.044234,0.0000e+00
dev-corpus-01,1595,625,0.000000e+00,506,506,3.074741,3.074741,0.0000e+00
dev-corpus-01,1596,691,0.000000e+00,4065,4065,1.131832,1.131832,0.0000e+00
dev-corpus-01,1597,6095,0.000000e+00,6811,6811,2.729176,2.729176,0.0000e+00
dev-corpus-01,1598,684,0.000000e+00,684,684,0.003208,0.003208,0.0000e+00
dev-corpus-01,1599,1572,0.000000e+00,1572,1572,2.534702,2.534702,0.0000e+00
dev-corpus-01,1600,236804,0.000000e+00,236804,236804,0.000092,0.000092,0.0000e+00
dev-corpus-01,1601,4267,0.000000e+00,4267,4267,0.000001,0.000001,0.0000e+00
dev-corpus-01,1602,607,0.000000e+00,532,532,4.984512,4.984512,0.0000e+00
dev-corpus-01,1603,6624,0.000000e+00,506,506,8.723973,8.723973,0.0000e+00
dev-corpus-01,1604,37060,0.000000e+00,667,667,9.502425,9.502425,0.0000e+00
dev-corpus-01,1605,1031,0.000000e+00,236761,236761,5.183926,5.183926,0.0000e+00
dev-corpus-01,1606,11629,0.000000e+00,532,532,11.853539,11.853539,0.0000e+00
dev-corpus-01,1607,104975,0.000000e+00,89002,89002,11.009633,11.009633,0.0000e+00
dev-corpus-01,1608,532,0.000000e+00,532,532,0.637157,0.637157,0.0000e+00
dev-corpus-01,1609,34499,0.000000e+00,55237,55237,15.743569,15.743569,0.0000e+00
dev-corpus-01,1610,129379,0.000000e+00,129379,129379,0.022625,0.022625,0.0000e+00
dev-corpus-01,1611,20304,0.000000e+00,18532,18532,5.612941,5.612941,0.0000e+00
dev-corpus-01,1612,1392,0.000000e+00,532,532,5.663330,5.663330,0.0000e+00
dev-corpus-01,1613,236772,0.000000e+00,236772,236772,0.001522,0.001522,0.0000e+00
dev-corpus-01,1614,236940,0.000000e+00,236940,236940,0.001574,0.001574,0.0000e+00
dev-corpus-01,1615,89079,0.000000e+00,20304,20304,5.780608,5.780608,0.0000e+00
dev-corpus-01,1616,49187,0.000000e+00,22424,22424,10.229627,10.229627,0.0000e+00
dev-corpus-01,1617,53363,0.000000e+00,44599,44599,3.349685,3.349685,0.0000e+00
dev-corpus-01,1618,783,0.000000e+00,783,783,0.532445,0.532445,0.0000e+00
dev-corpus-01,1619,669,0.000000e+00,669,669,0.242274,0.242274,0.0000e+00
dev-corpus-01,1620,8412,0.000000e+00,8412,8412,0.000944,0.000944,0.0000e+00
dev-corpus-01,1621,2192,0.000000e+00,4065,4065,15.694958,15.694958,0.0000e+00
dev-corpus-01,1622,506,0.000000e+00,496,496,5.206718,5.206718,0.0000e+00
dev-corpus-01,1623,1171,0.000000e+00,236743,236743,2.543905,2.543905,0.0000e+00
dev-corpus-01,1624,6829,0.000000e+00,528,528,8.302146,8.302146,0.0000e+00
dev-corpus-01,1625,5588,0.000000e+00,5588,5588,0.188660,0.188660,0.0000e+00
dev-corpus-01,1626,684,0.000000e+00,529,529,1.493421,1.493421,0.0000e+00
dev-corpus-01,1627,1572,0.000000e+00,1572,1572,0.025929,0.025929,0.0000e+00
dev-corpus-01,1628,236804,0.000000e+00,236804,236804,0.000006,0.000006,0.0000e+00
dev-corpus-01,1629,4267,0.000000e+00,4267,4267,0.000000,0.000000,0.0000e+00
dev-corpus-01,1630,1308,0.000000e+00,237028,237028,3.500917,3.500917,0.0000e+00
dev-corpus-01,1631,668,0.000000e+00,914,914,8.481523,8.481523,0.0000e+00
dev-corpus-01,1632,691,0.000000e+00,1053,1053,4.259973,4.259973,0.0000e+00
dev-corpus-01,1633,10227,0.000000e+00,10227,10227,0.969648,0.969648,0.0000e+00
dev-corpus-01,1634,684,0.000000e+00,531,531,1.936728,1.936728,0.0000e+00
dev-corpus-01,1635,28457,0.000000e+00,496,496,2.404685,2.404685,0.0000e+00
dev-corpus-01,1636,11796,0.000000e+00,11796,11796,0.082684,0.082684,0.0000e+00
dev-corpus-01,1637,528,0.000000e+00,2192,2192,2.998214,2.998214,0.0000e+00
dev-corpus-01,1638,236743,0.000000e+00,236743,236743,0.025202,0.025202,0.0000e+00
dev-corpus-01,1639,236770,0.000000e+00,236778,236778,4.146691,4.146691,0.0000e+00
dev-corpus-01,1640,236819,0.000000e+00,236819,236819,0.000998,0.000998,0.0000e+00
dev-corpus-01,1641,236819,0.000000e+00,236819,236819,0.009441,0.009441,0.0000e+00
dev-corpus-01,1642,236800,0.000000e+00,236832,236832,4.038898,4.038898,0.0000e+00
dev-corpus-01,1643,532,0.000000e+00,2192,2192,6.162370,6.162370,0.0000e+00
dev-corpus-01,1644,37060,0.000000e+00,21211,21211,8.170210,8.170210,0.0000e+00
dev-corpus-01,1645,11796,0.000000e+00,11796,11796,0.276236,0.276236,0.0000e+00
dev-corpus-01,1646,528,0.000000e+00,6308,6308,0.899745,0.899745,0.0000e+00
dev-corpus-01,1647,236743,0.000000e+00,236743,236743,0.004875,0.004875,0.0000e+00
dev-corpus-01,1648,236778,0.000000e+00,236770,236770,0.839779,0.839779,0.0000e+00
dev-corpus-01,1649,236771,0.000000e+00,236771,236771,0.000094,0.000094,0.0000e+00
dev-corpus-01,1650,236771,0.000000e+00,236771,236771,0.034206,0.034206,0.0000e+00
dev-corpus-01,1651,236828,0.000000e+00,236770,236770,4.672563,4.672563,0.0000e+00
dev-corpus-01,1652,2192,0.000000e+00,2192,2192,0.140485,0.140485,0.0000e+00
dev-corpus-01,1653,691,0.000000e+00,691,691,1.227188,1.227188,0.0000e+00
dev-corpus-01,1654,10713,0.000000e+00,496,496,12.876786,12.876786,0.0000e+00
dev-corpus-01,1655,684,0.000000e+00,684,684,0.473654,0.473654,0.0000e+00
dev-corpus-01,1656,914,0.000000e+00,914,914,0.328256,0.328256,0.0000e+00
dev-corpus-01,1657,1852,0.000000e+00,1852,1852,0.148573,0.148573,0.0000e+00
dev-corpus-01,1658,5346,0.000000e+00,5346,5346,0.141967,0.141967,0.0000e+00
dev-corpus-01,1659,1031,0.000000e+00,236764,236764,6.770180,6.770180,0.0000e+00
dev-corpus-01,1660,6548,0.000000e+00,5213,5213,7.030622,7.030622,0.0000e+00
dev-corpus-01,1661,546,0.000000e+00,546,546,0.001661,0.001661,0.0000e+00
dev-corpus-01,1662,24318,0.000000e+00,24318,24318,0.007086,0.007086,0.0000e+00
dev-corpus-01,1663,6015,0.000000e+00,6015,6015,0.003302,0.003302,0.0000e+00
dev-corpus-01,1664,783,0.000000e+00,236764,236764,10.594858,10.594858,0.0000e+00
dev-corpus-01,1665,236743,0.000000e+00,1030,1030,5.618621,5.618621,0.0000e+00
dev-corpus-01,1666,107,0.000000e+00,107,107,0.567936,0.567936,0.0000e+00
dev-corpus-01,1667,1301,0.000000e+00,236743,236743,20.822034,20.822034,0.0000e+00
dev-corpus-01,1668,3833,0.000000e+00,1042,1042,4.567753,4.567753,0.0000e+00
dev-corpus-01,1669,532,0.000000e+00,13336,13336,2.401651,2.401651,0.0000e+00
dev-corpus-01,1670,5267,0.000000e+00,6984,6984,1.465556,1.465556,0.0000e+00
dev-corpus-01,1671,528,0.000000e+00,684,684,5.194069,5.194069,0.0000e+00
dev-corpus-01,1672,496,0.000000e+00,14361,14361,7.074252,7.074252,0.0000e+00
dev-corpus-01,1673,1051,0.000000e+00,6921,6921,13.972514,13.972514,0.0000e+00
dev-corpus-01,1674,1031,0.000000e+00,236764,236764,8.329540,8.329540,0.0000e+00
dev-corpus-01,1675,506,0.000000e+00,506,506,0.502194,0.502194,0.0000e+00
dev-corpus-01,1676,3423,0.000000e+00,8412,8412,4.906994,4.906994,0.0000e+00
dev-corpus-01,1677,12933,0.000000e+00,4065,4065,9.812623,9.812623,0.0000e+00
dev-corpus-01,1678,1572,0.000000e+00,496,496,2.401295,2.401295,0.0000e+00
dev-corpus-01,1679,236804,0.000000e+00,236804,236804,0.000120,0.000120,0.0000e+00
dev-corpus-01,1680,4267,0.000000e+00,4267,4267,0.000001,0.000001,0.0000e+00
dev-corpus-01,1681,532,0.000000e+00,236789,236789,12.204079,12.204079,0.0000e+00
dev-corpus-01,1682,53363,0.000000e+00,914,914,13.856796,13.856796,0.0000e+00
dev-corpus-01,1683,756,0.000000e+00,236789,236789,5.259391,5.259391,0.0000e+00
dev-corpus-01,1684,10080,0.000000e+00,236751,236751,26.429253,26.429253,0.0000e+00
dev-corpus-01,1685,13859,0.000000e+00,13859,13859,0.941148,0.941148,0.0000e+00
dev-corpus-01,1686,783,0.000000e+00,236789,236789,4.993148,4.993148,0.0000e+00
dev-corpus-01,1687,1701,0.000000e+00,1030,1030,7.764821,7.764821,0.0000e+00
dev-corpus-01,1688,99309,0.000000e+00,672,672,5.865160,5.865160,0.0000e+00
dev-corpus-01,1689,7078,0.000000e+00,7078,7078,0.000086,0.000086,0.0000e+00
dev-corpus-01,1690,1031,0.000000e+00,236764,236764,6.062859,6.062859,0.0000e+00
dev-corpus-01,1691,1572,0.000000e+00,1572,1572,0.752177,0.752177,0.0000e+00
dev-corpus-01,1692,236804,0.000000e+00,236804,236804,0.000035,0.000035,0.0000e+00
dev-corpus-01,1693,4267,0.000000e+00,4267,4267,0.000000,0.000000,0.0000e+00
dev-corpus-01,1694,7623,0.000000e+00,236789,236789,5.679303,5.679303,0.0000e+00
dev-corpus-01,1695,531,0.000000e+00,531,531,0.029316,0.029316,0.0000e+00
dev-corpus-01,1696,914,0.000000e+00,914,914,0.838792,0.838792,0.0000e+00
dev-corpus-01,1697,27644,0.000000e+00,14546,14546,5.854413,5.854413,0.0000e+00
dev-corpus-01,1698,5057,0.000000e+00,34407,34407,3.225206,3.225206,0.0000e+00
dev-corpus-01,1699,1308,0.000000e+00,236764,236764,4.527306,4.527306,0.0000e+00
dev-corpus-01,1700,914,0.000000e+00,496,496,2.436915,2.436915,0.0000e+00
dev-corpus-01,1701,125011,0.000000e+00,3527,3527,7.604778,7.604778,0.0000e+00
dev-corpus-01,1702,27197,0.000000e+00,8633,8633,3.306337,3.306337,0.0000e+00
dev-corpus-01,1703,573,0.000000e+00,528,528,3.877719,3.877719,0.0000e+00
dev-corpus-01,1704,8307,0.000000e+00,506,506,12.358293,12.358293,0.0000e+00
dev-corpus-01,1705,183384,0.000000e+00,43350,43350,1.446707,1.446707,0.0000e+00
dev-corpus-01,1706,630,0.000000e+00,12402,12402,4.213664,4.213664,0.0000e+00
dev-corpus-01,1707,33579,0.000000e+00,33579,33579,0.259217,0.259217,0.0000e+00
dev-corpus-01,1708,568,0.000000e+00,236764,236764,3.306380,3.306380,0.0000e+00
dev-corpus-01,1709,236743,0.000000e+00,236778,236778,6.034928,6.034928,0.0000e+00
dev-corpus-01,1710,236778,0.000000e+00,236778,236778,0.004032,0.004032,0.0000e+00
dev-corpus-01,1711,236771,0.000000e+00,236771,236771,0.000163,0.000163,0.0000e+00
dev-corpus-01,1712,236770,0.000000e+00,236771,236771,2.963045,2.963045,0.0000e+00
dev-corpus-01,1713,236771,0.000000e+00,236771,236771,0.233851,0.233851,0.0000e+00
dev-corpus-01,1714,1732,0.000000e+00,769,769,4.659982,4.659982,0.0000e+00
dev-corpus-01,1715,783,0.000000e+00,532,532,3.275760,3.275760,0.0000e+00
dev-corpus-01,1716,5978,0.000000e+00,669,669,4.913957,4.913957,0.0000e+00
dev-corpus-01,1717,13342,0.000000e+00,506,506,4.914339,4.914339,0.0000e+00
dev-corpus-01,1718,506,0.000000e+00,236764,236764,1.928591,1.928591,0.0000e+00
dev-corpus-01,1719,9014,0.000000e+00,8412,8412,10.105825,10.105825,0.0000e+00
dev-corpus-01,1720,1031,0.000000e+00,236764,236764,8.457309,8.457309,0.0000e+00
dev-corpus-01,1721,668,0.000000e+00,668,668,0.479979,0.479979,0.0000e+00
dev-corpus-01,1722,1053,0.000000e+00,112442,112442,4.422611,4.422611,0.0000e+00
dev-corpus-01,1723,1456,0.000000e+00,112442,112442,8.904282,8.904282,0.0000e+00
dev-corpus-01,1724,18661,0.000000e+00,919,919,9.502724,9.502724,0.0000e+00
dev-corpus-01,1725,17747,0.000000e+00,16587,16587,2.867080,2.867080,0.0000e+00
dev-corpus-01,1726,531,0.000000e+00,532,532,6.948398,6.948398,0.0000e+00
dev-corpus-01,1727,30091,0.000000e+00,2619,2619,8.898433,8.898433,0.0000e+00
dev-corpus-01,1728,914,0.000000e+00,506,506,1.977842,1.977842,0.0000e+00
dev-corpus-01,1729,5057,0.000000e+00,5057,5057,0.457348,0.457348,0.0000e+00
dev-corpus-01,1730,1031,0.000000e+00,236761,236761,6.701035,6.701035,0.0000e+00
dev-corpus-01,1731,2963,0.000000e+00,532,532,8.787504,8.787504,0.0000e+00
dev-corpus-01,1732,8314,0.000000e+00,7808,7808,7.557573,7.557573,0.0000e+00
dev-corpus-01,1733,1144,0.000000e+00,496,496,9.645987,9.645987,0.0000e+00
dev-corpus-01,1734,1053,0.000000e+00,668,668,9.759582,9.759582,0.0000e+00
dev-corpus-01,1735,1010,0.000000e+00,1010,1010,0.058340,0.058340,0.0000e+00
dev-corpus-01,1736,2760,0.000000e+00,496,496,3.162946,3.162946,0.0000e+00
dev-corpus-01,1737,496,0.000000e+00,623,623,1.454236,1.454236,0.0000e+00
dev-corpus-01,1738,623,0.000000e+00,623,623,0.808325,0.808325,0.0000e+00
dev-corpus-01,1739,52872,0.000000e+00,69731,69731,5.627644,5.627644,0.0000e+00
dev-corpus-01,1740,1392,0.000000e+00,236772,236772,24.761000,24.761000,0.0000e+00
dev-corpus-01,1741,236772,0.000000e+00,236772,236772,0.182016,0.182016,0.0000e+00
dev-corpus-01,1742,236940,0.000000e+00,236940,236940,0.006262,0.006262,0.0000e+00
dev-corpus-01,1743,1679,0.000000e+00,5057,5057,2.894783,2.894783,0.0000e+00
dev-corpus-01,1744,34407,0.000000e+00,236775,236775,8.514333,8.514333,0.0000e+00
dev-corpus-01,1745,4514,0.000000e+00,236775,236775,14.305044,14.305044,0.0000e+00
dev-corpus-01,1746,623,0.000000e+00,1781,1781,5.905677,5.905677,0.0000e+00
dev-corpus-01,1747,528,0.000000e+00,783,783,4.757689,4.757689,0.0000e+00
dev-corpus-01,1748,914,0.000000e+00,506,506,1.663069,1.663069,0.0000e+00
dev-corpus-01,1749,4252,0.000000e+00,3527,3527,2.625781,2.625781,0.0000e+00
dev-corpus-01,1750,783,0.000000e+00,236761,236761,3.504657,3.504657,0.0000e+00
dev-corpus-01,1751,99309,0.000000e+00,99309,99309,1.111183,1.111183,0.0000e+00
dev-corpus-01,1752,7078,0.000000e+00,7078,7078,0.000095,0.000095,0.0000e+00
dev-corpus-01,1753,815,0.000000e+00,236764,236764,11.086683,11.086683,0.0000e+00
dev-corpus-01,1754,1010,0.000000e+00,496,496,4.924813,4.924813,0.0000e+00
dev-corpus-01,1755,5483,0.000000e+00,4970,4970,7.154231,7.154231,0.0000e+00
dev-corpus-01,1756,531,0.000000e+00,531,531,0.040067,0.040067,0.0000e+00
dev-corpus-01,1757,914,0.000000e+00,914,914,0.132430,0.132430,0.0000e+00
dev-corpus-01,1758,6517,0.000000e+00,6517,6517,0.098229,0.098229,0.0000e+00
dev-corpus-01,1759,40626,0.000000e+00,981,981,7.436187,7.436187,0.0000e+00
dev-corpus-01,1760,1031,0.000000e+00,236764,236764,6.109372,6.109372,0.0000e+00
dev-corpus-01,1761,18868,0.000000e+00,532,532,22.394179,22.394179,0.0000e+00
dev-corpus-01,1762,3754,0.000000e+00,3754,3754,0.000029,0.000029,0.0000e+00
dev-corpus-01,1763,568,0.000000e+00,569,569,3.827210,3.827210,0.0000e+00
dev-corpus-01,1764,236743,0.000000e+00,236743,236743,0.562549,0.562549,0.0000e+00
dev-corpus-01,1765,236770,0.000000e+00,236778,236778,0.893141,0.893141,0.0000e+00
dev-corpus-01,1766,236819,0.000000e+00,236819,236819,0.000094,0.000094,0.0000e+00
dev-corpus-01,1767,236819,0.000000e+00,236819,236819,0.006981,0.006981,0.0000e+00
dev-corpus-01,1768,236812,0.000000e+00,236812,236812,0.565392,0.565392,0.0000e+00
dev-corpus-01,1769,1732,0.000000e+00,1732,1732,0.173521,0.173521,0.0000e+00
dev-corpus-01,1770,532,0.000000e+00,532,532,0.025357,0.025357,0.0000e+00
dev-corpus-01,1771,25328,0.000000e+00,2876,2876,6.987229,6.987229,0.0000e+00
dev-corpus-01,1772,168824,0.000000e+00,568,568,10.280842,10.280842,0.0000e+00
dev-corpus-01,1773,111340,0.000000e+00,111340,111340,0.034727,0.034727,0.0000e+00
dev-corpus-01,1774,568,0.000000e+00,568,568,0.000065,0.000065,0.0000e+00
dev-corpus-01,1775,236743,0.000000e+00,236743,236743,0.370479,0.370479,0.0000e+00
dev-corpus-01,1776,236770,0.000000e+00,236770,236770,0.009925,0.009925,0.0000e+00
dev-corpus-01,1777,236819,0.000000e+00,236819,236819,0.000035,0.000035,0.0000e+00
dev-corpus-01,1778,236819,0.000000e+00,236819,236819,0.000748,0.000748,0.0000e+00
dev-corpus-01,1779,236800,0.000000e+00,236832,236832,4.093333,4.093333,0.0000e+00
dev-corpus-01,1780,1732,0.000000e+00,1732,1732,0.538363,0.538363,0.0000e+00
dev-corpus-01,1781,783,0.000000e+00,573,573,4.688794,4.688794,0.0000e+00
dev-corpus-01,1782,236743,0.000000e+00,669,669,2.623642,2.623642,0.0000e+00
dev-corpus-01,1783,107,0.000000e+00,107,107,0.011535,0.011535,0.0000e+00
dev-corpus-01,1784,99309,0.000000e+00,818,818,7.523501,7.523501,0.0000e+00
dev-corpus-01,1785,7078,0.000000e+00,7078,7078,0.000015,0.000015,0.0000e+00
dev-corpus-01,1786,5452,0.000000e+00,563,563,7.367854,7.367854,0.0000e+00
dev-corpus-01,1787,1572,0.000000e+00,496,496,5.034034,5.034034,0.0000e+00
dev-corpus-01,1788,236804,0.000000e+00,236804,236804,0.000012,0.000012,0.0000e+00
dev-corpus-01,1789,4267,0.000000e+00,4267,4267,0.000001,0.000001,0.0000e+00
dev-corpus-01,1790,756,0.000000e+00,236789,236789,7.594731,7.594731,0.0000e+00
dev-corpus-01,1791,236751,0.000000e+00,236751,236751,0.019449,0.019449,0.0000e+00
dev-corpus-01,1792,10080,0.000000e+00,1171,1171,6.180195,6.180195,0.0000e+00
dev-corpus-01,1793,1548,0.000000e+00,8412,8412,5.662275,5.662275,0.0000e+00
dev-corpus-01,1794,1392,0.000000e+00,886,886,11.193654,11.193654,0.0000e+00
dev-corpus-01,1795,236772,0.000000e+00,236772,236772,0.002810,0.002810,0.0000e+00
dev-corpus-01,1796,236940,0.000000e+00,236940,236940,0.005379,0.005379,0.0000e+00
dev-corpus-01,1797,886,0.000000e+00,3161,3161,11.026285,11.026285,0.0000e+00
dev-corpus-01,1798,8412,0.000000e+00,236764,236764,7.794239,7.794239,0.0000e+00
dev-corpus-01,1799,580,0.000000e+00,236761,236761,7.297622,7.297622,0.0000e+00
dev-corpus-01,1800,506,0.000000e+00,236743,236743,1.353182,1.353182,0.0000e+00
dev-corpus-01,1801,72991,0.000000e+00,28494,28494,2.996675,2.996675,0.0000e+00
dev-corpus-01,1802,8231,0.000000e+00,236743,236743,2.599612,2.599612,0.0000e+00
dev-corpus-01,1803,16403,0.000000e+00,16403,16403,0.004777,0.004777,0.0000e+00
dev-corpus-01,1804,117210,0.000000e+00,117210,117210,0.001603,0.001603,0.0000e+00
dev-corpus-01,1805,1298,0.000000e+00,9535,9535,15.267712,15.267712,0.0000e+00
dev-corpus-01,1806,625,0.000000e+00,625,625,0.200895,0.200895,0.0000e+00
dev-corpus-01,1807,72000,0.000000e+00,90959,90959,2.080635,2.080635,0.0000e+00
dev-corpus-01,1808,573,0.000000e+00,657,657,10.560937,10.560937,0.0000e+00
dev-corpus-01,1809,506,0.000000e+00,506,506,0.351536,0.351536,0.0000e+00
dev-corpus-01,1810,2069,0.000000e+00,1171,1171,9.364047,9.364047,0.0000e+00
dev-corpus-01,1811,16548,0.000000e+00,529,529,0.792367,0.792367,0.0000e+00
dev-corpus-01,1812,236743,0.000000e+00,5857,5857,1.774831,1.774831,0.0000e+00
dev-corpus-01,1813,236778,0.000000e+00,236778,236778,0.598194,0.598194,0.0000e+00
dev-corpus-01,1814,236778,0.000000e+00,236819,236819,2.804509,2.804509,0.0000e+00
dev-corpus-01,1815,6198,0.000000e+00,5857,5857,1.706188,1.706188,0.0000e+00
dev-corpus-01,1816,236743,0.000000e+00,236743,236743,0.001553,0.001553,0.0000e+00
dev-corpus-01,1817,236778,0.000000e+00,236778,236778,0.000035,0.000035,0.0000e+00
dev-corpus-01,1818,236771,0.000000e+00,236771,236771,0.000138,0.000138,0.0000e+00
dev-corpus-01,1819,236770,0.000000e+00,236770,236770,0.000004,0.000004,0.0000e+00
dev-corpus-01,1820,236770,0.000000e+00,236770,236770,0.001028,0.001028,0.0000e+00
dev-corpus-01,1821,783,0.000000e+00,236761,236761,2.381892,2.381892,0.0000e+00
dev-corpus-01,1822,1701,0.000000e+00,669,669,7.242508,7.242508,0.0000e+00
dev-corpus-01,1823,59197,0.000000e+00,99309,99309,18.899334,18.899334,0.0000e+00
dev-corpus-01,1824,1908,0.000000e+00,5695,5695,12.329768,12.329768,0.0000e+00
dev-corpus-01,1825,1392,0.000000e+00,236772,236772,9.696538,9.696538,0.0000e+00
dev-corpus-01,1826,236772,0.000000e+00,236772,236772,0.001843,0.001843,0.0000e+00
dev-corpus-01,1827,236940,0.000000e+00,236940,236940,0.002013,0.002013,0.0000e+00
dev-corpus-01,1828,22592,0.000000e+00,22592,22592,0.511146,0.511146,0.0000e+00
dev-corpus-01,1829,5695,0.000000e+00,5695,5695,0.007902,0.007902,0.0000e+00
dev-corpus-01,1830,625,0.000000e+00,236764,236764,3.122360,3.122360,0.0000e+00
dev-corpus-01,1831,42093,0.000000e+00,12800,12800,2.699633,2.699633,0.0000e+00
dev-corpus-01,1832,506,0.000000e+00,506,506,0.005660,0.005660,0.0000e+00
dev-corpus-01,1833,16403,0.000000e+00,9535,9535,1.854478,1.854478,0.0000e+00
dev-corpus-01,1834,11400,0.000000e+00,117210,117210,1.856825,1.856825,0.0000e+00
dev-corpus-01,1835,117210,0.000000e+00,117210,117210,0.023504,0.023504,0.0000e+00
dev-corpus-01,1836,9535,0.000000e+00,9535,9535,0.094992,0.094992,0.0000e+00
dev-corpus-01,1837,1031,0.000000e+00,236761,236761,10.279268,10.279268,0.0000e+00
dev-corpus-01,1838,532,0.000000e+00,532,532,0.320936,0.320936,0.0000e+00
dev-corpus-01,1839,8452,0.000000e+00,625,625,3.065139,3.065139,0.0000e+00
dev-corpus-01,1840,1548,0.000000e+00,1548,1548,0.245756,0.245756,0.0000e+00
dev-corpus-01,1841,886,0.000000e+00,886,886,0.069405,0.069405,0.0000e+00
dev-corpus-01,1842,580,0.000000e+00,580,580,0.025990,0.025990,0.0000e+00
dev-corpus-01,1843,506,0.000000e+00,506,506,0.033180,0.033180,0.0000e+00
dev-corpus-01,1844,26135,0.000000e+00,72991,72991,8.864807,8.864807,0.0000e+00
dev-corpus-01,1845,117210,0.000000e+00,117210,117210,0.047289,0.047289,0.0000e+00
dev-corpus-01,1846,32269,0.000000e+00,9535,9535,4.313983,4.313983,0.0000e+00
dev-corpus-01,1847,783,0.000000e+00,236761,236761,3.480516,3.480516,0.0000e+00
dev-corpus-01,1848,1030,0.000000e+00,236743,236743,3.826941,3.826941,0.0000e+00
dev-corpus-01,1849,563,0.000000e+00,691,691,1.653651,1.653651,0.0000e+00
dev-corpus-01,1850,914,0.000000e+00,914,914,1.454174,1.454174,0.0000e+00
dev-corpus-01,1851,15778,0.000000e+00,1791,1791,7.600331,7.600331,0.0000e+00
dev-corpus-01,1852,22592,0.000000e+00,8412,8412,5.245292,5.245292,0.0000e+00
dev-corpus-01,1853,8412,0.000000e+00,16403,16403,1.437910,1.437910,0.0000e+00
dev-corpus-01,1854,531,0.000000e+00,531,531,0.024857,0.024857,0.0000e+00
dev-corpus-01,1855,9535,0.000000e+00,5370,5370,3.039407,3.039407,0.0000e+00
dev-corpus-01,1856,580,0.000000e+00,580,580,0.471272,0.471272,0.0000e+00
dev-corpus-01,1857,506,0.000000e+00,506,506,0.148916,0.148916,0.0000e+00
dev-corpus-01,1858,72991,0.000000e+00,72991,72991,0.138962,0.138962,0.0000e+00
dev-corpus-01,1859,236743,0.000000e+00,8231,8231,1.370208,1.370208,0.0000e+00
dev-corpus-01,1860,236778,0.000000e+00,236778,236778,0.002616,0.002616,0.0000e+00
dev-corpus-01,1861,236771,0.000000e+00,236771,236771,0.000032,0.000032,0.0000e+00
dev-corpus-01,1862,236771,0.000000e+00,236771,236771,0.000058,0.000058,0.0000e+00
dev-corpus-01,1863,568,0.000000e+00,236761,236761,6.812030,6.812030,0.0000e+00
dev-corpus-01,1864,17154,0.000000e+00,236743,236743,5.626376,5.626376,0.0000e+00
dev-corpus-01,1865,1548,0.000000e+00,1548,1548,0.318888,0.318888,0.0000e+00
dev-corpus-01,1866,41607,0.000000e+00,236743,236743,10.270491,10.270491,0.0000e+00
dev-corpus-01,1867,1392,0.000000e+00,236772,236772,13.268629,13.268629,0.0000e+00
dev-corpus-01,1868,236772,0.000000e+00,236772,236772,0.000421,0.000421,0.0000e+00
dev-corpus-01,1869,236940,0.000000e+00,236940,236940,0.003380,0.003380,0.0000e+00
dev-corpus-01,1870,3493,0.000000e+00,580,580,4.782785,4.782785,0.0000e+00
dev-corpus-01,1871,1732,0.000000e+00,769,769,11.601886,11.601886,0.0000e+00
dev-corpus-01,1872,1031,0.000000e+00,783,783,7.567494,7.567494,0.0000e+00
dev-corpus-01,1873,532,0.000000e+00,532,532,0.148992,0.148992,0.0000e+00
dev-corpus-01,1874,914,0.000000e+00,914,914,0.454795,0.454795,0.0000e+00
dev-corpus-01,1875,10080,0.000000e+00,4168,4168,1.692468,1.692468,0.0000e+00
dev-corpus-01,1876,8412,0.000000e+00,22592,22592,2.140492,2.140492,0.0000e+00
dev-corpus-01,1877,531,0.000000e+00,531,531,0.093959,0.093959,0.0000e+00
dev-corpus-01,1878,9535,0.000000e+00,9535,9535,0.736792,0.736792,0.0000e+00
dev-corpus-01,1879,528,0.000000e+00,580,580,2.200036,2.200036,0.0000e+00
dev-corpus-01,1880,14145,0.000000e+00,506,506,2.790974,2.790974,0.0000e+00
dev-corpus-01,1881,568,0.000000e+00,236761,236761,5.019706,5.019706,0.0000e+00
dev-corpus-01,1882,145739,0.000000e+00,17154,17154,7.681575,7.681575,0.0000e+00
dev-corpus-01,1883,657,0.000000e+00,657,657,0.003072,0.003072,0.0000e+00
dev-corpus-01,1884,1548,0.000000e+00,1548,1548,0.007007,0.007007,0.0000e+00
dev-corpus-01,1885,41607,0.000000e+00,12571,12571,4.506363,4.506363,0.0000e+00
dev-corpus-01,1886,1392,0.000000e+00,1392,1392,0.244935,0.244935,0.0000e+00
dev-corpus-01,1887,236772,0.000000e+00,236772,236772,0.000046,0.000046,0.0000e+00
dev-corpus-01,1888,236940,0.000000e+00,236940,236940,0.000079,0.000079,0.0000e+00
dev-corpus-01,1889,6589,0.000000e+00,3493,3493,2.352194,2.352194,0.0000e+00
dev-corpus-01,1890,1732,0.000000e+00,11108,11108,4.193364,4.193364,0.0000e+00
dev-corpus-01,1891,783,0.000000e+00,783,783,0.004352,0.004352,0.0000e+00
dev-corpus-01,1892,25298,0.000000e+00,107,107,15.411292,15.411292,0.0000e+00
dev-corpus-01,1893,886,0.000000e+00,506,506,7.593385,7.593385,0.0000e+00
dev-corpus-01,1894,2069,0.000000e+00,1051,1051,1.098790,1.098790,0.0000e+00
dev-corpus-01,1895,1308,0.000000e+00,529,529,6.866329,6.866329,0.0000e+00
dev-corpus-01,1896,1061,0.000000e+00,1061,1061,0.041719,0.041719,0.0000e+00
dev-corpus-01,1897,5588,0.000000e+00,5588,5588,0.001922,0.001922,0.0000e+00
dev-corpus-01,1898,99309,0.000000e+00,236764,236764,15.213772,15.213772,0.0000e+00
dev-corpus-01,1899,7078,0.000000e+00,7078,7078,0.001077,0.001077,0.0000e+00
dev-corpus-01,1900,691,0.000000e+00,691,691,1.195562,1.195562,0.0000e+00
dev-corpus-01,1901,19743,0.000000e+00,19743,19743,0.154890,0.154890,0.0000e+00
dev-corpus-01,1902,5122,0.000000e+00,7707,7707,5.539015,5.539015,0.0000e+00
dev-corpus-01,1903,528,0.000000e+00,684,684,0.792422,0.792422,0.0000e+00
dev-corpus-01,1904,27491,0.000000e+00,13251,13251,8.048699,8.048699,0.0000e+00
dev-corpus-01,1905,1031,0.000000e+00,532,532,6.291356,6.291356,0.0000e+00
dev-corpus-01,1906,506,0.000000e+00,532,532,8.374256,8.374256,0.0000e+00
dev-corpus-01,1907,3640,0.000000e+00,2269,2269,8.117982,8.117982,0.0000e+00
dev-corpus-01,1908,4184,0.000000e+00,4184,4184,0.002688,0.002688,0.0000e+00
dev-corpus-01,1909,532,0.000000e+00,236764,236764,2.804855,2.804855,0.0000e+00
dev-corpus-01,1910,13251,0.000000e+00,13251,13251,0.170454,0.170454,0.0000e+00
dev-corpus-01,1911,532,0.000000e+00,236761,236761,7.285220,7.285220,0.0000e+00
dev-corpus-01,1912,19743,0.000000e+00,691,691,5.533327,5.533327,0.0000e+00
dev-corpus-01,1913,45449,0.000000e+00,45449,45449,0.022388,0.022388,0.0000e+00
dev-corpus-01,1914,528,0.000000e+00,528,528,0.006360,0.006360,0.0000e+00
dev-corpus-01,1915,36723,0.000000e+00,27491,27491,6.079078,6.079078,0.0000e+00
dev-corpus-01,1916,532,0.000000e+00,236761,236761,3.855252,3.855252,0.0000e+00
dev-corpus-01,1917,24423,0.000000e+00,34877,34877,3.093653,3.093653,0.0000e+00
dev-corpus-01,1918,783,0.000000e+00,236761,236761,3.023988,3.023988,0.0000e+00
dev-corpus-01,1919,236743,0.000000e+00,236743,236743,0.534288,0.534288,0.0000e+00
dev-corpus-01,1920,107,0.000000e+00,107,107,0.056993,0.056993,0.0000e+00
dev-corpus-01,1921,22749,0.000000e+00,236743,236743,18.821819,18.821819,0.0000e+00
dev-corpus-01,1922,40903,0.000000e+00,40903,40903,0.192774,0.192774,0.0000e+00
dev-corpus-01,1923,735,0.000000e+00,964,964,3.558568,3.558568,0.0000e+00
dev-corpus-01,1924,1010,0.000000e+00,1010,1010,0.011390,0.011390,0.0000e+00
dev-corpus-01,1925,6811,0.000000e+00,6811,6811,0.001649,0.001649,0.0000e+00
dev-corpus-01,1926,699,0.000000e+00,699,699,0.022743,0.022743,0.0000e+00
dev-corpus-01,1927,506,0.000000e+00,506,506,0.088465,0.088465,0.0000e+00
dev-corpus-01,1928,8412,0.000000e+00,8412,8412,0.002225,0.002225,0.0000e+00
dev-corpus-01,1929,783,0.000000e+00,236764,236764,6.150269,6.150269,0.0000e+00
dev-corpus-01,1930,669,0.000000e+00,669,669,0.473106,0.473106,0.0000e+00
dev-corpus-01,1931,2080,0.000000e+00,2080,2080,0.902702,0.902702,0.0000e+00
dev-corpus-01,1932,3161,0.000000e+00,3161,3161,0.000397,0.000397,0.0000e+00
dev-corpus-01,1933,1031,0.000000e+00,563,563,10.614805,10.614805,0.0000e+00
dev-corpus-01,1934,623,0.000000e+00,623,623,0.021973,0.021973,0.0000e+00
dev-corpus-01,1935,2876,0.000000e+00,5191,5191,13.088576,13.088576,0.0000e+00
dev-corpus-01,1936,97192,0.000000e+00,97192,97192,1.323466,1.323466,0.0000e+00
dev-corpus-01,1937,623,0.000000e+00,236775,236775,8.182321,8.182321,0.0000e+00
dev-corpus-01,1938,1031,0.000000e+00,691,691,2.861907,2.861907,0.0000e+00
dev-corpus-01,1939,5452,0.000000e+00,691,691,4.952853,4.952853,0.0000e+00
dev-corpus-01,1940,496,0.000000e+00,496,496,0.014822,0.014822,0.0000e+00
dev-corpus-01,1941,6635,0.000000e+00,3262,3262,5.200185,5.200185,0.0000e+00
dev-corpus-01,1942,2630,0.000000e+00,2630,2630,0.119848,0.119848,0.0000e+00
dev-corpus-01,1943,528,0.000000e+00,532,532,6.112729,6.112729,0.0000e+00
dev-corpus-01,1944,3131,0.000000e+00,236743,236743,4.522735,4.522735,0.0000e+00
dev-corpus-01,1945,16403,0.000000e+00,16403,16403,0.304740,0.304740,0.0000e+00
dev-corpus-01,1946,3668,0.000000e+00,3668,3668,0.068374,0.068374,0.0000e+00
dev-corpus-01,1947,4808,0.000000e+00,4808,4808,0.136717,0.136717,0.0000e+00
dev-corpus-01,1948,532,0.000000e+00,236761,236761,2.851407,2.851407,0.0000e+00
dev-corpus-01,1949,691,0.000000e+00,691,691,0.522432,0.522432,0.0000e+00
dev-corpus-01,1950,1548,0.000000e+00,496,496,6.960377,6.960377,0.0000e+00
dev-corpus-01,1951,886,0.000000e+00,886,886,0.025652,0.025652,0.0000e+00
dev-corpus-01,1952,580,0.000000e+00,580,580,0.387675,0.387675,0.0000e+00
dev-corpus-01,1953,506,0.000000e+00,506,506,0.100399,0.100399,0.0000e+00
dev-corpus-01,1954,72991,0.000000e+00,16403,16403,2.180692,2.180692,0.0000e+00
dev-corpus-01,1955,16403,0.000000e+00,16403,16403,0.513103,0.513103,0.0000e+00
dev-corpus-01,1956,48420,0.000000e+00,48420,48420,0.103840,0.103840,0.0000e+00
dev-corpus-01,1957,532,0.000000e+00,9535,9535,9.780390,9.780390,0.0000e+00
dev-corpus-01,1958,16403,0.000000e+00,16403,16403,0.725185,0.725185,0.0000e+00
dev-corpus-01,1959,11400,0.000000e+00,11400,11400,0.287405,0.287405,0.0000e+00
dev-corpus-01,1960,48420,0.000000e+00,48420,48420,0.409131,0.409131,0.0000e+00
dev-corpus-01,1961,28494,0.000000e+00,28494,28494,0.114530,0.114530,0.0000e+00
dev-corpus-01,1962,783,0.000000e+00,236761,236761,4.439574,4.439574,0.0000e+00
dev-corpus-01,1963,1030,0.000000e+00,7067,7067,5.244807,5.244807,0.0000e+00
dev-corpus-01,1964,691,0.000000e+00,691,691,0.292006,0.292006,0.0000e+00
dev-corpus-01,1965,6641,0.000000e+00,992,992,6.637286,6.637286,0.0000e+00
dev-corpus-01,1966,684,0.000000e+00,684,684,0.000462,0.000462,0.0000e+00
dev-corpus-01,1967,623,0.000000e+00,623,623,0.095841,0.095841,0.0000e+00
dev-corpus-01,1968,25133,0.000000e+00,2774,2774,8.981880,8.981880,0.0000e+00
dev-corpus-01,1969,9925,0.000000e+00,1741,1741,9.255574,9.255574,0.0000e+00
dev-corpus-01,1970,147012,0.000000e+00,236775,236775,4.366266,4.366266,0.0000e+00
dev-corpus-01,1971,623,0.000000e+00,236775,236775,2.358938,2.358938,0.0000e+00
dev-corpus-01,1972,568,0.000000e+00,532,532,6.854153,6.854153,0.0000e+00
dev-corpus-01,1973,18482,0.000000e+00,236778,236778,8.069166,8.069166,0.0000e+00
dev-corpus-01,1974,667,0.000000e+00,77817,77817,6.207085,6.207085,0.0000e+00
dev-corpus-01,1975,5316,0.000000e+00,5316,5316,0.392658,0.392658,0.0000e+00
dev-corpus-01,1976,76530,0.000000e+00,76530,76530,0.378783,0.378783,0.0000e+00
dev-corpus-01,1977,1732,0.000000e+00,236768,236768,1.337035,1.337035,0.0000e+00
dev-corpus-01,1978,1031,0.000000e+00,532,532,2.494754,2.494754,0.0000e+00
dev-corpus-01,1979,837,0.000000e+00,532,532,1.730884,1.730884,0.0000e+00
dev-corpus-01,1980,8452,0.000000e+00,992,992,6.894725,6.894725,0.0000e+00
dev-corpus-01,1981,1548,0.000000e+00,1548,1548,0.109792,0.109792,0.0000e+00
dev-corpus-01,1982,886,0.000000e+00,886,886,0.108926,0.108926,0.0000e+00
dev-corpus-01,1983,580,0.000000e+00,580,580,0.656307,0.656307,0.0000e+00
dev-corpus-01,1984,506,0.000000e+00,506,506,0.083847,0.083847,0.0000e+00
dev-corpus-01,1985,16403,0.000000e+00,72991,72991,1.086592,1.086592,0.0000e+00
dev-corpus-01,1986,11400,0.000000e+00,11400,11400,0.028995,0.028995,0.0000e+00
dev-corpus-01,1987,48420,0.000000e+00,48420,48420,0.047956,0.047956,0.0000e+00
dev-corpus-01,1988,1031,0.000000e+00,9535,9535,16.002107,16.002107,0.0000e+00
dev-corpus-01,1989,1548,0.000000e+00,532,532,8.237897,8.237897,0.0000e+00
dev-corpus-01,1990,1156,0.000000e+00,1156,1156,0.894175,0.894175,0.0000e+00
dev-corpus-01,1991,580,0.000000e+00,580,580,0.003477,0.003477,0.0000e+00
dev-corpus-01,1992,506,0.000000e+00,506,506,0.038857,0.038857,0.0000e+00
dev-corpus-01,1993,16403,0.000000e+00,72991,72991,0.933613,0.933613,0.0000e+00
dev-corpus-01,1994,48420,0.000000e+00,11400,11400,2.298819,2.298819,0.0000e+00
dev-corpus-01,1995,28494,0.000000e+00,28494,28494,0.759602,0.759602,0.0000e+00
dev-corpus-01,1996,532,0.000000e+00,236764,236764,2.177983,2.177983,0.0000e+00
dev-corpus-01,1997,42093,0.000000e+00,1548,1548,3.979290,3.979290,0.0000e+00
dev-corpus-01,1998,3131,0.000000e+00,506,506,9.647308,9.647308,0.0000e+00
dev-corpus-01,1999,1032,0.000000e+00,10969,10969,4.347999,4.347999,0.0000e+00
dev-corpus-01,2000,4559,0.000000e+00,28494,28494,3.507629,3.507629,0.0000e+00
dev-corpus-01,2001,28494,0.000000e+00,28494,28494,0.008467,0.008467,0.0000e+00
dev-corpus-01,2002,783,0.000000e+00,236761,236761,3.664251,3.664251,0.0000e+00
dev-corpus-01,2003,623,0.000000e+00,12023,12023,2.830273,2.830273,0.0000e+00
dev-corpus-01,2004,14402,0.000000e+00,2774,2774,4.152437,4.152437,0.0000e+00
dev-corpus-01,2005,8934,0.000000e+00,77702,77702,9.055649,9.055649,0.0000e+00
dev-corpus-01,2006,722,0.000000e+00,722,722,0.001961,0.001961,0.0000e+00
dev-corpus-01,2007,1339,0.000000e+00,236775,236775,6.070568,6.070568,0.0000e+00
dev-corpus-01,2008,3060,0.000000e+00,69610,69610,6.589261,6.589261,0.0000e+00
dev-corpus-01,2009,81790,0.000000e+00,69610,69610,9.232714,9.232714,0.0000e+00
dev-corpus-01,2010,593,0.000000e+00,895,895,10.520347,10.520347,0.0000e+00
dev-corpus-01,2011,9487,0.000000e+00,9487,9487,0.095347,0.095347,0.0000e+00
dev-corpus-01,2012,4362,0.000000e+00,4362,4362,0.000004,0.000004,0.0000e+00
dev-corpus-01,2013,55620,0.000000e+00,55620,55620,0.054742,0.054742,0.0000e+00
dev-corpus-01,2014,2489,0.000000e+00,2489,2489,0.000008,0.000008,0.0000e+00
dev-corpus-01,2015,623,0.000000e+00,236775,236775,1.132158,1.132158,0.0000e+00
dev-corpus-01,2016,691,0.000000e+00,568,568,1.764610,1.764610,0.0000e+00
dev-corpus-01,2017,6811,0.000000e+00,992,992,5.570110,5.570110,0.0000e+00
dev-corpus-01,2018,528,0.000000e+00,3209,3209,2.975902,2.975902,0.0000e+00
dev-corpus-01,2019,3353,0.000000e+00,236743,236743,4.936619,4.936619,0.0000e+00
dev-corpus-01,2020,236743,0.000000e+00,236743,236743,0.128544,0.128544,0.0000e+00
dev-corpus-01,2021,236778,0.000000e+00,236778,236778,0.000032,0.000032,0.0000e+00
dev-corpus-01,2022,236771,0.000000e+00,236771,236771,0.000023,0.000023,0.0000e+00
dev-corpus-01,2023,236770,0.000000e+00,236770,236770,0.000929,0.000929,0.0000e+00
dev-corpus-01,2024,236778,0.000000e+00,236778,236778,0.072766,0.072766,0.0000e+00
dev-corpus-01,2025,2895,0.000000e+00,532,532,12.416494,12.416494,0.0000e+00
dev-corpus-01,2026,623,0.000000e+00,623,623,0.042326,0.042326,0.0000e+00
dev-corpus-01,2027,2474,0.000000e+00,4976,4976,4.712426,4.712426,0.0000e+00
dev-corpus-01,2028,186289,0.000000e+00,186289,186289,0.702857,0.702857,0.0000e+00
dev-corpus-01,2029,623,0.000000e+00,236775,236775,4.429743,4.429743,0.0000e+00
dev-corpus-01,2030,528,0.000000e+00,568,568,5.214770,5.214770,0.0000e+00
dev-corpus-01,2031,5505,0.000000e+00,236743,236743,3.648319,3.648319,0.0000e+00
dev-corpus-01,2032,236743,0.000000e+00,236743,236743,0.001111,0.001111,0.0000e+00
dev-corpus-01,2033,236778,0.000000e+00,236778,236778,0.000004,0.000004,0.0000e+00
dev-corpus-01,2034,236771,0.000000e+00,236771,236771,0.000017,0.000017,0.0000e+00
dev-corpus-01,2035,236770,0.000000e+00,236770,236770,0.000013,0.000013,0.0000e+00
dev-corpus-01,2036,236778,0.000000e+00,236778,236778,0.008573,0.008573,0.0000e+00
dev-corpus-01,2037,1031,0.000000e+00,236793,236793,3.525989,3.525989,0.0000e+00
dev-corpus-01,2038,532,0.000000e+00,532,532,0.007797,0.007797,0.0000e+00
dev-corpus-01,2039,623,0.000000e+00,623,623,0.001215,0.001215,0.0000e+00
dev-corpus-01,2040,7072,0.000000e+00,2876,2876,4.636908,4.636908,0.0000e+00
dev-corpus-01,2041,17206,0.000000e+00,147012,147012,4.153898,4.153898,0.0000e+00
dev-corpus-01,2042,2301,0.000000e+00,782,782,1.813538,1.813538,0.0000e+00
dev-corpus-01,2043,99064,0.000000e+00,4892,4892,16.040961,16.040961,0.0000e+00
dev-corpus-01,2044,101060,0.000000e+00,507,507,3.199849,3.199849,0.0000e+00
dev-corpus-01,2045,623,0.000000e+00,623,623,0.530417,0.530417,0.0000e+00
dev-corpus-01,2046,528,0.000000e+00,528,528,0.040572,0.040572,0.0000e+00
dev-corpus-01,2047,6243,0.000000e+00,236743,236743,2.543802,2.543802,0.0000e+00
dev-corpus-02,2048,9115,0.000000e+00,578,578,27.362661,27.362661,0.0000e+00
dev-corpus-02,2049,9250,0.000000e+00,13959,13959,14.891199,14.891199,0.0000e+00
dev-corpus-02,2050,90890,0.000000e+00,1979,1979,20.832955,20.832955,0.0000e+00
dev-corpus-02,2051,564,0.000000e+00,236772,236772,7.817390,7.817390,0.0000e+00
dev-corpus-02,2052,60872,0.000000e+00,568,568,13.501229,13.501229,0.0000e+00
dev-corpus-02,2053,578,0.000000e+00,236761,236761,10.096509,10.096509,0.0000e+00
dev-corpus-02,2054,236743,0.000000e+00,9115,9115,3.483347,3.483347,0.0000e+00
dev-corpus-02,2055,107,0.000000e+00,236770,236770,3.995284,3.995284,0.0000e+00
dev-corpus-02,2056,236743,0.000000e+00,2717,2717,4.643772,4.643772,0.0000e+00
dev-corpus-02,2057,107,0.000000e+00,107,107,0.037002,0.037002,0.0000e+00
dev-corpus-02,2058,669,0.000000e+00,1018,1018,8.494293,8.494293,0.0000e+00
dev-corpus-02,2059,9250,0.000000e+00,90890,90890,1.926079,1.926079,0.0000e+00
dev-corpus-02,2060,90890,0.000000e+00,90890,90890,0.003520,0.003520,0.0000e+00
dev-corpus-02,2061,564,0.000000e+00,564,564,0.001727,0.001727,0.0000e+00
dev-corpus-02,2062,691,0.000000e+00,60872,60872,0.962109,0.962109,0.0000e+00
dev-corpus-02,2063,496,0.000000e+00,496,496,0.120595,0.120595,0.0000e+00
dev-corpus-02,2064,1012,0.000000e+00,1944,1944,9.968951,9.968951,0.0000e+00
dev-corpus-02,2065,529,0.000000e+00,529,529,0.000318,0.000318,0.0000e+00
dev-corpus-02,2066,1944,0.000000e+00,1944,1944,0.802195,0.802195,0.0000e+00
dev-corpus-02,2067,25260,0.000000e+00,236764,236764,1.619438,1.619438,0.0000e+00
dev-corpus-02,2068,112098,0.000000e+00,112098,112098,0.303587,0.303587,0.0000e+00
dev-corpus-02,2069,568,0.000000e+00,1456,1456,7.491088,7.491088,0.0000e+00
dev-corpus-02,2070,749,0.000000e+00,236836,236836,13.480973,13.480973,0.0000e+00
dev-corpus-02,2071,1392,0.000000e+00,236772,236772,25.161126,25.161126,0.0000e+00
dev-corpus-02,2072,236772,0.000000e+00,236743,236743,6.683903,6.683903,0.0000e+00
dev-corpus-02,2073,236940,0.000000e+00,57876,57876,7.548929,7.548929,0.0000e+00
dev-corpus-02,2074,20896,0.000000e+00,236768,236768,6.371211,6.371211,0.0000e+00
dev-corpus-02,2075,1732,0.000000e+00,236768,236768,7.354342,7.354342,0.0000e+00
dev-corpus-02,2076,5284,0.000000e+00,5535,5535,2.542458,2.542458,0.0000e+00
dev-corpus-02,2077,528,0.000000e+00,684,684,3.302703,3.302703,0.0000e+00
dev-corpus-02,2078,9405,0.000000e+00,9405,9405,0.043055,0.043055,0.0000e+00
dev-corpus-02,2079,657,0.000000e+00,1913,1913,7.313479,7.313479,0.0000e+00
dev-corpus-02,2080,506,0.000000e+00,506,506,0.004065,0.004065,0.0000e+00
dev-corpus-02,2081,6534,0.000000e+00,2490,2490,1.145211,1.145211,0.0000e+00
dev-corpus-02,2082,529,0.000000e+00,529,529,0.000056,0.000056,0.0000e+00
dev-corpus-02,2083,506,0.000000e+00,4109,4109,4.496510,4.496510,0.0000e+00
dev-corpus-02,2084,5315,0.000000e+00,5315,5315,0.132459,0.132459,0.0000e+00
dev-corpus-02,2085,4109,0.000000e+00,4109,4109,0.000184,0.000184,0.0000e+00
dev-corpus-02,2086,5289,0.000000e+00,5289,5289,0.000037,0.000037,0.0000e+00
dev-corpus-02,2087,783,0.000000e+00,236761,236761,8.240319,8.240319,0.0000e+00
dev-corpus-02,2088,236743,0.000000e+00,2195,2195,4.018609,4.018609,0.0000e+00
dev-corpus-02,2089,236778,0.000000e+00,107,107,9.831825,9.831825,0.0000e+00
dev-corpus-02,2090,236771,0.000000e+00,236761,236761,5.290529,5.290529,0.0000e+00
dev-corpus-02,2091,20896,0.000000e+00,236771,236771,8.716438,8.716438,0.0000e+00
dev-corpus-02,2092,964,0.000000e+00,964,964,0.280653,0.280653,0.0000e+00
dev-corpus-02,2093,14494,0.000000e+00,5284,5284,1.358770,1.358770,0.0000e+00
dev-corpus-02,2094,1031,0.000000e+00,236764,236764,11.263067,11.263067,0.0000e+00
dev-corpus-02,2095,1346,0.000000e+00,532,532,6.163757,6.163757,0.0000e+00
dev-corpus-02,2096,529,0.000000e+00,529,529,0.395288,0.395288,0.0000e+00
dev-corpus-02,2097,837,0.000000e+00,1091,1091,1.253926,1.253926,0.0000e+00
dev-corpus-02,2098,3939,0.000000e+00,964,964,7.928066,7.928066,0.0000e+00
dev-corpus-02,2099,1131,0.000000e+00,1131,1131,0.608024,0.608024,0.0000e+00
dev-corpus-02,2100,2509,0.000000e+00,2509,2509,0.023612,0.023612,0.0000e+00
dev-corpus-02,2101,607,0.000000e+00,1913,1913,1.977015,1.977015,0.0000e+00
dev-corpus-02,2102,506,0.000000e+00,506,506,0.004425,0.004425,0.0000e+00
dev-corpus-02,2103,9115,0.000000e+00,37011,37011,1.951770,1.951770,0.0000e+00
dev-corpus-02,2104,37011,0.000000e+00,37011,37011,0.146255,0.146255,0.0000e+00
dev-corpus-02,2105,22577,0.000000e+00,22577,22577,0.000364,0.000364,0.0000e+00
dev-corpus-02,2106,783,0.000000e+00,236761,236761,3.150084,3.150084,0.0000e+00
dev-corpus-02,2107,100217,0.000000e+00,3143,3143,13.964990,13.964990,0.0000e+00
dev-corpus-02,2108,529,0.000000e+00,964,964,2.848208,2.848208,0.0000e+00
dev-corpus-02,2109,672,0.000000e+00,672,672,0.099948,0.099948,0.0000e+00
dev-corpus-02,2110,1702,0.000000e+00,1012,1012,4.621436,4.621436,0.0000e+00
dev-corpus-02,2111,964,0.000000e+00,964,964,0.050905,0.050905,0.0000e+00
dev-corpus-02,2112,992,0.000000e+00,13336,13336,11.570692,11.570692,0.0000e+00
dev-corpus-02,2113,17557,0.000000e+00,1456,1456,5.807560,5.807560,0.0000e+00
dev-corpus-02,2114,684,0.000000e+00,684,684,0.012681,0.012681,0.0000e+00
dev-corpus-02,2115,506,0.000000e+00,506,506,0.247244,0.247244,0.0000e+00
dev-corpus-02,2116,224109,0.000000e+00,9115,9115,4.010452,4.010452,0.0000e+00
dev-corpus-02,2117,1392,0.000000e+00,236772,236772,24.996426,24.996426,0.0000e+00
dev-corpus-02,2118,236772,0.000000e+00,236772,236772,0.027140,0.027140,0.0000e+00
dev-corpus-02,2119,236940,0.000000e+00,236940,236940,0.017797,0.017797,0.0000e+00
dev-corpus-02,2120,54930,0.000000e+00,22577,22577,16.844445,16.844445,0.0000e+00
dev-corpus-02,2121,22577,0.000000e+00,22577,22577,0.080528,0.080528,0.0000e+00
dev-corpus-02,2122,568,0.000000e+00,236761,236761,4.906868,4.906868,0.0000e+00
dev-corpus-02,2123,64318,0.000000e+00,751,751,7.633263,7.633263,0.0000e+00
dev-corpus-02,2124,9561,0.000000e+00,9561,9561,0.316185,0.316185,0.0000e+00
dev-corpus-02,2125,941,0.000000e+00,941,941,0.002781,0.002781,0.0000e+00
dev-corpus-02,2126,69055,0.000000e+00,69055,69055,0.050412,0.050412,0.0000e+00
dev-corpus-02,2127,9561,0.000000e+00,9561,9561,0.000372,0.000372,0.0000e+00
dev-corpus-02,2128,187883,0.000000e+00,187883,187883,0.049834,0.049834,0.0000e+00
dev-corpus-02,2129,34736,0.000000e+00,34736,34736,0.000016,0.000016,0.0000e+00
dev-corpus-02,2130,653,0.000000e+00,236768,236768,7.938510,7.938510,0.0000e+00
dev-corpus-02,2131,751,0.000000e+00,749,749,1.730583,1.730583,0.0000e+00
dev-corpus-02,2132,236761,0.000000e+00,236761,236761,0.011827,0.011827,0.0000e+00
dev-corpus-02,2133,236756,0.000000e+00,236756,236756,0.017318,0.017318,0.0000e+00
dev-corpus-02,2134,236761,0.000000e+00,236761,236761,0.000014,0.000014,0.0000e+00
dev-corpus-02,2135,236855,0.000000e+00,236855,236855,0.046772,0.046772,0.0000e+00
dev-corpus-02,2136,236761,0.000000e+00,236761,236761,0.021189,0.021189,0.0000e+00
dev-corpus-02,2137,187883,0.000000e+00,187883,187883,0.043435,0.043435,0.0000e+00
dev-corpus-02,2138,34736,0.000000e+00,34736,34736,0.000001,0.000001,0.0000e+00
dev-corpus-02,2139,1732,0.000000e+00,236768,236768,4.678498,4.678498,0.0000e+00
dev-corpus-02,2140,532,0.000000e+00,783,783,3.819084,3.819084,0.0000e+00
dev-corpus-02,2141,506,0.000000e+00,964,964,2.364761,2.364761,0.0000e+00
dev-corpus-02,2142,84172,0.000000e+00,224109,224109,6.144394,6.144394,0.0000e+00
dev-corpus-02,2143,22577,0.000000e+00,22577,22577,0.026728,0.026728,0.0000e+00
dev-corpus-02,2144,783,0.000000e+00,236761,236761,3.081349,3.081349,0.0000e+00
dev-corpus-02,2145,669,0.000000e+00,107,107,3.059716,3.059716,0.0000e+00
dev-corpus-02,2146,2299,0.000000e+00,9250,9250,13.052011,13.052011,0.0000e+00
dev-corpus-02,2147,563,0.000000e+00,529,529,4.051039,4.051039,0.0000e+00
dev-corpus-02,2148,6494,0.000000e+00,24786,24786,2.709981,2.709981,0.0000e+00
dev-corpus-02,2149,3224,0.000000e+00,11081,11081,5.460394,5.460394,0.0000e+00
dev-corpus-02,2150,618,0.000000e+00,618,618,0.325485,0.325485,0.0000e+00
dev-corpus-02,2151,506,0.000000e+00,506,506,0.290737,0.290737,0.0000e+00
dev-corpus-02,2152,90890,0.000000e+00,90890,90890,0.916441,0.916441,0.0000e+00
dev-corpus-02,2153,1392,0.000000e+00,564,564,12.730288,12.730288,0.0000e+00
dev-corpus-02,2154,236772,0.000000e+00,236772,236772,0.012302,0.012302,0.0000e+00
dev-corpus-02,2155,236940,0.000000e+00,236940,236940,0.015406,0.015406,0.0000e+00
dev-corpus-02,2156,236743,0.000000e+00,1012,1012,8.077059,8.077059,0.0000e+00
dev-corpus-02,2157,236770,0.000000e+00,236770,236770,0.028565,0.028565,0.0000e+00
dev-corpus-02,2158,1012,0.000000e+00,1012,1012,0.242430,0.242430,0.0000e+00
dev-corpus-02,2159,1308,0.000000e+00,236761,236761,11.651176,11.651176,0.0000e+00
dev-corpus-02,2160,15233,0.000000e+00,506,506,16.491998,16.491998,0.0000e+00
dev-corpus-02,2161,90890,0.000000e+00,749,749,10.041905,10.041905,0.0000e+00
dev-corpus-02,2162,1392,0.000000e+00,564,564,6.251297,6.251297,0.0000e+00
dev-corpus-02,2163,236772,0.000000e+00,236772,236772,0.004285,0.004285,0.0000e+00
dev-corpus-02,2164,236940,0.000000e+00,236940,236940,0.010330,0.010330,0.0000e+00
dev-corpus-02,2165,236743,0.000000e+00,236743,236743,0.020325,0.020325,0.0000e+00
dev-corpus-02,2166,236770,0.000000e+00,236770,236770,0.010019,0.010019,0.0000e+00
dev-corpus-02,2167,1031,0.000000e+00,236761,236761,7.514980,7.514980,0.0000e+00
dev-corpus-02,2168,506,0.000000e+00,506,506,0.355169,0.355169,0.0000e+00
dev-corpus-02,2169,1012,0.000000e+00,2080,2080,4.379941,4.379941,0.0000e+00
dev-corpus-02,2170,8575,0.000000e+00,236789,236789,2.039867,2.039867,0.0000e+00
dev-corpus-02,2171,783,0.000000e+00,236761,236761,4.510507,4.510507,0.0000e+00
dev-corpus-02,2172,799,0.000000e+00,3143,3143,4.597254,4.597254,0.0000e+00
dev-corpus-02,2173,506,0.000000e+00,506,506,1.471929,1.471929,0.0000e+00
dev-corpus-02,2174,224109,0.000000e+00,4403,4403,9.238925,9.238925,0.0000e+00
dev-corpus-02,2175,1392,0.000000e+00,236772,236772,3.331095,3.331095,0.0000e+00
dev-corpus-02,2176,236772,0.000000e+00,236772,236772,0.002519,0.002519,0.0000e+00
dev-corpus-02,2177,236940,0.000000e+00,236940,236940,0.000994,0.000994,0.0000e+00
dev-corpus-02,2178,54930,0.000000e+00,54930,54930,0.001534,0.001534,0.0000e+00
dev-corpus-02,2179,22577,0.000000e+00,22577,22577,0.159628,0.159628,0.0000e+00
dev-corpus-02,2180,1031,0.000000e+00,236764,236764,9.998451,9.998451,0.0000e+00
dev-corpus-02,2181,625,0.000000e+00,901,901,4.538591,4.538591,0.0000e+00
dev-corpus-02,2182,691,0.000000e+00,691,691,0.059295,0.059295,0.0000e+00
dev-corpus-02,2183,2760,0.000000e+00,3224,3224,6.378332,6.378332,0.0000e+00
dev-corpus-02,2184,506,0.000000e+00,506,506,0.183656,0.183656,0.0000e+00
dev-corpus-02,2185,749,0.000000e+00,90890,90890,1.599040,1.599040,0.0000e+00
dev-corpus-02,2186,1392,0.000000e+00,236772,236772,1.320532,1.320532,0.0000e+00
dev-corpus-02,2187,236772,0.000000e+00,236772,236772,0.002635,0.002635,0.0000e+00
dev-corpus-02,2188,236940,0.000000e+00,236940,236940,0.010240,0.010240,0.0000e+00
dev-corpus-02,2189,236743,0.000000e+00,236743,236743,0.460215,0.460215,0.0000e+00
dev-corpus-02,2190,236770,0.000000e+00,236770,236770,0.044726,0.044726,0.0000e+00
dev-corpus-02,2191,236771,0.000000e+00,1012,1012,7.781636,7.781636,0.0000e+00
dev-corpus-02,2192,1012,0.000000e+00,1012,1012,0.042635,0.042635,0.0000e+00
dev-corpus-02,2193,783,0.000000e+00,236761,236761,3.403708,3.403708,0.0000e+00
dev-corpus-02,2194,236743,0.000000e+00,107,107,2.650383,2.650383,0.0000e+00
dev-corpus-02,2195,107,0.000000e+00,107,107,0.452934,0.452934,0.0000e+00
dev-corpus-02,2196,44653,0.000000e+00,236743,236743,19.329373,19.329373,0.0000e+00
dev-corpus-02,2197,531,0.000000e+00,528,528,3.460017,3.460017,0.0000e+00
dev-corpus-02,2198,2874,0.000000e+00,12833,12833,3.908795,3.908795,0.0000e+00
dev-corpus-02,2199,506,0.000000e+00,506,506,0.110972,0.110972,0.0000e+00
dev-corpus-02,2200,1202,0.000000e+00,3548,3548,5.573634,5.573634,0.0000e+00
dev-corpus-02,2201,573,0.000000e+00,573,573,0.004624,0.004624,0.0000e+00
dev-corpus-02,2202,1944,0.000000e+00,25260,25260,2.610233,2.610233,0.0000e+00
dev-corpus-02,2203,59438,0.000000e+00,236764,236764,13.163203,13.163203,0.0000e+00
dev-corpus-02,2204,742,0.000000e+00,742,742,0.000036,0.000036,0.0000e+00
dev-corpus-02,2205,112098,0.000000e+00,112098,112098,0.691501,0.691501,0.0000e+00
dev-corpus-02,2206,2735,0.000000e+00,573,573,9.026065,9.026065,0.0000e+00
dev-corpus-02,2207,531,0.000000e+00,531,531,0.000022,0.000022,0.0000e+00
dev-corpus-02,2208,12833,0.000000e+00,12833,12833,0.389155,0.389155,0.0000e+00
dev-corpus-02,2209,528,0.000000e+00,3107,3107,1.160523,1.160523,0.0000e+00
dev-corpus-02,2210,506,0.000000e+00,25260,25260,1.397596,1.397596,0.0000e+00
dev-corpus-02,2211,12019,0.000000e+00,25260,25260,4.397626,4.397626,0.0000e+00
dev-corpus-02,2212,1031,0.000000e+00,25260,25260,17.258962,17.258962,0.0000e+00
dev-corpus-02,2213,28855,0.000000e+00,25260,25260,1.350744,1.350744,0.0000e+00
dev-corpus-02,2214,43361,0.000000e+00,25260,25260,6.303380,6.303380,0.0000e+00
dev-corpus-02,2215,1135,0.000000e+00,529,529,5.492949,5.492949,0.0000e+00
dev-corpus-02,2216,143325,0.000000e+00,506,506,12.297998,12.297998,0.0000e+00
dev-corpus-02,2217,1031,0.000000e+00,532,532,9.215796,9.215796,0.0000e+00
dev-corpus-02,2218,506,0.000000e+00,506,506,0.135842,0.135842,0.0000e+00
dev-corpus-02,2219,17735,0.000000e+00,90890,90890,6.418608,6.418608,0.0000e+00
dev-corpus-02,2220,964,0.000000e+00,964,964,0.050564,0.050564,0.0000e+00
dev-corpus-02,2221,10518,0.000000e+00,5402,5402,5.485928,5.485928,0.0000e+00
dev-corpus-02,2222,531,0.000000e+00,573,573,3.824767,3.824767,0.0000e+00
dev-corpus-02,2223,577,0.000000e+00,577,577,1.201660,1.201660,0.0000e+00
dev-corpus-02,2224,6077,0.000000e+00,25260,25260,7.946100,7.946100,0.0000e+00
dev-corpus-02,2225,14494,0.000000e+00,29866,29866,4.627271,4.627271,0.0000e+00
dev-corpus-02,2226,1031,0.000000e+00,532,532,14.671462,14.671462,0.0000e+00
dev-corpus-02,2227,1299,0.000000e+00,3606,3606,11.171426,11.171426,0.0000e+00
dev-corpus-02,2228,29446,0.000000e+00,29866,29866,11.597971,11.597971,0.0000e+00
dev-corpus-02,2229,684,0.000000e+00,531,531,6.754250,6.754250,0.0000e+00
dev-corpus-02,2230,9459,0.000000e+00,9459,9459,0.205226,0.205226,0.0000e+00
dev-corpus-02,2231,532,0.000000e+00,531,531,1.589840,1.589840,0.0000e+00
dev-corpus-02,2232,32126,0.000000e+00,36486,36486,2.307247,2.307247,0.0000e+00
dev-corpus-02,2233,657,0.000000e+00,573,573,1.936133,1.936133,0.0000e+00
dev-corpus-02,2234,910,0.000000e+00,25260,25260,7.203689,7.203689,0.0000e+00
dev-corpus-02,2235,2411,0.000000e+00,17934,17934,9.651776,9.651776,0.0000e+00
dev-corpus-02,2236,529,0.000000e+00,529,529,0.134229,0.134229,0.0000e+00
dev-corpus-02,2237,5585,0.000000e+00,29436,29436,1.934648,1.934648,0.0000e+00
dev-corpus-02,2238,783,0.000000e+00,236761,236761,3.870938,3.870938,0.0000e+00
dev-corpus-02,2239,669,0.000000e+00,9963,9963,2.004086,2.004086,0.0000e+00
dev-corpus-02,2240,1702,0.000000e+00,1702,1702,0.916404,0.916404,0.0000e+00
dev-corpus-02,2241,4514,0.000000e+00,35630,35630,13.749846,13.749846,0.0000e+00
dev-corpus-02,2242,6074,0.000000e+00,10317,10317,7.740546,7.740546,0.0000e+00
dev-corpus-02,2243,528,0.000000e+00,528,528,0.210319,0.210319,0.0000e+00
dev-corpus-02,2244,5453,0.000000e+00,236743,236743,7.670203,7.670203,0.0000e+00
dev-corpus-02,2245,1392,0.000000e+00,236772,236772,20.276769,20.276769,0.0000e+00
dev-corpus-02,2246,236772,0.000000e+00,236772,236772,0.020226,0.020226,0.0000e+00
dev-corpus-02,2247,236940,0.000000e+00,236940,236940,0.010953,0.010953,0.0000e+00
dev-corpus-02,2248,5729,0.000000e+00,532,532,15.014085,15.014085,0.0000e+00
dev-corpus-02,2249,236743,0.000000e+00,236743,236743,0.041013,0.041013,0.0000e+00
dev-corpus-02,2250,236770,0.000000e+00,236770,236770,0.000401,0.000401,0.0000e+00
dev-corpus-02,2251,236819,0.000000e+00,236819,236819,0.000266,0.000266,0.0000e+00
dev-corpus-02,2252,236770,0.000000e+00,236770,236770,0.002449,0.002449,0.0000e+00
dev-corpus-02,2253,236812,0.000000e+00,236812,236812,0.052180,0.052180,0.0000e+00
dev-corpus-02,2254,532,0.000000e+00,236761,236761,3.498483,3.498483,0.0000e+00
dev-corpus-02,2255,684,0.000000e+00,506,506,8.655703,8.655703,0.0000e+00
dev-corpus-02,2256,5453,0.000000e+00,506,506,3.531803,3.531803,0.0000e+00
dev-corpus-02,2257,1392,0.000000e+00,236772,236772,1.269968,1.269968,0.0000e+00
dev-corpus-02,2258,236772,0.000000e+00,236772,236772,0.000967,0.000967,0.0000e+00
dev-corpus-02,2259,236940,0.000000e+00,236940,236940,0.001261,0.001261,0.0000e+00
dev-corpus-02,2260,6198,0.000000e+00,6198,6198,0.757650,0.757650,0.0000e+00
dev-corpus-02,2261,506,0.000000e+00,236743,236743,6.146909,6.146909,0.0000e+00
dev-corpus-02,2262,1171,0.000000e+00,1171,1171,0.022738,0.022738,0.0000e+00
dev-corpus-02,2263,236743,0.000000e+00,20896,20896,8.967204,8.967204,0.0000e+00
dev-corpus-02,2264,236770,0.000000e+00,236770,236770,0.436956,0.436956,0.0000e+00
dev-corpus-02,2265,236810,0.000000e+00,236771,236771,3.439472,3.439472,0.0000e+00
dev-corpus-02,2266,20896,0.000000e+00,20896,20896,1.246492,1.246492,0.0000e+00
dev-corpus-02,2267,964,0.000000e+00,964,964,0.014219,0.014219,0.0000e+00
dev-corpus-02,2268,11496,0.000000e+00,5508,5508,6.620235,6.620235,0.0000e+00
dev-corpus-02,2269,699,0.000000e+00,236761,236761,4.105033,4.105033,0.0000e+00
dev-corpus-02,2270,1156,0.000000e+00,3572,3572,6.070502,6.070502,0.0000e+00
dev-corpus-02,2271,9115,0.000000e+00,1607,1607,4.111416,4.111416,0.0000e+00
dev-corpus-02,2272,7507,0.000000e+00,7507,7507,0.042555,0.042555,0.0000e+00
dev-corpus-02,2273,46814,0.000000e+00,46814,46814,0.006639,0.006639,0.0000e+00
dev-corpus-02,2274,783,0.000000e+00,236761,236761,5.213513,5.213513,0.0000e+00
dev-corpus-02,2275,669,0.000000e+00,669,669,1.102916,1.102916,0.0000e+00
dev-corpus-02,2276,9115,0.000000e+00,1702,1702,5.771253,5.771253,0.0000e+00
dev-corpus-02,2277,37011,0.000000e+00,749,749,2.211598,2.211598,0.0000e+00
dev-corpus-02,2278,22577,0.000000e+00,22577,22577,0.004129,0.004129,0.0000e+00
dev-corpus-02,2279,21211,0.000000e+00,11496,11496,5.743720,5.743720,0.0000e+00
dev-corpus-02,2280,11496,0.000000e+00,11496,11496,0.835438,0.835438,0.0000e+00
dev-corpus-02,2281,614,0.000000e+00,236743,236743,2.478521,2.478521,0.0000e+00
dev-corpus-02,2282,4767,0.000000e+00,4767,4767,0.000281,0.000281,0.0000e+00
dev-corpus-02,2283,6727,0.000000e+00,236743,236743,14.171656,14.171656,0.0000e+00
dev-corpus-02,2284,529,0.000000e+00,236761,236761,1.027305,1.027305,0.0000e+00
dev-corpus-02,2285,20896,0.000000e+00,20896,20896,0.608048,0.608048,0.0000e+00
dev-corpus-02,2286,531,0.000000e+00,236761,236761,4.356363,4.356363,0.0000e+00
dev-corpus-02,2287,9883,0.000000e+00,4133,4133,7.635915,7.635915,0.0000e+00
dev-corpus-02,2288,1156,0.000000e+00,14672,14672,3.948217,3.948217,0.0000e+00
dev-corpus-02,2289,5463,0.000000e+00,5745,5745,13.955922,13.955922,0.0000e+00
dev-corpus-02,2290,531,0.000000e+00,531,531,0.872788,0.872788,0.0000e+00
dev-corpus-02,2291,28426,0.000000e+00,506,506,4.531318,4.531318,0.0000e+00
dev-corpus-02,2292,1392,0.000000e+00,236772,236772,5.812339,5.812339,0.0000e+00
dev-corpus-02,2293,236772,0.000000e+00,236772,236772,0.000338,0.000338,0.0000e+00
dev-corpus-02,2294,236940,0.000000e+00,236940,236940,0.004839,0.004839,0.0000e+00
dev-corpus-02,2295,38475,0.000000e+00,38475,38475,0.145901,0.145901,0.0000e+00
dev-corpus-02,2296,1031,0.000000e+00,236761,236761,11.243271,11.243271,0.0000e+00
dev-corpus-02,2297,1015,0.000000e+00,532,532,7.320548,7.320548,0.0000e+00
dev-corpus-02,2298,11496,0.000000e+00,964,964,5.512563,5.512563,0.0000e+00
dev-corpus-02,2299,496,0.000000e+00,1156,1156,1.932116,1.932116,0.0000e+00
dev-corpus-02,2300,3342,0.000000e+00,2558,2558,6.559814,6.559814,0.0000e+00
dev-corpus-02,2301,1806,0.000000e+00,236743,236743,2.196381,2.196381,0.0000e+00
dev-corpus-02,2302,20896,0.000000e+00,236761,236761,2.850295,2.850295,0.0000e+00
dev-corpus-02,2303,528,0.000000e+00,236761,236761,4.594196,4.594196,0.0000e+00
dev-corpus-02,2304,5365,0.000000e+00,236743,236743,6.015860,6.015860,0.0000e+00
dev-corpus-02,2305,236743,0.000000e+00,236743,236743,0.017776,0.017776,0.0000e+00
dev-corpus-02,2306,236770,0.000000e+00,236770,236770,0.000080,0.000080,0.0000e+00
dev-corpus-02,2307,236819,0.000000e+00,236819,236819,0.000009,0.000009,0.0000e+00
dev-corpus-02,2308,236770,0.000000e+00,236770,236770,0.000127,0.000127,0.0000e+00
dev-corpus-02,2309,236810,0.000000e+00,236810,236810,0.013158,0.013158,0.0000e+00
dev-corpus-02,2310,783,0.000000e+00,236761,236761,3.939629,3.939629,0.0000e+00
dev-corpus-02,2311,562,0.000000e+00,107,107,5.937952,5.937952,0.0000e+00
dev-corpus-02,2312,2558,0.000000e+00,2558,2558,0.348406,0.348406,0.0000e+00
dev-corpus-02,2313,529,0.000000e+00,529,529,0.000435,0.000435,0.0000e+00
dev-corpus-02,2314,236743,0.000000e+00,236743,236743,0.016103,0.016103,0.0000e+00
dev-corpus-02,2315,236778,0.000000e+00,236778,236778,0.028530,0.028530,0.0000e+00
dev-corpus-02,2316,236771,0.000000e+00,236771,236771,0.058697,0.058697,0.0000e+00
dev-corpus-02,2317,90890,0.000000e+00,964,964,8.555552,8.555552,0.0000e+00
dev-corpus-02,2318,2375,0.000000e+00,564,564,11.977204,11.977204,0.0000e+00
dev-corpus-02,2319,964,0.000000e+00,964,964,0.007570,0.007570,0.0000e+00
dev-corpus-02,2320,5284,0.000000e+00,5284,5284,0.416705,0.416705,0.0000e+00
dev-corpus-02,2321,783,0.000000e+00,236761,236761,8.968822,8.968822,0.0000e+00
dev-corpus-02,2322,22039,0.000000e+00,107,107,14.025096,14.025096,0.0000e+00
dev-corpus-02,2323,529,0.000000e+00,691,691,3.316469,3.316469,0.0000e+00
dev-corpus-02,2324,506,0.000000e+00,506,506,0.394080,0.394080,0.0000e+00
dev-corpus-02,2325,1171,0.000000e+00,1171,1171,1.189066,1.189066,0.0000e+00
dev-corpus-02,2326,20896,0.000000e+00,9909,9909,1.713962,1.713962,0.0000e+00
dev-corpus-02,2327,573,0.000000e+00,6074,6074,11.026743,11.026743,0.0000e+00
dev-corpus-02,2328,9405,0.000000e+00,506,506,3.877802,3.877802,0.0000e+00
dev-corpus-02,2329,6074,0.000000e+00,6074,6074,0.340259,0.340259,0.0000e+00
dev-corpus-02,2330,528,0.000000e+00,528,528,0.079839,0.079839,0.0000e+00
dev-corpus-02,2331,3649,0.000000e+00,5226,5226,2.189636,2.189636,0.0000e+00
dev-corpus-02,2332,6243,0.000000e+00,236743,236743,5.589000,5.589000,0.0000e+00
dev-corpus-02,2333,236743,0.000000e+00,236743,236743,0.018007,0.018007,0.0000e+00
dev-corpus-02,2334,236770,0.000000e+00,236770,236770,0.000002,0.000002,0.0000e+00
dev-corpus-02,2335,236819,0.000000e+00,236819,236819,0.000004,0.000004,0.0000e+00
dev-corpus-02,2336,236770,0.000000e+00,236770,236770,0.000018,0.000018,0.0000e+00
dev-corpus-02,2337,236812,0.000000e+00,236812,236812,0.002639,0.002639,0.0000e+00
dev-corpus-02,2338,2895,0.000000e+00,236761,236761,17.521638,17.521638,0.0000e+00
dev-corpus-02,2339,784,0.000000e+00,506,506,5.200933,5.200933,0.0000e+00
dev-corpus-02,2340,236743,0.000000e+00,236743,236743,0.429644,0.429644,0.0000e+00
dev-corpus-02,2341,236778,0.000000e+00,236778,236778,0.065474,0.065474,0.0000e+00
dev-corpus-02,2342,236771,0.000000e+00,236771,236771,0.000133,0.000133,0.0000e+00
dev-corpus-02,2343,964,0.000000e+00,964,964,0.612199,0.612199,0.0000e+00
dev-corpus-02,2344,7723,0.000000e+00,7723,7723,0.078361,0.078361,0.0000e+00
dev-corpus-02,2345,684,0.000000e+00,684,684,0.086634,0.086634,0.0000e+00
dev-corpus-02,2346,6198,0.000000e+00,506,506,5.337702,5.337702,0.0000e+00
dev-corpus-02,2347,236743,0.000000e+00,236743,236743,0.001581,0.001581,0.0000e+00
dev-corpus-02,2348,236770,0.000000e+00,236770,236770,0.000969,0.000969,0.0000e+00
dev-corpus-02,2349,236819,0.000000e+00,236819,236819,0.000187,0.000187,0.0000e+00
dev-corpus-02,2350,236770,0.000000e+00,236770,236770,0.000130,0.000130,0.0000e+00
dev-corpus-02,2351,236810,0.000000e+00,236810,236810,0.011599,0.011599,0.0000e+00
dev-corpus-02,2352,783,0.000000e+00,236761,236761,4.241022,4.241022,0.0000e+00
dev-corpus-02,2353,22624,0.000000e+00,107,107,9.673077,9.673077,0.0000e+00
dev-corpus-02,2354,529,0.000000e+00,964,964,1.231501,1.231501,0.0000e+00
dev-corpus-02,2355,506,0.000000e+00,1239,1239,0.846685,0.846685,0.0000e+00
dev-corpus-02,2356,1171,0.000000e+00,20896,20896,7.248665,7.248665,0.0000e+00
dev-corpus-02,2357,20896,0.000000e+00,20896,20896,0.477163,0.477163,0.0000e+00
dev-corpus-02,2358,54051,0.000000e+00,964,964,5.108304,5.108304,0.0000e+00
dev-corpus-02,2359,17783,0.000000e+00,5442,5442,0.842862,0.842862,0.0000e+00
dev-corpus-02,2360,528,0.000000e+00,528,528,0.506966,0.506966,0.0000e+00
dev-corpus-02,2361,9115,0.000000e+00,506,506,6.152046,6.152046,0.0000e+00
dev-corpus-02,2362,2033,0.000000e+00,14513,14513,5.135045,5.135045,0.0000e+00
dev-corpus-02,2363,14513,0.000000e+00,14513,14513,0.003646,0.003646,0.0000e+00
dev-corpus-02,2364,1031,0.000000e+00,236761,236761,9.275270,9.275270,0.0000e+00
dev-corpus-02,2365,840,0.000000e+00,1651,1651,3.239065,3.239065,0.0000e+00
dev-corpus-02,2366,506,0.000000e+00,3496,3496,1.955313,1.955313,0.0000e+00
dev-corpus-02,2367,1884,0.000000e+00,8862,8862,4.062420,4.062420,0.0000e+00
dev-corpus-02,2368,964,0.000000e+00,964,964,0.102046,0.102046,0.0000e+00
dev-corpus-02,2369,32126,0.000000e+00,29446,29446,7.945911,7.945911,0.0000e+00
dev-corpus-02,2370,532,0.000000e+00,657,657,3.010416,3.010416,0.0000e+00
dev-corpus-02,2371,10418,0.000000e+00,41965,41965,1.289084,1.289084,0.0000e+00
dev-corpus-02,2372,657,0.000000e+00,528,528,1.304159,1.304159,0.0000e+00
dev-corpus-02,2373,3477,0.000000e+00,910,910,11.917121,11.917121,0.0000e+00
dev-corpus-02,2374,116368,0.000000e+00,102950,102950,4.529126,4.529126,0.0000e+00
dev-corpus-02,2375,653,0.000000e+00,653,653,0.026586,0.026586,0.0000e+00
dev-corpus-02,2376,3108,0.000000e+00,102950,102950,9.763827,9.763827,0.0000e+00
dev-corpus-02,2377,236746,0.000000e+00,236746,236746,0.003117,0.003117,0.0000e+00
dev-corpus-02,2378,783,0.000000e+00,236761,236761,6.353543,6.353543,0.0000e+00
dev-corpus-02,2379,669,0.000000e+00,669,669,0.629203,0.629203,0.0000e+00
dev-corpus-02,2380,9115,0.000000e+00,90890,90890,1.953243,1.953243,0.0000e+00
dev-corpus-02,2381,20896,0.000000e+00,22577,22577,3.587790,3.587790,0.0000e+00
dev-corpus-02,2382,17557,0.000000e+00,964,964,4.027437,4.027437,0.0000e+00
dev-corpus-02,2383,13336,0.000000e+00,13336,13336,0.513222,0.513222,0.0000e+00
dev-corpus-02,2384,528,0.000000e+00,528,528,0.168329,0.168329,0.0000e+00
dev-corpus-02,2385,506,0.000000e+00,506,506,0.001000,0.001000,0.0000e+00
dev-corpus-02,2386,143325,0.000000e+00,4695,4695,3.162518,3.162518,0.0000e+00
dev-corpus-02,2387,1031,0.000000e+00,9383,9383,20.541570,20.541570,0.0000e+00
dev-corpus-02,2388,65868,0.000000e+00,4695,4695,7.330456,7.330456,0.0000e+00
dev-corpus-02,2389,1031,0.000000e+00,236764,236764,4.229467,4.229467,0.0000e+00
dev-corpus-02,2390,532,0.000000e+00,532,532,0.008834,0.008834,0.0000e+00
dev-corpus-02,2391,127086,0.000000e+00,4695,4695,21.224379,21.224379,0.0000e+00
dev-corpus-02,2392,4273,0.000000e+00,114494,114494,16.425063,16.425063,0.0000e+00
dev-corpus-02,2393,557,0.000000e+00,557,557,0.119552,0.119552,0.0000e+00
dev-corpus-02,2394,21800,0.000000e+00,21800,21800,0.007822,0.007822,0.0000e+00
dev-corpus-02,2395,783,0.000000e+00,236761,236761,5.276344,5.276344,0.0000e+00
dev-corpus-02,2396,669,0.000000e+00,669,669,0.119892,0.119892,0.0000e+00
dev-corpus-02,2397,20896,0.000000e+00,224109,224109,6.118584,6.118584,0.0000e+00
dev-corpus-02,2398,964,0.000000e+00,17557,17557,6.000331,6.000331,0.0000e+00
dev-corpus-02,2399,1003,0.000000e+00,5402,5402,15.044706,15.044706,0.0000e+00
dev-corpus-02,2400,236743,0.000000e+00,236743,236743,0.006203,0.006203,0.0000e+00
dev-corpus-02,2401,236778,0.000000e+00,236770,236770,3.082095,3.082095,0.0000e+00
dev-corpus-02,2402,236828,0.000000e+00,236810,236810,2.630248,2.630248,0.0000e+00
dev-corpus-02,2403,30762,0.000000e+00,15930,15930,5.365766,5.365766,0.0000e+00
dev-corpus-02,2404,568,0.000000e+00,1440,1440,8.478443,8.478443,0.0000e+00
dev-corpus-02,2405,236743,0.000000e+00,236819,236819,13.626316,13.626316,0.0000e+00
dev-corpus-02,2406,236819,0.000000e+00,236819,236819,0.021585,0.021585,0.0000e+00
dev-corpus-02,2407,236778,0.000000e+00,236778,236778,0.009030,0.009030,0.0000e+00
dev-corpus-02,2408,12110,0.000000e+00,6172,6172,2.324151,2.324151,0.0000e+00
dev-corpus-02,2409,1732,0.000000e+00,236768,236768,4.991112,4.991112,0.0000e+00
dev-corpus-02,2410,1440,0.000000e+00,1440,1440,0.007774,0.007774,0.0000e+00
dev-corpus-02,2411,532,0.000000e+00,532,532,0.110159,0.110159,0.0000e+00
dev-corpus-02,2412,40605,0.000000e+00,40605,40605,0.733808,0.733808,0.0000e+00
dev-corpus-02,2413,236743,0.000000e+00,2101,2101,5.189154,5.189154,0.0000e+00
dev-corpus-02,2414,236770,0.000000e+00,236770,236770,0.664333,0.664333,0.0000e+00
dev-corpus-02,2415,236778,0.000000e+00,236778,236778,1.566146,1.566146,0.0000e+00
dev-corpus-02,2416,236832,0.000000e+00,236771,236771,5.790765,5.790765,0.0000e+00
dev-corpus-02,2417,39990,0.000000e+00,39990,39990,0.866140,0.866140,0.0000e+00
dev-corpus-02,2418,568,0.000000e+00,236761,236761,1.865678,1.865678,0.0000e+00
dev-corpus-02,2419,236743,0.000000e+00,236743,236743,0.017966,0.017966,0.0000e+00
dev-corpus-02,2420,236770,0.000000e+00,236778,236778,9.413656,9.413656,0.0000e+00
dev-corpus-02,2421,236778,0.000000e+00,236812,236812,4.936839,4.936839,0.0000e+00
dev-corpus-02,2422,236810,0.000000e+00,236819,236819,3.276164,3.276164,0.0000e+00
dev-corpus-02,2423,1440,0.000000e+00,39990,39990,7.634127,7.634127,0.0000e+00
dev-corpus-02,2424,16480,0.000000e+00,16480,16480,0.006238,0.006238,0.0000e+00
dev-corpus-02,2425,1732,0.000000e+00,769,769,5.112285,5.112285,0.0000e+00
dev-corpus-02,2426,1056,0.000000e+00,96991,96991,1.010161,1.010161,0.0000e+00
dev-corpus-02,2427,96991,0.000000e+00,96991,96991,0.008352,0.008352,0.0000e+00
dev-corpus-02,2428,532,0.000000e+00,236761,236761,6.249478,6.249478,0.0000e+00
dev-corpus-02,2429,236743,0.000000e+00,236743,236743,0.131589,0.131589,0.0000e+00
dev-corpus-02,2430,236770,0.000000e+00,236770,236770,0.119384,0.119384,0.0000e+00
dev-corpus-02,2431,236812,0.000000e+00,236810,236810,1.318480,1.318480,0.0000e+00
dev-corpus-02,2432,236778,0.000000e+00,236832,236832,2.013600,2.013600,0.0000e+00
dev-corpus-02,2433,39990,0.000000e+00,39990,39990,0.009791,0.009791,0.0000e+00
dev-corpus-02,2434,568,0.000000e+00,568,568,0.180002,0.180002,0.0000e+00
dev-corpus-02,2435,236743,0.000000e+00,236743,236743,0.005178,0.005178,0.0000e+00
dev-corpus-02,2436,236770,0.000000e+00,236770,236770,0.000345,0.000345,0.0000e+00
dev-corpus-02,2437,236812,0.000000e+00,236800,236800,3.603418,3.603418,0.0000e+00
dev-corpus-02,2438,236771,0.000000e+00,236771,236771,0.008565,0.008565,0.0000e+00
dev-corpus-02,2439,1440,0.000000e+00,1440,1440,0.005562,0.005562,0.0000e+00
dev-corpus-02,2440,16480,0.000000e+00,16480,16480,0.000001,0.000001,0.0000e+00
dev-corpus-02,2441,1732,0.000000e+00,236768,236768,3.864010,3.864010,0.0000e+00
dev-corpus-02,2442,1651,0.000000e+00,1056,1056,10.194988,10.194988,0.0000e+00
dev-corpus-02,2443,73037,0.000000e+00,73037,73037,0.000957,0.000957,0.0000e+00
dev-corpus-02,2444,783,0.000000e+00,236761,236761,5.021775,5.021775,0.0000e+00
dev-corpus-02,2445,2343,0.000000e+00,2195,2195,8.469088,8.469088,0.0000e+00
dev-corpus-02,2446,1053,0.000000e+00,236743,236743,7.322768,7.322768,0.0000e+00
dev-corpus-02,2447,1156,0.000000e+00,496,496,6.453771,6.453771,0.0000e+00
dev-corpus-02,2448,7141,0.000000e+00,26188,26188,6.889900,6.889900,0.0000e+00
dev-corpus-02,2449,103685,0.000000e+00,23655,23655,2.348409,2.348409,0.0000e+00
dev-corpus-02,2450,23655,0.000000e+00,23655,23655,0.004546,0.004546,0.0000e+00
dev-corpus-02,2451,532,0.000000e+00,532,532,0.532497,0.532497,0.0000e+00
dev-corpus-02,2452,1156,0.000000e+00,496,496,3.415438,3.415438,0.0000e+00
dev-corpus-02,2453,103685,0.000000e+00,47927,47927,9.914019,9.914019,0.0000e+00
dev-corpus-02,2454,507,0.000000e+00,23655,23655,10.083611,10.083611,0.0000e+00
dev-corpus-02,2455,1031,0.000000e+00,236761,236761,18.768538,18.768538,0.0000e+00
dev-corpus-02,2456,532,0.000000e+00,532,532,0.302593,0.302593,0.0000e+00
dev-corpus-02,2457,964,0.000000e+00,506,506,1.440502,1.440502,0.0000e+00
dev-corpus-02,2458,14840,0.000000e+00,24723,24723,1.911668,1.911668,0.0000e+00
dev-corpus-02,2459,607,0.000000e+00,607,607,0.001200,0.001200,0.0000e+00
dev-corpus-02,2460,496,0.000000e+00,496,496,0.334643,0.334643,0.0000e+00
dev-corpus-02,2461,12377,0.000000e+00,1944,1944,1.793538,1.793538,0.0000e+00
dev-corpus-02,2462,1392,0.000000e+00,10362,10362,28.845021,28.845021,0.0000e+00
dev-corpus-02,2463,236772,0.000000e+00,236772,236772,0.002202,0.002202,0.0000e+00
dev-corpus-02,2464,236940,0.000000e+00,236940,236940,0.017534,0.017534,0.0000e+00
dev-corpus-02,2465,20920,0.000000e+00,10362,10362,4.858923,4.858923,0.0000e+00
dev-corpus-02,2466,5464,0.000000e+00,5464,5464,0.378781,0.378781,0.0000e+00
dev-corpus-02,2467,10362,0.000000e+00,10362,10362,0.000478,0.000478,0.0000e+00
dev-corpus-02,2468,783,0.000000e+00,236761,236761,3.470307,3.470307,0.0000e+00
dev-corpus-02,2469,236743,0.000000e+00,669,669,4.106731,4.106731,0.0000e+00
dev-corpus-02,2470,107,0.000000e+00,107,107,0.015672,0.015672,0.0000e+00
dev-corpus-02,2471,799,0.000000e+00,236743,236743,10.675840,10.675840,0.0000e+00
dev-corpus-02,2472,236743,0.000000e+00,506,506,11.569204,11.569204,0.0000e+00
dev-corpus-02,2473,236770,0.000000e+00,236770,236770,0.146944,0.146944,0.0000e+00
dev-corpus-02,2474,236819,0.000000e+00,236819,236819,0.002539,0.002539,0.0000e+00
dev-corpus-02,2475,236770,0.000000e+00,236770,236770,0.000475,0.000475,0.0000e+00
dev-corpus-02,2476,236828,0.000000e+00,236810,236810,5.126150,5.126150,0.0000e+00
dev-corpus-02,2477,2390,0.000000e+00,236764,236764,12.930160,12.930160,0.0000e+00
dev-corpus-02,2478,529,0.000000e+00,529,529,0.627348,0.627348,0.0000e+00
dev-corpus-02,2479,506,0.000000e+00,506,506,0.159680,0.159680,0.0000e+00
dev-corpus-02,2480,42609,0.000000e+00,90890,90890,4.455100,4.455100,0.0000e+00
dev-corpus-02,2481,9115,0.000000e+00,20896,20896,6.666676,6.666676,0.0000e+00
dev-corpus-02,2482,20896,0.000000e+00,20896,20896,0.432503,0.432503,0.0000e+00
dev-corpus-02,2483,964,0.000000e+00,964,964,0.027983,0.027983,0.0000e+00
dev-corpus-02,2484,16952,0.000000e+00,17755,17755,4.900037,4.900037,0.0000e+00
dev-corpus-02,2485,1131,0.000000e+00,531,531,1.089446,1.089446,0.0000e+00
dev-corpus-02,2486,25260,0.000000e+00,37595,37595,3.827361,3.827361,0.0000e+00
dev-corpus-02,2487,1322,0.000000e+00,42942,42942,5.463951,5.463951,0.0000e+00
dev-corpus-02,2488,535,0.000000e+00,535,535,0.000003,0.000003,0.0000e+00
dev-corpus-02,2489,45575,0.000000e+00,45575,45575,0.001730,0.001730,0.0000e+00
dev-corpus-02,2490,783,0.000000e+00,236761,236761,6.244042,6.244042,0.0000e+00
dev-corpus-02,2491,5517,0.000000e+00,107,107,9.471571,9.471571,0.0000e+00
dev-corpus-02,2492,506,0.000000e+00,1239,1239,0.871739,0.871739,0.0000e+00
dev-corpus-02,2493,85989,0.000000e+00,42609,42609,14.962157,14.962157,0.0000e+00
dev-corpus-02,2494,20896,0.000000e+00,20896,20896,1.469239,1.469239,0.0000e+00
dev-corpus-02,2495,528,0.000000e+00,600,600,4.432361,4.432361,0.0000e+00
dev-corpus-02,2496,9115,0.000000e+00,506,506,4.351749,4.351749,0.0000e+00
dev-corpus-02,2497,2509,0.000000e+00,2509,2509,0.176832,0.176832,0.0000e+00
dev-corpus-02,2498,1031,0.000000e+00,236764,236764,12.305341,12.305341,0.0000e+00
dev-corpus-02,2499,1156,0.000000e+00,2390,2390,3.675833,3.675833,0.0000e+00
dev-corpus-02,2500,964,0.000000e+00,964,964,0.046478,0.046478,0.0000e+00
dev-corpus-02,2501,5463,0.000000e+00,5745,5745,6.480223,6.480223,0.0000e+00
dev-corpus-02,2502,531,0.000000e+00,531,531,0.032840,0.032840,0.0000e+00
dev-corpus-02,2503,28426,0.000000e+00,506,506,1.527646,1.527646,0.0000e+00
dev-corpus-02,2504,1392,0.000000e+00,236772,236772,2.900377,2.900377,0.0000e+00
dev-corpus-02,2505,236772,0.000000e+00,236772,236772,0.000398,0.000398,0.0000e+00
dev-corpus-02,2506,236940,0.000000e+00,236940,236940,0.000686,0.000686,0.0000e+00
dev-corpus-02,2507,38475,0.000000e+00,38475,38475,0.004864,0.004864,0.0000e+00
dev-corpus-02,2508,1031,0.000000e+00,236764,236764,6.808388,6.808388,0.0000e+00
dev-corpus-02,2509,886,0.000000e+00,532,532,5.241661,5.241661,0.0000e+00
dev-corpus-02,2510,691,0.000000e+00,691,691,0.202098,0.202098,0.0000e+00
dev-corpus-02,2511,5463,0.000000e+00,5463,5463,0.893986,0.893986,0.0000e+00
dev-corpus-02,2512,531,0.000000e+00,531,531,0.001218,0.001218,0.0000e+00
dev-corpus-02,2513,49685,0.000000e+00,49685,49685,0.195735,0.195735,0.0000e+00
dev-corpus-02,2514,1031,0.000000e+00,236764,236764,7.821485,7.821485,0.0000e+00
dev-corpus-02,2515,532,0.000000e+00,532,532,0.000936,0.000936,0.0000e+00
dev-corpus-02,2516,10155,0.000000e+00,886,886,9.228254,9.228254,0.0000e+00
dev-corpus-02,2517,964,0.000000e+00,964,964,0.048446,0.048446,0.0000e+00
dev-corpus-02,2518,5745,0.000000e+00,5745,5745,0.190540,0.190540,0.0000e+00
dev-corpus-02,2519,1913,0.000000e+00,236761,236761,0.872742,0.872742,0.0000e+00
dev-corpus-02,2520,506,0.000000e+00,506,506,0.326234,0.326234,0.0000e+00
dev-corpus-02,2521,3653,0.000000e+00,3653,3653,0.002743,0.002743,0.0000e+00
dev-corpus-02,2522,783,0.000000e+00,236761,236761,7.023444,7.023444,0.0000e+00
dev-corpus-02,2523,3656,0.000000e+00,108,108,7.551805,7.551805,0.0000e+00
dev-corpus-02,2524,529,0.000000e+00,529,529,0.615928,0.615928,0.0000e+00
dev-corpus-02,2525,506,0.000000e+00,506,506,0.011024,0.011024,0.0000e+00
dev-corpus-02,2526,3493,0.000000e+00,42609,42609,6.142776,6.142776,0.0000e+00
dev-corpus-02,2527,224109,0.000000e+00,20896,20896,3.582214,3.582214,0.0000e+00
dev-corpus-02,2528,1392,0.000000e+00,236772,236772,2.268558,2.268558,0.0000e+00
dev-corpus-02,2529,236772,0.000000e+00,236772,236772,0.000195,0.000195,0.0000e+00
dev-corpus-02,2530,236940,0.000000e+00,236940,236940,0.001507,0.001507,0.0000e+00
dev-corpus-02,2531,54930,0.000000e+00,54930,54930,0.000545,0.000545,0.0000e+00
dev-corpus-02,2532,20896,0.000000e+00,20896,20896,0.076097,0.076097,0.0000e+00
dev-corpus-02,2533,691,0.000000e+00,691,691,0.108614,0.108614,0.0000e+00
dev-corpus-02,2534,77857,0.000000e+00,77857,77857,0.880014,0.880014,0.0000e+00
dev-corpus-02,2535,532,0.000000e+00,684,684,5.928827,5.928827,0.0000e+00
dev-corpus-02,2536,2264,0.000000e+00,886,886,3.612489,3.612489,0.0000e+00
dev-corpus-02,2537,84605,0.000000e+00,691,691,15.699946,15.699946,0.0000e+00
dev-corpus-02,2538,532,0.000000e+00,236761,236761,9.508564,9.508564,0.0000e+00
dev-corpus-02,2539,711,0.000000e+00,77857,77857,6.432974,6.432974,0.0000e+00
dev-corpus-02,2540,50806,0.000000e+00,1765,1765,7.130908,7.130908,0.0000e+00
dev-corpus-02,2541,783,0.000000e+00,236761,236761,8.091179,8.091179,0.0000e+00
dev-corpus-02,2542,669,0.000000e+00,669,669,0.925187,0.925187,0.0000e+00
dev-corpus-02,2543,3493,0.000000e+00,90890,90890,8.622455,8.622455,0.0000e+00
dev-corpus-02,2544,42609,0.000000e+00,84172,84172,7.032114,7.032114,0.0000e+00
dev-corpus-02,2545,9115,0.000000e+00,224109,224109,10.637495,10.637495,0.0000e+00
dev-corpus-02,2546,20896,0.000000e+00,20896,20896,0.009879,0.009879,0.0000e+00
dev-corpus-02,2547,1031,0.000000e+00,964,964,17.696378,17.696378,0.0000e+00
dev-corpus-02,2548,506,0.000000e+00,837,837,4.395166,4.395166,0.0000e+00
dev-corpus-02,2549,2390,0.000000e+00,26334,26334,3.136291,3.136291,0.0000e+00
dev-corpus-02,2550,42609,0.000000e+00,16952,16952,9.273360,9.273360,0.0000e+00
dev-corpus-02,2551,224109,0.000000e+00,1322,1322,9.189625,9.189625,0.0000e+00
dev-corpus-02,2552,1392,0.000000e+00,236772,236772,1.523523,1.523523,0.0000e+00
dev-corpus-02,2553,236772,0.000000e+00,236772,236772,0.000140,0.000140,0.0000e+00
dev-corpus-02,2554,236940,0.000000e+00,236940,236940,0.000401,0.000401,0.0000e+00
dev-corpus-02,2555,54930,0.000000e+00,54930,54930,0.001409,0.001409,0.0000e+00
dev-corpus-02,2556,20896,0.000000e+00,20896,20896,0.048898,0.048898,0.0000e+00
dev-corpus-02,2557,1031,0.000000e+00,236764,236764,6.866211,6.866211,0.0000e+00
dev-corpus-02,2558,532,0.000000e+00,532,532,0.002784,0.002784,0.0000e+00
dev-corpus-02,2559,506,0.000000e+00,506,506,0.107410,0.107410,0.0000e+00
dev-corpus-03,2560,620,0.000000e+00,4454,4454,19.915059,19.915059,0.0000e+00
dev-corpus-03,2561,8548,0.000000e+00,1224,1224,16.596949,16.596949,0.0000e+00
dev-corpus-03,2562,236787,0.000000e+00,563,563,2.328657,2.328657,0.0000e+00
dev-corpus-03,2563,107,0.000000e+00,107,107,0.071061,0.071061,0.0000e+00
dev-corpus-03,2564,148,0.000000e+00,140,140,2.765700,2.765700,0.0000e+00
dev-corpus-03,2565,36756,0.000000e+00,2060,2060,12.709522,12.709522,0.0000e+00
dev-corpus-03,2566,578,0.000000e+00,578,578,0.018379,0.018379,0.0000e+00
dev-corpus-03,2567,2222,0.000000e+00,642,642,9.831082,9.831082,0.0000e+00
dev-corpus-03,2568,29415,0.000000e+00,828,828,22.311175,22.311175,0.0000e+00
dev-corpus-03,2569,4507,0.000000e+00,4507,4507,0.272791,0.272791,0.0000e+00
dev-corpus-03,2570,236769,0.000000e+00,236769,236769,0.032638,0.032638,0.0000e+00
dev-corpus-03,2571,236767,0.000000e+00,236767,236767,0.750547,0.750547,0.0000e+00
dev-corpus-03,2572,8548,0.000000e+00,8548,8548,0.003017,0.003017,0.0000e+00
dev-corpus-03,2573,236764,0.000000e+00,236768,236768,6.415105,6.415105,0.0000e+00
dev-corpus-03,2574,15468,0.000000e+00,87876,87876,4.889637,4.889637,0.0000e+00
dev-corpus-03,2575,236768,0.000000e+00,236768,236768,0.030152,0.030152,0.0000e+00
dev-corpus-03,2576,107,0.000000e+00,107,107,0.028799,0.028799,0.0000e+00
dev-corpus-03,2577,144,0.000000e+00,148,148,1.427581,1.427581,0.0000e+00
dev-corpus-03,2578,236865,0.000000e+00,4454,4454,5.028071,5.028071,0.0000e+00
dev-corpus-03,2579,85785,0.000000e+00,3729,3729,8.086793,8.086793,0.0000e+00
dev-corpus-03,2580,1292,0.000000e+00,1292,1292,0.491270,0.491270,0.0000e+00
dev-corpus-03,2581,573,0.000000e+00,531,531,2.289538,2.289538,0.0000e+00
dev-corpus-03,2582,783,0.000000e+00,59285,59285,12.927841,12.927841,0.0000e+00
dev-corpus-03,2583,2204,0.000000e+00,828,828,10.980414,10.980414,0.0000e+00
dev-corpus-03,2584,825,0.000000e+00,47248,47248,2.161247,2.161247,0.0000e+00
dev-corpus-03,2585,107,0.000000e+00,107,107,0.793924,0.793924,0.0000e+00
dev-corpus-03,2586,144,0.000000e+00,144,144,0.023777,0.023777,0.0000e+00
dev-corpus-03,2587,2063,0.000000e+00,2063,2063,0.265342,0.265342,0.0000e+00
dev-corpus-03,2588,7352,0.000000e+00,1159,1159,11.809496,11.809496,0.0000e+00
dev-corpus-03,2589,236769,0.000000e+00,236779,236779,1.816298,1.816298,0.0000e+00
dev-corpus-03,2590,1289,0.000000e+00,7837,7837,18.046821,18.046821,0.0000e+00
dev-corpus-03,2591,1473,0.000000e+00,1473,1473,0.059058,0.059058,0.0000e+00
dev-corpus-03,2592,107,0.000000e+00,107,107,0.000617,0.000617,0.0000e+00
dev-corpus-03,2593,148,0.000000e+00,148,148,0.000795,0.000795,0.0000e+00
dev-corpus-03,2594,236865,0.000000e+00,2060,2060,2.494031,2.494031,0.0000e+00
dev-corpus-03,2595,7179,0.000000e+00,24439,24439,2.314864,2.314864,0.0000e+00
dev-corpus-03,2596,506,0.000000e+00,768,768,7.045410,7.045410,0.0000e+00
dev-corpus-03,2597,1346,0.000000e+00,1722,1722,5.198945,5.198945,0.0000e+00
dev-corpus-03,2598,3364,0.000000e+00,3530,3530,7.167406,7.167406,0.0000e+00
dev-corpus-03,2599,2479,0.000000e+00,1722,1722,7.173117,7.173117,0.0000e+00
dev-corpus-03,2600,1171,0.000000e+00,568,568,2.410538,2.410538,0.0000e+00
dev-corpus-03,2601,236761,0.000000e+00,107,107,6.596966,6.596966,0.0000e+00
dev-corpus-03,2602,107,0.000000e+00,107,107,0.004098,0.004098,0.0000e+00
dev-corpus-03,2603,148,0.000000e+00,148,148,0.000044,0.000044,0.0000e+00
dev-corpus-03,2604,21409,0.000000e+00,584,584,14.221239,14.221239,0.0000e+00
dev-corpus-03,2605,578,0.000000e+00,236779,236779,1.738602,1.738602,0.0000e+00
dev-corpus-03,2606,3152,0.000000e+00,117098,117098,2.934194,2.934194,0.0000e+00
dev-corpus-03,2607,236761,0.000000e+00,236761,236761,0.052996,0.052996,0.0000e+00
dev-corpus-03,2608,4043,0.000000e+00,828,828,10.324047,10.324047,0.0000e+00
dev-corpus-03,2609,1033,0.000000e+00,825,825,4.334340,4.334340,0.0000e+00
dev-corpus-03,2610,21409,0.000000e+00,21409,21409,0.422510,0.422510,0.0000e+00
dev-corpus-03,2611,1606,0.000000e+00,1606,1606,0.044470,0.044470,0.0000e+00
dev-corpus-03,2612,653,0.000000e+00,107,107,6.902701,6.902701,0.0000e+00
dev-corpus-03,2613,3152,0.000000e+00,3152,3152,0.070548,0.070548,0.0000e+00
dev-corpus-03,2614,236761,0.000000e+00,236761,236761,0.002734,0.002734,0.0000e+00
dev-corpus-03,2615,4043,0.000000e+00,4043,4043,0.400195,0.400195,0.0000e+00
dev-corpus-03,2616,1033,0.000000e+00,1033,1033,0.000975,0.000975,0.0000e+00
dev-corpus-03,2617,1457,0.000000e+00,6665,6665,16.160764,16.160764,0.0000e+00
dev-corpus-03,2618,3776,0.000000e+00,1606,1606,2.016187,2.016187,0.0000e+00
dev-corpus-03,2619,1606,0.000000e+00,1606,1606,0.000638,0.000638,0.0000e+00
dev-corpus-03,2620,107,0.000000e+00,107,107,0.098201,0.098201,0.0000e+00
dev-corpus-03,2621,148,0.000000e+00,148,148,0.000607,0.000607,0.0000e+00
dev-corpus-03,2622,584,0.000000e+00,584,584,0.394865,0.394865,0.0000e+00
dev-corpus-03,2623,7489,0.000000e+00,7489,7489,0.128595,0.128595,0.0000e+00
dev-corpus-03,2624,563,0.000000e+00,236787,236787,1.655076,1.655076,0.0000e+00
dev-corpus-03,2625,711,0.000000e+00,5450,5450,1.971428,1.971428,0.0000e+00
dev-corpus-03,2626,5450,0.000000e+00,5450,5450,0.000117,0.000117,0.0000e+00
dev-corpus-03,2627,236787,0.000000e+00,236787,236787,0.027319,0.027319,0.0000e+00
dev-corpus-03,2628,107,0.000000e+00,107,107,0.000266,0.000266,0.0000e+00
dev-corpus-03,2629,152,0.000000e+00,152,152,0.000436,0.000436,0.0000e+00
dev-corpus-03,2630,2060,0.000000e+00,2060,2060,0.582452,0.582452,0.0000e+00
dev-corpus-03,2631,1540,0.000000e+00,7489,7489,1.982013,1.982013,0.0000e+00
dev-corpus-03,2632,236769,0.000000e+00,236769,236769,0.001559,0.001559,0.0000e+00
dev-corpus-03,2633,36756,0.000000e+00,21409,21409,11.324093,11.324093,0.0000e+00
dev-corpus-03,2634,236840,0.000000e+00,236761,236761,1.714681,1.714681,0.0000e+00
dev-corpus-03,2635,21409,0.000000e+00,21409,21409,0.044516,0.044516,0.0000e+00
dev-corpus-03,2636,2812,0.000000e+00,2812,2812,0.011244,0.011244,0.0000e+00
dev-corpus-03,2637,107,0.000000e+00,107,107,0.158131,0.158131,0.0000e+00
dev-corpus-03,2638,148,0.000000e+00,148,148,0.002165,0.002165,0.0000e+00
dev-corpus-03,2639,584,0.000000e+00,2060,2060,7.282858,7.282858,0.0000e+00
dev-corpus-03,2640,3152,0.000000e+00,3152,3152,0.213621,0.213621,0.0000e+00
dev-corpus-03,2641,236761,0.000000e+00,236761,236761,0.001058,0.001058,0.0000e+00
dev-corpus-03,2642,4043,0.000000e+00,4043,4043,0.074464,0.074464,0.0000e+00
dev-corpus-03,2643,1033,0.000000e+00,1033,1033,0.000803,0.000803,0.0000e+00
dev-corpus-03,2644,80565,0.000000e+00,6665,6665,6.653118,6.653118,0.0000e+00
dev-corpus-03,2645,524,0.000000e+00,524,524,0.001705,0.001705,0.0000e+00
dev-corpus-03,2646,1606,0.000000e+00,23314,23314,1.275933,1.275933,0.0000e+00
dev-corpus-03,2647,563,0.000000e+00,563,563,0.011102,0.011102,0.0000e+00
dev-corpus-03,2648,711,0.000000e+00,711,711,0.000288,0.000288,0.0000e+00
dev-corpus-03,2649,5450,0.000000e+00,5450,5450,0.000356,0.000356,0.0000e+00
dev-corpus-03,2650,236787,0.000000e+00,236787,236787,0.001192,0.001192,0.0000e+00
dev-corpus-03,2651,107,0.000000e+00,107,107,0.000210,0.000210,0.0000e+00
dev-corpus-03,2652,152,0.000000e+00,152,152,0.002537,0.002537,0.0000e+00
dev-corpus-03,2653,2060,0.000000e+00,2060,2060,0.008286,0.008286,0.0000e+00
dev-corpus-03,2654,1265,0.000000e+00,1540,1540,12.347215,12.347215,0.0000e+00
dev-corpus-03,2655,236761,0.000000e+00,236761,236761,0.324716,0.324716,0.0000e+00
dev-corpus-03,2656,119664,0.000000e+00,44732,44732,9.476345,9.476345,0.0000e+00
dev-corpus-03,2657,107,0.000000e+00,900,900,10.095636,10.095636,0.0000e+00
dev-corpus-03,2658,148,0.000000e+00,148,148,0.022803,0.022803,0.0000e+00
dev-corpus-03,2659,584,0.000000e+00,2060,2060,4.761138,4.761138,0.0000e+00
dev-corpus-03,2660,3152,0.000000e+00,3152,3152,0.009019,0.009019,0.0000e+00
dev-corpus-03,2661,236761,0.000000e+00,236761,236761,0.000124,0.000124,0.0000e+00
dev-corpus-03,2662,4043,0.000000e+00,4043,4043,0.000943,0.000943,0.0000e+00
dev-corpus-03,2663,1033,0.000000e+00,1033,1033,0.000960,0.000960,0.0000e+00
dev-corpus-03,2664,29995,0.000000e+00,82951,82951,10.181086,10.181086,0.0000e+00
dev-corpus-03,2665,1606,0.000000e+00,1606,1606,0.002161,0.002161,0.0000e+00
dev-corpus-03,2666,563,0.000000e+00,563,563,0.000196,0.000196,0.0000e+00
dev-corpus-03,2667,711,0.000000e+00,711,711,0.000070,0.000070,0.0000e+00
dev-corpus-03,2668,5450,0.000000e+00,5450,5450,0.000008,0.000008,0.0000e+00
dev-corpus-03,2669,236787,0.000000e+00,236787,236787,0.000205,0.000205,0.0000e+00
dev-corpus-03,2670,107,0.000000e+00,107,107,0.000156,0.000156,0.0000e+00
dev-corpus-03,2671,152,0.000000e+00,152,152,0.000567,0.000567,0.0000e+00
dev-corpus-03,2672,1508,0.000000e+00,2060,2060,9.552979,9.552979,0.0000e+00
dev-corpus-03,2673,4917,0.000000e+00,236761,236761,5.191859,5.191859,0.0000e+00
dev-corpus-03,2674,29995,0.000000e+00,24296,24296,3.709181,3.709181,0.0000e+00
dev-corpus-03,2675,236769,0.000000e+00,236779,236779,4.760387,4.760387,0.0000e+00
dev-corpus-03,2676,1289,0.000000e+00,1289,1289,0.003317,0.003317,0.0000e+00
dev-corpus-03,2677,236768,0.000000e+00,236768,236768,0.043184,0.043184,0.0000e+00
dev-corpus-03,2678,107,0.000000e+00,107,107,0.036700,0.036700,0.0000e+00
dev-corpus-03,2679,148,0.000000e+00,148,148,0.476757,0.476757,0.0000e+00
dev-corpus-03,2680,24296,0.000000e+00,2060,2060,6.765447,6.765447,0.0000e+00
dev-corpus-03,2681,38271,0.000000e+00,38271,38271,0.230133,0.230133,0.0000e+00
dev-corpus-03,2682,1033,0.000000e+00,885,885,3.713078,3.713078,0.0000e+00
dev-corpus-03,2683,2805,0.000000e+00,3771,3771,3.765048,3.765048,0.0000e+00
dev-corpus-03,2684,87892,0.000000e+00,48977,48977,1.589450,1.589450,0.0000e+00
dev-corpus-03,2685,7489,0.000000e+00,2479,2479,10.792136,10.792136,0.0000e+00
dev-corpus-03,2686,2299,0.000000e+00,2299,2299,0.495346,0.495346,0.0000e+00
dev-corpus-03,2687,528,0.000000e+00,1606,1606,1.606424,1.606424,0.0000e+00
dev-corpus-03,2688,3759,0.000000e+00,2479,2479,3.743463,3.743463,0.0000e+00
dev-corpus-03,2689,963,0.000000e+00,1606,1606,7.341237,7.341237,0.0000e+00
dev-corpus-03,2690,107,0.000000e+00,3152,3152,10.265375,10.265375,0.0000e+00
dev-corpus-03,2691,165,0.000000e+00,165,165,0.008316,0.008316,0.0000e+00
dev-corpus-03,2692,1508,0.000000e+00,236760,236760,1.092680,1.092680,0.0000e+00
dev-corpus-03,2693,236761,0.000000e+00,236761,236761,0.010539,0.010539,0.0000e+00
dev-corpus-03,2694,20001,0.000000e+00,20001,20001,0.050000,0.050000,0.0000e+00
dev-corpus-03,2695,236768,0.000000e+00,236768,236768,0.003252,0.003252,0.0000e+00
dev-corpus-03,2696,107,0.000000e+00,108,108,1.503707,1.503707,0.0000e+00
dev-corpus-03,2697,144,0.000000e+00,144,144,0.025931,0.025931,0.0000e+00
dev-corpus-03,2698,2060,0.000000e+00,236865,236865,2.006210,2.006210,0.0000e+00
dev-corpus-03,2699,1265,0.000000e+00,7352,7352,1.590180,1.590180,0.0000e+00
dev-corpus-03,2700,236761,0.000000e+00,236761,236761,1.175853,1.175853,0.0000e+00
dev-corpus-03,2701,20001,0.000000e+00,20001,20001,0.827100,0.827100,0.0000e+00
dev-corpus-03,2702,236761,0.000000e+00,108,108,4.994753,4.994753,0.0000e+00
dev-corpus-03,2703,2204,0.000000e+00,2204,2204,0.192105,0.192105,0.0000e+00
dev-corpus-03,2704,236769,0.000000e+00,236769,236769,0.000533,0.000533,0.0000e+00
dev-corpus-03,2705,24733,0.000000e+00,24733,24733,0.005617,0.005617,0.0000e+00
dev-corpus-03,2706,236764,0.000000e+00,236768,236768,4.178619,4.178619,0.0000e+00
dev-corpus-03,2707,1265,0.000000e+00,1265,1265,0.003589,0.003589,0.0000e+00
dev-corpus-03,2708,236761,0.000000e+00,236768,236768,3.816936,3.816936,0.0000e+00
dev-corpus-03,2709,9944,0.000000e+00,20001,20001,6.445254,6.445254,0.0000e+00
dev-corpus-03,2710,236768,0.000000e+00,236768,236768,0.002491,0.002491,0.0000e+00
dev-corpus-03,2711,108,0.000000e+00,108,108,0.253883,0.253883,0.0000e+00
dev-corpus-03,2712,140,0.000000e+00,236865,236865,1.049321,1.049321,0.0000e+00
dev-corpus-03,2713,2063,0.000000e+00,236865,236865,0.804076,0.804076,0.0000e+00
dev-corpus-03,2714,6338,0.000000e+00,2222,2222,10.611662,10.611662,0.0000e+00
dev-corpus-03,2715,236779,0.000000e+00,236779,236779,0.010657,0.010657,0.0000e+00
dev-corpus-03,2716,2204,0.000000e+00,2204,2204,0.143419,0.143419,0.0000e+00
dev-corpus-03,2717,47248,0.000000e+00,236769,236769,4.447703,4.447703,0.0000e+00
dev-corpus-03,2718,236769,0.000000e+00,236769,236769,0.001018,0.001018,0.0000e+00
dev-corpus-03,2719,1508,0.000000e+00,1508,1508,0.000150,0.000150,0.0000e+00
dev-corpus-03,2720,236764,0.000000e+00,236764,236764,0.007611,0.007611,0.0000e+00
dev-corpus-03,2721,15468,0.000000e+00,15468,15468,1.536854,1.536854,0.0000e+00
dev-corpus-03,2722,60901,0.000000e+00,236784,236784,8.228915,8.228915,0.0000e+00
dev-corpus-03,2723,15266,0.000000e+00,10864,10864,11.901745,11.901745,0.0000e+00
dev-corpus-03,2724,54698,0.000000e+00,236779,236779,1.827283,1.827283,0.0000e+00
dev-corpus-03,2725,236779,0.000000e+00,1473,1473,5.965619,5.965619,0.0000e+00
dev-corpus-03,2726,3074,0.000000e+00,1473,1473,10.984756,10.984756,0.0000e+00
dev-corpus-03,2727,236764,0.000000e+00,1473,1473,6.911603,6.911603,0.0000e+00
dev-corpus-03,2728,98948,0.000000e+00,5213,5213,14.906449,14.906449,0.0000e+00
dev-corpus-03,2729,5213,0.000000e+00,5213,5213,0.658460,0.658460,0.0000e+00
dev-corpus-03,2730,236767,0.000000e+00,25826,25826,10.768941,10.768941,0.0000e+00
dev-corpus-03,2731,8548,0.000000e+00,8548,8548,0.001506,0.001506,0.0000e+00
dev-corpus-03,2732,1473,0.000000e+00,1473,1473,0.019717,0.019717,0.0000e+00
dev-corpus-03,2733,107,0.000000e+00,107,107,0.000672,0.000672,0.0000e+00
dev-corpus-03,2734,144,0.000000e+00,144,144,0.000515,0.000515,0.0000e+00
dev-corpus-03,2735,584,0.000000e+00,12234,12234,3.012684,3.012684,0.0000e+00
dev-corpus-03,2736,15468,0.000000e+00,1265,1265,1.879098,1.879098,0.0000e+00
dev-corpus-03,2737,563,0.000000e+00,563,563,0.033706,0.033706,0.0000e+00
dev-corpus-03,2738,2222,0.000000e+00,711,711,2.724315,2.724315,0.0000e+00
dev-corpus-03,2739,15266,0.000000e+00,15266,15266,0.001421,0.001421,0.0000e+00
dev-corpus-03,2740,54698,0.000000e+00,54698,54698,0.000003,0.000003,0.0000e+00
dev-corpus-03,2741,236779,0.000000e+00,236779,236779,0.000001,0.000001,0.0000e+00
dev-corpus-03,2742,3074,0.000000e+00,3074,3074,0.000393,0.000393,0.0000e+00
dev-corpus-03,2743,236787,0.000000e+00,532,532,1.554784,1.554784,0.0000e+00
dev-corpus-03,2744,107,0.000000e+00,107,107,0.001797,0.001797,0.0000e+00
dev-corpus-03,2745,148,0.000000e+00,148,148,0.001978,0.001978,0.0000e+00
dev-corpus-03,2746,36756,0.000000e+00,36756,36756,0.056386,0.056386,0.0000e+00
dev-corpus-03,2747,578,0.000000e+00,578,578,0.000419,0.000419,0.0000e+00
dev-corpus-03,2748,620,0.000000e+00,8637,8637,8.609605,8.609605,0.0000e+00
dev-corpus-03,2749,8548,0.000000e+00,8548,8548,0.000006,0.000006,0.0000e+00
dev-corpus-03,2750,107,0.000000e+00,107,107,0.060818,0.060818,0.0000e+00
dev-corpus-03,2751,144,0.000000e+00,144,144,0.020992,0.020992,0.0000e+00
dev-corpus-03,2752,36208,0.000000e+00,4454,4454,1.580719,1.580719,0.0000e+00
dev-corpus-03,2753,620,0.000000e+00,620,620,0.967800,0.967800,0.0000e+00
dev-corpus-03,2754,8548,0.000000e+00,8548,8548,0.000122,0.000122,0.0000e+00
dev-corpus-03,2755,236787,0.000000e+00,236787,236787,0.016149,0.016149,0.0000e+00
dev-corpus-03,2756,107,0.000000e+00,107,107,0.004856,0.004856,0.0000e+00
dev-corpus-03,2757,148,0.000000e+00,148,148,0.003280,0.003280,0.0000e+00
dev-corpus-03,2758,36756,0.000000e+00,36756,36756,0.404323,0.404323,0.0000e+00
dev-corpus-03,2759,578,0.000000e+00,578,578,0.001266,0.001266,0.0000e+00
dev-corpus-03,2760,2222,0.000000e+00,2222,2222,0.351711,0.351711,0.0000e+00
dev-corpus-03,2761,29415,0.000000e+00,29415,29415,0.004213,0.004213,0.0000e+00
dev-corpus-03,2762,4507,0.000000e+00,4507,4507,0.000001,0.000001,0.0000e+00
dev-corpus-03,2763,236769,0.000000e+00,236769,236769,0.001302,0.001302,0.0000e+00
dev-corpus-03,2764,236767,0.000000e+00,36756,36756,1.703490,1.703490,0.0000e+00
dev-corpus-03,2765,8548,0.000000e+00,8548,8548,0.000080,0.000080,0.0000e+00
dev-corpus-03,2766,236764,0.000000e+00,236764,236764,0.000229,0.000229,0.0000e+00
dev-corpus-03,2767,15468,0.000000e+00,15468,15468,0.003401,0.003401,0.0000e+00
dev-corpus-03,2768,236768,0.000000e+00,236768,236768,0.000071,0.000071,0.0000e+00
dev-corpus-03,2769,107,0.000000e+00,108,108,2.214175,2.214175,0.0000e+00
dev-corpus-03,2770,144,0.000000e+00,144,144,0.044567,0.044567,0.0000e+00
dev-corpus-03,2771,236865,0.000000e+00,107,107,1.527379,1.527379,0.0000e+00
dev-corpus-03,2772,85785,0.000000e+00,85785,85785,0.519953,0.519953,0.0000e+00
dev-corpus-03,2773,1292,0.000000e+00,1292,1292,0.014217,0.014217,0.0000e+00
dev-corpus-03,2774,573,0.000000e+00,573,573,0.033508,0.033508,0.0000e+00
dev-corpus-03,2775,783,0.000000e+00,783,783,0.029941,0.029941,0.0000e+00
dev-corpus-03,2776,2204,0.000000e+00,2204,2204,0.000961,0.000961,0.0000e+00
dev-corpus-03,2777,825,0.000000e+00,825,825,0.000067,0.000067,0.0000e+00
dev-corpus-03,2778,107,0.000000e+00,107,107,0.004182,0.004182,0.0000e+00
dev-corpus-03,2779,144,0.000000e+00,144,144,0.000038,0.000038,0.0000e+00
dev-corpus-03,2780,2063,0.000000e+00,2063,2063,0.001088,0.001088,0.0000e+00
dev-corpus-03,2781,7352,0.000000e+00,7352,7352,0.036468,0.036468,0.0000e+00
dev-corpus-03,2782,236769,0.000000e+00,236769,236769,0.000094,0.000094,0.0000e+00
dev-corpus-03,2783,1289,0.000000e+00,1289,1289,0.007966,0.007966,0.0000e+00
dev-corpus-03,2784,1473,0.000000e+00,1473,1473,0.000013,0.000013,0.0000e+00
dev-corpus-03,2785,107,0.000000e+00,107,107,0.000015,0.000015,0.0000e+00
dev-corpus-03,2786,148,0.000000e+00,148,148,0.000681,0.000681,0.0000e+00
dev-corpus-03,2787,21409,0.000000e+00,236865,236865,6.255943,6.255943,0.0000e+00
dev-corpus-03,2788,578,0.000000e+00,578,578,0.001512,0.001512,0.0000e+00
dev-corpus-03,2789,3152,0.000000e+00,3152,3152,0.002123,0.002123,0.0000e+00
dev-corpus-03,2790,236761,0.000000e+00,236761,236761,0.000041,0.000041,0.0000e+00
dev-corpus-03,2791,4043,0.000000e+00,4043,4043,0.000132,0.000132,0.0000e+00
dev-corpus-03,2792,1033,0.000000e+00,1033,1033,0.016195,0.016195,0.0000e+00
dev-corpus-03,2793,21409,0.000000e+00,21409,21409,0.001727,0.001727,0.0000e+00
dev-corpus-03,2794,1606,0.000000e+00,1606,1606,0.000285,0.000285,0.0000e+00
dev-corpus-03,2795,653,0.000000e+00,653,653,0.067232,0.067232,0.0000e+00
dev-corpus-03,2796,3152,0.000000e+00,3152,3152,0.000009,0.000009,0.0000e+00
dev-corpus-03,2797,236761,0.000000e+00,236761,236761,0.000003,0.000003,0.0000e+00
dev-corpus-03,2798,4043,0.000000e+00,4043,4043,0.000038,0.000038,0.0000e+00
dev-corpus-03,2799,1033,0.000000e+00,1033,1033,0.000003,0.000003,0.0000e+00
dev-corpus-03,2800,1457,0.000000e+00,1457,1457,0.000004,0.000004,0.0000e+00
dev-corpus-03,2801,3776,0.000000e+00,3776,3776,0.000000,0.000000,0.0000e+00
dev-corpus-03,2802,1606,0.000000e+00,1606,1606,0.000009,0.000009,0.0000e+00
dev-corpus-03,2803,107,0.000000e+00,107,107,0.000673,0.000673,0.0000e+00
dev-corpus-03,2804,148,0.000000e+00,148,148,0.000014,0.000014,0.0000e+00
dev-corpus-03,2805,584,0.000000e+00,584,584,0.023758,0.023758,0.0000e+00
dev-corpus-03,2806,7489,0.000000e+00,7489,7489,0.000899,0.000899,0.0000e+00
dev-corpus-03,2807,563,0.000000e+00,563,563,0.064818,0.064818,0.0000e+00
dev-corpus-03,2808,711,0.000000e+00,5450,5450,0.934983,0.934983,0.0000e+00
dev-corpus-03,2809,5450,0.000000e+00,5450,5450,0.000117,0.000117,0.0000e+00
dev-corpus-03,2810,236787,0.000000e+00,236787,236787,0.003373,0.003373,0.0000e+00
dev-corpus-03,2811,107,0.000000e+00,107,107,0.000015,0.000015,0.0000e+00
dev-corpus-03,2812,152,0.000000e+00,152,152,0.000176,0.000176,0.0000e+00
dev-corpus-03,2813,6572,0.000000e+00,236865,236865,2.426929,2.426929,0.0000e+00
dev-corpus-03,2814,236787,0.000000e+00,236787,236787,0.000003,0.000003,0.0000e+00
dev-corpus-03,2815,107,0.000000e+00,107,107,0.000074,0.000074,0.0000e+00
dev-corpus-03,2816,156,0.000000e+00,156,156,0.000187,0.000187,0.0000e+00
dev-corpus-03,2817,2060,0.000000e+00,2060,2060,0.159130,0.159130,0.0000e+00
dev-corpus-03,2818,1540,0.000000e+00,15468,15468,1.460824,1.460824,0.0000e+00
dev-corpus-03,2819,236769,0.000000e+00,236769,236769,0.000293,0.000293,0.0000e+00
dev-corpus-03,2820,36756,0.000000e+00,36756,36756,0.010984,0.010984,0.0000e+00
dev-corpus-03,2821,236840,0.000000e+00,236840,236840,0.001182,0.001182,0.0000e+00
dev-corpus-03,2822,21409,0.000000e+00,21409,21409,0.000181,0.000181,0.0000e+00
dev-corpus-03,2823,2812,0.000000e+00,2812,2812,0.000087,0.000087,0.0000e+00
dev-corpus-03,2824,107,0.000000e+00,107,107,0.000656,0.000656,0.0000e+00
dev-corpus-03,2825,152,0.000000e+00,152,152,0.000014,0.000014,0.0000e+00
dev-corpus-03,2826,20285,0.000000e+00,20285,20285,0.000004,0.000004,0.0000e+00
dev-corpus-03,2827,125085,0.000000e+00,125085,125085,0.001087,0.001087,0.0000e+00
dev-corpus-03,2828,236787,0.000000e+00,236787,236787,0.002179,0.002179,0.0000e+00
dev-corpus-03,2829,107,0.000000e+00,107,107,0.000397,0.000397,0.0000e+00
dev-corpus-03,2830,156,0.000000e+00,156,156,0.000272,0.000272,0.0000e+00
dev-corpus-03,2831,2060,0.000000e+00,236865,236865,0.946363,0.946363,0.0000e+00
dev-corpus-03,2832,3152,0.000000e+00,3152,3152,0.349507,0.349507,0.0000e+00
dev-corpus-03,2833,236761,0.000000e+00,236761,236761,0.025255,0.025255,0.0000e+00
dev-corpus-03,2834,4043,0.000000e+00,4043,4043,0.000624,0.000624,0.0000e+00
dev-corpus-03,2835,825,0.000000e+00,236769,236769,8.767090,8.767090,0.0000e+00
dev-corpus-03,2836,107,0.000000e+00,138,138,3.258844,3.258844,0.0000e+00
dev-corpus-03,2837,148,0.000000e+00,148,148,0.002587,0.002587,0.0000e+00
dev-corpus-03,2838,584,0.000000e+00,584,584,0.465139,0.465139,0.0000e+00
dev-corpus-03,2839,3152,0.000000e+00,3152,3152,0.003407,0.003407,0.0000e+00
dev-corpus-03,2840,236761,0.000000e+00,236761,236761,0.000001,0.000001,0.0000e+00
dev-corpus-03,2841,4043,0.000000e+00,4043,4043,0.000019,0.000019,0.0000e+00
dev-corpus-03,2842,1033,0.000000e+00,1033,1033,0.000018,0.000018,0.0000e+00
dev-corpus-03,2843,80565,0.000000e+00,80565,80565,0.000843,0.000843,0.0000e+00
dev-corpus-03,2844,524,0.000000e+00,524,524,0.000001,0.000001,0.0000e+00
dev-corpus-03,2845,1606,0.000000e+00,1606,1606,0.004912,0.004912,0.0000e+00
dev-corpus-03,2846,563,0.000000e+00,563,563,0.000433,0.000433,0.0000e+00
dev-corpus-03,2847,711,0.000000e+00,711,711,0.000250,0.000250,0.0000e+00
dev-corpus-03,2848,5450,0.000000e+00,5450,5450,0.000006,0.000006,0.0000e+00
dev-corpus-03,2849,236787,0.000000e+00,236787,236787,0.000150,0.000150,0.0000e+00
dev-corpus-03,2850,107,0.000000e+00,107,107,0.000032,0.000032,0.0000e+00
dev-corpus-03,2851,152,0.000000e+00,152,152,0.000225,0.000225,0.0000e+00
dev-corpus-03,2852,2060,0.000000e+00,2060,2060,0.002272,0.002272,0.0000e+00
dev-corpus-03,2853,1265,0.000000e+00,1265,1265,0.008921,0.008921,0.0000e+00
dev-corpus-03,2854,236761,0.000000e+00,236761,236761,0.000663,0.000663,0.0000e+00
dev-corpus-03,2855,119664,0.000000e+00,119664,119664,0.000285,0.000285,0.0000e+00
dev-corpus-03,2856,107,0.000000e+00,107,107,0.004121,0.004121,0.0000e+00
dev-corpus-03,2857,148,0.000000e+00,148,148,0.000015,0.000015,0.0000e+00
dev-corpus-03,2858,584,0.000000e+00,584,584,0.004688,0.004688,0.0000e+00
dev-corpus-03,2859,3152,0.000000e+00,3152,3152,0.000046,0.000046,0.0000e+00
dev-corpus-03,2860,236761,0.000000e+00,236761,236761,0.000000,0.000000,0.0000e+00
dev-corpus-03,2861,4043,0.000000e+00,4043,4043,0.000011,0.000011,0.0000e+00
dev-corpus-03,2862,1033,0.000000e+00,1033,1033,0.000005,0.000005,0.0000e+00
dev-corpus-03,2863,29995,0.000000e+00,29995,29995,0.000683,0.000683,0.0000e+00
dev-corpus-03,2864,1606,0.000000e+00,1606,1606,0.000015,0.000015,0.0000e+00
dev-corpus-03,2865,563,0.000000e+00,563,563,0.000000,0.000000,0.0000e+00
dev-corpus-03,2866,711,0.000000e+00,711,711,0.000015,0.000015,0.0000e+00
dev-corpus-03,2867,5450,0.000000e+00,5450,5450,0.000001,0.000001,0.0000e+00
dev-corpus-03,2868,236787,0.000000e+00,236787,236787,0.000017,0.000017,0.0000e+00
dev-corpus-03,2869,107,0.000000e+00,107,107,0.000094,0.000094,0.0000e+00
dev-corpus-03,2870,152,0.000000e+00,152,152,0.000335,0.000335,0.0000e+00
dev-corpus-03,2871,2060,0.000000e+00,236865,236865,1.409521,1.409521,0.0000e+00
dev-corpus-03,2872,3152,0.000000e+00,3152,3152,0.013387,0.013387,0.0000e+00
dev-corpus-03,2873,236761,0.000000e+00,236761,236761,0.000170,0.000170,0.0000e+00
dev-corpus-03,2874,4043,0.000000e+00,4043,4043,0.000069,0.000069,0.0000e+00
dev-corpus-03,2875,825,0.000000e+00,825,825,0.002843,0.002843,0.0000e+00
dev-corpus-03,2876,107,0.000000e+00,107,107,0.186441,0.186441,0.0000e+00
dev-corpus-03,2877,148,0.000000e+00,148,148,0.035053,0.035053,0.0000e+00
dev-corpus-03,2878,24296,0.000000e+00,24296,24296,0.695780,0.695780,0.0000e+00
dev-corpus-03,2879,38271,0.000000e+00,38271,38271,0.011653,0.011653,0.0000e+00
dev-corpus-03,2880,1033,0.000000e+00,1033,1033,0.024228,0.024228,0.0000e+00
dev-corpus-03,2881,2805,0.000000e+00,2805,2805,0.009923,0.009923,0.0000e+00
dev-corpus-03,2882,87892,0.000000e+00,87892,87892,0.003143,0.003143,0.0000e+00
dev-corpus-03,2883,7489,0.000000e+00,2299,2299,1.038183,1.038183,0.0000e+00
dev-corpus-03,2884,2299,0.000000e+00,2299,2299,0.007773,0.007773,0.0000e+00
dev-corpus-03,2885,528,0.000000e+00,528,528,0.003834,0.003834,0.0000e+00
dev-corpus-03,2886,3759,0.000000e+00,3759,3759,0.001981,0.001981,0.0000e+00
dev-corpus-03,2887,963,0.000000e+00,963,963,0.003817,0.003817,0.0000e+00
dev-corpus-03,2888,107,0.000000e+00,107,107,0.015182,0.015182,0.0000e+00
dev-corpus-03,2889,165,0.000000e+00,165,165,0.001709,0.001709,0.0000e+00
dev-corpus-03,2890,1508,0.000000e+00,1508,1508,0.000031,0.000031,0.0000e+00
dev-corpus-03,2891,236761,0.000000e+00,236761,236761,0.000036,0.000036,0.0000e+00
dev-corpus-03,2892,20001,0.000000e+00,20001,20001,0.000229,0.000229,0.0000e+00
dev-corpus-03,2893,236768,0.000000e+00,236768,236768,0.000021,0.000021,0.0000e+00
dev-corpus-03,2894,107,0.000000e+00,107,107,0.210262,0.210262,0.0000e+00
dev-corpus-03,2895,144,0.000000e+00,144,144,0.000694,0.000694,0.0000e+00
dev-corpus-03,2896,2060,0.000000e+00,2060,2060,0.007802,0.007802,0.0000e+00
dev-corpus-03,2897,1265,0.000000e+00,1265,1265,0.000084,0.000084,0.0000e+00
dev-corpus-03,2898,236761,0.000000e+00,236761,236761,0.000039,0.000039,0.0000e+00
dev-corpus-03,2899,20001,0.000000e+00,20001,20001,0.001812,0.001812,0.0000e+00
dev-corpus-03,2900,236761,0.000000e+00,236761,236761,0.000003,0.000003,0.0000e+00
dev-corpus-03,2901,2204,0.000000e+00,2204,2204,0.000019,0.000019,0.0000e+00
dev-corpus-03,2902,236769,0.000000e+00,236769,236769,0.000001,0.000001,0.0000e+00
dev-corpus-03,2903,24733,0.000000e+00,24733,24733,0.000065,0.000065,0.0000e+00
dev-corpus-03,2904,236764,0.000000e+00,236764,236764,0.000002,0.000002,0.0000e+00
dev-corpus-03,2905,1265,0.000000e+00,1265,1265,0.000025,0.000025,0.0000e+00
dev-corpus-03,2906,236761,0.000000e+00,236761,236761,0.000028,0.000028,0.0000e+00
dev-corpus-03,2907,9944,0.000000e+00,9944,9944,0.000191,0.000191,0.0000e+00
dev-corpus-03,2908,236768,0.000000e+00,236768,236768,0.000052,0.000052,0.0000e+00
dev-corpus-03,2909,108,0.000000e+00,108,108,0.347326,0.347326,0.0000e+00
dev-corpus-03,2910,140,0.000000e+00,236865,236865,1.256772,1.256772,0.0000e+00
dev-corpus-03,2911,2063,0.000000e+00,2063,2063,0.626150,0.626150,0.0000e+00
dev-corpus-03,2912,563,0.000000e+00,5062,5062,7.151263,7.151263,0.0000e+00
dev-corpus-03,2913,236779,0.000000e+00,236779,236779,0.003447,0.003447,0.0000e+00
dev-corpus-03,2914,4730,0.000000e+00,4730,4730,0.977701,0.977701,0.0000e+00
dev-corpus-03,2915,236769,0.000000e+00,236769,236769,0.063317,0.063317,0.0000e+00
dev-corpus-03,2916,1508,0.000000e+00,1508,1508,0.000006,0.000006,0.0000e+00
dev-corpus-03,2917,1473,0.000000e+00,236764,236764,0.835767,0.835767,0.0000e+00
dev-corpus-03,2918,107,0.000000e+00,107,107,0.000086,0.000086,0.0000e+00
dev-corpus-03,2919,144,0.000000e+00,144,144,0.000682,0.000682,0.0000e+00
dev-corpus-03,2920,1708,0.000000e+00,236865,236865,9.660056,9.660056,0.0000e+00
dev-corpus-03,2921,3152,0.000000e+00,4241,4241,2.445035,2.445035,0.0000e+00
dev-corpus-03,2922,528,0.000000e+00,528,528,0.000016,0.000016,0.0000e+00
dev-corpus-03,2923,1265,0.000000e+00,1265,1265,0.013623,0.013623,0.0000e+00
dev-corpus-03,2924,236761,0.000000e+00,236761,236761,0.011796,0.011796,0.0000e+00
dev-corpus-03,2925,20001,0.000000e+00,20001,20001,0.011655,0.011655,0.0000e+00
dev-corpus-03,2926,236761,0.000000e+00,236761,236761,0.000001,0.000001,0.0000e+00
dev-corpus-03,2927,4114,0.000000e+00,4114,4114,0.000002,0.000002,0.0000e+00
dev-corpus-03,2928,2598,0.000000e+00,2598,2598,0.000001,0.000001,0.0000e+00
dev-corpus-03,2929,236769,0.000000e+00,236769,236769,0.000399,0.000399,0.0000e+00
dev-corpus-03,2930,1508,0.000000e+00,1508,1508,0.000211,0.000211,0.0000e+00
dev-corpus-03,2931,236761,0.000000e+00,236761,236761,0.000124,0.000124,0.0000e+00
dev-corpus-03,2932,9944,0.000000e+00,9944,9944,0.002029,0.002029,0.0000e+00
dev-corpus-03,2933,1473,0.000000e+00,1473,1473,0.001009,0.001009,0.0000e+00
dev-corpus-03,2934,107,0.000000e+00,107,107,0.000021,0.000021,0.0000e+00
dev-corpus-03,2935,148,0.000000e+00,148,148,0.000443,0.000443,0.0000e+00
dev-corpus-03,2936,584,0.000000e+00,584,584,0.116882,0.116882,0.0000e+00
dev-corpus-03,2937,3152,0.000000e+00,3152,3152,0.010397,0.010397,0.0000e+00
dev-corpus-03,2938,236761,0.000000e+00,236761,236761,0.000570,0.000570,0.0000e+00
dev-corpus-03,2939,4043,0.000000e+00,4043,4043,0.014057,0.014057,0.0000e+00
dev-corpus-03,2940,1033,0.000000e+00,1033,1033,0.000385,0.000385,0.0000e+00
dev-corpus-03,2941,29995,0.000000e+00,29995,29995,0.029595,0.029595,0.0000e+00
dev-corpus-03,2942,1606,0.000000e+00,1606,1606,0.156145,0.156145,0.0000e+00
dev-corpus-03,2943,563,0.000000e+00,563,563,0.000341,0.000341,0.0000e+00
dev-corpus-03,2944,711,0.000000e+00,711,711,0.000531,0.000531,0.0000e+00
dev-corpus-03,2945,5450,0.000000e+00,5450,5450,0.000003,0.000003,0.0000e+00
dev-corpus-03,2946,236787,0.000000e+00,236787,236787,0.000570,0.000570,0.0000e+00
dev-corpus-03,2947,107,0.000000e+00,107,107,0.000009,0.000009,0.0000e+00
dev-corpus-03,2948,152,0.000000e+00,152,152,0.001078,0.001078,0.0000e+00
dev-corpus-03,2949,2060,0.000000e+00,2060,2060,0.005324,0.005324,0.0000e+00
dev-corpus-03,2950,8450,0.000000e+00,8450,8450,0.000052,0.000052,0.0000e+00
dev-corpus-03,2951,107,0.000000e+00,107,107,0.000624,0.000624,0.0000e+00
dev-corpus-03,2952,148,0.000000e+00,144,144,8.080797,8.080797,0.0000e+00
dev-corpus-03,2953,584,0.000000e+00,584,584,0.392391,0.392391,0.0000e+00
dev-corpus-03,2954,568,0.000000e+00,3152,3152,7.488365,7.488365,0.0000e+00
dev-corpus-03,2955,1289,0.000000e+00,1289,1289,0.044479,0.044479,0.0000e+00
dev-corpus-03,2956,236761,0.000000e+00,236761,236761,0.000014,0.000014,0.0000e+00
dev-corpus-03,2957,4043,0.000000e+00,4043,4043,0.000484,0.000484,0.0000e+00
dev-corpus-03,2958,1033,0.000000e+00,1033,1033,0.000132,0.000132,0.0000e+00
dev-corpus-03,2959,21409,0.000000e+00,21409,21409,0.049316,0.049316,0.0000e+00
dev-corpus-03,2960,1606,0.000000e+00,1606,1606,0.000060,0.000060,0.0000e+00
dev-corpus-03,2961,563,0.000000e+00,653,653,3.425505,3.425505,0.0000e+00
dev-corpus-03,2962,5450,0.000000e+00,5450,5450,0.334838,0.334838,0.0000e+00
dev-corpus-03,2963,107,0.000000e+00,532,532,6.411510,6.411510,0.0000e+00
dev-corpus-03,2964,152,0.000000e+00,156,156,2.306892,2.306892,0.0000e+00
dev-corpus-03,2965,624,0.000000e+00,624,624,0.002629,0.002629,0.0000e+00
dev-corpus-03,2966,3152,0.000000e+00,3152,3152,0.000483,0.000483,0.0000e+00
dev-corpus-03,2967,236761,0.000000e+00,236761,236761,0.000008,0.000008,0.0000e+00
dev-corpus-03,2968,4043,0.000000e+00,4043,4043,0.000232,0.000232,0.0000e+00
dev-corpus-03,2969,1033,0.000000e+00,1033,1033,0.000103,0.000103,0.0000e+00
dev-corpus-03,2970,1457,0.000000e+00,1457,1457,0.000219,0.000219,0.0000e+00
dev-corpus-03,2971,3776,0.000000e+00,3776,3776,0.000000,0.000000,0.0000e+00
dev-corpus-03,2972,1606,0.000000e+00,1606,1606,0.000045,0.000045,0.0000e+00
dev-corpus-03,2973,563,0.000000e+00,563,563,0.000034,0.000034,0.0000e+00
dev-corpus-03,2974,5450,0.000000e+00,5450,5450,0.002041,0.002041,0.0000e+00
dev-corpus-03,2975,107,0.000000e+00,107,107,0.123529,0.123529,0.0000e+00
dev-corpus-03,2976,152,0.000000e+00,152,152,0.000162,0.000162,0.0000e+00
dev-corpus-03,2977,624,0.000000e+00,624,624,0.000210,0.000210,0.0000e+00
dev-corpus-03,2978,3152,0.000000e+00,3152,3152,0.031995,0.031995,0.0000e+00
dev-corpus-03,2979,236761,0.000000e+00,236761,236761,0.000008,0.000008,0.0000e+00
dev-corpus-03,2980,4043,0.000000e+00,4043,4043,0.000531,0.000531,0.0000e+00
dev-corpus-03,2981,1033,0.000000e+00,1033,1033,0.000008,0.000008,0.0000e+00
dev-corpus-03,2982,80565,0.000000e+00,80565,80565,0.000412,0.000412,0.0000e+00
dev-corpus-03,2983,524,0.000000e+00,524,524,0.000000,0.000000,0.0000e+00
dev-corpus-03,2984,1606,0.000000e+00,1606,1606,0.000015,0.000015,0.0000e+00
dev-corpus-03,2985,563,0.000000e+00,563,563,0.000158,0.000158,0.0000e+00
dev-corpus-03,2986,5450,0.000000e+00,5450,5450,0.076992,0.076992,0.0000e+00
dev-corpus-03,2987,1473,0.000000e+00,1473,1473,0.173716,0.173716,0.0000e+00
dev-corpus-03,2988,107,0.000000e+00,107,107,0.000844,0.000844,0.0000e+00
dev-corpus-03,2989,152,0.000000e+00,152,152,0.000980,0.000980,0.0000e+00
dev-corpus-03,2990,236865,0.000000e+00,2060,2060,1.714176,1.714176,0.0000e+00
dev-corpus-03,2991,1637,0.000000e+00,1174,1174,2.995433,2.995433,0.0000e+00
dev-corpus-03,2992,784,0.000000e+00,625,625,10.403602,10.403602,0.0000e+00
dev-corpus-03,2993,506,0.000000e+00,4402,4402,9.590661,9.590661,0.0000e+00
dev-corpus-03,2994,4402,0.000000e+00,4402,4402,0.918464,0.918464,0.0000e+00
dev-corpus-03,2995,659,0.000000e+00,659,659,0.043222,0.043222,0.0000e+00
dev-corpus-03,2996,5450,0.000000e+00,5450,5450,0.314524,0.314524,0.0000e+00
dev-corpus-03,2997,236764,0.000000e+00,236764,236764,0.019136,0.019136,0.0000e+00
dev-corpus-03,2998,993,0.000000e+00,625,625,7.374999,7.374999,0.0000e+00
dev-corpus-03,2999,1921,0.000000e+00,563,563,4.400098,4.400098,0.0000e+00
dev-corpus-03,3000,577,0.000000e+00,577,577,0.012206,0.012206,0.0000e+00
dev-corpus-03,3001,107,0.000000e+00,614,614,8.043175,8.043175,0.0000e+00
dev-corpus-03,3002,152,0.000000e+00,152,152,0.000335,0.000335,0.0000e+00
dev-corpus-03,3003,236865,0.000000e+00,236865,236865,0.000610,0.000610,0.0000e+00
dev-corpus-03,3004,2264,0.000000e+00,614,614,5.872856,5.872856,0.0000e+00
dev-corpus-03,3005,2299,0.000000e+00,3759,3759,2.602839,2.602839,0.0000e+00
dev-corpus-03,3006,692,0.000000e+00,1861,1861,6.402263,6.402263,0.0000e+00
dev-corpus-03,3007,236789,0.000000e+00,1537,1537,4.256243,4.256243,0.0000e+00
dev-corpus-03,3008,500,0.000000e+00,500,500,0.674863,0.674863,0.0000e+00
dev-corpus-03,3009,711,0.000000e+00,711,711,0.747501,0.747501,0.0000e+00
dev-corpus-03,3010,27780,0.000000e+00,18437,18437,1.422213,1.422213,0.0000e+00
dev-corpus-03,3011,107,0.000000e+00,236761,236761,2.476287,2.476287,0.0000e+00
dev-corpus-03,3012,152,0.000000e+00,152,152,0.000441,0.000441,0.0000e+00
dev-corpus-03,3013,24296,0.000000e+00,2060,2060,8.230260,8.230260,0.0000e+00
dev-corpus-03,3014,38271,0.000000e+00,38271,38271,0.007346,0.007346,0.0000e+00
dev-corpus-03,3015,1033,0.000000e+00,1033,1033,0.134151,0.134151,0.0000e+00
dev-corpus-03,3016,2805,0.000000e+00,2805,2805,0.483392,0.483392,0.0000e+00
dev-corpus-03,3017,87892,0.000000e+00,87892,87892,0.032185,0.032185,0.0000e+00
dev-corpus-03,3018,7489,0.000000e+00,3759,3759,9.167769,9.167769,0.0000e+00
dev-corpus-03,3019,2299,0.000000e+00,2299,2299,0.022324,0.022324,0.0000e+00
dev-corpus-03,3020,528,0.000000e+00,528,528,0.050377,0.050377,0.0000e+00
dev-corpus-03,3021,3759,0.000000e+00,3759,3759,0.005512,0.005512,0.0000e+00
dev-corpus-03,3022,963,0.000000e+00,963,963,0.030485,0.030485,0.0000e+00
dev-corpus-03,3023,107,0.000000e+00,107,107,0.001857,0.001857,0.0000e+00
dev-corpus-03,3024,156,0.000000e+00,167,167,8.601097,8.601097,0.0000e+00
dev-corpus-03,3025,1508,0.000000e+00,1508,1508,0.000293,0.000293,0.0000e+00
dev-corpus-03,3026,236761,0.000000e+00,236761,236761,0.000015,0.000015,0.0000e+00
dev-corpus-03,3027,20001,0.000000e+00,20001,20001,0.000076,0.000076,0.0000e+00
dev-corpus-03,3028,236768,0.000000e+00,236768,236768,0.000177,0.000177,0.0000e+00
dev-corpus-03,3029,107,0.000000e+00,107,107,0.008559,0.008559,0.0000e+00
dev-corpus-03,3030,144,0.000000e+00,144,144,0.001196,0.001196,0.0000e+00
dev-corpus-03,3031,2060,0.000000e+00,2060,2060,0.000439,0.000439,0.0000e+00
dev-corpus-03,3032,6288,0.000000e+00,6288,6288,0.000020,0.000020,0.0000e+00
dev-corpus-03,3033,108,0.000000e+00,108,108,0.473023,0.473023,0.0000e+00
dev-corpus-03,3034,140,0.000000e+00,236865,236865,1.508842,1.508842,0.0000e+00
dev-corpus-03,3035,2063,0.000000e+00,236865,236865,0.892616,0.892616,0.0000e+00
dev-corpus-03,3036,974,0.000000e+00,2222,2222,2.569387,2.569387,0.0000e+00
dev-corpus-03,3037,236779,0.000000e+00,236779,236779,0.019256,0.019256,0.0000e+00
dev-corpus-03,3038,207339,0.000000e+00,10480,10480,12.773051,12.773051,0.0000e+00
dev-corpus-03,3039,236769,0.000000e+00,236769,236769,0.008757,0.008757,0.0000e+00
dev-corpus-03,3040,1508,0.000000e+00,1508,1508,0.000009,0.000009,0.0000e+00
dev-corpus-03,3041,1473,0.000000e+00,1473,1473,0.003415,0.003415,0.0000e+00
dev-corpus-03,3042,107,0.000000e+00,107,107,0.000106,0.000106,0.0000e+00
dev-corpus-03,3043,144,0.000000e+00,144,144,0.000328,0.000328,0.0000e+00
dev-corpus-03,3044,2643,0.000000e+00,207339,207339,4.741951,4.741951,0.0000e+00
dev-corpus-03,3045,578,0.000000e+00,578,578,0.000830,0.000830,0.0000e+00
dev-corpus-03,3046,2977,0.000000e+00,1076,1076,4.873774,4.873774,0.0000e+00
dev-corpus-03,3047,107,0.000000e+00,107,107,0.000019,0.000019,0.0000e+00
dev-corpus-03,3048,144,0.000000e+00,144,144,0.000019,0.000019,0.0000e+00
dev-corpus-03,3049,1708,0.000000e+00,1708,1708,0.048911,0.048911,0.0000e+00
dev-corpus-03,3050,3152,0.000000e+00,3152,3152,0.011162,0.011162,0.0000e+00
dev-corpus-03,3051,528,0.000000e+00,528,528,0.000002,0.000002,0.0000e+00
dev-corpus-03,3052,1265,0.000000e+00,1265,1265,0.000042,0.000042,0.0000e+00
dev-corpus-03,3053,236761,0.000000e+00,236761,236761,0.000039,0.000039,0.0000e+00
dev-corpus-03,3054,20001,0.000000e+00,20001,20001,0.000321,0.000321,0.0000e+00
dev-corpus-03,3055,236761,0.000000e+00,236761,236761,0.000000,0.000000,0.0000e+00
dev-corpus-03,3056,4114,0.000000e+00,4114,4114,0.000090,0.000090,0.0000e+00
dev-corpus-03,3057,2598,0.000000e+00,2598,2598,0.000000,0.000000,0.0000e+00
dev-corpus-03,3058,236769,0.000000e+00,236769,236769,0.000029,0.000029,0.0000e+00
dev-corpus-03,3059,1508,0.000000e+00,1508,1508,0.000182,0.000182,0.0000e+00
dev-corpus-03,3060,236761,0.000000e+00,236761,236761,0.000009,0.000009,0.0000e+00
dev-corpus-03,3061,9944,0.000000e+00,9944,9944,0.000732,0.000732,0.0000e+00
dev-corpus-03,3062,1473,0.000000e+00,1473,1473,0.000459,0.000459,0.0000e+00
dev-corpus-03,3063,107,0.000000e+00,107,107,0.000002,0.000002,0.0000e+00
dev-corpus-03,3064,148,0.000000e+00,148,148,0.000836,0.000836,0.0000e+00
dev-corpus-03,3065,21409,0.000000e+00,584,584,1.512532,1.512532,0.0000e+00
dev-corpus-03,3066,578,0.000000e+00,578,578,0.057943,0.057943,0.0000e+00
dev-corpus-03,3067,3152,0.000000e+00,3152,3152,0.000033,0.000033,0.0000e+00
dev-corpus-03,3068,236761,0.000000e+00,236761,236761,0.000001,0.000001,0.0000e+00
dev-corpus-03,3069,4043,0.000000e+00,4043,4043,0.000043,0.000043,0.0000e+00
dev-corpus-03,3070,1033,0.000000e+00,1033,1033,0.000174,0.000174,0.0000e+00
dev-corpus-03,3071,21409,0.000000e+00,21409,21409,0.000184,0.000184,0.0000e+00
dev-corpus-04,3072,107,0.000000e+00,236764,236764,5.039482,5.039482,0.0000e+00
dev-corpus-04,3073,144,0.000000e+00,1018,1018,6.663587,6.663587,0.0000e+00
dev-corpus-04,3074,36208,0.000000e+00,107,107,9.347502,9.347502,0.0000e+00
dev-corpus-04,3075,34563,0.000000e+00,2430,2430,4.939210,4.939210,0.0000e+00
dev-corpus-04,3076,236769,0.000000e+00,236769,236769,0.000050,0.000050,0.0000e+00
dev-corpus-04,3077,106327,0.000000e+00,7837,7837,16.530094,16.530094,0.0000e+00
dev-corpus-04,3078,1901,0.000000e+00,236764,236764,18.059661,18.059661,0.0000e+00
dev-corpus-04,3079,236764,0.000000e+00,236764,236764,0.005764,0.005764,0.0000e+00
dev-corpus-04,3080,1540,0.000000e+00,1540,1540,0.715721,0.715721,0.0000e+00
dev-corpus-04,3081,1473,0.000000e+00,236768,236768,0.720566,0.720566,0.0000e+00
dev-corpus-04,3082,107,0.000000e+00,107,107,0.021210,0.021210,0.0000e+00
dev-corpus-04,3083,148,0.000000e+00,148,148,0.010319,0.010319,0.0000e+00
dev-corpus-04,3084,106327,0.000000e+00,236865,236865,2.080331,2.080331,0.0000e+00
dev-corpus-04,3085,236779,0.000000e+00,1901,1901,4.583378,4.583378,0.0000e+00
dev-corpus-04,3086,8902,0.000000e+00,1901,1901,19.009546,19.009546,0.0000e+00
dev-corpus-04,3087,578,0.000000e+00,578,578,0.010130,0.010130,0.0000e+00
dev-corpus-04,3088,32147,0.000000e+00,23219,23219,12.502096,12.502096,0.0000e+00
dev-corpus-04,3089,513,0.000000e+00,1123,1123,1.543978,1.543978,0.0000e+00
dev-corpus-04,3090,236784,0.000000e+00,236787,236787,12.698065,12.698065,0.0000e+00
dev-corpus-04,3091,236763,0.000000e+00,106327,106327,14.642911,14.642911,0.0000e+00
dev-corpus-04,3092,236789,0.000000e+00,105800,105800,3.028899,3.028899,0.0000e+00
dev-corpus-04,3093,2632,0.000000e+00,19547,19547,0.896539,0.896539,0.0000e+00
dev-corpus-04,3094,2222,0.000000e+00,513,513,6.037010,6.037010,0.0000e+00
dev-corpus-04,3095,11240,0.000000e+00,236769,236769,6.029138,6.029138,0.0000e+00
dev-corpus-04,3096,5285,0.000000e+00,236779,236779,1.592986,1.592986,0.0000e+00
dev-corpus-04,3097,236761,0.000000e+00,236761,236761,0.043760,0.043760,0.0000e+00
dev-corpus-04,3098,1951,0.000000e+00,1951,1951,0.023134,0.023134,0.0000e+00
dev-corpus-04,3099,236769,0.000000e+00,236769,236769,0.004217,0.004217,0.0000e+00
dev-corpus-04,3100,106327,0.000000e+00,236753,236753,3.568332,3.568332,0.0000e+00
dev-corpus-04,3101,1901,0.000000e+00,1901,1901,0.000280,0.000280,0.0000e+00
dev-corpus-04,3102,236764,0.000000e+00,236768,236768,1.069036,1.069036,0.0000e+00
dev-corpus-04,3103,513,0.000000e+00,513,513,0.003120,0.003120,0.0000e+00
dev-corpus-04,3104,236768,0.000000e+00,236768,236768,0.027805,0.027805,0.0000e+00
dev-corpus-04,3105,107,0.000000e+00,107,107,0.079805,0.079805,0.0000e+00
dev-corpus-04,3106,144,0.000000e+00,148,148,3.045851,3.045851,0.0000e+00
dev-corpus-04,3107,4454,0.000000e+00,4454,4454,0.584641,0.584641,0.0000e+00
dev-corpus-04,3108,236787,0.000000e+00,236787,236787,0.000005,0.000005,0.0000e+00
dev-corpus-04,3109,107,0.000000e+00,107,107,0.038804,0.038804,0.0000e+00
dev-corpus-04,3110,148,0.000000e+00,148,148,0.002773,0.002773,0.0000e+00
dev-corpus-04,3111,106327,0.000000e+00,24296,24296,3.329515,3.329515,0.0000e+00
dev-corpus-04,3112,236779,0.000000e+00,236779,236779,0.001266,0.001266,0.0000e+00
dev-corpus-04,3113,8902,0.000000e+00,8902,8902,0.001619,0.001619,0.0000e+00
dev-corpus-04,3114,578,0.000000e+00,578,578,0.000121,0.000121,0.0000e+00
dev-corpus-04,3115,32147,0.000000e+00,5450,5450,1.787635,1.787635,0.0000e+00
dev-corpus-04,3116,513,0.000000e+00,513,513,0.186905,0.186905,0.0000e+00
dev-corpus-04,3117,236784,0.000000e+00,236784,236784,0.559524,0.559524,0.0000e+00
dev-corpus-04,3118,236763,0.000000e+00,236763,236763,0.040865,0.040865,0.0000e+00
dev-corpus-04,3119,236789,0.000000e+00,236789,236789,0.002966,0.002966,0.0000e+00
dev-corpus-04,3120,2632,0.000000e+00,2632,2632,0.000083,0.000083,0.0000e+00
dev-corpus-04,3121,23219,0.000000e+00,2222,2222,5.782754,5.782754,0.0000e+00
dev-corpus-04,3122,1901,0.000000e+00,1901,1901,0.000433,0.000433,0.0000e+00
dev-corpus-04,3123,236761,0.000000e+00,107,107,7.116459,7.116459,0.0000e+00
dev-corpus-04,3124,1951,0.000000e+00,10401,10401,1.114778,1.114778,0.0000e+00
dev-corpus-04,3125,236769,0.000000e+00,236769,236769,0.000622,0.000622,0.0000e+00
dev-corpus-04,3126,236753,0.000000e+00,236753,236753,0.000094,0.000094,0.0000e+00
dev-corpus-04,3127,236768,0.000000e+00,236768,236768,0.000320,0.000320,0.0000e+00
dev-corpus-04,3128,108,0.000000e+00,108,108,0.408091,0.408091,0.0000e+00
dev-corpus-04,3129,144,0.000000e+00,140,140,1.012809,1.012809,0.0000e+00
dev-corpus-04,3130,1508,0.000000e+00,236865,236865,7.545662,7.545662,0.0000e+00
dev-corpus-04,3131,4917,0.000000e+00,236761,236761,4.041884,4.041884,0.0000e+00
dev-corpus-04,3132,8951,0.000000e+00,106327,106327,8.972340,8.972340,0.0000e+00
dev-corpus-04,3133,552,0.000000e+00,552,552,0.001151,0.001151,0.0000e+00
dev-corpus-04,3134,578,0.000000e+00,236779,236779,0.783914,0.783914,0.0000e+00
dev-corpus-04,3135,5450,0.000000e+00,534,534,1.178331,1.178331,0.0000e+00
dev-corpus-04,3136,107,0.000000e+00,107,107,0.272010,0.272010,0.0000e+00
dev-corpus-04,3137,144,0.000000e+00,144,144,0.031714,0.031714,0.0000e+00
dev-corpus-04,3138,1508,0.000000e+00,1508,1508,0.093801,0.093801,0.0000e+00
dev-corpus-04,3139,4917,0.000000e+00,4917,4917,0.055413,0.055413,0.0000e+00
dev-corpus-04,3140,6499,0.000000e+00,106327,106327,15.734202,15.734202,0.0000e+00
dev-corpus-04,3141,578,0.000000e+00,236779,236779,1.521109,1.521109,0.0000e+00
dev-corpus-04,3142,23219,0.000000e+00,5450,5450,3.332637,3.332637,0.0000e+00
dev-corpus-04,3143,236779,0.000000e+00,236779,236779,0.000215,0.000215,0.0000e+00
dev-corpus-04,3144,8902,0.000000e+00,8902,8902,0.000371,0.000371,0.0000e+00
dev-corpus-04,3145,825,0.000000e+00,107,107,2.880724,2.880724,0.0000e+00
dev-corpus-04,3146,107,0.000000e+00,107,107,0.142183,0.142183,0.0000e+00
dev-corpus-04,3147,144,0.000000e+00,144,144,0.010149,0.010149,0.0000e+00
dev-corpus-04,3148,1508,0.000000e+00,1508,1508,0.039609,0.039609,0.0000e+00
dev-corpus-04,3149,4917,0.000000e+00,4917,4917,0.006685,0.006685,0.0000e+00
dev-corpus-04,3150,3859,0.000000e+00,3859,3859,0.628463,0.628463,0.0000e+00
dev-corpus-04,3151,578,0.000000e+00,578,578,0.002756,0.002756,0.0000e+00
dev-corpus-04,3152,23219,0.000000e+00,5450,5450,3.171832,3.171832,0.0000e+00
dev-corpus-04,3153,236779,0.000000e+00,236779,236779,0.000061,0.000061,0.0000e+00
dev-corpus-04,3154,8902,0.000000e+00,8902,8902,0.000054,0.000054,0.0000e+00
dev-corpus-04,3155,825,0.000000e+00,825,825,0.000894,0.000894,0.0000e+00
dev-corpus-04,3156,107,0.000000e+00,108,108,1.447715,1.447715,0.0000e+00
dev-corpus-04,3157,144,0.000000e+00,144,144,0.044185,0.044185,0.0000e+00
dev-corpus-04,3158,1508,0.000000e+00,1508,1508,0.144574,0.144574,0.0000e+00
dev-corpus-04,3159,236761,0.000000e+00,4917,4917,2.660183,2.660183,0.0000e+00
dev-corpus-04,3160,106327,0.000000e+00,106327,106327,0.614393,0.614393,0.0000e+00
dev-corpus-04,3161,236779,0.000000e+00,236779,236779,0.061010,0.061010,0.0000e+00
dev-corpus-04,3162,2086,0.000000e+00,2086,2086,0.731921,0.731921,0.0000e+00
dev-corpus-04,3163,578,0.000000e+00,578,578,0.003519,0.003519,0.0000e+00
dev-corpus-04,3164,1265,0.000000e+00,1265,1265,0.527758,0.527758,0.0000e+00
dev-corpus-04,3165,4917,0.000000e+00,4917,4917,0.014660,0.014660,0.0000e+00
dev-corpus-04,3166,3859,0.000000e+00,6499,6499,5.889931,5.889931,0.0000e+00
dev-corpus-04,3167,236761,0.000000e+00,236761,236761,0.002342,0.002342,0.0000e+00
dev-corpus-04,3168,106327,0.000000e+00,106327,106327,0.000066,0.000066,0.0000e+00
dev-corpus-04,3169,236779,0.000000e+00,236779,236779,0.000253,0.000253,0.0000e+00
dev-corpus-04,3170,2086,0.000000e+00,2086,2086,0.032873,0.032873,0.0000e+00
dev-corpus-04,3171,108,0.000000e+00,108,108,0.591683,0.591683,0.0000e+00
dev-corpus-04,3172,144,0.000000e+00,140,140,2.037596,2.037596,0.0000e+00
dev-corpus-04,3173,584,0.000000e+00,236865,236865,1.530280,1.530280,0.0000e+00
dev-corpus-04,3174,76330,0.000000e+00,1265,1265,3.119269,3.119269,0.0000e+00
dev-corpus-04,3175,236769,0.000000e+00,236769,236769,0.000559,0.000559,0.0000e+00
dev-corpus-04,3176,1508,0.000000e+00,1508,1508,0.371557,0.371557,0.0000e+00
dev-corpus-04,3177,4917,0.000000e+00,236764,236764,2.351176,2.351176,0.0000e+00
dev-corpus-04,3178,3859,0.000000e+00,6499,6499,1.673948,1.673948,0.0000e+00
dev-corpus-04,3179,236764,0.000000e+00,236764,236764,0.001119,0.001119,0.0000e+00
dev-corpus-04,3180,756,0.000000e+00,756,756,0.112916,0.112916,0.0000e+00
dev-corpus-04,3181,5088,0.000000e+00,10401,10401,9.465024,9.465024,0.0000e+00
dev-corpus-04,3182,236779,0.000000e+00,236779,236779,0.000760,0.000760,0.0000e+00
dev-corpus-04,3183,2086,0.000000e+00,2086,2086,0.000004,0.000004,0.0000e+00
dev-corpus-04,3184,23314,0.000000e+00,23314,23314,0.189193,0.189193,0.0000e+00
dev-corpus-04,3185,107,0.000000e+00,107,107,0.001244,0.001244,0.0000e+00
dev-corpus-04,3186,148,0.000000e+00,148,148,0.002675,0.002675,0.0000e+00
dev-corpus-04,3187,5088,0.000000e+00,1508,1508,7.095560,7.095560,0.0000e+00
dev-corpus-04,3188,2086,0.000000e+00,236779,236779,7.811914,7.811914,0.0000e+00
dev-corpus-04,3189,578,0.000000e+00,578,578,0.005833,0.005833,0.0000e+00
dev-corpus-04,3190,1265,0.000000e+00,1265,1265,0.000218,0.000218,0.0000e+00
dev-corpus-04,3191,4917,0.000000e+00,4917,4917,0.000041,0.000041,0.0000e+00
dev-corpus-04,3192,3859,0.000000e+00,3859,3859,0.000238,0.000238,0.0000e+00
dev-corpus-04,3193,236761,0.000000e+00,236761,236761,0.000018,0.000018,0.0000e+00
dev-corpus-04,3194,5088,0.000000e+00,5088,5088,0.001101,0.001101,0.0000e+00
dev-corpus-04,3195,236779,0.000000e+00,236779,236779,0.000024,0.000024,0.0000e+00
dev-corpus-04,3196,2086,0.000000e+00,2086,2086,0.000008,0.000008,0.0000e+00
dev-corpus-04,3197,107,0.000000e+00,107,107,0.001943,0.001943,0.0000e+00
dev-corpus-04,3198,148,0.000000e+00,144,144,2.479895,2.479895,0.0000e+00
dev-corpus-04,3199,584,0.000000e+00,1508,1508,2.469912,2.469912,0.0000e+00
dev-corpus-04,3200,3355,0.000000e+00,3355,3355,0.390303,0.390303,0.0000e+00
dev-corpus-04,3201,2086,0.000000e+00,2086,2086,0.000176,0.000176,0.0000e+00
dev-corpus-04,3202,655,0.000000e+00,563,563,6.782558,6.782558,0.0000e+00
dev-corpus-04,3203,236743,0.000000e+00,236743,236743,0.029999,0.029999,0.0000e+00
dev-corpus-04,3204,236770,0.000000e+00,236770,236770,1.124404,1.124404,0.0000e+00
dev-corpus-04,3205,236825,0.000000e+00,236825,236825,0.506293,0.506293,0.0000e+00
dev-corpus-04,3206,236787,0.000000e+00,236787,236787,0.013993,0.013993,0.0000e+00
dev-corpus-04,3207,107,0.000000e+00,107,107,0.009669,0.009669,0.0000e+00
dev-corpus-04,3208,152,0.000000e+00,152,152,0.002936,0.002936,0.0000e+00
dev-corpus-04,3209,236779,0.000000e+00,24296,24296,9.632200,9.632200,0.0000e+00
dev-corpus-04,3210,88319,0.000000e+00,139955,139955,1.217103,1.217103,0.0000e+00
dev-corpus-04,3211,236761,0.000000e+00,236761,236761,0.001597,0.001597,0.0000e+00
dev-corpus-04,3212,37877,0.000000e+00,37877,37877,0.001762,0.001762,0.0000e+00
dev-corpus-04,3213,1033,0.000000e+00,885,885,4.140438,4.140438,0.0000e+00
dev-corpus-04,3214,5088,0.000000e+00,42025,42025,4.928309,4.928309,0.0000e+00
dev-corpus-04,3215,236779,0.000000e+00,236779,236779,0.163866,0.163866,0.0000e+00
dev-corpus-04,3216,2086,0.000000e+00,2086,2086,0.013568,0.013568,0.0000e+00
dev-corpus-04,3217,529,0.000000e+00,563,563,2.796291,2.796291,0.0000e+00
dev-corpus-04,3218,2144,0.000000e+00,2144,2144,0.749936,0.749936,0.0000e+00
dev-corpus-04,3219,236753,0.000000e+00,236751,236751,8.941810,8.941810,0.0000e+00
dev-corpus-04,3220,5072,0.000000e+00,563,563,6.425747,6.425747,0.0000e+00
dev-corpus-04,3221,2311,0.000000e+00,2311,2311,0.045052,0.045052,0.0000e+00
dev-corpus-04,3222,1944,0.000000e+00,1944,1944,0.001083,0.001083,0.0000e+00
dev-corpus-04,3223,236793,0.000000e+00,573,573,5.843908,5.843908,0.0000e+00
dev-corpus-04,3224,1699,0.000000e+00,1699,1699,1.167695,1.167695,0.0000e+00
dev-corpus-04,3225,1023,0.000000e+00,236743,236743,13.490265,13.490265,0.0000e+00
dev-corpus-04,3226,756,0.000000e+00,3678,3678,10.690091,10.690091,0.0000e+00
dev-corpus-04,3227,107,0.000000e+00,107,107,0.054505,0.054505,0.0000e+00
dev-corpus-04,3228,167,0.000000e+00,167,167,0.071039,0.071039,0.0000e+00
dev-corpus-04,3229,236789,0.000000e+00,138,138,2.958338,2.958338,0.0000e+00
dev-corpus-04,3230,6665,0.000000e+00,6665,6665,0.101773,0.101773,0.0000e+00
dev-corpus-04,3231,529,0.000000e+00,529,529,0.169380,0.169380,0.0000e+00
dev-corpus-04,3232,2144,0.000000e+00,236743,236743,5.199318,5.199318,0.0000e+00
dev-corpus-04,3233,236753,0.000000e+00,236753,236753,0.000474,0.000474,0.0000e+00
dev-corpus-04,3234,7085,0.000000e+00,236789,236789,2.150838,2.150838,0.0000e+00
dev-corpus-04,3235,2144,0.000000e+00,2144,2144,0.000063,0.000063,0.0000e+00
dev-corpus-04,3236,568,0.000000e+00,568,568,0.000339,0.000339,0.0000e+00
dev-corpus-04,3237,5088,0.000000e+00,5088,5088,0.004547,0.004547,0.0000e+00
dev-corpus-04,3238,2086,0.000000e+00,2086,2086,0.000016,0.000016,0.0000e+00
dev-corpus-04,3239,236764,0.000000e+00,236764,236764,0.000144,0.000144,0.0000e+00
dev-corpus-04,3240,1265,0.000000e+00,236743,236743,7.956041,7.956041,0.0000e+00
dev-corpus-04,3241,236761,0.000000e+00,236761,236761,0.141921,0.141921,0.0000e+00
dev-corpus-04,3242,5088,0.000000e+00,5088,5088,1.050224,1.050224,0.0000e+00
dev-corpus-04,3243,2086,0.000000e+00,236779,236779,4.312304,4.312304,0.0000e+00
dev-corpus-04,3244,779,0.000000e+00,1223,1223,5.678050,5.678050,0.0000e+00
dev-corpus-04,3245,107,0.000000e+00,107,107,0.245971,0.245971,0.0000e+00
dev-corpus-04,3246,167,0.000000e+00,167,167,0.006666,0.006666,0.0000e+00
dev-corpus-04,3247,28755,0.000000e+00,28755,28755,0.486951,0.486951,0.0000e+00
dev-corpus-04,3248,21672,0.000000e+00,21672,21672,0.000000,0.000000,0.0000e+00
dev-corpus-04,3249,236764,0.000000e+00,236768,236768,8.954212,8.954212,0.0000e+00
dev-corpus-04,3250,236743,0.000000e+00,10166,10166,11.685005,11.685005,0.0000e+00
dev-corpus-04,3251,236778,0.000000e+00,236770,236770,1.866522,1.866522,0.0000e+00
dev-corpus-04,3252,236768,0.000000e+00,236768,236768,0.000929,0.000929,0.0000e+00
dev-corpus-04,3253,107,0.000000e+00,107,107,0.008575,0.008575,0.0000e+00
dev-corpus-04,3254,152,0.000000e+00,152,152,0.023913,0.023913,0.0000e+00
dev-corpus-04,3255,5088,0.000000e+00,5088,5088,0.068646,0.068646,0.0000e+00
dev-corpus-04,3256,2086,0.000000e+00,2086,2086,0.003828,0.003828,0.0000e+00
dev-corpus-04,3257,578,0.000000e+00,578,578,0.000055,0.000055,0.0000e+00
dev-corpus-04,3258,1265,0.000000e+00,1265,1265,0.002086,0.002086,0.0000e+00
dev-corpus-04,3259,236761,0.000000e+00,236761,236761,0.000091,0.000091,0.0000e+00
dev-corpus-04,3260,5088,0.000000e+00,5088,5088,0.000020,0.000020,0.0000e+00
dev-corpus-04,3261,2086,0.000000e+00,2086,2086,0.000131,0.000131,0.0000e+00
dev-corpus-04,3262,107,0.000000e+00,107,107,0.190042,0.190042,0.0000e+00
dev-corpus-04,3263,144,0.000000e+00,148,148,1.164751,1.164751,0.0000e+00
dev-corpus-04,3264,4454,0.000000e+00,4454,4454,0.002382,0.002382,0.0000e+00
dev-corpus-04,3265,236787,0.000000e+00,236787,236787,0.000008,0.000008,0.0000e+00
dev-corpus-04,3266,107,0.000000e+00,107,107,0.000652,0.000652,0.0000e+00
dev-corpus-04,3267,148,0.000000e+00,148,148,0.002563,0.002563,0.0000e+00
dev-corpus-04,3268,236779,0.000000e+00,5088,5088,9.881578,9.881578,0.0000e+00
dev-corpus-04,3269,88319,0.000000e+00,88319,88319,0.001279,0.001279,0.0000e+00
dev-corpus-04,3270,236761,0.000000e+00,236761,236761,0.000002,0.000002,0.0000e+00
dev-corpus-04,3271,37877,0.000000e+00,37877,37877,0.000021,0.000021,0.0000e+00
dev-corpus-04,3272,1033,0.000000e+00,1033,1033,0.029562,0.029562,0.0000e+00
dev-corpus-04,3273,3771,0.000000e+00,106327,106327,2.646201,2.646201,0.0000e+00
dev-corpus-04,3274,3355,0.000000e+00,3355,3355,0.006756,0.006756,0.0000e+00
dev-corpus-04,3275,236779,0.000000e+00,236779,236779,0.033316,0.033316,0.0000e+00
dev-corpus-04,3276,2086,0.000000e+00,2086,2086,0.000001,0.000001,0.0000e+00
dev-corpus-04,3277,9176,0.000000e+00,9176,9176,0.584028,0.584028,0.0000e+00
dev-corpus-04,3278,580,0.000000e+00,1765,1765,2.879311,2.879311,0.0000e+00
dev-corpus-04,3279,2238,0.000000e+00,2144,2144,11.324047,11.324047,0.0000e+00
dev-corpus-04,3280,23219,0.000000e+00,23219,23219,0.172456,0.172456,0.0000e+00
dev-corpus-04,3281,2495,0.000000e+00,1901,1901,5.387701,5.387701,0.0000e+00
dev-corpus-04,3282,236793,0.000000e+00,236793,236793,0.072371,0.072371,0.0000e+00
dev-corpus-04,3283,756,0.000000e+00,1699,1699,1.480488,1.480488,0.0000e+00
dev-corpus-04,3284,107,0.000000e+00,107,107,0.000173,0.000173,0.0000e+00
dev-corpus-04,3285,163,0.000000e+00,163,163,0.902254,0.902254,0.0000e+00
dev-corpus-04,3286,236789,0.000000e+00,236789,236789,0.000213,0.000213,0.0000e+00
dev-corpus-04,3287,83033,0.000000e+00,3091,3091,10.595829,10.595829,0.0000e+00
dev-corpus-04,3288,2144,0.000000e+00,3678,3678,2.551614,2.551614,0.0000e+00
dev-corpus-04,3289,236753,0.000000e+00,236753,236753,0.008331,0.008331,0.0000e+00
dev-corpus-04,3290,7085,0.000000e+00,7085,7085,0.090739,0.090739,0.0000e+00
dev-corpus-04,3291,2144,0.000000e+00,2144,2144,0.000021,0.000021,0.0000e+00
dev-corpus-04,3292,568,0.000000e+00,1265,1265,0.873956,0.873956,0.0000e+00
dev-corpus-04,3293,1508,0.000000e+00,1508,1508,0.000226,0.000226,0.0000e+00
dev-corpus-04,3294,236761,0.000000e+00,236761,236761,0.000026,0.000026,0.0000e+00
dev-corpus-04,3295,5088,0.000000e+00,5088,5088,0.000099,0.000099,0.0000e+00
dev-corpus-04,3296,2086,0.000000e+00,2086,2086,0.000002,0.000002,0.0000e+00
dev-corpus-04,3297,779,0.000000e+00,779,779,0.013231,0.013231,0.0000e+00
dev-corpus-04,3298,107,0.000000e+00,35949,35949,1.348240,1.348240,0.0000e+00
dev-corpus-04,3299,163,0.000000e+00,163,163,0.000315,0.000315,0.0000e+00
dev-corpus-04,3300,28755,0.000000e+00,28755,28755,0.008235,0.008235,0.0000e+00
dev-corpus-04,3301,21672,0.000000e+00,21672,21672,0.000000,0.000000,0.0000e+00
dev-corpus-04,3302,236764,0.000000e+00,236764,236764,0.142137,0.142137,0.0000e+00
dev-corpus-04,3303,236743,0.000000e+00,236743,236743,0.000028,0.000028,0.0000e+00
dev-corpus-04,3304,236778,0.000000e+00,236778,236778,0.001112,0.001112,0.0000e+00
dev-corpus-04,3305,236768,0.000000e+00,236768,236768,0.000033,0.000033,0.0000e+00
dev-corpus-04,3306,107,0.000000e+00,107,107,0.020623,0.020623,0.0000e+00
dev-corpus-04,3307,148,0.000000e+00,144,144,1.538804,1.538804,0.0000e+00
dev-corpus-04,3308,5088,0.000000e+00,5088,5088,0.007444,0.007444,0.0000e+00
dev-corpus-04,3309,2086,0.000000e+00,2086,2086,0.000020,0.000020,0.0000e+00
dev-corpus-04,3310,578,0.000000e+00,578,578,0.000005,0.000005,0.0000e+00
dev-corpus-04,3311,1265,0.000000e+00,1265,1265,0.000024,0.000024,0.0000e+00
dev-corpus-04,3312,236761,0.000000e+00,236761,236761,0.000018,0.000018,0.0000e+00
dev-corpus-04,3313,5088,0.000000e+00,5088,5088,0.000018,0.000018,0.0000e+00
dev-corpus-04,3314,2086,0.000000e+00,2086,2086,0.000319,0.000319,0.0000e+00
dev-corpus-04,3315,108,0.000000e+00,108,108,0.063150,0.063150,0.0000e+00
dev-corpus-04,3316,144,0.000000e+00,144,144,0.018618,0.018618,0.0000e+00
dev-corpus-04,3317,584,0.000000e+00,1508,1508,3.739950,3.739950,0.0000e+00
dev-corpus-04,3318,5980,0.000000e+00,1265,1265,5.876246,5.876246,0.0000e+00
dev-corpus-04,3319,236769,0.000000e+00,236769,236769,0.002749,0.002749,0.0000e+00
dev-corpus-04,3320,2478,0.000000e+00,1508,1508,1.941693,1.941693,0.0000e+00
dev-corpus-04,3321,236768,0.000000e+00,236768,236768,0.027511,0.027511,0.0000e+00
dev-corpus-04,3322,1890,0.000000e+00,1251,1251,1.937701,1.937701,0.0000e+00
dev-corpus-04,3323,3355,0.000000e+00,236743,236743,2.913139,2.913139,0.0000e+00
dev-corpus-04,3324,2086,0.000000e+00,2086,2086,0.000026,0.000026,0.0000e+00
dev-corpus-04,3325,236787,0.000000e+00,236787,236787,0.013782,0.013782,0.0000e+00
dev-corpus-04,3326,107,0.000000e+00,107,107,0.000149,0.000149,0.0000e+00
dev-corpus-04,3327,148,0.000000e+00,148,148,0.011271,0.011271,0.0000e+00
dev-corpus-04,3328,2478,0.000000e+00,236779,236779,4.422696,4.422696,0.0000e+00
dev-corpus-04,3329,578,0.000000e+00,578,578,0.013720,0.013720,0.0000e+00
dev-corpus-04,3330,23219,0.000000e+00,2307,2307,9.568768,9.568768,0.0000e+00
dev-corpus-04,3331,236779,0.000000e+00,236779,236779,0.012484,0.012484,0.0000e+00
dev-corpus-04,3332,8902,0.000000e+00,8902,8902,0.003358,0.003358,0.0000e+00
dev-corpus-04,3333,236769,0.000000e+00,236769,236769,0.062166,0.062166,0.0000e+00
dev-corpus-04,3334,2478,0.000000e+00,2478,2478,0.145863,0.145863,0.0000e+00
dev-corpus-04,3335,769,0.000000e+00,236768,236768,7.509891,7.509891,0.0000e+00
dev-corpus-04,3336,106327,0.000000e+00,106327,106327,0.000029,0.000029,0.0000e+00
dev-corpus-04,3337,825,0.000000e+00,825,825,0.013603,0.013603,0.0000e+00
dev-corpus-04,3338,108,0.000000e+00,107,107,2.737520,2.737520,0.0000e+00
dev-corpus-04,3339,144,0.000000e+00,144,144,0.062349,0.062349,0.0000e+00
dev-corpus-04,3340,236865,0.000000e+00,1508,1508,2.958663,2.958663,0.0000e+00
dev-corpus-04,3341,1265,0.000000e+00,3729,3729,6.605709,6.605709,0.0000e+00
dev-corpus-04,3342,236761,0.000000e+00,4917,4917,1.935699,1.935699,0.0000e+00
dev-corpus-04,3343,5088,0.000000e+00,5088,5088,0.548561,0.548561,0.0000e+00
dev-corpus-04,3344,2086,0.000000e+00,2086,2086,0.557605,0.557605,0.0000e+00
dev-corpus-04,3345,563,0.000000e+00,563,563,0.273536,0.273536,0.0000e+00
dev-corpus-04,3346,506,0.000000e+00,1456,1456,1.868885,1.868885,0.0000e+00
dev-corpus-04,3347,3678,0.000000e+00,3678,3678,0.631394,0.631394,0.0000e+00
dev-corpus-04,3348,3355,0.000000e+00,3355,3355,0.235755,0.235755,0.0000e+00
dev-corpus-04,3349,2086,0.000000e+00,2425,2425,2.508159,2.508159,0.0000e+00
dev-corpus-04,3350,236761,0.000000e+00,1456,1456,4.895051,4.895051,0.0000e+00
dev-corpus-04,3351,1265,0.000000e+00,107,107,9.518360,9.518360,0.0000e+00
dev-corpus-04,3352,236761,0.000000e+00,236761,236761,0.081005,0.081005,0.0000e+00
dev-corpus-04,3353,5088,0.000000e+00,5088,5088,0.005021,0.005021,0.0000e+00
dev-corpus-04,3354,236779,0.000000e+00,2086,2086,6.468065,6.468065,0.0000e+00
dev-corpus-04,3355,2086,0.000000e+00,2086,2086,0.003279,0.003279,0.0000e+00
dev-corpus-04,3356,563,0.000000e+00,563,563,0.050987,0.050987,0.0000e+00
dev-corpus-04,3357,107,0.000000e+00,506,506,5.224172,5.224172,0.0000e+00
dev-corpus-04,3358,144,0.000000e+00,144,144,0.001474,0.001474,0.0000e+00
dev-corpus-04,3359,236865,0.000000e+00,236865,236865,0.041151,0.041151,0.0000e+00
dev-corpus-04,3360,5225,0.000000e+00,506,506,12.877164,12.877164,0.0000e+00
dev-corpus-04,3361,3355,0.000000e+00,3355,3355,0.179627,0.179627,0.0000e+00
dev-corpus-04,3362,2425,0.000000e+00,2086,2086,2.327230,2.327230,0.0000e+00
dev-corpus-04,3363,618,0.000000e+00,236761,236761,8.392867,8.392867,0.0000e+00
dev-corpus-04,3364,1388,0.000000e+00,6185,6185,7.693571,7.693571,0.0000e+00
dev-corpus-04,3365,618,0.000000e+00,236761,236761,3.253462,3.253462,0.0000e+00
dev-corpus-04,3366,506,0.000000e+00,506,506,0.654749,0.654749,0.0000e+00
dev-corpus-04,3367,1237,0.000000e+00,886,886,8.157856,8.157856,0.0000e+00
dev-corpus-04,3368,9299,0.000000e+00,9299,9299,1.301656,1.301656,0.0000e+00
dev-corpus-04,3369,9176,0.000000e+00,236761,236761,2.095511,2.095511,0.0000e+00
dev-corpus-04,3370,236761,0.000000e+00,236761,236761,0.057582,0.057582,0.0000e+00
dev-corpus-04,3371,107,0.000000e+00,107,107,0.036998,0.036998,0.0000e+00
dev-corpus-04,3372,144,0.000000e+00,144,144,0.000574,0.000574,0.0000e+00
dev-corpus-04,3373,1508,0.000000e+00,1508,1508,0.457967,0.457967,0.0000e+00
dev-corpus-04,3374,236761,0.000000e+00,236761,236761,0.029022,0.029022,0.0000e+00
dev-corpus-04,3375,5088,0.000000e+00,5088,5088,0.001763,0.001763,0.0000e+00
dev-corpus-04,3376,236779,0.000000e+00,2086,2086,3.866769,3.866769,0.0000e+00
dev-corpus-04,3377,2086,0.000000e+00,2086,2086,0.000195,0.000195,0.0000e+00
dev-corpus-04,3378,578,0.000000e+00,578,578,0.001573,0.001573,0.0000e+00
dev-corpus-04,3379,3355,0.000000e+00,3355,3355,0.022254,0.022254,0.0000e+00
dev-corpus-04,3380,2086,0.000000e+00,2086,2086,0.000021,0.000021,0.0000e+00
dev-corpus-04,3381,108,0.000000e+00,108,108,0.297767,0.297767,0.0000e+00
dev-corpus-04,3382,144,0.000000e+00,144,144,0.161778,0.161778,0.0000e+00
dev-corpus-04,3383,2478,0.000000e+00,1508,1508,10.605850,10.605850,0.0000e+00
dev-corpus-04,3384,578,0.000000e+00,236779,236779,2.005285,2.005285,0.0000e+00
dev-corpus-04,3385,2307,0.000000e+00,23219,23219,1.765254,1.765254,0.0000e+00
dev-corpus-04,3386,236761,0.000000e+00,236761,236761,0.339053,0.339053,0.0000e+00
dev-corpus-04,3387,236752,0.000000e+00,18016,18016,1.758631,1.758631,0.0000e+00
dev-corpus-04,3388,4017,0.000000e+00,4017,4017,0.002464,0.002464,0.0000e+00
dev-corpus-04,3389,236769,0.000000e+00,236769,236769,0.000343,0.000343,0.0000e+00
dev-corpus-04,3390,5088,0.000000e+00,5088,5088,0.231567,0.231567,0.0000e+00
dev-corpus-04,3391,2086,0.000000e+00,2086,2086,0.005275,0.005275,0.0000e+00
dev-corpus-04,3392,236764,0.000000e+00,236764,236764,0.014059,0.014059,0.0000e+00
dev-corpus-04,3393,518,0.000000e+00,518,518,0.000138,0.000138,0.0000e+00
dev-corpus-04,3394,39957,0.000000e+00,39957,39957,0.000211,0.000211,0.0000e+00
dev-corpus-04,3395,236771,0.000000e+00,236771,236771,0.297147,0.297147,0.0000e+00
dev-corpus-04,3396,1606,0.000000e+00,1606,1606,0.001934,0.001934,0.0000e+00
dev-corpus-04,3397,107,0.000000e+00,108,108,1.023699,1.023699,0.0000e+00
dev-corpus-04,3398,144,0.000000e+00,144,144,0.107682,0.107682,0.0000e+00
dev-corpus-04,3399,1508,0.000000e+00,1508,1508,0.093520,0.093520,0.0000e+00
dev-corpus-04,3400,4917,0.000000e+00,4917,4917,0.015232,0.015232,0.0000e+00
dev-corpus-04,3401,6499,0.000000e+00,2478,2478,1.743575,1.743575,0.0000e+00
dev-corpus-04,3402,236761,0.000000e+00,236761,236761,0.010852,0.010852,0.0000e+00
dev-corpus-04,3403,6010,0.000000e+00,6010,6010,0.025367,0.025367,0.0000e+00
dev-corpus-04,3404,236769,0.000000e+00,236769,236769,0.000062,0.000062,0.0000e+00
dev-corpus-04,3405,2478,0.000000e+00,2478,2478,0.003184,0.003184,0.0000e+00
dev-corpus-04,3406,236761,0.000000e+00,236768,236768,7.228381,7.228381,0.0000e+00
dev-corpus-04,3407,20905,0.000000e+00,236752,236752,15.979604,15.979604,0.0000e+00
dev-corpus-04,3408,236769,0.000000e+00,236769,236769,0.000506,0.000506,0.0000e+00
dev-corpus-04,3409,3849,0.000000e+00,9336,9336,12.869298,12.869298,0.0000e+00
dev-corpus-04,3410,236779,0.000000e+00,236784,236784,2.632899,2.632899,0.0000e+00
dev-corpus-04,3411,236810,0.000000e+00,5127,5127,13.678678,13.678678,0.0000e+00
dev-corpus-04,3412,236780,0.000000e+00,1223,1223,14.599934,14.599934,0.0000e+00
dev-corpus-04,3413,1223,0.000000e+00,1223,1223,0.436458,0.436458,0.0000e+00
dev-corpus-04,3414,107,0.000000e+00,107,107,0.096410,0.096410,0.0000e+00
dev-corpus-04,3415,144,0.000000e+00,144,144,0.000938,0.000938,0.0000e+00
dev-corpus-04,3416,1508,0.000000e+00,1508,1508,0.006412,0.006412,0.0000e+00
dev-corpus-04,3417,4917,0.000000e+00,4917,4917,0.001034,0.001034,0.0000e+00
dev-corpus-04,3418,3859,0.000000e+00,3859,3859,0.033755,0.033755,0.0000e+00
dev-corpus-04,3419,236761,0.000000e+00,236761,236761,0.000077,0.000077,0.0000e+00
dev-corpus-04,3420,6010,0.000000e+00,6010,6010,0.000268,0.000268,0.0000e+00
dev-corpus-04,3421,236769,0.000000e+00,236769,236769,0.000064,0.000064,0.0000e+00
dev-corpus-04,3422,2478,0.000000e+00,2478,2478,0.008037,0.008037,0.0000e+00
dev-corpus-04,3423,236761,0.000000e+00,236761,236761,0.001023,0.001023,0.0000e+00
dev-corpus-04,3424,20905,0.000000e+00,20905,20905,0.001257,0.001257,0.0000e+00
dev-corpus-04,3425,236769,0.000000e+00,236769,236769,0.000000,0.000000,0.0000e+00
dev-corpus-04,3426,3849,0.000000e+00,3849,3849,0.000001,0.000001,0.0000e+00
dev-corpus-04,3427,236779,0.000000e+00,236779,236779,0.000002,0.000002,0.0000e+00
dev-corpus-04,3428,236800,0.000000e+00,236810,236810,13.832525,13.832525,0.0000e+00
dev-corpus-04,3429,236825,0.000000e+00,236780,236780,6.068673,6.068673,0.0000e+00
dev-corpus-04,3430,1223,0.000000e+00,1223,1223,0.001389,0.001389,0.0000e+00
dev-corpus-04,3431,107,0.000000e+00,108,108,1.804117,1.804117,0.0000e+00
dev-corpus-04,3432,144,0.000000e+00,2717,2717,1.097443,1.097443,0.0000e+00
dev-corpus-04,3433,584,0.000000e+00,1508,1508,7.206336,7.206336,0.0000e+00
dev-corpus-04,3434,11683,0.000000e+00,1265,1265,13.709833,13.709833,0.0000e+00
dev-corpus-04,3435,563,0.000000e+00,563,563,0.390496,0.390496,0.0000e+00
dev-corpus-04,3436,711,0.000000e+00,711,711,0.034964,0.034964,0.0000e+00
dev-corpus-04,3437,5450,0.000000e+00,5450,5450,0.000201,0.000201,0.0000e+00
dev-corpus-04,3438,236787,0.000000e+00,236787,236787,0.002706,0.002706,0.0000e+00
dev-corpus-04,3439,107,0.000000e+00,107,107,0.000124,0.000124,0.0000e+00
dev-corpus-04,3440,148,0.000000e+00,148,148,0.000694,0.000694,0.0000e+00
dev-corpus-04,3441,1508,0.000000e+00,1508,1508,0.017877,0.017877,0.0000e+00
dev-corpus-04,3442,236761,0.000000e+00,4917,4917,4.215787,4.215787,0.0000e+00
dev-corpus-04,3443,6010,0.000000e+00,8466,8466,4.057720,4.057720,0.0000e+00
dev-corpus-04,3444,236769,0.000000e+00,236769,236769,0.001413,0.001413,0.0000e+00
dev-corpus-04,3445,8466,0.000000e+00,8466,8466,0.000600,0.000600,0.0000e+00
dev-corpus-04,3446,236768,0.000000e+00,236768,236768,0.011493,0.011493,0.0000e+00
dev-corpus-04,3447,108,0.000000e+00,108,108,0.573619,0.573619,0.0000e+00
dev-corpus-04,3448,140,0.000000e+00,140,140,0.426850,0.426850,0.0000e+00
dev-corpus-04,3449,236940,0.000000e+00,236865,236865,5.928801,5.928801,0.0000e+00
dev-corpus-04,3450,12363,0.000000e+00,12363,12363,0.081306,0.081306,0.0000e+00
dev-corpus-04,3451,107,0.000000e+00,107,107,0.000046,0.000046,0.0000e+00
dev-corpus-04,3452,140,0.000000e+00,140,140,0.000782,0.000782,0.0000e+00
dev-corpus-04,3453,2063,0.000000e+00,2063,2063,0.001268,0.001268,0.0000e+00
dev-corpus-04,3454,1463,0.000000e+00,23219,23219,7.133579,7.133579,0.0000e+00
dev-corpus-04,3455,236769,0.000000e+00,236769,236769,0.000193,0.000193,0.0000e+00
dev-corpus-04,3456,1508,0.000000e+00,1508,1508,0.000018,0.000018,0.0000e+00
dev-corpus-04,3457,1473,0.000000e+00,1473,1473,0.000759,0.000759,0.0000e+00
dev-corpus-04,3458,107,0.000000e+00,107,107,0.000337,0.000337,0.0000e+00
dev-corpus-04,3459,144,0.000000e+00,144,144,0.000161,0.000161,0.0000e+00
dev-corpus-04,3460,584,0.000000e+00,2060,2060,5.477874,5.477874,0.0000e+00
dev-corpus-04,3461,1265,0.000000e+00,1265,1265,0.112266,0.112266,0.0000e+00
dev-corpus-04,3462,4917,0.000000e+00,4917,4917,0.012218,0.012218,0.0000e+00
dev-corpus-04,3463,8951,0.000000e+00,8951,8951,0.929808,0.929808,0.0000e+00
dev-corpus-04,3464,552,0.000000e+00,552,552,0.000001,0.000001,0.0000e+00
dev-corpus-04,3465,236787,0.000000e+00,236787,236787,0.067503,0.067503,0.0000e+00
dev-corpus-04,3466,107,0.000000e+00,107,107,0.001625,0.001625,0.0000e+00
dev-corpus-04,3467,148,0.000000e+00,148,148,0.000177,0.000177,0.0000e+00
dev-corpus-04,3468,2060,0.000000e+00,2060,2060,0.002123,0.002123,0.0000e+00
dev-corpus-04,3469,1265,0.000000e+00,517,517,2.930290,2.930290,0.0000e+00
dev-corpus-04,3470,4917,0.000000e+00,4917,4917,0.012455,0.012455,0.0000e+00
dev-corpus-04,3471,8951,0.000000e+00,8951,8951,0.023344,0.023344,0.0000e+00
dev-corpus-04,3472,552,0.000000e+00,552,552,0.000024,0.000024,0.0000e+00
dev-corpus-04,3473,236761,0.000000e+00,107,107,4.813207,4.813207,0.0000e+00
dev-corpus-04,3474,1201,0.000000e+00,1201,1201,0.003292,0.003292,0.0000e+00
dev-corpus-04,3475,107,0.000000e+00,107,107,0.008659,0.008659,0.0000e+00
dev-corpus-04,3476,144,0.000000e+00,144,144,0.000088,0.000088,0.0000e+00
dev-corpus-04,3477,4454,0.000000e+00,2060,2060,6.344099,6.344099,0.0000e+00
dev-corpus-04,3478,236787,0.000000e+00,236787,236787,0.000001,0.000001,0.0000e+00
dev-corpus-04,3479,107,0.000000e+00,107,107,0.000465,0.000465,0.0000e+00
dev-corpus-04,3480,148,0.000000e+00,144,144,7.741255,7.741255,0.0000e+00
dev-corpus-04,3481,2060,0.000000e+00,2060,2060,0.094436,0.094436,0.0000e+00
dev-corpus-04,3482,517,0.000000e+00,1265,1265,2.810715,2.810715,0.0000e+00
dev-corpus-04,3483,236775,0.000000e+00,27658,27658,1.155102,1.155102,0.0000e+00
dev-corpus-04,3484,8951,0.000000e+00,42025,42025,3.982651,3.982651,0.0000e+00
dev-corpus-04,3485,552,0.000000e+00,552,552,0.000054,0.000054,0.0000e+00
dev-corpus-04,3486,82988,0.000000e+00,82988,82988,0.236590,0.236590,0.0000e+00
dev-corpus-04,3487,1508,0.000000e+00,1508,1508,0.008618,0.008618,0.0000e+00
dev-corpus-04,3488,4917,0.000000e+00,236761,236761,1.165063,1.165063,0.0000e+00
dev-corpus-04,3489,3859,0.000000e+00,106327,106327,1.897942,1.897942,0.0000e+00
dev-corpus-04,3490,236761,0.000000e+00,236761,236761,0.003679,0.003679,0.0000e+00
dev-corpus-04,3491,1201,0.000000e+00,1201,1201,0.009390,0.009390,0.0000e+00
dev-corpus-04,3492,10623,0.000000e+00,10623,10623,0.014422,0.014422,0.0000e+00
dev-corpus-04,3493,108,0.000000e+00,108,108,0.095640,0.095640,0.0000e+00
dev-corpus-04,3494,140,0.000000e+00,140,140,0.033124,0.033124,0.0000e+00
dev-corpus-04,3495,2063,0.000000e+00,236940,236940,1.636857,1.636857,0.0000e+00
dev-corpus-04,3496,4610,0.000000e+00,668,668,3.217479,3.217479,0.0000e+00
dev-corpus-04,3497,236769,0.000000e+00,236769,236769,0.000252,0.000252,0.0000e+00
dev-corpus-04,3498,1508,0.000000e+00,1508,1508,0.000003,0.000003,0.0000e+00
dev-corpus-04,3499,236764,0.000000e+00,236764,236764,0.000002,0.000002,0.0000e+00
dev-corpus-04,3500,11683,0.000000e+00,11683,11683,0.215359,0.215359,0.0000e+00
dev-corpus-04,3501,1473,0.000000e+00,1473,1473,0.005141,0.005141,0.0000e+00
dev-corpus-04,3502,107,0.000000e+00,107,107,0.000102,0.000102,0.0000e+00
dev-corpus-04,3503,144,0.000000e+00,144,144,0.000303,0.000303,0.0000e+00
dev-corpus-04,3504,12234,0.000000e+00,584,584,5.403493,5.403493,0.0000e+00
dev-corpus-04,3505,28923,0.000000e+00,107,107,6.306457,6.306457,0.0000e+00
dev-corpus-04,3506,1262,0.000000e+00,1262,1262,0.145898,0.145898,0.0000e+00
dev-corpus-04,3507,699,0.000000e+00,1131,1131,13.698730,13.698730,0.0000e+00
dev-corpus-04,3508,11683,0.000000e+00,11683,11683,0.206696,0.206696,0.0000e+00
dev-corpus-04,3509,1131,0.000000e+00,1131,1131,0.176022,0.176022,0.0000e+00
dev-corpus-04,3510,672,0.000000e+00,506,506,4.015394,4.015394,0.0000e+00
dev-corpus-04,3511,214135,0.000000e+00,208596,208596,5.483844,5.483844,0.0000e+00
dev-corpus-04,3512,2495,0.000000e+00,2495,2495,0.044444,0.044444,0.0000e+00
dev-corpus-04,3513,29738,0.000000e+00,29738,29738,0.050073,0.050073,0.0000e+00
dev-corpus-04,3514,107,0.000000e+00,107,107,0.000219,0.000219,0.0000e+00
dev-corpus-04,3515,144,0.000000e+00,144,144,0.000134,0.000134,0.0000e+00
dev-corpus-04,3516,4393,0.000000e+00,584,584,19.572863,19.572863,0.0000e+00
dev-corpus-04,3517,578,0.000000e+00,578,578,0.443105,0.443105,0.0000e+00
dev-corpus-04,3518,1265,0.000000e+00,1265,1265,0.015056,0.015056,0.0000e+00
dev-corpus-04,3519,4917,0.000000e+00,4917,4917,0.093516,0.093516,0.0000e+00
dev-corpus-04,3520,8951,0.000000e+00,6499,6499,3.702656,3.702656,0.0000e+00
dev-corpus-04,3521,552,0.000000e+00,552,552,0.000008,0.000008,0.0000e+00
dev-corpus-04,3522,653,0.000000e+00,107,107,6.263148,6.263148,0.0000e+00
dev-corpus-04,3523,1265,0.000000e+00,1265,1265,0.008954,0.008954,0.0000e+00
dev-corpus-04,3524,4917,0.000000e+00,107,107,1.472783,1.472783,0.0000e+00
dev-corpus-04,3525,3859,0.000000e+00,3859,3859,0.428143,0.428143,0.0000e+00
dev-corpus-04,3526,107,0.000000e+00,107,107,0.025488,0.025488,0.0000e+00
dev-corpus-04,3527,144,0.000000e+00,144,144,0.000011,0.000011,0.0000e+00
dev-corpus-04,3528,4393,0.000000e+00,4393,4393,0.092662,0.092662,0.0000e+00
dev-corpus-04,3529,236761,0.000000e+00,236761,236761,0.000005,0.000005,0.0000e+00
dev-corpus-04,3530,6010,0.000000e+00,6010,6010,0.000000,0.000000,0.0000e+00
dev-corpus-04,3531,236769,0.000000e+00,236769,236769,0.000007,0.000007,0.0000e+00
dev-corpus-04,3532,8466,0.000000e+00,8466,8466,0.000217,0.000217,0.0000e+00
dev-corpus-04,3533,236768,0.000000e+00,236768,236768,0.000583,0.000583,0.0000e+00
dev-corpus-04,3534,108,0.000000e+00,108,108,0.038172,0.038172,0.0000e+00
dev-corpus-04,3535,140,0.000000e+00,140,140,0.044933,0.044933,0.0000e+00
dev-corpus-04,3536,2063,0.000000e+00,2063,2063,0.109428,0.109428,0.0000e+00
dev-corpus-04,3537,4865,0.000000e+00,23219,23219,5.487111,5.487111,0.0000e+00
dev-corpus-04,3538,236769,0.000000e+00,236769,236769,0.003391,0.003391,0.0000e+00
dev-corpus-04,3539,1508,0.000000e+00,1508,1508,0.000004,0.000004,0.0000e+00
dev-corpus-04,3540,1473,0.000000e+00,1473,1473,0.010539,0.010539,0.0000e+00
dev-corpus-04,3541,107,0.000000e+00,107,107,0.000017,0.000017,0.0000e+00
dev-corpus-04,3542,144,0.000000e+00,144,144,0.000108,0.000108,0.0000e+00
dev-corpus-04,3543,12234,0.000000e+00,12234,12234,0.022344,0.022344,0.0000e+00
dev-corpus-04,3544,13293,0.000000e+00,13293,13293,0.286624,0.286624,0.0000e+00
dev-corpus-04,3545,496,0.000000e+00,496,496,0.024140,0.024140,0.0000e+00
dev-corpus-04,3546,7732,0.000000e+00,4865,4865,11.982085,11.982085,0.0000e+00
dev-corpus-04,3547,4865,0.000000e+00,4865,4865,0.123169,0.123169,0.0000e+00
dev-corpus-04,3548,529,0.000000e+00,529,529,0.002169,0.002169,0.0000e+00
dev-corpus-04,3549,672,0.000000e+00,672,672,0.045650,0.045650,0.0000e+00
dev-corpus-04,3550,214135,0.000000e+00,2495,2495,1.346018,1.346018,0.0000e+00
dev-corpus-04,3551,2495,0.000000e+00,2495,2495,0.000502,0.000502,0.0000e+00
dev-corpus-04,3552,236761,0.000000e+00,29738,29738,6.725511,6.725511,0.0000e+00
dev-corpus-04,3553,108,0.000000e+00,107,107,5.051096,5.051096,0.0000e+00
dev-corpus-04,3554,144,0.000000e+00,144,144,0.000235,0.000235,0.0000e+00
dev-corpus-04,3555,2267,0.000000e+00,2094,2094,8.187000,8.187000,0.0000e+00
dev-corpus-04,3556,4610,0.000000e+00,208596,208596,8.018289,8.018289,0.0000e+00
dev-corpus-04,3557,531,0.000000e+00,531,531,0.397298,0.397298,0.0000e+00
dev-corpus-04,3558,672,0.000000e+00,506,506,4.114199,4.114199,0.0000e+00
dev-corpus-04,3559,4865,0.000000e+00,4865,4865,0.337875,0.337875,0.0000e+00
dev-corpus-04,3560,2810,0.000000e+00,795,795,4.944700,4.944700,0.0000e+00
dev-corpus-04,3561,236789,0.000000e+00,236789,236789,0.000584,0.000584,0.0000e+00
dev-corpus-04,3562,236745,0.000000e+00,236745,236745,0.000001,0.000001,0.0000e+00
dev-corpus-04,3563,4208,0.000000e+00,4208,4208,0.001515,0.001515,0.0000e+00
dev-corpus-04,3564,506,0.000000e+00,506,506,0.423202,0.423202,0.0000e+00
dev-corpus-04,3565,3303,0.000000e+00,3303,3303,0.009297,0.009297,0.0000e+00
dev-corpus-04,3566,2495,0.000000e+00,236761,236761,1.183341,1.183341,0.0000e+00
dev-corpus-04,3567,236761,0.000000e+00,236761,236761,0.443791,0.443791,0.0000e+00
dev-corpus-04,3568,107,0.000000e+00,107,107,0.018716,0.018716,0.0000e+00
dev-corpus-04,3569,144,0.000000e+00,144,144,0.000066,0.000066,0.0000e+00
dev-corpus-04,3570,12234,0.000000e+00,12234,12234,0.000597,0.000597,0.0000e+00
dev-corpus-04,3571,107,0.000000e+00,107,107,0.000009,0.000009,0.0000e+00
dev-corpus-04,3572,144,0.000000e+00,144,144,0.000043,0.000043,0.0000e+00
dev-corpus-04,3573,236865,0.000000e+00,2060,2060,2.080069,2.080069,0.0000e+00
dev-corpus-04,3574,9861,0.000000e+00,1174,1174,8.803632,8.803632,0.0000e+00
dev-corpus-04,3575,5062,0.000000e+00,506,506,3.605979,3.605979,0.0000e+00
dev-corpus-04,3576,1951,0.000000e+00,2949,2949,1.997251,1.997251,0.0000e+00
dev-corpus-04,3577,1269,0.000000e+00,1269,1269,0.000325,0.000325,0.0000e+00
dev-corpus-04,3578,5467,0.000000e+00,531,531,4.864059,4.864059,0.0000e+00
dev-corpus-04,3579,531,0.000000e+00,531,531,0.070251,0.070251,0.0000e+00
dev-corpus-04,3580,5571,0.000000e+00,37608,37608,1.633977,1.633977,0.0000e+00
dev-corpus-04,3581,506,0.000000e+00,11687,11687,4.634971,4.634971,0.0000e+00
dev-corpus-04,3582,11162,0.000000e+00,5062,5062,9.545532,9.545532,0.0000e+00
dev-corpus-04,3583,5062,0.000000e+00,46723,46723,2.388200,2.388200,0.0000e+00
dev-corpus-05,3584,107,0.000000e+00,236858,236858,12.967056,12.967056,0.0000e+00
dev-corpus-05,3585,98,0.000000e+00,9731,9731,16.401671,16.401671,0.0000e+00
dev-corpus-05,3586,107,0.000000e+00,100,100,10.405230,10.405230,0.0000e+00
dev-corpus-05,3587,106,0.000000e+00,100,100,10.280496,10.280496,0.0000e+00
dev-corpus-05,3588,107,0.000000e+00,14585,14585,9.304830,9.304830,0.0000e+00
dev-corpus-05,3589,105,0.000000e+00,140,140,20.356690,20.356690,0.0000e+00
dev-corpus-05,3590,2364,0.000000e+00,198,198,29.192703,29.192703,0.0000e+00
dev-corpus-05,3591,107,0.000000e+00,42168,42168,12.663541,12.663541,0.0000e+00
dev-corpus-05,3592,82858,0.000000e+00,100,100,19.867587,19.867587,0.0000e+00
dev-corpus-05,3593,496,0.000000e+00,506,506,3.307806,3.307806,0.0000e+00
dev-corpus-05,3594,54817,0.000000e+00,8317,8317,13.595191,13.595191,0.0000e+00
dev-corpus-05,3595,8317,0.000000e+00,5371,5371,3.407631,3.407631,0.0000e+00
dev-corpus-05,3596,529,0.000000e+00,528,528,7.731603,7.731603,0.0000e+00
dev-corpus-05,3597,496,0.000000e+00,496,496,0.459662,0.459662,0.0000e+00
dev-corpus-05,3598,199559,0.000000e+00,2872,2872,9.711981,9.711981,0.0000e+00
dev-corpus-05,3599,236764,0.000000e+00,6514,6514,12.670271,12.670271,0.0000e+00
dev-corpus-05,3600,51837,0.000000e+00,6927,6927,2.193884,2.193884,0.0000e+00
dev-corpus-05,3601,236764,0.000000e+00,6514,6514,3.991227,3.991227,0.0000e+00
dev-corpus-05,3602,27045,0.000000e+00,6514,6514,12.321830,12.321830,0.0000e+00
dev-corpus-05,3603,3316,0.000000e+00,3316,3316,0.044082,0.044082,0.0000e+00
dev-corpus-05,3604,22658,0.000000e+00,22658,22658,1.640386,1.640386,0.0000e+00
dev-corpus-05,3605,529,0.000000e+00,236761,236761,8.441161,8.441161,0.0000e+00
dev-corpus-05,3606,80814,0.000000e+00,1331,1331,10.355104,10.355104,0.0000e+00
dev-corpus-05,3607,532,0.000000e+00,9732,9732,16.122918,16.122918,0.0000e+00
dev-corpus-05,3608,72211,0.000000e+00,72211,72211,0.326361,0.326361,0.0000e+00
dev-corpus-05,3609,7010,0.000000e+00,9732,9732,2.071090,2.071090,0.0000e+00
dev-corpus-05,3610,24048,0.000000e+00,236761,236761,12.567727,12.567727,0.0000e+00
dev-corpus-05,3611,506,0.000000e+00,496,496,2.504069,2.504069,0.0000e+00
dev-corpus-05,3612,36757,0.000000e+00,26334,26334,13.297798,13.297798,0.0000e+00
dev-corpus-05,3613,7492,0.000000e+00,4135,4135,1.882791,1.882791,0.0000e+00
dev-corpus-05,3614,529,0.000000e+00,529,529,0.811080,0.811080,0.0000e+00
dev-corpus-05,3615,23755,0.000000e+00,614,614,7.830509,7.830509,0.0000e+00
dev-corpus-05,3616,12512,0.000000e+00,12498,12498,2.451303,2.451303,0.0000e+00
dev-corpus-05,3617,236761,0.000000e+00,236761,236761,0.216394,0.216394,0.0000e+00
dev-corpus-05,3618,106,0.000000e+00,108,108,6.439637,6.439637,0.0000e+00
dev-corpus-05,3619,107,0.000000e+00,100,100,17.981106,17.981106,0.0000e+00
dev-corpus-05,3620,105,0.000000e+00,100,100,18.623343,18.623343,0.0000e+00
dev-corpus-05,3621,4368,0.000000e+00,7243,7243,25.524523,25.524523,0.0000e+00
dev-corpus-05,3622,107,0.000000e+00,100,100,12.120270,12.120270,0.0000e+00
dev-corpus-05,3623,902,0.000000e+00,100,100,13.277620,13.277620,0.0000e+00
dev-corpus-05,3624,496,0.000000e+00,506,506,4.130951,4.130951,0.0000e+00
dev-corpus-05,3625,217516,0.000000e+00,144735,144735,8.836015,8.836015,0.0000e+00
dev-corpus-05,3626,10035,0.000000e+00,10035,10035,0.038763,0.038763,0.0000e+00
dev-corpus-05,3627,236764,0.000000e+00,236764,236764,0.996574,0.996574,0.0000e+00
dev-corpus-05,3628,51837,0.000000e+00,144735,144735,11.688535,11.688535,0.0000e+00
dev-corpus-05,3629,16971,0.000000e+00,144735,144735,7.746081,7.746081,0.0000e+00
dev-corpus-05,3630,2978,0.000000e+00,18782,18782,10.676616,10.676616,0.0000e+00
dev-corpus-05,3631,607,0.000000e+00,236764,236764,11.109236,11.109236,0.0000e+00
dev-corpus-05,3632,496,0.000000e+00,11595,11595,5.450064,5.450064,0.0000e+00
dev-corpus-05,3633,12625,0.000000e+00,39372,39372,6.929479,6.929479,0.0000e+00
dev-corpus-05,3634,2633,0.000000e+00,6413,6413,15.258155,15.258155,0.0000e+00
dev-corpus-05,3635,528,0.000000e+00,204849,204849,5.514142,5.514142,0.0000e+00
dev-corpus-05,3636,506,0.000000e+00,506,506,0.247305,0.247305,0.0000e+00
dev-corpus-05,3637,3988,0.000000e+00,3988,3988,0.003957,0.003957,0.0000e+00
dev-corpus-05,3638,236764,0.000000e+00,236764,236764,0.025092,0.025092,0.0000e+00
dev-corpus-05,3639,496,0.000000e+00,496,496,0.760507,0.760507,0.0000e+00
dev-corpus-05,3640,2299,0.000000e+00,22658,22658,3.946772,3.946772,0.0000e+00
dev-corpus-05,3641,529,0.000000e+00,529,529,0.002193,0.002193,0.0000e+00
dev-corpus-05,3642,72211,0.000000e+00,9732,9732,3.535185,3.535185,0.0000e+00
dev-corpus-05,3643,7010,0.000000e+00,532,532,3.357501,3.357501,0.0000e+00
dev-corpus-05,3644,9922,0.000000e+00,21508,21508,13.162540,13.162540,0.0000e+00
dev-corpus-05,3645,101618,0.000000e+00,7274,7274,4.196445,4.196445,0.0000e+00
dev-corpus-05,3646,607,0.000000e+00,529,529,7.562516,7.562516,0.0000e+00
dev-corpus-05,3647,506,0.000000e+00,52996,52996,3.268466,3.268466,0.0000e+00
dev-corpus-05,3648,1494,0.000000e+00,143091,143091,6.010941,6.010941,0.0000e+00
dev-corpus-05,3649,14744,0.000000e+00,138361,138361,15.228260,15.228260,0.0000e+00
dev-corpus-05,3650,3295,0.000000e+00,143091,143091,6.837384,6.837384,0.0000e+00
dev-corpus-05,3651,659,0.000000e+00,236789,236789,6.360161,6.360161,0.0000e+00
dev-corpus-05,3652,8101,0.000000e+00,21508,21508,7.640591,7.640591,0.0000e+00
dev-corpus-05,3653,2101,0.000000e+00,236764,236764,1.979822,1.979822,0.0000e+00
dev-corpus-05,3654,496,0.000000e+00,625,625,2.223466,2.223466,0.0000e+00
dev-corpus-05,3655,2455,0.000000e+00,39622,39622,6.103113,6.103113,0.0000e+00
dev-corpus-05,3656,16971,0.000000e+00,236764,236764,6.477936,6.477936,0.0000e+00
dev-corpus-05,3657,2633,0.000000e+00,93617,93617,2.863005,2.863005,0.0000e+00
dev-corpus-05,3658,580,0.000000e+00,236761,236761,9.244989,9.244989,0.0000e+00
dev-corpus-05,3659,614,0.000000e+00,837,837,4.469628,4.469628,0.0000e+00
dev-corpus-05,3660,23464,0.000000e+00,226956,226956,1.647962,1.647962,0.0000e+00
dev-corpus-05,3661,5058,0.000000e+00,5058,5058,0.528117,0.528117,0.0000e+00
dev-corpus-05,3662,177689,0.000000e+00,236761,236761,14.596699,14.596699,0.0000e+00
dev-corpus-05,3663,236761,0.000000e+00,580,580,3.591321,3.591321,0.0000e+00
dev-corpus-05,3664,669,0.000000e+00,669,669,0.111151,0.111151,0.0000e+00
dev-corpus-05,3665,3295,0.000000e+00,2634,2634,6.775151,6.775151,0.0000e+00
dev-corpus-05,3666,659,0.000000e+00,659,659,0.798185,0.798185,0.0000e+00
dev-corpus-05,3667,9922,0.000000e+00,784,784,3.249963,3.249963,0.0000e+00
dev-corpus-05,3668,80814,0.000000e+00,3572,3572,5.859069,5.859069,0.0000e+00
dev-corpus-05,3669,40898,0.000000e+00,23966,23966,1.380233,1.380233,0.0000e+00
dev-corpus-05,3670,5896,0.000000e+00,5896,5896,0.000084,0.000084,0.0000e+00
dev-corpus-05,3671,532,0.000000e+00,600,600,1.398041,1.398041,0.0000e+00
dev-corpus-05,3672,3572,0.000000e+00,52996,52996,2.003534,2.003534,0.0000e+00
dev-corpus-05,3673,23966,0.000000e+00,52996,52996,1.293491,1.293491,0.0000e+00
dev-corpus-05,3674,236764,0.000000e+00,236764,236764,1.101372,1.101372,0.0000e+00
dev-corpus-05,3675,1288,0.000000e+00,26175,26175,10.354432,10.354432,0.0000e+00
dev-corpus-05,3676,618,0.000000e+00,618,618,0.001490,0.001490,0.0000e+00
dev-corpus-05,3677,29222,0.000000e+00,49257,49257,3.857504,3.857504,0.0000e+00
dev-corpus-05,3678,23966,0.000000e+00,23966,23966,0.407300,0.407300,0.0000e+00
dev-corpus-05,3679,236764,0.000000e+00,532,532,0.987803,0.987803,0.0000e+00
dev-corpus-05,3680,85043,0.000000e+00,16085,16085,17.487467,17.487467,0.0000e+00
dev-corpus-05,3681,2253,0.000000e+00,2253,2253,0.051744,0.051744,0.0000e+00
dev-corpus-05,3682,23966,0.000000e+00,23966,23966,0.043137,0.043137,0.0000e+00
dev-corpus-05,3683,236764,0.000000e+00,236764,236764,0.018268,0.018268,0.0000e+00
dev-corpus-05,3684,532,0.000000e+00,532,532,0.035645,0.035645,0.0000e+00
dev-corpus-05,3685,5398,0.000000e+00,16085,16085,14.023802,14.023802,0.0000e+00
dev-corpus-05,3686,23966,0.000000e+00,23966,23966,0.037992,0.037992,0.0000e+00
dev-corpus-05,3687,236761,0.000000e+00,236764,236764,1.258640,1.258640,0.0000e+00
dev-corpus-05,3688,669,0.000000e+00,669,669,0.271338,0.271338,0.0000e+00
dev-corpus-05,3689,11661,0.000000e+00,2634,2634,1.265074,1.265074,0.0000e+00
dev-corpus-05,3690,563,0.000000e+00,563,563,0.016675,0.016675,0.0000e+00
dev-corpus-05,3691,34640,0.000000e+00,7497,7497,29.980270,29.980270,0.0000e+00
dev-corpus-05,3692,532,0.000000e+00,532,532,0.306539,0.306539,0.0000e+00
dev-corpus-05,3693,54817,0.000000e+00,7274,7274,4.011411,4.011411,0.0000e+00
dev-corpus-05,3694,618,0.000000e+00,236764,236764,7.132137,7.132137,0.0000e+00
dev-corpus-05,3695,506,0.000000e+00,901,901,1.972636,1.972636,0.0000e+00
dev-corpus-05,3696,14744,0.000000e+00,8699,8699,5.586396,5.586396,0.0000e+00
dev-corpus-05,3697,3295,0.000000e+00,3295,3295,0.673358,0.673358,0.0000e+00
dev-corpus-05,3698,2080,0.000000e+00,3249,3249,9.610831,9.610831,0.0000e+00
dev-corpus-05,3699,506,0.000000e+00,496,496,1.054363,1.054363,0.0000e+00
dev-corpus-05,3700,8699,0.000000e+00,8699,8699,0.041966,0.041966,0.0000e+00
dev-corpus-05,3701,236761,0.000000e+00,236761,236761,0.892577,0.892577,0.0000e+00
dev-corpus-05,3702,2640,0.000000e+00,108,108,9.674031,9.674031,0.0000e+00
dev-corpus-05,3703,506,0.000000e+00,506,506,0.034332,0.034332,0.0000e+00
dev-corpus-05,3704,2228,0.000000e+00,2228,2228,0.777084,0.777084,0.0000e+00
dev-corpus-05,3705,529,0.000000e+00,529,529,0.002232,0.002232,0.0000e+00
dev-corpus-05,3706,506,0.000000e+00,506,506,0.000760,0.000760,0.0000e+00
dev-corpus-05,3707,2633,0.000000e+00,2633,2633,0.404491,0.404491,0.0000e+00
dev-corpus-05,3708,236764,0.000000e+00,236764,236764,0.072406,0.072406,0.0000e+00
dev-corpus-05,3709,496,0.000000e+00,496,496,0.354746,0.354746,0.0000e+00
dev-corpus-05,3710,3875,0.000000e+00,5811,5811,4.715059,4.715059,0.0000e+00
dev-corpus-05,3711,7489,0.000000e+00,528,528,6.495025,6.495025,0.0000e+00
dev-corpus-05,3712,2797,0.000000e+00,2876,2876,14.907420,14.907420,0.0000e+00
dev-corpus-05,3713,236748,0.000000e+00,713,713,13.074892,13.074892,0.0000e+00
dev-corpus-05,3714,563,0.000000e+00,236764,236764,7.692403,7.692403,0.0000e+00
dev-corpus-05,3715,8101,0.000000e+00,199,199,4.224573,4.224573,0.0000e+00
dev-corpus-05,3716,532,0.000000e+00,236764,236764,6.055955,6.055955,0.0000e+00
dev-corpus-05,3717,25963,0.000000e+00,12259,12259,1.781510,1.781510,0.0000e+00
dev-corpus-05,3718,506,0.000000e+00,506,506,0.002795,0.002795,0.0000e+00
dev-corpus-05,3719,2299,0.000000e+00,2299,2299,1.248148,1.248148,0.0000e+00
dev-corpus-05,3720,236764,0.000000e+00,236761,236761,1.300633,1.300633,0.0000e+00
dev-corpus-05,3721,1651,0.000000e+00,1116,1116,7.151539,7.151539,0.0000e+00
dev-corpus-05,3722,3131,0.000000e+00,3496,3496,1.715072,1.715072,0.0000e+00
dev-corpus-05,3723,8937,0.000000e+00,3496,3496,5.636116,5.636116,0.0000e+00
dev-corpus-05,3724,532,0.000000e+00,3295,3295,4.430301,4.430301,0.0000e+00
dev-corpus-05,3725,8256,0.000000e+00,8256,8256,0.000859,0.000859,0.0000e+00
dev-corpus-05,3726,72211,0.000000e+00,3295,3295,2.487161,2.487161,0.0000e+00
dev-corpus-05,3727,60953,0.000000e+00,9732,9732,4.271074,4.271074,0.0000e+00
dev-corpus-05,3728,10763,0.000000e+00,16354,16354,3.597606,3.597606,0.0000e+00
dev-corpus-05,3729,179911,0.000000e+00,179911,179911,0.319998,0.319998,0.0000e+00
dev-corpus-05,3730,236761,0.000000e+00,236761,236761,0.356334,0.356334,0.0000e+00
dev-corpus-05,3731,108,0.000000e+00,108,108,0.563028,0.563028,0.0000e+00
dev-corpus-05,3732,902,0.000000e+00,818,818,9.212719,9.212719,0.0000e+00
dev-corpus-05,3733,506,0.000000e+00,506,506,0.058233,0.058233,0.0000e+00
dev-corpus-05,3734,1695,0.000000e+00,3988,3988,3.536356,3.536356,0.0000e+00
dev-corpus-05,3735,236764,0.000000e+00,236764,236764,0.005112,0.005112,0.0000e+00
dev-corpus-05,3736,11252,0.000000e+00,93617,93617,11.340702,11.340702,0.0000e+00
dev-corpus-05,3737,529,0.000000e+00,529,529,0.001036,0.001036,0.0000e+00
dev-corpus-05,3738,1032,0.000000e+00,39622,39622,8.681640,8.681640,0.0000e+00
dev-corpus-05,3739,72211,0.000000e+00,80814,80814,1.369093,1.369093,0.0000e+00
dev-corpus-05,3740,7010,0.000000e+00,9732,9732,0.856600,0.856600,0.0000e+00
dev-corpus-05,3741,5727,0.000000e+00,659,659,8.264052,8.264052,0.0000e+00
dev-corpus-05,3742,506,0.000000e+00,506,506,0.007561,0.007561,0.0000e+00
dev-corpus-05,3743,104569,0.000000e+00,144735,144735,7.904175,7.904175,0.0000e+00
dev-corpus-05,3744,236764,0.000000e+00,236764,236764,0.210168,0.210168,0.0000e+00
dev-corpus-05,3745,8009,0.000000e+00,910,910,7.799987,7.799987,0.0000e+00
dev-corpus-05,3746,531,0.000000e+00,531,531,0.260440,0.260440,0.0000e+00
dev-corpus-05,3747,506,0.000000e+00,506,506,0.001662,0.001662,0.0000e+00
dev-corpus-05,3748,32585,0.000000e+00,5113,5113,8.521800,8.521800,0.0000e+00
dev-corpus-05,3749,11661,0.000000e+00,532,532,3.509914,3.509914,0.0000e+00
dev-corpus-05,3750,529,0.000000e+00,236761,236761,2.058080,2.058080,0.0000e+00
dev-corpus-05,3751,506,0.000000e+00,506,506,0.094843,0.094843,0.0000e+00
dev-corpus-05,3752,22658,0.000000e+00,22658,22658,0.272960,0.272960,0.0000e+00
dev-corpus-05,3753,236761,0.000000e+00,236761,236761,0.023244,0.023244,0.0000e+00
dev-corpus-05,3754,2797,0.000000e+00,669,669,6.491020,6.491020,0.0000e+00
dev-corpus-05,3755,236748,0.000000e+00,236748,236748,0.000024,0.000024,0.0000e+00
dev-corpus-05,3756,563,0.000000e+00,236789,236789,5.466539,5.466539,0.0000e+00
dev-corpus-05,3757,139839,0.000000e+00,12259,12259,6.395872,6.395872,0.0000e+00
dev-corpus-05,3758,3043,0.000000e+00,24048,24048,7.747790,7.747790,0.0000e+00
dev-corpus-05,3759,496,0.000000e+00,1116,1116,1.481903,1.481903,0.0000e+00
dev-corpus-05,3760,1523,0.000000e+00,1523,1523,0.065242,0.065242,0.0000e+00
dev-corpus-05,3761,1003,0.000000e+00,1003,1003,0.344736,0.344736,0.0000e+00
dev-corpus-05,3762,506,0.000000e+00,506,506,0.056524,0.056524,0.0000e+00
dev-corpus-05,3763,7492,0.000000e+00,36757,36757,3.448744,3.448744,0.0000e+00
dev-corpus-05,3764,38138,0.000000e+00,529,529,2.583278,2.583278,0.0000e+00
dev-corpus-05,3765,684,0.000000e+00,684,684,0.001561,0.001561,0.0000e+00
dev-corpus-05,3766,36757,0.000000e+00,506,506,5.053531,5.053531,0.0000e+00
dev-corpus-05,3767,12512,0.000000e+00,23755,23755,3.550367,3.550367,0.0000e+00
dev-corpus-05,3768,236764,0.000000e+00,236761,236761,0.778798,0.778798,0.0000e+00
dev-corpus-05,3769,1651,0.000000e+00,1116,1116,6.608952,6.608952,0.0000e+00
dev-corpus-05,3770,886,0.000000e+00,506,506,4.333875,4.333875,0.0000e+00
dev-corpus-05,3771,529,0.000000e+00,529,529,0.090962,0.090962,0.0000e+00
dev-corpus-05,3772,506,0.000000e+00,506,506,0.002460,0.002460,0.0000e+00
dev-corpus-05,3773,72211,0.000000e+00,8937,8937,2.545395,2.545395,0.0000e+00
dev-corpus-05,3774,60953,0.000000e+00,60953,60953,0.130988,0.130988,0.0000e+00
dev-corpus-05,3775,563,0.000000e+00,236764,236764,6.560290,6.560290,0.0000e+00
dev-corpus-05,3776,3472,0.000000e+00,169055,169055,11.562649,11.562649,0.0000e+00
dev-corpus-05,3777,52060,0.000000e+00,186847,186847,2.375594,2.375594,0.0000e+00
dev-corpus-05,3778,528,0.000000e+00,4448,4448,2.450144,2.450144,0.0000e+00
dev-corpus-05,3779,532,0.000000e+00,236764,236764,5.434740,5.434740,0.0000e+00
dev-corpus-05,3780,31470,0.000000e+00,186847,186847,8.927989,8.927989,0.0000e+00
dev-corpus-05,3781,4561,0.000000e+00,4561,4561,1.291115,1.291115,0.0000e+00
dev-corpus-05,3782,236761,0.000000e+00,1003,1003,2.029187,2.029187,0.0000e+00
dev-corpus-05,3783,669,0.000000e+00,669,669,0.072485,0.072485,0.0000e+00
dev-corpus-05,3784,8317,0.000000e+00,8699,8699,4.219945,4.219945,0.0000e+00
dev-corpus-05,3785,563,0.000000e+00,563,563,0.082865,0.082865,0.0000e+00
dev-corpus-05,3786,9772,0.000000e+00,155174,155174,3.937078,3.937078,0.0000e+00
dev-corpus-05,3787,607,0.000000e+00,607,607,0.000753,0.000753,0.0000e+00
dev-corpus-05,3788,16625,0.000000e+00,506,506,10.306850,10.306850,0.0000e+00
dev-corpus-05,3789,532,0.000000e+00,236764,236764,3.804373,3.804373,0.0000e+00
dev-corpus-05,3790,21543,0.000000e+00,150692,150692,12.966527,12.966527,0.0000e+00
dev-corpus-05,3791,236764,0.000000e+00,236764,236764,0.528663,0.528663,0.0000e+00
dev-corpus-05,3792,607,0.000000e+00,618,618,3.116641,3.116641,0.0000e+00
dev-corpus-05,3793,4677,0.000000e+00,506,506,4.842330,4.842330,0.0000e+00
dev-corpus-05,3794,14076,0.000000e+00,1861,1861,5.996999,5.996999,0.0000e+00
dev-corpus-05,3795,528,0.000000e+00,528,528,0.005096,0.005096,0.0000e+00
dev-corpus-05,3796,496,0.000000e+00,506,506,3.816449,3.816449,0.0000e+00
dev-corpus-05,3797,20067,0.000000e+00,27725,27725,7.584936,7.584936,0.0000e+00
dev-corpus-05,3798,8485,0.000000e+00,8699,8699,7.259592,7.259592,0.0000e+00
dev-corpus-05,3799,1003,0.000000e+00,1003,1003,0.094089,0.094089,0.0000e+00
dev-corpus-05,3800,506,0.000000e+00,506,506,0.022662,0.022662,0.0000e+00
dev-corpus-05,3801,3402,0.000000e+00,3402,3402,1.324279,1.324279,0.0000e+00
dev-corpus-05,3802,529,0.000000e+00,236761,236761,0.865034,0.865034,0.0000e+00
dev-corpus-05,3803,910,0.000000e+00,910,910,0.193213,0.193213,0.0000e+00
dev-corpus-05,3804,28270,0.000000e+00,7299,7299,11.793842,11.793842,0.0000e+00
dev-corpus-05,3805,532,0.000000e+00,236761,236761,3.438201,3.438201,0.0000e+00
dev-corpus-05,3806,506,0.000000e+00,506,506,0.013388,0.013388,0.0000e+00
dev-corpus-05,3807,3853,0.000000e+00,86931,86931,11.294651,11.294651,0.0000e+00
dev-corpus-05,3808,529,0.000000e+00,529,529,0.021134,0.021134,0.0000e+00
dev-corpus-05,3809,29432,0.000000e+00,910,910,9.576105,9.576105,0.0000e+00
dev-corpus-05,3810,6332,0.000000e+00,21144,21144,7.199682,7.199682,0.0000e+00
dev-corpus-05,3811,14922,0.000000e+00,2342,2342,6.131311,6.131311,0.0000e+00
dev-corpus-05,3812,4181,0.000000e+00,22351,22351,4.233652,4.233652,0.0000e+00
dev-corpus-05,3813,236761,0.000000e+00,236761,236761,0.031855,0.031855,0.0000e+00
dev-corpus-05,3814,106,0.000000e+00,108,108,3.917405,3.917405,0.0000e+00
dev-corpus-05,3815,107,0.000000e+00,7243,7243,10.533758,10.533758,0.0000e+00
dev-corpus-05,3816,105,0.000000e+00,13513,13513,21.045127,21.045127,0.0000e+00
dev-corpus-05,3817,2364,0.000000e+00,198,198,20.279865,20.279865,0.0000e+00
dev-corpus-05,3818,107,0.000000e+00,236779,236779,2.867480,2.867480,0.0000e+00
dev-corpus-05,3819,3689,0.000000e+00,100,100,13.996058,13.996058,0.0000e+00
dev-corpus-05,3820,563,0.000000e+00,3530,3530,1.690747,1.690747,0.0000e+00
dev-corpus-05,3821,496,0.000000e+00,506,506,7.891310,7.891310,0.0000e+00
dev-corpus-05,3822,82004,0.000000e+00,919,919,24.078974,24.078974,0.0000e+00
dev-corpus-05,3823,236881,0.000000e+00,198,198,4.666237,4.666237,0.0000e+00
dev-corpus-05,3824,106,0.000000e+00,108,108,5.709597,5.709597,0.0000e+00
dev-corpus-05,3825,107,0.000000e+00,199,199,23.038405,23.038405,0.0000e+00
dev-corpus-05,3826,105,0.000000e+00,100,100,19.745654,19.745654,0.0000e+00
dev-corpus-05,3827,4368,0.000000e+00,236759,236759,14.770660,14.770660,0.0000e+00
dev-corpus-05,3828,107,0.000000e+00,100,100,5.874429,5.874429,0.0000e+00
dev-corpus-05,3829,236776,0.000000e+00,100,100,3.078957,3.078957,0.0000e+00
dev-corpus-05,3830,82004,0.000000e+00,5213,5213,1.508366,1.508366,0.0000e+00
dev-corpus-05,3831,563,0.000000e+00,563,563,0.876561,0.876561,0.0000e+00
dev-corpus-05,3832,496,0.000000e+00,496,496,0.422888,0.422888,0.0000e+00
dev-corpus-05,3833,5904,0.000000e+00,5213,5213,14.287370,14.287370,0.0000e+00
dev-corpus-05,3834,573,0.000000e+00,532,532,4.269564,4.269564,0.0000e+00
dev-corpus-05,3835,3043,0.000000e+00,43887,43887,8.358033,8.358033,0.0000e+00
dev-corpus-05,3836,532,0.000000e+00,5113,5113,6.660693,6.660693,0.0000e+00
dev-corpus-05,3837,1699,0.000000e+00,15724,15724,5.509084,5.509084,0.0000e+00
dev-corpus-05,3838,17864,0.000000e+00,13571,13571,5.531247,5.531247,0.0000e+00
dev-corpus-05,3839,1938,0.000000e+00,1262,1262,1.242980,1.242980,0.0000e+00
dev-corpus-05,3840,236761,0.000000e+00,236761,236761,0.042605,0.042605,0.0000e+00
dev-corpus-05,3841,18018,0.000000e+00,108,108,19.934594,19.934594,0.0000e+00
dev-corpus-05,3842,506,0.000000e+00,1032,1032,2.129632,2.129632,0.0000e+00
dev-corpus-05,3843,1551,0.000000e+00,1346,1346,1.619704,1.619704,0.0000e+00
dev-corpus-05,3844,22414,0.000000e+00,4458,4458,4.997572,4.997572,0.0000e+00
dev-corpus-05,3845,529,0.000000e+00,236764,236764,4.515359,4.515359,0.0000e+00
dev-corpus-05,3846,82004,0.000000e+00,82004,82004,0.895357,0.895357,0.0000e+00
dev-corpus-05,3847,236764,0.000000e+00,236764,236764,0.034051,0.034051,0.0000e+00
dev-corpus-05,3848,692,0.000000e+00,506,506,6.249088,6.249088,0.0000e+00
dev-corpus-05,3849,5347,0.000000e+00,740,740,14.456133,14.456133,0.0000e+00
dev-corpus-05,3850,236787,0.000000e+00,506,506,7.269910,7.269910,0.0000e+00
dev-corpus-05,3851,562,0.000000e+00,108,108,9.027480,9.027480,0.0000e+00
dev-corpus-05,3852,82004,0.000000e+00,5213,5213,3.386868,3.386868,0.0000e+00
dev-corpus-05,3853,563,0.000000e+00,563,563,0.051835,0.051835,0.0000e+00
dev-corpus-05,3854,496,0.000000e+00,496,496,0.085985,0.085985,0.0000e+00
dev-corpus-05,3855,5194,0.000000e+00,5213,5213,2.099489,2.099489,0.0000e+00
dev-corpus-05,3856,236772,0.000000e+00,1458,1458,2.323314,2.323314,0.0000e+00
dev-corpus-05,3857,5140,0.000000e+00,5140,5140,0.000077,0.000077,0.0000e+00
dev-corpus-05,3858,1458,0.000000e+00,1458,1458,0.055600,0.055600,0.0000e+00
dev-corpus-05,3859,531,0.000000e+00,5402,5402,11.526510,11.526510,0.0000e+00
dev-corpus-05,3860,11278,0.000000e+00,12203,12203,17.239319,17.239319,0.0000e+00
dev-corpus-05,3861,528,0.000000e+00,528,528,0.005681,0.005681,0.0000e+00
dev-corpus-05,3862,506,0.000000e+00,506,506,0.189213,0.189213,0.0000e+00
dev-corpus-05,3863,5249,0.000000e+00,12203,12203,4.782508,4.782508,0.0000e+00
dev-corpus-05,3864,236764,0.000000e+00,236764,236764,0.000077,0.000077,0.0000e+00
dev-corpus-05,3865,9626,0.000000e+00,6310,6310,10.172302,10.172302,0.0000e+00
dev-corpus-05,3866,236764,0.000000e+00,236764,236764,0.000008,0.000008,0.0000e+00
dev-corpus-05,3867,6310,0.000000e+00,3671,3671,8.463965,8.463965,0.0000e+00
dev-corpus-05,3868,236764,0.000000e+00,236764,236764,0.000315,0.000315,0.0000e+00
dev-corpus-05,3869,3671,0.000000e+00,3671,3671,0.406791,0.406791,0.0000e+00
dev-corpus-05,3870,236764,0.000000e+00,236764,236764,0.005651,0.005651,0.0000e+00
dev-corpus-05,3871,3938,0.000000e+00,532,532,15.137740,15.137740,0.0000e+00
dev-corpus-05,3872,236764,0.000000e+00,236764,236764,0.011118,0.011118,0.0000e+00
dev-corpus-05,3873,532,0.000000e+00,532,532,0.011614,0.011614,0.0000e+00
dev-corpus-05,3874,5296,0.000000e+00,44751,44751,7.129097,7.129097,0.0000e+00
dev-corpus-05,3875,529,0.000000e+00,529,529,0.000095,0.000095,0.0000e+00
dev-corpus-05,3876,17864,0.000000e+00,784,784,5.816396,5.816396,0.0000e+00
dev-corpus-05,3877,1938,0.000000e+00,653,653,3.748331,3.748331,0.0000e+00
dev-corpus-05,3878,236761,0.000000e+00,236761,236761,0.048175,0.048175,0.0000e+00
dev-corpus-05,3879,3026,0.000000e+00,108,108,13.330391,13.330391,0.0000e+00
dev-corpus-05,3880,1456,0.000000e+00,611,611,3.379209,3.379209,0.0000e+00
dev-corpus-05,3881,69599,0.000000e+00,236764,236764,10.638608,10.638608,0.0000e+00
dev-corpus-05,3882,236764,0.000000e+00,236764,236764,0.002883,0.002883,0.0000e+00
dev-corpus-05,3883,82004,0.000000e+00,496,496,2.466462,2.466462,0.0000e+00
dev-corpus-05,3884,740,0.000000e+00,740,740,0.119463,0.119463,0.0000e+00
dev-corpus-05,3885,1601,0.000000e+00,1601,1601,0.702795,0.702795,0.0000e+00
dev-corpus-05,3886,775,0.000000e+00,775,775,1.158614,1.158614,0.0000e+00
dev-corpus-05,3887,3892,0.000000e+00,3050,3050,11.461196,11.461196,0.0000e+00
dev-corpus-05,3888,16602,0.000000e+00,2480,2480,20.182330,20.182330,0.0000e+00
dev-corpus-05,3889,1099,0.000000e+00,1099,1099,0.004399,0.004399,0.0000e+00
dev-corpus-05,3890,236764,0.000000e+00,236764,236764,0.072908,0.072908,0.0000e+00
dev-corpus-05,3891,226995,0.000000e+00,9688,9688,8.918918,8.918918,0.0000e+00
dev-corpus-05,3892,236764,0.000000e+00,236764,236764,0.006410,0.006410,0.0000e+00
dev-corpus-05,3893,532,0.000000e+00,532,532,0.034292,0.034292,0.0000e+00
dev-corpus-05,3894,34303,0.000000e+00,919,919,5.781405,5.781405,0.0000e+00
dev-corpus-05,3895,6176,0.000000e+00,236761,236761,8.110642,8.110642,0.0000e+00
dev-corpus-05,3896,236761,0.000000e+00,236761,236761,0.184553,0.184553,0.0000e+00
dev-corpus-05,3897,7714,0.000000e+00,108,108,12.802545,12.802545,0.0000e+00
dev-corpus-05,3898,82004,0.000000e+00,82004,82004,0.896426,0.896426,0.0000e+00
dev-corpus-05,3899,2430,0.000000e+00,815,815,5.896534,5.896534,0.0000e+00
dev-corpus-05,3900,1149,0.000000e+00,740,740,5.281348,5.281348,0.0000e+00
dev-corpus-05,3901,10741,0.000000e+00,735,735,9.721171,9.721171,0.0000e+00
dev-corpus-05,3902,1144,0.000000e+00,531,531,2.222090,2.222090,0.0000e+00
dev-corpus-05,3903,4065,0.000000e+00,531,531,6.818954,6.818954,0.0000e+00
dev-corpus-05,3904,532,0.000000e+00,531,531,3.811570,3.811570,0.0000e+00
dev-corpus-05,3905,13963,0.000000e+00,1262,1262,3.431827,3.431827,0.0000e+00
dev-corpus-05,3906,659,0.000000e+00,531,531,1.983877,1.983877,0.0000e+00
dev-corpus-05,3907,2132,0.000000e+00,2132,2132,1.224187,1.224187,0.0000e+00
dev-corpus-05,3908,236761,0.000000e+00,531,531,3.442688,3.442688,0.0000e+00
dev-corpus-05,3909,1701,0.000000e+00,108,108,4.979355,4.979355,0.0000e+00
dev-corpus-05,3910,2591,0.000000e+00,2591,2591,0.153993,0.153993,0.0000e+00
dev-corpus-05,3911,236764,0.000000e+00,236764,236764,0.002378,0.002378,0.0000e+00
dev-corpus-05,3912,24599,0.000000e+00,496,496,12.549213,12.549213,0.0000e+00
dev-corpus-05,3913,659,0.000000e+00,236764,236764,1.927273,1.927273,0.0000e+00
dev-corpus-05,3914,1535,0.000000e+00,496,496,13.996687,13.996687,0.0000e+00
dev-corpus-05,3915,573,0.000000e+00,573,573,0.777718,0.777718,0.0000e+00
dev-corpus-05,3916,775,0.000000e+00,23092,23092,4.650928,4.650928,0.0000e+00
dev-corpus-05,3917,236761,0.000000e+00,1547,1547,5.023675,5.023675,0.0000e+00
dev-corpus-05,3918,2195,0.000000e+00,2195,2195,1.284183,1.284183,0.0000e+00
dev-corpus-05,3919,1149,0.000000e+00,2847,2847,9.214894,9.214894,0.0000e+00
dev-corpus-05,3920,3856,0.000000e+00,735,735,8.465317,8.465317,0.0000e+00
dev-corpus-05,3921,1813,0.000000e+00,775,775,2.646116,2.646116,0.0000e+00
dev-corpus-05,3922,14767,0.000000e+00,7021,7021,3.019868,3.019868,0.0000e+00
dev-corpus-05,3923,236764,0.000000e+00,236764,236764,0.435968,0.435968,0.0000e+00
dev-corpus-05,3924,6422,0.000000e+00,2847,2847,9.785567,9.785567,0.0000e+00
dev-corpus-05,3925,3863,0.000000e+00,12123,12123,3.942237,3.942237,0.0000e+00
dev-corpus-05,3926,236764,0.000000e+00,236764,236764,0.168803,0.168803,0.0000e+00
dev-corpus-05,3927,45694,0.000000e+00,532,532,9.592826,9.592826,0.0000e+00
dev-corpus-05,3928,23092,0.000000e+00,23092,23092,0.334351,0.334351,0.0000e+00
dev-corpus-05,3929,236764,0.000000e+00,236764,236764,0.001675,0.001675,0.0000e+00
dev-corpus-05,3930,624,0.000000e+00,532,532,13.389689,13.389689,0.0000e+00
dev-corpus-05,3931,2847,0.000000e+00,22792,22792,1.728644,1.728644,0.0000e+00
dev-corpus-05,3932,2557,0.000000e+00,12123,12123,7.450250,7.450250,0.0000e+00
dev-corpus-05,3933,531,0.000000e+00,573,573,8.532075,8.532075,0.0000e+00
dev-corpus-05,3934,75610,0.000000e+00,38893,38893,3.520092,3.520092,0.0000e+00
dev-corpus-05,3935,236761,0.000000e+00,236761,236761,0.010490,0.010490,0.0000e+00
dev-corpus-05,3936,1882,0.000000e+00,108,108,32.670727,32.670727,0.0000e+00
dev-corpus-05,3937,659,0.000000e+00,740,740,5.218902,5.218902,0.0000e+00
dev-corpus-05,3938,10099,0.000000e+00,7467,7467,3.532427,3.532427,0.0000e+00
dev-corpus-05,3939,1003,0.000000e+00,607,607,0.918478,0.918478,0.0000e+00
dev-corpus-05,3940,506,0.000000e+00,506,506,0.898045,0.898045,0.0000e+00
dev-corpus-05,3941,1984,0.000000e+00,2404,2404,8.813455,8.813455,0.0000e+00
dev-corpus-05,3942,529,0.000000e+00,529,529,0.012978,0.012978,0.0000e+00
dev-corpus-05,3943,14919,0.000000e+00,8052,8052,14.451904,14.451904,0.0000e+00
dev-corpus-05,3944,236764,0.000000e+00,236764,236764,0.844357,0.844357,0.0000e+00
dev-corpus-05,3945,506,0.000000e+00,506,506,1.133488,1.133488,0.0000e+00
dev-corpus-05,3946,18191,0.000000e+00,2404,2404,14.246128,14.246128,0.0000e+00
dev-corpus-05,3947,2601,0.000000e+00,2601,2601,1.483342,1.483342,0.0000e+00
dev-corpus-05,3948,1161,0.000000e+00,1161,1161,0.057430,0.057430,0.0000e+00
dev-corpus-05,3949,236764,0.000000e+00,236764,236764,0.023131,0.023131,0.0000e+00
dev-corpus-05,3950,19392,0.000000e+00,532,532,7.199494,7.199494,0.0000e+00
dev-corpus-05,3951,699,0.000000e+00,236764,236764,4.178372,4.178372,0.0000e+00
dev-corpus-05,3952,14942,0.000000e+00,14942,14942,0.787656,0.787656,0.0000e+00
dev-corpus-05,3953,13390,0.000000e+00,13390,13390,1.586132,1.586132,0.0000e+00
dev-corpus-05,3954,236764,0.000000e+00,236764,236764,0.009937,0.009937,0.0000e+00
dev-corpus-05,3955,653,0.000000e+00,532,532,3.677305,3.677305,0.0000e+00
dev-corpus-05,3956,1298,0.000000e+00,506,506,7.286289,7.286289,0.0000e+00
dev-corpus-05,3957,24599,0.000000e+00,506,506,5.916049,5.916049,0.0000e+00
dev-corpus-05,3958,8141,0.000000e+00,659,659,8.684637,8.684637,0.0000e+00
dev-corpus-05,3959,236761,0.000000e+00,236761,236761,0.066098,0.066098,0.0000e+00
dev-corpus-05,3960,185485,0.000000e+00,108,108,12.633099,12.633099,0.0000e+00
dev-corpus-05,3961,3997,0.000000e+00,9886,9886,6.923484,6.923484,0.0000e+00
dev-corpus-05,3962,7087,0.000000e+00,529,529,7.765100,7.765100,0.0000e+00
dev-corpus-05,3963,4654,0.000000e+00,496,496,5.182238,5.182238,0.0000e+00
dev-corpus-05,3964,529,0.000000e+00,529,529,0.134233,0.134233,0.0000e+00
dev-corpus-05,3965,784,0.000000e+00,784,784,0.607578,0.607578,0.0000e+00
dev-corpus-05,3966,1239,0.000000e+00,1239,1239,0.033372,0.033372,0.0000e+00
dev-corpus-05,3967,4596,0.000000e+00,5872,5872,8.349866,8.349866,0.0000e+00
dev-corpus-05,3968,5872,0.000000e+00,5872,5872,0.388768,0.388768,0.0000e+00
dev-corpus-05,3969,532,0.000000e+00,236761,236761,5.173987,5.173987,0.0000e+00
dev-corpus-05,3970,236764,0.000000e+00,1217,1217,6.316209,6.316209,0.0000e+00
dev-corpus-05,3971,8229,0.000000e+00,172638,172638,7.436493,7.436493,0.0000e+00
dev-corpus-05,3972,2787,0.000000e+00,1346,1346,10.274479,10.274479,0.0000e+00
dev-corpus-05,3973,784,0.000000e+00,784,784,0.000104,0.000104,0.0000e+00
dev-corpus-05,3974,236764,0.000000e+00,236764,236764,0.061530,0.061530,0.0000e+00
dev-corpus-05,3975,506,0.000000e+00,506,506,0.821183,0.821183,0.0000e+00
dev-corpus-05,3976,17864,0.000000e+00,5596,5596,2.969677,2.969677,0.0000e+00
dev-corpus-05,3977,17049,0.000000e+00,9994,9994,2.729825,2.729825,0.0000e+00
dev-corpus-05,3978,529,0.000000e+00,529,529,0.013898,0.013898,0.0000e+00
dev-corpus-05,3979,1239,0.000000e+00,1239,1239,0.711438,0.711438,0.0000e+00
dev-corpus-05,3980,5872,0.000000e+00,5872,5872,0.168716,0.168716,0.0000e+00
dev-corpus-05,3981,236761,0.000000e+00,236761,236761,0.013851,0.013851,0.0000e+00
dev-corpus-05,3982,47785,0.000000e+00,108,108,23.413125,23.413125,0.0000e+00
dev-corpus-05,3983,34267,0.000000e+00,20874,20874,11.078642,11.078642,0.0000e+00
dev-corpus-05,3984,3541,0.000000e+00,198,198,3.598600,3.598600,0.0000e+00
dev-corpus-05,3985,25971,0.000000e+00,25971,25971,0.929048,0.929048,0.0000e+00
dev-corpus-05,3986,1149,0.000000e+00,236764,236764,4.707077,4.707077,0.0000e+00
dev-corpus-05,3987,3856,0.000000e+00,577,577,2.614906,2.614906,0.0000e+00
dev-corpus-05,3988,1813,0.000000e+00,1813,1813,0.631482,0.631482,0.0000e+00
dev-corpus-05,3989,14767,0.000000e+00,3325,3325,4.417737,4.417737,0.0000e+00
dev-corpus-05,3990,236764,0.000000e+00,236761,236761,0.972372,0.972372,0.0000e+00
dev-corpus-05,3991,9347,0.000000e+00,198,198,31.448120,31.448120,0.0000e+00
dev-corpus-05,3992,1013,0.000000e+00,236772,236772,2.516390,2.516390,0.0000e+00
dev-corpus-05,3993,1149,0.000000e+00,198,198,3.173791,3.173791,0.0000e+00
dev-corpus-05,3994,5001,0.000000e+00,6422,6422,4.219145,4.219145,0.0000e+00
dev-corpus-05,3995,506,0.000000e+00,35163,35163,11.747998,11.747998,0.0000e+00
dev-corpus-05,3996,7028,0.000000e+00,7028,7028,0.180700,0.180700,0.0000e+00
dev-corpus-05,3997,529,0.000000e+00,529,529,0.000024,0.000024,0.0000e+00
dev-corpus-05,3998,4304,0.000000e+00,4304,4304,1.186606,1.186606,0.0000e+00
dev-corpus-05,3999,236764,0.000000e+00,236764,236764,0.017653,0.017653,0.0000e+00
dev-corpus-05,4000,532,0.000000e+00,532,532,0.132079,0.132079,0.0000e+00
dev-corpus-05,4001,10536,0.000000e+00,506,506,16.778137,16.778137,0.0000e+00
dev-corpus-05,4002,28949,0.000000e+00,3474,3474,2.681782,2.681782,0.0000e+00
dev-corpus-05,4003,872,0.000000e+00,1149,1149,13.054027,13.054027,0.0000e+00
dev-corpus-05,4004,15879,0.000000e+00,15879,15879,0.013077,0.013077,0.0000e+00
dev-corpus-05,4005,1149,0.000000e+00,1149,1149,0.384325,0.384325,0.0000e+00
dev-corpus-05,4006,7342,0.000000e+00,577,577,8.041521,8.041521,0.0000e+00
dev-corpus-05,4007,1023,0.000000e+00,24599,24599,15.246700,15.246700,0.0000e+00
dev-corpus-05,4008,24599,0.000000e+00,24599,24599,1.070421,1.070421,0.0000e+00
dev-corpus-05,4009,236761,0.000000e+00,236761,236761,0.025401,0.025401,0.0000e+00
dev-corpus-05,4010,562,0.000000e+00,108,108,3.922461,3.922461,0.0000e+00
dev-corpus-05,4011,82004,0.000000e+00,82004,82004,0.019921,0.019921,0.0000e+00
dev-corpus-05,4012,7351,0.000000e+00,740,740,3.120834,3.120834,0.0000e+00
dev-corpus-05,4013,775,0.000000e+00,775,775,0.243849,0.243849,0.0000e+00
dev-corpus-05,4014,18840,0.000000e+00,1460,1460,5.167885,5.167885,0.0000e+00
dev-corpus-05,4015,1239,0.000000e+00,1239,1239,0.697489,0.697489,0.0000e+00
dev-corpus-05,4016,17864,0.000000e+00,3996,3996,3.521482,3.521482,0.0000e+00
dev-corpus-05,4017,12969,0.000000e+00,9994,9994,5.261716,5.261716,0.0000e+00
dev-corpus-05,4018,236764,0.000000e+00,236761,236761,3.051944,3.051944,0.0000e+00
dev-corpus-05,4019,532,0.000000e+00,10678,10678,6.913214,6.913214,0.0000e+00
dev-corpus-05,4020,563,0.000000e+00,625,625,6.306183,6.306183,0.0000e+00
dev-corpus-05,4021,992,0.000000e+00,5233,5233,8.578499,8.578499,0.0000e+00
dev-corpus-05,4022,6412,0.000000e+00,496,496,11.280276,11.280276,0.0000e+00
dev-corpus-05,4023,6684,0.000000e+00,6684,6684,0.449663,0.449663,0.0000e+00
dev-corpus-05,4024,657,0.000000e+00,573,573,8.206472,8.206472,0.0000e+00
dev-corpus-05,4025,37549,0.000000e+00,506,506,8.169940,8.169940,0.0000e+00
dev-corpus-05,4026,17864,0.000000e+00,1091,1091,9.923780,9.923780,0.0000e+00
dev-corpus-05,4027,1262,0.000000e+00,1262,1262,0.616106,0.616106,0.0000e+00
dev-corpus-05,4028,532,0.000000e+00,528,528,4.457942,4.457942,0.0000e+00
dev-corpus-05,4029,3671,0.000000e+00,3043,3043,15.049058,15.049058,0.0000e+00
dev-corpus-05,4030,236761,0.000000e+00,528,528,2.228683,2.228683,0.0000e+00
dev-corpus-05,4031,562,0.000000e+00,108,108,7.075309,7.075309,0.0000e+00
dev-corpus-05,4032,82004,0.000000e+00,82004,82004,0.025321,0.025321,0.0000e+00
dev-corpus-05,4033,563,0.000000e+00,563,563,0.835786,0.835786,0.0000e+00
dev-corpus-05,4034,3187,0.000000e+00,496,496,4.534613,4.534613,0.0000e+00
dev-corpus-05,4035,506,0.000000e+00,1456,1456,5.109060,5.109060,0.0000e+00
dev-corpus-05,4036,1186,0.000000e+00,1171,1171,5.263810,5.263810,0.0000e+00
dev-corpus-05,4037,1595,0.000000e+00,1595,1595,0.214400,0.214400,0.0000e+00
dev-corpus-05,4038,531,0.000000e+00,531,531,0.043124,0.043124,0.0000e+00
dev-corpus-05,4039,8974,0.000000e+00,50611,50611,6.299098,6.299098,0.0000e+00
dev-corpus-05,4040,82046,0.000000e+00,3996,3996,9.238295,9.238295,0.0000e+00
dev-corpus-05,4041,236772,0.000000e+00,3996,3996,3.789553,3.789553,0.0000e+00
dev-corpus-05,4042,10619,0.000000e+00,19543,19543,2.077358,2.077358,0.0000e+00
dev-corpus-05,4043,4078,0.000000e+00,4078,4078,0.014738,0.014738,0.0000e+00
dev-corpus-05,4044,236761,0.000000e+00,236761,236761,0.237041,0.237041,0.0000e+00
dev-corpus-05,4045,106,0.000000e+00,108,108,0.788983,0.788983,0.0000e+00
dev-corpus-05,4046,107,0.000000e+00,100,100,15.238627,15.238627,0.0000e+00
dev-corpus-05,4047,105,0.000000e+00,13513,13513,18.746891,18.746891,0.0000e+00
dev-corpus-05,4048,2364,0.000000e+00,198,198,24.351709,24.351709,0.0000e+00
dev-corpus-05,4049,107,0.000000e+00,100,100,2.540292,2.540292,0.0000e+00
dev-corpus-05,4050,3689,0.000000e+00,100,100,8.354013,8.354013,0.0000e+00
dev-corpus-05,4051,563,0.000000e+00,563,563,0.478751,0.478751,0.0000e+00
dev-corpus-05,4052,6927,0.000000e+00,496,496,19.075776,19.075776,0.0000e+00
dev-corpus-05,4053,1535,0.000000e+00,236881,236881,13.876472,13.876472,0.0000e+00
dev-corpus-05,4054,573,0.000000e+00,573,573,0.000058,0.000058,0.0000e+00
dev-corpus-05,4055,236881,0.000000e+00,236881,236881,0.009507,0.009507,0.0000e+00
dev-corpus-05,4056,106,0.000000e+00,568,568,2.634253,2.634253,0.0000e+00
dev-corpus-05,4057,107,0.000000e+00,100,100,22.643195,22.643195,0.0000e+00
dev-corpus-05,4058,105,0.000000e+00,100,100,19.116036,19.116036,0.0000e+00
dev-corpus-05,4059,4368,0.000000e+00,198,198,15.162812,15.162812,0.0000e+00
dev-corpus-05,4060,107,0.000000e+00,100,100,10.846502,10.846502,0.0000e+00
dev-corpus-05,4061,45060,0.000000e+00,100,100,1.669012,1.669012,0.0000e+00
dev-corpus-05,4062,3952,0.000000e+00,563,563,16.297496,16.297496,0.0000e+00
dev-corpus-05,4063,699,0.000000e+00,607,607,8.024662,8.024662,0.0000e+00
dev-corpus-05,4064,506,0.000000e+00,506,506,0.108015,0.108015,0.0000e+00
dev-corpus-05,4065,7217,0.000000e+00,1813,1813,6.757598,6.757598,0.0000e+00
dev-corpus-05,4066,684,0.000000e+00,532,532,11.479331,11.479331,0.0000e+00
dev-corpus-05,4067,12461,0.000000e+00,139850,139850,15.115652,15.115652,0.0000e+00
dev-corpus-05,4068,532,0.000000e+00,50670,50670,1.504428,1.504428,0.0000e+00
dev-corpus-05,4069,2601,0.000000e+00,2601,2601,0.387546,0.387546,0.0000e+00
dev-corpus-05,4070,1813,0.000000e+00,236764,236764,5.106740,5.106740,0.0000e+00
dev-corpus-05,4071,219460,0.000000e+00,22044,22044,2.052551,2.052551,0.0000e+00
dev-corpus-05,4072,1131,0.000000e+00,532,532,3.191044,3.191044,0.0000e+00
dev-corpus-05,4073,506,0.000000e+00,506,506,0.164073,0.164073,0.0000e+00
dev-corpus-05,4074,14958,0.000000e+00,11661,11661,5.374972,5.374972,0.0000e+00
dev-corpus-05,4075,236761,0.000000e+00,236761,236761,0.913537,0.913537,0.0000e+00
dev-corpus-05,4076,138,0.000000e+00,1030,1030,10.192974,10.192974,0.0000e+00
dev-corpus-05,4077,4420,0.000000e+00,1509,1509,2.417426,2.417426,0.0000e+00
dev-corpus-05,4078,1239,0.000000e+00,506,506,3.703908,3.703908,0.0000e+00
dev-corpus-05,4079,538,0.000000e+00,14958,14958,16.788987,16.788987,0.0000e+00
dev-corpus-05,4080,82296,0.000000e+00,82296,82296,0.381899,0.381899,0.0000e+00
dev-corpus-05,4081,14958,0.000000e+00,14958,14958,0.098102,0.098102,0.0000e+00
dev-corpus-05,4082,2827,0.000000e+00,3291,3291,7.139849,7.139849,0.0000e+00
dev-corpus-05,4083,531,0.000000e+00,1024,1024,3.191653,3.191653,0.0000e+00
dev-corpus-05,4084,2601,0.000000e+00,2601,2601,0.948339,0.948339,0.0000e+00
dev-corpus-05,4085,236764,0.000000e+00,236764,236764,0.309639,0.309639,0.0000e+00
dev-corpus-05,4086,532,0.000000e+00,901,901,6.188006,6.188006,0.0000e+00
dev-corpus-05,4087,506,0.000000e+00,506,506,0.521653,0.521653,0.0000e+00
dev-corpus-05,4088,506,0.000000e+00,1813,1813,13.766209,13.766209,0.0000e+00
dev-corpus-05,4089,6927,0.000000e+00,1813,1813,1.901264,1.901264,0.0000e+00
dev-corpus-05,4090,528,0.000000e+00,16071,16071,9.383272,9.383272,0.0000e+00
dev-corpus-05,4091,1091,0.000000e+00,506,506,1.471704,1.471704,0.0000e+00
dev-corpus-05,4092,563,0.000000e+00,16071,16071,2.523581,2.523581,0.0000e+00
dev-corpus-05,4093,6757,0.000000e+00,7274,7274,14.513652,14.513652,0.0000e+00
dev-corpus-05,4094,2311,0.000000e+00,7274,7274,1.986035,1.986035,0.0000e+00
dev-corpus-05,4095,7274,0.000000e+00,7274,7274,0.017081,0.017081,0.0000e+00
dev-corpus-06,4096,107,0.000000e+00,236858,236858,12.967056,12.967056,0.0000e+00
dev-corpus-06,4097,98,0.000000e+00,9731,9731,16.401671,16.401671,0.0000e+00
dev-corpus-06,4098,107,0.000000e+00,100,100,10.405230,10.405230,0.0000e+00
dev-corpus-06,4099,106,0.000000e+00,100,100,10.280496,10.280496,0.0000e+00
dev-corpus-06,4100,107,0.000000e+00,14585,14585,9.304830,9.304830,0.0000e+00
dev-corpus-06,4101,105,0.000000e+00,140,140,20.356690,20.356690,0.0000e+00
dev-corpus-06,4102,2364,0.000000e+00,198,198,29.192703,29.192703,0.0000e+00
dev-corpus-06,4103,107,0.000000e+00,42168,42168,12.663541,12.663541,0.0000e+00
dev-corpus-06,4104,15938,0.000000e+00,100,100,17.296271,17.296271,0.0000e+00
dev-corpus-06,4105,691,0.000000e+00,198,198,4.453430,4.453430,0.0000e+00
dev-corpus-06,4106,506,0.000000e+00,198,198,3.564210,3.564210,0.0000e+00
dev-corpus-06,4107,118661,0.000000e+00,3260,3260,11.498572,11.498572,0.0000e+00
dev-corpus-06,4108,6768,0.000000e+00,6768,6768,0.467604,0.467604,0.0000e+00
dev-corpus-06,4109,236881,0.000000e+00,236881,236881,0.010933,0.010933,0.0000e+00
dev-corpus-06,4110,106,0.000000e+00,108,108,4.871235,4.871235,0.0000e+00
dev-corpus-06,4111,107,0.000000e+00,100,100,5.911702,5.911702,0.0000e+00
dev-corpus-06,4112,105,0.000000e+00,100,100,15.959184,15.959184,0.0000e+00
dev-corpus-06,4113,4368,0.000000e+00,198,198,16.938763,16.938763,0.0000e+00
dev-corpus-06,4114,107,0.000000e+00,236743,236743,9.568027,9.568027,0.0000e+00
dev-corpus-06,4115,236776,0.000000e+00,100,100,10.001072,10.001072,0.0000e+00
dev-corpus-06,4116,3274,0.000000e+00,3274,3274,0.002454,0.002454,0.0000e+00
dev-corpus-06,4117,519,0.000000e+00,519,519,0.000053,0.000053,0.0000e+00
dev-corpus-06,4118,6768,0.000000e+00,6768,6768,0.000022,0.000022,0.0000e+00
dev-corpus-06,4119,236764,0.000000e+00,568,568,2.858889,2.858889,0.0000e+00
dev-corpus-06,4120,1015,0.000000e+00,5769,5769,3.951406,3.951406,0.0000e+00
dev-corpus-06,4121,691,0.000000e+00,563,563,0.862360,0.862360,0.0000e+00
dev-corpus-06,4122,992,0.000000e+00,13320,13320,4.927583,4.927583,0.0000e+00
dev-corpus-06,4123,3224,0.000000e+00,3224,3224,0.249068,0.249068,0.0000e+00
dev-corpus-06,4124,618,0.000000e+00,618,618,0.578663,0.578663,0.0000e+00
dev-corpus-06,4125,14148,0.000000e+00,5213,5213,7.807523,7.807523,0.0000e+00
dev-corpus-06,4126,6768,0.000000e+00,6768,6768,0.002592,0.002592,0.0000e+00
dev-corpus-06,4127,236764,0.000000e+00,236764,236764,0.044160,0.044160,0.0000e+00
dev-corpus-06,4128,691,0.000000e+00,691,691,0.176085,0.176085,0.0000e+00
dev-corpus-06,4129,496,0.000000e+00,886,886,3.074211,3.074211,0.0000e+00
dev-corpus-06,4130,9531,0.000000e+00,6112,6112,13.130045,13.130045,0.0000e+00
dev-corpus-06,4131,118661,0.000000e+00,71684,71684,10.634001,10.634001,0.0000e+00
dev-corpus-06,4132,1015,0.000000e+00,532,532,1.389888,1.389888,0.0000e+00
dev-corpus-06,4133,7028,0.000000e+00,6657,6657,14.166218,14.166218,0.0000e+00
dev-corpus-06,4134,506,0.000000e+00,506,506,0.077928,0.077928,0.0000e+00
dev-corpus-06,4135,57996,0.000000e+00,57996,57996,0.570040,0.570040,0.0000e+00
dev-corpus-06,4136,529,0.000000e+00,529,529,0.001128,0.001128,0.0000e+00
dev-corpus-06,4137,9699,0.000000e+00,9699,9699,0.041852,0.041852,0.0000e+00
dev-corpus-06,4138,3351,0.000000e+00,3351,3351,0.006568,0.006568,0.0000e+00
dev-corpus-06,4139,236761,0.000000e+00,236764,236764,1.293300,1.293300,0.0000e+00
dev-corpus-06,4140,8945,0.000000e+00,1293,1293,9.490012,9.490012,0.0000e+00
dev-corpus-06,4141,531,0.000000e+00,531,531,0.000039,0.000039,0.0000e+00
dev-corpus-06,4142,506,0.000000e+00,506,506,0.603193,0.603193,0.0000e+00
dev-corpus-06,4143,2260,0.000000e+00,1799,1799,6.300277,6.300277,0.0000e+00
dev-corpus-06,4144,529,0.000000e+00,529,529,0.000065,0.000065,0.0000e+00
dev-corpus-06,4145,37204,0.000000e+00,506,506,1.474415,1.474415,0.0000e+00
dev-corpus-06,4146,528,0.000000e+00,528,528,0.733584,0.733584,0.0000e+00
dev-corpus-06,4147,506,0.000000e+00,506,506,0.000031,0.000031,0.0000e+00
dev-corpus-06,4148,58978,0.000000e+00,17987,17987,15.078157,15.078157,0.0000e+00
dev-corpus-06,4149,236764,0.000000e+00,236764,236764,0.008831,0.008831,0.0000e+00
dev-corpus-06,4150,6768,0.000000e+00,668,668,1.650897,1.650897,0.0000e+00
dev-corpus-06,4151,691,0.000000e+00,691,691,0.766923,0.766923,0.0000e+00
dev-corpus-06,4152,221453,0.000000e+00,13320,13320,22.103063,22.103063,0.0000e+00
dev-corpus-06,4153,532,0.000000e+00,1015,1015,2.325578,2.325578,0.0000e+00
dev-corpus-06,4154,2080,0.000000e+00,496,496,13.575931,13.575931,0.0000e+00
dev-corpus-06,4155,70795,0.000000e+00,496,496,2.524350,2.524350,0.0000e+00
dev-corpus-06,4156,529,0.000000e+00,529,529,0.533797,0.533797,0.0000e+00
dev-corpus-06,4157,3649,0.000000e+00,29053,29053,1.631696,1.631696,0.0000e+00
dev-corpus-06,4158,48522,0.000000e+00,29053,29053,8.840309,8.840309,0.0000e+00
dev-corpus-06,4159,529,0.000000e+00,529,529,0.714510,0.714510,0.0000e+00
dev-corpus-06,4160,9699,0.000000e+00,9699,9699,0.179065,0.179065,0.0000e+00
dev-corpus-06,4161,236761,0.000000e+00,236761,236761,0.400989,0.400989,0.0000e+00
dev-corpus-06,4162,1293,0.000000e+00,1293,1293,1.244812,1.244812,0.0000e+00
dev-corpus-06,4163,26109,0.000000e+00,1053,1053,4.443669,4.443669,0.0000e+00
dev-corpus-06,4164,9699,0.000000e+00,9699,9699,0.123960,0.123960,0.0000e+00
dev-corpus-06,4165,580,0.000000e+00,580,580,0.396445,0.396445,0.0000e+00
dev-corpus-06,4166,506,0.000000e+00,506,506,0.031720,0.031720,0.0000e+00
dev-corpus-06,4167,4284,0.000000e+00,4284,4284,0.011562,0.011562,0.0000e+00
dev-corpus-06,4168,531,0.000000e+00,531,531,0.018199,0.018199,0.0000e+00
dev-corpus-06,4169,126662,0.000000e+00,126662,126662,0.001138,0.001138,0.0000e+00
dev-corpus-06,4170,531,0.000000e+00,236764,236764,13.036871,13.036871,0.0000e+00
dev-corpus-06,4171,1586,0.000000e+00,7352,7352,6.447395,6.447395,0.0000e+00
dev-corpus-06,4172,29053,0.000000e+00,855,855,6.820055,6.820055,0.0000e+00
dev-corpus-06,4173,993,0.000000e+00,236764,236764,7.661892,7.661892,0.0000e+00
dev-corpus-06,4174,532,0.000000e+00,236761,236761,4.006532,4.006532,0.0000e+00
dev-corpus-06,4175,3437,0.000000e+00,691,691,25.525392,25.525392,0.0000e+00
dev-corpus-06,4176,1091,0.000000e+00,1091,1091,0.092707,0.092707,0.0000e+00
dev-corpus-06,4177,4470,0.000000e+00,1063,1063,20.437564,20.437564,0.0000e+00
dev-corpus-06,4178,531,0.000000e+00,236761,236761,1.433955,1.433955,0.0000e+00
dev-corpus-06,4179,34617,0.000000e+00,34617,34617,0.496155,0.496155,0.0000e+00
dev-corpus-06,4180,236761,0.000000e+00,236761,236761,0.070731,0.070731,0.0000e+00
dev-corpus-06,4181,2024,0.000000e+00,1174,1174,7.018369,7.018369,0.0000e+00
dev-corpus-06,4182,580,0.000000e+00,668,668,4.658129,4.658129,0.0000e+00
dev-corpus-06,4183,914,0.000000e+00,506,506,3.673412,3.673412,0.0000e+00
dev-corpus-06,4184,1595,0.000000e+00,1595,1595,0.174461,0.174461,0.0000e+00
dev-corpus-06,4185,496,0.000000e+00,236764,236764,7.776357,7.776357,0.0000e+00
dev-corpus-06,4186,2214,0.000000e+00,2214,2214,0.796430,0.796430,0.0000e+00
dev-corpus-06,4187,50319,0.000000e+00,119405,119405,11.605175,11.605175,0.0000e+00
dev-corpus-06,4188,1082,0.000000e+00,1082,1082,0.001179,0.001179,0.0000e+00
dev-corpus-06,4189,496,0.000000e+00,506,506,12.454749,12.454749,0.0000e+00
dev-corpus-06,4190,3768,0.000000e+00,3768,3768,0.542835,0.542835,0.0000e+00
dev-corpus-06,4191,119405,0.000000e+00,119405,119405,0.632531,0.632531,0.0000e+00
dev-corpus-06,4192,2101,0.000000e+00,1679,1679,2.037429,2.037429,0.0000e+00
dev-corpus-06,4193,1515,0.000000e+00,1515,1515,0.002329,0.002329,0.0000e+00
dev-corpus-06,4194,532,0.000000e+00,532,532,0.369454,0.369454,0.0000e+00
dev-corpus-06,4195,1724,0.000000e+00,668,668,16.054791,16.054791,0.0000e+00
dev-corpus-06,4196,607,0.000000e+00,1015,1015,3.875477,3.875477,0.0000e+00
dev-corpus-06,4197,1515,0.000000e+00,1515,1515,0.056230,0.056230,0.0000e+00
dev-corpus-06,4198,699,0.000000e+00,236764,236764,9.011877,9.011877,0.0000e+00
dev-corpus-06,4199,20808,0.000000e+00,34617,34617,9.440152,9.440152,0.0000e+00
dev-corpus-06,4200,657,0.000000e+00,13804,13804,8.614935,8.614935,0.0000e+00
dev-corpus-06,4201,5453,0.000000e+00,1515,1515,18.041073,18.041073,0.0000e+00
dev-corpus-06,4202,1719,0.000000e+00,236772,236772,1.559635,1.559635,0.0000e+00
dev-corpus-06,4203,236761,0.000000e+00,13804,13804,3.972177,3.972177,0.0000e+00
dev-corpus-06,4204,4298,0.000000e+00,1293,1293,4.133806,4.133806,0.0000e+00
dev-corpus-06,4205,668,0.000000e+00,668,668,0.150323,0.150323,0.0000e+00
dev-corpus-06,4206,11561,0.000000e+00,11561,11561,0.044167,0.044167,0.0000e+00
dev-corpus-06,4207,531,0.000000e+00,531,531,0.035243,0.035243,0.0000e+00
dev-corpus-06,4208,506,0.000000e+00,506,506,0.000517,0.000517,0.0000e+00
dev-corpus-06,4209,3866,0.000000e+00,3866,3866,0.000492,0.000492,0.0000e+00
dev-corpus-06,4210,532,0.000000e+00,532,532,0.102802,0.102802,0.0000e+00
dev-corpus-06,4211,6827,0.000000e+00,6827,6827,0.003320,0.003320,0.0000e+00
dev-corpus-06,4212,496,0.000000e+00,496,496,0.008120,0.008120,0.0000e+00
dev-corpus-06,4213,8300,0.000000e+00,8300,8300,0.000127,0.000127,0.0000e+00
dev-corpus-06,4214,236764,0.000000e+00,6420,6420,8.132853,8.132853,0.0000e+00
dev-corpus-06,4215,623,0.000000e+00,623,623,0.482567,0.482567,0.0000e+00
dev-corpus-06,4216,15799,0.000000e+00,15799,15799,0.020496,0.020496,0.0000e+00
dev-corpus-06,4217,575,0.000000e+00,575,575,0.000000,0.000000,0.0000e+00
dev-corpus-06,4218,236764,0.000000e+00,236764,236764,0.000286,0.000286,0.0000e+00
dev-corpus-06,4219,890,0.000000e+00,82072,82072,25.923800,25.923800,0.0000e+00
dev-corpus-06,4220,575,0.000000e+00,575,575,0.000000,0.000000,0.0000e+00
dev-corpus-06,4221,236764,0.000000e+00,236764,236764,0.043597,0.043597,0.0000e+00
dev-corpus-06,4222,3217,0.000000e+00,3217,3217,0.002108,0.002108,0.0000e+00
dev-corpus-06,4223,659,0.000000e+00,659,659,0.423911,0.423911,0.0000e+00
dev-corpus-06,4224,611,0.000000e+00,611,611,0.000002,0.000002,0.0000e+00
dev-corpus-06,4225,41064,0.000000e+00,41064,41064,0.002960,0.002960,0.0000e+00
dev-corpus-06,4226,13555,0.000000e+00,13555,13555,0.000033,0.000033,0.0000e+00
dev-corpus-06,4227,786,0.000000e+00,786,786,0.001214,0.001214,0.0000e+00
dev-corpus-06,4228,126584,0.000000e+00,7462,7462,7.558229,7.558229,0.0000e+00
dev-corpus-06,4229,532,0.000000e+00,1293,1293,10.515697,10.515697,0.0000e+00
dev-corpus-06,4230,668,0.000000e+00,668,668,0.170813,0.170813,0.0000e+00
dev-corpus-06,4231,1176,0.000000e+00,4733,4733,6.460301,6.460301,0.0000e+00
dev-corpus-06,4232,623,0.000000e+00,236764,236764,5.114053,5.114053,0.0000e+00
dev-corpus-06,4233,14625,0.000000e+00,15938,15938,3.666045,3.666045,0.0000e+00
dev-corpus-06,4234,659,0.000000e+00,659,659,0.048652,0.048652,0.0000e+00
dev-corpus-06,4235,611,0.000000e+00,611,611,0.000029,0.000029,0.0000e+00
dev-corpus-06,4236,7462,0.000000e+00,126584,126584,1.078741,1.078741,0.0000e+00
dev-corpus-06,4237,1299,0.000000e+00,532,532,4.192036,4.192036,0.0000e+00
dev-corpus-06,4238,506,0.000000e+00,506,506,0.160151,0.160151,0.0000e+00
dev-corpus-06,4239,29398,0.000000e+00,8300,8300,12.792855,12.792855,0.0000e+00
dev-corpus-06,4240,1176,0.000000e+00,1176,1176,0.154484,0.154484,0.0000e+00
dev-corpus-06,4241,236764,0.000000e+00,623,623,1.974707,1.974707,0.0000e+00
dev-corpus-06,4242,623,0.000000e+00,623,623,0.002314,0.002314,0.0000e+00
dev-corpus-06,4243,236777,0.000000e+00,236777,236777,0.003246,0.003246,0.0000e+00
dev-corpus-06,4244,1006,0.000000e+00,1006,1006,0.000175,0.000175,0.0000e+00
dev-corpus-06,4245,9699,0.000000e+00,9699,9699,0.000209,0.000209,0.0000e+00
dev-corpus-06,4246,236764,0.000000e+00,236764,236764,0.060088,0.060088,0.0000e+00
dev-corpus-06,4247,8761,0.000000e+00,8761,8761,0.000050,0.000050,0.0000e+00
dev-corpus-06,4248,611,0.000000e+00,611,611,0.000045,0.000045,0.0000e+00
dev-corpus-06,4249,659,0.000000e+00,659,659,0.005141,0.005141,0.0000e+00
dev-corpus-06,4250,41064,0.000000e+00,41064,41064,0.000030,0.000030,0.0000e+00
dev-corpus-06,4251,13555,0.000000e+00,13555,13555,0.000017,0.000017,0.0000e+00
dev-corpus-06,4252,236761,0.000000e+00,1781,1781,10.696753,10.696753,0.0000e+00
dev-corpus-06,4253,1030,0.000000e+00,8383,8383,8.720073,8.720073,0.0000e+00
dev-corpus-06,4254,563,0.000000e+00,563,563,0.000036,0.000036,0.0000e+00
dev-corpus-06,4255,2651,0.000000e+00,692,692,5.063781,5.063781,0.0000e+00
dev-corpus-06,4256,573,0.000000e+00,573,573,0.000361,0.000361,0.0000e+00
dev-corpus-06,4257,611,0.000000e+00,611,611,0.008205,0.008205,0.0000e+00
dev-corpus-06,4258,531,0.000000e+00,531,531,0.559619,0.559619,0.0000e+00
dev-corpus-06,4259,12261,0.000000e+00,24712,24712,13.511904,13.511904,0.0000e+00
dev-corpus-06,4260,2342,0.000000e+00,2342,2342,0.000037,0.000037,0.0000e+00
dev-corpus-06,4261,506,0.000000e+00,506,506,0.058884,0.058884,0.0000e+00
dev-corpus-06,4262,817,0.000000e+00,2066,2066,8.286323,8.286323,0.0000e+00
dev-corpus-06,4263,10328,0.000000e+00,10328,10328,0.121596,0.121596,0.0000e+00
dev-corpus-06,4264,1781,0.000000e+00,1781,1781,0.018328,0.018328,0.0000e+00
dev-corpus-06,4265,6768,0.000000e+00,108,108,1.307116,1.307116,0.0000e+00
dev-corpus-06,4266,4733,0.000000e+00,691,691,6.609113,6.609113,0.0000e+00
dev-corpus-06,4267,623,0.000000e+00,236764,236764,1.969175,1.969175,0.0000e+00
dev-corpus-06,4268,3689,0.000000e+00,14070,14070,3.564038,3.564038,0.0000e+00
dev-corpus-06,4269,776,0.000000e+00,776,776,0.518425,0.518425,0.0000e+00
dev-corpus-06,4270,611,0.000000e+00,611,611,0.011157,0.011157,0.0000e+00
dev-corpus-06,4271,1461,0.000000e+00,1461,1461,0.002571,0.002571,0.0000e+00
dev-corpus-06,4272,786,0.000000e+00,786,786,0.002470,0.002470,0.0000e+00
dev-corpus-06,4273,531,0.000000e+00,531,531,0.000083,0.000083,0.0000e+00
dev-corpus-06,4274,776,0.000000e+00,776,776,0.000013,0.000013,0.0000e+00
dev-corpus-06,4275,7462,0.000000e+00,7462,7462,0.078153,0.078153,0.0000e+00
dev-corpus-06,4276,1299,0.000000e+00,532,532,1.543820,1.543820,0.0000e+00
dev-corpus-06,4277,506,0.000000e+00,506,506,0.832150,0.832150,0.0000e+00
dev-corpus-06,4278,29398,0.000000e+00,29398,29398,0.604611,0.604611,0.0000e+00
dev-corpus-06,4279,1176,0.000000e+00,1176,1176,0.076125,0.076125,0.0000e+00
dev-corpus-06,4280,623,0.000000e+00,236764,236764,2.134322,2.134322,0.0000e+00
dev-corpus-06,4281,2023,0.000000e+00,5988,5988,1.014407,1.014407,0.0000e+00
dev-corpus-06,4282,1117,0.000000e+00,1117,1117,0.000636,0.000636,0.0000e+00
dev-corpus-06,4283,532,0.000000e+00,532,532,0.258400,0.258400,0.0000e+00
dev-corpus-06,4284,817,0.000000e+00,577,577,4.105571,4.105571,0.0000e+00
dev-corpus-06,4285,1131,0.000000e+00,1131,1131,0.195350,0.195350,0.0000e+00
dev-corpus-06,4286,506,0.000000e+00,506,506,0.242630,0.242630,0.0000e+00
dev-corpus-06,4287,3207,0.000000e+00,3207,3207,0.001900,0.001900,0.0000e+00
dev-corpus-06,4288,236764,0.000000e+00,236764,236764,0.024825,0.024825,0.0000e+00
dev-corpus-06,4289,532,0.000000e+00,532,532,0.182914,0.182914,0.0000e+00
dev-corpus-06,4290,611,0.000000e+00,993,993,0.821891,0.821891,0.0000e+00
dev-corpus-06,4291,795,0.000000e+00,795,795,0.000088,0.000088,0.0000e+00
dev-corpus-06,4292,577,0.000000e+00,577,577,0.000137,0.000137,0.0000e+00
dev-corpus-06,4293,4173,0.000000e+00,4173,4173,0.759426,0.759426,0.0000e+00
dev-corpus-06,4294,1144,0.000000e+00,1144,1144,0.000267,0.000267,0.0000e+00
dev-corpus-06,4295,611,0.000000e+00,611,611,0.293862,0.293862,0.0000e+00
dev-corpus-06,4296,1921,0.000000e+00,1921,1921,0.089151,0.089151,0.0000e+00
dev-corpus-06,4297,776,0.000000e+00,776,776,0.000040,0.000040,0.0000e+00
dev-corpus-06,4298,1781,0.000000e+00,1781,1781,0.023036,0.023036,0.0000e+00
dev-corpus-06,4299,20607,0.000000e+00,108,108,7.628081,7.628081,0.0000e+00
dev-corpus-06,4300,1010,0.000000e+00,1010,1010,0.388198,0.388198,0.0000e+00
dev-corpus-06,4301,1603,0.000000e+00,78030,78030,8.609113,8.609113,0.0000e+00
dev-corpus-06,4302,18261,0.000000e+00,496,496,3.108932,3.108932,0.0000e+00
dev-corpus-06,4303,236764,0.000000e+00,236764,236764,0.168349,0.168349,0.0000e+00
dev-corpus-06,4304,668,0.000000e+00,668,668,0.642110,0.642110,0.0000e+00
dev-corpus-06,4305,691,0.000000e+00,3939,3939,1.336348,1.336348,0.0000e+00
dev-corpus-06,4306,2080,0.000000e+00,5378,5378,10.681051,10.681051,0.0000e+00
dev-corpus-06,4307,531,0.000000e+00,1131,1131,2.924180,2.924180,0.0000e+00
dev-corpus-06,4308,506,0.000000e+00,506,506,0.554520,0.554520,0.0000e+00
dev-corpus-06,4309,3207,0.000000e+00,3207,3207,0.046837,0.046837,0.0000e+00
dev-corpus-06,4310,532,0.000000e+00,236764,236764,0.940386,0.940386,0.0000e+00
dev-corpus-06,4311,2668,0.000000e+00,691,691,9.759984,9.759984,0.0000e+00
dev-corpus-06,4312,3209,0.000000e+00,3209,3209,0.015654,0.015654,0.0000e+00
dev-corpus-06,4313,914,0.000000e+00,914,914,1.083093,1.083093,0.0000e+00
dev-corpus-06,4314,14186,0.000000e+00,14186,14186,0.058002,0.058002,0.0000e+00
dev-corpus-06,4315,691,0.000000e+00,691,691,0.028980,0.028980,0.0000e+00
dev-corpus-06,4316,28251,0.000000e+00,28251,28251,0.009726,0.009726,0.0000e+00
dev-corpus-06,4317,684,0.000000e+00,236761,236761,3.803228,3.803228,0.0000e+00
dev-corpus-06,4318,1455,0.000000e+00,614,614,5.009970,5.009970,0.0000e+00
dev-corpus-06,4319,3236,0.000000e+00,3236,3236,0.000857,0.000857,0.0000e+00
dev-corpus-06,4320,527,0.000000e+00,527,527,0.000138,0.000138,0.0000e+00
dev-corpus-06,4321,529,0.000000e+00,236761,236761,8.918630,8.918630,0.0000e+00
dev-corpus-06,4322,126662,0.000000e+00,126662,126662,0.027856,0.027856,0.0000e+00
dev-corpus-06,4323,236761,0.000000e+00,236761,236761,0.089081,0.089081,0.0000e+00
dev-corpus-06,4324,4298,0.000000e+00,108,108,4.961337,4.961337,0.0000e+00
dev-corpus-06,4325,6768,0.000000e+00,668,668,1.414797,1.414797,0.0000e+00
dev-corpus-06,4326,691,0.000000e+00,6074,6074,3.680697,3.680697,0.0000e+00
dev-corpus-06,4327,120743,0.000000e+00,120743,120743,1.403503,1.403503,0.0000e+00
dev-corpus-06,4328,532,0.000000e+00,532,532,0.398153,0.398153,0.0000e+00
dev-corpus-06,4329,6842,0.000000e+00,6074,6074,5.246493,5.246493,0.0000e+00
dev-corpus-06,4330,3931,0.000000e+00,6074,6074,3.884452,3.884452,0.0000e+00
dev-corpus-06,4331,531,0.000000e+00,68799,68799,2.779349,2.779349,0.0000e+00
dev-corpus-06,4332,83304,0.000000e+00,82738,82738,3.790716,3.790716,0.0000e+00
dev-corpus-06,4333,9531,0.000000e+00,9699,9699,8.044644,8.044644,0.0000e+00
dev-corpus-06,4334,3618,0.000000e+00,57996,57996,2.850995,2.850995,0.0000e+00
dev-corpus-06,4335,236761,0.000000e+00,236761,236761,0.208105,0.208105,0.0000e+00
dev-corpus-06,4336,1293,0.000000e+00,108,108,2.690445,2.690445,0.0000e+00
dev-corpus-06,4337,72970,0.000000e+00,5452,5452,5.172725,5.172725,0.0000e+00
dev-corpus-06,4338,11120,0.000000e+00,506,506,14.649076,14.649076,0.0000e+00
dev-corpus-06,4339,531,0.000000e+00,528,528,2.540171,2.540171,0.0000e+00
dev-corpus-06,4340,506,0.000000e+00,161635,161635,1.395811,1.395811,0.0000e+00
dev-corpus-06,4341,12249,0.000000e+00,26560,26560,7.562133,7.562133,0.0000e+00
dev-corpus-06,4342,2538,0.000000e+00,2538,2538,0.005110,0.005110,0.0000e+00
dev-corpus-06,4343,532,0.000000e+00,236764,236764,2.508962,2.508962,0.0000e+00
dev-corpus-06,4344,668,0.000000e+00,711,711,3.902308,3.902308,0.0000e+00
dev-corpus-06,4345,563,0.000000e+00,7971,7971,7.351899,7.351899,0.0000e+00
dev-corpus-06,4346,992,0.000000e+00,4542,4542,6.432786,6.432786,0.0000e+00
dev-corpus-06,4347,3224,0.000000e+00,3224,3224,1.837419,1.837419,0.0000e+00
dev-corpus-06,4348,618,0.000000e+00,573,573,1.056711,1.056711,0.0000e+00
dev-corpus-06,4349,614,0.000000e+00,506,506,3.942484,3.942484,0.0000e+00
dev-corpus-06,4350,118661,0.000000e+00,2132,2132,4.040841,4.040841,0.0000e+00
dev-corpus-06,4351,531,0.000000e+00,236761,236761,1.759826,1.759826,0.0000e+00
dev-corpus-06,4352,506,0.000000e+00,506,506,0.000603,0.000603,0.0000e+00
dev-corpus-06,4353,12249,0.000000e+00,161635,161635,3.639454,3.639454,0.0000e+00
dev-corpus-06,4354,2538,0.000000e+00,2538,2538,0.000187,0.000187,0.0000e+00
dev-corpus-06,4355,236761,0.000000e+00,236761,236761,0.128996,0.128996,0.0000e+00
dev-corpus-06,4356,138,0.000000e+00,108,108,8.489081,8.489081,0.0000e+00
dev-corpus-06,4357,2209,0.000000e+00,2209,2209,0.881765,0.881765,0.0000e+00
dev-corpus-06,4358,29295,0.000000e+00,7971,7971,11.308440,11.308440,0.0000e+00
dev-corpus-06,4359,3131,0.000000e+00,26975,26975,3.728310,3.728310,0.0000e+00
dev-corpus-06,4360,26975,0.000000e+00,26975,26975,0.093451,0.093451,0.0000e+00
dev-corpus-06,4361,528,0.000000e+00,5459,5459,1.313372,1.313372,0.0000e+00
dev-corpus-06,4362,8833,0.000000e+00,11560,11560,16.164686,16.164686,0.0000e+00
dev-corpus-06,4363,31220,0.000000e+00,31220,31220,0.001374,0.001374,0.0000e+00
dev-corpus-06,4364,236764,0.000000e+00,236764,236764,0.170690,0.170690,0.0000e+00
dev-corpus-06,4365,14609,0.000000e+00,14609,14609,0.608945,0.608945,0.0000e+00
dev-corpus-06,4366,236747,0.000000e+00,236747,236747,0.000442,0.000442,0.0000e+00
dev-corpus-06,4367,236764,0.000000e+00,236764,236764,0.000319,0.000319,0.0000e+00
dev-corpus-06,4368,140342,0.000000e+00,532,532,3.246250,3.246250,0.0000e+00
dev-corpus-06,4369,4465,0.000000e+00,1614,1614,7.840238,7.840238,0.0000e+00
dev-corpus-06,4370,236764,0.000000e+00,236764,236764,0.017749,0.017749,0.0000e+00
dev-corpus-06,4371,62852,0.000000e+00,62852,62852,0.453510,0.453510,0.0000e+00
dev-corpus-06,4372,532,0.000000e+00,236764,236764,3.921843,3.921843,0.0000e+00
dev-corpus-06,4373,211901,0.000000e+00,1032,1032,1.239310,1.239310,0.0000e+00
dev-corpus-06,4374,236761,0.000000e+00,236761,236761,0.189073,0.189073,0.0000e+00
dev-corpus-06,4375,1214,0.000000e+00,1293,1293,34.100999,34.100999,0.0000e+00
dev-corpus-06,4376,47909,0.000000e+00,710,710,4.351566,4.351566,0.0000e+00
dev-corpus-06,4377,653,0.000000e+00,26975,26975,6.498748,6.498748,0.0000e+00
dev-corpus-06,4378,208456,0.000000e+00,53590,53590,3.764255,3.764255,0.0000e+00
dev-corpus-06,4379,529,0.000000e+00,11739,11739,2.008934,2.008934,0.0000e+00
dev-corpus-06,4380,506,0.000000e+00,914,914,2.681693,2.681693,0.0000e+00
dev-corpus-06,4381,12571,0.000000e+00,26975,26975,5.140455,5.140455,0.0000e+00
dev-corpus-06,4382,6819,0.000000e+00,236772,236772,6.593759,6.593759,0.0000e+00
dev-corpus-06,4383,6249,0.000000e+00,48522,48522,10.247991,10.247991,0.0000e+00
dev-corpus-06,4384,528,0.000000e+00,529,529,2.134352,2.134352,0.0000e+00
dev-corpus-06,4385,506,0.000000e+00,506,506,0.001165,0.001165,0.0000e+00
dev-corpus-06,4386,861,0.000000e+00,1799,1799,2.088853,2.088853,0.0000e+00
dev-corpus-06,4387,43100,0.000000e+00,53437,53437,0.832309,0.832309,0.0000e+00
dev-corpus-06,4388,691,0.000000e+00,659,659,6.265427,6.265427,0.0000e+00
dev-corpus-06,4389,5267,0.000000e+00,5267,5267,0.048399,0.048399,0.0000e+00
dev-corpus-06,4390,684,0.000000e+00,684,684,0.004507,0.004507,0.0000e+00
dev-corpus-06,4391,6768,0.000000e+00,1515,1515,1.023224,1.023224,0.0000e+00
dev-corpus-06,4392,1343,0.000000e+00,236761,236761,9.016060,9.016060,0.0000e+00
dev-corpus-06,4393,506,0.000000e+00,914,914,5.225122,5.225122,0.0000e+00
dev-corpus-06,4394,14984,0.000000e+00,11739,11739,7.514940,7.514940,0.0000e+00
dev-corpus-06,4395,529,0.000000e+00,529,529,0.000919,0.000919,0.0000e+00
dev-corpus-06,4396,506,0.000000e+00,506,506,0.008516,0.008516,0.0000e+00
dev-corpus-06,4397,27437,0.000000e+00,19055,19055,4.736790,4.736790,0.0000e+00
dev-corpus-06,4398,7304,0.000000e+00,7304,7304,0.064183,0.064183,0.0000e+00
dev-corpus-06,4399,236761,0.000000e+00,236761,236761,0.060074,0.060074,0.0000e+00
dev-corpus-06,4400,106,0.000000e+00,1293,1293,3.706124,3.706124,0.0000e+00
dev-corpus-06,4401,107,0.000000e+00,100,100,10.810877,10.810877,0.0000e+00
dev-corpus-06,4402,105,0.000000e+00,100,100,21.896677,21.896677,0.0000e+00
dev-corpus-06,4403,2364,0.000000e+00,198,198,19.549411,19.549411,0.0000e+00
dev-corpus-06,4404,107,0.000000e+00,100,100,9.890872,9.890872,0.0000e+00
dev-corpus-06,4405,3689,0.000000e+00,100,100,8.870250,8.870250,0.0000e+00
dev-corpus-06,4406,659,0.000000e+00,563,563,2.243177,2.243177,0.0000e+00
dev-corpus-06,4407,1070,0.000000e+00,506,506,1.680053,1.680053,0.0000e+00
dev-corpus-06,4408,2432,0.000000e+00,529,529,6.966496,6.966496,0.0000e+00
dev-corpus-06,4409,531,0.000000e+00,692,692,3.533874,3.533874,0.0000e+00
dev-corpus-06,4410,5630,0.000000e+00,1281,1281,4.869595,4.869595,0.0000e+00
dev-corpus-06,4411,1056,0.000000e+00,1003,1003,6.644647,6.644647,0.0000e+00
dev-corpus-06,4412,11691,0.000000e+00,16319,16319,13.406984,13.406984,0.0000e+00
dev-corpus-06,4413,496,0.000000e+00,496,496,1.033061,1.033061,0.0000e+00
dev-corpus-06,4414,861,0.000000e+00,1295,1295,4.583533,4.583533,0.0000e+00
dev-corpus-06,4415,6727,0.000000e+00,1295,1295,9.727406,9.727406,0.0000e+00
dev-corpus-06,4416,529,0.000000e+00,529,529,0.000015,0.000015,0.0000e+00
dev-corpus-06,4417,33640,0.000000e+00,11795,11795,8.756952,8.756952,0.0000e+00
dev-corpus-06,4418,236881,0.000000e+00,236881,236881,0.025573,0.025573,0.0000e+00
dev-corpus-06,4419,106,0.000000e+00,1018,1018,2.643828,2.643828,0.0000e+00
dev-corpus-06,4420,107,0.000000e+00,199,199,13.352242,13.352242,0.0000e+00
dev-corpus-06,4421,105,0.000000e+00,100,100,21.352558,21.352558,0.0000e+00
dev-corpus-06,4422,4368,0.000000e+00,100,100,6.173558,6.173558,0.0000e+00
dev-corpus-06,4423,107,0.000000e+00,100,100,7.947692,7.947692,0.0000e+00
dev-corpus-06,4424,3810,0.000000e+00,100,100,9.386403,9.386403,0.0000e+00
dev-corpus-06,4425,659,0.000000e+00,659,659,0.001971,0.001971,0.0000e+00
dev-corpus-06,4426,1551,0.000000e+00,1551,1551,0.003795,0.003795,0.0000e+00
dev-corpus-06,4427,13138,0.000000e+00,5872,5872,11.467942,11.467942,0.0000e+00
dev-corpus-06,4428,1056,0.000000e+00,531,531,6.234181,6.234181,0.0000e+00
dev-corpus-06,4429,886,0.000000e+00,11691,11691,19.197140,19.197140,0.0000e+00
dev-corpus-06,4430,740,0.000000e+00,563,563,9.294598,9.294598,0.0000e+00
dev-corpus-06,4431,2514,0.000000e+00,3717,3717,10.431463,10.431463,0.0000e+00
dev-corpus-06,4432,528,0.000000e+00,528,528,0.008045,0.008045,0.0000e+00
dev-corpus-06,4433,3666,0.000000e+00,3666,3666,0.020021,0.020021,0.0000e+00
dev-corpus-06,4434,1056,0.000000e+00,1056,1056,0.134605,0.134605,0.0000e+00
dev-corpus-06,4435,21186,0.000000e+00,11691,11691,1.121371,1.121371,0.0000e+00
dev-corpus-06,4436,33640,0.000000e+00,496,496,4.413859,4.413859,0.0000e+00
dev-corpus-06,4437,236761,0.000000e+00,236764,236764,3.713863,3.713863,0.0000e+00
dev-corpus-06,4438,107,0.000000e+00,669,669,15.953737,15.953737,0.0000e+00
dev-corpus-06,4439,236770,0.000000e+00,8291,8291,6.146370,6.146370,0.0000e+00
dev-corpus-06,4440,236761,0.000000e+00,236761,236761,0.000595,0.000595,0.0000e+00
dev-corpus-06,4441,48573,0.000000e+00,5213,5213,6.872273,6.872273,0.0000e+00
dev-corpus-06,4442,236787,0.000000e+00,236787,236787,0.934442,0.934442,0.0000e+00
dev-corpus-06,4443,506,0.000000e+00,2900,2900,9.980348,9.980348,0.0000e+00
dev-corpus-06,4444,5708,0.000000e+00,1171,1171,4.425312,4.425312,0.0000e+00
dev-corpus-06,4445,529,0.000000e+00,529,529,0.691835,0.691835,0.0000e+00
dev-corpus-06,4446,14120,0.000000e+00,506,506,6.592979,6.592979,0.0000e+00
dev-corpus-06,4447,1374,0.000000e+00,563,563,2.638867,2.638867,0.0000e+00
dev-corpus-06,4448,577,0.000000e+00,577,577,0.027831,0.027831,0.0000e+00
dev-corpus-06,4449,3582,0.000000e+00,4542,4542,4.250070,4.250070,0.0000e+00
dev-corpus-06,4450,528,0.000000e+00,236761,236761,3.974997,3.974997,0.0000e+00
dev-corpus-06,4451,3666,0.000000e+00,3666,3666,1.335128,1.335128,0.0000e+00
dev-corpus-06,4452,236764,0.000000e+00,236761,236761,2.780659,2.780659,0.0000e+00
dev-corpus-06,4453,858,0.000000e+00,3363,3363,8.939002,8.939002,0.0000e+00
dev-corpus-06,4454,236761,0.000000e+00,236761,236761,0.000414,0.000414,0.0000e+00
dev-corpus-06,4455,236744,0.000000e+00,236744,236744,0.002631,0.002631,0.0000e+00
dev-corpus-06,4456,1126,0.000000e+00,1126,1126,0.677602,0.677602,0.0000e+00
dev-corpus-06,4457,3363,0.000000e+00,573,573,1.367221,1.367221,0.0000e+00
dev-corpus-06,4458,625,0.000000e+00,506,506,1.199229,1.199229,0.0000e+00
dev-corpus-06,4459,236789,0.000000e+00,563,563,2.712174,2.712174,0.0000e+00
dev-corpus-06,4460,236751,0.000000e+00,236751,236751,0.001519,0.001519,0.0000e+00
dev-corpus-06,4461,573,0.000000e+00,573,573,0.012856,0.012856,0.0000e+00
dev-corpus-06,4462,9903,0.000000e+00,13723,13723,8.714132,8.714132,0.0000e+00
dev-corpus-06,4463,1535,0.000000e+00,4252,4252,7.965989,7.965989,0.0000e+00
dev-corpus-06,4464,3325,0.000000e+00,4252,4252,1.452695,1.452695,0.0000e+00
dev-corpus-06,4465,4252,0.000000e+00,4252,4252,0.100511,0.100511,0.0000e+00
dev-corpus-06,4466,653,0.000000e+00,236764,236764,4.192108,4.192108,0.0000e+00
dev-corpus-06,4467,573,0.000000e+00,573,573,0.177722,0.177722,0.0000e+00
dev-corpus-06,4468,981,0.000000e+00,13723,13723,6.104364,6.104364,0.0000e+00
dev-corpus-06,4469,1133,0.000000e+00,9139,9139,3.989322,3.989322,0.0000e+00
dev-corpus-06,4470,4030,0.000000e+00,9139,9139,1.974635,1.974635,0.0000e+00
dev-corpus-06,4471,2948,0.000000e+00,9139,9139,5.288894,5.288894,0.0000e+00
dev-corpus-06,4472,9139,0.000000e+00,9139,9139,0.078654,0.078654,0.0000e+00
dev-corpus-06,4473,236761,0.000000e+00,236761,236761,0.480547,0.480547,0.0000e+00
dev-corpus-06,4474,107,0.000000e+00,107,107,0.020873,0.020873,0.0000e+00
dev-corpus-06,4475,236778,0.000000e+00,236778,236778,0.002141,0.002141,0.0000e+00
dev-corpus-06,4476,236761,0.000000e+00,236761,236761,0.000025,0.000025,0.0000e+00
dev-corpus-06,4477,14584,0.000000e+00,54866,54866,7.178727,7.178727,0.0000e+00
dev-corpus-06,4478,19791,0.000000e+00,236787,236787,16.852597,16.852597,0.0000e+00
dev-corpus-06,4479,236787,0.000000e+00,236787,236787,0.083270,0.083270,0.0000e+00
dev-corpus-06,4480,22100,0.000000e+00,506,506,10.388168,10.388168,0.0000e+00
dev-corpus-06,4481,563,0.000000e+00,1374,1374,1.067469,1.067469,0.0000e+00
dev-corpus-06,4482,2462,0.000000e+00,496,496,2.040959,2.040959,0.0000e+00
dev-corpus-06,4483,614,0.000000e+00,496,496,2.782125,2.782125,0.0000e+00
dev-corpus-06,4484,2132,0.000000e+00,2132,2132,0.427460,0.427460,0.0000e+00
dev-corpus-06,4485,11231,0.000000e+00,5415,5415,2.039137,2.039137,0.0000e+00
dev-corpus-06,4486,1056,0.000000e+00,236764,236764,5.138125,5.138125,0.0000e+00
dev-corpus-06,4487,625,0.000000e+00,11691,11691,4.131871,4.131871,0.0000e+00
dev-corpus-06,4488,3952,0.000000e+00,3952,3952,0.038223,0.038223,0.0000e+00
dev-corpus-06,4489,531,0.000000e+00,531,531,0.000825,0.000825,0.0000e+00
dev-corpus-06,4490,1027,0.000000e+00,11691,11691,3.223735,3.223735,0.0000e+00
dev-corpus-06,4491,4260,0.000000e+00,7408,7408,10.136647,10.136647,0.0000e+00
dev-corpus-06,4492,529,0.000000e+00,529,529,0.000103,0.000103,0.0000e+00
dev-corpus-06,4493,7408,0.000000e+00,7408,7408,0.266250,0.266250,0.0000e+00
dev-corpus-06,4494,236761,0.000000e+00,236761,236761,0.692523,0.692523,0.0000e+00
dev-corpus-06,4495,107,0.000000e+00,107,107,1.295556,1.295556,0.0000e+00
dev-corpus-06,4496,236800,0.000000e+00,236800,236800,0.001677,0.001677,0.0000e+00
dev-corpus-06,4497,236761,0.000000e+00,236761,236761,0.000022,0.000022,0.0000e+00
dev-corpus-06,4498,23531,0.000000e+00,54866,54866,11.530647,11.530647,0.0000e+00
dev-corpus-06,4499,59461,0.000000e+00,59461,59461,0.037141,0.037141,0.0000e+00
dev-corpus-06,4500,32735,0.000000e+00,135398,135398,13.386709,13.386709,0.0000e+00
dev-corpus-06,4501,568,0.000000e+00,236787,236787,0.940531,0.940531,0.0000e+00
dev-corpus-06,4502,27478,0.000000e+00,27478,27478,0.001121,0.001121,0.0000e+00
dev-corpus-06,4503,1473,0.000000e+00,1473,1473,0.026397,0.026397,0.0000e+00
dev-corpus-06,4504,8035,0.000000e+00,1637,1637,10.093799,10.093799,0.0000e+00
dev-corpus-06,4505,9168,0.000000e+00,625,625,4.395772,4.395772,0.0000e+00
dev-corpus-06,4506,32735,0.000000e+00,32735,32735,0.365978,0.365978,0.0000e+00
dev-corpus-06,4507,563,0.000000e+00,563,563,0.920031,0.920031,0.0000e+00
dev-corpus-06,4508,4891,0.000000e+00,496,496,14.364037,14.364037,0.0000e+00
dev-corpus-06,4509,607,0.000000e+00,919,919,5.685738,5.685738,0.0000e+00
dev-corpus-06,4510,1346,0.000000e+00,919,919,4.826631,4.826631,0.0000e+00
dev-corpus-06,4511,140350,0.000000e+00,33640,33640,3.232731,3.232731,0.0000e+00
dev-corpus-06,4512,49808,0.000000e+00,236764,236764,2.475091,2.475091,0.0000e+00
dev-corpus-06,4513,236764,0.000000e+00,236764,236764,0.005584,0.005584,0.0000e+00
dev-corpus-06,4514,506,0.000000e+00,625,625,3.378859,3.378859,0.0000e+00
dev-corpus-06,4515,3325,0.000000e+00,3325,3325,1.211037,1.211037,0.0000e+00
dev-corpus-06,4516,529,0.000000e+00,529,529,0.127567,0.127567,0.0000e+00
dev-corpus-06,4517,111424,0.000000e+00,506,506,1.604396,1.604396,0.0000e+00
dev-corpus-06,4518,2473,0.000000e+00,1374,1374,6.492158,6.492158,0.0000e+00
dev-corpus-06,4519,9729,0.000000e+00,9729,9729,0.598002,0.598002,0.0000e+00
dev-corpus-06,4520,699,0.000000e+00,236761,236761,2.179009,2.179009,0.0000e+00
dev-corpus-06,4521,886,0.000000e+00,886,886,0.236616,0.236616,0.0000e+00
dev-corpus-06,4522,6347,0.000000e+00,2028,2028,9.239271,9.239271,0.0000e+00
dev-corpus-06,4523,531,0.000000e+00,529,529,1.106295,1.106295,0.0000e+00
dev-corpus-06,4524,2264,0.000000e+00,2264,2264,0.171008,0.171008,0.0000e+00
dev-corpus-06,4525,236761,0.000000e+00,236761,236761,0.077687,0.077687,0.0000e+00
dev-corpus-06,4526,1593,0.000000e+00,107,107,6.102340,6.102340,0.0000e+00
dev-corpus-06,4527,625,0.000000e+00,236764,236764,2.292705,2.292705,0.0000e+00
dev-corpus-06,4528,236789,0.000000e+00,563,563,0.771716,0.771716,0.0000e+00
dev-corpus-06,4529,236751,0.000000e+00,236751,236751,0.000188,0.000188,0.0000e+00
dev-corpus-06,4530,2462,0.000000e+00,5367,5367,4.677900,4.677900,0.0000e+00
dev-corpus-06,4531,1535,0.000000e+00,496,496,1.816527,1.816527,0.0000e+00
dev-corpus-06,4532,531,0.000000e+00,531,531,0.032200,0.032200,0.0000e+00
dev-corpus-06,4533,1676,0.000000e+00,2426,2426,3.802237,3.802237,0.0000e+00
dev-corpus-06,4534,1070,0.000000e+00,10595,10595,3.584607,3.584607,0.0000e+00
dev-corpus-06,4535,10595,0.000000e+00,10595,10595,0.033978,0.033978,0.0000e+00
dev-corpus-06,4536,2101,0.000000e+00,531,531,7.977645,7.977645,0.0000e+00
dev-corpus-06,4537,625,0.000000e+00,506,506,3.466535,3.466535,0.0000e+00
dev-corpus-06,4538,236761,0.000000e+00,236761,236761,0.110548,0.110548,0.0000e+00
dev-corpus-06,4539,107,0.000000e+00,107,107,0.026515,0.026515,0.0000e+00
dev-corpus-06,4540,236812,0.000000e+00,236812,236812,0.002454,0.002454,0.0000e+00
dev-corpus-06,4541,236761,0.000000e+00,236761,236761,0.000064,0.000064,0.0000e+00
dev-corpus-06,4542,18424,0.000000e+00,54866,54866,15.784435,15.784435,0.0000e+00
dev-corpus-06,4543,3739,0.000000e+00,151162,151162,10.577225,10.577225,0.0000e+00
dev-corpus-06,4544,532,0.000000e+00,236787,236787,3.888821,3.888821,0.0000e+00
dev-corpus-06,4545,4065,0.000000e+00,4065,4065,1.372721,1.372721,0.0000e+00
dev-corpus-06,4546,236787,0.000000e+00,236787,236787,0.004832,0.004832,0.0000e+00
dev-corpus-06,4547,1030,0.000000e+00,4943,4943,4.482924,4.482924,0.0000e+00
dev-corpus-06,4548,563,0.000000e+00,236789,236789,1.054832,1.054832,0.0000e+00
dev-corpus-06,4549,4180,0.000000e+00,5367,5367,9.918541,9.918541,0.0000e+00
dev-corpus-06,4550,496,0.000000e+00,2462,2462,4.388193,4.388193,0.0000e+00
dev-corpus-06,4551,6606,0.000000e+00,2238,2238,8.085817,8.085817,0.0000e+00
dev-corpus-06,4552,1492,0.000000e+00,49808,49808,2.234503,2.234503,0.0000e+00
dev-corpus-06,4553,600,0.000000e+00,573,573,1.159258,1.159258,0.0000e+00
dev-corpus-06,4554,1418,0.000000e+00,33640,33640,4.214914,4.214914,0.0000e+00
dev-corpus-06,4555,3262,0.000000e+00,54677,54677,5.635616,5.635616,0.0000e+00
dev-corpus-06,4556,54677,0.000000e+00,5500,5500,1.671541,1.671541,0.0000e+00
dev-corpus-06,4557,2544,0.000000e+00,815,815,5.176616,5.176616,0.0000e+00
dev-corpus-06,4558,815,0.000000e+00,815,815,0.575267,0.575267,0.0000e+00
dev-corpus-06,4559,5535,0.000000e+00,496,496,5.243795,5.243795,0.0000e+00
dev-corpus-06,4560,506,0.000000e+00,496,496,9.175728,9.175728,0.0000e+00
dev-corpus-06,4561,7041,0.000000e+00,6551,6551,4.315901,4.315901,0.0000e+00
dev-corpus-06,4562,6551,0.000000e+00,6551,6551,0.133549,0.133549,0.0000e+00
dev-corpus-06,4563,3739,0.000000e+00,3739,3739,0.410687,0.410687,0.0000e+00
dev-corpus-06,4564,607,0.000000e+00,236761,236761,2.506007,2.506007,0.0000e+00
dev-corpus-06,4565,1070,0.000000e+00,3572,3572,3.305149,3.305149,0.0000e+00
dev-corpus-06,4566,1138,0.000000e+00,4065,4065,8.598128,8.598128,0.0000e+00
dev-corpus-06,4567,236772,0.000000e+00,236772,236772,0.045113,0.045113,0.0000e+00
dev-corpus-06,4568,498,0.000000e+00,1190,1190,1.358613,1.358613,0.0000e+00
dev-corpus-06,4569,4065,0.000000e+00,4065,4065,0.146430,0.146430,0.0000e+00
dev-corpus-06,4570,236761,0.000000e+00,236761,236761,0.504680,0.504680,0.0000e+00
dev-corpus-06,4571,2024,0.000000e+00,1593,1593,6.257352,6.257352,0.0000e+00
dev-corpus-06,4572,1070,0.000000e+00,506,506,2.213982,2.213982,0.0000e+00
dev-corpus-06,4573,4699,0.000000e+00,33640,33640,2.879978,2.879978,0.0000e+00
dev-corpus-06,4574,2729,0.000000e+00,735,735,3.010515,3.010515,0.0000e+00
dev-corpus-06,4575,1623,0.000000e+00,919,919,4.983535,4.983535,0.0000e+00
dev-corpus-06,4576,573,0.000000e+00,919,919,14.652012,14.652012,0.0000e+00
dev-corpus-06,4577,5851,0.000000e+00,506,506,14.884684,14.884684,0.0000e+00
dev-corpus-06,4578,236772,0.000000e+00,236772,236772,0.266863,0.266863,0.0000e+00
dev-corpus-06,4579,102059,0.000000e+00,118291,118291,8.635717,8.635717,0.0000e+00
dev-corpus-06,4580,12239,0.000000e+00,2256,2256,2.998729,2.998729,0.0000e+00
dev-corpus-06,4581,1082,0.000000e+00,532,532,4.380930,4.380930,0.0000e+00
dev-corpus-06,4582,3496,0.000000e+00,3496,3496,0.073922,0.073922,0.0000e+00
dev-corpus-06,4583,236761,0.000000e+00,236761,236761,0.141356,0.141356,0.0000e+00
dev-corpus-06,4584,107,0.000000e+00,107,107,0.245421,0.245421,0.0000e+00
dev-corpus-06,4585,236810,0.000000e+00,236810,236810,0.002072,0.002072,0.0000e+00
dev-corpus-06,4586,236761,0.000000e+00,236761,236761,0.000026,0.000026,0.0000e+00
dev-corpus-06,4587,90917,0.000000e+00,54866,54866,15.487581,15.487581,0.0000e+00
dev-corpus-06,4588,1624,0.000000e+00,1624,1624,1.092258,1.092258,0.0000e+00
dev-corpus-06,4589,236787,0.000000e+00,236787,236787,0.764455,0.764455,0.0000e+00
dev-corpus-06,4590,1637,0.000000e+00,1637,1637,1.575787,1.575787,0.0000e+00
dev-corpus-06,4591,611,0.000000e+00,611,611,0.631681,0.631681,0.0000e+00
dev-corpus-06,4592,659,0.000000e+00,659,659,1.220855,1.220855,0.0000e+00
dev-corpus-06,4593,496,0.000000e+00,1771,1771,4.704664,4.704664,0.0000e+00
dev-corpus-06,4594,17597,0.000000e+00,1589,1589,1.844533,1.844533,0.0000e+00
dev-corpus-06,4595,75507,0.000000e+00,67302,67302,1.384920,1.384920,0.0000e+00
dev-corpus-06,4596,236764,0.000000e+00,236764,236764,0.076861,0.076861,0.0000e+00
dev-corpus-06,4597,1299,0.000000e+00,496,496,2.538002,2.538002,0.0000e+00
dev-corpus-06,4598,496,0.000000e+00,496,496,0.217229,0.217229,0.0000e+00
dev-corpus-06,4599,11236,0.000000e+00,6081,6081,4.637061,4.637061,0.0000e+00
dev-corpus-06,4600,532,0.000000e+00,6081,6081,1.405459,1.405459,0.0000e+00
dev-corpus-06,4601,16317,0.000000e+00,22937,22937,4.712645,4.712645,0.0000e+00
dev-corpus-06,4602,54677,0.000000e+00,6081,6081,10.292979,10.292979,0.0000e+00
dev-corpus-06,4603,6081,0.000000e+00,607,607,5.598359,5.598359,0.0000e+00
dev-corpus-06,4604,1624,0.000000e+00,1624,1624,0.036709,0.036709,0.0000e+00
dev-corpus-06,4605,2473,0.000000e+00,563,563,2.754452,2.754452,0.0000e+00
dev-corpus-06,4606,577,0.000000e+00,577,577,0.014714,0.014714,0.0000e+00
dev-corpus-06,4607,1535,0.000000e+00,496,496,5.233868,5.233868,0.0000e+00
dev-corpus-07,4608,107,0.000000e+00,236858,236858,12.967056,12.967056,0.0000e+00
dev-corpus-07,4609,98,0.000000e+00,9731,9731,16.401671,16.401671,0.0000e+00
dev-corpus-07,4610,107,0.000000e+00,100,100,10.405230,10.405230,0.0000e+00
dev-corpus-07,4611,106,0.000000e+00,100,100,10.280496,10.280496,0.0000e+00
dev-corpus-07,4612,107,0.000000e+00,14585,14585,9.304830,9.304830,0.0000e+00
dev-corpus-07,4613,105,0.000000e+00,140,140,20.356690,20.356690,0.0000e+00
dev-corpus-07,4614,2364,0.000000e+00,198,198,29.192703,29.192703,0.0000e+00
dev-corpus-07,4615,107,0.000000e+00,42168,42168,12.663541,12.663541,0.0000e+00
dev-corpus-07,4616,3910,0.000000e+00,100,100,11.305420,11.305420,0.0000e+00
dev-corpus-07,4617,1677,0.000000e+00,776,776,2.166681,2.166681,0.0000e+00
dev-corpus-07,4618,506,0.000000e+00,93036,93036,2.488536,2.488536,0.0000e+00
dev-corpus-07,4619,9115,0.000000e+00,3495,3495,14.419959,14.419959,0.0000e+00
dev-corpus-07,4620,22645,0.000000e+00,3658,3658,12.629525,12.629525,0.0000e+00
dev-corpus-07,4621,1458,0.000000e+00,1458,1458,0.017600,0.017600,0.0000e+00
dev-corpus-07,4622,981,0.000000e+00,981,981,0.097079,0.097079,0.0000e+00
dev-corpus-07,4623,236881,0.000000e+00,236881,236881,0.048800,0.048800,0.0000e+00
dev-corpus-07,4624,106,0.000000e+00,108,108,5.529854,5.529854,0.0000e+00
dev-corpus-07,4625,107,0.000000e+00,100,100,4.094294,4.094294,0.0000e+00
dev-corpus-07,4626,105,0.000000e+00,818,818,16.336933,16.336933,0.0000e+00
dev-corpus-07,4627,4368,0.000000e+00,18645,18645,20.150582,20.150582,0.0000e+00
dev-corpus-07,4628,107,0.000000e+00,100,100,9.141183,9.141183,0.0000e+00
dev-corpus-07,4629,7795,0.000000e+00,100,100,19.780544,19.780544,0.0000e+00
dev-corpus-07,4630,42792,0.000000e+00,529,529,2.468255,2.468255,0.0000e+00
dev-corpus-07,4631,815,0.000000e+00,528,528,2.429406,2.429406,0.0000e+00
dev-corpus-07,4632,1156,0.000000e+00,5213,5213,2.308366,2.308366,0.0000e+00
dev-corpus-07,4633,20644,0.000000e+00,20644,20644,0.506468,0.506468,0.0000e+00
dev-corpus-07,4634,236761,0.000000e+00,236764,236764,5.454724,5.454724,0.0000e+00
dev-corpus-07,4635,669,0.000000e+00,669,669,0.465780,0.465780,0.0000e+00
dev-corpus-07,4636,1171,0.000000e+00,1458,1458,1.802114,1.802114,0.0000e+00
dev-corpus-07,4637,10744,0.000000e+00,10744,10744,0.338589,0.338589,0.0000e+00
dev-corpus-07,4638,563,0.000000e+00,563,563,0.127995,0.127995,0.0000e+00
dev-corpus-07,4639,573,0.000000e+00,573,573,0.122643,0.122643,0.0000e+00
dev-corpus-07,4640,496,0.000000e+00,496,496,0.180630,0.180630,0.0000e+00
dev-corpus-07,4641,1982,0.000000e+00,5213,5213,4.743800,4.743800,0.0000e+00
dev-corpus-07,4642,64272,0.000000e+00,11054,11054,5.409807,5.409807,0.0000e+00
dev-corpus-07,4643,11054,0.000000e+00,11054,11054,0.019719,0.019719,0.0000e+00
dev-corpus-07,4644,236761,0.000000e+00,236764,236764,6.825331,6.825331,0.0000e+00
dev-corpus-07,4645,669,0.000000e+00,669,669,0.032856,0.032856,0.0000e+00
dev-corpus-07,4646,11054,0.000000e+00,1855,1855,11.765469,11.765469,0.0000e+00
dev-corpus-07,4647,607,0.000000e+00,1015,1015,2.836549,2.836549,0.0000e+00
dev-corpus-07,4648,506,0.000000e+00,506,506,0.000818,0.000818,0.0000e+00
dev-corpus-07,4649,6658,0.000000e+00,1346,1346,13.540672,13.540672,0.0000e+00
dev-corpus-07,4650,8862,0.000000e+00,1346,1346,0.893691,0.893691,0.0000e+00
dev-corpus-07,4651,21500,0.000000e+00,529,529,6.054593,6.054593,0.0000e+00
dev-corpus-07,4652,496,0.000000e+00,506,506,5.007366,5.007366,0.0000e+00
dev-corpus-07,4653,23535,0.000000e+00,11171,11171,6.775088,6.775088,0.0000e+00
dev-corpus-07,4654,11171,0.000000e+00,11171,11171,0.072691,0.072691,0.0000e+00
dev-corpus-07,4655,528,0.000000e+00,236761,236761,1.786175,1.786175,0.0000e+00
dev-corpus-07,4656,26778,0.000000e+00,506,506,5.004674,5.004674,0.0000e+00
dev-corpus-07,4657,236761,0.000000e+00,236761,236761,0.101375,0.101375,0.0000e+00
dev-corpus-07,4658,669,0.000000e+00,669,669,0.043221,0.043221,0.0000e+00
dev-corpus-07,4659,1855,0.000000e+00,1855,1855,0.005648,0.005648,0.0000e+00
dev-corpus-07,4660,10744,0.000000e+00,10744,10744,0.001251,0.001251,0.0000e+00
dev-corpus-07,4661,563,0.000000e+00,563,563,0.120139,0.120139,0.0000e+00
dev-corpus-07,4662,573,0.000000e+00,573,573,0.052984,0.052984,0.0000e+00
dev-corpus-07,4663,496,0.000000e+00,496,496,0.017440,0.017440,0.0000e+00
dev-corpus-07,4664,4598,0.000000e+00,4598,4598,0.698318,0.698318,0.0000e+00
dev-corpus-07,4665,236789,0.000000e+00,1694,1694,9.090378,9.090378,0.0000e+00
dev-corpus-07,4666,236751,0.000000e+00,236751,236751,0.000036,0.000036,0.0000e+00
dev-corpus-07,4667,1694,0.000000e+00,1694,1694,0.033236,0.033236,0.0000e+00
dev-corpus-07,4668,529,0.000000e+00,236761,236761,1.759323,1.759323,0.0000e+00
dev-corpus-07,4669,13176,0.000000e+00,13176,13176,0.002400,0.002400,0.0000e+00
dev-corpus-07,4670,236764,0.000000e+00,236761,236761,2.533680,2.533680,0.0000e+00
dev-corpus-07,4671,837,0.000000e+00,532,532,1.127434,1.127434,0.0000e+00
dev-corpus-07,4672,16819,0.000000e+00,23521,23521,12.228867,12.228867,0.0000e+00
dev-corpus-07,4673,657,0.000000e+00,531,531,7.766467,7.766467,0.0000e+00
dev-corpus-07,4674,506,0.000000e+00,506,506,0.103181,0.103181,0.0000e+00
dev-corpus-07,4675,1883,0.000000e+00,1883,1883,0.726300,0.726300,0.0000e+00
dev-corpus-07,4676,1984,0.000000e+00,1984,1984,0.076685,0.076685,0.0000e+00
dev-corpus-07,4677,236761,0.000000e+00,236761,236761,0.126732,0.126732,0.0000e+00
dev-corpus-07,4678,669,0.000000e+00,1174,1174,1.116417,1.116417,0.0000e+00
dev-corpus-07,4679,1855,0.000000e+00,17823,17823,1.897643,1.897643,0.0000e+00
dev-corpus-07,4680,10744,0.000000e+00,10744,10744,0.003364,0.003364,0.0000e+00
dev-corpus-07,4681,23521,0.000000e+00,563,563,0.942891,0.942891,0.0000e+00
dev-corpus-07,4682,506,0.000000e+00,506,506,0.261831,0.261831,0.0000e+00
dev-corpus-07,4683,6782,0.000000e+00,6782,6782,0.753927,0.753927,0.0000e+00
dev-corpus-07,4684,20688,0.000000e+00,5296,5296,3.629633,3.629633,0.0000e+00
dev-corpus-07,4685,4598,0.000000e+00,5296,5296,11.925992,11.925992,0.0000e+00
dev-corpus-07,4686,10065,0.000000e+00,10065,10065,0.290397,0.290397,0.0000e+00
dev-corpus-07,4687,528,0.000000e+00,236761,236761,1.656222,1.656222,0.0000e+00
dev-corpus-07,4688,506,0.000000e+00,26778,26778,1.240984,1.240984,0.0000e+00
dev-corpus-07,4689,26778,0.000000e+00,214934,214934,1.986550,1.986550,0.0000e+00
dev-corpus-07,4690,236761,0.000000e+00,236761,236761,0.022801,0.022801,0.0000e+00
dev-corpus-07,4691,7178,0.000000e+00,108,108,9.344731,9.344731,0.0000e+00
dev-corpus-07,4692,14467,0.000000e+00,990,990,6.694675,6.694675,0.0000e+00
dev-corpus-07,4693,17823,0.000000e+00,17823,17823,0.038849,0.038849,0.0000e+00
dev-corpus-07,4694,2473,0.000000e+00,532,532,5.955296,5.955296,0.0000e+00
dev-corpus-07,4695,577,0.000000e+00,577,577,0.793226,0.793226,0.0000e+00
dev-corpus-07,4696,3742,0.000000e+00,4127,4127,3.327501,3.327501,0.0000e+00
dev-corpus-07,4697,531,0.000000e+00,531,531,0.532309,0.532309,0.0000e+00
dev-corpus-07,4698,16529,0.000000e+00,25430,25430,5.183302,5.183302,0.0000e+00
dev-corpus-07,4699,506,0.000000e+00,506,506,0.177595,0.177595,0.0000e+00
dev-corpus-07,4700,1982,0.000000e+00,119429,119429,2.269959,2.269959,0.0000e+00
dev-corpus-07,4701,77408,0.000000e+00,64272,64272,1.932589,1.932589,0.0000e+00
dev-corpus-07,4702,699,0.000000e+00,236761,236761,4.449703,4.449703,0.0000e+00
dev-corpus-07,4703,506,0.000000e+00,506,506,0.414512,0.414512,0.0000e+00
dev-corpus-07,4704,1171,0.000000e+00,1171,1171,0.549496,0.549496,0.0000e+00
dev-corpus-07,4705,10744,0.000000e+00,10744,10744,0.007353,0.007353,0.0000e+00
dev-corpus-07,4706,236761,0.000000e+00,236761,236761,0.113780,0.113780,0.0000e+00
dev-corpus-07,4707,106,0.000000e+00,108,108,2.317604,2.317604,0.0000e+00
dev-corpus-07,4708,107,0.000000e+00,818,818,8.708557,8.708557,0.0000e+00
dev-corpus-07,4709,105,0.000000e+00,100,100,21.082096,21.082096,0.0000e+00
dev-corpus-07,4710,2364,0.000000e+00,198,198,17.243805,17.243805,0.0000e+00
dev-corpus-07,4711,107,0.000000e+00,100,100,4.480392,4.480392,0.0000e+00
dev-corpus-07,4712,3689,0.000000e+00,100,100,8.869613,8.869613,0.0000e+00
dev-corpus-07,4713,563,0.000000e+00,563,563,0.515825,0.515825,0.0000e+00
dev-corpus-07,4714,506,0.000000e+00,506,506,0.071063,0.071063,0.0000e+00
dev-corpus-07,4715,1791,0.000000e+00,17141,17141,9.508696,9.508696,0.0000e+00
dev-corpus-07,4716,4563,0.000000e+00,1595,1595,12.076451,12.076451,0.0000e+00
dev-corpus-07,4717,573,0.000000e+00,573,573,0.560705,0.560705,0.0000e+00
dev-corpus-07,4718,496,0.000000e+00,496,496,0.398922,0.398922,0.0000e+00
dev-corpus-07,4719,2523,0.000000e+00,42792,42792,6.796278,6.796278,0.0000e+00
dev-corpus-07,4720,17640,0.000000e+00,531,531,1.859693,1.859693,0.0000e+00
dev-corpus-07,4721,528,0.000000e+00,236881,236881,0.980949,0.980949,0.0000e+00
dev-corpus-07,4722,16425,0.000000e+00,9405,9405,14.362704,14.362704,0.0000e+00
dev-corpus-07,4723,3879,0.000000e+00,3879,3879,0.217005,0.217005,0.0000e+00
dev-corpus-07,4724,236881,0.000000e+00,236881,236881,0.043022,0.043022,0.0000e+00
dev-corpus-07,4725,106,0.000000e+00,108,108,1.888674,1.888674,0.0000e+00
dev-corpus-07,4726,107,0.000000e+00,199,199,23.945963,23.945963,0.0000e+00
dev-corpus-07,4727,105,0.000000e+00,100,100,20.836030,20.836030,0.0000e+00
dev-corpus-07,4728,4368,0.000000e+00,198,198,15.713214,15.713214,0.0000e+00
dev-corpus-07,4729,107,0.000000e+00,100,100,7.867065,7.867065,0.0000e+00
dev-corpus-07,4730,818,0.000000e+00,100,100,8.816617,8.816617,0.0000e+00
dev-corpus-07,4731,1791,0.000000e+00,623,623,5.619121,5.619121,0.0000e+00
dev-corpus-07,4732,4563,0.000000e+00,4563,4563,0.000572,0.000572,0.0000e+00
dev-corpus-07,4733,9796,0.000000e+00,573,573,5.014507,5.014507,0.0000e+00
dev-corpus-07,4734,580,0.000000e+00,11716,11716,5.919688,5.919688,0.0000e+00
dev-corpus-07,4735,3141,0.000000e+00,1144,1144,17.318587,17.318587,0.0000e+00
dev-corpus-07,4736,38527,0.000000e+00,2523,2523,4.619047,4.619047,0.0000e+00
dev-corpus-07,4737,532,0.000000e+00,236764,236764,3.678486,3.678486,0.0000e+00
dev-corpus-07,4738,22195,0.000000e+00,1144,1144,3.871142,3.871142,0.0000e+00
dev-corpus-07,4739,236761,0.000000e+00,237028,237028,2.677080,2.677080,0.0000e+00
dev-corpus-07,4740,138,0.000000e+00,10063,10063,13.893491,13.893491,0.0000e+00
dev-corpus-07,4741,108,0.000000e+00,2021,2021,11.653860,11.653860,0.0000e+00
dev-corpus-07,4742,2542,0.000000e+00,2021,2021,3.673831,3.673831,0.0000e+00
dev-corpus-07,4743,496,0.000000e+00,496,496,0.847283,0.847283,0.0000e+00
dev-corpus-07,4744,17640,0.000000e+00,5213,5213,9.760249,9.760249,0.0000e+00
dev-corpus-07,4745,528,0.000000e+00,10317,10317,6.313795,6.313795,0.0000e+00
dev-corpus-07,4746,496,0.000000e+00,5213,5213,5.221538,5.221538,0.0000e+00
dev-corpus-07,4747,3207,0.000000e+00,2523,2523,3.169080,3.169080,0.0000e+00
dev-corpus-07,4748,236764,0.000000e+00,6514,6514,2.560473,2.560473,0.0000e+00
dev-corpus-07,4749,611,0.000000e+00,5213,5213,3.990921,3.990921,0.0000e+00
dev-corpus-07,4750,740,0.000000e+00,2473,2473,6.691586,6.691586,0.0000e+00
dev-corpus-07,4751,236858,0.000000e+00,1966,1966,12.980125,12.980125,0.0000e+00
dev-corpus-07,4752,236745,0.000000e+00,236745,236745,0.000031,0.000031,0.0000e+00
dev-corpus-07,4753,12222,0.000000e+00,817,817,4.111750,4.111750,0.0000e+00
dev-corpus-07,4754,9079,0.000000e+00,5213,5213,6.162265,6.162265,0.0000e+00
dev-corpus-07,4755,236761,0.000000e+00,236764,236764,5.180713,5.180713,0.0000e+00
dev-corpus-07,4756,138,0.000000e+00,1030,1030,2.598824,2.598824,0.0000e+00
dev-corpus-07,4757,3810,0.000000e+00,108,108,7.771302,7.771302,0.0000e+00
dev-corpus-07,4758,563,0.000000e+00,563,563,0.788643,0.788643,0.0000e+00
dev-corpus-07,4759,496,0.000000e+00,2613,2613,1.840324,1.840324,0.0000e+00
dev-corpus-07,4760,2455,0.000000e+00,2606,2606,6.461525,6.461525,0.0000e+00
dev-corpus-07,4761,2644,0.000000e+00,6236,6236,4.045210,4.045210,0.0000e+00
dev-corpus-07,4762,529,0.000000e+00,529,529,0.000242,0.000242,0.0000e+00
dev-corpus-07,4763,2487,0.000000e+00,41850,41850,9.121171,9.121171,0.0000e+00
dev-corpus-07,4764,27249,0.000000e+00,5085,5085,8.095823,8.095823,0.0000e+00
dev-corpus-07,4765,236764,0.000000e+00,236764,236764,0.420582,0.420582,0.0000e+00
dev-corpus-07,4766,699,0.000000e+00,6540,6540,7.639828,7.639828,0.0000e+00
dev-corpus-07,4767,46387,0.000000e+00,1494,1494,3.236331,3.236331,0.0000e+00
dev-corpus-07,4768,50560,0.000000e+00,531,531,2.559443,2.559443,0.0000e+00
dev-corpus-07,4769,2550,0.000000e+00,2550,2550,0.000054,0.000054,0.0000e+00
dev-corpus-07,4770,532,0.000000e+00,531,531,8.239994,8.239994,0.0000e+00
dev-corpus-07,4771,70665,0.000000e+00,70665,70665,0.842499,0.842499,0.0000e+00
dev-corpus-07,4772,236764,0.000000e+00,531,531,6.961916,6.961916,0.0000e+00
dev-corpus-07,4773,531,0.000000e+00,531,531,0.014233,0.014233,0.0000e+00
dev-corpus-07,4774,1401,0.000000e+00,1494,1494,4.334462,4.334462,0.0000e+00
dev-corpus-07,4775,11162,0.000000e+00,1494,1494,1.219178,1.219178,0.0000e+00
dev-corpus-07,4776,236764,0.000000e+00,5851,5851,4.545691,4.545691,0.0000e+00
dev-corpus-07,4777,94942,0.000000e+00,1494,1494,2.220743,2.220743,0.0000e+00
dev-corpus-07,4778,63844,0.000000e+00,236772,236772,8.877166,8.877166,0.0000e+00
dev-corpus-07,4779,12616,0.000000e+00,12616,12616,0.188082,0.188082,0.0000e+00
dev-corpus-07,4780,236761,0.000000e+00,236761,236761,0.036293,0.036293,0.0000e+00
dev-corpus-07,4781,138,0.000000e+00,138,138,0.525783,0.525783,0.0000e+00
dev-corpus-07,4782,1509,0.000000e+00,818,818,2.117746,2.117746,0.0000e+00
dev-corpus-07,4783,563,0.000000e+00,563,563,1.031970,1.031970,0.0000e+00
dev-corpus-07,4784,2651,0.000000e+00,496,496,8.684764,8.684764,0.0000e+00
dev-corpus-07,4785,531,0.000000e+00,531,531,0.008535,0.008535,0.0000e+00
dev-corpus-07,4786,974,0.000000e+00,1586,1586,3.951760,3.951760,0.0000e+00
dev-corpus-07,4787,496,0.000000e+00,5745,5745,6.782236,6.782236,0.0000e+00
dev-corpus-07,4788,4287,0.000000e+00,5113,5113,4.019947,4.019947,0.0000e+00
dev-corpus-07,4789,13294,0.000000e+00,13294,13294,0.525439,0.525439,0.0000e+00
dev-corpus-07,4790,528,0.000000e+00,528,528,1.112181,1.112181,0.0000e+00
dev-corpus-07,4791,9079,0.000000e+00,9079,9079,0.091967,0.091967,0.0000e+00
dev-corpus-07,4792,236761,0.000000e+00,236761,236761,0.585688,0.585688,0.0000e+00
dev-corpus-07,4793,138,0.000000e+00,138,138,0.185962,0.185962,0.0000e+00
dev-corpus-07,4794,818,0.000000e+00,818,818,1.354704,1.354704,0.0000e+00
dev-corpus-07,4795,98615,0.000000e+00,3207,3207,5.749824,5.749824,0.0000e+00
dev-corpus-07,4796,992,0.000000e+00,198,198,8.207388,8.207388,0.0000e+00
dev-corpus-07,4797,563,0.000000e+00,198,198,2.803856,2.803856,0.0000e+00
dev-corpus-07,4798,15978,0.000000e+00,7516,7516,5.763544,5.763544,0.0000e+00
dev-corpus-07,4799,236764,0.000000e+00,236764,236764,0.451427,0.451427,0.0000e+00
dev-corpus-07,4800,607,0.000000e+00,607,607,0.673964,0.673964,0.0000e+00
dev-corpus-07,4801,4532,0.000000e+00,70836,70836,14.193002,14.193002,0.0000e+00
dev-corpus-07,4802,13217,0.000000e+00,70836,70836,2.303817,2.303817,0.0000e+00
dev-corpus-07,4803,9292,0.000000e+00,236764,236764,7.881286,7.881286,0.0000e+00
dev-corpus-07,4804,607,0.000000e+00,607,607,0.007233,0.007233,0.0000e+00
dev-corpus-07,4805,9760,0.000000e+00,11858,11858,4.022200,4.022200,0.0000e+00
dev-corpus-07,4806,9108,0.000000e+00,50744,50744,4.033651,4.033651,0.0000e+00
dev-corpus-07,4807,236764,0.000000e+00,236761,236761,2.527854,2.527854,0.0000e+00
dev-corpus-07,4808,532,0.000000e+00,532,532,1.337494,1.337494,0.0000e+00
dev-corpus-07,4809,1551,0.000000e+00,506,506,3.341517,3.341517,0.0000e+00
dev-corpus-07,4810,41850,0.000000e+00,41850,41850,1.201388,1.201388,0.0000e+00
dev-corpus-07,4811,531,0.000000e+00,236761,236761,1.353281,1.353281,0.0000e+00
dev-corpus-07,4812,5727,0.000000e+00,11327,11327,5.218974,5.218974,0.0000e+00
dev-corpus-07,4813,822,0.000000e+00,496,496,5.025529,5.025529,0.0000e+00
dev-corpus-07,4814,2668,0.000000e+00,2668,2668,0.660882,0.660882,0.0000e+00
dev-corpus-07,4815,236761,0.000000e+00,236761,236761,0.005944,0.005944,0.0000e+00
dev-corpus-07,4816,35640,0.000000e+00,138,138,12.187436,12.187436,0.0000e+00
dev-corpus-07,4817,2101,0.000000e+00,2101,2101,0.013491,0.013491,0.0000e+00
dev-corpus-07,4818,9079,0.000000e+00,563,563,2.284018,2.284018,0.0000e+00
dev-corpus-07,4819,563,0.000000e+00,563,563,0.136125,0.136125,0.0000e+00
dev-corpus-07,4820,1401,0.000000e+00,3735,3735,4.054647,4.054647,0.0000e+00
dev-corpus-07,4821,3735,0.000000e+00,3735,3735,0.128833,0.128833,0.0000e+00
dev-corpus-07,4822,236764,0.000000e+00,236764,236764,0.531631,0.531631,0.0000e+00
dev-corpus-07,4823,618,0.000000e+00,607,607,2.172944,2.172944,0.0000e+00
dev-corpus-07,4824,625,0.000000e+00,506,506,2.247551,2.247551,0.0000e+00
dev-corpus-07,4825,563,0.000000e+00,815,815,1.024423,1.024423,0.0000e+00
dev-corpus-07,4826,496,0.000000e+00,496,496,1.030084,1.030084,0.0000e+00
dev-corpus-07,4827,1401,0.000000e+00,1401,1401,1.656224,1.656224,0.0000e+00
dev-corpus-07,4828,232697,0.000000e+00,232697,232697,0.784774,0.784774,0.0000e+00
dev-corpus-07,4829,3207,0.000000e+00,3207,3207,0.012076,0.012076,0.0000e+00
dev-corpus-07,4830,532,0.000000e+00,236764,236764,2.177424,2.177424,0.0000e+00
dev-corpus-07,4831,992,0.000000e+00,506,506,4.096542,4.096542,0.0000e+00
dev-corpus-07,4832,815,0.000000e+00,815,815,0.070980,0.070980,0.0000e+00
dev-corpus-07,4833,614,0.000000e+00,614,614,0.626035,0.626035,0.0000e+00
dev-corpus-07,4834,8143,0.000000e+00,7516,7516,4.362932,4.362932,0.0000e+00
dev-corpus-07,4835,532,0.000000e+00,1237,1237,7.301172,7.301172,0.0000e+00
dev-corpus-07,4836,9150,0.000000e+00,12688,12688,6.855040,6.855040,0.0000e+00
dev-corpus-07,4837,46387,0.000000e+00,46387,46387,0.422970,0.422970,0.0000e+00
dev-corpus-07,4838,1237,0.000000e+00,1237,1237,0.571851,0.571851,0.0000e+00
dev-corpus-07,4839,14227,0.000000e+00,5203,5203,1.377229,1.377229,0.0000e+00
dev-corpus-07,4840,1458,0.000000e+00,1458,1458,0.047023,0.047023,0.0000e+00
dev-corpus-07,4841,236761,0.000000e+00,236761,236761,0.033287,0.033287,0.0000e+00
dev-corpus-07,4842,138,0.000000e+00,138,138,0.244338,0.244338,0.0000e+00
dev-corpus-07,4843,108,0.000000e+00,818,818,2.121527,2.121527,0.0000e+00
dev-corpus-07,4844,2542,0.000000e+00,2859,2859,1.322467,1.322467,0.0000e+00
dev-corpus-07,4845,496,0.000000e+00,496,496,0.442608,0.442608,0.0000e+00
dev-corpus-07,4846,13288,0.000000e+00,7642,7642,11.233298,11.233298,0.0000e+00
dev-corpus-07,4847,17640,0.000000e+00,17640,17640,1.557654,1.557654,0.0000e+00
dev-corpus-07,4848,236764,0.000000e+00,236764,236764,0.024384,0.024384,0.0000e+00
dev-corpus-07,4849,9630,0.000000e+00,9630,9630,1.241298,1.241298,0.0000e+00
dev-corpus-07,4850,22000,0.000000e+00,22000,22000,0.087046,0.087046,0.0000e+00
dev-corpus-07,4851,563,0.000000e+00,528,528,2.463475,2.463475,0.0000e+00
dev-corpus-07,4852,10455,0.000000e+00,496,496,4.240509,4.240509,0.0000e+00
dev-corpus-07,4853,236764,0.000000e+00,236761,236761,3.883524,3.883524,0.0000e+00
dev-corpus-07,4854,532,0.000000e+00,9722,9722,8.078631,8.078631,0.0000e+00
dev-corpus-07,4855,528,0.000000e+00,198,198,7.762942,7.762942,0.0000e+00
dev-corpus-07,4856,2931,0.000000e+00,506,506,3.120405,3.120405,0.0000e+00
dev-corpus-07,4857,16384,0.000000e+00,236764,236764,8.997843,8.997843,0.0000e+00
dev-corpus-07,4858,128914,0.000000e+00,128914,128914,0.000234,0.000234,0.0000e+00
dev-corpus-07,4859,236764,0.000000e+00,563,563,2.427719,2.427719,0.0000e+00
dev-corpus-07,4860,837,0.000000e+00,837,837,0.834866,0.834866,0.0000e+00
dev-corpus-07,4861,563,0.000000e+00,563,563,0.299489,0.299489,0.0000e+00
dev-corpus-07,4862,12865,0.000000e+00,496,496,10.791527,10.791527,0.0000e+00
dev-corpus-07,4863,18793,0.000000e+00,4542,4542,1.245360,1.245360,0.0000e+00
dev-corpus-07,4864,618,0.000000e+00,618,618,0.004849,0.004849,0.0000e+00
dev-corpus-07,4865,506,0.000000e+00,886,886,3.585920,3.585920,0.0000e+00
dev-corpus-07,4866,198857,0.000000e+00,1346,1346,2.892959,2.892959,0.0000e+00
dev-corpus-07,4867,9744,0.000000e+00,5148,5148,1.716928,1.716928,0.0000e+00
dev-corpus-07,4868,528,0.000000e+00,580,580,1.546052,1.546052,0.0000e+00
dev-corpus-07,4869,9630,0.000000e+00,506,506,9.069019,9.069019,0.0000e+00
dev-corpus-07,4870,22000,0.000000e+00,22000,22000,0.000166,0.000166,0.0000e+00
dev-corpus-07,4871,236761,0.000000e+00,236761,236761,0.008895,0.008895,0.0000e+00
dev-corpus-07,4872,138,0.000000e+00,669,669,1.939656,1.939656,0.0000e+00
dev-corpus-07,4873,41201,0.000000e+00,1509,1509,7.720015,7.720015,0.0000e+00
dev-corpus-07,4874,531,0.000000e+00,2101,2101,1.710349,1.710349,0.0000e+00
dev-corpus-07,4875,16384,0.000000e+00,9630,9630,3.204200,3.204200,0.0000e+00
dev-corpus-07,4876,128914,0.000000e+00,128914,128914,0.000095,0.000095,0.0000e+00
dev-corpus-07,4877,563,0.000000e+00,563,563,1.191186,1.191186,0.0000e+00
dev-corpus-07,4878,13493,0.000000e+00,496,496,3.567240,3.567240,0.0000e+00
dev-corpus-07,4879,3735,0.000000e+00,3735,3735,0.133121,0.133121,0.0000e+00
dev-corpus-07,4880,236764,0.000000e+00,236764,236764,0.302969,0.302969,0.0000e+00
dev-corpus-07,4881,618,0.000000e+00,618,618,1.146261,1.146261,0.0000e+00
dev-corpus-07,4882,625,0.000000e+00,993,993,1.034500,1.034500,0.0000e+00
dev-corpus-07,4883,236858,0.000000e+00,563,563,8.890014,8.890014,0.0000e+00
dev-corpus-07,4884,236751,0.000000e+00,236751,236751,0.000002,0.000002,0.0000e+00
dev-corpus-07,4885,3107,0.000000e+00,15283,15283,4.780019,4.780019,0.0000e+00
dev-corpus-07,4886,531,0.000000e+00,531,531,0.101009,0.101009,0.0000e+00
dev-corpus-07,4887,32373,0.000000e+00,32373,32373,0.105711,0.105711,0.0000e+00
dev-corpus-07,4888,236761,0.000000e+00,236764,236764,1.872698,1.872698,0.0000e+00
dev-corpus-07,4889,138,0.000000e+00,669,669,3.733562,3.733562,0.0000e+00
dev-corpus-07,4890,818,0.000000e+00,818,818,0.423211,0.423211,0.0000e+00
dev-corpus-07,4891,2780,0.000000e+00,35750,35750,9.083312,9.083312,0.0000e+00
dev-corpus-07,4892,563,0.000000e+00,198,198,1.056844,1.056844,0.0000e+00
dev-corpus-07,4893,24746,0.000000e+00,7516,7516,11.878199,11.878199,0.0000e+00
dev-corpus-07,4894,31979,0.000000e+00,31979,31979,0.851634,0.851634,0.0000e+00
dev-corpus-07,4895,236764,0.000000e+00,236764,236764,0.128503,0.128503,0.0000e+00
dev-corpus-07,4896,6151,0.000000e+00,532,532,6.333019,6.333019,0.0000e+00
dev-corpus-07,4897,625,0.000000e+00,198,198,1.689878,1.689878,0.0000e+00
dev-corpus-07,4898,236858,0.000000e+00,740,740,4.943949,4.943949,0.0000e+00
dev-corpus-07,4899,236751,0.000000e+00,236751,236751,0.000014,0.000014,0.0000e+00
dev-corpus-07,4900,6816,0.000000e+00,198,198,5.670480,5.670480,0.0000e+00
dev-corpus-07,4901,16962,0.000000e+00,198,198,13.289054,13.289054,0.0000e+00
dev-corpus-07,4902,12896,0.000000e+00,12896,12896,0.037331,0.037331,0.0000e+00
dev-corpus-07,4903,2780,0.000000e+00,236764,236764,1.634787,1.634787,0.0000e+00
dev-corpus-07,4904,568,0.000000e+00,236764,236764,7.310649,7.310649,0.0000e+00
dev-corpus-07,4905,4060,0.000000e+00,125681,125681,6.372901,6.372901,0.0000e+00
dev-corpus-07,4906,5809,0.000000e+00,919,919,12.919829,12.919829,0.0000e+00
dev-corpus-07,4907,3835,0.000000e+00,37987,37987,2.592492,2.592492,0.0000e+00
dev-corpus-07,4908,573,0.000000e+00,573,573,0.609799,0.609799,0.0000e+00
dev-corpus-07,4909,1032,0.000000e+00,46898,46898,2.722373,2.722373,0.0000e+00
dev-corpus-07,4910,24358,0.000000e+00,130754,130754,6.168943,6.168943,0.0000e+00
dev-corpus-07,4911,2780,0.000000e+00,130754,130754,4.221994,4.221994,0.0000e+00
dev-corpus-07,4912,769,0.000000e+00,769,769,0.297236,0.297236,0.0000e+00
dev-corpus-07,4913,138,0.000000e+00,669,669,1.396301,1.396301,0.0000e+00
dev-corpus-07,4914,126637,0.000000e+00,818,818,11.238517,11.238517,0.0000e+00
dev-corpus-07,4915,2101,0.000000e+00,2101,2101,1.158401,1.158401,0.0000e+00
dev-corpus-07,4916,506,0.000000e+00,506,506,0.024825,0.024825,0.0000e+00
dev-corpus-07,4917,13288,0.000000e+00,13288,13288,0.120433,0.120433,0.0000e+00
dev-corpus-07,4918,563,0.000000e+00,563,563,0.093939,0.093939,0.0000e+00
dev-corpus-07,4919,13139,0.000000e+00,3735,3735,7.497812,7.497812,0.0000e+00
dev-corpus-07,4920,607,0.000000e+00,236764,236764,3.582942,3.582942,0.0000e+00
dev-corpus-07,4921,614,0.000000e+00,181140,181140,12.640991,12.640991,0.0000e+00
dev-corpus-07,4922,8143,0.000000e+00,7516,7516,6.394957,6.394957,0.0000e+00
dev-corpus-07,4923,40916,0.000000e+00,40916,40916,0.635496,0.635496,0.0000e+00
dev-corpus-07,4924,2509,0.000000e+00,1458,1458,2.989156,2.989156,0.0000e+00
dev-corpus-07,4925,580,0.000000e+00,236761,236761,12.052290,12.052290,0.0000e+00
dev-corpus-07,4926,9630,0.000000e+00,506,506,4.228759,4.228759,0.0000e+00
dev-corpus-07,4927,22000,0.000000e+00,22000,22000,0.000419,0.000419,0.0000e+00
dev-corpus-07,4928,236764,0.000000e+00,236761,236761,3.001555,3.001555,0.0000e+00
dev-corpus-07,4929,6151,0.000000e+00,532,532,5.623899,5.623899,0.0000e+00
dev-corpus-07,4930,3978,0.000000e+00,611,611,7.458113,7.458113,0.0000e+00
dev-corpus-07,4931,1131,0.000000e+00,531,531,5.095025,5.095025,0.0000e+00
dev-corpus-07,4932,506,0.000000e+00,506,506,0.329323,0.329323,0.0000e+00
dev-corpus-07,4933,3141,0.000000e+00,2433,2433,10.125840,10.125840,0.0000e+00
dev-corpus-07,4934,25686,0.000000e+00,25686,25686,0.288012,0.288012,0.0000e+00
dev-corpus-07,4935,740,0.000000e+00,740,740,0.434209,0.434209,0.0000e+00
dev-corpus-07,4936,577,0.000000e+00,6494,6494,1.190027,1.190027,0.0000e+00
dev-corpus-07,4937,496,0.000000e+00,198,198,1.618896,1.618896,0.0000e+00
dev-corpus-07,4938,3103,0.000000e+00,3103,3103,0.414405,0.414405,0.0000e+00
dev-corpus-07,4939,14798,0.000000e+00,41086,41086,2.405076,2.405076,0.0000e+00
dev-corpus-07,4940,2238,0.000000e+00,236761,236761,10.580675,10.580675,0.0000e+00
dev-corpus-07,4941,506,0.000000e+00,506,506,0.046607,0.046607,0.0000e+00
dev-corpus-07,4942,26607,0.000000e+00,25465,25465,4.478919,4.478919,0.0000e+00
dev-corpus-07,4943,568,0.000000e+00,236761,236761,10.580924,10.580924,0.0000e+00
dev-corpus-07,4944,814,0.000000e+00,7624,7624,2.705225,2.705225,0.0000e+00
dev-corpus-07,4945,2414,0.000000e+00,611,611,4.208926,4.208926,0.0000e+00
dev-corpus-07,4946,531,0.000000e+00,1070,1070,1.059122,1.059122,0.0000e+00
dev-corpus-07,4947,3727,0.000000e+00,1202,1202,1.660700,1.660700,0.0000e+00
dev-corpus-07,4948,42035,0.000000e+00,496,496,4.933377,4.933377,0.0000e+00
dev-corpus-07,4949,138,0.000000e+00,138,138,0.373238,0.373238,0.0000e+00
dev-corpus-07,4950,12575,0.000000e+00,108,108,6.928046,6.928046,0.0000e+00
dev-corpus-07,4951,25686,0.000000e+00,20736,20736,3.424024,3.424024,0.0000e+00
dev-corpus-07,4952,3541,0.000000e+00,659,659,8.715404,8.715404,0.0000e+00
dev-corpus-07,4953,16384,0.000000e+00,506,506,3.121341,3.121341,0.0000e+00
dev-corpus-07,4954,128914,0.000000e+00,128914,128914,0.000072,0.000072,0.0000e+00
dev-corpus-07,4955,659,0.000000e+00,659,659,0.459089,0.459089,0.0000e+00
dev-corpus-07,4956,992,0.000000e+00,1401,1401,3.951237,3.951237,0.0000e+00
dev-corpus-07,4957,1401,0.000000e+00,1401,1401,1.081772,1.081772,0.0000e+00
dev-corpus-07,4958,85651,0.000000e+00,56849,56849,4.362299,4.362299,0.0000e+00
dev-corpus-07,4959,236764,0.000000e+00,532,532,1.595092,1.595092,0.0000e+00
dev-corpus-07,4960,532,0.000000e+00,198,198,1.471753,1.471753,0.0000e+00
dev-corpus-07,4961,2351,0.000000e+00,506,506,13.635542,13.635542,0.0000e+00
dev-corpus-07,4962,9378,0.000000e+00,3735,3735,2.722402,2.722402,0.0000e+00
dev-corpus-07,4963,5149,0.000000e+00,5149,5149,0.000603,0.000603,0.0000e+00
dev-corpus-07,4964,1271,0.000000e+00,529,529,19.835981,19.835981,0.0000e+00
dev-corpus-07,4965,611,0.000000e+00,198,198,1.515576,1.515576,0.0000e+00
dev-corpus-07,4966,236858,0.000000e+00,740,740,3.021030,3.021030,0.0000e+00
dev-corpus-07,4967,859,0.000000e+00,859,859,0.028018,0.028018,0.0000e+00
dev-corpus-07,4968,8426,0.000000e+00,1586,1586,5.683762,5.683762,0.0000e+00
dev-corpus-07,4969,974,0.000000e+00,1461,1461,5.296949,5.296949,0.0000e+00
dev-corpus-07,4970,1535,0.000000e+00,198,198,7.867783,7.867783,0.0000e+00
dev-corpus-07,4971,8774,0.000000e+00,8208,8208,3.383689,3.383689,0.0000e+00
dev-corpus-07,4972,1771,0.000000e+00,198,198,10.927114,10.927114,0.0000e+00
dev-corpus-07,4973,699,0.000000e+00,872,872,3.368378,3.368378,0.0000e+00
dev-corpus-07,4974,9744,0.000000e+00,886,886,3.718681,3.718681,0.0000e+00
dev-corpus-07,4975,531,0.000000e+00,531,531,0.000717,0.000717,0.0000e+00
dev-corpus-07,4976,9744,0.000000e+00,9744,9744,0.001304,0.001304,0.0000e+00
dev-corpus-07,4977,236761,0.000000e+00,236761,236761,0.143815,0.143815,0.0000e+00
dev-corpus-07,4978,108,0.000000e+00,138,138,2.690600,2.690600,0.0000e+00
dev-corpus-07,4979,2542,0.000000e+00,2542,2542,0.078685,0.078685,0.0000e+00
dev-corpus-07,4980,496,0.000000e+00,496,496,0.288182,0.288182,0.0000e+00
dev-corpus-07,4981,77707,0.000000e+00,7642,7642,5.774224,5.774224,0.0000e+00
dev-corpus-07,4982,17640,0.000000e+00,17640,17640,0.190551,0.190551,0.0000e+00
dev-corpus-07,4983,236764,0.000000e+00,236764,236764,0.003876,0.003876,0.0000e+00
dev-corpus-07,4984,181433,0.000000e+00,506,506,11.791497,11.791497,0.0000e+00
dev-corpus-07,4985,563,0.000000e+00,563,563,0.763298,0.763298,0.0000e+00
dev-corpus-07,4986,496,0.000000e+00,496,496,1.492289,1.492289,0.0000e+00
dev-corpus-07,4987,1822,0.000000e+00,19282,19282,4.028356,4.028356,0.0000e+00
dev-corpus-07,4988,5313,0.000000e+00,5313,5313,0.559798,0.559798,0.0000e+00
dev-corpus-07,4989,236761,0.000000e+00,236761,236761,0.304584,0.304584,0.0000e+00
dev-corpus-07,4990,138,0.000000e+00,1030,1030,4.244785,4.244785,0.0000e+00
dev-corpus-07,4991,1509,0.000000e+00,1509,1509,0.406960,0.406960,0.0000e+00
dev-corpus-07,4992,236858,0.000000e+00,815,815,3.112449,3.112449,0.0000e+00
dev-corpus-07,4993,236751,0.000000e+00,236751,236751,0.000001,0.000001,0.0000e+00
dev-corpus-07,4994,711,0.000000e+00,198,198,5.608639,5.608639,0.0000e+00
dev-corpus-07,4995,834,0.000000e+00,198,198,12.654824,12.654824,0.0000e+00
dev-corpus-07,4996,13139,0.000000e+00,2793,2793,9.337346,9.337346,0.0000e+00
dev-corpus-07,4997,531,0.000000e+00,618,618,2.060599,2.060599,0.0000e+00
dev-corpus-07,4998,974,0.000000e+00,974,974,0.084274,0.084274,0.0000e+00
dev-corpus-07,4999,993,0.000000e+00,531,531,2.322530,2.322530,0.0000e+00
dev-corpus-07,5000,699,0.000000e+00,618,618,4.163472,4.163472,0.0000e+00
dev-corpus-07,5001,506,0.000000e+00,1551,1551,2.131563,2.131563,0.0000e+00
dev-corpus-07,5002,3640,0.000000e+00,1884,1884,11.283694,11.283694,0.0000e+00
dev-corpus-07,5003,4184,0.000000e+00,15305,15305,2.083768,2.083768,0.0000e+00
dev-corpus-07,5004,236764,0.000000e+00,236764,236764,0.181091,0.181091,0.0000e+00
dev-corpus-07,5005,4285,0.000000e+00,840,840,9.514707,9.514707,0.0000e+00
dev-corpus-07,5006,573,0.000000e+00,768,768,5.149664,5.149664,0.0000e+00
dev-corpus-07,5007,1724,0.000000e+00,496,496,1.647460,1.647460,0.0000e+00
dev-corpus-07,5008,528,0.000000e+00,1015,1015,3.584347,3.584347,0.0000e+00
dev-corpus-07,5009,506,0.000000e+00,506,506,0.183993,0.183993,0.0000e+00
dev-corpus-07,5010,16425,0.000000e+00,66616,66616,5.850231,5.850231,0.0000e+00
dev-corpus-07,5011,3640,0.000000e+00,912,912,2.114919,2.114919,0.0000e+00
dev-corpus-07,5012,4184,0.000000e+00,4184,4184,0.003469,0.003469,0.0000e+00
dev-corpus-07,5013,2338,0.000000e+00,236764,236764,7.727675,7.727675,0.0000e+00
dev-corpus-07,5014,993,0.000000e+00,625,625,2.163129,2.163129,0.0000e+00
dev-corpus-07,5015,659,0.000000e+00,659,659,0.364059,0.364059,0.0000e+00
dev-corpus-07,5016,951,0.000000e+00,951,951,0.758769,0.758769,0.0000e+00
dev-corpus-07,5017,1982,0.000000e+00,1982,1982,0.011587,0.011587,0.0000e+00
dev-corpus-07,5018,22344,0.000000e+00,22344,22344,0.011389,0.011389,0.0000e+00
dev-corpus-07,5019,236761,0.000000e+00,236761,236761,0.580145,0.580145,0.0000e+00
dev-corpus-07,5020,138,0.000000e+00,3153,3153,5.798409,5.798409,0.0000e+00
dev-corpus-07,5021,9675,0.000000e+00,9675,9675,0.738599,0.738599,0.0000e+00
dev-corpus-07,5022,236764,0.000000e+00,236764,236764,0.000418,0.000418,0.0000e+00
dev-corpus-07,5023,625,0.000000e+00,506,506,2.162748,2.162748,0.0000e+00
dev-corpus-07,5024,236858,0.000000e+00,563,563,3.160875,3.160875,0.0000e+00
dev-corpus-07,5025,236751,0.000000e+00,236751,236751,0.000003,0.000003,0.0000e+00
dev-corpus-07,5026,1388,0.000000e+00,5367,5367,3.703516,3.703516,0.0000e+00
dev-corpus-07,5027,5367,0.000000e+00,5367,5367,0.110641,0.110641,0.0000e+00
dev-corpus-07,5028,506,0.000000e+00,506,506,0.014313,0.014313,0.0000e+00
dev-corpus-07,5029,7946,0.000000e+00,4514,4514,1.996086,1.996086,0.0000e+00
dev-corpus-07,5030,236761,0.000000e+00,236761,236761,0.213024,0.213024,0.0000e+00
dev-corpus-07,5031,138,0.000000e+00,669,669,4.909339,4.909339,0.0000e+00
dev-corpus-07,5032,2094,0.000000e+00,818,818,6.894421,6.894421,0.0000e+00
dev-corpus-07,5033,111163,0.000000e+00,3207,3207,3.082674,3.082674,0.0000e+00
dev-corpus-07,5034,3207,0.000000e+00,3207,3207,0.060528,0.060528,0.0000e+00
dev-corpus-07,5035,563,0.000000e+00,563,563,1.252781,1.252781,0.0000e+00
dev-corpus-07,5036,29077,0.000000e+00,19282,19282,7.993448,7.993448,0.0000e+00
dev-corpus-07,5037,30264,0.000000e+00,236772,236772,5.825077,5.825077,0.0000e+00
dev-corpus-07,5038,4148,0.000000e+00,236764,236764,2.956950,2.956950,0.0000e+00
dev-corpus-07,5039,236761,0.000000e+00,236764,236764,4.656729,4.656729,0.0000e+00
dev-corpus-07,5040,138,0.000000e+00,138,138,0.891856,0.891856,0.0000e+00
dev-corpus-07,5041,818,0.000000e+00,818,818,0.427323,0.427323,0.0000e+00
dev-corpus-07,5042,1331,0.000000e+00,2780,2780,7.099632,7.099632,0.0000e+00
dev-corpus-07,5043,659,0.000000e+00,659,659,0.187338,0.187338,0.0000e+00
dev-corpus-07,5044,3571,0.000000e+00,10841,10841,14.610132,14.610132,0.0000e+00
dev-corpus-07,5045,506,0.000000e+00,506,506,0.006186,0.006186,0.0000e+00
dev-corpus-07,5046,4389,0.000000e+00,1346,1346,1.861169,1.861169,0.0000e+00
dev-corpus-07,5047,24573,0.000000e+00,24573,24573,0.001730,0.001730,0.0000e+00
dev-corpus-07,5048,528,0.000000e+00,611,611,1.261630,1.261630,0.0000e+00
dev-corpus-07,5049,3879,0.000000e+00,506,506,1.499585,1.499585,0.0000e+00
dev-corpus-07,5050,236761,0.000000e+00,236764,236764,3.809698,3.809698,0.0000e+00
dev-corpus-07,5051,138,0.000000e+00,138,138,0.353222,0.353222,0.0000e+00
dev-corpus-07,5052,818,0.000000e+00,818,818,0.179300,0.179300,0.0000e+00
dev-corpus-07,5053,2780,0.000000e+00,2780,2780,0.642951,0.642951,0.0000e+00
dev-corpus-07,5054,563,0.000000e+00,563,563,0.524411,0.524411,0.0000e+00
dev-corpus-07,5055,13493,0.000000e+00,7516,7516,7.316516,7.316516,0.0000e+00
dev-corpus-07,5056,46387,0.000000e+00,31979,31979,1.590372,1.590372,0.0000e+00
dev-corpus-07,5057,532,0.000000e+00,236764,236764,2.985756,2.985756,0.0000e+00
dev-corpus-07,5058,14788,0.000000e+00,198,198,1.890992,1.890992,0.0000e+00
dev-corpus-07,5059,236764,0.000000e+00,236764,236764,0.482219,0.482219,0.0000e+00
dev-corpus-07,5060,607,0.000000e+00,532,532,2.679158,2.679158,0.0000e+00
dev-corpus-07,5061,496,0.000000e+00,496,496,1.350138,1.350138,0.0000e+00
dev-corpus-07,5062,2606,0.000000e+00,3188,3188,2.064641,2.064641,0.0000e+00
dev-corpus-07,5063,529,0.000000e+00,529,529,0.007943,0.007943,0.0000e+00
dev-corpus-07,5064,37987,0.000000e+00,37987,37987,0.641031,0.641031,0.0000e+00
dev-corpus-07,5065,3835,0.000000e+00,198,198,1.762168,1.762168,0.0000e+00
dev-corpus-07,5066,236761,0.000000e+00,236761,236761,0.111878,0.111878,0.0000e+00
dev-corpus-07,5067,138,0.000000e+00,138,138,0.214706,0.214706,0.0000e+00
dev-corpus-07,5068,3133,0.000000e+00,818,818,4.156009,4.156009,0.0000e+00
dev-corpus-07,5069,1070,0.000000e+00,506,506,13.294590,13.294590,0.0000e+00
dev-corpus-07,5070,12616,0.000000e+00,529,529,8.076936,8.076936,0.0000e+00
dev-corpus-07,5071,659,0.000000e+00,198,198,1.493098,1.493098,0.0000e+00
dev-corpus-07,5072,17720,0.000000e+00,1401,1401,12.800490,12.800490,0.0000e+00
dev-corpus-07,5073,88076,0.000000e+00,1447,1447,3.194131,3.194131,0.0000e+00
dev-corpus-07,5074,1135,0.000000e+00,580,580,8.696171,8.696171,0.0000e+00
dev-corpus-07,5075,529,0.000000e+00,496,496,6.990399,6.990399,0.0000e+00
dev-corpus-07,5076,496,0.000000e+00,506,506,2.602934,2.602934,0.0000e+00
dev-corpus-07,5077,42383,0.000000e+00,42383,42383,0.022207,0.022207,0.0000e+00
dev-corpus-07,5078,236764,0.000000e+00,236764,236764,0.897616,0.897616,0.0000e+00
dev-corpus-07,5079,834,0.000000e+00,9722,9722,3.062380,3.062380,0.0000e+00
dev-corpus-07,5080,506,0.000000e+00,506,506,0.457493,0.457493,0.0000e+00
dev-corpus-07,5081,8208,0.000000e+00,8208,8208,0.353447,0.353447,0.0000e+00
dev-corpus-07,5082,659,0.000000e+00,659,659,0.148203,0.148203,0.0000e+00
dev-corpus-07,5083,15269,0.000000e+00,15269,15269,1.172580,1.172580,0.0000e+00
dev-corpus-07,5084,236761,0.000000e+00,236761,236761,0.053928,0.053928,0.0000e+00
dev-corpus-07,5085,100811,0.000000e+00,138,138,19.321609,19.321609,0.0000e+00
dev-corpus-07,5086,19555,0.000000e+00,34162,34162,20.109123,20.109123,0.0000e+00
dev-corpus-07,5087,114611,0.000000e+00,9479,9479,12.985754,12.985754,0.0000e+00
dev-corpus-07,5088,532,0.000000e+00,659,659,3.120290,3.120290,0.0000e+00
dev-corpus-07,5089,71816,0.000000e+00,2263,2263,11.180965,11.180965,0.0000e+00
dev-corpus-07,5090,659,0.000000e+00,659,659,0.494536,0.494536,0.0000e+00
dev-corpus-07,5091,14853,0.000000e+00,198,198,3.499470,3.499470,0.0000e+00
dev-corpus-07,5092,236764,0.000000e+00,198,198,2.061547,2.061547,0.0000e+00
dev-corpus-07,5093,532,0.000000e+00,532,532,0.555541,0.555541,0.0000e+00
dev-corpus-07,5094,496,0.000000e+00,198,198,5.059684,5.059684,0.0000e+00
dev-corpus-07,5095,37358,0.000000e+00,1822,1822,7.001134,7.001134,0.0000e+00
dev-corpus-07,5096,529,0.000000e+00,198,198,2.495032,2.495032,0.0000e+00
dev-corpus-07,5097,506,0.000000e+00,506,506,0.268203,0.268203,0.0000e+00
dev-corpus-07,5098,4128,0.000000e+00,4128,4128,0.425059,0.425059,0.0000e+00
dev-corpus-07,5099,236761,0.000000e+00,563,563,6.637093,6.637093,0.0000e+00
dev-corpus-07,5100,138,0.000000e+00,138,138,0.607101,0.607101,0.0000e+00
dev-corpus-07,5101,3810,0.000000e+00,818,818,4.672106,4.672106,0.0000e+00
dev-corpus-07,5102,992,0.000000e+00,659,659,8.065115,8.065115,0.0000e+00
dev-corpus-07,5103,563,0.000000e+00,198,198,2.122431,2.122431,0.0000e+00
dev-corpus-07,5104,4148,0.000000e+00,496,496,6.127142,6.127142,0.0000e+00
dev-corpus-07,5105,58318,0.000000e+00,35750,35750,12.024624,12.024624,0.0000e+00
dev-corpus-07,5106,236761,0.000000e+00,198,198,2.914271,2.914271,0.0000e+00
dev-corpus-07,5107,106,0.000000e+00,138,138,1.202373,1.202373,0.0000e+00
dev-corpus-07,5108,107,0.000000e+00,199,199,16.281852,16.281852,0.0000e+00
dev-corpus-07,5109,105,0.000000e+00,106,106,20.069275,20.069275,0.0000e+00
dev-corpus-07,5110,2364,0.000000e+00,106,106,18.039163,18.039163,0.0000e+00
dev-corpus-07,5111,107,0.000000e+00,100,100,4.919960,4.919960,0.0000e+00
dev-corpus-07,5112,11355,0.000000e+00,100,100,10.448088,10.448088,0.0000e+00
dev-corpus-07,5113,563,0.000000e+00,563,563,0.955760,0.955760,0.0000e+00
dev-corpus-07,5114,625,0.000000e+00,10063,10063,2.955656,2.955656,0.0000e+00
dev-corpus-07,5115,2132,0.000000e+00,2651,2651,4.845784,4.845784,0.0000e+00
dev-corpus-07,5116,531,0.000000e+00,531,531,0.065206,0.065206,0.0000e+00
dev-corpus-07,5117,16078,0.000000e+00,1281,1281,14.602673,14.602673,0.0000e+00
dev-corpus-07,5118,532,0.000000e+00,822,822,5.054971,5.054971,0.0000e+00
dev-corpus-07,5119,185507,0.000000e+00,185507,185507,0.027066,0.027066,0.0000e+00
