segment,idx,target,kld,top1_ref,top1_cand,nll_ref,nll_cand,max_abs_logit_diff
dev-long-03,0,30486,2.801371e-03,4356,4356,3.660804,3.707497,3.1715e-01
dev-long-03,1,46150,2.576924e-05,46150,46150,0.003293,0.003458,5.2815e-01
dev-long-03,2,198,1.611365e-05,198,198,0.003596,0.003444,5.8472e-01
dev-long-03,3,1020,8.796669e-05,1020,1020,0.006827,0.005982,6.0236e-01
dev-long-03,4,279,7.072569e-04,279,279,0.400999,0.427404,5.1016e-01
dev-long-03,5,4356,1.341159e-05,4356,4356,0.013566,0.013431,3.6918e-01
dev-long-03,6,425,1.086222e-07,425,425,0.000014,0.000013,3.5821e-01
dev-long-03,7,314,2.327894e-03,383,383,2.043190,2.200917,6.2367e-01
dev-long-03,8,8186,1.117628e-05,8186,8186,0.000040,0.000023,2.4903e+00
dev-long-03,9,6702,3.043611e-06,6702,6702,0.000075,0.000072,1.5763e+00
dev-long-03,10,5028,2.593437e-02,5028,5028,0.291107,0.179231,9.2078e-01
dev-long-03,11,279,7.057309e-03,279,279,0.221106,0.246855,9.7604e-01
dev-long-03,12,1834,6.193688e-02,4266,4266,3.208635,2.969985,9.7458e-01
dev-long-03,13,314,3.051210e-03,314,314,0.437842,0.459601,1.4573e+00
dev-long-03,14,279,5.763926e-04,1024,1024,0.885646,0.851172,7.0338e-01
dev-long-03,15,41692,8.050273e-03,41692,41692,0.467601,0.531550,5.8734e-01
dev-long-03,16,303,5.614810e-03,11,11,3.785842,3.782832,9.3243e-01
dev-long-03,17,1906,6.285080e-03,63862,1906,1.310328,1.167708,5.9664e-01
dev-long-03,18,421,1.747527e-04,421,421,0.142097,0.137282,9.4746e-01
dev-long-03,19,551,2.275222e-03,551,551,0.154007,0.144937,6.4532e-01
dev-long-03,20,198,3.227412e-07,198,198,0.000090,0.000084,1.4528e+00
dev-long-03,21,43468,2.578735e-05,43468,43468,0.003675,0.003365,1.4952e+00
dev-long-03,22,57759,3.422179e-02,6637,6637,7.052376,7.346780,1.0094e+00
dev-long-03,23,279,5.695499e-03,264,264,1.404869,1.453966,9.0688e-01
dev-long-03,24,2018,2.139015e-02,3579,3579,3.763165,3.770884,8.0747e-01
dev-long-03,25,3498,2.103076e-02,3498,3498,0.274928,0.398822,7.1302e-01
dev-long-03,26,314,2.275596e-04,314,314,0.071583,0.072058,1.3125e+00
dev-long-03,27,279,3.213460e-04,279,279,0.002994,0.003943,1.9855e+00
dev-long-03,28,82404,1.784421e-02,82404,82404,0.358196,0.306496,9.3972e-01
dev-long-03,29,11,2.982471e-04,11,11,0.033909,0.038572,5.3462e-01
dev-long-03,30,864,2.765369e-03,864,864,0.037521,0.025356,6.7676e-01
dev-long-03,31,557,1.103344e-04,557,557,0.016363,0.014750,7.4353e-01
dev-long-03,32,19561,1.362614e-02,19561,19561,0.342228,0.268724,7.2641e-01
dev-long-03,33,13,4.994781e-04,13,13,0.053884,0.057070,5.3402e-01
dev-long-03,34,1216,3.243882e-03,1216,1216,0.270882,0.230542,7.5215e-01
dev-long-03,35,995,5.197603e-04,995,995,0.020926,0.019285,5.7143e-01
dev-long-03,36,198,3.047769e-03,198,198,0.396135,0.441354,4.7997e-01
dev-long-03,37,1763,1.586616e-03,1763,1763,0.073319,0.087426,7.9067e-01
dev-long-03,38,2540,2.829062e-05,2540,2540,0.015840,0.015220,5.7993e-01
dev-long-03,39,440,1.503808e-02,440,440,0.211053,0.289304,8.2984e-01
dev-long-03,40,14315,8.210946e-02,1384,1384,1.402529,0.833568,6.3876e-01
dev-long-03,41,1154,4.670310e-08,1154,1154,0.000006,0.000006,6.1047e-01
dev-long-03,42,1010,1.661635e-02,1345,1345,2.575973,2.595933,7.0191e-01
dev-long-03,43,2545,1.463720e-02,16570,16570,3.398654,4.180429,6.6352e-01
dev-long-03,44,854,2.786622e-04,854,854,0.001083,0.001907,8.8486e-01
dev-long-03,45,11,6.036842e-03,11,11,0.347994,0.326608,9.4099e-01
dev-long-03,46,694,9.424747e-04,694,694,0.053359,0.045074,8.4274e-01
dev-long-03,47,995,4.541621e-04,995,995,0.011471,0.010957,9.5020e-01
dev-long-03,48,5326,6.300535e-02,1179,1179,5.225856,5.065702,7.9466e-01
dev-long-03,49,978,7.399706e-03,978,978,0.467228,0.529854,1.3519e+00
dev-long-03,50,2512,9.187328e-03,2512,2512,0.678346,0.698661,8.7747e-01
dev-long-03,51,198,3.015731e-03,198,198,0.204888,0.242440,6.5384e-01
dev-long-03,52,13362,1.875839e-04,13362,13362,0.001963,0.002602,8.2911e-01
dev-long-03,53,13,1.872591e-03,13,13,0.040646,0.034372,8.7405e-01
dev-long-03,54,1848,5.719000e-03,1848,1848,0.169926,0.216252,7.4868e-01
dev-long-03,55,13064,7.264064e-03,9101,9101,0.846648,0.975648,6.8645e-01
dev-long-03,56,11,8.132140e-04,11,11,0.290155,0.268399,7.3800e-01
dev-long-03,57,551,2.540331e-04,551,551,0.011229,0.010248,7.7665e-01
dev-long-03,58,1669,6.519419e-04,1669,1669,0.034868,0.029576,7.0412e-01
dev-long-03,59,421,3.878090e-03,279,279,1.904512,2.108210,8.7495e-01
dev-long-03,60,14315,1.940620e-02,14315,14315,0.449334,0.318646,7.8533e-01
dev-long-03,61,1154,1.146631e-06,1154,1154,0.000167,0.000175,4.6899e-01
dev-long-03,62,995,1.707741e-04,995,995,0.152306,0.158059,7.3826e-01
dev-long-03,63,27469,3.739551e-03,27469,27469,0.338568,0.291849,7.2204e-01
dev-long-03,64,11,2.392838e-04,11,11,0.084237,0.085056,8.8502e-01
dev-long-03,65,421,2.468989e-02,421,421,0.951354,0.710641,6.6952e-01
dev-long-03,66,279,8.337608e-05,279,279,0.003224,0.003653,7.2319e-01
dev-long-03,67,198,8.593778e-03,1105,1105,1.130726,1.282076,6.6328e-01
dev-long-03,68,65,1.275889e-03,5461,5461,7.490604,7.447286,6.7577e-01
dev-long-03,69,16663,3.544841e-03,16663,16663,0.525183,0.571999,5.1068e-01
dev-long-03,70,995,3.196465e-03,557,557,1.008175,1.112300,6.9154e-01
dev-long-03,71,978,1.142267e-05,978,978,0.001557,0.001639,5.6037e-01
dev-long-03,72,9290,1.529387e-03,9290,9290,0.126356,0.122023,7.5512e-01
dev-long-03,73,1724,6.516550e-05,1724,1724,0.016346,0.017852,7.1542e-01
dev-long-03,74,11,4.967385e-05,11,11,0.000776,0.001046,9.5379e-01
dev-long-03,75,321,2.865159e-04,321,321,0.003927,0.002653,7.1934e-01
dev-long-03,76,421,1.119810e-05,421,421,0.020544,0.021071,7.5237e-01
dev-long-03,77,279,2.187994e-04,279,279,0.015719,0.017795,6.5944e-01
dev-long-03,78,2526,7.890390e-04,33622,33622,2.250384,2.302231,7.0790e-01
dev-long-03,79,4172,5.265191e-02,4172,1844,1.449341,1.906018,1.0372e+00
dev-long-03,80,39493,4.300204e-05,39493,39493,0.006558,0.006421,4.5099e-01
dev-long-03,81,272,5.554845e-03,272,272,0.162087,0.175781,8.3347e-01
dev-long-03,82,9270,1.251356e-04,9270,9270,0.003758,0.004503,6.1620e-01
dev-long-03,83,303,3.066779e-03,303,303,0.277133,0.306840,7.3662e-01
dev-long-03,84,198,1.117627e-03,864,864,2.323163,2.190603,7.0188e-01
dev-long-03,85,7949,1.425927e-05,7949,7949,0.001715,0.001679,5.3934e-01
dev-long-03,86,11,8.795382e-04,279,279,3.111971,3.255471,7.1735e-01
dev-long-03,87,430,1.863714e-03,430,430,0.750263,0.714461,7.2734e-01
dev-long-03,88,424,6.276934e-03,551,551,2.661548,2.692922,1.5012e+00
dev-long-03,89,25950,2.914397e-03,25950,25950,0.136088,0.113930,8.6424e-01
dev-long-03,90,1308,1.559173e-03,1308,1308,0.079580,0.072749,6.3582e-01
dev-long-03,91,11387,3.631014e-07,11387,11387,0.000011,0.000013,4.4290e-01
dev-long-03,92,11,2.060514e-06,11,11,0.000463,0.000482,8.9512e-01
dev-long-03,93,279,5.784341e-06,279,279,0.000853,0.000771,5.2914e-01
dev-long-03,94,4356,1.341831e-03,4356,4356,0.030547,0.039630,5.9897e-01
dev-long-03,95,425,4.069951e-07,425,425,0.000012,0.000014,9.9070e-01
dev-long-03,96,557,5.513741e-03,557,557,0.552212,0.564136,7.7434e-01
dev-long-03,97,50334,1.480141e-02,303,303,0.858974,1.067376,5.5911e-01
dev-long-03,98,310,2.124047e-07,310,310,0.000112,0.000114,6.5996e-01
dev-long-03,99,2426,6.482924e-03,2426,2426,0.514332,0.429900,7.2230e-01
dev-long-03,100,198,3.964431e-08,198,198,0.000078,0.000077,8.7208e-01
dev-long-03,101,1858,8.508505e-05,1858,1858,0.003186,0.003709,8.1451e-01
dev-long-03,102,63620,2.698266e-03,63620,63620,0.296833,0.284869,8.6906e-01
dev-long-03,103,11,3.341708e-03,37208,37208,1.196595,1.288055,9.2635e-01
dev-long-03,104,557,1.629457e-02,557,557,0.571272,0.583580,8.2674e-01
dev-long-03,105,19823,7.587239e-03,19823,19823,0.839939,0.766464,1.1768e+00
dev-long-03,106,4147,4.328404e-02,1724,1724,1.455348,1.032312,9.7752e-01
dev-long-03,107,5028,4.561270e-03,5028,5028,0.152117,0.146226,7.2276e-01
dev-long-03,108,279,1.261321e-03,279,279,0.084024,0.070667,6.3438e-01
dev-long-03,109,30486,1.067504e-02,30486,30486,0.256709,0.189910,6.2549e-01
dev-long-03,110,16293,2.008695e-04,16293,16293,0.007885,0.009225,4.4514e-01
dev-long-03,111,13,7.944584e-05,13,13,0.023244,0.025125,6.6455e-01
dev-long-03,112,84991,1.048724e-03,84991,84991,0.210454,0.212119,7.5660e-01
dev-long-03,113,21146,1.786119e-02,557,995,2.069075,1.970744,8.9809e-01
dev-long-03,114,198,1.006279e-04,198,198,0.005032,0.004713,7.2483e-01
dev-long-03,115,70,4.245450e-02,14961,14961,4.485177,4.554416,7.5441e-01
dev-long-03,116,511,6.540886e-05,511,511,0.001933,0.002377,5.6075e-01
dev-long-03,117,279,1.905244e-04,279,279,0.028896,0.028347,6.2074e-01
dev-long-03,118,16136,1.340191e-05,16136,16136,0.000623,0.000540,6.5807e-01
dev-long-03,119,11,4.053704e-03,11,11,0.389200,0.333868,9.9031e-01
dev-long-03,120,321,1.607942e-03,321,321,0.221650,0.207858,7.2804e-01
dev-long-03,121,14315,8.503555e-03,14315,14315,0.438337,0.453019,6.9080e-01
dev-long-03,122,1154,1.047894e-06,1154,1154,0.000105,0.000118,6.4690e-01
dev-long-03,123,557,2.282986e-05,557,557,0.016635,0.016715,9.8032e-01
dev-long-03,124,12158,4.204736e-02,1669,1669,1.377780,1.887108,8.5985e-01
dev-long-03,125,279,1.631407e-02,279,279,1.340063,1.361906,7.6739e-01
dev-long-03,126,1788,3.382173e-05,1788,1788,0.108354,0.110071,6.3273e-01
dev-long-03,127,11129,1.241186e-04,11129,11129,0.014009,0.014258,7.2909e-01
dev-long-03,128,26,1.635175e-02,26,13,0.976024,1.123795,1.0263e+00
dev-long-03,129,694,3.044587e-03,694,694,0.101315,0.083616,9.3419e-01
dev-long-03,130,279,2.397775e-03,279,279,0.030232,0.043702,9.3799e-01
dev-long-03,131,9506,7.436862e-03,9506,9506,0.577221,0.481083,8.5450e-01
dev-long-03,132,198,1.804317e-03,198,198,0.279405,0.314772,6.7236e-01
dev-long-03,133,27167,1.625943e-02,27167,27167,0.622469,0.661948,6.0375e-01
dev-long-03,134,524,2.885967e-03,524,524,0.234549,0.246655,6.4624e-01
dev-long-03,135,381,4.877552e-05,381,381,0.000421,0.000295,8.7837e-01
dev-long-03,136,1669,2.648605e-05,1669,1669,0.000863,0.001056,8.5836e-01
dev-long-03,137,2892,2.443971e-03,2892,2892,0.099542,0.085994,9.3724e-01
dev-long-03,138,5028,2.206185e-03,5028,5028,0.033455,0.029801,6.5793e-01
dev-long-03,139,780,1.162421e-02,1384,1384,0.854115,1.044523,6.7690e-01
dev-long-03,140,1637,1.531920e-05,1637,1637,0.030534,0.031433,5.3674e-01
dev-long-03,141,466,3.544234e-04,466,466,0.075605,0.069265,5.5945e-01
dev-long-03,142,303,1.712582e-04,303,303,0.006333,0.006643,8.2979e-01
dev-long-03,143,780,1.602541e-04,780,780,0.002649,0.001907,9.0736e-01
dev-long-03,144,11683,1.924222e-02,11683,11683,0.656922,0.657867,7.7532e-01
dev-long-03,145,13,1.726092e-03,13,13,0.056781,0.044664,8.2586e-01
dev-long-03,146,40189,1.139231e-02,271,271,7.779440,8.829349,9.4811e-01
dev-long-03,147,198,7.047700e-05,198,198,0.002730,0.002754,8.7897e-01
dev-long-03,148,34,8.746071e-03,34,34,0.136417,0.102042,6.7067e-01
dev-long-03,149,350,8.517303e-03,350,350,0.783508,0.720828,5.7205e-01
dev-long-03,150,463,3.683928e-03,463,463,0.187379,0.229034,4.7663e-01
dev-long-03,151,11,5.653226e-05,11,11,0.001579,0.001911,7.7121e-01
dev-long-03,152,40675,4.474933e-03,279,279,2.642735,2.876163,1.2657e+00
dev-long-03,153,310,9.749733e-05,310,310,0.006074,0.006019,6.9805e-01
dev-long-03,154,279,2.406236e-06,279,279,0.000475,0.000433,6.3831e-01
dev-long-03,155,4356,5.612096e-06,4356,4356,0.000806,0.000878,5.7329e-01
dev-long-03,156,425,2.036094e-06,425,425,0.000026,0.000037,8.5757e-01
dev-long-03,157,11,2.787262e-02,11,11,0.026601,0.082610,1.1711e+00
dev-long-03,158,401,3.727515e-02,401,401,0.585489,0.424597,8.1717e-01
dev-long-03,159,3736,1.365367e-05,3736,3736,0.001852,0.001725,4.4037e-01
dev-long-03,160,310,3.817807e-03,310,310,0.029563,0.047281,6.8498e-01
dev-long-03,161,3322,1.293502e-03,3322,3322,0.037617,0.032648,9.5925e-01
dev-long-03,162,6408,2.991383e-02,6408,6408,0.483443,0.323914,1.0223e+00
dev-long-03,163,84991,8.849797e-03,84991,84991,0.408934,0.328474,7.0657e-01
dev-long-03,164,725,1.808903e-02,39766,39766,2.002585,1.866972,7.9658e-01
dev-long-03,165,15268,4.572121e-03,15268,15268,0.579500,0.553715,5.3318e-01
dev-long-03,166,314,2.805584e-03,314,314,0.081667,0.096324,7.1208e-01
dev-long-03,167,198,1.428398e-05,198,198,0.000581,0.000696,7.4744e-01
dev-long-03,168,67,9.405948e-03,4104,4104,3.358991,3.225409,7.0993e-01
dev-long-03,169,2074,1.072611e-04,2074,2074,0.053066,0.052681,4.1274e-01
dev-long-03,170,347,3.854980e-05,347,347,0.000571,0.000618,7.4782e-01
dev-long-03,171,383,1.445838e-02,948,948,1.984191,2.177377,8.4891e-01
dev-long-03,172,40212,3.682003e-03,279,279,0.932424,1.026430,7.6418e-01
dev-long-03,173,279,1.207194e-05,279,279,0.000992,0.001002,1.0063e+00
dev-long-03,174,41692,3.131575e-03,4557,4557,2.674858,2.939150,7.2650e-01
dev-long-03,175,11,7.083435e-04,11,11,0.098685,0.091495,9.4538e-01
dev-long-03,176,321,7.120025e-04,321,321,0.005761,0.004537,1.0372e+00
dev-long-03,177,310,8.740222e-05,310,310,0.000982,0.001387,9.5133e-01
dev-long-03,178,3322,1.172029e-02,3322,3322,0.169768,0.240882,8.7493e-01
dev-long-03,179,31178,1.472608e-02,31178,31178,0.296960,0.398938,7.5926e-01
dev-long-03,180,1083,1.760348e-03,310,310,1.253064,1.235825,7.6687e-01
dev-long-03,181,279,1.365280e-03,279,279,0.004607,0.008889,7.5565e-01
dev-long-03,182,2956,1.184617e-04,2956,2956,0.164893,0.169336,8.6978e-01
dev-long-03,183,11,4.209044e-03,11,11,0.061923,0.086972,1.0477e+00
dev-long-03,184,198,2.587884e-06,198,198,0.000076,0.000096,7.0141e-01
dev-long-03,185,2777,2.913312e-03,2777,2777,0.039586,0.055379,7.6872e-01
dev-long-03,186,1292,3.258641e-05,1292,1292,0.000606,0.000658,8.8342e-01
dev-long-03,187,1669,1.160684e-04,1669,1669,0.021875,0.024075,1.0189e+00
dev-long-03,188,12482,7.662483e-03,2433,2433,2.346794,2.613029,8.2695e-01
dev-long-03,189,430,1.237604e-03,430,430,0.013378,0.019985,6.4285e-01
dev-long-03,190,7246,1.145400e-03,7246,7246,0.719242,0.694595,6.2127e-01
dev-long-03,191,539,4.657789e-05,539,539,0.004272,0.003750,6.6162e-01
dev-long-03,192,279,2.937557e-04,279,279,0.174959,0.165843,6.9142e-01
dev-long-03,193,1483,3.829781e-04,1483,1483,0.009191,0.006974,6.1490e-01
dev-long-03,194,10971,8.574897e-03,10971,10971,0.208916,0.154019,5.6506e-01
dev-long-03,195,13,9.510584e-05,13,13,0.023881,0.025598,8.8416e-01
dev-long-03,196,43017,2.669228e-03,3629,3629,3.436276,3.531865,8.6136e-01
dev-long-03,197,198,7.540410e-05,198,198,0.002804,0.002843,8.3123e-01
dev-long-03,198,59697,1.195499e-03,59697,59697,0.041230,0.033391,6.1016e-01
dev-long-03,199,26466,3.184003e-05,26466,26466,0.002957,0.002707,5.2206e-01
dev-long-03,200,11,6.554186e-03,11,401,0.870323,0.964735,7.8086e-01
dev-long-03,201,417,3.010649e-04,417,417,0.015730,0.014382,7.1577e-01
dev-long-03,202,12436,1.554851e-02,11,11,2.294292,2.265291,5.6670e-01
dev-long-03,203,11,1.734831e-05,11,11,0.002676,0.002550,6.5760e-01
dev-long-03,204,6348,1.226807e-01,401,401,1.875158,1.336384,9.5688e-01
dev-long-03,205,5721,8.120563e-04,5721,5721,0.094237,0.082607,6.2378e-01
dev-long-03,206,430,5.905844e-03,430,430,0.178749,0.135530,8.3885e-01
dev-long-03,207,310,4.406359e-07,310,310,0.000055,0.000057,7.7236e-01
dev-long-03,208,279,5.911395e-05,279,279,0.001045,0.001035,7.6974e-01
dev-long-03,209,7753,1.353342e-02,7753,7753,0.142350,0.192572,7.9441e-01
dev-long-03,210,314,6.457845e-06,314,314,0.000256,0.000272,7.1042e-01
dev-long-03,211,14315,1.162586e-03,279,279,2.612758,2.464702,6.7513e-01
dev-long-03,212,1154,1.897093e-06,1154,1154,0.000029,0.000021,7.6809e-01
dev-long-03,213,11,1.020161e-03,11,11,0.080187,0.078767,9.0903e-01
dev-long-03,214,852,1.996641e-03,852,852,0.168676,0.147324,8.0187e-01
dev-long-03,215,198,2.431966e-04,198,198,0.008745,0.010394,1.0622e+00
dev-long-03,216,485,3.539347e-03,15648,15648,10.141491,9.760035,9.0259e-01
dev-long-03,217,2511,9.385220e-03,2511,2511,0.556311,0.460279,6.8913e-01
dev-long-03,218,806,1.624215e-04,806,806,0.016791,0.014566,5.5485e-01
dev-long-03,219,1374,1.574576e-03,1374,1374,0.071451,0.083831,8.9965e-01
dev-long-03,220,78157,7.313916e-07,78157,78157,0.000154,0.000144,5.4056e-01
dev-long-03,221,11,1.499594e-03,11,11,0.040093,0.051058,8.4026e-01
dev-long-03,222,321,3.828423e-05,321,321,0.001409,0.001632,7.5944e-01
dev-long-03,223,67055,2.476231e-02,557,67055,1.730207,1.471369,8.9604e-01
dev-long-03,224,780,3.705965e-07,780,780,0.000103,0.000108,4.3515e-01
dev-long-03,225,54322,6.546647e-06,54322,54322,0.000427,0.000487,4.7075e-01
dev-long-03,226,303,5.092865e-07,303,303,0.000062,0.000058,4.0426e-01
dev-long-03,227,279,5.954231e-07,279,279,0.000012,0.000014,8.2055e-01
dev-long-03,228,28928,6.364262e-02,3992,3992,1.041443,1.591143,8.3206e-01
dev-long-03,229,198,2.043512e-07,198,198,0.000185,0.000187,5.4759e-01
dev-long-03,230,17801,7.334811e-08,17801,17801,0.000041,0.000042,6.5701e-01
dev-long-03,231,13,1.661881e-05,13,13,0.008167,0.008147,6.0678e-01
dev-long-03,232,42249,1.132178e-03,42249,42249,0.039815,0.037649,8.2420e-01
dev-long-03,233,314,6.760174e-04,314,314,0.045052,0.051345,1.0842e+00
dev-long-03,234,264,7.774851e-03,264,264,0.091399,0.079268,8.5954e-01
dev-long-03,235,3555,7.145810e-03,3555,3555,0.073563,0.094449,7.0508e-01
dev-long-03,236,27181,3.228017e-04,27181,27181,0.005318,0.007230,8.2068e-01
dev-long-03,237,364,1.291960e-02,364,364,0.021212,0.050938,1.0666e+00
dev-long-03,238,41692,1.450614e-01,7808,7808,3.487367,3.126606,1.1181e+00
dev-long-03,239,3322,2.486104e-02,3322,3322,0.281929,0.180501,1.1274e+00
dev-long-03,240,978,1.014384e-04,978,978,0.004826,0.004091,6.7304e-01
dev-long-03,241,2574,4.913477e-04,198,198,0.747427,0.723451,8.4961e-01
dev-long-03,242,198,5.335804e-05,198,198,0.000924,0.000700,1.0045e+00
dev-long-03,243,66425,2.286707e-03,66425,66425,0.007257,0.002944,7.7498e-01
dev-long-03,244,279,2.453254e-04,279,279,0.012574,0.010454,7.5816e-01
dev-long-03,245,40470,4.726789e-06,40470,40470,0.002150,0.002094,5.7533e-01
dev-long-03,246,11,5.355404e-03,11,11,0.054764,0.034032,6.6106e-01
dev-long-03,247,279,2.033173e-03,279,279,0.656133,0.629407,7.6531e-01
dev-long-03,248,90844,5.162689e-03,90844,90844,0.476697,0.506964,8.4960e-01
dev-long-03,249,15578,4.874337e-02,15578,15578,0.701468,0.841976,1.1804e+00
dev-long-03,250,310,9.348826e-03,23704,23704,0.948524,0.798911,7.2111e-01
dev-long-03,251,3372,4.244031e-03,10403,10403,3.721603,3.783085,6.6650e-01
dev-long-03,252,27367,6.451904e-03,440,440,3.628240,4.404727,8.8418e-01
dev-long-03,253,1487,1.047282e-03,1487,1487,0.005215,0.008977,6.2687e-01
dev-long-03,254,440,4.199181e-06,440,440,0.000207,0.000233,1.0410e+00
dev-long-03,255,279,7.301576e-03,279,279,0.564337,0.676344,7.8442e-01
dev-long-03,256,198,1.307681e-06,198,198,0.000075,0.000088,4.9892e-01
dev-long-03,257,1783,1.917221e-03,1783,1783,0.114404,0.098878,6.9052e-01
dev-long-03,258,738,1.101679e-05,738,738,0.000650,0.000773,4.7642e-01
dev-long-03,259,11,9.308473e-06,11,11,0.012565,0.012625,6.8127e-01
dev-long-03,260,694,1.614519e-03,321,321,1.344426,1.440358,8.5797e-01
dev-long-03,261,13464,3.020143e-03,13464,13464,0.058464,0.045110,8.0319e-01
dev-long-03,262,424,2.171760e-05,424,424,0.000435,0.000504,7.2809e-01
dev-long-03,263,310,3.208758e-05,310,310,0.000283,0.000420,9.2921e-01
dev-long-03,264,279,3.868182e-05,279,279,0.001076,0.000938,1.2867e+00
dev-long-03,265,2601,1.022535e-03,2601,2601,0.020535,0.024206,8.1150e-01
dev-long-03,266,4603,6.703452e-08,4603,4603,0.000031,0.000032,4.9787e-01
dev-long-03,267,13,6.391391e-03,13,13,0.110918,0.095038,1.1251e+00
dev-long-03,268,14315,5.409733e-03,3629,3629,2.542808,2.335002,8.0006e-01
dev-long-03,269,1154,1.780740e-05,1154,1154,0.000901,0.001050,9.4015e-01
dev-long-03,270,11,9.731690e-03,11,11,0.277170,0.235813,9.5207e-01
dev-long-03,271,852,5.363055e-03,852,852,0.163394,0.134705,1.0211e+00
dev-long-03,272,995,2.598516e-02,369,369,2.344708,2.914980,9.4879e-01
dev-long-03,273,6625,8.762594e-03,2261,2261,4.070254,4.207494,8.0209e-01
dev-long-03,274,11590,3.107777e-02,2172,2172,2.201682,1.842841,8.8884e-01
dev-long-03,275,314,4.187959e-04,314,314,0.219112,0.205396,1.2312e+00
dev-long-03,276,198,4.670462e-07,198,198,0.000017,0.000014,6.9177e-01
dev-long-03,277,390,2.405381e-02,31788,31788,2.524314,2.386527,7.6676e-01
dev-long-03,278,1081,1.194192e-05,1081,1081,0.000970,0.001096,5.2399e-01
dev-long-03,279,19169,3.415762e-03,19169,19169,0.478437,0.464294,9.6972e-01
dev-long-03,280,2261,1.472619e-02,2261,2261,0.845090,0.669805,9.4650e-01
dev-long-03,281,279,5.856535e-05,279,279,0.000641,0.000463,7.9457e-01
dev-long-03,282,27388,1.261433e-02,27388,27388,0.988765,0.983890,9.0068e-01
dev-long-03,283,11,8.044231e-05,11,11,0.001534,0.001937,1.0628e+00
dev-long-03,284,281,3.715361e-02,11324,11324,3.844482,4.413343,1.2626e+00
dev-long-03,285,29243,5.177764e-07,29243,29243,0.000046,0.000051,5.1327e-01
dev-long-03,286,3023,3.350791e-03,3023,3023,0.098652,0.080085,6.2107e-01
dev-long-03,287,506,1.925761e-02,1066,1066,1.718352,1.909916,8.3181e-01
dev-long-03,288,279,1.845904e-02,279,279,0.161363,0.250118,8.2394e-01
dev-long-03,289,16198,1.371997e-02,16198,16198,0.232117,0.167201,7.5720e-01
dev-long-03,290,198,1.771485e-03,198,11,0.690276,0.747266,9.7035e-01
dev-long-03,291,429,2.416384e-02,429,429,0.378323,0.547762,9.3352e-01
dev-long-03,292,557,7.518147e-03,995,995,0.814690,0.957575,8.2121e-01
dev-long-03,293,11354,1.990727e-02,11354,11354,0.471163,0.643267,1.0293e+00
dev-long-03,294,680,1.877422e-02,680,680,0.230921,0.146032,9.8248e-01
dev-long-03,295,314,2.897337e-04,314,314,0.002273,0.001528,9.0725e-01
dev-long-03,296,5300,8.653947e-05,5300,5300,0.004222,0.004760,6.4181e-01
dev-long-03,297,1920,1.643480e-03,1920,1920,0.531354,0.525906,7.1244e-01
dev-long-03,298,271,4.516299e-05,271,271,0.001472,0.001743,6.1875e-01
dev-long-03,299,2005,2.889621e-03,9866,9866,1.018011,0.993132,7.7025e-01
dev-long-03,300,46903,1.527539e-02,12702,27125,6.105925,5.785335,6.9272e-01
dev-long-03,301,0,5.614867e-04,17306,17306,0.800480,0.764918,6.9589e-01
dev-long-03,302,1987,2.508158e-02,2844,2844,2.073181,2.335592,6.9154e-01
dev-long-03,303,1691,2.079339e-02,551,279,2.852348,2.517178,8.3861e-01
dev-long-03,304,364,3.286625e-04,364,364,0.011915,0.014210,1.0992e+00
dev-long-03,305,279,2.001481e-04,279,279,0.001580,0.002339,1.1476e+00
dev-long-03,306,4142,9.462509e-04,4142,4142,0.012522,0.016082,9.6530e-01
dev-long-03,307,94003,2.011461e-02,94003,94003,0.583403,0.475079,8.3005e-01
dev-long-03,308,2340,1.367794e-02,2340,2340,0.108834,0.167938,7.4513e-01
dev-long-03,309,1018,5.946554e-04,1018,1018,0.086509,0.077277,5.7762e-01
dev-long-03,310,38001,3.869820e-04,38001,38001,0.346785,0.335204,5.0400e-01
dev-long-03,311,3272,6.977855e-03,11,11,3.471600,3.111081,5.5417e-01
dev-long-03,312,3518,3.214121e-06,3518,3518,0.000630,0.000687,5.0048e-01
dev-long-03,313,11,1.020611e-04,13,13,1.463013,1.451165,6.8245e-01
dev-long-03,314,81154,2.566606e-02,50856,50856,2.140339,2.164214,9.0920e-01
dev-long-03,315,198,5.593660e-04,198,198,0.024720,0.019844,7.7169e-01
dev-long-03,316,27582,1.536913e-03,27582,27582,0.293867,0.295359,6.5588e-01
dev-long-03,317,279,1.335587e-05,279,279,0.005015,0.005374,5.7915e-01
dev-long-03,318,5392,6.860879e-04,5392,5392,0.092237,0.101546,7.6099e-01
dev-long-03,319,13,3.323300e-04,13,13,0.001724,0.002818,1.0045e+00
dev-long-03,320,1001,9.350607e-05,1001,1001,0.034442,0.032370,8.6379e-01
dev-long-03,321,760,6.947082e-03,760,760,0.323979,0.320490,9.1531e-01
dev-long-03,322,3296,1.250313e-02,3296,3296,0.685426,0.730347,1.0546e+00
dev-long-03,323,364,2.166332e-02,364,364,0.665479,0.688613,1.0349e+00
dev-long-03,324,586,4.782032e-04,586,586,0.004160,0.006282,9.2281e-01
dev-long-03,325,1381,4.101568e-03,1381,1381,0.096821,0.128363,7.7530e-01
dev-long-03,326,310,4.127789e-03,310,310,0.232895,0.282568,7.6460e-01
dev-long-03,327,11290,2.945979e-03,11290,11290,0.317441,0.300674,8.8814e-01
dev-long-03,328,369,1.499176e-03,369,369,0.012825,0.020007,8.8014e-01
dev-long-03,329,279,3.383057e-03,279,279,0.033327,0.035250,1.0550e+00
dev-long-03,330,8240,3.004940e-02,8240,8240,0.930395,0.811877,1.2559e+00
dev-long-03,331,314,3.182331e-04,314,314,0.003128,0.002858,1.0433e+00
dev-long-03,332,198,5.582155e-05,198,198,0.001256,0.001654,6.0319e-01
dev-long-03,333,12034,4.486535e-04,12034,12034,0.008863,0.011302,8.0107e-01
dev-long-03,334,6187,1.371958e-02,13,13,2.183556,2.014369,1.0978e+00
dev-long-03,335,494,1.258463e-03,494,494,0.064537,0.054032,8.5872e-01
dev-long-03,336,264,2.555391e-03,279,279,2.778442,2.921451,1.1138e+00
dev-long-03,337,35700,1.240924e-02,85537,85537,11.073137,10.910521,8.5939e-01
dev-long-03,338,806,3.653470e-05,806,806,0.000441,0.000315,6.4901e-01
dev-long-03,339,63620,5.817110e-04,63620,63620,0.011332,0.014700,6.5940e-01
dev-long-03,340,37208,1.171430e-05,37208,37208,0.002570,0.002546,6.1086e-01
dev-long-03,341,506,8.043231e-03,310,310,2.186561,2.228137,7.1749e-01
dev-long-03,342,799,3.621596e-03,279,279,4.555745,3.865519,7.7696e-01
dev-long-03,343,809,3.437300e-05,809,809,0.001029,0.000826,5.7214e-01
dev-long-03,344,310,2.481406e-02,310,310,0.701560,0.938998,9.8740e-01
dev-long-03,345,279,2.726526e-03,279,279,0.249640,0.288505,9.2932e-01
dev-long-03,346,18522,2.137513e-02,17789,17789,2.675539,3.105792,1.1786e+00
dev-long-03,347,314,3.269890e-04,314,314,0.014744,0.012101,5.6043e-01
dev-long-03,348,264,1.203005e-06,264,264,0.001282,0.001239,6.3231e-01
dev-long-03,349,198,4.831088e-04,198,198,0.018569,0.023077,4.9136e-01
dev-long-03,350,3237,1.074622e-04,3237,3237,0.002347,0.001797,4.7595e-01
dev-long-03,351,930,5.020215e-07,930,930,0.000016,0.000019,4.7916e-01
dev-long-03,352,303,1.235639e-03,506,506,2.594426,2.760771,7.1185e-01
dev-long-03,353,53682,2.849064e-02,279,279,2.179465,1.856550,9.4626e-01
dev-long-03,354,6930,1.534045e-07,6930,6930,0.000040,0.000038,4.3325e-01
dev-long-03,355,9254,9.659323e-04,9254,9254,0.004281,0.007714,6.8501e-01
dev-long-03,356,506,6.145731e-07,506,506,0.000248,0.000235,5.1145e-01
dev-long-03,357,279,8.517435e-07,279,279,0.000074,0.000063,8.2006e-01
dev-long-03,358,975,3.713252e-06,975,975,0.000153,0.000129,5.9128e-01
dev-long-03,359,13,5.415367e-05,13,13,0.003056,0.003557,9.0277e-01
dev-long-03,360,1394,2.945873e-02,1061,1061,4.037652,4.210382,1.2273e+00
dev-long-03,361,1436,3.244624e-02,1436,1436,0.558102,0.506052,1.2125e+00
dev-long-03,362,11,1.652475e-05,11,11,0.002167,0.002074,1.0333e+00
dev-long-03,363,30446,7.860949e-05,30446,30446,0.001755,0.002044,6.0496e-01
dev-long-03,364,11,1.689138e-05,11,11,0.001747,0.001648,8.4684e-01
dev-long-03,365,1004,7.793018e-03,821,821,2.434044,2.144359,1.0758e+00
dev-long-03,366,2545,4.243711e-03,2545,2545,0.030354,0.048834,1.0197e+00
dev-long-03,367,198,3.619787e-06,198,198,0.000051,0.000064,9.8986e-01
dev-long-03,368,9497,3.504555e-03,33441,33441,3.413004,3.493422,8.4857e-01
dev-long-03,369,88312,8.621203e-04,88312,88312,0.026180,0.033520,6.6148e-01
dev-long-03,370,599,2.794667e-03,599,599,0.106116,0.089710,7.4198e-01
dev-long-03,371,14413,4.903583e-03,14413,14413,0.123650,0.149773,1.0121e+00
dev-long-03,372,18533,5.930922e-03,3512,3512,1.434215,1.329491,7.3084e-01
dev-long-03,373,264,5.090953e-05,264,264,0.003197,0.003671,9.5374e-01
dev-long-03,374,1691,1.642371e-02,1691,1691,0.080242,0.141504,8.3507e-01
dev-long-03,375,777,6.954029e-03,777,777,0.035104,0.018253,9.9379e-01
dev-long-03,376,2894,1.415664e-02,5812,60458,3.245847,3.487115,9.9336e-01
dev-long-03,377,321,5.602700e-03,321,321,0.952629,0.918953,7.6648e-01
dev-long-03,378,2599,4.975601e-02,1442,1442,5.931415,6.527440,8.1264e-01
dev-long-03,379,198,1.479471e-03,198,198,0.209065,0.215663,8.1731e-01
dev-long-03,380,5938,2.624056e-02,65802,65802,1.933278,1.573045,6.9683e-01
dev-long-03,381,499,2.671002e-06,499,499,0.000393,0.000413,5.7669e-01
dev-long-03,382,305,6.059050e-04,305,305,0.038198,0.036144,7.0292e-01
dev-long-03,383,12523,4.421386e-03,12523,12523,0.023439,0.037581,1.0177e+00
dev-long-03,384,13,1.181968e-02,13,13,0.267187,0.191431,7.7923e-01
dev-long-03,385,5514,8.383671e-03,5514,5514,1.102136,1.131899,1.1141e+00
dev-long-03,386,369,4.379170e-03,11,11,0.849968,0.900310,8.1455e-01
dev-long-03,387,279,5.347407e-03,279,279,0.281707,0.301437,1.1386e+00
dev-long-03,388,9506,3.131506e-03,9506,9506,0.087723,0.097307,8.9091e-01
dev-long-03,389,26,3.120794e-03,1381,1381,3.504947,3.541821,8.7475e-01
dev-long-03,390,279,8.086534e-03,1532,1532,3.424048,3.752804,7.3100e-01
dev-long-03,391,9506,1.556633e-02,60042,60042,4.933368,5.118210,7.7902e-01
dev-long-03,392,3571,9.168913e-02,1902,682,2.550420,2.666275,1.2762e+00
dev-long-03,393,494,1.499776e-04,494,494,0.009360,0.010211,7.3089e-01
dev-long-03,394,279,3.140904e-05,279,279,0.011274,0.010585,5.8685e-01
dev-long-03,395,60042,4.103673e-04,60042,60042,0.027272,0.029848,6.5057e-01
dev-long-03,396,11,1.034136e-03,26,26,3.008672,3.108476,7.9360e-01
dev-long-03,397,321,3.037033e-03,321,321,0.384053,0.423414,8.2073e-01
dev-long-03,398,198,1.654855e-04,198,198,0.015980,0.017937,8.5685e-01
dev-long-03,399,1719,3.879358e-03,1719,1719,0.022455,0.037493,9.7967e-01
dev-long-03,400,60042,2.300802e-03,60042,60042,0.056137,0.073025,8.6323e-01
dev-long-03,401,3571,1.061505e-02,3571,3571,0.508163,0.455556,9.2758e-01
dev-long-03,402,494,1.140105e-04,494,494,0.017011,0.018709,1.5661e+00
dev-long-03,403,4248,8.930107e-03,279,279,3.975060,3.718657,7.5812e-01
dev-long-03,404,13,5.447921e-05,13,13,0.001428,0.001804,6.5023e-01
dev-long-03,405,17075,2.589465e-03,78434,78434,1.976328,2.137426,6.4682e-01
dev-long-03,406,27466,2.027605e-06,27466,27466,0.000264,0.000263,5.2260e-01
dev-long-03,407,11,4.388864e-03,13,13,0.792553,0.821116,1.0917e+00
dev-long-03,408,279,4.179782e-03,279,279,0.277545,0.320573,7.5148e-01
dev-long-03,409,43623,1.576548e-03,6171,6171,3.041897,2.950628,6.3320e-01
dev-long-03,410,440,3.179491e-03,6483,6483,4.814309,4.789172,7.9459e-01
dev-long-03,411,279,7.076794e-03,279,279,0.488191,0.582715,8.0494e-01
dev-long-03,412,3743,1.804170e-02,7167,7167,2.769974,2.610465,7.4194e-01
dev-long-03,413,8628,1.101923e-02,198,198,3.299124,3.016781,6.4597e-01
dev-long-03,414,321,1.886365e-03,13,13,1.128043,1.212464,6.0582e-01
dev-long-03,415,198,3.540798e-05,198,198,0.003906,0.003644,6.6858e-01
dev-long-03,416,528,2.706452e-03,1719,1719,1.800950,1.689015,6.5974e-01
dev-long-03,417,279,1.421804e-02,279,279,0.489560,0.424357,8.1226e-01
dev-long-03,418,975,1.671700e-03,975,975,0.082239,0.087276,7.2739e-01
dev-long-03,419,16935,2.135206e-02,292,292,3.229570,3.441411,1.0886e+00
dev-long-03,420,440,7.555716e-04,864,864,4.749035,4.986468,7.6236e-01
dev-long-03,421,864,6.104820e-06,864,864,0.000344,0.000407,6.2016e-01
dev-long-03,422,353,2.275277e-03,353,353,0.397482,0.352671,1.0288e+00
dev-long-03,423,599,2.582173e-02,599,599,0.273538,0.193505,8.6631e-01
dev-long-03,424,32183,1.047271e-02,32183,32183,0.440288,0.406886,1.0357e+00
dev-long-03,425,488,2.654455e-05,488,488,0.000212,0.000224,1.3681e+00
dev-long-03,426,13,1.210133e-04,13,13,0.005813,0.006570,7.7792e-01
dev-long-03,427,1987,3.372624e-02,4543,4543,2.163294,1.932352,8.6750e-01
dev-long-03,428,1381,1.474702e-02,1381,1381,0.829969,0.727792,1.2033e+00
dev-long-03,429,567,8.561287e-03,11,11,1.475770,1.610195,1.2961e+00
dev-long-03,430,198,1.281639e-03,198,198,0.009359,0.014130,9.8955e-01
dev-long-03,431,24028,4.042124e-04,24028,24028,0.019519,0.022441,1.1776e+00
dev-long-03,432,716,4.177347e-02,2404,2404,1.649640,1.774640,1.2511e+00
dev-long-03,433,12833,2.278356e-03,12833,12833,0.100158,0.083726,9.0745e-01
dev-long-03,434,1546,1.351521e-02,13519,13519,2.089565,2.213464,1.1809e+00
dev-long-03,435,13519,1.786132e-04,13519,13519,0.006049,0.006511,9.7289e-01
dev-long-03,436,310,2.265970e-05,310,310,0.000162,0.000250,7.5541e-01
dev-long-03,437,8996,9.139179e-04,8996,8996,0.234578,0.217449,9.8845e-01
dev-long-03,438,411,5.692551e-03,411,411,0.160270,0.197600,1.0563e+00
dev-long-03,439,43623,9.377027e-03,43623,43623,0.175453,0.229129,8.7506e-01
dev-long-03,440,321,2.584607e-03,321,321,1.057307,1.026150,8.8296e-01
dev-long-03,441,198,2.241404e-02,198,198,1.053306,1.177188,9.4857e-01
dev-long-03,442,4899,2.377363e-02,3795,3795,11.737235,11.316369,8.4752e-01
dev-long-03,443,517,4.704770e-06,517,517,0.004398,0.004237,5.6103e-01
dev-long-03,444,1988,2.102022e-06,1988,1988,0.000021,0.000032,1.0135e+00
dev-long-03,445,1092,9.547179e-03,1092,1092,0.399695,0.481763,9.6279e-01
dev-long-03,446,919,8.880591e-04,919,919,0.180849,0.171180,9.6551e-01
dev-long-03,447,551,3.835771e-04,551,551,0.002972,0.004634,1.1600e+00
dev-long-03,448,682,1.082277e-02,682,1189,0.631916,0.779090,6.7332e-01
dev-long-03,449,6141,1.519160e-04,6141,6141,0.004478,0.005380,6.5512e-01
dev-long-03,450,303,3.025819e-06,303,303,0.000415,0.000386,9.9179e-01
dev-long-03,451,411,1.908322e-03,411,411,0.118413,0.140539,8.2041e-01
dev-long-03,452,2545,1.735902e-02,24577,24577,4.385511,3.399500,1.0266e+00
dev-long-03,453,21831,2.029756e-04,21831,21831,0.012174,0.011997,8.3584e-01
dev-long-03,454,13,1.383979e-03,13,13,0.350550,0.385417,8.7700e-01
dev-long-03,455,1946,1.629852e-02,1165,1165,3.493914,3.503464,9.8654e-01
dev-long-03,456,635,1.298966e-02,279,279,5.449269,5.306568,1.1310e+00
dev-long-03,457,198,7.335861e-04,198,198,0.400729,0.401179,1.3918e+00
dev-long-03,458,559,1.088433e-03,559,559,0.015655,0.015213,1.0178e+00
dev-long-03,459,11,1.591987e-03,11,11,0.059259,0.048471,1.1088e+00
dev-long-03,460,567,1.380819e-03,567,567,0.290618,0.269208,1.0908e+00
dev-long-03,461,1902,2.832212e-04,1902,1902,0.011498,0.013636,8.1416e-01
dev-long-03,462,1380,5.247058e-02,1380,1380,1.153649,0.986879,1.7761e+00
dev-long-03,463,279,6.412669e-03,321,321,5.676480,5.921731,1.5306e+00
dev-long-03,464,43070,4.222873e-02,43070,43070,1.053365,1.044211,1.1270e+00
dev-long-03,465,3254,1.939982e-02,3254,3254,0.808034,0.710268,1.1196e+00
dev-long-03,466,1118,2.036661e-03,1118,1118,0.133738,0.112817,9.8862e-01
dev-long-03,467,11,3.000986e-03,11,11,0.212764,0.180890,1.6821e+00
dev-long-03,468,321,1.016363e-03,321,321,0.018604,0.016259,1.7045e+00
dev-long-03,469,1439,2.139256e-02,1439,1439,0.566105,0.483333,1.1953e+00
dev-long-03,470,9940,5.846550e-04,9940,9940,0.039853,0.035754,9.2780e-01
dev-long-03,471,35723,2.965056e-02,11,11,2.055030,1.893570,1.0964e+00
dev-long-03,472,198,4.204215e-06,198,198,0.000113,0.000086,6.7771e-01
dev-long-03,473,258,2.799651e-05,258,258,0.000269,0.000404,8.8431e-01
dev-long-03,474,449,5.523677e-02,279,279,7.952277,7.235297,1.0286e+00
dev-long-03,475,31604,1.505972e-04,31604,31604,0.015210,0.013783,6.4424e-01
dev-long-03,476,303,3.593875e-03,303,303,0.106968,0.136527,8.8260e-01
dev-long-03,477,660,2.973876e-03,279,279,6.399560,6.270525,7.6824e-01
dev-long-03,478,279,9.107853e-06,279,279,0.000396,0.000415,1.1111e+00
dev-long-03,479,11129,1.776148e-02,6187,6187,3.310010,2.913870,8.8999e-01
dev-long-03,480,15228,7.791408e-05,15228,15228,0.004661,0.004182,8.9113e-01
dev-long-03,481,13,2.985517e-04,13,13,0.134414,0.130818,1.0187e+00
dev-long-03,482,1368,2.821124e-02,38470,38470,2.721426,3.258221,9.3360e-01
dev-long-03,483,411,1.596845e-03,411,411,0.236187,0.223363,9.9498e-01
dev-long-03,484,3564,9.238098e-03,14107,14107,1.415529,1.531826,8.0921e-01
dev-long-03,485,11,1.709614e-03,11,11,0.026036,0.023496,1.0020e+00
dev-long-03,486,353,1.780734e-03,353,353,0.136772,0.120292,8.9517e-01
dev-long-03,487,4723,4.262865e-03,4723,4723,0.630751,0.563076,6.8998e-01
dev-long-03,488,198,8.073383e-06,198,198,0.001020,0.000995,1.0699e+00
dev-long-03,489,18443,1.587874e-02,18443,18443,0.863195,0.701730,8.4997e-01
dev-long-03,490,89085,1.060948e-02,89085,89085,0.731387,0.780833,9.2637e-01
dev-long-03,491,310,3.600822e-05,310,310,0.001335,0.001142,8.7677e-01
dev-long-03,492,975,8.052185e-02,1010,1010,1.015725,1.617221,8.6370e-01
dev-long-03,493,5245,4.045796e-02,5245,5245,0.952109,0.987380,1.1126e+00
dev-long-03,494,1920,5.513727e-05,1920,1920,0.013851,0.012695,7.7918e-01
dev-long-03,495,271,7.666883e-05,271,271,0.002994,0.002784,6.5895e-01
dev-long-03,496,41610,2.305563e-03,2005,2005,1.416160,1.391858,8.0649e-01
dev-long-03,497,668,7.498961e-03,0,0,4.144303,3.878757,1.0240e+00
dev-long-03,498,488,4.092763e-03,678,678,2.150622,2.120125,8.2821e-01
dev-long-03,499,1910,1.793585e-03,5479,5479,0.869927,0.926967,5.9798e-01
dev-long-03,500,12035,1.087595e-04,12035,12035,0.005750,0.005598,6.9339e-01
dev-long-03,501,271,6.846396e-05,271,271,0.095501,0.099167,8.2301e-01
dev-long-03,502,2005,3.305526e-04,2005,2005,0.066581,0.070751,6.9459e-01
dev-long-03,503,33963,1.755516e-03,22367,22367,4.025813,4.022769,6.7408e-01
dev-long-03,504,728,1.870204e-04,728,728,0.004354,0.005033,8.8293e-01
dev-long-03,505,264,9.797099e-04,449,449,5.707793,5.289163,8.3283e-01
dev-long-03,506,44579,3.412237e-03,5572,5572,1.960109,1.910771,6.5013e-01
dev-long-03,507,321,2.178558e-03,321,321,0.054040,0.064414,7.5769e-01
dev-long-03,508,421,3.365073e-02,421,421,1.378877,1.392204,1.2885e+00
dev-long-03,509,20485,4.824417e-02,20485,20485,1.300113,1.005243,1.1782e+00
dev-long-03,510,314,2.337631e-04,314,314,0.007565,0.007382,1.5435e+00
dev-long-03,511,5392,2.243945e-02,264,264,1.325178,1.057105,1.6435e+00
dev-long-03,512,13,2.365298e-03,1920,1920,2.651467,2.527328,9.3228e-01
dev-long-03,513,4543,3.596386e-02,6558,6558,2.939102,2.773576,1.3582e+00
dev-long-03,514,11,8.725330e-03,11,11,0.422617,0.379263,1.0908e+00
dev-long-03,515,1179,2.039229e-02,4248,4248,2.315056,2.852794,9.1341e-01
dev-long-03,516,25,1.529841e-03,13,13,1.399722,1.415429,8.6914e-01
dev-long-03,517,3260,5.166623e-03,3260,3260,0.191605,0.158395,7.5674e-01
dev-long-03,518,6441,1.140335e-02,6441,6441,0.284723,0.225659,8.8962e-01
dev-long-03,519,506,1.918270e-03,506,506,0.007489,0.003683,8.7089e-01
dev-long-03,520,279,1.647292e-02,198,198,1.614720,1.430311,7.6845e-01
dev-long-03,521,198,1.114817e-03,198,198,0.061140,0.070390,8.3736e-01
dev-long-03,522,70927,9.754990e-04,25668,25668,6.020798,5.731663,6.5156e-01
dev-long-03,523,314,1.296346e-05,314,314,0.000723,0.000686,5.2933e-01
dev-long-03,524,7441,7.595969e-04,7441,7441,0.026312,0.022777,7.0922e-01
dev-long-03,525,689,1.264672e-06,689,689,0.000193,0.000194,5.2409e-01
dev-long-03,526,6476,3.451249e-06,6476,6476,0.001324,0.001367,6.7639e-01
dev-long-03,527,11,4.297353e-03,11,11,0.057960,0.038752,8.8698e-01
dev-long-03,528,264,4.234613e-04,264,264,0.007994,0.007913,1.3940e+00
dev-long-03,529,60042,5.070108e-03,3565,3565,4.687042,5.001175,7.9861e-01
dev-long-03,530,321,8.735508e-06,321,321,0.001923,0.002096,5.6375e-01
dev-long-03,531,264,2.099702e-07,264,264,0.000018,0.000020,5.1811e-01
dev-long-03,532,3565,4.675644e-02,2503,2503,2.014438,2.008228,7.0373e-01
dev-long-03,533,6273,1.185618e-02,6273,6273,0.404232,0.508936,6.2487e-01
dev-long-03,534,8628,7.179726e-06,8628,8628,0.001150,0.001126,5.4674e-01
dev-long-03,535,13,3.019802e-03,30996,30996,2.401875,2.657660,8.3159e-01
dev-long-03,536,4248,6.390381e-03,561,561,1.771966,2.017039,7.5669e-01
dev-long-03,537,13,9.993231e-07,13,13,0.001117,0.001093,7.3871e-01
dev-long-03,538,17075,1.760111e-05,17075,17075,0.000541,0.000671,6.4314e-01
dev-long-03,539,27466,3.394772e-06,27466,27466,0.001521,0.001432,6.4816e-01
dev-long-03,540,198,2.266214e-05,198,198,0.002317,0.002655,7.4394e-01
dev-long-03,541,4660,5.727102e-03,4660,4660,0.575121,0.590165,6.3071e-01
dev-long-03,542,599,1.592735e-06,599,599,0.000146,0.000156,6.6649e-01
dev-long-03,543,279,2.223875e-02,2107,2107,3.316439,3.301566,1.1287e+00
dev-long-03,544,1788,1.164223e-04,1788,1788,0.001428,0.001530,1.2637e+00
dev-long-03,545,539,2.053419e-03,539,539,0.026601,0.018366,9.5575e-01
dev-long-03,546,18377,4.294678e-03,18377,18377,0.087614,0.071902,7.7033e-01
dev-long-03,547,506,1.680277e-04,506,506,0.004263,0.005364,7.0238e-01
dev-long-03,548,220,5.622279e-03,220,411,0.671876,0.776454,9.6969e-01
dev-long-03,549,21,7.164051e-05,21,21,0.013941,0.014682,6.0551e-01
dev-long-03,550,25,1.008743e-02,11,11,1.250492,1.338659,6.3964e-01
dev-long-03,551,18,1.276758e-01,16,16,1.391245,2.496344,1.0068e+00
dev-long-03,552,15,1.186605e-05,15,15,0.000256,0.000336,6.9399e-01
dev-long-03,553,411,3.220093e-03,310,310,5.263680,4.944795,6.4215e-01
dev-long-03,554,11129,3.302806e-04,11129,11129,0.014297,0.017446,6.3648e-01
dev-long-03,555,506,8.786942e-04,506,506,0.010943,0.015672,9.4301e-01
dev-long-03,556,220,3.636785e-03,220,220,0.041816,0.061194,7.3361e-01
dev-long-03,557,17,4.917533e-07,17,17,0.000056,0.000052,6.6172e-01
dev-long-03,558,17,3.072712e-07,17,17,0.000006,0.000008,5.5091e-01
dev-long-03,559,16,5.206118e-06,16,16,0.000636,0.000717,3.8118e-01
dev-long-03,560,33,1.755267e-03,33,33,0.053854,0.068671,3.8903e-01
dev-long-03,561,11,6.325445e-05,11,11,0.012658,0.011452,4.2357e-01
dev-long-03,562,27466,1.429438e-05,27466,27466,0.002698,0.002974,6.0452e-01
dev-long-03,563,198,2.103362e-05,198,198,0.006212,0.006735,3.8494e-01
dev-long-03,564,33402,4.847772e-06,33402,33402,0.001280,0.001175,3.3513e-01
dev-long-03,565,13894,6.262106e-05,13894,13894,0.028817,0.028873,6.7439e-01
dev-long-03,566,2844,1.301385e-02,2532,2532,3.448113,3.432859,1.2755e+00
dev-long-03,567,369,1.813638e-04,369,369,0.008065,0.008918,9.5840e-01
dev-long-03,568,2708,8.731437e-03,279,279,1.732946,1.870969,1.0087e+00
dev-long-03,569,321,8.187011e-04,321,321,0.019613,0.020363,8.6892e-01
dev-long-03,570,61446,4.672803e-03,61446,61446,0.163091,0.141886,8.4056e-01
dev-long-03,571,1920,1.803853e-03,1920,1920,0.123616,0.113192,1.2297e+00
dev-long-03,572,271,7.040574e-06,271,271,0.000356,0.000382,9.2246e-01
dev-long-03,573,2005,2.022614e-03,2005,2005,0.429879,0.427823,9.3065e-01
dev-long-03,574,24936,3.021703e-03,9651,9651,2.862342,2.949892,8.2680e-01
dev-long-03,575,13,1.044571e-01,1920,1920,1.362315,1.067059,8.3404e-01
dev-long-03,576,1921,1.034880e-03,1921,1921,0.038748,0.042447,8.5661e-01
dev-long-03,577,668,1.899821e-02,668,1204,0.953829,1.166469,8.0039e-01
dev-long-03,578,551,4.547794e-03,551,551,0.113151,0.093636,1.2448e+00
dev-long-03,579,1436,1.976025e-02,2445,2445,2.657982,2.422734,1.3165e+00
dev-long-03,580,424,4.201123e-04,424,424,0.066429,0.059280,8.4207e-01
dev-long-03,581,12035,2.500375e-04,12035,12035,0.006090,0.007268,8.1664e-01
dev-long-03,582,271,4.348687e-06,271,271,0.000379,0.000433,9.4693e-01
dev-long-03,583,84797,2.114189e-03,2005,2005,3.021555,3.130313,6.2006e-01
dev-long-03,584,11,1.237190e-04,11,11,0.001619,0.002255,9.4480e-01
dev-long-03,585,551,8.613391e-03,424,424,0.975769,1.087101,7.3419e-01
dev-long-03,586,369,1.703339e-02,1902,1902,1.857411,1.700631,9.7580e-01
dev-long-03,587,2617,1.945475e-02,883,883,3.786182,3.630632,8.7045e-01
dev-long-03,588,310,2.240251e-05,310,310,0.000554,0.000547,1.5599e+00
dev-long-03,589,2426,9.294490e-02,381,1301,5.345237,5.304923,1.4179e+00
dev-long-03,590,449,4.191902e-03,449,449,0.107253,0.109106,7.8613e-01
dev-long-03,591,7662,1.379579e-04,7662,7662,0.008745,0.009945,6.6493e-01
dev-long-03,592,383,6.579236e-05,383,383,0.011614,0.012101,8.0447e-01
dev-long-03,593,279,4.080769e-03,279,279,0.040940,0.062097,8.9172e-01
dev-long-03,594,15228,7.811044e-04,15228,15228,0.035121,0.039609,7.8952e-01
dev-long-03,595,11,9.498989e-03,11,11,0.709693,0.616649,1.2300e+00
dev-long-03,596,2394,2.741314e-03,364,364,1.971285,1.941108,8.7295e-01
dev-long-03,597,11,6.955134e-03,551,551,0.929959,1.054642,1.2513e+00
dev-long-03,598,310,6.916205e-03,413,413,5.231643,5.196857,8.7786e-01
dev-long-03,599,264,1.590148e-02,660,660,1.333538,1.473312,1.1843e+00
dev-long-03,600,7604,3.046068e-02,855,855,1.181116,1.580749,9.0963e-01
dev-long-03,601,855,2.846815e-03,855,855,0.037352,0.049659,8.6111e-01
dev-long-03,602,11,2.609715e-04,11,11,0.008946,0.010417,9.9277e-01
dev-long-03,603,198,4.176181e-04,198,198,0.028283,0.030325,7.2275e-01
dev-long-03,604,1719,6.076522e-04,1719,1719,0.149443,0.156387,1.0278e+00
dev-long-03,605,4557,7.340182e-02,4557,4557,0.755508,0.844520,1.6306e+00
dev-long-03,606,557,1.976667e-04,314,314,1.517296,1.527965,1.0045e+00
dev-long-03,607,264,6.277323e-04,264,264,0.036415,0.039975,8.8071e-01
dev-long-03,608,8545,7.951113e-03,8545,8545,0.473723,0.427940,8.7540e-01
dev-long-03,609,799,3.087081e-04,799,799,0.010702,0.009136,7.3659e-01
dev-long-03,610,13,1.055459e-02,13,13,0.375118,0.436749,1.0765e+00
dev-long-03,611,1216,1.172882e-02,1049,1049,1.279438,1.306837,9.7112e-01
dev-long-03,612,557,1.058634e-02,668,668,2.937562,2.838957,1.0467e+00
dev-long-03,613,9077,4.147861e-02,63840,63840,2.903427,2.898323,1.2869e+00
dev-long-03,614,748,1.778366e-02,264,264,5.032028,5.355298,8.6173e-01
dev-long-03,615,25281,1.670751e-02,592,592,6.024181,6.396751,6.9145e-01
dev-long-03,616,539,1.451415e-04,539,539,0.007589,0.006607,1.1250e+00
dev-long-03,617,780,1.964608e-04,780,780,0.060223,0.059612,9.4855e-01
dev-long-03,618,5605,3.776912e-02,14590,5605,1.938532,1.547509,1.1359e+00
dev-long-03,619,329,1.423671e-02,2887,2887,3.814564,4.046085,7.7326e-01
dev-long-03,620,663,5.489210e-07,663,663,0.019564,0.019645,4.3499e-01
dev-long-03,621,303,1.860185e-02,303,303,0.527955,0.391308,7.8094e-01
dev-long-03,622,198,3.076416e-06,198,198,0.000238,0.000204,1.2178e+00
dev-long-03,623,35444,3.945653e-03,1719,1719,2.540508,2.383736,1.3014e+00
dev-long-03,624,279,2.105928e-06,279,279,0.000188,0.000199,7.9598e-01
dev-long-03,625,3136,3.590442e-03,3136,3136,0.155299,0.192570,5.9771e-01
dev-long-03,626,321,8.456501e-04,11,11,1.092922,1.045820,1.1252e+00
dev-long-03,627,539,1.388767e-02,539,539,0.411733,0.522444,1.0538e+00
dev-long-03,628,279,8.815368e-03,279,279,0.071567,0.112452,1.0146e+00
dev-long-03,629,5313,6.947572e-03,10771,10771,3.183046,3.115424,6.8180e-01
dev-long-03,630,314,5.312473e-07,314,314,0.000043,0.000042,5.1991e-01
dev-long-03,631,38470,1.497613e-03,38470,38470,0.642314,0.686204,7.4497e-01
dev-long-03,632,421,1.452074e-03,421,421,0.099942,0.084346,8.3932e-01
dev-long-03,633,551,4.002619e-04,551,551,0.005281,0.006282,9.0927e-01
dev-long-03,634,3272,5.591336e-03,3272,3272,0.170059,0.158948,8.9728e-01
dev-long-03,635,314,2.915469e-03,314,314,0.250404,0.290928,8.9549e-01
dev-long-03,636,198,7.811131e-07,198,198,0.000023,0.000018,6.1839e-01
dev-long-03,637,39850,2.259718e-04,39850,39850,0.012518,0.010898,7.1118e-01
dev-long-03,638,694,3.417131e-03,694,694,0.051840,0.041246,1.4347e+00
dev-long-03,639,10650,5.692461e-02,780,10650,1.027897,0.721082,1.0776e+00
dev-long-03,640,11,1.639129e-03,11,11,0.128167,0.129072,1.0807e+00
dev-long-03,641,694,1.820396e-04,321,321,8.115978,8.048495,1.0903e+00
dev-long-03,642,2394,1.338592e-02,279,279,3.920370,3.631689,1.1531e+00
dev-long-03,643,1179,5.213463e-02,1179,1179,0.256170,0.463635,1.4379e+00
dev-long-03,644,551,1.743718e-04,551,551,0.016874,0.017503,7.1264e-01
dev-long-03,645,1902,1.301446e-03,1902,1902,0.038705,0.043844,9.2660e-01
dev-long-03,646,599,1.548310e-02,599,599,0.216246,0.185896,8.4065e-01
dev-long-03,647,95426,2.518887e-02,95426,95426,1.118890,1.284074,9.3697e-01
dev-long-03,648,21542,6.094936e-04,1996,1996,2.688021,2.573202,4.6824e-01
dev-long-03,649,6359,1.633957e-07,6359,6359,0.000002,0.000001,8.8337e-01
dev-long-03,650,279,9.816057e-06,279,279,0.002766,0.002754,9.3630e-01
dev-long-03,651,198,1.360436e-05,198,198,0.000088,0.000050,1.0040e+00
dev-long-03,652,6455,4.082219e-03,798,798,3.071737,2.992230,9.3472e-01
dev-long-03,653,16709,1.396063e-03,16709,16709,0.711067,0.664040,5.7727e-01
dev-long-03,654,864,9.006194e-04,864,864,0.035097,0.042119,9.0897e-01
dev-long-03,655,8613,5.831392e-02,11354,11354,3.745013,3.745262,8.5632e-01
dev-long-03,656,1384,1.603816e-05,1384,1384,0.000865,0.001024,7.8177e-01
dev-long-03,657,310,2.689227e-05,310,310,0.000846,0.000870,7.5146e-01
dev-long-03,658,5758,3.896213e-03,5758,5758,0.722017,0.725934,8.5112e-01
dev-long-03,659,780,2.822634e-03,780,780,0.194205,0.175989,7.4228e-01
dev-long-03,660,11619,2.437528e-03,21209,21209,5.380280,5.508929,9.2641e-01
dev-long-03,661,13,7.705725e-04,13,13,0.192960,0.202758,9.9302e-01
dev-long-03,662,4844,1.732784e-02,7183,7183,1.905883,1.831389,6.8814e-01
dev-long-03,663,11,5.703257e-04,11,11,0.121479,0.124286,8.9056e-01
dev-long-03,664,1495,2.392226e-03,1495,1495,0.405813,0.362465,9.4918e-01
dev-long-03,665,11,3.624362e-06,11,11,0.000262,0.000290,8.9791e-01
dev-long-03,666,279,8.095723e-03,279,279,0.369791,0.323868,1.1623e+00
dev-long-03,667,198,3.491971e-02,13893,13893,5.484320,5.420019,1.0768e+00
dev-long-03,668,390,1.104103e-02,41868,41868,7.947717,7.704428,9.9274e-01
dev-long-03,669,16250,3.004682e-03,16250,16250,0.517112,0.499031,5.8191e-01
dev-long-03,670,314,3.225314e-06,314,314,0.000086,0.000071,8.0146e-01
dev-long-03,671,780,3.469176e-06,780,780,0.000601,0.000568,9.2594e-01
dev-long-03,672,803,9.456301e-03,803,803,0.431636,0.540484,8.2190e-01
dev-long-03,673,668,1.012320e-02,668,668,0.261601,0.267835,1.0046e+00
dev-long-03,674,5073,6.421418e-03,524,524,2.574401,2.599014,8.5430e-01
dev-long-03,675,1384,2.952365e-04,1384,1384,0.002658,0.001960,1.2675e+00
dev-long-03,676,310,1.404450e-03,310,310,0.013151,0.015593,1.2959e+00
dev-long-03,677,1436,2.468821e-02,2445,2445,3.880246,3.742024,1.2611e+00
dev-long-03,678,424,7.073462e-04,424,424,0.003718,0.005967,8.8862e-01
dev-long-03,679,11,7.282561e-03,506,506,1.586462,1.709209,9.8566e-01
dev-long-03,680,364,2.932405e-03,364,364,0.313112,0.347053,8.5673e-01
dev-long-03,681,4858,2.393505e-02,11,11,5.174511,5.283831,1.1455e+00
dev-long-03,682,852,1.506522e-01,668,668,1.181921,1.856241,1.2539e+00
dev-long-03,683,198,7.519800e-05,198,198,0.001140,0.001560,8.4144e-01
dev-long-03,684,30979,2.257437e-03,30979,30979,0.079222,0.083548,2.1684e+00
dev-long-03,685,82,7.397411e-06,82,82,0.000255,0.000200,6.0905e-01
dev-long-03,686,1384,1.129622e-02,1384,1384,0.067953,0.039495,9.9425e-01
dev-long-03,687,668,2.232912e-04,668,668,0.015637,0.017095,1.2685e+00
dev-long-03,688,2050,1.481437e-02,10179,10179,3.306305,3.124727,1.0125e+00
dev-long-03,689,780,1.292209e-02,1384,1384,0.983271,1.193054,1.0667e+00
dev-long-03,690,6326,1.201300e-04,6326,6326,0.020174,0.020960,8.6291e-01
dev-long-03,691,310,2.134350e-06,310,310,0.000086,0.000098,1.0250e+00
dev-long-03,692,424,6.691339e-05,424,424,0.090878,0.089717,1.0706e+00
dev-long-03,693,13,2.480182e-04,1920,1920,0.876293,0.859116,1.2987e+00
dev-long-03,694,5514,1.047594e-02,5514,5514,0.310032,0.253815,9.3221e-01
dev-long-03,695,488,4.064948e-02,369,513,2.325293,2.387912,1.1308e+00
dev-long-03,696,513,4.487201e-04,513,513,0.005294,0.003729,1.0455e+00
dev-long-03,697,11,1.648636e-02,11,11,0.309682,0.302285,2.4264e+00
dev-long-03,698,38470,9.212535e-05,38470,38470,0.031906,0.031638,9.3421e-01
dev-long-03,699,11,2.851056e-03,11,11,0.126773,0.101303,9.0298e-01
dev-long-03,700,1542,8.582921e-03,1542,1542,0.356904,0.390968,1.0323e+00
dev-long-03,701,198,4.885937e-06,198,198,0.004262,0.004121,7.4383e-01
dev-long-03,702,2829,3.741204e-05,2829,2829,0.002078,0.002282,6.8501e-01
dev-long-03,703,310,3.644148e-03,310,310,0.016928,0.008407,1.0168e+00
dev-long-03,704,279,5.951731e-04,279,279,0.006342,0.007292,9.6009e-01
dev-long-03,705,12507,1.076787e-02,17933,17933,1.970984,2.241585,7.0025e-01
dev-long-03,706,8815,9.685385e-04,8815,8815,0.009042,0.013570,7.8415e-01
dev-long-03,707,321,7.951528e-03,321,321,0.177687,0.139237,1.0485e+00
dev-long-03,708,599,3.226618e-03,599,599,0.323369,0.362615,1.0622e+00
dev-long-03,709,411,6.056725e-03,411,411,0.067152,0.042390,7.6881e-01
dev-long-03,710,2113,5.199613e-02,2113,2113,0.315325,0.167500,9.5016e-01
dev-long-03,711,303,2.634796e-03,303,303,0.013207,0.006519,6.7876e-01
dev-long-03,712,279,1.103975e-03,279,279,0.035094,0.029459,6.4518e-01
dev-long-03,713,11129,5.701196e-04,11129,11129,0.054254,0.049056,6.9274e-01
dev-long-03,714,198,1.893312e-03,198,198,0.036757,0.026292,7.1200e-01
dev-long-03,715,45717,2.693219e-03,45717,45717,0.081707,0.096188,6.4102e-01
dev-long-03,716,1920,2.817837e-03,1920,1920,0.118805,0.146165,7.6951e-01
dev-long-03,717,271,2.237072e-03,271,271,0.060732,0.075794,9.1060e-01
dev-long-03,718,43627,7.268732e-03,623,623,1.490544,1.566072,8.3546e-01
dev-long-03,719,864,9.551088e-02,4139,4139,3.894110,3.238658,9.2101e-01
dev-long-03,720,11,1.991736e-02,11,11,0.349963,0.458625,7.8260e-01
dev-long-03,721,26180,1.334430e-03,26180,26180,0.455094,0.434756,9.1113e-01
dev-long-03,722,12035,5.635239e-04,12035,12035,0.024670,0.029470,8.3542e-01
dev-long-03,723,271,1.991174e-04,271,271,0.003124,0.004278,7.7660e-01
dev-long-03,724,83891,2.006583e-03,2005,2005,4.372039,4.312991,7.8295e-01
dev-long-03,725,11,9.802021e-06,11,11,0.000623,0.000622,8.7554e-01
dev-long-03,726,303,7.490979e-04,303,303,0.025871,0.023739,9.5487e-01
dev-long-03,727,279,8.947758e-03,279,279,0.469652,0.578996,8.3070e-01
dev-long-03,728,696,1.060538e-04,696,696,0.007268,0.007625,8.2318e-01
dev-long-03,729,38,2.035967e-03,38,38,0.357926,0.391868,4.3109e-01
dev-long-03,730,60872,1.949885e-03,60872,60872,0.367565,0.334431,3.4393e-01
dev-long-03,731,6663,6.793530e-04,6663,6663,0.100469,0.112731,5.7861e-01
dev-long-03,732,696,6.886647e-04,279,279,1.400687,1.339171,6.1658e-01
dev-long-03,733,12335,1.031585e-02,608,608,2.541377,2.476563,6.0867e-01
dev-long-03,734,6663,2.062869e-06,6663,6663,0.007177,0.007289,4.8527e-01
dev-long-03,735,696,6.220638e-03,696,696,0.421563,0.492683,6.1915e-01
dev-long-03,736,47,1.090235e-02,47,47,1.893906,1.757781,5.6177e-01
dev-long-03,737,528,6.311110e-04,528,528,0.027236,0.023029,3.6652e-01
dev-long-03,738,30366,1.246669e-05,30366,30366,0.001933,0.001900,4.4956e-01
dev-long-03,739,6663,2.155222e-04,6663,6663,0.179312,0.174104,6.4784e-01
dev-long-03,740,696,4.672096e-03,696,696,0.701203,0.772047,8.0121e-01
dev-long-03,741,608,1.467248e-02,608,608,0.611007,0.750880,5.9428e-01
dev-long-03,742,13,9.942910e-06,13,13,0.014068,0.014070,3.9887e-01
dev-long-03,743,7555,3.044339e-06,7555,7555,0.001114,0.001153,3.3568e-01
dev-long-03,744,725,9.401486e-04,725,725,0.293490,0.308837,6.7410e-01
dev-long-03,745,72043,2.368333e-03,72043,6663,0.737531,0.768159,6.2994e-01
dev-long-03,746,6663,5.455907e-04,6663,6663,0.035884,0.042488,5.4292e-01
dev-long-03,747,198,3.052648e-04,321,321,2.046051,2.036646,6.0720e-01
dev-long-03,748,2021,4.446622e-03,1102,1102,1.869716,1.877390,4.9438e-01
dev-long-03,749,1002,1.555275e-03,1002,1002,0.161146,0.179886,3.8512e-01
dev-long-03,750,286,1.795544e-06,286,286,0.000399,0.000396,4.2631e-01
dev-long-03,751,5230,1.801343e-05,5230,5230,0.002786,0.002828,4.8662e-01
dev-long-03,752,6663,3.516179e-04,6663,6663,0.032029,0.036536,4.8214e-01
dev-long-03,753,696,1.822115e-03,321,696,0.768965,0.711536,7.9942e-01
dev-long-03,754,19178,4.195755e-03,19178,19178,0.296238,0.286636,5.0285e-01
dev-long-03,755,6663,3.400445e-04,6663,6663,0.423085,0.404970,6.3958e-01
dev-long-03,756,696,1.791692e-03,321,321,0.868458,0.816249,6.1085e-01
dev-long-03,757,72442,9.348398e-03,72442,72442,0.852336,0.997721,6.1673e-01
dev-long-03,758,6663,1.615035e-03,6663,6663,0.077115,0.062220,3.9508e-01
dev-long-03,759,321,2.124590e-03,696,696,1.238711,1.147043,7.5589e-01
dev-long-03,760,866,2.806824e-03,696,696,2.272540,2.449870,7.6202e-01
dev-long-03,761,3672,4.399237e-02,3672,3672,0.512194,0.329652,1.4286e+00
dev-long-03,762,421,1.341503e-02,421,421,0.193242,0.261680,1.0291e+00
dev-long-03,763,11822,3.769608e-03,668,668,1.024181,1.118386,1.1708e+00
dev-long-03,764,310,7.055986e-05,310,310,0.001213,0.000880,8.3761e-01
dev-long-03,765,488,3.308437e-05,488,488,0.004871,0.005337,8.0382e-01
dev-long-03,766,1920,6.930622e-05,1920,1920,0.243737,0.245183,1.1560e+00
dev-long-03,767,271,8.671730e-06,271,271,0.001597,0.001734,8.4188e-01
dev-long-03,768,2005,1.257895e-02,2005,2005,0.780364,0.870211,8.4842e-01
dev-long-03,769,24936,7.013206e-03,24936,24936,0.637099,0.683662,1.6728e+00
dev-long-03,770,1575,3.566485e-04,1575,1575,0.016146,0.013265,8.8569e-01
dev-long-03,771,11,3.500477e-02,11,13,0.597789,0.867225,9.6053e-01
dev-long-03,772,26180,3.600124e-03,26180,26180,0.036543,0.054971,7.9721e-01
dev-long-03,773,13,7.438762e-04,13,13,0.117185,0.129247,9.0223e-01
dev-long-03,774,1541,2.305138e-03,1541,1541,0.331620,0.347613,8.3360e-01
dev-long-03,775,411,7.804837e-03,488,488,2.503481,2.383561,6.9407e-01
dev-long-03,776,9506,4.406652e-02,9506,9506,0.547879,0.812534,1.1389e+00
dev-long-03,777,12035,1.929872e-03,12035,12035,0.483722,0.455558,9.8020e-01
dev-long-03,778,271,1.213371e-03,271,271,0.019434,0.015995,8.4221e-01
dev-long-03,779,2005,2.637766e-03,2005,2005,0.510909,0.495092,8.3513e-01
dev-long-03,780,23982,2.820352e-02,23982,23982,1.529726,1.457613,9.2160e-01
dev-long-03,781,11,2.129078e-03,11,11,0.063733,0.081833,8.4584e-01
dev-long-03,782,9542,1.153562e-02,9542,9542,0.534267,0.562628,1.0243e+00
dev-long-03,783,11,1.938588e-03,11,11,0.133938,0.157777,1.3449e+00
dev-long-03,784,353,1.371470e-02,353,353,0.956959,1.093533,9.6762e-01
dev-long-03,785,4723,1.226349e-02,1683,1683,2.457640,2.305156,7.5680e-01
dev-long-03,786,2426,3.895559e-02,2426,2426,0.706700,0.531358,1.1892e+00
dev-long-03,787,279,9.018036e-03,678,678,4.194219,3.955594,1.0253e+00
dev-long-03,788,9506,8.492471e-04,9506,9506,0.035304,0.029959,8.6059e-01
dev-long-03,789,13,6.938453e-02,13,13,1.029304,0.651893,9.6844e-01
dev-long-03,790,9442,2.165386e-02,1049,1049,3.308869,3.349319,1.0602e+00
dev-long-03,791,488,2.944688e-05,488,488,0.000270,0.000209,9.8432e-01
dev-long-03,792,13,4.811213e-03,13,13,0.556952,0.560520,9.7868e-01
dev-long-03,793,1541,1.509097e-02,1541,1541,0.460017,0.560080,8.6578e-01
dev-long-03,794,11,5.938300e-02,1345,1345,1.551379,1.922933,8.4322e-01
dev-long-03,795,353,3.165249e-03,38470,38470,5.091428,5.189572,6.1788e-01
dev-long-03,796,1910,2.688059e-04,1910,1910,0.046064,0.041991,5.8756e-01
dev-long-03,797,11,3.826941e-06,11,11,0.000816,0.000851,6.9219e-01
dev-long-03,798,38470,1.028616e-03,38470,38470,0.081407,0.086073,9.1627e-01
dev-long-03,799,11,4.175941e-03,11,11,0.082962,0.108682,7.6933e-01
dev-long-03,800,1066,1.749228e-02,488,488,7.031533,6.622432,1.0429e+00
dev-long-03,801,198,1.019978e-04,198,198,0.049307,0.048875,7.6491e-01
dev-long-03,802,19180,4.037734e-03,19180,19180,0.389519,0.433185,6.8353e-01
dev-long-03,803,264,1.720316e-03,264,264,0.191331,0.172953,7.3127e-01
dev-long-03,804,60042,1.135324e-02,5392,5392,5.338229,5.712126,8.1096e-01
dev-long-03,805,383,1.112011e-02,440,440,2.011366,1.982564,1.1398e+00
dev-long-03,806,678,3.863787e-04,678,678,0.029472,0.025029,7.1005e-01
dev-long-03,807,1560,3.346181e-05,1560,1560,0.000624,0.000467,8.4133e-01
dev-long-03,808,1142,4.732068e-04,1142,1142,0.055500,0.049785,7.8215e-01
dev-long-03,809,321,1.173711e-03,321,321,0.094014,0.094972,1.4702e+00
dev-long-03,810,5106,7.643950e-03,5106,5106,0.294255,0.322377,8.4465e-01
dev-long-03,811,424,8.359994e-03,424,424,0.067522,0.086172,9.8406e-01
dev-long-03,812,1532,4.266649e-03,440,440,1.126437,1.017621,1.0111e+00
dev-long-03,813,440,1.378665e-03,440,440,0.041276,0.046239,1.3891e+00
dev-long-03,814,728,4.806066e-02,728,30446,1.087959,1.198886,1.0433e+00
dev-long-03,815,11,9.616618e-03,13,13,1.613479,1.729351,1.2686e+00
dev-long-03,816,364,1.067279e-02,364,364,0.379710,0.438138,9.7930e-01
dev-long-03,817,567,1.525304e-02,11,11,2.088318,1.930322,9.7706e-01
dev-long-03,818,1902,3.145351e-02,1902,1902,0.609261,0.513177,1.1494e+00
dev-long-03,819,198,2.521290e-02,198,198,0.202105,0.289088,1.2027e+00
dev-long-03,820,18443,1.059777e-01,18443,1856,1.412233,1.596325,1.3505e+00
dev-long-03,821,799,2.045449e-04,264,264,2.184249,2.233683,9.8163e-01
dev-long-03,822,310,1.550492e-03,310,310,0.112752,0.122535,7.3167e-01
dev-long-03,823,2873,3.662247e-03,2873,2873,0.159410,0.146659,7.2836e-01
dev-long-03,824,310,2.126749e-02,1004,1004,1.233833,1.302363,9.5638e-01
dev-long-03,825,411,2.462339e-02,1004,1004,3.405880,2.945116,8.4092e-01
dev-long-03,826,43623,3.967615e-02,43623,43623,0.319969,0.501171,1.1042e+00
dev-long-03,827,303,1.865862e-02,948,948,1.973190,2.180473,1.0390e+00
dev-long-03,828,1925,5.069947e-02,1925,1925,0.476852,0.738134,8.2857e-01
dev-long-03,829,314,1.088266e-05,314,314,0.001268,0.001420,1.0843e+00
dev-long-03,830,279,7.688118e-04,279,279,0.388446,0.362721,8.4303e-01
dev-long-03,831,799,1.230907e-03,799,799,0.016947,0.011905,8.2181e-01
dev-long-03,832,864,2.462971e-02,864,864,0.833334,0.792544,1.0773e+00
dev-long-03,833,678,1.358673e-02,678,678,0.268611,0.242486,1.3775e+00
dev-long-03,834,198,3.676643e-04,198,198,0.129303,0.124108,5.3649e-01
dev-long-03,835,18411,1.413696e-02,46151,46151,2.535756,2.791043,5.5199e-01
dev-long-03,836,369,2.673466e-03,369,369,0.381580,0.411317,6.8108e-01
dev-long-03,837,1381,1.514819e-02,310,310,2.040434,1.976568,7.4721e-01
dev-long-03,838,84182,1.441795e-02,20756,20756,2.697741,2.749890,6.8718e-01
dev-long-03,839,286,8.924360e-08,286,286,0.000009,0.000009,9.6113e-01
dev-long-03,840,1920,1.274678e-03,1920,1920,0.135999,0.156059,8.6991e-01
dev-long-03,841,271,6.091963e-05,271,271,0.006635,0.007133,6.7606e-01
dev-long-03,842,4350,1.235150e-02,2005,2005,1.570032,1.385427,7.8875e-01
dev-long-03,843,279,6.645653e-04,279,279,0.016167,0.020783,5.6491e-01
dev-long-03,844,11779,5.223094e-04,11779,11779,0.009962,0.010776,9.2265e-01
dev-long-03,845,11657,3.097280e-05,11657,11657,0.002373,0.002632,4.2876e-01
dev-long-03,846,995,3.801500e-05,995,995,0.002537,0.002135,6.1625e-01
dev-long-03,847,7795,8.382722e-03,7795,7795,0.239071,0.182041,7.2246e-01
dev-long-03,848,11,1.281024e-05,11,11,0.001701,0.001723,6.0711e-01
dev-long-03,849,38001,8.442411e-03,821,38001,0.878414,0.737170,6.8516e-01
dev-long-03,850,3738,7.433883e-03,21504,21504,4.981501,4.661047,6.9312e-01
dev-long-03,851,685,1.720101e-03,685,685,0.096302,0.091769,9.5167e-01
dev-long-03,852,279,3.621831e-03,279,279,0.215560,0.257227,1.0859e+00
dev-long-03,853,9506,1.289324e-02,9506,9506,0.555289,0.694616,1.0081e+00
dev-long-03,854,321,7.248884e-04,321,321,0.027366,0.033416,8.0045e-01
dev-long-03,855,5467,4.327256e-03,5467,5467,0.426581,0.404688,8.6267e-01
dev-long-03,856,424,1.444380e-05,424,424,0.018293,0.018589,7.5958e-01
dev-long-03,857,198,8.602690e-07,198,198,0.000058,0.000059,5.8107e-01
dev-long-03,858,66425,2.553660e-02,446,446,3.387995,3.765769,7.0550e-01
dev-long-03,859,279,5.816638e-04,279,279,0.007162,0.010068,8.4435e-01
dev-long-03,860,3000,1.392272e-04,3000,3000,0.010123,0.009974,7.1689e-01
dev-long-03,861,13,9.661425e-04,13,13,0.078819,0.085215,1.0039e+00
dev-long-03,862,1001,7.569893e-04,1001,1001,0.015962,0.011737,9.2496e-01
dev-long-03,863,2064,4.110434e-02,2064,2064,0.603313,0.420346,8.3746e-01
dev-long-03,864,725,1.203875e-02,369,369,1.246231,1.019722,9.3084e-01
dev-long-03,865,264,3.257022e-02,804,264,1.146219,0.890195,8.0357e-01
dev-long-03,866,7567,1.518289e-02,6037,6037,3.355612,3.080974,7.1627e-01
dev-long-03,867,3706,2.005847e-03,3706,3706,0.555842,0.524672,5.5809e-01
dev-long-03,868,3065,1.440573e-03,3065,3065,0.042847,0.052216,8.0372e-01
dev-long-03,869,2340,2.537942e-03,2340,2340,0.084484,0.102256,1.0509e+00
dev-long-03,870,1018,6.040599e-04,1018,1018,0.011151,0.010558,9.4372e-01
dev-long-03,871,551,3.857643e-07,551,551,0.000025,0.000026,7.0305e-01
dev-long-03,872,13,9.403462e-04,13,13,0.096932,0.084242,8.6412e-01
dev-long-03,873,1001,5.876410e-05,1001,1001,0.017129,0.018408,7.8428e-01
dev-long-03,874,9658,3.955228e-02,24936,24936,4.903837,4.452131,1.0876e+00
dev-long-03,875,1436,2.776076e-02,1353,1436,1.148916,0.930642,1.0841e+00
dev-long-03,876,1204,9.855812e-05,1204,1204,0.007926,0.008377,7.2169e-01
dev-long-03,877,424,1.852100e-03,424,424,0.013782,0.008360,8.6067e-01
dev-long-03,878,198,4.441122e-05,198,198,0.004115,0.003685,5.7569e-01
dev-long-03,879,5882,9.650460e-03,51976,51976,2.674397,2.532619,5.0569e-01
dev-long-03,880,20397,3.112739e-03,27155,27155,2.834667,3.005068,3.7052e-01
dev-long-03,881,321,1.228750e-02,321,321,0.115124,0.171451,7.5106e-01
dev-long-03,882,14744,9.890759e-04,14744,14744,0.259706,0.266298,8.9233e-01
dev-long-03,883,624,4.518044e-08,624,624,0.000020,0.000019,7.0882e-01
dev-long-03,884,13,1.364758e-03,13,13,0.196700,0.220151,7.6167e-01
dev-long-03,885,4781,4.168118e-03,4781,4781,0.121493,0.101498,1.0440e+00
dev-long-03,886,3199,1.986162e-03,660,660,4.747971,5.438121,6.9435e-01
dev-long-03,887,424,2.428229e-02,424,424,0.917469,0.697056,1.2142e+00
dev-long-03,888,369,1.194271e-03,369,369,0.037238,0.032685,9.5386e-01
dev-long-03,889,264,2.635886e-02,264,264,0.491119,0.381579,1.1095e+00
dev-long-03,890,59433,2.166661e-02,25556,25556,4.166060,4.419453,8.6757e-01
dev-long-03,891,321,1.547528e-03,321,321,0.032478,0.036057,1.1462e+00
dev-long-03,892,5077,2.974788e-03,5077,5077,0.113460,0.134275,1.1024e+00
dev-long-03,893,314,2.253334e-04,314,314,0.050352,0.054554,1.1590e+00
dev-long-03,894,9486,2.688043e-02,9486,9486,0.936533,0.785083,1.1550e+00
dev-long-03,895,13,9.348296e-04,13,13,0.025582,0.020862,1.5207e+00
dev-long-03,896,198,4.316300e-02,198,198,0.707060,0.459085,1.2630e+00
dev-long-03,897,11179,2.917350e-02,2523,2523,1.884941,1.654942,1.2212e+00
dev-long-03,898,1603,2.490070e-02,8220,8220,3.471478,3.737104,7.4019e-01
dev-long-03,899,9506,1.442888e-03,3065,3065,4.983891,4.882625,9.1504e-01
dev-long-03,900,369,1.362920e-04,369,369,0.002216,0.001763,8.9720e-01
dev-long-03,901,13,6.672264e-03,13,13,0.047951,0.030696,8.3862e-01
dev-long-03,902,2302,2.562081e-02,6983,6983,1.541653,1.378001,9.8631e-01
dev-long-03,903,513,2.759328e-03,513,513,0.146259,0.137095,8.3528e-01
dev-long-03,904,279,4.281132e-02,279,279,0.758956,0.536844,1.0658e+00
dev-long-03,905,36390,2.764421e-02,22417,22417,2.362423,2.300957,1.0122e+00
dev-long-03,906,725,1.852246e-02,725,725,0.062989,0.124976,9.6439e-01
dev-long-03,907,6541,5.351700e-02,1765,1765,2.753561,2.786406,9.4549e-01
dev-long-03,908,12422,4.759787e-04,12422,12422,0.012214,0.014570,7.1925e-01
dev-long-03,909,1159,6.140582e-04,1159,1159,0.006973,0.010232,5.6011e-01
dev-long-03,910,13,5.969326e-04,13,13,0.011429,0.010320,1.3910e+00
dev-long-03,911,733,1.186916e-02,2532,2532,1.227417,1.151307,1.1916e+00
dev-long-03,912,279,9.344472e-03,279,279,0.756164,0.687994,1.0538e+00
dev-long-03,913,7875,5.177953e-02,1118,1118,2.323270,2.187145,1.0759e+00
dev-long-03,914,321,1.291923e-01,1560,18259,3.432123,3.404852,1.0184e+00
dev-long-03,915,198,1.249157e-06,198,198,0.000153,0.000154,9.1092e-01
dev-long-03,916,1950,3.099795e-03,6183,6183,5.350384,4.966580,7.5583e-01
dev-long-03,917,82097,1.300570e-03,16170,16170,2.652414,2.757406,6.8455e-01
dev-long-03,918,1396,2.373507e-03,279,279,4.687080,4.708059,7.4276e-01
dev-long-03,919,43029,1.523938e-02,43029,43029,0.804028,0.853014,9.7655e-01
dev-long-03,920,1189,5.164951e-03,1189,1189,0.211001,0.167465,9.6446e-01
dev-long-03,921,2418,1.114376e-02,2418,2418,0.974461,1.000039,9.4046e-01
dev-long-03,922,364,1.276902e-04,364,364,0.002936,0.002622,7.5709e-01
dev-long-03,923,264,1.271601e-03,264,264,0.015587,0.020710,1.0135e+00
dev-long-03,924,34013,2.892086e-02,19781,3790,6.032355,5.968502,1.2447e+00
dev-long-03,925,53451,2.432023e-03,53451,53451,0.074676,0.068814,6.6683e-01
dev-long-03,926,13,2.824020e-03,13,13,0.080646,0.061731,1.0929e+00
dev-long-03,927,1061,1.728708e-02,1061,1061,0.087008,0.148270,9.4690e-01
dev-long-03,928,9506,9.564213e-03,2545,2545,2.621973,2.874815,9.1540e-01
dev-long-03,929,369,3.284230e-02,369,369,0.397411,0.250618,1.1499e+00
dev-long-03,930,524,7.310377e-03,198,198,1.941202,2.009806,8.5172e-01
dev-long-03,931,198,1.774128e-05,198,198,0.005267,0.005682,6.2809e-01
dev-long-03,932,44846,4.957795e-03,44846,44846,1.124424,1.185873,6.4684e-01
dev-long-03,933,16570,6.970308e-03,264,264,1.029365,1.095238,7.5456e-01
dev-long-03,934,1578,3.620039e-04,1578,1578,0.014085,0.012161,7.1009e-01
dev-long-03,935,2235,2.204397e-06,2235,2235,0.000061,0.000069,6.4251e-01
dev-long-03,936,13,6.955591e-04,13,13,0.157335,0.171304,9.7001e-01
dev-long-03,937,1049,7.426347e-02,1049,1049,0.222182,0.098619,1.3863e+00
dev-long-03,938,557,1.222167e-03,557,557,0.079469,0.077169,1.0329e+00
dev-long-03,939,1669,2.334000e-04,1669,1669,0.007370,0.008766,7.9071e-01
dev-long-03,940,303,2.763810e-03,303,303,0.029256,0.018815,1.3972e+00
dev-long-03,941,279,3.365722e-03,279,279,0.152484,0.129863,1.1692e+00
dev-long-03,942,13558,8.248123e-03,13558,13558,0.194417,0.188831,8.3794e-01
dev-long-03,943,314,5.882156e-08,314,314,0.000007,0.000007,8.0144e-01
dev-long-03,944,279,1.526557e-06,279,279,0.000139,0.000130,8.6178e-01
dev-long-03,945,3194,1.250222e-03,3194,3194,0.024347,0.031074,8.8478e-01
dev-long-03,946,2181,5.744381e-03,2181,2181,0.259429,0.293428,6.5267e-01
dev-long-03,947,10629,3.654934e-03,10629,10629,0.083517,0.065091,7.2025e-01
dev-long-03,948,303,9.327993e-03,303,303,0.049524,0.086188,7.7637e-01
dev-long-03,949,198,8.888284e-05,198,198,0.004438,0.005320,7.2093e-01
dev-long-03,950,189402,2.112797e-03,21591,21591,5.198697,5.135508,7.9200e-01
dev-long-03,951,6123,2.412144e-06,6123,6123,0.000352,0.000318,5.3149e-01
dev-long-03,952,5440,6.656905e-05,5440,5440,0.003480,0.003286,5.5225e-01
dev-long-03,953,321,3.756468e-03,11,11,4.191226,3.568006,9.4070e-01
dev-long-03,954,369,4.916634e-02,716,369,1.020735,0.721254,1.0859e+00
dev-long-03,955,22094,2.120073e-03,279,279,10.266211,9.921168,9.9527e-01
dev-long-03,956,303,6.375045e-02,303,303,0.717557,0.911424,9.1495e-01
dev-long-03,957,3322,6.893768e-03,3322,3322,0.309751,0.344586,1.0694e+00
dev-long-03,958,1396,5.410411e-02,874,874,2.025801,1.695527,1.0198e+00
dev-long-03,959,27649,2.720475e-03,3102,3102,2.112904,2.234687,9.8229e-01
dev-long-03,960,314,1.213598e-05,314,314,0.001628,0.001791,1.0789e+00
dev-long-03,961,279,3.993859e-04,279,279,0.051703,0.053378,7.7347e-01
dev-long-03,962,198,2.197034e-08,198,198,0.000002,0.000001,7.3800e-01
dev-long-03,963,240010,4.801322e-03,240010,240010,0.357483,0.306301,7.0424e-01
dev-long-03,964,1299,3.194939e-06,1299,1299,0.000172,0.000158,8.0757e-01
dev-long-03,965,273,1.366054e-03,273,273,0.003739,0.007898,1.1907e+00
dev-long-03,966,11,2.032231e-03,11,11,0.089260,0.090571,1.2387e+00
dev-long-03,967,3462,1.651806e-02,7643,7643,10.982807,10.216633,1.1747e+00
dev-long-03,968,421,1.787478e-03,421,421,0.061263,0.070234,7.7598e-01
dev-long-03,969,424,1.392361e-03,424,424,0.154389,0.161000,7.6713e-01
dev-long-03,970,369,4.022871e-06,369,369,0.000490,0.000467,7.4409e-01
dev-long-03,971,6105,2.543895e-02,6105,6105,0.310073,0.222108,1.0300e+00
dev-long-03,972,303,9.916291e-04,4370,4370,1.325296,1.399529,8.3672e-01
dev-long-03,973,26609,2.867814e-02,15754,15754,1.738489,1.933306,7.7802e-01
dev-long-03,974,4370,5.746862e-03,4370,4370,0.490656,0.410316,8.4332e-01
dev-long-03,975,314,1.684433e-07,314,314,0.000013,0.000011,7.2822e-01
dev-long-03,976,43699,4.782178e-03,1602,1602,5.772296,5.474676,7.3943e-01
dev-long-03,977,2438,6.231943e-03,2438,2438,0.019079,0.036089,9.6531e-01
dev-long-03,978,13,3.923286e-05,13,13,0.000329,0.000194,7.2586e-01
dev-long-03,979,733,2.683807e-02,733,733,0.462395,0.331888,1.0058e+00
dev-long-03,980,32565,1.930279e-02,32565,32565,0.244382,0.287743,9.9747e-01
dev-long-03,981,198,3.153731e-05,198,198,0.001914,0.001588,5.9434e-01
dev-long-03,982,1020,3.107405e-07,1020,1020,0.000024,0.000025,7.3695e-01
dev-long-03,983,1141,4.610481e-02,411,411,0.755269,1.116651,1.0883e+00
dev-long-03,984,12177,2.262662e-03,12177,12177,0.085863,0.078807,7.6062e-01
dev-long-03,985,11,1.006569e-02,424,424,0.918348,0.757046,1.2190e+00
dev-long-03,986,424,6.463623e-03,424,424,0.027839,0.014387,1.2983e+00
dev-long-03,987,682,3.087827e-03,682,682,0.059655,0.060805,1.1413e+00
dev-long-03,988,2582,3.609712e-04,2582,2582,0.007163,0.006472,1.1506e+00
dev-long-03,989,264,1.190241e-01,264,264,0.230661,0.071396,1.4432e+00
dev-long-03,990,60458,3.678317e-02,60458,60458,1.957186,1.730763,1.0205e+00
dev-long-03,991,3712,2.839961e-04,3712,3712,0.007170,0.007632,9.7076e-01
dev-long-03,992,13,7.801578e-06,13,13,0.001004,0.000990,1.1030e+00
dev-long-03,993,2532,4.840152e-03,2532,2532,0.025258,0.013026,1.1130e+00
dev-long-03,994,599,1.664433e-02,599,599,0.215656,0.151780,9.1037e-01
dev-long-03,995,978,2.348869e-03,978,978,0.637037,0.657872,1.0405e+00
dev-long-03,996,1330,3.731275e-03,1330,1330,0.499555,0.442574,9.3548e-01
dev-long-03,997,198,4.050165e-06,198,198,0.000102,0.000081,7.7132e-01
dev-long-03,998,62907,1.882448e-03,62907,62907,0.118867,0.122955,7.6386e-01
dev-long-03,999,11968,2.367436e-05,11968,11968,0.073998,0.072161,3.6737e-01
dev-long-03,1000,11,6.535309e-03,303,303,4.151281,4.630184,8.4491e-01
dev-long-03,1001,264,8.471723e-03,264,264,0.132699,0.186970,1.0853e+00
dev-long-03,1002,12775,7.336711e-03,21517,21517,4.466498,4.433932,6.2958e-01
dev-long-03,1003,452,9.839339e-05,452,452,0.003779,0.003113,4.7264e-01
dev-long-03,1004,335,1.253421e-03,335,335,0.090590,0.076996,5.3552e-01
dev-long-03,1005,12,6.346389e-04,12,12,0.070819,0.061882,6.0166e-01
dev-long-03,1006,6897,5.804163e-06,6897,6897,0.002988,0.002941,4.1918e-01
dev-long-03,1007,286,2.733948e-06,286,286,0.000102,0.000083,6.5273e-01
dev-long-03,1008,11,1.799671e-05,11,11,0.001685,0.001795,6.3328e-01
dev-long-03,1009,264,4.419226e-04,264,264,0.008728,0.011787,7.8694e-01
dev-long-03,1010,17604,2.318654e-02,63101,63101,5.339715,5.439799,7.5116e-01
dev-long-03,1011,11,3.476691e-04,11,11,0.007614,0.005746,7.1014e-01
dev-long-03,1012,321,2.175885e-03,321,321,0.090854,0.101827,8.5735e-01
dev-long-03,1013,3679,2.463354e-02,3679,1048,1.276833,1.218746,7.3626e-01
dev-long-03,1014,68166,1.678449e-02,68166,68166,1.119563,1.336301,7.4948e-01
dev-long-03,1015,536,1.045625e-08,536,536,0.000001,0.000001,5.6340e-01
dev-long-03,1016,6895,3.820378e-03,198,198,4.060704,3.955148,7.3277e-01
dev-long-03,1017,198,1.560622e-05,198,198,0.000622,0.000759,9.1476e-01
dev-long-03,1018,8823,5.456627e-06,8823,8823,0.000066,0.000086,1.0563e+00
dev-long-03,1019,364,7.501038e-05,539,539,1.954758,1.946686,9.9511e-01
dev-long-03,1020,279,1.348478e-03,279,279,0.012663,0.008039,1.0370e+00
dev-long-03,1021,23708,9.656051e-05,23708,23708,0.002542,0.003244,8.8666e-01
dev-long-03,1022,314,2.375411e-05,314,314,0.000223,0.000327,1.0124e+00
dev-long-03,1023,411,4.636590e-03,411,411,0.181434,0.164368,1.1708e+00
dev-corpus-00,1024,27097,2.397279e-04,314,314,10.633478,10.670501,1.7697e-01
dev-corpus-00,1025,6565,1.137519e-03,6565,6565,1.258599,1.234003,2.3559e-01
dev-corpus-00,1026,318,2.542014e-04,283,283,2.255041,2.275860,1.9885e-01
dev-corpus-00,1027,48759,4.296542e-04,16,16,15.663261,15.683968,1.7547e-01
dev-corpus-00,1028,1116,1.797845e-04,11,11,3.953652,3.954726,2.2020e-01
dev-corpus-00,1029,18217,1.719607e-04,18217,2639,0.818224,0.826992,2.0611e-01
dev-corpus-00,1030,847,4.122765e-04,847,847,0.229513,0.217043,1.7880e-01
dev-corpus-00,1031,283,9.792651e-05,283,283,0.251041,0.256594,1.9141e-01
dev-corpus-00,1032,30858,7.824219e-05,198,198,11.149439,11.134119,2.4460e-01
dev-corpus-00,1033,18097,7.634663e-04,410,410,4.863827,4.876223,1.9840e-01
dev-corpus-00,1034,27097,3.699019e-05,27097,27097,0.039916,0.039334,1.9144e-01
dev-corpus-00,1035,6565,1.351578e-05,6565,6565,0.009820,0.010149,2.4166e-01
dev-corpus-00,1036,318,5.450661e-04,318,318,0.968546,0.997406,1.9859e-01
dev-corpus-00,1037,35067,4.283317e-04,48759,48759,4.721458,4.662123,2.3782e-01
dev-corpus-00,1038,535,5.033692e-04,25,25,1.212780,1.193633,2.8961e-01
dev-corpus-00,1039,220765,5.341622e-04,220765,220765,0.749927,0.766843,2.4125e-01
dev-corpus-00,1040,240771,5.593033e-04,240771,240771,0.207832,0.216224,2.7189e-01
dev-corpus-00,1041,847,7.112873e-04,847,847,1.478434,1.459853,3.5118e-01
dev-corpus-00,1042,369,2.162724e-04,369,369,0.487024,0.480565,2.1490e-01
dev-corpus-00,1043,264,3.751049e-04,264,264,0.318747,0.308436,2.0443e-01
dev-corpus-00,1044,91424,1.586512e-04,37967,37967,5.970554,5.936646,1.9064e-01
dev-corpus-00,1045,375,2.047203e-06,375,375,0.003325,0.003288,1.8814e-01
dev-corpus-00,1046,91589,8.734428e-04,12963,91589,0.834050,0.803960,2.2341e-01
dev-corpus-00,1047,7172,1.106015e-04,7172,7172,0.905654,0.905645,1.7796e-01
dev-corpus-00,1048,506,1.058766e-04,303,303,1.734857,1.712338,1.6797e-01
dev-corpus-00,1049,220,3.697619e-05,220,220,0.066713,0.066580,1.9728e-01
dev-corpus-00,1050,16,8.230308e-05,16,16,1.093737,1.092494,1.4631e-01
dev-corpus-00,1051,16,7.948073e-05,15,15,2.060900,2.045095,1.5951e-01
dev-corpus-00,1052,22,1.428956e-04,15,15,3.035061,3.014130,1.5987e-01
dev-corpus-00,1053,20,1.307655e-04,15,15,1.564787,1.562403,1.9704e-01
dev-corpus-00,1054,6127,7.902685e-04,457,457,4.046355,4.072111,1.9657e-01
dev-corpus-00,1055,220,2.216499e-04,220,220,0.197987,0.196324,2.1521e-01
dev-corpus-00,1056,17,3.690629e-04,16,16,2.704623,2.766074,1.9286e-01
dev-corpus-00,1057,24,4.316436e-04,15,15,3.482869,3.509796,1.8984e-01
dev-corpus-00,1058,337,4.114103e-05,337,337,0.031888,0.033391,1.5576e-01
dev-corpus-00,1059,16627,7.095015e-04,16627,16627,0.313939,0.294889,2.3368e-01
dev-corpus-00,1060,303,9.880712e-05,303,303,0.417911,0.410988,1.9877e-01
dev-corpus-00,1061,48759,5.364183e-05,48759,48759,0.191008,0.193281,1.8751e-01
dev-corpus-00,1062,1116,2.254387e-04,11,11,1.296336,1.263450,1.8103e-01
dev-corpus-00,1063,18217,1.981516e-05,18217,18217,0.023197,0.023534,1.9522e-01
dev-corpus-00,1064,641,1.312266e-04,641,641,0.339990,0.332484,1.7983e-01
dev-corpus-00,1065,75053,3.629055e-03,198,198,4.125095,4.257886,3.4233e-01
dev-corpus-00,1066,303,1.772235e-05,303,303,0.058961,0.058516,2.1344e-01
dev-corpus-00,1067,279,2.462273e-04,220,220,4.276242,4.273421,2.5064e-01
dev-corpus-00,1068,3988,1.970046e-04,220,220,1.559120,1.561783,2.6149e-01
dev-corpus-00,1069,220,5.432172e-05,220,220,0.065017,0.065081,2.8298e-01
dev-corpus-00,1070,16,5.600476e-06,16,16,0.065058,0.064583,3.5652e-01
dev-corpus-00,1071,24,5.006910e-06,24,24,0.021830,0.022285,2.6835e-01
dev-corpus-00,1072,18,8.702074e-04,22,22,3.024744,2.960275,2.1931e-01
dev-corpus-00,1073,15,4.288517e-06,15,15,0.001380,0.001314,2.9190e-01
dev-corpus-00,1074,82,5.073103e-04,82,82,0.041964,0.036367,3.9752e-01
dev-corpus-00,1075,430,2.447842e-04,1116,1116,2.340726,2.374977,2.8858e-01
dev-corpus-00,1076,264,3.090200e-04,264,264,0.721968,0.712079,2.0355e-01
dev-corpus-00,1077,28026,3.420410e-04,28026,28026,1.016208,1.029757,2.0525e-01
dev-corpus-00,1078,56557,2.939614e-04,91589,91589,1.309018,1.333048,2.0787e-01
dev-corpus-00,1079,1116,1.528259e-04,1116,1116,0.155213,0.151301,2.8180e-01
dev-corpus-00,1080,27097,4.296294e-04,424,424,5.798422,5.693984,2.5810e-01
dev-corpus-00,1081,6565,1.723112e-05,6565,6565,0.004451,0.004591,2.8554e-01
dev-corpus-00,1082,557,6.306177e-04,5924,5924,2.097141,2.134795,2.8434e-01
dev-corpus-00,1083,364,1.009529e-03,279,279,6.414278,6.415886,2.0016e-01
dev-corpus-00,1084,1599,1.488783e-04,1599,1599,0.584837,0.594737,2.9095e-01
dev-corpus-00,1085,10476,4.355809e-05,1578,1578,2.793328,2.819691,2.1861e-01
dev-corpus-00,1086,279,1.070823e-04,279,279,0.542713,0.541529,2.5202e-01
dev-corpus-00,1087,1132,9.327838e-04,1132,1132,0.397981,0.375313,2.3001e-01
dev-corpus-00,1088,91589,2.065876e-04,91589,91589,0.555212,0.552245,1.9092e-01
dev-corpus-00,1089,303,1.170295e-04,303,303,0.120724,0.123152,2.0308e-01
dev-corpus-00,1090,48759,5.018273e-04,279,279,0.939369,0.975277,1.8623e-01
dev-corpus-00,1091,641,1.589349e-04,641,641,0.467519,0.468716,2.3784e-01
dev-corpus-00,1092,695,6.892739e-04,198,198,1.993604,1.963798,2.9011e-01
dev-corpus-00,1093,561,8.711957e-04,410,410,3.574234,3.604995,4.0659e-01
dev-corpus-00,1094,56557,4.580812e-04,56557,56557,1.212712,1.202130,1.6104e-01
dev-corpus-00,1095,14661,1.114286e-03,557,557,6.312188,6.339075,3.6073e-01
dev-corpus-00,1096,79148,3.768741e-04,2197,2197,1.994201,1.979147,1.7168e-01
dev-corpus-00,1097,6248,2.283200e-07,6248,6248,0.000171,0.000173,3.0188e-01
dev-corpus-00,1098,303,6.195976e-05,303,303,0.559217,0.556853,1.8740e-01
dev-corpus-00,1099,264,3.194197e-04,264,264,0.867687,0.849296,1.9292e-01
dev-corpus-00,1100,15625,9.387669e-04,47224,47224,4.035614,4.043790,1.7773e-01
dev-corpus-00,1101,3626,6.258063e-04,18694,18694,2.859022,2.912217,1.7389e-01
dev-corpus-00,1102,383,2.594989e-04,506,506,1.739698,1.741562,2.2806e-01
dev-corpus-00,1103,4171,5.133573e-04,6127,6127,2.222744,2.234567,1.7903e-01
dev-corpus-00,1104,93154,8.094187e-04,220,220,4.762090,4.731482,2.4388e-01
dev-corpus-00,1105,6476,1.032170e-03,16627,16627,0.822982,0.872233,1.9397e-01
dev-corpus-00,1106,641,3.754523e-04,641,641,1.033961,1.019985,2.0015e-01
dev-corpus-00,1107,1049,4.326540e-04,733,733,3.402971,3.367961,2.5254e-01
dev-corpus-00,1108,19729,2.431633e-04,7481,7481,6.080904,6.101885,2.1543e-01
dev-corpus-00,1109,1141,1.823238e-04,1141,1141,0.655389,0.640624,1.7927e-01
dev-corpus-00,1110,1118,2.634094e-04,1118,1118,0.267598,0.274920,2.3015e-01
dev-corpus-00,1111,4599,9.599951e-04,91589,91589,1.896050,1.861431,1.6721e-01
dev-corpus-00,1112,383,2.576419e-04,303,303,1.439582,1.443298,2.7575e-01
dev-corpus-00,1113,22359,2.467445e-04,6127,6127,7.918136,7.918009,1.9153e-01
dev-corpus-00,1114,6476,4.223794e-04,16627,16627,1.947564,1.978878,3.4582e-01
dev-corpus-00,1115,303,1.393446e-04,303,303,0.240187,0.235931,2.2682e-01
dev-corpus-00,1116,220,2.222235e-04,220,220,0.115512,0.122520,2.0716e-01
dev-corpus-00,1117,16,4.976517e-07,16,16,0.000825,0.000838,1.3203e-01
dev-corpus-00,1118,24,5.325811e-06,24,24,0.001334,0.001409,3.6031e-01
dev-corpus-00,1119,20,1.362917e-04,18,18,1.326131,1.304380,1.5446e-01
dev-corpus-00,1120,17,1.985218e-05,17,17,2.099123,2.092229,1.7564e-01
dev-corpus-00,1121,1116,1.282668e-04,641,641,1.287065,1.286723,2.4180e-01
dev-corpus-00,1122,321,2.587610e-04,321,321,0.855252,0.856349,2.2412e-01
dev-corpus-00,1123,23598,4.030955e-04,7481,7481,6.855790,6.828971,1.9675e-01
dev-corpus-00,1124,1141,1.745114e-04,264,264,1.367494,1.384386,1.8628e-01
dev-corpus-00,1125,1428,8.800687e-05,1428,1428,0.330197,0.330020,1.9854e-01
dev-corpus-00,1126,10824,1.872463e-04,4599,4599,14.253762,14.196407,1.8685e-01
dev-corpus-00,1127,1425,2.571990e-06,1425,1425,0.000258,0.000229,3.3880e-01
dev-corpus-00,1128,554,1.563932e-03,471,471,9.804579,9.917615,2.7436e-01
dev-corpus-00,1129,12,1.136858e-03,471,471,4.138011,4.230140,2.8677e-01
dev-corpus-00,1130,31,6.193492e-05,11896,11896,15.032793,15.111632,2.1093e-01
dev-corpus-00,1131,47072,5.080224e-04,22196,22196,5.264911,5.306887,2.1351e-01
dev-corpus-00,1132,12420,6.554649e-04,4599,4599,6.039363,6.080490,2.2735e-01
dev-corpus-00,1133,303,8.266821e-04,383,383,1.104473,1.156021,2.4734e-01
dev-corpus-00,1134,220,9.982234e-05,220,220,0.131667,0.127955,2.0851e-01
dev-corpus-00,1135,17,4.358499e-05,16,16,1.163577,1.177254,2.0750e-01
dev-corpus-00,1136,15,5.507588e-06,15,15,0.000531,0.000488,9.2737e-01
dev-corpus-00,1137,15,2.847787e-05,15,15,0.117285,0.114647,1.7788e-01
dev-corpus-00,1138,23,9.258732e-05,19,19,2.441758,2.453531,1.6355e-01
dev-corpus-00,1139,641,8.442374e-05,641,641,0.166968,0.163501,2.9171e-01
dev-corpus-00,1140,695,2.809403e-04,695,695,1.180454,1.189418,2.1998e-01
dev-corpus-00,1141,733,5.151339e-04,18097,18097,3.020656,3.050877,2.1039e-01
dev-corpus-00,1142,279,1.610281e-04,220,220,2.228875,2.235086,2.1818e-01
dev-corpus-00,1143,3988,9.283670e-04,220,220,1.827715,1.767468,2.4327e-01
dev-corpus-00,1144,220,9.759227e-05,220,220,0.088325,0.091542,2.0705e-01
dev-corpus-00,1145,16,3.518034e-04,16,16,0.437080,0.418181,4.5509e-01
dev-corpus-00,1146,24,1.220690e-05,24,24,0.001304,0.001460,1.1655e+00
dev-corpus-00,1147,24,2.816417e-02,24,24,0.886570,1.154955,2.3120e+00
dev-corpus-00,1148,15,6.632654e-06,15,15,0.000738,0.000786,4.5300e-01
dev-corpus-00,1149,82,3.303800e-05,82,82,0.004194,0.003761,3.2851e-01
dev-corpus-00,1150,11712,3.796896e-04,1116,1116,13.996729,13.941905,2.4292e-01
dev-corpus-00,1151,1881,7.655096e-04,48281,48281,1.841640,1.806747,2.3094e-01
dev-corpus-00,1152,35689,7.290142e-04,279,279,7.844762,7.836337,2.1062e-01
dev-corpus-00,1153,321,9.189390e-04,321,321,0.919514,0.895743,2.8709e-01
dev-corpus-00,1154,8343,4.036499e-04,8343,8343,0.518808,0.514212,1.9152e-01
dev-corpus-00,1155,3492,6.104258e-04,375,375,2.484288,2.433720,1.9901e-01
dev-corpus-00,1156,5879,3.266055e-04,314,314,1.566971,1.545387,2.3620e-01
dev-corpus-00,1157,310,5.077799e-05,310,310,0.095237,0.097400,2.3315e-01
dev-corpus-00,1158,279,1.041687e-04,279,279,0.796357,0.787888,2.2345e-01
dev-corpus-00,1159,14827,1.207083e-03,17465,17465,7.670278,7.699230,2.1100e-01
dev-corpus-00,1160,9101,1.885630e-03,28115,28115,1.834467,1.764382,2.5780e-01
dev-corpus-00,1161,27097,2.096913e-04,310,310,3.566807,3.566167,2.3410e-01
dev-corpus-00,1162,6565,3.777439e-06,6565,6565,0.001802,0.001747,2.5307e-01
dev-corpus-00,1163,1116,9.817234e-05,310,310,3.510426,3.464703,2.2360e-01
dev-corpus-00,1164,321,2.582675e-04,321,321,1.396703,1.404896,2.3270e-01
dev-corpus-00,1165,28115,4.612930e-04,28115,28115,1.287423,1.297120,2.0287e-01
dev-corpus-00,1166,279,1.236646e-03,279,279,1.474518,1.479930,1.8468e-01
dev-corpus-00,1167,43666,1.135244e-03,43666,43666,1.540497,1.485251,1.9137e-01
dev-corpus-00,1168,7034,5.687014e-04,56557,56557,3.381264,3.414418,2.6012e-01
dev-corpus-00,1169,92482,2.457035e-05,92482,92482,0.004598,0.004141,2.8906e-01
dev-corpus-00,1170,15885,1.506644e-03,314,314,4.330249,4.336469,2.1057e-01
dev-corpus-00,1171,165644,5.483032e-04,180132,180132,2.558910,2.610369,2.8727e-01
dev-corpus-00,1172,69506,7.938507e-04,1369,1369,4.382167,4.332804,2.5925e-01
dev-corpus-00,1173,641,6.384046e-05,641,641,0.462113,0.463410,2.1586e-01
dev-corpus-00,1174,27097,6.783834e-04,695,695,4.376895,4.348053,3.2124e-01
dev-corpus-00,1175,6565,5.024777e-06,6565,6565,0.002636,0.002602,3.3682e-01
dev-corpus-00,1176,3571,1.420553e-03,682,682,7.168976,7.169761,3.2580e-01
dev-corpus-00,1177,1172,2.071059e-03,310,310,1.077845,1.165675,2.7814e-01
dev-corpus-00,1178,3250,3.309012e-04,279,279,5.167148,5.087413,2.2901e-01
dev-corpus-00,1179,494,3.462172e-04,494,494,1.047740,1.044975,1.9352e-01
dev-corpus-00,1180,33921,3.821530e-04,279,279,4.448420,4.467717,2.0678e-01
dev-corpus-00,1181,554,4.326512e-03,10923,10923,9.911109,10.135125,2.9245e-01
dev-corpus-00,1182,12,4.783457e-04,12,12,0.161298,0.154396,3.0663e-01
dev-corpus-00,1183,31,3.737939e-04,31,31,0.105325,0.105350,2.9178e-01
dev-corpus-00,1184,30393,5.025758e-03,30393,30393,1.517392,1.539798,2.8343e-01
dev-corpus-00,1185,3492,7.785448e-04,5038,5038,4.652551,4.575857,2.0005e-01
dev-corpus-00,1186,314,1.888122e-04,314,314,0.261021,0.258370,2.6351e-01
dev-corpus-00,1187,279,4.049803e-04,279,279,0.267751,0.279953,2.2615e-01
dev-corpus-00,1188,175056,9.335382e-04,31310,31310,9.447928,9.457558,2.0659e-01
dev-corpus-00,1189,6735,2.157783e-03,163514,163514,2.433934,2.486090,2.3573e-01
dev-corpus-00,1190,10598,7.035592e-04,1116,1116,11.053214,11.100544,2.0982e-01
dev-corpus-00,1191,1116,1.361746e-04,303,303,2.274024,2.287662,4.2405e-01
dev-corpus-00,1192,303,6.612727e-04,303,303,1.195225,1.170442,2.3161e-01
dev-corpus-00,1193,220,1.881624e-04,220,220,0.137177,0.130346,2.4832e-01
dev-corpus-00,1194,16,9.620407e-05,16,16,0.110800,0.106127,1.7197e-01
dev-corpus-00,1195,24,5.969110e-06,24,24,0.001781,0.001907,6.4875e-01
dev-corpus-00,1196,24,6.382630e-04,24,24,0.256701,0.239618,1.7750e-01
dev-corpus-00,1197,19,5.767953e-04,17,17,2.005355,2.006928,1.5598e-01
dev-corpus-00,1198,321,1.158659e-04,321,321,0.051258,0.054629,2.8614e-01
dev-corpus-00,1199,1495,1.208846e-04,220,220,3.146523,3.101904,3.4416e-01
dev-corpus-00,1200,303,2.958974e-05,303,303,0.043363,0.044506,3.6474e-01
dev-corpus-00,1201,220,1.619236e-04,220,220,0.045688,0.042379,4.8832e-01
dev-corpus-00,1202,17,4.366459e-04,16,16,0.783173,0.751951,4.2672e-01
dev-corpus-00,1203,15,1.576555e-05,15,15,0.003027,0.003100,3.3231e-01
dev-corpus-00,1204,15,3.490267e-05,15,15,0.104236,0.101781,2.9766e-01
dev-corpus-00,1205,17,4.640304e-05,15,15,2.080562,2.077799,1.8665e-01
dev-corpus-00,1206,641,1.970914e-04,641,641,0.173696,0.174309,3.3979e-01
dev-corpus-00,1207,733,4.006829e-04,695,695,2.316331,2.290981,2.9758e-01
dev-corpus-00,1208,2107,1.776551e-04,220,220,2.497551,2.467381,2.2337e-01
dev-corpus-00,1209,4886,1.099675e-04,4886,4886,0.559852,0.553263,2.0647e-01
dev-corpus-00,1210,279,5.043748e-04,279,279,1.108865,1.129583,2.1855e-01
dev-corpus-00,1211,63140,1.253824e-03,56557,56557,4.659445,4.670384,2.3937e-01
dev-corpus-00,1212,998,2.641006e-04,998,998,0.303843,0.297879,1.9424e-01
dev-corpus-00,1213,10255,6.217093e-04,12158,12158,4.437975,4.454175,1.9246e-01
dev-corpus-00,1214,321,3.008105e-04,321,321,0.810911,0.800940,3.9361e-01
dev-corpus-00,1215,22368,4.300872e-04,12158,12158,1.859044,1.863951,2.0382e-01
dev-corpus-00,1216,641,6.093608e-04,641,641,0.468882,0.448518,3.8106e-01
dev-corpus-00,1217,695,4.857285e-04,695,695,0.608393,0.613092,3.1517e-01
dev-corpus-00,1218,8049,5.335558e-04,18097,18097,9.871331,9.837181,2.5451e-01
dev-corpus-00,1219,998,1.281538e-04,513,513,4.324638,4.310115,2.0240e-01
dev-corpus-00,1220,10641,1.305629e-03,5467,5467,13.931217,13.897809,3.0045e-01
dev-corpus-00,1221,554,1.173048e-03,5879,5879,1.189728,1.223717,2.8733e-01
dev-corpus-00,1222,12,9.677786e-05,12,12,0.020991,0.022800,2.3823e-01
dev-corpus-00,1223,31,1.216270e-03,554,554,0.944953,0.910530,3.5175e-01
dev-corpus-00,1224,5879,2.840220e-05,5879,5879,0.011547,0.011193,3.0150e-01
dev-corpus-00,1225,364,3.319658e-04,2980,2980,2.327857,2.360499,2.8176e-01
dev-corpus-00,1226,10476,2.691182e-04,1599,1599,2.350204,2.354401,1.9791e-01
dev-corpus-00,1227,641,2.373246e-04,1116,1116,1.748756,1.715413,2.2586e-01
dev-corpus-00,1228,34503,5.911107e-04,733,733,12.184337,12.222269,2.1883e-01
dev-corpus-00,1229,48411,9.011998e-04,604,604,8.806782,8.718097,2.2186e-01
dev-corpus-00,1230,557,3.306912e-04,557,557,1.418979,1.407312,1.9390e-01
dev-corpus-00,1231,20789,4.247477e-04,279,279,2.778377,2.832393,1.8789e-01
dev-corpus-00,1232,430,3.150097e-05,430,430,0.333258,0.335610,1.9851e-01
dev-corpus-00,1233,279,3.151376e-04,279,279,0.712509,0.706784,2.0584e-01
dev-corpus-00,1234,56557,2.281124e-04,1118,1118,1.935840,1.978869,1.6503e-01
dev-corpus-00,1235,359,7.895408e-03,359,359,0.258392,0.199081,2.9143e-01
dev-corpus-00,1236,82,4.875427e-06,82,82,0.016940,0.017125,2.8387e-01
dev-corpus-00,1237,1118,6.261291e-05,1118,1118,0.128771,0.130541,1.8734e-01
dev-corpus-00,1238,29575,8.807582e-04,29575,29575,1.336814,1.328980,1.8428e-01
dev-corpus-00,1239,7964,8.718186e-06,7964,7964,0.006049,0.006347,2.4498e-01
dev-corpus-00,1240,303,4.702777e-05,303,303,0.068799,0.068948,2.2493e-01
dev-corpus-00,1241,220,6.494984e-05,220,220,0.061117,0.063321,2.7533e-01
dev-corpus-00,1242,16,3.150810e-06,16,16,0.378447,0.376791,1.2855e-01
dev-corpus-00,1243,24,9.416330e-07,24,24,0.002605,0.002665,3.1288e-01
dev-corpus-00,1244,20,5.678866e-04,24,24,3.002422,2.919191,1.1567e-01
dev-corpus-00,1245,24,4.174002e-05,23,23,2.100826,2.107627,2.7295e-01
dev-corpus-00,1246,1116,5.893645e-05,641,641,1.233220,1.235877,3.5137e-01
dev-corpus-00,1247,694,2.151591e-04,321,321,2.484587,2.460792,2.1647e-01
dev-corpus-00,1248,2047,4.723068e-04,551,551,3.095036,3.045451,1.8094e-01
dev-corpus-00,1249,303,4.612475e-04,303,303,0.783892,0.812250,1.9404e-01
dev-corpus-00,1250,220,6.358948e-05,220,220,0.047387,0.049106,2.7625e-01
dev-corpus-00,1251,16,5.411506e-05,16,16,0.022163,0.023750,1.8939e-01
dev-corpus-00,1252,24,7.154890e-07,24,24,0.000329,0.000313,2.7907e-01
dev-corpus-00,1253,21,1.585355e-04,21,21,0.377004,0.368918,3.5175e-01
dev-corpus-00,1254,16,9.902014e-05,17,17,2.010447,2.000299,3.1242e-01
dev-corpus-00,1255,641,4.291463e-04,641,641,1.003481,1.036295,2.1851e-01
dev-corpus-00,1256,4486,5.903280e-04,561,561,4.696936,4.703035,1.8354e-01
dev-corpus-00,1257,264,4.684158e-04,264,264,1.264260,1.255670,1.9477e-01
dev-corpus-00,1258,12558,3.489477e-04,4031,4031,3.473333,3.523773,1.8830e-01
dev-corpus-00,1259,314,8.335081e-04,314,314,0.410325,0.436380,2.0516e-01
dev-corpus-00,1260,1330,3.488583e-04,3679,3679,2.747979,2.737633,1.7868e-01
dev-corpus-00,1261,1578,8.254603e-04,1578,1578,0.321044,0.298228,2.1717e-01
dev-corpus-00,1262,1116,1.495652e-04,1116,1116,0.259024,0.256555,1.7575e-01
dev-corpus-00,1263,11537,6.460331e-04,68466,68466,6.150422,6.125731,1.8350e-01
dev-corpus-00,1264,4044,6.132485e-04,469,469,6.368466,6.391713,1.9147e-01
dev-corpus-00,1265,316,6.110089e-04,6913,6913,4.819945,4.855082,1.9956e-01
dev-corpus-00,1266,429,1.237810e-04,812,812,4.678563,4.736726,2.3576e-01
dev-corpus-00,1267,5924,1.753697e-04,557,557,1.672299,1.660725,2.0454e-01
dev-corpus-00,1268,29575,3.813035e-04,279,279,2.261147,2.217626,1.8415e-01
dev-corpus-00,1269,7964,1.299344e-06,7964,7964,0.000459,0.000469,3.2615e-01
dev-corpus-00,1270,303,9.505897e-04,303,303,0.636007,0.671494,3.4049e-01
dev-corpus-00,1271,220,1.321061e-05,220,220,0.014817,0.014644,4.0939e-01
dev-corpus-00,1272,16,1.981770e-07,16,16,0.000303,0.000299,1.9266e-01
dev-corpus-00,1273,24,2.188526e-05,24,24,0.000934,0.001105,1.7405e+00
dev-corpus-00,1274,21,2.083804e-06,21,21,0.006571,0.006471,2.0678e-01
dev-corpus-00,1275,18,3.882875e-05,18,18,0.140527,0.143039,2.4122e-01
dev-corpus-00,1276,1116,1.230915e-04,641,641,1.101975,1.094501,2.5944e-01
dev-corpus-00,1277,321,3.853837e-04,321,321,0.500914,0.484842,2.8592e-01
dev-corpus-00,1278,9919,6.025968e-04,9919,9919,1.256200,1.284761,1.9301e-01
dev-corpus-00,1279,2980,2.147504e-04,2980,2980,0.447901,0.457474,2.8818e-01
dev-corpus-00,1280,780,1.558947e-04,220,220,1.599674,1.630511,2.7946e-01
dev-corpus-00,1281,4397,1.283950e-04,4397,4397,0.526358,0.515629,1.8994e-01
dev-corpus-00,1282,303,2.099755e-05,303,303,0.026208,0.026158,4.9005e-01
dev-corpus-00,1283,220,2.269441e-05,220,220,0.014099,0.013573,2.1844e-01
dev-corpus-00,1284,16,2.041343e-05,16,16,0.309125,0.312935,2.2248e-01
dev-corpus-00,1285,24,1.492063e-06,24,24,0.000391,0.000423,3.6398e-01
dev-corpus-00,1286,22,5.745793e-06,24,24,1.577792,1.575423,1.3403e-01
dev-corpus-00,1287,21,1.219770e-05,23,23,2.245050,2.249676,2.5066e-01
dev-corpus-00,1288,641,2.774274e-05,641,641,0.037299,0.036537,2.7871e-01
dev-corpus-00,1289,1216,6.434231e-04,695,695,3.303110,3.340124,1.8744e-01
dev-corpus-00,1290,557,7.633022e-05,557,557,0.109406,0.110183,2.0547e-01
dev-corpus-00,1291,7854,1.927662e-04,24526,24526,1.352207,1.371734,1.9361e-01
dev-corpus-00,1292,539,8.567056e-05,539,539,0.100884,0.097744,2.4809e-01
dev-corpus-00,1293,2921,3.511842e-04,68466,68466,6.438354,6.379595,1.9163e-01
dev-corpus-00,1294,2176,1.474494e-04,2176,2176,0.262873,0.255325,2.0141e-01
dev-corpus-00,1295,29878,4.099265e-04,710,710,8.982143,8.983448,1.5332e-01
dev-corpus-00,1296,7480,9.751877e-04,3327,3327,3.736694,3.696839,2.0482e-01
dev-corpus-00,1297,1116,4.430785e-04,1116,1116,0.678726,0.691124,3.4413e-01
dev-corpus-00,1298,852,8.521391e-05,852,852,0.130116,0.127047,2.1092e-01
dev-corpus-00,1299,9919,3.100820e-04,9919,9919,0.521854,0.512546,1.6253e-01
dev-corpus-00,1300,494,1.521346e-04,2980,2980,1.661509,1.658063,1.6927e-01
dev-corpus-00,1301,220,6.357693e-06,220,220,0.002849,0.002970,2.9819e-01
dev-corpus-00,1302,16,1.140685e-07,16,16,0.000703,0.000705,2.1079e-01
dev-corpus-00,1303,24,3.376567e-05,24,24,0.002365,0.002762,1.2929e+00
dev-corpus-00,1304,22,8.071269e-05,22,22,0.112105,0.107849,1.4024e-01
dev-corpus-00,1305,22,2.883666e-04,22,22,0.879507,0.876501,1.8399e-01
dev-corpus-00,1306,310,1.988508e-04,310,310,0.558340,0.545396,1.9350e-01
dev-corpus-00,1307,220,1.295997e-05,220,220,0.008727,0.009116,2.6130e-01
dev-corpus-00,1308,16,3.728885e-06,16,16,0.187588,0.186425,3.4691e-01
dev-corpus-00,1309,24,1.402658e-05,24,24,0.000641,0.000609,2.5360e+00
dev-corpus-00,1310,24,1.617458e-04,23,23,0.973538,0.951500,1.5166e-01
dev-corpus-00,1311,19,5.413470e-05,15,15,2.308081,2.329449,2.1716e-01
dev-corpus-00,1312,1116,4.368574e-05,641,641,1.780960,1.775395,3.2916e-01
dev-corpus-00,1313,321,8.652501e-04,321,321,0.688809,0.675640,2.8764e-01
dev-corpus-00,1314,29878,4.788838e-04,1179,1179,12.080845,12.111612,1.9525e-01
dev-corpus-00,1315,7480,7.424548e-06,7480,7480,0.005251,0.005247,2.0115e-01
dev-corpus-00,1316,303,2.529941e-04,557,557,3.851360,3.869357,2.2561e-01
dev-corpus-00,1317,2404,4.036636e-05,2404,2404,0.041909,0.041586,2.5550e-01
dev-corpus-00,1318,557,6.733465e-05,557,557,0.147934,0.150340,2.6204e-01
dev-corpus-00,1319,24526,2.991214e-04,24526,24526,0.542382,0.562673,1.7760e-01
dev-corpus-00,1320,539,2.786798e-05,539,539,0.088942,0.090739,2.0184e-01
dev-corpus-00,1321,783,5.057784e-04,68466,68466,5.578560,5.578805,1.9021e-01
dev-corpus-00,1322,10720,3.218737e-04,10720,10720,1.648677,1.638550,1.7578e-01
dev-corpus-00,1323,189439,2.017347e-04,329,329,1.001747,0.989520,2.1595e-01
dev-corpus-00,1324,462,8.986909e-04,318,318,4.120135,4.133236,2.6282e-01
dev-corpus-00,1325,23577,2.165684e-03,53141,53141,8.245008,8.159850,2.2065e-01
dev-corpus-00,1326,2751,5.926550e-05,2751,2751,0.021322,0.020973,2.5692e-01
dev-corpus-00,1327,554,5.506704e-04,303,303,9.458531,9.501487,4.3229e-01
dev-corpus-00,1328,12,2.063069e-04,12,12,0.062631,0.066324,2.5442e-01
dev-corpus-00,1329,31,7.450302e-04,31,31,0.505911,0.530318,2.3488e-01
dev-corpus-00,1330,52824,1.294475e-03,462,462,11.343031,11.293593,3.0070e-01
dev-corpus-00,1331,258,7.436430e-04,258,258,0.614332,0.593380,2.8103e-01
dev-corpus-00,1332,641,5.195157e-04,303,303,1.457794,1.405285,3.9408e-01
dev-corpus-00,1333,65154,3.670517e-04,695,695,10.595205,10.641313,2.4127e-01
dev-corpus-00,1334,20425,4.776584e-04,436,436,5.718699,5.760331,1.6478e-01
dev-corpus-00,1335,10542,8.039564e-04,557,557,3.455529,3.397149,2.3027e-01
dev-corpus-00,1336,462,1.331317e-04,279,279,7.494828,7.506964,2.2992e-01
dev-corpus-00,1337,23577,6.946273e-06,23577,23577,0.001112,0.001004,2.3976e-01
dev-corpus-00,1338,2751,1.388474e-06,2751,2751,0.009520,0.009492,2.1862e-01
dev-corpus-00,1339,554,2.612344e-04,554,554,0.298392,0.308648,2.3020e-01
dev-corpus-00,1340,12,2.303618e-06,12,12,0.005433,0.005569,2.2635e-01
dev-corpus-00,1341,31,2.114071e-04,31,31,0.027129,0.028442,8.2261e-01
dev-corpus-00,1342,52824,4.123203e-05,52824,52824,0.059228,0.059225,2.2844e-01
dev-corpus-00,1343,258,2.289056e-06,258,258,0.001181,0.001117,1.9711e-01
dev-corpus-00,1344,430,1.198813e-04,430,430,0.698852,0.698196,2.5844e-01
dev-corpus-00,1345,21270,2.419445e-04,21270,21270,1.746998,1.751581,1.8094e-01
dev-corpus-00,1346,29575,4.937511e-05,29575,29575,0.032893,0.034314,2.1021e-01
dev-corpus-00,1347,7964,4.501519e-06,7964,7964,0.000487,0.000424,1.9932e-01
dev-corpus-00,1348,303,3.494047e-05,303,303,0.103459,0.101952,4.0379e-01
dev-corpus-00,1349,220,6.188663e-05,220,220,0.015149,0.013847,2.9564e-01
dev-corpus-00,1350,17,1.492767e-05,16,16,0.871006,0.877324,1.2475e-01
dev-corpus-00,1351,15,6.636345e-07,15,15,0.000306,0.000304,2.2194e-01
dev-corpus-00,1352,15,1.085350e-05,15,15,0.069831,0.068592,1.4808e-01
dev-corpus-00,1353,18,7.693602e-05,15,15,2.141877,2.148215,3.0314e-01
dev-corpus-00,1354,1116,3.538214e-05,641,641,1.187902,1.184516,3.1748e-01
dev-corpus-00,1355,321,2.247510e-04,321,321,0.200302,0.202362,2.4812e-01
dev-corpus-00,1356,9919,5.691116e-04,557,557,3.437849,3.464729,2.0192e-01
dev-corpus-00,1357,2980,1.728596e-04,2980,2980,0.881740,0.896939,1.7628e-01
dev-corpus-00,1358,220,9.246656e-05,220,220,0.365160,0.358749,2.2119e-01
dev-corpus-00,1359,17,2.250671e-07,17,17,0.001121,0.001133,1.6576e-01
dev-corpus-00,1360,15,1.073671e-04,15,15,0.001966,0.001565,8.2812e-01
dev-corpus-00,1361,16,3.580244e-06,15,15,0.894777,0.897454,1.5363e-01
dev-corpus-00,1362,16,1.505776e-04,15,15,1.378765,1.358394,3.3105e-01
dev-corpus-00,1363,1116,8.883306e-05,641,641,2.260690,2.235498,3.5515e-01
dev-corpus-00,1364,948,1.371261e-04,948,948,0.298918,0.303277,3.6724e-01
dev-corpus-00,1365,551,3.254129e-04,551,551,0.323603,0.321076,2.0893e-01
dev-corpus-00,1366,557,2.410805e-04,557,557,1.125878,1.122224,2.2819e-01
dev-corpus-00,1367,24526,5.221528e-04,24526,24526,0.635145,0.659238,1.8357e-01
dev-corpus-00,1368,539,1.636583e-05,539,539,0.130602,0.128745,2.2906e-01
dev-corpus-00,1369,49929,2.979223e-04,68466,68466,9.280634,9.284110,1.4856e-01
dev-corpus-00,1370,23483,4.807928e-04,710,710,7.489870,7.442880,1.9224e-01
dev-corpus-00,1371,258,8.240258e-04,70,70,3.956873,3.853257,1.9759e-01
dev-corpus-00,1372,641,5.640294e-04,641,641,0.339664,0.355163,2.7750e-01
dev-corpus-00,1373,1577,4.992502e-04,695,695,5.105207,5.092300,2.4737e-01
dev-corpus-00,1374,314,2.414436e-04,314,314,0.092320,0.098469,2.3414e-01
dev-corpus-00,1375,220,2.306821e-04,220,220,0.150118,0.158387,2.7232e-01
dev-corpus-00,1376,17,4.462921e-05,17,17,0.001158,0.001312,3.4815e+00
dev-corpus-00,1377,15,1.812882e-06,15,15,0.000803,0.000817,4.5278e-01
dev-corpus-00,1378,16,1.943349e-05,16,16,0.076833,0.078259,2.6079e-01
dev-corpus-00,1379,19,2.283679e-04,17,17,1.974239,1.971723,1.5599e-01
dev-corpus-00,1380,1116,2.223278e-04,1116,1116,0.343781,0.340863,1.8392e-01
dev-corpus-00,1381,5879,3.264190e-04,462,462,11.937737,11.944280,2.1842e-01
dev-corpus-00,1382,539,5.633535e-04,539,539,0.199913,0.190363,2.6886e-01
dev-corpus-00,1383,462,4.004467e-04,68466,68466,2.616360,2.589112,1.8461e-01
dev-corpus-00,1384,23577,3.266304e-07,23577,23577,0.000500,0.000502,1.9070e-01
dev-corpus-00,1385,2751,3.686328e-06,2751,2751,0.001337,0.001253,3.2449e-01
dev-corpus-00,1386,554,3.215520e-05,554,554,0.018468,0.017666,1.9120e-01
dev-corpus-00,1387,12,3.120999e-07,12,12,0.000405,0.000412,4.7467e-01
dev-corpus-00,1388,31,5.667329e-06,31,31,0.000184,0.000225,1.1031e+00
dev-corpus-00,1389,52824,6.839381e-05,52824,52824,0.008764,0.007865,3.3742e-01
dev-corpus-00,1390,258,4.581408e-06,258,258,0.000839,0.000777,2.7961e-01
dev-corpus-00,1391,321,3.232654e-04,321,321,0.624735,0.644820,2.8514e-01
dev-corpus-00,1392,23483,5.162188e-04,23483,23483,0.250068,0.238717,2.4182e-01
dev-corpus-00,1393,258,5.820434e-07,258,258,0.000264,0.000254,3.0382e-01
dev-corpus-00,1394,1116,1.251822e-04,1116,1116,0.156847,0.156126,3.5473e-01
dev-corpus-00,1395,27097,3.379674e-04,27097,27097,0.804725,0.820161,1.8233e-01
dev-corpus-00,1396,6565,1.246071e-06,6565,6565,0.001399,0.001385,2.2889e-01
dev-corpus-00,1397,995,6.434089e-04,369,369,3.457241,3.438700,2.8157e-01
dev-corpus-00,1398,12805,5.158180e-04,220,220,2.085697,2.080390,2.2080e-01
dev-corpus-00,1399,220,5.106128e-05,220,220,0.018428,0.017200,2.1654e-01
dev-corpus-00,1400,19,7.556963e-05,17,17,2.335065,2.316667,1.6151e-01
dev-corpus-00,1401,15,9.502670e-06,15,15,0.500259,0.499117,2.1574e-01
dev-corpus-00,1402,15,1.076815e-04,15,15,0.125468,0.127396,2.4806e-01
dev-corpus-00,1403,4314,1.573471e-04,3492,3492,4.254732,4.306190,1.8208e-01
dev-corpus-00,1404,27897,1.656621e-04,8259,8259,1.848090,1.887926,2.3676e-01
dev-corpus-00,1405,1116,9.090240e-05,641,641,2.506636,2.501278,2.3667e-01
dev-corpus-00,1406,321,2.572722e-04,321,321,1.183664,1.202168,1.9067e-01
dev-corpus-00,1407,557,3.439301e-04,557,557,1.408835,1.389176,2.2649e-01
dev-corpus-00,1408,279,2.118011e-03,279,279,1.080491,1.108843,4.5058e-01
dev-corpus-00,1409,7526,8.310436e-04,7526,7526,1.009705,1.025352,2.1611e-01
dev-corpus-00,1410,91589,2.880008e-04,91589,91589,0.765743,0.758758,1.9689e-01
dev-corpus-00,1411,303,4.737426e-05,303,303,0.084122,0.084236,3.4458e-01
dev-corpus-00,1412,48759,1.993425e-04,279,279,1.236526,1.246187,3.4230e-01
dev-corpus-00,1413,641,1.389556e-04,641,641,0.213660,0.211121,2.6122e-01
dev-corpus-00,1414,30858,9.095178e-04,695,695,6.291690,6.232668,2.7980e-01
dev-corpus-00,1415,283,1.683221e-03,410,410,5.647828,5.572387,3.1234e-01
dev-corpus-00,1416,283,1.022656e-03,18097,18097,5.842782,5.854120,2.8669e-01
dev-corpus-00,1417,22044,8.219110e-04,18097,18097,8.432963,8.453028,2.9276e-01
dev-corpus-00,1418,3712,2.377315e-04,3712,3712,1.073716,1.087825,1.7978e-01
dev-corpus-00,1419,283,3.910731e-04,283,283,0.457771,0.447381,2.6207e-01
dev-corpus-00,1420,283,2.255860e-04,695,695,1.624408,1.594310,2.5430e-01
dev-corpus-00,1421,30858,9.714394e-04,695,695,3.748767,3.672637,4.3339e-01
dev-corpus-00,1422,14560,5.848014e-04,18097,18097,10.122837,10.013650,2.3844e-01
dev-corpus-00,1423,4947,5.142122e-04,5038,5038,2.839690,2.839151,2.1729e-01
dev-corpus-00,1424,314,1.478554e-05,314,314,0.022668,0.022734,2.3688e-01
dev-corpus-00,1425,5753,2.356755e-04,12963,12963,4.051054,4.075730,1.8451e-01
dev-corpus-00,1426,16489,8.645828e-04,16489,16489,1.131869,1.080854,2.0348e-01
dev-corpus-00,1427,5820,7.426971e-04,5820,5820,1.671739,1.694784,2.2187e-01
dev-corpus-00,1428,50099,2.203542e-04,310,310,1.966583,1.963189,1.9657e-01
dev-corpus-00,1429,303,1.209414e-05,303,303,0.057319,0.057036,1.8548e-01
dev-corpus-00,1430,48759,1.949599e-04,48759,48759,0.529106,0.538148,1.7986e-01
dev-corpus-00,1431,303,1.165918e-04,303,303,0.559586,0.560850,2.5669e-01
dev-corpus-00,1432,279,1.564304e-05,279,279,0.211770,0.213809,1.7673e-01
dev-corpus-00,1433,3200,4.185155e-04,3200,3200,0.904480,0.927140,1.7750e-01
dev-corpus-00,1434,220,7.650179e-06,220,220,0.068870,0.068658,1.7527e-01
dev-corpus-00,1435,16,2.213320e-06,16,16,0.000678,0.000680,3.4154e-01
dev-corpus-00,1436,24,1.356074e-04,24,24,0.680979,0.664899,1.7046e-01
dev-corpus-00,1437,337,4.830011e-05,337,337,0.057495,0.057079,1.8403e-01
dev-corpus-00,1438,9018,4.515232e-05,9018,9018,0.131304,0.132546,2.2672e-01
dev-corpus-00,1439,1116,7.137367e-05,641,641,1.290258,1.276466,3.6837e-01
dev-corpus-00,1440,694,1.835540e-04,321,321,1.582755,1.574315,1.8988e-01
dev-corpus-00,1441,1379,4.102186e-04,279,279,3.391650,3.414870,2.0206e-01
dev-corpus-00,1442,7481,2.518127e-04,314,314,3.706832,3.702700,1.8305e-01
dev-corpus-00,1443,383,9.289692e-04,310,310,2.169875,2.226977,2.5624e-01
dev-corpus-00,1444,641,2.137429e-04,310,310,3.057512,3.038021,3.8682e-01
dev-corpus-00,1445,733,3.484977e-04,561,561,1.909965,1.894942,1.9761e-01
dev-corpus-00,1446,279,5.434129e-05,220,220,0.979666,0.985947,1.9441e-01
dev-corpus-00,1447,3988,9.093623e-05,3988,3988,0.568057,0.573160,1.6359e-01
dev-corpus-00,1448,220,1.668390e-05,220,220,0.026232,0.026121,2.2058e-01
dev-corpus-00,1449,17,1.311353e-04,16,16,0.786296,0.804078,3.1460e-01
dev-corpus-00,1450,15,1.980128e-06,15,15,0.000296,0.000297,9.2728e-01
dev-corpus-00,1451,337,5.005749e-06,337,337,0.002829,0.002871,2.3071e-01
dev-corpus-00,1452,9018,3.158291e-06,9018,9018,0.006743,0.006817,1.8234e-01
dev-corpus-00,1453,279,2.415147e-04,1116,1116,2.183382,2.193453,2.0335e-01
dev-corpus-00,1454,1118,8.647213e-04,12963,12963,3.776303,3.821961,1.9250e-01
dev-corpus-00,1455,17489,7.768838e-04,12963,12963,6.131892,6.124666,1.9602e-01
dev-corpus-00,1456,7277,3.985979e-05,7277,7277,0.039698,0.039381,2.1577e-01
dev-corpus-00,1457,16489,3.928840e-04,12963,12963,1.237917,1.213476,1.8498e-01
dev-corpus-00,1458,21681,1.156499e-04,5820,5820,2.799492,2.770838,1.9447e-01
dev-corpus-00,1459,1017,2.120549e-04,303,303,2.990974,3.023520,3.9903e-01
dev-corpus-00,1460,1116,1.140520e-04,641,641,0.908064,0.903092,3.8264e-01
dev-corpus-00,1461,321,5.308521e-04,321,321,1.222437,1.205919,1.8683e-01
dev-corpus-00,1462,539,3.613305e-04,539,539,1.760174,1.766813,1.9296e-01
dev-corpus-00,1463,279,1.505901e-04,220,220,1.031679,1.010894,2.4507e-01
dev-corpus-00,1464,220,1.613372e-04,220,220,0.604685,0.616430,1.8748e-01
dev-corpus-00,1465,16,7.027831e-07,16,16,0.000936,0.000907,1.8692e-01
dev-corpus-00,1466,24,3.188306e-06,24,24,0.000673,0.000724,4.2454e-01
dev-corpus-00,1467,17,3.985150e-05,18,18,0.766678,0.762423,1.4972e-01
dev-corpus-00,1468,15,1.339464e-06,15,15,0.000921,0.000885,1.6079e-01
dev-corpus-00,1469,82,5.296984e-06,82,82,0.003589,0.003469,2.2362e-01
dev-corpus-00,1470,48759,3.140893e-04,1017,1017,1.773868,1.775919,1.7288e-01
dev-corpus-00,1471,359,5.973861e-05,995,995,1.799858,1.787834,1.9392e-01
dev-corpus-00,1472,82,1.570389e-06,82,82,0.000608,0.000568,2.1035e-01
dev-corpus-00,1473,12963,1.386957e-04,12963,12963,0.216669,0.211422,1.6757e-01
dev-corpus-00,1474,3809,8.177106e-05,6823,6823,1.749810,1.776249,2.9880e-01
dev-corpus-00,1475,5820,3.034293e-04,557,557,3.260050,3.283991,1.7626e-01
dev-corpus-00,1476,22175,1.470627e-04,310,310,7.582545,7.548414,1.9246e-01
dev-corpus-00,1477,22223,3.867169e-04,364,364,10.332348,10.249946,3.9924e-01
dev-corpus-00,1478,893,6.219086e-04,3401,3401,3.400981,3.540407,2.1384e-01
dev-corpus-00,1479,269,4.771831e-05,269,269,0.031064,0.029456,2.6160e-01
dev-corpus-00,1480,6041,1.583856e-05,6041,6041,0.001727,0.001540,3.3330e-01
dev-corpus-00,1481,364,9.373491e-04,303,303,2.269149,2.201212,3.2201e-01
dev-corpus-00,1482,9668,9.954993e-04,4962,279,10.065805,9.993881,2.4237e-01
dev-corpus-00,1483,6394,1.005552e-03,3401,3401,5.032763,5.121917,2.5715e-01
dev-corpus-00,1484,3603,4.459455e-04,3603,3603,0.537823,0.521999,2.3685e-01
dev-corpus-00,1485,321,4.771889e-04,3401,3401,1.993649,2.055845,2.0074e-01
dev-corpus-00,1486,12963,2.226831e-03,12872,12872,4.736456,4.707041,2.5546e-01
dev-corpus-00,1487,12872,1.946297e-04,12872,12872,0.529751,0.529956,2.6483e-01
dev-corpus-00,1488,3401,4.327760e-05,3401,3401,0.058601,0.057513,2.5318e-01
dev-corpus-00,1489,303,3.900469e-04,641,641,2.315135,2.388388,3.3984e-01
dev-corpus-00,1490,7529,4.118612e-04,843,843,6.643139,6.587224,3.4346e-01
dev-corpus-00,1491,359,1.328210e-04,359,359,0.112592,0.117210,2.6201e-01
dev-corpus-00,1492,10105,8.846111e-05,10105,10105,0.080186,0.077437,2.3515e-01
dev-corpus-00,1493,641,1.793845e-05,641,641,0.145685,0.146315,3.0556e-01
dev-corpus-00,1494,21016,4.441885e-04,695,695,8.773572,8.685526,2.1981e-01
dev-corpus-00,1495,1068,3.365667e-04,1068,1068,0.772028,0.783939,1.3850e-01
dev-corpus-00,1496,22904,2.818017e-04,6584,6584,4.579263,4.566965,1.4651e-01
dev-corpus-00,1497,11698,9.912935e-04,380,380,6.955805,6.966117,2.7613e-01
dev-corpus-00,1498,59576,1.026024e-03,74534,74534,2.986496,3.069023,2.9646e-01
dev-corpus-00,1499,13514,4.734566e-04,13514,13514,2.101446,2.103461,1.9919e-01
dev-corpus-00,1500,421,1.712780e-04,421,421,0.428568,0.417659,2.7790e-01
dev-corpus-00,1501,328,6.168807e-04,279,279,2.539518,2.604085,2.5987e-01
dev-corpus-00,1502,498,1.111316e-03,279,279,4.353902,4.326890,2.1986e-01
dev-corpus-00,1503,264,1.162661e-03,585,585,2.343216,2.336126,3.3101e-01
dev-corpus-00,1504,2205,4.260317e-04,2205,2205,0.149147,0.138959,2.4954e-01
dev-corpus-00,1505,281,1.415589e-03,2526,2526,5.361857,5.171350,2.5442e-01
dev-corpus-00,1506,455,1.648012e-03,455,455,0.216436,0.196376,3.5344e-01
dev-corpus-00,1507,462,3.191911e-04,279,279,8.987677,9.051752,2.5339e-01
dev-corpus-00,1508,1544,4.360528e-03,15257,15257,4.943259,4.765623,3.2650e-01
dev-corpus-00,1509,268,2.543850e-03,268,268,0.855087,0.887879,2.8588e-01
dev-corpus-00,1510,12471,8.639729e-04,321,321,5.714857,5.689018,1.9860e-01
dev-corpus-00,1511,59576,3.346374e-04,35191,35191,1.780709,1.779478,2.0664e-01
dev-corpus-00,1512,359,6.319461e-04,321,359,2.116475,2.080021,1.9587e-01
dev-corpus-00,1513,82,2.706717e-05,82,82,0.055691,0.056490,2.4867e-01
dev-corpus-00,1514,4397,9.099639e-04,2902,2902,2.827953,2.819545,1.7696e-01
dev-corpus-00,1515,303,1.776023e-04,303,303,0.189590,0.182917,2.3719e-01
dev-corpus-00,1516,220,4.453327e-05,220,220,0.086138,0.083810,3.0341e-01
dev-corpus-00,1517,16,7.841050e-07,16,16,0.000751,0.000719,1.8154e-01
dev-corpus-00,1518,24,3.135676e-06,24,24,0.002722,0.002819,3.5927e-01
dev-corpus-00,1519,18,1.589700e-04,17,17,0.982477,0.962053,1.6508e-01
dev-corpus-00,1520,18,1.895533e-04,15,15,2.247723,2.248344,1.9495e-01
dev-corpus-00,1521,1116,6.160983e-04,1116,1116,0.298976,0.316484,3.0338e-01
dev-corpus-00,1522,780,5.761245e-04,279,279,2.817463,2.854887,1.9489e-01
dev-corpus-00,1523,2046,4.981135e-04,54897,54897,3.990000,3.951783,2.1636e-01
dev-corpus-00,1524,506,3.069192e-04,5924,5924,2.495322,2.508076,2.4993e-01
dev-corpus-00,1525,220,3.121503e-04,220,220,0.092686,0.086910,2.3801e-01
dev-corpus-00,1526,17,2.343390e-04,16,16,1.820767,1.827073,1.7162e-01
dev-corpus-00,1527,18,2.154711e-04,15,15,2.472419,2.469369,2.8368e-01
dev-corpus-00,1528,16,1.219024e-04,15,15,2.152270,2.158615,2.2118e-01
dev-corpus-00,1529,4171,3.106171e-04,4171,4171,1.485027,1.467436,1.7901e-01
dev-corpus-00,1530,93154,1.457722e-04,93154,93154,0.627268,0.620169,2.2376e-01
dev-corpus-00,1531,6476,6.363221e-05,6476,6476,0.228784,0.227587,2.2738e-01
dev-corpus-00,1532,557,2.830227e-04,5924,5924,1.834517,1.839174,2.3370e-01
dev-corpus-00,1533,1254,2.019163e-03,1429,1429,6.505185,6.637303,2.5645e-01
dev-corpus-00,1534,93145,1.630611e-05,93145,93145,0.040743,0.041399,2.3048e-01
dev-corpus-00,1535,321,3.003444e-04,1083,310,1.341528,1.322636,2.2461e-01
dev-corpus-01,1536,12476,1.058298e-03,4258,4258,2.861742,2.855356,1.8256e-01
dev-corpus-01,1537,318,1.029064e-03,401,401,2.812404,2.786755,2.4652e-01
dev-corpus-01,1538,63724,5.416001e-04,81425,81425,16.040719,16.037052,2.3739e-01
dev-corpus-01,1539,1587,8.984089e-04,847,847,5.267556,5.285870,2.3570e-01
dev-corpus-01,1540,73,2.553692e-03,73,73,2.219860,2.316553,3.0351e-01
dev-corpus-01,1541,6510,5.026132e-06,6510,6510,0.002078,0.002172,3.6147e-01
dev-corpus-01,1542,7766,3.084162e-04,847,847,4.053274,4.137319,1.9818e-01
dev-corpus-01,1543,847,2.173681e-04,8,8,0.946242,0.955355,2.3747e-01
dev-corpus-01,1544,283,5.699753e-04,283,283,0.370296,0.354954,2.3093e-01
dev-corpus-01,1545,30858,4.274686e-03,271,198,12.474908,12.288973,4.3992e-01
dev-corpus-01,1546,16623,1.322234e-03,410,410,7.739409,7.620547,2.9797e-01
dev-corpus-01,1547,12476,5.984290e-05,12476,12476,0.051576,0.052477,2.1989e-01
dev-corpus-01,1548,369,6.748314e-04,369,369,0.788130,0.798864,2.4170e-01
dev-corpus-01,1549,279,1.259274e-04,279,279,0.302558,0.294982,2.0288e-01
dev-corpus-01,1550,270,4.447212e-04,220,220,3.561767,3.534897,1.7361e-01
dev-corpus-01,1551,396,1.210592e-04,396,396,0.019774,0.018457,2.1782e-01
dev-corpus-01,1552,43872,1.813391e-05,43872,43872,0.016925,0.017044,2.0079e-01
dev-corpus-01,1553,14712,1.022943e-04,13626,13626,5.369239,5.303211,1.9367e-01
dev-corpus-01,1554,554,4.141796e-04,42117,42117,14.409299,14.425405,2.2846e-01
dev-corpus-01,1555,12,8.611887e-04,11197,11197,2.845311,2.822274,2.3267e-01
dev-corpus-01,1556,31,1.816031e-03,11197,11197,5.731049,5.698902,3.2147e-01
dev-corpus-01,1557,3992,1.531911e-03,11197,11197,2.051214,2.006415,2.2675e-01
dev-corpus-01,1558,13626,1.475767e-04,13626,13626,0.485951,0.493331,2.6459e-01
dev-corpus-01,1559,7766,2.252451e-05,7766,7766,0.015723,0.016422,2.1203e-01
dev-corpus-01,1560,539,1.032330e-04,539,539,0.191977,0.189866,2.3096e-01
dev-corpus-01,1561,4421,2.878657e-03,4421,279,1.465992,1.586450,2.6911e-01
dev-corpus-01,1562,36014,1.698026e-06,36014,36014,0.001357,0.001333,3.2673e-01
dev-corpus-01,1563,31218,1.883999e-05,31218,31218,0.009043,0.008736,3.8525e-01
dev-corpus-01,1564,22049,1.666948e-03,22049,22049,0.548685,0.583274,2.5243e-01
dev-corpus-01,1565,554,1.019342e-03,63724,63724,1.096687,1.059086,1.8859e-01
dev-corpus-01,1566,12,2.099593e-04,12,12,0.103250,0.101520,2.5162e-01
dev-corpus-01,1567,31,7.849069e-06,31,31,0.005179,0.005261,2.7040e-01
dev-corpus-01,1568,81735,3.324295e-04,81735,81735,0.506792,0.497123,2.8717e-01
dev-corpus-01,1569,63724,1.312396e-04,63724,63724,0.261431,0.254834,1.9326e-01
dev-corpus-01,1570,1587,3.781830e-06,1587,1587,0.020625,0.020481,1.8718e-01
dev-corpus-01,1571,73,5.708018e-06,73,73,0.002495,0.002411,2.1112e-01
dev-corpus-01,1572,6510,1.616149e-06,6510,6510,0.000881,0.000912,2.3668e-01
dev-corpus-01,1573,1116,2.512283e-04,13,13,2.199262,2.168755,2.5416e-01
dev-corpus-01,1574,5698,8.840637e-05,5698,5698,0.187667,0.185388,2.0145e-01
dev-corpus-01,1575,383,5.668001e-04,383,383,0.749843,0.778140,1.9355e-01
dev-corpus-01,1576,220,2.019189e-04,220,220,1.980297,1.940183,2.0058e-01
dev-corpus-01,1577,17,2.442322e-05,17,17,0.953389,0.947235,1.4431e-01
dev-corpus-01,1578,18,2.649697e-04,15,15,2.517081,2.506159,1.7632e-01
dev-corpus-01,1579,5930,2.875950e-04,6324,6324,2.120371,2.134799,1.6730e-01
dev-corpus-01,1580,220,3.144611e-04,220,220,0.053895,0.048748,2.1873e-01
dev-corpus-01,1581,17,4.622877e-04,17,17,0.108569,0.119176,3.8449e-01
dev-corpus-01,1582,15,1.416694e-05,15,15,0.000922,0.000926,1.0670e+00
dev-corpus-01,1583,16,5.628632e-04,15,15,0.831259,0.866327,5.0044e-01
dev-corpus-01,1584,16,1.423715e-04,19,19,1.922572,1.917876,1.7733e-01
dev-corpus-01,1585,641,3.355831e-04,641,641,1.079512,1.096164,2.1113e-01
dev-corpus-01,1586,93034,3.348229e-03,198,198,9.068496,9.184407,3.1087e-01
dev-corpus-01,1587,303,5.314365e-04,303,303,0.927079,0.900529,1.7892e-01
dev-corpus-01,1588,279,9.651124e-04,220,220,2.662854,2.659704,2.0618e-01
dev-corpus-01,1589,3516,1.169825e-03,3516,3516,1.884723,1.871006,2.2716e-01
dev-corpus-01,1590,4042,2.403006e-05,4042,4042,0.075454,0.074786,1.5406e-01
dev-corpus-01,1591,321,3.298645e-04,321,321,0.966611,0.984737,1.7542e-01
dev-corpus-01,1592,11920,5.006072e-04,17163,17163,2.155333,2.165897,1.7749e-01
dev-corpus-01,1593,1116,2.653450e-04,1116,1116,0.409527,0.413557,2.2387e-01
dev-corpus-01,1594,424,1.356785e-04,279,279,1.375713,1.366978,1.7000e-01
dev-corpus-01,1595,557,2.035787e-04,557,557,0.912482,0.911040,2.1621e-01
dev-corpus-01,1596,8677,1.954901e-04,8677,8677,0.726357,0.725638,1.9402e-01
dev-corpus-01,1597,539,3.601877e-05,539,539,0.071027,0.071585,1.7459e-01
dev-corpus-01,1598,1587,3.436090e-04,1587,1587,0.639505,0.625319,1.7180e-01
dev-corpus-01,1599,73,5.864641e-06,73,73,0.001598,0.001490,2.1476e-01
dev-corpus-01,1600,6510,8.925267e-07,6510,6510,0.000299,0.000279,2.4853e-01
dev-corpus-01,1601,440,1.354391e-04,321,321,2.845282,2.836544,1.9568e-01
dev-corpus-01,1602,11230,5.843346e-04,279,279,7.192540,7.163217,1.6988e-01
dev-corpus-01,1603,30641,2.030974e-03,33882,33882,3.923931,3.832364,3.2193e-01
dev-corpus-01,1604,1116,8.800302e-04,321,321,1.669407,1.606693,1.7672e-01
dev-corpus-01,1605,11723,4.250988e-04,321,321,6.992541,7.056040,1.5793e-01
dev-corpus-01,1606,64618,2.463533e-03,64618,64618,2.484883,2.407810,3.5008e-01
dev-corpus-01,1607,321,1.075628e-04,321,321,0.632470,0.642209,1.8624e-01
dev-corpus-01,1608,29233,4.105202e-04,28338,28338,9.455408,9.547733,2.2458e-01
dev-corpus-01,1609,92356,3.861995e-05,92356,92356,0.106754,0.108031,1.9015e-01
dev-corpus-01,1610,22049,5.607193e-04,16359,16359,1.913669,1.925571,1.8925e-01
dev-corpus-01,1611,554,1.119474e-03,554,554,1.425550,1.368679,2.6576e-01
dev-corpus-01,1612,12,6.091000e-05,12,12,0.003536,0.002933,3.0096e-01
dev-corpus-01,1613,31,4.391875e-06,31,31,0.000979,0.000938,3.3786e-01
dev-corpus-01,1614,81735,2.888582e-04,81735,81735,0.395264,0.388073,2.1064e-01
dev-corpus-01,1615,37746,9.216078e-04,32095,32095,6.697102,6.738513,1.8869e-01
dev-corpus-01,1616,52582,7.508250e-04,52582,52582,0.091192,0.083046,4.2229e-01
dev-corpus-01,1617,641,1.913431e-04,641,641,0.201412,0.207258,1.7570e-01
dev-corpus-01,1618,561,1.135122e-03,561,561,1.458922,1.497288,2.8152e-01
dev-corpus-01,1619,7766,2.912908e-04,7766,7766,0.332506,0.321464,2.0124e-01
dev-corpus-01,1620,1892,6.992789e-04,557,557,13.042850,13.044638,2.7468e-01
dev-corpus-01,1621,279,4.033441e-04,864,864,2.721787,2.723821,1.7968e-01
dev-corpus-01,1622,1118,1.983139e-04,1118,1118,0.475730,0.470160,1.7623e-01
dev-corpus-01,1623,9209,5.524704e-04,303,303,4.764444,4.751455,2.0471e-01
dev-corpus-01,1624,4722,4.085346e-04,4722,4722,0.528791,0.544034,2.0654e-01
dev-corpus-01,1625,539,3.471786e-04,539,539,1.064013,1.073598,1.8575e-01
dev-corpus-01,1626,1587,1.134453e-05,1587,1587,0.213552,0.213223,1.7544e-01
dev-corpus-01,1627,73,2.758049e-07,73,73,0.000286,0.000278,1.8819e-01
dev-corpus-01,1628,6510,1.989638e-05,6510,6510,0.000541,0.000454,1.6739e+00
dev-corpus-01,1629,1238,3.931004e-04,1892,1892,2.665042,2.633468,2.3677e-01
dev-corpus-01,1630,551,6.897265e-04,9101,9101,1.907194,1.935807,2.2041e-01
dev-corpus-01,1631,557,5.284095e-04,2047,2047,3.610696,3.681051,1.8460e-01
dev-corpus-01,1632,8239,9.478541e-04,11878,11878,3.064101,3.013571,2.0038e-01
dev-corpus-01,1633,539,1.330855e-04,310,310,3.563833,3.533767,3.3024e-01
dev-corpus-01,1634,20228,6.399341e-04,20228,20228,1.074086,1.059054,2.0553e-01
dev-corpus-01,1635,10401,5.104770e-04,10401,10401,0.252420,0.260794,1.9912e-01
dev-corpus-01,1636,303,4.947164e-04,18867,18867,2.071326,2.029856,2.2166e-01
dev-corpus-01,1637,220,7.393402e-05,220,220,0.212177,0.207927,1.6313e-01
dev-corpus-01,1638,16,3.025859e-05,16,16,0.508227,0.501936,1.4840e-01
dev-corpus-01,1639,24,1.740304e-06,24,24,0.000546,0.000526,7.5688e-01
dev-corpus-01,1640,24,1.223802e-04,24,24,0.246256,0.254386,1.8438e-01
dev-corpus-01,1641,18,5.389253e-05,17,17,2.088086,2.089299,1.2590e-01
dev-corpus-01,1642,321,2.320118e-04,1892,1892,2.579810,2.571870,2.1556e-01
dev-corpus-01,1643,30641,9.912304e-04,2047,2047,7.505755,7.380093,2.5325e-01
dev-corpus-01,1644,10401,4.055854e-04,32118,32118,0.948993,0.917092,2.0182e-01
dev-corpus-01,1645,303,5.643224e-04,303,303,0.842674,0.861016,1.9853e-01
dev-corpus-01,1646,220,8.338795e-06,220,220,0.008013,0.007810,2.6344e-01
dev-corpus-01,1647,17,3.738231e-05,17,17,0.465915,0.465258,1.3146e+00
dev-corpus-01,1648,15,2.233126e-04,15,15,0.001258,0.000677,8.0913e-01
dev-corpus-01,1649,15,4.027048e-05,15,15,0.112736,0.109701,1.8504e-01
dev-corpus-01,1650,23,5.861119e-05,15,15,2.709804,2.692147,1.2234e-01
dev-corpus-01,1651,1892,1.701160e-04,1892,1892,0.355617,0.356514,2.9458e-01
dev-corpus-01,1652,557,1.242760e-03,557,557,1.095443,1.059790,2.3105e-01
dev-corpus-01,1653,10579,8.276664e-04,5698,5698,4.672080,4.656975,2.0601e-01
dev-corpus-01,1654,539,2.662009e-04,539,539,1.021237,1.021666,1.8380e-01
dev-corpus-01,1655,780,5.339790e-04,1587,1587,2.465135,2.497179,1.6228e-01
dev-corpus-01,1656,1765,2.044619e-04,1765,1765,0.200577,0.201003,2.0501e-01
dev-corpus-01,1657,2306,3.877759e-04,2306,2306,0.849280,0.871105,1.7652e-01
dev-corpus-01,1658,1116,2.300069e-04,1116,1116,0.562066,0.566147,1.6609e-01
dev-corpus-01,1659,6017,4.067670e-04,1587,1587,8.134568,8.068629,1.6027e-01
dev-corpus-01,1660,308,9.234126e-04,67529,67529,2.555272,2.574127,2.2046e-01
dev-corpus-01,1661,31754,1.091159e-03,31754,31754,0.215306,0.236004,2.0817e-01
dev-corpus-01,1662,10388,1.608566e-04,10388,10388,0.110353,0.111152,2.1006e-01
dev-corpus-01,1663,641,5.324572e-04,10401,10401,1.817109,1.823378,1.8533e-01
dev-corpus-01,1664,695,1.356968e-03,561,561,2.960532,2.949382,2.5335e-01
dev-corpus-01,1665,1158,1.890891e-03,410,410,12.946628,13.085925,4.1275e-01
dev-corpus-01,1666,3736,2.769723e-04,3736,3736,0.126278,0.120131,2.1853e-01
dev-corpus-01,1667,321,5.767023e-05,314,314,6.099925,6.089950,2.0313e-01
dev-corpus-01,1668,5158,4.715077e-04,5158,5158,1.191514,1.229654,2.4747e-01
dev-corpus-01,1669,303,1.477777e-04,539,539,3.000871,2.987265,2.5453e-01
dev-corpus-01,1670,264,9.303656e-04,220,220,2.973987,3.006256,2.4396e-01
dev-corpus-01,1671,1007,6.395394e-04,7792,7792,3.358840,3.350481,2.2921e-01
dev-corpus-01,1672,1116,2.466382e-04,321,321,1.233487,1.251094,1.9850e-01
dev-corpus-01,1673,279,3.568272e-04,279,279,0.564540,0.567239,2.0214e-01
dev-corpus-01,1674,3150,2.963038e-04,7766,7766,3.638005,3.665414,2.5415e-01
dev-corpus-01,1675,14973,2.658197e-04,557,557,5.894511,5.905468,2.0836e-01
dev-corpus-01,1676,1587,4.876936e-05,264,264,1.319122,1.316240,1.8553e-01
dev-corpus-01,1677,73,5.724319e-07,73,73,0.000666,0.000675,1.9234e-01
dev-corpus-01,1678,6510,1.401303e-05,6510,6510,0.000518,0.000430,9.9798e-01
dev-corpus-01,1679,321,1.201146e-04,359,359,8.348449,8.284730,3.0708e-01
dev-corpus-01,1680,52582,9.216601e-04,780,780,2.503866,2.476409,2.3057e-01
dev-corpus-01,1681,359,3.897066e-04,359,359,0.160198,0.163032,2.5068e-01
dev-corpus-01,1682,11400,4.066678e-03,1118,1118,4.717308,4.763074,2.8627e-01
dev-corpus-01,1683,19421,7.883164e-05,19421,19421,0.255819,0.256661,1.8503e-01
dev-corpus-01,1684,641,1.667246e-04,641,641,1.131740,1.123784,1.9993e-01
dev-corpus-01,1685,1690,6.692472e-04,561,561,5.566471,5.602925,2.3220e-01
dev-corpus-01,1686,16623,8.944497e-04,279,279,5.847437,5.918214,2.2039e-01
dev-corpus-01,1687,12476,8.303742e-05,12476,12476,0.030407,0.032590,2.2084e-01
dev-corpus-01,1688,1116,2.531494e-04,1116,1116,0.098123,0.102460,1.9177e-01
dev-corpus-01,1689,1587,1.470787e-04,1587,1587,0.306532,0.305421,1.6031e-01
dev-corpus-01,1690,73,5.168230e-07,73,73,0.000280,0.000280,2.1381e-01
dev-corpus-01,1691,6510,4.840302e-06,6510,6510,0.000623,0.000669,4.6664e-01
dev-corpus-01,1692,4523,1.006134e-03,321,321,7.273904,7.284971,2.3578e-01
dev-corpus-01,1693,310,1.681840e-04,310,310,0.053672,0.057658,3.4571e-01
dev-corpus-01,1694,780,6.999479e-04,279,279,1.236090,1.189929,2.7342e-01
dev-corpus-01,1695,30332,6.640168e-04,19101,19101,4.468991,4.517821,1.8820e-01
dev-corpus-01,1696,4950,6.388011e-04,1647,1647,2.897869,2.890338,1.9413e-01
dev-corpus-01,1697,1238,2.998507e-04,314,314,5.220047,5.249679,2.1717e-01
dev-corpus-01,1698,780,7.886570e-04,264,264,2.516379,2.513928,2.2486e-01
dev-corpus-01,1699,64134,8.917257e-04,220,220,7.762765,7.866972,1.9706e-01
dev-corpus-01,1700,291,3.971134e-04,291,291,0.266651,0.251470,1.7196e-01
dev-corpus-01,1701,24125,5.111479e-04,6206,6206,2.508115,2.522086,2.0741e-01
dev-corpus-01,1702,364,2.140037e-04,383,383,3.033177,3.041955,1.6835e-01
dev-corpus-01,1703,13412,2.779587e-03,279,279,13.397358,13.304640,2.8810e-01
dev-corpus-01,1704,235840,1.119602e-03,8903,8903,5.693270,5.694810,2.0332e-01
dev-corpus-01,1705,423,4.759160e-03,84854,84854,8.480771,8.517135,3.2650e-01
dev-corpus-01,1706,38531,2.884230e-03,38531,38531,1.161898,1.089340,2.7638e-01
dev-corpus-01,1707,318,3.662067e-04,318,318,1.013354,0.988954,2.1555e-01
dev-corpus-01,1708,220,5.869588e-05,220,220,0.061439,0.061914,2.0920e-01
dev-corpus-01,1709,17,2.271844e-05,17,17,0.010931,0.011613,2.7282e-01
dev-corpus-01,1710,15,1.546865e-05,15,15,0.000614,0.000582,8.5467e-01
dev-corpus-01,1711,16,6.664824e-06,15,15,2.344586,2.333675,2.0171e-01
dev-corpus-01,1712,15,4.874369e-04,15,15,0.296082,0.314271,1.5971e-01
dev-corpus-01,1713,847,7.970452e-05,847,847,0.020615,0.019350,2.9476e-01
dev-corpus-01,1714,641,2.880101e-04,641,641,0.840980,0.841452,5.0469e-01
dev-corpus-01,1715,5788,7.341989e-04,561,695,5.104156,5.101841,2.3742e-01
dev-corpus-01,1716,16876,1.244226e-03,279,279,5.603914,5.716110,2.1239e-01
dev-corpus-01,1717,279,2.022612e-04,279,279,0.488184,0.491734,1.7885e-01
dev-corpus-01,1718,14827,4.422690e-05,7766,7766,7.336182,7.384352,2.0161e-01
dev-corpus-01,1719,1116,7.462231e-04,1116,1116,0.955427,0.924671,1.9420e-01
dev-corpus-01,1720,551,8.958952e-05,1587,1587,1.648943,1.643712,2.0612e-01
dev-corpus-01,1721,995,5.719318e-04,995,995,1.614143,1.622513,2.1529e-01
dev-corpus-01,1722,1429,4.896713e-04,94044,94044,4.998111,5.004303,1.9760e-01
dev-corpus-01,1723,16253,6.793792e-04,264,264,8.008553,7.994207,2.3342e-01
dev-corpus-01,1724,22591,7.431431e-04,22591,22591,1.445172,1.471389,1.6814e-01
dev-corpus-01,1725,310,9.923776e-05,321,321,3.990688,3.992525,1.5955e-01
dev-corpus-01,1726,38406,2.224504e-04,1791,1791,5.648522,5.597685,1.5289e-01
dev-corpus-01,1727,780,4.239161e-04,780,780,0.689238,0.714373,2.1040e-01
dev-corpus-01,1728,4950,8.981060e-04,4950,4950,0.783342,0.823717,2.0522e-01
dev-corpus-01,1729,1116,1.617416e-04,641,641,1.654495,1.662915,1.8265e-01
dev-corpus-01,1730,3322,4.294972e-04,694,694,6.009996,6.000977,2.0080e-01
dev-corpus-01,1731,11192,7.025983e-04,978,978,6.691647,6.700479,2.9666e-01
dev-corpus-01,1732,1092,3.446441e-04,264,264,6.968553,6.958325,1.8936e-01
dev-corpus-01,1733,995,1.970532e-04,551,551,6.161212,6.122578,2.2029e-01
dev-corpus-01,1734,978,8.710736e-04,978,978,0.631033,0.660908,2.1434e-01
dev-corpus-01,1735,2512,1.197364e-03,7246,7246,2.145196,2.225697,1.9431e-01
dev-corpus-01,1736,264,9.562544e-04,9609,9609,1.603419,1.604201,2.2325e-01
dev-corpus-01,1737,328,5.259214e-04,9609,9609,1.765542,1.754099,2.9194e-01
dev-corpus-01,1738,35463,6.200217e-04,69235,69235,4.011857,4.042191,1.6603e-01
dev-corpus-01,1739,554,2.905135e-04,471,471,6.573989,6.584229,2.2268e-01
dev-corpus-01,1740,12,3.392926e-05,12,12,0.003888,0.003513,2.5732e-01
dev-corpus-01,1741,31,6.811238e-04,31,31,0.028328,0.034316,3.0322e-01
dev-corpus-01,1742,1441,3.767840e-04,1441,1441,0.265905,0.263871,3.5613e-01
dev-corpus-01,1743,42606,2.225055e-04,328,328,4.005156,4.006561,2.0335e-01
dev-corpus-01,1744,4879,6.641796e-04,328,328,8.800594,8.814970,1.9881e-01
dev-corpus-01,1745,328,1.127373e-04,328,328,0.097832,0.102151,1.7527e-01
dev-corpus-01,1746,303,3.024279e-04,641,641,3.526741,3.537915,2.0633e-01
dev-corpus-01,1747,780,1.224997e-03,279,279,2.209221,2.207889,3.6522e-01
dev-corpus-01,1748,4477,1.374308e-03,220,220,4.292095,4.205836,2.3334e-01
dev-corpus-01,1749,641,1.366543e-04,641,641,0.138276,0.135887,2.5075e-01
dev-corpus-01,1750,16623,5.665852e-04,695,695,2.712261,2.712578,1.8485e-01
dev-corpus-01,1751,12476,8.269774e-06,12476,12476,0.015318,0.015671,2.4823e-01
dev-corpus-01,1752,682,5.021224e-04,1116,1116,4.007597,3.986910,1.5733e-01
dev-corpus-01,1753,978,3.456997e-04,264,264,1.653077,1.660880,1.7709e-01
dev-corpus-01,1754,7463,4.059307e-04,7246,7246,3.195398,3.267290,1.8752e-01
dev-corpus-01,1755,310,5.674772e-05,310,310,0.206139,0.202693,2.1427e-01
dev-corpus-01,1756,780,4.267241e-04,780,780,0.792283,0.767900,1.9006e-01
dev-corpus-01,1757,6575,5.567786e-04,220,220,2.159631,2.135386,2.0727e-01
dev-corpus-01,1758,35810,3.938070e-04,26788,26788,4.597154,4.659528,1.9003e-01
dev-corpus-01,1759,1116,1.926823e-04,1116,1116,1.449657,1.438510,1.9111e-01
dev-corpus-01,1760,21016,2.763407e-04,1680,1680,14.335622,14.191758,1.9117e-01
dev-corpus-01,1761,3362,1.264060e-04,3362,3362,0.093335,0.093068,1.9863e-01
dev-corpus-01,1762,318,7.861880e-04,401,401,1.280604,1.296283,2.5349e-01
dev-corpus-01,1763,220,2.409194e-05,220,220,0.008566,0.008272,2.6850e-01
dev-corpus-01,1764,16,3.158866e-04,16,16,0.300837,0.315963,1.9013e-01
dev-corpus-01,1765,24,4.426941e-07,24,24,0.000267,0.000257,4.0664e-01
dev-corpus-01,1766,24,9.848966e-06,24,24,0.072409,0.071222,1.6401e-01
dev-corpus-01,1767,19,2.011258e-05,21,21,2.116267,2.121522,1.2348e-01
dev-corpus-01,1768,847,2.322950e-05,847,847,0.012631,0.013206,2.3676e-01
dev-corpus-01,1769,321,1.567780e-05,321,321,0.251072,0.250592,2.2066e-01
dev-corpus-01,1770,20637,5.685720e-04,3851,3851,9.500811,9.491924,1.8076e-01
dev-corpus-01,1771,2233,1.112528e-03,318,318,4.823873,4.891769,2.5943e-01
dev-corpus-01,1772,301,1.190353e-05,301,301,0.012232,0.012139,2.7907e-01
dev-corpus-01,1773,392,4.222560e-06,392,392,0.003279,0.003313,2.0140e-01
dev-corpus-01,1774,78,1.073731e-05,78,78,0.005944,0.005948,1.7543e-01
dev-corpus-01,1775,318,8.561604e-05,318,318,0.023866,0.022335,2.0678e-01
dev-corpus-01,1776,220,2.368472e-06,220,220,0.001621,0.001677,2.3902e-01
dev-corpus-01,1777,16,1.972844e-05,16,16,0.424259,0.420037,8.6225e-01
dev-corpus-01,1778,24,5.857753e-06,24,24,0.001450,0.001543,4.0780e-01
dev-corpus-01,1779,24,8.770562e-07,24,24,0.017929,0.018072,1.3167e-01
dev-corpus-01,1780,18,3.451244e-05,21,21,3.548148,3.559651,1.9919e-01
dev-corpus-01,1781,847,4.127892e-06,847,847,0.005413,0.005403,2.0805e-01
dev-corpus-01,1782,641,1.799927e-04,641,641,0.480905,0.494248,3.0854e-01
dev-corpus-01,1783,695,7.924757e-04,695,695,0.553356,0.571740,2.3784e-01
dev-corpus-01,1784,16623,6.607400e-04,561,561,1.848502,1.806116,2.3524e-01
dev-corpus-01,1785,12476,5.722935e-05,12476,12476,0.022349,0.022281,2.3967e-01
dev-corpus-01,1786,5924,1.094353e-03,557,557,4.462263,4.396551,2.6634e-01
dev-corpus-01,1787,1587,1.162531e-04,1587,1587,0.839105,0.834450,1.6286e-01
dev-corpus-01,1788,73,4.722170e-07,73,73,0.000315,0.000306,2.0500e-01
dev-corpus-01,1789,6510,1.174716e-07,6510,6510,0.000101,0.000098,2.4609e-01
dev-corpus-01,1790,359,1.603816e-05,359,359,0.051545,0.052089,2.0139e-01
dev-corpus-01,1791,82,2.960503e-06,82,82,0.005292,0.005460,1.9169e-01
dev-corpus-01,1792,11400,5.789396e-04,1118,1118,4.181114,4.187754,1.9033e-01
dev-corpus-01,1793,1324,4.931826e-04,23173,23173,2.873379,2.841802,2.3940e-01
dev-corpus-01,1794,554,9.899811e-05,799,799,0.871446,0.886006,2.0041e-01
dev-corpus-01,1795,12,2.497420e-06,12,12,0.000286,0.000268,3.3823e-01
dev-corpus-01,1796,31,8.998063e-07,31,31,0.000181,0.000190,3.4760e-01
dev-corpus-01,1797,799,1.835709e-05,799,799,0.016697,0.016239,2.5671e-01
dev-corpus-01,1798,7766,2.313488e-04,7766,7766,0.174574,0.168880,1.9458e-01
dev-corpus-01,1799,383,4.659983e-05,303,303,1.335561,1.323113,1.8254e-01
dev-corpus-01,1800,279,2.380726e-04,279,279,0.193767,0.191427,2.3239e-01
dev-corpus-01,1801,63957,8.792975e-04,63957,63957,1.149341,1.097011,1.9290e-01
dev-corpus-01,1802,6694,5.076891e-04,18867,18867,1.312116,1.327752,2.3657e-01
dev-corpus-01,1803,18867,7.494053e-05,18867,18867,0.012806,0.013586,2.9222e-01
dev-corpus-01,1804,83731,5.280502e-05,83731,83731,0.029201,0.030516,3.1807e-01
dev-corpus-01,1805,1332,5.559462e-05,9207,9207,10.889934,10.836854,1.8732e-01
dev-corpus-01,1806,424,1.242641e-04,424,424,0.382191,0.379426,2.1580e-01
dev-corpus-01,1807,55174,3.641568e-04,55174,55174,0.913977,0.890476,1.8537e-01
dev-corpus-01,1808,364,3.070277e-05,506,506,8.619929,8.617293,1.7174e-01
dev-corpus-01,1809,279,3.687079e-04,279,279,1.146108,1.154203,1.8625e-01
dev-corpus-01,1810,1936,4.464198e-04,1936,1936,0.488452,0.490768,2.2445e-01
dev-corpus-01,1811,13004,2.028829e-04,314,314,1.693369,1.655698,1.8831e-01
dev-corpus-01,1812,220,5.155808e-04,220,220,0.337871,0.331552,1.9715e-01
dev-corpus-01,1813,17,1.430737e-04,17,17,0.613129,0.603110,2.7801e-01
dev-corpus-01,1814,17,1.733873e-03,20,20,3.424863,3.364240,2.8665e-01
dev-corpus-01,1815,6324,1.756880e-03,6324,6324,0.181719,0.160418,3.1286e-01
dev-corpus-01,1816,220,1.260226e-05,220,220,0.086722,0.086609,1.9077e-01
dev-corpus-01,1817,17,3.139419e-06,17,17,0.001832,0.001769,4.1479e-01
dev-corpus-01,1818,15,8.336567e-07,15,15,0.000555,0.000558,5.5620e-01
dev-corpus-01,1819,16,2.653771e-07,16,16,0.000650,0.000665,2.4519e-01
dev-corpus-01,1820,16,8.925435e-07,16,16,0.008643,0.008750,2.0223e-01
dev-corpus-01,1821,641,2.088769e-04,641,641,0.525124,0.520415,1.8704e-01
dev-corpus-01,1822,1690,2.822383e-04,1049,1049,4.612221,4.610900,2.2770e-01
dev-corpus-01,1823,58614,6.812717e-04,279,279,9.594818,9.565523,2.5819e-01
dev-corpus-01,1824,2397,1.603675e-04,5381,5381,5.125837,5.199115,1.9329e-01
dev-corpus-01,1825,554,2.804305e-04,554,554,0.271972,0.262571,1.5764e-01
dev-corpus-01,1826,12,2.738887e-07,12,12,0.000031,0.000034,2.2701e-01
dev-corpus-01,1827,31,7.577625e-07,31,31,0.000123,0.000131,4.6452e-01
dev-corpus-01,1828,23173,1.117251e-04,23173,23173,0.026688,0.024934,2.5073e-01
dev-corpus-01,1829,5381,1.546209e-05,5381,5381,0.007950,0.007821,1.9180e-01
dev-corpus-01,1830,424,1.523792e-04,1116,1116,2.246379,2.227348,1.9540e-01
dev-corpus-01,1831,38480,1.595483e-04,14195,14195,3.500835,3.502023,1.8009e-01
dev-corpus-01,1832,279,5.435813e-05,279,279,0.088124,0.088530,2.2879e-01
dev-corpus-01,1833,18867,4.387364e-04,9207,9207,2.150396,2.198875,1.9028e-01
dev-corpus-01,1834,9948,3.520245e-03,83731,83731,1.505067,1.499322,3.7618e-01
dev-corpus-01,1835,83731,9.093153e-04,83731,83731,0.382382,0.400285,3.3457e-01
dev-corpus-01,1836,9207,1.134609e-04,9207,9207,0.204675,0.201342,1.8076e-01
dev-corpus-01,1837,1116,4.124735e-04,641,641,1.610504,1.594743,2.1522e-01
dev-corpus-01,1838,321,8.859989e-04,321,321,1.001274,1.005817,2.8575e-01
dev-corpus-01,1839,8379,3.560761e-04,364,364,3.043525,3.001434,1.8390e-01
dev-corpus-01,1840,1324,6.741937e-04,1324,1324,0.720665,0.753667,1.9747e-01
dev-corpus-01,1841,799,5.011146e-04,554,554,2.261800,2.248232,1.7424e-01
dev-corpus-01,1842,383,1.166115e-04,383,383,0.219196,0.222105,1.9111e-01
dev-corpus-01,1843,279,1.413393e-04,279,279,0.177277,0.175459,2.3514e-01
dev-corpus-01,1844,22555,4.625709e-04,18867,18867,3.970507,3.920966,2.2493e-01
dev-corpus-01,1845,83731,7.427164e-04,83731,83731,1.008574,0.989442,2.1102e-01
dev-corpus-01,1846,20613,3.009562e-04,9207,9207,1.651091,1.635874,2.3948e-01
dev-corpus-01,1847,641,1.064078e-04,641,641,0.626475,0.630429,1.9253e-01
dev-corpus-01,1848,1049,4.072980e-04,695,695,1.638960,1.628357,2.4009e-01
dev-corpus-01,1849,369,4.426398e-04,557,557,3.005831,2.997043,2.1725e-01
dev-corpus-01,1850,780,6.546020e-04,1587,1587,2.353072,2.359494,1.8159e-01
dev-corpus-01,1851,17175,2.794894e-04,1118,1118,3.488196,3.439352,1.8232e-01
dev-corpus-01,1852,23173,5.305669e-04,23173,23173,1.185187,1.185893,2.3094e-01
dev-corpus-01,1853,7766,7.437880e-04,1324,1324,2.159455,2.136474,2.0752e-01
dev-corpus-01,1854,310,1.874648e-04,310,310,0.262099,0.255714,1.8617e-01
dev-corpus-01,1855,9207,4.798505e-04,5372,5372,2.552053,2.561692,1.8622e-01
dev-corpus-01,1856,383,1.965441e-04,303,303,1.010324,1.004072,1.8170e-01
dev-corpus-01,1857,279,9.472855e-05,279,279,0.284270,0.288848,2.0497e-01
dev-corpus-01,1858,63957,4.712592e-04,63957,63957,0.662936,0.639149,2.0084e-01
dev-corpus-01,1859,220,1.884971e-04,6694,6694,2.230610,2.267166,2.1568e-01
dev-corpus-01,1860,17,1.612669e-05,17,17,0.006355,0.006718,2.0069e-01
dev-corpus-01,1861,15,2.036179e-06,15,15,0.000269,0.000253,5.3580e-01
dev-corpus-01,1862,15,1.664035e-07,15,15,0.000163,0.000162,2.6477e-01
dev-corpus-01,1863,318,3.742691e-04,1116,1116,3.396028,3.397888,1.7820e-01
dev-corpus-01,1864,18176,1.320218e-03,220,220,3.119918,3.086708,2.4484e-01
dev-corpus-01,1865,1324,2.331643e-04,1324,1324,0.667273,0.673367,1.6891e-01
dev-corpus-01,1866,50614,3.083205e-04,220,220,6.701726,6.783971,1.9430e-01
dev-corpus-01,1867,554,1.279630e-04,554,554,0.382862,0.383316,1.6964e-01
dev-corpus-01,1868,12,3.596689e-07,12,12,0.000180,0.000180,2.6804e-01
dev-corpus-01,1869,31,2.339533e-05,31,31,0.016153,0.015354,6.2395e-01
dev-corpus-01,1870,4097,2.031518e-04,4590,4590,2.162044,2.153126,2.3003e-01
dev-corpus-01,1871,847,3.452195e-04,847,847,0.190681,0.200226,1.8723e-01
dev-corpus-01,1872,1116,4.086829e-04,641,641,1.342334,1.313954,2.2220e-01
dev-corpus-01,1873,321,7.297318e-04,321,321,0.662347,0.652238,3.7043e-01
dev-corpus-01,1874,780,2.338554e-04,780,780,0.982645,0.975533,2.0821e-01
dev-corpus-01,1875,11400,7.331940e-04,1118,1118,2.729796,2.763986,1.6438e-01
dev-corpus-01,1876,7766,3.845263e-04,23173,23173,2.752847,2.774247,1.9474e-01
dev-corpus-01,1877,310,8.768810e-05,310,310,0.262064,0.264345,1.8177e-01
dev-corpus-01,1878,9207,2.963342e-04,9207,9207,0.842501,0.844156,2.3784e-01
dev-corpus-01,1879,303,5.735614e-05,383,383,1.957791,1.952403,1.9630e-01
dev-corpus-01,1880,17163,7.757195e-04,279,279,3.652553,3.714036,2.1416e-01
dev-corpus-01,1881,318,4.350337e-04,641,641,1.512014,1.533549,2.3180e-01
dev-corpus-01,1882,1016,1.567233e-04,18176,18176,2.036513,2.055683,1.8043e-01
dev-corpus-01,1883,1703,4.122322e-07,1703,1703,0.000074,0.000081,2.0575e-01
dev-corpus-01,1884,506,3.409576e-05,506,506,0.029021,0.028452,2.2203e-01
dev-corpus-01,1885,1324,2.571979e-04,1324,1324,0.196655,0.204446,1.6535e-01
dev-corpus-01,1886,50614,5.231895e-04,16570,16570,3.548298,3.609287,1.4880e-01
dev-corpus-01,1887,554,1.104641e-04,554,554,0.129120,0.126945,1.5676e-01
dev-corpus-01,1888,12,1.682999e-07,12,12,0.000022,0.000024,3.5945e-01
dev-corpus-01,1889,31,9.957443e-04,31,31,0.003293,0.001434,3.8727e+00
dev-corpus-01,1890,7810,1.788393e-04,4590,4590,2.239269,2.248623,3.5921e-01
dev-corpus-01,1891,847,2.409437e-04,847,847,0.082438,0.078173,3.3550e-01
dev-corpus-01,1892,641,6.045747e-05,641,641,0.113603,0.114781,3.2408e-01
dev-corpus-01,1893,23475,3.306390e-04,695,695,7.642505,7.673455,2.2742e-01
dev-corpus-01,1894,799,4.883164e-04,279,279,3.459165,3.504639,1.9663e-01
dev-corpus-01,1895,1936,5.316798e-05,2182,2182,1.445919,1.456061,1.5645e-01
dev-corpus-01,1896,1238,8.960587e-05,314,314,3.389087,3.349547,1.8410e-01
dev-corpus-01,1897,1141,1.185442e-04,1141,1141,0.908165,0.913765,1.6471e-01
dev-corpus-01,1898,4722,4.607559e-05,4722,4722,0.115701,0.115141,1.6795e-01
dev-corpus-01,1899,16623,2.309375e-04,1116,1116,5.290758,5.245557,2.0951e-01
dev-corpus-01,1900,12476,6.520715e-06,12476,12476,0.004597,0.004399,2.3766e-01
dev-corpus-01,1901,557,3.184944e-04,557,557,1.172328,1.167950,2.0792e-01
dev-corpus-01,1902,22196,2.032327e-03,22196,22196,0.307703,0.279358,2.3549e-01
dev-corpus-01,1903,6414,3.211945e-04,7186,7186,1.233569,1.242916,1.7463e-01
dev-corpus-01,1904,303,2.833298e-04,539,303,0.767958,0.746222,1.8516e-01
dev-corpus-01,1905,31907,3.831334e-04,11920,11920,4.941909,4.968351,1.5879e-01
dev-corpus-01,1906,1116,4.180473e-04,321,321,1.273340,1.262383,1.7619e-01
dev-corpus-01,1907,279,9.155149e-04,321,321,4.073321,4.115084,1.9872e-01
dev-corpus-01,1908,3516,1.560498e-03,1118,1118,2.424882,2.367423,2.3681e-01
dev-corpus-01,1909,4042,2.353738e-05,4042,4042,0.166564,0.168256,1.6420e-01
dev-corpus-01,1910,321,2.183099e-04,321,321,0.682075,0.670406,1.9465e-01
dev-corpus-01,1911,11920,1.819571e-04,11920,11920,0.883977,0.875089,1.9803e-01
dev-corpus-01,1912,321,5.315685e-04,641,641,3.140718,3.086692,2.0307e-01
dev-corpus-01,1913,22196,1.706564e-04,60131,60131,3.398092,3.383765,1.6113e-01
dev-corpus-01,1914,60131,5.786420e-05,60131,60131,0.132388,0.133794,1.7215e-01
dev-corpus-01,1915,303,1.670946e-05,303,303,0.020302,0.020686,2.0389e-01
dev-corpus-01,1916,34713,4.319243e-04,30046,30046,4.848766,4.856922,1.6946e-01
dev-corpus-01,1917,321,2.095325e-04,641,641,1.432220,1.451748,1.9771e-01
dev-corpus-01,1918,30046,4.481136e-04,30046,30046,1.543940,1.570527,1.8808e-01
dev-corpus-01,1919,641,2.960216e-05,641,641,0.113098,0.112449,1.7781e-01
dev-corpus-01,1920,695,7.133038e-04,695,695,0.867458,0.864860,2.2954e-01
dev-corpus-01,1921,20285,6.413490e-04,16623,16623,8.564875,8.574702,2.1869e-01
dev-corpus-01,1922,16878,1.202036e-03,16878,16878,1.570565,1.583577,2.0214e-01
dev-corpus-01,1923,599,8.280023e-05,998,998,2.451289,2.469875,1.8905e-01
dev-corpus-01,1924,978,2.514431e-05,978,978,0.022303,0.022486,2.2095e-01
dev-corpus-01,1925,5698,8.013712e-05,5698,5698,0.096462,0.099188,1.7929e-01
dev-corpus-01,1926,494,6.836820e-05,494,494,0.108645,0.109826,1.9929e-01
dev-corpus-01,1927,279,9.944539e-05,279,279,0.165486,0.161482,1.5480e-01
dev-corpus-01,1928,7766,5.722637e-05,7766,7766,0.115362,0.118413,1.8952e-01
dev-corpus-01,1929,641,1.487082e-04,535,535,1.199729,1.188314,2.1977e-01
dev-corpus-01,1930,561,3.510648e-04,328,328,1.236144,1.247683,1.9646e-01
dev-corpus-01,1931,2895,3.013735e-04,1118,1118,1.304033,1.329574,1.7498e-01
dev-corpus-01,1932,3074,6.092480e-05,3074,3074,0.043401,0.042819,1.7824e-01
dev-corpus-01,1933,1116,2.794115e-04,1116,1116,0.760148,0.780938,1.8468e-01
dev-corpus-01,1934,328,1.876692e-04,328,328,0.299822,0.293456,2.0211e-01
dev-corpus-01,1935,3851,5.154453e-04,3851,3851,2.838039,2.835460,1.5940e-01
dev-corpus-01,1936,185357,5.763994e-04,351,351,3.872599,3.880907,2.3477e-01
dev-corpus-01,1937,328,8.278931e-04,328,328,1.869055,1.875627,2.1991e-01
dev-corpus-01,1938,1116,1.901562e-04,1116,1116,0.668315,0.677351,2.1019e-01
dev-corpus-01,1939,5924,3.232789e-04,557,557,3.252100,3.243731,1.6619e-01
dev-corpus-01,1940,264,2.859949e-04,1587,1587,2.143304,2.091488,1.6308e-01
dev-corpus-01,1941,8094,7.847154e-04,1324,1324,4.409358,4.447612,1.9371e-01
dev-corpus-01,1942,2316,1.948517e-04,2316,2316,0.428861,0.428896,1.6913e-01
dev-corpus-01,1943,303,1.660081e-04,303,303,1.000021,1.005510,1.9682e-01
dev-corpus-01,1944,3679,3.948204e-04,18867,18867,3.504424,3.508645,1.7505e-01
dev-corpus-01,1945,18867,2.463198e-04,18867,18867,0.758720,0.777433,1.7166e-01
dev-corpus-01,1946,3567,1.040407e-04,3567,3567,0.167424,0.161941,1.7040e-01
dev-corpus-01,1947,5656,4.200268e-05,5656,5656,0.113015,0.110510,1.8675e-01
dev-corpus-01,1948,321,7.786811e-05,641,641,1.566344,1.561597,1.6361e-01
dev-corpus-01,1949,557,2.517376e-04,557,557,1.628582,1.623024,1.5717e-01
dev-corpus-01,1950,1324,2.934663e-04,22196,22196,4.737161,4.699529,1.5528e-01
dev-corpus-01,1951,799,1.490150e-04,799,799,0.345855,0.353439,1.7647e-01
dev-corpus-01,1952,383,1.193934e-04,383,383,0.673350,0.658990,1.7560e-01
dev-corpus-01,1953,279,1.229264e-04,279,279,0.224796,0.219421,2.1786e-01
dev-corpus-01,1954,63957,5.161783e-04,63957,63957,1.639552,1.633037,1.9609e-01
dev-corpus-01,1955,18867,1.430459e-04,18867,18867,0.398443,0.393564,2.2259e-01
dev-corpus-01,1956,37804,1.251878e-03,9948,9948,1.934855,1.906717,2.5471e-01
dev-corpus-01,1957,321,1.692672e-04,9207,9207,3.352750,3.361340,2.0082e-01
dev-corpus-01,1958,18867,7.488903e-04,18867,18867,1.242801,1.248453,2.0069e-01
dev-corpus-01,1959,9948,2.685553e-04,423,423,1.361234,1.332266,2.8683e-01
dev-corpus-01,1960,37804,1.588376e-03,37804,37804,0.640707,0.590419,2.8518e-01
dev-corpus-01,1961,25296,1.053978e-04,25296,25296,0.299615,0.295499,2.0179e-01
dev-corpus-01,1962,641,1.080198e-04,641,641,0.779089,0.778525,1.7316e-01
dev-corpus-01,1963,1049,6.226462e-04,561,561,2.308529,2.325728,2.1429e-01
dev-corpus-01,1964,557,1.917033e-04,557,557,0.879644,0.888611,1.8152e-01
dev-corpus-01,1965,7854,5.171388e-04,1048,1048,2.942229,2.903315,1.9432e-01
dev-corpus-01,1966,539,2.255084e-05,539,539,0.039936,0.039281,1.4673e-01
dev-corpus-01,1967,328,9.776055e-05,328,328,0.351583,0.348764,1.8843e-01
dev-corpus-01,1968,28296,3.526426e-04,3851,3851,6.368378,6.342902,1.6826e-01
dev-corpus-01,1969,16284,8.054699e-04,2337,2337,1.987723,2.007020,2.3355e-01
dev-corpus-01,1970,179314,3.770171e-04,328,328,3.939394,3.932918,2.3837e-01
dev-corpus-01,1971,328,1.274094e-04,328,328,0.093703,0.094461,1.9645e-01
dev-corpus-01,1972,318,1.582720e-04,1116,1116,2.338786,2.361039,1.6249e-01
dev-corpus-01,1973,15963,6.864684e-04,1324,1324,3.120557,3.116756,2.7250e-01
dev-corpus-01,1974,469,7.103407e-04,29233,29233,6.346641,6.399125,1.7350e-01
dev-corpus-01,1975,5923,1.856190e-03,5923,5923,0.268767,0.298568,2.6983e-01
dev-corpus-01,1976,75497,8.675104e-04,75497,75497,0.449347,0.471465,3.7749e-01
dev-corpus-01,1977,847,4.602755e-05,847,847,0.059804,0.061800,2.3560e-01
dev-corpus-01,1978,1116,1.727919e-04,1116,1116,0.648836,0.643183,1.8801e-01
dev-corpus-01,1979,864,8.383918e-05,328,328,1.860000,1.855530,1.8091e-01
dev-corpus-01,1980,8379,1.602032e-04,557,557,1.729696,1.730133,1.7773e-01
dev-corpus-01,1981,1324,1.212838e-04,1324,1324,0.323676,0.320352,1.7388e-01
dev-corpus-01,1982,799,3.820827e-04,799,799,1.212964,1.220304,1.3725e-01
dev-corpus-01,1983,383,1.979417e-04,383,383,0.165221,0.157080,1.9514e-01
dev-corpus-01,1984,279,9.796350e-05,279,279,0.130705,0.133581,1.7775e-01
dev-corpus-01,1985,18867,1.694744e-04,63957,63957,1.295249,1.296245,1.7024e-01
dev-corpus-01,1986,9948,1.121677e-03,9948,9948,0.683650,0.642423,2.4479e-01
dev-corpus-01,1987,37804,1.224330e-04,37804,37804,0.144459,0.140962,2.4261e-01
dev-corpus-01,1988,1116,5.291443e-05,9207,9207,4.089505,4.108388,1.5196e-01
dev-corpus-01,1989,1324,4.914662e-04,321,321,3.259067,3.251394,2.0334e-01
dev-corpus-01,1990,1330,1.109837e-04,1330,1330,0.907445,0.916531,1.8629e-01
dev-corpus-01,1991,383,6.851017e-06,383,383,0.028001,0.027896,1.9048e-01
dev-corpus-01,1992,279,1.766677e-04,279,279,0.125787,0.128157,1.7935e-01
dev-corpus-01,1993,18867,5.241672e-04,18867,18867,0.466561,0.483789,1.9118e-01
dev-corpus-01,1994,37804,3.043290e-04,423,423,1.021812,1.045345,2.5806e-01
dev-corpus-01,1995,25296,3.717916e-05,321,321,2.506323,2.505976,1.5796e-01
dev-corpus-01,1996,321,1.560399e-04,321,321,0.448188,0.435985,1.8716e-01
dev-corpus-01,1997,38480,3.042874e-04,1324,1324,2.933978,2.905998,1.6975e-01
dev-corpus-01,1998,3679,2.219423e-04,279,279,5.199984,5.205253,1.9987e-01
dev-corpus-01,1999,975,3.638581e-04,18867,18867,1.709631,1.687767,1.9266e-01
dev-corpus-01,2000,5145,1.651423e-04,25296,25296,3.213237,3.214724,1.6348e-01
dev-corpus-01,2001,25296,1.990282e-04,25296,25296,0.257299,0.255504,1.5847e-01
dev-corpus-01,2002,641,8.571717e-05,641,641,0.430772,0.432655,1.7925e-01
dev-corpus-01,2003,328,1.211806e-04,561,561,1.290293,1.290748,1.8238e-01
dev-corpus-01,2004,20112,5.199979e-04,3851,3851,4.398656,4.386511,1.5934e-01
dev-corpus-01,2005,4470,5.209850e-04,182248,182248,5.905383,6.004708,1.8324e-01
dev-corpus-01,2006,667,9.074513e-05,667,667,0.604417,0.596543,2.0073e-01
dev-corpus-01,2007,1297,3.337560e-04,328,328,4.128555,4.059548,2.1669e-01
dev-corpus-01,2008,2088,7.884388e-04,436,436,4.241860,4.199028,2.4065e-01
dev-corpus-01,2009,179740,1.830442e-03,426,426,5.448849,5.478419,2.3622e-01
dev-corpus-01,2010,387,9.360680e-04,11620,11620,6.020166,6.005504,2.6025e-01
dev-corpus-01,2011,20149,1.818173e-03,20149,20149,0.795441,0.771386,2.5147e-01
dev-corpus-01,2012,8426,4.129843e-06,8426,8426,0.000838,0.000912,2.6489e-01
dev-corpus-01,2013,57298,2.139202e-04,57298,57298,0.264461,0.257250,2.2906e-01
dev-corpus-01,2014,5405,1.048556e-05,5405,5405,0.010812,0.010930,2.1898e-01
dev-corpus-01,2015,328,2.441332e-05,328,328,0.027603,0.027386,1.9092e-01
dev-corpus-01,2016,557,2.008725e-04,557,557,1.430207,1.449906,1.6265e-01
dev-corpus-01,2017,5698,2.584549e-04,279,279,1.374949,1.398060,1.7547e-01
dev-corpus-01,2018,303,2.094645e-04,430,430,1.098846,1.095721,1.6061e-01
dev-corpus-01,2019,3114,2.425270e-04,220,220,3.182594,3.155173,1.8764e-01
dev-corpus-01,2020,220,1.216018e-04,220,220,0.079860,0.084114,1.9522e-01
dev-corpus-01,2021,17,1.188194e-06,17,17,0.002835,0.002832,4.1350e-01
dev-corpus-01,2022,15,2.417786e-06,15,15,0.000538,0.000500,7.1174e-01
dev-corpus-01,2023,16,2.833568e-07,16,16,0.000641,0.000627,1.6146e-01
dev-corpus-01,2024,17,3.184926e-04,17,17,0.105645,0.113375,1.4017e-01
dev-corpus-01,2025,2502,4.141422e-04,321,321,4.287228,4.261012,1.6588e-01
dev-corpus-01,2026,328,2.986036e-04,424,424,2.282678,2.299648,1.7226e-01
dev-corpus-01,2027,2568,3.787791e-04,3851,3851,4.089929,4.093941,1.6773e-01
dev-corpus-01,2028,3297,4.220311e-04,3297,3297,1.638404,1.647349,1.8990e-01
dev-corpus-01,2029,42146,2.893963e-04,42146,42146,0.116188,0.109347,1.7485e-01
dev-corpus-01,2030,328,2.620391e-04,328,328,0.499833,0.499764,2.1479e-01
dev-corpus-01,2031,303,4.664603e-04,557,557,2.267386,2.297787,1.7041e-01
dev-corpus-01,2032,5589,2.087068e-04,5361,5361,1.743522,1.758382,1.7105e-01
dev-corpus-01,2033,220,6.562614e-05,220,220,0.176736,0.180935,1.8575e-01
dev-corpus-01,2034,17,4.196684e-05,17,17,0.001647,0.001371,9.9086e-01
dev-corpus-01,2035,15,1.730583e-06,15,15,0.000849,0.000844,4.4878e-01
dev-corpus-01,2036,16,2.790610e-06,16,16,0.000136,0.000119,4.9213e-01
dev-corpus-01,2037,17,2.659846e-05,17,17,0.004926,0.004509,2.5222e-01
dev-corpus-01,2038,1116,4.368047e-04,2502,2502,2.059129,2.082096,1.6743e-01
dev-corpus-01,2039,321,1.152886e-04,321,321,0.360019,0.357698,2.0057e-01
dev-corpus-01,2040,328,1.005532e-04,328,328,0.202371,0.198396,1.8886e-01
dev-corpus-01,2041,11493,4.976887e-04,3851,3851,4.291715,4.229908,1.7708e-01
dev-corpus-01,2042,27713,5.665151e-04,2088,2088,3.649293,3.662659,1.6730e-01
dev-corpus-01,2043,2233,1.184140e-03,629,629,2.099692,2.098654,2.5026e-01
dev-corpus-01,2044,59725,1.203121e-03,9124,9124,6.214919,6.168102,2.4300e-01
dev-corpus-01,2045,166406,5.936560e-04,166406,166406,0.155905,0.169600,2.5067e-01
dev-corpus-01,2046,328,3.821790e-05,328,328,0.019980,0.020742,2.5657e-01
dev-corpus-01,2047,303,2.057055e-04,303,303,0.246971,0.241289,1.7940e-01
dev-corpus-02,2048,3856,6.371525e-04,283,283,6.519180,6.453912,1.8654e-01
dev-corpus-02,2049,70577,5.956725e-04,220,220,9.317687,9.350362,2.7051e-01
dev-corpus-02,2050,353,2.198197e-03,14016,14016,1.800818,1.901838,2.8517e-01
dev-corpus-02,2051,55603,1.122319e-03,3593,3593,2.227047,2.219328,2.8507e-01
dev-corpus-02,2052,283,7.699270e-04,283,283,0.762085,0.746700,2.2200e-01
dev-corpus-02,2053,30858,6.140183e-05,198,198,12.594234,12.652569,2.6861e-01
dev-corpus-02,2054,561,1.970516e-03,410,410,7.477747,7.515767,3.5268e-01
dev-corpus-02,2055,3856,3.758643e-04,5753,5753,1.791719,1.815135,2.7090e-01
dev-corpus-02,2056,70577,1.851521e-04,70577,70577,0.056270,0.051970,2.0820e-01
dev-corpus-02,2057,353,4.611490e-04,353,353,0.174582,0.174929,2.6466e-01
dev-corpus-02,2058,557,6.059072e-04,557,557,0.804722,0.820840,2.1004e-01
dev-corpus-02,2059,264,1.277394e-04,264,264,0.582845,0.588453,2.0344e-01
dev-corpus-02,2060,523,4.424609e-04,5753,5753,1.305844,1.314322,2.9677e-01
dev-corpus-02,2061,314,7.770060e-06,314,314,0.006596,0.006767,2.4230e-01
dev-corpus-02,2062,2526,8.375873e-04,5753,5753,4.302749,4.254158,2.8063e-01
dev-corpus-02,2063,33101,1.078212e-03,5753,5753,3.249348,3.259013,2.8242e-01
dev-corpus-02,2064,82588,1.249804e-03,82588,82588,0.559334,0.532316,2.9235e-01
dev-corpus-02,2065,318,5.269291e-04,5617,5617,2.229252,2.259904,1.8554e-01
dev-corpus-02,2066,533,5.953981e-04,52,52,4.511460,4.494096,2.5169e-01
dev-corpus-02,2067,554,1.299496e-04,12,12,14.962958,15.022030,2.9221e-01
dev-corpus-02,2068,12,1.317042e-03,2436,2436,3.005989,3.015505,2.5266e-01
dev-corpus-02,2069,31,3.989615e-04,1191,1191,9.412109,9.361825,2.7170e-01
dev-corpus-02,2070,30592,3.060866e-04,1191,1191,3.254222,3.261406,2.4446e-01
dev-corpus-02,2071,847,7.313648e-05,8,8,1.007147,1.009481,2.0240e-01
dev-corpus-02,2072,5617,5.669445e-04,5617,5617,0.775255,0.747952,1.7746e-01
dev-corpus-02,2073,303,4.097014e-04,364,364,1.848889,1.790378,2.1076e-01
dev-corpus-02,2074,9564,1.067442e-03,9564,9564,0.560303,0.532295,2.5584e-01
dev-corpus-02,2075,506,4.595686e-04,2261,2261,2.221650,2.253196,2.5267e-01
dev-corpus-02,2076,279,2.561352e-05,279,279,0.010450,0.011102,2.2106e-01
dev-corpus-02,2077,6941,2.898017e-04,6941,6941,0.563273,0.574852,1.8998e-01
dev-corpus-02,2078,314,1.087037e-05,314,314,0.006933,0.007201,1.3409e-01
dev-corpus-02,2079,279,3.322712e-04,4196,4196,1.206246,1.169131,1.9681e-01
dev-corpus-02,2080,5339,1.668169e-04,5339,5339,0.355566,0.360940,1.8739e-01
dev-corpus-02,2081,4196,2.978822e-06,4196,4196,0.004350,0.004401,1.8225e-01
dev-corpus-02,2082,4843,8.784564e-06,4843,4843,0.002217,0.002044,2.3764e-01
dev-corpus-02,2083,641,2.895324e-04,13,13,2.006268,2.057256,2.0213e-01
dev-corpus-02,2084,220,2.940394e-04,561,561,3.922053,3.886384,1.8988e-01
dev-corpus-02,2085,17,8.537070e-04,16,16,2.028973,2.036083,2.2157e-01
dev-corpus-02,2086,15,4.079123e-04,15,15,1.256897,1.250931,3.0403e-01
dev-corpus-02,2087,30592,2.308832e-03,15,15,2.623025,2.658574,2.6749e-01
dev-corpus-02,2088,998,1.942051e-04,998,998,0.546001,0.530689,1.7565e-01
dev-corpus-02,2089,19729,1.290480e-04,5617,5617,3.424921,3.424434,1.9382e-01
dev-corpus-02,2090,1116,3.223892e-04,303,303,3.081691,3.082400,2.3968e-01
dev-corpus-02,2091,1379,7.084276e-04,220,220,5.010154,5.009550,2.1820e-01
dev-corpus-02,2092,314,4.200596e-04,314,314,0.477565,0.496716,1.7897e-01
dev-corpus-02,2093,864,1.519729e-04,1070,1070,0.839727,0.821622,1.8806e-01
dev-corpus-02,2094,3804,4.195853e-04,998,998,4.630631,4.587263,2.3265e-01
dev-corpus-02,2095,1083,1.768042e-04,310,310,1.459730,1.443142,1.9863e-01
dev-corpus-02,2096,2393,2.116659e-04,2393,2393,0.147662,0.147937,2.2298e-01
dev-corpus-02,2097,440,3.502806e-04,303,303,1.358788,1.352228,1.9159e-01
dev-corpus-02,2098,279,4.558693e-05,279,279,0.104895,0.104773,2.3388e-01
dev-corpus-02,2099,5753,4.901549e-04,5753,5753,0.675658,0.658640,2.1619e-01
dev-corpus-02,2100,28936,8.073679e-04,28936,28936,0.527404,0.553176,2.6951e-01
dev-corpus-02,2101,18463,1.205452e-04,18463,18463,0.080685,0.078015,2.1136e-01
dev-corpus-02,2102,641,3.245954e-04,641,641,1.251680,1.227234,2.1346e-01
dev-corpus-02,2103,2436,5.638026e-04,220,220,8.022319,7.964645,2.1136e-01
dev-corpus-02,2104,1798,4.122910e-05,1798,1798,0.017559,0.018585,1.8988e-01
dev-corpus-02,2105,314,9.764297e-04,314,314,1.032470,1.082739,1.9713e-01
dev-corpus-02,2106,411,2.647569e-05,411,411,0.361730,0.364552,1.7955e-01
dev-corpus-02,2107,2790,2.408462e-05,523,523,4.365957,4.329813,1.8205e-01
dev-corpus-02,2108,998,2.530818e-04,998,998,0.374213,0.377414,2.3113e-01
dev-corpus-02,2109,1048,6.182950e-04,1048,1048,1.689002,1.717207,2.0810e-01
dev-corpus-02,2110,22428,4.153966e-04,5617,5617,2.995425,2.990567,1.7613e-01
dev-corpus-02,2111,539,4.578512e-05,539,539,0.079412,0.078296,2.0883e-01
dev-corpus-02,2112,279,3.393728e-04,279,279,0.587354,0.591463,2.3805e-01
dev-corpus-02,2113,12555,2.666346e-03,12555,12555,1.023582,1.092413,2.9160e-01
dev-corpus-02,2114,298,5.168304e-06,298,298,0.003978,0.004094,1.7511e-01
dev-corpus-02,2115,554,1.867638e-04,10951,10951,4.486903,4.431973,1.6555e-01
dev-corpus-02,2116,12,2.657244e-04,12,12,0.113374,0.119978,2.1664e-01
dev-corpus-02,2117,31,4.596132e-04,31,31,0.060089,0.067436,2.7061e-01
dev-corpus-02,2118,54871,8.841840e-05,54871,54871,0.048739,0.047215,2.6083e-01
dev-corpus-02,2119,18463,3.594056e-04,18463,18463,0.877259,0.850493,1.7595e-01
dev-corpus-02,2120,318,1.764146e-04,321,321,2.507504,2.495353,1.6240e-01
dev-corpus-02,2121,64702,8.886567e-04,220,220,8.320804,8.346204,2.1625e-01
dev-corpus-02,2122,19395,1.970622e-04,19395,19395,0.153556,0.158806,3.1808e-01
dev-corpus-02,2123,1962,5.051716e-04,1962,1962,0.207768,0.202120,2.9357e-01
dev-corpus-02,2124,181245,7.593807e-04,22661,22661,2.121741,2.200142,2.3712e-01
dev-corpus-02,2125,19395,2.098146e-06,19395,19395,0.004743,0.004710,1.8860e-01
dev-corpus-02,2126,163935,1.457018e-03,22248,22248,1.601918,1.688229,2.5990e-01
dev-corpus-02,2127,3445,7.880734e-06,3445,3445,0.005493,0.005287,2.1452e-01
dev-corpus-02,2128,71688,4.381667e-06,71688,71688,0.002291,0.002423,2.4028e-01
dev-corpus-02,2129,466,1.214488e-04,847,847,4.138611,4.122242,1.7321e-01
dev-corpus-02,2130,710,1.971192e-04,710,710,0.556099,0.555012,2.1949e-01
dev-corpus-02,2131,11299,6.103410e-04,11299,11299,1.097082,1.132195,2.6404e-01
dev-corpus-02,2132,11024,3.378156e-05,11024,11024,0.104509,0.104629,2.5640e-01
dev-corpus-02,2133,13,3.407618e-04,13,13,0.806953,0.806752,1.8586e-01
dev-corpus-02,2134,163935,5.500598e-04,163935,163935,0.559866,0.584065,2.1088e-01
dev-corpus-02,2135,3445,1.184194e-06,3445,3445,0.000840,0.000868,1.7759e-01
dev-corpus-02,2136,71688,4.039180e-07,71688,71688,0.001271,0.001288,2.1931e-01
dev-corpus-02,2137,847,4.852476e-05,847,847,0.213494,0.211684,1.7329e-01
dev-corpus-02,2138,321,3.253339e-04,321,321,0.781626,0.791021,1.9720e-01
dev-corpus-02,2139,279,2.997081e-04,279,279,0.391996,0.391204,2.0627e-01
dev-corpus-02,2140,85573,7.944165e-04,66675,66675,1.923705,1.936078,2.3435e-01
dev-corpus-02,2141,18463,3.802168e-04,18463,18463,0.209339,0.198515,2.1143e-01
dev-corpus-02,2142,641,7.352966e-04,641,641,0.704295,0.671912,1.9857e-01
dev-corpus-02,2143,561,4.007396e-04,198,198,2.058044,2.059746,2.3181e-01
dev-corpus-02,2144,1809,2.512916e-04,3856,3856,9.455289,9.473805,1.7469e-01
dev-corpus-02,2145,369,3.737637e-04,314,314,2.925229,2.887807,2.1091e-01
dev-corpus-02,2146,6807,4.345072e-04,6807,6807,2.278161,2.280663,1.9092e-01
dev-corpus-02,2147,3750,3.762928e-04,13464,13464,3.021819,3.054114,1.7879e-01
dev-corpus-02,2148,430,9.314468e-05,430,430,0.122122,0.118407,2.0411e-01
dev-corpus-02,2149,279,1.103024e-04,279,279,0.189056,0.187662,2.1858e-01
dev-corpus-02,2150,70577,4.873899e-04,70577,70577,1.741564,1.746050,2.5040e-01
dev-corpus-02,2151,554,1.443242e-03,353,353,2.630749,2.669781,2.1381e-01
dev-corpus-02,2152,12,1.474971e-04,12,12,0.074899,0.073312,2.3783e-01
dev-corpus-02,2153,31,2.332251e-04,31,31,0.025940,0.028131,2.8483e-01
dev-corpus-02,2154,220,8.943266e-04,353,353,1.953211,1.984278,2.8850e-01
dev-corpus-02,2155,16,1.365356e-04,16,16,0.629529,0.637762,2.7804e-01
dev-corpus-02,2156,523,3.497048e-03,24,24,1.569775,1.680598,2.4111e-01
dev-corpus-02,2157,1238,2.472089e-04,641,641,7.140215,7.141590,1.6649e-01
dev-corpus-02,2158,13322,1.467071e-04,279,279,13.177488,13.042309,2.0480e-01
dev-corpus-02,2159,70577,8.792022e-05,70577,70577,0.058862,0.057370,2.7549e-01
dev-corpus-02,2160,554,6.045282e-04,554,554,0.287424,0.307300,2.2628e-01
dev-corpus-02,2161,12,1.378510e-06,12,12,0.001745,0.001785,2.0613e-01
dev-corpus-02,2162,31,3.731926e-05,31,31,0.006031,0.006688,4.8968e-01
dev-corpus-02,2163,220,1.695459e-05,220,220,0.014101,0.014587,2.3352e-01
dev-corpus-02,2164,16,2.112075e-05,16,16,0.021039,0.021794,2.2963e-01
dev-corpus-02,2165,1116,1.193127e-04,1116,1116,0.745261,0.744635,2.5363e-01
dev-corpus-02,2166,279,1.283966e-04,279,279,0.206750,0.202771,1.8759e-01
dev-corpus-02,2167,523,1.598741e-04,1118,1118,4.661302,4.758573,1.8776e-01
dev-corpus-02,2168,7410,5.784247e-04,7410,7410,0.491530,0.468971,2.0360e-01
dev-corpus-02,2169,641,2.484112e-04,641,641,0.469619,0.466774,2.1225e-01
dev-corpus-02,2170,733,2.983893e-04,198,198,4.606992,4.626455,1.9019e-01
dev-corpus-02,2171,279,2.739800e-04,220,220,1.984444,1.973447,1.7533e-01
dev-corpus-02,2172,12555,6.462235e-04,5753,5753,3.908138,3.838501,1.9461e-01
dev-corpus-02,2173,298,3.454365e-06,298,298,0.002983,0.002930,1.9614e-01
dev-corpus-02,2174,554,5.495502e-05,554,554,0.054755,0.054467,1.6741e-01
dev-corpus-02,2175,12,1.017281e-05,12,12,0.001802,0.001981,1.9641e-01
dev-corpus-02,2176,31,1.387389e-05,31,31,0.002059,0.001860,4.2390e-01
dev-corpus-02,2177,54871,1.656756e-05,54871,54871,0.012234,0.012151,3.1807e-01
dev-corpus-02,2178,18463,1.953944e-04,18463,18463,0.594986,0.595794,1.7061e-01
dev-corpus-02,2179,1116,9.021817e-05,1116,1116,0.836716,0.829938,1.8585e-01
dev-corpus-02,2180,424,1.737306e-04,279,279,3.382413,3.377632,1.7178e-01
dev-corpus-02,2181,557,5.091872e-05,557,557,0.175229,0.178946,2.0286e-01
dev-corpus-02,2182,2512,1.838392e-04,3750,3750,2.499599,2.490400,1.8544e-01
dev-corpus-02,2183,279,1.110618e-04,279,279,0.196827,0.193420,2.1193e-01
dev-corpus-02,2184,533,1.370695e-03,533,533,0.889882,0.841603,2.5145e-01
dev-corpus-02,2185,554,4.151992e-04,554,554,0.568435,0.566498,3.0201e-01
dev-corpus-02,2186,12,1.899744e-05,12,12,0.005909,0.005614,2.3961e-01
dev-corpus-02,2187,31,5.198404e-04,31,31,0.036910,0.031163,5.1117e-01
dev-corpus-02,2188,220,3.428404e-04,220,220,0.252867,0.243063,2.9947e-01
dev-corpus-02,2189,16,1.083598e-04,16,16,0.546015,0.540729,2.7474e-01
dev-corpus-02,2190,15,1.451913e-04,523,523,3.517017,3.520913,2.1114e-01
dev-corpus-02,2191,523,1.302665e-04,523,523,0.649139,0.652573,2.0460e-01
dev-corpus-02,2192,641,3.730886e-04,641,641,0.531276,0.526757,2.2079e-01
dev-corpus-02,2193,695,5.017835e-04,198,198,1.713884,1.742670,2.4107e-01
dev-corpus-02,2194,31959,5.001823e-04,410,410,6.543587,6.501903,1.8905e-01
dev-corpus-02,2195,310,4.678091e-04,303,303,2.332120,2.331559,2.3253e-01
dev-corpus-02,2196,3258,4.835367e-04,264,264,4.078608,4.093446,2.0093e-01
dev-corpus-02,2197,279,2.404942e-04,279,279,0.657458,0.668537,1.9250e-01
dev-corpus-02,2198,1144,4.902181e-04,32556,32556,1.982076,1.998833,1.8680e-01
dev-corpus-02,2199,364,4.489290e-05,364,364,0.083717,0.083250,2.4192e-01
dev-corpus-02,2200,2526,4.053460e-04,264,264,1.627249,1.648487,1.8620e-01
dev-corpus-02,2201,42649,5.444415e-04,82588,82588,11.383401,11.359762,1.7537e-01
dev-corpus-02,2202,470,8.339547e-04,470,470,0.135810,0.121677,1.7743e-01
dev-corpus-02,2203,82588,4.888042e-04,82588,82588,1.136359,1.166549,1.8096e-01
dev-corpus-02,2204,2858,2.295273e-04,364,364,4.836078,4.819679,2.2414e-01
dev-corpus-02,2205,310,3.328395e-06,310,310,0.002961,0.002869,1.6637e-01
dev-corpus-02,2206,14061,3.277030e-04,14061,14061,0.582153,0.595504,1.7819e-01
dev-corpus-02,2207,303,2.355641e-04,303,303,0.679821,0.668728,1.7550e-01
dev-corpus-02,2208,279,2.659454e-04,33101,33101,1.415892,1.394002,1.9781e-01
dev-corpus-02,2209,14590,1.170415e-03,33101,33101,2.977287,2.959899,2.0627e-01
dev-corpus-02,2210,1116,9.976284e-04,33101,33101,5.432764,5.533536,1.8280e-01
dev-corpus-02,2211,24785,5.864492e-04,24785,24785,0.539401,0.544746,2.0981e-01
dev-corpus-02,2212,49998,5.268925e-04,19895,19895,4.614276,4.641570,1.7819e-01
dev-corpus-02,2213,974,3.554652e-04,314,314,3.384810,3.398093,2.0324e-01
dev-corpus-02,2214,426,3.021868e-04,279,279,7.117549,7.138502,2.6797e-01
dev-corpus-02,2215,82036,2.165032e-05,82036,82036,0.003214,0.003570,2.9257e-01
dev-corpus-02,2216,1116,1.790910e-04,321,321,1.209684,1.199959,2.3369e-01
dev-corpus-02,2217,279,4.037078e-04,279,279,0.761442,0.777304,2.0768e-01
dev-corpus-02,2218,29001,2.793830e-04,70577,70577,6.331818,6.369560,1.6858e-01
dev-corpus-02,2219,998,1.578601e-04,998,998,0.417409,0.415868,1.6917e-01
dev-corpus-02,2220,10287,4.987719e-04,5995,5995,3.999077,3.976700,1.8435e-01
dev-corpus-02,2221,310,2.066757e-04,310,310,0.389988,0.381386,1.7439e-01
dev-corpus-02,2222,381,4.728779e-04,381,381,1.315886,1.310498,1.9005e-01
dev-corpus-02,2223,5964,6.630372e-04,1429,1429,5.693366,5.681067,1.9559e-01
dev-corpus-02,2224,19729,4.728484e-04,19729,19729,1.266071,1.247418,1.7984e-01
dev-corpus-02,2225,1116,2.825385e-04,321,321,2.677692,2.722010,1.7031e-01
dev-corpus-02,2226,1179,9.187250e-04,11533,11533,6.606898,6.700728,1.5451e-01
dev-corpus-02,2227,26380,1.103817e-03,25241,25241,4.124989,4.107043,2.1385e-01
dev-corpus-02,2228,539,3.977948e-04,310,310,2.499123,2.496496,1.8344e-01
dev-corpus-02,2229,13176,2.743701e-04,13176,13176,0.300813,0.289141,2.0092e-01
dev-corpus-02,2230,321,1.118436e-04,310,310,2.879228,2.898167,2.0394e-01
dev-corpus-02,2231,32878,4.267629e-04,32878,32878,0.566072,0.550118,2.0993e-01
dev-corpus-02,2232,506,2.285714e-04,506,506,0.837333,0.837887,1.6937e-01
dev-corpus-02,2233,836,7.412075e-04,836,836,0.878121,0.846840,2.3797e-01
dev-corpus-02,2234,2548,5.651870e-04,8833,8833,4.922698,4.841362,1.8607e-01
dev-corpus-02,2235,314,9.025015e-05,314,314,0.096479,0.097917,1.9914e-01
dev-corpus-02,2236,5488,1.752800e-04,8833,8833,2.565283,2.530357,1.9355e-01
dev-corpus-02,2237,641,8.297539e-05,641,641,0.184878,0.184130,1.9524e-01
dev-corpus-02,2238,561,2.847560e-04,561,561,1.777897,1.756319,1.7969e-01
dev-corpus-02,2239,2790,4.467831e-04,70577,70577,2.759754,2.746413,1.9282e-01
dev-corpus-02,2240,4879,1.589888e-04,557,557,8.486158,8.473761,1.8106e-01
dev-corpus-02,2241,5820,2.810504e-04,557,557,3.110644,3.098766,1.7298e-01
dev-corpus-02,2242,303,8.827423e-05,303,303,0.260254,0.262708,1.7168e-01
dev-corpus-02,2243,4937,1.805191e-04,220,220,3.916644,3.962397,1.9571e-01
dev-corpus-02,2244,554,5.079593e-05,554,554,0.454805,0.455278,1.6488e-01
dev-corpus-02,2245,12,9.290436e-07,12,12,0.000195,0.000207,2.4881e-01
dev-corpus-02,2246,31,1.556642e-05,31,31,0.003453,0.003165,2.9889e-01
dev-corpus-02,2247,5963,3.636931e-05,220,220,3.990559,3.998227,2.0883e-01
dev-corpus-02,2248,220,3.654417e-05,220,220,0.085737,0.086394,2.0533e-01
dev-corpus-02,2249,16,1.353127e-05,16,16,0.003185,0.003475,2.5583e-01
dev-corpus-02,2250,24,5.990317e-06,24,24,0.003867,0.003730,2.8703e-01
dev-corpus-02,2251,16,7.185680e-07,16,16,0.001162,0.001155,1.9375e-01
dev-corpus-02,2252,19,8.125625e-04,19,19,0.186097,0.181085,1.6338e-01
dev-corpus-02,2253,321,1.637643e-04,1116,1116,1.614340,1.592081,1.6609e-01
dev-corpus-02,2254,539,2.691756e-04,279,279,3.745287,3.725003,2.0163e-01
dev-corpus-02,2255,4937,3.804925e-04,279,279,2.710574,2.683427,1.7282e-01
dev-corpus-02,2256,554,1.911278e-04,554,554,0.256816,0.247476,1.8955e-01
dev-corpus-02,2257,12,1.004999e-06,12,12,0.000098,0.000100,3.0543e-01
dev-corpus-02,2258,31,1.641617e-05,31,31,0.003452,0.003778,1.1817e+00
dev-corpus-02,2259,6324,2.155849e-04,5930,5930,1.219786,1.237089,1.7859e-01
dev-corpus-02,2260,279,1.839971e-04,220,220,2.084738,2.092799,1.8270e-01
dev-corpus-02,2261,1118,5.895434e-04,1118,1118,0.640090,0.623702,1.9715e-01
dev-corpus-02,2262,220,5.461414e-04,30592,30592,4.088621,4.187436,1.8622e-01
dev-corpus-02,2263,16,3.770150e-04,16,16,0.864934,0.857675,2.2498e-01
dev-corpus-02,2264,20,1.273299e-04,15,15,2.297397,2.300225,2.3290e-01
dev-corpus-02,2265,30592,3.869816e-04,30592,30592,0.759562,0.746783,1.8752e-01
dev-corpus-02,2266,998,9.630290e-05,998,998,0.509922,0.506577,2.0983e-01
dev-corpus-02,2267,11128,6.149605e-04,11128,11128,1.471613,1.515205,1.8143e-01
dev-corpus-02,2268,494,4.138553e-04,641,641,2.041924,2.042347,1.7272e-01
dev-corpus-02,2269,1330,9.433739e-04,279,279,3.917926,3.926980,2.7390e-01
dev-corpus-02,2270,5753,5.854781e-04,8026,8026,1.460596,1.428891,1.9236e-01
dev-corpus-02,2271,8026,2.721923e-04,8026,8026,0.448390,0.446119,2.2277e-01
dev-corpus-02,2272,54534,3.339341e-05,54534,54534,0.078199,0.079964,2.0067e-01
dev-corpus-02,2273,641,1.613660e-04,641,641,0.940142,0.942883,2.0528e-01
dev-corpus-02,2274,561,7.311633e-04,561,561,1.471743,1.483874,2.1405e-01
dev-corpus-02,2275,5753,7.598492e-04,1118,1118,3.695807,3.640511,2.3654e-01
dev-corpus-02,2276,28936,9.223750e-04,28936,28936,1.750113,1.775472,1.9002e-01
dev-corpus-02,2277,18463,5.230818e-05,18463,18463,0.051132,0.050670,2.0773e-01
dev-corpus-02,2278,26533,6.930808e-04,11128,11128,6.113431,6.052724,1.8770e-01
dev-corpus-02,2279,11128,4.743150e-04,11128,11128,0.843946,0.829086,1.8757e-01
dev-corpus-02,2280,449,4.084383e-04,220,220,2.134367,2.138512,1.7761e-01
dev-corpus-02,2281,4945,2.925248e-05,4945,4945,0.014329,0.013597,1.6167e-01
dev-corpus-02,2282,6505,2.101553e-03,220,220,10.436742,10.464832,2.0974e-01
dev-corpus-02,2283,314,7.014620e-04,314,314,0.665478,0.694463,2.1933e-01
dev-corpus-02,2284,30592,3.983524e-04,30592,30592,0.643594,0.654702,1.7383e-01
dev-corpus-02,2285,310,5.058731e-04,494,494,2.696764,2.686032,2.1660e-01
dev-corpus-02,2286,8032,1.016701e-03,381,381,2.647428,2.627865,2.1438e-01
dev-corpus-02,2287,1330,2.286917e-04,1330,1330,1.295542,1.287048,1.7469e-01
dev-corpus-02,2288,5898,1.016637e-03,5384,5384,8.216874,8.237426,2.0598e-01
dev-corpus-02,2289,310,1.960217e-04,310,310,0.154962,0.154212,3.6470e-01
dev-corpus-02,2290,33741,2.687601e-04,279,279,1.375353,1.371400,1.9060e-01
dev-corpus-02,2291,554,6.918904e-04,554,554,0.501620,0.474088,1.5419e-01
dev-corpus-02,2292,12,3.486418e-06,12,12,0.000969,0.000941,2.3161e-01
dev-corpus-02,2293,31,9.029805e-05,31,31,0.055862,0.052966,2.6770e-01
dev-corpus-02,2294,41361,8.584610e-05,41361,41361,0.055501,0.053803,2.8625e-01
dev-corpus-02,2295,1116,1.451855e-04,641,641,2.247742,2.249684,1.7757e-01
dev-corpus-02,2296,852,3.302442e-04,321,321,5.911527,5.970627,2.1826e-01
dev-corpus-02,2297,11128,7.064501e-04,995,995,2.182530,2.220692,2.5323e-01
dev-corpus-02,2298,264,5.967709e-04,220,220,2.050278,2.066309,2.1318e-01
dev-corpus-02,2299,4473,7.396095e-04,4473,4473,1.094873,1.112710,2.3567e-01
dev-corpus-02,2300,2250,2.954706e-04,220,220,2.751699,2.722595,1.6546e-01
dev-corpus-02,2301,30592,4.986435e-04,641,641,1.315466,1.297867,1.7870e-01
dev-corpus-02,2302,303,1.033453e-03,641,641,2.758073,2.686579,2.3030e-01
dev-corpus-02,2303,5632,1.766859e-03,6443,6443,4.384312,4.312992,2.0928e-01
dev-corpus-02,2304,220,6.809703e-05,220,220,0.144098,0.140647,1.9680e-01
dev-corpus-02,2305,16,2.533682e-06,16,16,0.002808,0.002719,2.2113e-01
dev-corpus-02,2306,24,1.307422e-06,24,24,0.000239,0.000239,1.1400e+00
dev-corpus-02,2307,16,3.819553e-07,16,16,0.000409,0.000406,2.0107e-01
dev-corpus-02,2308,20,5.352846e-05,20,20,0.024468,0.025746,1.6585e-01
dev-corpus-02,2309,641,1.586296e-04,641,641,0.206926,0.200244,2.1343e-01
dev-corpus-02,2310,357,1.930318e-04,695,695,2.823481,2.804367,1.8061e-01
dev-corpus-02,2311,2702,7.482400e-04,2702,2702,1.291411,1.243258,1.7615e-01
dev-corpus-02,2312,314,1.336724e-05,314,314,0.005748,0.005414,1.9259e-01
dev-corpus-02,2313,220,3.247784e-05,220,220,0.067522,0.068792,1.8977e-01
dev-corpus-02,2314,17,2.338734e-04,17,17,0.320433,0.333124,1.6408e-01
dev-corpus-02,2315,15,8.846458e-04,15,15,0.479373,0.511718,2.7230e-01
dev-corpus-02,2316,70577,1.103234e-04,30592,30592,1.812917,1.801134,1.9080e-01
dev-corpus-02,2317,2091,1.427428e-04,353,353,3.421139,3.449179,1.9891e-01
dev-corpus-02,2318,998,7.125715e-05,998,998,0.094970,0.094028,2.1213e-01
dev-corpus-02,2319,5617,5.304249e-04,5617,5617,0.675613,0.701711,2.0485e-01
dev-corpus-02,2320,641,4.997253e-04,641,641,1.328195,1.362653,1.6119e-01
dev-corpus-02,2321,23275,2.419857e-04,695,695,5.048009,5.052566,1.6491e-01
dev-corpus-02,2322,314,3.646851e-04,557,557,1.541092,1.525295,1.9603e-01
dev-corpus-02,2323,279,5.156849e-04,279,279,0.448615,0.461329,1.8491e-01
dev-corpus-02,2324,1118,3.827793e-04,1118,1118,1.604778,1.637716,2.6057e-01
dev-corpus-02,2325,30592,6.171069e-04,14882,14882,2.288673,2.301825,1.6723e-01
dev-corpus-02,2326,364,2.225447e-04,5820,5820,7.978427,8.001901,1.8074e-01
dev-corpus-02,2327,9564,3.983154e-04,279,279,2.896499,2.977615,2.2803e-01
dev-corpus-02,2328,5820,3.358712e-04,5820,5820,1.226946,1.250864,1.8346e-01
dev-corpus-02,2329,303,1.041198e-04,303,303,0.320827,0.313184,1.6179e-01
dev-corpus-02,2330,3988,1.956280e-04,6324,6324,3.012654,3.021721,1.6929e-01
dev-corpus-02,2331,6492,9.135582e-04,6324,6324,1.398676,1.430339,1.6356e-01
dev-corpus-02,2332,220,2.005167e-04,220,220,0.177693,0.186340,1.7341e-01
dev-corpus-02,2333,16,1.228283e-05,16,16,0.002798,0.002968,7.2005e-01
dev-corpus-02,2334,24,7.007637e-07,24,24,0.000116,0.000105,1.0006e+00
dev-corpus-02,2335,16,9.503616e-08,16,16,0.000275,0.000276,2.1438e-01
dev-corpus-02,2336,19,1.731476e-06,19,19,0.005283,0.005169,1.5344e-01
dev-corpus-02,2337,2502,1.333429e-04,321,321,3.590218,3.564645,1.7474e-01
dev-corpus-02,2338,660,4.412323e-04,279,279,3.917347,3.918352,1.8918e-01
dev-corpus-02,2339,220,4.766626e-04,220,220,1.266196,1.276330,1.9316e-01
dev-corpus-02,2340,17,1.012180e-04,17,17,0.201762,0.196810,2.0826e-01
dev-corpus-02,2341,15,3.121790e-06,15,15,0.012054,0.012269,1.7106e-01
dev-corpus-02,2342,998,1.480312e-04,30592,30592,1.208717,1.213292,1.8369e-01
dev-corpus-02,2343,7888,2.998684e-04,7888,7888,0.553179,0.550234,1.9040e-01
dev-corpus-02,2344,539,5.517446e-05,539,539,0.596588,0.593405,1.7143e-01
dev-corpus-02,2345,6324,2.389903e-04,279,279,3.226307,3.236873,1.5424e-01
dev-corpus-02,2346,220,5.474118e-05,220,220,0.011171,0.012238,1.8654e-01
dev-corpus-02,2347,16,2.087031e-06,16,16,0.004636,0.004670,6.5981e-01
dev-corpus-02,2348,24,1.262836e-06,24,24,0.001506,0.001533,3.0767e-01
dev-corpus-02,2349,16,1.290170e-04,16,16,0.004772,0.003779,1.0406e+00
dev-corpus-02,2350,20,4.406044e-05,20,20,0.165251,0.162315,3.1497e-01
dev-corpus-02,2351,641,5.225086e-05,641,641,0.122168,0.123033,1.8393e-01
dev-corpus-02,2352,24876,7.030881e-04,695,695,6.399380,6.456067,1.7750e-01
dev-corpus-02,2353,314,3.621589e-04,30592,30592,1.459211,1.436154,1.6278e-01
dev-corpus-02,2354,279,9.570557e-05,279,279,0.244013,0.250346,1.5330e-01
dev-corpus-02,2355,1118,3.598369e-04,30592,30592,3.088852,3.087892,1.4751e-01
dev-corpus-02,2356,30592,4.241126e-04,30592,30592,0.549789,0.548151,1.6848e-01
dev-corpus-02,2357,52181,5.956235e-04,998,998,6.328270,6.266300,2.3261e-01
dev-corpus-02,2358,18506,6.119157e-04,18506,9117,1.786469,1.772407,1.8617e-01
dev-corpus-02,2359,303,3.555160e-04,303,303,1.015041,1.033379,2.2288e-01
dev-corpus-02,2360,5753,3.432445e-04,279,279,3.190287,3.252191,1.8593e-01
dev-corpus-02,2361,2046,4.719240e-04,19895,19895,4.790375,4.863648,2.4154e-01
dev-corpus-02,2362,19895,3.703822e-05,19895,19895,0.015137,0.014245,1.7901e-01
dev-corpus-02,2363,1116,2.523184e-04,1518,1518,2.222115,2.224686,1.7273e-01
dev-corpus-02,2364,694,3.253576e-04,694,694,1.019749,1.030996,2.2009e-01
dev-corpus-02,2365,279,3.829086e-04,1379,1379,1.369745,1.353029,1.8267e-01
dev-corpus-02,2366,2645,7.243253e-04,8421,8421,3.115093,3.093774,1.7836e-01
dev-corpus-02,2367,998,2.419926e-04,998,998,0.293642,0.301028,1.9030e-01
dev-corpus-02,2368,32878,5.693212e-04,26380,26380,3.389022,3.394874,2.0184e-01
dev-corpus-02,2369,321,3.485814e-04,303,303,2.222923,2.197498,2.1652e-01
dev-corpus-02,2370,12152,5.412686e-04,2113,2113,2.799976,2.797822,1.8839e-01
dev-corpus-02,2371,506,7.437587e-04,303,303,1.436479,1.397700,2.5126e-01
dev-corpus-02,2372,2892,5.841797e-04,836,836,8.005926,8.042584,3.4673e-01
dev-corpus-02,2373,6543,5.925418e-04,63227,63227,2.716163,2.714215,2.1165e-01
dev-corpus-02,2374,91064,1.935683e-05,91064,91064,0.005369,0.004941,2.4436e-01
dev-corpus-02,2375,466,1.809456e-04,466,466,0.448875,0.460081,2.3774e-01
dev-corpus-02,2376,224612,3.632841e-03,224612,224612,1.638219,1.591417,2.6222e-01
dev-corpus-02,2377,641,2.156966e-04,641,641,0.661582,0.655552,2.0798e-01
dev-corpus-02,2378,561,2.185385e-04,695,695,2.062952,2.059146,1.6959e-01
dev-corpus-02,2379,5753,5.048501e-04,70577,70577,2.547003,2.574543,2.0517e-01
dev-corpus-02,2380,30592,2.106108e-04,30592,30592,0.826633,0.815278,2.2472e-01
dev-corpus-02,2381,22428,1.765407e-04,998,998,3.999734,4.036264,1.9615e-01
dev-corpus-02,2382,15048,6.685401e-04,303,303,2.695223,2.681483,1.6178e-01
dev-corpus-02,2383,303,2.725535e-04,303,303,0.443321,0.452937,1.7161e-01
dev-corpus-02,2384,279,1.224249e-04,279,279,0.096321,0.099863,2.0999e-01
dev-corpus-02,2385,426,3.032986e-04,4634,4634,5.122306,5.057770,2.1572e-01
dev-corpus-02,2386,82036,4.970430e-06,82036,82036,0.008909,0.008930,2.1007e-01
dev-corpus-02,2387,1116,1.431808e-03,2982,2982,3.081268,3.086325,2.7901e-01
dev-corpus-02,2388,69543,4.967715e-04,4634,4634,3.804506,3.806896,2.0067e-01
dev-corpus-02,2389,1116,7.383347e-05,321,321,1.248042,1.231042,2.0288e-01
dev-corpus-02,2390,321,1.972225e-04,321,321,0.338060,0.337715,2.0516e-01
dev-corpus-02,2391,88047,1.804732e-04,4634,4634,10.590919,10.617450,1.9666e-01
dev-corpus-02,2392,1125,3.029314e-05,1125,1125,0.018735,0.018342,2.0397e-01
dev-corpus-02,2393,2893,7.161755e-04,42316,42316,9.696192,9.765784,2.0660e-01
dev-corpus-02,2394,349,4.802713e-04,349,349,0.184047,0.173191,2.1334e-01
dev-corpus-02,2395,32141,1.865516e-04,32141,32141,0.083295,0.078914,2.8678e-01
dev-corpus-02,2396,641,1.511885e-04,641,641,0.643466,0.654156,1.8734e-01
dev-corpus-02,2397,561,3.096244e-04,561,561,0.872872,0.863413,2.1347e-01
dev-corpus-02,2398,30592,2.251407e-04,12555,12555,3.465033,3.487700,1.7294e-01
dev-corpus-02,2399,998,3.679909e-04,998,998,1.150197,1.129370,1.9781e-01
dev-corpus-02,2400,883,7.010096e-04,1048,1048,7.332256,7.428693,1.8515e-01
dev-corpus-02,2401,220,3.848324e-04,220,220,0.135594,0.144905,2.0810e-01
dev-corpus-02,2402,17,1.153732e-03,18,18,1.727384,1.791976,1.9457e-01
dev-corpus-02,2403,23,2.706559e-04,20,20,2.076662,2.099092,2.3247e-01
dev-corpus-02,2404,35058,7.120550e-04,19434,19434,3.211078,3.227390,1.9779e-01
dev-corpus-02,2405,318,1.163116e-03,318,318,0.481488,0.519931,1.8061e-01
dev-corpus-02,2406,220,9.776203e-05,220,220,0.165355,0.170096,2.6976e-01
dev-corpus-02,2407,24,7.537034e-05,24,24,0.024672,0.026611,2.4569e-01
dev-corpus-02,2408,17,6.137915e-05,17,17,0.130044,0.128413,2.1293e-01
dev-corpus-02,2409,10169,1.035599e-04,10169,10169,0.149060,0.154346,1.7938e-01
dev-corpus-02,2410,847,2.811702e-05,847,847,0.072009,0.073653,2.0699e-01
dev-corpus-02,2411,1248,3.183546e-04,1248,1248,0.279279,0.265683,1.8332e-01
dev-corpus-02,2412,321,7.721781e-05,321,321,0.661235,0.656240,2.2491e-01
dev-corpus-02,2413,46539,2.382912e-04,46539,46539,1.441013,1.450769,1.8919e-01
dev-corpus-02,2414,220,1.155985e-04,220,220,0.415848,0.419719,1.7239e-01
dev-corpus-02,2415,16,3.801494e-04,16,16,0.333909,0.340402,2.0827e-01
dev-corpus-02,2416,17,6.065209e-04,17,17,1.655118,1.623802,1.9682e-01
dev-corpus-02,2417,22,1.813671e-04,20,20,2.366239,2.367288,1.8688e-01
dev-corpus-02,2418,49209,8.250641e-05,19008,19008,0.898063,0.907178,2.2307e-01
dev-corpus-02,2419,318,7.768382e-04,318,318,0.406810,0.431832,2.5522e-01
dev-corpus-02,2420,220,7.981913e-05,220,220,0.035385,0.035786,2.9350e-01
dev-corpus-02,2421,16,1.464905e-04,16,16,0.032949,0.031158,3.9795e-01
dev-corpus-02,2422,17,6.430823e-04,18,18,0.971962,1.004675,4.1978e-01
dev-corpus-02,2423,20,8.387754e-03,24,24,1.405268,1.603382,3.2432e-01
dev-corpus-02,2424,1248,1.172952e-03,1248,1248,0.627724,0.598283,2.5175e-01
dev-corpus-02,2425,19008,8.049829e-05,19008,19008,0.023815,0.022521,2.9595e-01
dev-corpus-02,2426,847,1.639041e-04,847,847,0.525363,0.538611,3.1081e-01
dev-corpus-02,2427,948,2.662487e-04,383,383,2.843831,2.815817,2.5569e-01
dev-corpus-02,2428,55619,5.139706e-04,55619,55619,0.203673,0.218957,2.4947e-01
dev-corpus-02,2429,321,1.343781e-04,321,321,0.314139,0.307109,2.0558e-01
dev-corpus-02,2430,220,4.750302e-05,220,220,0.030782,0.032337,2.4341e-01
dev-corpus-02,2431,16,2.815188e-04,16,16,0.073448,0.080185,1.9562e-01
dev-corpus-02,2432,19,2.328814e-04,20,20,1.559670,1.572076,1.8267e-01
dev-corpus-02,2433,17,4.092405e-05,22,20,2.517657,2.537352,1.6179e-01
dev-corpus-02,2434,49209,1.209088e-05,49209,49209,0.041585,0.041676,1.8020e-01
dev-corpus-02,2435,318,2.318713e-05,318,318,0.023136,0.023634,2.0821e-01
dev-corpus-02,2436,220,7.956337e-06,220,220,0.004056,0.004251,2.5396e-01
dev-corpus-02,2437,16,1.490928e-05,16,16,0.000915,0.001025,1.2263e+00
dev-corpus-02,2438,19,3.155025e-03,19,19,0.254830,0.300041,5.4784e-01
dev-corpus-02,2439,15,1.088714e-04,15,15,0.016601,0.016075,5.1228e-01
dev-corpus-02,2440,1248,2.142599e-05,1248,1248,0.015252,0.014802,3.6739e-01
dev-corpus-02,2441,19008,2.041014e-06,19008,19008,0.000532,0.000559,3.2732e-01
dev-corpus-02,2442,847,2.266338e-05,847,847,0.006748,0.006817,3.8231e-01
dev-corpus-02,2443,1345,9.273503e-05,948,948,4.546066,4.559286,2.0931e-01
dev-corpus-02,2444,81179,3.009205e-05,81179,81179,0.011843,0.012566,2.0313e-01
dev-corpus-02,2445,641,2.539663e-05,641,641,0.040464,0.039723,2.3860e-01
dev-corpus-02,2446,1942,8.212981e-04,2302,2302,5.996730,6.038018,1.9737e-01
dev-corpus-02,2447,995,4.353001e-04,30592,30592,2.641130,2.623214,1.7927e-01
dev-corpus-02,2448,1330,2.636664e-04,264,264,2.866360,2.891735,2.1696e-01
dev-corpus-02,2449,14829,5.296840e-03,31694,31694,4.358321,4.400358,4.3036e-01
dev-corpus-02,2450,88716,9.689895e-04,88716,88716,0.328437,0.344058,3.4653e-01
dev-corpus-02,2451,31890,1.811875e-05,31890,31890,0.014506,0.014228,2.3118e-01
dev-corpus-02,2452,321,1.740806e-04,321,321,0.870689,0.874898,1.9128e-01
dev-corpus-02,2453,1330,4.521640e-04,11354,11354,2.570521,2.584635,2.3636e-01
dev-corpus-02,2454,5505,9.478199e-04,9249,9249,3.896094,4.028366,2.5185e-01
dev-corpus-02,2455,6659,1.263534e-05,6659,6659,0.003946,0.004133,2.8914e-01
dev-corpus-02,2456,6852,2.814919e-05,6852,6852,0.009341,0.008642,4.2715e-01
dev-corpus-02,2457,1116,1.654432e-03,11354,11354,2.257038,2.246468,2.9077e-01
dev-corpus-02,2458,321,5.001874e-04,321,321,1.465299,1.451471,2.2196e-01
dev-corpus-02,2459,998,2.815269e-04,1362,1362,2.252654,2.243636,2.2272e-01
dev-corpus-02,2460,18088,6.877922e-04,21639,21639,2.782658,2.790007,2.0662e-01
dev-corpus-02,2461,440,5.835248e-05,440,440,0.071529,0.073710,1.9844e-01
dev-corpus-02,2462,264,4.878797e-04,264,264,1.096870,1.086175,2.4035e-01
dev-corpus-02,2463,9249,1.499786e-03,220,220,2.245408,2.125513,2.9833e-01
dev-corpus-02,2464,554,1.028462e-04,5849,5849,5.870373,5.732772,2.9048e-01
dev-corpus-02,2465,12,5.107201e-06,12,12,0.000761,0.000836,2.9722e-01
dev-corpus-02,2466,31,3.490611e-04,31,31,0.021680,0.025750,3.0381e-01
dev-corpus-02,2467,21138,8.915693e-04,5849,5849,2.015345,2.120063,3.0691e-01
dev-corpus-02,2468,5484,5.828118e-04,220,220,3.022108,3.114022,2.8383e-01
dev-corpus-02,2469,5849,1.677308e-05,5849,5849,0.017865,0.018242,1.6608e-01
dev-corpus-02,2470,641,9.543447e-05,641,641,0.342418,0.347258,1.8569e-01
dev-corpus-02,2471,695,5.623276e-04,561,561,1.998853,2.031687,2.1174e-01
dev-corpus-02,2472,733,7.348262e-04,561,561,3.921851,3.934248,2.0038e-01
dev-corpus-02,2473,220,6.980934e-04,220,220,1.529800,1.562243,2.1145e-01
dev-corpus-02,2474,16,7.892691e-06,16,16,0.022947,0.023507,1.6678e-01
dev-corpus-02,2475,24,3.372913e-05,24,24,0.005755,0.005297,1.1355e+00
dev-corpus-02,2476,16,5.207776e-04,16,16,0.071187,0.063655,2.6496e-01
dev-corpus-02,2477,23,1.372321e-04,20,20,2.381894,2.414755,1.6885e-01
dev-corpus-02,2478,2943,1.663983e-04,1116,1116,6.706443,6.703501,2.2742e-01
dev-corpus-02,2479,314,7.400940e-04,314,314,1.305061,1.278644,1.9292e-01
dev-corpus-02,2480,279,4.613183e-05,279,279,0.165935,0.164184,2.1525e-01
dev-corpus-02,2481,38334,5.712535e-04,5753,5753,3.419823,3.434789,2.0578e-01
dev-corpus-02,2482,5753,9.060482e-04,5753,5753,0.684461,0.645715,2.3612e-01
dev-corpus-02,2483,30592,7.177194e-04,30592,30592,0.676468,0.648488,1.7820e-01
dev-corpus-02,2484,998,1.514636e-04,998,998,0.256579,0.255295,1.9465e-01
dev-corpus-02,2485,15625,9.266718e-04,21711,21711,2.124829,2.117778,1.9121e-01
dev-corpus-02,2486,1083,3.699817e-04,310,310,1.135175,1.106807,2.2963e-01
dev-corpus-02,2487,33101,5.387645e-04,1262,1262,4.206934,4.224406,2.1637e-01
dev-corpus-02,2488,1262,4.482152e-04,32543,32543,1.545286,1.526233,2.0808e-01
dev-corpus-02,2489,300,3.930236e-04,300,300,0.159312,0.148206,2.1474e-01
dev-corpus-02,2490,4912,4.807904e-06,4912,4912,0.012914,0.012587,2.3920e-01
dev-corpus-02,2491,641,2.953568e-04,641,641,0.874827,0.883238,1.7617e-01
dev-corpus-02,2492,4781,3.160513e-04,561,561,4.544725,4.611720,2.0665e-01
dev-corpus-02,2493,279,2.903681e-05,279,279,0.273393,0.273481,1.8291e-01
dev-corpus-02,2494,78592,2.594752e-04,220,220,9.783721,9.808000,1.8076e-01
dev-corpus-02,2495,30592,5.130815e-04,30592,30592,1.532062,1.538757,2.5956e-01
dev-corpus-02,2496,303,8.041887e-04,421,421,3.407696,3.429295,2.0686e-01
dev-corpus-02,2497,5753,6.139046e-04,5753,5753,1.175647,1.191922,2.2680e-01
dev-corpus-02,2498,2393,9.173594e-05,2393,2393,0.099096,0.101963,2.0963e-01
dev-corpus-02,2499,1116,4.382765e-04,1116,1116,0.353369,0.361743,2.1564e-01
dev-corpus-02,2500,1330,5.183288e-04,220,220,3.409987,3.409953,2.0352e-01
dev-corpus-02,2501,998,2.893376e-04,998,998,0.187945,0.181161,1.9011e-01
dev-corpus-02,2502,5898,9.727413e-04,5384,5384,4.071139,4.084998,2.3881e-01
dev-corpus-02,2503,310,1.520881e-04,310,310,0.126163,0.121624,2.1082e-01
dev-corpus-02,2504,33741,1.358120e-03,33741,33741,0.950095,1.008188,2.3930e-01
dev-corpus-02,2505,554,2.471156e-05,554,554,0.079412,0.077827,1.5897e-01
dev-corpus-02,2506,12,1.071326e-07,12,12,0.000509,0.000513,2.1335e-01
dev-corpus-02,2507,31,1.312305e-05,31,31,0.005093,0.004740,3.1106e-01
dev-corpus-02,2508,41361,3.801931e-05,41361,41361,0.012801,0.013718,2.3611e-01
dev-corpus-02,2509,1116,5.275022e-04,321,321,1.844457,1.852418,1.7748e-01
dev-corpus-02,2510,799,4.735742e-04,321,321,2.138602,2.092626,2.4137e-01
dev-corpus-02,2511,557,2.044933e-04,557,557,0.537913,0.527581,1.9698e-01
dev-corpus-02,2512,5898,8.098882e-04,5898,5898,1.384860,1.442378,2.1251e-01
dev-corpus-02,2513,310,2.548606e-05,310,310,0.013067,0.013435,2.0783e-01
dev-corpus-02,2514,56733,5.590600e-05,56733,56733,0.129156,0.127636,1.8864e-01
dev-corpus-02,2515,1116,8.106802e-04,1116,1116,0.448415,0.420877,1.8923e-01
dev-corpus-02,2516,321,5.805364e-05,321,321,0.273110,0.274076,1.7166e-01
dev-corpus-02,2517,11292,6.559256e-04,799,799,4.436260,4.476623,2.0932e-01
dev-corpus-02,2518,998,1.642324e-04,998,998,0.088603,0.085598,2.1802e-01
dev-corpus-02,2519,5384,3.021771e-04,5384,5384,0.698073,0.700754,1.8430e-01
dev-corpus-02,2520,2261,4.070342e-04,303,303,1.845848,1.858846,2.0549e-01
dev-corpus-02,2521,279,5.242487e-04,279,279,0.732411,0.706436,2.2837e-01
dev-corpus-02,2522,3980,7.411766e-05,3980,3980,0.138593,0.139136,2.2021e-01
dev-corpus-02,2523,641,4.494668e-04,641,641,0.434280,0.450300,1.9117e-01
dev-corpus-02,2524,3648,4.059771e-04,561,561,2.972973,2.950726,1.8083e-01
dev-corpus-02,2525,314,8.948552e-04,557,557,1.592564,1.622552,2.8744e-01
dev-corpus-02,2526,279,2.279329e-04,279,279,0.185715,0.193580,2.2865e-01
dev-corpus-02,2527,4097,7.667069e-04,70577,70577,4.602513,4.624984,1.9884e-01
dev-corpus-02,2528,12555,7.368866e-04,12555,12555,1.427665,1.437529,2.0075e-01
dev-corpus-02,2529,298,2.392760e-06,298,298,0.004467,0.004572,1.8876e-01
dev-corpus-02,2530,554,9.017802e-06,554,554,0.003379,0.003611,1.8108e-01
dev-corpus-02,2531,12,6.308201e-07,12,12,0.000183,0.000176,2.6059e-01
dev-corpus-02,2532,31,1.789537e-04,31,31,0.018786,0.021510,8.2835e-01
dev-corpus-02,2533,54871,1.902976e-05,54871,54871,0.020741,0.020085,1.9374e-01
dev-corpus-02,2534,30592,1.157874e-04,30592,30592,0.329658,0.325824,2.1369e-01
dev-corpus-02,2535,557,1.894734e-04,557,557,0.384833,0.383633,1.9882e-01
dev-corpus-02,2536,64897,1.577692e-04,5384,5384,2.938659,2.945403,1.7307e-01
dev-corpus-02,2537,321,4.764559e-04,539,539,1.989379,1.971579,2.2091e-01
dev-corpus-02,2538,2361,2.748332e-04,799,799,2.932041,2.932687,1.6399e-01
dev-corpus-02,2539,65386,3.395862e-04,557,557,7.007661,6.980847,1.8969e-01
dev-corpus-02,2540,321,1.455536e-03,641,641,3.090050,3.083300,2.1332e-01
dev-corpus-02,2541,524,6.934078e-04,1100,5384,6.136520,6.100910,2.3624e-01
dev-corpus-02,2542,49992,1.592735e-03,24530,24530,2.381150,2.355601,2.7070e-01
dev-corpus-02,2543,641,2.047728e-04,641,641,0.323982,0.334723,2.0056e-01
dev-corpus-02,2544,561,3.494134e-04,561,561,1.341731,1.332204,2.0575e-01
dev-corpus-02,2545,4097,9.290476e-04,9376,9376,3.110723,3.121945,1.9682e-01
dev-corpus-02,2546,38334,3.269404e-04,85573,85573,1.631188,1.629454,1.6783e-01
dev-corpus-02,2547,5753,6.960177e-04,5753,5753,1.376660,1.402876,2.0408e-01
dev-corpus-02,2548,30592,6.231544e-04,30592,30592,0.499044,0.483140,2.2880e-01
dev-corpus-02,2549,1116,1.447135e-04,998,998,3.388453,3.380156,1.8226e-01
dev-corpus-02,2550,279,1.579202e-03,1330,2583,2.471905,2.549330,2.6169e-01
dev-corpus-02,2551,2943,9.483841e-04,1330,1330,2.232941,2.229045,2.3758e-01
dev-corpus-02,2552,38334,4.357756e-04,15625,15625,3.957008,3.989376,2.0660e-01
dev-corpus-02,2553,12555,2.488147e-04,12555,12555,0.290546,0.282463,2.0962e-01
dev-corpus-02,2554,298,2.082818e-06,298,298,0.003111,0.003099,2.1147e-01
dev-corpus-02,2555,554,1.064460e-06,554,554,0.001645,0.001632,1.8982e-01
dev-corpus-02,2556,12,5.889935e-05,12,12,0.003501,0.003986,7.2823e-01
dev-corpus-02,2557,31,1.968229e-04,31,31,0.024055,0.021100,3.7647e-01
dev-corpus-02,2558,54871,4.089695e-05,54871,54871,0.035433,0.036900,1.9821e-01
dev-corpus-02,2559,30592,3.664734e-05,30592,30592,0.047476,0.048550,1.8621e-01
dev-corpus-03,2560,8645,8.490377e-04,606,606,7.865337,7.789731,2.2056e-01
dev-corpus-03,2561,25,1.207175e-03,58,58,3.380611,3.367875,2.4704e-01
dev-corpus-03,2562,198,1.623904e-05,198,198,0.058787,0.059168,1.6301e-01
dev-corpus-03,2563,309,1.088465e-04,262,309,1.427782,1.429300,1.8978e-01
dev-corpus-03,2564,12366,4.042734e-04,413,413,9.974980,9.967726,2.2121e-01
dev-corpus-03,2565,283,4.914510e-04,283,283,0.483298,0.496267,1.8074e-01
dev-corpus-03,2566,696,5.742805e-04,313,313,4.386735,4.328047,1.8426e-01
dev-corpus-03,2567,18267,5.030173e-04,447,447,11.472645,11.476027,1.5466e-01
dev-corpus-03,2568,2155,7.424418e-04,2155,2155,0.979018,0.952880,2.1663e-01
dev-corpus-03,2569,5781,9.580893e-04,3935,3935,1.700615,1.710244,2.4368e-01
dev-corpus-03,2570,8645,5.361913e-05,8645,8645,0.037229,0.037475,2.2653e-01
dev-corpus-03,2571,11,2.923435e-04,11,11,0.327172,0.339238,1.9046e-01
dev-corpus-03,2572,12366,7.720470e-04,638,638,2.817049,2.800271,1.8778e-01
dev-corpus-03,2573,8,3.036317e-05,8,8,0.057040,0.056309,2.2681e-01
dev-corpus-03,2574,198,5.662079e-05,198,198,0.137516,0.140149,2.8647e-01
dev-corpus-03,2575,285,5.564292e-04,309,309,1.532596,1.506216,2.0124e-01
dev-corpus-03,2576,653,3.174092e-04,745,745,3.646307,3.688700,2.9267e-01
dev-corpus-03,2577,12536,5.334926e-04,220,220,8.106509,8.112205,2.2219e-01
dev-corpus-03,2578,709,3.994378e-04,709,709,0.814699,0.791496,2.0064e-01
dev-corpus-03,2579,364,5.290424e-05,310,310,1.957952,1.954745,2.0358e-01
dev-corpus-03,2580,641,1.062613e-03,279,279,6.811775,6.786981,1.8118e-01
dev-corpus-03,2581,1899,9.263052e-04,447,447,5.778748,5.696416,1.8969e-01
dev-corpus-03,2582,363,1.545799e-03,363,363,1.787977,1.719654,2.2977e-01
dev-corpus-03,2583,198,3.858188e-04,198,198,0.752685,0.750391,2.2752e-01
dev-corpus-03,2584,285,1.191311e-04,285,285,0.071750,0.068786,1.7700e-01
dev-corpus-03,2585,687,6.108978e-04,687,687,0.486822,0.467122,2.1363e-01
dev-corpus-03,2586,5335,4.468772e-04,696,696,5.680525,5.706794,2.0189e-01
dev-corpus-03,2587,1212,1.316380e-03,10392,10392,5.353924,5.307815,2.4682e-01
dev-corpus-03,2588,78,3.305087e-04,1590,1590,5.756790,5.789363,1.8792e-01
dev-corpus-03,2589,1590,2.887726e-04,1590,1590,0.114146,0.118033,2.4646e-01
dev-corpus-03,2590,198,1.640556e-05,198,198,0.018383,0.017921,1.9054e-01
dev-corpus-03,2591,309,3.057965e-05,309,309,0.024361,0.023890,1.7569e-01
dev-corpus-03,2592,653,9.170845e-04,653,653,1.814953,1.787628,2.1277e-01
dev-corpus-03,2593,4109,5.648687e-04,1368,1368,3.235070,3.222049,1.9298e-01
dev-corpus-03,2594,279,2.621515e-04,413,413,3.591796,3.609494,1.8216e-01
dev-corpus-03,2595,1379,1.344489e-03,2353,2353,7.778491,7.782357,1.9547e-01
dev-corpus-03,2596,4047,4.128560e-04,3110,3110,3.391849,3.346517,2.1018e-01
dev-corpus-03,2597,1752,1.433087e-03,1105,1105,6.781626,6.720774,2.2394e-01
dev-corpus-03,2598,1118,6.428380e-04,1118,1118,1.032063,0.997594,2.0808e-01
dev-corpus-03,2599,13,1.151123e-04,198,198,2.727719,2.736789,1.7339e-01
dev-corpus-03,2600,198,1.623141e-04,198,198,0.326412,0.330541,1.9707e-01
dev-corpus-03,2601,309,1.634444e-05,309,309,0.008005,0.007627,2.2461e-01
dev-corpus-03,2602,6725,5.727660e-04,653,653,6.551402,6.620288,2.2302e-01
dev-corpus-03,2603,283,5.478053e-04,283,283,0.524336,0.513722,2.9527e-01
dev-corpus-03,2604,4396,3.343715e-03,4396,4396,0.605545,0.678892,2.3973e-01
dev-corpus-03,2605,5982,5.307601e-04,5982,5982,0.129919,0.134600,2.7344e-01
dev-corpus-03,2606,482,3.598460e-04,482,482,0.726745,0.717761,2.6463e-01
dev-corpus-03,2607,29259,4.399423e-04,29259,29259,0.336194,0.329487,2.5098e-01
dev-corpus-03,2608,837,1.791398e-04,837,837,0.040945,0.041864,3.9743e-01
dev-corpus-03,2609,466,3.968802e-04,466,466,0.610378,0.636283,2.1423e-01
dev-corpus-03,2610,4396,2.184372e-03,4396,4396,0.354609,0.318264,2.4389e-01
dev-corpus-03,2611,5982,7.602622e-06,5982,5982,0.015523,0.015580,1.6327e-01
dev-corpus-03,2612,482,7.454785e-06,482,482,0.001578,0.001496,4.2015e-01
dev-corpus-03,2613,1277,4.801017e-03,1277,1277,1.542292,1.592092,4.3448e-01
dev-corpus-03,2614,4289,2.214566e-03,4289,5531,0.788984,0.846754,3.2646e-01
dev-corpus-03,2615,837,1.331033e-05,837,837,0.008087,0.008050,2.8816e-01
dev-corpus-03,2616,198,1.861100e-04,198,198,0.046961,0.051112,1.9348e-01
dev-corpus-03,2617,309,1.256653e-05,309,309,0.012967,0.013170,1.9301e-01
dev-corpus-03,2618,413,5.312097e-04,413,413,0.379278,0.392521,5.5422e-01
dev-corpus-03,2619,6725,2.976139e-04,6725,6725,0.077398,0.084246,2.1405e-01
dev-corpus-03,2620,369,3.430921e-04,25,25,1.019868,1.052780,2.4426e-01
dev-corpus-03,2621,524,1.235537e-03,524,524,0.140309,0.160409,2.6229e-01
dev-corpus-03,2622,2168,7.266976e-06,2168,2168,0.000776,0.000687,2.5979e-01
dev-corpus-03,2623,25,3.702903e-05,25,25,0.015640,0.015681,2.9656e-01
dev-corpus-03,2624,198,1.056331e-05,198,198,0.006065,0.006337,3.1434e-01
dev-corpus-03,2625,388,8.580883e-06,388,388,0.005736,0.005641,2.1074e-01
dev-corpus-03,2626,460,3.347557e-03,653,653,2.411030,2.418354,3.2796e-01
dev-corpus-03,2627,592,1.321950e-03,6725,6725,2.105886,2.152039,3.2010e-01
dev-corpus-03,2628,78263,1.293128e-03,78263,78263,0.308748,0.328213,2.8094e-01
dev-corpus-03,2629,7426,4.446861e-04,7426,7426,0.425848,0.442728,2.6690e-01
dev-corpus-03,2630,3486,7.167098e-07,3486,3486,0.000152,0.000165,2.9248e-01
dev-corpus-03,2631,2387,2.030532e-04,2387,2387,0.034844,0.037729,3.1788e-01
dev-corpus-03,2632,198,4.116410e-05,198,198,0.054858,0.056529,2.9823e-01
dev-corpus-03,2633,309,8.757351e-05,309,309,0.026748,0.025036,2.7966e-01
dev-corpus-03,2634,413,1.038162e-03,413,413,0.649585,0.637899,5.1177e-01
dev-corpus-03,2635,4396,3.172328e-03,1363,1363,1.615847,1.739571,2.7186e-01
dev-corpus-03,2636,5982,9.035256e-05,5982,5982,0.021040,0.019439,3.2571e-01
dev-corpus-03,2637,482,3.583279e-04,482,482,0.092281,0.085077,4.4985e-01
dev-corpus-03,2638,63605,2.455456e-03,1277,1277,2.920983,2.844302,3.9266e-01
dev-corpus-03,2639,837,2.241366e-04,837,837,0.092563,0.099279,3.7726e-01
dev-corpus-03,2640,369,1.631497e-05,369,369,0.018940,0.019094,2.5648e-01
dev-corpus-03,2641,524,8.125111e-07,524,524,0.003419,0.003368,2.4210e-01
dev-corpus-03,2642,2168,4.051731e-07,2168,2168,0.000239,0.000232,2.5083e-01
dev-corpus-03,2643,25,1.150659e-05,25,25,0.001753,0.001893,2.6992e-01
dev-corpus-03,2644,198,2.058987e-05,198,198,0.004242,0.003869,3.7271e-01
dev-corpus-03,2645,388,7.096653e-06,388,388,0.002515,0.002391,2.8771e-01
dev-corpus-03,2646,460,2.635517e-04,460,460,0.173282,0.179563,3.1433e-01
dev-corpus-03,2647,638,5.923001e-04,4396,4396,5.132342,5.107688,2.7819e-01
dev-corpus-03,2648,31919,1.337569e-03,1385,1385,11.963542,11.941344,3.0627e-01
dev-corpus-03,2649,17174,5.550732e-04,17174,17174,0.234210,0.238336,2.7336e-01
dev-corpus-03,2650,198,1.615894e-03,478,478,1.829764,1.730794,2.8691e-01
dev-corpus-03,2651,309,1.594108e-04,309,309,0.044737,0.042387,3.6888e-01
dev-corpus-03,2652,413,1.948003e-04,413,413,0.800683,0.816464,2.2625e-01
dev-corpus-03,2653,4396,2.785143e-04,4396,4396,0.124856,0.119617,2.1310e-01
dev-corpus-03,2654,5982,4.904381e-06,5982,5982,0.001749,0.001853,2.3538e-01
dev-corpus-03,2655,482,8.784228e-06,482,482,0.011449,0.011532,3.2716e-01
dev-corpus-03,2656,11469,1.186522e-03,11469,11469,0.616288,0.633424,3.2868e-01
dev-corpus-03,2657,837,5.166773e-04,837,837,0.100232,0.090917,3.2107e-01
dev-corpus-03,2658,369,1.859282e-06,369,369,0.000642,0.000633,2.6344e-01
dev-corpus-03,2659,524,4.280854e-06,524,524,0.000703,0.000715,5.6838e-01
dev-corpus-03,2660,2168,2.572055e-06,2168,2168,0.000551,0.000501,2.1359e-01
dev-corpus-03,2661,25,4.806859e-06,25,25,0.001528,0.001585,2.4740e-01
dev-corpus-03,2662,198,1.026650e-05,198,198,0.002569,0.002516,5.7513e-01
dev-corpus-03,2663,388,3.484477e-06,388,388,0.004126,0.004011,1.6159e-01
dev-corpus-03,2664,638,8.157704e-04,4673,4673,3.388625,3.368271,3.1113e-01
dev-corpus-03,2665,1385,9.683592e-04,4273,4273,2.238347,2.180170,2.6722e-01
dev-corpus-03,2666,11469,7.471355e-04,815,815,2.208813,2.190362,2.7228e-01
dev-corpus-03,2667,1212,1.893583e-03,283,283,3.088256,3.172944,3.5555e-01
dev-corpus-03,2668,78,2.419306e-06,78,78,0.002325,0.002370,2.0409e-01
dev-corpus-03,2669,8,6.771505e-05,8,8,0.471974,0.472300,2.3193e-01
dev-corpus-03,2670,198,2.409334e-05,198,198,0.014247,0.013574,2.4123e-01
dev-corpus-03,2671,309,1.258346e-04,309,309,0.094444,0.092002,2.7318e-01
dev-corpus-03,2672,4673,1.330461e-03,460,460,2.612108,2.656980,2.3906e-01
dev-corpus-03,2673,14953,1.653554e-03,14953,14953,1.024200,1.050927,3.2374e-01
dev-corpus-03,2674,482,8.964795e-04,437,437,0.942111,0.924005,3.1314e-01
dev-corpus-03,2675,1743,7.738757e-04,2665,2665,2.764970,2.826605,3.7889e-01
dev-corpus-03,2676,44530,2.258221e-03,35516,35516,1.520062,1.425256,3.3403e-01
dev-corpus-03,2677,6725,2.604211e-03,5215,5215,4.879207,5.055522,4.7833e-01
dev-corpus-03,2678,1809,1.972482e-04,1809,1809,0.025372,0.024829,3.0954e-01
dev-corpus-03,2679,303,1.272552e-04,303,303,0.114814,0.116351,3.5794e-01
dev-corpus-03,2680,5215,1.396617e-03,5215,5215,0.655974,0.607678,3.0919e-01
dev-corpus-03,2681,504,8.071808e-04,359,359,1.829307,1.792303,2.6187e-01
dev-corpus-03,2682,198,1.297897e-03,198,198,0.862749,0.847629,2.7249e-01
dev-corpus-03,2683,6323,1.947751e-04,6323,6323,0.124757,0.129134,2.4247e-01
dev-corpus-03,2684,638,1.573788e-03,638,638,0.478292,0.488957,2.9138e-01
dev-corpus-03,2685,37813,7.294575e-04,37813,37813,0.443661,0.424302,3.0672e-01
dev-corpus-03,2686,8,5.019180e-04,8,8,0.243901,0.236443,2.6162e-01
dev-corpus-03,2687,198,4.115952e-05,198,198,0.327034,0.326664,3.4446e-01
dev-corpus-03,2688,285,1.531781e-04,285,285,0.138361,0.138047,2.3777e-01
dev-corpus-03,2689,460,6.552833e-04,460,460,1.030141,1.023201,2.5200e-01
dev-corpus-03,2690,638,8.221589e-04,638,638,0.644504,0.619129,3.1042e-01
dev-corpus-03,2691,37813,5.568915e-04,37813,37813,1.032381,1.052701,3.6689e-01
dev-corpus-03,2692,4168,5.076197e-04,4168,4168,0.079193,0.071330,3.1356e-01
dev-corpus-03,2693,58759,2.266242e-05,58759,58759,0.013754,0.013789,4.0126e-01
dev-corpus-03,2694,11,6.924000e-05,11,11,0.004692,0.004015,2.7264e-01
dev-corpus-03,2695,638,1.249596e-03,886,886,1.394631,1.368358,2.4164e-01
dev-corpus-03,2696,20342,5.693638e-04,37813,37813,3.012818,3.088935,2.4170e-01
dev-corpus-03,2697,8,4.727192e-05,8,8,0.066112,0.066816,2.1400e-01
dev-corpus-03,2698,271,9.412453e-05,198,198,1.130142,1.128882,2.1805e-01
dev-corpus-03,2699,262,5.824292e-04,262,262,1.133213,1.105009,2.2977e-01
dev-corpus-03,2700,687,2.452557e-04,687,687,0.156382,0.156755,2.5461e-01
dev-corpus-03,2701,5902,4.456131e-04,696,696,6.525148,6.620258,3.0912e-01
dev-corpus-03,2702,5062,1.476270e-03,5062,5062,0.717154,0.757528,3.2062e-01
dev-corpus-03,2703,7417,1.517920e-04,1153,1153,4.784019,4.848098,3.6770e-01
dev-corpus-03,2704,1153,6.067590e-05,1153,1153,0.026106,0.026483,2.7452e-01
dev-corpus-03,2705,11,1.432478e-06,11,11,0.004300,0.004222,3.2053e-01
dev-corpus-03,2706,12366,1.100257e-03,2972,2972,1.342476,1.287283,2.6444e-01
dev-corpus-03,2707,20266,5.373819e-04,5675,5675,5.485172,5.592475,2.4694e-01
dev-corpus-03,2708,23737,9.944694e-04,18267,18267,5.066495,4.997379,2.5247e-01
dev-corpus-03,2709,28738,1.404375e-06,28738,28738,0.001135,0.001177,3.7093e-01
dev-corpus-03,2710,5076,6.120357e-05,1590,1590,8.370084,8.395315,2.6061e-01
dev-corpus-03,2711,11,4.501013e-04,1590,1590,0.801812,0.775531,2.4710e-01
dev-corpus-03,2712,593,8.970557e-04,2972,2972,4.433381,4.372993,3.8192e-01
dev-corpus-03,2713,11,5.890099e-04,11,11,0.126110,0.114326,2.2579e-01
dev-corpus-03,2714,2972,3.282446e-04,2972,2972,0.394023,0.386483,2.5734e-01
dev-corpus-03,2715,74,6.857483e-05,74,74,0.100738,0.101089,2.7250e-01
dev-corpus-03,2716,8645,6.565640e-07,8645,8645,0.000717,0.000734,2.0063e-01
dev-corpus-03,2717,1590,1.555372e-05,1590,1590,0.015180,0.015592,2.3727e-01
dev-corpus-03,2718,198,4.886298e-06,198,198,0.006939,0.006776,2.5149e-01
dev-corpus-03,2719,285,3.186788e-06,285,285,0.005576,0.005631,2.2924e-01
dev-corpus-03,2720,413,3.870865e-04,4071,4071,2.763886,2.765270,2.4057e-01
dev-corpus-03,2721,12366,6.743956e-04,12366,12366,0.248790,0.257420,3.5126e-01
dev-corpus-03,2722,369,1.753534e-05,369,369,0.003799,0.003635,2.8734e-01
dev-corpus-03,2723,696,1.564784e-04,696,696,0.047496,0.044746,3.1413e-01
dev-corpus-03,2724,23737,5.437502e-05,23737,23737,0.016071,0.014871,2.5749e-01
dev-corpus-03,2725,28738,3.497570e-07,28738,28738,0.000026,0.000022,2.5326e-01
dev-corpus-03,2726,5076,4.906348e-06,5076,5076,0.001378,0.001270,2.9233e-01
dev-corpus-03,2727,25,1.177965e-04,25,25,0.042558,0.040759,2.7826e-01
dev-corpus-03,2728,198,7.589391e-06,198,198,0.005191,0.004936,2.8231e-01
dev-corpus-03,2729,309,1.787821e-06,309,309,0.002921,0.002899,2.2400e-01
dev-corpus-03,2730,12366,1.100364e-03,12366,12366,0.377003,0.347889,2.8748e-01
dev-corpus-03,2731,283,1.011967e-04,283,283,0.022532,0.020867,4.1041e-01
dev-corpus-03,2732,580,2.179082e-03,4535,4535,1.724306,1.702849,2.9649e-01
dev-corpus-03,2733,8645,1.799194e-07,8645,8645,0.000063,0.000063,3.5428e-01
dev-corpus-03,2734,198,7.609980e-04,198,198,0.178378,0.179165,2.7623e-01
dev-corpus-03,2735,285,1.005387e-04,285,285,0.059099,0.062115,2.3160e-01
dev-corpus-03,2736,4265,5.189598e-04,413,413,1.689515,1.673297,2.2733e-01
dev-corpus-03,2737,580,2.234519e-03,580,580,0.372873,0.334795,2.4387e-01
dev-corpus-03,2738,8645,4.705390e-08,8645,8645,0.000022,0.000021,2.6040e-01
dev-corpus-03,2739,25,2.452346e-05,25,25,0.007023,0.007504,2.4178e-01
dev-corpus-03,2740,198,1.928668e-06,198,198,0.001997,0.001945,2.7068e-01
dev-corpus-03,2741,309,1.208749e-06,309,309,0.001635,0.001636,2.0380e-01
dev-corpus-03,2742,12366,4.198855e-05,12366,12366,0.024713,0.024002,2.1632e-01
dev-corpus-03,2743,283,5.147919e-05,283,283,0.011258,0.012246,2.4091e-01
dev-corpus-03,2744,696,4.753772e-04,696,696,0.069825,0.076799,2.7617e-01
dev-corpus-03,2745,18267,1.364093e-05,18267,18267,0.010241,0.010368,2.6661e-01
dev-corpus-03,2746,2155,5.311616e-07,2155,2155,0.000196,0.000208,2.4154e-01
dev-corpus-03,2747,5781,1.849118e-04,5781,5781,0.014849,0.013288,3.4285e-01
dev-corpus-03,2748,8645,1.881669e-06,8645,8645,0.000166,0.000149,4.5675e-01
dev-corpus-03,2749,11,1.627155e-06,11,11,0.000369,0.000367,2.8410e-01
dev-corpus-03,2750,12366,2.465083e-06,12366,12366,0.001793,0.001769,2.7028e-01
dev-corpus-03,2751,8,2.569844e-05,8,8,0.003142,0.002773,3.2359e-01
dev-corpus-03,2752,198,1.405603e-05,198,198,0.092277,0.093045,2.7773e-01
dev-corpus-03,2753,285,7.300462e-05,285,285,0.020928,0.019964,2.2042e-01
dev-corpus-03,2754,653,4.592676e-04,653,653,0.526396,0.541188,3.3026e-01
dev-corpus-03,2755,12536,2.032660e-04,12536,12536,0.203617,0.199237,2.1706e-01
dev-corpus-03,2756,709,1.628671e-05,709,709,0.010579,0.010048,1.8971e-01
dev-corpus-03,2757,364,6.070123e-06,364,364,0.004537,0.004656,2.3817e-01
dev-corpus-03,2758,641,1.185957e-04,641,641,0.026114,0.028376,3.1244e-01
dev-corpus-03,2759,1899,3.761946e-04,18112,18112,1.121029,1.148909,2.9838e-01
dev-corpus-03,2760,363,5.536774e-04,363,363,0.097974,0.105836,3.5975e-01
dev-corpus-03,2761,198,3.352403e-05,198,198,0.029200,0.030364,2.4629e-01
dev-corpus-03,2762,285,3.433178e-06,285,285,0.001438,0.001371,2.3563e-01
dev-corpus-03,2763,687,5.922222e-05,687,687,0.004288,0.005004,2.5639e-01
dev-corpus-03,2764,5335,2.579282e-04,5335,5335,0.062831,0.058943,2.6341e-01
dev-corpus-03,2765,1212,7.638646e-05,1212,1212,0.008972,0.008690,3.1043e-01
dev-corpus-03,2766,78,8.856717e-07,78,78,0.000246,0.000266,2.2620e-01
dev-corpus-03,2767,1590,6.868055e-06,1590,1590,0.001671,0.001528,2.7638e-01
dev-corpus-03,2768,198,2.906745e-05,198,198,0.001294,0.001360,1.7805e+00
dev-corpus-03,2769,309,1.919483e-06,309,309,0.000590,0.000556,2.6356e-01
dev-corpus-03,2770,6725,1.735000e-04,653,653,1.499996,1.524872,2.1804e-01
dev-corpus-03,2771,283,7.272188e-06,283,283,0.002031,0.001907,2.3712e-01
dev-corpus-03,2772,4396,2.577506e-06,4396,4396,0.002592,0.002653,2.2581e-01
dev-corpus-03,2773,5982,3.743878e-07,5982,5982,0.000329,0.000320,2.6406e-01
dev-corpus-03,2774,482,7.999238e-07,482,482,0.000544,0.000551,2.9100e-01
dev-corpus-03,2775,29259,2.153003e-05,29259,29259,0.008156,0.007681,2.9902e-01
dev-corpus-03,2776,837,4.101404e-06,837,837,0.000459,0.000415,3.2612e-01
dev-corpus-03,2777,466,3.535569e-05,466,466,0.033440,0.034555,2.3417e-01
dev-corpus-03,2778,4396,1.107586e-06,4396,4396,0.000320,0.000307,2.1036e-01
dev-corpus-03,2779,5982,1.304704e-06,5982,5982,0.000196,0.000187,3.8478e-01
dev-corpus-03,2780,482,4.820156e-07,482,482,0.000318,0.000328,3.3105e-01
dev-corpus-03,2781,1277,5.348554e-05,1277,1277,0.010577,0.009883,3.2120e-01
dev-corpus-03,2782,4289,2.702961e-08,4289,4289,0.000020,0.000019,2.2966e-01
dev-corpus-03,2783,837,3.918742e-07,837,837,0.000162,0.000166,5.1792e-01
dev-corpus-03,2784,198,1.527001e-05,198,198,0.004892,0.005251,1.9619e-01
dev-corpus-03,2785,309,1.889567e-06,309,309,0.000604,0.000564,2.7649e-01
dev-corpus-03,2786,413,1.917795e-04,413,413,0.098276,0.094702,3.1920e-01
dev-corpus-03,2787,6725,1.289314e-05,6725,6725,0.003979,0.003729,2.3933e-01
dev-corpus-03,2788,369,8.934786e-05,369,369,0.012772,0.012636,3.4285e-01
dev-corpus-03,2789,524,1.360617e-03,524,524,0.233176,0.216494,2.4754e-01
dev-corpus-03,2790,2168,3.256463e-06,2168,2168,0.000108,0.000090,7.2602e-01
dev-corpus-03,2791,25,1.007790e-06,25,25,0.010221,0.010164,2.5602e-01
dev-corpus-03,2792,198,4.441595e-06,198,198,0.001554,0.001571,4.4677e-01
dev-corpus-03,2793,388,8.093267e-07,388,388,0.000669,0.000674,3.3166e-01
dev-corpus-03,2794,1380,9.045083e-04,460,460,1.525459,1.479345,3.7605e-01
dev-corpus-03,2795,25,1.855168e-06,25,25,0.000193,0.000170,3.1345e-01
dev-corpus-03,2796,198,6.030784e-06,198,198,0.001234,0.001254,5.9400e-01
dev-corpus-03,2797,493,1.926256e-06,493,493,0.000744,0.000701,2.7296e-01
dev-corpus-03,2798,460,6.714800e-04,460,460,0.115600,0.127357,3.1036e-01
dev-corpus-03,2799,592,4.176876e-05,592,592,0.015051,0.014685,2.9862e-01
dev-corpus-03,2800,78263,1.649864e-06,78263,78263,0.001085,0.001096,2.6161e-01
dev-corpus-03,2801,7426,1.944317e-05,7426,7426,0.003905,0.004226,2.4964e-01
dev-corpus-03,2802,3486,1.472531e-08,3486,3486,0.000006,0.000006,3.4398e-01
dev-corpus-03,2803,2387,1.383342e-06,2387,2387,0.000923,0.000905,2.7223e-01
dev-corpus-03,2804,198,7.224209e-06,198,198,0.003808,0.003674,8.0004e-01
dev-corpus-03,2805,388,2.709466e-06,388,388,0.000677,0.000670,2.1930e-01
dev-corpus-03,2806,3525,6.787229e-06,3525,3525,0.001783,0.001660,2.6947e-01
dev-corpus-03,2807,36834,5.079704e-04,36834,36834,0.116230,0.106246,2.5062e-01
dev-corpus-03,2808,25,3.175674e-06,25,25,0.008692,0.008877,3.0842e-01
dev-corpus-03,2809,198,4.784919e-06,198,198,0.001918,0.001989,6.0794e-01
dev-corpus-03,2810,493,2.895116e-06,493,493,0.000798,0.000752,2.2993e-01
dev-corpus-03,2811,460,5.792552e-04,460,460,0.570070,0.586548,3.4599e-01
dev-corpus-03,2812,4396,4.014315e-04,638,638,1.353910,1.327921,3.2243e-01
dev-corpus-03,2813,5982,8.809910e-05,5982,5982,0.041041,0.042769,4.0749e-01
dev-corpus-03,2814,363,9.467882e-04,482,482,1.754417,1.697219,4.6362e-01
dev-corpus-03,2815,198,2.205987e-04,198,198,0.113904,0.107850,3.5093e-01
dev-corpus-03,2816,309,9.263192e-06,309,309,0.016398,0.016199,2.7671e-01
dev-corpus-03,2817,413,1.891142e-04,413,413,0.071748,0.068159,2.5569e-01
dev-corpus-03,2818,4396,6.866820e-07,4396,4396,0.000760,0.000759,1.9937e-01
dev-corpus-03,2819,5982,1.011271e-07,5982,5982,0.000042,0.000040,2.4651e-01
dev-corpus-03,2820,482,3.607436e-07,482,482,0.000437,0.000440,3.2541e-01
dev-corpus-03,2821,63605,6.696690e-07,63605,63605,0.002541,0.002541,2.4360e-01
dev-corpus-03,2822,837,2.287476e-07,837,837,0.000109,0.000108,3.8254e-01
dev-corpus-03,2823,369,7.257328e-07,369,369,0.000501,0.000479,2.5623e-01
dev-corpus-03,2824,524,3.435412e-07,524,524,0.000727,0.000730,6.6416e-01
dev-corpus-03,2825,2168,7.254700e-07,2168,2168,0.000051,0.000044,3.4244e-01
dev-corpus-03,2826,25,1.446450e-06,25,25,0.000870,0.000889,2.4485e-01
dev-corpus-03,2827,198,1.442918e-06,198,198,0.000268,0.000250,3.3502e-01
dev-corpus-03,2828,388,2.928551e-06,388,388,0.000677,0.000623,2.7542e-01
dev-corpus-03,2829,460,4.410334e-06,460,460,0.003276,0.003128,2.4203e-01
dev-corpus-03,2830,638,4.429774e-05,638,638,0.008833,0.008304,2.6503e-01
dev-corpus-03,2831,31919,1.776264e-05,31919,31919,0.004635,0.004298,2.1482e-01
dev-corpus-03,2832,17174,1.992301e-06,17174,17174,0.000091,0.000074,3.1219e-01
dev-corpus-03,2833,198,2.773886e-05,198,198,0.006136,0.005709,6.2761e-01
dev-corpus-03,2834,309,1.187483e-05,309,309,0.001403,0.001231,2.7623e-01
dev-corpus-03,2835,413,2.437393e-04,413,413,0.132958,0.125302,3.6233e-01
dev-corpus-03,2836,4396,1.825845e-06,4396,4396,0.000232,0.000205,2.6219e-01
dev-corpus-03,2837,5982,4.433132e-07,5982,5982,0.000059,0.000054,3.0173e-01
dev-corpus-03,2838,482,8.077712e-07,482,482,0.000206,0.000192,2.6257e-01
dev-corpus-03,2839,11469,3.126428e-06,11469,11469,0.000472,0.000439,5.4616e-01
dev-corpus-03,2840,837,2.953616e-07,837,837,0.000146,0.000151,2.8449e-01
dev-corpus-03,2841,369,2.812378e-04,369,369,0.001158,0.000826,3.5787e+00
dev-corpus-03,2842,524,4.509832e-04,524,524,0.000576,0.000274,3.7310e+00
dev-corpus-03,2843,2168,1.795553e-04,2168,2168,0.000278,0.000114,2.8882e+00
dev-corpus-03,2844,25,1.716871e-05,25,25,0.000432,0.000338,7.0104e-01
dev-corpus-03,2845,198,1.268564e-05,198,198,0.003210,0.003235,4.9361e-01
dev-corpus-03,2846,388,9.708582e-06,388,388,0.000768,0.000664,3.1333e-01
dev-corpus-03,2847,460,4.622723e-04,638,638,4.197131,3.989517,3.3440e-01
dev-corpus-03,2848,4396,3.661942e-04,4396,4396,0.813838,0.824709,3.3005e-01
dev-corpus-03,2849,5982,4.074135e-06,5982,5982,0.000836,0.000815,3.2160e-01
dev-corpus-03,2850,363,2.481848e-04,363,363,0.041294,0.044895,3.3130e-01
dev-corpus-03,2851,198,2.355574e-05,198,198,0.012851,0.012247,3.1763e-01
dev-corpus-03,2852,309,2.049122e-05,309,309,0.021748,0.020840,3.3211e-01
dev-corpus-03,2853,4673,2.516295e-03,4673,4673,0.573843,0.523563,3.9657e-01
dev-corpus-03,2854,14953,8.826908e-05,14953,14953,0.013847,0.015075,3.5827e-01
dev-corpus-03,2855,482,4.375018e-05,482,482,0.021747,0.020871,3.2906e-01
dev-corpus-03,2856,1743,3.753154e-05,1743,1743,0.015156,0.015307,4.1504e-01
dev-corpus-03,2857,44530,1.896819e-07,44530,44530,0.000199,0.000196,2.5713e-01
dev-corpus-03,2858,6725,3.569744e-05,6725,6725,0.007170,0.006579,2.6436e-01
dev-corpus-03,2859,1809,1.694895e-06,1809,1809,0.000363,0.000381,4.0971e-01
dev-corpus-03,2860,303,1.459299e-06,303,303,0.000493,0.000517,4.5658e-01
dev-corpus-03,2861,5215,1.493562e-06,5215,5215,0.000540,0.000509,2.3857e-01
dev-corpus-03,2862,504,2.070673e-05,504,504,0.006930,0.007320,2.2084e-01
dev-corpus-03,2863,198,3.027661e-05,198,198,0.005369,0.005860,2.4214e-01
dev-corpus-03,2864,6323,2.950461e-06,6323,6323,0.001746,0.001728,2.7394e-01
dev-corpus-03,2865,638,2.919098e-07,638,638,0.000178,0.000173,2.5942e-01
dev-corpus-03,2866,37813,2.352945e-04,37813,37813,0.012096,0.009988,9.1726e-01
dev-corpus-03,2867,8,1.336351e-06,8,8,0.000592,0.000593,3.6875e-01
dev-corpus-03,2868,198,2.540940e-05,198,198,0.015885,0.015058,3.0071e-01
dev-corpus-03,2869,285,8.516593e-06,285,285,0.002354,0.002187,2.5522e-01
dev-corpus-03,2870,460,1.080082e-05,460,460,0.009217,0.009261,2.6584e-01
dev-corpus-03,2871,638,1.791489e-05,638,638,0.001239,0.001404,3.2101e-01
dev-corpus-03,2872,37813,2.089329e-05,37813,37813,0.001970,0.001746,3.4063e-01
dev-corpus-03,2873,4168,3.915747e-07,4168,4168,0.000271,0.000269,3.2398e-01
dev-corpus-03,2874,58759,2.759841e-05,58759,58759,0.003267,0.003546,5.1239e-01
dev-corpus-03,2875,11,2.173867e-06,11,11,0.000406,0.000373,3.2076e-01
dev-corpus-03,2876,638,1.177866e-06,638,638,0.000484,0.000514,2.6698e-01
dev-corpus-03,2877,20342,1.234621e-06,20342,20342,0.000323,0.000313,3.4316e-01
dev-corpus-03,2878,8,1.290131e-05,8,8,0.003185,0.002986,2.4705e-01
dev-corpus-03,2879,271,1.747454e-04,271,271,0.541673,0.543653,4.4406e-01
dev-corpus-03,2880,262,6.602002e-04,262,262,0.485896,0.464816,2.1486e-01
dev-corpus-03,2881,687,1.881634e-04,687,687,0.152445,0.157500,2.2729e-01
dev-corpus-03,2882,369,9.496056e-04,696,696,5.343086,5.381652,3.1480e-01
dev-corpus-03,2883,8078,2.624806e-03,32939,32939,2.334462,2.362008,2.8416e-01
dev-corpus-03,2884,1153,8.863914e-04,1153,1153,0.374956,0.384934,2.9392e-01
dev-corpus-03,2885,1590,4.417619e-04,11,11,1.043872,1.084502,2.2189e-01
dev-corpus-03,2886,198,2.267842e-05,198,198,0.006553,0.006077,3.1690e-01
dev-corpus-03,2887,285,1.114637e-05,285,285,0.004025,0.003774,2.2993e-01
dev-corpus-03,2888,364,7.035717e-04,4071,460,4.719457,4.640092,2.8983e-01
dev-corpus-03,2889,4396,6.469707e-04,4396,4396,1.182135,1.204559,2.6111e-01
dev-corpus-03,2890,303,5.800949e-05,303,303,0.005097,0.004897,2.8152e-01
dev-corpus-03,2891,638,3.883990e-04,638,638,0.348235,0.354889,3.1029e-01
dev-corpus-03,2892,37813,1.175359e-03,37813,37813,0.123321,0.140518,2.7741e-01
dev-corpus-03,2893,2571,7.678713e-05,2571,2571,0.007961,0.008745,2.7948e-01
dev-corpus-03,2894,1947,1.821216e-06,1947,1947,0.000137,0.000150,1.0592e+00
dev-corpus-03,2895,1153,2.327054e-05,1153,1153,0.009930,0.009344,2.8023e-01
dev-corpus-03,2896,20342,8.271184e-06,20342,20342,0.005211,0.005152,2.9236e-01
dev-corpus-03,2897,1590,5.410210e-06,1590,1590,0.002421,0.002344,2.2220e-01
dev-corpus-03,2898,198,1.052825e-06,198,198,0.003590,0.003529,2.1934e-01
dev-corpus-03,2899,309,3.907935e-06,309,309,0.001127,0.001104,2.1927e-01
dev-corpus-03,2900,413,8.365156e-04,413,413,0.694855,0.731364,2.2053e-01
dev-corpus-03,2901,4396,4.908781e-05,4396,4396,0.030390,0.030192,3.0360e-01
dev-corpus-03,2902,5982,8.939364e-06,5982,5982,0.010708,0.011021,2.9564e-01
dev-corpus-03,2903,482,8.818206e-06,482,482,0.004815,0.005029,2.3167e-01
dev-corpus-03,2904,11469,1.209352e-04,29259,29259,0.835573,0.841451,2.6412e-01
dev-corpus-03,2905,837,3.060488e-04,837,837,0.150039,0.140314,3.1159e-01
dev-corpus-03,2906,369,5.427990e-05,369,369,0.023358,0.024802,2.2638e-01
dev-corpus-03,2907,524,7.097461e-05,524,524,0.007131,0.008123,2.6803e-01
dev-corpus-03,2908,2168,2.943427e-06,2168,2168,0.000208,0.000183,3.0727e-01
dev-corpus-03,2909,25,2.871005e-05,25,25,0.022993,0.023923,2.2211e-01
dev-corpus-03,2910,198,8.400951e-06,198,198,0.001289,0.001158,3.9460e-01
dev-corpus-03,2911,388,5.232078e-06,388,388,0.001021,0.000936,2.7850e-01
dev-corpus-03,2912,460,1.444788e-04,460,460,0.032049,0.035082,2.5271e-01
dev-corpus-03,2913,3439,3.057301e-05,3439,3439,0.005205,0.005697,3.0179e-01
dev-corpus-03,2914,198,1.622767e-05,198,198,0.018676,0.018913,2.6134e-01
dev-corpus-03,2915,309,8.511413e-04,285,285,0.943217,0.892803,2.3197e-01
dev-corpus-03,2916,413,2.147082e-04,413,413,0.460509,0.463244,2.0352e-01
dev-corpus-03,2917,318,2.024669e-05,4396,4396,5.568215,5.647841,3.3633e-01
dev-corpus-03,2918,6154,3.819998e-04,6154,6154,0.064287,0.058417,2.9333e-01
dev-corpus-03,2919,5982,1.044959e-05,5982,5982,0.000774,0.000871,3.6909e-01
dev-corpus-03,2920,482,4.187917e-06,482,482,0.001604,0.001612,3.7396e-01
dev-corpus-03,2921,29259,1.025100e-03,29259,29259,0.162586,0.179497,2.6542e-01
dev-corpus-03,2922,837,4.751231e-06,837,837,0.002472,0.002596,2.2514e-01
dev-corpus-03,2923,369,7.466888e-05,466,466,2.779191,2.752627,1.8540e-01
dev-corpus-03,2924,2168,4.914021e-04,524,524,1.032126,1.074784,2.5750e-01
dev-corpus-03,2925,198,3.650280e-05,321,321,2.097170,2.111942,1.9724e-01
dev-corpus-03,2926,388,6.528937e-04,388,388,0.576469,0.546130,2.5311e-01
dev-corpus-03,2927,321,1.938842e-06,321,321,0.010847,0.010674,2.9739e-01
dev-corpus-03,2928,4396,3.442243e-06,4396,4396,0.005772,0.005656,2.3100e-01
dev-corpus-03,2929,5982,4.218992e-07,5982,5982,0.000083,0.000077,2.6623e-01
dev-corpus-03,2930,482,1.057580e-06,482,482,0.000825,0.000827,2.6904e-01
dev-corpus-03,2931,1277,1.263242e-05,1277,1277,0.020561,0.020736,3.9278e-01
dev-corpus-03,2932,4289,4.251998e-08,4289,4289,0.000031,0.000030,2.9108e-01
dev-corpus-03,2933,837,4.285245e-06,837,837,0.000686,0.000645,2.9133e-01
dev-corpus-03,2934,369,2.913282e-06,369,369,0.002584,0.002589,2.2293e-01
dev-corpus-03,2935,2168,3.256585e-05,2168,2168,0.032363,0.031011,3.5501e-01
dev-corpus-03,2936,198,6.196629e-05,1590,1590,1.327726,1.310708,2.3019e-01
dev-corpus-03,2937,388,2.142992e-05,388,388,0.016911,0.017285,2.9974e-01
dev-corpus-03,2938,321,5.020441e-06,321,321,0.002563,0.002698,3.5898e-01
dev-corpus-03,2939,4396,5.645045e-05,4396,4396,0.007449,0.008329,2.6789e-01
dev-corpus-03,2940,5982,5.510072e-07,5982,5982,0.000081,0.000085,4.1846e-01
dev-corpus-03,2941,482,2.217725e-05,482,482,0.002805,0.003148,3.9257e-01
dev-corpus-03,2942,63605,2.023092e-03,63605,63605,0.126806,0.150466,3.2552e-01
dev-corpus-03,2943,837,2.317308e-06,837,837,0.001694,0.001749,3.1293e-01
dev-corpus-03,2944,369,2.583400e-06,369,369,0.000792,0.000830,2.7133e-01
dev-corpus-03,2945,2168,6.694287e-04,2168,2168,0.032304,0.026149,5.2866e-01
dev-corpus-03,2946,1590,5.717644e-05,1590,1590,0.044490,0.046620,1.9899e-01
dev-corpus-03,2947,198,1.126374e-05,198,198,0.002299,0.002097,6.3851e-01
dev-corpus-03,2948,388,5.261905e-06,388,388,0.002074,0.002108,2.9914e-01
dev-corpus-03,2949,653,5.132139e-05,460,460,4.392509,4.445727,2.7782e-01
dev-corpus-03,2950,1368,1.078456e-03,1061,1061,3.025091,3.011968,2.6234e-01
dev-corpus-03,2951,660,4.378441e-04,567,567,4.128266,4.145845,2.5224e-01
dev-corpus-03,2952,279,8.727305e-04,5038,5038,2.893586,2.866036,2.4222e-01
dev-corpus-03,2953,5038,1.193587e-03,5038,5038,1.291586,1.270431,3.9737e-01
dev-corpus-03,2954,513,7.548500e-04,513,513,0.251414,0.258159,2.4269e-01
dev-corpus-03,2955,2168,1.923427e-04,2168,2168,0.166283,0.172704,2.3428e-01
dev-corpus-03,2956,11,1.336846e-04,11,11,0.116581,0.113847,2.2261e-01
dev-corpus-03,2957,1017,2.885295e-04,1179,1179,3.508984,3.560397,2.6224e-01
dev-corpus-03,2958,1902,2.297708e-03,579,579,3.014160,2.978464,2.2245e-01
dev-corpus-03,2959,381,5.519876e-05,381,381,0.052404,0.050570,2.0537e-01
dev-corpus-03,2960,198,3.816989e-04,449,449,3.207090,3.226087,3.0562e-01
dev-corpus-03,2961,388,2.878390e-06,388,388,0.000753,0.000702,2.4188e-01
dev-corpus-03,2962,653,1.153894e-03,653,653,0.001535,0.000546,5.7375e+00
dev-corpus-03,2963,2361,2.348458e-03,449,449,4.010448,3.949297,5.0873e-01
dev-corpus-03,2964,1809,1.294837e-03,1809,1809,0.596562,0.593315,3.8730e-01
dev-corpus-03,2965,567,2.204666e-03,421,421,4.490511,4.514653,3.9750e-01
dev-corpus-03,2966,2224,4.449280e-04,3105,3105,2.454769,2.477368,2.4884e-01
dev-corpus-03,2967,524,2.898940e-04,7167,7167,1.099057,1.107917,2.2368e-01
dev-corpus-03,2968,21637,1.109785e-03,12910,12910,3.856636,3.885199,2.1641e-01
dev-corpus-03,2969,198,5.096096e-04,13,13,1.944567,1.972943,2.8418e-01
dev-corpus-03,2970,388,1.547847e-05,388,388,0.001663,0.001465,3.5551e-01
dev-corpus-03,2971,4673,5.039314e-04,460,460,2.151151,2.094791,3.6585e-01
dev-corpus-03,2972,14953,1.352502e-04,14953,14953,0.108962,0.109136,2.3857e-01
dev-corpus-03,2973,482,1.021998e-03,482,482,0.290536,0.311942,2.2870e-01
dev-corpus-03,2974,1743,5.834620e-04,1743,1743,0.213082,0.198792,2.6080e-01
dev-corpus-03,2975,44530,1.377662e-05,44530,44530,0.007614,0.007351,2.3575e-01
dev-corpus-03,2976,6725,1.060284e-03,6725,6725,0.401537,0.375571,3.1222e-01
dev-corpus-03,2977,1809,5.447693e-06,1809,1809,0.003094,0.003050,3.2736e-01
dev-corpus-03,2978,303,1.215588e-05,303,303,0.015014,0.015124,2.7121e-01
dev-corpus-03,2979,5215,1.551086e-05,5215,5215,0.007349,0.007493,2.7124e-01
dev-corpus-03,2980,504,9.044088e-05,504,504,0.042726,0.045314,2.0845e-01
dev-corpus-03,2981,198,1.124488e-05,198,198,0.005756,0.006041,2.3104e-01
dev-corpus-03,2982,493,5.050646e-05,761,761,6.807138,6.666320,2.7475e-01
dev-corpus-03,2983,638,2.155151e-05,638,638,0.010764,0.011192,2.5522e-01
dev-corpus-03,2984,37813,3.671375e-04,37813,37813,0.031267,0.026737,2.1274e-01
dev-corpus-03,2985,8,1.193803e-05,8,8,0.005479,0.005294,4.2356e-01
dev-corpus-03,2986,198,2.080544e-05,198,198,0.024055,0.023109,2.5004e-01
dev-corpus-03,2987,285,1.580808e-05,285,285,0.034824,0.034068,2.5149e-01
dev-corpus-03,2988,460,3.295553e-05,460,460,0.028345,0.027313,2.3855e-01
dev-corpus-03,2989,2912,2.053031e-05,2912,2912,0.006361,0.006061,2.4663e-01
dev-corpus-03,2990,271,1.293850e-04,271,271,0.233612,0.238793,2.2390e-01
dev-corpus-03,2991,262,4.607550e-04,262,262,0.130770,0.140866,2.2432e-01
dev-corpus-03,2992,687,1.069708e-04,687,687,0.155114,0.150757,2.8371e-01
dev-corpus-03,2993,615,1.064350e-03,1259,1259,2.768960,2.789804,2.5727e-01
dev-corpus-03,2994,37125,2.429013e-03,39109,39109,4.955826,5.061080,3.9307e-01
dev-corpus-03,2995,11497,4.611314e-04,11497,11497,0.113082,0.103812,2.1092e-01
dev-corpus-03,2996,1153,1.095984e-05,1153,1153,0.006161,0.006455,2.1643e-01
dev-corpus-03,2997,1590,2.117283e-04,1590,1590,0.051366,0.055894,3.1281e-01
dev-corpus-03,2998,198,3.333446e-06,198,198,0.001948,0.001909,2.6649e-01
dev-corpus-03,2999,285,3.976289e-06,285,285,0.001739,0.001671,2.0784e-01
dev-corpus-03,3000,13746,5.147549e-04,4071,4071,4.296876,4.252712,2.3980e-01
dev-corpus-03,3001,283,2.223059e-06,283,283,0.004319,0.004297,1.9087e-01
dev-corpus-03,3002,2958,2.091084e-04,716,716,0.916854,0.899286,2.0900e-01
dev-corpus-03,3003,198,6.975311e-07,198,198,0.003434,0.003382,1.9914e-01
dev-corpus-03,3004,285,3.448492e-06,285,285,0.000928,0.000873,2.9260e-01
dev-corpus-03,3005,364,5.813817e-05,364,364,0.060082,0.060340,2.1703e-01
dev-corpus-03,3006,4396,1.458016e-04,4396,4396,0.039212,0.036202,2.0612e-01
dev-corpus-03,3007,303,2.078485e-06,303,303,0.000444,0.000428,2.2499e-01
dev-corpus-03,3008,638,7.342035e-06,638,638,0.009189,0.009373,2.8793e-01
dev-corpus-03,3009,37813,1.407847e-05,37813,37813,0.012601,0.012239,2.4865e-01
dev-corpus-03,3010,2571,3.165000e-05,2571,2571,0.001530,0.001854,3.2358e-01
dev-corpus-03,3011,1947,1.976247e-07,1947,1947,0.000025,0.000028,3.3807e-01
dev-corpus-03,3012,1153,1.552306e-06,1153,1153,0.000850,0.000831,3.0061e-01
dev-corpus-03,3013,20342,4.548271e-07,20342,20342,0.000230,0.000223,3.0294e-01
dev-corpus-03,3014,1590,2.574297e-06,1590,1590,0.000793,0.000802,4.2455e-01
dev-corpus-03,3015,198,1.308307e-06,198,198,0.000974,0.000930,2.2238e-01
dev-corpus-03,3016,309,4.532689e-07,309,309,0.000471,0.000468,2.4409e-01
dev-corpus-03,3017,6725,1.074017e-03,413,413,1.102301,1.131567,3.0579e-01
dev-corpus-03,3018,283,3.082462e-05,283,283,0.004496,0.005021,2.5275e-01
dev-corpus-03,3019,4396,1.290388e-05,4396,4396,0.003894,0.004148,2.7396e-01
dev-corpus-03,3020,5982,2.005602e-06,5982,5982,0.000533,0.000549,3.6750e-01
dev-corpus-03,3021,482,4.323614e-06,482,482,0.001364,0.001470,2.7897e-01
dev-corpus-03,3022,29259,2.318852e-05,29259,29259,0.005030,0.005458,4.4597e-01
dev-corpus-03,3023,837,9.392402e-07,837,837,0.000703,0.000717,2.8925e-01
dev-corpus-03,3024,466,7.316767e-07,466,466,0.307624,0.307537,3.1111e-01
dev-corpus-03,3025,4396,3.247308e-06,4396,4396,0.000385,0.000348,2.1738e-01
dev-corpus-03,3026,5982,3.285996e-07,5982,5982,0.000070,0.000075,4.8652e-01
dev-corpus-03,3027,482,4.698295e-07,482,482,0.000373,0.000372,3.5646e-01
dev-corpus-03,3028,1277,1.168035e-06,1277,1277,0.000529,0.000522,5.5715e-01
dev-corpus-03,3029,4289,2.141279e-05,4289,4289,0.002338,0.002099,6.1007e-01
dev-corpus-03,3030,837,4.938100e-07,837,837,0.000133,0.000129,4.3373e-01
dev-corpus-03,3031,198,2.524473e-05,198,198,0.004831,0.005076,2.3884e-01
dev-corpus-03,3032,309,8.244018e-07,309,309,0.000261,0.000250,4.6925e-01
dev-corpus-03,3033,413,2.370900e-04,413,413,0.029581,0.032753,3.1255e-01
dev-corpus-03,3034,6725,3.281078e-06,6725,6725,0.004886,0.004861,2.3612e-01
dev-corpus-03,3035,369,1.085076e-04,369,369,0.161085,0.155172,2.1826e-01
dev-corpus-03,3036,524,7.108947e-05,524,524,0.009939,0.011175,2.0231e-01
dev-corpus-03,3037,2168,7.612107e-07,2168,2168,0.000076,0.000067,2.2603e-01
dev-corpus-03,3038,321,3.311605e-06,25,25,4.892543,4.869721,2.6598e-01
dev-corpus-03,3039,6725,2.514897e-04,6725,6725,0.265181,0.265333,2.9849e-01
dev-corpus-03,3040,524,4.941170e-04,524,524,0.267970,0.253871,2.2027e-01
dev-corpus-03,3041,303,1.386646e-07,303,303,0.000047,0.000047,2.5976e-01
dev-corpus-03,3042,13746,7.872834e-05,13746,13746,0.024303,0.026009,2.5743e-01
dev-corpus-03,3043,25,1.954932e-06,25,25,0.001423,0.001361,2.0275e-01
dev-corpus-03,3044,198,4.472094e-06,198,198,0.001065,0.001057,3.5722e-01
dev-corpus-03,3045,388,1.075984e-06,388,388,0.000928,0.000903,2.0897e-01
dev-corpus-03,3046,653,6.066294e-06,13746,13746,5.542535,5.497991,2.0732e-01
dev-corpus-03,3047,884,8.259175e-04,1368,1368,5.226162,5.244488,2.4783e-01
dev-corpus-03,3048,264,5.001590e-04,279,279,3.795474,3.787803,2.1694e-01
dev-corpus-03,3049,6725,1.350668e-03,4752,4752,3.324016,3.399013,2.2533e-01
dev-corpus-03,3050,1809,4.797441e-04,1809,1809,0.798416,0.824379,3.0137e-01
dev-corpus-03,3051,1132,6.057332e-04,198,198,3.034209,3.029922,2.4130e-01
dev-corpus-03,3052,279,5.020914e-04,2957,2957,3.708337,3.680493,1.5440e-01
dev-corpus-03,3053,1118,1.403466e-05,1118,1118,0.011510,0.011608,2.5256e-01
dev-corpus-03,3054,854,1.518220e-05,854,854,0.011439,0.011492,2.0121e-01
dev-corpus-03,3055,424,3.684437e-04,424,424,0.735215,0.718364,1.7862e-01
dev-corpus-03,3056,7701,7.989804e-04,579,7701,1.159874,1.111611,1.6003e-01
dev-corpus-03,3057,198,1.340024e-05,198,198,0.075898,0.075749,1.8058e-01
dev-corpus-03,3058,388,1.366674e-06,388,388,0.000317,0.000309,2.5554e-01
dev-corpus-03,3059,13746,4.101835e-05,13746,13746,0.083434,0.081017,2.5911e-01
dev-corpus-03,3060,1989,9.667447e-07,1989,1989,0.000935,0.000954,2.4822e-01
dev-corpus-03,3061,36101,4.951563e-06,36101,36101,0.001724,0.001841,2.2237e-01
dev-corpus-03,3062,8,9.839824e-06,8,8,0.002282,0.002365,4.5371e-01
dev-corpus-03,3063,198,2.974949e-05,198,198,0.010195,0.009445,3.3809e-01
dev-corpus-03,3064,309,2.287002e-05,285,285,3.120211,3.135755,1.7457e-01
dev-corpus-03,3065,4265,1.419638e-03,413,26880,1.909256,1.954229,2.3372e-01
dev-corpus-03,3066,318,2.915675e-04,4396,4396,2.462932,2.506704,2.1464e-01
dev-corpus-03,3067,29259,2.079787e-05,6154,6154,1.734412,1.722284,1.8747e-01
dev-corpus-03,3068,369,3.592119e-04,369,369,0.036384,0.041244,3.3435e-01
dev-corpus-03,3069,2168,5.335464e-04,2168,2168,0.102775,0.113870,2.4745e-01
dev-corpus-03,3070,198,8.847997e-05,198,198,0.196784,0.190942,1.9881e-01
dev-corpus-03,3071,388,7.572391e-04,1638,1638,1.904164,1.833478,2.6403e-01
dev-corpus-04,3072,285,7.218295e-04,2,2,5.812004,5.742037,1.7214e-01
dev-corpus-04,3073,4265,8.192302e-04,333,333,5.691829,5.711741,2.4495e-01
dev-corpus-04,3074,11074,5.237798e-04,638,638,4.479533,4.480404,1.8193e-01
dev-corpus-04,3075,1446,4.153347e-04,2007,2007,2.996774,3.027436,1.5267e-01
dev-corpus-04,3076,14711,1.978135e-04,11,11,8.661026,8.723700,1.8317e-01
dev-corpus-04,3077,2508,4.337924e-04,11,11,9.053171,9.162301,2.1871e-01
dev-corpus-04,3078,11,1.479767e-04,11,11,0.079729,0.081100,4.0042e-01
dev-corpus-04,3079,592,7.669963e-04,592,592,0.801582,0.799069,2.6267e-01
dev-corpus-04,3080,1590,8.654145e-06,1590,1590,0.069974,0.069922,1.8301e-01
dev-corpus-04,3081,198,2.870268e-05,198,198,0.022519,0.021746,2.9997e-01
dev-corpus-04,3082,309,1.203840e-05,309,309,0.043785,0.043695,1.9847e-01
dev-corpus-04,3083,20245,9.334545e-04,20245,20245,0.868717,0.854384,2.1464e-01
dev-corpus-04,3084,30919,7.803489e-06,2508,2508,16.438929,16.474865,2.4943e-01
dev-corpus-04,3085,283,8.544503e-04,283,283,0.217631,0.217544,3.1886e-01
dev-corpus-04,3086,12102,1.402758e-03,52665,52665,7.091686,7.096135,2.9069e-01
dev-corpus-04,3087,293,2.127647e-03,25,25,2.587737,2.586195,3.0059e-01
dev-corpus-04,3088,21402,2.300417e-04,25,25,8.010411,8.020604,2.8622e-01
dev-corpus-04,3089,6,2.561288e-03,21,21,3.045802,3.081253,2.5531e-01
dev-corpus-04,3090,1170,1.189989e-03,1170,1170,0.240912,0.264495,2.2635e-01
dev-corpus-04,3091,696,1.392028e-03,293,293,4.076357,4.102518,2.9260e-01
dev-corpus-04,3092,8038,1.212963e-03,8038,8038,1.337960,1.328013,2.2537e-01
dev-corpus-04,3093,2653,1.963134e-03,2653,2653,0.712914,0.715897,3.1601e-01
dev-corpus-04,3094,4468,1.702793e-04,4468,4468,0.235193,0.236644,2.6382e-01
dev-corpus-04,3095,1446,2.317240e-05,1446,1446,0.024220,0.024238,2.6809e-01
dev-corpus-04,3096,14711,2.012172e-05,14711,14711,0.010692,0.010492,3.3466e-01
dev-corpus-04,3097,2508,1.143267e-06,2508,2508,0.001006,0.001024,2.4791e-01
dev-corpus-04,3098,11,1.101646e-04,11,11,0.103209,0.107079,2.4751e-01
dev-corpus-04,3099,293,7.086834e-05,293,293,0.033640,0.033074,3.1771e-01
dev-corpus-04,3100,8,1.018277e-03,8,8,0.177383,0.183017,3.6641e-01
dev-corpus-04,3101,198,1.449262e-04,198,198,0.151848,0.145921,2.6759e-01
dev-corpus-04,3102,285,2.307438e-05,285,285,0.253537,0.253565,1.9754e-01
dev-corpus-04,3103,745,1.366669e-04,745,745,0.094413,0.099285,1.7116e-01
dev-corpus-04,3104,25,2.602431e-06,25,25,0.000800,0.000820,3.5623e-01
dev-corpus-04,3105,198,1.298455e-05,198,198,0.009988,0.010036,2.9483e-01
dev-corpus-04,3106,309,1.660118e-06,309,309,0.001583,0.001610,2.4772e-01
dev-corpus-04,3107,20245,1.357400e-03,4673,4673,2.214192,2.358218,1.8241e-01
dev-corpus-04,3108,30919,2.966255e-05,30919,30919,0.025429,0.024583,1.9717e-01
dev-corpus-04,3109,283,9.739896e-06,283,283,0.002049,0.002201,3.0650e-01
dev-corpus-04,3110,12102,7.042874e-04,12102,12102,0.235452,0.228421,2.8490e-01
dev-corpus-04,3111,293,1.529326e-04,293,293,0.065925,0.062951,3.0614e-01
dev-corpus-04,3112,21402,4.485317e-06,21402,21402,0.013044,0.012918,2.2876e-01
dev-corpus-04,3113,6,2.649061e-06,6,6,0.006306,0.006357,3.0961e-01
dev-corpus-04,3114,1170,8.909499e-07,1170,1170,0.000277,0.000277,3.3288e-01
dev-corpus-04,3115,20245,3.946050e-04,293,293,2.057966,2.031932,2.1916e-01
dev-corpus-04,3116,2508,9.571667e-06,2508,2508,0.003939,0.004157,3.1992e-01
dev-corpus-04,3117,4468,5.438158e-04,1446,1446,3.351264,3.307405,3.2756e-01
dev-corpus-04,3118,1446,3.316293e-04,1446,1446,0.021574,0.023463,6.0699e-01
dev-corpus-04,3119,8,2.044077e-05,8,8,0.008498,0.008379,3.2768e-01
dev-corpus-04,3120,271,2.465080e-05,198,198,0.993008,0.985744,2.3660e-01
dev-corpus-04,3121,285,6.860153e-06,285,285,0.301210,0.300381,2.4460e-01
dev-corpus-04,3122,638,1.093362e-03,653,653,2.314737,2.260625,1.8771e-01
dev-corpus-04,3123,1385,2.783376e-04,1385,1385,0.711840,0.722583,1.9844e-01
dev-corpus-04,3124,71,7.968617e-04,35138,35138,3.584564,3.612758,2.3241e-01
dev-corpus-04,3125,11609,7.588354e-04,283,283,1.286853,1.338094,2.4483e-01
dev-corpus-04,3126,283,8.762028e-04,283,283,1.023314,1.007820,2.7060e-01
dev-corpus-04,3127,2168,3.550518e-04,12102,12102,3.041642,3.071346,2.3523e-01
dev-corpus-04,3128,198,1.365147e-04,198,198,0.152188,0.145974,1.9797e-01
dev-corpus-04,3129,285,1.208996e-06,285,285,0.004574,0.004584,2.2118e-01
dev-corpus-04,3130,638,8.067637e-05,638,638,0.162959,0.163904,2.2738e-01
dev-corpus-04,3131,1385,2.072074e-04,1385,1385,0.116686,0.123071,1.8751e-01
dev-corpus-04,3132,2589,1.420541e-03,71,71,9.330621,9.367601,1.9613e-01
dev-corpus-04,3133,283,4.870059e-04,283,283,0.364229,0.380133,2.8824e-01
dev-corpus-04,3134,20245,4.401613e-04,2168,2168,2.533850,2.540640,2.7398e-01
dev-corpus-04,3135,30919,1.961892e-05,30919,30919,0.008001,0.008270,3.0624e-01
dev-corpus-04,3136,363,2.984668e-03,1818,1818,1.421893,1.313415,2.9314e-01
dev-corpus-04,3137,198,1.395187e-05,198,198,0.092038,0.092721,2.3281e-01
dev-corpus-04,3138,285,5.471628e-06,285,285,0.004970,0.005083,2.0899e-01
dev-corpus-04,3139,638,1.774036e-04,638,638,0.025117,0.027571,4.5301e-01
dev-corpus-04,3140,1385,2.469027e-05,1385,1385,0.008182,0.008696,2.0334e-01
dev-corpus-04,3141,4240,1.240371e-03,4240,4240,0.213867,0.235709,2.1870e-01
dev-corpus-04,3142,283,1.493228e-05,283,283,0.007851,0.008191,2.6156e-01
dev-corpus-04,3143,20245,2.568027e-04,20245,20245,0.080747,0.075128,2.2446e-01
dev-corpus-04,3144,30919,8.389859e-06,30919,30919,0.000735,0.000809,5.3300e-01
dev-corpus-04,3145,363,1.183458e-04,363,363,0.051843,0.050023,3.0324e-01
dev-corpus-04,3146,198,2.090348e-05,198,198,0.494317,0.490559,2.8386e-01
dev-corpus-04,3147,285,6.426793e-06,285,285,0.058118,0.058594,1.7840e-01
dev-corpus-04,3148,638,2.216453e-04,638,638,0.165620,0.173180,2.3560e-01
dev-corpus-04,3149,72998,4.943901e-04,1385,1385,5.843404,5.774072,3.1001e-01
dev-corpus-04,3150,2291,1.063759e-03,2508,2508,2.111334,2.074267,3.4959e-01
dev-corpus-04,3151,283,9.953371e-06,283,283,0.004715,0.004958,2.1472e-01
dev-corpus-04,3152,638,1.670356e-04,638,638,0.135151,0.136956,2.7732e-01
dev-corpus-04,3153,1385,4.393438e-05,1385,1385,0.014084,0.015103,2.6958e-01
dev-corpus-04,3154,4240,1.542933e-03,2589,2589,1.303551,1.215655,1.9585e-01
dev-corpus-04,3155,72998,5.689721e-05,72998,72998,0.021805,0.021545,3.0278e-01
dev-corpus-04,3156,2291,4.547998e-06,2291,2291,0.001686,0.001768,4.3804e-01
dev-corpus-04,3157,271,8.624818e-05,198,198,0.752713,0.749661,2.0196e-01
dev-corpus-04,3158,285,9.898562e-05,262,262,0.765427,0.780227,2.0516e-01
dev-corpus-04,3159,413,6.016022e-04,653,653,1.719268,1.729896,2.7607e-01
dev-corpus-04,3160,30038,5.991717e-04,11074,11074,2.770330,2.757863,2.4097e-01
dev-corpus-04,3161,1153,5.019643e-04,1153,1153,0.575631,0.555014,2.7631e-01
dev-corpus-04,3162,1385,3.484161e-05,1385,1385,0.310936,0.308214,2.8063e-01
dev-corpus-04,3163,4240,9.743096e-04,4240,4240,0.240120,0.224844,2.1543e-01
dev-corpus-04,3164,11,7.041802e-06,11,11,0.005124,0.005266,2.5956e-01
dev-corpus-04,3165,359,9.625026e-05,359,359,0.066239,0.065674,3.0867e-01
dev-corpus-04,3166,4425,2.144135e-03,4425,4425,0.837027,0.796460,3.2161e-01
dev-corpus-04,3167,2291,4.493891e-04,2291,2291,0.032099,0.027370,4.1787e-01
dev-corpus-04,3168,33782,4.441941e-05,33782,33782,0.025644,0.027161,2.8012e-01
dev-corpus-04,3169,198,4.529849e-06,198,198,0.009846,0.009586,2.1586e-01
dev-corpus-04,3170,309,8.856967e-07,309,309,0.001386,0.001433,2.1471e-01
dev-corpus-04,3171,2424,1.617675e-04,638,638,2.296727,2.259755,2.4799e-01
dev-corpus-04,3172,2073,5.757297e-05,2291,2291,3.264835,3.307440,2.9262e-01
dev-corpus-04,3173,283,2.901084e-05,283,283,0.011248,0.011264,3.1860e-01
dev-corpus-04,3174,638,8.066915e-05,638,638,0.034567,0.032621,2.3430e-01
dev-corpus-04,3175,1385,7.981437e-06,1385,1385,0.003529,0.003665,2.6199e-01
dev-corpus-04,3176,4240,1.078794e-05,4240,4240,0.001047,0.000931,3.0519e-01
dev-corpus-04,3177,15236,8.191733e-06,15236,15236,0.002447,0.002338,2.6650e-01
dev-corpus-04,3178,2291,1.729265e-07,2291,2291,0.000502,0.000491,4.2595e-01
dev-corpus-04,3179,198,2.580066e-04,198,198,0.061400,0.066760,4.0588e-01
dev-corpus-04,3180,309,3.275481e-05,285,285,1.771708,1.754178,1.7408e-01
dev-corpus-04,3181,413,5.769758e-04,413,413,0.486701,0.491197,3.0231e-01
dev-corpus-04,3182,2424,3.665050e-04,2424,2424,0.565755,0.583528,2.1577e-01
dev-corpus-04,3183,2073,5.231309e-06,2073,2073,0.005298,0.005117,2.3582e-01
dev-corpus-04,3184,361,3.070528e-04,369,369,2.220277,2.224156,2.0297e-01
dev-corpus-04,3185,220,1.227678e-03,220,220,0.166375,0.148345,2.9989e-01
dev-corpus-04,3186,16,7.785012e-04,16,16,0.774386,0.752573,3.3929e-01
dev-corpus-04,3187,21,4.928605e-04,25,25,1.332485,1.332431,3.2190e-01
dev-corpus-04,3188,25,4.110466e-05,25,25,0.074620,0.073944,2.0684e-01
dev-corpus-04,3189,198,5.890805e-05,198,198,0.030723,0.031433,4.6401e-01
dev-corpus-04,3190,388,1.186975e-06,388,388,0.001750,0.001738,2.0760e-01
dev-corpus-04,3191,696,1.812600e-04,4673,4673,5.695898,5.674732,1.8964e-01
dev-corpus-04,3192,58410,1.696057e-03,32370,32370,3.282612,3.292445,2.7189e-01
dev-corpus-04,3193,20751,4.292359e-06,20751,20751,0.002973,0.002943,2.4421e-01
dev-corpus-04,3194,482,7.428820e-04,7,7,1.178023,1.196146,3.4942e-01
dev-corpus-04,3195,4425,1.233898e-03,4425,4561,1.706871,1.723826,2.4430e-01
dev-corpus-04,3196,2291,1.698961e-04,2073,2073,1.207870,1.195327,2.8096e-01
dev-corpus-04,3197,314,5.604391e-04,361,361,2.098872,2.108223,2.2739e-01
dev-corpus-04,3198,984,6.171349e-04,984,984,0.817690,0.804711,2.8850e-01
dev-corpus-04,3199,67,1.094054e-04,67,67,0.697414,0.693476,2.1677e-01
dev-corpus-04,3200,4816,8.034826e-04,369,369,3.734020,3.764750,2.3826e-01
dev-corpus-04,3201,2166,5.490234e-04,2166,2166,1.080498,1.104527,2.2063e-01
dev-corpus-04,3202,2526,2.164188e-04,2526,2526,0.089637,0.095922,1.9002e-01
dev-corpus-04,3203,26,4.101731e-04,364,364,3.823147,3.876452,2.0914e-01
dev-corpus-04,3204,1608,1.444403e-03,359,359,3.488121,3.597573,3.0047e-01
dev-corpus-04,3205,1004,3.963636e-04,220,220,7.955897,7.975914,2.7260e-01
dev-corpus-04,3206,359,2.304539e-03,1765,1765,1.696133,1.656859,2.5970e-01
dev-corpus-04,3207,198,7.227815e-06,198,198,0.012628,0.012833,2.3013e-01
dev-corpus-04,3208,7322,1.246250e-02,7322,1335,0.684522,0.835421,3.3190e-01
dev-corpus-04,3209,359,1.586985e-05,359,359,0.012604,0.012951,2.9576e-01
dev-corpus-04,3210,2186,5.198247e-03,754,754,1.653772,1.778040,2.4118e-01
dev-corpus-04,3211,314,1.229021e-03,314,314,0.819078,0.865815,2.7669e-01
dev-corpus-04,3212,984,9.052213e-05,220,220,1.462909,1.443843,2.8982e-01
dev-corpus-04,3213,67,2.634445e-05,67,67,0.004430,0.004893,2.6176e-01
dev-corpus-04,3214,3058,3.446236e-04,6,6,3.194665,3.178681,2.8936e-01
dev-corpus-04,3215,984,1.004734e-05,984,984,0.036108,0.035487,2.0895e-01
dev-corpus-04,3216,318,1.112392e-05,318,318,0.028023,0.027510,2.8718e-01
dev-corpus-04,3217,4425,9.304563e-06,4425,4425,0.015417,0.015092,2.2038e-01
dev-corpus-04,3218,2073,6.764125e-07,2073,2073,0.000096,0.000092,5.4407e-01
dev-corpus-04,3219,11,7.854109e-06,11,11,0.000914,0.000980,2.6975e-01
dev-corpus-04,3220,638,6.119091e-04,220,220,2.147726,2.134816,2.9111e-01
dev-corpus-04,3221,15236,1.229579e-03,15236,15236,0.568459,0.611151,2.2440e-01
dev-corpus-04,3222,2073,9.063620e-06,2291,2291,1.723520,1.716865,2.9102e-01
dev-corpus-04,3223,681,2.944488e-04,681,681,0.378627,0.363136,2.3917e-01
dev-corpus-04,3224,198,4.914578e-05,198,198,0.020477,0.021710,2.9629e-01
dev-corpus-04,3225,7322,1.538519e-05,7322,7322,0.005147,0.005001,3.0467e-01
dev-corpus-04,3226,10634,9.932537e-04,696,696,2.469633,2.451533,2.4876e-01
dev-corpus-04,3227,11743,2.077932e-05,11743,11743,0.003267,0.002989,2.5691e-01
dev-corpus-04,3228,11,4.656246e-05,8,8,1.373349,1.388183,2.9251e-01
dev-corpus-04,3229,220,1.707809e-04,5436,5436,3.027454,2.948773,3.2552e-01
dev-corpus-04,3230,17,4.806493e-04,17,17,0.141644,0.130313,3.7032e-01
dev-corpus-04,3231,8,4.710857e-05,8,8,0.005818,0.006397,4.8597e-01
dev-corpus-04,3232,198,5.459134e-06,198,198,0.010683,0.011020,1.8874e-01
dev-corpus-04,3233,388,2.025182e-04,388,388,0.425805,0.440400,1.6564e-01
dev-corpus-04,3234,2424,2.404397e-04,2424,2424,0.485408,0.501626,2.2078e-01
dev-corpus-04,3235,2073,1.584224e-07,2073,2073,0.000208,0.000209,2.5273e-01
dev-corpus-04,3236,283,1.042010e-06,283,283,0.000666,0.000690,2.2419e-01
dev-corpus-04,3237,638,7.744448e-05,638,638,0.152379,0.154605,2.2170e-01
dev-corpus-04,3238,15236,3.313348e-06,15236,15236,0.002480,0.002522,2.4035e-01
dev-corpus-04,3239,2073,3.602106e-06,2073,2073,0.001488,0.001577,7.6167e-01
dev-corpus-04,3240,198,9.188792e-04,198,198,0.582299,0.616627,2.5997e-01
dev-corpus-04,3241,285,1.110391e-04,285,285,0.383388,0.374777,2.0445e-01
dev-corpus-04,3242,745,7.226945e-05,745,745,0.235095,0.237411,2.2779e-01
dev-corpus-04,3243,25,1.362243e-07,25,25,0.000028,0.000030,2.8567e-01
dev-corpus-04,3244,198,6.430100e-06,198,198,0.005144,0.005386,2.8107e-01
dev-corpus-04,3245,309,6.416753e-07,309,309,0.000878,0.000886,2.7335e-01
dev-corpus-04,3246,696,1.159561e-04,2424,2424,4.330293,4.257224,3.2043e-01
dev-corpus-04,3247,58410,2.459976e-04,58410,58410,0.075035,0.070224,2.3512e-01
dev-corpus-04,3248,20751,7.215985e-07,20751,20751,0.000409,0.000399,2.9612e-01
dev-corpus-04,3249,482,3.291286e-05,482,482,0.203961,0.203202,2.3843e-01
dev-corpus-04,3250,2665,4.303719e-04,4425,4425,2.744908,2.750501,2.1333e-01
dev-corpus-04,3251,2424,4.150454e-05,2424,2424,0.059905,0.060409,2.0033e-01
dev-corpus-04,3252,2291,1.836508e-05,2291,2291,0.060754,0.061039,2.1453e-01
dev-corpus-04,3253,6816,2.465488e-04,6816,6816,0.991056,0.993359,1.7202e-01
dev-corpus-04,3254,383,2.957338e-04,1669,1669,2.104795,2.092746,2.1871e-01
dev-corpus-04,3255,2574,2.209174e-04,984,984,6.399883,6.397451,2.3259e-01
dev-corpus-04,3256,20245,3.574433e-04,5010,5010,1.188719,1.177236,2.0789e-01
dev-corpus-04,3257,1576,8.106619e-04,2508,2508,2.680941,2.665584,2.5247e-01
dev-corpus-04,3258,26,2.187491e-04,26,26,0.607436,0.612923,1.9156e-01
dev-corpus-04,3259,359,1.997793e-05,359,359,0.024837,0.025792,1.8343e-01
dev-corpus-04,3260,198,1.388101e-07,198,198,0.000348,0.000348,3.1112e-01
dev-corpus-04,3261,5780,3.503255e-03,5780,5780,0.034000,0.049763,8.0766e-01
dev-corpus-04,3262,359,4.110777e-06,359,359,0.002528,0.002550,2.7904e-01
dev-corpus-04,3263,5439,2.963011e-04,940,940,7.134148,7.127749,2.7479e-01
dev-corpus-04,3264,28528,2.861247e-05,28528,28528,0.046551,0.048032,1.4557e-01
dev-corpus-04,3265,984,4.308004e-04,984,984,1.244867,1.268143,2.7280e-01
dev-corpus-04,3266,67,1.088539e-05,67,67,0.014214,0.014340,2.2964e-01
dev-corpus-04,3267,3058,7.009547e-04,3058,3058,0.653009,0.628243,2.2971e-01
dev-corpus-04,3268,984,7.010214e-06,984,984,0.003766,0.003888,1.8689e-01
dev-corpus-04,3269,318,1.619067e-04,638,638,1.915979,1.949999,2.4147e-01
dev-corpus-04,3270,701,9.805045e-05,701,701,0.031152,0.032459,2.0682e-01
dev-corpus-04,3271,15236,8.541489e-07,15236,15236,0.000503,0.000494,2.7690e-01
dev-corpus-04,3272,2073,1.848565e-06,2073,2073,0.000798,0.000838,2.8112e-01
dev-corpus-04,3273,681,2.398081e-03,681,681,0.161143,0.187193,2.4381e-01
dev-corpus-04,3274,198,1.608251e-04,198,198,0.637539,0.646962,3.2723e-01
dev-corpus-04,3275,5780,8.106448e-06,5780,5780,0.002122,0.002142,3.0275e-01
dev-corpus-04,3276,10634,3.571808e-05,10634,10634,0.006931,0.007388,2.5462e-01
dev-corpus-04,3277,11743,2.068026e-07,11743,11743,0.000106,0.000107,3.6073e-01
dev-corpus-04,3278,11,1.240368e-06,11,11,0.020391,0.020593,2.6815e-01
dev-corpus-04,3279,220,2.831005e-06,220,220,0.002426,0.002338,3.3914e-01
dev-corpus-04,3280,17,1.266200e-06,17,17,0.011439,0.011406,5.1805e-01
dev-corpus-04,3281,8,5.731609e-07,8,8,0.000483,0.000495,2.6536e-01
dev-corpus-04,3282,198,1.571975e-03,198,198,0.413243,0.454591,2.1772e-01
dev-corpus-04,3283,309,1.173235e-03,285,285,1.055760,1.122864,2.1118e-01
dev-corpus-04,3284,2424,1.004722e-04,2424,2424,0.058162,0.061140,2.4094e-01
dev-corpus-04,3285,2073,3.030823e-07,2073,2073,0.000082,0.000089,2.7114e-01
dev-corpus-04,3286,283,1.627575e-06,283,283,0.000566,0.000537,2.4379e-01
dev-corpus-04,3287,638,7.610473e-06,638,638,0.014465,0.014181,2.1166e-01
dev-corpus-04,3288,15236,1.923999e-06,15236,15236,0.000727,0.000775,2.3233e-01
dev-corpus-04,3289,2073,4.079352e-06,2073,2073,0.000142,0.000175,5.0398e-01
dev-corpus-04,3290,271,1.479210e-04,271,271,0.182227,0.189535,3.4340e-01
dev-corpus-04,3291,285,1.592952e-06,285,285,0.040518,0.040796,1.7970e-01
dev-corpus-04,3292,413,2.224201e-04,638,638,1.814366,1.793149,2.8634e-01
dev-corpus-04,3293,2343,9.706752e-04,2424,2424,2.856656,2.868204,2.2090e-01
dev-corpus-04,3294,4702,1.967964e-03,18119,18119,2.348878,2.368143,3.9143e-01
dev-corpus-04,3295,8,3.893096e-05,8,8,0.015104,0.014661,3.3503e-01
dev-corpus-04,3296,835,1.568985e-03,835,835,0.587140,0.617895,2.4813e-01
dev-corpus-04,3297,2424,9.860458e-04,2424,2424,0.096386,0.110303,3.6054e-01
dev-corpus-04,3298,2073,3.064201e-07,2073,2073,0.000334,0.000335,2.8733e-01
dev-corpus-04,3299,25,8.923222e-04,25,25,0.041465,0.049911,2.8396e-01
dev-corpus-04,3300,198,4.455682e-06,198,198,0.006761,0.006805,3.9277e-01
dev-corpus-04,3301,309,1.067919e-06,309,309,0.000949,0.000985,2.5004e-01
dev-corpus-04,3302,1328,1.669718e-03,1328,1328,0.834027,0.775988,2.8997e-01
dev-corpus-04,3303,283,1.327134e-04,283,283,0.016926,0.015917,4.3546e-01
dev-corpus-04,3304,20245,6.725797e-03,638,638,2.071138,2.231983,4.9060e-01
dev-corpus-04,3305,30919,3.204887e-03,30919,30919,0.102617,0.127957,3.1613e-01
dev-corpus-04,3306,4702,2.882475e-05,4702,4702,0.010101,0.010341,2.7687e-01
dev-corpus-04,3307,553,3.644662e-04,553,553,0.514960,0.536221,3.5024e-01
dev-corpus-04,3308,35138,8.909271e-07,35138,35138,0.004216,0.004211,3.0521e-01
dev-corpus-04,3309,363,2.864073e-05,363,363,0.001967,0.002178,4.0389e-01
dev-corpus-04,3310,271,3.227083e-04,271,271,0.676436,0.652106,1.9234e-01
dev-corpus-04,3311,285,8.420372e-05,285,285,0.003847,0.004648,3.2038e-01
dev-corpus-04,3312,653,1.431541e-03,638,638,2.441760,2.495945,2.5069e-01
dev-corpus-04,3313,638,6.125149e-04,561,561,4.618788,4.666379,2.5886e-01
dev-corpus-04,3314,15236,4.278585e-04,1385,1385,2.386223,2.430259,2.5921e-01
dev-corpus-04,3315,2073,1.837190e-04,2073,2073,0.096790,0.099632,3.2935e-01
dev-corpus-04,3316,369,2.696798e-04,369,369,0.908645,0.905149,2.1683e-01
dev-corpus-04,3317,279,1.126521e-03,279,279,1.133982,1.185738,2.5809e-01
dev-corpus-04,3318,1581,6.583285e-04,2424,2424,5.399657,5.429991,2.5034e-01
dev-corpus-04,3319,2424,1.097162e-03,2424,2424,1.163254,1.163651,3.7858e-01
dev-corpus-04,3320,2073,2.117993e-04,1331,1331,0.768672,0.749491,1.8823e-01
dev-corpus-04,3321,13,6.056384e-04,364,11,3.003485,2.983854,2.4173e-01
dev-corpus-04,3322,638,3.171081e-04,198,198,4.096514,4.108750,2.2099e-01
dev-corpus-04,3323,15236,5.060476e-04,1385,1385,2.591828,2.528753,2.6738e-01
dev-corpus-04,3324,2291,1.988119e-04,2073,2073,1.906152,1.942608,3.3867e-01
dev-corpus-04,3325,369,2.757790e-04,369,369,0.365623,0.360934,2.6232e-01
dev-corpus-04,3326,198,2.209684e-04,279,279,1.704889,1.701274,2.2155e-01
dev-corpus-04,3327,285,1.079847e-06,285,285,0.000323,0.000320,2.3440e-01
dev-corpus-04,3328,653,4.051992e-05,653,653,0.000227,0.000333,2.2888e+00
dev-corpus-04,3329,7139,7.152676e-04,279,279,9.777848,9.723623,3.4316e-01
dev-corpus-04,3330,2424,1.321700e-04,2424,2424,0.151786,0.153067,2.1157e-01
dev-corpus-04,3331,1331,1.524016e-05,2073,2073,1.343260,1.341024,1.8673e-01
dev-corpus-04,3332,430,2.206394e-04,13,13,5.310183,5.349138,1.9860e-01
dev-corpus-04,3333,1575,5.737012e-04,10521,10521,5.759781,5.692274,2.7611e-01
dev-corpus-04,3334,430,5.756827e-04,430,430,0.283892,0.267855,2.3699e-01
dev-corpus-04,3335,279,9.512524e-04,279,279,1.245975,1.259789,2.3538e-01
dev-corpus-04,3336,569,6.037486e-04,1324,1324,5.876576,5.881693,2.9284e-01
dev-corpus-04,3337,5165,6.765987e-04,5165,5165,1.184519,1.187941,2.2838e-01
dev-corpus-04,3338,6816,1.710825e-04,13,13,5.113358,5.081978,2.9045e-01
dev-corpus-04,3339,13,4.949268e-04,13,13,0.589169,0.609507,2.8193e-01
dev-corpus-04,3340,198,3.055905e-04,198,198,0.109878,0.102738,2.2546e-01
dev-corpus-04,3341,285,4.530190e-07,285,285,0.000435,0.000421,2.1236e-01
dev-corpus-04,3342,638,1.665934e-04,638,638,0.344387,0.334026,2.5446e-01
dev-corpus-04,3343,15236,2.609599e-05,15236,15236,0.147561,0.149074,2.6755e-01
dev-corpus-04,3344,2291,2.346328e-04,2291,2291,0.282271,0.270564,2.3175e-01
dev-corpus-04,3345,283,3.580807e-06,283,283,0.002686,0.002606,2.4762e-01
dev-corpus-04,3346,2424,1.040547e-03,2424,2424,0.270891,0.254609,2.9742e-01
dev-corpus-04,3347,2073,7.227321e-07,2073,2073,0.000811,0.000832,2.4833e-01
dev-corpus-04,3348,271,6.840836e-04,198,198,0.981439,0.954751,2.8728e-01
dev-corpus-04,3349,285,1.666328e-04,285,285,0.134725,0.127961,2.8520e-01
dev-corpus-04,3350,1328,3.329136e-04,653,653,4.657848,4.666950,3.1384e-01
dev-corpus-04,3351,283,2.213687e-03,6892,6892,1.709489,1.797491,3.9287e-01
dev-corpus-04,3352,1328,1.379878e-03,1328,1328,1.438094,1.405224,2.8443e-01
dev-corpus-04,3353,890,1.872699e-03,478,478,1.328583,1.289369,3.1105e-01
dev-corpus-04,3354,4111,1.667569e-06,4111,4111,0.003654,0.003747,3.1688e-01
dev-corpus-04,3355,18119,9.674278e-04,18119,18119,0.516025,0.552534,2.4244e-01
dev-corpus-04,3356,2073,2.496618e-05,2073,2073,0.002767,0.002441,3.3904e-01
dev-corpus-04,3357,11,7.274170e-04,11,11,0.274076,0.285711,2.7518e-01
dev-corpus-04,3358,292,5.728550e-05,292,292,0.064869,0.063658,2.9970e-01
dev-corpus-04,3359,15313,2.292407e-04,15313,15313,0.113264,0.119632,3.2627e-01
dev-corpus-04,3360,15,3.814170e-06,87,87,1.032224,1.031187,2.5924e-01
dev-corpus-04,3361,837,3.303047e-05,837,837,0.034668,0.034909,3.6979e-01
dev-corpus-04,3362,198,2.831027e-04,198,198,0.333995,0.327708,2.6225e-01
dev-corpus-04,3363,285,7.034564e-06,285,285,0.002803,0.002626,2.0886e-01
dev-corpus-04,3364,638,1.767894e-03,638,638,0.818698,0.846300,3.9158e-01
dev-corpus-04,3365,1385,4.485737e-04,1385,1385,0.163922,0.168203,4.3070e-01
dev-corpus-04,3366,2589,2.470609e-03,558,558,5.064472,4.959633,4.6850e-01
dev-corpus-04,3367,5149,6.173514e-03,5149,5149,0.590825,0.501135,4.5056e-01
dev-corpus-04,3368,4702,3.917396e-03,4702,4702,0.410301,0.353413,3.9095e-01
dev-corpus-04,3369,25081,3.400730e-03,8,8,5.461305,5.740995,4.2116e-01
dev-corpus-04,3370,31992,5.354153e-03,2231,2231,5.668918,5.797394,3.6004e-01
dev-corpus-04,3371,62,4.668194e-03,5070,5070,2.828894,2.863208,4.0074e-01
dev-corpus-04,3372,20,5.662835e-03,15,15,4.694118,4.684142,4.7963e-01
dev-corpus-04,3373,34,4.519489e-03,66,66,4.156168,4.049034,5.7011e-01
dev-corpus-04,3374,578,1.307749e-03,578,578,1.067443,1.086581,3.2893e-01
dev-corpus-04,3375,198,3.078554e-05,198,198,0.046846,0.045443,2.7904e-01
dev-corpus-04,3376,285,1.607217e-07,285,285,0.000156,0.000154,2.7769e-01
dev-corpus-04,3377,638,3.143334e-05,638,638,0.022658,0.022682,3.2837e-01
dev-corpus-04,3378,1385,1.006889e-05,1385,1385,0.002553,0.002469,3.8813e-01
dev-corpus-04,3379,4240,1.016815e-04,4240,4240,0.046875,0.049986,3.3431e-01
dev-corpus-04,3380,5149,8.738533e-05,5149,5149,0.011775,0.013016,4.4590e-01
dev-corpus-04,3381,4702,2.200578e-04,4702,4702,0.013318,0.011176,4.3277e-01
dev-corpus-04,3382,25081,2.388250e-04,25081,25081,0.081628,0.075772,4.0223e-01
dev-corpus-04,3383,31992,1.851000e-05,31992,31992,0.004460,0.004375,3.4418e-01
dev-corpus-04,3384,62,1.460013e-04,62,62,0.011685,0.010325,6.5617e-01
dev-corpus-04,3385,18,4.827759e-03,21,21,1.622926,1.704285,2.3286e+00
dev-corpus-04,3386,21,1.839253e-01,34,34,1.319203,2.603788,1.0240e+00
dev-corpus-04,3387,578,1.840512e-04,578,578,0.022837,0.020809,4.8036e-01
dev-corpus-04,3388,198,2.642341e-04,271,271,1.091623,1.060027,3.0660e-01
dev-corpus-04,3389,285,5.261394e-05,285,285,0.043311,0.044000,3.7317e-01
dev-corpus-04,3390,413,3.867489e-04,638,638,3.670712,3.723788,4.6868e-01
dev-corpus-04,3391,3623,4.594713e-03,30038,30038,5.600542,5.576320,5.0320e-01
dev-corpus-04,3392,369,5.393060e-04,369,369,0.770443,0.776127,3.5090e-01
dev-corpus-04,3393,524,1.933962e-04,524,524,0.452623,0.466493,3.0768e-01
dev-corpus-04,3394,2168,5.645112e-06,2168,2168,0.016855,0.016721,3.6316e-01
dev-corpus-04,3395,25,1.583986e-05,25,25,0.011895,0.011306,4.4238e-01
dev-corpus-04,3396,198,3.061782e-05,198,198,0.005024,0.004739,8.8012e-01
dev-corpus-04,3397,309,1.552475e-06,309,309,0.001307,0.001307,3.1084e-01
dev-corpus-04,3398,638,1.791212e-04,638,638,0.043170,0.044143,3.7528e-01
dev-corpus-04,3399,5149,3.229336e-05,5149,5149,0.054416,0.054711,4.2497e-01
dev-corpus-04,3400,7863,1.574496e-05,7863,7863,0.006680,0.006400,3.9349e-01
dev-corpus-04,3401,8,8.877265e-06,8,8,0.002222,0.002070,2.8039e-01
dev-corpus-04,3402,271,8.635150e-06,271,271,0.176654,0.178328,2.4684e-01
dev-corpus-04,3403,262,7.385372e-05,262,262,0.068315,0.065646,3.2847e-01
dev-corpus-04,3404,554,1.077921e-04,687,687,2.681272,2.692083,3.2369e-01
dev-corpus-04,3405,3573,6.846993e-04,3573,3573,0.249658,0.261853,2.9431e-01
dev-corpus-04,3406,198,1.927629e-06,198,198,0.002529,0.002491,3.6665e-01
dev-corpus-04,3407,262,2.267437e-03,262,262,0.095118,0.117993,4.4808e-01
dev-corpus-04,3408,687,1.571878e-04,687,687,0.039016,0.038462,4.3474e-01
dev-corpus-04,3409,803,3.574510e-03,1328,1328,5.152946,5.207774,3.4425e-01
dev-corpus-04,3410,1153,3.225227e-06,1153,1153,0.003258,0.003293,2.8420e-01
dev-corpus-04,3411,1590,1.027031e-07,1590,1590,0.000687,0.000692,2.4312e-01
dev-corpus-04,3412,198,4.035683e-05,198,198,0.008209,0.008708,4.3645e-01
dev-corpus-04,3413,285,1.988617e-07,285,285,0.000564,0.000564,2.0781e-01
dev-corpus-04,3414,413,1.243339e-04,460,460,2.903585,2.890514,2.5817e-01
dev-corpus-04,3415,638,1.133813e-04,11074,11074,1.600990,1.595328,1.8060e-01
dev-corpus-04,3416,1385,1.011111e-03,1385,1385,0.146234,0.133194,3.9247e-01
dev-corpus-04,3417,71,1.774003e-03,71,71,0.731177,0.774127,2.9022e-01
dev-corpus-04,3418,11609,1.751904e-06,11609,11609,0.000487,0.000451,2.7856e-01
dev-corpus-04,3419,25,1.673851e-04,369,369,0.952179,0.971776,2.9946e-01
dev-corpus-04,3420,198,1.250619e-06,198,198,0.007107,0.006992,2.1431e-01
dev-corpus-04,3421,309,6.934413e-07,309,309,0.000877,0.000859,3.2986e-01
dev-corpus-04,3422,460,1.080153e-04,460,460,0.068784,0.071386,2.7714e-01
dev-corpus-04,3423,638,2.086684e-03,638,638,1.078640,1.030060,2.7905e-01
dev-corpus-04,3424,1385,1.083351e-05,1385,1385,0.004356,0.004219,2.7676e-01
dev-corpus-04,3425,71,1.364425e-04,71,71,0.012909,0.011632,3.3468e-01
dev-corpus-04,3426,11609,1.449789e-06,11609,11609,0.000216,0.000194,3.9488e-01
dev-corpus-04,3427,2557,3.100845e-04,2557,2557,0.098290,0.105095,2.8629e-01
dev-corpus-04,3428,198,9.150804e-04,198,198,0.191315,0.175195,2.8374e-01
dev-corpus-04,3429,285,1.014996e-05,285,285,0.000709,0.000598,2.3240e-01
dev-corpus-04,3430,745,1.993660e-04,745,460,0.928627,0.947233,2.7545e-01
dev-corpus-04,3431,25,7.906162e-07,25,25,0.000050,0.000042,6.4410e-01
dev-corpus-04,3432,198,7.118551e-07,198,198,0.000694,0.000674,4.9435e-01
dev-corpus-04,3433,309,6.136940e-08,309,309,0.000396,0.000390,2.7122e-01
dev-corpus-04,3434,460,1.330445e-04,460,460,0.065971,0.069495,2.2871e-01
dev-corpus-04,3435,281,4.112493e-04,638,638,7.095566,7.189737,2.7174e-01
dev-corpus-04,3436,75833,1.212940e-04,64707,64707,2.751280,2.765656,3.2560e-01
dev-corpus-04,3437,11609,1.130420e-05,11609,11609,0.005226,0.005519,3.3923e-01
dev-corpus-04,3438,61209,1.320832e-03,17878,17878,2.191334,2.307875,2.6424e-01
dev-corpus-04,3439,701,1.396068e-04,701,701,0.054286,0.052042,2.5389e-01
dev-corpus-04,3440,1385,5.631845e-04,1385,1385,0.205249,0.195285,3.1439e-01
dev-corpus-04,3441,4240,1.906277e-03,4240,4240,0.372103,0.338304,3.2858e-01
dev-corpus-04,3442,2557,3.283607e-05,2557,2557,0.011675,0.011244,3.1450e-01
dev-corpus-04,3443,9571,5.006979e-05,9571,9571,0.024358,0.023507,2.5747e-01
dev-corpus-04,3444,271,4.382421e-05,271,271,0.093820,0.092944,3.2201e-01
dev-corpus-04,3445,262,4.933766e-06,262,262,0.004682,0.004817,2.6665e-01
dev-corpus-04,3446,687,2.947059e-04,687,687,0.305690,0.319686,2.3816e-01
dev-corpus-04,3447,2560,3.036703e-04,2560,2560,0.327742,0.333526,2.5905e-01
dev-corpus-04,3448,1153,1.868336e-06,1153,1153,0.001449,0.001429,2.1465e-01
dev-corpus-04,3449,11,4.382776e-07,11,11,0.000434,0.000428,2.6012e-01
dev-corpus-04,3450,3623,7.199834e-04,3623,3623,0.578495,0.596369,3.2886e-01
dev-corpus-04,3451,1590,1.004998e-03,1590,1590,0.645899,0.608292,3.2332e-01
dev-corpus-04,3452,198,2.955089e-06,198,198,0.001513,0.001455,3.5538e-01
dev-corpus-04,3453,285,3.242290e-07,285,285,0.000197,0.000202,2.5016e-01
dev-corpus-04,3454,4071,5.230733e-04,413,413,1.854935,1.910884,2.8278e-01
dev-corpus-04,3455,27974,8.090804e-04,198,198,5.800324,5.799204,4.0845e-01
dev-corpus-04,3456,795,5.043208e-04,795,795,1.177123,1.157204,2.5965e-01
dev-corpus-04,3457,494,8.241794e-05,1083,1083,6.241870,6.236592,2.5122e-01
dev-corpus-04,3458,3623,3.356734e-04,3623,3623,0.879390,0.885833,2.6559e-01
dev-corpus-04,3459,1083,1.982509e-04,1083,1083,0.658143,0.659564,2.6248e-01
dev-corpus-04,3460,411,2.326061e-04,279,279,2.904855,2.878058,2.8676e-01
dev-corpus-04,3461,69898,9.150489e-04,92610,92610,6.676220,6.720655,3.2044e-01
dev-corpus-04,3462,1576,1.599418e-04,1576,1576,0.331952,0.325661,2.1543e-01
dev-corpus-04,3463,71483,4.493925e-04,13,13,0.977279,0.944321,1.8994e-01
dev-corpus-04,3464,198,1.598183e-04,198,198,0.084706,0.079505,1.7566e-01
dev-corpus-04,3465,285,2.813135e-07,285,285,0.000666,0.000663,2.1256e-01
dev-corpus-04,3466,1699,2.709761e-04,413,413,12.594541,12.560267,2.2017e-01
dev-corpus-04,3467,283,1.710544e-04,283,283,0.200436,0.203108,2.1563e-01
dev-corpus-04,3468,638,2.066953e-04,638,638,0.108447,0.104838,2.5913e-01
dev-corpus-04,3469,1385,1.061155e-04,1385,1385,0.131421,0.130427,2.4536e-01
dev-corpus-04,3470,71,2.510280e-04,4240,4240,2.568408,2.543588,2.8669e-01
dev-corpus-04,3471,11609,2.960637e-06,11609,11609,0.000387,0.000352,3.0894e-01
dev-corpus-04,3472,466,6.194769e-05,198,198,0.978884,0.977344,2.7999e-01
dev-corpus-04,3473,638,3.494928e-04,638,638,0.049487,0.044572,3.2195e-01
dev-corpus-04,3474,1385,1.357152e-03,1385,1385,0.374450,0.410113,3.5918e-01
dev-corpus-04,3475,4240,6.480283e-05,4240,4240,0.086745,0.085968,4.5556e-01
dev-corpus-04,3476,198,2.156086e-04,198,198,0.224116,0.226146,3.2747e-01
dev-corpus-04,3477,285,4.872242e-08,285,285,0.000046,0.000045,2.9472e-01
dev-corpus-04,3478,1699,2.349733e-04,1699,1699,0.769586,0.758706,2.0454e-01
dev-corpus-04,3479,5149,1.896595e-05,5149,5149,0.014069,0.014206,3.2981e-01
dev-corpus-04,3480,7863,1.172350e-05,7863,7863,0.013956,0.013640,2.6834e-01
dev-corpus-04,3481,8,2.958813e-06,8,8,0.004217,0.004177,2.8775e-01
dev-corpus-04,3482,271,5.647721e-04,271,271,0.205213,0.221528,2.1886e-01
dev-corpus-04,3483,262,8.813697e-05,262,262,0.027824,0.030097,3.5039e-01
dev-corpus-04,3484,687,1.551756e-05,687,687,0.057441,0.056361,2.3404e-01
dev-corpus-04,3485,2880,1.419149e-03,20245,20245,3.047610,2.907190,2.5229e-01
dev-corpus-04,3486,1153,3.541156e-05,1153,1153,0.007868,0.008413,3.4244e-01
dev-corpus-04,3487,1590,1.323345e-05,1590,1590,0.030300,0.030886,2.9050e-01
dev-corpus-04,3488,198,9.045010e-06,198,198,0.002895,0.002763,3.6571e-01
dev-corpus-04,3489,285,1.341575e-07,285,285,0.000106,0.000103,2.1037e-01
dev-corpus-04,3490,4071,4.871931e-04,4071,4071,0.155978,0.166702,2.2430e-01
dev-corpus-04,3491,5423,3.395496e-04,5423,5423,0.592211,0.592740,2.9334e-01
dev-corpus-04,3492,264,1.589489e-04,264,264,0.078230,0.074408,2.3104e-01
dev-corpus-04,3493,8387,3.292797e-04,2880,2880,6.586274,6.602692,2.7610e-01
dev-corpus-04,3494,2880,4.765535e-04,2880,2880,0.543252,0.549926,2.6675e-01
dev-corpus-04,3495,314,1.442558e-04,314,314,0.082982,0.080353,3.8752e-01
dev-corpus-04,3496,411,1.663178e-05,411,411,0.149529,0.150907,2.7244e-01
dev-corpus-04,3497,69898,6.950776e-04,1576,1576,1.705811,1.696817,2.7918e-01
dev-corpus-04,3498,1576,1.034720e-05,1576,1576,0.011802,0.012166,2.4570e-01
dev-corpus-04,3499,13,1.071526e-04,71483,71483,2.638458,2.644442,2.4839e-01
dev-corpus-04,3500,271,4.651851e-04,271,271,0.715758,0.740111,2.8025e-01
dev-corpus-04,3501,285,7.353305e-06,285,285,0.008699,0.008461,2.5677e-01
dev-corpus-04,3502,1473,3.651428e-04,561,561,6.879756,6.922732,2.6278e-01
dev-corpus-04,3503,2560,3.518789e-03,92610,92610,2.228325,2.305925,2.9335e-01
dev-corpus-04,3504,310,6.510985e-04,310,310,0.787355,0.786719,4.2123e-01
dev-corpus-04,3505,411,4.874398e-04,279,279,2.204585,2.171891,2.4561e-01
dev-corpus-04,3506,2880,3.174265e-04,1576,1576,1.066729,1.060425,2.4131e-01
dev-corpus-04,3507,2677,3.408132e-04,668,668,2.503971,2.520401,2.5395e-01
dev-corpus-04,3508,914,1.172882e-07,914,914,0.000828,0.000831,2.0513e-01
dev-corpus-04,3509,7556,1.366789e-04,7556,7556,0.252064,0.247799,1.8469e-01
dev-corpus-04,3510,279,1.674584e-04,279,279,0.213900,0.207632,2.4680e-01
dev-corpus-04,3511,3889,1.592658e-04,3889,3889,0.173667,0.170503,2.0209e-01
dev-corpus-04,3512,1576,3.408909e-04,13,13,1.350855,1.349230,2.7828e-01
dev-corpus-04,3513,13,3.090413e-04,13,13,0.585033,0.569116,2.1034e-01
dev-corpus-04,3514,198,4.720464e-05,198,198,0.162333,0.162612,2.8291e-01
dev-corpus-04,3515,285,1.525870e-06,285,285,0.000702,0.000742,2.0353e-01
dev-corpus-04,3516,4071,8.958472e-05,4071,4071,0.163613,0.163050,2.6050e-01
dev-corpus-04,3517,198,1.298976e-06,198,198,0.021337,0.021569,2.5786e-01
dev-corpus-04,3518,285,2.277688e-07,285,285,0.000344,0.000335,2.4002e-01
dev-corpus-04,3519,653,3.409875e-04,460,460,2.964114,2.966941,2.1876e-01
dev-corpus-04,3520,6920,6.240930e-04,1165,1165,6.297451,6.270625,1.9094e-01
dev-corpus-04,3521,1259,7.425106e-04,279,279,4.163591,4.156857,2.3588e-01
dev-corpus-04,3522,902,4.680683e-04,2251,2251,1.883469,1.827280,2.6382e-01
dev-corpus-04,3523,548,3.304793e-05,548,548,0.117141,0.118246,2.5552e-01
dev-corpus-04,3524,5774,1.636575e-04,310,310,2.344236,2.334719,1.7945e-01
dev-corpus-04,3525,310,4.816302e-04,310,310,0.604785,0.582270,1.8767e-01
dev-corpus-04,3526,5471,8.709219e-05,5471,5471,0.588146,0.589999,1.6762e-01
dev-corpus-04,3527,279,8.142004e-04,7842,7842,2.542873,2.537462,1.9197e-01
dev-corpus-04,3528,11064,5.828912e-04,1259,1259,4.816567,4.810156,2.1730e-01
dev-corpus-04,3529,1259,7.960874e-04,1259,1259,1.583192,1.583951,2.3043e-01
dev-corpus-04,3530,2251,5.043830e-05,2251,2251,0.014070,0.013136,2.7253e-01
dev-corpus-04,3531,18162,6.018738e-05,548,548,1.703470,1.721499,2.0451e-01
dev-corpus-04,3532,198,9.867402e-05,198,198,0.078845,0.076013,2.6159e-01
dev-corpus-04,3533,285,3.065162e-07,285,285,0.000175,0.000167,2.2438e-01
dev-corpus-04,3534,975,9.885746e-04,653,12423,4.879153,4.866109,2.4178e-01
dev-corpus-04,3535,283,6.328131e-05,283,283,0.012244,0.013364,2.4379e-01
dev-corpus-04,3536,638,4.695309e-04,1576,1576,1.732242,1.771461,3.1093e-01
dev-corpus-04,3537,4692,1.334100e-05,4692,4692,0.005270,0.005621,2.4932e-01
dev-corpus-04,3538,1005,3.554030e-07,1005,1005,0.007096,0.007080,2.5049e-01
dev-corpus-04,3539,47719,7.971020e-05,47719,47719,0.005716,0.004820,3.5187e-01
dev-corpus-04,3540,902,9.187338e-07,902,902,0.000186,0.000182,2.9203e-01
dev-corpus-04,3541,3676,1.671424e-06,3676,3676,0.000971,0.000940,2.6878e-01
dev-corpus-04,3542,701,1.504715e-04,701,701,0.042346,0.040964,3.4753e-01
dev-corpus-04,3543,4692,4.142759e-07,4692,4692,0.000521,0.000513,2.9348e-01
dev-corpus-04,3544,1005,1.768859e-07,1005,1005,0.000062,0.000063,4.1067e-01
dev-corpus-04,3545,18562,1.470321e-05,18562,18562,0.026880,0.026650,3.2329e-01
dev-corpus-04,3546,198,1.286467e-04,198,198,0.099723,0.104913,4.2058e-01
dev-corpus-04,3547,285,5.639096e-07,285,285,0.000596,0.000620,2.7385e-01
dev-corpus-04,3548,975,1.016106e-03,975,975,0.472228,0.457510,3.1588e-01
dev-corpus-04,3549,72998,1.094525e-03,1385,1385,2.142780,2.227627,2.8285e-01
dev-corpus-04,3550,2291,4.254149e-04,2291,2291,0.091003,0.086695,2.7584e-01
dev-corpus-04,3551,283,1.830335e-06,283,283,0.003494,0.003458,2.2447e-01
dev-corpus-04,3552,638,1.110463e-05,638,638,0.006481,0.006462,2.3534e-01
dev-corpus-04,3553,72998,4.092360e-04,72998,72998,0.026111,0.031036,2.1340e-01
dev-corpus-04,3554,2291,4.022157e-07,2291,2291,0.000182,0.000190,2.6213e-01
dev-corpus-04,3555,198,3.775735e-06,198,198,0.018683,0.019022,4.4651e-01
dev-corpus-04,3556,285,7.788246e-08,285,285,0.000040,0.000041,3.1180e-01
dev-corpus-04,3557,413,6.015305e-04,975,975,3.189958,3.349729,3.8130e-01
dev-corpus-04,3558,638,1.256645e-03,638,638,0.387851,0.367704,3.5876e-01
dev-corpus-04,3559,1385,7.792758e-05,1385,1385,0.016853,0.016183,2.6146e-01
dev-corpus-04,3560,71,1.330839e-05,71,71,0.044054,0.044544,2.4268e-01
dev-corpus-04,3561,11609,4.522927e-08,11609,11609,0.000033,0.000032,2.4734e-01
dev-corpus-04,3562,25,3.172407e-04,25,25,0.145754,0.136996,2.5413e-01
dev-corpus-04,3563,198,8.396767e-06,198,198,0.002015,0.002002,2.7563e-01
dev-corpus-04,3564,309,3.727753e-07,309,309,0.000189,0.000188,2.3430e-01
dev-corpus-04,3565,975,3.014063e-04,975,975,0.081684,0.087537,2.3094e-01
dev-corpus-04,3566,1385,5.063347e-05,1385,1385,0.030023,0.028700,2.5387e-01
dev-corpus-04,3567,71,9.111779e-06,71,71,0.040227,0.039697,2.0031e-01
dev-corpus-04,3568,11609,5.090476e-08,11609,11609,0.000081,0.000080,2.8303e-01
dev-corpus-04,3569,283,1.433045e-06,283,283,0.004680,0.004671,2.8989e-01
dev-corpus-04,3570,638,1.802900e-04,638,638,0.077235,0.080088,2.2758e-01
dev-corpus-04,3571,1385,2.534350e-06,1385,1385,0.000816,0.000789,3.9551e-01
dev-corpus-04,3572,71,1.915288e-05,71,71,0.003650,0.004025,2.5829e-01
dev-corpus-04,3573,11609,1.306556e-07,11609,11609,0.000019,0.000019,3.4878e-01
dev-corpus-04,3574,11883,4.450146e-05,198,198,2.261045,2.246877,1.9591e-01
dev-corpus-04,3575,363,9.116046e-06,363,363,0.006077,0.005910,2.9956e-01
dev-corpus-04,3576,198,1.049261e-04,198,198,0.032353,0.034874,2.6445e-01
dev-corpus-04,3577,309,5.032967e-04,309,309,0.511693,0.486221,1.4471e-01
dev-corpus-04,3578,975,6.734679e-04,975,975,0.069361,0.061317,2.4703e-01
dev-corpus-04,3579,1385,1.333153e-04,1385,1385,0.030790,0.028381,2.5262e-01
dev-corpus-04,3580,4240,2.646189e-05,2589,2589,1.129145,1.128166,2.1225e-01
dev-corpus-04,3581,283,1.185892e-05,283,283,0.012779,0.012811,4.1654e-01
dev-corpus-04,3582,975,7.304946e-05,638,638,2.525338,2.492251,3.4602e-01
dev-corpus-04,3583,1385,6.799958e-06,1385,1385,0.003921,0.003816,2.9736e-01
dev-corpus-05,3584,198,1.728033e-05,198,198,0.002226,0.001967,3.0304e-01
dev-corpus-05,3585,72240,3.061236e-04,3710,3710,7.007180,6.993638,1.3545e-01
dev-corpus-05,3586,264,1.133009e-04,279,279,2.366127,2.353188,1.5445e-01
dev-corpus-05,3587,41272,4.328100e-04,3050,3050,8.583076,8.604215,1.5676e-01
dev-corpus-05,3588,5918,6.778117e-04,4299,4299,1.974584,2.010031,1.7766e-01
dev-corpus-05,3589,314,4.869571e-04,303,303,4.622642,4.594736,1.6578e-01
dev-corpus-05,3590,264,2.129446e-04,264,264,0.368072,0.370260,1.6784e-01
dev-corpus-05,3591,65715,6.948942e-04,3542,3542,7.592557,7.579054,1.7264e-01
dev-corpus-05,3592,46060,3.130882e-05,46060,46060,0.007316,0.006680,1.4287e-01
dev-corpus-05,3593,11,4.147435e-04,3725,3725,5.924785,5.943817,1.7281e-01
dev-corpus-05,3594,76501,5.947941e-04,1675,20212,2.135657,2.165089,1.7616e-01
dev-corpus-05,3595,11,3.702509e-04,3177,3177,3.095070,3.115781,1.6207e-01
dev-corpus-05,3596,26305,1.239534e-03,1496,1496,10.857506,10.964199,2.2259e-01
dev-corpus-05,3597,4384,7.052190e-05,4384,4384,0.203157,0.203725,1.4842e-01
dev-corpus-05,3598,22175,7.692806e-04,248046,248046,5.170615,5.192323,1.5906e-01
dev-corpus-05,3599,314,2.886684e-04,248046,248046,2.616017,2.564717,1.7383e-01
dev-corpus-05,3600,26338,5.716721e-04,279,279,6.896030,6.827362,1.8225e-01
dev-corpus-05,3601,290,9.050693e-06,290,290,0.002571,0.002763,1.7459e-01
dev-corpus-05,3602,321,5.001683e-05,12041,12041,6.867630,6.806392,2.2011e-01
dev-corpus-05,3603,40751,3.694968e-04,40751,40751,0.373396,0.381428,1.7932e-01
dev-corpus-05,3604,7529,2.128178e-04,12041,12041,2.254472,2.280931,1.8608e-01
dev-corpus-05,3605,23620,3.328626e-04,13,248046,8.222564,8.208235,1.6301e-01
dev-corpus-05,3606,279,2.846294e-04,279,279,0.811596,0.814907,1.5363e-01
dev-corpus-05,3607,39577,2.113759e-03,23611,23611,11.581134,11.525148,3.8999e-01
dev-corpus-05,3608,5716,4.831709e-04,6775,6775,2.549894,2.553079,1.6297e-01
dev-corpus-05,3609,314,1.326981e-04,314,314,0.267346,0.263638,1.6514e-01
dev-corpus-05,3610,23739,4.298250e-04,264,264,6.667500,6.607157,1.8764e-01
dev-corpus-05,3611,12282,8.687613e-04,12282,12282,1.501722,1.523334,1.6028e-01
dev-corpus-05,3612,13,2.557103e-04,13,13,0.868090,0.882692,2.5934e-01
dev-corpus-05,3613,248046,2.329666e-04,248046,248046,0.173454,0.166116,2.3915e-01
dev-corpus-05,3614,198,5.643000e-08,198,198,0.000066,0.000067,2.1648e-01
dev-corpus-05,3615,248045,2.004125e-06,248045,248045,0.000219,0.000191,4.1395e-01
dev-corpus-05,3616,74455,3.941683e-04,248045,248045,5.016970,4.973654,3.4119e-01
dev-corpus-05,3617,198,9.992365e-07,198,198,0.001609,0.001589,1.6790e-01
dev-corpus-05,3618,623,9.444657e-08,248068,248068,21.238846,21.219781,2.6279e-01
dev-corpus-05,3619,264,1.378361e-05,279,279,4.681944,4.669061,2.5277e-01
dev-corpus-05,3620,4941,1.244913e-03,72643,72643,6.259982,6.198819,2.4701e-01
dev-corpus-05,3621,391,3.968621e-05,391,391,0.055657,0.055359,2.1017e-01
dev-corpus-05,3622,12647,1.661010e-05,12647,12647,0.027387,0.027316,2.7305e-01
dev-corpus-05,3623,11,7.513835e-04,72643,72643,1.976653,1.945089,2.1664e-01
dev-corpus-05,3624,76501,3.486455e-04,1146,1146,8.419415,8.362312,2.1482e-01
dev-corpus-05,3625,26068,1.548375e-03,23459,23459,6.661160,6.654965,2.6818e-01
dev-corpus-05,3626,2956,6.536428e-04,23459,23459,2.494106,2.395170,2.1263e-01
dev-corpus-05,3627,440,3.392051e-04,11,11,3.136177,3.107893,2.0803e-01
dev-corpus-05,3628,264,4.701244e-04,13876,13876,2.016011,2.008962,2.1139e-01
dev-corpus-05,3629,13769,1.145373e-03,21482,21482,4.967108,4.974076,2.2722e-01
dev-corpus-05,3630,1898,5.203696e-04,6220,6220,9.261092,9.253994,1.9584e-01
dev-corpus-05,3631,303,5.996282e-04,11,11,2.012787,2.042116,1.8438e-01
dev-corpus-05,3632,279,2.317455e-05,279,279,0.013705,0.013081,2.2028e-01
dev-corpus-05,3633,3990,1.630071e-05,3990,3990,0.035277,0.035293,2.2742e-01
dev-corpus-05,3634,11,1.920710e-05,11,11,0.043177,0.043279,2.0413e-01
dev-corpus-05,3635,264,3.687625e-04,264,264,0.517703,0.518283,1.8625e-01
dev-corpus-05,3636,1809,4.296739e-04,1809,1809,0.254613,0.246741,1.9324e-01
dev-corpus-05,3637,314,2.272385e-06,314,314,0.002738,0.002683,1.5935e-01
dev-corpus-05,3638,40751,4.881433e-04,26338,26338,4.435698,4.481682,1.7434e-01
dev-corpus-05,3639,7529,3.299605e-04,7529,7529,0.546659,0.532830,1.8931e-01
dev-corpus-05,3640,11884,7.294441e-04,7338,7338,3.106746,3.139363,1.9089e-01
dev-corpus-05,3641,67793,7.952297e-04,26338,26338,3.076420,3.054409,1.7919e-01
dev-corpus-05,3642,440,1.425396e-03,314,321,3.702814,3.756079,2.0464e-01
dev-corpus-05,3643,279,1.030643e-03,304,304,3.748715,3.749291,1.8868e-01
dev-corpus-05,3644,1496,1.763494e-03,7489,7489,7.593204,7.557157,1.9597e-01
dev-corpus-05,3645,14403,8.999271e-04,39894,39894,9.054911,9.236011,2.9002e-01
dev-corpus-05,3646,3492,3.032731e-04,314,314,3.292784,3.294842,1.9493e-01
dev-corpus-05,3647,513,1.314992e-03,11884,11884,2.374422,2.318263,1.9638e-01
dev-corpus-05,3648,10932,6.360227e-04,19577,19577,4.165895,4.183070,2.6510e-01
dev-corpus-05,3649,2094,4.769817e-04,2094,2094,0.665471,0.655020,1.9816e-01
dev-corpus-05,3650,264,2.687023e-04,279,279,2.801417,2.846485,1.8685e-01
dev-corpus-05,3651,3349,1.100604e-03,69386,69386,1.883863,1.867808,2.6135e-01
dev-corpus-05,3652,26068,6.826101e-04,69386,69386,3.296239,3.327210,2.1721e-01
dev-corpus-05,3653,1898,9.622940e-04,1898,1898,0.236462,0.216314,1.6882e-01
dev-corpus-05,3654,383,3.858454e-04,13,13,7.445899,7.436720,1.8924e-01
dev-corpus-05,3655,449,5.097063e-04,279,279,5.275789,5.287987,2.3426e-01
dev-corpus-05,3656,30261,3.971845e-03,30261,30261,1.364645,1.458578,3.9669e-01
dev-corpus-05,3657,5171,1.449838e-04,5171,5171,0.154460,0.159423,1.9020e-01
dev-corpus-05,3658,2259,1.977918e-04,13,13,14.667843,14.663567,1.7621e-01
dev-corpus-05,3659,14029,3.290589e-04,14029,14029,0.121443,0.128628,1.8021e-01
dev-corpus-05,3660,13,2.739859e-04,883,883,1.813081,1.802285,1.8705e-01
dev-corpus-05,3661,561,3.503719e-04,561,561,1.085542,1.086540,2.4126e-01
dev-corpus-05,3662,3492,3.870539e-04,2956,2956,4.762071,4.768968,2.0624e-01
dev-corpus-05,3663,513,4.865273e-04,513,513,0.858777,0.878760,2.3458e-01
dev-corpus-05,3664,11884,8.401373e-04,11884,11884,1.405402,1.386054,2.2083e-01
dev-corpus-05,3665,26338,6.518264e-04,25300,25300,3.374351,3.437468,1.7808e-01
dev-corpus-05,3666,290,3.470208e-05,290,290,0.009923,0.010678,1.9734e-01
dev-corpus-05,3667,5124,4.249768e-04,67793,67793,2.971970,3.021014,1.8617e-01
dev-corpus-05,3668,9518,5.219175e-06,9518,9518,0.003063,0.003236,1.8879e-01
dev-corpus-05,3669,321,1.183135e-03,321,321,0.848124,0.802824,1.9790e-01
dev-corpus-05,3670,5090,1.449551e-03,25300,25300,4.049154,4.068484,2.5530e-01
dev-corpus-05,3671,25300,5.421322e-04,25300,25300,0.738721,0.716994,1.7409e-01
dev-corpus-05,3672,11,7.777069e-04,11,11,1.583070,1.570173,2.1300e-01
dev-corpus-05,3673,1680,3.439443e-04,2583,2583,3.681198,3.734461,1.7833e-01
dev-corpus-05,3674,430,3.156953e-06,430,430,0.011358,0.011225,1.6372e-01
dev-corpus-05,3675,32886,1.533928e-03,279,279,12.027292,12.054523,4.6607e-01
dev-corpus-05,3676,25300,1.069458e-04,25300,25300,0.452976,0.448330,1.7922e-01
dev-corpus-05,3677,11,9.418506e-05,11,11,0.225031,0.227212,1.8668e-01
dev-corpus-05,3678,59808,6.652319e-04,9572,9572,17.361881,17.484119,1.9273e-01
dev-corpus-05,3679,2792,7.548241e-06,2792,2792,0.005686,0.005904,2.2167e-01
dev-corpus-05,3680,25300,1.946892e-04,25300,25300,0.159256,0.160414,2.6739e-01
dev-corpus-05,3681,11,5.883934e-05,11,11,0.068050,0.069773,2.6661e-01
dev-corpus-05,3682,321,2.935456e-03,321,321,0.559586,0.606655,3.6284e-01
dev-corpus-05,3683,6736,2.049537e-03,264,264,5.570469,5.578734,2.1042e-01
dev-corpus-05,3684,25300,3.560907e-04,25300,25300,0.118545,0.122469,2.0840e-01
dev-corpus-05,3685,13,6.425327e-04,13,13,0.733372,0.712413,2.6125e-01
dev-corpus-05,3686,561,3.932878e-04,2302,2302,1.522535,1.531131,2.8826e-01
dev-corpus-05,3687,16078,2.375951e-03,2956,2956,2.501603,2.509661,2.6404e-01
dev-corpus-05,3688,369,1.733921e-05,369,369,0.049421,0.049612,1.5378e-01
dev-corpus-05,3689,24577,1.043528e-03,41272,41272,8.098578,7.972752,1.8237e-01
dev-corpus-05,3690,321,1.758984e-05,321,321,0.253587,0.253341,1.5637e-01
dev-corpus-05,3691,41272,2.885313e-04,41272,41272,0.837881,0.847299,1.3478e-01
dev-corpus-05,3692,430,2.011018e-04,13,13,2.943954,2.973373,1.7658e-01
dev-corpus-05,3693,279,4.135190e-04,781,781,1.650747,1.598290,1.9465e-01
dev-corpus-05,3694,14403,6.797368e-04,14403,14403,0.983748,1.008120,1.9170e-01
dev-corpus-05,3695,3492,1.797805e-04,3492,3492,0.339824,0.330667,1.5287e-01
dev-corpus-05,3696,2895,2.756419e-04,4123,4123,10.708211,10.730941,1.8408e-01
dev-corpus-05,3697,279,4.557558e-04,279,279,0.984425,0.998444,1.9554e-01
dev-corpus-05,3698,9915,9.599213e-04,9915,9915,0.818293,0.846924,2.1045e-01
dev-corpus-05,3699,13,8.653766e-05,883,883,1.256150,1.253552,1.4927e-01
dev-corpus-05,3700,2332,3.618199e-04,248046,248046,7.783472,7.847197,2.7869e-01
dev-corpus-05,3701,279,3.542183e-05,279,279,0.116824,0.117330,2.3711e-01
dev-corpus-05,3702,1901,2.583349e-03,3990,3990,4.423796,4.395910,4.1909e-01
dev-corpus-05,3703,314,1.530426e-05,314,314,0.008720,0.009182,1.9199e-01
dev-corpus-05,3704,279,8.921523e-06,279,279,0.002895,0.002831,1.7893e-01
dev-corpus-05,3705,1898,1.267348e-03,1898,1898,0.591686,0.631322,3.5812e-01
dev-corpus-05,3706,11,1.250014e-04,22294,22294,0.806928,0.818685,1.8346e-01
dev-corpus-05,3707,264,1.945378e-04,264,264,0.729210,0.728184,2.6413e-01
dev-corpus-05,3708,5054,1.470124e-03,6851,6851,6.031270,5.929480,2.0021e-01
dev-corpus-05,3709,6725,3.602135e-04,440,440,3.656838,3.673829,1.7149e-01
dev-corpus-05,3710,225812,3.846536e-04,3851,3851,15.327310,15.332062,1.6681e-01
dev-corpus-05,3711,369,8.873177e-04,11,248046,3.938241,3.914633,1.7286e-01
dev-corpus-05,3712,10932,7.872921e-04,6187,6187,3.039142,3.028256,2.8375e-01
dev-corpus-05,3713,321,3.498779e-04,11,11,2.071089,2.046430,1.9942e-01
dev-corpus-05,3714,26153,2.746639e-04,26153,26153,1.292467,1.312659,1.8276e-01
dev-corpus-05,3715,279,7.486404e-05,279,279,0.085177,0.083007,1.8274e-01
dev-corpus-05,3716,1809,1.066850e-02,1809,1809,0.922707,0.870570,8.6510e-01
dev-corpus-05,3717,11,9.038320e-05,13,13,2.091916,2.108365,2.2927e-01
dev-corpus-05,3718,1345,1.821173e-03,26153,26153,4.136881,4.180061,2.3746e-01
dev-corpus-05,3719,3679,4.464478e-04,279,279,4.806439,4.823350,1.9803e-01
dev-corpus-05,3720,8330,7.765742e-04,975,975,4.899570,4.873478,1.9942e-01
dev-corpus-05,3721,321,2.515852e-04,3492,3492,1.676865,1.660245,1.9401e-01
dev-corpus-05,3722,8513,6.341124e-06,8513,8513,0.012525,0.012322,2.1166e-01
dev-corpus-05,3723,40751,6.860541e-04,3492,3492,4.568777,4.520529,1.9381e-01
dev-corpus-05,3724,58631,1.824383e-04,12041,12041,8.151270,8.158831,1.8085e-01
dev-corpus-05,3725,8577,3.868487e-04,513,513,5.471634,5.321075,1.8207e-01
dev-corpus-05,3726,514,1.214913e-04,514,514,0.683764,0.685342,1.4756e-01
dev-corpus-05,3727,4258,7.231721e-07,4258,4258,0.000326,0.000344,4.3753e-01
dev-corpus-05,3728,13,9.054130e-05,13,13,0.148141,0.152128,1.8893e-01
dev-corpus-05,3729,271,4.731587e-04,271,271,1.251562,1.281352,4.0907e-01
dev-corpus-05,3730,623,7.038757e-04,1597,1597,2.782993,2.898078,2.4343e-01
dev-corpus-05,3731,279,4.952781e-04,279,279,0.121955,0.130935,2.7110e-01
dev-corpus-05,3732,3870,3.017845e-03,3990,3990,3.879113,3.611505,2.8757e-01
dev-corpus-05,3733,11,7.573188e-05,11,11,0.092693,0.094794,1.9547e-01
dev-corpus-05,3734,8765,1.690079e-03,1017,1017,8.739122,8.849286,2.6523e-01
dev-corpus-05,3735,314,7.348891e-05,314,314,0.014325,0.014354,1.9632e-01
dev-corpus-05,3736,975,1.709153e-03,36001,36001,6.375972,6.338587,2.3498e-01
dev-corpus-05,3737,40751,2.589066e-04,26338,26338,1.176256,1.179697,2.0151e-01
dev-corpus-05,3738,7529,3.394775e-04,7529,7529,0.359820,0.368180,2.0019e-01
dev-corpus-05,3739,4990,6.167911e-04,513,513,4.366799,4.395776,2.2525e-01
dev-corpus-05,3740,279,3.197554e-04,279,279,0.191328,0.189590,2.0342e-01
dev-corpus-05,3741,51516,5.002053e-02,248046,248046,13.682161,13.753387,1.2695e+00
dev-corpus-05,3742,2280,1.029223e-05,2280,2280,0.005870,0.005561,1.7788e-01
dev-corpus-05,3743,11,4.166366e-04,11,11,0.696792,0.710942,1.8796e-01
dev-corpus-05,3744,7594,1.322995e-03,20621,20621,6.951046,6.982692,3.3027e-01
dev-corpus-05,3745,310,1.058035e-04,310,310,0.096809,0.098483,1.7409e-01
dev-corpus-05,3746,279,4.788672e-05,279,279,0.007983,0.008811,1.9305e-01
dev-corpus-05,3747,50240,4.487576e-03,248046,248046,8.028278,7.968365,4.8807e-01
dev-corpus-05,3748,16078,5.006028e-04,321,321,1.830021,1.794827,2.0637e-01
dev-corpus-05,3749,314,9.202737e-05,13,13,3.345154,3.334198,1.6076e-01
dev-corpus-05,3750,279,6.806171e-05,279,279,0.110119,0.111894,1.7421e-01
dev-corpus-05,3751,22175,2.452936e-03,248046,248046,16.179630,16.270056,9.6860e-01
dev-corpus-05,3752,13,8.151764e-06,13,13,0.036771,0.036646,1.9995e-01
dev-corpus-05,3753,225812,1.372486e-03,733,733,20.044624,19.860398,3.3685e-01
dev-corpus-05,3754,369,6.181185e-04,369,369,1.778124,1.777210,2.2833e-01
dev-corpus-05,3755,88659,8.879236e-04,11750,11750,4.765709,4.739382,1.7800e-01
dev-corpus-05,3756,3154,3.091615e-04,28607,28607,3.995657,3.940307,1.7846e-01
dev-corpus-05,3757,264,2.509901e-04,264,264,0.613123,0.602167,1.7414e-01
dev-corpus-05,3758,1406,1.142509e-02,1406,1406,1.183840,1.097731,6.4935e-01
dev-corpus-05,3759,883,5.031814e-04,883,883,0.465290,0.474308,1.8076e-01
dev-corpus-05,3760,279,1.294251e-04,279,279,0.093939,0.094909,2.2510e-01
dev-corpus-05,3761,5716,2.018215e-03,39577,39577,2.141891,2.133508,2.8082e-01
dev-corpus-05,3762,34965,6.561871e-04,314,314,1.389169,1.392475,2.4223e-01
dev-corpus-05,3763,539,5.109744e-05,539,539,0.023301,0.024754,1.7471e-01
dev-corpus-05,3764,39577,4.705514e-03,279,279,6.744317,7.180307,4.8137e-01
dev-corpus-05,3765,12282,1.395966e-03,23739,23739,1.476434,1.475590,1.7953e-01
dev-corpus-05,3766,11,1.231329e-04,13,13,1.115740,1.132334,2.0766e-01
dev-corpus-05,3767,1345,2.024598e-03,248046,248046,3.387594,3.354004,2.6514e-01
dev-corpus-05,3768,799,5.458230e-04,279,279,5.350876,5.349660,2.4467e-01
dev-corpus-05,3769,314,1.810494e-04,314,314,0.329868,0.324035,1.5813e-01
dev-corpus-05,3770,279,3.928265e-05,279,279,0.021992,0.023083,2.6831e-01
dev-corpus-05,3771,40751,1.481822e-02,248046,248046,3.368145,3.273144,8.6209e-01
dev-corpus-05,3772,58631,2.445593e-04,58631,58631,0.126372,0.130325,2.3627e-01
dev-corpus-05,3773,369,4.340020e-04,11,11,3.430652,3.406348,1.7500e-01
dev-corpus-05,3774,3753,1.328718e-03,28607,28607,4.660150,4.720081,1.8915e-01
dev-corpus-05,3775,46736,9.065669e-04,36490,36490,5.136135,5.130173,1.7694e-01
dev-corpus-05,3776,303,1.567353e-04,4487,4487,1.740961,1.744241,1.5478e-01
dev-corpus-05,3777,321,3.895440e-04,310,310,1.814415,1.794838,1.9207e-01
dev-corpus-05,3778,35493,1.534628e-04,33700,33700,8.894640,8.835637,1.7694e-01
dev-corpus-05,3779,4492,4.696817e-04,4492,4492,1.142690,1.122096,1.9224e-01
dev-corpus-05,3780,13,5.489630e-04,883,883,1.035556,1.050714,1.8675e-01
dev-corpus-05,3781,561,1.250567e-03,248046,248046,3.096145,3.018277,2.9684e-01
dev-corpus-05,3782,5918,9.302775e-04,5918,5918,1.868911,1.834176,2.5918e-01
dev-corpus-05,3783,369,1.005944e-03,369,369,0.351583,0.329726,1.9568e-01
dev-corpus-05,3784,9896,1.024628e-03,9896,9896,1.731439,1.756592,1.8740e-01
dev-corpus-05,3785,440,4.028120e-05,440,440,0.016522,0.017677,1.7897e-01
dev-corpus-05,3786,22770,8.797538e-03,59076,59076,8.432455,8.258469,5.3254e-01
dev-corpus-05,3787,321,2.108767e-04,430,430,1.269397,1.272540,1.7946e-01
dev-corpus-05,3788,19169,6.611318e-04,52011,52011,6.107738,6.115459,1.9167e-01
dev-corpus-05,3789,11,1.399313e-04,11,11,0.792758,0.797057,1.7725e-01
dev-corpus-05,3790,440,2.437635e-03,440,440,0.915845,0.914733,9.5845e-01
dev-corpus-05,3791,4858,4.236509e-04,279,279,4.058556,4.086449,1.9382e-01
dev-corpus-05,3792,16144,8.205212e-04,579,579,6.216497,6.248818,1.7402e-01
dev-corpus-05,3793,303,1.337499e-04,303,303,0.099976,0.103659,1.4581e-01
dev-corpus-05,3794,264,1.856614e-04,279,279,1.714846,1.689634,2.5573e-01
dev-corpus-05,3795,30673,7.531436e-03,8751,30673,1.302879,1.125782,2.8988e-01
dev-corpus-05,3796,5515,2.133912e-04,10682,10682,2.994358,3.004263,1.5797e-01
dev-corpus-05,3797,883,2.298858e-04,13,13,1.197454,1.203172,1.5536e-01
dev-corpus-05,3798,279,3.897458e-04,279,279,0.381686,0.396862,2.1207e-01
dev-corpus-05,3799,3725,2.734086e-02,10660,10660,7.133688,6.788279,9.8629e-01
dev-corpus-05,3800,314,2.745841e-04,314,314,0.319569,0.309706,2.0495e-01
dev-corpus-05,3801,836,1.697751e-04,21265,21265,2.391732,2.393962,2.5607e-01
dev-corpus-05,3802,21215,6.896457e-04,7975,7975,9.094397,9.024064,3.0222e-01
dev-corpus-05,3803,321,1.823785e-04,13,13,2.263436,2.231893,2.0986e-01
dev-corpus-05,3804,279,4.804205e-04,279,279,0.216889,0.225727,2.4149e-01
dev-corpus-05,3805,3364,2.142395e-03,4499,4499,2.590233,2.562548,2.1696e-01
dev-corpus-05,3806,314,2.051778e-04,314,314,0.238136,0.246347,1.9821e-01
dev-corpus-05,3807,28407,7.609665e-04,21265,21265,11.465599,11.340228,3.6157e-01
dev-corpus-05,3808,7913,3.261738e-04,20309,20309,10.647786,10.672656,1.7740e-01
dev-corpus-05,3809,18468,1.683198e-04,248046,248046,2.603731,2.591163,2.0965e-01
dev-corpus-05,3810,5269,8.183370e-04,28069,28069,2.012136,2.080159,2.1556e-01
dev-corpus-05,3811,13,7.309514e-05,13,13,0.271048,0.275664,2.4133e-01
dev-corpus-05,3812,248046,2.061361e-04,248046,248046,0.300673,0.292032,3.1329e-01
dev-corpus-05,3813,198,6.767688e-08,198,198,0.000111,0.000115,3.0167e-01
dev-corpus-05,3814,248045,1.560969e-07,248045,248045,0.000018,0.000020,5.6175e-01
dev-corpus-05,3815,846,9.312509e-04,846,846,0.032318,0.025358,5.0769e-01
dev-corpus-05,3816,198,1.320901e-04,198,198,0.034220,0.031277,2.9657e-01
dev-corpus-05,3817,3710,8.281197e-04,72240,72240,3.835017,3.822893,2.2505e-01
dev-corpus-05,3818,369,2.052590e-04,369,369,0.998472,1.005641,1.8308e-01
dev-corpus-05,3819,264,2.449126e-04,279,279,4.315619,4.340074,2.0599e-01
dev-corpus-05,3820,79528,6.289381e-04,1603,1603,14.426942,14.392259,1.7293e-01
dev-corpus-05,3821,30,4.254417e-04,248046,248046,1.909273,1.901869,2.1915e-01
dev-corpus-05,3822,248046,2.477814e-05,248046,248046,0.036972,0.037917,1.9021e-01
dev-corpus-05,3823,198,1.135766e-08,198,198,0.000042,0.000042,2.3296e-01
dev-corpus-05,3824,248045,1.901252e-08,248045,248045,0.000001,0.000001,2.8150e-01
dev-corpus-05,3825,74455,7.427193e-04,248045,248045,2.207372,2.104969,3.5316e-01
dev-corpus-05,3826,198,2.767056e-05,198,198,0.027707,0.026721,3.4794e-01
dev-corpus-05,3827,32,9.289452e-10,248068,248068,17.744025,17.617277,3.4722e-01
dev-corpus-05,3828,79528,6.814464e-04,2972,2972,1.925228,1.844194,1.6696e-01
dev-corpus-05,3829,369,3.090799e-04,318,318,2.219558,2.266904,1.7001e-01
dev-corpus-05,3830,264,4.129104e-04,264,264,0.446135,0.449742,1.9750e-01
dev-corpus-05,3831,5224,6.675309e-04,2972,2972,3.900674,3.877456,2.8556e-01
dev-corpus-05,3832,364,2.601722e-04,421,421,1.501295,1.511680,1.8614e-01
dev-corpus-05,3833,3154,8.768541e-04,38460,38460,4.075034,4.086035,2.4399e-01
dev-corpus-05,3834,321,2.977386e-04,13640,13640,3.992448,4.021425,1.9464e-01
dev-corpus-05,3835,1608,6.145704e-04,1608,1608,0.887913,0.882414,1.9795e-01
dev-corpus-05,3836,27073,1.110408e-04,13640,13640,3.795149,3.786794,2.1966e-01
dev-corpus-05,3837,1928,2.480428e-04,795,795,1.888762,1.881626,1.9063e-01
dev-corpus-05,3838,13,2.850848e-04,13,13,0.561074,0.573232,1.8762e-01
dev-corpus-05,3839,20994,4.047073e-04,1049,248046,10.726766,10.715329,1.6378e-01
dev-corpus-05,3840,279,3.066482e-04,279,279,1.162305,1.167972,1.8362e-01
dev-corpus-05,3841,1599,7.146665e-04,1599,1599,1.334079,1.347259,1.7687e-01
dev-corpus-05,3842,16954,4.828580e-04,4346,7141,3.952128,3.916526,1.9080e-01
dev-corpus-05,3843,314,3.563517e-04,314,314,0.978992,0.951479,1.6120e-01
dev-corpus-05,3844,79528,9.885235e-04,79528,79528,0.336106,0.310960,1.4679e-01
dev-corpus-05,3845,11,1.542589e-04,11,11,0.436202,0.434855,2.1373e-01
dev-corpus-05,3846,567,5.027615e-04,279,279,4.142644,4.092489,2.2249e-01
dev-corpus-05,3847,4992,6.425167e-04,628,628,6.337441,6.459552,1.6359e-01
dev-corpus-05,3848,25,3.951502e-04,279,279,3.127547,3.103014,1.8415e-01
dev-corpus-05,3849,357,6.712144e-04,271,271,3.298899,3.294829,1.7433e-01
dev-corpus-05,3850,79528,4.582517e-04,63234,63234,1.577606,1.561241,2.2709e-01
dev-corpus-05,3851,369,3.097661e-04,369,369,0.132734,0.133929,2.3382e-01
dev-corpus-05,3852,264,1.858737e-04,264,264,0.157412,0.151528,2.4240e-01
dev-corpus-05,3853,6165,8.800084e-04,1785,1785,1.578671,1.613786,2.5545e-01
dev-corpus-05,3854,5792,1.334967e-03,5792,1785,0.895197,0.954135,2.7201e-01
dev-corpus-05,3855,1785,1.177672e-03,1785,1785,0.802113,0.818391,3.1849e-01
dev-corpus-05,3856,310,3.526771e-03,421,364,4.382474,4.426284,2.4656e-01
dev-corpus-05,3857,11944,3.294442e-04,11969,11969,9.241829,9.183074,2.1319e-01
dev-corpus-05,3858,303,3.755476e-04,303,303,0.534808,0.542851,1.8413e-01
dev-corpus-05,3859,279,1.968063e-04,279,279,0.422971,0.426555,1.8895e-01
dev-corpus-05,3860,4281,6.456858e-04,6157,6157,1.755624,1.785545,2.0382e-01
dev-corpus-05,3861,11,3.398935e-05,11,11,0.083980,0.085918,1.8374e-01
dev-corpus-05,3862,13017,1.440236e-04,5638,5638,4.986075,4.997060,2.2276e-01
dev-corpus-05,3863,11,4.429312e-05,11,11,0.061967,0.059740,2.0155e-01
dev-corpus-05,3864,5638,1.185446e-03,6157,6157,1.951168,1.982134,2.5288e-01
dev-corpus-05,3865,11,1.233577e-05,11,11,0.042962,0.042146,2.0508e-01
dev-corpus-05,3866,6157,4.005458e-04,54476,54476,1.285022,1.322556,2.1518e-01
dev-corpus-05,3867,11,1.897053e-04,11,11,0.169113,0.177260,2.0496e-01
dev-corpus-05,3868,2468,1.131306e-04,321,321,5.117867,5.097570,2.0878e-01
dev-corpus-05,3869,11,4.486387e-05,11,11,0.383960,0.385957,1.6336e-01
dev-corpus-05,3870,321,6.243948e-05,321,321,0.100857,0.101686,1.8653e-01
dev-corpus-05,3871,7731,9.245942e-04,2940,2940,3.325636,3.334736,2.4492e-01
dev-corpus-05,3872,314,8.123863e-06,314,314,0.044223,0.044629,1.7241e-01
dev-corpus-05,3873,27073,1.967461e-04,27073,27073,0.718943,0.717675,1.9471e-01
dev-corpus-05,3874,1928,6.462496e-04,795,795,1.872190,1.866707,1.9173e-01
dev-corpus-05,3875,13,1.807996e-04,13,13,0.347550,0.342867,1.7453e-01
dev-corpus-05,3876,3095,2.146885e-04,248046,248046,8.549190,8.555867,1.6495e-01
dev-corpus-05,3877,1429,4.777773e-04,567,567,2.426298,2.404260,1.7671e-01
dev-corpus-05,3878,63399,6.660612e-04,303,303,7.262261,7.185824,1.6421e-01
dev-corpus-05,3879,11,5.496564e-05,11,11,0.200527,0.201742,1.5925e-01
dev-corpus-05,3880,79528,3.775957e-04,79528,79528,0.734729,0.710536,1.6928e-01
dev-corpus-05,3881,628,3.284633e-04,628,628,0.864518,0.845602,1.9043e-01
dev-corpus-05,3882,1438,2.688648e-04,1438,1438,1.199976,1.189462,1.6557e-01
dev-corpus-05,3883,586,5.634468e-04,586,586,1.460702,1.471162,1.6430e-01
dev-corpus-05,3884,3756,1.706981e-04,3418,3418,7.384124,7.442860,1.7246e-01
dev-corpus-05,3885,11776,5.389632e-04,2577,2577,13.181804,13.194891,1.6541e-01
dev-corpus-05,3886,1223,2.453754e-05,1223,1223,0.120685,0.121808,1.4330e-01
dev-corpus-05,3887,11,3.083275e-04,11,11,0.762574,0.765150,1.8281e-01
dev-corpus-05,3888,11600,4.940955e-04,944,944,5.559737,5.542356,1.8882e-01
dev-corpus-05,3889,1223,3.161458e-06,1223,1223,0.003913,0.004056,1.7128e-01
dev-corpus-05,3890,11,1.666240e-04,11,11,0.107866,0.113563,2.1177e-01
dev-corpus-05,3891,321,1.748196e-04,321,321,0.213333,0.221481,1.6389e-01
dev-corpus-05,3892,28488,3.417303e-04,777,777,1.720802,1.686401,1.6174e-01
dev-corpus-05,3893,6107,6.218660e-04,6107,6107,0.446743,0.422954,2.0433e-01
dev-corpus-05,3894,13,1.431513e-04,13,13,0.182938,0.189796,1.7757e-01
dev-corpus-05,3895,8618,3.360161e-04,248046,248046,10.709522,10.708343,1.8724e-01
dev-corpus-05,3896,79528,7.900176e-04,314,314,2.175905,2.241396,1.8381e-01
dev-corpus-05,3897,1156,5.970943e-04,1785,1785,2.563779,2.531576,1.8736e-01
dev-corpus-05,3898,1189,6.524749e-04,682,682,4.182618,4.170406,1.7576e-01
dev-corpus-05,3899,9973,3.872814e-04,599,599,7.070760,7.029802,1.8616e-01
dev-corpus-05,3900,1092,2.291753e-04,1092,1092,1.601363,1.622540,2.4871e-01
dev-corpus-05,3901,4275,1.112341e-03,369,369,4.874696,4.940191,2.7072e-01
dev-corpus-05,3902,321,1.039934e-03,513,513,2.302475,2.288759,2.0333e-01
dev-corpus-05,3903,7944,4.446904e-04,5568,5568,3.823893,3.849584,1.8564e-01
dev-corpus-05,3904,513,5.282129e-04,513,513,0.954171,0.946453,1.9389e-01
dev-corpus-05,3905,2894,4.487196e-04,2894,2894,1.096240,1.101194,1.6483e-01
dev-corpus-05,3906,13,1.300059e-04,364,364,2.517717,2.537366,1.8427e-01
dev-corpus-05,3907,1690,1.898411e-04,248046,248046,4.226596,4.195961,2.1724e-01
dev-corpus-05,3908,3010,1.060107e-04,3010,3010,0.256034,0.254924,1.9925e-01
dev-corpus-05,3909,11,3.803948e-05,11,11,0.118823,0.118555,1.4226e-01
dev-corpus-05,3910,34382,3.300853e-04,264,264,10.914912,10.991079,2.6479e-01
dev-corpus-05,3911,513,3.897939e-04,11,11,2.253166,2.280512,1.7394e-01
dev-corpus-05,3912,1603,1.032489e-03,2894,2894,6.086028,6.058334,2.2134e-01
dev-corpus-05,3913,364,3.632731e-04,364,364,0.569706,0.573126,1.8369e-01
dev-corpus-05,3914,586,4.563538e-04,248046,248046,4.672571,4.635453,2.1445e-01
dev-corpus-05,3915,13,4.543501e-04,11,11,1.768649,1.808292,2.0964e-01
dev-corpus-05,3916,2302,2.541829e-04,248046,248046,4.473906,4.464635,2.3279e-01
dev-corpus-05,3917,1189,3.751905e-04,3300,3300,4.418206,4.446167,1.8015e-01
dev-corpus-05,3918,5827,5.206277e-04,381,381,5.503589,5.577566,1.7511e-01
dev-corpus-05,3919,2919,5.330252e-04,586,586,3.169281,3.170679,1.9689e-01
dev-corpus-05,3920,16229,2.019794e-04,4131,4131,1.726492,1.737761,1.8005e-01
dev-corpus-05,3921,11,8.860622e-05,11,11,0.622879,0.619896,1.9556e-01
dev-corpus-05,3922,7302,4.504169e-04,5190,5190,7.859928,7.834811,1.6307e-01
dev-corpus-05,3923,7339,6.269733e-04,43299,43299,2.678803,2.687607,1.6076e-01
dev-corpus-05,3924,11,6.716218e-04,3741,3741,1.262920,1.234511,2.0983e-01
dev-corpus-05,3925,54517,1.932028e-04,321,321,6.285599,6.268328,1.7767e-01
dev-corpus-05,3926,28346,2.471625e-04,28346,28346,0.511584,0.505514,1.8937e-01
dev-corpus-05,3927,48729,9.739046e-05,11,11,12.284956,12.368425,1.9275e-01
dev-corpus-05,3928,3300,5.220150e-04,3300,3300,1.723331,1.704096,1.6129e-01
dev-corpus-05,3929,3433,4.143958e-04,44410,44410,4.878458,4.910176,2.1175e-01
dev-corpus-05,3930,310,1.555886e-05,364,364,4.280146,4.295370,1.6102e-01
dev-corpus-05,3931,51000,4.789318e-04,51000,51000,1.551215,1.560918,1.6591e-01
dev-corpus-05,3932,21706,1.202860e-04,13,13,8.156120,8.162343,2.8359e-01
dev-corpus-05,3933,513,6.177756e-04,628,628,4.557836,4.539533,2.1283e-01
dev-corpus-05,3934,11322,5.751350e-04,660,660,4.577939,4.579381,1.6158e-01
dev-corpus-05,3935,883,6.942585e-05,440,440,1.114640,1.108493,1.7832e-01
dev-corpus-05,3936,279,3.355809e-04,279,279,1.103572,1.111032,1.8839e-01
dev-corpus-05,3937,2119,4.552112e-04,4424,4424,7.495970,7.493653,1.7729e-01
dev-corpus-05,3938,314,8.394441e-05,314,314,0.121715,0.120422,2.1582e-01
dev-corpus-05,3939,22700,6.683822e-04,13245,13245,8.311365,8.325241,1.7123e-01
dev-corpus-05,3940,11,7.314726e-04,13,13,2.059134,2.107111,2.0415e-01
dev-corpus-05,3941,279,4.922598e-04,279,279,0.955612,0.971122,1.8353e-01
dev-corpus-05,3942,23194,3.965509e-04,2730,2730,11.215705,11.174230,1.4760e-01
dev-corpus-05,3943,4128,3.925600e-04,4128,4128,0.961165,0.963669,1.7795e-01
dev-corpus-05,3944,958,2.494496e-04,958,958,0.914827,0.927277,1.8341e-01
dev-corpus-05,3945,11,8.992107e-05,11,11,0.177353,0.173274,2.1614e-01
dev-corpus-05,3946,23978,1.052426e-04,321,321,7.894797,7.881134,1.9851e-01
dev-corpus-05,3947,494,1.889998e-04,11,11,3.153604,3.149718,1.7396e-01
dev-corpus-05,3948,13643,6.553889e-04,13643,13643,2.045793,2.005744,1.9048e-01
dev-corpus-05,3949,18527,6.166456e-04,32931,32931,2.290483,2.313616,1.4771e-01
dev-corpus-05,3950,11,2.183361e-05,11,11,0.092702,0.092308,1.5830e-01
dev-corpus-05,3951,466,2.543099e-04,321,321,3.439548,3.473026,1.9227e-01
dev-corpus-05,3952,1332,3.850113e-04,279,279,6.706017,6.722738,1.6888e-01
dev-corpus-05,3953,34382,4.894157e-04,279,279,3.653553,3.642269,1.7081e-01
dev-corpus-05,3954,7974,1.251787e-04,513,513,8.556570,8.576724,1.6705e-01
dev-corpus-05,3955,13,3.174774e-04,13,13,0.512087,0.510821,1.8539e-01
dev-corpus-05,3956,733,7.184975e-04,79528,248046,4.667522,4.676592,1.5633e-01
dev-corpus-05,3957,9853,3.868374e-04,79528,79528,8.837015,8.889799,1.9317e-01
dev-corpus-05,3958,6044,7.163123e-04,10856,10856,4.569581,4.525842,1.6054e-01
dev-corpus-05,3959,7225,2.389016e-04,314,314,2.279566,2.267514,1.7781e-01
dev-corpus-05,3960,6337,4.289472e-04,264,264,2.400003,2.399493,2.0745e-01
dev-corpus-05,3961,314,2.178767e-04,314,314,0.232411,0.224805,1.9429e-01
dev-corpus-05,3962,660,4.447133e-04,279,279,2.644758,2.670799,1.7345e-01
dev-corpus-05,3963,1439,1.753238e-04,1439,1439,0.393602,0.401574,1.6444e-01
dev-corpus-05,3964,5265,2.953390e-04,9085,9085,5.712331,5.686806,1.5583e-01
dev-corpus-05,3965,9085,2.781916e-04,9085,9085,0.907012,0.900055,1.6696e-01
dev-corpus-05,3966,321,2.840115e-04,13,13,2.723508,2.669641,1.6636e-01
dev-corpus-05,3967,11,4.522394e-04,836,836,4.973851,4.966328,1.8618e-01
dev-corpus-05,3968,8106,9.977335e-04,1379,1379,3.920015,3.930125,1.7301e-01
dev-corpus-05,3969,3294,1.840594e-04,1379,1379,5.052707,5.002717,1.7526e-01
dev-corpus-05,3970,660,2.086508e-05,660,660,0.024560,0.025519,1.6192e-01
dev-corpus-05,3971,11,3.302761e-05,11,11,0.122452,0.120328,1.7241e-01
dev-corpus-05,3972,279,6.666275e-04,279,279,1.332599,1.345608,2.6879e-01
dev-corpus-05,3973,27073,1.905138e-03,5548,5548,2.470193,2.418303,2.7015e-01
dev-corpus-05,3974,25278,2.406256e-04,11532,11532,3.865028,3.845901,1.6915e-01
dev-corpus-05,3975,314,1.487572e-04,314,314,0.187173,0.190124,1.9036e-01
dev-corpus-05,3976,1439,4.298843e-04,1439,1439,1.335472,1.364857,1.8174e-01
dev-corpus-05,3977,9085,9.450804e-04,9085,9085,0.324726,0.349595,1.8339e-01
dev-corpus-05,3978,13,1.123029e-04,13,13,0.360874,0.357348,1.6048e-01
dev-corpus-05,3979,10006,2.186444e-04,248046,248046,15.773733,15.753454,1.5833e-01
dev-corpus-05,3980,28945,7.776605e-04,286,286,10.182502,10.131796,2.1032e-01
dev-corpus-05,3981,3043,3.074770e-04,11,11,4.421883,4.408155,2.3099e-01
dev-corpus-05,3982,34343,6.256621e-04,34343,34343,1.744414,1.699790,1.6548e-01
dev-corpus-05,3983,1189,4.290604e-04,11,11,2.413909,2.413672,1.9520e-01
dev-corpus-05,3984,5827,7.129971e-04,381,381,1.808154,1.761110,1.8168e-01
dev-corpus-05,3985,2919,1.087790e-03,2919,2919,0.409088,0.380694,2.0733e-01
dev-corpus-05,3986,16229,7.651929e-04,4131,4131,1.110759,1.152766,1.8214e-01
dev-corpus-05,3987,11,1.901211e-04,13,13,1.271115,1.275998,1.7881e-01
dev-corpus-05,3988,7187,5.607118e-04,694,694,11.802489,11.829301,2.7340e-01
dev-corpus-05,3989,793,7.851927e-04,286,286,2.961122,3.049109,1.8882e-01
dev-corpus-05,3990,1189,5.726295e-04,3043,3043,1.533788,1.571901,1.7640e-01
dev-corpus-05,3991,5190,1.030115e-03,381,381,3.769703,3.796288,2.0535e-01
dev-corpus-05,3992,279,3.637889e-04,13245,13245,3.009733,2.984311,1.8297e-01
dev-corpus-05,3993,8597,3.588848e-04,8597,8597,0.165460,0.157044,1.9943e-01
dev-corpus-05,3994,314,4.682288e-06,314,314,0.010038,0.010154,1.7472e-01
dev-corpus-05,3995,3807,9.710824e-04,3807,3807,0.831556,0.869152,1.9224e-01
dev-corpus-05,3996,11,8.238439e-05,11,11,0.161720,0.158609,2.1122e-01
dev-corpus-05,3997,321,2.767014e-04,321,321,0.260754,0.269259,2.3973e-01
dev-corpus-05,3998,6865,7.633133e-04,18660,18660,7.240539,7.261901,1.8332e-01
dev-corpus-05,3999,15101,1.412558e-04,10292,10292,1.549119,1.572235,1.6743e-01
dev-corpus-05,4000,685,1.288930e-04,1189,1189,9.749426,9.726516,2.1239e-01
dev-corpus-05,4001,18574,1.489132e-04,18574,18574,0.217947,0.224274,1.6323e-01
dev-corpus-05,4002,1189,2.506243e-04,1189,1189,0.697962,0.703686,2.0506e-01
dev-corpus-05,4003,11100,1.493228e-03,7556,7556,3.163594,3.217273,2.8417e-01
dev-corpus-05,4004,1004,6.199383e-04,279,279,3.347221,3.378461,2.0486e-01
dev-corpus-05,4005,34382,9.589806e-04,34382,34382,0.812730,0.840756,2.1502e-01
dev-corpus-05,4006,13,9.007631e-05,13,13,0.102401,0.099265,2.2457e-01
dev-corpus-05,4007,357,5.850069e-04,79528,79528,2.836473,2.819420,1.7691e-01
dev-corpus-05,4008,79528,7.994233e-05,79528,79528,0.073869,0.073978,1.7925e-01
dev-corpus-05,4009,8346,4.495660e-04,628,628,2.089134,2.099831,1.8936e-01
dev-corpus-05,4010,586,2.248697e-04,586,586,0.316380,0.321753,1.9602e-01
dev-corpus-05,4011,22903,6.537592e-04,3418,3418,3.908979,3.888067,1.7967e-01
dev-corpus-05,4012,1439,2.222033e-04,1439,1439,0.927210,0.915795,1.5436e-01
dev-corpus-05,4013,27073,1.203119e-03,11532,11532,1.320218,1.383752,1.8276e-01
dev-corpus-05,4014,21207,3.491880e-04,11532,11532,6.383821,6.420824,1.7791e-01
dev-corpus-05,4015,11,3.860719e-04,13,13,2.748383,2.733432,1.5469e-01
dev-corpus-05,4016,321,8.147527e-04,10377,10377,2.196635,2.172297,1.8451e-01
dev-corpus-05,4017,369,3.102254e-04,8190,8190,5.196195,5.212078,1.5940e-01
dev-corpus-05,4018,1048,3.411793e-04,264,264,4.307699,4.317843,1.8468e-01
dev-corpus-05,4019,7695,2.514449e-04,264,264,7.881526,7.794021,1.6163e-01
dev-corpus-05,4020,5222,2.588639e-04,5222,5222,0.914035,0.911814,1.7096e-01
dev-corpus-05,4021,506,1.877461e-04,364,364,5.963851,5.953956,1.6709e-01
dev-corpus-05,4022,27034,5.768435e-04,8851,8851,2.871213,2.860305,1.7574e-01
dev-corpus-05,4023,27073,3.556386e-04,279,279,3.864637,3.809620,1.9342e-01
dev-corpus-05,4024,795,2.835470e-04,1928,1928,1.775086,1.780928,1.6415e-01
dev-corpus-05,4025,321,4.034792e-04,303,303,3.552208,3.547547,1.6301e-01
dev-corpus-05,4026,6157,1.150135e-03,12261,12261,4.312774,4.339714,1.8892e-01
dev-corpus-05,4027,13,6.958736e-05,2961,2961,3.721612,3.703883,1.6388e-01
dev-corpus-05,4028,357,5.477684e-04,248046,248046,3.177600,3.287249,2.6219e-01
dev-corpus-05,4029,79528,9.419556e-05,79528,79528,0.074072,0.075684,1.6051e-01
dev-corpus-05,4030,369,4.059672e-04,369,369,1.218691,1.248012,1.8542e-01
dev-corpus-05,4031,3428,4.451833e-04,264,264,3.981170,3.972106,1.6307e-01
dev-corpus-05,4032,279,4.009714e-04,1429,1429,3.883177,3.909470,1.6968e-01
dev-corpus-05,4033,1132,6.665671e-04,1132,1132,1.449735,1.494068,1.9110e-01
dev-corpus-05,4034,1560,2.220091e-04,1560,1560,0.812696,0.812770,2.2036e-01
dev-corpus-05,4035,310,7.012503e-05,310,310,0.153345,0.154114,1.6639e-01
dev-corpus-05,4036,11290,4.609916e-04,48402,48402,4.310435,4.255091,1.8058e-01
dev-corpus-05,4037,27073,5.336065e-04,6150,6150,2.878686,2.877105,1.8162e-01
dev-corpus-05,4038,391,1.224430e-04,5154,5154,2.487905,2.521197,1.5834e-01
dev-corpus-05,4039,13505,1.067439e-03,6150,6150,3.539069,3.501813,2.3356e-01
dev-corpus-05,4040,5154,1.273489e-04,5154,5154,0.143372,0.146748,1.8202e-01
dev-corpus-05,4041,13,1.115352e-04,13,13,0.652080,0.649917,1.6751e-01
dev-corpus-05,4042,248046,6.352196e-05,248046,248046,0.620440,0.625748,1.8133e-01
dev-corpus-05,4043,198,1.031336e-07,198,198,0.000169,0.000174,3.5245e-01
dev-corpus-05,4044,248045,2.464312e-05,248045,248045,0.008435,0.007817,2.7962e-01
dev-corpus-05,4045,846,1.055257e-03,846,846,0.149214,0.163859,5.2062e-01
dev-corpus-05,4046,198,6.332504e-05,198,198,0.226210,0.220620,2.7009e-01
dev-corpus-05,4047,3710,3.757379e-04,3710,3710,1.138991,1.114111,2.0721e-01
dev-corpus-05,4048,369,8.662538e-05,369,369,0.293842,0.297928,1.7160e-01
dev-corpus-05,4049,10849,3.129229e-04,264,264,11.958505,11.986339,1.7296e-01
dev-corpus-05,4050,1603,5.799460e-04,248046,248046,9.200521,9.184433,1.8312e-01
dev-corpus-05,4051,364,2.689833e-05,364,364,0.056996,0.056494,1.9262e-01
dev-corpus-05,4052,30,7.631257e-04,30,30,0.327595,0.350883,2.0922e-01
dev-corpus-05,4053,248046,2.708741e-05,248046,248046,0.014535,0.013764,1.8181e-01
dev-corpus-05,4054,198,8.769516e-08,198,198,0.000078,0.000081,3.2553e-01
dev-corpus-05,4055,248045,4.416861e-09,248045,248045,0.000002,0.000002,4.0799e-01
dev-corpus-05,4056,74455,1.566777e-03,248045,248045,4.519808,4.327218,2.8789e-01
dev-corpus-05,4057,198,4.514035e-05,198,198,0.016942,0.016412,2.4865e-01
dev-corpus-05,4058,57044,5.143176e-08,248068,248068,12.148847,12.281908,1.9267e-01
dev-corpus-05,4059,3905,3.356216e-05,369,369,8.583549,8.707000,1.9192e-01
dev-corpus-05,4060,494,5.291699e-04,494,494,0.685974,0.710310,1.9743e-01
dev-corpus-05,4061,279,3.053140e-04,279,279,0.753982,0.764572,1.9882e-01
dev-corpus-05,4062,12515,8.090154e-04,2919,2919,3.726082,3.684407,2.0643e-01
dev-corpus-05,4063,539,7.024391e-04,321,321,6.539994,6.597310,2.3466e-01
dev-corpus-05,4064,17415,6.193792e-04,279,279,8.150628,8.121579,1.8025e-01
dev-corpus-05,4065,321,7.981221e-04,3514,3514,2.548805,2.555251,1.7805e-01
dev-corpus-05,4066,4128,6.982293e-04,4128,4128,1.225691,1.204062,1.9324e-01
dev-corpus-05,4067,2919,3.814063e-04,13,13,3.030448,3.034872,1.9858e-01
dev-corpus-05,4068,57054,4.862944e-04,3514,3514,2.476695,2.418583,1.8294e-01
dev-corpus-05,4069,1060,7.687302e-04,1060,1060,0.305602,0.329105,1.4982e-01
dev-corpus-05,4070,1083,3.594484e-04,11,11,1.844920,1.878198,1.6807e-01
dev-corpus-05,4071,279,5.656049e-04,279,279,0.695030,0.696367,1.8239e-01
dev-corpus-05,4072,28552,1.380663e-03,3594,3594,3.278168,3.308214,1.6900e-01
dev-corpus-05,4073,13,2.908530e-04,13,13,1.016822,0.999733,1.8133e-01
dev-corpus-05,4074,220,5.109463e-04,3095,3095,5.627233,5.624880,1.7327e-01
dev-corpus-05,4075,3095,9.725451e-04,1049,1049,2.304311,2.331760,2.6454e-01
dev-corpus-05,4076,1439,6.160833e-04,279,279,2.522063,2.577655,1.8352e-01
dev-corpus-05,4077,44171,2.706203e-04,28552,28552,13.410952,13.432302,1.6104e-01
dev-corpus-05,4078,10032,8.606509e-04,10032,10032,0.386362,0.379821,1.8223e-01
dev-corpus-05,4079,28552,4.168422e-04,28552,28552,0.118221,0.124166,2.3087e-01
dev-corpus-05,4080,3166,3.885231e-04,3512,3512,4.331461,4.325779,1.6397e-01
dev-corpus-05,4081,310,9.203290e-04,888,888,4.075695,4.110471,1.8817e-01
dev-corpus-05,4082,4128,6.705098e-04,4128,4128,1.206535,1.210143,1.7468e-01
dev-corpus-05,4083,11,3.039168e-04,11,11,0.524851,0.533363,2.0152e-01
dev-corpus-05,4084,321,3.427658e-04,781,781,5.545233,5.569913,1.9421e-01
dev-corpus-05,4085,279,5.268220e-04,279,279,1.043151,1.053675,1.7689e-01
dev-corpus-05,4086,279,5.773636e-04,2919,2919,9.000048,8.955783,1.8193e-01
dev-corpus-05,4087,10849,5.720749e-04,2919,2919,1.882132,1.870715,1.6821e-01
dev-corpus-05,4088,303,4.650727e-04,16563,16563,7.491435,7.428578,1.7126e-01
dev-corpus-05,4089,1070,1.177531e-03,279,279,1.983008,1.890524,1.8738e-01
dev-corpus-05,4090,369,6.071767e-04,16563,16563,2.760583,2.776941,1.6756e-01
dev-corpus-05,4091,5055,1.341632e-03,8545,8545,9.612580,9.579789,2.3709e-01
dev-corpus-05,4092,2166,5.445314e-04,8545,8545,2.813710,2.764415,2.3118e-01
dev-corpus-05,4093,8545,9.152484e-05,8545,8545,0.088257,0.085683,1.7249e-01
dev-corpus-05,4094,279,5.717882e-04,11,11,4.215530,4.186039,1.9300e-01
dev-corpus-05,4095,10849,3.864873e-04,2919,2919,1.359625,1.391209,2.0520e-01
dev-corpus-06,4096,198,1.728033e-05,198,198,0.002226,0.001967,3.0304e-01
dev-corpus-06,4097,14749,2.735445e-04,3710,3710,6.331110,6.332707,1.3304e-01
dev-corpus-06,4098,557,1.127536e-04,369,369,2.426113,2.422167,1.7272e-01
dev-corpus-06,4099,279,9.388297e-05,279,279,0.237090,0.236223,1.4837e-01
dev-corpus-06,4100,78167,2.339549e-04,1118,1118,10.116942,10.135311,1.7122e-01
dev-corpus-06,4101,6683,2.558139e-04,6683,6683,1.335381,1.327341,1.9250e-01
dev-corpus-06,4102,30,2.846571e-04,30,30,1.132785,1.147479,1.8789e-01
dev-corpus-06,4103,248046,5.587795e-05,248046,248046,0.068115,0.066375,2.2943e-01
dev-corpus-06,4104,198,1.636921e-08,198,198,0.000046,0.000046,2.1496e-01
dev-corpus-06,4105,248045,2.674676e-08,248045,248045,0.000001,0.000001,3.1212e-01
dev-corpus-06,4106,74455,2.083529e-03,248045,248045,3.786608,3.984454,2.8224e-01
dev-corpus-06,4107,198,3.071521e-05,198,198,0.006209,0.006833,1.8017e-01
dev-corpus-06,4108,32,4.285773e-09,248068,248068,21.904834,21.997577,3.2628e-01
dev-corpus-06,4109,2134,1.745472e-04,2134,2134,0.208314,0.211988,2.1426e-01
dev-corpus-06,4110,273,1.524815e-06,273,273,0.003439,0.003484,1.6719e-01
dev-corpus-06,4111,6683,2.459083e-05,6683,6683,0.383469,0.382753,1.8131e-01
dev-corpus-06,4112,11,1.550365e-04,318,318,0.984941,0.972788,1.9821e-01
dev-corpus-06,4113,852,5.306326e-04,12830,12830,7.434933,7.401833,1.9946e-01
dev-corpus-06,4114,557,4.770670e-04,557,557,1.055941,1.030447,2.1033e-01
dev-corpus-06,4115,1048,3.805718e-04,12830,12830,1.972687,1.994746,2.1561e-01
dev-corpus-06,4116,3750,9.927708e-05,3750,3750,0.092411,0.095339,1.8409e-01
dev-corpus-06,4117,430,4.272414e-04,430,430,0.153172,0.162074,2.1163e-01
dev-corpus-06,4118,13799,5.894835e-04,65246,65246,4.760772,4.767016,1.9637e-01
dev-corpus-06,4119,6683,1.733679e-05,6683,6683,0.049273,0.050043,1.9954e-01
dev-corpus-06,4120,11,5.093147e-04,466,466,1.161857,1.182765,2.6787e-01
dev-corpus-06,4121,557,3.339529e-04,557,557,0.496320,0.484580,2.5639e-01
dev-corpus-06,4122,264,3.300691e-04,264,264,0.577276,0.556274,2.2512e-01
dev-corpus-06,4123,8608,2.299551e-03,4927,4927,5.272519,5.210511,2.0915e-01
dev-corpus-06,4124,78167,1.358986e-03,70421,70421,4.513291,4.533025,2.1423e-01
dev-corpus-06,4125,852,6.551678e-04,321,321,2.359799,2.426325,1.9599e-01
dev-corpus-06,4126,8597,6.099271e-04,11815,11815,5.280032,5.271321,1.9030e-01
dev-corpus-06,4127,279,3.726005e-04,279,279,0.283111,0.296813,2.0643e-01
dev-corpus-06,4128,42995,2.801825e-04,42995,42995,1.521699,1.551637,1.7542e-01
dev-corpus-06,4129,314,1.856001e-04,314,314,0.116213,0.122645,1.9353e-01
dev-corpus-06,4130,10274,1.617109e-04,10274,10274,0.229982,0.222993,1.9396e-01
dev-corpus-06,4131,3560,1.472111e-04,3560,3560,0.326477,0.322807,1.7008e-01
dev-corpus-06,4132,13,1.348424e-04,6600,6600,1.885512,1.875849,1.6755e-01
dev-corpus-06,4133,10235,9.034037e-05,248046,248046,8.314821,8.286902,2.2161e-01
dev-corpus-06,4134,310,8.088899e-06,310,310,0.050215,0.051052,1.4300e-01
dev-corpus-06,4135,279,6.283515e-04,279,279,0.548310,0.543430,1.8769e-01
dev-corpus-06,4136,2236,6.917240e-04,1478,1478,4.390274,4.349802,1.8872e-01
dev-corpus-06,4137,314,2.493540e-04,314,314,0.185157,0.185265,2.0245e-01
dev-corpus-06,4138,47185,9.549156e-05,47185,47185,0.130399,0.133120,2.0088e-01
dev-corpus-06,4139,303,3.480299e-04,303,303,0.315242,0.310575,1.7106e-01
dev-corpus-06,4140,279,1.620462e-05,279,279,0.099248,0.100867,1.9133e-01
dev-corpus-06,4141,58171,5.087800e-04,1478,1478,6.376463,6.293673,1.6029e-01
dev-corpus-06,4142,11,8.352074e-05,11,11,0.259685,0.255027,1.8400e-01
dev-corpus-06,4143,6683,4.061127e-04,551,551,1.474489,1.429706,1.8161e-01
dev-corpus-06,4144,557,2.640035e-04,557,557,0.367334,0.378783,1.8460e-01
dev-corpus-06,4145,84552,3.659794e-04,264,12830,11.407460,11.385965,1.7190e-01
dev-corpus-06,4146,1029,1.230723e-03,1029,1029,0.209308,0.186994,1.7002e-01
dev-corpus-06,4147,287,6.969137e-05,68,68,1.270135,1.252843,2.0460e-01
dev-corpus-06,4148,321,2.800411e-04,321,321,1.491088,1.507488,2.1241e-01
dev-corpus-06,4149,2895,8.243768e-04,557,557,10.853500,10.776875,1.9834e-01
dev-corpus-06,4150,53568,4.788758e-04,248046,248046,4.250175,4.312786,2.0755e-01
dev-corpus-06,4151,314,5.477907e-04,2272,2272,1.858431,1.856839,1.8564e-01
dev-corpus-06,4152,3988,5.160329e-04,3988,3988,1.123532,1.089616,1.6172e-01
dev-corpus-06,4153,46553,5.841762e-05,20753,20753,7.213978,7.214183,1.4536e-01
dev-corpus-06,4154,314,1.512788e-04,13,13,1.386206,1.381568,1.7991e-01
dev-corpus-06,4155,10274,3.741380e-04,10274,10274,0.218335,0.210186,1.5661e-01
dev-corpus-06,4156,13,1.360006e-04,13,13,0.951519,0.965763,1.8674e-01
dev-corpus-06,4157,1216,1.584450e-04,248046,248046,2.362469,2.391735,1.7367e-01
dev-corpus-06,4158,22339,5.764455e-04,557,557,4.432252,4.358224,1.8000e-01
dev-corpus-06,4159,10274,3.847467e-04,10274,10274,0.241056,0.232923,1.9559e-01
dev-corpus-06,4160,383,5.600449e-04,383,383,0.445183,0.463229,1.7966e-01
dev-corpus-06,4161,279,1.009536e-04,279,279,0.049241,0.049889,1.9161e-01
dev-corpus-06,4162,5459,4.700661e-05,5459,5459,0.133951,0.134556,1.7725e-01
dev-corpus-06,4163,310,1.323141e-05,310,310,0.040041,0.040193,1.8465e-01
dev-corpus-06,4164,55115,4.872039e-05,55115,55115,0.024863,0.023531,1.6697e-01
dev-corpus-06,4165,310,1.811770e-04,321,321,6.731602,6.736126,1.8430e-01
dev-corpus-06,4166,1423,1.020952e-03,3512,3512,7.567417,7.584492,2.0608e-01
dev-corpus-06,4167,20753,6.449546e-04,780,780,7.620273,7.631928,2.0935e-01
dev-corpus-06,4168,1017,3.553836e-04,13,13,6.097257,6.061453,2.5140e-01
dev-corpus-06,4169,321,2.933184e-04,13,13,2.086475,2.083317,2.1667e-01
dev-corpus-06,4170,4300,6.616688e-04,5924,5924,6.319772,6.319993,2.0220e-01
dev-corpus-06,4171,1070,4.235710e-04,1070,1070,0.418587,0.433844,1.9577e-01
dev-corpus-06,4172,6608,2.845473e-04,310,310,12.286644,12.294859,1.7669e-01
dev-corpus-06,4173,310,2.975598e-04,310,310,1.353959,1.348516,1.9470e-01
dev-corpus-06,4174,24640,1.255428e-03,279,279,2.463589,2.391801,2.0710e-01
dev-corpus-06,4175,13,5.662389e-04,13,13,0.870681,0.845089,2.2425e-01
dev-corpus-06,4176,1921,5.827762e-04,248046,248046,3.990253,3.949560,3.1766e-01
dev-corpus-06,4177,383,7.814802e-04,551,551,4.007457,3.986411,1.8747e-01
dev-corpus-06,4178,780,1.828113e-04,279,279,1.812917,1.826164,1.8277e-01
dev-corpus-06,4179,1560,4.555247e-04,1560,1560,0.368418,0.378212,1.8744e-01
dev-corpus-06,4180,264,2.960450e-04,11,11,8.400992,8.400083,2.9040e-01
dev-corpus-06,4181,3000,3.106700e-04,3000,3000,1.242789,1.233743,1.7534e-01
dev-corpus-06,4182,50786,6.834120e-04,494,494,6.900162,6.847786,2.1973e-01
dev-corpus-06,4183,1056,1.217409e-05,1056,1056,0.067514,0.067253,1.6061e-01
dev-corpus-06,4184,264,2.465360e-04,279,279,4.577638,4.683586,2.8196e-01
dev-corpus-06,4185,6797,1.015450e-03,6797,6797,1.020206,1.047479,2.6277e-01
dev-corpus-06,4186,542,5.640711e-04,9434,9434,2.976514,3.050336,2.5487e-01
dev-corpus-06,4187,588,6.690396e-04,588,588,0.373944,0.398607,1.7015e-01
dev-corpus-06,4188,2094,4.968830e-04,1441,1441,2.963718,2.943193,1.5679e-01
dev-corpus-06,4189,1384,7.409716e-05,1384,1384,0.108053,0.105948,2.0466e-01
dev-corpus-06,4190,321,9.332053e-05,321,321,0.668851,0.662262,1.9207e-01
dev-corpus-06,4191,1782,1.047154e-03,551,551,9.945986,10.021323,2.0112e-01
dev-corpus-06,4192,440,2.157814e-03,440,440,0.955709,1.016804,2.7049e-01
dev-corpus-06,4193,1384,7.463034e-05,1384,1384,0.042706,0.042083,2.6183e-01
dev-corpus-06,4194,494,5.893916e-04,10729,10729,7.594224,7.646809,1.9485e-01
dev-corpus-06,4195,21583,1.551270e-03,279,279,1.314468,1.344048,2.4411e-01
dev-corpus-06,4196,506,1.982940e-03,13,13,9.259205,9.220824,3.7644e-01
dev-corpus-06,4197,4937,8.746716e-04,279,279,5.556267,5.720209,2.1462e-01
dev-corpus-06,4198,1834,2.887790e-04,1247,1247,3.129786,3.161194,1.5776e-01
dev-corpus-06,4199,13,3.821050e-04,13,13,0.785440,0.769210,2.0406e-01
dev-corpus-06,4200,4844,2.798269e-04,1216,1216,3.851980,3.873415,2.5351e-01
dev-corpus-06,4201,551,5.682887e-04,551,551,0.960833,0.980619,2.0420e-01
dev-corpus-06,4202,10729,3.952042e-04,6408,6408,2.040204,2.026786,1.9747e-01
dev-corpus-06,4203,310,2.620971e-04,310,310,0.681648,0.689919,1.9177e-01
dev-corpus-06,4204,279,1.194940e-04,279,279,0.100107,0.099342,1.7563e-01
dev-corpus-06,4205,4751,9.286863e-05,4751,4751,0.041547,0.039081,2.9524e-01
dev-corpus-06,4206,321,3.604775e-04,321,321,0.380512,0.393586,2.1070e-01
dev-corpus-06,4207,6408,5.857005e-04,6408,6408,0.298303,0.313663,1.8568e-01
dev-corpus-06,4208,264,3.754842e-04,264,264,0.390669,0.399933,2.1306e-01
dev-corpus-06,4209,7497,8.383379e-05,7497,7497,0.067009,0.069569,1.8318e-01
dev-corpus-06,4210,11,6.603816e-04,5315,5315,4.301790,4.309263,1.6830e-01
dev-corpus-06,4211,328,1.127299e-03,328,328,1.144044,1.195551,2.0490e-01
dev-corpus-06,4212,50,1.141840e-03,50,50,0.260259,0.282747,2.3478e-01
dev-corpus-06,4213,4784,5.126414e-06,4784,4784,0.001692,0.001736,2.6443e-01
dev-corpus-06,4214,11,1.038143e-04,11,11,0.062473,0.065219,2.4785e-01
dev-corpus-06,4215,796,8.766159e-05,65246,65246,6.580527,6.566668,1.7843e-01
dev-corpus-06,4216,355,1.161856e-04,355,355,0.147842,0.142485,1.8196e-01
dev-corpus-06,4217,11,3.553223e-05,11,11,0.200231,0.201093,2.2875e-01
dev-corpus-06,4218,3069,4.094547e-05,3069,3069,0.025380,0.026137,2.1741e-01
dev-corpus-06,4219,513,1.791604e-04,513,513,0.821862,0.822810,2.6866e-01
dev-corpus-06,4220,488,3.112362e-05,488,488,0.023222,0.023930,2.1373e-01
dev-corpus-06,4221,36228,1.049935e-04,36228,36228,0.067428,0.067383,1.9642e-01
dev-corpus-06,4222,10292,2.144012e-05,10292,10292,0.007194,0.007434,2.4739e-01
dev-corpus-06,4223,728,1.057261e-04,728,728,0.099009,0.095369,1.9130e-01
dev-corpus-06,4224,224994,9.556100e-04,7285,7285,2.626664,2.665806,2.3742e-01
dev-corpus-06,4225,321,5.425832e-04,248046,248046,7.187074,7.188476,1.7219e-01
dev-corpus-06,4226,551,6.302420e-04,551,551,1.498468,1.492647,2.4044e-01
dev-corpus-06,4227,1018,6.315206e-04,557,557,4.027033,4.048645,2.3896e-01
dev-corpus-06,4228,328,3.306887e-04,11,11,1.173092,1.149718,1.8626e-01
dev-corpus-06,4229,14202,3.511994e-04,14749,14749,1.978528,1.951400,2.2769e-01
dev-corpus-06,4230,513,1.803086e-04,513,513,0.081176,0.086033,2.0694e-01
dev-corpus-06,4231,488,1.548912e-05,488,488,0.013220,0.013737,1.9460e-01
dev-corpus-06,4232,7285,3.866547e-04,224994,224994,1.236832,1.256879,2.3242e-01
dev-corpus-06,4233,1179,2.844268e-04,321,321,3.030794,3.049220,2.2583e-01
dev-corpus-06,4234,279,2.292896e-04,279,279,0.623428,0.622069,1.7839e-01
dev-corpus-06,4235,35706,2.722580e-05,7497,7497,6.720994,6.714666,1.8214e-01
dev-corpus-06,4236,1018,2.205322e-04,1018,1018,0.392795,0.382629,1.6100e-01
dev-corpus-06,4237,11,6.752544e-04,328,328,1.850295,1.794342,2.3467e-01
dev-corpus-06,4238,328,5.790635e-05,328,328,0.078979,0.077298,1.9791e-01
dev-corpus-06,4239,40,1.280017e-04,40,40,0.074859,0.074468,1.8216e-01
dev-corpus-06,4240,1044,3.132374e-05,1044,1044,0.052448,0.052236,1.8771e-01
dev-corpus-06,4241,10274,7.841536e-05,10274,10274,0.088529,0.089271,2.0114e-01
dev-corpus-06,4242,11,2.876325e-04,11,11,0.992896,0.974174,2.6104e-01
dev-corpus-06,4243,8446,4.356612e-04,8446,8446,0.230970,0.216964,1.8686e-01
dev-corpus-06,4244,488,6.070298e-05,488,488,0.041665,0.040172,1.8491e-01
dev-corpus-06,4245,513,5.446489e-05,513,513,0.204366,0.206244,1.8050e-01
dev-corpus-06,4246,36228,8.262163e-05,36228,36228,0.071667,0.073723,2.0898e-01
dev-corpus-06,4247,10292,1.681245e-05,10292,10292,0.011906,0.012364,1.7083e-01
dev-corpus-06,4248,13,2.661395e-04,3158,3158,1.523965,1.502266,3.8792e-01
dev-corpus-06,4249,1049,2.562233e-03,4543,4543,4.888914,4.724762,3.1787e-01
dev-corpus-06,4250,369,3.866858e-03,369,369,0.274439,0.235155,7.4427e-01
dev-corpus-06,4251,2503,2.511141e-03,2503,2503,1.934562,1.875962,3.2929e-01
dev-corpus-06,4252,364,2.906372e-03,364,364,0.286142,0.246430,4.3975e-01
dev-corpus-06,4253,488,5.929791e-04,488,488,0.095465,0.101027,4.0505e-01
dev-corpus-06,4254,310,5.739250e-04,310,310,0.102975,0.103396,4.2887e-01
dev-corpus-06,4255,10017,1.039115e-03,10017,10017,0.250613,0.230326,2.9650e-01
dev-corpus-06,4256,2272,2.582142e-04,2272,2272,0.062211,0.067561,2.6608e-01
dev-corpus-06,4257,279,6.619873e-05,279,279,0.039385,0.040968,3.0817e-01
dev-corpus-06,4258,708,2.736258e-01,708,708,1.212308,1.868793,3.8455e+00
dev-corpus-06,4259,7421,2.735073e-03,327,327,1.083099,1.111094,9.2927e-01
dev-corpus-06,4260,1149,3.254618e-04,1149,1149,1.017332,1.002089,7.2315e-01
dev-corpus-06,4261,6683,6.508213e-04,248046,248046,5.834084,5.905300,4.7773e-01
dev-corpus-06,4262,4439,1.007279e-03,557,557,3.398831,3.376247,2.1725e-01
dev-corpus-06,4263,328,6.566275e-04,328,328,1.069606,1.095636,2.6069e-01
dev-corpus-06,4264,3710,2.214565e-03,12195,12195,2.040901,2.115138,2.8027e-01
dev-corpus-06,4265,635,1.112665e-03,4723,4723,1.995545,2.096764,2.3230e-01
dev-corpus-06,4266,488,3.494369e-04,488,488,0.099836,0.106633,3.2857e-01
dev-corpus-06,4267,1318,7.409349e-05,1318,1318,0.103232,0.104148,2.8967e-01
dev-corpus-06,4268,728,7.445823e-05,728,728,0.114246,0.112311,2.0633e-01
dev-corpus-06,4269,310,3.006155e-04,310,310,0.056684,0.051238,2.3385e-01
dev-corpus-06,4270,635,5.411009e-05,635,635,0.034731,0.033109,2.6049e-01
dev-corpus-06,4271,7285,4.137656e-04,7285,7285,0.517705,0.514292,2.1423e-01
dev-corpus-06,4272,1179,7.709443e-04,321,321,2.252070,2.312831,2.0994e-01
dev-corpus-06,4273,279,1.093540e-04,279,279,0.295742,0.293617,3.5018e-01
dev-corpus-06,4274,35706,4.536056e-03,5459,5459,4.332351,4.181036,3.9653e-01
dev-corpus-06,4275,1018,1.685328e-04,1018,1018,0.223622,0.230643,1.8469e-01
dev-corpus-06,4276,328,1.611339e-04,11,11,1.138485,1.129566,2.0755e-01
dev-corpus-06,4277,6737,2.067548e-03,10533,1882,2.150666,2.139985,2.1251e-01
dev-corpus-06,4278,1029,3.835612e-05,1029,1029,0.004503,0.003965,1.9177e-01
dev-corpus-06,4279,321,1.863733e-04,321,321,0.329017,0.320422,2.4668e-01
dev-corpus-06,4280,708,2.096264e-04,708,708,0.121857,0.117908,3.9021e-01
dev-corpus-06,4281,1083,1.388536e-03,310,310,1.461347,1.374428,3.1754e-01
dev-corpus-06,4282,279,4.795361e-04,55115,55115,0.896553,0.871675,2.4689e-01
dev-corpus-06,4283,3177,5.177468e-03,3177,3177,0.145388,0.130253,1.4012e+00
dev-corpus-06,4284,11,1.453959e-03,321,321,1.338060,1.283887,4.3181e-01
dev-corpus-06,4285,321,3.525072e-04,321,321,0.075693,0.073878,4.6558e-01
dev-corpus-06,4286,488,2.786127e-03,488,488,0.354414,0.362620,3.7464e-01
dev-corpus-06,4287,668,9.554471e-05,668,668,0.291569,0.296993,2.5377e-01
dev-corpus-06,4288,381,2.487554e-04,381,381,0.043935,0.043864,3.9167e-01
dev-corpus-06,4289,3125,3.211155e-04,3125,3125,0.044282,0.042338,4.0297e-01
dev-corpus-06,4290,1092,1.357895e-04,1092,1092,0.070341,0.071652,3.1573e-01
dev-corpus-06,4291,488,1.589865e-03,488,488,0.264703,0.236388,3.0106e-01
dev-corpus-06,4292,1902,1.611761e-03,1902,1902,0.310359,0.288535,2.3215e-01
dev-corpus-06,4293,635,1.374305e-05,635,635,0.039054,0.038449,1.9326e-01
dev-corpus-06,4294,1149,1.101786e-04,1149,1149,0.401949,0.402620,2.4923e-01
dev-corpus-06,4295,19425,5.205110e-04,248046,248046,11.625683,11.576110,3.1192e-01
dev-corpus-06,4296,978,8.479731e-04,978,978,1.545688,1.546644,2.5222e-01
dev-corpus-06,4297,1801,1.725268e-03,86049,86049,5.709211,5.578809,2.6310e-01
dev-corpus-06,4298,17481,2.081044e-03,264,264,1.209518,1.303840,2.7744e-01
dev-corpus-06,4299,11,1.119069e-03,539,539,1.794049,1.821149,2.0490e-01
dev-corpus-06,4300,551,5.915799e-04,6683,6683,0.929504,0.902764,3.2798e-01
dev-corpus-06,4301,557,4.555854e-04,557,557,0.253514,0.263543,2.1091e-01
dev-corpus-06,4302,2895,8.647355e-04,5879,5879,5.820353,5.832633,2.0474e-01
dev-corpus-06,4303,310,7.147926e-04,539,539,1.576672,1.634595,2.4431e-01
dev-corpus-06,4304,279,3.074843e-03,264,264,2.854424,2.855599,2.4599e-01
dev-corpus-06,4305,3177,9.343832e-04,3626,3626,2.638270,2.590022,2.3875e-01
dev-corpus-06,4306,321,4.128292e-04,314,314,1.976747,1.983613,2.7735e-01
dev-corpus-06,4307,2756,5.586773e-04,264,264,9.852575,9.805521,2.7848e-01
dev-corpus-06,4308,2843,5.076308e-04,314,314,1.899600,1.853953,1.9309e-01
dev-corpus-06,4309,780,1.185227e-03,551,551,2.286297,2.301400,3.0560e-01
dev-corpus-06,4310,13529,1.675588e-03,13529,13529,0.339001,0.369015,3.8318e-01
dev-corpus-06,4311,557,7.703095e-05,557,557,0.201564,0.206020,1.5806e-01
dev-corpus-06,4312,26137,1.440724e-04,26137,26137,0.068557,0.072130,1.6214e-01
dev-corpus-06,4313,539,5.422456e-04,539,539,0.503436,0.526693,2.3487e-01
dev-corpus-06,4314,1473,2.800338e-04,1473,1473,0.907901,0.890326,2.6757e-01
dev-corpus-06,4315,276,3.932471e-05,276,276,0.018509,0.019480,1.9603e-01
dev-corpus-06,4316,3362,6.886233e-06,3362,3362,0.005132,0.005228,1.8183e-01
dev-corpus-06,4317,314,1.613122e-04,13,13,4.787251,4.840928,2.9177e-01
dev-corpus-06,4318,55115,7.714629e-04,55115,55115,0.126838,0.116056,3.3660e-01
dev-corpus-06,4319,13,6.599568e-05,13,13,0.321243,0.321350,2.1883e-01
dev-corpus-06,4320,4844,8.368501e-04,248046,248046,3.105941,3.061413,3.2036e-01
dev-corpus-06,4321,6683,4.245354e-04,551,551,1.467910,1.420306,2.0131e-01
dev-corpus-06,4322,557,6.889124e-04,557,557,1.077142,1.095803,2.0852e-01
dev-corpus-06,4323,86058,6.088096e-04,86058,86058,0.617933,0.597639,1.8833e-01
dev-corpus-06,4324,321,7.663124e-05,321,321,0.355930,0.353063,1.7919e-01
dev-corpus-06,4325,6849,9.586791e-04,5924,5924,5.328242,5.341641,2.8587e-01
dev-corpus-06,4326,3727,4.318047e-04,5820,5820,2.142610,2.133159,2.0619e-01
dev-corpus-06,4327,310,2.761792e-04,66012,66012,1.829005,1.819345,1.8847e-01
dev-corpus-06,4328,62787,1.916538e-04,68233,68233,4.179618,4.169425,2.0403e-01
dev-corpus-06,4329,8608,6.296879e-05,279,279,7.814111,7.821827,1.5875e-01
dev-corpus-06,4330,1876,3.588808e-04,248046,248046,2.792375,2.779396,1.6031e-01
dev-corpus-06,4331,13,2.942494e-04,13,13,0.892272,0.908157,1.8180e-01
dev-corpus-06,4332,1216,7.640194e-04,248046,248046,2.154822,2.087307,1.8069e-01
dev-corpus-06,4333,59826,2.289134e-04,29694,29694,9.419401,9.430653,1.5841e-01
dev-corpus-06,4334,14156,5.137231e-04,279,279,8.242761,8.232901,1.6800e-01
dev-corpus-06,4335,310,1.383294e-04,303,303,1.270645,1.260648,1.6393e-01
dev-corpus-06,4336,279,3.153895e-04,279,279,1.112574,1.133242,1.7651e-01
dev-corpus-06,4337,15418,4.728659e-04,34539,34539,1.488067,1.454863,1.4557e-01
dev-corpus-06,4338,3533,4.200817e-05,3533,3533,0.052797,0.050829,1.6794e-01
dev-corpus-06,4339,321,3.698968e-04,13,13,1.652809,1.676727,1.7343e-01
dev-corpus-06,4340,551,1.204706e-03,5947,5947,3.267311,3.302743,2.2008e-01
dev-corpus-06,4341,369,2.964949e-04,557,557,2.769163,2.772685,1.6527e-01
dev-corpus-06,4342,1048,2.481106e-04,279,279,4.258339,4.253936,1.8799e-01
dev-corpus-06,4343,3750,2.895589e-04,3750,3750,0.545507,0.549346,1.7152e-01
dev-corpus-06,4344,430,1.232093e-04,430,430,0.495380,0.484872,1.8860e-01
dev-corpus-06,4345,449,2.354818e-04,279,279,5.413202,5.445306,2.0655e-01
dev-corpus-06,4346,78167,7.945293e-04,78167,78167,1.835676,1.863550,1.7575e-01
dev-corpus-06,4347,310,6.738063e-04,310,310,0.425467,0.414204,2.0594e-01
dev-corpus-06,4348,279,4.369712e-06,279,279,0.018108,0.018078,1.5161e-01
dev-corpus-06,4349,15418,6.619760e-05,34539,34539,3.268571,3.259848,3.1548e-01
dev-corpus-06,4350,3533,1.172340e-06,3533,3533,0.004335,0.004281,1.5867e-01
dev-corpus-06,4351,13,6.392603e-05,13,13,0.150910,0.153862,1.7752e-01
dev-corpus-06,4352,220,2.279897e-04,248046,248046,5.237318,5.311071,2.8165e-01
dev-corpus-06,4353,1216,1.045931e-03,248046,248046,1.400564,1.344288,2.7004e-01
dev-corpus-06,4354,37070,5.299396e-04,5947,5947,9.223395,9.126402,2.0083e-01
dev-corpus-06,4355,3679,1.250987e-04,1599,1599,3.450348,3.448209,1.9474e-01
dev-corpus-06,4356,28935,1.360088e-04,28935,28935,0.161292,0.158055,2.5509e-01
dev-corpus-06,4357,303,1.762431e-04,303,303,0.973014,0.964941,1.9613e-01
dev-corpus-06,4358,10305,4.905702e-04,279,279,5.578185,5.499985,2.0716e-01
dev-corpus-06,4359,177955,5.229805e-05,177955,177955,0.168445,0.169240,1.5755e-01
dev-corpus-06,4360,11,5.861292e-05,11,11,0.087245,0.086843,2.2487e-01
dev-corpus-06,4361,6931,3.433065e-04,66059,66059,3.535364,3.514292,2.4518e-01
dev-corpus-06,4362,23494,1.105395e-05,23494,23494,0.007575,0.007763,1.9836e-01
dev-corpus-06,4363,11,4.483208e-05,11,11,0.036447,0.037172,2.8399e-01
dev-corpus-06,4364,645,2.182265e-04,645,645,1.113852,1.104839,2.9932e-01
dev-corpus-06,4365,425,3.422744e-05,425,425,0.007430,0.008086,2.3728e-01
dev-corpus-06,4366,42167,4.179118e-05,42167,42167,0.004198,0.004764,2.2555e-01
dev-corpus-06,4367,11165,8.970804e-05,2906,2906,3.244357,3.268159,2.4244e-01
dev-corpus-06,4368,11,2.257690e-04,11,11,0.216035,0.213721,2.6479e-01
dev-corpus-06,4369,57775,8.280223e-04,57775,57775,0.944475,0.964751,1.7522e-01
dev-corpus-06,4370,321,1.093555e-04,11,11,2.640753,2.626203,1.7699e-01
dev-corpus-06,4371,66059,5.102944e-04,66059,66059,1.281137,1.308629,2.3375e-01
dev-corpus-06,4372,40985,4.541758e-05,40985,40985,0.016442,0.017412,1.9246e-01
dev-corpus-06,4373,4949,2.681531e-04,13,13,11.621021,11.623969,2.5367e-01
dev-corpus-06,4374,43410,3.570537e-04,2290,2290,9.042350,9.024123,3.8190e-01
dev-corpus-06,4375,466,1.403858e-03,11592,11592,3.926812,3.881887,2.5199e-01
dev-corpus-06,4376,12937,4.453135e-04,60163,60163,4.197264,4.201034,2.1575e-01
dev-corpus-06,4377,14470,6.437948e-05,14470,14470,0.018879,0.017582,1.8213e-01
dev-corpus-06,4378,314,8.184766e-04,11592,11592,2.395950,2.355701,3.2877e-01
dev-corpus-06,4379,279,1.123596e-03,279,279,0.179986,0.194456,2.3635e-01
dev-corpus-06,4380,16570,3.899270e-03,1478,1478,2.207587,2.204908,4.0504e-01
dev-corpus-06,4381,7840,3.678698e-04,7840,7840,0.653763,0.654871,1.7389e-01
dev-corpus-06,4382,6265,6.574546e-04,6265,6265,0.479589,0.457430,1.9786e-01
dev-corpus-06,4383,303,4.545301e-04,314,314,1.535255,1.589653,1.8892e-01
dev-corpus-06,4384,279,1.227325e-05,279,279,0.051968,0.051962,1.6494e-01
dev-corpus-06,4385,491,1.232023e-04,1478,1478,2.731390,2.738292,2.9501e-01
dev-corpus-06,4386,37818,3.748688e-05,58170,58170,3.160742,3.190805,1.5402e-01
dev-corpus-06,4387,557,4.218056e-04,513,513,4.489148,4.478707,2.1128e-01
dev-corpus-06,4388,5158,6.170599e-05,5158,5158,0.119316,0.118938,1.6285e-01
dev-corpus-06,4389,539,1.280749e-05,539,539,0.025811,0.025636,2.0697e-01
dev-corpus-06,4390,6683,1.599658e-04,6683,6683,0.755043,0.753148,1.7401e-01
dev-corpus-06,4391,1472,2.362653e-04,13,13,6.224387,6.200918,3.2448e-01
dev-corpus-06,4392,279,9.188984e-04,780,780,2.152570,2.198386,2.0812e-01
dev-corpus-06,4393,18252,1.231459e-03,11592,11592,5.171593,5.243953,2.7048e-01
dev-corpus-06,4394,314,2.174569e-05,314,314,0.056719,0.055817,1.7120e-01
dev-corpus-06,4395,279,7.565937e-05,279,279,0.100132,0.101816,2.3934e-01
dev-corpus-06,4396,25872,6.618301e-04,18147,18147,3.746090,3.625414,1.2335e+00
dev-corpus-06,4397,8643,2.640680e-04,8643,8643,0.155294,0.146517,2.1504e-01
dev-corpus-06,4398,13,1.940045e-04,13,13,0.201813,0.209576,2.1445e-01
dev-corpus-06,4399,248046,1.341940e-04,645,645,1.023476,1.017819,3.1081e-01
dev-corpus-06,4400,198,1.084043e-07,198,198,0.000065,0.000061,2.9671e-01
dev-corpus-06,4401,248045,1.582024e-06,248045,248045,0.000040,0.000030,4.7752e-01
dev-corpus-06,4402,846,1.005707e-03,846,846,0.288637,0.265619,4.9277e-01
dev-corpus-06,4403,198,2.916669e-04,198,198,0.034806,0.030458,2.0685e-01
dev-corpus-06,4404,3710,2.440858e-04,3710,3710,1.654214,1.663048,1.7100e-01
dev-corpus-06,4405,513,1.960449e-04,369,369,2.209623,2.188600,1.7581e-01
dev-corpus-06,4406,1010,9.572571e-05,279,279,1.890819,1.914238,1.6723e-01
dev-corpus-06,4407,2433,2.833567e-04,314,314,4.204438,4.268951,1.9405e-01
dev-corpus-06,4408,310,4.403715e-04,421,421,2.930037,2.952242,1.9837e-01
dev-corpus-06,4409,5909,7.408822e-04,635,635,3.842013,3.812652,1.7054e-01
dev-corpus-06,4410,948,1.902762e-04,883,883,1.723049,1.742596,1.8372e-01
dev-corpus-06,4411,11494,6.082466e-04,4237,4237,6.123163,6.201346,1.6025e-01
dev-corpus-06,4412,264,4.270443e-04,264,264,0.466287,0.483863,1.6373e-01
dev-corpus-06,4413,491,3.016805e-04,491,491,1.808685,1.803843,1.6566e-01
dev-corpus-06,4414,6505,3.768257e-04,1740,1740,4.358473,4.399643,1.6570e-01
dev-corpus-06,4415,314,8.250397e-06,314,314,0.019890,0.020356,1.5629e-01
dev-corpus-06,4416,41581,3.280183e-04,14850,14850,3.325208,3.314228,1.6859e-01
dev-corpus-06,4417,30,2.138159e-04,30,30,0.360262,0.351723,1.9445e-01
dev-corpus-06,4418,248046,6.331302e-06,248046,248046,0.015349,0.015438,1.5893e-01
dev-corpus-06,4419,198,1.811322e-07,198,198,0.000082,0.000077,2.2537e-01
dev-corpus-06,4420,248045,2.670307e-08,248045,248045,0.000004,0.000003,3.4069e-01
dev-corpus-06,4421,74455,7.612358e-05,74455,74455,0.673960,0.667106,2.9943e-01
dev-corpus-06,4422,198,1.870035e-04,198,198,0.022487,0.019698,3.7979e-01
dev-corpus-06,4423,3733,1.341720e-08,248068,248068,18.648369,18.512442,2.4897e-01
dev-corpus-06,4424,513,1.149887e-04,513,513,0.085938,0.090097,2.2091e-01
dev-corpus-06,4425,1599,3.983962e-04,3679,3679,2.647919,2.563354,1.6990e-01
dev-corpus-06,4426,12521,7.960287e-05,9085,9085,8.814500,8.772080,1.8028e-01
dev-corpus-06,4427,948,3.966098e-05,310,310,5.137567,5.155684,2.1367e-01
dev-corpus-06,4428,799,6.555389e-04,11494,11494,10.301009,10.336869,1.5387e-01
dev-corpus-06,4429,628,2.064407e-04,369,369,5.916568,5.870207,1.7380e-01
dev-corpus-06,4430,2426,2.235531e-04,3569,3569,7.780475,7.796598,2.3265e-01
dev-corpus-06,4431,303,1.874103e-04,303,303,0.087144,0.082785,1.8091e-01
dev-corpus-06,4432,3838,1.608446e-05,3838,3838,0.027018,0.026886,1.5342e-01
dev-corpus-06,4433,948,1.765583e-04,948,948,0.559318,0.564369,1.6023e-01
dev-corpus-06,4434,21877,1.530096e-04,11494,11494,1.735822,1.749615,1.3817e-01
dev-corpus-06,4435,41581,8.920720e-05,264,264,1.840641,1.815692,1.7635e-01
dev-corpus-06,4436,13,1.391896e-04,13,13,0.347523,0.353937,2.0142e-01
dev-corpus-06,4437,198,8.451752e-04,5514,5514,2.829393,2.847846,1.9644e-01
dev-corpus-06,4438,16,4.551630e-04,16,16,1.285086,1.277785,2.2876e-01
dev-corpus-06,4439,13,3.264211e-05,13,13,0.029644,0.030727,1.8729e-01
dev-corpus-06,4440,28097,1.955452e-04,2972,2972,3.580374,3.631629,1.8640e-01
dev-corpus-06,4441,25,2.881115e-04,25,25,0.826830,0.816446,1.5454e-01
dev-corpus-06,4442,279,3.961701e-04,28924,28924,6.528489,6.504737,1.5809e-01
dev-corpus-06,4443,7193,5.098469e-04,5839,5839,2.883938,2.950848,1.6848e-01
dev-corpus-06,4444,314,5.852458e-04,314,314,0.626807,0.609922,1.7097e-01
dev-corpus-06,4445,10121,4.075404e-04,279,279,4.494387,4.455266,1.4943e-01
dev-corpus-06,4446,1220,5.992111e-04,369,369,3.165884,3.143761,1.5453e-01
dev-corpus-06,4447,381,8.865911e-05,381,381,0.106704,0.105474,1.4342e-01
dev-corpus-06,4448,2708,2.775650e-04,6306,6306,2.783489,2.818366,1.9082e-01
dev-corpus-06,4449,303,1.789286e-04,13,13,5.823847,5.781234,1.6028e-01
dev-corpus-06,4450,3838,1.905203e-04,3838,3838,1.094092,1.086324,1.5285e-01
dev-corpus-06,4451,11,2.906965e-04,13,13,2.418444,2.437516,1.6536e-01
dev-corpus-06,4452,585,1.581657e-04,3315,3315,4.158820,4.165511,1.6643e-01
dev-corpus-06,4453,1673,5.876398e-05,1673,1673,0.053830,0.055237,2.1654e-01
dev-corpus-06,4454,2487,6.322350e-06,2487,2487,0.398313,0.399035,1.5887e-01
dev-corpus-06,4455,3315,6.031823e-04,364,364,1.846382,1.878304,2.9258e-01
dev-corpus-06,4456,424,1.682123e-04,424,424,1.046696,1.045100,2.1744e-01
dev-corpus-06,4457,579,1.286559e-04,369,369,2.116426,2.153305,1.7712e-01
dev-corpus-06,4458,364,5.480892e-05,364,364,0.072613,0.074781,1.8948e-01
dev-corpus-06,4459,10461,4.817831e-04,15367,15367,9.712819,9.645841,1.8254e-01
dev-corpus-06,4460,1603,1.964281e-03,4477,4477,7.639900,7.624695,2.3733e-01
dev-corpus-06,4461,4131,2.615231e-04,4477,4477,2.011138,2.008267,2.0104e-01
dev-corpus-06,4462,4477,2.686726e-04,4477,4477,0.228587,0.235405,1.4759e-01
dev-corpus-06,4463,466,1.650735e-04,11,11,2.004602,2.004419,1.8076e-01
dev-corpus-06,4464,364,4.250033e-04,364,364,0.606316,0.604788,1.7049e-01
dev-corpus-06,4465,944,8.138267e-04,15367,15367,4.753061,4.730367,1.9226e-01
dev-corpus-06,4466,1040,5.686486e-04,6526,6526,3.410951,3.460950,1.9549e-01
dev-corpus-06,4467,4483,6.414767e-04,6526,6526,2.766228,2.736077,1.9302e-01
dev-corpus-06,4468,2678,7.198061e-04,6526,6526,4.398494,4.417807,1.6975e-01
dev-corpus-06,4469,6526,2.872853e-04,6526,6526,0.378236,0.390645,1.7867e-01
dev-corpus-06,4470,13,1.423185e-04,13,13,1.034550,1.053909,1.9083e-01
dev-corpus-06,4471,198,6.238567e-04,198,198,0.431821,0.455613,1.9086e-01
dev-corpus-06,4472,17,3.470296e-05,17,17,0.015087,0.014205,2.1604e-01
dev-corpus-06,4473,13,1.710225e-06,13,13,0.009087,0.008972,1.5623e-01
dev-corpus-06,4474,8223,8.205541e-04,3856,3856,5.603431,5.673100,2.6373e-01
dev-corpus-06,4475,20025,1.175551e-04,25,25,12.341186,12.343503,1.6268e-01
dev-corpus-06,4476,25,4.463545e-05,25,25,0.598752,0.593949,1.5542e-01
dev-corpus-06,4477,17107,6.899623e-04,279,279,9.848175,9.823678,1.5356e-01
dev-corpus-06,4478,369,5.707846e-04,1220,1220,1.654839,1.691528,1.8438e-01
dev-corpus-06,4479,2590,4.007955e-04,264,264,2.895577,2.882743,1.6457e-01
dev-corpus-06,4480,449,1.863841e-04,264,264,1.980309,1.974204,1.7954e-01
dev-corpus-06,4481,2894,1.963000e-04,2894,2894,0.224312,0.231783,1.5727e-01
dev-corpus-06,4482,17345,1.613499e-04,7911,7911,2.389144,2.435301,1.5155e-01
dev-corpus-06,4483,948,2.169924e-04,13,13,3.745653,3.713007,1.5736e-01
dev-corpus-06,4484,424,4.022310e-04,11494,11494,3.451368,3.483712,1.5230e-01
dev-corpus-06,4485,3905,1.516995e-04,3905,3905,0.074978,0.079312,2.0044e-01
dev-corpus-06,4486,310,5.176980e-06,310,310,0.025738,0.025854,1.5995e-01
dev-corpus-06,4487,866,5.155014e-04,11494,11494,5.241866,5.349497,2.5504e-01
dev-corpus-06,4488,3269,4.094255e-04,7384,7384,8.310730,8.271051,1.3915e-01
dev-corpus-06,4489,314,1.985338e-05,314,314,0.101668,0.103444,1.4925e-01
dev-corpus-06,4490,7384,1.405532e-03,7384,7384,0.945256,0.970894,4.3828e-01
dev-corpus-06,4491,13,1.613261e-04,13,13,0.320283,0.329390,1.6866e-01
dev-corpus-06,4492,198,5.126575e-04,198,198,1.712375,1.750711,1.8613e-01
dev-corpus-06,4493,18,1.223334e-02,18,18,0.978310,1.184755,3.6815e-01
dev-corpus-06,4494,13,3.010769e-05,13,13,0.011337,0.012124,2.9020e-01
dev-corpus-06,4495,9612,9.536501e-04,42292,42292,4.004293,3.953236,1.8718e-01
dev-corpus-06,4496,48821,1.067902e-04,48821,48821,0.090579,0.094615,1.9286e-01
dev-corpus-06,4497,34647,3.248470e-05,351,351,6.750269,6.705431,1.7862e-01
dev-corpus-06,4498,318,4.264180e-04,25,25,1.137345,1.102536,1.8262e-01
dev-corpus-06,4499,25340,1.807702e-05,25340,25340,0.014427,0.014699,2.0642e-01
dev-corpus-06,4500,1590,4.267587e-05,1590,1590,0.182859,0.186231,1.7755e-01
dev-corpus-06,4501,10022,4.776375e-04,1368,1368,8.040679,8.087275,1.6375e-01
dev-corpus-06,4502,11639,1.123723e-03,524,524,4.849284,4.901166,1.7401e-01
dev-corpus-06,4503,34647,1.603528e-04,34647,34647,0.339429,0.333060,1.7418e-01
dev-corpus-06,4504,369,5.301884e-04,369,369,0.396092,0.415774,1.8234e-01
dev-corpus-06,4505,4840,4.089973e-04,524,524,8.718991,8.606934,1.6816e-01
dev-corpus-06,4506,440,3.566529e-04,310,310,2.988272,3.010692,1.7827e-01
dev-corpus-06,4507,1379,3.207504e-04,279,279,2.743596,2.750040,1.9250e-01
dev-corpus-06,4508,1901,2.916551e-04,314,314,4.264364,4.224446,1.5054e-01
dev-corpus-06,4509,4758,1.355225e-04,4758,4758,0.111932,0.115998,1.8992e-01
dev-corpus-06,4510,44253,3.333324e-04,11,11,1.947266,1.974856,1.8632e-01
dev-corpus-06,4511,11,4.381652e-05,11,11,0.164392,0.166019,1.7162e-01
dev-corpus-06,4512,279,2.789420e-04,424,424,2.887788,2.895407,1.8413e-01
dev-corpus-06,4513,4131,3.997499e-04,4131,4131,1.196557,1.202298,1.9743e-01
dev-corpus-06,4514,314,3.936465e-05,314,314,0.552448,0.551062,1.5394e-01
dev-corpus-06,4515,82081,2.221940e-04,82081,82081,1.086677,1.073879,1.7524e-01
dev-corpus-06,4516,2493,2.463889e-04,628,628,3.888618,3.900069,1.7007e-01
dev-corpus-06,4517,12904,9.812961e-05,12904,12904,0.712811,0.719027,1.5148e-01
dev-corpus-06,4518,494,2.870987e-04,13,13,2.177110,2.169905,1.6139e-01
dev-corpus-06,4519,799,5.525614e-04,799,799,0.966086,0.973880,1.5405e-01
dev-corpus-06,4520,6365,2.344557e-04,6529,6529,8.467423,8.536009,1.5815e-01
dev-corpus-06,4521,310,5.836722e-04,310,310,0.393877,0.373852,1.6553e-01
dev-corpus-06,4522,2361,3.193997e-04,2361,2361,0.166736,0.167154,1.5766e-01
dev-corpus-06,4523,13,7.326259e-05,13,13,0.220809,0.220809,1.8810e-01
dev-corpus-06,4524,1987,3.614744e-04,198,198,4.268904,4.267365,1.9045e-01
dev-corpus-06,4525,424,5.005117e-04,11,11,1.538815,1.587876,1.7884e-01
dev-corpus-06,4526,579,3.200478e-04,369,369,1.130531,1.136754,1.6051e-01
dev-corpus-06,4527,2590,1.923742e-04,2894,2894,2.054715,2.028335,1.5413e-01
dev-corpus-06,4528,1603,3.332002e-04,1603,1603,0.574888,0.587275,1.6188e-01
dev-corpus-06,4529,310,8.194087e-06,310,310,0.033349,0.033242,1.7559e-01
dev-corpus-06,4530,1301,6.173679e-04,1716,1716,2.095035,2.151275,1.9960e-01
dev-corpus-06,4531,1010,3.337083e-04,8120,8120,4.319911,4.281705,2.1065e-01
dev-corpus-06,4532,8120,1.940702e-04,8120,8120,0.201156,0.206246,1.6489e-01
dev-corpus-06,4533,2094,2.766759e-04,13,13,8.412804,8.361630,1.6366e-01
dev-corpus-06,4534,424,3.676736e-04,13,13,2.264013,2.276321,1.8195e-01
dev-corpus-06,4535,13,3.389464e-04,13,13,0.223084,0.234573,2.4202e-01
dev-corpus-06,4536,198,5.135340e-05,198,198,0.188572,0.189961,1.9891e-01
dev-corpus-06,4537,19,3.532355e-05,19,19,0.032094,0.033513,3.5505e-01
dev-corpus-06,4538,13,3.178423e-06,13,13,0.007692,0.007872,2.1670e-01
dev-corpus-06,4539,13024,7.243843e-04,32500,32500,10.318511,10.350539,1.8643e-01
dev-corpus-06,4540,3638,1.497650e-03,75323,75323,6.658974,6.730925,2.2028e-01
dev-corpus-06,4541,321,3.172393e-04,25,25,3.470975,3.485343,1.7647e-01
dev-corpus-06,4542,4275,6.161934e-04,3061,3061,2.893955,2.866420,1.7258e-01
dev-corpus-06,4543,25,2.132738e-05,25,25,0.114845,0.114650,2.2952e-01
dev-corpus-06,4544,1049,5.829282e-04,4188,4188,4.145457,4.171913,1.7814e-01
dev-corpus-06,4545,369,3.142464e-04,579,579,1.155290,1.147051,1.6558e-01
dev-corpus-06,4546,4409,3.802364e-04,2590,2590,7.291707,7.255829,1.7151e-01
dev-corpus-06,4547,264,9.006782e-04,2590,2590,3.220121,3.254892,1.6807e-01
dev-corpus-06,4548,7230,4.397405e-04,1902,1902,2.695260,2.632587,1.9433e-01
dev-corpus-06,4549,1381,2.789694e-04,44253,44253,1.962676,1.957805,1.6433e-01
dev-corpus-06,4550,421,3.376856e-04,421,421,0.646728,0.667812,1.6849e-01
dev-corpus-06,4551,1396,3.141798e-04,41581,41581,3.514260,3.523743,1.4726e-01
dev-corpus-06,4552,3478,3.625834e-04,73787,73787,3.281206,3.267900,1.5896e-01
dev-corpus-06,4553,47911,1.077072e-04,73787,73787,2.690290,2.697208,1.4850e-01
dev-corpus-06,4554,2724,5.276040e-04,6529,6529,3.692866,3.715222,1.6127e-01
dev-corpus-06,4555,682,5.098944e-04,682,682,0.824028,0.847731,1.8283e-01
dev-corpus-06,4556,7633,2.464759e-04,264,264,3.224468,3.203738,1.8738e-01
dev-corpus-06,4557,279,1.003452e-04,264,264,6.922916,6.935417,1.8247e-01
dev-corpus-06,4558,11811,5.934081e-04,248046,248046,6.365390,6.445001,2.9877e-01
dev-corpus-06,4559,6170,1.893644e-04,878,878,1.267516,1.276201,1.8498e-01
dev-corpus-06,4560,3638,3.341764e-05,878,878,1.014807,1.017563,2.0396e-01
dev-corpus-06,4561,440,4.291609e-04,364,364,4.263944,4.250231,1.8040e-01
dev-corpus-06,4562,1010,7.065234e-04,5090,5090,3.121488,3.103956,1.8814e-01
dev-corpus-06,4563,884,3.923411e-04,4799,4799,5.816660,5.790773,1.4505e-01
dev-corpus-06,4564,10020,3.850027e-04,10020,10020,0.275129,0.260504,1.5683e-01
dev-corpus-06,4565,4275,6.329788e-05,4275,4275,0.090145,0.090617,2.2144e-01
dev-corpus-06,4566,13,2.186187e-04,13,13,0.870300,0.887350,1.6223e-01
dev-corpus-06,4567,1921,3.677844e-04,198,198,4.888632,4.870474,1.8880e-01
dev-corpus-06,4568,1010,1.746306e-04,424,424,2.256531,2.245960,1.6994e-01
dev-corpus-06,4569,4948,6.856862e-04,314,314,3.220356,3.170303,1.7916e-01
dev-corpus-06,4570,2915,3.427266e-04,2493,2493,3.658458,3.646833,1.7634e-01
dev-corpus-06,4571,1691,6.519949e-04,2577,2577,4.594598,4.644976,1.6397e-01
dev-corpus-06,4572,364,2.954889e-04,2577,2577,9.173298,9.183572,1.7804e-01
dev-corpus-06,4573,6699,5.833383e-04,836,836,11.567568,11.541062,2.3112e-01
dev-corpus-06,4574,23557,5.525278e-04,2308,2308,4.953206,5.058039,3.2235e-01
dev-corpus-06,4575,2540,9.051250e-05,2540,2540,0.025291,0.023815,2.5175e-01
dev-corpus-06,4576,11241,1.591828e-04,2444,2444,2.099638,2.086805,1.5817e-01
dev-corpus-06,4577,1056,5.311570e-04,888,888,3.167962,3.207154,1.7156e-01
dev-corpus-06,4578,3672,4.956577e-04,3672,3672,0.111418,0.120472,1.7241e-01
dev-corpus-06,4579,13,2.259080e-04,13,13,0.196091,0.203496,2.7703e-01
dev-corpus-06,4580,198,2.932049e-04,198,198,0.601430,0.615863,2.1242e-01
dev-corpus-06,4581,20,2.109150e-04,20,20,0.130653,0.129795,4.5026e-01
dev-corpus-06,4582,13,2.312782e-06,13,13,0.007497,0.007596,1.6787e-01
dev-corpus-06,4583,60628,3.872104e-04,32500,32500,9.855391,9.887793,1.7474e-01
dev-corpus-06,4584,1105,1.827205e-03,1105,1105,1.194986,1.164048,1.9340e-01
dev-corpus-06,4585,25,4.676375e-04,25,25,0.403763,0.417757,2.1619e-01
dev-corpus-06,4586,1368,8.334842e-04,1368,1368,1.684941,1.739627,1.7365e-01
dev-corpus-06,4587,488,4.285807e-04,488,488,0.313982,0.322770,1.6654e-01
dev-corpus-06,4588,513,5.259384e-04,513,513,0.919086,0.902969,1.7632e-01
dev-corpus-06,4589,264,6.303388e-04,8842,8842,1.996072,2.065078,1.7044e-01
dev-corpus-06,4590,20125,5.162572e-04,20125,20125,0.876455,0.848526,1.5749e-01
dev-corpus-06,4591,82255,1.210430e-04,60651,60651,3.191806,3.169956,1.6256e-01
dev-corpus-06,4592,11,7.042262e-05,11,11,0.350110,0.352603,1.6883e-01
dev-corpus-06,4593,1179,3.649008e-04,264,264,1.954659,1.968254,1.8718e-01
dev-corpus-06,4594,264,4.665424e-04,264,264,0.891500,0.860823,1.7294e-01
dev-corpus-06,4595,16338,5.704322e-04,1603,1603,3.320585,3.292344,1.9063e-01
dev-corpus-06,4596,321,3.143482e-04,321,321,0.722756,0.725082,1.8753e-01
dev-corpus-06,4597,21094,6.764653e-04,25293,25293,3.471752,3.502016,1.6607e-01
dev-corpus-06,4598,47911,3.166824e-04,6564,6564,7.334579,7.394909,1.7184e-01
dev-corpus-06,4599,6564,3.543073e-04,440,440,2.720189,2.681828,1.6635e-01
dev-corpus-06,4600,1105,4.777291e-05,1105,1105,0.037704,0.039587,1.6241e-01
dev-corpus-06,4601,2493,3.616297e-04,369,369,3.027650,2.987466,2.1138e-01
dev-corpus-06,4602,381,5.385978e-05,381,381,0.098159,0.097116,1.8858e-01
dev-corpus-06,4603,1603,9.887399e-04,264,264,3.676958,3.712424,4.7310e-01
dev-corpus-06,4604,310,1.930548e-04,310,310,0.669300,0.678088,1.9807e-01
dev-corpus-06,4605,599,9.321634e-04,2814,2814,1.358524,1.415401,1.7050e-01
dev-corpus-06,4606,303,1.745242e-04,13,13,3.894577,3.933598,1.9114e-01
dev-corpus-06,4607,3529,3.868761e-04,3838,3838,9.988107,9.935537,2.1995e-01
dev-corpus-07,4608,198,1.728033e-05,198,198,0.002226,0.001967,3.0304e-01
dev-corpus-07,4609,4199,3.410093e-04,3710,3710,3.653411,3.646612,1.5090e-01
dev-corpus-07,4610,1503,4.868443e-05,635,635,1.648237,1.647250,1.4640e-01
dev-corpus-07,4611,279,3.258065e-04,279,279,0.621551,0.638399,1.4555e-01
dev-corpus-07,4612,5753,3.510983e-04,7059,7059,7.271202,7.260749,1.4525e-01
dev-corpus-07,4613,15209,5.959200e-04,3299,3299,11.158583,11.120965,1.6488e-01
dev-corpus-07,4614,1785,1.656310e-04,1785,1785,0.180044,0.180253,1.6584e-01
dev-corpus-07,4615,944,5.865213e-04,944,944,1.563444,1.528465,2.0254e-01
dev-corpus-07,4616,30,2.903194e-04,30,30,0.617068,0.604156,1.9196e-01
dev-corpus-07,4617,248046,3.262359e-04,248046,248046,0.297093,0.308852,2.0983e-01
dev-corpus-07,4618,198,3.146388e-08,198,198,0.000036,0.000037,2.2737e-01
dev-corpus-07,4619,248045,1.455150e-10,248045,248045,0.000000,0.000000,4.5965e-01
dev-corpus-07,4620,74455,1.468684e-03,248045,248045,3.955198,3.980519,7.3901e-01
dev-corpus-07,4621,198,2.152771e-06,198,198,0.002163,0.002089,1.6263e-01
dev-corpus-07,4622,4699,3.630723e-09,248068,248068,21.274582,21.275233,3.8115e-01
dev-corpus-07,4623,24518,1.855469e-03,5753,5753,2.070801,1.980703,2.4311e-01
dev-corpus-07,4624,682,6.385214e-04,303,303,3.209999,3.254217,2.0574e-01
dev-corpus-07,4625,1330,4.939406e-04,1330,1330,0.448355,0.431999,2.0357e-01
dev-corpus-07,4626,12320,2.363730e-04,12320,12320,0.234546,0.240055,2.7133e-01
dev-corpus-07,4627,13,1.880365e-04,303,303,1.515635,1.514914,2.3056e-01
dev-corpus-07,4628,561,1.110256e-03,248046,248046,1.985702,1.988322,2.2602e-01
dev-corpus-07,4629,1118,3.524933e-04,1118,1118,0.251802,0.258009,2.6527e-01
dev-corpus-07,4630,6695,1.633795e-04,6695,6695,0.275855,0.272152,2.0348e-01
dev-corpus-07,4631,369,1.438104e-03,318,318,1.269384,1.323206,2.4988e-01
dev-corpus-07,4632,364,5.171716e-04,364,364,0.321907,0.317028,2.3783e-01
dev-corpus-07,4633,264,4.209927e-05,264,264,0.176092,0.176149,2.9144e-01
dev-corpus-07,4634,2050,1.459963e-03,8871,8871,1.992852,2.010969,2.8088e-01
dev-corpus-07,4635,62455,2.301174e-04,8871,8871,7.728329,7.670532,2.4346e-01
dev-corpus-07,4636,8871,1.524521e-04,8871,8871,0.121983,0.121717,2.6960e-01
dev-corpus-07,4637,13,4.933354e-04,11,11,2.031966,2.079964,2.0494e-01
dev-corpus-07,4638,561,3.202235e-04,561,561,0.465522,0.470440,2.3623e-01
dev-corpus-07,4639,8871,3.525111e-04,2018,2018,4.487501,4.358927,3.4845e-01
dev-corpus-07,4640,440,5.164822e-04,440,440,0.477788,0.496280,2.1168e-01
dev-corpus-07,4641,279,6.555845e-05,279,279,0.057001,0.057264,2.3463e-01
dev-corpus-07,4642,8410,3.518534e-05,1379,1379,9.012630,8.973780,2.6335e-01
dev-corpus-07,4643,8421,6.844975e-05,8421,8421,0.208740,0.205078,1.8690e-01
dev-corpus-07,4644,20539,6.761926e-04,14387,14387,4.592929,4.540735,2.0757e-01
dev-corpus-07,4645,264,4.523004e-04,279,279,2.225508,2.292588,3.1888e-01
dev-corpus-07,4646,18739,6.911879e-04,10407,10407,4.935347,4.960058,2.5221e-01
dev-corpus-07,4647,10407,9.927055e-04,10407,10407,0.326462,0.304873,2.0030e-01
dev-corpus-07,4648,303,3.371246e-04,303,303,0.519908,0.502875,2.2220e-01
dev-corpus-07,4649,20481,1.108813e-03,279,279,1.105499,1.042614,2.2083e-01
dev-corpus-07,4650,13,2.919326e-04,13,13,0.214803,0.212902,1.9078e-01
dev-corpus-07,4651,561,2.504171e-04,561,561,0.495114,0.500801,2.4164e-01
dev-corpus-07,4652,2018,7.727776e-05,2018,2018,0.053718,0.053029,2.5969e-01
dev-corpus-07,4653,6695,1.264150e-05,6695,6695,0.011066,0.011095,2.0203e-01
dev-corpus-07,4654,369,4.322522e-05,369,369,0.148890,0.149324,1.8654e-01
dev-corpus-07,4655,364,3.000079e-04,364,364,0.290885,0.278777,1.8603e-01
dev-corpus-07,4656,264,2.738321e-05,264,264,0.229483,0.226641,2.4490e-01
dev-corpus-07,4657,4464,6.381720e-04,4464,4464,0.744169,0.711363,2.3676e-01
dev-corpus-07,4658,579,1.183311e-04,1103,1103,5.548564,5.564675,2.2236e-01
dev-corpus-07,4659,1103,7.184247e-04,1103,1103,1.039848,1.059849,2.2625e-01
dev-corpus-07,4660,314,1.866355e-04,314,314,0.657811,0.643570,2.4837e-01
dev-corpus-07,4661,10853,3.803805e-05,10853,10853,0.027234,0.027829,1.8949e-01
dev-corpus-07,4662,11,1.834497e-04,13,13,2.259913,2.281629,2.5930e-01
dev-corpus-07,4663,864,2.920567e-04,864,864,0.767168,0.759625,2.5504e-01
dev-corpus-07,4664,16298,6.386420e-04,25721,25721,7.428031,7.466095,2.0556e-01
dev-corpus-07,4665,506,1.224995e-03,310,310,3.725607,3.656568,3.4175e-01
dev-corpus-07,4666,279,8.867793e-05,279,279,0.174874,0.179424,2.9223e-01
dev-corpus-07,4667,1528,1.623732e-03,1528,1528,0.435096,0.456148,2.6076e-01
dev-corpus-07,4668,2119,3.398689e-04,2119,2119,0.336810,0.348405,1.8974e-01
dev-corpus-07,4669,13,1.067355e-04,13,13,0.167073,0.165790,4.4467e-01
dev-corpus-07,4670,561,4.659125e-04,561,561,1.285022,1.301430,2.4767e-01
dev-corpus-07,4671,2018,3.608004e-02,4464,4464,1.955751,2.057007,1.4087e+00
dev-corpus-07,4672,6695,1.077820e-04,6695,6695,0.009672,0.008982,5.1820e-01
dev-corpus-07,4673,25721,1.126089e-03,25721,25721,0.494939,0.472742,2.7924e-01
dev-corpus-07,4674,279,1.248092e-03,279,279,0.270008,0.290446,2.9395e-01
dev-corpus-07,4675,7830,1.567721e-03,7830,7830,0.965601,0.918778,3.4328e-01
dev-corpus-07,4676,52351,1.800637e-03,17498,17498,5.756933,5.754649,2.4738e-01
dev-corpus-07,4677,4464,3.708214e-04,12669,12669,5.764814,5.740302,2.9804e-01
dev-corpus-07,4678,12669,3.259239e-04,12669,12669,1.068549,1.075286,2.0254e-01
dev-corpus-07,4679,303,6.083948e-04,303,303,0.770682,0.751007,2.4467e-01
dev-corpus-07,4680,279,8.706935e-05,20481,20481,1.520622,1.515617,2.1901e-01
dev-corpus-07,4681,20481,3.933863e-04,28641,28641,3.379473,3.473700,2.9782e-01
dev-corpus-07,4682,13,1.432079e-03,13,13,0.383569,0.384539,3.4846e-01
dev-corpus-07,4683,5875,1.253088e-03,248046,248046,9.710749,9.773338,5.2989e-01
dev-corpus-07,4684,20032,1.052394e-02,20032,20032,0.642677,0.763136,3.4025e-01
dev-corpus-07,4685,15833,2.375784e-04,321,321,1.852853,1.833323,3.8398e-01
dev-corpus-07,4686,2493,4.045172e-03,321,321,6.087691,6.098763,4.7605e-01
dev-corpus-07,4687,381,9.665321e-04,11822,11822,1.795050,1.715013,2.4073e-01
dev-corpus-07,4688,3568,3.325330e-02,4221,11822,3.172463,3.000483,1.0389e+00
dev-corpus-07,4689,310,4.324720e-04,413,413,1.282327,1.254439,2.6693e-01
dev-corpus-07,4690,25705,1.179514e-03,5790,5790,5.638604,5.747270,2.3174e-01
dev-corpus-07,4691,279,3.328698e-03,279,279,0.687385,0.651680,3.6972e-01
dev-corpus-07,4692,2050,2.781737e-03,52351,52351,2.589021,2.686789,2.8150e-01
dev-corpus-07,4693,72401,1.543313e-03,72401,72401,0.765552,0.731155,2.5203e-01
dev-corpus-07,4694,494,5.908149e-04,11,11,4.795426,4.853273,2.5035e-01
dev-corpus-07,4695,279,2.233918e-04,279,279,0.177562,0.176232,1.9633e-01
dev-corpus-07,4696,1118,2.187638e-04,1118,1118,0.099975,0.102710,2.8576e-01
dev-corpus-07,4697,6695,3.580968e-05,6695,6695,0.028981,0.029736,3.9118e-01
dev-corpus-07,4698,13,2.253237e-04,11,11,0.842150,0.827229,3.7496e-01
dev-corpus-07,4699,248046,5.885069e-03,1946,1946,2.494582,2.550353,5.4167e-01
dev-corpus-07,4700,198,2.141866e-06,198,198,0.000453,0.000498,4.4152e-01
dev-corpus-07,4701,248045,1.373041e-05,248045,248045,0.000412,0.000517,3.2979e-01
dev-corpus-07,4702,846,2.278605e-05,846,846,0.000899,0.001072,4.9544e-01
dev-corpus-07,4703,198,5.509777e-05,198,198,0.021017,0.019526,2.5309e-01
dev-corpus-07,4704,3710,5.331245e-04,3710,3710,1.543601,1.538957,2.9600e-01
dev-corpus-07,4705,369,4.916128e-04,369,369,0.915041,0.891508,1.7543e-01
dev-corpus-07,4706,279,3.173631e-04,279,279,0.418878,0.419067,2.1026e-01
dev-corpus-07,4707,1786,9.929235e-04,6463,6463,5.499070,5.535394,2.4826e-01
dev-corpus-07,4708,3602,3.205037e-04,1560,1560,8.038094,8.068911,1.5250e-01
dev-corpus-07,4709,364,7.823102e-05,364,364,0.591705,0.593691,1.7603e-01
dev-corpus-07,4710,264,2.547907e-04,264,264,0.648081,0.652893,1.6189e-01
dev-corpus-07,4711,2902,4.826148e-04,491,491,5.367446,5.367515,1.6735e-01
dev-corpus-07,4712,19548,3.915401e-04,19548,19548,1.267953,1.268852,2.1630e-01
dev-corpus-07,4713,303,1.258479e-04,303,303,0.993952,0.983938,1.6636e-01
dev-corpus-07,4714,17942,6.216727e-04,9564,9564,7.729983,7.748735,1.7470e-01
dev-corpus-07,4715,4357,1.385520e-03,36291,36291,1.520955,1.510180,1.7941e-01
dev-corpus-07,4716,30,1.133194e-04,30,30,0.542359,0.541632,1.8516e-01
dev-corpus-07,4717,248046,4.787152e-05,248046,248046,0.019269,0.018813,3.6635e-01
dev-corpus-07,4718,198,2.709429e-08,198,198,0.000033,0.000032,2.4180e-01
dev-corpus-07,4719,248045,5.415332e-08,248045,248045,0.000002,0.000002,3.1388e-01
dev-corpus-07,4720,74455,5.457556e-03,248045,248045,1.039920,1.024618,5.2119e-01
dev-corpus-07,4721,198,4.053281e-05,198,198,0.014816,0.013922,3.4585e-01
dev-corpus-07,4722,760,1.185543e-09,248068,248068,21.019028,21.214193,3.1008e-01
dev-corpus-07,4723,1786,3.550358e-04,1786,1786,0.572197,0.562911,2.7352e-01
dev-corpus-07,4724,3602,5.899544e-05,3602,3602,0.058250,0.060561,1.7530e-01
dev-corpus-07,4725,13402,7.276969e-05,364,364,1.052746,1.060829,1.8120e-01
dev-corpus-07,4726,383,7.682969e-04,383,383,0.275549,0.255750,1.9095e-01
dev-corpus-07,4727,3714,5.459072e-05,678,678,7.121269,7.066042,1.9757e-01
dev-corpus-07,4728,33999,3.738162e-04,18738,18738,5.051193,5.016428,1.6572e-01
dev-corpus-07,4729,321,3.119651e-04,11,321,1.128289,1.109303,2.0408e-01
dev-corpus-07,4730,18738,6.229616e-04,18738,18738,1.223911,1.214692,1.8284e-01
dev-corpus-07,4731,13,1.454979e-04,13,13,0.309675,0.302274,2.0761e-01
dev-corpus-07,4732,18050,4.719314e-04,248046,248046,8.893560,8.878196,2.3846e-01
dev-corpus-07,4733,2381,4.892380e-04,12,2381,1.593117,1.555752,2.4648e-01
dev-corpus-07,4734,264,3.953195e-04,8259,8259,2.098434,2.083131,1.8552e-01
dev-corpus-07,4735,19548,5.253771e-04,2972,2972,7.297484,7.274771,2.0146e-01
dev-corpus-07,4736,303,4.067697e-04,10419,10419,3.569645,3.553382,2.2088e-01
dev-corpus-07,4737,264,4.959570e-04,17942,17942,4.460449,4.413723,2.1187e-01
dev-corpus-07,4738,3177,4.592269e-04,2972,2972,2.478489,2.484521,1.7270e-01
dev-corpus-07,4739,11,6.562288e-04,11,11,0.955106,0.926591,1.9030e-01
dev-corpus-07,4740,488,3.779306e-04,2972,2972,2.967349,2.950100,1.9663e-01
dev-corpus-07,4741,628,8.892308e-04,2493,2493,2.926696,2.863137,1.9375e-01
dev-corpus-07,4742,1357,8.876594e-04,2814,2814,6.784797,6.828697,2.0416e-01
dev-corpus-07,4743,9103,1.405954e-03,708,708,1.432779,1.406259,2.7005e-01
dev-corpus-07,4744,11751,3.301246e-04,2972,2972,1.699732,1.673726,1.6317e-01
dev-corpus-07,4745,13,6.609955e-04,11,11,1.592795,1.559646,1.8149e-01
dev-corpus-07,4746,220,5.060896e-04,1049,1049,4.917432,5.000973,1.8281e-01
dev-corpus-07,4747,2532,2.918386e-04,248046,248046,5.321547,5.372761,2.0987e-01
dev-corpus-07,4748,369,1.372486e-04,513,513,1.584451,1.589447,1.7775e-01
dev-corpus-07,4749,264,6.951787e-04,264,264,1.116977,1.090831,1.8220e-01
dev-corpus-07,4750,3349,4.371639e-04,248046,2609,5.045496,5.020912,1.9333e-01
dev-corpus-07,4751,2020,4.974069e-04,7792,7792,3.774051,3.811678,2.0400e-01
dev-corpus-07,4752,314,9.055324e-06,314,314,0.200681,0.202122,1.5396e-01
dev-corpus-07,4753,2420,3.519155e-04,248046,48874,8.134468,8.124528,1.9211e-01
dev-corpus-07,4754,33847,1.458339e-03,23568,248046,8.382342,8.320995,2.1548e-01
dev-corpus-07,4755,11,5.685096e-04,11,11,0.811348,0.834664,2.0892e-01
dev-corpus-07,4756,494,6.177694e-04,1880,1880,3.122764,3.123209,1.7941e-01
dev-corpus-07,4757,41729,1.594108e-03,8329,8329,4.988279,5.046330,1.9052e-01
dev-corpus-07,4758,74878,4.990075e-04,8329,8329,5.383841,5.415461,2.0165e-01
dev-corpus-07,4759,3508,1.809991e-03,3508,3508,0.239830,0.271289,2.5341e-01
dev-corpus-07,4760,321,3.102699e-04,310,310,4.364279,4.374008,2.0924e-01
dev-corpus-07,4761,71070,7.416550e-04,8329,8329,3.479024,3.493328,1.6553e-01
dev-corpus-07,4762,11,9.066802e-04,310,310,4.440963,4.403877,2.2816e-01
dev-corpus-07,4763,310,3.919538e-04,310,310,0.221934,0.228671,2.1729e-01
dev-corpus-07,4764,1546,5.781425e-04,226997,226997,4.761385,4.812551,1.6974e-01
dev-corpus-07,4765,11064,2.780397e-04,11064,11064,0.900461,0.894827,1.7624e-01
dev-corpus-07,4766,11,7.369641e-04,226997,226997,3.486862,3.474454,1.8829e-01
dev-corpus-07,4767,226997,3.725749e-04,226997,226997,0.768742,0.776858,1.7377e-01
dev-corpus-07,4768,56276,9.392533e-05,20054,20054,4.758233,4.814901,1.7903e-01
dev-corpus-07,4769,15099,7.276273e-04,15099,15099,0.255625,0.266041,1.7057e-01
dev-corpus-07,4770,13,2.937806e-04,13,13,0.140073,0.143179,1.8764e-01
dev-corpus-07,4771,220,3.305521e-04,220,220,0.986608,0.963971,2.0996e-01
dev-corpus-07,4772,1049,4.990476e-04,2532,2532,2.975183,2.955253,1.9462e-01
dev-corpus-07,4773,369,1.151487e-04,369,369,1.138117,1.123306,1.7048e-01
dev-corpus-07,4774,2503,2.393220e-04,1048,1048,6.801106,6.801478,1.9093e-01
dev-corpus-07,4775,310,2.383629e-04,310,310,0.215245,0.224835,2.0106e-01
dev-corpus-07,4776,615,5.737496e-04,1423,1423,3.654886,3.666228,2.1285e-01
dev-corpus-07,4777,264,1.179162e-03,264,264,1.611219,1.665121,1.8568e-01
dev-corpus-07,4778,3743,1.424082e-03,3743,3743,1.813705,1.781831,2.4859e-01
dev-corpus-07,4779,14704,6.219213e-05,14704,14704,0.110309,0.111903,1.9299e-01
dev-corpus-07,4780,303,8.164879e-04,303,303,0.775046,0.801346,1.7184e-01
dev-corpus-07,4781,11751,8.140441e-05,11751,11751,0.236961,0.232674,1.9735e-01
dev-corpus-07,4782,13,1.391399e-04,13,13,0.349270,0.343805,2.0518e-01
dev-corpus-07,4783,220,4.445152e-04,220,220,0.833502,0.844787,2.4376e-01
dev-corpus-07,4784,561,5.177391e-04,561,561,1.759632,1.732205,2.2902e-01
dev-corpus-07,4785,13529,5.553464e-04,3177,3177,7.691968,7.672244,2.6530e-01
dev-corpus-07,4786,62856,1.308844e-04,62856,62856,0.199250,0.194437,1.6422e-01
dev-corpus-07,4787,1048,1.630291e-04,369,369,6.592327,6.578899,2.0120e-01
dev-corpus-07,4788,369,7.695246e-04,248046,248046,3.238918,3.210941,1.7272e-01
dev-corpus-07,4789,15506,2.585634e-04,248046,248046,3.622375,3.625715,1.7432e-01
dev-corpus-07,4790,11,1.866679e-04,11,11,0.970624,0.986621,1.8608e-01
dev-corpus-07,4791,440,7.876131e-04,440,440,0.857715,0.852386,4.0164e-01
dev-corpus-07,4792,6278,4.992686e-04,279,279,8.286621,8.314093,1.6884e-01
dev-corpus-07,4793,17120,4.872163e-04,1880,1880,1.678933,1.680851,1.8532e-01
dev-corpus-07,4794,10539,5.661894e-04,321,321,5.787218,5.813510,2.2204e-01
dev-corpus-07,4795,440,1.382274e-04,440,440,0.117554,0.123298,2.2014e-01
dev-corpus-07,4796,11088,7.392572e-04,17496,17496,3.311071,3.343097,1.7970e-01
dev-corpus-07,4797,13976,3.177127e-04,248046,248046,4.162838,4.177377,1.7238e-01
dev-corpus-07,4798,11,3.114903e-04,13,13,2.528025,2.572767,2.2018e-01
dev-corpus-07,4799,321,3.310761e-03,321,248046,1.935286,1.989557,5.2217e-01
dev-corpus-07,4800,1599,7.322195e-04,279,279,2.831192,2.815275,2.2288e-01
dev-corpus-07,4801,48874,3.705276e-04,48874,48874,1.378702,1.355943,1.7239e-01
dev-corpus-07,4802,310,4.313726e-04,13,13,4.443642,4.467184,1.9311e-01
dev-corpus-07,4803,4990,3.131693e-04,3814,3814,5.993780,6.040375,1.8739e-01
dev-corpus-07,4804,678,2.320812e-04,866,866,2.062915,2.084437,1.9096e-01
dev-corpus-07,4805,2756,3.679611e-04,854,854,2.135281,2.161317,2.8642e-01
dev-corpus-07,4806,13,7.976874e-04,13,13,0.290932,0.277881,2.0932e-01
dev-corpus-07,4807,23740,2.078307e-04,220,220,11.264592,11.343881,2.9639e-01
dev-corpus-07,4808,2094,3.645056e-04,2094,2094,0.334734,0.330718,2.2253e-01
dev-corpus-07,4809,11751,1.415945e-04,369,369,2.432090,2.430193,1.8310e-01
dev-corpus-07,4810,369,1.315615e-04,369,369,0.275772,0.278376,1.8774e-01
dev-corpus-07,4811,1546,4.187567e-04,3999,3999,2.530919,2.508300,1.8330e-01
dev-corpus-07,4812,3999,3.938398e-04,3999,3999,0.329949,0.344020,1.7640e-01
dev-corpus-07,4813,11,4.362575e-04,11,11,1.548861,1.531958,1.8755e-01
dev-corpus-07,4814,430,4.290014e-04,440,440,2.836889,2.832300,2.8752e-01
dev-corpus-07,4815,424,2.250409e-04,279,279,2.161055,2.170736,1.9525e-01
dev-corpus-07,4816,369,7.856053e-05,682,682,1.131981,1.118755,1.6321e-01
dev-corpus-07,4817,264,7.741736e-04,264,264,1.487203,1.514402,1.6304e-01
dev-corpus-07,4818,1546,6.604203e-04,1546,1546,1.732627,1.767227,1.7398e-01
dev-corpus-07,4819,4088,6.273501e-04,4088,4088,0.840834,0.848139,1.7410e-01
dev-corpus-07,4820,470,2.145580e-05,470,470,0.014806,0.015498,1.3646e-01
dev-corpus-07,4821,3177,4.405586e-05,3177,3177,0.164344,0.165764,2.1590e-01
dev-corpus-07,4822,321,1.290125e-04,13,13,1.983231,1.997327,2.0306e-01
dev-corpus-07,4823,1048,1.629585e-04,682,682,4.214504,4.139453,1.7699e-01
dev-corpus-07,4824,682,7.670249e-04,682,682,0.290143,0.309629,1.7671e-01
dev-corpus-07,4825,449,3.619669e-04,449,449,0.662008,0.674765,1.7624e-01
dev-corpus-07,4826,10727,2.649745e-04,15895,15895,1.791113,1.780492,1.5340e-01
dev-corpus-07,4827,321,2.767201e-04,32371,32371,3.517799,3.518989,1.7451e-01
dev-corpus-07,4828,11697,5.590211e-04,15895,15895,5.359775,5.358319,1.7250e-01
dev-corpus-07,4829,41729,1.278771e-04,11533,11533,1.960424,1.963447,1.9387e-01
dev-corpus-07,4830,569,4.373991e-04,32371,32371,1.290070,1.253594,1.6514e-01
dev-corpus-07,4831,17367,3.714109e-04,17367,17367,1.081743,1.062668,1.3786e-01
dev-corpus-07,4832,1785,4.365724e-04,1785,1785,0.337231,0.349355,1.5230e-01
dev-corpus-07,4833,13,2.426854e-05,13,13,0.114805,0.113305,1.8550e-01
dev-corpus-07,4834,18050,1.558380e-04,248046,248046,1.550934,1.542914,1.8998e-01
dev-corpus-07,4835,2381,2.182513e-04,2381,2381,0.876126,0.869749,2.1745e-01
dev-corpus-07,4836,264,2.398309e-04,264,264,0.490425,0.488799,1.9636e-01
dev-corpus-07,4837,21128,1.323448e-03,19548,19548,8.439815,8.501879,1.8124e-01
dev-corpus-07,4838,19548,2.709477e-04,19548,19548,0.241255,0.233098,1.8705e-01
dev-corpus-07,4839,11,5.638872e-05,11,11,0.107313,0.107392,1.8139e-01
dev-corpus-07,4840,11342,7.520380e-04,488,488,2.648275,2.675739,3.1720e-01
dev-corpus-07,4841,44153,8.390383e-04,44153,44153,1.111942,1.112090,2.2314e-01
dev-corpus-07,4842,369,1.567565e-04,303,303,0.982917,0.979303,2.3926e-01
dev-corpus-07,4843,10794,3.869684e-04,264,264,4.425298,4.424787,1.6354e-01
dev-corpus-07,4844,11,1.238851e-04,13,13,2.704545,2.749474,1.7696e-01
dev-corpus-07,4845,321,7.267936e-04,440,440,3.135499,3.075587,2.6582e-01
dev-corpus-07,4846,303,3.742436e-04,279,279,5.870191,5.878525,1.8651e-01
dev-corpus-07,4847,3820,8.796271e-04,279,279,2.744920,2.768677,2.6963e-01
dev-corpus-07,4848,17349,8.747436e-04,11,11,8.438347,8.445971,2.0452e-01
dev-corpus-07,4849,195337,8.232594e-04,195337,195337,0.148308,0.161818,2.7075e-01
dev-corpus-07,4850,11,2.474807e-04,13,13,2.171375,2.181900,2.4213e-01
dev-corpus-07,4851,864,1.390108e-03,279,279,1.860685,1.841700,2.6632e-01
dev-corpus-07,4852,369,2.525630e-04,369,369,0.407777,0.415739,1.8737e-01
dev-corpus-07,4853,13177,1.047302e-03,279,279,6.013817,6.065654,1.8880e-01
dev-corpus-07,4854,25519,3.886022e-04,6306,6306,1.107864,1.128733,1.7063e-01
dev-corpus-07,4855,430,1.780699e-04,430,430,0.066358,0.070854,1.6572e-01
dev-corpus-07,4856,279,6.062017e-04,279,279,0.396438,0.391477,5.0080e-01
dev-corpus-07,4857,4266,2.184076e-03,1379,1379,2.206715,2.117947,3.7334e-01
dev-corpus-07,4858,9945,2.495061e-05,9945,9945,0.007007,0.007502,2.3281e-01
dev-corpus-07,4859,467,7.404596e-04,467,467,0.032904,0.040449,2.8821e-01
dev-corpus-07,4860,13721,1.614882e-03,6092,6092,1.905251,1.948806,2.2409e-01
dev-corpus-07,4861,303,1.558904e-04,383,383,1.374727,1.380527,2.1952e-01
dev-corpus-07,4862,11342,8.338572e-05,14898,14898,4.117784,4.103548,1.8675e-01
dev-corpus-07,4863,44153,1.077025e-04,44153,44153,0.118148,0.123178,2.5965e-01
dev-corpus-07,4864,13,9.112942e-05,13,13,0.075775,0.077060,1.7408e-01
dev-corpus-07,4865,220,4.348373e-04,220,220,0.565970,0.543927,2.3840e-01
dev-corpus-07,4866,23740,7.787425e-04,17349,17349,7.676563,7.597763,2.4826e-01
dev-corpus-07,4867,310,5.569188e-04,2094,2094,1.429651,1.465785,2.1519e-01
dev-corpus-07,4868,17349,2.272911e-04,17349,17349,0.651911,0.656912,1.6565e-01
dev-corpus-07,4869,195337,4.219175e-06,195337,195337,0.076231,0.076109,1.9700e-01
dev-corpus-07,4870,369,1.553161e-03,369,369,0.973240,0.948607,3.4137e-01
dev-corpus-07,4871,13733,1.611831e-03,3999,3999,3.792547,3.782985,1.7123e-01
dev-corpus-07,4872,3999,8.420133e-04,3999,3999,0.604088,0.613845,1.9290e-01
dev-corpus-07,4873,11,3.302264e-04,11,11,1.184537,1.166890,1.7433e-01
dev-corpus-07,4874,430,1.389279e-03,430,430,1.814946,1.763598,3.2251e-01
dev-corpus-07,4875,424,3.243761e-04,424,424,0.811874,0.825314,2.1507e-01
dev-corpus-07,4876,725,2.645243e-04,369,369,3.907537,3.841500,2.9554e-01
dev-corpus-07,4877,3160,6.934622e-04,383,383,3.723407,3.752459,1.9477e-01
dev-corpus-07,4878,310,1.757667e-04,310,310,0.093135,0.094401,2.1288e-01
dev-corpus-07,4879,37473,9.154127e-04,279,279,1.025054,1.073888,2.2416e-01
dev-corpus-07,4880,13,3.379004e-04,13,13,1.111423,1.110240,2.1386e-01
dev-corpus-07,4881,220,1.470779e-03,220,220,0.768772,0.823020,1.9738e-01
dev-corpus-07,4882,561,5.209550e-04,561,561,1.094122,1.111856,2.0385e-01
dev-corpus-07,4883,3487,1.004189e-03,48544,48544,4.984456,4.933955,1.8096e-01
dev-corpus-07,4884,369,2.716322e-04,369,369,0.542093,0.535529,1.9360e-01
dev-corpus-07,4885,27517,3.762465e-04,8800,8800,7.328626,7.261926,1.7659e-01
dev-corpus-07,4886,31528,3.269868e-04,31528,31528,0.546283,0.530562,1.5151e-01
dev-corpus-07,4887,11,4.624586e-04,321,321,1.316216,1.320401,2.0649e-01
dev-corpus-07,4888,7643,2.776494e-03,321,321,6.801974,6.715039,5.3922e-01
dev-corpus-07,4889,424,1.532886e-03,424,424,1.792891,1.803581,2.1129e-01
dev-corpus-07,4890,725,4.657780e-04,369,369,1.976376,1.964966,2.4084e-01
dev-corpus-07,4891,8524,6.718027e-04,524,524,3.568000,3.595654,2.1367e-01
dev-corpus-07,4892,17631,9.438635e-04,777,777,9.241675,9.239798,1.8678e-01
dev-corpus-07,4893,14382,3.462890e-04,14382,14382,0.091488,0.094033,1.7684e-01
dev-corpus-07,4894,3487,7.186487e-04,33847,33847,3.466156,3.457351,1.9221e-01
dev-corpus-07,4895,318,5.118110e-04,11,11,3.352375,3.427572,1.8601e-01
dev-corpus-07,4896,4058,1.289186e-03,7949,7949,4.778464,4.785030,2.3895e-01
dev-corpus-07,4897,6973,5.653456e-04,264,264,8.619789,8.660773,1.8650e-01
dev-corpus-07,4898,2519,1.999091e-03,17531,17531,2.849519,2.859646,2.2093e-01
dev-corpus-07,4899,364,6.177221e-04,364,364,0.515744,0.514304,1.8787e-01
dev-corpus-07,4900,975,1.095637e-03,2397,2397,2.235487,2.212285,2.8456e-01
dev-corpus-07,4901,20891,1.615202e-03,29455,29455,5.552068,5.451098,1.8188e-01
dev-corpus-07,4902,3487,3.568223e-04,29455,29455,4.475684,4.508113,1.7309e-01
dev-corpus-07,4903,553,1.016339e-03,553,553,0.549390,0.546546,2.0286e-01
dev-corpus-07,4904,220,1.067709e-03,220,220,0.516693,0.542632,3.3016e-01
dev-corpus-07,4905,28901,5.492763e-04,561,561,7.446365,7.447202,1.9424e-01
dev-corpus-07,4906,2094,6.205833e-04,369,369,3.884417,3.810551,1.9481e-01
dev-corpus-07,4907,279,1.597710e-04,279,279,0.369607,0.376601,1.9169e-01
dev-corpus-07,4908,21128,2.871344e-03,21128,21128,0.160603,0.189383,4.8129e-01
dev-corpus-07,4909,369,1.997048e-04,369,369,0.272150,0.269360,2.2259e-01
dev-corpus-07,4910,16219,9.357998e-04,539,539,4.092213,4.067448,2.0780e-01
dev-corpus-07,4911,440,1.588445e-04,11,11,3.100757,3.075257,1.8659e-01
dev-corpus-07,4912,449,5.980721e-04,30592,30592,6.024302,6.062075,2.2084e-01
dev-corpus-07,4913,10727,2.707266e-04,10727,10727,0.547012,0.548807,1.7581e-01
dev-corpus-07,4914,49813,6.077809e-04,49813,49813,1.384326,1.354822,1.9675e-01
dev-corpus-07,4915,2393,4.429182e-04,1785,1785,2.826932,2.829077,1.6296e-01
dev-corpus-07,4916,383,2.885029e-04,13,13,6.732349,6.776289,1.8754e-01
dev-corpus-07,4917,11342,1.097625e-03,279,279,2.094002,2.085193,3.3801e-01
dev-corpus-07,4918,44153,9.265439e-05,44153,44153,0.182876,0.188510,2.1099e-01
dev-corpus-07,4919,11,1.734387e-04,13,13,2.298429,2.333442,2.2250e-01
dev-corpus-07,4920,7643,1.636754e-03,321,321,7.681226,7.729992,2.0990e-01
dev-corpus-07,4921,3583,1.886437e-04,424,424,3.089158,3.075233,1.8499e-01
dev-corpus-07,4922,1083,1.294543e-03,310,310,4.462475,4.410248,2.2801e-01
dev-corpus-07,4923,279,6.745389e-04,17349,17349,1.270654,1.229748,2.0697e-01
dev-corpus-07,4924,3714,1.473445e-03,13721,13721,6.169116,6.121036,2.2136e-01
dev-corpus-07,4925,31703,3.570985e-04,31703,31703,0.439095,0.453118,2.0203e-01
dev-corpus-07,4926,628,5.543928e-04,369,369,2.011521,2.007072,2.1976e-01
dev-corpus-07,4927,381,1.809439e-04,381,381,0.326127,0.333721,1.7789e-01
dev-corpus-07,4928,264,3.380477e-04,264,264,1.303858,1.317350,2.2036e-01
dev-corpus-07,4929,2612,4.397997e-04,2612,2612,0.384516,0.401673,1.6891e-01
dev-corpus-07,4930,16505,3.944412e-04,32343,32343,2.102494,2.133720,1.7874e-01
dev-corpus-07,4931,2574,3.468355e-04,13,13,7.483294,7.463240,1.8290e-01
dev-corpus-07,4932,279,2.779995e-04,279,279,0.284020,0.274769,2.2537e-01
dev-corpus-07,4933,33002,4.816591e-04,14590,14590,4.077252,4.050093,1.9720e-01
dev-corpus-07,4934,318,4.898639e-04,321,321,7.591392,7.599986,2.3182e-01
dev-corpus-07,4935,684,6.640140e-04,4387,4387,4.273970,4.256406,1.9796e-01
dev-corpus-07,4936,1660,6.184930e-04,488,488,4.192777,4.184255,1.9152e-01
dev-corpus-07,4937,310,1.870768e-04,310,310,0.487748,0.479194,2.0064e-01
dev-corpus-07,4938,4088,7.512001e-04,4088,4088,0.902530,0.894949,2.1199e-01
dev-corpus-07,4939,40984,3.169997e-04,264,264,7.983437,7.931263,1.7065e-01
dev-corpus-07,4940,220,3.651118e-04,248046,248046,1.506139,1.546132,2.3991e-01
dev-corpus-07,4941,8727,5.014899e-04,561,561,5.464878,5.486041,2.3143e-01
dev-corpus-07,4942,31703,3.789691e-04,8633,8633,5.554135,5.561242,2.0358e-01
dev-corpus-07,4943,3043,4.758454e-04,383,383,6.094615,6.094327,2.1442e-01
dev-corpus-07,4944,17349,1.318216e-03,17349,17349,0.772921,0.826248,1.6983e-01
dev-corpus-07,4945,195337,1.259986e-04,195337,195337,0.025190,0.027749,2.0414e-01
dev-corpus-07,4946,513,2.178954e-04,513,513,0.878125,0.892042,1.7795e-01
dev-corpus-07,4947,1048,1.090556e-03,1546,1546,2.512671,2.515980,2.0907e-01
dev-corpus-07,4948,1546,1.288486e-03,1546,1546,1.701726,1.712247,2.2499e-01
dev-corpus-07,4949,84492,4.698513e-04,58928,58928,5.622354,5.657624,1.8848e-01
dev-corpus-07,4950,11,1.211021e-04,321,321,1.997832,2.019628,1.7070e-01
dev-corpus-07,4951,321,3.950833e-04,321,321,1.584104,1.580019,2.2282e-01
dev-corpus-07,4952,2785,4.571014e-04,279,279,9.414251,9.400263,1.9626e-01
dev-corpus-07,4953,11107,2.165134e-04,264,264,1.252368,1.253118,1.7186e-01
dev-corpus-07,4954,5821,3.661090e-04,5821,5821,0.150646,0.161312,2.0017e-01
dev-corpus-07,4955,1317,1.948501e-04,314,314,9.766510,9.838969,2.1912e-01
dev-corpus-07,4956,488,6.438634e-04,1040,1040,2.822269,2.786716,2.0685e-01
dev-corpus-07,4957,4548,3.798029e-04,628,628,3.256002,3.241075,2.5159e-01
dev-corpus-07,4958,8231,1.379752e-04,1423,1423,3.884121,3.905179,2.0780e-01
dev-corpus-07,4959,615,7.592475e-04,1318,1318,3.434099,3.469179,1.6567e-01
dev-corpus-07,4960,1603,5.097065e-04,264,264,5.050369,5.095110,1.9949e-01
dev-corpus-07,4961,9856,3.971188e-04,6001,6001,4.683471,4.699569,1.9125e-01
dev-corpus-07,4962,2019,1.370928e-03,13,13,7.044414,7.156605,2.2630e-01
dev-corpus-07,4963,494,2.913042e-04,685,685,1.953212,1.963823,2.1177e-01
dev-corpus-07,4964,13721,6.616134e-04,248046,248046,1.493054,1.513929,1.9383e-01
dev-corpus-07,4965,310,1.593461e-04,310,310,0.089959,0.095262,2.2016e-01
dev-corpus-07,4966,13721,8.301023e-05,13721,13721,0.168727,0.173350,2.0239e-01
dev-corpus-07,4967,13,4.827832e-04,13,13,0.284074,0.289509,2.1400e-01
dev-corpus-07,4968,271,2.475273e-04,248046,248046,3.143736,3.186506,2.1833e-01
dev-corpus-07,4969,2381,1.076233e-03,2381,2381,1.256894,1.232683,2.9770e-01
dev-corpus-07,4970,264,2.178270e-04,264,264,0.279890,0.285494,1.8260e-01
dev-corpus-07,4971,89579,1.287377e-03,10994,10994,4.431583,4.466561,2.1903e-01
dev-corpus-07,4972,19548,2.091079e-04,19548,19548,0.217098,0.224245,1.7988e-01
dev-corpus-07,4973,11,3.829332e-05,11,11,0.078901,0.076964,2.1390e-01
dev-corpus-07,4974,16592,4.552684e-04,279,279,7.637482,7.577280,2.0087e-01
dev-corpus-07,4975,38089,2.037324e-04,38089,38089,0.051420,0.047338,2.3543e-01
dev-corpus-07,4976,20832,1.712236e-05,20832,20832,0.014253,0.013606,2.5091e-01
dev-corpus-07,4977,369,1.069728e-03,369,369,0.714631,0.728984,3.2533e-01
dev-corpus-07,4978,264,3.815416e-04,264,264,0.836533,0.833519,2.0537e-01
dev-corpus-07,4979,2172,4.982177e-03,19245,19245,1.924438,1.840975,5.1211e-01
dev-corpus-07,4980,5576,3.922979e-05,5576,5576,0.729905,0.732350,2.1981e-01
dev-corpus-07,4981,13,3.027519e-04,13,13,0.369053,0.379051,2.2627e-01
dev-corpus-07,4982,220,9.554807e-05,220,220,0.265081,0.267440,1.6352e-01
dev-corpus-07,4983,1049,1.055152e-03,561,561,1.949756,2.008213,3.7118e-01
dev-corpus-07,4984,725,8.627007e-04,369,369,1.500111,1.531053,2.7768e-01
dev-corpus-07,4985,524,2.488077e-04,264,264,3.678867,3.695023,2.0476e-01
dev-corpus-07,4986,748,5.894392e-04,2944,2944,6.595537,6.572328,1.9924e-01
dev-corpus-07,4987,16219,1.284939e-03,2944,2944,6.242355,6.135390,2.0758e-01
dev-corpus-07,4988,310,3.363772e-04,310,310,0.731589,0.732185,1.8558e-01
dev-corpus-07,4989,615,3.312268e-04,615,615,0.439641,0.427484,1.8101e-01
dev-corpus-07,4990,1017,4.211998e-04,310,310,2.228289,2.307111,1.6563e-01
dev-corpus-07,4991,494,9.228751e-04,11,11,2.319546,2.308324,1.7911e-01
dev-corpus-07,4992,279,1.170425e-03,279,279,1.724505,1.734770,1.9870e-01
dev-corpus-07,4993,3516,1.148371e-03,6222,6222,3.395306,3.395916,2.1933e-01
dev-corpus-07,4994,4042,4.264995e-04,4042,4042,0.125058,0.135660,1.5901e-01
dev-corpus-07,4995,11,6.279397e-04,11,11,0.686638,0.682387,1.9427e-01
dev-corpus-07,4996,5142,1.743819e-04,694,694,6.940522,7.044679,2.3291e-01
dev-corpus-07,4997,364,7.952063e-04,413,413,2.657527,2.643673,2.0593e-01
dev-corpus-07,4998,1782,4.425715e-04,264,264,2.669760,2.634575,2.5021e-01
dev-corpus-07,4999,303,4.255915e-04,852,852,3.347993,3.314921,1.6181e-01
dev-corpus-07,5000,279,2.631918e-04,279,279,0.376007,0.366024,1.9083e-01
dev-corpus-07,5001,17942,3.620569e-03,6127,6127,2.522866,2.632427,3.4215e-01
dev-corpus-07,5002,3516,7.542973e-04,2201,2201,2.232295,2.216391,2.2754e-01
dev-corpus-07,5003,4042,5.309223e-05,4042,4042,0.174293,0.177897,2.3346e-01
dev-corpus-07,5004,2394,1.563722e-03,11,11,7.216464,7.227752,2.1626e-01
dev-corpus-07,5005,1017,2.297230e-04,488,488,1.850512,1.869207,1.7614e-01
dev-corpus-07,5006,513,3.325474e-04,513,513,0.110442,0.113073,2.4004e-01
dev-corpus-07,5007,874,1.576860e-04,874,874,0.379938,0.373229,1.7275e-01
dev-corpus-07,5008,2050,1.387497e-04,2050,2050,0.131908,0.137246,1.9746e-01
dev-corpus-07,5009,24118,2.662318e-04,24118,24118,0.076689,0.081793,1.6105e-01
dev-corpus-07,5010,13,2.690842e-04,13,13,1.051953,1.036056,1.8599e-01
dev-corpus-07,5011,220,2.337734e-04,220,220,0.384489,0.395827,2.0820e-01
dev-corpus-07,5012,4213,6.824474e-03,248046,248046,2.319830,2.311664,4.6650e-01
dev-corpus-07,5013,11,2.317728e-05,11,11,0.026484,0.027573,1.9436e-01
dev-corpus-07,5014,424,2.092342e-03,424,424,1.930832,1.936390,5.4616e-01
dev-corpus-07,5015,725,7.789268e-04,369,369,1.287734,1.315956,5.0927e-01
dev-corpus-07,5016,1575,1.083976e-03,264,264,4.610228,4.574756,2.0521e-01
dev-corpus-07,5017,5621,1.054814e-03,5621,5621,1.318750,1.387743,1.7862e-01
dev-corpus-07,5018,279,9.742190e-05,279,279,0.172271,0.169598,1.7021e-01
dev-corpus-07,5019,8151,3.627458e-04,4879,4879,1.469127,1.491183,1.8730e-01
dev-corpus-07,5020,13,5.234372e-04,13,13,0.617936,0.634479,2.0423e-01
dev-corpus-07,5021,220,2.701985e-04,220,220,0.202037,0.211813,1.7606e-01
dev-corpus-07,5022,1061,6.922175e-04,561,561,5.154812,5.218767,4.6520e-01
dev-corpus-07,5023,288,4.367598e-04,369,369,11.038628,11.131767,2.0896e-01
dev-corpus-07,5024,4583,1.402447e-05,4583,4583,0.020282,0.019765,2.4728e-01
dev-corpus-07,5025,3177,7.311660e-05,3177,3177,0.069166,0.071395,2.0007e-01
dev-corpus-07,5026,369,3.392246e-04,369,369,1.004054,1.003971,1.8598e-01
dev-corpus-07,5027,16047,5.902252e-04,1546,1546,10.390341,10.394463,1.8824e-01
dev-corpus-07,5028,24304,1.348871e-04,1676,1676,3.892410,3.890473,1.9987e-01
dev-corpus-07,5029,6037,4.715975e-04,391,391,4.806401,4.875956,1.7911e-01
dev-corpus-07,5030,13,2.505924e-04,11,11,1.323894,1.299225,1.8959e-01
dev-corpus-07,5031,220,9.344488e-05,220,220,0.217275,0.213640,1.9396e-01
dev-corpus-07,5032,561,1.752026e-02,248046,248046,1.564413,1.651752,1.3806e+00
dev-corpus-07,5033,1208,1.020652e-03,3487,3487,5.080761,5.156897,2.5304e-01
dev-corpus-07,5034,513,1.091310e-04,513,513,0.162137,0.160917,2.2401e-01
dev-corpus-07,5035,4082,5.490974e-04,1546,1546,10.909444,10.938754,2.0275e-01
dev-corpus-07,5036,279,1.562720e-05,279,279,0.057446,0.056723,1.8065e-01
dev-corpus-07,5037,4099,2.238891e-03,248046,248046,8.268271,8.614638,5.3942e-01
dev-corpus-07,5038,22416,8.927886e-06,22416,22416,0.005860,0.005598,2.2769e-01
dev-corpus-07,5039,303,2.726591e-04,303,303,1.256165,1.266721,1.9043e-01
dev-corpus-07,5040,4357,2.153998e-04,279,279,1.272649,1.297439,2.1411e-01
dev-corpus-07,5041,13,1.204297e-04,13,13,0.612566,0.602032,2.0500e-01
dev-corpus-07,5042,220,1.790869e-03,220,220,0.525408,0.576101,1.8824e-01
dev-corpus-07,5043,561,1.069722e-02,248046,248046,3.296462,3.270342,8.3938e-01
dev-corpus-07,5044,3487,4.223435e-04,3487,3487,0.512985,0.511321,2.3464e-01
dev-corpus-07,5045,369,5.338952e-05,369,369,0.110860,0.112810,1.9669e-01
dev-corpus-07,5046,13733,4.780116e-04,8800,8800,6.907112,6.891865,2.0218e-01
dev-corpus-07,5047,41729,1.467155e-03,1603,1603,2.314599,2.356329,2.0612e-01
dev-corpus-07,5048,321,4.883513e-04,11,11,1.533252,1.535935,2.8510e-01
dev-corpus-07,5049,17387,6.918149e-04,279,279,2.301155,2.289748,1.9604e-01
dev-corpus-07,5050,11,7.055470e-05,13,13,1.611867,1.608956,2.3111e-01
dev-corpus-07,5051,440,3.790790e-04,248046,248046,4.631151,4.741162,4.5901e-01
dev-corpus-07,5052,264,7.661242e-04,264,264,1.420464,1.378358,1.9668e-01
dev-corpus-07,5053,2609,1.298819e-03,6311,6311,2.544492,2.536826,2.5387e-01
dev-corpus-07,5054,314,5.396533e-05,314,314,0.038314,0.040266,2.0078e-01
dev-corpus-07,5055,50549,4.536233e-04,50549,50549,0.765320,0.771264,1.9415e-01
dev-corpus-07,5056,2519,1.826956e-04,2519,2519,0.793135,0.786367,2.3649e-01
dev-corpus-07,5057,13,1.240731e-04,13,13,0.241395,0.236509,4.9761e-01
dev-corpus-07,5058,220,2.156682e-04,220,220,0.776580,0.770253,4.0053e-01
dev-corpus-07,5059,1541,2.568300e-02,248046,561,5.300379,5.155382,1.9987e+00
dev-corpus-07,5060,1010,1.841632e-04,279,279,8.759362,8.754561,3.9179e-01
dev-corpus-07,5061,15099,4.038640e-04,314,314,5.134431,5.127578,2.5244e-01
dev-corpus-07,5062,513,4.564311e-04,599,599,2.011122,1.996956,1.9870e-01
dev-corpus-07,5063,15433,6.157303e-04,1724,1724,6.922664,6.919946,2.1473e-01
dev-corpus-07,5064,791,7.944390e-04,383,383,5.035915,5.038860,2.0652e-01
dev-corpus-07,5065,2320,2.972422e-06,2320,2320,0.002799,0.002682,2.3302e-01
dev-corpus-07,5066,974,2.635963e-04,383,383,6.591525,6.603158,1.8272e-01
dev-corpus-07,5067,314,2.059093e-04,279,279,3.544014,3.511948,2.1094e-01
dev-corpus-07,5068,264,7.743051e-05,279,279,3.067464,3.072128,2.3782e-01
dev-corpus-07,5069,41586,3.382463e-04,41586,41586,0.259579,0.261329,1.9288e-01
dev-corpus-07,5070,11,4.482222e-04,50471,50471,1.634004,1.656672,2.0291e-01
dev-corpus-07,5071,748,7.182836e-04,9708,9708,4.971177,4.938591,2.3246e-01
dev-corpus-07,5072,279,2.002507e-04,488,488,2.291952,2.320764,1.8810e-01
dev-corpus-07,5073,6001,4.181883e-04,6001,6001,0.686667,0.671709,1.6534e-01
dev-corpus-07,5074,513,1.145606e-04,513,513,0.321971,0.326327,1.6132e-01
dev-corpus-07,5075,14612,1.697966e-04,14612,14612,1.649052,1.646105,1.5894e-01
dev-corpus-07,5076,13,8.848492e-05,13,13,0.112349,0.112495,2.9471e-01
dev-corpus-07,5077,95641,7.514786e-04,248046,248046,16.082088,16.236512,5.4306e-01
dev-corpus-07,5078,30581,1.948936e-03,33847,248046,12.342775,12.324199,2.2890e-01
dev-corpus-07,5079,501,9.044799e-04,13383,13383,8.270043,8.196957,2.3040e-01
dev-corpus-07,5080,22834,3.820456e-04,22834,22834,0.027496,0.031869,2.6975e-01
dev-corpus-07,5081,321,8.541637e-04,513,513,1.856112,1.851260,2.4736e-01
dev-corpus-07,5082,81141,2.961718e-03,31054,31054,6.881232,6.848060,2.6746e-01
dev-corpus-07,5083,513,6.336709e-04,513,513,0.423470,0.429512,1.9157e-01
dev-corpus-07,5084,14201,9.068914e-04,264,264,6.085295,6.043339,1.8534e-01
dev-corpus-07,5085,11,1.351768e-03,13,13,2.114744,2.124386,2.1591e-01
dev-corpus-07,5086,321,1.309910e-02,248046,248046,1.150957,1.164613,5.2245e-01
dev-corpus-07,5087,264,5.174553e-04,279,279,4.181673,4.201776,2.0354e-01
dev-corpus-07,5088,34684,6.025767e-04,1902,1902,4.532900,4.492751,2.1038e-01
dev-corpus-07,5089,314,7.896405e-04,314,314,0.639451,0.626517,2.2381e-01
dev-corpus-07,5090,279,2.697098e-04,279,279,0.266027,0.274252,1.6843e-01
dev-corpus-07,5091,5364,7.038092e-03,5364,5364,0.511809,0.460201,9.3436e-01
dev-corpus-07,5092,13,1.479545e-04,13,13,0.136913,0.140752,2.3084e-01
dev-corpus-07,5093,220,5.196923e-04,248046,248046,1.280868,1.273074,6.0510e-01
dev-corpus-07,5094,2532,2.495327e-03,561,561,3.729170,3.698885,5.2036e-01
dev-corpus-07,5095,1048,2.785535e-03,513,513,7.506780,7.359758,7.1119e-01
dev-corpus-07,5096,369,3.532768e-04,513,513,1.542281,1.529230,2.0049e-01
dev-corpus-07,5097,6037,1.559084e-04,264,264,7.229877,7.237209,2.6924e-01
dev-corpus-07,5098,79812,5.350912e-04,77094,77094,8.766248,8.782150,2.0335e-01
dev-corpus-07,5099,13,5.019547e-04,321,321,1.911431,1.868151,1.8997e-01
dev-corpus-07,5100,248046,2.826526e-04,248046,248046,0.450555,0.445174,2.8256e-01
dev-corpus-07,5101,198,3.181008e-07,198,198,0.000079,0.000086,3.4130e-01
dev-corpus-07,5102,248045,4.092163e-08,248045,248045,0.000221,0.000223,2.9083e-01
dev-corpus-07,5103,846,9.259069e-04,74455,74455,1.968531,1.902448,4.8432e-01
dev-corpus-07,5104,198,2.906063e-04,198,198,0.191747,0.203043,2.0528e-01
dev-corpus-07,5105,9930,4.851675e-04,3710,3710,3.583624,3.560040,2.3410e-01
dev-corpus-07,5106,369,2.975351e-04,369,369,1.125913,1.155029,1.4810e-01
dev-corpus-07,5107,424,6.276671e-04,279,279,2.245353,2.260038,1.9546e-01
dev-corpus-07,5108,2894,2.892049e-03,2503,2503,2.305018,2.187542,3.9268e-01
dev-corpus-07,5109,310,3.202625e-04,310,310,0.362067,0.348025,1.5273e-01
dev-corpus-07,5110,15166,6.191337e-04,599,599,7.794445,7.807182,1.6242e-01
dev-corpus-07,5111,321,2.339178e-04,678,678,4.831378,4.856365,1.6889e-01
dev-corpus-07,5112,281,9.489845e-05,281,281,0.045945,0.047993,2.0866e-01
dev-corpus-07,5113,9100,1.792758e-06,9100,9100,0.000773,0.000765,3.5028e-01
dev-corpus-07,5114,678,5.092562e-04,678,678,0.840976,0.832767,1.9268e-01
dev-corpus-07,5115,17299,2.370832e-05,17299,17299,0.012751,0.012913,1.6859e-01
dev-corpus-07,5116,17248,2.978075e-04,30,30,5.981331,5.925256,1.6728e-01
dev-corpus-07,5117,30,4.714022e-05,30,30,0.078756,0.079721,1.9736e-01
dev-corpus-07,5118,248046,6.448419e-05,248046,248046,0.033674,0.031885,1.8849e-01
dev-corpus-07,5119,198,1.892343e-08,198,198,0.000039,0.000040,2.5840e-01
