segment,idx,target,kld,top1_ref,top1_cand,nll_ref,nll_cand,max_abs_logit_diff
dev-long-03,0,532,6.391078e-06,532,532,0.001435,0.001341,3.5235e-01
dev-long-03,1,600,2.229033e-05,506,506,0.913813,0.919305,3.8736e-01
dev-long-03,2,506,1.134108e-04,506,506,0.004804,0.005753,8.2978e-01
dev-long-03,3,1944,3.864901e-04,13783,13783,9.067289,9.034406,7.7871e-01
dev-long-03,4,3358,2.888672e-03,24685,24685,20.496485,20.321825,8.5250e-01
dev-long-03,5,28232,1.538977e-06,4554,4554,7.736420,7.720838,8.6526e-01
dev-long-03,6,184491,2.706623e-03,1624,1624,2.273939,2.230008,5.1993e-01
dev-long-03,7,528,3.486643e-04,7906,7906,5.951125,5.805227,3.7861e-01
dev-long-03,8,107,5.769472e-05,837,837,11.904733,11.943952,4.1261e-01
dev-long-03,9,7650,1.635117e-02,7650,7650,0.560651,0.439620,1.4628e+00
dev-long-03,10,236764,7.495043e-05,506,506,10.079092,10.142203,3.4663e-01
dev-long-03,11,618,3.726435e-03,580,580,2.518216,2.392013,7.0729e-01
dev-long-03,12,625,4.186894e-03,668,668,2.280688,2.162042,7.2654e-01
dev-long-03,13,24347,2.880958e-03,964,964,14.993832,14.885173,4.5296e-01
dev-long-03,14,163038,2.131096e-03,691,691,2.001980,1.954499,4.5603e-01
dev-long-03,15,236764,1.229508e-05,236764,236764,0.003032,0.002843,4.9982e-01
dev-long-03,16,506,2.535622e-03,506,506,0.435374,0.386883,3.9714e-01
dev-long-03,17,146807,5.094459e-04,13783,13783,6.015457,5.818527,5.1298e-01
dev-long-03,18,691,5.155823e-03,1053,1053,4.825964,4.787122,6.8586e-01
dev-long-03,19,53969,9.882254e-04,10264,10264,6.876319,6.798433,5.0171e-01
dev-long-03,20,531,7.410671e-07,531,531,0.000236,0.000219,2.8788e-01
dev-long-03,21,2514,1.286479e-05,2514,2514,0.004310,0.004230,3.4777e-01
dev-long-03,22,107,1.003063e-03,506,506,12.441849,12.457814,3.7097e-01
dev-long-03,23,949,2.053124e-03,1437,1437,1.988663,2.143806,5.5336e-01
dev-long-03,24,71102,5.345508e-04,76990,76990,4.522966,4.593848,4.1353e-01
dev-long-03,25,236764,1.445876e-03,236772,236772,2.201828,2.087365,6.7814e-01
dev-long-03,26,691,1.814407e-06,691,691,0.012253,0.012337,2.5767e-01
dev-long-03,27,17164,2.215018e-04,8731,8731,8.359266,8.236491,2.8946e-01
dev-long-03,28,7738,3.503717e-04,1932,1932,3.065458,3.118765,3.8136e-01
dev-long-03,29,3324,3.664581e-04,1827,1827,12.186981,12.243818,3.8321e-01
dev-long-03,30,506,7.469434e-06,506,506,0.009218,0.008937,3.4805e-01
dev-long-03,31,29387,3.657389e-04,29387,29387,0.158437,0.168472,3.5579e-01
dev-long-03,32,236772,1.875405e-05,236772,236772,0.073647,0.071976,2.3946e-01
dev-long-03,33,5127,1.781547e-05,5127,5127,0.262683,0.262547,3.2766e-01
dev-long-03,34,236761,2.202566e-04,1827,1827,3.413653,3.518339,3.8650e-01
dev-long-03,35,131544,4.428283e-03,669,669,3.786897,4.231207,1.2794e+00
dev-long-03,36,26310,1.751471e-03,8249,8249,11.865719,11.936489,4.3839e-01
dev-long-03,37,107,1.425739e-03,30254,30254,11.314297,11.255227,3.2873e-01
dev-long-03,38,104219,4.126156e-03,13395,13395,5.114202,5.172303,6.6752e-01
dev-long-03,39,506,2.666885e-03,914,914,1.034728,0.954503,3.6236e-01
dev-long-03,40,16605,5.010910e-04,16605,16605,0.020701,0.025191,1.1363e+00
dev-long-03,41,236764,1.582218e-03,1827,1827,3.988730,4.022753,3.9959e-01
dev-long-03,42,532,1.179365e-04,532,532,0.074802,0.071307,6.5055e-01
dev-long-03,43,151504,5.316755e-04,506,506,5.307485,5.654697,4.7228e-01
dev-long-03,44,691,7.306705e-06,691,691,0.039382,0.039684,2.2022e-01
dev-long-03,45,16782,9.522608e-04,126685,126685,1.803675,1.751572,3.3563e-01
dev-long-03,46,506,2.769370e-03,1827,1827,7.655478,7.709725,7.3844e-01
dev-long-03,47,1638,2.783281e-03,1638,1638,0.415791,0.462530,3.6751e-01
dev-long-03,48,9137,1.820145e-05,1719,1719,1.736452,1.741933,2.0550e-01
dev-long-03,49,236793,1.516210e-03,1827,1827,6.192462,6.215862,3.6621e-01
dev-long-03,50,840,1.566244e-03,668,668,4.048210,3.981533,6.0168e-01
dev-long-03,51,506,1.935527e-03,506,506,1.124049,1.051841,7.7560e-01
dev-long-03,52,10810,4.021252e-02,146807,13783,7.145704,6.211235,2.8757e+00
dev-long-03,53,107,1.564407e-04,691,691,12.677168,12.728431,6.8654e-01
dev-long-03,54,46052,1.754115e+00,9849,9849,7.724307,6.714950,1.1185e+01
dev-long-03,55,711,8.690162e-06,711,711,0.002358,0.002195,4.6164e-01
dev-long-03,56,577,1.885995e-06,577,577,0.000251,0.000222,5.5627e-01
dev-long-03,57,1765,2.360412e-03,1765,1765,0.309438,0.283066,1.1491e+00
dev-long-03,58,3477,2.440137e-03,1827,1827,8.204770,8.348865,7.7861e-01
dev-long-03,59,3324,2.054659e-02,1827,1827,5.018559,5.370657,1.3945e+00
dev-long-03,60,914,8.522881e-05,914,914,0.262024,0.264535,3.6409e-01
dev-long-03,61,1589,2.931585e-06,1589,1589,0.001163,0.001105,3.5252e-01
dev-long-03,62,653,7.198969e-06,653,653,0.017318,0.017509,4.2138e-01
dev-long-03,63,528,1.563401e-04,528,528,0.470711,0.469628,5.0439e-01
dev-long-03,64,914,2.852101e-03,506,506,2.730537,3.031999,8.5627e-01
dev-long-03,65,11630,1.299724e-03,81124,81124,6.681764,6.712635,3.7665e-01
dev-long-03,66,236761,3.155968e-04,1827,1827,3.906392,4.062138,6.4602e-01
dev-long-03,67,36266,1.798597e-03,669,669,14.807696,14.787052,5.9250e-01
dev-long-03,68,107,2.961509e-03,5945,5945,10.213133,10.338138,9.6716e-01
dev-long-03,69,236780,2.886394e-03,27505,27505,6.510654,6.378687,9.9528e-01
dev-long-03,70,605,1.724389e-03,660,660,7.557658,7.521010,8.5294e-01
dev-long-03,71,697,2.405130e-04,936,936,1.353327,1.380006,2.2782e-01
dev-long-03,72,236764,7.437858e-04,236764,236764,0.160258,0.172975,5.8506e-01
dev-long-03,73,74289,5.719348e-04,506,506,5.142843,5.175325,4.2596e-01
dev-long-03,74,531,9.462610e-04,236764,236764,6.710724,6.882020,3.2244e-01
dev-long-03,75,506,1.989011e-06,506,506,0.001611,0.001557,4.0699e-01
dev-long-03,76,146807,1.488351e-04,146807,146807,0.015496,0.016835,6.7500e-01
dev-long-03,77,236764,7.077381e-05,236764,236764,0.035122,0.037126,4.7302e-01
dev-long-03,78,208255,1.932831e-03,8249,8249,7.817393,7.872931,4.3732e-01
dev-long-03,79,531,1.139310e-05,600,600,5.273002,5.338016,2.2364e-01
dev-long-03,80,2963,5.551985e-03,506,2963,0.950475,0.850629,3.5685e-01
dev-long-03,81,6827,8.521542e-05,3472,3472,4.869538,4.951904,3.7079e-01
dev-long-03,82,131544,8.483065e-04,496,496,7.825606,8.198833,5.8049e-01
dev-long-03,83,236858,1.131382e-03,4928,4928,5.378136,5.409454,3.8397e-01
dev-long-03,84,236751,1.619531e-07,236751,236751,0.000047,0.000043,4.2665e-01
dev-long-03,85,4665,1.351851e-03,8300,8300,2.729755,2.657191,4.6969e-01
dev-long-03,86,529,7.246719e-04,236764,236764,2.797965,2.807797,4.9962e-01
dev-long-03,87,107,1.162479e-05,16605,16605,12.104178,12.034623,2.2158e-01
dev-long-03,88,236753,2.549138e-04,58904,58904,5.470301,5.541998,5.8780e-01
dev-long-03,89,1929,1.983830e-05,1929,1929,0.038534,0.037319,2.6020e-01
dev-long-03,90,571,1.992411e-08,571,571,0.000008,0.000008,3.1015e-01
dev-long-03,91,580,9.653346e-04,236764,236764,5.503362,5.628501,5.8543e-01
dev-long-03,92,45397,1.284987e-05,506,506,15.557499,15.533752,4.7953e-01
dev-long-03,93,506,7.879032e-05,506,506,0.018233,0.019691,3.2147e-01
dev-long-03,94,50998,6.398915e-04,7738,7738,3.871753,3.941713,4.3301e-01
dev-long-03,95,236764,5.562300e-04,236761,236761,1.179739,1.149545,4.0612e-01
dev-long-03,96,532,1.281089e-04,532,532,0.331189,0.322513,5.1001e-01
dev-long-03,97,531,1.459860e-03,1304,1304,4.257890,4.239538,6.0944e-01
dev-long-03,98,2963,1.951080e-04,2963,2963,0.528140,0.512590,5.1722e-01
dev-long-03,99,36389,7.358459e-05,3472,3472,9.156270,9.185779,2.1576e-01
dev-long-03,100,1131,3.179618e-04,531,531,2.251682,2.255264,3.5889e-01
dev-long-03,101,506,4.828692e-06,506,506,0.003045,0.003081,4.2871e-01
dev-long-03,102,2978,1.950494e-03,2978,2978,0.779479,0.741030,5.4769e-01
dev-long-03,103,236764,3.021578e-04,236764,236764,0.915476,0.900655,2.3640e-01
dev-long-03,104,107,4.861614e-04,840,840,13.522671,13.512987,5.1226e-01
dev-long-03,105,3350,1.172141e-04,624,624,5.679025,5.624562,6.4209e-01
dev-long-03,106,1304,4.977092e-05,1304,1304,0.022671,0.023489,4.2160e-01
dev-long-03,107,1765,2.751705e-04,5004,5004,2.458407,2.392163,2.3186e-01
dev-long-03,108,11949,1.192555e-03,151504,151504,22.852145,22.853624,8.3745e-01
dev-long-03,109,618,1.626775e-04,528,528,4.663206,4.685020,2.0743e-01
dev-long-03,110,4970,8.749305e-05,901,901,5.999040,6.006917,3.6946e-01
dev-long-03,111,684,2.896670e-04,236764,236764,7.362337,7.385477,4.2170e-01
dev-long-03,112,506,2.606368e-03,131544,506,1.140146,1.061851,8.2368e-01
dev-long-03,113,1774,1.461825e-01,63051,63051,9.740104,9.128140,4.7225e+00
dev-long-03,114,10021,5.760272e-03,236761,236761,3.227317,3.530137,6.3152e-01
dev-long-03,115,236761,4.059278e-03,236761,236761,0.786952,0.867796,6.3208e-01
dev-long-03,116,47476,1.501411e-03,669,669,12.172170,12.442439,9.1797e-01
dev-long-03,117,107,3.247377e-02,20014,20014,10.005328,10.005688,1.4801e+00
dev-long-03,118,67723,5.118123e-03,100681,236780,4.183294,3.946681,7.4188e-01
dev-long-03,119,30419,5.442105e-07,30419,30419,0.000203,0.000202,6.5718e-01
dev-long-03,120,236764,8.908162e-04,236764,236764,1.019406,0.984747,3.6385e-01
dev-long-03,121,603,1.237751e-03,1015,1015,15.207465,15.269635,4.3289e-01
dev-long-03,122,11247,1.506953e-06,236761,236761,11.244679,11.228138,3.1039e-01
dev-long-03,123,236764,1.257512e-05,236764,236764,0.015938,0.015698,3.1893e-01
dev-long-03,124,5877,6.906709e-04,691,691,6.505388,6.540611,3.1403e-01
dev-long-03,125,4914,3.848935e-04,914,914,3.053888,3.104588,3.0530e-01
dev-long-03,126,618,4.122972e-05,600,600,5.014422,5.052615,2.9996e-01
dev-long-03,127,531,4.344488e-06,531,531,0.002311,0.002335,3.4434e-01
dev-long-03,128,506,2.709516e-04,506,506,0.100364,0.094440,3.4102e-01
dev-long-03,129,9844,1.028497e-03,10409,10409,6.193977,6.114218,5.3774e-01
dev-long-03,130,529,4.426867e-05,529,529,0.119817,0.117813,2.3527e-01
dev-long-03,131,151504,1.610434e-04,151504,151504,0.050975,0.054569,5.0304e-01
dev-long-03,132,236764,3.275388e-04,236764,236764,0.466709,0.461161,7.5184e-01
dev-long-03,133,1015,2.868961e-04,532,532,7.854880,7.856317,4.4778e-01
dev-long-03,134,107,1.288536e-03,691,691,10.642537,10.649085,4.6454e-01
dev-long-03,135,19313,2.136593e-04,9849,9849,11.522673,11.574090,4.6690e-01
dev-long-03,136,1874,9.511917e-09,1874,1874,0.000506,0.000504,1.6020e-01
dev-long-03,137,991,2.126670e-07,991,991,0.002797,0.002778,3.0543e-01
dev-long-03,138,175053,4.007550e-04,607,607,11.417486,11.457393,2.5234e-01
dev-long-03,139,236764,3.356290e-04,236764,236764,0.392640,0.388951,3.4692e-01
dev-long-03,140,532,7.550471e-05,532,532,0.081699,0.081411,2.9349e-01
dev-long-03,141,103496,1.169988e-03,531,531,14.306715,14.398539,5.7757e-01
dev-long-03,142,914,7.760753e-05,600,600,2.133556,2.141103,2.6331e-01
dev-long-03,143,70437,3.417859e-06,70437,70437,0.004264,0.004117,2.1050e-01
dev-long-03,144,528,2.818792e-03,236761,236761,5.470562,5.512157,6.4523e-01
dev-long-03,145,506,1.988087e-04,506,506,0.313606,0.306360,2.7760e-01
dev-long-03,146,32879,3.332481e-03,3392,3392,8.212131,8.328495,6.2426e-01
dev-long-03,147,107,8.885692e-05,2653,2653,12.805517,12.812238,2.7087e-01
dev-long-03,148,42103,1.239828e-02,42103,42103,0.990175,0.827468,1.3255e+00
dev-long-03,149,236761,1.163988e-03,236761,236761,0.536019,0.539135,4.6713e-01
dev-long-03,150,38018,5.574943e-04,669,669,8.370782,8.313392,5.7063e-01
dev-long-03,151,529,5.569987e-04,12205,12205,4.284750,4.233817,4.3091e-01
dev-long-03,152,496,4.479187e-04,914,914,2.310007,2.337873,5.1969e-01
dev-long-03,153,3527,1.977729e-03,16438,16438,9.767683,9.327661,9.1978e-01
dev-long-03,154,27327,9.062163e-04,79060,79060,4.244920,4.304522,5.8675e-01
dev-long-03,155,573,3.914500e-04,573,573,0.102257,0.111038,3.1124e-01
dev-long-03,156,50998,2.837532e-04,73661,73661,6.500631,6.390398,3.3639e-01
dev-long-03,157,2963,1.289488e-03,236764,236764,9.908433,9.973959,6.1724e-01
dev-long-03,158,1010,1.272253e-05,1010,1010,0.014740,0.014896,2.3854e-01
dev-long-03,159,2238,4.152435e-04,9941,9941,3.254105,3.242931,2.4716e-01
dev-long-03,160,107,1.072438e-03,236761,236761,14.886260,14.887984,4.2817e-01
dev-long-03,161,59677,2.253145e-03,1071,1071,3.839321,3.897734,4.6170e-01
dev-long-03,162,506,1.174270e-06,1515,1515,7.974329,7.965763,1.9990e-01
dev-long-03,163,41971,2.810214e-03,880,880,5.141913,4.956517,8.4006e-01
dev-long-03,164,236764,3.941487e-03,236761,236761,2.937006,2.965405,3.9500e-01
dev-long-03,165,506,1.591633e-04,532,532,7.205727,7.257880,5.4534e-01
dev-long-03,166,68928,2.013049e-03,1624,1624,3.892032,4.007059,5.8555e-01
dev-long-03,167,19153,7.754109e-04,236764,236764,6.070143,6.088419,3.0967e-01
dev-long-03,168,531,5.182482e-04,531,531,0.269772,0.252713,3.1500e-01
dev-long-03,169,3772,1.014606e-03,7224,7224,8.439569,8.434182,2.9028e-01
dev-long-03,170,16000,1.646174e-05,607,607,10.649110,10.722157,2.2225e-01
dev-long-03,171,1403,6.203197e-12,1403,1403,0.000000,0.000000,9.3072e-02
dev-long-03,172,607,1.222025e-04,607,607,0.181244,0.175703,1.7635e-01
dev-long-03,173,506,3.102190e-05,1515,1515,0.956807,0.950682,2.2520e-01
dev-long-03,174,107,2.408354e-04,4217,4217,12.763718,12.714669,2.1310e-01
dev-long-03,175,2865,4.358399e-03,10690,10690,11.522882,11.418323,9.8409e-01
dev-long-03,176,819,1.402639e-03,2950,2950,2.564325,2.397843,9.3318e-01
dev-long-03,177,236764,5.952858e-04,236761,236761,1.163750,1.170802,4.1724e-01
dev-long-03,178,840,4.676863e-05,532,532,8.656746,8.549934,2.7014e-01
dev-long-03,179,11081,1.728343e-03,506,506,5.282046,5.529740,7.2035e-01
dev-long-03,180,625,1.439079e-04,506,506,1.466712,1.436839,2.0690e-01
dev-long-03,181,531,2.177471e-05,531,531,0.131130,0.128943,2.1337e-01
dev-long-03,182,506,3.337984e-04,506,506,0.096578,0.103761,2.6414e-01
dev-long-03,183,3261,1.549777e-03,3261,3261,1.464245,1.556244,3.6020e-01
dev-long-03,184,5411,3.117603e-05,5411,5411,0.009148,0.009926,4.2882e-01
dev-long-03,185,236761,8.504365e-04,1827,1827,2.231023,2.264933,3.7060e-01
dev-long-03,186,151504,9.183226e-04,669,669,3.974385,4.171933,7.2323e-01
dev-long-03,187,236764,5.293459e-04,14038,14038,1.908896,1.901816,3.5432e-01
dev-long-03,188,1015,4.699444e-04,1015,1015,0.765250,0.758762,4.4616e-01
dev-long-03,189,1053,5.329707e-04,691,691,2.433909,2.466044,3.8189e-01
dev-long-03,190,3505,1.132367e-03,1010,1010,6.674005,6.629126,5.8819e-01
dev-long-03,191,11005,1.781976e-04,951,951,4.806857,4.796322,2.7332e-01
dev-long-03,192,529,1.362292e-06,529,529,0.001628,0.001572,1.7164e-01
dev-long-03,193,107,9.938331e-04,130864,130864,12.241761,12.162972,5.2867e-01
dev-long-03,194,720,1.567301e-02,16898,16898,6.066941,6.015392,1.4662e+00
dev-long-03,195,1867,3.577290e-04,1169,1169,2.369364,2.287650,3.0606e-01
dev-long-03,196,21543,7.369641e-04,67361,67361,4.634236,4.628934,2.7556e-01
dev-long-03,197,1913,2.886274e-04,236764,236764,3.008082,3.086392,2.2024e-01
dev-long-03,198,506,2.775454e-04,914,914,0.944366,0.932259,2.0320e-01
dev-long-03,199,19258,1.387831e-03,88654,88654,1.221068,1.274034,3.1252e-01
dev-long-03,200,236764,6.666631e-06,236764,236764,0.007565,0.007445,2.3736e-01
dev-long-03,201,517,6.285444e-04,691,691,10.813405,10.905160,4.6706e-01
dev-long-03,202,25197,4.272675e-06,25197,25197,0.000189,0.000153,5.4071e-01
dev-long-03,203,3121,4.343596e-04,236764,236764,6.543668,6.542756,2.3201e-01
dev-long-03,204,657,1.013239e-03,1827,1827,3.819978,3.854105,3.6909e-01
dev-long-03,205,506,2.113602e-05,506,506,0.016715,0.016169,1.9431e-01
dev-long-03,206,12882,3.005561e-03,14186,14186,4.262043,4.402097,7.6407e-01
dev-long-03,207,107,1.065025e-04,529,529,13.826273,13.830857,1.6776e-01
dev-long-03,208,624,4.384234e-04,1340,1340,7.203730,6.710584,1.0878e+00
dev-long-03,209,691,4.744830e-04,691,691,0.328220,0.332840,3.7402e-01
dev-long-03,210,7505,1.379232e-03,8476,8476,5.025104,4.993409,2.8296e-01
dev-long-03,211,855,1.516296e-04,3121,3121,6.960439,7.036414,2.1528e-01
dev-long-03,212,529,1.557420e-04,528,528,3.337851,3.331007,1.9020e-01
dev-long-03,213,4054,1.320609e-05,506,506,4.322114,4.341349,2.3227e-01
dev-long-03,214,1827,7.354342e-05,1827,1827,0.186367,0.185049,2.6265e-01
dev-long-03,215,108,2.998217e-04,108,108,0.018619,0.019675,7.6273e-01
dev-long-03,216,236913,2.721890e-03,236913,236913,0.227814,0.233225,1.0497e+00
dev-long-03,217,40267,5.611296e-03,13086,13086,11.441567,11.547352,1.0065e+00
dev-long-03,218,236888,1.422765e-03,28613,28613,6.324855,6.315262,5.4199e-01
dev-long-03,219,1593,2.661083e-03,562,562,2.019849,1.990805,7.0176e-01
dev-long-03,220,1623,1.195488e-03,506,506,3.645527,3.791814,6.4462e-01
dev-long-03,221,573,1.574366e-03,573,573,0.457871,0.429083,7.2760e-01
dev-long-03,222,506,2.143597e-03,506,506,0.698647,0.685152,1.0030e+00
dev-long-03,223,5589,1.886484e-02,24685,3261,5.100314,5.435972,1.9885e+00
dev-long-03,224,236772,3.169160e-03,2130,2130,12.277962,12.166741,1.0944e+00
dev-long-03,225,34796,2.759079e-03,1562,1562,8.415350,8.501519,6.0685e-01
dev-long-03,226,2130,9.515402e-04,2130,2130,0.773904,0.800025,4.2177e-01
dev-long-03,227,1176,6.215494e-03,48213,48213,1.694907,1.505340,8.5943e-01
dev-long-03,228,48213,6.784200e-04,48213,48213,0.039111,0.046571,9.4324e-01
dev-long-03,229,119713,3.186998e-04,236764,236761,9.929146,9.911113,3.0994e-01
dev-long-03,230,236764,1.045547e-05,236761,236761,5.807247,5.802256,2.3515e-01
dev-long-03,231,122053,1.477833e-04,999,999,10.014772,10.073164,3.9967e-01
dev-long-03,232,107,1.850268e-05,506,506,13.174903,13.137873,3.3732e-01
dev-long-03,233,30714,2.902019e-04,1437,1437,6.489152,6.631991,4.0200e-01
dev-long-03,234,506,6.549057e-06,506,506,0.011575,0.011577,3.8074e-01
dev-long-03,235,3627,5.248120e-03,3627,3627,1.574155,1.688387,8.3550e-01
dev-long-03,236,236761,3.541024e-05,236761,236761,0.030930,0.030242,2.7935e-01
dev-long-03,237,999,1.486370e-05,999,999,0.003621,0.003937,3.2008e-01
dev-long-03,238,818,1.360768e-03,818,818,0.518891,0.522736,1.2668e+00
dev-long-03,239,2934,7.290999e-03,3261,3261,4.091590,4.123424,1.8078e+00
dev-long-03,240,573,8.361215e-04,563,563,6.059926,6.025031,5.7204e-01
dev-long-03,241,775,3.500823e-05,506,506,4.609649,4.599594,2.8789e-01
dev-long-03,242,1492,4.609997e-04,563,563,4.174443,4.094627,2.4901e-01
dev-long-03,243,531,1.139562e-04,563,563,10.390129,10.426176,2.4958e-01
dev-long-03,244,8974,1.425211e-03,8974,8974,0.947361,0.906446,4.4175e-01
dev-long-03,245,563,2.133542e-04,563,563,0.255654,0.257718,4.1908e-01
dev-long-03,246,506,1.513365e-03,711,711,2.850500,2.892470,4.3570e-01
dev-long-03,247,7501,3.322053e-03,26460,26460,10.455031,10.520462,9.8660e-01
dev-long-03,248,529,4.229771e-05,529,529,0.018634,0.017655,3.1857e-01
dev-long-03,249,107,1.455456e-04,4749,4749,16.273251,16.225777,8.3199e-01
dev-long-03,250,18582,4.385007e-06,18582,18582,0.001204,0.001217,6.4961e-01
dev-long-03,251,5830,7.209538e-04,236761,236761,3.550297,3.506954,4.7488e-01
dev-long-03,252,699,7.566920e-04,531,531,5.550414,5.675672,6.2127e-01
dev-long-03,253,496,3.289011e-04,506,506,3.698774,3.636490,6.4611e-01
dev-long-03,254,21749,2.903023e-03,123698,71102,21.349280,21.719573,1.0460e+00
dev-long-03,255,991,1.842620e-03,991,991,0.292849,0.329512,4.6856e-01
dev-long-03,256,71102,1.884361e-03,71102,71102,0.189009,0.175368,6.6698e-01
dev-long-03,257,236772,5.960338e-05,236772,236772,0.006847,0.006016,4.7085e-01
dev-long-03,258,4925,7.530978e-06,4925,4925,0.000321,0.000261,6.9281e-01
dev-long-03,259,657,1.949539e-04,531,531,5.154895,4.952658,4.1722e-01
dev-long-03,260,886,1.039809e-04,506,506,7.624364,7.590254,4.2219e-01
dev-long-03,261,1345,1.221375e-02,8217,8217,4.094827,4.092007,5.6589e-01
dev-long-03,262,531,2.020146e-03,529,529,1.692887,1.698686,3.8621e-01
dev-long-03,263,506,1.516843e-03,496,496,2.214200,2.293246,5.7375e-01
dev-long-03,264,14836,2.292268e-02,13783,13783,4.640939,4.470408,4.1036e+00
dev-long-03,265,529,1.649668e-05,529,529,0.001921,0.002162,5.3347e-01
dev-long-03,266,496,2.045182e-04,496,496,0.038103,0.037098,1.2056e+00
dev-long-03,267,107,5.046153e-03,60556,60556,15.498758,15.550478,2.8630e+00
dev-long-03,268,1909,2.666235e-03,675,675,5.561688,4.713631,2.0171e+00
dev-long-03,269,888,1.356368e-07,888,888,0.000007,0.000006,1.8213e+00
dev-long-03,270,528,5.681332e-04,657,657,3.746875,3.741348,5.7070e-01
dev-long-03,271,64112,3.621924e-04,2264,2264,12.354485,12.222314,8.2068e-01
dev-long-03,272,5762,1.271625e-05,5762,5762,0.000818,0.000702,5.2300e-01
dev-long-03,273,7901,6.534730e-06,7901,7901,0.000813,0.000728,3.1819e-01
dev-long-03,274,657,3.718552e-04,1827,1827,6.039228,6.457650,7.3350e-01
dev-long-03,275,506,3.888635e-05,506,506,0.019110,0.020229,3.3668e-01
dev-long-03,276,1032,9.758594e-06,1032,1032,0.000348,0.000429,6.3249e-01
dev-long-03,277,236761,1.505647e-04,1345,1345,2.878255,2.922125,4.3931e-01
dev-long-03,278,1599,1.085191e-03,1030,1030,7.810756,7.872239,5.3873e-01
dev-long-03,279,1460,1.228527e-03,1460,1460,0.820471,0.782013,3.6095e-01
dev-long-03,280,236764,7.357633e-04,236764,236764,0.207143,0.189663,4.0896e-01
dev-long-03,281,34440,2.685336e-04,506,506,6.862301,6.587705,5.3699e-01
dev-long-03,282,236764,1.800267e-05,236764,236764,0.027588,0.028410,2.7820e-01
dev-long-03,283,1023,5.637501e-04,506,506,8.128891,8.154738,5.7967e-01
dev-long-03,284,2268,1.307350e-03,4209,4209,3.420619,3.490287,7.2122e-01
dev-long-03,285,107,1.534837e-02,2608,2608,13.854654,13.729958,1.8633e+00
dev-long-03,286,7156,7.149564e-03,43510,43510,11.087895,11.043141,1.4129e+00
dev-long-03,287,236756,2.183770e-04,19748,19748,5.906904,5.966452,5.0669e-01
dev-long-03,288,1507,1.574843e-05,1507,1507,0.000781,0.000938,5.6658e-01
dev-long-03,289,735,1.224329e-03,659,659,2.482096,2.504710,4.0944e-01
dev-long-03,290,15937,1.071467e-03,5378,5378,5.919693,5.899902,3.8778e-01
dev-long-03,291,12718,1.252497e-03,3291,3291,5.454117,5.500612,4.6129e-01
dev-long-03,292,496,9.936211e-05,496,496,0.141972,0.138127,2.9205e-01
dev-long-03,293,1623,1.591414e-03,2793,1623,1.726236,1.648190,3.9700e-01
dev-long-03,294,919,1.398669e-04,919,919,0.773423,0.776349,3.0698e-01
dev-long-03,295,2132,6.505484e-04,20997,20997,6.289046,6.214795,3.8224e-01
dev-long-03,296,532,4.100839e-04,2872,2872,3.552841,3.655900,2.9763e-01
dev-long-03,297,2344,8.224189e-04,12615,12615,4.724437,4.671428,4.0953e-01
dev-long-03,298,107,8.574931e-04,119541,119541,11.590718,11.558103,5.2464e-01
dev-long-03,299,4611,9.897578e-04,65744,65744,5.734955,5.707708,7.2155e-01
dev-long-03,300,103825,4.697874e-04,103825,103825,0.351856,0.372141,4.7582e-01
dev-long-03,301,6084,7.789015e-05,2872,2872,2.765254,2.779996,2.5328e-01
dev-long-03,302,236761,2.130466e-04,1827,1827,1.394845,1.425510,3.4223e-01
dev-long-03,303,5715,3.935207e-04,669,669,6.208730,6.248032,3.4563e-01
dev-long-03,304,563,1.037636e-03,236764,563,1.254452,1.198880,2.9207e-01
dev-long-03,305,506,1.348748e-04,506,506,0.295697,0.295380,4.2655e-01
dev-long-03,306,10810,2.468918e-03,29344,29344,9.829365,9.722657,9.6944e-01
dev-long-03,307,236793,8.799402e-04,236761,236761,3.565451,3.590484,5.3143e-01
dev-long-03,308,506,5.533427e-04,625,625,2.401750,2.407032,3.5750e-01
dev-long-03,309,10810,1.506311e-03,13234,26460,7.271664,7.405152,8.3436e-01
dev-long-03,310,3588,2.161936e-03,563,563,6.294889,6.121885,4.9280e-01
dev-long-03,311,699,9.922935e-04,699,699,0.153420,0.168734,3.4495e-01
dev-long-03,312,506,3.116988e-04,506,506,0.111627,0.107671,6.5134e-01
dev-long-03,313,60556,3.138846e-03,146807,146807,14.523048,15.086801,1.5088e+00
dev-long-03,314,236764,1.016447e-03,236793,236793,1.891663,1.843966,5.8346e-01
dev-long-03,315,532,7.474897e-05,532,532,0.144570,0.142593,4.9258e-01
dev-long-03,316,107,5.653275e-05,506,506,13.199628,13.209111,2.9492e-01
dev-long-03,317,1437,2.174092e-03,624,624,1.440175,1.400649,4.8336e-01
dev-long-03,318,60556,3.687678e-05,60556,60556,0.048247,0.048949,5.2428e-01
dev-long-03,319,3588,6.801889e-05,3588,3588,0.086162,0.085606,2.7886e-01
dev-long-03,320,699,1.906949e-05,699,699,0.002894,0.003164,2.8331e-01
dev-long-03,321,3186,3.274264e-04,506,506,6.025358,5.956073,8.4057e-01
dev-long-03,322,236761,1.409742e-07,236761,236761,0.000033,0.000032,4.5884e-01
dev-long-03,323,12297,3.856466e-03,151504,151504,4.338298,4.012596,6.6848e-01
dev-long-03,324,28955,2.050440e-06,28955,28955,0.000105,0.000087,5.7551e-01
dev-long-03,325,236764,3.791141e-03,1827,1827,1.958603,2.008124,5.1412e-01
dev-long-03,326,506,4.086583e-04,532,532,2.851677,2.945809,5.4206e-01
dev-long-03,327,33995,6.320143e-03,880,880,3.022055,2.940034,1.7923e+00
dev-long-03,328,607,8.521365e-04,1015,1015,4.153302,4.213487,6.5258e-01
dev-long-03,329,506,8.052944e-05,506,506,0.030601,0.030407,6.5772e-01
dev-long-03,330,4287,6.144894e-03,84227,84227,9.051916,9.063814,1.2510e+00
dev-long-03,331,5423,2.723685e-03,5423,5423,0.394092,0.440029,7.5713e-01
dev-long-03,332,532,8.419555e-05,236761,236761,5.640826,5.594947,3.1896e-01
dev-long-03,333,107,3.988369e-04,506,506,9.927610,9.890962,4.9285e-01
dev-long-03,334,712,1.662348e-03,1437,1437,6.525857,6.502077,6.5077e-01
dev-long-03,335,506,4.395613e-04,1827,1827,3.348427,3.391960,3.7924e-01
dev-long-03,336,1032,1.834009e-02,86673,86673,3.032394,3.064492,2.0887e+00
dev-long-03,337,9507,5.557703e-04,86673,86673,5.908820,5.990944,6.7780e-01
dev-long-03,338,607,8.013154e-04,692,692,10.034538,10.085269,4.3473e-01
dev-long-03,339,837,1.678304e-04,837,837,0.167201,0.171885,3.1403e-01
dev-long-03,340,564,7.389700e-05,692,692,2.239575,2.208034,2.6242e-01
dev-long-03,341,735,2.153988e-03,1053,1053,2.233206,2.315868,5.3722e-01
dev-long-03,342,38670,8.780220e-03,68011,68011,14.713990,14.479442,1.1279e+00
dev-long-03,343,611,1.417218e-05,611,611,0.006140,0.006188,3.6038e-01
dev-long-03,344,236761,1.878374e-03,236761,236761,0.728358,0.668171,3.3649e-01
dev-long-03,345,1593,5.901277e-04,669,669,4.503479,4.467666,3.7345e-01
dev-long-03,346,1492,4.114023e-04,506,506,6.316581,6.379547,4.0691e-01
dev-long-03,347,692,3.638288e-04,692,692,0.621135,0.635497,3.1736e-01
dev-long-03,348,107,2.838202e-03,1921,1921,15.624021,15.698775,4.7448e-01
dev-long-03,349,23600,3.960127e-03,32042,32042,2.285637,2.047039,4.4549e-01
dev-long-03,350,1076,1.601375e-03,15819,15819,7.146462,7.252945,4.5833e-01
dev-long-03,351,13109,2.029172e-03,1003,1003,2.994350,3.010890,4.3567e-01
dev-long-03,352,1401,6.297420e-04,531,531,11.707021,11.824651,2.4689e-01
dev-long-03,353,16263,1.142990e-03,1623,31077,6.288041,6.287423,2.2810e-01
dev-long-03,354,531,1.675176e-05,531,531,0.077573,0.076386,1.9416e-01
dev-long-03,355,8159,3.925679e-04,506,506,3.095428,3.041952,4.4647e-01
dev-long-03,356,672,5.535288e-04,855,855,3.264975,3.368575,4.6283e-01
dev-long-03,357,33995,3.938450e-03,880,880,1.864640,1.898324,1.1046e+00
dev-long-03,358,532,2.089023e-04,1827,1827,1.799758,1.814324,4.4146e-01
dev-long-03,359,107,6.260704e-04,16358,16358,14.056123,13.948374,5.2746e-01
dev-long-03,360,527,2.053347e-03,977,977,5.020655,5.044682,6.4800e-01
dev-long-03,361,9631,1.215718e-08,9631,9631,0.000085,0.000086,2.0156e-01
dev-long-03,362,522,8.443169e-06,522,522,0.005089,0.004815,2.3033e-01
dev-long-03,363,1144,5.961245e-04,506,506,2.860933,2.869117,3.4335e-01
dev-long-03,364,912,2.093158e-03,668,668,4.820953,4.853895,5.6097e-01
dev-long-03,365,668,6.675968e-05,668,668,0.053802,0.055586,3.5990e-01
dev-long-03,366,815,6.799314e-05,6657,6657,4.591090,4.619763,2.3829e-01
dev-long-03,367,6657,7.776911e-04,6657,6657,0.278230,0.300314,2.8619e-01
dev-long-03,368,528,1.733524e-06,528,528,0.004577,0.004556,2.4188e-01
dev-long-03,369,672,3.395283e-04,506,506,2.833615,2.915818,5.2938e-01
dev-long-03,370,2268,6.382601e-03,36608,36608,7.251867,7.274470,1.1912e+00
dev-long-03,371,26460,2.967698e-03,36608,36608,4.297850,4.083648,8.3234e-01
dev-long-03,372,236761,7.579792e-05,1827,1827,4.920895,4.828163,4.5383e-01
dev-long-03,373,2282,3.328657e-04,1030,1030,6.854213,6.830753,3.3972e-01
dev-long-03,374,776,6.109250e-04,1586,1586,4.924098,5.001574,3.7689e-01
dev-long-03,375,107,7.584794e-05,600,600,15.562330,15.549189,3.1702e-01
dev-long-03,376,1580,5.124628e-03,4060,4060,4.019143,3.954424,8.2719e-01
dev-long-03,377,236764,1.934364e-04,236764,236764,0.046259,0.042474,2.7444e-01
dev-long-03,378,692,1.892443e-04,692,692,0.172765,0.165420,2.5690e-01
dev-long-03,379,1921,1.215822e-03,1921,1921,0.148682,0.131000,3.5967e-01
dev-long-03,380,2056,3.868049e-04,1586,1586,6.562911,6.625066,3.9921e-01
dev-long-03,381,506,5.115986e-06,531,531,6.784222,6.818075,2.2592e-01
dev-long-03,382,33055,1.137301e-02,6623,6623,9.717239,9.969614,1.1438e+00
dev-long-03,383,2820,3.130568e-04,529,529,3.116427,3.094190,3.1993e-01
dev-long-03,384,1171,3.877432e-04,529,529,4.528251,4.494306,2.7022e-01
dev-long-03,385,236764,1.726502e-04,1827,1827,3.455297,3.476449,3.4300e-01
dev-long-03,386,532,5.994051e-04,532,532,0.705248,0.734710,2.8339e-01
dev-long-03,387,1239,4.985401e-04,564,564,8.866728,8.875132,3.5181e-01
dev-long-03,388,7089,3.650806e-04,2820,2820,12.169545,12.227963,5.3295e-01
dev-long-03,389,33112,1.458701e-04,528,528,11.147814,11.218016,2.7412e-01
dev-long-03,390,107,1.385528e-04,528,528,12.310674,12.269224,2.0456e-01
dev-long-03,391,495,5.077459e-04,495,495,0.450343,0.450845,4.5424e-01
dev-long-03,392,614,9.686479e-05,506,506,6.520606,6.533517,3.9406e-01
dev-long-03,393,44797,4.007073e-04,26410,26410,1.896418,1.910774,5.8717e-01
dev-long-03,394,528,1.056927e-04,1827,1827,3.764473,3.807232,4.6862e-01
dev-long-03,395,784,1.627231e-04,506,506,9.371126,9.319428,2.9408e-01
dev-long-03,396,506,1.880672e-04,506,506,0.181117,0.188207,3.7088e-01
dev-long-03,397,9137,9.910381e-04,3262,3262,10.601963,10.543107,3.2968e-01
dev-long-03,398,13009,1.776384e-05,13009,13009,0.023618,0.023048,2.7357e-01
dev-long-03,399,236761,8.008388e-05,1827,1827,4.571158,4.545861,4.9581e-01
dev-long-03,400,1637,5.483075e-04,564,564,5.013101,4.994591,4.5955e-01
dev-long-03,401,672,2.165313e-04,692,692,5.171756,5.196229,2.7214e-01
dev-long-03,402,5121,1.104765e-03,33995,33995,16.589133,16.263210,9.1930e-01
dev-long-03,403,236764,8.978103e-06,236764,236764,0.010109,0.009740,1.7493e-01
dev-long-03,404,564,4.484093e-05,692,692,4.896740,4.950533,2.2558e-01
dev-long-03,405,2863,7.853281e-05,2863,2863,0.047182,0.047003,2.3209e-01
dev-long-03,406,107,8.195949e-04,735,735,13.435176,13.400163,3.2868e-01
dev-long-03,407,17777,3.795360e-03,5738,5738,2.593158,2.595055,6.7369e-01
dev-long-03,408,100467,3.414023e-05,531,531,6.626634,6.653166,3.0055e-01
dev-long-03,409,531,3.278379e-06,531,531,0.000543,0.000489,2.4757e-01
dev-long-03,410,1032,1.164052e-04,506,506,3.065767,3.052881,3.3641e-01
dev-long-03,411,4615,1.795475e-04,2820,2820,0.998364,0.993983,2.9985e-01
dev-long-03,412,1827,1.494297e-04,1827,1827,0.266409,0.261330,2.9455e-01
dev-long-03,413,108,9.040152e-06,108,108,0.003577,0.003382,4.5742e-01
dev-long-03,414,236913,5.776837e-04,236913,236913,0.542828,0.560006,5.9982e-01
dev-long-03,415,3689,6.937615e-04,2267,2267,4.256478,4.203064,3.8752e-01
dev-long-03,416,795,5.888599e-04,776,776,2.118158,2.139656,3.3720e-01
dev-long-03,417,611,1.176615e-04,611,611,0.379949,0.371371,1.7107e-01
dev-long-03,418,1879,2.551517e-04,776,776,8.601348,8.600415,2.6096e-01
dev-long-03,419,9377,6.587103e-04,9377,9377,0.922625,0.920063,2.5922e-01
dev-long-03,420,108,1.087455e-06,108,108,0.001362,0.001360,3.5229e-01
dev-long-03,421,236913,6.337422e-05,236913,236913,0.006691,0.005856,4.1330e-01
dev-long-03,422,46762,6.805289e-04,236777,236777,9.301180,9.309549,2.7910e-01
dev-long-03,423,786,4.919426e-04,506,506,2.235941,2.222830,2.9014e-01
dev-long-03,424,496,1.074863e-04,506,506,1.730454,1.718120,3.5281e-01
dev-long-03,425,30368,6.457091e-04,3658,3658,8.659484,8.732355,4.1164e-01
dev-long-03,426,532,2.193286e-04,236764,236764,1.216286,1.199328,2.8902e-01
dev-long-03,427,600,1.082126e-04,3627,3627,9.049645,9.064752,3.0153e-01
dev-long-03,428,21078,1.877202e-03,44797,44797,4.224651,4.155931,9.0669e-01
dev-long-03,429,529,2.431534e-05,529,529,0.014875,0.014533,5.0280e-01
dev-long-03,430,3627,1.627041e-05,3627,3627,0.005265,0.005105,4.1768e-01
dev-long-03,431,236761,5.974172e-04,236761,236761,0.596076,0.575149,4.7360e-01
dev-long-03,432,4224,3.859027e-04,1191,1191,5.533941,5.524487,4.4522e-01
dev-long-03,433,236764,7.759682e-05,236764,236764,0.279329,0.277552,4.2219e-01
dev-long-03,434,1299,1.168915e-04,532,532,9.389303,9.504577,3.2933e-01
dev-long-03,435,236787,4.595319e-05,236764,236764,10.333411,10.273597,3.0543e-01
dev-long-03,436,2141,8.505656e-04,2141,2141,1.060056,1.092474,3.9141e-01
dev-long-03,437,11099,1.211006e-03,7978,7978,6.127034,6.067297,5.8880e-01
dev-long-03,438,657,2.030742e-03,528,528,4.359130,4.182780,1.0542e+00
dev-long-03,439,506,3.382084e-03,506,506,0.849326,0.844982,1.2248e+00
dev-long-03,440,107,8.504720e-03,12825,12825,16.106875,15.955930,9.9594e-01
dev-long-03,441,50539,2.953657e-03,54347,54347,6.721783,6.537980,1.0035e+00
dev-long-03,442,529,3.466628e-06,529,529,0.000499,0.000444,4.6655e-01
dev-long-03,443,7886,7.636918e-05,64112,64112,1.679260,1.681405,4.3209e-01
dev-long-03,444,787,3.945936e-10,787,787,0.000000,0.000000,3.6520e-01
dev-long-03,445,6718,4.996831e-07,6718,6718,0.001468,0.001438,3.1504e-01
dev-long-03,446,236764,2.000274e-04,236761,236761,1.027516,1.051842,2.4010e-01
dev-long-03,447,496,7.882227e-04,496,496,0.476494,0.461021,5.8654e-01
dev-long-03,448,60556,8.531016e-04,3730,3730,5.030672,5.317828,3.8643e-01
dev-long-03,449,532,2.352429e-04,236764,236764,8.861799,8.867784,3.0984e-01
dev-long-03,450,496,9.730323e-05,496,496,0.086544,0.084998,3.3401e-01
dev-long-03,451,2764,9.104326e-04,5423,5423,5.175623,4.994900,5.0045e-01
dev-long-03,452,6345,3.656966e-04,5423,5423,1.289735,1.248963,5.1518e-01
dev-long-03,453,5423,1.888918e-06,5423,5423,0.001348,0.001302,2.9295e-01
dev-long-03,454,236761,4.953252e-04,236761,236761,0.329964,0.348354,3.1562e-01
dev-long-03,455,3186,5.429199e-04,115239,115239,6.429208,6.505577,2.4304e-01
dev-long-03,456,236761,6.470328e-07,236761,236761,0.000935,0.000932,3.2989e-01
dev-long-03,457,12297,5.209820e-03,12297,12297,0.625778,0.567827,7.1427e-01
dev-long-03,458,28955,1.639692e-07,28955,28955,0.000086,0.000081,3.4800e-01
dev-long-03,459,107,5.566513e-04,236764,236764,15.507839,15.453781,3.1916e-01
dev-long-03,460,4881,1.921666e-03,16132,16132,4.471115,4.388770,5.9081e-01
dev-long-03,461,735,9.802555e-05,577,577,8.411810,8.462901,2.1626e-01
dev-long-03,462,506,1.082023e-04,1091,1091,5.224153,5.244362,2.0050e-01
dev-long-03,463,1638,1.328224e-03,60556,60556,7.937653,8.048436,9.1737e-01
dev-long-03,464,684,3.743445e-04,12227,12227,6.089950,6.109647,3.1417e-01
dev-long-03,465,14253,4.618613e-04,11687,11687,3.833706,3.847037,1.8547e-01
dev-long-03,466,657,4.592745e-04,531,531,3.863641,3.808207,2.9714e-01
dev-long-03,467,236743,5.551002e-03,1041,1041,2.325596,2.100494,1.2287e+00
dev-long-03,468,236825,4.643230e-04,236778,236778,10.457468,10.882066,1.1264e+00
dev-long-03,469,236787,7.350037e-03,236764,236764,4.523879,4.598564,1.2174e+00
dev-long-03,470,236800,9.064185e-06,236771,236771,0.770458,0.769664,3.5030e-01
dev-long-03,471,236771,3.067095e-07,236771,236771,0.001523,0.001507,2.3362e-01
dev-long-03,472,672,9.814623e-04,657,657,2.261126,2.264485,3.3962e-01
dev-long-03,473,9137,1.928898e-05,5597,5597,3.528666,3.559661,1.7058e-01
dev-long-03,474,657,1.164612e-03,12227,12227,1.941025,1.959182,4.6940e-01
dev-long-03,475,236743,3.574654e-03,236743,236743,0.804924,0.741025,2.3711e+00
dev-long-03,476,236778,3.386936e-04,236778,236778,0.009137,0.006947,1.4735e+00
dev-long-03,477,236778,1.335756e-04,236778,236778,0.011013,0.009431,8.0232e-01
dev-long-03,478,236770,3.454732e-05,236770,236770,0.007754,0.007258,6.0254e-01
dev-long-03,479,236799,6.499232e-05,236799,236799,0.008311,0.007359,6.8051e-01
dev-long-03,480,236764,1.577857e-04,28955,28955,4.135124,4.271407,6.8702e-01
dev-long-03,481,28955,7.984071e-05,28955,28955,0.012382,0.011162,4.5119e-01
dev-long-03,482,107,4.902673e-07,6718,6718,14.160645,14.128424,2.7304e-01
dev-long-03,483,40703,1.901198e-06,40703,40703,0.000712,0.000708,3.6879e-01
dev-long-03,484,12227,2.200511e-04,90135,90135,0.907464,0.930842,2.3053e-01
dev-long-03,485,2981,5.125681e-04,564,564,3.175031,3.189110,4.0211e-01
dev-long-03,486,563,1.646496e-04,1374,1374,1.190962,1.201534,2.8399e-01
dev-long-03,487,3582,1.131935e-04,506,506,6.195569,6.105664,2.3070e-01
dev-long-03,488,532,5.166347e-05,3487,3487,0.865466,0.863234,3.1046e-01
dev-long-03,489,63510,4.718261e-05,63510,63510,0.254573,0.252520,2.5961e-01
dev-long-03,490,1827,1.035729e-04,236761,236761,1.048086,1.030013,2.4352e-01
dev-long-03,491,108,2.851738e-06,108,108,0.001305,0.001242,5.2028e-01
dev-long-03,492,236913,5.873186e-05,236913,236913,0.033318,0.034483,4.8559e-01
dev-long-03,493,26546,3.478755e-04,4573,4573,6.345780,6.353068,2.5975e-01
dev-long-03,494,236761,5.100604e-05,1388,1388,12.303402,12.315335,1.9332e-01
dev-long-03,495,2024,4.829796e-04,1452,1452,1.937492,1.961560,3.5928e-01
dev-long-03,496,795,1.457422e-04,1144,1144,2.135425,2.109898,2.2906e-01
dev-long-03,497,668,4.081128e-05,668,668,0.522841,0.520052,2.0334e-01
dev-long-03,498,1460,1.630983e-05,2229,2229,9.911711,9.919530,1.6331e-01
dev-long-03,499,625,1.587544e-05,625,625,0.169786,0.168172,1.5397e-01
dev-long-03,500,9377,1.497294e-04,9377,9377,0.114231,0.119266,2.5988e-01
dev-long-03,501,108,1.632236e-06,108,108,0.001164,0.001122,3.9176e-01
dev-long-03,502,236913,7.424543e-07,236913,236913,0.000604,0.000580,2.3204e-01
dev-long-03,503,13086,2.802370e-04,2209,2209,4.327908,4.337776,3.4217e-01
dev-long-03,504,236764,3.415782e-07,236764,236764,0.012446,0.012428,2.2107e-01
dev-long-03,505,668,1.374528e-04,668,668,1.198168,1.194902,3.0420e-01
dev-long-03,506,563,3.584669e-04,563,563,0.749987,0.759066,2.8830e-01
dev-long-03,507,2889,2.728109e-04,496,496,8.042674,7.944307,4.4764e-01
dev-long-03,508,531,4.540604e-06,531,531,0.007731,0.007501,1.2624e-01
dev-long-03,509,2514,4.049187e-05,1460,1460,10.350716,10.322960,1.5909e-01
dev-long-03,510,614,1.139030e-03,914,914,1.662404,1.630713,3.5450e-01
dev-long-03,511,7068,1.378106e-06,7068,7068,0.001368,0.001365,2.5326e-01
dev-long-03,512,580,4.174072e-04,580,580,0.790241,0.771894,1.4752e-01
dev-long-03,513,506,4.511542e-05,506,506,0.193395,0.195667,2.2382e-01
dev-long-03,514,13009,1.723001e-04,13009,13009,0.138356,0.137046,2.3178e-01
dev-long-03,515,236764,2.258988e-04,236761,236761,0.825295,0.844602,1.6924e-01
dev-long-03,516,2338,1.274570e-04,532,532,7.463763,7.420185,3.2487e-01
dev-long-03,517,236764,2.631201e-05,668,668,6.087817,6.111947,2.4114e-01
dev-long-03,518,531,2.936104e-05,618,618,7.715311,7.769476,2.4191e-01
dev-long-03,519,496,8.649823e-03,1041,1041,5.381876,5.363580,5.3192e-01
dev-long-03,520,6934,1.022627e-03,880,880,6.403326,6.462872,5.5562e-01
dev-long-03,521,880,1.927544e-03,880,880,0.665122,0.661392,5.1285e-01
dev-long-03,522,236764,7.256914e-04,236764,236764,0.368075,0.349419,3.2968e-01
dev-long-03,523,107,3.979507e-04,496,496,7.875026,7.708605,2.6123e-01
dev-long-03,524,1437,1.325726e-03,624,624,4.919421,4.882745,4.6826e-01
dev-long-03,525,3967,3.275472e-04,16158,16158,5.976054,5.998911,3.2684e-01
dev-long-03,526,691,5.949642e-06,529,529,9.662486,9.607784,2.3392e-01
dev-long-03,527,496,1.194332e-04,496,496,0.497989,0.496860,2.1858e-01
dev-long-03,528,7274,2.286873e-04,1822,1822,3.481419,3.472291,2.5129e-01
dev-long-03,529,886,1.614222e-05,13949,13949,3.558910,3.575181,1.8766e-01
dev-long-03,530,236761,5.991380e-05,236761,236761,0.199625,0.202714,2.7881e-01
dev-long-03,531,1293,2.782583e-04,1452,1452,2.722066,2.737400,2.8564e-01
dev-long-03,532,691,4.103155e-04,795,795,6.507689,6.549895,2.6007e-01
dev-long-03,533,8207,4.698802e-04,992,992,4.665234,4.658688,3.8078e-01
dev-long-03,534,834,6.995113e-04,496,496,7.935743,8.014936,4.3989e-01
dev-long-03,535,31974,9.610394e-04,11307,11307,17.181402,17.173066,3.2183e-01
dev-long-03,536,684,1.774059e-04,529,529,3.081694,3.107897,2.0950e-01
dev-long-03,537,914,6.875512e-05,506,506,3.972042,4.004089,4.4623e-01
dev-long-03,538,3930,1.277205e-03,101430,101430,7.303723,7.306396,5.2605e-01
dev-long-03,539,95852,1.066480e-04,127166,127166,1.860584,1.885845,2.1905e-01
dev-long-03,540,528,1.257148e-04,236764,236764,6.260478,6.299254,3.3026e-01
dev-long-03,541,107,9.633923e-04,506,506,12.422951,12.364918,4.7866e-01
dev-long-03,542,28384,3.575133e-04,1437,1437,8.103083,8.156966,4.3167e-01
dev-long-03,543,506,1.470431e-04,506,506,0.675380,0.678488,3.0387e-01
dev-long-03,544,4771,1.004894e-03,4771,4771,0.082345,0.093807,7.7221e-01
dev-long-03,545,532,2.223663e-05,236764,236764,3.947500,3.944378,2.3022e-01
dev-long-03,546,684,9.959910e-04,506,506,3.001728,3.001881,6.0108e-01
dev-long-03,547,506,1.827826e-05,506,506,0.089938,0.090769,3.3871e-01
dev-long-03,548,4313,9.196527e-04,10086,10086,7.569370,7.620464,7.9301e-01
dev-long-03,549,529,2.036117e-06,529,529,0.000913,0.000856,2.4811e-01
dev-long-03,550,56513,5.017134e-04,506,506,13.645509,13.419432,5.4871e-01
dev-long-03,551,600,5.024809e-04,600,600,0.592543,0.619186,3.5255e-01
dev-long-03,552,668,1.744995e-05,668,668,0.042346,0.042217,2.4836e-01
dev-long-03,553,3305,2.696407e-05,1093,1093,7.926836,7.936649,1.4669e-01
dev-long-03,554,529,1.742803e-04,668,668,3.978674,3.971298,1.7615e-01
dev-long-03,555,107,2.462428e-04,506,506,13.401062,13.277819,3.3833e-01
dev-long-03,556,63823,6.324851e-04,236754,236754,5.062479,5.161551,4.4107e-01
dev-long-03,557,840,7.078680e-05,1663,1663,1.415910,1.400959,1.0470e-01
dev-long-03,558,10224,4.001046e-04,506,506,8.136944,8.226264,2.5878e-01
dev-long-03,559,236764,3.810702e-05,236761,236761,2.593562,2.574077,1.7509e-01
dev-long-03,560,840,2.700743e-05,532,532,1.662281,1.656834,1.8135e-01
dev-long-03,561,2338,2.617953e-04,668,668,5.984904,5.946009,2.5403e-01
dev-long-03,562,1299,2.391528e-04,668,668,11.710276,11.706873,2.6695e-01
dev-long-03,563,668,2.999026e-05,236764,236764,2.145381,2.155759,2.2930e-01
dev-long-03,564,1921,2.173289e-04,815,815,2.616885,2.564071,1.7641e-01
dev-long-03,565,735,1.003178e-05,735,735,0.055021,0.055293,2.3072e-01
dev-long-03,566,123514,3.684756e-04,1010,1010,13.840209,13.786553,2.6839e-01
dev-long-03,567,101551,2.094652e-05,101551,101551,0.079524,0.081191,1.4194e-01
dev-long-03,568,506,6.286043e-05,914,914,2.038542,2.052187,2.1395e-01
dev-long-03,569,107,2.158639e-04,3967,3967,13.463516,13.454479,2.7460e-01
dev-long-03,570,13815,1.427770e-04,10558,10558,12.733309,12.676755,5.1351e-01
dev-long-03,571,18688,2.284120e-04,2669,2669,5.725517,5.783975,2.9686e-01
dev-long-03,572,837,1.001382e-04,236761,236761,8.904123,8.946179,1.2290e-01
dev-long-03,573,7321,5.181089e-05,5378,5378,4.284824,4.305974,1.7120e-01
dev-long-03,574,1515,1.032272e-05,1515,1515,0.021150,0.020580,1.3407e-01
dev-long-03,575,531,1.674537e-06,531,531,0.011533,0.011433,1.3649e-01
dev-long-03,576,7266,2.590350e-04,14005,14005,2.149153,2.154836,3.1172e-01
dev-long-03,577,914,1.485385e-04,506,506,0.987001,1.002874,2.4584e-01
dev-long-03,578,8001,5.822220e-04,8226,8226,6.056742,6.152015,4.1618e-01
dev-long-03,579,236761,7.486164e-04,236761,236761,0.788228,0.779586,4.4696e-01
dev-long-03,580,4298,3.099520e-04,1293,1293,7.004357,7.022046,3.0578e-01
dev-long-03,581,236764,1.967163e-04,692,692,1.386449,1.408500,1.9545e-01
dev-long-03,582,1570,1.685713e-04,668,668,14.422363,14.453601,3.1619e-01
dev-long-03,583,236764,4.422821e-07,236764,236764,0.003439,0.003443,9.6349e-02
dev-long-03,584,506,6.684442e-05,668,668,1.348148,1.359398,1.8099e-01
dev-long-03,585,107,3.550666e-03,44797,44797,13.572743,13.504397,1.7397e+00
dev-long-03,586,74214,3.369380e-02,499,499,9.664578,9.558423,2.4398e+00
dev-long-03,587,529,8.505381e-07,529,529,0.004531,0.004584,1.5808e-01
dev-long-03,588,914,8.399724e-05,506,506,4.444163,4.452626,2.9428e-01
dev-long-03,589,1463,7.139684e-04,1463,1463,1.872003,1.845180,5.2510e-01
dev-long-03,590,795,5.569404e-05,528,528,2.799528,2.804757,1.6690e-01
dev-long-03,591,4400,1.565837e-04,7298,7298,4.545742,4.548701,1.5760e-01
dev-long-03,592,1515,1.922069e-05,1515,1515,0.024532,0.023645,1.9874e-01
dev-long-03,593,531,1.962440e-05,531,531,0.042811,0.041752,1.1118e-01
dev-long-03,594,1460,7.122134e-05,1385,1385,5.143188,5.115791,1.5155e-01
dev-long-03,595,625,1.983550e-05,506,506,1.781105,1.780969,1.0899e-01
dev-long-03,596,236764,7.179310e-05,1827,1827,2.128230,2.140086,1.3793e-01
dev-long-03,597,573,3.086431e-04,532,532,2.593196,2.581697,2.8459e-01
dev-long-03,598,4677,5.208083e-05,668,668,7.432888,7.395677,1.7077e-01
dev-long-03,599,1015,3.234643e-04,563,563,2.507445,2.477015,1.8048e-01
dev-long-03,600,107,3.141171e-04,815,815,11.725431,11.667296,2.5090e-01
dev-long-03,601,32042,4.499715e-04,32042,32042,0.955402,0.976827,2.6213e-01
dev-long-03,602,236751,8.292474e-08,236751,236751,0.000083,0.000081,1.4630e-01
dev-long-03,603,1515,1.142056e-04,1515,1515,0.866743,0.868938,1.9282e-01
dev-long-03,604,795,2.699790e-04,795,795,0.530654,0.516458,2.2907e-01
dev-long-03,605,1982,3.804725e-05,577,577,13.797601,13.789859,1.3092e-01
dev-long-03,606,914,3.674477e-04,914,914,0.814473,0.840560,1.6753e-01
dev-long-03,607,5700,5.527045e-05,5700,5700,0.093578,0.093997,1.8257e-01
dev-long-03,608,531,6.597222e-06,531,531,0.037499,0.036900,8.9364e-02
dev-long-03,609,625,1.437087e-04,506,506,2.148228,2.122352,1.6245e-01
dev-long-03,610,236761,2.666663e-05,1827,1827,2.991995,3.009940,2.3671e-01
dev-long-03,611,5715,2.212091e-04,1030,1030,8.931906,8.959337,2.3130e-01
dev-long-03,612,611,3.284820e-04,692,692,3.101263,3.060715,2.0755e-01
dev-long-03,613,659,1.279117e-05,659,659,0.016766,0.016672,2.3712e-01
dev-long-03,614,236764,8.526684e-05,1827,1827,6.670709,6.680541,1.6387e-01
dev-long-03,615,56513,5.464510e-04,532,532,7.183079,7.484802,4.0796e-01
dev-long-03,616,236764,6.509337e-04,1827,1827,4.524603,4.510594,2.9049e-01
dev-long-03,617,1845,1.740192e-04,531,531,9.640115,9.759418,3.0879e-01
dev-long-03,618,107,1.281066e-04,3008,3008,14.441711,14.389263,1.9318e-01
dev-long-03,619,3843,5.457948e-04,51528,51528,7.466418,7.529122,3.3682e-01
dev-long-03,620,531,2.048642e-04,531,531,0.418489,0.414637,2.2326e-01
dev-long-03,621,506,3.629533e-04,506,506,0.428086,0.444280,4.4629e-01
dev-long-03,622,12940,2.395665e-03,4408,4408,9.690228,9.488185,4.4100e-01
dev-long-03,623,10345,4.871412e-05,4408,4408,3.162369,3.207183,2.1689e-01
dev-long-03,624,532,1.034844e-04,532,532,0.933554,0.919017,1.9104e-01
dev-long-03,625,735,4.838867e-04,1977,1977,2.881266,2.939754,1.5633e-01
dev-long-03,626,672,8.964818e-05,672,672,0.794941,0.781831,1.0144e-01
dev-long-03,627,2247,5.438333e-05,13762,13762,3.732748,3.744534,1.4620e-01
dev-long-03,628,528,4.570213e-05,528,528,0.614852,0.614600,1.6001e-01
dev-long-03,629,506,5.928325e-04,506,506,0.429774,0.431609,3.9088e-01
dev-long-03,630,9137,4.212248e-04,9137,9137,1.095100,1.076558,2.9339e-01
dev-long-03,631,107,1.319049e-04,13009,13009,15.783265,15.779194,2.6129e-01
dev-long-03,632,26429,5.853969e-05,26429,26429,0.030150,0.031698,1.0472e+00
dev-long-03,633,1827,2.343801e-05,1827,1827,0.261909,0.260424,2.0275e-01
dev-long-03,634,108,5.261119e-06,108,108,0.001661,0.001541,3.6664e-01
dev-long-03,635,236913,6.562843e-05,236913,236913,0.359640,0.357578,5.8285e-01
dev-long-03,636,902,3.207251e-04,236777,236777,8.580910,8.623264,2.2057e-01
dev-long-03,637,837,7.076197e-05,506,506,9.442275,9.376796,2.7983e-01
dev-long-03,638,236764,1.251603e-04,564,564,4.767150,4.798325,1.8424e-01
dev-long-03,639,17536,4.486406e-05,17536,17536,0.728354,0.725190,2.0182e-01
dev-long-03,640,9377,1.193367e-04,236764,236764,4.172147,4.120781,1.9121e-01
dev-long-03,641,108,6.097914e-07,108,108,0.000390,0.000376,3.3663e-01
dev-long-03,642,236913,2.205225e-05,236913,236913,0.011619,0.010926,2.5379e-01
dev-long-03,643,12932,5.482585e-04,818,902,14.471348,14.481768,2.2015e-01
dev-long-03,644,236764,1.916915e-07,236764,236764,0.001270,0.001261,1.5302e-01
dev-long-03,645,528,2.399602e-04,528,528,1.432034,1.425104,2.3273e-01
dev-long-03,646,506,1.978241e-04,506,506,0.460006,0.469018,3.4124e-01
dev-long-03,647,2222,9.102522e-04,13009,13009,6.598955,6.703135,4.1505e-01
dev-long-03,648,81098,3.740525e-04,187336,187336,8.023488,8.012372,3.6299e-01
dev-long-03,649,25317,9.416567e-05,236779,236779,2.805268,2.850274,2.0529e-01
dev-long-03,650,2222,8.334691e-04,564,564,7.224180,7.217639,3.0093e-01
dev-long-03,651,7032,2.159196e-04,81098,81098,5.572546,5.566696,3.5557e-01
dev-long-03,652,25317,2.417261e-05,25317,25317,0.036388,0.035568,2.1652e-01
dev-long-03,653,2222,7.545822e-05,532,532,5.069150,5.088626,2.1446e-01
dev-long-03,654,187336,1.651515e-03,79287,79287,3.095549,3.231714,8.4629e-01
dev-long-03,655,25929,1.933582e-06,25929,25929,0.001771,0.001690,1.7832e-01
dev-long-03,656,25317,1.652945e-04,66891,66891,3.665167,3.555902,3.3188e-01
dev-long-03,657,2222,8.189864e-04,532,532,4.410107,4.508425,3.4905e-01
dev-long-03,658,894,6.218229e-04,42362,42362,13.392714,13.289292,3.0013e-01
dev-long-03,659,236761,6.195197e-05,236761,236761,0.156117,0.151606,1.6623e-01
dev-long-03,660,7502,3.921290e-03,7502,7502,0.659633,0.583828,5.0133e-01
dev-long-03,661,236858,2.636399e-05,236858,236858,0.555045,0.549656,1.9566e-01
dev-long-03,662,236751,2.675763e-07,236751,236751,0.000664,0.000672,2.4338e-01
dev-long-03,663,66891,1.247395e-04,236779,236779,9.847970,9.974217,2.4254e-01
dev-long-03,664,25317,3.368206e-04,236779,236779,2.225882,2.177686,1.8153e-01
dev-long-03,665,107,3.399824e-04,532,532,11.457421,11.460241,2.9639e-01
dev-long-03,666,236779,2.468909e-04,624,624,2.402952,2.336993,1.5408e-01
dev-long-03,667,164334,1.237507e-03,818,818,5.927240,6.002886,2.5503e-01
dev-long-03,668,7074,1.736250e-05,7074,7074,0.043818,0.045032,1.1922e-01
dev-long-03,669,25317,4.578363e-04,25317,25317,0.402736,0.382813,2.4748e-01
dev-long-03,670,2222,7.312179e-05,532,532,2.019201,2.012095,2.0991e-01
dev-long-03,671,21108,2.171488e-05,42362,42362,10.491338,10.434404,1.8483e-01
dev-long-03,672,25317,5.209475e-05,25317,25317,0.143618,0.142154,2.4602e-01
dev-long-03,673,2222,9.993902e-05,532,532,1.608791,1.610939,2.2048e-01
dev-long-03,674,114711,5.529540e-04,42362,42362,13.547468,13.472052,3.4306e-01
dev-long-03,675,25317,1.640684e-04,25317,25317,0.549096,0.534466,1.4978e-01
dev-long-03,676,532,5.821031e-05,532,532,0.304281,0.302195,2.1189e-01
dev-long-03,677,1027,8.588129e-04,506,506,2.888357,2.959453,2.6826e-01
dev-long-03,678,3496,1.469115e-04,1032,1032,4.315360,4.334663,2.6625e-01
dev-long-03,679,600,6.733276e-04,600,600,1.144992,1.112715,2.9286e-01
dev-long-03,680,4583,3.413657e-03,795,795,14.197109,14.255213,6.8567e-01
dev-long-03,681,531,4.266570e-04,531,531,0.080910,0.088617,3.7832e-01
dev-long-03,682,611,7.501829e-05,611,611,0.098396,0.095158,3.8079e-01
dev-long-03,683,1827,1.669588e-05,1827,1827,0.162026,0.163687,2.1508e-01
dev-long-03,684,108,4.264005e-05,108,108,0.012780,0.012014,3.7931e-01
dev-long-03,685,236913,9.364211e-05,236913,236913,0.276494,0.276606,4.7498e-01
dev-long-03,686,26546,3.434483e-04,236776,236776,3.985995,4.009251,2.4824e-01
dev-long-03,687,1388,1.408342e-03,1388,1388,0.213178,0.234424,3.2865e-01
dev-long-03,688,236764,3.025251e-04,1827,1827,1.643194,1.693518,1.9463e-01
dev-long-03,689,17536,3.778138e-05,17536,17536,0.014253,0.013418,2.1870e-01
dev-long-03,690,236761,5.999913e-05,1827,1827,2.689691,2.730047,1.5456e-01
dev-long-03,691,1452,1.030077e-05,564,564,6.617928,6.649643,2.5803e-01
dev-long-03,692,672,4.348641e-05,564,564,6.008828,6.015263,1.7814e-01
dev-long-03,693,10810,1.375791e-03,795,795,3.230628,3.118486,5.6230e-01
dev-long-03,694,9377,7.070789e-04,9377,9377,0.919433,0.894812,2.9619e-01
dev-long-03,695,108,4.027200e-07,108,108,0.000166,0.000159,3.0679e-01
dev-long-03,696,236913,9.561331e-05,236913,236913,0.010631,0.009316,3.3589e-01
dev-long-03,697,24019,1.223279e-03,27252,27252,8.897923,8.949544,5.9046e-01
dev-long-03,698,236764,1.609375e-05,236764,236764,0.004090,0.003763,1.8619e-01
dev-long-03,699,11262,1.447915e-03,56513,56513,8.445880,8.468164,5.8273e-01
dev-long-03,700,236764,2.006427e-05,236761,236761,3.129763,3.102643,1.6847e-01
dev-long-03,701,564,9.897720e-04,506,506,3.111843,3.104454,4.2784e-01
dev-long-03,702,2863,6.508900e-04,4646,4646,2.231626,2.154629,1.3597e-01
dev-long-03,703,2514,1.758805e-04,2514,2514,0.500475,0.490133,1.8234e-01
dev-long-03,704,506,1.822439e-05,625,625,5.124005,5.165889,2.7429e-01
dev-long-03,705,10810,1.509497e-03,60556,60556,1.328049,1.293025,7.3000e-01
dev-long-03,706,236761,6.208605e-04,573,573,3.263167,3.152391,3.6943e-01
dev-long-03,707,10770,5.096408e-05,1030,1030,11.574015,11.604826,2.8590e-01
dev-long-03,708,611,5.756329e-07,611,611,0.000270,0.000254,2.1514e-01
dev-long-03,709,236761,5.658704e-05,236764,236764,5.334585,5.354628,3.0741e-01
dev-long-03,710,1452,1.264841e-04,564,564,3.732766,3.740067,2.3822e-01
dev-long-03,711,236764,3.547900e-04,564,564,5.207871,5.247516,4.0990e-01
dev-long-03,712,564,3.779875e-04,34440,34440,3.046362,3.053795,3.4319e-01
dev-long-03,713,1879,6.952641e-04,4646,4646,7.562504,7.539295,1.8028e-01
dev-long-03,714,236764,4.848402e-06,236764,236764,0.017887,0.017646,1.4550e-01
dev-long-03,715,56513,2.858626e-04,600,600,4.972656,5.029831,2.6343e-01
dev-long-03,716,236764,5.583572e-06,236764,236764,0.005099,0.004959,2.5833e-01
dev-long-03,717,1164,2.942071e-04,611,611,11.661660,11.704273,2.9973e-01
dev-long-03,718,107,4.008589e-04,2514,2514,14.639912,14.664593,2.8266e-01
dev-long-03,719,20786,6.072332e-04,495,495,13.067653,13.098002,5.3823e-01
dev-long-03,720,496,2.152571e-04,5869,5869,3.037837,2.988067,3.1753e-01
dev-long-03,721,60556,2.395764e-03,6290,6290,4.978632,4.535261,7.8611e-01
dev-long-03,722,580,1.539358e-04,573,573,5.919504,5.940131,2.7524e-01
dev-long-03,723,822,2.430655e-04,822,822,0.558749,0.539943,1.6740e-01
dev-long-03,724,1595,2.158102e-06,1595,1595,0.011742,0.011664,1.4077e-01
dev-long-03,725,1063,1.341361e-04,1063,1063,1.012033,1.013147,1.2156e-01
dev-long-03,726,532,1.848910e-04,236761,1827,5.164316,5.168486,1.7396e-01
dev-long-03,727,5264,3.491367e-04,3944,3944,6.286165,6.288456,3.8508e-01
dev-long-03,728,625,1.656039e-05,625,625,0.030842,0.030077,1.8070e-01
dev-long-03,729,1590,3.184510e-04,528,528,6.540171,6.535130,1.7277e-01
dev-long-03,730,607,4.492963e-04,1827,1827,5.731939,5.780389,2.5274e-01
dev-long-03,731,786,1.896404e-04,786,786,0.412194,0.410711,3.2162e-01
dev-long-03,732,236764,3.382557e-04,1827,1827,4.704159,4.753897,2.3771e-01
dev-long-03,733,573,2.989639e-04,573,573,1.706548,1.706034,2.6348e-01
dev-long-03,734,692,1.769346e-04,564,564,2.757934,2.742097,3.0260e-01
dev-long-03,735,1921,1.139628e-04,2863,2863,4.336002,4.338568,1.4167e-01
dev-long-03,736,107,1.085140e-04,735,735,12.518977,12.489467,2.3401e-01
dev-long-03,737,17777,1.467013e-04,17777,17777,0.397633,0.390504,1.5570e-01
dev-long-03,738,886,1.282723e-04,496,496,3.235011,3.216526,2.0303e-01
dev-long-03,739,531,1.161666e-04,573,573,1.821161,1.841436,2.6248e-01
dev-long-03,740,2583,5.321590e-04,1594,1594,4.717453,4.775232,3.3113e-01
dev-long-03,741,531,6.216669e-04,531,531,1.209649,1.223255,6.0022e-01
dev-long-03,742,672,1.010492e-03,506,506,5.908622,5.932195,6.4552e-01
dev-long-03,743,33995,7.261337e-04,33995,33995,1.664754,1.633275,4.4957e-01
dev-long-03,744,528,2.528320e-04,1056,1056,5.444058,5.440611,4.2818e-01
dev-long-03,745,1977,1.950221e-04,506,506,11.180824,11.136565,3.1995e-01
dev-long-03,746,529,1.998600e-07,529,529,0.000443,0.000430,1.4388e-01
dev-long-03,747,506,3.812069e-05,506,506,0.105847,0.103204,2.4886e-01
dev-long-03,748,886,9.565549e-05,886,886,0.307163,0.301162,2.1514e-01
dev-long-03,749,837,4.476478e-05,668,668,5.295411,5.310043,2.5146e-01
dev-long-03,750,822,1.056569e-04,691,691,9.584435,9.684289,2.6549e-01
dev-long-03,751,107,1.016170e-03,6853,6853,12.359779,12.396837,7.3371e-01
dev-long-03,752,10774,8.776151e-04,46208,46208,7.742149,7.741101,4.6675e-01
dev-long-03,753,563,7.914676e-04,815,815,1.953323,1.929201,3.5406e-01
dev-long-03,754,1492,1.818170e-03,9724,9724,2.367019,2.310564,3.4026e-01
dev-long-03,755,2179,9.385796e-04,9724,9724,7.550171,7.495168,4.5155e-01
dev-long-03,756,114833,1.780842e-06,114833,114833,0.002061,0.002138,1.7897e-01
dev-long-03,757,1827,6.433843e-06,1827,1827,0.026985,0.026516,1.9721e-01
dev-long-03,758,108,2.988437e-05,108,108,0.008349,0.007690,6.5650e-01
dev-long-03,759,4420,7.000498e-04,236913,236913,7.114499,6.995686,4.5953e-01
dev-long-03,760,506,4.140310e-04,564,564,1.624143,1.638763,4.4414e-01
dev-long-03,761,10046,1.105804e-03,60556,60556,3.766614,3.979379,7.7987e-01
dev-long-03,762,8189,1.418599e-07,8189,8189,0.000054,0.000055,4.4029e-01
dev-long-03,763,1053,2.771554e-04,1053,1053,0.871929,0.860356,2.6764e-01
dev-long-03,764,8731,8.735344e-05,2378,2378,2.322710,2.329103,1.6787e-01
dev-long-03,765,236764,3.041935e-05,236764,236764,0.014656,0.013793,2.2253e-01
dev-long-03,766,48213,2.469675e-04,48213,48213,0.306144,0.316187,4.3199e-01
dev-long-03,767,3721,4.102114e-04,6812,6812,3.960527,3.987363,3.3667e-01
dev-long-03,768,872,1.115015e-04,506,506,3.628144,3.641846,3.0075e-01
dev-long-03,769,506,1.904547e-05,506,506,0.053931,0.055105,4.5300e-01
dev-long-03,770,10810,8.062249e-03,3730,3730,1.324116,1.356343,1.3011e+00
dev-long-03,771,532,2.827941e-04,236764,236764,1.088476,1.086764,1.8245e-01
dev-long-03,772,4247,1.322758e-04,6812,6812,1.351861,1.354408,1.8148e-01
dev-long-03,773,625,2.483288e-07,625,625,0.000777,0.000763,1.4493e-01
dev-long-03,774,107,2.112508e-05,872,872,15.730509,15.774551,1.8008e-01
dev-long-03,775,59677,1.813527e-03,495,495,3.348914,3.483492,5.1353e-01
dev-long-03,776,506,2.303238e-07,506,506,0.004245,0.004209,1.9308e-01
dev-long-03,777,2214,8.161778e-05,2214,2214,0.385967,0.385767,4.0730e-01
dev-long-03,778,236761,4.937150e-06,236764,236764,1.122903,1.124995,1.7811e-01
dev-long-03,779,999,3.952677e-05,999,999,0.131922,0.132034,2.6955e-01
dev-long-03,780,1509,1.836849e-04,1509,1509,0.531332,0.533678,5.9497e-01
dev-long-03,781,236858,1.461248e-04,563,563,6.334700,6.456073,3.1626e-01
dev-long-03,782,236751,3.234741e-09,236751,236751,0.000002,0.000002,2.4799e-01
dev-long-03,783,496,3.252377e-04,496,496,0.696831,0.704444,4.2777e-01
dev-long-03,784,7326,2.709328e-03,37065,37065,14.692846,14.687387,1.0288e+00
dev-long-03,785,1920,8.972318e-04,1920,1920,0.479299,0.452323,2.9201e-01
dev-long-03,786,3210,6.906479e-04,10810,10810,2.436774,2.438239,4.3161e-01
dev-long-03,787,2130,2.728982e-04,2130,2130,0.998760,0.971872,2.1828e-01
dev-long-03,788,1176,3.669046e-07,668,668,8.301700,8.254939,1.6985e-01
dev-long-03,789,668,8.573016e-06,668,668,0.000990,0.001123,3.1840e-01
dev-long-03,790,236761,3.375122e-04,236761,236761,0.615599,0.631001,2.6906e-01
dev-long-03,791,999,8.856992e-05,999,999,0.013203,0.012012,3.5945e-01
dev-long-03,792,11896,1.930921e-04,4573,4573,9.905327,9.971718,2.7698e-01
dev-long-03,793,1460,6.736477e-04,496,496,9.920176,9.980681,3.4450e-01
dev-long-03,794,1217,2.437690e-04,506,506,1.582670,1.563415,3.1266e-01
dev-long-03,795,625,6.777643e-04,625,625,0.496704,0.524032,3.1786e-01
dev-long-03,796,107,3.362752e-04,49261,49261,12.762376,12.801633,4.4316e-01
dev-long-03,797,3626,7.229496e-03,236765,236765,8.169950,8.047051,2.9746e-01
dev-long-03,798,35732,3.217754e-05,164127,164127,0.943998,0.935244,1.9668e-01
dev-long-03,799,532,1.242978e-04,236761,236761,7.409424,7.447479,1.9470e-01
dev-long-03,800,114896,1.485049e-04,67257,67257,3.026831,3.040447,1.8812e-01
dev-long-03,801,236761,2.979469e-04,1827,1827,0.910270,0.934469,2.3362e-01
dev-long-03,802,5517,1.695069e-04,1030,1030,10.911083,10.963914,4.4651e-01
dev-long-03,803,3003,2.710192e-06,3003,3003,0.019383,0.019540,2.8578e-01
dev-long-03,804,625,4.867109e-06,236764,236764,6.159002,6.135629,2.3772e-01
dev-long-03,805,563,2.425411e-04,563,563,0.359280,0.360824,2.6070e-01
dev-long-03,806,496,5.367490e-04,711,711,1.600193,1.589027,4.9386e-01
dev-long-03,807,31197,4.011390e-03,37065,37065,16.893987,17.018768,1.3378e+00
dev-long-03,808,532,4.669229e-05,529,529,8.058993,8.098988,2.0648e-01
dev-long-03,809,3213,2.701083e-04,496,496,11.597354,11.568854,2.4993e-01
dev-long-03,810,529,1.940943e-05,529,529,0.273814,0.270693,1.7652e-01
dev-long-03,811,12158,3.669322e-04,784,784,12.608470,12.585578,2.6262e-01
dev-long-03,812,236761,1.076737e-03,236764,236764,1.873195,1.869661,4.1128e-01
dev-long-03,813,107,1.178776e-04,1030,1030,9.896623,9.893645,2.0034e-01
dev-long-03,814,13111,2.482458e-04,236777,1509,8.629140,8.622433,3.7927e-01
dev-long-03,815,1535,4.342982e-04,1822,1822,4.830288,4.851098,4.0652e-01
dev-long-03,816,10810,3.477620e-04,56242,56242,4.651822,4.694928,4.1422e-01
dev-long-03,817,563,8.955691e-05,563,563,1.203347,1.196876,1.8230e-01
dev-long-03,818,236761,1.155326e-04,496,496,7.053703,7.142982,2.1476e-01
dev-long-03,819,2195,2.324916e-04,1452,1452,9.149781,9.171106,2.3606e-01
dev-long-03,820,659,1.644312e-04,659,659,0.571614,0.561899,2.2305e-01
dev-long-03,821,506,4.439224e-04,711,711,1.941127,1.940617,4.3760e-01
dev-long-03,822,40450,2.619004e-04,2307,2307,9.997413,10.100763,2.7006e-01
dev-long-03,823,236858,2.752642e-06,236858,236858,0.102960,0.102871,1.6726e-01
dev-long-03,824,236751,2.193396e-09,236751,236751,0.000002,0.000002,2.0977e-01
dev-long-03,825,4493,1.205724e-04,1852,1852,9.484462,9.506034,3.1955e-01
dev-long-03,826,182838,1.282766e-04,1827,1827,11.199961,11.279802,2.6921e-01
dev-long-03,827,236761,1.675613e-04,1827,1827,1.966167,1.948511,1.6741e-01
dev-long-03,828,799,3.403416e-04,2195,2195,5.927429,5.945962,2.4457e-01
dev-long-03,829,506,2.432817e-04,672,672,1.781661,1.811586,3.6528e-01
dev-long-03,830,6268,9.054263e-04,4916,4916,10.370949,10.506550,8.4840e-01
dev-long-03,831,532,6.405142e-04,10165,10165,5.739926,5.730948,3.1766e-01
dev-long-03,832,107,2.749451e-05,919,919,9.525665,9.496812,1.2918e-01
dev-long-03,833,5006,1.156120e-04,5576,5576,10.277269,10.209689,5.0645e-01
dev-long-03,834,76990,2.983798e-04,236764,236764,4.274687,4.308922,3.7879e-01
dev-long-03,835,1418,1.873263e-05,236764,236764,10.468047,10.463390,1.8243e-01
dev-long-03,836,57187,2.989559e-04,36163,36163,3.353715,3.328967,3.7826e-01
dev-long-03,837,1149,1.243444e-04,563,563,7.079063,7.128738,1.3681e-01
dev-long-03,838,1975,5.240386e-05,577,577,10.459721,10.479492,1.4651e-01
dev-long-03,839,573,1.799635e-04,573,573,0.866765,0.884728,1.7807e-01
dev-long-03,840,496,8.350870e-06,496,496,0.147340,0.147615,1.1890e-01
dev-long-03,841,48804,1.023271e-03,43996,43996,7.286192,7.226091,5.1223e-01
dev-long-03,842,28869,1.424745e-04,4083,4083,2.504196,2.494594,2.0744e-01
dev-long-03,843,236761,3.594927e-05,236761,236761,0.678127,0.672415,1.2824e-01
dev-long-03,844,1174,2.878065e-04,1030,1030,1.831686,1.832563,4.3386e-01
dev-long-03,845,10810,2.264450e-04,886,886,3.037433,3.001040,4.5220e-01
dev-long-03,846,563,1.091730e-04,236764,236764,2.473776,2.436860,2.7624e-01
dev-long-03,847,711,2.329952e-04,496,496,2.252478,2.243619,2.2692e-01
dev-long-03,848,107,2.606332e-04,614,614,11.546487,11.493511,1.7317e-01
dev-long-03,849,40253,2.637372e-04,236746,236746,4.999230,5.014980,3.6707e-01
dev-long-03,850,12571,2.841897e-04,236764,236764,13.973403,14.057433,3.2885e-01
dev-long-03,851,1518,1.239106e-03,1518,1518,0.881915,0.877395,3.0928e-01
dev-long-03,852,2255,3.030551e-06,2255,2255,0.027574,0.027692,1.4241e-01
dev-long-03,853,236761,6.617130e-05,236764,236764,1.234053,1.220202,1.4285e-01
dev-long-03,854,1030,1.047087e-04,1030,1030,0.216823,0.215656,2.6422e-01
dev-long-03,855,691,7.165845e-05,563,563,5.215670,5.276243,1.7059e-01
dev-long-03,856,1765,4.495048e-04,496,496,4.221494,4.297360,2.7969e-01
dev-long-03,857,528,1.549535e-03,528,528,0.793517,0.824789,6.6970e-01
dev-long-03,858,506,2.554034e-04,496,496,1.053299,1.069891,4.6147e-01
dev-long-03,859,11196,4.725292e-04,14836,14836,16.223595,16.065447,3.7894e-01
dev-long-03,860,529,4.757010e-06,529,529,0.033691,0.033608,2.8424e-01
dev-long-03,861,506,5.782686e-05,506,506,0.218359,0.223130,2.9751e-01
dev-long-03,862,3013,4.482575e-05,77634,77634,13.739302,13.806296,3.5322e-01
dev-long-03,863,1088,1.187298e-03,1148,1148,12.006488,12.068979,1.8124e-01
dev-long-03,864,7940,3.073180e-04,7940,7940,0.293383,0.280775,1.8408e-01
dev-long-03,865,528,1.107767e-04,236764,236764,2.046433,2.020894,2.4006e-01
dev-long-03,866,107,4.181984e-04,506,506,9.943301,9.867645,3.5574e-01
dev-long-03,867,193166,1.917754e-03,31939,31939,8.653005,8.559968,3.6894e-01
dev-long-03,868,5818,1.479214e-07,5818,5818,0.000469,0.000461,1.9494e-01
dev-long-03,869,532,4.031875e-04,236764,236764,4.849542,4.923343,2.8686e-01
dev-long-03,870,563,3.375270e-04,691,691,2.028055,2.054118,4.1102e-01
dev-long-03,871,19374,9.776227e-04,496,496,7.160670,7.167314,4.2183e-01
dev-long-03,872,528,2.860724e-05,573,573,4.596683,4.628914,2.2704e-01
dev-long-03,873,2963,1.152196e-05,1061,1061,9.224435,9.197581,2.5462e-01
dev-long-03,874,1418,1.400032e-04,1010,1010,14.674317,14.744640,2.6416e-01
dev-long-03,875,13629,1.673858e-04,57187,57187,6.143570,6.120789,3.0904e-01
dev-long-03,876,529,1.355386e-04,529,529,0.328795,0.329085,3.3725e-01
dev-long-03,877,506,2.964845e-04,496,496,1.631030,1.665053,4.9701e-01
dev-long-03,878,107,2.442089e-03,3730,3730,9.813396,9.778659,6.1852e-01
dev-long-03,879,4554,1.669729e-02,6700,6700,3.532543,3.714252,4.6887e-01
dev-long-03,880,59480,2.278864e-04,59480,59480,0.001321,0.002255,8.3039e-01
dev-long-03,881,2700,7.463787e-09,2700,2700,0.000097,0.000097,3.2043e-01
dev-long-03,882,236764,5.944012e-05,236761,236761,1.496602,1.478938,3.0147e-01
dev-long-03,883,5383,2.486476e-04,3635,3635,5.720976,5.819033,1.9024e-01
dev-long-03,884,600,2.273476e-04,573,573,1.348532,1.365577,1.8273e-01
dev-long-03,885,625,2.658468e-05,625,625,0.079969,0.080986,2.0384e-01
dev-long-03,886,563,8.567216e-05,563,563,0.119102,0.115168,1.8349e-01
dev-long-03,887,3730,2.562109e-04,496,496,7.033706,7.113523,2.5722e-01
dev-long-03,888,528,2.342460e-04,236764,236764,4.785269,4.747191,2.6771e-01
dev-long-03,889,23791,3.027146e-04,506,506,6.676281,6.623554,2.7802e-01
dev-long-03,890,5205,1.166155e-04,236764,236764,5.232712,5.245227,1.6412e-01
dev-long-03,891,529,8.065107e-08,529,529,0.000504,0.000503,1.0315e-01
dev-long-03,892,70881,2.201398e-04,2604,2604,6.227242,6.169090,2.8862e-01
dev-long-03,893,2604,9.212477e-05,1827,1827,4.015741,3.998797,1.6598e-01
dev-long-03,894,236761,4.281426e-06,1827,1827,1.395421,1.392525,1.5460e-01
dev-long-03,895,799,2.614521e-04,1030,1030,3.871458,3.857048,2.8891e-01
dev-long-03,896,28719,2.015862e-04,506,506,8.669109,8.673072,3.2416e-01
dev-long-03,897,107,1.051460e-08,529,529,15.167320,15.165140,1.2172e-01
dev-long-03,898,1340,8.344377e-05,1340,1340,0.007796,0.008908,3.0257e-01
dev-long-03,899,1061,2.538725e-04,1061,1061,0.300141,0.308551,2.8438e-01
dev-long-03,900,10974,2.771810e-04,10974,10974,1.488883,1.495615,2.5294e-01
dev-long-03,901,236764,1.667216e-05,236764,236764,0.113234,0.111270,1.1789e-01
dev-long-03,902,625,1.351065e-05,625,625,0.294371,0.293239,2.3493e-01
dev-long-03,903,815,3.786458e-05,41041,41041,1.413016,1.413765,1.5610e-01
dev-long-03,904,3016,1.272238e-04,496,496,3.536425,3.542781,2.4582e-01
dev-long-03,905,496,7.526958e-04,1010,1010,8.892451,8.912596,2.9306e-01
dev-long-03,906,99870,2.050309e-04,4083,4083,9.642929,9.642409,2.7992e-01
dev-long-03,907,4083,5.390052e-04,4083,4083,0.272205,0.258242,2.4104e-01
dev-long-03,908,236761,1.002587e-04,1827,1827,1.317374,1.298632,1.4557e-01
dev-long-03,909,2085,3.817981e-04,1030,1030,7.432350,7.451518,3.3846e-01
dev-long-03,910,735,5.087919e-05,563,563,6.145505,6.172374,1.1171e-01
dev-long-03,911,1010,6.218448e-07,1010,1010,0.002489,0.002465,1.9338e-01
dev-long-03,912,1156,3.208516e-04,7248,7248,8.322321,8.415086,2.4187e-01
dev-long-03,913,107,2.561342e-04,1032,1032,12.919113,12.888585,5.7833e-01
dev-long-03,914,46955,3.840225e-03,27923,27923,8.958434,9.104322,5.8968e-01
dev-long-03,915,14425,2.492139e-06,14425,14425,0.002304,0.002374,1.8579e-01
dev-long-03,916,236764,1.498655e-04,5143,5143,5.541687,5.578814,2.0642e-01
dev-long-03,917,496,2.004056e-04,532,532,5.795593,5.816629,2.2690e-01
dev-long-03,918,8160,6.651908e-04,880,880,20.690009,20.632067,4.8494e-01
dev-long-03,919,202676,7.310222e-05,202676,202676,0.249483,0.244764,1.9386e-01
dev-long-03,920,236772,4.129975e-04,236772,676,1.013083,1.042986,2.2511e-01
dev-long-03,921,181900,6.030536e-04,120069,120069,8.751147,8.725143,4.5197e-01
dev-long-03,922,236764,1.707555e-04,236764,236764,1.410737,1.410415,1.9215e-01
dev-long-03,923,496,2.881762e-05,532,532,3.906719,3.902847,2.0047e-01
dev-long-03,924,29101,1.270977e-03,880,880,6.464534,6.437947,4.6736e-01
dev-long-03,925,236764,8.619470e-05,236764,236764,0.170251,0.167608,1.5249e-01
dev-long-03,926,532,4.036766e-05,1800,1800,1.747590,1.752478,1.3450e-01
dev-long-03,927,3131,1.163599e-04,496,496,4.037471,4.057661,3.0463e-01
dev-long-03,928,179065,4.257534e-04,1032,1032,4.245905,4.251946,2.8153e-01
dev-long-03,929,6111,1.517087e-04,5143,5143,10.494335,10.513723,1.7432e-01
dev-long-03,930,107,6.055797e-05,1003,1003,11.302261,11.246227,1.1715e-01
dev-long-03,931,9869,9.218914e-04,1071,1071,4.622734,4.564010,2.8103e-01
dev-long-03,932,573,3.113724e-06,684,684,9.528083,9.548944,1.1623e-01
dev-long-03,933,506,2.129487e-04,672,672,2.354888,2.387517,1.9689e-01
dev-long-03,934,24273,2.258925e-04,13783,10810,4.031964,4.025141,4.5306e-01
dev-long-03,935,529,2.673121e-08,529,529,0.000105,0.000103,1.2042e-01
dev-long-03,936,672,6.096705e-04,506,506,1.937631,1.874284,3.5334e-01
dev-long-03,937,28959,9.344674e-05,10810,10810,16.455748,16.477719,2.9490e-01
dev-long-03,938,236772,1.387384e-05,236772,236772,0.005591,0.005351,4.0096e-01
dev-long-03,939,99208,5.193812e-05,3704,3704,14.704761,14.714283,2.8323e-01
dev-long-03,940,3825,2.291604e-04,10810,10810,9.879762,9.901256,2.6300e-01
dev-long-03,941,529,8.288717e-05,1827,1827,2.633536,2.600938,1.5390e-01
dev-long-03,942,22453,5.331170e-04,10810,10810,8.316802,8.357546,3.6284e-01
dev-long-03,943,2470,2.276813e-06,2470,2470,0.007737,0.007581,1.8695e-01
dev-long-03,944,45450,1.422721e-03,16966,16966,12.041417,12.033112,4.3196e-01
dev-long-03,945,236761,2.726826e-05,236761,1827,0.708268,0.715206,1.8147e-01
dev-long-03,946,107,4.213040e-04,1030,1030,9.855979,9.818406,2.5213e-01
dev-long-03,947,15938,7.245617e-04,2094,2094,9.744332,9.788278,2.6771e-01
dev-long-03,948,1093,2.228724e-04,10077,10077,1.476127,1.444915,1.5512e-01
dev-long-03,949,1751,2.208567e-04,611,611,3.366106,3.357728,1.9688e-01
dev-long-03,950,600,1.128757e-04,600,600,0.248888,0.242975,2.4318e-01
dev-long-03,951,834,7.904361e-05,1288,1288,5.180744,5.201396,2.7851e-01
dev-long-03,952,5497,2.925893e-05,1944,1944,10.310348,10.337343,1.3227e-01
dev-long-03,953,496,3.090684e-06,496,496,0.013412,0.013190,1.3065e-01
dev-long-03,954,18935,4.236760e-04,10810,10810,5.048913,5.055624,2.8613e-01
dev-long-03,955,1093,5.177405e-05,1451,1451,4.990570,4.960155,1.8720e-01
dev-long-03,956,577,1.084267e-04,577,577,0.517143,0.518498,2.2255e-01
dev-long-03,957,496,1.619227e-04,496,496,0.606897,0.603674,2.4879e-01
dev-long-03,958,2076,1.355616e-04,31197,31197,11.983932,12.029375,1.8731e-01
dev-long-03,959,187592,3.089521e-07,187592,187592,0.001794,0.001762,2.0113e-01
dev-long-03,960,531,6.007069e-06,529,529,4.332499,4.355855,1.5612e-01
dev-long-03,961,506,1.058156e-05,1288,1288,5.856007,5.896505,1.5540e-01
dev-long-03,962,549,2.496350e-04,1346,1346,8.642115,8.636583,2.3281e-01
dev-long-03,963,56201,1.779046e-07,56201,56201,0.000407,0.000412,1.5697e-01
dev-long-03,964,107,2.251680e-05,1827,1827,16.673445,16.689070,1.4372e-01
dev-long-03,965,624,7.360544e-05,624,624,0.116940,0.120622,1.3464e-01
dev-long-03,966,506,4.021261e-05,506,506,0.130378,0.132301,1.7029e-01
dev-long-03,967,10894,1.044701e-04,23674,23674,4.468235,4.453518,1.7295e-01
dev-long-03,968,236881,4.215631e-05,9377,9377,3.421608,3.433225,1.6321e-01
dev-long-03,969,564,1.335511e-04,1030,1030,3.185480,3.208461,1.3198e-01
dev-long-03,970,236858,3.313717e-04,1006,1006,6.944092,6.937160,2.8609e-01
dev-long-03,971,859,7.005309e-04,560,560,2.142626,2.061140,2.0487e-01
dev-long-03,972,6623,2.539501e-03,2514,2514,9.738755,9.721129,5.4110e-01
dev-long-03,973,625,9.407048e-06,625,625,0.016543,0.016255,1.4819e-01
dev-long-03,974,872,6.470523e-05,3121,3121,3.008746,3.040558,2.0445e-01
dev-long-03,975,528,1.068814e-04,573,573,1.395280,1.398350,1.5692e-01
dev-long-03,976,1041,2.140281e-04,1041,1041,0.691873,0.673749,1.3861e-01
dev-long-03,977,3188,2.787252e-05,6338,6338,2.913637,2.899264,1.6419e-01
dev-long-03,978,3673,1.659355e-04,236772,236772,1.574801,1.592883,1.5483e-01
dev-long-03,979,1492,2.850305e-05,573,573,9.062904,9.056659,1.3425e-01
dev-long-03,980,532,9.046853e-06,1827,1827,7.343849,7.369118,1.8268e-01
dev-long-03,981,7266,2.148013e-04,10849,10849,13.136509,13.146615,1.9755e-01
dev-long-03,982,496,1.893219e-05,625,625,4.332857,4.307103,2.1467e-01
dev-long-03,983,1757,2.252775e-04,5433,5433,2.663599,2.678216,2.6248e-01
dev-long-03,984,531,1.949137e-06,531,531,0.004281,0.004305,1.2533e-01
dev-long-03,985,107,1.895212e-03,506,506,11.790294,11.748989,7.1763e-01
dev-long-03,986,1437,2.307312e-03,1437,1437,0.707957,0.774031,7.1435e-01
dev-long-03,987,146807,3.050693e-03,146807,146807,0.568879,0.630634,6.1184e-01
dev-long-03,988,531,1.184626e-04,529,529,4.711073,4.706812,2.4668e-01
dev-long-03,989,1879,1.522515e-04,1573,1573,4.628676,4.576359,1.8226e-01
dev-long-03,990,600,5.582652e-05,600,600,0.226218,0.225015,2.3926e-01
dev-long-03,991,692,1.357488e-04,564,564,4.421206,4.427565,3.1964e-01
dev-long-03,992,735,9.958394e-05,735,735,0.092204,0.088759,1.9940e-01
dev-long-03,993,625,9.052879e-05,625,625,1.520501,1.528360,2.2354e-01
dev-long-03,994,1827,4.167922e-05,1827,1827,0.076679,0.075606,2.4180e-01
dev-long-03,995,108,3.387938e-05,108,108,0.033320,0.031953,3.8891e-01
dev-long-03,996,236913,5.323355e-04,2094,2094,5.343594,5.380207,4.4366e-01
dev-long-03,997,6294,3.182974e-04,236776,236776,5.800667,5.822200,2.9887e-01
dev-long-03,998,611,2.878393e-06,611,611,0.005729,0.005645,1.4893e-01
dev-long-03,999,1751,4.829892e-05,1751,1751,0.093136,0.093053,1.6079e-01
dev-long-03,1000,600,1.711772e-04,625,625,2.407907,2.420966,2.1817e-01
dev-long-03,1001,672,6.103996e-04,625,625,2.016553,2.030168,4.3986e-01
dev-long-03,1002,880,2.523709e-03,795,795,6.056913,6.121056,7.5625e-01
dev-long-03,1003,151504,3.235452e-04,563,563,19.338430,19.459744,3.5078e-01
dev-long-03,1004,563,5.603971e-04,236764,236764,1.560581,1.536979,3.5992e-01
dev-long-03,1005,32884,3.694648e-03,6638,6638,4.183545,4.046826,6.9244e-01
dev-long-03,1006,9377,1.358709e-05,9377,9377,0.018357,0.017702,1.7511e-01
dev-long-03,1007,108,8.531172e-07,108,108,0.000107,0.000097,4.0091e-01
dev-long-03,1008,236913,1.015449e-05,236913,236913,0.005633,0.005306,2.0129e-01
dev-long-03,1009,236777,2.786930e-04,38532,38532,1.178829,1.204355,3.0894e-01
dev-long-03,1010,3914,4.549720e-04,776,776,1.584497,1.593749,2.5566e-01
dev-long-03,1011,3442,2.974901e-05,1879,1879,3.828412,3.847270,1.7455e-01
dev-long-03,1012,1827,2.154936e-04,611,611,3.558087,3.597733,1.4767e-01
dev-long-03,1013,108,8.051167e-06,108,108,0.003577,0.003373,3.1320e-01
dev-long-03,1014,236913,5.877876e-04,13513,13513,1.267630,1.227929,4.3689e-01
dev-long-03,1015,13086,2.187369e-04,3133,3133,3.749886,3.714940,1.7630e-01
dev-long-03,1016,236764,1.456584e-06,236764,236764,0.006727,0.006849,1.3071e-01
dev-long-03,1017,1299,1.766359e-04,17536,17536,4.745994,4.707860,2.4132e-01
dev-long-03,1018,236764,7.943088e-04,9377,9377,1.522761,1.592492,2.1762e-01
dev-long-03,1019,776,1.780300e-04,692,692,7.541488,7.512330,2.1614e-01
dev-long-03,1020,611,1.322958e-06,611,611,0.004658,0.004623,1.3763e-01
dev-long-03,1021,14011,1.467994e-05,1751,1751,9.464657,9.468874,1.3223e-01
dev-long-03,1022,600,2.563982e-04,668,668,0.946791,0.961240,5.2057e-01
dev-long-03,1023,672,1.683416e-03,3186,3186,1.902754,1.904459,6.6241e-01
dev-corpus-00,1024,22903,2.904872e-06,578,578,22.470330,22.460832,1.4834e-02
dev-corpus-00,1025,36189,4.478941e-07,529,529,16.216931,16.216092,1.5149e-02
dev-corpus-00,1026,12307,1.281450e-07,2876,2876,3.726160,3.726108,1.5727e-02
dev-corpus-00,1027,568,1.283715e-06,236764,236764,3.134531,3.134801,1.6372e-02
dev-corpus-00,1028,60904,2.894829e-06,236774,236774,37.940240,37.956131,2.7405e-02
dev-corpus-00,1029,1031,2.501462e-07,236768,236768,10.085126,10.086548,1.3132e-02
dev-corpus-00,1030,23468,2.704671e-08,23468,23468,0.655567,0.655462,1.2438e-02
dev-corpus-00,1031,1732,2.158105e-07,236768,236768,4.218032,4.222523,1.2000e-02
dev-corpus-00,1032,578,1.890913e-06,563,563,3.629286,3.623535,1.8311e-02
dev-corpus-00,1033,236743,1.481555e-06,22903,22903,5.811451,5.813963,1.2066e-02
dev-corpus-00,1034,107,4.227431e-06,236770,236770,2.105873,2.102311,2.4111e-02
dev-corpus-00,1035,236743,2.373390e-06,236784,236784,3.458953,3.459472,3.0736e-02
dev-corpus-00,1036,107,1.007918e-08,107,107,0.010853,0.010859,1.6887e-02
dev-corpus-00,1037,22903,1.918955e-06,236743,236743,5.314917,5.316604,1.7388e-02
dev-corpus-00,1038,36189,2.566131e-08,36189,36189,0.004734,0.004733,2.0660e-02
dev-corpus-00,1039,12307,1.228862e-10,12307,12307,0.000048,0.000048,9.5949e-03
dev-corpus-00,1040,568,6.068428e-07,568,568,0.035966,0.035771,1.7576e-02
dev-corpus-00,1041,51878,2.313363e-07,60904,60904,21.258189,21.265399,2.3295e-02
dev-corpus-00,1042,1017,5.563593e-06,236764,236764,5.031847,5.037433,4.3005e-02
dev-corpus-00,1043,135509,6.570675e-07,135509,135509,0.589025,0.589484,1.4899e-02
dev-corpus-00,1044,190201,5.242500e-09,190201,190201,0.000840,0.000839,2.2298e-02
dev-corpus-00,1045,1732,5.468641e-07,236768,236768,2.185769,2.184879,1.4144e-02
dev-corpus-00,1046,563,1.398037e-06,563,563,0.546149,0.546557,2.3718e-02
dev-corpus-00,1047,496,3.252817e-07,496,496,0.053324,0.053168,1.8804e-02
dev-corpus-00,1048,94386,2.051607e-06,33951,33951,9.483674,9.478940,2.1082e-02
dev-corpus-00,1049,617,4.234948e-13,617,617,0.000000,0.000000,1.4559e-02
dev-corpus-00,1050,125039,1.773551e-06,19231,19231,3.628291,3.631057,2.1436e-02
dev-corpus-00,1051,5628,3.437572e-07,5628,5628,0.104154,0.104388,2.1544e-02
dev-corpus-00,1052,657,7.758573e-09,528,528,7.170302,7.165930,1.3057e-02
dev-corpus-00,1053,236743,8.861532e-08,236743,236743,0.036894,0.036919,1.7046e-02
dev-corpus-00,1054,236770,2.139490e-07,236770,236770,0.377760,0.377391,1.5564e-02
dev-corpus-00,1055,236770,3.870049e-08,236771,236771,1.967297,1.967377,1.3304e-02
dev-corpus-00,1056,236832,4.958268e-07,236771,236771,3.752451,3.752934,1.4130e-02
dev-corpus-00,1057,236810,3.806017e-07,236771,236771,1.788578,1.788453,1.8868e-02
dev-corpus-00,1058,7123,1.466285e-06,645,645,6.385278,6.385383,2.2137e-02
dev-corpus-00,1059,236743,6.165839e-06,236743,236743,2.445935,2.447539,2.3850e-02
dev-corpus-00,1060,236778,2.704253e-07,236770,236770,2.799388,2.797809,2.4430e-02
dev-corpus-00,1061,236819,3.687056e-08,523,523,7.988003,7.987123,2.3371e-02
dev-corpus-00,1062,594,7.154651e-10,594,594,0.000153,0.000153,1.8044e-02
dev-corpus-00,1063,17463,8.302916e-07,6718,6718,2.338181,2.338260,1.9519e-02
dev-corpus-00,1064,528,6.205216e-07,528,528,0.248164,0.247576,1.6898e-02
dev-corpus-00,1065,60904,2.530306e-08,60904,60904,0.006619,0.006614,3.6553e-02
dev-corpus-00,1066,1031,2.618705e-10,236764,236764,12.284950,12.283006,1.5957e-02
dev-corpus-00,1067,23468,1.913965e-07,23468,23468,0.012073,0.012014,3.3388e-02
dev-corpus-00,1068,783,8.423517e-08,236761,236761,2.315200,2.316423,1.8518e-02
dev-corpus-00,1069,84225,2.750312e-07,1030,1030,7.110584,7.108752,2.0921e-02
dev-corpus-00,1070,528,1.062725e-07,528,528,0.113586,0.113437,1.7032e-02
dev-corpus-00,1071,506,8.136910e-09,236743,236743,5.131819,5.132760,1.8519e-02
dev-corpus-00,1072,3649,1.858696e-06,3649,3649,0.415249,0.415402,2.2938e-02
dev-corpus-00,1073,236743,6.475153e-09,236743,236743,0.001989,0.001989,2.2691e-02
dev-corpus-00,1074,236770,7.256708e-07,236778,236778,1.136028,1.137781,2.5574e-02
dev-corpus-00,1075,236819,5.359988e-09,236819,236819,0.001109,0.001105,1.7585e-02
dev-corpus-00,1076,236800,2.362676e-07,236771,236771,3.844414,3.842378,1.4523e-02
dev-corpus-00,1077,236771,8.187590e-12,236771,236771,0.000001,0.000001,1.3170e-02
dev-corpus-00,1078,236751,1.712060e-11,236751,236751,0.000029,0.000029,1.8142e-02
dev-corpus-00,1079,618,1.403839e-07,236764,236764,7.916504,7.914867,2.3856e-02
dev-corpus-00,1080,496,4.781866e-07,496,496,0.234568,0.234297,2.7105e-02
dev-corpus-00,1081,57577,1.315151e-05,33951,33951,4.987859,5.000042,5.1132e-02
dev-corpus-00,1082,57505,4.426016e-07,57505,57505,0.074768,0.074707,2.8027e-02
dev-corpus-00,1083,1031,8.830472e-08,236764,236764,10.471551,10.470585,1.6973e-02
dev-corpus-00,1084,36189,1.514385e-07,625,625,10.730243,10.735144,2.0088e-02
dev-corpus-00,1085,12307,1.920940e-10,12307,12307,0.000042,0.000043,1.1973e-02
dev-corpus-00,1086,691,3.219689e-06,7779,7779,1.639647,1.640061,2.3493e-02
dev-corpus-00,1087,573,2.165905e-06,3209,3209,9.264191,9.262291,2.3099e-02
dev-corpus-00,1088,1551,1.790129e-06,496,496,2.630576,2.633035,6.2651e-02
dev-corpus-00,1089,13013,3.968912e-07,1518,1518,3.488435,3.492867,1.8461e-02
dev-corpus-00,1090,506,3.747743e-07,496,496,3.807128,3.807786,1.8484e-02
dev-corpus-00,1091,1186,2.267249e-06,5905,5905,3.753053,3.752128,2.2380e-02
dev-corpus-00,1092,125039,5.346295e-07,19231,19231,5.169810,5.174310,2.2910e-02
dev-corpus-00,1093,528,3.815035e-07,528,528,0.069513,0.069739,1.8962e-02
dev-corpus-00,1094,60904,3.996916e-08,60904,60904,0.177133,0.177156,3.2161e-02
dev-corpus-00,1095,783,1.371119e-06,236764,236764,3.924135,3.921321,2.5313e-02
dev-corpus-00,1096,236743,1.672890e-06,1030,1030,4.045615,4.041860,2.5377e-02
dev-corpus-00,1097,107,1.268379e-07,107,107,0.047862,0.047968,2.3303e-02
dev-corpus-00,1098,669,1.501511e-07,236743,236743,12.851216,12.851798,2.4022e-02
dev-corpus-00,1099,57505,1.337879e-06,57505,57505,0.220353,0.221125,2.1941e-02
dev-corpus-00,1100,14877,3.963698e-06,130661,130661,5.527146,5.531297,2.5471e-02
dev-corpus-00,1101,127272,1.435989e-06,7779,7779,5.646163,5.648460,2.3317e-02
dev-corpus-00,1102,528,1.027646e-06,528,528,0.161997,0.162463,1.8475e-02
dev-corpus-00,1103,496,5.484172e-07,496,496,0.331735,0.331714,2.8789e-02
dev-corpus-00,1104,16952,2.576534e-06,54277,54277,6.694069,6.694150,2.0556e-02
dev-corpus-00,1105,3155,3.276301e-06,3788,3788,2.927630,2.931044,2.1370e-02
dev-corpus-00,1106,580,6.956004e-07,236761,236761,3.272816,3.270898,2.0199e-02
dev-corpus-00,1107,4844,1.628912e-06,506,506,3.273221,3.272561,3.4078e-02
dev-corpus-00,1108,85797,9.556251e-07,236743,236743,9.025276,9.024052,2.4483e-02
dev-corpus-00,1109,6718,9.223015e-07,6718,6718,0.049101,0.049402,2.4351e-02
dev-corpus-00,1110,783,2.248458e-07,236761,236761,5.289862,5.287651,1.9959e-02
dev-corpus-00,1111,1030,1.271330e-06,7178,7178,4.714332,4.712481,2.4916e-02
dev-corpus-00,1112,14494,1.106085e-07,3209,3209,12.871979,12.873631,1.6276e-02
dev-corpus-00,1113,1061,1.321683e-08,1061,1061,0.299168,0.299111,2.0124e-02
dev-corpus-00,1114,1171,2.966505e-07,1171,1171,0.208541,0.208806,2.1311e-02
dev-corpus-00,1115,3788,1.971133e-06,11554,11554,4.894337,4.894483,2.2409e-02
dev-corpus-00,1116,580,2.065990e-07,528,528,1.139928,1.140443,1.6236e-02
dev-corpus-00,1117,30128,5.298341e-06,4844,4844,9.305833,9.306111,2.8353e-02
dev-corpus-00,1118,6718,1.653439e-06,17463,17463,3.118605,3.111908,2.1418e-02
dev-corpus-00,1119,528,7.420947e-07,528,528,1.026819,1.025817,1.7459e-02
dev-corpus-00,1120,236743,3.672537e-09,506,506,2.063227,2.063286,1.7438e-02
dev-corpus-00,1121,236770,1.008886e-10,236770,236770,0.000026,0.000025,1.6894e-02
dev-corpus-00,1122,236819,2.483779e-08,236819,236819,0.000341,0.000345,2.2427e-02
dev-corpus-00,1123,236810,6.422058e-07,236812,236812,2.085579,2.085438,1.9283e-02
dev-corpus-00,1124,236778,1.476859e-07,236771,236771,2.071412,2.071415,1.0654e-02
dev-corpus-00,1125,1031,9.662584e-07,236761,236761,7.763072,7.766048,1.7731e-02
dev-corpus-00,1126,532,2.286992e-07,532,532,0.151030,0.151216,1.5328e-02
dev-corpus-00,1127,21907,2.616119e-07,3209,3209,11.379346,11.376611,1.5442e-02
dev-corpus-00,1128,1061,7.772491e-07,1061,1061,0.352701,0.352005,1.6673e-02
dev-corpus-00,1129,1873,6.286052e-08,1873,1873,0.059567,0.059539,1.7484e-02
dev-corpus-00,1130,193257,5.562729e-07,4563,4563,15.734300,15.739194,1.7205e-02
dev-corpus-00,1131,1392,4.311813e-08,236772,236772,23.229486,23.230007,1.7305e-02
dev-corpus-00,1132,236772,4.183807e-06,18663,18663,8.871466,8.875707,3.6027e-02
dev-corpus-00,1133,236940,8.881430e-08,94636,94636,19.047749,19.046419,2.3548e-02
dev-corpus-00,1134,53003,8.774049e-07,19743,19743,4.679252,4.679269,2.0828e-02
dev-corpus-00,1135,8848,2.159155e-07,10056,10056,5.898573,5.899037,1.4205e-02
dev-corpus-00,1136,528,1.430418e-06,528,528,0.383394,0.384313,1.4373e-02
dev-corpus-00,1137,236743,7.573129e-08,236743,236743,0.031280,0.031342,1.8253e-02
dev-corpus-00,1138,236778,4.420920e-07,236770,236770,3.131075,3.135479,1.4727e-02
dev-corpus-00,1139,236771,1.429012e-09,236771,236771,0.000058,0.000058,2.8499e-02
dev-corpus-00,1140,236771,1.122821e-07,236771,236771,0.169692,0.169886,1.5228e-02
dev-corpus-00,1141,236828,5.376449e-08,236770,236770,2.413092,2.413053,1.4729e-02
dev-corpus-00,1142,783,2.157408e-07,236761,236761,3.464288,3.461020,2.1749e-02
dev-corpus-00,1143,236743,9.724632e-07,107,107,2.285754,2.285756,2.2330e-02
dev-corpus-00,1144,107,1.329959e-07,107,107,0.065627,0.065761,1.9126e-02
dev-corpus-00,1145,799,3.782576e-06,236743,236743,10.668018,10.684548,3.7440e-02
dev-corpus-00,1146,506,8.710218e-06,236743,236743,1.982234,1.978960,3.3079e-02
dev-corpus-00,1147,3649,6.330819e-06,57505,57505,2.278459,2.273372,2.7509e-02
dev-corpus-00,1148,236743,7.915704e-09,236743,236743,0.001519,0.001522,1.8986e-02
dev-corpus-00,1149,236770,4.173910e-05,236770,236770,0.666252,0.657403,4.1572e-02
dev-corpus-00,1150,236819,4.019443e-10,236819,236819,0.000058,0.000058,1.6283e-02
dev-corpus-00,1151,236819,1.415432e-06,236819,236819,0.664876,0.664412,2.2121e-02
dev-corpus-00,1152,236771,1.035582e-10,236771,236771,0.000014,0.000014,1.4294e-02
dev-corpus-00,1153,236751,1.003288e-10,236751,236751,0.000010,0.000010,1.5786e-02
dev-corpus-00,1154,12160,1.209525e-08,236764,236764,18.975458,18.980806,1.5591e-02
dev-corpus-00,1155,1534,2.296356e-06,5378,5378,3.899376,3.891627,1.5585e-02
dev-corpus-00,1156,65248,2.287989e-06,506,506,13.321554,13.331224,2.7523e-02
dev-corpus-00,1157,532,6.284005e-08,532,532,0.032317,0.032295,2.0281e-02
dev-corpus-00,1158,6672,3.152692e-07,6672,6672,0.273772,0.273967,1.4437e-02
dev-corpus-00,1159,3295,2.284433e-07,617,617,8.383831,8.380019,1.8114e-02
dev-corpus-00,1160,5378,3.081734e-07,5378,5378,0.063063,0.062995,1.6941e-02
dev-corpus-00,1161,531,3.822857e-08,531,531,0.016186,0.016215,1.7495e-02
dev-corpus-00,1162,506,1.032033e-06,496,496,3.223611,3.222303,2.8492e-02
dev-corpus-00,1163,9014,6.715944e-06,57505,57505,11.558712,11.564958,3.1024e-02
dev-corpus-00,1164,9542,7.256781e-07,2299,2299,2.613842,2.614551,1.4355e-02
dev-corpus-00,1165,36189,1.726461e-07,506,506,8.272831,8.268535,1.5889e-02
dev-corpus-00,1166,12307,5.068448e-11,12307,12307,0.000018,0.000018,1.5053e-02
dev-corpus-00,1167,1031,1.413033e-06,236761,236761,8.256751,8.260935,1.7456e-02
dev-corpus-00,1168,532,1.902761e-06,532,532,0.914741,0.913432,2.4528e-02
dev-corpus-00,1169,18911,1.812965e-07,506,506,10.160063,10.152083,2.5630e-02
dev-corpus-00,1170,506,5.265195e-07,496,496,3.303997,3.304476,2.3879e-02
dev-corpus-00,1171,58810,5.265144e-06,22903,22903,5.779863,5.791580,3.8814e-02
dev-corpus-00,1172,171740,9.919480e-07,57505,57505,3.722735,3.723400,1.6766e-02
dev-corpus-00,1173,562,1.106663e-06,529,529,9.925739,9.925321,2.4771e-02
dev-corpus-00,1174,7590,1.421211e-06,7590,7590,0.381178,0.380200,1.2074e-02
dev-corpus-00,1175,527,3.340513e-06,651,651,5.032544,5.029119,1.4280e-02
dev-corpus-00,1176,73706,6.984099e-07,895,895,9.208759,9.209864,2.0446e-02
dev-corpus-00,1177,783,1.772905e-06,528,528,13.050452,13.052120,2.6787e-02
dev-corpus-00,1178,36189,3.541171e-07,107,107,6.478173,6.485602,1.9258e-02
dev-corpus-00,1179,12307,2.033366e-10,12307,12307,0.000031,0.000031,1.4788e-02
dev-corpus-00,1180,3588,1.190449e-06,21211,21211,14.067151,14.062776,1.5405e-02
dev-corpus-00,1181,1208,9.885545e-09,531,531,6.743831,6.740024,1.4330e-02
dev-corpus-00,1182,4657,8.723921e-07,506,506,14.951188,14.940965,2.6310e-02
dev-corpus-00,1183,699,2.540919e-07,699,699,0.284131,0.284282,1.3957e-02
dev-corpus-00,1184,53126,2.305183e-06,506,506,7.801664,7.802907,2.7348e-02
dev-corpus-00,1185,1392,3.341842e-10,236772,236772,34.343947,34.349053,2.1415e-02
dev-corpus-00,1186,236772,3.757578e-07,236772,236772,0.061236,0.061162,2.8138e-02
dev-corpus-00,1187,236940,6.125870e-07,236940,236940,0.089388,0.089053,2.0385e-02
dev-corpus-00,1188,54077,9.650390e-07,30268,30268,4.624516,4.627153,1.8468e-02
dev-corpus-00,1189,3295,3.467825e-07,4402,4402,9.748792,9.755746,1.4045e-02
dev-corpus-00,1190,529,1.580698e-07,528,528,4.954927,4.955402,1.6791e-02
dev-corpus-00,1191,506,4.434879e-06,506,506,0.133649,0.133337,3.4275e-02
dev-corpus-00,1192,116663,4.174733e-06,2263,2263,22.373968,22.382714,2.6041e-02
dev-corpus-00,1193,7171,3.601201e-07,42028,42028,4.833835,4.826766,1.7302e-02
dev-corpus-00,1194,10911,8.130466e-07,528,528,14.089279,14.085918,2.8884e-02
dev-corpus-00,1195,1031,5.727421e-07,236761,236761,10.204001,10.201904,1.3838e-02
dev-corpus-00,1196,528,3.872425e-06,840,840,2.742107,2.739341,1.9954e-02
dev-corpus-00,1197,236743,4.643443e-07,506,506,1.579722,1.578773,1.9305e-02
dev-corpus-00,1198,236770,6.370482e-09,236770,236770,0.008594,0.008604,1.0107e-02
dev-corpus-00,1199,236819,4.381140e-10,236819,236819,0.000094,0.000094,1.9974e-02
dev-corpus-00,1200,236819,1.687786e-06,236800,236800,2.057888,2.056247,1.7370e-02
dev-corpus-00,1201,236812,2.339363e-07,236770,236770,2.218654,2.218101,1.0021e-02
dev-corpus-00,1202,532,6.006578e-10,532,532,0.000665,0.000666,1.2385e-02
dev-corpus-00,1203,1570,7.937616e-08,236743,236743,4.395561,4.398921,1.3382e-02
dev-corpus-00,1204,528,5.101511e-08,528,528,0.010927,0.010959,1.6351e-02
dev-corpus-00,1205,236743,1.044058e-08,236743,236743,0.002473,0.002466,1.2653e-02
dev-corpus-00,1206,236778,2.769461e-08,236778,236778,0.047657,0.047708,1.8219e-02
dev-corpus-00,1207,236771,3.510153e-11,236771,236771,0.000027,0.000027,1.0895e-02
dev-corpus-00,1208,236771,3.805840e-08,236771,236771,0.045171,0.045230,1.2234e-02
dev-corpus-00,1209,236778,1.357276e-07,236770,236770,2.041471,2.041208,1.1457e-02
dev-corpus-00,1210,783,1.985891e-07,236761,236761,3.337539,3.339302,1.9062e-02
dev-corpus-00,1211,799,9.734853e-08,107,107,6.456836,6.459327,2.3637e-02
dev-corpus-00,1212,1800,3.555725e-07,236743,236743,9.844908,9.842780,1.5775e-02
dev-corpus-00,1213,3636,3.673709e-08,16787,16787,4.718431,4.716286,1.2787e-02
dev-corpus-00,1214,506,5.695724e-08,236764,236764,3.816797,3.818168,1.5779e-02
dev-corpus-00,1215,109779,2.540493e-06,57505,57505,8.494690,8.490688,2.9941e-02
dev-corpus-00,1216,964,6.827658e-08,964,964,0.014095,0.014065,1.6163e-02
dev-corpus-00,1217,12956,1.974437e-06,16782,16782,6.326044,6.326692,1.5299e-02
dev-corpus-00,1218,532,3.670324e-07,236761,236761,1.898611,1.900046,1.6036e-02
dev-corpus-00,1219,32057,4.440501e-07,79620,79620,4.395603,4.396857,1.7549e-02
dev-corpus-00,1220,783,1.237903e-07,236761,236761,6.130044,6.130647,1.6236e-02
dev-corpus-00,1221,236743,2.651213e-07,107,107,3.526862,3.524699,2.0800e-02
dev-corpus-00,1222,107,3.848846e-08,107,107,0.003932,0.003950,2.1706e-02
dev-corpus-00,1223,8381,1.968304e-06,818,818,16.509969,16.514470,2.8678e-02
dev-corpus-00,1224,964,3.253113e-06,659,659,1.506515,1.510494,1.5353e-02
dev-corpus-00,1225,6267,1.233775e-06,4247,4247,20.022074,20.026047,1.9469e-02
dev-corpus-00,1226,1392,2.368473e-06,236772,236772,13.323166,13.323198,2.7122e-02
dev-corpus-00,1227,236772,1.441594e-08,236772,236772,0.002449,0.002456,1.4945e-02
dev-corpus-00,1228,236940,5.187786e-08,236940,236940,0.007136,0.007113,2.4708e-02
dev-corpus-00,1229,5378,1.518824e-06,5378,5378,0.056467,0.056091,1.9310e-02
dev-corpus-00,1230,573,3.496885e-07,573,573,1.138564,1.138833,1.1274e-02
dev-corpus-00,1231,13013,7.303872e-06,1551,1551,4.973208,4.968867,2.0499e-02
dev-corpus-00,1232,783,2.202654e-07,236764,236764,8.890369,8.889736,1.3129e-02
dev-corpus-00,1233,43768,1.386106e-06,669,669,19.449983,19.453659,2.2280e-02
dev-corpus-00,1234,71078,1.132002e-06,7086,7086,10.757735,10.760629,2.0682e-02
dev-corpus-00,1235,691,2.252546e-06,7779,7779,3.350540,3.352107,1.8804e-02
dev-corpus-00,1236,26902,9.095710e-07,506,506,8.382586,8.383651,1.5081e-02
dev-corpus-00,1237,618,7.868091e-08,618,618,0.414613,0.414448,1.0196e-02
dev-corpus-00,1238,506,2.962540e-07,506,506,0.125344,0.125170,1.9866e-02
dev-corpus-00,1239,57505,1.460886e-06,1171,1171,7.832184,7.821888,2.5910e-02
dev-corpus-00,1240,756,9.012089e-08,236789,236789,13.077477,13.079571,2.0319e-02
dev-corpus-00,1241,236751,2.519379e-07,236751,236751,0.018791,0.018703,1.7191e-02
dev-corpus-00,1242,1171,9.333904e-07,1171,1171,0.112383,0.112014,1.8475e-02
dev-corpus-00,1243,170174,5.495433e-07,5707,5707,3.322810,3.326790,1.8043e-02
dev-corpus-00,1244,528,2.144095e-08,528,528,0.014953,0.014964,1.2166e-02
dev-corpus-00,1245,236743,5.944750e-08,236743,236743,0.070149,0.070065,1.0711e-02
dev-corpus-00,1246,236770,2.744106e-08,236770,236770,0.070985,0.071049,9.9707e-03
dev-corpus-00,1247,236819,3.352218e-11,236819,236819,0.000059,0.000059,1.4305e-02
dev-corpus-00,1248,236810,6.348131e-07,236819,236819,5.474812,5.477400,1.2892e-02
dev-corpus-00,1249,236819,1.083968e-07,236828,236828,2.216591,2.216886,8.8816e-03
dev-corpus-00,1250,1031,1.041416e-07,236761,236761,8.944478,8.939768,1.7829e-02
dev-corpus-00,1251,840,4.476430e-07,532,532,2.184302,2.182111,1.6236e-02
dev-corpus-00,1252,2378,8.588286e-07,506,506,11.512222,11.499148,2.1926e-02
dev-corpus-00,1253,528,1.568118e-07,528,528,0.081545,0.081432,1.2317e-02
dev-corpus-00,1254,236743,6.181678e-08,236743,236743,0.015907,0.015952,1.1255e-02
dev-corpus-00,1255,236770,1.304447e-08,236770,236770,0.002334,0.002326,1.1784e-02
dev-corpus-00,1256,236819,4.457899e-11,236819,236819,0.000012,0.000012,1.2578e-02
dev-corpus-00,1257,236825,3.365695e-08,236825,236825,0.404422,0.404574,1.1476e-02
dev-corpus-00,1258,236770,2.343066e-07,236810,236810,2.916256,2.916447,9.4378e-03
dev-corpus-00,1259,783,6.640065e-08,236761,236761,3.906218,3.904421,1.4752e-02
dev-corpus-00,1260,4210,1.929081e-06,25243,25243,4.192695,4.189103,2.3364e-02
dev-corpus-00,1261,496,2.973952e-06,600,600,4.000109,4.002606,1.7470e-02
dev-corpus-00,1262,11302,4.131377e-07,2846,2846,7.265780,7.265220,1.9256e-02
dev-corpus-00,1263,529,2.113728e-07,236764,236764,3.873706,3.872722,1.7492e-02
dev-corpus-00,1264,1156,2.712556e-07,3131,3131,4.655654,4.653798,1.1884e-02
dev-corpus-00,1265,1518,2.262173e-06,13013,13013,1.368806,1.365170,1.2052e-02
dev-corpus-00,1266,1031,1.660083e-08,236764,236764,10.575963,10.577524,1.3440e-02
dev-corpus-00,1267,11210,1.060093e-06,668,668,7.993937,7.993211,1.9462e-02
dev-corpus-00,1268,3579,4.019542e-07,667,667,6.599903,6.598022,1.7363e-02
dev-corpus-00,1269,548,3.856640e-07,6688,6688,7.543039,7.542387,9.1107e-03
dev-corpus-00,1270,624,1.726829e-07,899,899,10.103265,10.103305,2.4219e-02
dev-corpus-00,1271,5452,8.762189e-08,10438,10438,2.261111,2.260889,1.4255e-02
dev-corpus-00,1272,170174,1.597315e-07,506,506,2.314552,2.315980,1.7560e-02
dev-corpus-00,1273,528,8.207785e-07,528,528,0.562534,0.562100,1.1001e-02
dev-corpus-00,1274,236743,2.107262e-10,236743,236743,0.000091,0.000091,1.2170e-02
dev-corpus-00,1275,236770,6.279848e-12,236770,236770,0.000281,0.000281,9.8991e-03
dev-corpus-00,1276,236819,7.416312e-10,236819,236819,0.000060,0.000061,3.2875e-02
dev-corpus-00,1277,236825,3.545434e-11,236825,236825,0.000711,0.000711,1.2517e-02
dev-corpus-00,1278,236800,6.754823e-08,236800,236800,0.025747,0.025804,1.3021e-02
dev-corpus-00,1279,1031,7.903319e-07,532,532,5.953581,5.953248,1.9848e-02
dev-corpus-00,1280,532,6.463851e-07,532,532,0.284129,0.284068,1.9224e-02
dev-corpus-00,1281,7779,1.861277e-06,7779,7779,0.547988,0.546654,1.8053e-02
dev-corpus-00,1282,3097,8.576293e-07,3097,3097,0.081700,0.082052,1.3590e-02
dev-corpus-00,1283,914,5.354624e-09,236743,236743,6.668239,6.668223,1.1099e-02
dev-corpus-00,1284,4355,3.440798e-07,20130,20130,3.242179,3.238258,9.9530e-03
dev-corpus-00,1285,528,5.376300e-08,528,528,0.028834,0.028778,1.0432e-02
dev-corpus-00,1286,236743,4.783694e-10,236743,236743,0.000055,0.000054,9.4683e-03
dev-corpus-00,1287,236770,7.231323e-09,236770,236770,0.016907,0.016922,8.6870e-03
dev-corpus-00,1288,236819,3.951688e-10,236819,236819,0.000070,0.000070,1.5675e-02
dev-corpus-00,1289,236832,2.096755e-07,236819,236819,4.169584,4.171802,8.7833e-03
dev-corpus-00,1290,236825,2.202110e-08,236828,236828,2.418703,2.418773,9.2964e-03
dev-corpus-00,1291,783,8.710531e-10,236761,236761,4.830546,4.830872,1.5396e-02
dev-corpus-00,1292,1293,8.522249e-07,669,669,5.487558,5.484708,2.3442e-02
dev-corpus-00,1293,691,1.629779e-07,691,691,0.049865,0.049789,1.9246e-02
dev-corpus-00,1294,6641,9.181588e-08,30352,30352,2.807218,2.808566,1.0225e-02
dev-corpus-00,1295,684,1.556446e-10,684,684,0.000105,0.000105,8.8048e-03
dev-corpus-00,1296,3551,8.864831e-07,96096,96096,10.820774,10.819343,1.6036e-02
dev-corpus-00,1297,1863,8.930495e-09,1863,1863,0.002715,0.002721,1.1959e-02
dev-corpus-00,1298,34635,3.605854e-07,102154,102154,9.678927,9.678455,1.0360e-02
dev-corpus-00,1299,6315,4.113574e-07,6315,6315,1.290140,1.290354,1.0945e-02
dev-corpus-00,1300,1031,2.046592e-07,699,699,10.998262,10.996528,1.2857e-02
dev-corpus-00,1301,1015,1.072332e-07,1015,1015,0.044174,0.044237,1.0648e-02
dev-corpus-00,1302,7779,1.504853e-07,7779,7779,0.079233,0.079334,2.1340e-02
dev-corpus-00,1303,699,4.191425e-08,3097,3097,1.091108,1.090811,9.4986e-03
dev-corpus-00,1304,236743,9.074539e-11,236743,236743,0.000328,0.000328,8.0287e-03
dev-corpus-00,1305,236770,2.795800e-11,236770,236770,0.000095,0.000095,9.7742e-03
dev-corpus-00,1306,236819,2.285563e-09,236819,236819,0.000008,0.000008,1.2424e-01
dev-corpus-00,1307,236832,3.530170e-08,236832,236832,0.090495,0.090566,1.0738e-02
dev-corpus-00,1308,236832,1.236301e-06,236832,236832,0.586533,0.587499,1.2950e-02
dev-corpus-00,1309,531,4.657482e-08,531,531,0.038865,0.038806,1.4387e-02
dev-corpus-00,1310,236743,3.479300e-08,236743,236743,0.009836,0.009862,1.2503e-02
dev-corpus-00,1311,236770,3.307724e-08,236770,236770,0.006819,0.006797,1.7059e-02
dev-corpus-00,1312,236819,8.899558e-12,236819,236819,0.000007,0.000007,1.0958e-02
dev-corpus-00,1313,236819,5.495450e-08,236819,236819,0.577385,0.577678,9.2411e-03
dev-corpus-00,1314,236812,3.748732e-08,236770,236770,2.129879,2.130255,8.8103e-03
dev-corpus-00,1315,1031,8.965186e-08,236761,236761,7.771138,7.766169,1.4627e-02
dev-corpus-00,1316,532,2.670638e-08,532,532,0.031888,0.031908,1.1614e-02
dev-corpus-00,1317,34635,6.436476e-07,1299,1299,14.952458,14.951596,1.1623e-02
dev-corpus-00,1318,6315,7.020143e-11,6315,6315,0.000099,0.000099,8.0786e-03
dev-corpus-00,1319,528,1.084683e-06,691,691,6.651135,6.651481,1.4466e-02
dev-corpus-00,1320,2490,1.451102e-06,236743,236743,8.411901,8.406819,2.3271e-02
dev-corpus-00,1321,691,8.541737e-07,691,691,0.836955,0.837969,1.4094e-02
dev-corpus-00,1322,30352,2.961009e-08,30352,30352,0.227256,0.227217,1.4548e-02
dev-corpus-00,1323,684,7.214211e-11,684,684,0.000035,0.000035,6.4301e-03
dev-corpus-00,1324,895,9.911607e-07,96096,96096,5.635976,5.634166,2.0152e-02
dev-corpus-00,1325,6997,7.997994e-07,511,511,1.580292,1.580394,1.0818e-02
dev-corpus-00,1326,37792,2.362495e-07,151744,151744,1.087018,1.086132,1.2041e-02
dev-corpus-00,1327,34317,1.312393e-06,38769,38769,12.658605,12.661247,1.6699e-02
dev-corpus-00,1328,41964,2.197907e-07,1562,1562,8.461800,8.463335,1.0387e-02
dev-corpus-00,1329,1392,7.022138e-07,528,528,16.418125,16.418930,1.3558e-02
dev-corpus-00,1330,236772,6.058545e-09,236772,236772,0.003507,0.003511,1.6125e-02
dev-corpus-00,1331,236940,3.923773e-08,236940,236940,0.008417,0.008442,1.3198e-02
dev-corpus-00,1332,68283,3.791775e-07,528,528,17.300890,17.298252,1.4044e-02
dev-corpus-00,1333,495,1.568960e-06,495,495,0.105794,0.106323,1.5478e-02
dev-corpus-00,1334,783,2.492376e-06,236764,236764,8.568827,8.567107,1.8270e-02
dev-corpus-00,1335,58084,3.918555e-07,107,107,17.652803,17.646990,2.2257e-02
dev-corpus-00,1336,22077,5.361580e-07,80804,80804,5.298803,5.300373,1.3220e-02
dev-corpus-00,1337,10438,3.646634e-07,7779,7779,3.608554,3.609472,1.5346e-02
dev-corpus-00,1338,34317,1.043203e-06,528,528,16.099395,16.100407,9.7847e-03
dev-corpus-00,1339,41964,1.572306e-08,41964,41964,0.003157,0.003149,1.3557e-02
dev-corpus-00,1340,1392,1.365598e-05,528,528,4.992167,4.996897,3.6278e-02
dev-corpus-00,1341,236772,1.389154e-09,236772,236772,0.000557,0.000557,1.0800e-02
dev-corpus-00,1342,236940,2.405656e-10,236940,236940,0.000249,0.000249,1.9684e-02
dev-corpus-00,1343,68283,9.914769e-07,68283,68283,0.012828,0.012983,2.5887e-02
dev-corpus-00,1344,495,1.653285e-11,495,495,0.000003,0.000003,1.3154e-02
dev-corpus-00,1345,618,2.937524e-07,528,528,3.665416,3.662152,9.9957e-03
dev-corpus-00,1346,22480,3.031086e-06,170174,170174,2.847650,2.849762,1.8109e-02
dev-corpus-00,1347,170174,1.302982e-07,170174,170174,0.011335,0.011294,1.2574e-02
dev-corpus-00,1348,528,1.173791e-07,528,528,0.080108,0.080002,1.2415e-02
dev-corpus-00,1349,236743,8.563596e-09,236743,236743,0.012595,0.012610,8.3005e-03
dev-corpus-00,1350,236778,8.232678e-08,236770,236770,3.434764,3.432542,1.1895e-02
dev-corpus-00,1351,236771,5.617254e-11,236771,236771,0.000054,0.000054,8.9550e-03
dev-corpus-00,1352,236771,6.865047e-10,236771,236771,0.034333,0.034326,7.7856e-03
dev-corpus-00,1353,236800,1.447650e-07,236770,236770,1.950137,1.950302,6.8915e-03
dev-corpus-00,1354,1031,7.158058e-08,236761,236761,9.901088,9.900071,1.6487e-02
dev-corpus-00,1355,532,4.470261e-08,532,532,0.032313,0.032308,1.3493e-02
dev-corpus-00,1356,7779,3.410013e-06,3209,3209,6.757637,6.759428,2.9608e-02
dev-corpus-00,1357,3097,3.532201e-07,3097,3097,0.574690,0.574840,1.1852e-02
dev-corpus-00,1358,236743,1.861852e-07,236743,236743,0.091089,0.091266,1.2719e-02
dev-corpus-00,1359,236778,2.747582e-10,236778,236778,0.000024,0.000024,1.0958e-02
dev-corpus-00,1360,236771,8.885172e-11,236771,236771,0.000036,0.000036,2.1411e-02
dev-corpus-00,1361,236770,4.693858e-08,236770,236770,0.060384,0.060333,8.8120e-03
dev-corpus-00,1362,236770,6.041306e-07,236770,236770,1.892948,1.893710,9.3824e-03
dev-corpus-00,1363,1031,1.362057e-07,236761,236761,11.169168,11.166865,1.9616e-02
dev-corpus-00,1364,1056,9.742892e-07,532,532,4.298879,4.300274,1.9947e-02
dev-corpus-00,1365,668,1.803509e-06,34317,34317,3.115640,3.121339,2.7652e-02
dev-corpus-00,1366,691,3.448764e-06,21136,21136,3.036581,3.029231,2.1515e-02
dev-corpus-00,1367,30352,4.616133e-06,12043,12043,1.486517,1.481558,1.5163e-02
dev-corpus-00,1368,684,4.877860e-10,684,684,0.000177,0.000176,7.5603e-03
dev-corpus-00,1369,54340,1.069382e-06,96096,96096,9.257329,9.256991,2.4979e-02
dev-corpus-00,1370,22173,3.841803e-07,87657,87657,10.143157,10.142573,1.4377e-02
dev-corpus-00,1371,495,8.713417e-07,236759,236759,3.195267,3.195742,7.1812e-03
dev-corpus-00,1372,783,3.602359e-07,528,528,7.174120,7.176622,1.1866e-02
dev-corpus-00,1373,1773,2.161275e-06,107,107,6.188222,6.188935,2.4544e-02
dev-corpus-00,1374,529,1.852522e-05,529,529,0.696865,0.692725,3.0245e-02
dev-corpus-00,1375,236743,2.170020e-07,236743,236743,0.040625,0.040710,1.9591e-02
dev-corpus-00,1376,236778,1.104966e-09,236778,236778,0.000142,0.000141,1.3622e-02
dev-corpus-00,1377,236771,2.067496e-11,236771,236771,0.000051,0.000050,9.9707e-03
dev-corpus-00,1378,236770,1.924010e-06,236770,236770,0.220926,0.221790,1.8028e-02
dev-corpus-00,1379,236812,1.885512e-07,236770,236770,2.734954,2.735885,1.2953e-02
dev-corpus-00,1380,1031,2.720040e-08,236764,236764,6.251432,6.246349,1.2403e-02
dev-corpus-00,1381,5378,1.823738e-06,506,506,15.937741,15.933205,2.6747e-02
dev-corpus-00,1382,684,2.696068e-09,684,684,0.001591,0.001592,1.3209e-02
dev-corpus-00,1383,34317,2.110180e-06,96096,96096,15.808068,15.810326,1.9022e-02
dev-corpus-00,1384,41964,2.610325e-10,41964,41964,0.000118,0.000117,2.3058e-02
dev-corpus-00,1385,1392,9.672492e-08,1392,1392,0.033761,0.033694,1.8246e-02
dev-corpus-00,1386,236772,1.309435e-10,236772,236772,0.000040,0.000041,1.4066e-02
dev-corpus-00,1387,236940,1.534253e-09,236940,236940,0.000961,0.000962,1.7048e-02
dev-corpus-00,1388,68283,4.503888e-10,68283,68283,0.000203,0.000203,1.5718e-02
dev-corpus-00,1389,495,1.153254e-12,495,495,0.000001,0.000001,8.9369e-03
dev-corpus-00,1390,532,6.828207e-07,236764,236764,1.960982,1.958709,1.3302e-02
dev-corpus-00,1391,22173,5.236270e-07,22173,22173,0.305743,0.305368,2.0113e-02
dev-corpus-00,1392,495,6.130750e-11,495,495,0.000009,0.000009,1.4998e-02
dev-corpus-00,1393,1031,6.972871e-07,236764,236764,7.919714,7.917909,1.3053e-02
dev-corpus-00,1394,36189,7.431426e-07,506,506,3.834628,3.842195,2.3092e-02
dev-corpus-00,1395,12307,7.629626e-12,12307,12307,0.000009,0.000009,8.6794e-03
dev-corpus-00,1396,1053,1.564766e-06,691,691,2.438862,2.441509,1.7434e-02
dev-corpus-00,1397,8296,1.116593e-05,130661,130661,7.862127,7.872708,3.9411e-02
dev-corpus-00,1398,236743,9.755517e-09,236743,236743,0.005349,0.005354,1.0575e-02
dev-corpus-00,1399,236812,5.129597e-07,236770,236770,3.117705,3.119435,1.4420e-02
dev-corpus-00,1400,236771,1.588538e-07,236771,236771,0.252661,0.252385,1.8895e-02
dev-corpus-00,1401,236771,1.763952e-06,3295,3295,4.880976,4.864403,1.7535e-02
dev-corpus-00,1402,4374,2.724934e-08,3295,3295,11.119889,11.121500,9.0013e-03
dev-corpus-00,1403,29474,1.861909e-07,236761,236761,6.203309,6.205854,1.0872e-02
dev-corpus-00,1404,1031,9.101227e-09,236761,236761,16.797635,16.800244,1.4219e-02
dev-corpus-00,1405,532,5.353680e-07,532,532,0.206737,0.206552,1.6124e-02
dev-corpus-00,1406,691,1.829380e-06,506,506,2.965576,2.963770,2.7172e-02
dev-corpus-00,1407,506,1.299600e-06,496,496,3.982940,3.984212,1.9108e-02
dev-corpus-00,1408,7488,1.219796e-05,7488,7488,0.218863,0.221055,2.6655e-02
dev-corpus-00,1409,125039,6.095975e-07,125039,125039,0.884375,0.885020,1.9834e-02
dev-corpus-00,1410,528,6.700203e-09,528,528,0.002661,0.002666,9.1124e-03
dev-corpus-00,1411,60904,3.030936e-07,60904,60904,0.173240,0.172908,1.8600e-02
dev-corpus-00,1412,783,1.155123e-07,236761,236761,4.610583,4.609539,1.2796e-02
dev-corpus-00,1413,236743,1.487850e-05,107,107,2.075954,2.074513,2.8545e-02
dev-corpus-00,1414,107,5.759729e-08,107,107,0.564835,0.565119,1.4273e-02
dev-corpus-00,1415,236743,2.457325e-06,236743,236743,0.235061,0.234369,3.1867e-02
dev-corpus-00,1416,107,7.727070e-09,107,107,0.000123,0.000124,1.1839e-01
dev-corpus-00,1417,578,5.385340e-06,13513,13513,6.348360,6.351697,2.4040e-02
dev-corpus-00,1418,578,1.854921e-07,107,107,3.776054,3.773888,1.4024e-02
dev-corpus-00,1419,21107,1.994209e-06,578,578,14.525866,14.527665,2.0153e-02
dev-corpus-00,1420,4083,7.288799e-07,10358,10358,3.706116,3.705238,2.3680e-02
dev-corpus-00,1421,578,1.109220e-06,529,529,2.010543,2.010437,1.7762e-02
dev-corpus-00,1422,578,1.617484e-07,236743,236743,0.953186,0.953490,1.4076e-02
dev-corpus-00,1423,236743,9.677885e-08,107,107,1.191536,1.192179,1.6238e-02
dev-corpus-00,1424,107,7.630673e-09,107,107,0.021471,0.021453,1.4520e-02
dev-corpus-00,1425,236743,3.652741e-06,236743,236743,0.939233,0.938342,3.3571e-02
dev-corpus-00,1426,107,8.965213e-10,107,107,0.000486,0.000486,1.7626e-02
dev-corpus-00,1427,16647,1.847565e-06,669,669,12.852074,12.846100,3.9325e-02
dev-corpus-00,1428,4945,1.135998e-06,19231,19231,8.016378,8.015664,1.5888e-02
dev-corpus-00,1429,529,5.827264e-07,529,529,0.621969,0.622200,1.4938e-02
dev-corpus-00,1430,9115,3.123853e-06,19231,19231,5.797934,5.794066,1.4606e-02
dev-corpus-00,1431,26560,7.394622e-07,19231,19231,3.417568,3.420387,1.5535e-02
dev-corpus-00,1432,6074,1.002001e-06,21262,21262,5.453716,5.454713,1.0275e-02
dev-corpus-00,1433,49943,5.373741e-07,49943,49943,0.788260,0.788742,8.5866e-03
dev-corpus-00,1434,528,1.730170e-08,528,528,0.007692,0.007684,9.8529e-03
dev-corpus-00,1435,60904,7.329588e-07,60904,60904,0.443903,0.444604,2.2477e-02
dev-corpus-00,1436,528,7.269896e-08,528,528,0.194192,0.194315,9.6989e-03
dev-corpus-00,1437,506,1.251935e-09,506,506,0.003709,0.003711,9.1517e-03
dev-corpus-00,1438,5226,2.153136e-07,5226,5226,0.138623,0.138442,1.2356e-02
dev-corpus-00,1439,236743,4.240492e-11,236743,236743,0.000171,0.000170,1.0308e-02
dev-corpus-00,1440,236770,2.427738e-12,236770,236770,0.000006,0.000006,7.8144e-03
dev-corpus-00,1441,236819,7.117203e-07,236819,236819,0.076036,0.075701,1.1623e-02
dev-corpus-00,1442,594,2.669954e-10,594,594,0.000044,0.000045,1.5206e-02
dev-corpus-00,1443,7691,7.766478e-09,7691,7691,0.003736,0.003729,1.2210e-02
dev-corpus-00,1444,1031,1.430396e-08,236761,236761,10.656969,10.658193,1.2206e-02
dev-corpus-00,1445,840,3.178611e-06,532,532,5.663070,5.667458,1.9301e-02
dev-corpus-00,1446,1346,1.583351e-06,506,506,6.144147,6.142477,1.7814e-02
dev-corpus-00,1447,7808,1.203894e-06,529,529,4.397520,4.400503,1.4080e-02
dev-corpus-00,1448,580,2.017853e-06,531,531,1.544874,1.542270,1.3440e-02
dev-corpus-00,1449,783,2.938801e-06,236761,236761,10.945413,10.944094,1.2431e-02
dev-corpus-00,1450,799,7.649347e-07,562,562,2.017078,2.016851,1.9830e-02
dev-corpus-00,1451,506,6.840312e-07,506,506,0.053142,0.053394,1.4552e-02
dev-corpus-00,1452,3649,2.491613e-07,3649,3649,0.082827,0.082848,1.1179e-02
dev-corpus-00,1453,236743,2.830886e-09,236743,236743,0.002798,0.002799,1.0042e-02
dev-corpus-00,1454,236778,3.044144e-07,236778,236778,0.038048,0.037894,3.2394e-02
dev-corpus-00,1455,236771,2.736848e-12,236771,236771,0.000005,0.000005,9.9244e-03
dev-corpus-00,1456,594,2.136867e-13,594,594,0.000000,0.000000,1.1676e-02
dev-corpus-00,1457,7691,1.206743e-10,7691,7691,0.000128,0.000128,1.1226e-02
dev-corpus-00,1458,506,5.544473e-09,236764,236764,8.097231,8.097943,9.7594e-03
dev-corpus-00,1459,1171,2.412430e-06,19231,19231,5.424873,5.420157,2.4576e-02
dev-corpus-00,1460,17792,1.398859e-06,19231,19231,6.624600,6.626263,2.0521e-02
dev-corpus-00,1461,6693,2.870779e-08,6693,6693,0.041782,0.041812,1.3901e-02
dev-corpus-00,1462,26560,3.626772e-07,19231,19231,1.498843,1.498765,1.2025e-02
dev-corpus-00,1463,21262,9.406171e-07,12208,12208,4.263077,4.260710,1.2161e-02
dev-corpus-00,1464,993,7.806576e-07,236764,236764,5.495077,5.497594,1.0296e-02
dev-corpus-00,1465,1031,4.760663e-07,236761,236761,12.159369,12.154707,1.2646e-02
dev-corpus-00,1466,532,1.228268e-06,532,532,0.508585,0.508194,1.7184e-02
dev-corpus-00,1467,684,4.207287e-06,506,506,2.801558,2.799924,2.7891e-02
dev-corpus-00,1468,506,1.385371e-08,506,506,0.013569,0.013578,1.2370e-02
dev-corpus-00,1469,236743,1.112038e-06,236743,236743,0.160515,0.160075,1.9909e-02
dev-corpus-00,1470,236770,1.270187e-11,236770,236770,0.000120,0.000121,1.0686e-02
dev-corpus-00,1471,236819,1.066815e-10,236819,236819,0.000019,0.000019,1.5703e-02
dev-corpus-00,1472,236778,4.561948e-07,236800,236800,1.497050,1.495307,9.0337e-03
dev-corpus-00,1473,236771,2.282623e-12,236771,236771,0.000001,0.000001,5.1463e-03
dev-corpus-00,1474,236751,7.231916e-12,236751,236751,0.000013,0.000013,7.9823e-03
dev-corpus-00,1475,60904,9.401231e-07,236764,236764,10.534040,10.537646,1.6340e-02
dev-corpus-00,1476,756,1.469600e-07,1053,1053,15.108924,15.108132,9.5828e-03
dev-corpus-00,1477,236751,1.211907e-06,236751,236751,0.487890,0.486706,1.7114e-02
dev-corpus-00,1478,19231,2.639914e-07,19231,19231,0.072422,0.072527,2.6164e-02
dev-corpus-00,1479,3399,2.436137e-08,3399,3399,0.409649,0.409790,6.7806e-03
dev-corpus-00,1480,6074,1.789768e-06,691,691,1.921557,1.917891,1.2192e-02
dev-corpus-00,1481,22658,1.089386e-08,531,531,10.812147,10.811731,1.0228e-02
dev-corpus-00,1482,21450,1.272341e-06,236761,236761,21.706145,21.700203,1.3697e-02
dev-corpus-00,1483,690,2.406135e-06,4402,4402,16.723159,16.717978,9.9510e-03
dev-corpus-00,1484,504,3.780672e-09,504,504,0.000632,0.000631,1.2206e-02
dev-corpus-00,1485,8896,3.437853e-12,8896,8896,0.000002,0.000002,6.8417e-03
dev-corpus-00,1486,573,1.752863e-07,236761,236761,5.737737,5.741482,1.4788e-02
dev-corpus-00,1487,7046,3.065843e-06,12352,12352,15.612330,15.609011,1.7724e-02
dev-corpus-00,1488,7672,6.923707e-08,3019,3019,11.036030,11.038145,1.1698e-02
dev-corpus-00,1489,3446,2.043511e-08,3019,3019,0.925959,0.926035,1.0640e-02
dev-corpus-00,1490,532,2.013453e-07,3019,3019,5.912592,5.911525,1.7438e-02
dev-corpus-00,1491,19231,1.623012e-07,84898,84898,12.077636,12.072322,8.6260e-03
dev-corpus-00,1492,10940,3.904366e-06,20720,20720,2.139302,2.136905,9.8066e-03
dev-corpus-00,1493,3019,9.685601e-10,3019,3019,0.004676,0.004675,9.9869e-03
dev-corpus-00,1494,528,1.247804e-07,236761,236761,5.919892,5.923896,1.5108e-02
dev-corpus-00,1495,7010,3.877271e-06,54277,54277,14.577150,14.578378,2.3596e-02
dev-corpus-00,1496,756,1.099271e-06,236789,236789,8.055671,8.059908,1.2124e-02
dev-corpus-00,1497,10374,5.269706e-08,99927,99927,4.882640,4.880879,1.1210e-02
dev-corpus-00,1498,783,2.640199e-07,236761,236761,1.729990,1.729471,1.3032e-02
dev-corpus-00,1499,18868,7.402868e-07,107,107,9.762353,9.760682,1.8146e-02
dev-corpus-00,1500,1037,6.702118e-08,5990,5990,2.752476,2.753873,6.4838e-03
dev-corpus-00,1501,31216,8.729981e-07,6822,6822,6.559418,6.560902,1.4977e-02
dev-corpus-00,1502,14533,1.813591e-07,639,639,6.668742,6.670492,9.8600e-03
dev-corpus-00,1503,73232,8.501837e-07,8687,8687,5.816671,5.819563,1.1187e-02
dev-corpus-00,1504,19874,1.077521e-06,8687,8687,9.758602,9.759315,1.0875e-02
dev-corpus-00,1505,600,3.359315e-07,600,600,0.067497,0.067670,8.9321e-03
dev-corpus-00,1506,623,3.821976e-07,506,506,5.849874,5.848707,1.4480e-02
dev-corpus-00,1507,870,9.169984e-07,1437,1437,11.138109,11.139127,1.8339e-02
dev-corpus-00,1508,496,2.508167e-06,1437,1437,12.139288,12.138151,2.1417e-02
dev-corpus-00,1509,4422,2.687390e-06,236842,236842,2.037246,2.040223,3.1943e-02
dev-corpus-00,1510,517,1.012430e-06,1944,1944,8.139531,8.141073,1.6360e-02
dev-corpus-00,1511,589,2.942876e-06,4601,4601,8.132011,8.137184,1.7971e-02
dev-corpus-00,1512,640,2.043594e-07,506,506,11.358516,11.356757,1.2964e-02
dev-corpus-00,1513,77999,4.763639e-07,236761,236761,10.875870,10.877668,1.8429e-02
dev-corpus-00,1514,16339,2.280467e-06,41372,41372,11.590874,11.586533,1.9233e-02
dev-corpus-00,1515,73232,5.879855e-07,73232,73232,0.361699,0.362329,7.6571e-03
dev-corpus-00,1516,756,5.450624e-07,6697,6697,6.362089,6.362475,1.3157e-02
dev-corpus-00,1517,236751,2.854388e-07,236751,236751,0.049810,0.049942,1.5992e-02
dev-corpus-00,1518,4355,4.288076e-07,16257,16257,4.833161,4.832496,1.3572e-02
dev-corpus-00,1519,528,3.145047e-07,528,528,0.191332,0.191063,1.4659e-02
dev-corpus-00,1520,236743,7.561495e-09,236743,236743,0.015986,0.015986,8.9693e-03
dev-corpus-00,1521,236770,6.089514e-10,236770,236770,0.000069,0.000070,1.4841e-02
dev-corpus-00,1522,236819,2.244290e-08,236819,236819,0.017204,0.017176,9.5880e-03
dev-corpus-00,1523,236800,9.323769e-07,236778,236778,2.229094,2.227411,8.0752e-03
dev-corpus-00,1524,236800,1.934416e-06,236771,236771,2.016308,2.015323,1.2127e-02
dev-corpus-00,1525,1031,1.475065e-06,236764,236764,2.312286,2.311442,2.6243e-02
dev-corpus-00,1526,914,6.493659e-07,506,506,6.740043,6.745288,1.5754e-02
dev-corpus-00,1527,2033,2.382949e-06,2369,2369,4.320937,4.318820,2.4889e-02
dev-corpus-00,1528,657,1.831244e-06,5452,5452,4.208701,4.211787,1.2211e-02
dev-corpus-00,1529,236743,3.592819e-08,236743,236743,0.059575,0.059601,1.2469e-02
dev-corpus-00,1530,236778,4.082234e-07,236770,236770,4.067280,4.071057,1.4166e-02
dev-corpus-00,1531,236800,1.950506e-08,236771,236771,2.485619,2.485695,1.0856e-02
dev-corpus-00,1532,236770,1.952331e-07,236771,236771,2.374207,2.374556,1.1950e-02
dev-corpus-00,1533,4844,8.424408e-07,7123,7123,2.192381,2.191647,1.2957e-02
dev-corpus-00,1534,85797,1.167045e-06,85797,85797,0.931371,0.929766,2.4909e-02
dev-corpus-00,1535,6718,6.773972e-09,6718,6718,0.001868,0.001873,9.3484e-03
dev-corpus-01,1536,99309,2.904872e-06,578,578,24.168705,24.158527,1.4834e-02
dev-corpus-01,1537,7078,1.084056e-07,4666,4666,5.243696,5.241916,8.4865e-03
dev-corpus-01,1538,568,4.212724e-07,236761,236761,2.542730,2.543002,1.3157e-02
dev-corpus-01,1539,70187,1.703817e-06,2704,2704,41.422957,41.423185,2.4269e-02
dev-corpus-01,1540,1572,1.364883e-06,236768,236768,3.870300,3.870314,2.7888e-02
dev-corpus-01,1541,236804,2.901279e-06,236804,236804,0.518410,0.520032,1.8064e-02
dev-corpus-01,1542,4267,1.122449e-09,4267,4267,0.000325,0.000324,1.9895e-02
dev-corpus-01,1543,8412,2.723387e-07,236768,236768,9.764567,9.766100,1.3990e-02
dev-corpus-01,1544,1732,3.269029e-07,236768,236768,9.893877,9.892877,1.5063e-02
dev-corpus-01,1545,578,2.404380e-07,108,108,4.634048,4.633338,1.3549e-02
dev-corpus-01,1546,236743,2.013352e-06,99309,99309,5.516969,5.520132,2.1318e-02
dev-corpus-01,1547,107,2.004872e-06,236770,236770,4.046565,4.042303,1.5843e-02
dev-corpus-01,1548,236743,3.695841e-07,236784,236784,4.523226,4.522897,1.7481e-02
dev-corpus-01,1549,107,1.515907e-07,107,107,0.012565,0.012579,3.5634e-02
dev-corpus-01,1550,99309,9.737838e-06,1018,1018,10.183693,10.207565,3.4743e-02
dev-corpus-01,1551,7078,5.609006e-11,7078,7078,0.000088,0.000089,9.7027e-03
dev-corpus-01,1552,563,1.087676e-07,568,568,8.264640,8.266620,1.7157e-02
dev-corpus-01,1553,506,6.495790e-08,496,496,4.427746,4.425868,1.3588e-02
dev-corpus-01,1554,157312,1.466377e-07,3822,3822,15.070070,15.074584,1.2274e-02
dev-corpus-01,1555,14361,1.894139e-06,4087,4087,12.384346,12.385092,1.6045e-02
dev-corpus-01,1556,1392,2.693973e-06,5410,5410,15.298029,15.296332,2.0632e-02
dev-corpus-01,1557,236772,6.469140e-06,8412,8412,8.038327,8.040485,2.8456e-02
dev-corpus-01,1558,236940,8.919846e-06,24013,24013,6.868592,6.871444,3.0311e-02
dev-corpus-01,1559,5192,1.442869e-06,5410,5410,7.185915,7.189665,2.3457e-02
dev-corpus-01,1560,11452,1.057166e-06,5410,5410,9.291680,9.294030,1.3229e-02
dev-corpus-01,1561,8412,6.182153e-08,8412,8412,0.053968,0.053961,1.1197e-02
dev-corpus-01,1562,684,6.146805e-07,684,684,0.569006,0.569083,1.5060e-02
dev-corpus-01,1563,53439,3.997905e-07,70187,70187,9.424883,9.423521,2.8585e-02
dev-corpus-01,1564,12824,2.218665e-10,12824,12824,0.000087,0.000087,1.5736e-02
dev-corpus-01,1565,20304,4.084969e-08,20304,20304,0.066102,0.066088,2.2109e-02
dev-corpus-01,1566,1392,3.708007e-07,236772,236772,12.965489,12.976488,2.4497e-02
dev-corpus-01,1567,236772,2.442933e-06,236772,236772,0.323438,0.324174,3.1387e-02
dev-corpus-01,1568,236940,1.946168e-07,236940,236940,0.023682,0.023589,2.0270e-02
dev-corpus-01,1569,89079,5.195848e-07,70187,70187,11.096605,11.092346,2.0841e-02
dev-corpus-01,1570,70187,5.272735e-07,70187,70187,0.165708,0.165358,2.6182e-02
dev-corpus-01,1571,1572,4.103478e-08,1572,1572,0.007047,0.007028,2.0928e-02
dev-corpus-01,1572,236804,2.280404e-11,236804,236804,0.000004,0.000004,2.2216e-02
dev-corpus-01,1573,4267,1.846858e-09,4267,4267,0.000549,0.000548,2.0510e-02
dev-corpus-01,1574,1031,1.009452e-07,236761,236761,10.674855,10.674297,1.7048e-02
dev-corpus-01,1575,6811,1.591212e-07,6811,6811,0.073126,0.073208,2.1683e-02
dev-corpus-01,1576,580,3.840525e-07,528,528,1.457098,1.458678,1.4462e-02
dev-corpus-01,1577,236743,8.345054e-07,236743,236743,1.016202,1.016561,2.6861e-02
dev-corpus-01,1578,236778,7.206761e-08,236770,236770,1.501285,1.501495,2.0473e-02
dev-corpus-01,1579,236800,1.192412e-07,236771,236771,2.488171,2.487902,2.2566e-02
dev-corpus-01,1580,5857,5.424832e-07,6198,6198,2.002067,2.001534,3.0334e-02
dev-corpus-01,1581,236743,9.493320e-08,236743,236743,0.006244,0.006270,2.2094e-02
dev-corpus-01,1582,236778,1.222455e-06,236770,236770,1.472250,1.469386,2.0950e-02
dev-corpus-01,1583,236771,7.825904e-08,236771,236771,0.001783,0.001799,2.3400e-02
dev-corpus-01,1584,236770,4.570066e-10,236771,236771,2.488184,2.488260,1.2263e-02
dev-corpus-01,1585,236770,4.023048e-06,236800,236800,1.752565,1.749701,2.3169e-02
dev-corpus-01,1586,783,6.457785e-08,236761,236761,2.460918,2.461536,2.1256e-02
dev-corpus-01,1587,194181,3.950441e-06,669,669,14.862444,14.856675,2.9424e-02
dev-corpus-01,1588,528,1.726579e-06,528,528,0.218573,0.219419,1.6306e-02
dev-corpus-01,1589,506,1.794802e-06,506,506,1.116384,1.115953,2.7645e-02
dev-corpus-01,1590,3640,2.763379e-06,11452,11452,1.617516,1.613802,2.3789e-02
dev-corpus-01,1591,4184,9.618464e-09,4184,4184,0.002829,0.002826,2.2817e-02
dev-corpus-01,1592,532,1.130846e-07,236764,236764,1.600980,1.600890,2.1604e-02
dev-corpus-01,1593,13251,6.599455e-06,6811,6811,2.144869,2.148409,2.3035e-02
dev-corpus-01,1594,1031,1.135926e-07,236764,236764,4.009865,4.009366,2.2926e-02
dev-corpus-01,1595,625,3.543778e-07,506,506,3.143201,3.141199,1.7370e-02
dev-corpus-01,1596,691,2.653148e-06,4065,4065,1.139345,1.140441,1.6565e-02
dev-corpus-01,1597,6095,5.217159e-06,6811,6811,2.734535,2.735704,2.0489e-02
dev-corpus-01,1598,684,5.007935e-08,684,684,0.003348,0.003331,1.6708e-02
dev-corpus-01,1599,1572,2.536024e-06,1572,1572,2.439094,2.442646,3.1196e-02
dev-corpus-01,1600,236804,7.512113e-10,236804,236804,0.000085,0.000085,1.7109e-02
dev-corpus-01,1601,4267,1.062250e-11,4267,4267,0.000001,0.000001,1.7906e-02
dev-corpus-01,1602,607,1.864340e-07,532,532,4.928566,4.929576,1.4511e-02
dev-corpus-01,1603,6624,3.136562e-06,506,506,8.720965,8.721634,2.9751e-02
dev-corpus-01,1604,37060,4.226552e-06,722,722,9.756984,9.753817,2.6718e-02
dev-corpus-01,1605,1031,1.832688e-07,236761,236761,5.082445,5.084664,1.9078e-02
dev-corpus-01,1606,11629,7.312883e-07,532,532,11.896142,11.894880,2.1206e-02
dev-corpus-01,1607,104975,1.951001e-06,89002,89002,10.955830,10.956628,2.4612e-02
dev-corpus-01,1608,532,9.908615e-07,532,532,0.576896,0.575837,1.5873e-02
dev-corpus-01,1609,34499,1.091748e-06,55237,55237,15.863285,15.866254,3.1743e-02
dev-corpus-01,1610,129379,1.317765e-07,129379,129379,0.022225,0.022291,2.3378e-02
dev-corpus-01,1611,20304,1.397571e-06,18532,18532,5.526421,5.529312,1.8546e-02
dev-corpus-01,1612,1392,1.996227e-06,532,532,5.705430,5.711432,3.1616e-02
dev-corpus-01,1613,236772,4.763265e-09,236772,236772,0.001550,0.001551,1.6458e-02
dev-corpus-01,1614,236940,9.313974e-09,236940,236940,0.001514,0.001510,2.5211e-02
dev-corpus-01,1615,89079,5.172142e-05,20304,20304,5.387238,5.340366,8.0261e-02
dev-corpus-01,1616,49187,3.280050e-06,22424,22424,10.189201,10.183591,3.3720e-02
dev-corpus-01,1617,53363,7.959066e-06,44599,44599,3.436058,3.435632,4.4028e-02
dev-corpus-01,1618,783,1.186889e-06,783,783,0.516287,0.515055,2.0156e-02
dev-corpus-01,1619,669,1.303818e-06,669,669,0.244993,0.244444,2.8031e-02
dev-corpus-01,1620,8412,4.728824e-09,8412,8412,0.000943,0.000944,2.3453e-02
dev-corpus-01,1621,2192,6.660322e-07,4065,4065,15.672942,15.670565,1.5100e-02
dev-corpus-01,1622,506,2.930061e-06,496,496,5.157989,5.156286,2.8004e-02
dev-corpus-01,1623,1171,1.509971e-06,236743,236743,2.575529,2.578201,2.4261e-02
dev-corpus-01,1624,6829,3.799862e-06,528,528,8.170599,8.169835,2.0303e-02
dev-corpus-01,1625,5588,2.886236e-07,5588,5588,0.187523,0.187558,1.7896e-02
dev-corpus-01,1626,684,9.905828e-07,529,529,1.488833,1.487083,1.5539e-02
dev-corpus-01,1627,1572,2.931703e-08,1572,1572,0.026121,0.026099,1.8980e-02
dev-corpus-01,1628,236804,2.865371e-11,236804,236804,0.000006,0.000006,1.3454e-02
dev-corpus-01,1629,4267,3.473357e-11,4267,4267,0.000001,0.000001,2.9508e-02
dev-corpus-01,1630,1308,9.371620e-07,237028,237028,3.658922,3.660817,2.0825e-02
dev-corpus-01,1631,668,6.226538e-07,914,914,8.431304,8.428725,1.8389e-02
dev-corpus-01,1632,691,5.940989e-07,1053,1053,4.278637,4.280699,2.1740e-02
dev-corpus-01,1633,10227,2.247547e-06,7539,7539,1.009078,1.007844,1.8629e-02
dev-corpus-01,1634,684,1.493192e-07,531,531,1.938810,1.937816,1.3243e-02
dev-corpus-01,1635,28457,5.635791e-07,496,496,2.428888,2.430234,2.6872e-02
dev-corpus-01,1636,11796,2.922406e-07,11796,11796,0.083335,0.083384,2.9572e-02
dev-corpus-01,1637,528,2.084402e-06,2192,2192,2.992857,2.990315,3.4347e-02
dev-corpus-01,1638,236743,1.018310e-07,236743,236743,0.024920,0.024884,2.0058e-02
dev-corpus-01,1639,236770,1.497456e-08,236778,236778,3.945526,3.944365,1.7463e-02
dev-corpus-01,1640,236819,8.977890e-09,236819,236819,0.000951,0.000955,2.2271e-02
dev-corpus-01,1641,236819,1.602558e-07,236819,236819,0.009630,0.009575,1.7663e-02
dev-corpus-01,1642,236800,2.021691e-06,236832,236832,4.030644,4.031272,2.7990e-02
dev-corpus-01,1643,532,1.810623e-07,2192,2192,6.240730,6.238857,2.3003e-02
dev-corpus-01,1644,37060,1.404003e-06,21211,21211,7.994607,7.993463,2.4385e-02
dev-corpus-01,1645,11796,1.020746e-07,11796,11796,0.283176,0.283126,3.5158e-02
dev-corpus-01,1646,528,1.610185e-06,6308,6308,0.908773,0.906649,2.8106e-02
dev-corpus-01,1647,236743,1.477887e-08,236743,236743,0.004565,0.004554,1.5982e-02
dev-corpus-01,1648,236778,1.021749e-06,236770,236770,0.912569,0.914315,1.6744e-02
dev-corpus-01,1649,236771,3.575548e-10,236771,236771,0.000101,0.000101,1.5003e-02
dev-corpus-01,1650,236771,6.607233e-09,236771,236771,0.033325,0.033304,1.0808e-02
dev-corpus-01,1651,236828,4.264823e-08,236770,236770,4.593897,4.593867,2.3203e-02
dev-corpus-01,1652,2192,1.234350e-07,2192,2192,0.126947,0.126834,1.9906e-02
dev-corpus-01,1653,691,3.566122e-06,691,691,1.249437,1.251070,2.2241e-02
dev-corpus-01,1654,10713,2.616172e-06,496,496,13.013853,13.008576,2.0363e-02
dev-corpus-01,1655,684,3.270283e-06,684,684,0.455733,0.453945,1.9843e-02
dev-corpus-01,1656,914,1.135530e-06,914,914,0.357092,0.356746,3.5514e-02
dev-corpus-01,1657,1852,1.000280e-06,1852,1852,0.161496,0.162055,1.7688e-02
dev-corpus-01,1658,5346,3.672195e-07,5346,5346,0.145211,0.145459,1.3336e-02
dev-corpus-01,1659,1031,5.474794e-07,236764,236764,6.675519,6.672336,3.2240e-02
dev-corpus-01,1660,6548,6.403416e-06,5213,5213,7.058121,7.056439,1.9857e-02
dev-corpus-01,1661,546,2.663572e-08,546,546,0.001538,0.001544,1.9727e-02
dev-corpus-01,1662,24318,1.393961e-07,24318,24318,0.005988,0.005986,2.1737e-02
dev-corpus-01,1663,6015,2.401640e-07,6015,6015,0.003212,0.003174,3.4482e-02
dev-corpus-01,1664,783,4.098860e-06,236764,236764,10.611439,10.615466,2.2398e-02
dev-corpus-01,1665,236743,5.716243e-07,1030,1030,5.502229,5.501892,2.6730e-02
dev-corpus-01,1666,107,1.398954e-08,107,107,0.638062,0.638168,2.4762e-02
dev-corpus-01,1667,1301,6.679103e-08,236743,236743,20.660353,20.669026,2.4748e-02
dev-corpus-01,1668,3833,1.000553e-06,1042,1042,4.337640,4.340898,2.1583e-02
dev-corpus-01,1669,532,4.151201e-06,684,13336,2.410322,2.407339,2.5603e-02
dev-corpus-01,1670,5267,7.333690e-06,6984,6984,1.505196,1.498618,2.2802e-02
dev-corpus-01,1671,528,9.891031e-07,684,684,5.096832,5.104386,1.6018e-02
dev-corpus-01,1672,496,5.268006e-08,14361,14361,7.290477,7.288573,1.7363e-02
dev-corpus-01,1673,1051,1.279985e-06,6921,6921,13.978643,13.974187,2.3416e-02
dev-corpus-01,1674,1031,1.480104e-06,236764,236764,8.255169,8.256593,2.2107e-02
dev-corpus-01,1675,506,1.225587e-06,506,506,0.485399,0.486594,1.5088e-02
dev-corpus-01,1676,3423,1.203004e-07,8412,8412,4.932933,4.933185,2.0495e-02
dev-corpus-01,1677,12933,1.492620e-06,4065,4065,9.937546,9.934753,2.2727e-02
dev-corpus-01,1678,1572,1.019438e-07,496,496,2.269624,2.269068,2.0907e-02
dev-corpus-01,1679,236804,7.010454e-09,236804,236804,0.000157,0.000159,2.8167e-02
dev-corpus-01,1680,4267,6.411713e-12,4267,4267,0.000001,0.000001,4.1077e-02
dev-corpus-01,1681,532,2.067500e-08,236789,236789,12.158852,12.155169,1.5779e-02
dev-corpus-01,1682,53363,6.964594e-07,914,914,13.692456,13.680448,3.0069e-02
dev-corpus-01,1683,756,9.330723e-08,236789,236789,5.340621,5.338216,1.8924e-02
dev-corpus-01,1684,10080,5.922248e-07,236751,236751,26.672998,26.660964,2.8110e-02
dev-corpus-01,1685,13859,2.283568e-06,13859,13859,0.912484,0.914430,2.6022e-02
dev-corpus-01,1686,783,5.455836e-07,236789,236789,4.918184,4.918198,1.5514e-02
dev-corpus-01,1687,1701,2.961027e-06,1030,1030,7.668662,7.671274,2.5606e-02
dev-corpus-01,1688,99309,6.412270e-07,672,672,5.992656,5.988159,2.2177e-02
dev-corpus-01,1689,7078,5.322928e-10,7078,7078,0.000080,0.000080,1.3034e-02
dev-corpus-01,1690,1031,1.992896e-08,236764,236764,6.128019,6.125562,1.7159e-02
dev-corpus-01,1691,1572,1.053900e-06,1572,1572,0.700511,0.701033,2.2126e-02
dev-corpus-01,1692,236804,6.135639e-10,236804,236804,0.000042,0.000042,2.3157e-02
dev-corpus-01,1693,4267,8.781543e-13,4267,4267,0.000000,0.000000,1.6544e-02
dev-corpus-01,1694,7623,6.902688e-06,236789,236789,5.662992,5.661270,2.9851e-02
dev-corpus-01,1695,531,2.810307e-08,531,531,0.027134,0.027144,1.3851e-02
dev-corpus-01,1696,914,4.888832e-07,914,914,0.886380,0.886180,2.0735e-02
dev-corpus-01,1697,27644,8.770243e-07,14546,14546,5.681625,5.682739,1.4391e-02
dev-corpus-01,1698,5057,2.142246e-06,34407,34407,3.250033,3.250054,2.2316e-02
dev-corpus-01,1699,1308,1.481415e-07,236764,236764,4.467378,4.468794,1.7826e-02
dev-corpus-01,1700,914,3.190620e-06,496,496,2.328978,2.331494,3.0591e-02
dev-corpus-01,1701,125011,1.666862e-06,3527,3527,7.582464,7.587169,2.1876e-02
dev-corpus-01,1702,27197,4.707105e-07,8633,8633,3.267615,3.268375,1.3579e-02
dev-corpus-01,1703,573,1.240726e-06,528,528,3.944208,3.940808,2.4573e-02
dev-corpus-01,1704,8307,1.487898e-06,506,506,12.427059,12.426460,2.2092e-02
dev-corpus-01,1705,183384,1.588005e-05,43350,43350,1.118962,1.124233,2.5456e-02
dev-corpus-01,1706,630,1.700251e-06,12402,12402,4.518149,4.514268,2.8488e-02
dev-corpus-01,1707,33579,1.135752e-06,33579,33579,0.236398,0.236560,1.6208e-02
dev-corpus-01,1708,568,9.232244e-07,236764,236764,3.389071,3.390500,1.8550e-02
dev-corpus-01,1709,236743,3.811699e-08,236778,236778,6.081232,6.082334,1.4112e-02
dev-corpus-01,1710,236778,3.532435e-08,236778,236778,0.003994,0.004010,1.2796e-02
dev-corpus-01,1711,236771,3.041612e-10,236771,236771,0.000165,0.000165,1.1670e-02
dev-corpus-01,1712,236770,5.876214e-09,236771,236771,3.027395,3.027872,1.4201e-02
dev-corpus-01,1713,236771,9.851051e-09,236771,236771,0.257796,0.257837,1.1185e-02
dev-corpus-01,1714,1732,1.646282e-07,769,769,4.609348,4.606115,1.6526e-02
dev-corpus-01,1715,783,3.196524e-07,532,532,3.284073,3.281011,1.5435e-02
dev-corpus-01,1716,5978,5.497437e-07,669,669,4.963644,4.965737,2.3715e-02
dev-corpus-01,1717,13342,2.643830e-06,506,506,4.921253,4.924427,2.9154e-02
dev-corpus-01,1718,506,6.685393e-07,236764,236764,1.901381,1.900529,1.9577e-02
dev-corpus-01,1719,9014,2.051055e-07,8412,8412,10.088346,10.086166,2.4856e-02
dev-corpus-01,1720,1031,2.747792e-07,236764,236764,8.450148,8.446603,1.7636e-02
dev-corpus-01,1721,668,4.917523e-07,668,668,0.512132,0.511938,2.2681e-02
dev-corpus-01,1722,1053,9.212834e-06,112442,112442,4.401808,4.403884,3.1157e-02
dev-corpus-01,1723,1456,6.265414e-07,112442,112442,8.831568,8.829701,2.0953e-02
dev-corpus-01,1724,18661,1.643958e-06,919,919,9.565577,9.569253,1.8804e-02
dev-corpus-01,1725,17747,2.270501e-06,16587,16587,2.922766,2.923329,1.4877e-02
dev-corpus-01,1726,531,6.942436e-07,532,532,7.038541,7.035684,1.3125e-02
dev-corpus-01,1727,30091,4.030515e-07,2619,2619,8.812623,8.813789,1.6240e-02
dev-corpus-01,1728,914,6.357152e-08,506,506,1.947602,1.947822,1.4259e-02
dev-corpus-01,1729,5057,6.174425e-07,5057,5057,0.457137,0.457808,1.8465e-02
dev-corpus-01,1730,1031,6.703927e-07,236761,236761,6.609921,6.601711,1.9407e-02
dev-corpus-01,1731,2963,1.377012e-06,532,532,8.630947,8.632094,1.7617e-02
dev-corpus-01,1732,8314,9.898398e-07,7808,7808,7.533159,7.535886,2.0891e-02
dev-corpus-01,1733,1144,3.824109e-07,496,496,9.593376,9.595094,1.6805e-02
dev-corpus-01,1734,1053,1.308664e-06,668,668,9.737311,9.733084,1.7436e-02
dev-corpus-01,1735,1010,1.163343e-07,1010,1010,0.054475,0.054547,1.2215e-02
dev-corpus-01,1736,2760,2.252335e-06,496,496,3.259886,3.256823,1.9530e-02
dev-corpus-01,1737,496,1.979176e-06,623,623,1.498428,1.495767,1.8647e-02
dev-corpus-01,1738,623,4.158050e-07,623,623,0.858622,0.859259,1.9634e-02
dev-corpus-01,1739,52872,1.026661e-06,69731,69731,5.612169,5.613327,1.6079e-02
dev-corpus-01,1740,1392,1.857762e-07,236772,236772,24.814265,24.816745,1.5803e-02
dev-corpus-01,1741,236772,2.593576e-06,236772,236772,0.173968,0.174588,2.7162e-02
dev-corpus-01,1742,236940,3.459715e-08,236940,236940,0.006054,0.006034,3.1428e-02
dev-corpus-01,1743,1679,4.614725e-07,5057,5057,3.024048,3.020792,2.0539e-02
dev-corpus-01,1744,34407,8.504125e-09,236775,236775,8.554178,8.554991,1.3207e-02
dev-corpus-01,1745,4514,1.841556e-08,236775,236775,14.268423,14.267222,1.3173e-02
dev-corpus-01,1746,623,4.802335e-07,1781,1781,5.798485,5.795602,1.3121e-02
dev-corpus-01,1747,528,1.299126e-07,783,783,4.663790,4.665139,1.5965e-02
dev-corpus-01,1748,914,1.494533e-06,506,506,1.681633,1.680114,2.6250e-02
dev-corpus-01,1749,4252,2.273491e-06,3527,3527,2.583947,2.587733,3.3757e-02
dev-corpus-01,1750,783,2.504582e-07,236761,236761,3.458579,3.454911,1.9469e-02
dev-corpus-01,1751,99309,1.068383e-06,99309,99309,1.210286,1.210194,2.8376e-02
dev-corpus-01,1752,7078,7.964178e-10,7078,7078,0.000099,0.000098,1.3715e-02
dev-corpus-01,1753,815,2.918305e-06,236764,236764,11.062485,11.060837,1.7688e-02
dev-corpus-01,1754,1010,3.400844e-06,496,496,4.901358,4.896967,1.8305e-02
dev-corpus-01,1755,5483,2.611864e-06,43605,43605,7.060976,7.062400,2.2797e-02
dev-corpus-01,1756,531,2.029895e-07,531,531,0.039382,0.039305,1.7095e-02
dev-corpus-01,1757,914,3.681609e-07,914,914,0.129597,0.129369,1.3822e-02
dev-corpus-01,1758,6517,4.544830e-08,6517,6517,0.096029,0.096060,1.1632e-02
dev-corpus-01,1759,40626,4.996105e-07,236764,236764,7.335415,7.334671,1.4294e-02
dev-corpus-01,1760,1031,3.903676e-07,236764,236764,6.078529,6.077482,1.3663e-02
dev-corpus-01,1761,18868,1.619197e-06,532,532,22.604983,22.598414,1.7123e-02
dev-corpus-01,1762,3754,1.873738e-11,3754,3754,0.000034,0.000034,1.1677e-02
dev-corpus-01,1763,568,1.763851e-07,569,569,3.781406,3.782477,1.7679e-02
dev-corpus-01,1764,236743,1.139413e-06,236743,236743,0.555654,0.554364,1.0360e-02
dev-corpus-01,1765,236770,6.801887e-06,236778,236778,1.195959,1.190367,1.7878e-02
dev-corpus-01,1766,236819,1.003083e-09,236819,236819,0.000094,0.000094,2.5508e-02
dev-corpus-01,1767,236819,8.062874e-08,236819,236819,0.007158,0.007192,1.3924e-02
dev-corpus-01,1768,236812,8.159056e-07,236812,236812,0.445994,0.446786,4.8825e-02
dev-corpus-01,1769,1732,3.714578e-08,1732,1732,0.160554,0.160664,1.4956e-02
dev-corpus-01,1770,532,8.420847e-08,532,532,0.028717,0.028657,1.7838e-02
dev-corpus-01,1771,25328,2.412404e-06,2876,2876,7.034871,7.036397,2.6983e-02
dev-corpus-01,1772,168824,3.316715e-06,568,568,10.452246,10.455356,3.0928e-02
dev-corpus-01,1773,111340,1.962594e-08,111340,111340,0.034814,0.034829,2.1569e-02
dev-corpus-01,1774,568,1.593209e-10,568,568,0.000071,0.000071,1.5031e-02
dev-corpus-01,1775,236743,2.095530e-06,236743,236743,0.314233,0.312992,9.6577e-03
dev-corpus-01,1776,236770,3.762618e-09,236770,236770,0.010799,0.010808,1.1068e-02
dev-corpus-01,1777,236819,2.564831e-11,236819,236819,0.000037,0.000037,1.4718e-02
dev-corpus-01,1778,236819,4.434233e-09,236819,236819,0.000683,0.000680,1.1169e-02
dev-corpus-01,1779,236800,8.960558e-06,236832,236832,4.372844,4.381608,4.0165e-02
dev-corpus-01,1780,1732,1.514850e-07,1732,1732,0.527209,0.527157,1.8250e-02
dev-corpus-01,1781,783,6.696135e-07,573,573,4.689214,4.685806,1.6907e-02
dev-corpus-01,1782,236743,1.487088e-06,669,669,2.481685,2.482584,2.7954e-02
dev-corpus-01,1783,107,4.788126e-08,107,107,0.013007,0.012972,2.2130e-02
dev-corpus-01,1784,99309,3.546729e-07,818,818,7.533238,7.537385,2.2684e-02
dev-corpus-01,1785,7078,1.184770e-10,7078,7078,0.000014,0.000014,1.2842e-02
dev-corpus-01,1786,5452,1.068654e-06,563,563,7.279740,7.273436,1.8754e-02
dev-corpus-01,1787,1572,1.003374e-07,496,496,5.048186,5.048097,1.2746e-02
dev-corpus-01,1788,236804,3.193203e-10,236804,236804,0.000015,0.000015,2.8137e-02
dev-corpus-01,1789,4267,4.472813e-12,4267,4267,0.000001,0.000001,1.3351e-02
dev-corpus-01,1790,756,1.518194e-08,236789,236789,7.606558,7.604588,1.2764e-02
dev-corpus-01,1791,236751,2.651539e-07,236751,236751,0.019424,0.019513,1.4371e-02
dev-corpus-01,1792,10080,1.736533e-06,1171,1171,6.171836,6.170059,1.2674e-02
dev-corpus-01,1793,1548,8.956057e-07,8412,8412,5.562358,5.558066,1.5457e-02
dev-corpus-01,1794,1392,8.129729e-07,886,886,11.176345,11.176994,1.9550e-02
dev-corpus-01,1795,236772,1.562533e-08,236772,236772,0.002488,0.002483,1.5695e-02
dev-corpus-01,1796,236940,8.747771e-08,236940,236940,0.006059,0.006028,2.6200e-02
dev-corpus-01,1797,886,2.331032e-06,3161,3161,11.056178,11.052346,2.4027e-02
dev-corpus-01,1798,8412,1.137720e-06,236764,236764,7.702429,7.712234,1.5332e-02
dev-corpus-01,1799,580,4.579835e-07,236761,236761,7.362864,7.365723,2.3181e-02
dev-corpus-01,1800,506,3.124775e-06,236743,236743,1.313967,1.317702,2.3117e-02
dev-corpus-01,1801,72991,1.205249e-05,28494,28494,3.202931,3.201412,2.4975e-02
dev-corpus-01,1802,8231,2.823082e-06,236743,236743,2.625899,2.624957,1.3071e-02
dev-corpus-01,1803,16403,6.379092e-08,16403,16403,0.004752,0.004774,1.8343e-02
dev-corpus-01,1804,117210,5.444145e-09,117210,117210,0.001876,0.001879,2.5563e-02
dev-corpus-01,1805,1298,2.167961e-08,9535,9535,15.324049,15.321190,1.3114e-02
dev-corpus-01,1806,625,1.550179e-06,625,625,0.218078,0.218712,1.4674e-02
dev-corpus-01,1807,72000,6.978463e-07,90959,90959,2.008841,2.008716,1.0218e-02
dev-corpus-01,1808,573,3.518859e-08,657,657,10.443185,10.444307,1.6318e-02
dev-corpus-01,1809,506,3.426906e-06,506,506,0.331655,0.332031,3.4431e-02
dev-corpus-01,1810,2069,7.562323e-08,1171,1171,9.216176,9.210097,1.4073e-02
dev-corpus-01,1811,16548,5.477280e-07,529,529,0.786044,0.787112,1.4348e-02
dev-corpus-01,1812,236743,6.001193e-07,5857,5857,1.779193,1.781110,1.8325e-02
dev-corpus-01,1813,236778,2.745639e-07,236778,236778,0.611370,0.610720,1.5841e-02
dev-corpus-01,1814,236778,1.424608e-07,236819,236819,2.827693,2.826625,1.6916e-02
dev-corpus-01,1815,6198,1.684672e-07,5857,5857,1.662004,1.662183,1.2410e-02
dev-corpus-01,1816,236743,5.736870e-09,236743,236743,0.001582,0.001586,1.5755e-02
dev-corpus-01,1817,236778,1.034592e-10,236778,236778,0.000038,0.000038,1.3715e-02
dev-corpus-01,1818,236771,3.068941e-10,236771,236771,0.000139,0.000139,1.2088e-02
dev-corpus-01,1819,236770,1.287304e-11,236770,236770,0.000005,0.000005,8.5741e-03
dev-corpus-01,1820,236770,4.200572e-09,236770,236770,0.001179,0.001176,1.0834e-02
dev-corpus-01,1821,783,1.402470e-06,236761,236761,2.297569,2.297139,2.5297e-02
dev-corpus-01,1822,1701,1.030456e-06,669,669,7.168836,7.163670,2.8439e-02
dev-corpus-01,1823,59197,1.159770e-05,99309,99309,18.974073,18.969114,2.9624e-02
dev-corpus-01,1824,1908,6.110054e-06,5695,5695,12.218552,12.210345,2.0526e-02
dev-corpus-01,1825,1392,4.853560e-08,236772,236772,9.717620,9.716801,1.3509e-02
dev-corpus-01,1826,236772,1.022889e-08,236772,236772,0.002045,0.002040,1.2857e-02
dev-corpus-01,1827,236940,1.140335e-07,236940,236940,0.002689,0.002712,4.5147e-02
dev-corpus-01,1828,22592,4.562255e-05,22592,22592,0.729367,0.720321,5.0057e-02
dev-corpus-01,1829,5695,9.170646e-08,5695,5695,0.007953,0.007917,1.1698e-02
dev-corpus-01,1830,625,4.940836e-07,236764,236764,3.104786,3.100296,1.2796e-02
dev-corpus-01,1831,42093,7.380777e-07,691,691,2.808009,2.809890,1.2206e-02
dev-corpus-01,1832,506,5.989757e-09,506,506,0.005579,0.005585,9.9456e-03
dev-corpus-01,1833,16403,1.143561e-06,9535,9535,1.820042,1.818620,1.7032e-02
dev-corpus-01,1834,11400,1.099726e-05,117210,117210,1.968521,1.958977,2.3614e-02
dev-corpus-01,1835,117210,4.334950e-08,117210,117210,0.020330,0.020356,1.7395e-02
dev-corpus-01,1836,9535,5.336422e-08,9535,9535,0.094991,0.095053,1.0840e-02
dev-corpus-01,1837,1031,4.034741e-07,236761,236761,10.257938,10.257095,1.4809e-02
dev-corpus-01,1838,532,6.439854e-07,532,532,0.333244,0.333396,1.5875e-02
dev-corpus-01,1839,8452,1.422623e-06,625,625,3.051378,3.053947,1.7974e-02
dev-corpus-01,1840,1548,1.045873e-06,1548,1548,0.268027,0.268642,1.3164e-02
dev-corpus-01,1841,886,3.721787e-07,886,886,0.065476,0.065256,1.4091e-02
dev-corpus-01,1842,580,1.534764e-08,580,580,0.027016,0.027019,1.0825e-02
dev-corpus-01,1843,506,5.309358e-08,506,506,0.034278,0.034264,1.7005e-02
dev-corpus-01,1844,26135,2.095593e-06,72991,72991,8.819628,8.811621,2.0875e-02
dev-corpus-01,1845,117210,1.411252e-07,117210,117210,0.047790,0.047883,1.2867e-02
dev-corpus-01,1846,32269,1.244911e-07,9535,9535,4.208479,4.212532,1.1723e-02
dev-corpus-01,1847,783,2.399857e-07,236761,236761,3.442976,3.442677,1.3644e-02
dev-corpus-01,1848,1030,2.136892e-06,236743,236743,3.887098,3.890704,3.3288e-02
dev-corpus-01,1849,563,4.317262e-06,691,691,1.661541,1.665623,1.8139e-02
dev-corpus-01,1850,914,3.038601e-06,914,914,1.484866,1.484793,1.8346e-02
dev-corpus-01,1851,15778,3.310944e-06,1791,1791,7.517775,7.521524,1.8556e-02
dev-corpus-01,1852,22592,1.024018e-06,8412,8412,5.128515,5.127710,1.4460e-02
dev-corpus-01,1853,8412,1.153715e-06,1548,1548,1.447267,1.447701,1.2045e-02
dev-corpus-01,1854,531,1.620489e-08,531,531,0.025350,0.025366,1.2020e-02
dev-corpus-01,1855,9535,1.841587e-07,5370,5370,3.077184,3.075633,1.0264e-02
dev-corpus-01,1856,580,9.094765e-07,580,580,0.426742,0.425854,1.0927e-02
dev-corpus-01,1857,506,9.505059e-08,506,506,0.139195,0.139322,1.2317e-02
dev-corpus-01,1858,72991,4.239233e-07,72991,72991,0.133134,0.133424,1.8536e-02
dev-corpus-01,1859,236743,3.185494e-07,8231,8231,1.515818,1.516946,1.4312e-02
dev-corpus-01,1860,236778,5.085409e-09,236778,236778,0.002521,0.002516,1.4829e-02
dev-corpus-01,1861,236771,5.406184e-11,236771,236771,0.000037,0.000037,1.2192e-02
dev-corpus-01,1862,236771,4.101543e-10,236771,236771,0.000061,0.000061,1.0451e-02
dev-corpus-01,1863,568,5.370605e-07,236761,236761,6.688136,6.686271,1.7928e-02
dev-corpus-01,1864,17154,1.162832e-06,236743,236743,5.638024,5.641156,1.5757e-02
dev-corpus-01,1865,1548,3.691266e-07,1548,1548,0.311112,0.311427,1.1503e-02
dev-corpus-01,1866,41607,3.281823e-08,236743,236743,10.192094,10.190973,1.2410e-02
dev-corpus-01,1867,1392,2.436518e-07,236772,236772,13.390955,13.393615,1.8623e-02
dev-corpus-01,1868,236772,3.220256e-09,236772,236772,0.000424,0.000424,1.6340e-02
dev-corpus-01,1869,236940,1.037230e-09,236940,236940,0.003802,0.003799,2.9068e-02
dev-corpus-01,1870,3493,8.608324e-06,580,580,4.699992,4.689687,2.7977e-02
dev-corpus-01,1871,1732,2.549568e-07,769,769,11.322388,11.329151,1.5510e-02
dev-corpus-01,1872,1031,4.175612e-07,783,783,7.623035,7.622931,1.1349e-02
dev-corpus-01,1873,532,3.879086e-07,532,532,0.151624,0.151867,1.5056e-02
dev-corpus-01,1874,914,7.991891e-07,914,914,0.424170,0.424555,1.3447e-02
dev-corpus-01,1875,10080,6.206665e-07,4168,4168,1.708148,1.709181,1.0192e-02
dev-corpus-01,1876,8412,1.012901e-06,22592,22592,2.162868,2.161808,1.3443e-02
dev-corpus-01,1877,531,1.387881e-07,531,531,0.092206,0.092339,1.0765e-02
dev-corpus-01,1878,9535,6.155645e-07,9535,9535,0.744888,0.745910,1.3929e-02
dev-corpus-01,1879,528,1.637747e-07,580,580,2.168746,2.167302,1.0607e-02
dev-corpus-01,1880,14145,2.002314e-06,506,506,2.769088,2.766497,1.3000e-02
dev-corpus-01,1881,568,7.937486e-08,236761,236761,4.930867,4.930735,2.1211e-02
dev-corpus-01,1882,145739,2.764474e-06,17154,17154,7.536041,7.537527,2.2772e-02
dev-corpus-01,1883,657,4.512351e-09,657,657,0.002994,0.002997,8.9622e-03
dev-corpus-01,1884,1548,2.415348e-08,1548,1548,0.007232,0.007241,1.0196e-02
dev-corpus-01,1885,41607,2.822039e-06,12571,12571,4.622511,4.624502,1.6504e-02
dev-corpus-01,1886,1392,2.419658e-06,1392,1392,0.258439,0.259498,2.7244e-02
dev-corpus-01,1887,236772,1.329811e-10,236772,236772,0.000045,0.000045,1.7059e-02
dev-corpus-01,1888,236940,8.245396e-10,236940,236940,0.000076,0.000076,2.6650e-02
dev-corpus-01,1889,6589,1.994139e-06,3493,3493,2.432985,2.431661,2.2856e-02
dev-corpus-01,1890,1732,3.396222e-08,11108,11108,4.181837,4.181858,1.4080e-02
dev-corpus-01,1891,783,1.204228e-08,783,783,0.004061,0.004056,1.5192e-02
dev-corpus-01,1892,25298,9.669841e-07,107,107,15.521875,15.522347,2.2345e-02
dev-corpus-01,1893,886,3.085302e-07,506,506,7.653627,7.655438,1.2470e-02
dev-corpus-01,1894,2069,7.614948e-07,1051,1051,1.099804,1.098194,9.4575e-03
dev-corpus-01,1895,1308,3.295017e-07,529,529,6.868641,6.865947,1.2118e-02
dev-corpus-01,1896,1061,3.841728e-08,1061,1061,0.041360,0.041316,8.3103e-03
dev-corpus-01,1897,5588,4.550869e-09,5588,5588,0.001795,0.001799,1.0003e-02
dev-corpus-01,1898,99309,1.733158e-08,236764,236764,15.185207,15.188118,1.0906e-02
dev-corpus-01,1899,7078,1.131040e-08,7078,7078,0.001061,0.001066,1.2055e-02
dev-corpus-01,1900,691,3.256379e-07,691,691,1.182722,1.182539,1.2031e-02
dev-corpus-01,1901,19743,6.537891e-07,19743,19743,0.164564,0.164933,1.4781e-02
dev-corpus-01,1902,5122,1.403615e-08,7707,7707,5.544092,5.543077,1.3068e-02
dev-corpus-01,1903,528,1.986136e-06,684,684,0.765201,0.763111,1.2785e-02
dev-corpus-01,1904,27491,2.310466e-06,13251,13251,7.965660,7.968200,1.5446e-02
dev-corpus-01,1905,1031,1.327060e-06,532,532,6.145754,6.147991,1.6601e-02
dev-corpus-01,1906,506,2.804295e-07,532,532,8.300106,8.298827,2.2615e-02
dev-corpus-01,1907,3640,1.972508e-05,2269,2269,8.053486,8.049589,1.9172e-02
dev-corpus-01,1908,4184,6.938940e-09,4184,4184,0.003177,0.003172,2.4029e-02
dev-corpus-01,1909,532,1.138052e-07,236764,236764,2.792455,2.793781,1.0613e-02
dev-corpus-01,1910,13251,1.241103e-06,13251,13251,0.176733,0.177215,2.1915e-02
dev-corpus-01,1911,532,2.741680e-07,236761,236761,7.286764,7.287463,1.6500e-02
dev-corpus-01,1912,19743,3.197191e-06,691,691,5.165873,5.161875,5.2412e-02
dev-corpus-01,1913,45449,4.863101e-08,45449,45449,0.021495,0.021479,9.3126e-03
dev-corpus-01,1914,528,1.376803e-08,528,528,0.006294,0.006290,8.7690e-03
dev-corpus-01,1915,36723,1.061665e-06,27491,27491,6.135785,6.135062,2.2598e-02
dev-corpus-01,1916,532,7.901128e-08,236761,236761,3.810798,3.811646,1.7590e-02
dev-corpus-01,1917,24423,2.962858e-07,34877,34877,3.228058,3.226549,1.8075e-02
dev-corpus-01,1918,783,7.755734e-08,236761,236761,3.006728,3.005091,1.5446e-02
dev-corpus-01,1919,236743,3.237313e-06,236743,236743,0.497474,0.495642,1.9948e-02
dev-corpus-01,1920,107,1.534303e-07,107,107,0.058186,0.058051,1.5800e-02
dev-corpus-01,1921,22749,3.867953e-07,236743,236743,18.912147,18.913559,1.8436e-02
dev-corpus-01,1922,40903,9.080814e-07,40903,40903,0.164291,0.164239,1.3751e-02
dev-corpus-01,1923,735,1.882959e-06,964,964,3.616667,3.613484,2.1007e-02
dev-corpus-01,1924,1010,2.625913e-08,1010,1010,0.011915,0.011904,9.4771e-03
dev-corpus-01,1925,6811,6.094888e-09,6811,6811,0.001861,0.001857,8.4150e-03
dev-corpus-01,1926,699,6.465233e-09,699,699,0.024421,0.024427,9.4204e-03
dev-corpus-01,1927,506,7.076209e-09,506,506,0.088550,0.088567,1.1984e-02
dev-corpus-01,1928,8412,1.924490e-09,8412,8412,0.002334,0.002332,1.8013e-02
dev-corpus-01,1929,783,5.849615e-07,236764,236764,5.980063,5.980273,1.4820e-02
dev-corpus-01,1930,669,4.789086e-07,669,669,0.475958,0.475834,1.8355e-02
dev-corpus-01,1931,2080,1.032560e-06,2080,2080,0.898745,0.898683,1.2891e-02
dev-corpus-01,1932,3161,8.184354e-10,3161,3161,0.000415,0.000415,8.8549e-03
dev-corpus-01,1933,1031,9.606453e-07,563,563,10.577962,10.575895,1.0843e-02
dev-corpus-01,1934,623,5.753450e-08,623,623,0.021171,0.021186,1.2992e-02
dev-corpus-01,1935,2876,1.089193e-06,4976,4976,12.717491,12.718181,1.6678e-02
dev-corpus-01,1936,97192,9.222570e-07,97192,97192,1.351556,1.352290,1.1955e-02
dev-corpus-01,1937,623,1.055225e-06,236775,236775,8.273277,8.274348,1.7735e-02
dev-corpus-01,1938,1031,4.281840e-07,691,691,2.820279,2.817896,1.2238e-02
dev-corpus-01,1939,5452,2.363404e-07,691,691,4.942795,4.939901,1.2581e-02
dev-corpus-01,1940,496,1.143213e-08,496,496,0.014855,0.014849,6.8021e-03
dev-corpus-01,1941,6635,1.793207e-06,3262,3262,5.230326,5.233541,1.4318e-02
dev-corpus-01,1942,2630,5.172450e-09,2630,2630,0.128357,0.128384,8.4367e-03
dev-corpus-01,1943,528,7.321224e-07,532,532,6.188288,6.187086,8.8439e-03
dev-corpus-01,1944,3131,6.883743e-07,236743,236743,4.502032,4.498487,1.3883e-02
dev-corpus-01,1945,16403,5.833611e-07,16403,16403,0.286585,0.287142,9.7954e-03
dev-corpus-01,1946,3668,3.841597e-07,3668,3668,0.057470,0.057311,1.0183e-02
dev-corpus-01,1947,4808,1.077449e-06,4808,4808,0.147219,0.146643,9.1088e-03
dev-corpus-01,1948,532,6.032253e-08,236761,236761,2.873429,2.873715,1.1837e-02
dev-corpus-01,1949,691,1.711767e-06,691,691,0.505556,0.504726,1.9651e-02
dev-corpus-01,1950,1548,1.465124e-06,496,496,6.810650,6.809890,9.7313e-03
dev-corpus-01,1951,886,7.252985e-09,886,886,0.025014,0.024998,6.9273e-03
dev-corpus-01,1952,580,2.315228e-07,580,580,0.456919,0.457421,7.9234e-03
dev-corpus-01,1953,506,1.049228e-07,506,506,0.090548,0.090624,1.4248e-02
dev-corpus-01,1954,72991,3.660020e-06,16403,16403,2.092794,2.097487,1.7769e-02
dev-corpus-01,1955,16403,8.799196e-07,16403,16403,0.527784,0.526728,1.1877e-02
dev-corpus-01,1956,48420,9.325132e-07,48420,48420,0.112099,0.112557,1.3461e-02
dev-corpus-01,1957,532,6.266714e-09,9535,9535,9.839309,9.839701,9.9058e-03
dev-corpus-01,1958,16403,3.695092e-07,16403,16403,0.717229,0.717436,1.6197e-02
dev-corpus-01,1959,11400,7.724540e-07,11400,11400,0.272572,0.272111,1.1748e-02
dev-corpus-01,1960,48420,1.088731e-06,48420,48420,0.395383,0.396364,1.0278e-02
dev-corpus-01,1961,28494,5.431072e-07,28494,28494,0.107966,0.107625,8.5435e-03
dev-corpus-01,1962,783,2.081139e-07,236761,236761,4.393003,4.392753,1.3658e-02
dev-corpus-01,1963,1030,1.145598e-06,7067,7067,5.304923,5.305031,9.7275e-03
dev-corpus-01,1964,691,6.671314e-07,691,691,0.294240,0.294642,9.7041e-03
dev-corpus-01,1965,6641,3.565117e-07,992,992,6.501666,6.501026,1.5985e-02
dev-corpus-01,1966,684,4.926508e-10,684,684,0.000476,0.000476,7.7498e-03
dev-corpus-01,1967,623,1.725224e-07,623,623,0.094431,0.094566,1.2674e-02
dev-corpus-01,1968,25133,4.857566e-07,2774,2774,8.975686,8.973216,1.3157e-02
dev-corpus-01,1969,9925,3.270086e-10,1741,1741,9.197406,9.195602,9.0804e-03
dev-corpus-01,1970,147012,1.774505e-07,236775,236775,4.442066,4.441142,1.7361e-02
dev-corpus-01,1971,623,8.002564e-07,236775,236775,2.236163,2.232825,1.3965e-02
dev-corpus-01,1972,568,1.822632e-07,532,532,6.913627,6.914098,9.4895e-03
dev-corpus-01,1973,18482,1.149361e-06,236778,236778,8.039994,8.042787,1.6378e-02
dev-corpus-01,1974,667,1.118800e-06,77817,77817,6.151256,6.151766,1.8438e-02
dev-corpus-01,1975,5316,1.641502e-06,5316,5316,0.444896,0.445960,8.0466e-03
dev-corpus-01,1976,76530,6.610301e-07,76530,76530,0.406191,0.406629,8.7337e-03
dev-corpus-01,1977,1732,3.704574e-07,236768,236768,1.358348,1.359138,1.1612e-02
dev-corpus-01,1978,1031,1.080535e-07,532,532,2.509111,2.508854,1.2233e-02
dev-corpus-01,1979,837,1.593546e-06,532,532,1.704293,1.702068,1.3990e-02
dev-corpus-01,1980,8452,3.730679e-08,992,992,6.823762,6.825020,8.0895e-03
dev-corpus-01,1981,1548,8.762909e-08,1548,1548,0.113913,0.113942,1.0083e-02
dev-corpus-01,1982,886,6.865493e-09,886,886,0.118768,0.118793,7.9994e-03
dev-corpus-01,1983,580,5.632512e-08,580,580,0.667879,0.668181,8.9729e-03
dev-corpus-01,1984,506,2.293845e-07,506,506,0.080573,0.080735,1.3561e-02
dev-corpus-01,1985,16403,1.235286e-05,72991,72991,0.995826,0.996550,7.5588e-02
dev-corpus-01,1986,11400,1.358128e-08,11400,11400,0.025814,0.025821,1.5131e-02
dev-corpus-01,1987,48420,1.796981e-07,48420,48420,0.049694,0.049583,1.3808e-02
dev-corpus-01,1988,1031,1.125352e-07,9535,9535,16.021317,16.023216,8.5011e-03
dev-corpus-01,1989,1548,2.388889e-07,532,532,8.260912,8.258859,1.4570e-02
dev-corpus-01,1990,1156,1.385019e-06,1156,1156,0.912050,0.912562,1.5310e-02
dev-corpus-01,1991,580,7.357061e-10,580,580,0.003730,0.003730,9.2521e-03
dev-corpus-01,1992,506,4.076168e-09,506,506,0.041668,0.041672,1.2624e-02
dev-corpus-01,1993,16403,3.256701e-07,16403,16403,0.901210,0.900518,1.4012e-02
dev-corpus-01,1994,48420,5.707012e-07,11400,11400,2.201866,2.201364,1.8236e-02
dev-corpus-01,1995,28494,7.567090e-07,28494,28494,0.692675,0.693798,9.9421e-03
dev-corpus-01,1996,532,2.173323e-07,236764,236764,2.160664,2.160724,1.5829e-02
dev-corpus-01,1997,42093,4.133797e-07,1548,1548,3.956064,3.957289,1.3279e-02
dev-corpus-01,1998,3131,1.896417e-08,506,506,9.600292,9.597780,1.4241e-02
dev-corpus-01,1999,1032,6.408401e-07,10969,10969,4.319608,4.319914,1.1920e-02
dev-corpus-01,2000,4559,1.044631e-06,28494,28494,3.428316,3.427869,1.5335e-02
dev-corpus-01,2001,28494,2.130122e-08,28494,28494,0.008416,0.008400,1.0464e-02
dev-corpus-01,2002,783,1.514242e-07,236761,236761,3.676486,3.673264,1.3445e-02
dev-corpus-01,2003,623,6.107166e-06,12023,12023,2.880385,2.882652,2.3214e-02
dev-corpus-01,2004,14402,3.946447e-07,2774,2774,4.170901,4.171559,1.2109e-02
dev-corpus-01,2005,8934,9.645372e-07,77702,77702,9.063548,9.061120,1.5523e-02
dev-corpus-01,2006,722,1.243963e-09,722,722,0.002317,0.002318,9.0766e-03
dev-corpus-01,2007,1339,2.709486e-08,236775,236775,6.128146,6.128316,1.2735e-02
dev-corpus-01,2008,3060,6.881647e-08,69610,69610,6.548663,6.549391,7.0271e-03
dev-corpus-01,2009,81790,2.767285e-07,69610,69610,9.531605,9.533938,8.2076e-03
dev-corpus-01,2010,593,1.715177e-06,895,895,10.715944,10.715655,1.0250e-02
dev-corpus-01,2011,9487,3.898950e-08,9487,9487,0.116800,0.116894,1.4407e-02
dev-corpus-01,2012,4362,5.766756e-12,4362,4362,0.000004,0.000004,5.7364e-03
dev-corpus-01,2013,55620,1.817416e-07,55620,55620,0.044478,0.044595,1.5569e-02
dev-corpus-01,2014,2489,2.534955e-11,2489,2489,0.000007,0.000007,1.4044e-02
dev-corpus-01,2015,623,2.827648e-06,236775,236775,1.226294,1.222622,1.7483e-02
dev-corpus-01,2016,691,2.926747e-06,992,992,1.721265,1.722327,1.7030e-02
dev-corpus-01,2017,6811,1.353299e-07,992,992,5.532951,5.536044,7.3242e-03
dev-corpus-01,2018,528,4.651858e-07,3209,3209,2.952232,2.952519,7.4332e-03
dev-corpus-01,2019,3353,9.352792e-07,236743,236743,5.023477,5.027391,2.2892e-02
dev-corpus-01,2020,236743,1.981796e-07,236743,236743,0.140393,0.140164,1.1254e-02
dev-corpus-01,2021,236778,2.120534e-11,236778,236778,0.000037,0.000037,2.1263e-02
dev-corpus-01,2022,236771,2.105515e-10,236771,236771,0.000023,0.000023,1.8643e-02
dev-corpus-01,2023,236770,1.352278e-08,236770,236770,0.000953,0.000948,1.7881e-02
dev-corpus-01,2024,236778,6.941642e-07,236778,236778,0.072084,0.071882,1.3239e-02
dev-corpus-01,2025,2895,8.918168e-08,532,532,12.342193,12.342627,1.3366e-02
dev-corpus-01,2026,623,2.019870e-07,623,623,0.044615,0.044692,1.7349e-02
dev-corpus-01,2027,2474,8.697631e-07,4976,4976,4.787295,4.786547,1.0105e-02
dev-corpus-01,2028,186289,1.442011e-06,186289,186289,0.710712,0.709625,1.2177e-02
dev-corpus-01,2029,623,4.826774e-08,236775,236775,4.326167,4.326284,1.5854e-02
dev-corpus-01,2030,528,6.950886e-07,568,568,5.228135,5.231077,1.4230e-02
dev-corpus-01,2031,5505,1.656914e-08,236743,236743,3.620431,3.620078,9.3842e-03
dev-corpus-01,2032,236743,3.746182e-10,236743,236743,0.001042,0.001042,7.1900e-03
dev-corpus-01,2033,236778,4.098148e-12,236778,236778,0.000004,0.000004,1.3658e-02
dev-corpus-01,2034,236771,6.851309e-11,236771,236771,0.000015,0.000015,1.4082e-02
dev-corpus-01,2035,236770,1.146539e-11,236770,236770,0.000014,0.000014,1.3629e-02
dev-corpus-01,2036,236778,2.553912e-09,236778,236778,0.011202,0.011208,1.6957e-02
dev-corpus-01,2037,1031,3.434582e-07,236793,236793,3.507053,3.508063,1.9062e-02
dev-corpus-01,2038,532,5.034288e-08,532,532,0.008459,0.008433,1.3039e-02
dev-corpus-01,2039,623,4.065031e-09,623,623,0.001347,0.001346,1.2302e-02
dev-corpus-01,2040,7072,6.556700e-07,2876,2876,4.655495,4.655221,1.4881e-02
dev-corpus-01,2041,17206,4.626081e-07,147012,147012,4.130009,4.130789,1.1741e-02
dev-corpus-01,2042,2301,7.506791e-07,782,782,1.842188,1.843954,1.0779e-02
dev-corpus-01,2043,99064,5.930735e-07,4892,4892,16.264135,16.263023,9.2142e-03
dev-corpus-01,2044,101060,4.227560e-07,507,507,2.864832,2.861322,7.2527e-03
dev-corpus-01,2045,623,5.208677e-07,623,623,0.483666,0.482862,1.2556e-02
dev-corpus-01,2046,528,4.653860e-09,528,528,0.041966,0.041957,9.5594e-03
dev-corpus-01,2047,6243,2.055946e-07,236743,236743,2.538905,2.537696,9.3784e-03
dev-corpus-02,2048,9115,2.904872e-06,578,578,27.404045,27.390071,1.4834e-02
dev-corpus-02,2049,9250,7.173689e-07,13959,13959,14.909547,14.909139,1.5839e-02
dev-corpus-02,2050,90890,2.888969e-07,1979,1979,20.962702,20.967569,1.2710e-02
dev-corpus-02,2051,564,3.904270e-06,236772,236772,7.708894,7.710796,3.0127e-02
dev-corpus-02,2052,60872,8.973043e-07,568,568,12.935477,12.956236,2.6347e-02
dev-corpus-02,2053,578,1.703616e-06,236761,236761,10.139568,10.136232,2.2001e-02
dev-corpus-02,2054,236743,2.419148e-06,9115,9115,3.504427,3.505893,2.1697e-02
dev-corpus-02,2055,107,6.696835e-08,236770,236770,4.024423,4.023301,2.0449e-02
dev-corpus-02,2056,236743,7.814742e-07,2717,2717,4.751347,4.754180,2.4222e-02
dev-corpus-02,2057,107,6.668147e-08,107,107,0.035018,0.034956,1.7606e-02
dev-corpus-02,2058,669,1.325143e-06,1018,1018,8.586905,8.593253,1.7635e-02
dev-corpus-02,2059,9250,7.749838e-07,90890,90890,1.935657,1.937164,2.0391e-02
dev-corpus-02,2060,90890,7.410422e-09,90890,90890,0.003917,0.003910,1.8178e-02
dev-corpus-02,2061,564,4.205156e-09,564,564,0.001956,0.001959,1.0782e-02
dev-corpus-02,2062,691,1.983214e-07,60872,60872,0.980245,0.979872,1.5224e-02
dev-corpus-02,2063,496,1.399145e-07,496,496,0.109417,0.109328,1.3245e-02
dev-corpus-02,2064,1012,1.347916e-06,1944,1944,10.102422,10.098309,1.2964e-02
dev-corpus-02,2065,529,2.911985e-09,529,529,0.000306,0.000305,1.2971e-02
dev-corpus-02,2066,1944,2.957770e-07,1944,1944,0.824243,0.823911,1.8375e-02
dev-corpus-02,2067,25260,1.716125e-07,236764,236764,1.644335,1.645092,1.2217e-02
dev-corpus-02,2068,112098,4.610829e-07,112098,112098,0.304661,0.304221,1.4785e-02
dev-corpus-02,2069,568,9.828176e-07,5535,5535,7.497620,7.494399,1.5968e-02
dev-corpus-02,2070,749,7.880749e-07,236836,236836,13.304708,13.307138,1.2084e-02
dev-corpus-02,2071,1392,4.335574e-10,236772,236772,24.972599,24.974362,1.2217e-02
dev-corpus-02,2072,236772,1.272039e-06,236743,236743,6.699937,6.699609,1.7699e-02
dev-corpus-02,2073,236940,5.056221e-07,57876,57876,7.457897,7.456351,1.5905e-02
dev-corpus-02,2074,20896,1.854353e-06,236768,236768,6.469040,6.462961,2.0153e-02
dev-corpus-02,2075,1732,2.912181e-08,236768,236768,7.260996,7.262107,1.1172e-02
dev-corpus-02,2076,5284,9.513698e-07,5535,5535,2.560445,2.558313,1.9820e-02
dev-corpus-02,2077,528,2.449537e-07,684,684,3.301128,3.299729,1.7663e-02
dev-corpus-02,2078,9405,1.304806e-07,9405,9405,0.039660,0.039564,1.6240e-02
dev-corpus-02,2079,657,4.361358e-07,1913,1913,7.236318,7.238896,1.4856e-02
dev-corpus-02,2080,506,8.336712e-09,506,506,0.003811,0.003805,1.7617e-02
dev-corpus-02,2081,6534,1.766981e-07,2490,2490,1.199085,1.198952,1.4477e-02
dev-corpus-02,2082,529,7.907005e-11,529,529,0.000056,0.000056,1.4924e-02
dev-corpus-02,2083,506,3.186001e-08,4109,4109,4.478334,4.479337,1.6083e-02
dev-corpus-02,2084,5315,4.907684e-07,5315,5315,0.128857,0.128615,2.3314e-02
dev-corpus-02,2085,4109,2.043680e-09,4109,4109,0.000211,0.000210,1.7331e-02
dev-corpus-02,2086,5289,3.343503e-10,5289,5289,0.000040,0.000040,1.5410e-02
dev-corpus-02,2087,783,1.247835e-08,236761,236761,8.245309,8.246347,1.9906e-02
dev-corpus-02,2088,236743,1.990309e-06,2195,2195,3.886315,3.886229,2.0928e-02
dev-corpus-02,2089,236778,5.408378e-09,107,107,9.753773,9.753080,2.2745e-02
dev-corpus-02,2090,236771,3.210893e-06,236761,236761,5.486993,5.491026,2.5204e-02
dev-corpus-02,2091,20896,1.689532e-06,236771,236771,8.803810,8.796070,1.4942e-02
dev-corpus-02,2092,964,2.137273e-06,964,964,0.271426,0.272546,1.6358e-02
dev-corpus-02,2093,14494,2.198837e-06,5284,5284,1.321349,1.324574,2.0117e-02
dev-corpus-02,2094,1031,4.271558e-06,236764,236764,11.080290,11.078199,1.9984e-02
dev-corpus-02,2095,1346,4.876967e-06,532,532,6.159440,6.155550,1.9276e-02
dev-corpus-02,2096,529,3.280668e-07,529,529,0.398360,0.398147,1.7699e-02
dev-corpus-02,2097,837,1.287847e-07,1091,1091,1.202759,1.202076,1.8343e-02
dev-corpus-02,2098,3939,3.372817e-07,964,964,7.870646,7.866421,2.0724e-02
dev-corpus-02,2099,1131,9.232459e-06,1131,1131,0.629327,0.625401,1.9428e-02
dev-corpus-02,2100,2509,1.431558e-07,2509,2509,0.022671,0.022609,1.5364e-02
dev-corpus-02,2101,607,6.284774e-06,1913,1913,2.002948,2.008116,2.0626e-02
dev-corpus-02,2102,506,4.251217e-08,506,506,0.004629,0.004648,2.4447e-02
dev-corpus-02,2103,9115,2.091580e-08,37011,37011,1.979259,1.979137,2.4083e-02
dev-corpus-02,2104,37011,1.343140e-06,37011,37011,0.143399,0.142833,2.0607e-02
dev-corpus-02,2105,22577,1.271518e-08,22577,22577,0.000380,0.000377,2.2606e-02
dev-corpus-02,2106,783,2.819005e-07,236761,236761,3.172142,3.173575,2.0807e-02
dev-corpus-02,2107,100217,8.707055e-07,3143,3143,13.921862,13.922701,2.3352e-02
dev-corpus-02,2108,529,3.020851e-07,964,964,2.956404,2.957891,1.6805e-02
dev-corpus-02,2109,672,1.146369e-06,672,672,0.112832,0.112312,1.4634e-02
dev-corpus-02,2110,1702,1.962926e-07,1012,1012,4.678528,4.678011,1.8023e-02
dev-corpus-02,2111,964,1.036930e-07,964,964,0.048266,0.048236,1.9807e-02
dev-corpus-02,2112,992,1.681512e-06,13336,13336,11.526216,11.522304,1.9841e-02
dev-corpus-02,2113,17557,7.279565e-07,1456,1456,5.897121,5.900822,2.2792e-02
dev-corpus-02,2114,684,1.584263e-07,684,684,0.012581,0.012623,2.1558e-02
dev-corpus-02,2115,506,8.943648e-07,506,506,0.242115,0.241836,1.9147e-02
dev-corpus-02,2116,224109,9.227910e-07,9115,9115,3.844702,3.849060,2.1722e-02
dev-corpus-02,2117,1392,1.321461e-12,236772,236772,24.861543,24.869843,2.3975e-02
dev-corpus-02,2118,236772,2.773594e-07,236772,236772,0.027532,0.027595,3.0733e-02
dev-corpus-02,2119,236940,9.885314e-08,236940,236940,0.017060,0.017013,2.1878e-02
dev-corpus-02,2120,54930,8.927680e-08,22577,22577,16.862003,16.859367,2.1905e-02
dev-corpus-02,2121,22577,8.692748e-07,22577,22577,0.082897,0.083244,2.6187e-02
dev-corpus-02,2122,568,2.457273e-07,236761,236761,4.894338,4.897429,1.9938e-02
dev-corpus-02,2123,64318,4.239652e-06,562,562,7.385484,7.386400,1.9997e-02
dev-corpus-02,2124,9561,1.282108e-06,9561,9561,0.325451,0.324636,3.0856e-02
dev-corpus-02,2125,941,1.592895e-08,941,941,0.002580,0.002581,3.9421e-02
dev-corpus-02,2126,69055,7.773978e-07,69055,69055,0.046696,0.046764,4.1993e-02
dev-corpus-02,2127,9561,4.272527e-09,9561,9561,0.000398,0.000396,2.0906e-02
dev-corpus-02,2128,187883,6.660992e-07,187883,187883,0.046719,0.046947,2.4079e-02
dev-corpus-02,2129,34736,7.125559e-10,34736,34736,0.000014,0.000014,3.0141e-02
dev-corpus-02,2130,653,5.237155e-07,236768,236768,7.795687,7.790890,2.3586e-02
dev-corpus-02,2131,751,1.597023e-07,749,749,2.062189,2.063595,2.5949e-02
dev-corpus-02,2132,236761,2.115325e-07,236761,236761,0.012139,0.012074,2.8285e-02
dev-corpus-02,2133,236756,7.473666e-08,236756,236756,0.017442,0.017493,1.9330e-02
dev-corpus-02,2134,236761,1.160244e-10,236761,236761,0.000013,0.000013,1.7749e-02
dev-corpus-02,2135,236855,7.386309e-06,236855,236855,0.052298,0.051414,1.0572e-01
dev-corpus-02,2136,236761,3.074737e-06,236761,236761,0.020683,0.021019,4.8319e-02
dev-corpus-02,2137,187883,2.041710e-06,187883,187883,0.046918,0.047361,5.7210e-02
dev-corpus-02,2138,34736,2.751490e-11,34736,34736,0.000001,0.000001,2.2920e-02
dev-corpus-02,2139,1732,3.146153e-06,236768,236768,4.729275,4.731075,2.4662e-02
dev-corpus-02,2140,532,2.629475e-06,783,783,3.770802,3.771032,2.6422e-02
dev-corpus-02,2141,506,1.878883e-06,964,964,2.440160,2.438850,2.9329e-02
dev-corpus-02,2142,84172,8.319961e-06,224109,224109,6.314616,6.312821,4.9381e-02
dev-corpus-02,2143,22577,1.505212e-07,22577,22577,0.030352,0.030275,2.3961e-02
dev-corpus-02,2144,783,2.714291e-07,236761,236761,3.110996,3.110481,3.0786e-02
dev-corpus-02,2145,669,8.851418e-06,107,107,2.970580,2.980186,4.2007e-02
dev-corpus-02,2146,2299,3.556707e-06,9250,9250,12.819643,12.832484,5.2621e-02
dev-corpus-02,2147,563,8.076023e-07,691,691,3.911911,3.914648,2.2228e-02
dev-corpus-02,2148,6494,3.982889e-06,24786,24786,2.736688,2.730779,2.2545e-02
dev-corpus-02,2149,3224,8.430824e-07,11081,11081,5.352002,5.354617,2.2395e-02
dev-corpus-02,2150,618,7.766581e-07,618,618,0.329357,0.328669,1.9303e-02
dev-corpus-02,2151,506,1.676170e-06,506,506,0.285608,0.285631,3.8906e-02
dev-corpus-02,2152,90890,7.754244e-06,90890,90890,0.979747,0.975882,6.6093e-02
dev-corpus-02,2153,1392,1.898941e-06,564,564,13.500333,13.508197,2.8213e-02
dev-corpus-02,2154,236772,4.675927e-07,236772,236772,0.012613,0.012685,3.5639e-02
dev-corpus-02,2155,236940,1.351883e-06,236940,236940,0.014093,0.014220,6.9961e-02
dev-corpus-02,2156,236743,1.611030e-05,1012,1012,8.131588,8.126124,4.6120e-02
dev-corpus-02,2157,236770,1.911980e-06,236770,236770,0.027220,0.027490,2.8017e-02
dev-corpus-02,2158,1012,4.039331e-06,1012,1012,0.217027,0.217939,2.5295e-02
dev-corpus-02,2159,1308,2.767311e-07,236761,236761,11.813935,11.816092,3.2187e-02
dev-corpus-02,2160,15233,2.272240e-06,506,506,16.567817,16.558921,4.5700e-02
dev-corpus-02,2161,90890,3.720600e-05,749,749,10.115774,10.115845,9.2876e-02
dev-corpus-02,2162,1392,5.286011e-06,564,564,6.302244,6.324752,3.3810e-02
dev-corpus-02,2163,236772,5.052849e-08,236772,236772,0.004645,0.004655,3.0906e-02
dev-corpus-02,2164,236940,2.629064e-07,236940,236940,0.008545,0.008604,8.9107e-02
dev-corpus-02,2165,236743,4.012592e-07,236743,236743,0.022497,0.022441,4.4368e-02
dev-corpus-02,2166,236770,5.501187e-07,236770,236770,0.010857,0.010961,3.4388e-02
dev-corpus-02,2167,1031,1.765902e-06,236761,236761,7.615620,7.615578,4.1295e-02
dev-corpus-02,2168,506,1.828496e-06,506,506,0.402480,0.401283,1.9180e-02
dev-corpus-02,2169,1012,3.178459e-04,2080,2080,4.162254,4.203355,1.1053e-01
dev-corpus-02,2170,8575,1.261023e-06,236789,236789,1.977405,1.978381,2.1418e-02
dev-corpus-02,2171,783,1.696472e-07,236761,236761,4.552953,4.550141,2.7709e-02
dev-corpus-02,2172,799,8.841913e-06,3143,3143,4.559881,4.559114,4.8358e-02
dev-corpus-02,2173,506,4.451913e-06,506,506,1.487247,1.485760,3.2573e-02
dev-corpus-02,2174,224109,2.563500e-05,4403,4403,9.344674,9.339078,8.4515e-02
dev-corpus-02,2175,1392,7.347562e-07,236772,236772,3.593462,3.586363,2.7761e-02
dev-corpus-02,2176,236772,7.810941e-09,236772,236772,0.000105,0.000104,5.9628e-02
dev-corpus-02,2177,236940,8.349841e-07,236940,236940,0.001401,0.001357,8.5295e-01
dev-corpus-02,2178,54930,4.919191e-07,54930,54930,0.002158,0.002172,1.7288e-01
dev-corpus-02,2179,22577,2.577892e-06,22577,22577,0.173292,0.172769,3.7022e-02
dev-corpus-02,2180,1031,9.891401e-08,236764,236764,9.984560,9.982893,2.0585e-02
dev-corpus-02,2181,625,4.494015e-06,901,901,4.779305,4.774543,2.3618e-02
dev-corpus-02,2182,691,1.922461e-07,691,691,0.050440,0.050427,2.3019e-02
dev-corpus-02,2183,2760,2.815235e-06,3224,3224,6.327574,6.328651,2.3890e-02
dev-corpus-02,2184,506,1.043496e-06,506,506,0.193115,0.193621,2.0653e-02
dev-corpus-02,2185,749,4.579757e-06,90890,90890,1.591790,1.594625,3.8853e-02
dev-corpus-02,2186,1392,4.269577e-06,236772,236772,1.473343,1.472171,2.2311e-02
dev-corpus-02,2187,236772,6.278860e-08,236772,236772,0.002651,0.002662,3.8445e-02
dev-corpus-02,2188,236940,1.543959e-07,236940,236940,0.008821,0.008777,5.2725e-02
dev-corpus-02,2189,236743,2.417182e-06,236743,236743,0.461867,0.463001,2.4730e-02
dev-corpus-02,2190,236770,3.754610e-07,236770,236770,0.040399,0.040568,9.9727e-02
dev-corpus-02,2191,236771,3.340473e-07,1012,1012,7.913654,7.913965,2.1429e-02
dev-corpus-02,2192,1012,1.202603e-07,1012,1012,0.041694,0.041641,2.7806e-02
dev-corpus-02,2193,783,5.456111e-07,236761,236761,3.456600,3.455472,2.9994e-02
dev-corpus-02,2194,236743,5.588719e-06,107,107,2.704400,2.701240,4.0716e-02
dev-corpus-02,2195,107,2.042193e-07,107,107,0.423729,0.423465,4.1363e-02
dev-corpus-02,2196,44653,3.678286e-08,236743,236743,18.904619,18.906731,2.7255e-02
dev-corpus-02,2197,531,8.375341e-07,528,528,3.421558,3.419044,2.1737e-02
dev-corpus-02,2198,2874,3.125128e-06,12833,12833,3.903796,3.906591,1.9702e-02
dev-corpus-02,2199,506,3.596027e-07,506,506,0.101196,0.101018,2.2570e-02
dev-corpus-02,2200,1202,2.996260e-05,3548,3548,5.546330,5.540058,5.8254e-02
dev-corpus-02,2201,573,1.923847e-08,573,573,0.005084,0.005072,1.5986e-02
dev-corpus-02,2202,1944,1.411158e-06,25260,25260,2.616265,2.613396,2.1049e-02
dev-corpus-02,2203,59438,3.946828e-07,236764,236764,12.960330,12.959758,1.8024e-02
dev-corpus-02,2204,742,1.182449e-10,742,742,0.000035,0.000035,1.6347e-02
dev-corpus-02,2205,112098,5.501251e-06,112098,112098,0.761793,0.758911,2.6514e-02
dev-corpus-02,2206,2735,3.478180e-06,573,573,8.741314,8.734342,1.8958e-02
dev-corpus-02,2207,531,3.277522e-11,531,531,0.000021,0.000021,1.1069e-02
dev-corpus-02,2208,12833,1.536042e-05,12833,12833,0.363960,0.363461,8.0895e-02
dev-corpus-02,2209,528,1.374710e-06,3107,3107,1.078726,1.077862,2.9247e-02
dev-corpus-02,2210,506,9.614968e-07,25260,25260,1.285879,1.283979,2.4276e-02
dev-corpus-02,2211,12019,7.034782e-06,25260,25260,4.374784,4.373361,3.5491e-02
dev-corpus-02,2212,1031,2.327877e-06,25260,25260,17.090663,17.089679,2.3518e-02
dev-corpus-02,2213,28855,1.650256e-06,25260,25260,1.368995,1.370061,2.0431e-02
dev-corpus-02,2214,43361,4.686086e-06,25260,25260,6.159378,6.147279,2.0796e-02
dev-corpus-02,2215,1135,4.388225e-06,529,529,5.450705,5.454383,3.3251e-02
dev-corpus-02,2216,143325,6.244700e-08,506,506,12.306232,12.303873,2.2076e-02
dev-corpus-02,2217,1031,1.274497e-06,532,532,9.366916,9.352870,4.2238e-02
dev-corpus-02,2218,506,1.616842e-06,506,506,0.130195,0.130475,3.2347e-02
dev-corpus-02,2219,17735,3.447600e-06,90890,90890,6.215261,6.216217,4.5308e-02
dev-corpus-02,2220,964,4.602259e-07,964,964,0.050485,0.050470,2.2032e-02
dev-corpus-02,2221,10518,1.208793e-06,5402,5402,5.513274,5.511446,2.6008e-02
dev-corpus-02,2222,531,4.818966e-07,573,573,3.731901,3.732172,2.5238e-02
dev-corpus-02,2223,577,7.949186e-06,577,577,1.271402,1.267894,2.8166e-02
dev-corpus-02,2224,6077,5.685757e-06,5225,5225,7.848524,7.843700,3.2337e-02
dev-corpus-02,2225,14494,9.655263e-07,29866,29866,4.721296,4.716079,3.2385e-02
dev-corpus-02,2226,1031,2.774095e-07,532,532,14.724901,14.720472,2.6032e-02
dev-corpus-02,2227,1299,4.561675e-06,3606,3606,11.218419,11.220726,2.5429e-02
dev-corpus-02,2228,29446,1.025232e-06,29866,29866,11.568827,11.567495,2.8111e-02
dev-corpus-02,2229,684,3.206676e-06,531,531,6.781109,6.783108,2.0775e-02
dev-corpus-02,2230,9459,2.988055e-06,9459,9459,0.205769,0.204779,2.9279e-02
dev-corpus-02,2231,532,2.038418e-06,531,531,1.539941,1.542838,2.3816e-02
dev-corpus-02,2232,32126,2.847739e-06,36486,36486,2.394397,2.392846,2.5456e-02
dev-corpus-02,2233,657,6.963247e-06,573,573,1.881626,1.876217,2.9048e-02
dev-corpus-02,2234,910,7.143083e-06,4448,4448,7.078687,7.086094,4.1304e-02
dev-corpus-02,2235,2411,1.158906e-06,17934,17934,9.799813,9.786172,2.6062e-02
dev-corpus-02,2236,529,7.720534e-07,529,529,0.130748,0.130504,2.0553e-02
dev-corpus-02,2237,5585,9.963559e-07,29436,29436,1.852610,1.854106,2.8027e-02
dev-corpus-02,2238,783,3.675483e-07,236761,236761,3.817918,3.812974,3.9811e-02
dev-corpus-02,2239,669,2.767028e-06,9963,9963,2.017325,2.017312,2.5249e-02
dev-corpus-02,2240,1702,1.074431e-05,1702,1702,0.949710,0.951282,5.5432e-02
dev-corpus-02,2241,4514,1.575536e-06,35630,35630,13.635383,13.636599,1.9791e-02
dev-corpus-02,2242,6074,7.255665e-07,10317,10317,7.474025,7.465962,2.1994e-02
dev-corpus-02,2243,528,1.166412e-06,528,528,0.195185,0.195065,2.0903e-02
dev-corpus-02,2244,5453,1.259483e-06,236743,236743,7.675285,7.678632,2.9417e-02
dev-corpus-02,2245,1392,1.916569e-09,236772,236772,20.208789,20.206995,1.9598e-02
dev-corpus-02,2246,236772,1.021792e-06,236772,236772,0.017291,0.017454,3.4693e-02
dev-corpus-02,2247,236940,1.533584e-06,236940,236940,0.009533,0.009525,7.4258e-02
dev-corpus-02,2248,5729,5.483601e-05,532,532,14.922027,14.925439,6.0060e-02
dev-corpus-02,2249,236743,3.762033e-07,236743,236743,0.040820,0.040731,3.2812e-02
dev-corpus-02,2250,236770,6.720304e-08,236770,236770,0.000379,0.000372,6.5206e-02
dev-corpus-02,2251,236819,3.004584e-08,236819,236819,0.000294,0.000294,8.3488e-02
dev-corpus-02,2252,236770,6.580438e-08,236770,236770,0.002538,0.002520,4.3508e-02
dev-corpus-02,2253,236812,3.135721e-06,236812,236812,0.040407,0.039911,3.5503e-02
dev-corpus-02,2254,532,1.865236e-06,236761,236761,3.477006,3.474568,3.0626e-02
dev-corpus-02,2255,684,6.812787e-07,506,506,8.604186,8.610592,2.0585e-02
dev-corpus-02,2256,5453,6.331394e-07,506,506,3.590963,3.593344,2.5080e-02
dev-corpus-02,2257,1392,9.159692e-07,236772,236772,1.490353,1.488644,4.4820e-02
dev-corpus-02,2258,236772,2.962339e-07,236772,236772,0.000628,0.000644,6.5106e-02
dev-corpus-02,2259,236940,4.119160e-08,236940,236940,0.001465,0.001460,1.2016e-01
dev-corpus-02,2260,6198,2.216084e-05,6198,6198,0.737219,0.737122,3.5307e-02
dev-corpus-02,2261,506,6.147903e-09,236743,236743,6.370042,6.371300,2.1815e-02
dev-corpus-02,2262,1171,4.421842e-08,1171,1171,0.022598,0.022599,1.6869e-02
dev-corpus-02,2263,236743,1.130813e-06,20896,20896,8.876630,8.877514,2.0385e-02
dev-corpus-02,2264,236770,5.112832e-06,236770,236770,0.477535,0.475142,1.7434e-02
dev-corpus-02,2265,236810,3.227309e-06,236771,236771,3.368650,3.369913,3.8459e-02
dev-corpus-02,2266,20896,4.873348e-06,20896,20896,1.244566,1.242563,3.9149e-02
dev-corpus-02,2267,964,4.797353e-08,964,964,0.012906,0.012884,1.9782e-02
dev-corpus-02,2268,11496,2.598674e-06,5508,5508,6.840609,6.831716,2.6994e-02
dev-corpus-02,2269,699,4.148268e-07,236761,236761,4.081367,4.082400,3.0593e-02
dev-corpus-02,2270,1156,4.160803e-06,3572,3572,6.010240,6.010955,2.6350e-02
dev-corpus-02,2271,9115,9.352548e-07,1607,1607,4.014488,4.008500,1.7917e-02
dev-corpus-02,2272,7507,2.651873e-07,7507,7507,0.046902,0.046778,1.6200e-02
dev-corpus-02,2273,46814,3.849744e-08,46814,46814,0.006865,0.006888,1.7989e-02
dev-corpus-02,2274,783,3.461111e-07,236761,236761,5.298852,5.291571,2.7970e-02
dev-corpus-02,2275,669,5.370375e-06,669,669,1.017345,1.018042,3.8044e-02
dev-corpus-02,2276,9115,1.083498e-05,1702,1702,5.769599,5.777465,7.0206e-02
dev-corpus-02,2277,37011,3.372773e-04,749,749,1.692580,1.731712,1.3376e-01
dev-corpus-02,2278,22577,8.710927e-07,22577,22577,0.003093,0.003165,7.5606e-02
dev-corpus-02,2279,21211,9.278176e-06,11496,11496,5.795111,5.789941,3.6966e-02
dev-corpus-02,2280,11496,1.327754e-05,11496,11496,0.833815,0.839039,3.0233e-02
dev-corpus-02,2281,614,4.078676e-06,236743,236743,2.529731,2.531235,2.4269e-02
dev-corpus-02,2282,4767,1.791512e-09,4767,4767,0.000266,0.000266,1.6505e-02
dev-corpus-02,2283,6727,1.050015e-07,236743,236743,14.264540,14.260998,2.9490e-02
dev-corpus-02,2284,529,2.221658e-06,236761,236761,0.957774,0.958308,2.9613e-02
dev-corpus-02,2285,20896,1.808782e-06,20896,20896,0.613175,0.614406,4.1653e-02
dev-corpus-02,2286,531,1.025724e-06,236761,236761,4.246262,4.249472,2.3775e-02
dev-corpus-02,2287,9883,1.114042e-06,4133,4133,7.630713,7.625471,3.3401e-02
dev-corpus-02,2288,1156,4.371515e-06,14672,14672,4.020240,4.023724,3.1446e-02
dev-corpus-02,2289,5463,6.436584e-06,5745,5745,13.898244,13.905432,2.9165e-02
dev-corpus-02,2290,531,3.510572e-05,531,531,0.813583,0.821681,7.2159e-02
dev-corpus-02,2291,28426,3.736014e-06,506,506,4.493614,4.494987,4.0162e-02
dev-corpus-02,2292,1392,3.470475e-06,236772,236772,5.436096,5.436600,3.3572e-02
dev-corpus-02,2293,236772,1.195778e-08,236772,236772,0.000336,0.000336,5.6917e-02
dev-corpus-02,2294,236940,1.426009e-08,236940,236940,0.004867,0.004860,8.9981e-02
dev-corpus-02,2295,38475,1.604608e-05,38475,38475,0.141476,0.139703,7.1229e-02
dev-corpus-02,2296,1031,2.256618e-06,236761,236761,11.294852,11.284523,4.1918e-02
dev-corpus-02,2297,1015,2.475021e-06,532,532,7.624900,7.616758,3.1007e-02
dev-corpus-02,2298,11496,1.163714e-05,1053,1053,5.323201,5.333795,3.9679e-02
dev-corpus-02,2299,496,1.025108e-05,1156,1156,1.987924,1.988317,3.7662e-02
dev-corpus-02,2300,3342,9.216838e-06,2558,2558,6.048773,6.061177,4.0217e-02
dev-corpus-02,2301,1806,2.554126e-06,236743,236743,2.135809,2.136654,2.9883e-02
dev-corpus-02,2302,20896,4.101033e-06,236761,236761,2.849022,2.845478,4.0630e-02
dev-corpus-02,2303,528,3.470827e-06,236761,236761,4.523563,4.528659,3.2444e-02
dev-corpus-02,2304,5365,2.080072e-06,236743,236743,6.026344,6.024307,2.5574e-02
dev-corpus-02,2305,236743,1.183507e-07,236743,236743,0.017339,0.017389,3.5218e-02
dev-corpus-02,2306,236770,1.215592e-09,236770,236770,0.000075,0.000075,2.8414e-02
dev-corpus-02,2307,236819,1.342574e-07,236819,236819,0.000021,0.000019,3.4352e-01
dev-corpus-02,2308,236770,2.723887e-09,236770,236770,0.000133,0.000132,2.9258e-02
dev-corpus-02,2309,236810,5.575213e-07,236810,236810,0.015267,0.015160,3.4422e-02
dev-corpus-02,2310,783,1.364998e-06,236761,236761,4.134425,4.121662,4.4889e-02
dev-corpus-02,2311,562,1.022843e-05,107,107,5.912580,5.920719,4.7385e-02
dev-corpus-02,2312,2558,1.847249e-05,2558,2558,0.404894,0.401127,5.3072e-02
dev-corpus-02,2313,529,8.915824e-09,529,529,0.000488,0.000485,2.2541e-02
dev-corpus-02,2314,236743,6.691887e-08,236743,236743,0.016094,0.016124,3.5679e-02
dev-corpus-02,2315,236778,3.163942e-08,236778,236778,0.031933,0.031962,3.3826e-02
dev-corpus-02,2316,236771,2.104457e-06,236771,236771,0.059348,0.058843,2.7194e-02
dev-corpus-02,2317,90890,3.612953e-06,964,964,8.550615,8.544422,3.8413e-02
dev-corpus-02,2318,2375,3.559057e-06,564,564,12.001714,11.983520,6.7511e-02
dev-corpus-02,2319,964,5.133378e-08,964,964,0.008189,0.008189,2.0903e-02
dev-corpus-02,2320,5284,1.400956e-06,5284,5284,0.454373,0.453760,3.0320e-02
dev-corpus-02,2321,783,1.569695e-05,236761,236761,9.055144,9.042417,3.6063e-02
dev-corpus-02,2322,22039,6.431892e-06,107,107,13.667656,13.671691,4.8875e-02
dev-corpus-02,2323,529,1.326449e-06,691,691,3.258976,3.260189,2.3972e-02
dev-corpus-02,2324,506,1.245639e-06,506,506,0.403933,0.403062,2.8753e-02
dev-corpus-02,2325,1171,3.565824e-05,1171,1171,1.208719,1.217935,8.7905e-02
dev-corpus-02,2326,20896,1.541211e-05,9909,9909,1.861885,1.854133,4.6953e-02
dev-corpus-02,2327,573,6.221813e-06,6074,6074,11.008058,11.008545,2.7344e-02
dev-corpus-02,2328,9405,3.030249e-06,506,506,3.940877,3.953651,1.1335e-01
dev-corpus-02,2329,6074,5.702093e-06,6074,6074,0.359238,0.359617,2.8022e-02
dev-corpus-02,2330,528,3.164074e-07,528,528,0.079323,0.079245,2.1962e-02
dev-corpus-02,2331,3649,1.696274e-06,5226,5226,2.186245,2.186506,2.6674e-02
dev-corpus-02,2332,6243,1.170508e-06,236743,236743,5.756411,5.738200,4.7343e-02
dev-corpus-02,2333,236743,1.033829e-07,236743,236743,0.018469,0.018410,2.1501e-02
dev-corpus-02,2334,236770,6.224738e-11,236770,236770,0.000002,0.000002,3.0994e-02
dev-corpus-02,2335,236819,1.226215e-10,236819,236819,0.000004,0.000004,3.2340e-02
dev-corpus-02,2336,236770,3.272824e-10,236770,236770,0.000020,0.000020,2.5756e-02
dev-corpus-02,2337,236812,7.456940e-07,236812,236812,0.005250,0.005162,3.4343e-02
dev-corpus-02,2338,2895,1.112537e-06,236761,236761,17.191521,17.195724,2.9547e-02
dev-corpus-02,2339,784,8.081139e-06,506,506,5.342443,5.342792,5.6003e-02
dev-corpus-02,2340,236743,2.835706e-06,236743,236743,0.446819,0.445638,4.1345e-02
dev-corpus-02,2341,236778,4.775699e-09,236778,236778,0.064503,0.064518,2.4616e-02
dev-corpus-02,2342,236771,4.365117e-09,236771,236771,0.000157,0.000156,2.8099e-02
dev-corpus-02,2343,964,1.739944e-06,964,964,0.624075,0.622559,3.8091e-02
dev-corpus-02,2344,7723,9.925102e-07,7723,7723,0.086624,0.086370,2.3616e-02
dev-corpus-02,2345,684,2.770648e-07,684,684,0.085047,0.084842,1.8978e-02
dev-corpus-02,2346,6198,6.313987e-07,506,506,5.312350,5.314052,2.0580e-02
dev-corpus-02,2347,236743,2.385872e-09,236743,236743,0.001496,0.001495,2.9352e-02
dev-corpus-02,2348,236770,3.014551e-07,236770,236770,0.001201,0.001174,6.0911e-02
dev-corpus-02,2349,236819,6.436678e-09,236819,236819,0.000213,0.000212,3.4250e-02
dev-corpus-02,2350,236770,1.760588e-09,236770,236770,0.000133,0.000132,1.6394e-02
dev-corpus-02,2351,236810,1.315801e-07,236810,236810,0.012885,0.012834,1.7309e-02
dev-corpus-02,2352,783,6.950518e-08,236761,236761,4.128925,4.126376,2.9400e-02
dev-corpus-02,2353,22624,1.243905e-05,107,107,9.521690,9.517338,3.4845e-02
dev-corpus-02,2354,529,2.224595e-06,964,964,1.227442,1.229724,3.2634e-02
dev-corpus-02,2355,506,4.435619e-07,1239,1239,0.893210,0.892298,1.1744e-02
dev-corpus-02,2356,1171,5.686044e-06,20896,20896,7.391091,7.388636,5.0315e-02
dev-corpus-02,2357,20896,6.156467e-07,20896,20896,0.471805,0.471751,2.4780e-02
dev-corpus-02,2358,54051,2.501712e-06,964,964,4.934482,4.938259,3.0450e-02
dev-corpus-02,2359,17783,1.688307e-06,5442,5442,0.788877,0.789958,2.3121e-02
dev-corpus-02,2360,528,9.947643e-07,528,528,0.531328,0.530730,1.8370e-02
dev-corpus-02,2361,9115,1.109350e-06,506,506,6.174550,6.173017,2.9047e-02
dev-corpus-02,2362,2033,1.795956e-06,14513,14513,5.225146,5.235139,2.5876e-02
dev-corpus-02,2363,14513,3.489908e-09,14513,14513,0.003240,0.003240,1.4595e-02
dev-corpus-02,2364,1031,2.843426e-06,236764,236764,9.072143,9.072010,2.1712e-02
dev-corpus-02,2365,840,2.265791e-06,1651,1651,3.148898,3.157790,2.0485e-02
dev-corpus-02,2366,506,2.762596e-06,3496,3496,1.950644,1.950864,3.0885e-02
dev-corpus-02,2367,1884,2.105040e-05,8862,8862,4.109475,4.106598,8.3485e-02
dev-corpus-02,2368,964,3.776066e-07,964,964,0.093061,0.092870,1.8917e-02
dev-corpus-02,2369,32126,2.495109e-06,29446,29446,8.053043,8.044202,2.2541e-02
dev-corpus-02,2370,532,4.812282e-06,657,657,2.807569,2.814780,1.5567e-02
dev-corpus-02,2371,10418,5.408571e-06,10418,10418,1.200120,1.204303,2.0288e-02
dev-corpus-02,2372,657,2.808669e-07,528,528,1.341189,1.341273,1.2968e-02
dev-corpus-02,2373,3477,3.961371e-06,910,910,12.012198,12.006985,1.9190e-02
dev-corpus-02,2374,116368,6.247348e-06,102950,102950,4.589454,4.587062,3.1167e-02
dev-corpus-02,2375,653,1.111094e-07,653,653,0.026223,0.026193,2.1744e-02
dev-corpus-02,2376,3108,1.638203e-05,7733,7733,9.629607,9.610660,2.8270e-02
dev-corpus-02,2377,236746,1.364784e-07,236746,236746,0.003171,0.003142,2.1068e-02
dev-corpus-02,2378,783,2.454659e-06,236761,236761,6.193784,6.188330,2.3205e-02
dev-corpus-02,2379,669,4.951530e-06,669,669,0.621361,0.620162,4.0870e-02
dev-corpus-02,2380,9115,1.607273e-05,90890,90890,2.205399,2.194358,8.2029e-02
dev-corpus-02,2381,20896,5.755189e-05,22577,22577,3.380309,3.399902,7.0401e-02
dev-corpus-02,2382,17557,4.312086e-06,964,964,3.910445,3.915858,3.5659e-02
dev-corpus-02,2383,13336,7.363767e-07,13336,13336,0.495613,0.496205,1.8768e-02
dev-corpus-02,2384,528,2.019121e-06,528,528,0.182227,0.181489,2.2237e-02
dev-corpus-02,2385,506,1.424809e-08,506,506,0.001052,0.001052,2.1840e-02
dev-corpus-02,2386,143325,1.662857e-06,4695,4695,3.269481,3.264110,2.2157e-02
dev-corpus-02,2387,1031,3.891050e-06,9383,9383,20.447549,20.439045,1.6583e-02
dev-corpus-02,2388,65868,3.360059e-05,4695,4695,7.148901,7.136467,5.6250e-02
dev-corpus-02,2389,1031,1.350023e-06,236764,236764,4.275316,4.268167,3.3545e-02
dev-corpus-02,2390,532,6.639571e-08,532,532,0.010043,0.010077,2.6671e-02
dev-corpus-02,2391,127086,1.460584e-07,4695,4695,21.262702,21.262189,4.0404e-02
dev-corpus-02,2392,4273,1.188962e-06,114494,114494,16.232649,16.240669,1.7949e-02
dev-corpus-02,2393,557,2.988288e-07,557,557,0.126654,0.126374,2.0967e-02
dev-corpus-02,2394,21800,9.784863e-09,21800,21800,0.006607,0.006618,1.3279e-02
dev-corpus-02,2395,783,1.162865e-06,236761,236761,5.298669,5.299181,2.6953e-02
dev-corpus-02,2396,669,1.246947e-06,669,669,0.103833,0.103413,3.2762e-02
dev-corpus-02,2397,20896,3.123943e-06,224109,224109,6.158370,6.160359,4.6016e-02
dev-corpus-02,2398,964,2.690514e-06,17557,17557,6.315733,6.311354,2.5688e-02
dev-corpus-02,2399,1003,1.006604e-05,1456,1456,15.204925,15.202627,3.5736e-02
dev-corpus-02,2400,236743,2.410494e-08,236743,236743,0.005884,0.005880,1.6587e-02
dev-corpus-02,2401,236778,6.072817e-07,236770,236770,2.915947,2.918428,3.6778e-02
dev-corpus-02,2402,236828,3.247493e-07,236810,236810,2.581048,2.581790,3.0089e-02
dev-corpus-02,2403,30762,1.869825e-06,15930,15930,5.242663,5.241646,2.4762e-02
dev-corpus-02,2404,568,1.003971e-07,1440,1440,8.429911,8.431267,1.9948e-02
dev-corpus-02,2405,236743,9.893077e-08,236819,236819,13.732973,13.727233,2.0474e-02
dev-corpus-02,2406,236819,1.551741e-07,236819,236819,0.022422,0.022495,2.4358e-02
dev-corpus-02,2407,236778,3.835913e-09,236778,236778,0.009054,0.009050,1.4380e-02
dev-corpus-02,2408,12110,1.121564e-08,6172,6172,2.333961,2.334355,2.8188e-02
dev-corpus-02,2409,1732,1.647635e-07,236768,236768,5.290304,5.284004,2.0814e-02
dev-corpus-02,2410,1440,4.510929e-08,1440,1440,0.008155,0.008135,1.9040e-02
dev-corpus-02,2411,532,1.862713e-06,532,532,0.123426,0.122803,3.0173e-02
dev-corpus-02,2412,40605,1.145454e-05,40605,40605,0.783655,0.783509,2.0027e-02
dev-corpus-02,2413,236743,4.451339e-07,2101,2101,5.075232,5.072571,1.6236e-02
dev-corpus-02,2414,236770,5.980713e-05,236770,236770,0.675421,0.685100,5.0422e-02
dev-corpus-02,2415,236778,9.735916e-07,236778,236778,1.545812,1.546464,2.2427e-02
dev-corpus-02,2416,236832,4.449923e-07,236771,236771,5.661189,5.663671,4.2057e-02
dev-corpus-02,2417,39990,3.940111e-07,39990,39990,0.813805,0.812975,5.1623e-02
dev-corpus-02,2418,568,1.075192e-04,236761,236761,1.876363,1.873569,6.9909e-02
dev-corpus-02,2419,236743,9.036727e-07,236743,236743,0.019449,0.019497,6.7513e-02
dev-corpus-02,2420,236770,5.281966e-10,236778,236778,9.163409,9.162265,1.7735e-02
dev-corpus-02,2421,236778,2.804285e-05,236812,236812,4.996915,4.999817,8.8171e-02
dev-corpus-02,2422,236810,2.870802e-07,236819,236819,3.510923,3.508482,1.4241e-02
dev-corpus-02,2423,1440,1.175730e-06,39990,39990,7.724487,7.728052,2.3518e-02
dev-corpus-02,2424,16480,1.284312e-08,16480,16480,0.004781,0.004773,2.1211e-02
dev-corpus-02,2425,1732,2.486403e-05,236768,236768,5.066086,5.066848,4.0877e-02
dev-corpus-02,2426,1056,8.291602e-06,96991,96991,1.120122,1.115384,1.9766e-02
dev-corpus-02,2427,96991,1.656207e-07,96991,96991,0.007683,0.007712,1.5907e-02
dev-corpus-02,2428,532,4.195034e-08,236761,236761,5.978919,5.983949,2.6272e-02
dev-corpus-02,2429,236743,7.408198e-07,236743,236743,0.129006,0.128826,2.4941e-02
dev-corpus-02,2430,236770,2.112062e-07,236770,236770,0.122483,0.122442,2.1626e-02
dev-corpus-02,2431,236812,4.571234e-06,236810,236810,1.462031,1.458344,1.8328e-02
dev-corpus-02,2432,236778,1.972898e-07,236832,236832,2.033668,2.032976,1.2084e-02
dev-corpus-02,2433,39990,9.322033e-08,39990,39990,0.009186,0.009145,2.2366e-02
dev-corpus-02,2434,568,7.558695e-07,568,568,0.175568,0.175054,2.3410e-02
dev-corpus-02,2435,236743,5.724370e-09,236743,236743,0.005449,0.005449,1.9371e-02
dev-corpus-02,2436,236770,2.794131e-08,236770,236770,0.000335,0.000339,4.0627e-02
dev-corpus-02,2437,236812,2.003128e-07,236800,236800,3.608990,3.605361,1.4584e-02
dev-corpus-02,2438,236771,1.256823e-07,236771,236771,0.009356,0.009310,1.8062e-02
dev-corpus-02,2439,1440,6.162382e-08,1440,1440,0.005546,0.005523,2.5624e-02
dev-corpus-02,2440,16480,1.375507e-12,16480,16480,0.000001,0.000001,3.4633e-02
dev-corpus-02,2441,1732,3.071152e-06,236768,236768,4.102186,4.083138,1.9049e-02
dev-corpus-02,2442,1651,8.100566e-08,1056,1056,10.173375,10.174553,1.7306e-02
dev-corpus-02,2443,73037,1.856531e-09,73037,73037,0.000872,0.000870,1.5113e-02
dev-corpus-02,2444,783,3.402301e-09,236761,236761,5.084980,5.084816,3.1081e-02
dev-corpus-02,2445,2343,6.591511e-06,2195,2195,8.463316,8.461054,3.4872e-02
dev-corpus-02,2446,1053,1.054871e-05,236743,236743,7.066384,7.074248,4.1635e-02
dev-corpus-02,2447,1156,3.895598e-06,496,496,6.328173,6.332361,6.8416e-02
dev-corpus-02,2448,7141,2.754338e-06,26188,26188,6.893217,6.897113,2.6146e-02
dev-corpus-02,2449,103685,1.916795e-07,23655,23655,2.446495,2.445960,1.7481e-02
dev-corpus-02,2450,23655,9.275665e-09,23655,23655,0.004327,0.004323,2.4517e-02
dev-corpus-02,2451,532,8.184595e-07,532,532,0.505536,0.504934,2.6631e-02
dev-corpus-02,2452,1156,1.230559e-06,496,496,3.360629,3.359042,2.5592e-02
dev-corpus-02,2453,103685,1.266272e-07,47927,47927,10.136698,10.149054,1.6322e-02
dev-corpus-02,2454,507,1.800025e-07,23655,23655,10.345451,10.349845,1.4564e-02
dev-corpus-02,2455,1031,3.607918e-06,236761,236761,18.627525,18.632019,3.4425e-02
dev-corpus-02,2456,532,2.531059e-06,532,532,0.315449,0.314722,2.5814e-02
dev-corpus-02,2457,964,7.369941e-06,964,964,1.410695,1.414730,2.9116e-02
dev-corpus-02,2458,14840,2.046559e-06,24723,24723,1.860394,1.863126,1.5083e-02
dev-corpus-02,2459,607,1.661196e-09,607,607,0.001224,0.001226,1.2592e-02
dev-corpus-02,2460,496,1.905431e-06,496,496,0.351603,0.351919,2.5806e-02
dev-corpus-02,2461,12377,4.917559e-06,1944,1944,1.805067,1.803938,2.7784e-02
dev-corpus-02,2462,1392,2.450430e-08,10362,10362,28.879679,28.882987,2.0406e-02
dev-corpus-02,2463,236772,5.258944e-08,236772,236772,0.002370,0.002374,4.5898e-02
dev-corpus-02,2464,236940,4.470382e-08,236940,236940,0.015491,0.015473,4.0340e-02
dev-corpus-02,2465,20920,3.292464e-06,10362,10362,4.949330,4.955882,4.0255e-02
dev-corpus-02,2466,5464,3.495599e-06,5464,5464,0.377115,0.378576,1.8597e-02
dev-corpus-02,2467,10362,3.663264e-09,10362,10362,0.000483,0.000482,2.2499e-02
dev-corpus-02,2468,783,3.520155e-07,236761,236761,3.467571,3.463706,3.1869e-02
dev-corpus-02,2469,236743,3.891509e-06,669,669,4.213617,4.218273,3.9353e-02
dev-corpus-02,2470,107,4.883259e-08,107,107,0.014769,0.014788,3.4189e-02
dev-corpus-02,2471,799,1.914422e-04,236743,236743,10.731209,10.729782,1.0487e-01
dev-corpus-02,2472,236743,3.300727e-08,506,506,11.340560,11.338584,2.6668e-02
dev-corpus-02,2473,236770,1.145869e-05,236770,236770,0.184404,0.186536,7.2985e-02
dev-corpus-02,2474,236819,4.636267e-08,236819,236819,0.002619,0.002624,4.4664e-02
dev-corpus-02,2475,236770,6.085487e-10,236770,236770,0.000477,0.000476,1.4337e-02
dev-corpus-02,2476,236828,6.025172e-07,236810,236810,4.940127,4.944825,3.2492e-02
dev-corpus-02,2477,2390,1.045718e-08,236764,236764,12.808401,12.802099,1.6830e-02
dev-corpus-02,2478,529,2.437064e-06,529,529,0.611985,0.611666,3.0692e-02
dev-corpus-02,2479,506,6.992723e-07,506,506,0.159740,0.159296,1.0945e-02
dev-corpus-02,2480,42609,8.479025e-06,90890,90890,4.461185,4.462363,4.8677e-02
dev-corpus-02,2481,9115,7.171108e-07,20896,20896,6.510080,6.506511,2.8667e-02
dev-corpus-02,2482,20896,1.307214e-05,20896,20896,0.421895,0.418976,4.7697e-02
dev-corpus-02,2483,964,8.286706e-07,964,964,0.028262,0.028131,3.8502e-02
dev-corpus-02,2484,16952,1.878548e-05,17755,17755,4.793945,4.804732,2.7219e-02
dev-corpus-02,2485,1131,3.073042e-07,531,531,1.083814,1.083282,1.9355e-02
dev-corpus-02,2486,25260,1.739755e-06,37595,37595,3.810074,3.809113,3.8718e-02
dev-corpus-02,2487,1322,7.567053e-07,42942,42942,5.536092,5.536370,2.0871e-02
dev-corpus-02,2488,535,1.570380e-11,535,535,0.000002,0.000002,1.3829e-02
dev-corpus-02,2489,45575,6.371862e-09,45575,45575,0.001890,0.001886,1.5142e-02
dev-corpus-02,2490,783,2.819590e-07,236761,236761,6.263048,6.261422,2.3625e-02
dev-corpus-02,2491,5517,4.987816e-06,107,107,9.508888,9.496715,3.4772e-02
dev-corpus-02,2492,506,6.017790e-07,506,506,0.795149,0.794674,2.0975e-02
dev-corpus-02,2493,85989,4.325261e-05,224109,224109,15.287295,15.253916,7.2402e-02
dev-corpus-02,2494,20896,3.025379e-06,20896,20896,1.413307,1.412653,3.5495e-02
dev-corpus-02,2495,528,5.202141e-06,600,600,4.410611,4.408420,1.8718e-02
dev-corpus-02,2496,9115,2.010217e-06,506,506,4.363515,4.375711,3.0155e-02
dev-corpus-02,2497,2509,3.127133e-07,2509,2509,0.171868,0.171535,1.6640e-02
dev-corpus-02,2498,1031,6.020681e-07,236764,236764,12.393172,12.391200,3.0039e-02
dev-corpus-02,2499,1156,5.499421e-06,2390,2390,3.628060,3.626490,2.4523e-02
dev-corpus-02,2500,964,6.849446e-07,964,964,0.045455,0.045578,2.8764e-02
dev-corpus-02,2501,5463,4.593354e-06,5745,5745,6.246162,6.256742,2.8102e-02
dev-corpus-02,2502,531,8.945443e-08,531,531,0.034166,0.034151,1.4307e-02
dev-corpus-02,2503,28426,1.672363e-06,506,506,1.380104,1.382942,2.3274e-02
dev-corpus-02,2504,1392,1.984256e-07,236772,236772,3.002622,2.999978,2.8464e-02
dev-corpus-02,2505,236772,2.750990e-08,236772,236772,0.000341,0.000342,7.9833e-02
dev-corpus-02,2506,236940,1.577006e-07,236940,236940,0.000520,0.000521,6.9852e-02
dev-corpus-02,2507,38475,5.073187e-08,38475,38475,0.004715,0.004732,2.3207e-02
dev-corpus-02,2508,1031,1.544691e-06,236764,236764,6.871717,6.869650,2.2783e-02
dev-corpus-02,2509,886,1.484429e-07,532,532,5.138976,5.138968,1.4491e-02
dev-corpus-02,2510,691,2.906479e-07,691,691,0.196102,0.195858,1.7645e-02
dev-corpus-02,2511,5463,6.841680e-06,5463,5463,0.797913,0.801663,2.3959e-02
dev-corpus-02,2512,531,5.878421e-09,531,531,0.001140,0.001139,1.1845e-02
dev-corpus-02,2513,49685,2.679903e-07,49685,49685,0.187810,0.188079,1.5747e-02
dev-corpus-02,2514,1031,4.797209e-07,236764,236764,7.775410,7.770132,2.0610e-02
dev-corpus-02,2515,532,1.155476e-08,532,532,0.000986,0.000983,2.6032e-02
dev-corpus-02,2516,10155,3.516412e-07,886,886,9.143578,9.144612,1.9321e-02
dev-corpus-02,2517,964,3.823481e-06,964,964,0.047515,0.047016,5.2947e-02
dev-corpus-02,2518,5745,1.424142e-05,5745,5745,0.232619,0.230607,8.1326e-02
dev-corpus-02,2519,1913,1.414182e-06,1913,1913,0.837459,0.838850,1.5700e-02
dev-corpus-02,2520,506,7.001748e-06,506,506,0.322623,0.324843,1.6437e-02
dev-corpus-02,2521,3653,1.800857e-08,3653,3653,0.002802,0.002794,2.7194e-02
dev-corpus-02,2522,783,1.364670e-07,236761,236761,7.132250,7.129878,3.8484e-02
dev-corpus-02,2523,3656,5.481270e-06,108,108,7.429708,7.430864,3.7569e-02
dev-corpus-02,2524,529,4.252866e-06,529,529,0.574069,0.576292,4.5569e-02
dev-corpus-02,2525,506,9.244993e-09,506,506,0.011130,0.011141,1.5208e-02
dev-corpus-02,2526,3493,1.155941e-05,42609,42609,6.185413,6.182861,8.8992e-02
dev-corpus-02,2527,224109,3.428888e-06,20896,20896,3.424046,3.420679,3.4661e-02
dev-corpus-02,2528,1392,8.331188e-06,236772,236772,1.945729,1.955681,4.1636e-02
dev-corpus-02,2529,236772,5.718121e-08,236772,236772,0.000183,0.000186,1.4817e-01
dev-corpus-02,2530,236940,1.189167e-06,236940,236940,0.000254,0.000280,5.5226e-01
dev-corpus-02,2531,54930,9.916344e-09,54930,54930,0.000575,0.000576,5.5325e-02
dev-corpus-02,2532,20896,5.638195e-07,20896,20896,0.076759,0.076552,2.9565e-02
dev-corpus-02,2533,691,1.713706e-06,691,691,0.107129,0.106744,3.0928e-02
dev-corpus-02,2534,77857,9.234205e-06,77857,77857,0.873247,0.869989,3.5310e-02
dev-corpus-02,2535,532,2.342780e-06,684,684,5.925070,5.929239,2.0482e-02
dev-corpus-02,2536,2264,1.194025e-06,886,886,3.488130,3.484232,2.6307e-02
dev-corpus-02,2537,84605,5.787555e-06,691,691,15.474382,15.478820,3.1959e-02
dev-corpus-02,2538,532,2.203182e-07,236761,236761,9.574869,9.574201,2.5878e-02
dev-corpus-02,2539,711,4.879528e-06,77857,77857,6.503320,6.508340,2.2323e-02
dev-corpus-02,2540,50806,2.007873e-06,1765,1765,7.207495,7.203959,1.6519e-02
dev-corpus-02,2541,783,1.074662e-07,236761,236761,7.953763,7.942481,3.6380e-02
dev-corpus-02,2542,669,5.587798e-06,669,669,0.933120,0.935558,3.4459e-02
dev-corpus-02,2543,3493,3.855563e-06,90890,90890,8.510951,8.514815,4.8804e-02
dev-corpus-02,2544,42609,6.510345e-07,84172,84172,6.987004,6.992782,3.1825e-02
dev-corpus-02,2545,9115,2.226160e-05,224109,224109,10.446343,10.475014,5.1480e-02
dev-corpus-02,2546,20896,1.623588e-07,20896,20896,0.009833,0.009787,2.8045e-02
dev-corpus-02,2547,1031,1.300570e-06,964,964,17.718146,17.728409,2.8743e-02
dev-corpus-02,2548,506,6.081616e-06,1806,1806,4.364339,4.365072,2.3555e-02
dev-corpus-02,2549,2390,3.628375e-06,26334,26334,3.155741,3.159841,2.9631e-02
dev-corpus-02,2550,42609,1.812817e-06,16952,16952,9.588554,9.588887,2.1486e-02
dev-corpus-02,2551,224109,3.026186e-06,1322,1322,9.061397,9.021738,5.2779e-02
dev-corpus-02,2552,1392,1.285011e-05,236772,236772,1.851946,1.840355,4.7328e-02
dev-corpus-02,2553,236772,6.645070e-09,236772,236772,0.000127,0.000127,5.6687e-02
dev-corpus-02,2554,236940,2.278483e-08,236940,236940,0.000364,0.000368,8.1814e-02
dev-corpus-02,2555,54930,2.667466e-08,54930,54930,0.001562,0.001564,2.7090e-02
dev-corpus-02,2556,20896,1.797175e-08,20896,20896,0.047113,0.047117,2.3160e-02
dev-corpus-02,2557,1031,1.597321e-07,236764,236764,6.800361,6.795387,1.9725e-02
dev-corpus-02,2558,532,1.281612e-08,532,532,0.002627,0.002627,1.9999e-02
dev-corpus-02,2559,506,6.128642e-08,506,506,0.113173,0.113233,1.4784e-02
dev-corpus-03,2560,620,6.052272e-07,4454,4454,20.177353,20.185802,2.0192e-02
dev-corpus-03,2561,8548,2.423640e-06,1224,1224,16.572601,16.566952,2.8435e-02
dev-corpus-03,2562,236787,3.363565e-06,563,563,2.403505,2.403618,1.5879e-02
dev-corpus-03,2563,107,2.436754e-07,107,107,0.088382,0.088524,1.7411e-02
dev-corpus-03,2564,148,6.888613e-07,140,140,2.876863,2.874131,1.6771e-02
dev-corpus-03,2565,36756,1.743842e-06,2060,2060,12.863842,12.864351,2.7244e-02
dev-corpus-03,2566,578,4.029211e-08,578,578,0.018826,0.018864,1.2739e-02
dev-corpus-03,2567,2222,5.796250e-07,642,642,9.895376,9.895322,1.8740e-02
dev-corpus-03,2568,29415,1.198428e-07,828,828,22.415797,22.407405,1.5528e-02
dev-corpus-03,2569,4507,1.973357e-06,4507,4507,0.283262,0.284253,2.0066e-02
dev-corpus-03,2570,236769,5.900687e-07,236769,236769,0.037502,0.037321,2.4569e-02
dev-corpus-03,2571,236767,2.598851e-06,236767,236767,0.720442,0.719306,2.1976e-02
dev-corpus-03,2572,8548,8.428117e-09,8548,8548,0.003031,0.003028,1.8765e-02
dev-corpus-03,2573,236764,4.839817e-08,236768,236768,6.477733,6.481120,1.9988e-02
dev-corpus-03,2574,15468,2.655883e-06,87876,87876,5.093246,5.091632,2.6600e-02
dev-corpus-03,2575,236768,5.880299e-09,236768,236768,0.027055,0.027064,1.3182e-02
dev-corpus-03,2576,107,6.486287e-08,107,107,0.024945,0.024999,1.5460e-02
dev-corpus-03,2577,144,1.593068e-06,148,148,1.507484,1.504148,1.5559e-02
dev-corpus-03,2578,236865,2.635126e-06,4454,4454,5.162097,5.162289,1.6837e-02
dev-corpus-03,2579,85785,2.945614e-06,3729,3729,8.036503,8.037622,2.1052e-02
dev-corpus-03,2580,1292,1.862871e-07,1292,1292,0.483571,0.483633,1.0400e-02
dev-corpus-03,2581,573,2.479064e-07,531,531,2.243460,2.243588,1.4001e-02
dev-corpus-03,2582,783,1.135031e-06,59285,59285,12.888129,12.886279,2.2902e-02
dev-corpus-03,2583,2204,1.615002e-06,828,828,11.113715,11.116658,2.5903e-02
dev-corpus-03,2584,825,1.847668e-06,47248,47248,2.335883,2.333801,2.1135e-02
dev-corpus-03,2585,107,4.965163e-07,107,107,0.832275,0.832972,1.6608e-02
dev-corpus-03,2586,144,2.691108e-08,144,144,0.020813,0.020839,1.3940e-02
dev-corpus-03,2587,2063,2.740436e-06,2063,2063,0.275113,0.276345,1.9655e-02
dev-corpus-03,2588,7352,3.455199e-08,1159,1159,11.750791,11.751720,1.6565e-02
dev-corpus-03,2589,236769,2.282713e-06,236779,236779,1.836162,1.841059,1.6383e-02
dev-corpus-03,2590,1289,2.882655e-06,7837,7837,17.945206,17.939869,2.1029e-02
dev-corpus-03,2591,1473,2.851819e-08,1473,1473,0.058497,0.058537,1.7298e-02
dev-corpus-03,2592,107,2.062032e-10,107,107,0.000636,0.000637,1.2681e-02
dev-corpus-03,2593,148,7.234741e-10,148,148,0.000751,0.000752,1.2925e-02
dev-corpus-03,2594,236865,2.807848e-07,2060,2060,2.512562,2.512333,1.3901e-02
dev-corpus-03,2595,7179,1.176088e-06,24439,24439,2.324150,2.322638,1.7745e-02
dev-corpus-03,2596,506,5.411157e-09,768,768,7.035911,7.034849,1.1337e-02
dev-corpus-03,2597,1346,2.838242e-06,1722,1722,5.132250,5.136230,1.8811e-02
dev-corpus-03,2598,3364,2.241571e-07,3530,3530,7.178040,7.184350,2.8413e-02
dev-corpus-03,2599,2479,1.390488e-06,1722,1722,7.086022,7.082990,2.5125e-02
dev-corpus-03,2600,1171,2.778578e-06,568,568,2.419095,2.415392,1.8361e-02
dev-corpus-03,2601,236761,2.655397e-08,107,107,6.634300,6.635527,1.5557e-02
dev-corpus-03,2602,107,4.047546e-09,107,107,0.004400,0.004401,1.4212e-02
dev-corpus-03,2603,148,1.801305e-10,148,148,0.000042,0.000042,1.5267e-02
dev-corpus-03,2604,21409,4.847953e-07,584,584,14.267086,14.267261,1.5281e-02
dev-corpus-03,2605,578,1.380217e-07,236779,236779,1.796336,1.796650,1.7627e-02
dev-corpus-03,2606,3152,9.460914e-06,117098,117098,2.749139,2.743185,2.2638e-02
dev-corpus-03,2607,236761,3.544234e-07,236761,236761,0.055894,0.055708,2.5313e-02
dev-corpus-03,2608,4043,6.464695e-07,828,828,10.319491,10.312682,2.0033e-02
dev-corpus-03,2609,1033,1.714899e-05,825,825,4.451964,4.453991,2.9318e-02
dev-corpus-03,2610,21409,4.839284e-06,21409,21409,0.421153,0.419070,1.5063e-02
dev-corpus-03,2611,1606,5.363050e-08,1606,1606,0.041049,0.041113,1.2932e-02
dev-corpus-03,2612,653,6.532994e-09,107,107,6.757495,6.755276,1.4019e-02
dev-corpus-03,2613,3152,6.972357e-07,3152,3152,0.062284,0.062534,3.4357e-02
dev-corpus-03,2614,236761,3.516974e-08,236761,236761,0.003119,0.003133,2.2781e-02
dev-corpus-03,2615,4043,9.594684e-06,4043,4043,0.372252,0.375126,2.0060e-02
dev-corpus-03,2616,1033,2.124612e-09,1033,1033,0.000954,0.000955,1.3196e-02
dev-corpus-03,2617,1457,4.258226e-06,6665,6665,16.042550,16.046757,3.6496e-02
dev-corpus-03,2618,3776,6.097233e-06,1606,1606,1.959575,1.951964,2.2938e-02
dev-corpus-03,2619,1606,1.546497e-09,1606,1606,0.000645,0.000645,1.6183e-02
dev-corpus-03,2620,107,5.160031e-08,107,107,0.101077,0.100984,1.7899e-02
dev-corpus-03,2621,148,3.990397e-10,148,148,0.000543,0.000543,2.0571e-02
dev-corpus-03,2622,584,4.005938e-07,584,584,0.371516,0.371179,1.8854e-02
dev-corpus-03,2623,7489,4.295399e-08,7489,7489,0.137318,0.137217,2.6622e-02
dev-corpus-03,2624,563,9.234679e-08,236787,236787,1.594432,1.594015,2.0678e-02
dev-corpus-03,2625,711,4.131227e-07,5450,5450,1.913301,1.915473,1.7284e-02
dev-corpus-03,2626,5450,7.027918e-10,5450,5450,0.000117,0.000117,2.0391e-02
dev-corpus-03,2627,236787,1.037950e-08,236787,236787,0.025747,0.025724,1.8438e-02
dev-corpus-03,2628,107,1.340224e-09,107,107,0.000262,0.000262,1.9553e-02
dev-corpus-03,2629,152,4.211029e-10,152,152,0.000481,0.000481,1.9619e-02
dev-corpus-03,2630,2060,1.171750e-06,2060,2060,0.619358,0.618070,1.5056e-02
dev-corpus-03,2631,1540,1.146877e-06,7489,7489,2.132697,2.132432,1.7581e-02
dev-corpus-03,2632,236769,1.041684e-08,236769,236769,0.001527,0.001528,2.4648e-02
dev-corpus-03,2633,36756,5.188297e-08,21409,21409,11.175905,11.177305,1.6948e-02
dev-corpus-03,2634,236840,3.746314e-06,236761,236761,1.746310,1.751668,1.7785e-02
dev-corpus-03,2635,21409,4.646058e-07,21409,21409,0.045614,0.045807,1.6860e-02
dev-corpus-03,2636,2812,6.529090e-08,2812,2812,0.011935,0.011919,1.8747e-02
dev-corpus-03,2637,107,7.459540e-07,107,107,0.165177,0.165656,1.6129e-02
dev-corpus-03,2638,148,9.319267e-09,148,148,0.002195,0.002189,1.7624e-02
dev-corpus-03,2639,584,9.233395e-07,2060,2060,7.359703,7.362516,1.4766e-02
dev-corpus-03,2640,3152,1.514804e-06,3152,3152,0.219206,0.219830,2.3746e-02
dev-corpus-03,2641,236761,5.532426e-09,236761,236761,0.000982,0.000985,1.9569e-02
dev-corpus-03,2642,4043,1.208856e-07,4043,4043,0.077610,0.077586,1.7524e-02
dev-corpus-03,2643,1033,2.502621e-09,1033,1033,0.000699,0.000697,1.5321e-02
dev-corpus-03,2644,80565,4.742864e-06,6665,6665,6.826950,6.833853,4.2990e-02
dev-corpus-03,2645,524,4.047939e-08,524,524,0.001892,0.001905,1.9355e-02
dev-corpus-03,2646,1606,8.071431e-08,23314,23314,1.297521,1.298157,1.5498e-02
dev-corpus-03,2647,563,4.574788e-08,563,563,0.011172,0.011202,1.5661e-02
dev-corpus-03,2648,711,3.155731e-09,711,711,0.000264,0.000266,1.6662e-02
dev-corpus-03,2649,5450,8.013592e-08,5450,5450,0.000224,0.000220,8.6078e-02
dev-corpus-03,2650,236787,5.567691e-09,236787,236787,0.001201,0.001205,1.7753e-02
dev-corpus-03,2651,107,1.663249e-09,107,107,0.000199,0.000200,1.3715e-02
dev-corpus-03,2652,152,1.502859e-08,152,152,0.002424,0.002433,1.6283e-02
dev-corpus-03,2653,2060,8.233326e-09,2060,2060,0.007854,0.007865,1.3078e-02
dev-corpus-03,2654,1265,1.410087e-07,1540,1540,12.253576,12.252696,2.1433e-02
dev-corpus-03,2655,236761,5.311720e-08,236761,236761,0.288388,0.288233,1.9863e-02
dev-corpus-03,2656,119664,2.503009e-06,44732,44732,9.539899,9.539557,3.2075e-02
dev-corpus-03,2657,107,3.114160e-08,900,900,10.089833,10.084843,1.7745e-02
dev-corpus-03,2658,148,1.082936e-07,148,148,0.023751,0.023682,3.5881e-02
dev-corpus-03,2659,584,2.839516e-07,2060,2060,4.752699,4.756211,1.5385e-02
dev-corpus-03,2660,3152,3.744234e-08,3152,3152,0.008903,0.008923,2.6203e-02
dev-corpus-03,2661,236761,2.450095e-10,236761,236761,0.000125,0.000125,1.7060e-02
dev-corpus-03,2662,4043,6.754579e-09,4043,4043,0.000950,0.000951,1.4680e-02
dev-corpus-03,2663,1033,1.681570e-09,1033,1033,0.001080,0.001080,1.4137e-02
dev-corpus-03,2664,29995,8.917685e-07,82951,82951,10.084632,10.085937,2.9694e-02
dev-corpus-03,2665,1606,1.047253e-08,1606,1606,0.002663,0.002656,1.3819e-02
dev-corpus-03,2666,563,2.848109e-10,563,563,0.000192,0.000192,1.7426e-02
dev-corpus-03,2667,711,1.587064e-09,711,711,0.000085,0.000086,1.9970e-02
dev-corpus-03,2668,5450,1.369064e-10,5450,5450,0.000008,0.000008,4.0573e-02
dev-corpus-03,2669,236787,4.551726e-10,236787,236787,0.000201,0.000201,1.4069e-02
dev-corpus-03,2670,107,1.836596e-11,107,107,0.000170,0.000170,1.5939e-02
dev-corpus-03,2671,152,4.345681e-09,152,152,0.000605,0.000607,1.5153e-02
dev-corpus-03,2672,1508,1.061489e-06,2060,2060,9.626955,9.618922,2.9232e-02
dev-corpus-03,2673,4917,1.308750e-08,236761,236761,5.168279,5.166244,3.0758e-02
dev-corpus-03,2674,29995,1.251531e-05,24296,24296,3.696852,3.701866,3.4200e-02
dev-corpus-03,2675,236769,1.161838e-06,236779,236779,4.667441,4.665114,2.2398e-02
dev-corpus-03,2676,1289,1.018095e-07,1289,1289,0.003750,0.003730,2.0932e-02
dev-corpus-03,2677,236768,1.402543e-07,236768,236768,0.038819,0.038922,2.3871e-02
dev-corpus-03,2678,107,1.136664e-07,107,107,0.035056,0.035010,2.1029e-02
dev-corpus-03,2679,148,3.491931e-07,148,148,0.372801,0.373345,2.0610e-02
dev-corpus-03,2680,24296,3.749392e-08,2060,2060,6.773670,6.780336,2.1425e-02
dev-corpus-03,2681,38271,1.792683e-06,38271,38271,0.228218,0.227911,4.2491e-02
dev-corpus-03,2682,1033,1.716968e-06,885,885,3.669527,3.668989,2.4873e-02
dev-corpus-03,2683,2805,9.606427e-07,3771,3771,3.810525,3.806055,2.1122e-02
dev-corpus-03,2684,87892,1.041146e-06,48977,48977,1.593239,1.591975,1.5317e-02
dev-corpus-03,2685,7489,1.201551e-05,2479,2479,10.667880,10.668435,2.5749e-02
dev-corpus-03,2686,2299,2.683118e-06,2299,2299,0.544405,0.545605,2.9020e-02
dev-corpus-03,2687,528,2.438021e-06,1606,1606,1.491217,1.492522,2.1633e-02
dev-corpus-03,2688,3759,2.391401e-05,2479,2479,3.663100,3.668648,2.9426e-02
dev-corpus-03,2689,963,4.353262e-07,1606,1606,7.340253,7.336059,2.2548e-02
dev-corpus-03,2690,107,3.362800e-06,3152,3152,10.118786,10.123086,3.9076e-02
dev-corpus-03,2691,165,6.473560e-08,165,165,0.008208,0.008217,5.4721e-02
dev-corpus-03,2692,1508,1.234039e-05,236760,236760,1.093211,1.091960,3.5513e-02
dev-corpus-03,2693,236761,1.062026e-07,236761,236761,0.010354,0.010391,2.3217e-02
dev-corpus-03,2694,20001,3.665838e-06,20001,20001,0.044746,0.044221,4.1608e-02
dev-corpus-03,2695,236768,1.119359e-08,236768,236768,0.002983,0.002986,2.1057e-02
dev-corpus-03,2696,107,3.681477e-07,108,108,1.501478,1.500982,2.4610e-02
dev-corpus-03,2697,144,1.385287e-07,144,144,0.025515,0.025557,2.3847e-02
dev-corpus-03,2698,2060,1.699351e-06,236865,236865,2.107542,2.111833,2.7723e-02
dev-corpus-03,2699,1265,1.583388e-05,7352,7352,1.417474,1.414329,3.2475e-02
dev-corpus-03,2700,236761,1.745534e-05,236761,236761,1.190977,1.196084,3.7379e-02
dev-corpus-03,2701,20001,1.199752e-05,20001,20001,0.796630,0.794327,3.5443e-02
dev-corpus-03,2702,236761,1.771632e-06,108,108,5.094799,5.090305,2.6765e-02
dev-corpus-03,2703,2204,3.439904e-06,2204,2204,0.161995,0.161017,2.0320e-02
dev-corpus-03,2704,236769,1.406846e-09,236769,236769,0.000565,0.000564,1.3912e-02
dev-corpus-03,2705,24733,2.347297e-08,24733,24733,0.006933,0.006940,1.3831e-02
dev-corpus-03,2706,236764,2.871043e-07,236768,236768,3.336519,3.340458,2.2069e-02
dev-corpus-03,2707,1265,5.514091e-08,1265,1265,0.003337,0.003352,2.7428e-02
dev-corpus-03,2708,236761,2.068182e-07,236768,236768,3.782876,3.778712,3.6403e-02
dev-corpus-03,2709,9944,4.490157e-06,20001,20001,6.511087,6.515275,4.0215e-02
dev-corpus-03,2710,236768,1.033698e-08,236768,236768,0.002607,0.002601,1.8845e-02
dev-corpus-03,2711,108,8.578216e-07,108,108,0.243638,0.244246,3.2390e-02
dev-corpus-03,2712,140,4.144792e-06,236865,236865,1.001632,0.998687,2.7568e-02
dev-corpus-03,2713,2063,1.197173e-06,236865,236865,0.749065,0.747511,1.9382e-02
dev-corpus-03,2714,6338,2.052925e-07,2222,2222,10.623122,10.625442,2.6207e-02
dev-corpus-03,2715,236779,6.404403e-08,236779,236779,0.010859,0.010828,2.9218e-02
dev-corpus-03,2716,2204,2.022210e-06,2204,2204,0.151507,0.152203,2.5488e-02
dev-corpus-03,2717,47248,1.337164e-08,236769,236769,4.521491,4.520770,1.7956e-02
dev-corpus-03,2718,236769,1.335966e-08,236769,236769,0.001003,0.001008,1.8135e-02
dev-corpus-03,2719,1508,3.818395e-10,1508,1508,0.000150,0.000150,1.4781e-02
dev-corpus-03,2720,236764,5.470169e-09,236764,236764,0.007035,0.007044,2.1615e-02
dev-corpus-03,2721,15468,3.711150e-06,15468,15468,1.588021,1.590269,2.4326e-02
dev-corpus-03,2722,60901,1.289964e-06,236784,236784,8.240575,8.247977,1.8589e-02
dev-corpus-03,2723,15266,1.070700e-05,10864,10864,11.823776,11.824185,2.1756e-02
dev-corpus-03,2724,54698,1.818424e-05,236779,236779,1.589073,1.577229,3.9400e-02
dev-corpus-03,2725,236779,1.466775e-07,1473,1473,5.980705,5.980010,2.2670e-02
dev-corpus-03,2726,3074,7.386554e-07,1473,1473,10.792710,10.783764,2.4058e-02
dev-corpus-03,2727,236764,3.507970e-06,1473,1473,6.896520,6.893803,2.2084e-02
dev-corpus-03,2728,98948,1.783530e-05,5213,5213,14.788589,14.791302,4.9353e-02
dev-corpus-03,2729,5213,4.201111e-06,5213,5213,0.626990,0.624721,2.0431e-02
dev-corpus-03,2730,236767,8.724933e-09,25826,25826,10.620201,10.629667,2.1647e-02
dev-corpus-03,2731,8548,1.146612e-08,8548,8548,0.001507,0.001509,2.3911e-02
dev-corpus-03,2732,1473,1.159741e-07,1473,1473,0.023082,0.023134,4.1692e-02
dev-corpus-03,2733,107,1.087687e-09,107,107,0.000607,0.000606,2.5420e-02
dev-corpus-03,2734,144,1.443323e-09,144,144,0.000500,0.000499,1.4475e-02
dev-corpus-03,2735,584,1.901463e-06,12234,12234,2.865014,2.865327,2.0664e-02
dev-corpus-03,2736,15468,4.544267e-06,1265,1265,1.927546,1.925683,2.8841e-02
dev-corpus-03,2737,563,1.795914e-07,563,563,0.030847,0.030813,2.5921e-02
dev-corpus-03,2738,2222,5.485041e-06,711,711,2.770584,2.772799,2.3421e-02
dev-corpus-03,2739,15266,4.555758e-09,15266,15266,0.001456,0.001457,2.0474e-02
dev-corpus-03,2740,54698,5.750896e-11,54698,54698,0.000002,0.000002,2.3403e-02
dev-corpus-03,2741,236779,6.050784e-12,236779,236779,0.000001,0.000001,1.2825e-02
dev-corpus-03,2742,3074,1.392248e-08,3074,3074,0.000536,0.000540,1.8958e-02
dev-corpus-03,2743,236787,8.884892e-08,532,532,1.594195,1.593477,1.9888e-02
dev-corpus-03,2744,107,1.770480e-09,107,107,0.001840,0.001842,1.9326e-02
dev-corpus-03,2745,148,2.818726e-08,148,148,0.002273,0.002284,2.6940e-02
dev-corpus-03,2746,36756,1.838900e-07,36756,36756,0.059030,0.058985,2.2255e-02
dev-corpus-03,2747,578,3.493655e-09,578,578,0.000402,0.000400,1.7930e-02
dev-corpus-03,2748,620,5.019903e-07,8637,8637,8.634053,8.643128,2.0528e-02
dev-corpus-03,2749,8548,7.218156e-11,8548,8548,0.000006,0.000006,1.6354e-02
dev-corpus-03,2750,107,1.915945e-07,107,107,0.060953,0.060882,1.7856e-02
dev-corpus-03,2751,144,1.656774e-08,144,144,0.021590,0.021563,1.8382e-02
dev-corpus-03,2752,36208,1.246978e-06,4454,4454,1.559770,1.557820,2.1318e-02
dev-corpus-03,2753,620,2.807346e-06,620,620,1.008985,1.011667,2.6353e-02
dev-corpus-03,2754,8548,1.261159e-09,8548,8548,0.000155,0.000155,4.5125e-02
dev-corpus-03,2755,236787,8.474694e-08,236787,236787,0.018755,0.018807,1.5845e-02
dev-corpus-03,2756,107,5.467343e-09,107,107,0.004532,0.004526,1.4384e-02
dev-corpus-03,2757,148,2.676887e-09,148,148,0.003204,0.003209,1.4123e-02
dev-corpus-03,2758,36756,5.945174e-06,36756,36756,0.461644,0.459028,3.2061e-02
dev-corpus-03,2759,578,3.739442e-09,578,578,0.001497,0.001500,1.9666e-02
dev-corpus-03,2760,2222,2.636466e-06,2222,2222,0.413710,0.413065,2.7913e-02
dev-corpus-03,2761,29415,3.922868e-08,29415,29415,0.004761,0.004773,1.8164e-02
dev-corpus-03,2762,4507,3.773083e-12,4507,4507,0.000001,0.000001,1.0246e-02
dev-corpus-03,2763,236769,4.233898e-09,236769,236769,0.001240,0.001242,2.3882e-02
dev-corpus-03,2764,236767,3.986395e-07,36756,36756,1.724639,1.726493,2.4962e-02
dev-corpus-03,2765,8548,2.522276e-09,8548,8548,0.000077,0.000078,2.8653e-02
dev-corpus-03,2766,236764,6.938804e-10,236764,236764,0.000211,0.000211,1.7488e-02
dev-corpus-03,2767,15468,1.236529e-08,15468,15468,0.004005,0.004014,1.6766e-02
dev-corpus-03,2768,236768,2.324609e-10,236768,236768,0.000075,0.000075,1.3554e-02
dev-corpus-03,2769,107,2.452370e-08,108,108,2.228520,2.227896,1.8100e-02
dev-corpus-03,2770,144,1.516151e-07,144,144,0.041904,0.042017,2.4127e-02
dev-corpus-03,2771,236865,1.288847e-06,107,107,1.577789,1.576329,1.8851e-02
dev-corpus-03,2772,85785,2.771806e-06,85785,85785,0.506581,0.507352,2.6193e-02
dev-corpus-03,2773,1292,7.439264e-08,1292,1292,0.014073,0.014116,1.1744e-02
dev-corpus-03,2774,573,5.419871e-08,573,573,0.033382,0.033438,1.0786e-02
dev-corpus-03,2775,783,2.271716e-07,783,783,0.030216,0.030328,1.3357e-02
dev-corpus-03,2776,2204,1.406721e-09,2204,2204,0.000807,0.000807,1.1992e-02
dev-corpus-03,2777,825,4.861766e-10,825,825,0.000069,0.000069,2.0814e-02
dev-corpus-03,2778,107,4.016923e-08,107,107,0.004038,0.004053,1.4130e-02
dev-corpus-03,2779,144,2.059857e-10,144,144,0.000042,0.000042,1.2195e-02
dev-corpus-03,2780,2063,1.261114e-09,2063,2063,0.001127,0.001129,1.3983e-02
dev-corpus-03,2781,7352,2.450999e-07,7352,7352,0.032870,0.032940,1.5017e-02
dev-corpus-03,2782,236769,6.441209e-10,236769,236769,0.000094,0.000094,2.1762e-02
dev-corpus-03,2783,1289,4.762785e-09,1289,1289,0.008838,0.008831,2.0843e-02
dev-corpus-03,2784,1473,1.517650e-11,1473,1473,0.000013,0.000013,2.1132e-02
dev-corpus-03,2785,107,1.159198e-10,107,107,0.000015,0.000015,1.1151e-02
dev-corpus-03,2786,148,1.369172e-10,148,148,0.000717,0.000717,1.4280e-02
dev-corpus-03,2787,21409,2.977474e-07,236865,236865,6.179165,6.182187,1.9298e-02
dev-corpus-03,2788,578,1.862262e-08,578,578,0.001480,0.001473,1.2156e-02
dev-corpus-03,2789,3152,6.137359e-08,3152,3152,0.002346,0.002361,2.0782e-02
dev-corpus-03,2790,236761,1.054611e-09,236761,236761,0.000036,0.000037,2.5931e-02
dev-corpus-03,2791,4043,1.083040e-08,4043,4043,0.000136,0.000137,1.5390e-01
dev-corpus-03,2792,1033,1.125464e-06,1033,1033,0.016575,0.016746,2.5624e-02
dev-corpus-03,2793,21409,4.059314e-08,21409,21409,0.001805,0.001797,2.5027e-02
dev-corpus-03,2794,1606,7.551963e-10,1606,1606,0.000263,0.000263,2.2373e-02
dev-corpus-03,2795,653,5.505087e-06,653,653,0.087168,0.086175,2.8678e-02
dev-corpus-03,2796,3152,4.172407e-10,3152,3152,0.000010,0.000010,2.8484e-02
dev-corpus-03,2797,236761,4.049399e-11,236761,236761,0.000003,0.000003,1.9001e-02
dev-corpus-03,2798,4043,2.230469e-10,4043,4043,0.000038,0.000038,2.0206e-02
dev-corpus-03,2799,1033,4.773161e-12,1033,1033,0.000003,0.000003,8.4829e-03
dev-corpus-03,2800,1457,7.388203e-11,1457,1457,0.000004,0.000004,2.3740e-02
dev-corpus-03,2801,3776,6.295144e-13,3776,3776,0.000000,0.000000,1.0859e-02
dev-corpus-03,2802,1606,6.059797e-11,1606,1606,0.000010,0.000010,1.0969e-02
dev-corpus-03,2803,107,4.915516e-09,107,107,0.000741,0.000738,1.6714e-02
dev-corpus-03,2804,148,5.929667e-11,148,148,0.000014,0.000014,1.9494e-02
dev-corpus-03,2805,584,3.842068e-07,584,584,0.023547,0.023432,2.0776e-02
dev-corpus-03,2806,7489,1.596302e-08,7489,7489,0.001042,0.001037,2.7884e-02
dev-corpus-03,2807,563,1.173104e-06,563,563,0.060144,0.059766,2.7606e-02
dev-corpus-03,2808,711,9.814702e-08,5450,5450,1.001164,1.000592,2.9089e-02
dev-corpus-03,2809,5450,2.661645e-09,5450,5450,0.000129,0.000128,1.8346e-02
dev-corpus-03,2810,236787,7.242972e-08,236787,236787,0.003379,0.003401,1.6851e-02
dev-corpus-03,2811,107,1.236133e-11,107,107,0.000016,0.000016,2.3063e-02
dev-corpus-03,2812,152,2.748445e-09,152,152,0.000158,0.000159,1.7170e-02
dev-corpus-03,2813,6572,3.716903e-06,236865,236865,2.325109,2.326026,1.8883e-02
dev-corpus-03,2814,236787,1.856949e-11,236787,236787,0.000003,0.000003,1.8421e-02
dev-corpus-03,2815,107,1.946450e-10,107,107,0.000067,0.000067,1.2996e-02
dev-corpus-03,2816,156,9.231100e-10,156,156,0.000194,0.000195,1.2792e-02
dev-corpus-03,2817,2060,7.909719e-08,2060,2060,0.154439,0.154318,1.5643e-02
dev-corpus-03,2818,1540,3.421674e-06,15468,15468,1.501264,1.496536,2.2409e-02
dev-corpus-03,2819,236769,3.038895e-10,236769,236769,0.000294,0.000294,2.0846e-02
dev-corpus-03,2820,36756,3.912218e-08,36756,36756,0.010776,0.010781,2.5440e-02
dev-corpus-03,2821,236840,3.074202e-09,236840,236840,0.001427,0.001430,2.4970e-02
dev-corpus-03,2822,21409,4.994888e-09,21409,21409,0.000185,0.000186,1.9984e-02
dev-corpus-03,2823,2812,1.034083e-10,2812,2812,0.000076,0.000076,1.2979e-02
dev-corpus-03,2824,107,1.423642e-09,107,107,0.000610,0.000611,1.7481e-02
dev-corpus-03,2825,152,4.302276e-11,152,152,0.000014,0.000014,1.2589e-02
dev-corpus-03,2826,20285,1.390259e-12,20285,20285,0.000003,0.000003,2.1762e-02
dev-corpus-03,2827,125085,5.482969e-09,125085,125085,0.001190,0.001193,2.4451e-02
dev-corpus-03,2828,236787,3.947142e-08,236787,236787,0.002699,0.002685,2.4784e-02
dev-corpus-03,2829,107,2.768949e-09,107,107,0.000364,0.000366,1.3547e-02
dev-corpus-03,2830,156,1.871983e-10,156,156,0.000247,0.000247,1.4202e-02
dev-corpus-03,2831,2060,1.854187e-06,236865,236865,1.049388,1.046777,2.6323e-02
dev-corpus-03,2832,3152,3.337164e-06,3152,3152,0.258535,0.258419,3.1228e-02
dev-corpus-03,2833,236761,1.351098e-07,236761,236761,0.022548,0.022611,4.0595e-02
dev-corpus-03,2834,4043,1.022515e-09,4043,4043,0.000763,0.000763,3.1289e-02
dev-corpus-03,2835,825,1.320514e-08,236769,236769,8.625373,8.631435,2.3561e-02
dev-corpus-03,2836,107,6.135760e-07,138,138,3.335734,3.337324,1.3561e-02
dev-corpus-03,2837,148,5.596823e-09,148,148,0.002810,0.002812,1.9305e-02
dev-corpus-03,2838,584,1.282310e-06,584,584,0.480588,0.481296,2.2044e-02
dev-corpus-03,2839,3152,2.426163e-08,3152,3152,0.003866,0.003863,2.7449e-02
dev-corpus-03,2840,236761,5.882815e-12,236761,236761,0.000001,0.000001,2.2527e-02
dev-corpus-03,2841,4043,1.134840e-10,4043,4043,0.000022,0.000022,2.0324e-02
dev-corpus-03,2842,1033,7.090274e-11,1033,1033,0.000020,0.000020,1.4691e-02
dev-corpus-03,2843,80565,1.872625e-08,80565,80565,0.000895,0.000891,3.1847e-02
dev-corpus-03,2844,524,7.941452e-13,524,524,0.000001,0.000001,1.1233e-02
dev-corpus-03,2845,1606,1.960184e-09,1606,1606,0.005639,0.005643,1.4191e-02
dev-corpus-03,2846,563,9.605467e-09,563,563,0.000436,0.000439,2.7167e-02
dev-corpus-03,2847,711,1.010815e-09,711,711,0.000353,0.000354,2.5420e-02
dev-corpus-03,2848,5450,6.510194e-10,5450,5450,0.000006,0.000006,6.5196e-02
dev-corpus-03,2849,236787,4.325928e-10,236787,236787,0.000152,0.000153,1.6533e-02
dev-corpus-03,2850,107,9.176929e-11,107,107,0.000035,0.000035,1.3146e-02
dev-corpus-03,2851,152,3.160766e-10,152,152,0.000222,0.000222,1.8003e-02
dev-corpus-03,2852,2060,1.634756e-09,2060,2060,0.002573,0.002570,1.1837e-02
dev-corpus-03,2853,1265,1.378041e-06,1265,1265,0.007516,0.007644,3.4590e-02
dev-corpus-03,2854,236761,2.227745e-09,236761,236761,0.000585,0.000587,1.5893e-02
dev-corpus-03,2855,119664,4.619440e-09,119664,119664,0.000281,0.000283,2.1092e-02
dev-corpus-03,2856,107,9.163710e-09,107,107,0.003948,0.003949,1.3615e-02
dev-corpus-03,2857,148,8.894637e-11,148,148,0.000014,0.000014,1.4995e-02
dev-corpus-03,2858,584,6.225005e-09,584,584,0.005234,0.005230,1.5353e-02
dev-corpus-03,2859,3152,4.180519e-10,3152,3152,0.000051,0.000051,2.1375e-02
dev-corpus-03,2860,236761,4.748592e-12,236761,236761,0.000000,0.000000,2.9987e-02
dev-corpus-03,2861,4043,1.085508e-10,4043,4043,0.000012,0.000012,1.6941e-02
dev-corpus-03,2862,1033,2.464572e-11,1033,1033,0.000005,0.000005,1.0911e-02
dev-corpus-03,2863,29995,4.956150e-09,29995,29995,0.000749,0.000747,1.6866e-02
dev-corpus-03,2864,1606,1.674247e-11,1606,1606,0.000017,0.000017,1.4098e-02
dev-corpus-03,2865,563,7.404392e-11,563,563,0.000000,0.000000,5.7867e-02
dev-corpus-03,2866,711,6.372920e-09,711,711,0.000013,0.000012,4.4353e-02
dev-corpus-03,2867,5450,1.243722e-10,5450,5450,0.000001,0.000001,4.8823e-02
dev-corpus-03,2868,236787,3.912721e-11,236787,236787,0.000019,0.000019,1.7470e-02
dev-corpus-03,2869,107,8.779590e-10,107,107,0.000162,0.000163,3.2347e-02
dev-corpus-03,2870,152,5.079263e-09,152,152,0.000356,0.000358,2.3038e-02
dev-corpus-03,2871,2060,3.270554e-07,236865,236865,1.318730,1.317656,1.8972e-02
dev-corpus-03,2872,3152,5.078221e-07,3152,3152,0.012997,0.012901,3.0102e-02
dev-corpus-03,2873,236761,7.253594e-10,236761,236761,0.000195,0.000195,1.8965e-02
dev-corpus-03,2874,4043,2.465632e-10,4043,4043,0.000066,0.000066,1.6104e-02
dev-corpus-03,2875,825,4.656841e-09,825,825,0.003011,0.003016,1.4842e-02
dev-corpus-03,2876,107,2.583065e-07,107,107,0.175680,0.175982,2.0084e-02
dev-corpus-03,2877,148,5.925502e-06,148,148,0.039292,0.038607,3.0926e-02
dev-corpus-03,2878,24296,2.371785e-05,2060,2060,0.862150,0.869601,2.8975e-02
dev-corpus-03,2879,38271,1.843675e-08,38271,38271,0.012145,0.012140,2.0506e-02
dev-corpus-03,2880,1033,1.639106e-08,1033,1033,0.023962,0.023953,1.3538e-02
dev-corpus-03,2881,2805,4.153947e-07,2805,2805,0.010455,0.010542,1.9057e-02
dev-corpus-03,2882,87892,7.682155e-08,87892,87892,0.002479,0.002498,1.9545e-02
dev-corpus-03,2883,7489,1.312002e-06,2299,2299,1.341761,1.343677,1.7481e-02
dev-corpus-03,2884,2299,5.688697e-09,2299,2299,0.007751,0.007752,1.4724e-02
dev-corpus-03,2885,528,8.582530e-09,528,528,0.003789,0.003788,1.0457e-02
dev-corpus-03,2886,3759,1.511092e-08,3759,3759,0.002117,0.002114,2.7956e-02
dev-corpus-03,2887,963,1.929275e-08,963,963,0.003607,0.003616,1.3422e-02
dev-corpus-03,2888,107,3.946984e-08,107,107,0.016592,0.016628,1.6270e-02
dev-corpus-03,2889,165,2.666794e-08,165,165,0.001794,0.001791,3.2990e-02
dev-corpus-03,2890,1508,8.662324e-11,1508,1508,0.000032,0.000032,1.1437e-02
dev-corpus-03,2891,236761,2.842493e-10,236761,236761,0.000033,0.000033,1.6265e-02
dev-corpus-03,2892,20001,4.000365e-09,20001,20001,0.000240,0.000239,2.2870e-02
dev-corpus-03,2893,236768,6.593084e-11,236768,236768,0.000020,0.000020,1.2295e-02
dev-corpus-03,2894,107,1.453013e-07,107,107,0.189658,0.189472,1.8334e-02
dev-corpus-03,2895,144,1.088868e-09,144,144,0.000666,0.000666,1.7010e-02
dev-corpus-03,2896,2060,9.859587e-09,2060,2060,0.007980,0.007986,2.2652e-02
dev-corpus-03,2897,1265,3.349965e-10,1265,1265,0.000090,0.000090,1.3842e-02
dev-corpus-03,2898,236761,3.023294e-10,236761,236761,0.000037,0.000037,1.4777e-02
dev-corpus-03,2899,20001,3.546189e-08,20001,20001,0.001752,0.001763,1.9347e-02
dev-corpus-03,2900,236761,2.820717e-11,236761,236761,0.000003,0.000003,1.8711e-02
dev-corpus-03,2901,2204,3.116901e-10,2204,2204,0.000020,0.000020,2.0778e-02
dev-corpus-03,2902,236769,6.953492e-12,236769,236769,0.000001,0.000001,1.8114e-02
dev-corpus-03,2903,24733,9.255755e-10,24733,24733,0.000065,0.000065,3.1135e-02
dev-corpus-03,2904,236764,3.598939e-11,236764,236764,0.000002,0.000002,1.2846e-02
dev-corpus-03,2905,1265,7.242363e-11,1265,1265,0.000022,0.000022,1.4234e-02
dev-corpus-03,2906,236761,6.937160e-11,236761,236761,0.000029,0.000029,1.3611e-02
dev-corpus-03,2907,9944,7.780942e-10,9944,9944,0.000203,0.000203,1.3801e-02
dev-corpus-03,2908,236768,1.918086e-10,236768,236768,0.000053,0.000054,1.8131e-02
dev-corpus-03,2909,108,6.755713e-07,108,108,0.341914,0.342642,2.0378e-02
dev-corpus-03,2910,140,6.574576e-06,236865,236865,1.327630,1.333611,1.9369e-02
dev-corpus-03,2911,2063,1.439594e-07,2063,2063,0.670773,0.671258,1.8110e-02
dev-corpus-03,2912,563,2.334082e-06,5062,5062,7.107445,7.106775,2.0653e-02
dev-corpus-03,2913,236779,1.513128e-08,236779,236779,0.003641,0.003647,1.8740e-02
dev-corpus-03,2914,4730,9.722363e-07,10480,10480,1.049701,1.049705,1.3770e-02
dev-corpus-03,2915,236769,3.133155e-07,236769,236769,0.060879,0.060681,1.2009e-02
dev-corpus-03,2916,1508,2.396670e-11,1508,1508,0.000005,0.000005,1.4492e-02
dev-corpus-03,2917,1473,9.962411e-07,236764,236764,0.923314,0.922308,2.3396e-02
dev-corpus-03,2918,107,8.730208e-11,107,107,0.000080,0.000080,1.3590e-02
dev-corpus-03,2919,144,2.386922e-10,144,144,0.000689,0.000689,1.6179e-02
dev-corpus-03,2920,1708,3.656850e-07,2060,2060,9.868423,9.874406,1.8128e-02
dev-corpus-03,2921,3152,5.009803e-06,4241,4241,2.440331,2.449415,2.2216e-02
dev-corpus-03,2922,528,1.888374e-10,528,528,0.000016,0.000016,2.7699e-02
dev-corpus-03,2923,1265,5.161851e-07,1265,1265,0.010569,0.010468,2.7167e-02
dev-corpus-03,2924,236761,3.035566e-08,236761,236761,0.011547,0.011521,1.8103e-02
dev-corpus-03,2925,20001,1.641136e-07,20001,20001,0.011281,0.011231,2.1729e-02
dev-corpus-03,2926,236761,1.499272e-12,236761,236761,0.000002,0.000002,1.6465e-02
dev-corpus-03,2927,4114,4.551774e-11,4114,4114,0.000002,0.000002,2.9769e-02
dev-corpus-03,2928,2598,5.851181e-11,2598,2598,0.000002,0.000002,2.3034e-02
dev-corpus-03,2929,236769,1.541155e-08,236769,236769,0.000461,0.000458,5.1660e-02
dev-corpus-03,2930,1508,8.558180e-10,1508,1508,0.000287,0.000287,1.2589e-02
dev-corpus-03,2931,236761,4.722009e-10,236761,236761,0.000151,0.000152,1.3644e-02
dev-corpus-03,2932,9944,5.536501e-08,9944,9944,0.002684,0.002698,1.8850e-02
dev-corpus-03,2933,1473,6.682221e-09,1473,1473,0.001065,0.001069,2.2599e-02
dev-corpus-03,2934,107,2.230981e-10,107,107,0.000020,0.000020,1.5478e-02
dev-corpus-03,2935,148,1.000984e-09,148,148,0.000408,0.000409,1.0114e-02
dev-corpus-03,2936,584,5.080518e-07,584,584,0.137627,0.137488,2.1208e-02
dev-corpus-03,2937,3152,1.207796e-08,3152,3152,0.009467,0.009470,1.7323e-02
dev-corpus-03,2938,236761,1.027294e-08,236761,236761,0.000581,0.000584,2.4748e-02
dev-corpus-03,2939,4043,1.072998e-08,4043,4043,0.016517,0.016526,3.4246e-02
dev-corpus-03,2940,1033,5.083179e-09,1033,1033,0.000443,0.000444,2.1908e-02
dev-corpus-03,2941,29995,1.827500e-07,29995,29995,0.033774,0.033879,2.7111e-02
dev-corpus-03,2942,1606,8.390231e-08,1606,1606,0.175971,0.176151,2.4076e-02
dev-corpus-03,2943,563,6.760385e-09,563,563,0.000352,0.000354,2.6697e-02
dev-corpus-03,2944,711,6.508083e-10,711,711,0.000678,0.000679,2.3031e-02
dev-corpus-03,2945,5450,4.917919e-11,5450,5450,0.000003,0.000003,2.7004e-02
dev-corpus-03,2946,236787,9.572676e-09,236787,236787,0.000541,0.000544,1.5213e-02
dev-corpus-03,2947,107,2.849060e-11,107,107,0.000010,0.000010,1.1830e-02
dev-corpus-03,2948,152,1.197018e-09,152,152,0.001089,0.001087,1.1777e-02
dev-corpus-03,2949,2060,5.088110e-08,2060,2060,0.005385,0.005408,2.5803e-02
dev-corpus-03,2950,8450,2.468749e-09,8450,8450,0.000055,0.000055,1.9852e-02
dev-corpus-03,2951,107,2.236485e-09,107,107,0.000652,0.000651,1.5317e-02
dev-corpus-03,2952,148,3.445164e-09,144,144,8.172785,8.168217,1.3600e-02
dev-corpus-03,2953,584,4.160761e-06,584,584,0.349010,0.350842,1.8112e-02
dev-corpus-03,2954,568,2.105668e-08,3152,3152,7.459500,7.458762,1.1813e-02
dev-corpus-03,2955,1289,6.714570e-07,1289,1289,0.040386,0.040193,2.0672e-02
dev-corpus-03,2956,236761,5.424183e-11,236761,236761,0.000014,0.000014,1.2646e-02
dev-corpus-03,2957,4043,3.264809e-09,4043,4043,0.000427,0.000428,2.3238e-02
dev-corpus-03,2958,1033,3.648835e-10,1033,1033,0.000139,0.000139,1.2565e-02
dev-corpus-03,2959,21409,8.071425e-09,21409,21409,0.048642,0.048653,1.6386e-02
dev-corpus-03,2960,1606,2.991505e-10,1606,1606,0.000065,0.000065,1.1355e-02
dev-corpus-03,2961,563,2.544847e-07,653,653,3.389651,3.386085,1.4777e-02
dev-corpus-03,2962,5450,5.430902e-08,5450,5450,0.314091,0.314292,1.6817e-02
dev-corpus-03,2963,107,4.343518e-08,532,532,6.274541,6.271959,2.1089e-02
dev-corpus-03,2964,152,1.525515e-07,156,156,2.527271,2.528794,2.5417e-02
dev-corpus-03,2965,624,7.845050e-08,624,624,0.002948,0.002969,1.7234e-02
dev-corpus-03,2966,3152,1.830777e-09,3152,3152,0.000585,0.000586,1.7009e-02
dev-corpus-03,2967,236761,7.108060e-12,236761,236761,0.000009,0.000009,1.0993e-02
dev-corpus-03,2968,4043,6.638391e-10,4043,4043,0.000297,0.000297,1.5432e-02
dev-corpus-03,2969,1033,8.761403e-10,1033,1033,0.000137,0.000138,1.6504e-02
dev-corpus-03,2970,1457,1.878265e-09,1457,1457,0.000217,0.000218,1.5761e-02
dev-corpus-03,2971,3776,1.504602e-12,3776,3776,0.000000,0.000000,1.2606e-02
dev-corpus-03,2972,1606,5.070191e-11,1606,1606,0.000050,0.000050,1.4874e-02
dev-corpus-03,2973,563,3.959598e-10,563,563,0.000036,0.000036,1.6302e-02
dev-corpus-03,2974,5450,6.856336e-08,5450,5450,0.002260,0.002277,1.3289e-02
dev-corpus-03,2975,107,1.982773e-07,107,107,0.096915,0.096757,3.1221e-02
dev-corpus-03,2976,152,5.191224e-10,152,152,0.000151,0.000152,1.9169e-02
dev-corpus-03,2977,624,4.761588e-10,624,624,0.000205,0.000205,1.9830e-02
dev-corpus-03,2978,3152,1.143126e-06,3152,3152,0.034938,0.034662,1.3715e-02
dev-corpus-03,2979,236761,6.741806e-11,236761,236761,0.000008,0.000008,1.4827e-02
dev-corpus-03,2980,4043,1.261580e-05,4043,4043,0.000445,0.000373,7.7383e-01
dev-corpus-03,2981,1033,7.271553e-10,1033,1033,0.000009,0.000009,5.5146e-02
dev-corpus-03,2982,80565,4.644346e-09,80565,80565,0.000373,0.000373,4.0369e-02
dev-corpus-03,2983,524,2.396330e-12,524,524,0.000000,0.000000,1.5221e-02
dev-corpus-03,2984,1606,8.331971e-11,1606,1606,0.000014,0.000014,2.7220e-02
dev-corpus-03,2985,563,1.894757e-08,563,563,0.000178,0.000175,3.7773e-02
dev-corpus-03,2986,5450,2.939700e-06,5450,5450,0.083981,0.084699,1.9526e-02
dev-corpus-03,2987,1473,9.371563e-06,1473,1473,0.147648,0.146048,5.7077e-02
dev-corpus-03,2988,107,2.441549e-10,107,107,0.000781,0.000780,1.8657e-02
dev-corpus-03,2989,152,1.560918e-08,152,152,0.000960,0.000960,1.8722e-02
dev-corpus-03,2990,236865,1.933168e-06,2060,2060,1.669296,1.673374,2.0213e-02
dev-corpus-03,2991,1637,9.853436e-07,1174,1174,2.973729,2.973848,1.6501e-02
dev-corpus-03,2992,784,9.643832e-07,625,625,10.412115,10.410073,1.3799e-02
dev-corpus-03,2993,506,6.952364e-06,4402,4402,9.605833,9.603620,2.7205e-02
dev-corpus-03,2994,4402,3.783101e-06,4402,4402,0.948803,0.948353,2.4937e-02
dev-corpus-03,2995,659,3.220474e-07,659,659,0.045539,0.045672,1.4922e-02
dev-corpus-03,2996,5450,1.413950e-06,5450,5450,0.285904,0.285045,1.2689e-02
dev-corpus-03,2997,236764,4.610859e-08,236764,236764,0.019163,0.019140,1.2220e-02
dev-corpus-03,2998,993,1.093114e-07,625,625,7.456809,7.459660,1.0951e-02
dev-corpus-03,2999,1921,1.634980e-07,563,563,4.457888,4.461345,1.2918e-02
dev-corpus-03,3000,577,2.433521e-08,577,577,0.012548,0.012528,1.0568e-02
dev-corpus-03,3001,107,2.422014e-06,614,614,8.049515,8.051217,1.9659e-02
dev-corpus-03,3002,152,1.214342e-09,152,152,0.000335,0.000336,2.1404e-02
dev-corpus-03,3003,236865,1.130388e-08,236865,236865,0.000620,0.000619,2.5472e-02
dev-corpus-03,3004,2264,8.359283e-07,614,614,5.857002,5.857789,1.4044e-02
dev-corpus-03,3005,2299,2.580220e-06,3759,3759,2.531490,2.534613,2.2289e-02
dev-corpus-03,3006,692,2.854063e-06,1861,1861,6.128567,6.137456,2.4501e-02
dev-corpus-03,3007,236789,9.456549e-07,1537,1537,4.236043,4.235772,1.6007e-02
dev-corpus-03,3008,500,6.535636e-05,500,500,0.621199,0.630610,5.9670e-02
dev-corpus-03,3009,711,7.698341e-07,711,711,0.710338,0.710165,1.5986e-02
dev-corpus-03,3010,27780,3.867001e-06,27780,27780,1.451178,1.449466,1.5943e-02
dev-corpus-03,3011,107,4.653734e-07,236761,236761,2.440415,2.441158,1.1455e-02
dev-corpus-03,3012,152,9.005756e-10,152,152,0.000448,0.000447,1.6658e-02
dev-corpus-03,3013,24296,1.339589e-07,2060,2060,8.428351,8.436912,1.7896e-02
dev-corpus-03,3014,38271,2.589034e-08,38271,38271,0.007606,0.007595,2.1501e-02
dev-corpus-03,3015,1033,3.191225e-08,1033,1033,0.137163,0.137225,1.3222e-02
dev-corpus-03,3016,2805,2.917064e-07,2805,2805,0.479810,0.479410,1.8328e-02
dev-corpus-03,3017,87892,7.804883e-08,87892,87892,0.024368,0.024309,1.7409e-02
dev-corpus-03,3018,7489,6.188653e-07,3759,3759,9.283451,9.285599,2.0424e-02
dev-corpus-03,3019,2299,2.655248e-07,2299,2299,0.021526,0.021623,1.7615e-02
dev-corpus-03,3020,528,2.817272e-07,528,528,0.053545,0.053430,1.3676e-02
dev-corpus-03,3021,3759,1.449773e-06,3759,3759,0.005288,0.005412,6.9201e-02
dev-corpus-03,3022,963,1.535730e-06,963,963,0.031354,0.031312,4.4702e-02
dev-corpus-03,3023,107,5.760702e-09,107,107,0.002181,0.002176,1.7862e-02
dev-corpus-03,3024,156,2.177791e-06,167,167,8.384731,8.383111,4.3623e-02
dev-corpus-03,3025,1508,7.576921e-10,1508,1508,0.000288,0.000288,1.7806e-02
dev-corpus-03,3026,236761,1.179552e-10,236761,236761,0.000015,0.000015,2.2733e-02
dev-corpus-03,3027,20001,4.061722e-09,20001,20001,0.000075,0.000074,4.1283e-02
dev-corpus-03,3028,236768,6.049952e-10,236768,236768,0.000154,0.000155,1.8006e-02
dev-corpus-03,3029,107,2.736376e-07,107,107,0.007203,0.007144,2.5134e-02
dev-corpus-03,3030,144,9.076041e-09,144,144,0.001173,0.001177,1.7860e-02
dev-corpus-03,3031,2060,1.972130e-10,2060,2060,0.000457,0.000457,1.3422e-02
dev-corpus-03,3032,6288,9.448990e-11,6288,6288,0.000020,0.000020,1.3154e-02
dev-corpus-03,3033,108,4.662221e-07,108,108,0.446924,0.447558,1.9623e-02
dev-corpus-03,3034,140,1.326435e-06,236865,236865,1.585835,1.586854,1.9573e-02
dev-corpus-03,3035,2063,8.148640e-07,236865,236865,0.867481,0.868879,1.8259e-02
dev-corpus-03,3036,974,3.848426e-06,5062,5062,2.578181,2.579207,2.9730e-02
dev-corpus-03,3037,236779,7.612934e-08,236779,236779,0.019021,0.018970,2.5567e-02
dev-corpus-03,3038,207339,8.957340e-06,10480,10480,12.719998,12.712862,2.9657e-02
dev-corpus-03,3039,236769,1.829155e-09,236769,236769,0.007991,0.007987,1.6050e-02
dev-corpus-03,3040,1508,2.085233e-11,1508,1508,0.000009,0.000009,1.3708e-02
dev-corpus-03,3041,1473,4.432986e-08,1473,1473,0.003510,0.003493,2.5109e-02
dev-corpus-03,3042,107,7.637445e-10,107,107,0.000090,0.000091,1.1641e-02
dev-corpus-03,3043,144,4.606613e-09,144,144,0.000337,0.000336,1.6079e-02
dev-corpus-03,3044,2643,1.354558e-06,207339,207339,4.659544,4.659511,2.0986e-02
dev-corpus-03,3045,578,1.538328e-08,578,578,0.000799,0.000794,3.1175e-02
dev-corpus-03,3046,2977,3.163258e-07,1076,1076,4.742030,4.733744,2.7086e-02
dev-corpus-03,3047,107,4.516331e-11,107,107,0.000018,0.000018,1.2417e-02
dev-corpus-03,3048,144,1.554020e-10,144,144,0.000016,0.000016,2.2221e-02
dev-corpus-03,3049,1708,1.987042e-07,1708,1708,0.047241,0.047369,2.6960e-02
dev-corpus-03,3050,3152,2.984854e-08,3152,3152,0.010302,0.010321,2.0849e-02
dev-corpus-03,3051,528,2.263265e-12,528,528,0.000002,0.000002,1.4595e-02
dev-corpus-03,3052,1265,2.218651e-10,1265,1265,0.000044,0.000044,1.8396e-02
dev-corpus-03,3053,236761,3.286483e-10,236761,236761,0.000036,0.000036,1.9346e-02
dev-corpus-03,3054,20001,9.122055e-09,20001,20001,0.000323,0.000321,4.7057e-02
dev-corpus-03,3055,236761,1.391986e-12,236761,236761,0.000000,0.000000,1.6516e-02
dev-corpus-03,3056,4114,9.164974e-10,4114,4114,0.000090,0.000089,3.6285e-02
dev-corpus-03,3057,2598,5.573521e-13,2598,2598,0.000000,0.000000,2.2273e-02
dev-corpus-03,3058,236769,1.073089e-10,236769,236769,0.000027,0.000027,1.6150e-02
dev-corpus-03,3059,1508,7.774223e-08,1508,1508,0.000175,0.000171,6.1746e-02
dev-corpus-03,3060,236761,1.825111e-10,236761,236761,0.000009,0.000009,2.5038e-02
dev-corpus-03,3061,9944,3.226492e-08,9944,9944,0.000504,0.000499,3.8191e-02
dev-corpus-03,3062,1473,3.533885e-09,1473,1473,0.000485,0.000486,3.1711e-02
dev-corpus-03,3063,107,3.764863e-12,107,107,0.000002,0.000002,1.0114e-02
dev-corpus-03,3064,148,2.873356e-10,148,148,0.000744,0.000745,1.2288e-02
dev-corpus-03,3065,21409,2.433354e-07,584,584,1.632112,1.633096,3.2813e-02
dev-corpus-03,3066,578,3.065631e-08,578,578,0.061485,0.061548,1.5884e-02
dev-corpus-03,3067,3152,6.208278e-10,3152,3152,0.000033,0.000033,1.6119e-02
dev-corpus-03,3068,236761,7.911304e-12,236761,236761,0.000001,0.000001,3.3134e-02
dev-corpus-03,3069,4043,4.504603e-09,4043,4043,0.000049,0.000048,3.1455e-02
dev-corpus-03,3070,1033,1.308234e-09,1033,1033,0.000142,0.000143,1.5564e-02
dev-corpus-03,3071,21409,1.080204e-09,21409,21409,0.000188,0.000188,1.7338e-02
dev-corpus-04,3072,107,4.980554e-06,236764,236764,5.140575,5.135336,1.3393e-02
dev-corpus-04,3073,144,1.137564e-06,1018,1018,6.757299,6.756381,4.3277e-02
dev-corpus-04,3074,36208,3.843306e-07,107,107,9.259769,9.260197,1.1900e-02
dev-corpus-04,3075,34563,1.507652e-06,2430,2430,5.123818,5.121863,2.2159e-02
dev-corpus-04,3076,236769,7.286317e-11,236769,236769,0.000045,0.000045,1.0289e-02
dev-corpus-04,3077,106327,1.968213e-06,7837,7837,16.450409,16.447043,1.5503e-02
dev-corpus-04,3078,1901,4.480736e-09,236764,236764,18.098074,18.099904,1.2724e-02
dev-corpus-04,3079,236764,9.858191e-09,236764,236764,0.005487,0.005487,1.5721e-02
dev-corpus-04,3080,1540,1.301875e-06,1540,1540,0.659309,0.657899,1.8908e-02
dev-corpus-04,3081,1473,3.364708e-07,1473,1473,0.682751,0.681939,2.0818e-02
dev-corpus-04,3082,107,8.476495e-09,107,107,0.022208,0.022221,1.2190e-02
dev-corpus-04,3083,148,9.695981e-08,148,148,0.011053,0.011098,1.5106e-02
dev-corpus-04,3084,106327,7.885496e-07,236865,236865,2.106920,2.109006,1.6365e-02
dev-corpus-04,3085,236779,1.719909e-07,1901,1901,4.700031,4.696866,2.3664e-02
dev-corpus-04,3086,8902,3.653808e-06,1901,1901,19.170244,19.167701,1.8218e-02
dev-corpus-04,3087,578,1.850657e-08,578,578,0.009592,0.009579,1.6456e-02
dev-corpus-04,3088,32147,2.676423e-07,23219,23219,12.415030,12.413716,2.3961e-02
dev-corpus-04,3089,513,1.794214e-06,1123,1123,1.563507,1.560658,1.6921e-02
dev-corpus-04,3090,236784,1.331705e-07,236787,236787,12.710002,12.710256,1.4008e-02
dev-corpus-04,3091,236763,8.660634e-09,106327,106327,14.471366,14.471400,1.5428e-02
dev-corpus-04,3092,236789,2.194891e-06,105800,105800,2.852029,2.852183,2.6854e-02
dev-corpus-04,3093,2632,3.469394e-07,19547,19547,0.788155,0.788634,2.2037e-02
dev-corpus-04,3094,2222,1.551082e-05,513,513,6.062076,6.062497,2.3063e-02
dev-corpus-04,3095,11240,3.365627e-06,236769,236769,6.105437,6.099706,3.2344e-02
dev-corpus-04,3096,5285,6.102340e-06,236779,236779,1.629848,1.623402,2.4279e-02
dev-corpus-04,3097,236761,5.416847e-08,236761,236761,0.047150,0.047184,1.4822e-02
dev-corpus-04,3098,1951,8.527699e-08,1951,1951,0.026453,0.026389,1.8689e-02
dev-corpus-04,3099,236769,4.747346e-08,236769,236769,0.004188,0.004202,3.2165e-02
dev-corpus-04,3100,106327,7.706277e-08,236753,236753,3.364627,3.366620,1.7429e-02
dev-corpus-04,3101,1901,7.825436e-10,1901,1901,0.000275,0.000276,1.8564e-02
dev-corpus-04,3102,236764,1.004429e-05,236764,236764,1.043173,1.046445,3.4053e-02
dev-corpus-04,3103,513,1.763535e-08,513,513,0.002817,0.002809,3.2765e-02
dev-corpus-04,3104,236768,7.034733e-08,236768,236768,0.030081,0.030032,2.0871e-02
dev-corpus-04,3105,107,4.545091e-08,107,107,0.081407,0.081403,1.5730e-02
dev-corpus-04,3106,144,1.780824e-07,148,148,3.074095,3.076785,1.8815e-02
dev-corpus-04,3107,4454,2.782056e-06,4454,4454,0.612231,0.610119,2.5520e-02
dev-corpus-04,3108,236787,4.008403e-11,236787,236787,0.000005,0.000005,2.3339e-02
dev-corpus-04,3109,107,8.471451e-08,107,107,0.040709,0.040792,2.0868e-02
dev-corpus-04,3110,148,2.651622e-09,148,148,0.003054,0.003051,2.0807e-02
dev-corpus-04,3111,106327,2.280989e-06,24296,24296,3.288207,3.277636,2.8027e-02
dev-corpus-04,3112,236779,1.259415e-09,236779,236779,0.001346,0.001345,2.2127e-02
dev-corpus-04,3113,8902,3.163412e-08,8902,8902,0.001760,0.001755,2.5649e-02
dev-corpus-04,3114,578,3.961028e-10,578,578,0.000123,0.000123,1.6329e-02
dev-corpus-04,3115,32147,2.163269e-07,5450,5450,1.729498,1.730778,1.9448e-02
dev-corpus-04,3116,513,1.126095e-07,513,513,0.186866,0.186767,2.0821e-02
dev-corpus-04,3117,236784,1.995240e-07,236784,236784,0.506732,0.506721,2.8527e-02
dev-corpus-04,3118,236763,1.256478e-07,236763,236763,0.037412,0.037314,2.1154e-02
dev-corpus-04,3119,236789,1.689199e-08,236789,236789,0.002654,0.002645,2.7972e-02
dev-corpus-04,3120,2632,1.528898e-09,2632,2632,0.000076,0.000076,2.3511e-02
dev-corpus-04,3121,23219,3.441419e-08,2222,2222,5.640221,5.643458,2.3300e-02
dev-corpus-04,3122,1901,1.242494e-09,1901,1901,0.000431,0.000432,1.6876e-02
dev-corpus-04,3123,236761,2.070113e-06,107,107,7.118341,7.113023,3.0774e-02
dev-corpus-04,3124,1951,1.531951e-06,10401,10401,1.122195,1.120123,1.6218e-02
dev-corpus-04,3125,236769,7.588853e-10,236769,236769,0.000616,0.000616,2.0599e-02
dev-corpus-04,3126,236753,4.951022e-09,236753,236753,0.000083,0.000082,2.5113e-02
dev-corpus-04,3127,236768,2.644753e-10,236768,236768,0.000311,0.000311,1.8032e-02
dev-corpus-04,3128,108,4.310316e-07,108,108,0.417649,0.417148,2.9141e-02
dev-corpus-04,3129,144,1.535657e-06,140,140,1.045398,1.046974,2.5760e-02
dev-corpus-04,3130,1508,7.532960e-07,236865,236865,7.487108,7.493216,2.3121e-02
dev-corpus-04,3131,4917,2.438413e-07,236761,236761,3.970295,3.975276,2.1138e-02
dev-corpus-04,3132,8951,1.411012e-06,106327,106327,8.995732,8.997124,2.7151e-02
dev-corpus-04,3133,552,1.758747e-08,552,552,0.001160,0.001166,1.6712e-02
dev-corpus-04,3134,578,1.170830e-06,236779,236779,0.710175,0.711714,2.0791e-02
dev-corpus-04,3135,5450,1.184338e-05,534,534,1.139883,1.135270,3.2183e-02
dev-corpus-04,3136,107,1.365165e-06,107,107,0.259754,0.260571,1.7080e-02
dev-corpus-04,3137,144,9.254566e-08,144,144,0.030305,0.030240,2.2420e-02
dev-corpus-04,3138,1508,4.154514e-07,1508,1508,0.087016,0.087253,2.1619e-02
dev-corpus-04,3139,4917,1.330854e-07,4917,4917,0.058124,0.057999,2.1726e-02
dev-corpus-04,3140,6499,1.658249e-06,106327,106327,15.778664,15.783185,3.3488e-02
dev-corpus-04,3141,578,7.354637e-08,236779,236779,1.497503,1.497056,2.6225e-02
dev-corpus-04,3142,23219,1.355630e-07,5450,5450,3.059675,3.060684,2.0201e-02
dev-corpus-04,3143,236779,2.430727e-10,236779,236779,0.000188,0.000188,1.5523e-02
dev-corpus-04,3144,8902,8.709562e-10,8902,8902,0.000288,0.000288,1.9391e-02
dev-corpus-04,3145,825,2.839662e-07,107,107,2.713071,2.713868,1.6277e-02
dev-corpus-04,3146,107,2.860143e-07,107,107,0.137513,0.137244,1.7287e-02
dev-corpus-04,3147,144,7.950902e-08,144,144,0.009349,0.009315,2.4156e-02
dev-corpus-04,3148,1508,5.693359e-08,1508,1508,0.035435,0.035477,1.8298e-02
dev-corpus-04,3149,4917,1.740466e-08,4917,4917,0.006090,0.006105,1.9498e-02
dev-corpus-04,3150,3859,1.573008e-06,3859,3859,0.543995,0.542824,3.3045e-02
dev-corpus-04,3151,578,4.431904e-10,578,578,0.002631,0.002631,1.9605e-02
dev-corpus-04,3152,23219,6.756613e-07,5450,5450,3.145616,3.140332,2.3417e-02
dev-corpus-04,3153,236779,2.321548e-10,236779,236779,0.000067,0.000067,1.7620e-02
dev-corpus-04,3154,8902,3.997353e-10,8902,8902,0.000055,0.000055,2.2753e-02
dev-corpus-04,3155,825,2.974409e-08,825,825,0.000895,0.000888,2.2563e-02
dev-corpus-04,3156,107,1.318280e-06,108,108,1.435819,1.432921,2.6148e-02
dev-corpus-04,3157,144,3.773191e-07,144,144,0.045234,0.045053,2.7829e-02
dev-corpus-04,3158,1508,1.118369e-07,1508,1508,0.134494,0.134643,2.1665e-02
dev-corpus-04,3159,236761,1.080177e-06,4917,4917,2.627485,2.632755,2.6100e-02
dev-corpus-04,3160,106327,2.017050e-06,106327,106327,0.719437,0.719872,2.8402e-02
dev-corpus-04,3161,236779,1.411720e-07,236779,236779,0.072504,0.072576,2.3292e-02
dev-corpus-04,3162,2086,5.941538e-06,2086,2086,0.793102,0.796404,3.4747e-02
dev-corpus-04,3163,578,2.320072e-08,578,578,0.003821,0.003832,3.8849e-02
dev-corpus-04,3164,1265,3.056545e-05,1265,1265,0.555138,0.548439,3.5903e-02
dev-corpus-04,3165,4917,1.819842e-07,4917,4917,0.011824,0.011890,1.7549e-02
dev-corpus-04,3166,3859,1.976606e-09,6499,6499,5.954875,5.955659,2.1433e-02
dev-corpus-04,3167,236761,3.608719e-09,236761,236761,0.002541,0.002541,3.0177e-02
dev-corpus-04,3168,106327,4.132855e-10,106327,106327,0.000056,0.000055,3.0298e-02
dev-corpus-04,3169,236779,5.233570e-10,236779,236779,0.000223,0.000224,2.2727e-02
dev-corpus-04,3170,2086,1.339824e-06,2086,2086,0.031397,0.031688,3.3749e-02
dev-corpus-04,3171,108,8.439608e-07,108,108,0.571257,0.570126,1.8196e-02
dev-corpus-04,3172,144,1.379609e-06,140,140,2.145006,2.140689,2.8955e-02
dev-corpus-04,3173,584,2.660871e-06,236865,236865,1.640847,1.642739,2.5951e-02
dev-corpus-04,3174,76330,2.341702e-06,1265,1265,3.176438,3.168962,3.0667e-02
dev-corpus-04,3175,236769,1.970577e-09,236769,236769,0.000573,0.000574,1.9595e-02
dev-corpus-04,3176,1508,7.915384e-08,1508,1508,0.321562,0.321361,2.5038e-02
dev-corpus-04,3177,4917,2.691498e-07,236764,236764,2.449954,2.450399,2.5046e-02
dev-corpus-04,3178,3859,4.510484e-07,6499,6499,1.710173,1.711613,2.3754e-02
dev-corpus-04,3179,236764,9.253039e-10,236764,236764,0.001251,0.001250,2.7448e-02
dev-corpus-04,3180,756,2.122849e-07,756,756,0.104358,0.104567,2.5105e-02
dev-corpus-04,3181,5088,2.044508e-07,10401,10401,9.509284,9.513436,2.6812e-02
dev-corpus-04,3182,236779,3.562317e-08,236779,236779,0.000859,0.000853,3.4493e-02
dev-corpus-04,3183,2086,2.805619e-10,2086,2086,0.000005,0.000005,4.2021e-02
dev-corpus-04,3184,23314,5.722453e-07,23314,23314,0.170259,0.169798,3.3928e-02
dev-corpus-04,3185,107,1.682254e-08,107,107,0.001281,0.001287,1.5694e-02
dev-corpus-04,3186,148,4.106171e-09,148,148,0.002896,0.002893,1.7881e-02
dev-corpus-04,3187,5088,4.727979e-08,1508,1508,7.159132,7.160430,1.8407e-02
dev-corpus-04,3188,2086,3.925799e-09,236779,236779,7.770600,7.771939,2.0703e-02
dev-corpus-04,3189,578,1.083897e-08,578,578,0.006171,0.006183,1.9809e-02
dev-corpus-04,3190,1265,2.685929e-09,1265,1265,0.000225,0.000225,2.1883e-02
dev-corpus-04,3191,4917,7.714498e-10,4917,4917,0.000045,0.000045,2.8267e-02
dev-corpus-04,3192,3859,3.020778e-09,3859,3859,0.000267,0.000266,2.0224e-02
dev-corpus-04,3193,236761,4.244600e-11,236761,236761,0.000017,0.000017,2.1786e-02
dev-corpus-04,3194,5088,1.436081e-09,5088,5088,0.001041,0.001042,2.8292e-02
dev-corpus-04,3195,236779,3.434680e-10,236779,236779,0.000024,0.000024,1.6111e-02
dev-corpus-04,3196,2086,1.168821e-10,2086,2086,0.000007,0.000007,3.4862e-02
dev-corpus-04,3197,107,2.028259e-08,107,107,0.002056,0.002054,2.7024e-02
dev-corpus-04,3198,148,3.426218e-08,144,144,2.549475,2.550366,2.5538e-02
dev-corpus-04,3199,584,1.372013e-07,1508,1508,2.600645,2.599904,2.7666e-02
dev-corpus-04,3200,3355,4.567187e-07,3355,3355,0.372383,0.372183,3.4611e-02
dev-corpus-04,3201,2086,1.271007e-09,2086,2086,0.000165,0.000164,2.5141e-02
dev-corpus-04,3202,655,2.839915e-07,563,563,6.898561,6.900947,2.1944e-02
dev-corpus-04,3203,236743,9.392341e-08,236743,236743,0.028777,0.028838,2.8160e-02
dev-corpus-04,3204,236770,7.467102e-06,236770,236770,1.160856,1.160240,3.2937e-02
dev-corpus-04,3205,236825,1.768405e-06,236825,236825,0.662846,0.663550,3.5130e-02
dev-corpus-04,3206,236787,1.858300e-08,236787,236787,0.014453,0.014472,3.3551e-02
dev-corpus-04,3207,107,3.511553e-08,107,107,0.010245,0.010272,1.9376e-02
dev-corpus-04,3208,152,1.711697e-09,152,152,0.002559,0.002561,1.8640e-02
dev-corpus-04,3209,236779,2.979264e-06,24296,24296,9.615375,9.621989,2.6132e-02
dev-corpus-04,3210,88319,2.860239e-06,88319,88319,1.094480,1.097066,2.3000e-02
dev-corpus-04,3211,236761,4.968155e-09,236761,236761,0.001681,0.001677,2.1896e-02
dev-corpus-04,3212,37877,3.572166e-09,37877,37877,0.001873,0.001870,3.1414e-02
dev-corpus-04,3213,1033,4.093355e-07,885,885,4.050204,4.044085,3.2175e-02
dev-corpus-04,3214,5088,1.944236e-06,42025,42025,4.906474,4.903265,3.3081e-02
dev-corpus-04,3215,236779,7.342713e-07,236779,236779,0.161707,0.162157,2.2602e-02
dev-corpus-04,3216,2086,1.963110e-07,2086,2086,0.015357,0.015317,2.5939e-02
dev-corpus-04,3217,529,1.847944e-06,563,563,2.691960,2.696716,2.3718e-02
dev-corpus-04,3218,2144,1.131011e-06,2144,2144,0.774613,0.773678,2.4079e-02
dev-corpus-04,3219,236753,3.301806e-08,236751,236751,8.958457,8.957976,2.4665e-02
dev-corpus-04,3220,5072,1.314171e-07,563,563,6.489729,6.488739,1.8164e-02
dev-corpus-04,3221,2311,3.533887e-08,2311,2311,0.045064,0.045069,1.9888e-02
dev-corpus-04,3222,1944,6.964938e-09,1944,1944,0.001139,0.001143,1.5514e-02
dev-corpus-04,3223,236793,3.491538e-06,573,573,5.897746,5.897603,2.5277e-02
dev-corpus-04,3224,1699,2.326411e-06,1699,1699,1.183027,1.181715,1.8682e-02
dev-corpus-04,3225,1023,1.436309e-07,236743,236743,13.358750,13.358608,1.9026e-02
dev-corpus-04,3226,756,1.470817e-06,3678,3678,10.783185,10.783941,1.9122e-02
dev-corpus-04,3227,107,7.755997e-07,107,107,0.048834,0.049061,2.8561e-02
dev-corpus-04,3228,167,6.209711e-07,167,167,0.081810,0.081584,3.3295e-02
dev-corpus-04,3229,236789,4.198227e-06,138,138,2.948043,2.953888,3.3642e-02
dev-corpus-04,3230,6665,2.834778e-07,6665,6665,0.107769,0.107747,1.3282e-02
dev-corpus-04,3231,529,5.000245e-07,529,529,0.173775,0.173961,1.6102e-02
dev-corpus-04,3232,2144,7.217254e-09,236743,236743,5.207770,5.209186,1.7221e-02
dev-corpus-04,3233,236753,1.812509e-09,236753,236753,0.000576,0.000575,2.2377e-02
dev-corpus-04,3234,7085,2.033958e-06,236789,236789,2.190517,2.192272,1.7595e-02
dev-corpus-04,3235,2144,3.960673e-09,2144,2144,0.000058,0.000058,2.9229e-02
dev-corpus-04,3236,568,3.324290e-09,568,568,0.000376,0.000377,2.6890e-02
dev-corpus-04,3237,5088,3.838912e-08,5088,5088,0.004483,0.004498,2.2579e-02
dev-corpus-04,3238,2086,7.650046e-11,2086,2086,0.000015,0.000015,2.0013e-02
dev-corpus-04,3239,236764,1.094952e-09,236764,236764,0.000135,0.000136,2.1597e-02
dev-corpus-04,3240,1265,5.138723e-09,236743,236743,8.212551,8.210650,1.6712e-02
dev-corpus-04,3241,236761,1.819554e-07,236761,236761,0.145532,0.145294,1.9460e-02
dev-corpus-04,3242,5088,2.749238e-06,6665,6665,1.277023,1.276237,2.1926e-02
dev-corpus-04,3243,2086,1.693086e-07,236779,236779,4.278549,4.282534,3.2880e-02
dev-corpus-04,3244,779,9.290200e-09,1223,1223,5.786847,5.785727,2.2770e-02
dev-corpus-04,3245,107,5.688499e-06,107,107,0.298378,0.299944,5.6670e-02
dev-corpus-04,3246,167,7.955674e-08,167,167,0.006883,0.006852,2.0957e-02
dev-corpus-04,3247,28755,1.187209e-05,28755,28755,0.527880,0.528035,5.5696e-02
dev-corpus-04,3248,21672,3.547656e-12,21672,21672,0.000000,0.000000,2.3883e-02
dev-corpus-04,3249,236764,3.341255e-08,236768,236768,9.004015,8.998108,3.0706e-02
dev-corpus-04,3250,236743,2.060211e-05,35949,35949,11.791946,11.800267,3.8109e-02
dev-corpus-04,3251,236778,7.222194e-06,236770,236770,1.833636,1.825371,4.0114e-02
dev-corpus-04,3252,236768,4.560208e-09,236768,236768,0.000916,0.000918,3.7007e-02
dev-corpus-04,3253,107,7.216026e-09,107,107,0.008197,0.008188,1.9426e-02
dev-corpus-04,3254,152,1.424051e-07,152,152,0.024707,0.024630,2.6911e-02
dev-corpus-04,3255,5088,2.964651e-08,5088,5088,0.073353,0.073364,2.2573e-02
dev-corpus-04,3256,2086,2.174016e-10,2086,2086,0.003736,0.003735,4.6238e-02
dev-corpus-04,3257,578,7.217325e-10,578,578,0.000062,0.000062,1.7949e-02
dev-corpus-04,3258,1265,5.186777e-08,1265,1265,0.002278,0.002263,1.9223e-02
dev-corpus-04,3259,236761,1.259774e-10,236761,236761,0.000104,0.000104,2.5563e-02
dev-corpus-04,3260,5088,1.814092e-10,5088,5088,0.000018,0.000018,1.9348e-02
dev-corpus-04,3261,2086,3.197564e-10,2086,2086,0.000119,0.000119,1.8636e-02
dev-corpus-04,3262,107,1.406286e-07,107,107,0.193565,0.193322,2.0174e-02
dev-corpus-04,3263,144,1.713731e-07,148,148,1.168199,1.169047,2.2713e-02
dev-corpus-04,3264,4454,3.595428e-08,4454,4454,0.002335,0.002323,3.6650e-02
dev-corpus-04,3265,236787,5.274207e-11,236787,236787,0.000008,0.000008,2.0839e-02
dev-corpus-04,3266,107,1.989992e-09,107,107,0.000686,0.000684,2.2799e-02
dev-corpus-04,3267,148,2.449283e-09,148,148,0.002854,0.002850,1.5936e-02
dev-corpus-04,3268,236779,2.646998e-09,5088,5088,9.965197,9.969551,1.8021e-02
dev-corpus-04,3269,88319,1.434060e-08,88319,88319,0.001323,0.001328,3.4851e-02
dev-corpus-04,3270,236761,8.714027e-12,236761,236761,0.000002,0.000002,1.4741e-02
dev-corpus-04,3271,37877,4.406460e-10,37877,37877,0.000020,0.000020,3.5055e-02
dev-corpus-04,3272,1033,4.897060e-08,1033,1033,0.030182,0.030205,2.6518e-02
dev-corpus-04,3273,3771,4.532348e-06,106327,106327,2.635663,2.632021,2.7663e-02
dev-corpus-04,3274,3355,5.797756e-09,3355,3355,0.006785,0.006781,1.8021e-02
dev-corpus-04,3275,236779,6.904661e-08,236779,236779,0.033519,0.033551,1.6065e-02
dev-corpus-04,3276,2086,1.088988e-11,2086,2086,0.000001,0.000001,1.2077e-02
dev-corpus-04,3277,9176,2.078164e-06,9176,9176,0.598275,0.596692,1.7187e-02
dev-corpus-04,3278,580,1.123040e-07,1765,1765,2.771395,2.771354,1.6412e-02
dev-corpus-04,3279,2238,1.202589e-06,2144,2144,11.370219,11.374550,2.5827e-02
dev-corpus-04,3280,23219,1.725341e-07,23219,23219,0.182053,0.182252,2.1772e-02
dev-corpus-04,3281,2495,3.242662e-06,1901,1901,5.474873,5.478303,2.1043e-02
dev-corpus-04,3282,236793,2.800914e-08,236793,236793,0.081761,0.081738,1.3983e-02
dev-corpus-04,3283,756,4.202602e-07,1699,1699,1.508185,1.509757,1.5660e-02
dev-corpus-04,3284,107,2.687546e-10,107,107,0.000161,0.000161,2.3693e-02
dev-corpus-04,3285,163,6.115676e-06,163,163,0.921961,0.925216,3.5223e-02
dev-corpus-04,3286,236789,1.282611e-08,236789,236789,0.000232,0.000234,2.4102e-02
dev-corpus-04,3287,83033,1.125980e-06,3091,3091,10.499930,10.503976,1.9094e-02
dev-corpus-04,3288,2144,2.511187e-06,3678,3678,2.532682,2.532035,2.5871e-02
dev-corpus-04,3289,236753,8.921153e-10,236753,236753,0.007782,0.007785,1.8794e-02
dev-corpus-04,3290,7085,2.590645e-07,7085,7085,0.089833,0.089735,1.8264e-02
dev-corpus-04,3291,2144,2.189211e-10,2144,2144,0.000021,0.000021,2.1611e-02
dev-corpus-04,3292,568,2.060795e-05,1265,1265,1.039556,1.048261,2.4541e-02
dev-corpus-04,3293,1508,1.010897e-09,1508,1508,0.000242,0.000242,2.1191e-02
dev-corpus-04,3294,236761,2.265970e-11,236761,236761,0.000024,0.000024,2.2119e-02
dev-corpus-04,3295,5088,1.359215e-09,5088,5088,0.000101,0.000100,2.5263e-02
dev-corpus-04,3296,2086,3.367525e-11,2086,2086,0.000002,0.000002,2.4831e-02
dev-corpus-04,3297,779,4.859163e-07,779,779,0.014589,0.014521,3.4980e-02
dev-corpus-04,3298,107,3.567510e-07,35949,35949,1.254153,1.255461,2.8177e-02
dev-corpus-04,3299,163,1.330884e-09,163,163,0.000315,0.000315,1.9855e-02
dev-corpus-04,3300,28755,1.900262e-08,28755,28755,0.007867,0.007862,3.6238e-02
dev-corpus-04,3301,21672,2.473814e-13,21672,21672,0.000000,0.000000,1.4528e-02
dev-corpus-04,3302,236764,1.049317e-07,236764,236764,0.151709,0.151524,2.0399e-02
dev-corpus-04,3303,236743,4.485596e-10,236743,236743,0.000027,0.000027,2.9236e-02
dev-corpus-04,3304,236778,1.284994e-08,236778,236778,0.001312,0.001307,1.9060e-02
dev-corpus-04,3305,236768,6.494013e-11,236768,236768,0.000033,0.000033,1.9412e-02
dev-corpus-04,3306,107,2.355292e-07,107,107,0.021535,0.021438,1.9035e-02
dev-corpus-04,3307,148,1.637882e-06,144,144,1.556899,1.555748,3.1868e-02
dev-corpus-04,3308,5088,1.278734e-07,5088,5088,0.008277,0.008232,2.0177e-02
dev-corpus-04,3309,2086,9.898551e-11,2086,2086,0.000018,0.000018,1.9477e-02
dev-corpus-04,3310,578,3.497638e-12,578,578,0.000005,0.000005,1.4099e-02
dev-corpus-04,3311,1265,3.608517e-10,1265,1265,0.000028,0.000028,2.0195e-02
dev-corpus-04,3312,236761,1.329833e-10,236761,236761,0.000017,0.000017,2.0792e-02
dev-corpus-04,3313,5088,4.419611e-10,5088,5088,0.000018,0.000018,2.9428e-02
dev-corpus-04,3314,2086,1.315985e-08,2086,2086,0.000149,0.000151,1.5482e-02
dev-corpus-04,3315,108,9.669035e-08,108,108,0.068830,0.068945,1.9855e-02
dev-corpus-04,3316,144,1.139942e-07,144,144,0.017485,0.017547,2.5250e-02
dev-corpus-04,3317,584,2.582704e-07,1508,1508,3.738199,3.741382,1.9366e-02
dev-corpus-04,3318,5980,1.337706e-06,1265,1265,5.857760,5.853217,3.1611e-02
dev-corpus-04,3319,236769,8.468402e-09,236769,236769,0.002653,0.002655,2.4687e-02
dev-corpus-04,3320,2478,9.919437e-07,1508,1508,1.965837,1.968279,3.4079e-02
dev-corpus-04,3321,236768,1.521884e-07,236768,236768,0.026627,0.026673,2.9197e-02
dev-corpus-04,3322,1890,5.677950e-07,1251,1251,1.946750,1.945656,2.2105e-02
dev-corpus-04,3323,3355,3.134782e-06,236743,236743,2.859057,2.867643,4.5691e-02
dev-corpus-04,3324,2086,2.278959e-10,2086,2086,0.000024,0.000024,2.0077e-02
dev-corpus-04,3325,236787,6.780010e-08,236787,236787,0.013463,0.013426,1.9879e-02
dev-corpus-04,3326,107,9.179138e-10,107,107,0.000155,0.000155,1.8575e-02
dev-corpus-04,3327,148,9.079083e-09,148,148,0.011177,0.011163,1.7989e-02
dev-corpus-04,3328,2478,6.417919e-07,236779,236779,4.507095,4.504273,1.8936e-02
dev-corpus-04,3329,578,6.964130e-08,578,578,0.014347,0.014390,2.4959e-02
dev-corpus-04,3330,23219,6.471308e-08,2307,2307,9.901572,9.905417,2.3571e-02
dev-corpus-04,3331,236779,6.246214e-09,236779,236779,0.012378,0.012388,2.3582e-02
dev-corpus-04,3332,8902,2.946613e-08,8902,8902,0.003563,0.003559,2.9171e-02
dev-corpus-04,3333,236769,5.448823e-06,236769,236769,0.064220,0.065005,2.7777e-02
dev-corpus-04,3334,2478,5.305955e-07,2478,2478,0.111083,0.110781,2.9586e-02
dev-corpus-04,3335,769,1.995781e-07,236768,236768,7.457117,7.449182,2.9501e-02
dev-corpus-04,3336,106327,2.933246e-09,106327,106327,0.000031,0.000031,3.3587e-02
dev-corpus-04,3337,825,1.061259e-06,825,825,0.014075,0.013947,4.5496e-02
dev-corpus-04,3338,108,2.848810e-06,107,107,2.594455,2.593156,2.6168e-02
dev-corpus-04,3339,144,3.545488e-07,144,144,0.069429,0.069639,2.1086e-02
dev-corpus-04,3340,236865,2.170565e-07,1508,1508,3.014222,3.016106,2.4927e-02
dev-corpus-04,3341,1265,1.828177e-06,3729,3729,6.680856,6.674286,2.7455e-02
dev-corpus-04,3342,236761,4.880165e-08,4917,4917,1.901583,1.900923,2.0020e-02
dev-corpus-04,3343,5088,1.120312e-06,5088,5088,0.521977,0.522200,3.9450e-02
dev-corpus-04,3344,2086,7.515714e-07,2086,2086,0.451921,0.452826,2.7691e-02
dev-corpus-04,3345,563,1.394950e-06,563,563,0.265823,0.265169,1.6610e-02
dev-corpus-04,3346,506,1.220547e-06,1456,1456,1.865727,1.865115,2.1118e-02
dev-corpus-04,3347,3678,6.096806e-07,3678,3678,0.601437,0.601435,1.7542e-02
dev-corpus-04,3348,3355,1.419067e-06,3355,3355,0.226992,0.226236,2.9400e-02
dev-corpus-04,3349,2086,1.557693e-08,2425,2425,2.443865,2.443541,1.8514e-02
dev-corpus-04,3350,236761,2.023533e-06,1456,1456,4.803155,4.805030,2.2470e-02
dev-corpus-04,3351,1265,4.994522e-08,107,107,9.358288,9.361209,2.1043e-02
dev-corpus-04,3352,236761,3.080287e-07,236761,236761,0.081916,0.081690,2.1443e-02
dev-corpus-04,3353,5088,2.235973e-08,5088,5088,0.004670,0.004675,2.5917e-02
dev-corpus-04,3354,236779,8.485913e-09,2086,2086,6.535086,6.534172,2.1114e-02
dev-corpus-04,3355,2086,8.486065e-09,2086,2086,0.003038,0.003034,1.8153e-02
dev-corpus-04,3356,563,6.169575e-08,563,563,0.050579,0.050586,1.7706e-02
dev-corpus-04,3357,107,1.986236e-07,506,506,5.240603,5.237241,2.0095e-02
dev-corpus-04,3358,144,1.837022e-07,144,144,0.001515,0.001492,4.3128e-02
dev-corpus-04,3359,236865,2.145967e-07,236865,236865,0.042868,0.042873,3.4788e-02
dev-corpus-04,3360,5225,2.175443e-07,506,506,12.847544,12.851272,2.0873e-02
dev-corpus-04,3361,3355,2.285761e-07,3355,3355,0.176410,0.176314,1.6245e-02
dev-corpus-04,3362,2425,1.604475e-09,2086,2086,2.261081,2.261208,1.3808e-02
dev-corpus-04,3363,618,1.425724e-06,236761,236761,8.403646,8.402065,1.7720e-02
dev-corpus-04,3364,1388,1.933714e-06,6185,6185,7.715753,7.713538,1.5642e-02
dev-corpus-04,3365,618,5.808814e-07,236761,236761,3.236452,3.231586,1.9684e-02
dev-corpus-04,3366,506,1.331125e-06,506,506,0.643399,0.644033,3.0148e-02
dev-corpus-04,3367,1237,2.933545e-06,886,886,8.168238,8.167174,3.0852e-02
dev-corpus-04,3368,9299,3.325609e-06,9299,9299,1.232187,1.234008,1.9980e-02
dev-corpus-04,3369,9176,2.584250e-06,236761,236761,2.029933,2.029721,1.9927e-02
dev-corpus-04,3370,236761,2.642436e-08,236761,236761,0.058195,0.058195,1.3908e-02
dev-corpus-04,3371,107,1.049663e-08,107,107,0.039115,0.039142,2.0050e-02
dev-corpus-04,3372,144,3.079488e-09,144,144,0.000577,0.000578,1.9957e-02
dev-corpus-04,3373,1508,9.270518e-07,1508,1508,0.401958,0.402779,2.2330e-02
dev-corpus-04,3374,236761,7.409588e-08,236761,236761,0.026263,0.026326,1.6560e-02
dev-corpus-04,3375,5088,1.115685e-08,5088,5088,0.001620,0.001619,2.8785e-02
dev-corpus-04,3376,236779,4.043532e-08,2086,2086,3.952519,3.950514,2.8935e-02
dev-corpus-04,3377,2086,6.923472e-10,2086,2086,0.000185,0.000185,1.3486e-02
dev-corpus-04,3378,578,3.987569e-09,578,578,0.001553,0.001549,1.5700e-02
dev-corpus-04,3379,3355,3.016666e-07,3355,3355,0.024234,0.024333,1.8836e-02
dev-corpus-04,3380,2086,7.875669e-11,2086,2086,0.000022,0.000022,1.8972e-02
dev-corpus-04,3381,108,3.941012e-07,108,108,0.310372,0.310847,1.9315e-02
dev-corpus-04,3382,144,9.404725e-08,144,144,0.178249,0.178074,2.1805e-02
dev-corpus-04,3383,2478,2.015254e-07,1508,1508,10.523945,10.519991,1.6844e-02
dev-corpus-04,3384,578,4.730221e-07,236779,236779,1.969078,1.966705,1.9680e-02
dev-corpus-04,3385,2307,1.017197e-05,23219,23219,1.767035,1.758864,7.1705e-02
dev-corpus-04,3386,236761,2.098450e-06,236761,236761,0.323555,0.322348,1.9246e-02
dev-corpus-04,3387,236752,2.048752e-06,18016,18016,1.699797,1.703960,2.2348e-02
dev-corpus-04,3388,4017,1.583412e-08,4017,4017,0.002099,0.002095,1.9866e-02
dev-corpus-04,3389,236769,3.771603e-10,236769,236769,0.000320,0.000320,1.7863e-02
dev-corpus-04,3390,5088,1.464187e-07,5088,5088,0.239362,0.239563,2.0106e-02
dev-corpus-04,3391,2086,1.670702e-10,2086,2086,0.004974,0.004975,3.0627e-02
dev-corpus-04,3392,236764,5.468042e-08,236764,236764,0.014142,0.014144,3.3646e-02
dev-corpus-04,3393,518,1.353384e-09,518,518,0.000148,0.000149,2.4723e-02
dev-corpus-04,3394,39957,6.720921e-09,39957,39957,0.000183,0.000185,2.0342e-02
dev-corpus-04,3395,236771,1.326665e-07,236771,236771,0.286903,0.286606,1.9294e-02
dev-corpus-04,3396,1606,1.764293e-08,1606,1606,0.001944,0.001949,2.4883e-02
dev-corpus-04,3397,107,3.839559e-07,108,108,1.054526,1.053517,1.9512e-02
dev-corpus-04,3398,144,1.961243e-07,144,144,0.106516,0.106712,1.7524e-02
dev-corpus-04,3399,1508,2.905964e-07,1508,1508,0.092345,0.092538,1.5245e-02
dev-corpus-04,3400,4917,2.845586e-07,4917,4917,0.014732,0.014824,2.0949e-02
dev-corpus-04,3401,6499,7.897436e-06,2478,2478,1.707937,1.714256,2.9887e-02
dev-corpus-04,3402,236761,7.910272e-08,236761,236761,0.010827,0.010798,2.1883e-02
dev-corpus-04,3403,6010,2.496631e-06,6010,6010,0.032727,0.033130,1.9731e-02
dev-corpus-04,3404,236769,4.136134e-10,236769,236769,0.000067,0.000067,2.4898e-02
dev-corpus-04,3405,2478,2.280290e-08,2478,2478,0.003463,0.003455,2.5631e-02
dev-corpus-04,3406,236761,8.661268e-09,236768,236768,7.264994,7.262316,2.3482e-02
dev-corpus-04,3407,20905,2.278228e-08,236752,236752,16.170914,16.167478,1.9837e-02
dev-corpus-04,3408,236769,2.026766e-09,236769,236769,0.000561,0.000562,1.9841e-02
dev-corpus-04,3409,3849,4.830419e-06,9336,9336,12.704113,12.702587,2.6439e-02
dev-corpus-04,3410,236779,2.564980e-06,236784,236784,2.738125,2.744379,2.0675e-02
dev-corpus-04,3411,236810,1.203084e-06,5127,5127,13.665291,13.667029,2.5461e-02
dev-corpus-04,3412,236780,3.581032e-06,1223,1223,14.685071,14.677356,2.1611e-02
dev-corpus-04,3413,1223,8.865188e-06,1223,1223,0.443954,0.446847,2.5223e-02
dev-corpus-04,3414,107,2.063796e-07,107,107,0.098271,0.098469,1.4648e-02
dev-corpus-04,3415,144,1.329432e-09,144,144,0.000988,0.000987,1.5950e-02
dev-corpus-04,3416,1508,7.690483e-09,1508,1508,0.005934,0.005937,1.5589e-02
dev-corpus-04,3417,4917,2.745042e-09,4917,4917,0.000876,0.000878,2.0864e-02
dev-corpus-04,3418,3859,6.262150e-07,3859,3859,0.040533,0.040307,1.6620e-02
dev-corpus-04,3419,236761,1.143222e-10,236761,236761,0.000067,0.000066,1.3933e-02
dev-corpus-04,3420,6010,4.793780e-09,6010,6010,0.000267,0.000269,2.3950e-02
dev-corpus-04,3421,236769,2.852529e-10,236769,236769,0.000064,0.000064,2.2713e-02
dev-corpus-04,3422,2478,4.070471e-07,2478,2478,0.008706,0.008639,2.9300e-02
dev-corpus-04,3423,236761,1.096904e-08,236761,236761,0.001019,0.001015,2.1152e-02
dev-corpus-04,3424,20905,3.158185e-09,20905,20905,0.001203,0.001205,1.7373e-02
dev-corpus-04,3425,236769,3.934020e-12,236769,236769,0.000000,0.000000,1.3937e-02
dev-corpus-04,3426,3849,7.114021e-12,3849,3849,0.000001,0.000001,1.5957e-02
dev-corpus-04,3427,236779,6.921215e-12,236779,236779,0.000002,0.000002,1.3590e-02
dev-corpus-04,3428,236800,1.295689e-10,236810,236810,13.837434,13.835168,1.2882e-02
dev-corpus-04,3429,236825,2.401610e-06,236780,236780,6.082960,6.084234,1.4369e-02
dev-corpus-04,3430,1223,9.609786e-09,1223,1223,0.001317,0.001322,2.0285e-02
dev-corpus-04,3431,107,3.541190e-07,108,108,1.720916,1.722222,1.7163e-02
dev-corpus-04,3432,144,2.298518e-07,2717,2717,1.200707,1.201198,1.8804e-02
dev-corpus-04,3433,584,3.298135e-07,1508,1508,7.051100,7.052461,1.5106e-02
dev-corpus-04,3434,11683,2.694126e-07,1265,1265,13.672938,13.668679,2.1318e-02
dev-corpus-04,3435,563,8.789571e-08,563,563,0.373979,0.373761,1.5943e-02
dev-corpus-04,3436,711,4.643044e-07,711,711,0.036730,0.036915,1.9405e-02
dev-corpus-04,3437,5450,7.430101e-10,5450,5450,0.000196,0.000196,1.9011e-02
dev-corpus-04,3438,236787,6.813092e-09,236787,236787,0.002553,0.002558,1.6716e-02
dev-corpus-04,3439,107,1.248368e-10,107,107,0.000130,0.000130,1.5936e-02
dev-corpus-04,3440,148,2.558523e-09,148,148,0.000656,0.000658,1.3744e-02
dev-corpus-04,3441,1508,5.565460e-08,1508,1508,0.016494,0.016467,2.2062e-02
dev-corpus-04,3442,236761,7.639615e-08,4917,4917,4.429348,4.432895,2.1268e-02
dev-corpus-04,3443,6010,8.053957e-07,8466,8466,3.701441,3.696054,2.6429e-02
dev-corpus-04,3444,236769,3.977982e-08,236769,236769,0.001163,0.001154,2.9505e-02
dev-corpus-04,3445,8466,1.155038e-09,8466,8466,0.000569,0.000569,2.1161e-02
dev-corpus-04,3446,236768,2.670679e-08,236768,236768,0.011839,0.011833,1.2921e-02
dev-corpus-04,3447,108,5.894280e-08,108,108,0.584682,0.584852,2.3657e-02
dev-corpus-04,3448,140,1.840014e-06,140,140,0.441204,0.442366,2.3228e-02
dev-corpus-04,3449,236940,3.521713e-07,236865,236865,5.812532,5.814209,1.5500e-02
dev-corpus-04,3450,12363,1.607968e-06,12363,12363,0.071831,0.072295,2.2434e-02
dev-corpus-04,3451,107,2.295974e-10,107,107,0.000051,0.000051,1.8586e-02
dev-corpus-04,3452,140,7.383291e-09,140,140,0.000764,0.000761,1.4309e-02
dev-corpus-04,3453,2063,9.167507e-07,2063,2063,0.003114,0.003187,3.0026e-02
dev-corpus-04,3454,1463,2.019782e-06,23219,23219,7.242011,7.242561,3.1479e-02
dev-corpus-04,3455,236769,1.533639e-10,236769,236769,0.000206,0.000206,1.3908e-02
dev-corpus-04,3456,1508,5.040163e-11,1508,1508,0.000019,0.000019,1.5271e-02
dev-corpus-04,3457,1473,7.041551e-10,1473,1473,0.000828,0.000829,2.2116e-02
dev-corpus-04,3458,107,5.474536e-09,107,107,0.000336,0.000335,2.1265e-02
dev-corpus-04,3459,144,7.093176e-10,144,144,0.000177,0.000177,1.6919e-02
dev-corpus-04,3460,584,8.702271e-09,2060,2060,5.604828,5.604687,1.6916e-02
dev-corpus-04,3461,1265,1.148540e-07,1265,1265,0.117960,0.117849,1.7490e-02
dev-corpus-04,3462,4917,6.137351e-09,4917,4917,0.011666,0.011656,1.5156e-02
dev-corpus-04,3463,8951,2.554644e-06,8951,8951,0.910208,0.907858,2.8850e-02
dev-corpus-04,3464,552,2.828717e-12,552,552,0.000001,0.000001,1.3268e-02
dev-corpus-04,3465,236787,1.803849e-08,236787,236787,0.062805,0.062851,1.7131e-02
dev-corpus-04,3466,107,1.598054e-09,107,107,0.001509,0.001511,1.6000e-02
dev-corpus-04,3467,148,1.313940e-09,148,148,0.000201,0.000202,1.8026e-02
dev-corpus-04,3468,2060,2.014014e-09,2060,2060,0.002043,0.002042,1.3506e-02
dev-corpus-04,3469,1265,2.815041e-08,517,517,3.010658,3.010910,1.7027e-02
dev-corpus-04,3470,4917,1.242776e-08,4917,4917,0.012307,0.012290,1.9491e-02
dev-corpus-04,3471,8951,3.670093e-08,8951,8951,0.025518,0.025530,2.3632e-02
dev-corpus-04,3472,552,6.118897e-11,552,552,0.000026,0.000026,1.0757e-02
dev-corpus-04,3473,236761,3.838577e-08,107,107,4.630978,4.631471,1.5684e-02
dev-corpus-04,3474,1201,1.125884e-08,1201,1201,0.003430,0.003427,1.9072e-02
dev-corpus-04,3475,107,1.042383e-08,107,107,0.008575,0.008576,1.4187e-02
dev-corpus-04,3476,144,1.743355e-10,144,144,0.000086,0.000086,1.8525e-02
dev-corpus-04,3477,4454,2.398410e-06,2060,2060,6.316299,6.315231,1.6896e-02
dev-corpus-04,3478,236787,4.827597e-12,236787,236787,0.000001,0.000001,1.5543e-02
dev-corpus-04,3479,107,6.039754e-09,107,107,0.000512,0.000510,2.2014e-02
dev-corpus-04,3480,148,1.542424e-07,144,144,7.543134,7.567339,2.8253e-02
dev-corpus-04,3481,2060,1.412921e-06,2060,2060,0.092342,0.092857,2.1463e-02
dev-corpus-04,3482,517,1.603735e-07,1265,1265,2.817317,2.816132,1.9219e-02
dev-corpus-04,3483,236775,1.888301e-06,27658,27658,1.086644,1.084662,1.5557e-02
dev-corpus-04,3484,8951,3.841327e-07,42025,42025,3.718132,3.713423,2.6472e-02
dev-corpus-04,3485,552,1.221999e-09,552,552,0.000057,0.000057,1.4534e-02
dev-corpus-04,3486,82988,8.698852e-07,82988,82988,0.275075,0.274349,2.0882e-02
dev-corpus-04,3487,1508,6.908786e-08,1508,1508,0.007711,0.007736,1.8486e-02
dev-corpus-04,3488,4917,2.838021e-09,236761,236761,1.130493,1.130509,1.9348e-02
dev-corpus-04,3489,3859,1.265316e-06,106327,106327,1.884709,1.883065,1.9112e-02
dev-corpus-04,3490,236761,3.312173e-08,236761,236761,0.004195,0.004206,1.6832e-02
dev-corpus-04,3491,1201,3.366890e-07,1201,1201,0.010555,0.010472,2.3507e-02
dev-corpus-04,3492,10623,1.171840e-07,10623,10623,0.014111,0.014058,1.8507e-02
dev-corpus-04,3493,108,4.070907e-07,108,108,0.101413,0.101677,3.1217e-02
dev-corpus-04,3494,140,6.547417e-07,140,140,0.037964,0.038186,2.0898e-02
dev-corpus-04,3495,2063,2.529846e-07,236940,236940,1.777899,1.778443,1.4877e-02
dev-corpus-04,3496,4610,4.462154e-06,668,668,3.291684,3.290461,2.4380e-02
dev-corpus-04,3497,236769,2.418653e-09,236769,236769,0.000280,0.000279,1.9784e-02
dev-corpus-04,3498,1508,2.608422e-11,1508,1508,0.000003,0.000003,1.7410e-02
dev-corpus-04,3499,236764,1.396502e-11,236764,236764,0.000003,0.000003,2.3932e-02
dev-corpus-04,3500,11683,5.308676e-08,11683,11683,0.212457,0.212596,3.6367e-02
dev-corpus-04,3501,1473,7.887816e-08,1473,1473,0.005651,0.005635,2.3024e-02
dev-corpus-04,3502,107,7.286204e-11,107,107,0.000104,0.000104,1.5821e-02
dev-corpus-04,3503,144,2.666450e-09,144,144,0.000326,0.000327,2.1615e-02
dev-corpus-04,3504,12234,2.106612e-07,584,584,5.517124,5.520244,1.5943e-02
dev-corpus-04,3505,28923,1.350836e-06,107,107,6.098128,6.109306,2.1583e-02
dev-corpus-04,3506,1262,9.139157e-07,1262,1262,0.144517,0.144929,1.6054e-02
dev-corpus-04,3507,699,3.982712e-07,1131,1131,13.673764,13.679770,1.8075e-02
dev-corpus-04,3508,11683,3.072413e-06,11683,11683,0.208420,0.207304,2.4784e-02
dev-corpus-04,3509,1131,4.930903e-07,1131,1131,0.184502,0.184132,1.2403e-02
dev-corpus-04,3510,672,2.103977e-08,506,506,3.995380,3.994784,1.4353e-02
dev-corpus-04,3511,214135,7.366665e-07,208596,208596,5.466236,5.465237,1.7602e-02
dev-corpus-04,3512,2495,7.626220e-08,2495,2495,0.043212,0.043190,9.1982e-03
dev-corpus-04,3513,29738,1.856203e-07,29738,29738,0.050768,0.050898,1.1970e-02
dev-corpus-04,3514,107,3.833455e-10,107,107,0.000218,0.000217,1.6191e-02
dev-corpus-04,3515,144,1.488908e-09,144,144,0.000130,0.000130,1.9666e-02
dev-corpus-04,3516,4393,8.914920e-08,584,584,19.680645,19.677738,1.7535e-02
dev-corpus-04,3517,578,3.274867e-06,578,578,0.420120,0.421381,1.7034e-02
dev-corpus-04,3518,1265,8.351633e-09,1265,1265,0.015270,0.015276,1.5619e-02
dev-corpus-04,3519,4917,1.074295e-06,4917,4917,0.087760,0.088156,2.4394e-02
dev-corpus-04,3520,8951,2.154269e-06,6499,6499,3.816352,3.816760,1.5632e-02
dev-corpus-04,3521,552,4.153880e-11,552,552,0.000008,0.000008,1.1630e-02
dev-corpus-04,3522,653,1.073136e-06,107,107,6.187780,6.180381,1.9346e-02
dev-corpus-04,3523,1265,5.800245e-08,1265,1265,0.009027,0.009055,2.1966e-02
dev-corpus-04,3524,4917,1.279478e-06,107,107,1.465043,1.462375,1.8786e-02
dev-corpus-04,3525,3859,4.503772e-06,3859,3859,0.483635,0.485686,4.6960e-02
dev-corpus-04,3526,107,6.131841e-08,107,107,0.024091,0.024137,1.3000e-02
dev-corpus-04,3527,144,1.107783e-11,144,144,0.000011,0.000011,8.0359e-03
dev-corpus-04,3528,4393,9.001673e-08,4393,4393,0.088405,0.088312,1.9759e-02
dev-corpus-04,3529,236761,2.865302e-11,236761,236761,0.000005,0.000005,1.9348e-02
dev-corpus-04,3530,6010,2.584204e-12,6010,6010,0.000000,0.000000,1.6093e-02
dev-corpus-04,3531,236769,7.443877e-11,236769,236769,0.000006,0.000006,1.5267e-02
dev-corpus-04,3532,8466,5.577592e-10,8466,8466,0.000214,0.000214,1.5360e-02
dev-corpus-04,3533,236768,1.276372e-09,236768,236768,0.000575,0.000574,2.1570e-02
dev-corpus-04,3534,108,8.641015e-08,108,108,0.038821,0.038744,1.7270e-02
dev-corpus-04,3535,140,1.779486e-07,140,140,0.048356,0.048227,2.1536e-02
dev-corpus-04,3536,2063,1.029792e-07,2063,2063,0.113313,0.113468,1.7290e-02
dev-corpus-04,3537,4865,3.590034e-06,23219,23219,5.690446,5.692529,1.9792e-02
dev-corpus-04,3538,236769,4.872207e-09,236769,236769,0.003255,0.003249,2.0192e-02
dev-corpus-04,3539,1508,7.231146e-11,1508,1508,0.000004,0.000004,1.4990e-02
dev-corpus-04,3540,1473,3.299900e-08,1473,1473,0.008189,0.008166,1.6040e-02
dev-corpus-04,3541,107,1.807762e-11,107,107,0.000017,0.000017,1.2317e-02
dev-corpus-04,3542,144,3.219106e-10,144,144,0.000107,0.000107,1.3318e-02
dev-corpus-04,3543,12234,1.167993e-07,12234,12234,0.020667,0.020607,2.2675e-02
dev-corpus-04,3544,13293,6.065151e-07,13293,13293,0.284477,0.283881,1.2406e-02
dev-corpus-04,3545,496,3.817938e-09,496,496,0.025894,0.025881,6.8254e-03
dev-corpus-04,3546,7732,9.520816e-08,4865,4865,12.069482,12.071730,1.0711e-02
dev-corpus-04,3547,4865,6.944741e-08,4865,4865,0.130537,0.130523,8.3761e-03
dev-corpus-04,3548,529,1.055226e-09,529,529,0.002124,0.002125,7.8321e-03
dev-corpus-04,3549,672,3.125808e-07,672,672,0.048968,0.049143,7.7853e-03
dev-corpus-04,3550,214135,2.038397e-06,2495,2495,1.369181,1.366029,2.0993e-02
dev-corpus-04,3551,2495,3.933293e-10,2495,2495,0.000472,0.000472,9.3765e-03
dev-corpus-04,3552,236761,1.008962e-08,29738,29738,6.831807,6.829882,1.3154e-02
dev-corpus-04,3553,108,9.461836e-07,107,107,4.993809,4.992285,1.6905e-02
dev-corpus-04,3554,144,1.223652e-09,144,144,0.000233,0.000233,1.7095e-02
dev-corpus-04,3555,2267,2.551871e-07,2094,2094,8.263235,8.260173,1.2376e-02
dev-corpus-04,3556,4610,1.266038e-06,208596,208596,8.167743,8.164222,1.7112e-02
dev-corpus-04,3557,531,5.425571e-07,531,531,0.423481,0.423781,1.3111e-02
dev-corpus-04,3558,672,5.819420e-08,506,506,4.037351,4.035958,1.0078e-02
dev-corpus-04,3559,4865,1.804215e-08,4865,4865,0.350322,0.350380,1.2692e-02
dev-corpus-04,3560,2810,5.190824e-07,795,795,4.985861,4.988503,9.7775e-03
dev-corpus-04,3561,236789,1.978964e-09,236789,236789,0.000602,0.000600,1.2077e-02
dev-corpus-04,3562,236745,6.597978e-12,236745,236745,0.000001,0.000001,1.4477e-02
dev-corpus-04,3563,4208,4.137908e-09,4208,4208,0.001504,0.001507,9.6025e-03
dev-corpus-04,3564,506,2.234414e-07,506,506,0.418403,0.418883,1.0486e-02
dev-corpus-04,3565,3303,3.042207e-08,3303,3303,0.008698,0.008713,1.3215e-02
dev-corpus-04,3566,2495,5.309289e-07,236761,236761,1.208860,1.209317,1.4752e-02
dev-corpus-04,3567,236761,8.618151e-08,236761,236761,0.437639,0.437343,1.3416e-02
dev-corpus-04,3568,107,2.533892e-09,107,107,0.017740,0.017739,3.4368e-02
dev-corpus-04,3569,144,7.969867e-11,144,144,0.000059,0.000059,2.4791e-02
dev-corpus-04,3570,12234,1.401317e-09,12234,12234,0.000547,0.000548,1.6537e-02
dev-corpus-04,3571,107,2.036991e-11,107,107,0.000009,0.000009,1.6020e-02
dev-corpus-04,3572,144,5.918850e-11,144,144,0.000045,0.000045,1.1228e-02
dev-corpus-04,3573,236865,1.939901e-07,2060,2060,2.103861,2.104178,1.3295e-02
dev-corpus-04,3574,9861,4.521805e-06,1174,1174,8.787575,8.791165,2.4197e-02
dev-corpus-04,3575,5062,3.071093e-07,506,506,3.534410,3.534554,1.7670e-02
dev-corpus-04,3576,1951,1.607122e-06,2949,2949,2.131766,2.126922,1.0893e-02
dev-corpus-04,3577,1269,3.518829e-10,1269,1269,0.000295,0.000295,1.1920e-02
dev-corpus-04,3578,5467,1.292802e-07,531,531,4.794187,4.794022,1.0099e-02
dev-corpus-04,3579,531,3.155524e-08,531,531,0.068057,0.068053,7.6640e-03
dev-corpus-04,3580,5571,7.363934e-07,37608,37608,1.581518,1.581702,1.3265e-02
dev-corpus-04,3581,506,1.329560e-06,11687,11687,4.641543,4.640326,1.4251e-02
dev-corpus-04,3582,11162,1.438352e-05,5062,5062,9.604505,9.609752,3.8109e-02
dev-corpus-04,3583,5062,7.541441e-07,46723,46723,2.597356,2.598770,3.0066e-02
dev-corpus-05,3584,107,2.060861e-05,236858,236858,12.910968,12.888898,4.1563e-02
dev-corpus-05,3585,98,1.283471e-05,9731,9731,16.071222,16.080141,4.5834e-02
dev-corpus-05,3586,107,3.863680e-05,100,100,10.145204,10.146333,3.7383e-02
dev-corpus-05,3587,106,7.636673e-05,100,100,10.332727,10.337880,5.4975e-02
dev-corpus-05,3588,107,1.764667e-04,14585,14585,9.259858,9.253633,1.0042e-01
dev-corpus-05,3589,105,9.082920e-06,140,140,20.202100,20.207410,6.9944e-02
dev-corpus-05,3590,2364,8.688416e-07,198,198,30.078230,30.004503,2.0507e-01
dev-corpus-05,3591,107,1.566612e-04,3004,42168,13.152595,13.156137,8.7100e-02
dev-corpus-05,3592,82858,1.842417e-05,100,100,19.511614,19.529289,5.5085e-02
dev-corpus-05,3593,496,2.492307e-06,506,506,3.261577,3.260031,4.3382e-02
dev-corpus-05,3594,54817,1.403142e-06,8317,8317,13.427106,13.428323,1.8099e-02
dev-corpus-05,3595,8317,6.419907e-07,5371,5371,3.365010,3.365652,1.8985e-02
dev-corpus-05,3596,529,2.582944e-06,528,528,7.838895,7.838008,2.7071e-02
dev-corpus-05,3597,496,2.116094e-06,496,496,0.462812,0.461694,2.1270e-02
dev-corpus-05,3598,199559,3.433995e-06,2872,2872,9.752618,9.739457,3.0834e-02
dev-corpus-05,3599,236764,3.125411e-06,6514,6514,12.666757,12.663565,3.1343e-02
dev-corpus-05,3600,51837,4.071943e-06,6927,6927,2.175718,2.173772,3.4869e-02
dev-corpus-05,3601,236764,2.321978e-06,6514,6514,4.035942,4.037063,2.6199e-02
dev-corpus-05,3602,27045,4.488307e-06,6514,6514,11.947893,11.940511,2.9494e-02
dev-corpus-05,3603,3316,2.732085e-07,3316,3316,0.044643,0.044611,2.6343e-02
dev-corpus-05,3604,22658,1.691089e-06,22658,22658,1.648339,1.648631,2.4261e-02
dev-corpus-05,3605,529,3.888538e-07,236761,236761,8.168212,8.170473,2.4172e-02
dev-corpus-05,3606,80814,2.750478e-06,1331,1331,10.153930,10.149072,3.0377e-02
dev-corpus-05,3607,532,5.983308e-08,9732,9732,16.027856,16.023284,2.4254e-02
dev-corpus-05,3608,72211,8.086559e-07,72211,72211,0.334890,0.334289,2.3554e-02
dev-corpus-05,3609,7010,2.271598e-07,9732,9732,2.112375,2.113490,2.6354e-02
dev-corpus-05,3610,24048,2.482667e-07,236761,236761,12.650134,12.646354,2.3274e-02
dev-corpus-05,3611,506,2.868031e-06,496,496,2.444165,2.442999,2.5223e-02
dev-corpus-05,3612,36757,4.074008e-06,26334,26334,13.218916,13.224481,3.5688e-02
dev-corpus-05,3613,7492,6.287678e-07,4135,4135,1.998191,1.997758,2.2009e-02
dev-corpus-05,3614,529,3.750511e-07,529,529,0.784437,0.784458,2.0084e-02
dev-corpus-05,3615,23755,1.605336e-06,614,614,7.675208,7.676765,2.5663e-02
dev-corpus-05,3616,12512,1.251940e-06,12498,12498,2.372466,2.374706,2.0432e-02
dev-corpus-05,3617,236761,5.300840e-07,236761,236761,0.217411,0.217577,2.2498e-02
dev-corpus-05,3618,106,7.295300e-07,108,108,6.534866,6.538545,4.0051e-02
dev-corpus-05,3619,107,1.477650e-05,100,100,17.464537,17.463218,5.6034e-02
dev-corpus-05,3620,105,1.597821e-05,100,100,18.736903,18.726420,4.2079e-02
dev-corpus-05,3621,4368,3.698335e-05,7243,7243,25.993161,25.960124,8.0853e-02
dev-corpus-05,3622,107,1.146878e-07,100,100,11.597520,11.589658,4.4188e-02
dev-corpus-05,3623,902,1.548201e-09,100,100,13.393728,13.395514,3.1360e-02
dev-corpus-05,3624,496,8.026977e-09,506,506,4.062868,4.063340,1.4768e-02
dev-corpus-05,3625,217516,6.490274e-07,144735,144735,8.853139,8.855434,1.7234e-02
dev-corpus-05,3626,10035,9.112979e-08,10035,10035,0.039648,0.039723,1.7016e-02
dev-corpus-05,3627,236764,7.049807e-07,236764,236764,0.993501,0.994418,1.8581e-02
dev-corpus-05,3628,51837,7.346997e-07,144735,144735,12.067210,12.063493,2.0463e-02
dev-corpus-05,3629,16971,1.324405e-06,144735,144735,7.905905,7.909224,2.2629e-02
dev-corpus-05,3630,2978,2.279505e-06,18782,18782,10.992607,10.984311,1.6026e-02
dev-corpus-05,3631,607,4.704787e-07,236764,236764,11.117678,11.115636,1.6056e-02
dev-corpus-05,3632,496,1.480931e-06,11595,11595,5.428033,5.429774,2.2212e-02
dev-corpus-05,3633,12625,3.249353e-06,39372,39372,6.924162,6.924994,2.2520e-02
dev-corpus-05,3634,2633,3.104349e-07,6413,6413,15.306798,15.308016,2.0041e-02
dev-corpus-05,3635,528,1.056201e-06,204849,204849,5.776794,5.782364,1.5825e-02
dev-corpus-05,3636,506,2.647832e-08,506,506,0.261380,0.261504,1.5721e-02
dev-corpus-05,3637,3988,2.593867e-09,3988,3988,0.004034,0.004037,1.2714e-02
dev-corpus-05,3638,236764,2.574959e-08,236764,236764,0.025524,0.025492,1.4412e-02
dev-corpus-05,3639,496,2.489945e-07,506,506,0.811463,0.811374,2.2216e-02
dev-corpus-05,3640,2299,8.089585e-07,22658,22658,4.007390,4.004770,2.6309e-02
dev-corpus-05,3641,529,6.336502e-09,529,529,0.002364,0.002361,1.3028e-02
dev-corpus-05,3642,72211,1.890821e-06,9732,9732,3.540165,3.537730,2.7372e-02
dev-corpus-05,3643,7010,4.245997e-07,532,532,3.374481,3.370167,1.5432e-02
dev-corpus-05,3644,9922,2.643383e-07,21508,21508,13.344616,13.344676,1.3880e-02
dev-corpus-05,3645,101618,7.177108e-07,7274,7274,4.274288,4.275670,2.5406e-02
dev-corpus-05,3646,607,4.088483e-07,529,529,7.640384,7.636091,2.6660e-02
dev-corpus-05,3647,506,2.118368e-06,52996,52996,3.241009,3.237692,2.5088e-02
dev-corpus-05,3648,1494,2.427715e-06,143091,143091,5.789903,5.786186,2.4483e-02
dev-corpus-05,3649,14744,8.740499e-07,138361,138361,15.211332,15.207585,1.8890e-02
dev-corpus-05,3650,3295,3.754376e-07,143091,143091,6.925603,6.923395,2.2856e-02
dev-corpus-05,3651,659,4.730684e-06,236789,236789,6.516670,6.514106,2.5005e-02
dev-corpus-05,3652,8101,5.224055e-07,21508,21508,7.679961,7.682713,2.3782e-02
dev-corpus-05,3653,2101,3.009139e-06,236764,236764,1.950008,1.950157,3.0536e-02
dev-corpus-05,3654,496,6.353523e-07,625,625,2.112191,2.111488,1.9895e-02
dev-corpus-05,3655,2455,9.263744e-07,39622,39622,6.108545,6.108186,2.6100e-02
dev-corpus-05,3656,16971,7.077438e-07,236764,236764,6.538139,6.540222,2.3571e-02
dev-corpus-05,3657,2633,6.350189e-06,93617,93617,3.266575,3.271620,2.7441e-02
dev-corpus-05,3658,580,1.516739e-06,236761,236761,9.263812,9.262039,1.9963e-02
dev-corpus-05,3659,614,2.772773e-07,837,837,4.474400,4.474707,1.9655e-02
dev-corpus-05,3660,23464,3.169201e-06,226956,226956,1.538414,1.540899,4.2897e-02
dev-corpus-05,3661,5058,8.695176e-08,5058,5058,0.528015,0.528223,1.5160e-02
dev-corpus-05,3662,177689,3.505180e-07,236761,236761,14.657770,14.655026,1.7683e-02
dev-corpus-05,3663,236761,8.949727e-07,607,607,3.701573,3.703889,1.6211e-02
dev-corpus-05,3664,669,1.872759e-07,669,669,0.109910,0.109964,1.8612e-02
dev-corpus-05,3665,3295,7.821385e-07,2634,2634,6.756809,6.752321,2.5953e-02
dev-corpus-05,3666,659,4.450863e-07,659,659,0.776956,0.777725,1.7941e-02
dev-corpus-05,3667,9922,1.753781e-06,784,784,3.316459,3.313325,2.4537e-02
dev-corpus-05,3668,80814,7.047267e-07,3572,3572,5.802335,5.804235,2.2967e-02
dev-corpus-05,3669,40898,2.547087e-06,40898,40898,1.316263,1.314048,2.4887e-02
dev-corpus-05,3670,5896,4.505954e-10,5896,5896,0.000078,0.000078,1.4874e-02
dev-corpus-05,3671,532,3.284745e-06,600,600,1.466188,1.469192,2.3793e-02
dev-corpus-05,3672,3572,5.791056e-07,52996,52996,2.041180,2.041541,2.6042e-02
dev-corpus-05,3673,23966,3.970175e-07,52996,52996,1.230968,1.231478,2.3060e-02
dev-corpus-05,3674,236764,3.304842e-07,236764,236764,1.137240,1.137121,1.3551e-02
dev-corpus-05,3675,1288,5.961240e-07,26175,26175,10.399621,10.399044,2.1869e-02
dev-corpus-05,3676,618,3.771400e-09,618,618,0.001502,0.001504,1.2749e-02
dev-corpus-05,3677,29222,1.086181e-06,49257,49257,3.830600,3.831344,3.4644e-02
dev-corpus-05,3678,23966,9.434708e-07,23966,23966,0.435009,0.435393,2.1901e-02
dev-corpus-05,3679,236764,5.246354e-08,532,532,0.986753,0.986756,1.2755e-02
dev-corpus-05,3680,85043,1.268966e-06,16085,16085,17.493274,17.514186,3.7172e-02
dev-corpus-05,3681,2253,4.212189e-08,2253,2253,0.049586,0.049556,2.8833e-02
dev-corpus-05,3682,23966,1.165594e-07,23966,23966,0.042874,0.042827,1.9409e-02
dev-corpus-05,3683,236764,6.127933e-08,236764,236764,0.018187,0.018213,1.5013e-02
dev-corpus-05,3684,532,3.815732e-08,532,532,0.033328,0.033280,1.4555e-02
dev-corpus-05,3685,5398,2.153621e-06,16085,16085,14.091153,14.083447,3.1325e-02
dev-corpus-05,3686,23966,3.171891e-08,23966,23966,0.038134,0.038150,2.5699e-02
dev-corpus-05,3687,236761,1.935087e-07,236764,236764,1.245384,1.244594,1.4348e-02
dev-corpus-05,3688,669,3.964679e-07,669,669,0.258757,0.259060,2.0494e-02
dev-corpus-05,3689,11661,3.482450e-07,2634,2634,1.257564,1.257639,2.7760e-02
dev-corpus-05,3690,563,2.536895e-08,563,563,0.015764,0.015770,1.1458e-02
dev-corpus-05,3691,34640,2.194256e-07,7497,7497,30.342115,30.336334,1.5915e-02
dev-corpus-05,3692,532,1.436885e-08,532,532,0.308517,0.308571,1.5013e-02
dev-corpus-05,3693,54817,1.472148e-06,7274,7274,4.124789,4.123607,2.1822e-02
dev-corpus-05,3694,618,9.293138e-08,236764,236764,7.282248,7.273977,1.5060e-02
dev-corpus-05,3695,506,4.747218e-08,901,901,1.903992,1.904223,2.0521e-02
dev-corpus-05,3696,14744,1.909877e-06,8699,8699,5.535572,5.536279,3.7460e-02
dev-corpus-05,3697,3295,5.098513e-07,3295,3295,0.636177,0.635392,1.7610e-02
dev-corpus-05,3698,2080,5.963656e-07,3249,3249,9.692523,9.693493,1.9466e-02
dev-corpus-05,3699,506,4.572215e-08,496,496,1.073906,1.073714,1.4609e-02
dev-corpus-05,3700,8699,3.715737e-08,8699,8699,0.045066,0.045049,1.5764e-02
dev-corpus-05,3701,236761,2.380556e-06,236761,236761,0.921425,0.923371,1.8121e-02
dev-corpus-05,3702,2640,5.659724e-08,108,108,9.703660,9.698459,1.3475e-02
dev-corpus-05,3703,506,1.231689e-07,506,506,0.032442,0.032526,1.8736e-02
dev-corpus-05,3704,2228,4.895952e-07,2228,2228,0.778285,0.777686,1.9877e-02
dev-corpus-05,3705,529,3.863941e-09,529,529,0.002029,0.002032,1.8078e-02
dev-corpus-05,3706,506,5.132382e-09,506,506,0.000820,0.000817,1.2717e-02
dev-corpus-05,3707,2633,1.799718e-06,2633,2633,0.436130,0.434881,1.6673e-02
dev-corpus-05,3708,236764,5.553459e-08,236764,236764,0.073261,0.073173,1.3297e-02
dev-corpus-05,3709,496,2.042094e-07,496,496,0.364591,0.364661,1.5298e-02
dev-corpus-05,3710,3875,2.984172e-06,5811,5811,4.697805,4.710364,2.9732e-02
dev-corpus-05,3711,7489,3.841912e-07,528,528,6.539227,6.541140,1.4799e-02
dev-corpus-05,3712,2797,2.185462e-06,2876,2876,14.806270,14.806223,1.8518e-02
dev-corpus-05,3713,236748,4.138364e-06,713,713,13.163694,13.164697,1.8618e-02
dev-corpus-05,3714,563,1.747771e-07,236764,236764,7.683375,7.681547,2.5451e-02
dev-corpus-05,3715,8101,1.673001e-06,199,199,4.458053,4.457892,2.3480e-02
dev-corpus-05,3716,532,1.474589e-06,236764,236764,6.108998,6.104479,1.9287e-02
dev-corpus-05,3717,25963,1.764652e-06,12259,12259,1.869416,1.868022,2.4955e-02
dev-corpus-05,3718,506,1.429814e-09,506,506,0.002630,0.002631,1.5008e-02
dev-corpus-05,3719,2299,1.149228e-07,2299,2299,1.241422,1.241170,1.6978e-02
dev-corpus-05,3720,236764,3.179554e-07,236761,236761,1.252478,1.251550,1.4196e-02
dev-corpus-05,3721,1651,5.993986e-08,1116,1116,7.044782,7.040629,1.5505e-02
dev-corpus-05,3722,3131,1.713117e-06,3496,3496,1.739411,1.741550,2.2058e-02
dev-corpus-05,3723,8937,1.651642e-06,1032,1032,5.764444,5.763083,2.4200e-02
dev-corpus-05,3724,532,6.757998e-07,3295,3295,4.356890,4.358242,2.2570e-02
dev-corpus-05,3725,8256,1.032288e-09,8256,8256,0.000618,0.000618,1.7227e-02
dev-corpus-05,3726,72211,4.304427e-07,3295,3295,2.553507,2.553677,2.0103e-02
dev-corpus-05,3727,60953,3.257826e-07,9732,9732,4.208792,4.211450,2.0739e-02
dev-corpus-05,3728,10763,1.982162e-06,659,659,3.784983,3.787403,1.7298e-02
dev-corpus-05,3729,179911,1.751011e-07,179911,179911,0.306631,0.306512,1.6369e-02
dev-corpus-05,3730,236761,3.829916e-07,236761,236761,0.339810,0.340239,1.3908e-02
dev-corpus-05,3731,108,6.343754e-07,108,108,0.566670,0.567543,1.9294e-02
dev-corpus-05,3732,902,2.580618e-07,818,818,9.270767,9.270243,2.0417e-02
dev-corpus-05,3733,506,7.663014e-08,506,506,0.059164,0.059171,1.4401e-02
dev-corpus-05,3734,1695,5.820749e-06,3988,3988,3.597941,3.598194,4.0099e-02
dev-corpus-05,3735,236764,6.086946e-09,236764,236764,0.005137,0.005134,1.1069e-02
dev-corpus-05,3736,11252,1.686331e-06,93617,93617,11.430741,11.435191,2.2084e-02
dev-corpus-05,3737,529,1.465143e-09,529,529,0.001222,0.001220,1.5070e-02
dev-corpus-05,3738,1032,2.156390e-06,39622,39622,8.460787,8.468215,2.7443e-02
dev-corpus-05,3739,72211,3.929765e-07,80814,80814,1.416517,1.416481,2.1125e-02
dev-corpus-05,3740,7010,3.828475e-07,9732,9732,0.866678,0.866350,1.7281e-02
dev-corpus-05,3741,5727,8.797617e-07,659,659,8.289060,8.292853,1.6819e-02
dev-corpus-05,3742,506,3.330534e-08,506,506,0.007954,0.007960,1.9845e-02
dev-corpus-05,3743,104569,1.935726e-06,144735,144735,7.795617,7.797561,3.3567e-02
dev-corpus-05,3744,236764,2.080119e-07,236764,236764,0.218112,0.217832,1.6662e-02
dev-corpus-05,3745,8009,1.419604e-06,910,910,7.938368,7.938990,2.1122e-02
dev-corpus-05,3746,531,1.531888e-06,531,531,0.251479,0.250548,1.3944e-02
dev-corpus-05,3747,506,1.656075e-08,506,506,0.001716,0.001709,1.1677e-02
dev-corpus-05,3748,32585,7.304585e-07,5113,5113,8.625246,8.627287,2.1229e-02
dev-corpus-05,3749,11661,1.333148e-07,532,532,3.472407,3.471364,2.0564e-02
dev-corpus-05,3750,529,1.154190e-07,236761,236761,2.082452,2.082882,1.5099e-02
dev-corpus-05,3751,506,1.096140e-07,506,506,0.092456,0.092390,2.2227e-02
dev-corpus-05,3752,22658,1.123440e-06,22658,22658,0.279592,0.279811,2.6879e-02
dev-corpus-05,3753,236761,2.171575e-08,236761,236761,0.022789,0.022806,2.2233e-02
dev-corpus-05,3754,2797,3.477202e-07,669,669,6.748658,6.739901,2.3435e-02
dev-corpus-05,3755,236748,2.636959e-11,236748,236748,0.000024,0.000024,1.1269e-02
dev-corpus-05,3756,563,1.769187e-06,26266,26266,5.440552,5.442226,1.8378e-02
dev-corpus-05,3757,139839,2.135772e-06,12259,12259,6.393694,6.385969,2.3060e-02
dev-corpus-05,3758,3043,1.247312e-06,24048,24048,7.860347,7.860918,1.6708e-02
dev-corpus-05,3759,496,2.682675e-06,1116,1116,1.492270,1.488440,1.6594e-02
dev-corpus-05,3760,1523,4.684306e-07,1523,1523,0.063052,0.063216,2.1690e-02
dev-corpus-05,3761,1003,5.035105e-07,1003,1003,0.339934,0.339495,1.9180e-02
dev-corpus-05,3762,506,1.626563e-08,506,506,0.060883,0.060844,1.6039e-02
dev-corpus-05,3763,7492,8.431166e-07,36757,36757,3.462801,3.461613,2.3103e-02
dev-corpus-05,3764,38138,4.572094e-07,529,529,2.616797,2.616065,1.4659e-02
dev-corpus-05,3765,684,6.922773e-09,684,684,0.001675,0.001670,1.4673e-02
dev-corpus-05,3766,36757,4.204349e-07,506,506,4.949304,4.950675,1.8736e-02
dev-corpus-05,3767,12512,9.353234e-07,23755,23755,3.613035,3.610855,1.5221e-02
dev-corpus-05,3768,236764,6.593747e-07,236761,236761,0.782860,0.782126,2.0199e-02
dev-corpus-05,3769,1651,7.644644e-07,1116,1116,6.751805,6.739787,2.2727e-02
dev-corpus-05,3770,886,6.544734e-07,506,506,4.316336,4.319796,2.2656e-02
dev-corpus-05,3771,529,5.806247e-08,529,529,0.093511,0.093532,1.8894e-02
dev-corpus-05,3772,506,5.023932e-09,506,506,0.002574,0.002577,1.3772e-02
dev-corpus-05,3773,72211,3.717655e-06,8937,8937,2.519314,2.521227,4.9085e-02
dev-corpus-05,3774,60953,7.852320e-07,60953,60953,0.137346,0.137791,2.1379e-02
dev-corpus-05,3775,563,1.414876e-06,236764,236764,6.516417,6.510354,2.5458e-02
dev-corpus-05,3776,3472,1.407066e-06,169055,169055,11.492551,11.497553,2.1833e-02
dev-corpus-05,3777,52060,1.701100e-06,186847,186847,2.350643,2.349942,2.6257e-02
dev-corpus-05,3778,528,1.515772e-07,4448,4448,2.454886,2.453932,1.7331e-02
dev-corpus-05,3779,532,3.955535e-07,236764,236764,5.449590,5.448403,1.9800e-02
dev-corpus-05,3780,31470,1.909343e-06,186847,186847,8.842243,8.840798,3.2691e-02
dev-corpus-05,3781,4561,9.929849e-07,4561,4561,1.289943,1.289041,1.6043e-02
dev-corpus-05,3782,236761,1.206945e-07,1003,1003,2.129698,2.130129,1.6240e-02
dev-corpus-05,3783,669,3.530717e-07,669,669,0.071208,0.071379,1.9441e-02
dev-corpus-05,3784,8317,3.246351e-06,8699,8699,4.273370,4.267688,4.4743e-02
dev-corpus-05,3785,563,3.468465e-07,563,563,0.080679,0.080752,1.8264e-02
dev-corpus-05,3786,9772,1.905001e-06,155174,155174,3.868701,3.866655,2.2516e-02
dev-corpus-05,3787,607,1.444610e-09,607,607,0.000716,0.000715,1.3812e-02
dev-corpus-05,3788,16625,1.019831e-06,506,506,10.388299,10.388096,1.7517e-02
dev-corpus-05,3789,532,9.168710e-07,236764,236764,3.778457,3.774333,1.5131e-02
dev-corpus-05,3790,21543,1.843664e-06,150692,150692,13.012196,13.006290,2.5291e-02
dev-corpus-05,3791,236764,2.980831e-07,236764,236764,0.534209,0.534517,1.7803e-02
dev-corpus-05,3792,607,3.806365e-06,618,618,3.123905,3.122741,2.2638e-02
dev-corpus-05,3793,4677,1.448833e-07,506,506,4.892154,4.889012,2.2330e-02
dev-corpus-05,3794,14076,5.417324e-06,10317,10317,5.944592,5.943662,2.7248e-02
dev-corpus-05,3795,528,1.430063e-08,528,528,0.005460,0.005460,1.8940e-02
dev-corpus-05,3796,496,1.134794e-06,506,506,3.706344,3.697157,2.9186e-02
dev-corpus-05,3797,20067,4.039011e-06,6205,6205,7.322267,7.314799,3.4958e-02
dev-corpus-05,3798,8485,3.022303e-07,8699,8699,7.301272,7.302917,1.8400e-02
dev-corpus-05,3799,1003,5.419829e-07,1003,1003,0.094941,0.094683,1.5539e-02
dev-corpus-05,3800,506,8.058197e-08,506,506,0.022346,0.022378,1.6408e-02
dev-corpus-05,3801,3402,2.267302e-06,3402,3402,1.335317,1.333303,2.9016e-02
dev-corpus-05,3802,529,6.267604e-07,529,529,0.806068,0.806080,1.8779e-02
dev-corpus-05,3803,910,1.891921e-06,910,910,0.199484,0.200318,2.0113e-02
dev-corpus-05,3804,28270,1.578968e-06,7299,7299,11.646084,11.647496,2.9834e-02
dev-corpus-05,3805,532,2.038296e-06,236761,236761,3.434082,3.435485,1.9201e-02
dev-corpus-05,3806,506,1.848177e-08,506,506,0.013980,0.013996,1.6873e-02
dev-corpus-05,3807,3853,1.688717e-06,86931,86931,11.148479,11.149936,2.9200e-02
dev-corpus-05,3808,529,3.468584e-08,529,529,0.020647,0.020622,1.6379e-02
dev-corpus-05,3809,29432,2.841269e-06,910,910,9.659307,9.656735,2.3107e-02
dev-corpus-05,3810,6332,1.335011e-06,21144,21144,7.087665,7.085936,2.3077e-02
dev-corpus-05,3811,14922,5.611901e-07,2342,2342,6.180073,6.178438,1.5371e-02
dev-corpus-05,3812,4181,2.784941e-07,22351,22351,4.312859,4.309927,1.9487e-02
dev-corpus-05,3813,236761,6.331519e-08,236761,236761,0.030615,0.030607,1.5678e-02
dev-corpus-05,3814,106,1.526453e-07,108,108,4.020554,4.017270,2.3607e-02
dev-corpus-05,3815,107,6.837478e-06,7243,7243,10.279985,10.281307,4.5015e-02
dev-corpus-05,3816,105,6.571272e-06,13513,13513,21.008408,21.027907,4.9717e-02
dev-corpus-05,3817,2364,4.327649e-05,198,198,20.402288,20.381735,1.1197e-01
dev-corpus-05,3818,107,3.289563e-06,236779,236779,2.917514,2.920834,2.8850e-02
dev-corpus-05,3819,3689,1.445010e-07,100,100,13.835946,13.825460,3.6213e-02
dev-corpus-05,3820,563,6.130170e-07,3530,3530,1.662160,1.662623,1.5532e-02
dev-corpus-05,3821,496,2.301458e-07,506,506,7.880815,7.880241,2.3371e-02
dev-corpus-05,3822,82004,1.543116e-06,919,919,24.168315,24.166999,2.3714e-02
dev-corpus-05,3823,236881,1.366571e-05,198,198,4.787180,4.770924,5.3765e-02
dev-corpus-05,3824,106,5.656316e-07,108,108,5.611606,5.606640,3.5444e-02
dev-corpus-05,3825,107,1.347738e-06,199,199,23.182203,23.207694,4.0530e-02
dev-corpus-05,3826,105,5.999404e-07,100,100,20.069767,20.073828,2.3528e-02
dev-corpus-05,3827,4368,6.431750e-05,7860,7860,15.543431,15.547708,6.6465e-02
dev-corpus-05,3828,107,1.376959e-07,100,100,5.663775,5.655963,4.7750e-02
dev-corpus-05,3829,236776,9.218754e-09,100,100,3.086814,3.087200,2.1275e-02
dev-corpus-05,3830,82004,1.874454e-06,5213,5213,1.428691,1.425246,1.8475e-02
dev-corpus-05,3831,563,5.951201e-07,563,563,0.850136,0.851040,1.3214e-02
dev-corpus-05,3832,496,1.203223e-07,496,496,0.397604,0.397591,1.1767e-02
dev-corpus-05,3833,5904,4.606398e-09,5213,5213,14.245561,14.246530,1.5060e-02
dev-corpus-05,3834,573,5.584231e-07,532,532,4.250272,4.253256,1.0124e-02
dev-corpus-05,3835,3043,1.738816e-07,43887,43887,8.404321,8.403879,1.1266e-02
dev-corpus-05,3836,532,4.025135e-08,5113,5113,6.526691,6.530830,1.1151e-02
dev-corpus-05,3837,1699,6.265775e-07,15724,15724,5.505348,5.507345,1.1666e-02
dev-corpus-05,3838,17864,1.767436e-07,13571,13571,5.670640,5.673896,1.2348e-02
dev-corpus-05,3839,1938,2.865006e-06,1262,1262,1.235703,1.232007,2.0535e-02
dev-corpus-05,3840,236761,1.623063e-08,236761,236761,0.043754,0.043737,9.6846e-03
dev-corpus-05,3841,18018,2.125854e-07,108,108,19.933536,19.937206,1.1540e-02
dev-corpus-05,3842,506,8.284097e-08,1032,1032,2.138764,2.137746,1.0632e-02
dev-corpus-05,3843,1551,3.773814e-06,1346,1346,1.592875,1.597588,1.4466e-02
dev-corpus-05,3844,22414,2.312276e-07,4458,4458,5.135480,5.134086,1.5371e-02
dev-corpus-05,3845,529,6.807290e-08,236764,236764,4.505356,4.505449,9.9635e-03
dev-corpus-05,3846,82004,9.248543e-08,82004,82004,0.879186,0.878817,1.4452e-02
dev-corpus-05,3847,236764,8.424058e-08,236764,236764,0.035718,0.035787,1.1401e-02
dev-corpus-05,3848,692,1.852070e-07,506,506,6.265891,6.267085,1.2188e-02
dev-corpus-05,3849,5347,3.233801e-08,740,740,14.477996,14.478270,1.0589e-02
dev-corpus-05,3850,236787,6.769810e-08,506,506,7.257418,7.256717,1.1151e-02
dev-corpus-05,3851,562,9.960868e-07,108,108,9.067037,9.071313,1.3586e-02
dev-corpus-05,3852,82004,2.433789e-07,5213,5213,3.334042,3.337365,1.4201e-02
dev-corpus-05,3853,563,4.839208e-08,563,563,0.053739,0.053685,1.2302e-02
dev-corpus-05,3854,496,3.540802e-08,496,496,0.091962,0.091892,1.2891e-02
dev-corpus-05,3855,5194,2.153165e-07,5213,5213,2.050791,2.051102,1.5245e-02
dev-corpus-05,3856,236772,8.499508e-08,1458,1458,2.354661,2.355760,1.4874e-02
dev-corpus-05,3857,5140,2.752396e-10,5140,5140,0.000081,0.000081,1.9723e-02
dev-corpus-05,3858,1458,7.511741e-08,1458,1458,0.054423,0.054365,2.5127e-02
dev-corpus-05,3859,531,1.177069e-07,5402,5402,11.622708,11.621238,1.3672e-02
dev-corpus-05,3860,11278,9.726147e-08,12203,12203,16.894007,16.888345,1.8514e-02
dev-corpus-05,3861,528,2.360278e-08,528,528,0.005277,0.005275,1.5700e-02
dev-corpus-05,3862,506,2.344021e-06,506,506,0.197646,0.196854,3.0709e-02
dev-corpus-05,3863,5249,3.126636e-06,12203,12203,4.683489,4.678666,3.1621e-02
dev-corpus-05,3864,236764,6.650387e-10,236764,236764,0.000086,0.000086,2.8982e-02
dev-corpus-05,3865,9626,1.648829e-07,6310,6310,9.925112,9.928053,3.0266e-02
dev-corpus-05,3866,236764,4.215128e-11,236764,236764,0.000009,0.000009,1.9659e-02
dev-corpus-05,3867,6310,3.948868e-06,3671,3671,8.328123,8.322488,3.2945e-02
dev-corpus-05,3868,236764,1.782796e-10,236764,236764,0.000342,0.000342,2.8632e-02
dev-corpus-05,3869,3671,1.737094e-07,3671,3671,0.444467,0.444249,3.7909e-02
dev-corpus-05,3870,236764,1.199919e-08,236764,236764,0.005374,0.005370,2.3550e-02
dev-corpus-05,3871,3938,4.877871e-08,532,532,15.149118,15.144473,3.5191e-02
dev-corpus-05,3872,236764,3.128505e-09,236764,236764,0.011449,0.011447,2.3814e-02
dev-corpus-05,3873,532,2.452116e-07,532,532,0.011808,0.011801,3.7710e-02
dev-corpus-05,3874,5296,2.481481e-06,44751,44751,7.138372,7.136326,2.4615e-02
dev-corpus-05,3875,529,1.055977e-10,529,529,0.000097,0.000097,1.3150e-02
dev-corpus-05,3876,17864,6.878836e-07,784,784,5.886365,5.886242,1.5693e-02
dev-corpus-05,3877,1938,1.184640e-07,653,653,3.825293,3.823718,2.0256e-02
dev-corpus-05,3878,236761,4.841095e-08,236761,236761,0.049003,0.048950,1.1326e-02
dev-corpus-05,3879,3026,9.245716e-09,108,108,13.382933,13.385027,9.7418e-03
dev-corpus-05,3880,1456,4.563141e-07,611,611,3.327268,3.327014,1.3481e-02
dev-corpus-05,3881,69599,6.341778e-07,236764,236764,10.624874,10.627384,1.1097e-02
dev-corpus-05,3882,236764,4.229145e-09,236764,236764,0.002847,0.002845,1.3128e-02
dev-corpus-05,3883,82004,3.439941e-07,496,496,2.464661,2.464656,9.2039e-03
dev-corpus-05,3884,740,2.868992e-07,740,740,0.132401,0.132161,2.3201e-02
dev-corpus-05,3885,1601,3.838732e-07,1601,1601,0.710697,0.710487,1.4469e-02
dev-corpus-05,3886,775,6.919238e-07,775,775,1.150536,1.149649,1.3533e-02
dev-corpus-05,3887,3892,2.695588e-07,3050,3050,11.382165,11.381277,1.1137e-02
dev-corpus-05,3888,16602,7.945177e-07,2480,2480,20.227304,20.227594,3.7869e-02
dev-corpus-05,3889,1099,5.690561e-08,1099,1099,0.004561,0.004539,1.5174e-02
dev-corpus-05,3890,236764,2.086441e-07,236764,236764,0.065003,0.064897,1.4262e-02
dev-corpus-05,3891,226995,1.605699e-06,9688,9688,8.913907,8.908989,2.0384e-02
dev-corpus-05,3892,236764,1.355142e-09,236764,236764,0.006450,0.006447,9.0661e-03
dev-corpus-05,3893,532,1.482751e-07,532,532,0.034294,0.034200,1.5078e-02
dev-corpus-05,3894,34303,8.671490e-07,919,919,5.792678,5.804067,3.6525e-02
dev-corpus-05,3895,6176,4.122342e-08,236761,236761,8.063574,8.066948,9.9796e-03
dev-corpus-05,3896,236761,1.563489e-07,236761,236761,0.187867,0.187659,1.0484e-02
dev-corpus-05,3897,7714,2.200823e-08,108,108,12.885992,12.886018,1.1712e-02
dev-corpus-05,3898,82004,4.662217e-07,82004,82004,0.866427,0.866542,1.2596e-02
dev-corpus-05,3899,2430,5.322536e-07,563,563,5.756433,5.754920,1.6655e-02
dev-corpus-05,3900,1149,8.831739e-07,740,740,5.374340,5.372895,1.4137e-02
dev-corpus-05,3901,10741,2.929904e-07,735,735,9.796758,9.797812,1.4505e-02
dev-corpus-05,3902,1144,2.941439e-07,531,531,2.285407,2.284761,1.2172e-02
dev-corpus-05,3903,4065,9.098872e-07,531,531,6.837155,6.834618,1.6641e-02
dev-corpus-05,3904,532,4.282905e-07,531,531,3.769333,3.769198,1.1773e-02
dev-corpus-05,3905,13963,7.859685e-07,1262,1262,3.444317,3.441740,2.2023e-02
dev-corpus-05,3906,659,4.449050e-07,531,531,1.950130,1.948044,1.1331e-02
dev-corpus-05,3907,2132,3.936096e-07,2132,2132,1.229629,1.230240,1.4401e-02
dev-corpus-05,3908,236761,7.878931e-07,531,531,3.489679,3.492117,9.8526e-03
dev-corpus-05,3909,1701,1.764170e-07,108,108,5.059417,5.060768,1.1605e-02
dev-corpus-05,3910,2591,1.905764e-07,2591,2591,0.155367,0.155228,1.1187e-02
dev-corpus-05,3911,236764,1.982594e-09,236764,236764,0.002315,0.002314,8.2791e-03
dev-corpus-05,3912,24599,7.335751e-07,496,496,12.612045,12.616196,1.3390e-02
dev-corpus-05,3913,659,2.364093e-06,236764,236764,1.841241,1.841455,1.4203e-02
dev-corpus-05,3914,1535,5.376040e-07,496,496,13.969904,13.971610,1.5846e-02
dev-corpus-05,3915,573,1.783960e-06,573,573,0.755425,0.753704,1.3107e-02
dev-corpus-05,3916,775,1.595268e-06,12123,12123,4.585855,4.582631,2.1495e-02
dev-corpus-05,3917,236761,1.286228e-07,1547,1547,5.062967,5.060984,1.3624e-02
dev-corpus-05,3918,2195,1.099558e-06,2195,2195,1.306977,1.307058,2.0993e-02
dev-corpus-05,3919,1149,3.891290e-07,2847,2847,9.106368,9.107670,1.2518e-02
dev-corpus-05,3920,3856,6.315743e-07,735,735,8.427261,8.427223,1.7599e-02
dev-corpus-05,3921,1813,3.975095e-07,775,775,2.638952,2.636927,1.5526e-02
dev-corpus-05,3922,14767,1.638267e-06,7021,7021,2.981745,2.981646,1.1655e-02
dev-corpus-05,3923,236764,2.247579e-07,236764,236764,0.409427,0.409605,1.3291e-02
dev-corpus-05,3924,6422,6.613734e-07,2847,2847,9.900244,9.902289,1.3879e-02
dev-corpus-05,3925,3863,1.593391e-06,12123,12123,3.947762,3.949736,1.7316e-02
dev-corpus-05,3926,236764,9.354021e-08,236764,236764,0.176830,0.176955,1.2621e-02
dev-corpus-05,3927,45694,3.965113e-07,532,532,9.563992,9.564094,1.9759e-02
dev-corpus-05,3928,23092,3.173057e-07,23092,23092,0.328151,0.328065,1.4555e-02
dev-corpus-05,3929,236764,1.068958e-09,236764,236764,0.001764,0.001765,9.6238e-03
dev-corpus-05,3930,624,5.674923e-08,532,532,13.472224,13.470543,1.1491e-02
dev-corpus-05,3931,2847,1.046750e-06,22792,22792,1.792564,1.794083,1.5779e-02
dev-corpus-05,3932,2557,2.606814e-06,12123,12123,7.436182,7.438839,2.1694e-02
dev-corpus-05,3933,531,2.962945e-08,573,573,8.544843,8.539106,1.3508e-02
dev-corpus-05,3934,75610,3.177197e-06,38893,38893,3.410111,3.412645,1.7858e-02
dev-corpus-05,3935,236761,2.637913e-08,236761,236761,0.010579,0.010573,1.6968e-02
dev-corpus-05,3936,1882,6.936775e-07,108,108,32.789757,32.788916,2.0299e-02
dev-corpus-05,3937,659,9.575359e-08,740,740,5.167898,5.165695,1.4117e-02
dev-corpus-05,3938,10099,1.277224e-06,7467,7467,3.504418,3.505860,1.9094e-02
dev-corpus-05,3939,1003,1.310180e-07,607,607,0.909292,0.908810,1.4631e-02
dev-corpus-05,3940,506,8.656010e-07,506,506,0.896071,0.896105,2.1629e-02
dev-corpus-05,3941,1984,6.576158e-07,2404,2404,9.013008,9.012226,2.0717e-02
dev-corpus-05,3942,529,2.730822e-08,529,529,0.012981,0.012973,9.6703e-03
dev-corpus-05,3943,14919,2.953765e-07,8052,8052,14.359268,14.363038,1.4956e-02
dev-corpus-05,3944,236764,1.884962e-07,236764,236764,0.808156,0.807760,1.2488e-02
dev-corpus-05,3945,506,3.315928e-07,506,506,1.082725,1.083074,1.8936e-02
dev-corpus-05,3946,18191,1.862698e-06,2404,2404,14.145328,14.147085,2.8528e-02
dev-corpus-05,3947,2601,3.010563e-06,2601,2601,1.441995,1.444389,2.1512e-02
dev-corpus-05,3948,1161,7.827050e-08,1161,1161,0.058806,0.058879,1.0588e-02
dev-corpus-05,3949,236764,6.546210e-08,236764,236764,0.024023,0.024044,1.4784e-02
dev-corpus-05,3950,19392,2.706572e-07,532,532,7.319976,7.321719,1.2810e-02
dev-corpus-05,3951,699,2.013049e-06,236764,236764,4.227874,4.226200,1.5648e-02
dev-corpus-05,3952,14942,7.533996e-07,14942,14942,0.807998,0.808243,1.7270e-02
dev-corpus-05,3953,13390,4.929736e-07,36398,36398,1.583951,1.585228,1.7606e-02
dev-corpus-05,3954,236764,3.350233e-08,236764,236764,0.009935,0.009923,9.6381e-03
dev-corpus-05,3955,653,7.417247e-08,532,532,3.767001,3.767060,1.1137e-02
dev-corpus-05,3956,1298,4.108689e-07,506,506,7.414215,7.411352,2.3412e-02
dev-corpus-05,3957,24599,3.007429e-06,506,506,5.960815,5.959532,2.5968e-02
dev-corpus-05,3958,8141,1.345463e-06,659,659,8.842067,8.845036,1.3265e-02
dev-corpus-05,3959,236761,2.255988e-07,236761,236761,0.064018,0.064125,1.9494e-02
dev-corpus-05,3960,185485,6.537384e-07,108,108,12.744306,12.743741,1.8621e-02
dev-corpus-05,3961,3997,1.345431e-07,9886,9886,6.921166,6.924191,1.1498e-02
dev-corpus-05,3962,7087,1.535448e-07,529,529,7.747195,7.744273,1.0303e-02
dev-corpus-05,3963,4654,7.785076e-07,496,496,5.096682,5.095661,1.6837e-02
dev-corpus-05,3964,529,3.711340e-07,529,529,0.127930,0.127746,1.1791e-02
dev-corpus-05,3965,784,4.641345e-07,784,784,0.601553,0.601010,1.4043e-02
dev-corpus-05,3966,1239,7.665341e-09,1239,1239,0.032855,0.032841,9.5396e-03
dev-corpus-05,3967,4596,4.034180e-07,5872,5872,8.245234,8.243684,1.5321e-02
dev-corpus-05,3968,5872,8.067880e-07,5872,5872,0.399856,0.400208,1.5041e-02
dev-corpus-05,3969,532,1.177675e-08,236761,236761,5.161118,5.162430,1.1798e-02
dev-corpus-05,3970,236764,8.774613e-07,1217,1217,6.169901,6.167706,1.3166e-02
dev-corpus-05,3971,8229,3.850053e-06,172638,172638,7.346650,7.346270,1.3458e-02
dev-corpus-05,3972,2787,8.332311e-07,1346,1346,10.308457,10.308859,1.1419e-02
dev-corpus-05,3973,784,2.461118e-10,784,784,0.000097,0.000097,1.0907e-02
dev-corpus-05,3974,236764,4.993418e-09,236764,236764,0.058777,0.058784,1.0550e-02
dev-corpus-05,3975,506,1.397902e-06,506,506,0.794643,0.795306,1.3626e-02
dev-corpus-05,3976,17864,3.527695e-06,5596,5596,3.037720,3.031192,2.3257e-02
dev-corpus-05,3977,17049,1.828528e-07,9994,9994,2.746386,2.747517,1.2138e-02
dev-corpus-05,3978,529,1.433348e-08,529,529,0.014142,0.014150,1.4155e-02
dev-corpus-05,3979,1239,1.654576e-07,1239,1239,0.722818,0.722529,1.3967e-02
dev-corpus-05,3980,5872,1.037627e-07,5872,5872,0.170894,0.170881,1.4391e-02
dev-corpus-05,3981,236761,1.088787e-08,236761,236761,0.013693,0.013701,1.4084e-02
dev-corpus-05,3982,47785,9.878313e-07,108,108,23.205573,23.208654,2.9558e-02
dev-corpus-05,3983,34267,5.359876e-07,20874,20874,10.897756,10.895333,1.3837e-02
dev-corpus-05,3984,3541,9.396451e-07,198,198,3.663438,3.664013,1.2892e-02
dev-corpus-05,3985,25971,3.038152e-06,25971,25971,0.891400,0.893454,2.6634e-02
dev-corpus-05,3986,1149,1.122288e-06,236764,236764,4.682331,4.680126,1.2299e-02
dev-corpus-05,3987,3856,4.062609e-07,577,577,2.601392,2.602645,1.2488e-02
dev-corpus-05,3988,1813,5.238643e-07,1813,1813,0.621088,0.621860,1.5221e-02
dev-corpus-05,3989,14767,3.281104e-07,3325,3325,4.261111,4.261666,1.5049e-02
dev-corpus-05,3990,236764,8.657373e-07,236761,236761,0.975935,0.976559,1.5782e-02
dev-corpus-05,3991,9347,1.776191e-06,198,198,31.576783,31.585920,2.3357e-02
dev-corpus-05,3992,1013,8.697592e-07,236772,236772,2.524320,2.521240,2.0812e-02
dev-corpus-05,3993,1149,2.139242e-06,198,198,3.186108,3.179527,2.3728e-02
dev-corpus-05,3994,5001,9.684891e-06,6422,6422,4.077838,4.094448,3.2687e-02
dev-corpus-05,3995,506,1.937597e-07,35163,35163,11.578398,11.573324,1.8128e-02
dev-corpus-05,3996,7028,3.184199e-06,7028,7028,0.184399,0.183493,2.1327e-02
dev-corpus-05,3997,529,1.325370e-11,529,529,0.000028,0.000028,9.5987e-03
dev-corpus-05,3998,4304,2.152566e-06,4304,4304,1.155293,1.153562,2.3182e-02
dev-corpus-05,3999,236764,4.214988e-08,236764,236764,0.017510,0.017538,1.6648e-02
dev-corpus-05,4000,532,3.370256e-07,532,532,0.133337,0.133635,1.6826e-02
dev-corpus-05,4001,10536,4.431325e-06,506,506,16.695603,16.700921,3.3620e-02
dev-corpus-05,4002,28949,3.701627e-07,3474,3474,2.499255,2.499998,8.5297e-03
dev-corpus-05,4003,872,1.778989e-06,1149,1149,12.965647,12.969185,1.4262e-02
dev-corpus-05,4004,15879,3.194128e-08,15879,15879,0.012935,0.012963,1.3679e-02
dev-corpus-05,4005,1149,1.934327e-07,1149,1149,0.387125,0.386887,1.1278e-02
dev-corpus-05,4006,7342,6.335316e-07,577,577,7.819968,7.817563,1.8214e-02
dev-corpus-05,4007,1023,5.589460e-07,24599,24599,15.429235,15.423702,1.9662e-02
dev-corpus-05,4008,24599,1.342088e-06,24599,24599,0.974491,0.975847,1.7491e-02
dev-corpus-05,4009,236761,2.377465e-08,236761,236761,0.030658,0.030666,1.2998e-02
dev-corpus-05,4010,562,1.163184e-06,108,108,3.896125,3.895535,1.9712e-02
dev-corpus-05,4011,82004,9.090776e-08,82004,82004,0.019055,0.019077,1.4234e-02
dev-corpus-05,4012,7351,3.774664e-07,740,740,3.104574,3.103391,1.4300e-02
dev-corpus-05,4013,775,7.180426e-07,775,775,0.245700,0.246226,1.5124e-02
dev-corpus-05,4014,18840,1.205406e-06,1460,1460,5.243864,5.241806,1.4563e-02
dev-corpus-05,4015,1239,6.544453e-08,1239,1239,0.683475,0.683581,1.0942e-02
dev-corpus-05,4016,17864,4.074218e-07,3996,3996,3.750251,3.748079,1.3923e-02
dev-corpus-05,4017,12969,1.088063e-07,9994,9994,5.260335,5.259921,1.0486e-02
dev-corpus-05,4018,236764,3.627444e-07,236761,236761,2.991231,2.989874,1.4076e-02
dev-corpus-05,4019,532,8.445497e-07,10678,10678,6.754637,6.755314,1.4984e-02
dev-corpus-05,4020,563,5.726275e-07,625,625,6.181015,6.180297,1.4774e-02
dev-corpus-05,4021,992,9.008078e-07,5233,5233,8.550475,8.549802,1.5335e-02
dev-corpus-05,4022,6412,6.461761e-07,496,496,11.257892,11.254015,1.2884e-02
dev-corpus-05,4023,6684,6.026475e-07,6684,6684,0.457556,0.457576,1.4087e-02
dev-corpus-05,4024,657,9.736591e-08,573,573,8.151001,8.150238,9.2125e-03
dev-corpus-05,4025,37549,2.745649e-06,506,506,8.287969,8.286349,1.6330e-02
dev-corpus-05,4026,17864,7.684228e-07,1091,1091,10.218909,10.208349,1.6540e-02
dev-corpus-05,4027,1262,4.362408e-07,1262,1262,0.589108,0.588590,1.4112e-02
dev-corpus-05,4028,532,5.442239e-07,528,528,4.400580,4.399676,1.5782e-02
dev-corpus-05,4029,3671,9.568441e-07,3043,3043,16.012100,16.006588,2.1100e-02
dev-corpus-05,4030,236761,4.984575e-07,531,531,2.241921,2.240119,1.4252e-02
dev-corpus-05,4031,562,3.672302e-08,108,108,7.058706,7.057978,1.5181e-02
dev-corpus-05,4032,82004,3.586178e-08,82004,82004,0.024832,0.024822,1.0995e-02
dev-corpus-05,4033,563,7.520949e-07,563,563,0.818595,0.818882,1.3987e-02
dev-corpus-05,4034,3187,7.788633e-07,496,496,4.489622,4.489125,1.5646e-02
dev-corpus-05,4035,506,4.972074e-07,1456,1456,5.094118,5.095948,1.9355e-02
dev-corpus-05,4036,1186,1.432228e-06,1171,1171,5.217946,5.218946,1.5532e-02
dev-corpus-05,4037,1595,1.711950e-07,1595,1595,0.214999,0.215168,1.4448e-02
dev-corpus-05,4038,531,2.318946e-08,531,531,0.042265,0.042257,1.2226e-02
dev-corpus-05,4039,8974,6.151705e-07,50611,50611,6.299176,6.300161,1.4530e-02
dev-corpus-05,4040,82046,2.033591e-07,3996,3996,9.275287,9.272150,1.3053e-02
dev-corpus-05,4041,236772,1.184451e-07,3996,3996,3.899067,3.897643,1.0757e-02
dev-corpus-05,4042,10619,1.981330e-06,19543,19543,2.094407,2.094007,1.8564e-02
dev-corpus-05,4043,4078,3.282593e-08,4078,4078,0.014195,0.014184,1.5759e-02
dev-corpus-05,4044,236761,8.628626e-08,236761,236761,0.237114,0.236971,1.2417e-02
dev-corpus-05,4045,106,2.313647e-07,108,108,0.796687,0.796015,1.1873e-02
dev-corpus-05,4046,107,6.458303e-07,100,100,14.823380,14.817550,2.4326e-02
dev-corpus-05,4047,105,1.193842e-06,13513,13513,18.886908,18.888812,1.2960e-02
dev-corpus-05,4048,2364,4.907404e-05,198,198,25.117150,25.072924,6.3894e-02
dev-corpus-05,4049,107,1.565852e-06,100,100,2.839040,2.834882,3.1833e-02
dev-corpus-05,4050,3689,7.729115e-07,100,100,8.327660,8.329270,2.2655e-02
dev-corpus-05,4051,563,3.956266e-07,563,563,0.489921,0.489299,1.5954e-02
dev-corpus-05,4052,6927,3.217709e-07,496,496,19.191422,19.188686,1.5482e-02
dev-corpus-05,4053,1535,8.967750e-06,236881,236881,13.800394,13.804519,1.8894e-02
dev-corpus-05,4054,573,1.246822e-09,573,573,0.000070,0.000069,1.2234e-02
dev-corpus-05,4055,236881,6.969122e-08,236881,236881,0.011377,0.011377,1.9984e-02
dev-corpus-05,4056,106,5.742739e-06,568,568,2.226079,2.231825,2.5131e-02
dev-corpus-05,4057,107,4.076235e-07,100,100,22.598957,22.592119,3.4631e-02
dev-corpus-05,4058,105,1.361477e-07,100,100,19.056939,19.056216,2.0354e-02
dev-corpus-05,4059,4368,5.197504e-06,198,198,16.813870,16.826769,6.9795e-02
dev-corpus-05,4060,107,3.081709e-08,100,100,11.146269,11.121371,3.1693e-02
dev-corpus-05,4061,45060,7.763547e-08,100,100,1.714938,1.715718,1.4831e-02
dev-corpus-05,4062,3952,2.271624e-07,563,563,16.229043,16.230390,1.4378e-02
dev-corpus-05,4063,699,9.033360e-09,607,607,7.870534,7.868092,9.3269e-03
dev-corpus-05,4064,506,2.033220e-07,506,506,0.102633,0.102452,9.0766e-03
dev-corpus-05,4065,7217,2.790093e-07,1813,1813,6.983466,6.981660,8.2523e-03
dev-corpus-05,4066,684,2.333649e-07,532,532,11.348285,11.350080,1.2660e-02
dev-corpus-05,4067,12461,2.892129e-06,139850,139850,14.967483,14.965338,1.5859e-02
dev-corpus-05,4068,532,4.715280e-06,50670,50670,1.456456,1.459288,1.6539e-02
dev-corpus-05,4069,2601,8.809681e-07,2601,2601,0.402273,0.402015,1.4720e-02
dev-corpus-05,4070,1813,9.352411e-07,236764,236764,5.195947,5.194079,1.5042e-02
dev-corpus-05,4071,219460,1.356158e-06,22044,22044,2.106691,2.104551,1.3113e-02
dev-corpus-05,4072,1131,9.506898e-08,532,532,3.210913,3.211199,9.1732e-03
dev-corpus-05,4073,506,4.380797e-07,506,506,0.159608,0.159921,1.3302e-02
dev-corpus-05,4074,14958,5.287224e-08,11661,11661,5.393228,5.395086,1.1444e-02
dev-corpus-05,4075,236761,1.125923e-07,236761,236761,0.936147,0.936603,1.0618e-02
dev-corpus-05,4076,138,1.055776e-06,1030,1030,10.344279,10.340166,2.1068e-02
dev-corpus-05,4077,4420,9.023638e-07,1509,1509,2.429812,2.430812,1.8300e-02
dev-corpus-05,4078,1239,3.836514e-07,506,506,3.683656,3.682102,1.2631e-02
dev-corpus-05,4079,538,8.189733e-08,14958,14958,16.965675,16.966204,1.4285e-02
dev-corpus-05,4080,82296,6.214326e-07,82296,82296,0.340333,0.339711,1.0825e-02
dev-corpus-05,4081,14958,1.653251e-07,14958,14958,0.094011,0.093876,1.1596e-02
dev-corpus-05,4082,2827,3.179265e-07,3291,3291,7.149980,7.152838,1.5289e-02
dev-corpus-05,4083,531,1.887295e-07,1024,1024,3.204360,3.203581,1.2642e-02
dev-corpus-05,4084,2601,2.889356e-06,2601,2601,0.950323,0.949599,1.2928e-02
dev-corpus-05,4085,236764,3.695802e-07,236764,236764,0.307204,0.307594,1.3547e-02
dev-corpus-05,4086,532,1.463950e-07,901,901,6.293399,6.290076,1.8353e-02
dev-corpus-05,4087,506,3.066242e-07,506,506,0.520545,0.520624,1.3851e-02
dev-corpus-05,4088,506,1.252054e-06,1813,1813,13.831437,13.828609,1.8031e-02
dev-corpus-05,4089,6927,3.111225e-07,1813,1813,1.889110,1.889633,2.1118e-02
dev-corpus-05,4090,528,6.745057e-07,16071,16071,9.294608,9.290112,1.3865e-02
dev-corpus-05,4091,1091,2.336057e-07,506,506,1.473883,1.473007,1.5491e-02
dev-corpus-05,4092,563,7.259061e-07,16071,16071,2.489384,2.488754,1.3772e-02
dev-corpus-05,4093,6757,4.544480e-07,7274,7274,14.473961,14.476527,1.5398e-02
dev-corpus-05,4094,2311,1.789942e-06,7274,7274,1.970555,1.968531,1.5028e-02
dev-corpus-05,4095,7274,1.222249e-08,7274,7274,0.017631,0.017626,9.5520e-03
dev-corpus-06,4096,107,2.060861e-05,236858,236858,12.910968,12.888898,4.1563e-02
dev-corpus-06,4097,98,1.283471e-05,9731,9731,16.071222,16.080141,4.5834e-02
dev-corpus-06,4098,107,3.863680e-05,100,100,10.145204,10.146333,3.7383e-02
dev-corpus-06,4099,106,7.636673e-05,100,100,10.332727,10.337880,5.4975e-02
dev-corpus-06,4100,107,1.764667e-04,14585,14585,9.259858,9.253633,1.0042e-01
dev-corpus-06,4101,105,9.082920e-06,140,140,20.202100,20.207410,6.9944e-02
dev-corpus-06,4102,2364,8.688416e-07,198,198,30.078230,30.004503,2.0507e-01
dev-corpus-06,4103,107,1.566612e-04,3004,42168,13.152595,13.156137,8.7100e-02
dev-corpus-06,4104,15938,1.842417e-05,100,100,16.895320,16.915015,5.5085e-02
dev-corpus-06,4105,691,1.385813e-06,198,198,4.464463,4.462903,2.3071e-02
dev-corpus-06,4106,506,9.620100e-06,198,198,3.730206,3.735003,4.1506e-02
dev-corpus-06,4107,118661,1.722295e-06,3260,3260,11.541885,11.549141,3.4661e-02
dev-corpus-06,4108,6768,1.741859e-07,6768,6768,0.447681,0.447701,2.5692e-02
dev-corpus-06,4109,236881,1.172879e-08,236881,236881,0.010465,0.010456,2.0603e-02
dev-corpus-06,4110,106,1.219350e-06,108,108,5.262052,5.259865,3.4897e-02
dev-corpus-06,4111,107,3.271211e-07,100,100,5.611314,5.619678,4.7922e-02
dev-corpus-06,4112,105,7.885217e-06,100,100,16.380570,16.380358,3.2505e-02
dev-corpus-06,4113,4368,1.328473e-05,198,198,16.499701,16.499090,8.6410e-02
dev-corpus-06,4114,107,2.381057e-06,236743,236743,9.290240,9.282734,3.5927e-02
dev-corpus-06,4115,236776,6.508984e-08,100,100,10.098580,10.099665,2.7076e-02
dev-corpus-06,4116,3274,3.142879e-09,3274,3274,0.002517,0.002516,1.1062e-02
dev-corpus-06,4117,519,1.437680e-10,519,519,0.000049,0.000049,8.5187e-03
dev-corpus-06,4118,6768,2.361789e-10,6768,6768,0.000020,0.000020,1.4563e-02
dev-corpus-06,4119,236764,5.045032e-07,568,568,2.945829,2.945610,1.4284e-02
dev-corpus-06,4120,1015,1.754000e-06,5769,5769,4.027862,4.026249,1.3436e-02
dev-corpus-06,4121,691,4.597570e-07,563,563,0.861222,0.861435,1.7238e-02
dev-corpus-06,4122,992,5.113522e-08,13320,13320,4.965510,4.967440,1.3450e-02
dev-corpus-06,4123,3224,2.595161e-06,3224,3224,0.237177,0.238277,1.5494e-02
dev-corpus-06,4124,618,5.409720e-08,618,618,0.567008,0.566873,1.2778e-02
dev-corpus-06,4125,14148,1.088104e-06,5213,5213,7.523377,7.521646,3.1857e-02
dev-corpus-06,4126,6768,7.211191e-08,6768,6768,0.002071,0.002055,2.4431e-02
dev-corpus-06,4127,236764,2.614284e-08,236764,236764,0.042713,0.042682,2.1132e-02
dev-corpus-06,4128,691,1.030039e-08,691,691,0.173703,0.173739,1.9416e-02
dev-corpus-06,4129,496,1.069275e-07,886,886,3.079938,3.078146,1.2352e-02
dev-corpus-06,4130,9531,7.821018e-07,6112,6112,13.097369,13.101536,1.6075e-02
dev-corpus-06,4131,118661,2.904351e-06,71684,71684,10.544284,10.551789,1.4842e-02
dev-corpus-06,4132,1015,8.874240e-07,532,532,1.395336,1.396561,2.3460e-02
dev-corpus-06,4133,7028,1.834018e-07,6657,6657,14.164963,14.162884,1.3114e-02
dev-corpus-06,4134,506,9.825082e-08,506,506,0.069875,0.069958,1.5264e-02
dev-corpus-06,4135,57996,6.308531e-07,57996,57996,0.602469,0.602534,2.1626e-02
dev-corpus-06,4136,529,1.834495e-09,529,529,0.001056,0.001054,1.3622e-02
dev-corpus-06,4137,9699,4.190930e-07,9699,9699,0.039394,0.039551,1.9638e-02
dev-corpus-06,4138,3351,1.815525e-08,3351,3351,0.005766,0.005773,1.7234e-02
dev-corpus-06,4139,236761,2.334211e-06,236764,236764,1.278726,1.279018,1.7663e-02
dev-corpus-06,4140,8945,6.381546e-07,1293,1293,9.601553,9.600055,1.6490e-02
dev-corpus-06,4141,531,1.531306e-10,531,531,0.000037,0.000037,1.5517e-02
dev-corpus-06,4142,506,5.975211e-06,506,506,0.569750,0.572735,1.6122e-02
dev-corpus-06,4143,2260,4.884565e-07,1799,1799,6.394389,6.395691,1.6325e-02
dev-corpus-06,4144,529,8.948680e-11,529,529,0.000063,0.000063,1.1127e-02
dev-corpus-06,4145,37204,1.806506e-06,506,506,1.694857,1.691308,1.9978e-02
dev-corpus-06,4146,528,1.684967e-06,528,528,0.714178,0.714422,1.8353e-02
dev-corpus-06,4147,506,1.606531e-10,506,506,0.000029,0.000029,1.8950e-02
dev-corpus-06,4148,58978,5.078718e-07,17987,17987,14.954489,14.955532,1.6583e-02
dev-corpus-06,4149,236764,1.360152e-08,236764,236764,0.009269,0.009257,1.2145e-02
dev-corpus-06,4150,6768,1.060840e-07,668,668,1.713907,1.713152,1.8382e-02
dev-corpus-06,4151,691,3.085080e-07,691,691,0.760517,0.760428,2.0766e-02
dev-corpus-06,4152,221453,6.963246e-07,13320,13320,22.121490,22.120047,2.0295e-02
dev-corpus-06,4153,532,2.012060e-06,1015,1015,2.310287,2.309527,3.4457e-02
dev-corpus-06,4154,2080,1.654680e-06,496,496,13.596751,13.597431,3.3492e-02
dev-corpus-06,4155,70795,1.307206e-06,496,496,2.476930,2.478636,2.4529e-02
dev-corpus-06,4156,529,3.430650e-07,529,529,0.533583,0.533089,2.0759e-02
dev-corpus-06,4157,3649,2.898484e-07,29053,29053,1.619139,1.619598,1.8890e-02
dev-corpus-06,4158,48522,8.218817e-08,29053,29053,9.096341,9.094130,1.8699e-02
dev-corpus-06,4159,529,3.587037e-07,529,529,0.648344,0.648636,1.8430e-02
dev-corpus-06,4160,9699,9.028028e-08,9699,9699,0.178964,0.179018,2.1214e-02
dev-corpus-06,4161,236761,7.634382e-08,236761,236761,0.385123,0.385199,1.8539e-02
dev-corpus-06,4162,1293,1.638825e-06,1293,1293,1.249698,1.249187,2.4601e-02
dev-corpus-06,4163,26109,2.503850e-06,1053,1053,4.487306,4.485443,2.8873e-02
dev-corpus-06,4164,9699,2.708821e-07,9699,9699,0.116019,0.115887,2.2856e-02
dev-corpus-06,4165,580,4.265643e-07,580,580,0.378936,0.379022,1.9450e-02
dev-corpus-06,4166,506,1.093866e-07,506,506,0.029362,0.029441,2.6053e-02
dev-corpus-06,4167,4284,3.101624e-08,4284,4284,0.011429,0.011453,2.5552e-02
dev-corpus-06,4168,531,4.630943e-08,531,531,0.018413,0.018439,2.9229e-02
dev-corpus-06,4169,126662,1.577692e-08,126662,126662,0.001569,0.001576,3.1367e-02
dev-corpus-06,4170,531,2.616107e-07,236764,236764,13.120349,13.116966,1.5936e-02
dev-corpus-06,4171,1586,2.869256e-06,7352,7352,6.475626,6.481687,3.3309e-02
dev-corpus-06,4172,29053,4.592696e-06,855,855,6.979085,6.978377,2.1423e-02
dev-corpus-06,4173,993,4.058759e-07,236764,236764,7.698211,7.696392,3.1238e-02
dev-corpus-06,4174,532,2.092070e-07,236761,236761,3.958277,3.957742,1.7706e-02
dev-corpus-06,4175,3437,1.065643e-06,691,691,25.684887,25.688438,1.7341e-02
dev-corpus-06,4176,1091,2.114867e-07,1091,1091,0.087387,0.087253,1.5853e-02
dev-corpus-06,4177,4470,1.692725e-07,531,531,20.252197,20.259918,1.5968e-02
dev-corpus-06,4178,531,9.422826e-07,236761,236761,1.502113,1.500730,1.8153e-02
dev-corpus-06,4179,34617,7.844422e-06,34617,34617,0.433019,0.430272,3.3225e-02
dev-corpus-06,4180,236761,5.905302e-08,236761,236761,0.071404,0.071383,1.8270e-02
dev-corpus-06,4181,2024,9.140426e-07,1174,1174,7.156326,7.151466,2.0478e-02
dev-corpus-06,4182,580,1.765318e-06,668,668,4.603493,4.599248,2.2488e-02
dev-corpus-06,4183,914,5.664223e-07,506,506,3.677586,3.682876,1.4503e-02
dev-corpus-06,4184,1595,2.676663e-08,1595,1595,0.168433,0.168383,1.3524e-02
dev-corpus-06,4185,496,2.342194e-07,236764,236764,7.814064,7.812836,1.6780e-02
dev-corpus-06,4186,2214,1.329841e-06,2214,2214,0.778660,0.778298,2.4254e-02
dev-corpus-06,4187,50319,3.500535e-07,119405,119405,11.681251,11.685451,1.5251e-02
dev-corpus-06,4188,1082,2.408806e-09,1082,1082,0.001122,0.001123,1.5593e-02
dev-corpus-06,4189,496,1.469715e-08,506,506,12.353597,12.346279,1.6615e-02
dev-corpus-06,4190,3768,1.061567e-06,3768,3768,0.449058,0.449218,2.5551e-02
dev-corpus-06,4191,119405,5.154583e-07,119405,119405,0.646839,0.646848,1.6791e-02
dev-corpus-06,4192,2101,1.572324e-06,580,580,2.083589,2.084642,1.8991e-02
dev-corpus-06,4193,1515,6.126609e-09,1515,1515,0.002397,0.002395,1.5210e-02
dev-corpus-06,4194,532,2.070314e-07,532,532,0.377073,0.377453,1.4019e-02
dev-corpus-06,4195,1724,1.486283e-06,668,668,16.002388,16.001970,1.9655e-02
dev-corpus-06,4196,607,1.282075e-06,1015,1015,4.055927,4.056468,1.7710e-02
dev-corpus-06,4197,1515,1.760479e-06,1515,1515,0.057993,0.057591,2.1254e-02
dev-corpus-06,4198,699,2.144642e-05,236764,236764,9.112101,9.113742,3.5385e-02
dev-corpus-06,4199,20808,2.462843e-06,34617,34617,9.481566,9.495901,3.0890e-02
dev-corpus-06,4200,657,2.309303e-06,13804,13804,8.650762,8.650995,2.0124e-02
dev-corpus-06,4201,5453,2.952359e-06,1515,1515,17.972533,17.962880,2.3135e-02
dev-corpus-06,4202,1719,8.022373e-07,236772,236772,1.623831,1.622318,2.7580e-02
dev-corpus-06,4203,236761,3.395441e-06,13804,13804,4.117569,4.120518,2.2100e-02
dev-corpus-06,4204,4298,8.008261e-07,1293,1293,4.146190,4.145966,2.3428e-02
dev-corpus-06,4205,668,6.272534e-07,668,668,0.164152,0.164147,2.0063e-02
dev-corpus-06,4206,11561,4.026072e-07,11561,11561,0.041854,0.041982,2.7938e-02
dev-corpus-06,4207,531,1.565366e-07,531,531,0.034805,0.034725,2.3385e-02
dev-corpus-06,4208,506,4.274578e-09,506,506,0.000480,0.000482,2.3532e-02
dev-corpus-06,4209,3866,1.801436e-09,3866,3866,0.000509,0.000510,1.9898e-02
dev-corpus-06,4210,532,2.812912e-06,532,532,0.105127,0.104359,1.9573e-02
dev-corpus-06,4211,6827,1.340061e-08,6827,6827,0.003337,0.003339,1.6791e-02
dev-corpus-06,4212,496,1.738456e-08,496,496,0.008645,0.008645,1.8561e-02
dev-corpus-06,4213,8300,1.380655e-09,8300,8300,0.000122,0.000122,2.4086e-02
dev-corpus-06,4214,236764,6.727497e-07,6420,6420,8.035656,8.037501,1.7838e-02
dev-corpus-06,4215,623,2.198792e-07,623,623,0.489801,0.490248,1.6690e-02
dev-corpus-06,4216,15799,9.051074e-07,15799,15799,0.018627,0.018664,2.3839e-02
dev-corpus-06,4217,575,7.876408e-12,575,575,0.000000,0.000000,1.6088e-02
dev-corpus-06,4218,236764,1.601170e-08,236764,236764,0.000241,0.000244,3.5370e-02
dev-corpus-06,4219,890,6.710610e-08,82072,82072,25.997332,25.998145,2.7257e-02
dev-corpus-06,4220,575,0.000000e+00,575,575,0.000000,0.000000,2.0088e-02
dev-corpus-06,4221,236764,9.336157e-07,236764,236764,0.038712,0.038969,3.6532e-02
dev-corpus-06,4222,3217,1.013323e-10,3217,3217,0.002362,0.002361,3.3378e-02
dev-corpus-06,4223,659,2.463628e-06,659,659,0.397842,0.399038,2.6414e-02
dev-corpus-06,4224,611,2.042680e-11,611,611,0.000002,0.000002,1.8597e-02
dev-corpus-06,4225,41064,3.719082e-08,41064,41064,0.002115,0.002126,2.3306e-02
dev-corpus-06,4226,13555,5.641104e-11,13555,13555,0.000029,0.000029,2.1160e-02
dev-corpus-06,4227,786,1.725157e-09,786,786,0.001206,0.001207,1.4287e-02
dev-corpus-06,4228,126584,9.991955e-10,7462,7462,7.602367,7.602775,1.4159e-02
dev-corpus-06,4229,532,6.873672e-07,1293,1293,10.517542,10.514042,1.8665e-02
dev-corpus-06,4230,668,3.774015e-07,668,668,0.163153,0.163360,2.1622e-02
dev-corpus-06,4231,1176,3.761343e-06,4733,4733,6.659640,6.657039,2.2373e-02
dev-corpus-06,4232,623,1.188847e-07,236764,236764,4.973140,4.967654,1.4477e-02
dev-corpus-06,4233,14625,2.387988e-07,15938,15938,3.794043,3.790789,2.0993e-02
dev-corpus-06,4234,659,2.376201e-06,659,659,0.053128,0.052634,3.4200e-02
dev-corpus-06,4235,611,1.569424e-10,611,611,0.000027,0.000027,1.9615e-02
dev-corpus-06,4236,7462,1.215943e-07,126584,126584,1.103434,1.103071,2.1054e-02
dev-corpus-06,4237,1299,8.495454e-07,532,532,4.198483,4.196003,2.1250e-02
dev-corpus-06,4238,506,2.618770e-07,506,506,0.156265,0.156528,2.5500e-02
dev-corpus-06,4239,29398,9.773357e-08,8300,8300,12.713730,12.711105,2.2030e-02
dev-corpus-06,4240,1176,2.833339e-07,1176,1176,0.145948,0.145918,1.7374e-02
dev-corpus-06,4241,236764,1.672699e-07,623,623,2.009462,2.010801,1.7624e-02
dev-corpus-06,4242,623,2.267215e-09,623,623,0.002233,0.002233,1.8503e-02
dev-corpus-06,4243,236777,7.094011e-07,236777,236777,0.002508,0.002557,4.9735e-02
dev-corpus-06,4244,1006,1.645079e-09,1006,1006,0.000172,0.000172,2.5914e-02
dev-corpus-06,4245,9699,1.649453e-08,9699,9699,0.000319,0.000322,3.6140e-02
dev-corpus-06,4246,236764,8.491574e-08,236764,236764,0.058832,0.058849,2.2327e-02
dev-corpus-06,4247,8761,6.580563e-10,8761,8761,0.000047,0.000047,4.4339e-02
dev-corpus-06,4248,611,3.179486e-10,611,611,0.000039,0.000039,1.2474e-02
dev-corpus-06,4249,659,1.288832e-08,659,659,0.005619,0.005609,3.8009e-02
dev-corpus-06,4250,41064,2.975364e-10,41064,41064,0.000027,0.000027,2.3882e-02
dev-corpus-06,4251,13555,4.384510e-11,13555,13555,0.000016,0.000016,2.0024e-02
dev-corpus-06,4252,236761,4.919184e-07,1781,1781,10.598346,10.595766,1.6719e-02
dev-corpus-06,4253,1030,3.280212e-05,8383,8383,8.974456,8.980057,2.5424e-02
dev-corpus-06,4254,563,1.181611e-09,563,563,0.000039,0.000039,2.0460e-02
dev-corpus-06,4255,2651,2.744572e-06,692,692,4.450577,4.448297,3.0302e-02
dev-corpus-06,4256,573,2.937800e-09,573,573,0.000370,0.000371,2.3904e-02
dev-corpus-06,4257,611,2.413864e-07,611,611,0.011376,0.011443,2.1092e-02
dev-corpus-06,4258,531,1.824462e-06,531,531,0.342440,0.341827,2.3072e-02
dev-corpus-06,4259,12261,1.271863e-05,24712,24712,13.183275,13.191082,3.3386e-02
dev-corpus-06,4260,2342,1.515939e-08,2342,2342,0.000053,0.000052,5.2063e-02
dev-corpus-06,4261,506,3.131213e-06,506,506,0.072024,0.071527,3.6704e-02
dev-corpus-06,4262,817,5.201314e-05,5609,5609,8.382203,8.365872,4.5401e-02
dev-corpus-06,4263,10328,1.461050e-07,10328,10328,0.079363,0.079511,2.4866e-02
dev-corpus-06,4264,1781,6.387686e-08,1781,1781,0.018446,0.018485,1.7502e-02
dev-corpus-06,4265,6768,8.149728e-07,108,108,1.295320,1.294194,1.8468e-02
dev-corpus-06,4266,4733,1.580333e-06,691,691,6.783183,6.785760,1.9296e-02
dev-corpus-06,4267,623,1.297771e-06,236764,236764,1.940785,1.944200,1.4421e-02
dev-corpus-06,4268,3689,9.538138e-07,14070,14070,3.303445,3.307846,2.4272e-02
dev-corpus-06,4269,776,1.761568e-05,776,776,0.652199,0.646647,1.8761e-02
dev-corpus-06,4270,611,2.318175e-08,611,611,0.013509,0.013484,1.6833e-02
dev-corpus-06,4271,1461,2.697709e-08,1461,1461,0.002808,0.002796,2.6704e-02
dev-corpus-06,4272,786,2.889612e-08,786,786,0.002661,0.002672,1.7152e-02
dev-corpus-06,4273,531,2.516408e-10,531,531,0.000088,0.000088,1.3415e-02
dev-corpus-06,4274,776,2.982349e-10,776,776,0.000014,0.000014,2.2963e-02
dev-corpus-06,4275,7462,1.017522e-06,7462,7462,0.084805,0.084623,2.2373e-02
dev-corpus-06,4276,1299,2.706900e-07,532,532,1.611240,1.609913,1.5736e-02
dev-corpus-06,4277,506,3.382352e-07,506,506,0.778083,0.777665,1.7493e-02
dev-corpus-06,4278,29398,2.030765e-06,29398,29398,0.610134,0.609267,4.5167e-02
dev-corpus-06,4279,1176,9.887013e-08,1176,1176,0.076829,0.076717,2.2155e-02
dev-corpus-06,4280,623,1.754768e-07,236764,236764,2.184476,2.183190,1.8142e-02
dev-corpus-06,4281,2023,8.850643e-07,5988,5988,0.894789,0.893574,2.2992e-02
dev-corpus-06,4282,1117,2.220095e-08,1117,1117,0.000435,0.000430,3.2409e-02
dev-corpus-06,4283,532,6.456841e-07,532,532,0.195015,0.195540,2.2430e-02
dev-corpus-06,4284,817,3.190039e-07,577,577,4.816661,4.825457,3.2823e-02
dev-corpus-06,4285,1131,5.500220e-06,1131,1131,0.180707,0.179244,1.9384e-02
dev-corpus-06,4286,506,8.169309e-06,506,506,0.349967,0.352230,2.9751e-02
dev-corpus-06,4287,3207,4.203850e-09,3207,3207,0.001839,0.001842,2.0177e-02
dev-corpus-06,4288,236764,8.473699e-08,236764,236764,0.025179,0.025214,1.4194e-02
dev-corpus-06,4289,532,3.409129e-06,532,532,0.128479,0.127824,2.9440e-02
dev-corpus-06,4290,611,2.963169e-07,993,993,0.728086,0.728525,1.3637e-02
dev-corpus-06,4291,795,2.872432e-09,795,795,0.000099,0.000099,2.1368e-02
dev-corpus-06,4292,577,1.319044e-09,577,577,0.000134,0.000134,1.4097e-02
dev-corpus-06,4293,4173,2.501971e-05,4173,4173,0.408884,0.413147,4.5546e-02
dev-corpus-06,4294,1144,2.045649e-09,1144,1144,0.000275,0.000276,1.4030e-02
dev-corpus-06,4295,611,6.050567e-06,611,611,0.359214,0.361504,2.1704e-02
dev-corpus-06,4296,1921,3.583814e-07,1921,1921,0.102600,0.102853,2.5608e-02
dev-corpus-06,4297,776,1.101619e-09,776,776,0.000050,0.000050,1.8157e-02
dev-corpus-06,4298,1781,1.510275e-07,1781,1781,0.023951,0.024006,1.5838e-02
dev-corpus-06,4299,20607,1.222010e-06,108,108,7.514719,7.512708,2.7409e-02
dev-corpus-06,4300,1010,2.884119e-06,1010,1010,0.411502,0.412748,1.7413e-02
dev-corpus-06,4301,1603,3.101510e-06,78030,78030,8.579205,8.581569,2.4920e-02
dev-corpus-06,4302,18261,1.229779e-06,496,496,2.933578,2.939217,2.4537e-02
dev-corpus-06,4303,236764,4.843869e-07,236764,236764,0.166547,0.166416,1.3572e-02
dev-corpus-06,4304,668,3.531247e-07,668,668,0.673681,0.674198,1.8665e-02
dev-corpus-06,4305,691,9.942145e-07,3939,3939,1.363256,1.361809,1.7184e-02
dev-corpus-06,4306,2080,2.829968e-07,5378,5378,10.831241,10.832097,2.3435e-02
dev-corpus-06,4307,531,5.441175e-07,1131,1131,2.949594,2.949340,1.6011e-02
dev-corpus-06,4308,506,8.784168e-07,506,506,0.634422,0.634172,1.7792e-02
dev-corpus-06,4309,3207,1.329446e-06,3207,3207,0.048676,0.049003,2.5086e-02
dev-corpus-06,4310,532,8.375788e-07,532,532,0.902248,0.902470,2.0735e-02
dev-corpus-06,4311,2668,6.483436e-06,691,691,9.596399,9.603009,2.3476e-02
dev-corpus-06,4312,3209,3.017065e-08,3209,3209,0.016713,0.016735,1.5957e-02
dev-corpus-06,4313,914,5.732935e-06,914,914,1.091270,1.087439,2.5801e-02
dev-corpus-06,4314,14186,3.898366e-08,14186,14186,0.048513,0.048511,2.5245e-02
dev-corpus-06,4315,691,5.285699e-08,691,691,0.032305,0.032356,1.5954e-02
dev-corpus-06,4316,28251,2.914572e-08,28251,28251,0.010413,0.010435,1.7056e-02
dev-corpus-06,4317,684,6.301470e-07,236761,236761,3.948510,3.951502,2.2525e-02
dev-corpus-06,4318,1455,3.835050e-06,614,614,4.891336,4.900803,2.9629e-02
dev-corpus-06,4319,3236,7.281882e-09,3236,3236,0.000770,0.000774,4.4335e-02
dev-corpus-06,4320,527,8.778278e-10,527,527,0.000106,0.000107,2.4593e-02
dev-corpus-06,4321,529,2.930200e-07,236764,236764,8.975755,8.968794,2.0320e-02
dev-corpus-06,4322,126662,1.438594e-06,126662,126662,0.026161,0.026430,3.5348e-02
dev-corpus-06,4323,236761,1.899650e-07,236761,236761,0.084795,0.084902,1.8223e-02
dev-corpus-06,4324,4298,5.853671e-07,108,108,4.885826,4.882319,2.3664e-02
dev-corpus-06,4325,6768,6.312605e-07,668,668,1.441889,1.441331,2.1697e-02
dev-corpus-06,4326,691,2.091787e-06,6074,6074,3.635775,3.628968,2.3031e-02
dev-corpus-06,4327,120743,2.195802e-06,120743,120743,1.453915,1.455823,2.0542e-02
dev-corpus-06,4328,532,6.196862e-07,532,532,0.423316,0.424092,1.6387e-02
dev-corpus-06,4329,6842,7.110003e-07,6074,6074,5.137297,5.134274,2.2373e-02
dev-corpus-06,4330,3931,1.163240e-06,6074,6074,3.839745,3.837676,1.7806e-02
dev-corpus-06,4331,531,1.995825e-07,68799,68799,2.838031,2.835792,1.6422e-02
dev-corpus-06,4332,83304,1.398971e-07,82738,82738,3.802293,3.804496,1.8378e-02
dev-corpus-06,4333,9531,1.679211e-06,9699,9699,8.212004,8.217713,1.7957e-02
dev-corpus-06,4334,3618,1.381944e-06,57996,57996,2.940393,2.935846,1.3786e-02
dev-corpus-06,4335,236761,1.333798e-07,236761,236761,0.200183,0.200141,2.0992e-02
dev-corpus-06,4336,1293,8.836760e-07,108,108,2.623963,2.621480,2.2677e-02
dev-corpus-06,4337,72970,1.286789e-06,33402,33402,5.390592,5.388725,2.0002e-02
dev-corpus-06,4338,11120,7.463252e-07,506,506,14.525840,14.527341,1.6848e-02
dev-corpus-06,4339,531,2.124709e-06,528,528,2.540997,2.538864,2.1200e-02
dev-corpus-06,4340,506,9.529368e-07,161635,161635,1.461788,1.460554,2.0689e-02
dev-corpus-06,4341,12249,8.808043e-07,26560,26560,7.505217,7.503741,2.2445e-02
dev-corpus-06,4342,2538,4.978781e-08,2538,2538,0.004539,0.004559,2.5896e-02
dev-corpus-06,4343,532,1.663188e-06,236764,236764,2.613833,2.612360,1.7467e-02
dev-corpus-06,4344,668,1.614813e-06,711,711,3.885121,3.882741,2.6522e-02
dev-corpus-06,4345,563,1.748027e-06,7971,7971,7.261326,7.262170,2.1461e-02
dev-corpus-06,4346,992,7.938489e-07,4542,4542,6.481932,6.478735,1.8378e-02
dev-corpus-06,4347,3224,7.737013e-07,3224,3224,1.851848,1.852850,1.9261e-02
dev-corpus-06,4348,618,1.037184e-06,573,573,1.025667,1.024090,1.6505e-02
dev-corpus-06,4349,614,1.256475e-06,506,506,3.851786,3.849465,2.6486e-02
dev-corpus-06,4350,118661,2.603833e-06,2132,2132,4.400143,4.396166,2.9386e-02
dev-corpus-06,4351,531,4.372086e-06,236761,236761,1.776583,1.779499,2.4751e-02
dev-corpus-06,4352,506,2.546806e-09,506,506,0.000564,0.000563,1.8668e-02
dev-corpus-06,4353,12249,2.807764e-07,161635,161635,3.518209,3.516202,1.6451e-02
dev-corpus-06,4354,2538,1.084809e-09,2538,2538,0.000187,0.000187,1.5771e-02
dev-corpus-06,4355,236761,5.486695e-08,236761,236761,0.139174,0.139163,1.6262e-02
dev-corpus-06,4356,138,1.184095e-06,108,108,8.320199,8.318661,2.5231e-02
dev-corpus-06,4357,2209,2.418020e-06,2209,2209,0.891841,0.891503,2.5578e-02
dev-corpus-06,4358,29295,1.763088e-06,7971,7971,11.363529,11.363926,2.3024e-02
dev-corpus-06,4359,3131,1.890923e-07,26975,26975,3.717899,3.716262,2.2655e-02
dev-corpus-06,4360,26975,2.294781e-07,26975,26975,0.087319,0.087504,2.5338e-02
dev-corpus-06,4361,528,8.256747e-08,5459,5459,1.319601,1.319332,1.8879e-02
dev-corpus-06,4362,8833,6.262193e-07,11560,11560,15.955033,15.954464,2.4576e-02
dev-corpus-06,4363,31220,2.661556e-08,31220,31220,0.001420,0.001425,3.0237e-02
dev-corpus-06,4364,236764,6.581455e-07,236764,236764,0.181180,0.181674,2.5488e-02
dev-corpus-06,4365,14609,2.729456e-06,14609,14609,0.643789,0.645487,2.9714e-02
dev-corpus-06,4366,236747,2.627103e-09,236747,236747,0.000516,0.000517,1.6251e-02
dev-corpus-06,4367,236764,1.286328e-08,236764,236764,0.000328,0.000331,1.4788e-02
dev-corpus-06,4368,140342,5.724394e-06,532,532,2.938394,2.951250,3.5462e-02
dev-corpus-06,4369,4465,1.419559e-08,1614,1614,8.015839,8.008906,2.9683e-02
dev-corpus-06,4370,236764,1.229021e-08,236764,236764,0.018000,0.018021,1.2982e-02
dev-corpus-06,4371,62852,2.342242e-06,62852,62852,0.428401,0.429501,3.7254e-02
dev-corpus-06,4372,532,7.716856e-08,236764,236764,3.837892,3.835256,1.3336e-02
dev-corpus-06,4373,211901,5.082577e-06,1032,1032,1.159961,1.155879,3.6221e-02
dev-corpus-06,4374,236761,4.349784e-07,236761,236761,0.189939,0.189531,2.0106e-02
dev-corpus-06,4375,1214,6.759250e-07,1293,1293,34.596388,34.594607,2.4135e-02
dev-corpus-06,4376,47909,1.162683e-05,710,710,4.417740,4.411624,2.4821e-02
dev-corpus-06,4377,653,2.221557e-06,26975,26975,6.565219,6.563545,2.6951e-02
dev-corpus-06,4378,208456,3.990348e-07,53590,53590,3.808417,3.804695,2.4937e-02
dev-corpus-06,4379,529,1.964433e-06,11739,11739,1.966427,1.964168,2.0978e-02
dev-corpus-06,4380,506,2.662976e-07,914,914,2.694687,2.693384,1.8618e-02
dev-corpus-06,4381,12571,1.591657e-06,26975,26975,4.952228,4.954858,2.7541e-02
dev-corpus-06,4382,6819,2.702200e-07,236772,236772,6.507283,6.502710,2.2628e-02
dev-corpus-06,4383,6249,2.318038e-06,48522,48522,10.354985,10.362932,1.8151e-02
dev-corpus-06,4384,528,1.220404e-07,529,529,2.159279,2.158017,1.8514e-02
dev-corpus-06,4385,506,2.694690e-09,506,506,0.001159,0.001161,1.7636e-02
dev-corpus-06,4386,861,3.741056e-06,1799,1799,2.002402,2.001668,3.3950e-02
dev-corpus-06,4387,43100,3.342913e-07,53437,53437,0.813366,0.814069,1.9918e-02
dev-corpus-06,4388,691,5.954086e-07,659,659,6.265295,6.259861,1.5556e-02
dev-corpus-06,4389,5267,1.101021e-06,5267,5267,0.051843,0.051881,2.0081e-02
dev-corpus-06,4390,684,1.073096e-08,684,684,0.004570,0.004574,1.6294e-02
dev-corpus-06,4391,6768,2.675210e-07,1515,1515,1.017025,1.016158,1.6950e-02
dev-corpus-06,4392,1343,3.626050e-07,236761,236761,9.028476,9.029102,1.5321e-02
dev-corpus-06,4393,506,7.411569e-08,914,914,5.250560,5.251285,1.6876e-02
dev-corpus-06,4394,14984,5.873177e-06,11739,11739,7.395253,7.412125,3.8674e-02
dev-corpus-06,4395,529,3.013323e-09,529,529,0.001037,0.001039,1.3987e-02
dev-corpus-06,4396,506,8.678170e-08,506,506,0.010994,0.011024,1.7913e-02
dev-corpus-06,4397,27437,1.161756e-07,19055,19055,4.755373,4.750609,1.7095e-02
dev-corpus-06,4398,7304,6.658253e-08,7304,7304,0.064125,0.064043,1.2445e-02
dev-corpus-06,4399,236761,9.560172e-08,236761,236761,0.064343,0.064366,1.6640e-02
dev-corpus-06,4400,106,1.782562e-06,1293,1293,3.709908,3.707733,1.9802e-02
dev-corpus-06,4401,107,1.288690e-05,100,100,11.029231,11.026508,3.9896e-02
dev-corpus-06,4402,105,7.231770e-07,100,100,22.143202,22.137957,2.2581e-02
dev-corpus-06,4403,2364,1.339937e-06,198,198,19.109992,19.115574,6.5614e-02
dev-corpus-06,4404,107,2.157828e-06,100,100,10.512571,10.497053,2.8911e-02
dev-corpus-06,4405,3689,1.492489e-06,100,100,8.821811,8.813387,4.3185e-02
dev-corpus-06,4406,659,7.614894e-07,563,563,2.294172,2.291666,2.0578e-02
dev-corpus-06,4407,1070,9.043591e-08,506,506,1.672833,1.673337,1.5775e-02
dev-corpus-06,4408,2432,3.365749e-07,529,529,6.900117,6.899380,1.0550e-02
dev-corpus-06,4409,531,1.795548e-06,692,692,3.611693,3.614491,1.1446e-02
dev-corpus-06,4410,5630,4.659993e-08,1281,1281,4.767036,4.766429,1.1866e-02
dev-corpus-06,4411,1056,4.037891e-09,1003,1003,6.653253,6.653465,1.0389e-02
dev-corpus-06,4412,11691,8.242304e-07,16319,16319,13.433027,13.433464,1.5471e-02
dev-corpus-06,4413,496,9.980765e-07,496,496,1.077415,1.077909,1.6225e-02
dev-corpus-06,4414,861,5.008166e-07,1295,1295,4.746233,4.744273,1.5861e-02
dev-corpus-06,4415,6727,4.110879e-08,1295,1295,9.592561,9.591846,1.2975e-02
dev-corpus-06,4416,529,8.269988e-12,529,529,0.000014,0.000014,8.4293e-03
dev-corpus-06,4417,33640,3.060889e-07,11795,11795,8.563678,8.564022,1.4205e-02
dev-corpus-06,4418,236881,1.722947e-08,236881,236881,0.026569,0.026596,1.0389e-02
dev-corpus-06,4419,106,3.627133e-06,108,108,2.602794,2.600142,1.7299e-02
dev-corpus-06,4420,107,5.221578e-06,199,199,13.372694,13.390855,3.2372e-02
dev-corpus-06,4421,105,8.142560e-08,100,100,21.543848,21.545997,2.6439e-02
dev-corpus-06,4422,4368,2.285894e-05,100,100,6.039862,6.036999,7.2724e-02
dev-corpus-06,4423,107,4.923054e-08,100,100,7.611613,7.604339,2.9118e-02
dev-corpus-06,4424,3810,2.781543e-08,100,100,9.434216,9.432206,1.5006e-02
dev-corpus-06,4425,659,4.359750e-09,659,659,0.001931,0.001935,1.1025e-02
dev-corpus-06,4426,1551,5.221060e-09,1551,1551,0.003629,0.003629,1.0568e-02
dev-corpus-06,4427,13138,5.106834e-09,5872,5872,11.540402,11.540504,1.0747e-02
dev-corpus-06,4428,1056,1.746604e-08,531,531,6.188248,6.185360,9.7208e-03
dev-corpus-06,4429,886,5.621732e-08,11691,11691,19.282292,19.280897,1.0811e-02
dev-corpus-06,4430,740,1.569671e-07,563,563,9.205303,9.206244,1.1920e-02
dev-corpus-06,4431,2514,4.399052e-07,3717,3717,10.426503,10.425512,1.2946e-02
dev-corpus-06,4432,528,1.027929e-08,528,528,0.008589,0.008598,9.7382e-03
dev-corpus-06,4433,3666,1.547199e-08,3666,3666,0.022156,0.022172,1.0625e-02
dev-corpus-06,4434,1056,3.190743e-07,1056,1056,0.141092,0.140842,9.1338e-03
dev-corpus-06,4435,21186,1.121002e-07,11691,11691,1.121846,1.121717,1.2746e-02
dev-corpus-06,4436,33640,1.145558e-08,496,496,4.508100,4.508659,9.6166e-03
dev-corpus-06,4437,236761,6.256808e-08,236764,236764,3.512457,3.514231,9.0337e-03
dev-corpus-06,4438,107,5.350389e-07,669,669,15.870928,15.867289,1.2996e-02
dev-corpus-06,4439,236770,1.220050e-06,8291,8291,6.139732,6.139959,1.4019e-02
dev-corpus-06,4440,236761,1.866592e-09,236761,236761,0.000630,0.000631,1.5178e-02
dev-corpus-06,4441,48573,1.339029e-07,5213,5213,6.781677,6.779971,1.6385e-02
dev-corpus-06,4442,236787,4.307720e-07,236787,236787,0.940077,0.940766,1.3057e-02
dev-corpus-06,4443,506,9.006282e-07,2900,2900,9.979098,9.971004,2.0616e-02
dev-corpus-06,4444,5708,5.812761e-07,1171,1171,4.266945,4.265067,1.3496e-02
dev-corpus-06,4445,529,5.850797e-08,529,529,0.691036,0.690870,9.7704e-03
dev-corpus-06,4446,14120,2.574991e-08,506,506,6.595016,6.595984,1.0428e-02
dev-corpus-06,4447,1374,2.523729e-07,563,563,2.649566,2.649851,1.0571e-02
dev-corpus-06,4448,577,1.380878e-08,577,577,0.027314,0.027308,1.4881e-02
dev-corpus-06,4449,3582,2.205086e-07,4542,4542,4.324645,4.323274,1.3003e-02
dev-corpus-06,4450,528,6.778530e-08,236761,236761,3.885364,3.884037,9.4879e-03
dev-corpus-06,4451,3666,3.282030e-07,3666,3666,1.307649,1.308523,1.2681e-02
dev-corpus-06,4452,236764,8.596447e-08,236761,236761,2.733812,2.733374,1.0504e-02
dev-corpus-06,4453,858,2.144923e-07,3363,3363,9.030328,9.030431,1.4360e-02
dev-corpus-06,4454,236761,6.588625e-10,236761,236761,0.000411,0.000412,1.2291e-02
dev-corpus-06,4455,236744,4.483068e-09,236744,236744,0.002880,0.002884,1.0847e-02
dev-corpus-06,4456,1126,1.966641e-07,1126,1126,0.668006,0.668586,1.6933e-02
dev-corpus-06,4457,3363,6.005874e-08,573,573,1.369301,1.369366,1.2426e-02
dev-corpus-06,4458,625,1.391323e-07,506,506,1.202208,1.202230,1.2016e-02
dev-corpus-06,4459,236789,1.263880e-07,563,563,2.743115,2.742098,1.2691e-02
dev-corpus-06,4460,236751,7.450519e-11,236751,236751,0.001509,0.001509,1.2066e-02
dev-corpus-06,4461,573,4.749878e-09,573,573,0.012785,0.012784,1.2435e-02
dev-corpus-06,4462,9903,1.262280e-06,13723,13723,8.755072,8.758016,1.9062e-02
dev-corpus-06,4463,1535,5.986309e-07,4252,4252,8.096902,8.094723,2.0267e-02
dev-corpus-06,4464,3325,3.932930e-07,4252,4252,1.469905,1.471082,1.2635e-02
dev-corpus-06,4465,4252,1.529647e-07,4252,4252,0.110453,0.110324,1.5185e-02
dev-corpus-06,4466,653,7.196433e-08,236764,236764,4.128932,4.129229,1.3053e-02
dev-corpus-06,4467,573,1.151995e-07,573,573,0.169991,0.169961,1.5512e-02
dev-corpus-06,4468,981,1.176225e-06,13723,13723,6.086662,6.082477,2.2963e-02
dev-corpus-06,4469,1133,5.231393e-07,9139,9139,4.033157,4.033458,1.4999e-02
dev-corpus-06,4470,4030,7.164369e-07,9139,9139,1.948887,1.949369,2.3654e-02
dev-corpus-06,4471,2948,3.334103e-07,9139,9139,5.377927,5.373409,1.5807e-02
dev-corpus-06,4472,9139,3.444005e-08,9139,9139,0.078182,0.078212,1.2270e-02
dev-corpus-06,4473,236761,2.270958e-07,236761,236761,0.477239,0.477586,1.2116e-02
dev-corpus-06,4474,107,5.700399e-08,107,107,0.020887,0.020879,1.4409e-02
dev-corpus-06,4475,236778,4.026316e-09,236778,236778,0.002138,0.002139,1.2619e-02
dev-corpus-06,4476,236761,1.246127e-10,236761,236761,0.000025,0.000025,1.3917e-02
dev-corpus-06,4477,14584,3.036239e-06,54866,54866,7.125042,7.137470,3.2417e-02
dev-corpus-06,4478,19791,1.906638e-07,236787,236787,16.801953,16.797409,1.3207e-02
dev-corpus-06,4479,236787,2.773182e-08,236787,236787,0.086520,0.086587,9.3932e-03
dev-corpus-06,4480,22100,1.754676e-07,506,506,10.503164,10.503821,1.3157e-02
dev-corpus-06,4481,563,5.593127e-07,1374,1374,1.075934,1.074771,1.4777e-02
dev-corpus-06,4482,2462,6.552917e-07,496,496,2.041916,2.041785,1.2960e-02
dev-corpus-06,4483,614,2.577158e-07,496,496,2.788430,2.787663,1.3171e-02
dev-corpus-06,4484,2132,9.534341e-08,2132,2132,0.439508,0.439691,1.9115e-02
dev-corpus-06,4485,11231,1.808810e-07,5415,5415,2.041276,2.041511,1.0877e-02
dev-corpus-06,4486,1056,2.402400e-08,236764,236764,5.179096,5.178461,1.0457e-02
dev-corpus-06,4487,625,5.601613e-07,11691,11691,4.110726,4.113345,1.5830e-02
dev-corpus-06,4488,3952,1.669267e-08,3952,3952,0.034644,0.034646,1.1877e-02
dev-corpus-06,4489,531,2.293869e-09,531,531,0.000824,0.000825,1.1169e-02
dev-corpus-06,4490,1027,4.930513e-07,11691,11691,3.236291,3.235489,1.5127e-02
dev-corpus-06,4491,4260,2.744128e-07,7408,7408,10.044237,10.044203,1.3783e-02
dev-corpus-06,4492,529,1.123911e-10,529,529,0.000112,0.000112,9.3017e-03
dev-corpus-06,4493,7408,4.540250e-07,7408,7408,0.267251,0.267149,1.4856e-02
dev-corpus-06,4494,236761,3.977872e-08,236761,236761,0.701927,0.701689,1.0239e-02
dev-corpus-06,4495,107,7.091521e-07,107,107,1.332697,1.333399,1.7921e-02
dev-corpus-06,4496,236800,1.901371e-09,236800,236800,0.001712,0.001714,1.1283e-02
dev-corpus-06,4497,236761,5.354967e-11,236761,236761,0.000022,0.000022,1.3089e-02
dev-corpus-06,4498,23531,2.708051e-07,54866,54866,11.567971,11.571560,1.9267e-02
dev-corpus-06,4499,59461,6.874599e-08,59461,59461,0.036907,0.036975,1.9612e-02
dev-corpus-06,4500,32735,4.714058e-08,135398,135398,13.277094,13.275337,1.1008e-02
dev-corpus-06,4501,568,4.384467e-08,236787,236787,0.932729,0.932433,1.2846e-02
dev-corpus-06,4502,27478,8.264348e-09,27478,27478,0.001114,0.001118,1.7270e-02
dev-corpus-06,4503,1473,6.538989e-08,1473,1473,0.027157,0.027214,1.0782e-02
dev-corpus-06,4504,8035,1.698118e-06,1637,1637,10.107009,10.104210,2.0188e-02
dev-corpus-06,4505,9168,2.253474e-07,625,625,4.408585,4.409756,1.3887e-02
dev-corpus-06,4506,32735,8.797614e-08,32735,32735,0.356156,0.356383,9.9868e-03
dev-corpus-06,4507,563,3.712926e-07,563,563,0.951780,0.952491,1.3186e-02
dev-corpus-06,4508,4891,2.724099e-07,496,496,14.421084,14.422550,1.2352e-02
dev-corpus-06,4509,607,2.249692e-06,919,919,5.472758,5.472023,1.2481e-02
dev-corpus-06,4510,1346,5.137449e-07,919,919,4.796168,4.799085,1.2595e-02
dev-corpus-06,4511,140350,3.652651e-07,33640,33640,3.287540,3.287490,1.9129e-02
dev-corpus-06,4512,49808,4.027542e-07,236764,236764,2.442846,2.442299,1.5748e-02
dev-corpus-06,4513,236764,2.940536e-09,236764,236764,0.005487,0.005490,8.7512e-03
dev-corpus-06,4514,506,2.862981e-07,625,625,3.375887,3.375637,1.4305e-02
dev-corpus-06,4515,3325,6.184973e-07,3325,3325,1.202375,1.202947,1.9931e-02
dev-corpus-06,4516,529,3.228850e-07,529,529,0.131247,0.131408,9.2608e-03
dev-corpus-06,4517,111424,3.831648e-07,506,506,1.634016,1.635241,1.3275e-02
dev-corpus-06,4518,2473,2.283040e-07,1374,1374,6.520801,6.520228,1.2644e-02
dev-corpus-06,4519,9729,9.343444e-08,9729,9729,0.580254,0.580193,9.6383e-03
dev-corpus-06,4520,699,3.560707e-07,236761,236761,2.165089,2.164223,1.2413e-02
dev-corpus-06,4521,886,2.113282e-07,886,886,0.256439,0.256667,1.6897e-02
dev-corpus-06,4522,6347,4.723180e-07,2028,2028,9.151459,9.147630,2.0481e-02
dev-corpus-06,4523,531,1.748676e-09,529,529,1.074534,1.074586,1.1494e-02
dev-corpus-06,4524,2264,4.768488e-09,2264,2264,0.171514,0.171544,1.5160e-02
dev-corpus-06,4525,236761,2.654520e-09,236761,236761,0.078449,0.078453,1.0493e-02
dev-corpus-06,4526,1593,1.914735e-07,107,107,6.125195,6.124838,1.3386e-02
dev-corpus-06,4527,625,1.473160e-07,236764,236764,2.292708,2.292911,1.3234e-02
dev-corpus-06,4528,236789,7.397724e-08,563,563,0.772037,0.771658,1.0446e-02
dev-corpus-06,4529,236751,7.527933e-10,236751,236751,0.000195,0.000194,9.8920e-03
dev-corpus-06,4530,2462,1.291953e-07,5367,5367,4.626033,4.626737,1.3976e-02
dev-corpus-06,4531,1535,5.377024e-07,496,496,1.849766,1.848349,1.2642e-02
dev-corpus-06,4532,531,7.884881e-08,531,531,0.032426,0.032448,1.3007e-02
dev-corpus-06,4533,1676,3.643805e-07,2426,2426,3.877336,3.874494,1.7313e-02
dev-corpus-06,4534,1070,3.281459e-08,10595,10595,3.589783,3.589498,1.1945e-02
dev-corpus-06,4535,10595,1.242583e-08,10595,10595,0.035761,0.035751,1.2388e-02
dev-corpus-06,4536,2101,2.371744e-07,531,531,7.942388,7.940374,1.4337e-02
dev-corpus-06,4537,625,1.444335e-07,506,506,3.481449,3.482539,1.7357e-02
dev-corpus-06,4538,236761,2.216097e-08,236761,236761,0.111392,0.111393,1.1122e-02
dev-corpus-06,4539,107,1.121811e-08,107,107,0.025614,0.025627,1.1474e-02
dev-corpus-06,4540,236812,6.092636e-09,236812,236812,0.002668,0.002665,1.6934e-02
dev-corpus-06,4541,236761,1.121943e-10,236761,236761,0.000063,0.000063,1.2898e-02
dev-corpus-06,4542,18424,3.462099e-07,54866,54866,15.725277,15.726973,2.6354e-02
dev-corpus-06,4543,3739,5.586089e-07,151162,151162,10.598561,10.600633,1.4738e-02
dev-corpus-06,4544,532,7.963391e-08,236787,236787,3.858884,3.860032,1.1777e-02
dev-corpus-06,4545,4065,5.263382e-07,4065,4065,1.379750,1.380196,1.6751e-02
dev-corpus-06,4546,236787,1.326511e-08,236787,236787,0.005220,0.005230,1.2817e-02
dev-corpus-06,4547,1030,2.110155e-07,4943,4943,4.472539,4.472731,1.8504e-02
dev-corpus-06,4548,563,4.357198e-08,236789,236789,1.051014,1.051316,1.0518e-02
dev-corpus-06,4549,4180,3.961987e-07,5367,5367,9.966974,9.964625,1.4967e-02
dev-corpus-06,4550,496,4.597827e-07,2462,2462,4.453700,4.452725,1.1174e-02
dev-corpus-06,4551,6606,1.964409e-07,2238,2238,8.063162,8.061502,1.1179e-02
dev-corpus-06,4552,1492,4.120281e-07,49808,49808,2.221191,2.221632,1.4992e-02
dev-corpus-06,4553,600,7.720240e-08,573,573,1.172562,1.172371,1.3397e-02
dev-corpus-06,4554,1418,3.517330e-07,33640,33640,4.184926,4.185598,2.1007e-02
dev-corpus-06,4555,3262,6.306834e-07,54677,54677,5.634301,5.636451,1.7045e-02
dev-corpus-06,4556,54677,6.826843e-07,5500,5500,1.674266,1.673310,1.8175e-02
dev-corpus-06,4557,2544,9.360718e-07,815,815,5.182705,5.187122,1.8935e-02
dev-corpus-06,4558,815,6.186009e-08,815,815,0.521459,0.521331,1.0721e-02
dev-corpus-06,4559,5535,1.015599e-07,496,496,5.269143,5.267109,1.0765e-02
dev-corpus-06,4560,506,1.638957e-07,496,496,9.198579,9.198943,1.0645e-02
dev-corpus-06,4561,7041,1.125379e-06,6551,6551,4.385506,4.383045,1.4005e-02
dev-corpus-06,4562,6551,3.357555e-08,6551,6551,0.133222,0.133192,1.2994e-02
dev-corpus-06,4563,3739,2.997082e-08,3739,3739,0.412132,0.412036,1.2224e-02
dev-corpus-06,4564,607,6.172120e-08,236761,236761,2.516826,2.516673,1.0475e-02
dev-corpus-06,4565,1070,3.416020e-07,3572,3572,3.336673,3.337551,1.6061e-02
dev-corpus-06,4566,1138,5.644115e-07,4065,4065,8.505066,8.502188,1.4697e-02
dev-corpus-06,4567,236772,1.297073e-07,236772,236772,0.045176,0.045273,1.1455e-02
dev-corpus-06,4568,498,1.973020e-07,1190,1190,1.344365,1.343368,1.2177e-02
dev-corpus-06,4569,4065,3.910627e-08,4065,4065,0.147847,0.147798,1.1210e-02
dev-corpus-06,4570,236761,1.857436e-07,236761,236761,0.493499,0.493194,1.3429e-02
dev-corpus-06,4571,2024,1.519964e-07,1593,1593,6.313142,6.311376,1.6243e-02
dev-corpus-06,4572,1070,2.237216e-07,506,506,2.196132,2.195918,1.3624e-02
dev-corpus-06,4573,4699,7.745431e-07,33640,33640,2.798753,2.798194,2.2309e-02
dev-corpus-06,4574,2729,4.274699e-07,735,735,3.005628,3.005270,1.2787e-02
dev-corpus-06,4575,1623,6.655703e-07,919,919,4.909129,4.908239,1.7627e-02
dev-corpus-06,4576,573,1.270775e-07,919,919,14.669558,14.670165,9.9635e-03
dev-corpus-06,4577,5851,4.308899e-07,506,506,14.940213,14.937670,1.5237e-02
dev-corpus-06,4578,236772,1.228797e-07,236772,236772,0.266617,0.266838,9.5735e-03
dev-corpus-06,4579,102059,8.171155e-08,118291,118291,8.616160,8.615765,1.1309e-02
dev-corpus-06,4580,12239,8.937385e-08,2256,2256,2.967823,2.968001,1.5187e-02
dev-corpus-06,4581,1082,6.662019e-07,532,532,4.454204,4.455348,1.2721e-02
dev-corpus-06,4582,3496,1.513789e-08,3496,3496,0.075372,0.075364,1.4042e-02
dev-corpus-06,4583,236761,8.446113e-09,236761,236761,0.140989,0.140990,1.0976e-02
dev-corpus-06,4584,107,2.085116e-07,107,107,0.238654,0.238960,1.1955e-02
dev-corpus-06,4585,236810,5.557844e-09,236810,236810,0.002074,0.002078,1.0994e-02
dev-corpus-06,4586,236761,5.761939e-11,236761,236761,0.000028,0.000028,1.3137e-02
dev-corpus-06,4587,90917,1.458647e-07,54866,54866,15.438690,15.438781,1.7140e-02
dev-corpus-06,4588,1624,9.625813e-07,2109,2109,1.213387,1.211884,1.0897e-02
dev-corpus-06,4589,236787,1.784535e-08,236787,236787,0.771728,0.771693,1.0915e-02
dev-corpus-06,4590,1637,2.451580e-07,1637,1637,1.590611,1.591331,1.6340e-02
dev-corpus-06,4591,611,2.843016e-07,611,611,0.650860,0.651226,1.3937e-02
dev-corpus-06,4592,659,3.701715e-07,659,659,1.200518,1.200597,1.2145e-02
dev-corpus-06,4593,496,3.026916e-07,1771,1771,4.592931,4.594565,1.3790e-02
dev-corpus-06,4594,17597,5.758561e-07,1589,1589,1.870703,1.869898,1.4546e-02
dev-corpus-06,4595,75507,9.336139e-08,67302,67302,1.368845,1.368550,1.1596e-02
dev-corpus-06,4596,236764,1.510225e-07,236764,236764,0.071131,0.071234,9.9868e-03
dev-corpus-06,4597,1299,1.446703e-07,496,496,2.523109,2.522501,1.3686e-02
dev-corpus-06,4598,496,1.109842e-07,496,496,0.212874,0.213041,1.1044e-02
dev-corpus-06,4599,11236,5.438557e-07,6081,6081,4.622309,4.623509,1.5017e-02
dev-corpus-06,4600,532,3.876202e-07,6081,6081,1.389668,1.390476,1.8151e-02
dev-corpus-06,4601,16317,3.115137e-07,22937,22937,4.668511,4.668432,1.6279e-02
dev-corpus-06,4602,54677,1.691510e-07,6081,6081,10.195880,10.202334,1.6977e-02
dev-corpus-06,4603,6081,4.034766e-07,607,607,5.947294,5.944760,1.3257e-02
dev-corpus-06,4604,1624,5.060980e-08,1624,1624,0.035058,0.035000,1.3009e-02
dev-corpus-06,4605,2473,2.184124e-07,563,563,2.732570,2.733384,1.1694e-02
dev-corpus-06,4606,577,2.101963e-08,577,577,0.015150,0.015146,9.3803e-03
dev-corpus-06,4607,1535,7.658707e-07,496,496,5.229618,5.227238,1.8802e-02
dev-corpus-07,4608,107,2.060861e-05,236858,236858,12.910968,12.888898,4.1563e-02
dev-corpus-07,4609,98,1.283471e-05,9731,9731,16.071222,16.080141,4.5834e-02
dev-corpus-07,4610,107,3.863680e-05,100,100,10.145204,10.146333,3.7383e-02
dev-corpus-07,4611,106,7.636673e-05,100,100,10.332727,10.337880,5.4975e-02
dev-corpus-07,4612,107,1.764667e-04,14585,14585,9.259858,9.253633,1.0042e-01
dev-corpus-07,4613,105,9.082920e-06,140,140,20.202100,20.207410,6.9944e-02
dev-corpus-07,4614,2364,8.688416e-07,198,198,30.078230,30.004503,2.0507e-01
dev-corpus-07,4615,107,1.566612e-04,3004,42168,13.152595,13.156137,8.7100e-02
dev-corpus-07,4616,3910,1.842417e-05,100,100,11.419487,11.432079,5.5085e-02
dev-corpus-07,4617,1677,7.416978e-07,776,776,2.138703,2.139701,2.4834e-02
dev-corpus-07,4618,506,6.503343e-06,93036,93036,2.396323,2.396863,3.4890e-02
dev-corpus-07,4619,9115,1.376574e-05,3495,3495,14.480974,14.477487,3.6185e-02
dev-corpus-07,4620,22645,1.824890e-06,3658,3658,12.467093,12.464115,2.6931e-02
dev-corpus-07,4621,1458,2.123846e-07,1458,1458,0.018111,0.018198,2.1129e-02
dev-corpus-07,4622,981,3.573044e-07,981,981,0.093363,0.093585,2.0918e-02
dev-corpus-07,4623,236881,1.895496e-07,236881,236881,0.047728,0.047854,1.7636e-02
dev-corpus-07,4624,106,1.676887e-06,108,108,5.555651,5.553366,3.4579e-02
dev-corpus-07,4625,107,2.123143e-05,100,100,4.426828,4.480866,9.5509e-02
dev-corpus-07,4626,105,5.264372e-06,818,818,16.513459,16.518701,3.4572e-02
dev-corpus-07,4627,4368,9.505330e-05,18645,18645,20.270548,20.201932,1.1438e-01
dev-corpus-07,4628,107,7.627229e-06,100,100,8.985138,8.966671,3.6106e-02
dev-corpus-07,4629,7795,4.918218e-08,100,100,19.987066,19.988428,2.6329e-02
dev-corpus-07,4630,42792,1.563235e-06,529,529,2.627540,2.626513,1.6082e-02
dev-corpus-07,4631,815,8.371319e-07,528,528,2.444374,2.444625,1.6288e-02
dev-corpus-07,4632,1156,9.657157e-07,5213,5213,2.807876,2.805699,1.0267e-02
dev-corpus-07,4633,20644,8.756301e-07,20644,20644,0.514035,0.513067,2.0413e-02
dev-corpus-07,4634,236761,6.607917e-07,236764,236764,5.402162,5.401453,1.0067e-02
dev-corpus-07,4635,669,5.058753e-07,669,669,0.442865,0.442595,1.3769e-02
dev-corpus-07,4636,1171,6.118310e-07,1458,1458,1.742584,1.744410,1.6640e-02
dev-corpus-07,4637,10744,2.561359e-08,10744,10744,0.357027,0.357052,1.3568e-02
dev-corpus-07,4638,563,3.659589e-08,563,563,0.128936,0.128927,9.7293e-03
dev-corpus-07,4639,573,1.369896e-07,573,573,0.122886,0.122964,1.3572e-02
dev-corpus-07,4640,496,5.002168e-07,496,496,0.189146,0.188720,2.2107e-02
dev-corpus-07,4641,1982,4.656114e-07,5213,5213,4.694767,4.696406,1.9920e-02
dev-corpus-07,4642,64272,1.359252e-07,11054,11054,5.421466,5.417568,1.6855e-02
dev-corpus-07,4643,11054,2.128726e-07,11054,11054,0.020108,0.020173,1.4416e-02
dev-corpus-07,4644,236761,4.157446e-07,236764,236764,6.846887,6.849142,1.3232e-02
dev-corpus-07,4645,669,2.058753e-08,669,669,0.030808,0.030840,1.4262e-02
dev-corpus-07,4646,11054,1.590132e-08,1855,1855,11.783775,11.798744,2.5295e-02
dev-corpus-07,4647,607,5.509006e-07,1015,1015,2.874411,2.874516,1.3862e-02
dev-corpus-07,4648,506,3.674844e-09,506,506,0.000812,0.000812,1.5057e-02
dev-corpus-07,4649,6658,4.829855e-09,1346,1346,13.676499,13.677813,1.4809e-02
dev-corpus-07,4650,8862,1.930829e-07,1346,1346,0.810293,0.810751,1.8076e-02
dev-corpus-07,4651,21500,7.900772e-07,529,529,5.968157,5.972557,1.5918e-02
dev-corpus-07,4652,496,1.188233e-06,506,506,4.995333,5.002575,2.2295e-02
dev-corpus-07,4653,23535,4.735529e-06,11171,11171,6.818942,6.812708,1.9659e-02
dev-corpus-07,4654,11171,1.243757e-07,11171,11171,0.072293,0.072329,1.9831e-02
dev-corpus-07,4655,528,4.338754e-07,236761,236761,1.709650,1.707964,1.3549e-02
dev-corpus-07,4656,26778,2.094634e-08,506,506,5.082182,5.080038,1.7386e-02
dev-corpus-07,4657,236761,3.543941e-07,236761,236761,0.094425,0.094678,1.2921e-02
dev-corpus-07,4658,669,4.129527e-08,669,669,0.041320,0.041295,1.4005e-02
dev-corpus-07,4659,1855,1.735232e-08,1855,1855,0.005757,0.005767,1.4235e-02
dev-corpus-07,4660,10744,3.540895e-09,10744,10744,0.001282,0.001283,1.2342e-02
dev-corpus-07,4661,563,6.272460e-08,563,563,0.113126,0.113145,1.4287e-02
dev-corpus-07,4662,573,1.852866e-07,573,573,0.054110,0.054018,1.7456e-02
dev-corpus-07,4663,496,5.815658e-08,496,496,0.019103,0.019088,2.8635e-02
dev-corpus-07,4664,4598,4.662294e-07,5255,5255,0.718135,0.718929,2.5778e-02
dev-corpus-07,4665,236789,5.374228e-08,1694,1694,8.972813,8.975455,2.1804e-02
dev-corpus-07,4666,236751,2.633091e-10,236751,236751,0.000037,0.000037,1.2560e-02
dev-corpus-07,4667,1694,6.298411e-08,1694,1694,0.033339,0.033368,2.6014e-02
dev-corpus-07,4668,529,3.299518e-07,236761,236761,1.790721,1.789692,1.7270e-02
dev-corpus-07,4669,13176,6.947438e-09,13176,13176,0.002445,0.002444,2.3786e-02
dev-corpus-07,4670,236764,1.918724e-07,236761,236761,2.561422,2.559937,1.5673e-02
dev-corpus-07,4671,837,1.613790e-07,532,532,1.085362,1.084989,1.3554e-02
dev-corpus-07,4672,16819,1.517218e-06,23521,23521,12.028744,12.027524,1.8818e-02
dev-corpus-07,4673,657,1.292217e-06,531,531,7.816896,7.817139,1.4609e-02
dev-corpus-07,4674,506,8.596988e-08,506,506,0.113071,0.112966,1.6126e-02
dev-corpus-07,4675,1883,1.289995e-06,1883,1883,0.684037,0.684301,2.2198e-02
dev-corpus-07,4676,1984,3.517920e-07,1984,1984,0.073978,0.074193,1.8775e-02
dev-corpus-07,4677,236761,2.781106e-07,236761,236761,0.121372,0.121599,1.7860e-02
dev-corpus-07,4678,669,4.918490e-07,1174,1174,1.119142,1.118995,1.8940e-02
dev-corpus-07,4679,1855,1.188005e-06,17823,17823,1.955351,1.956341,2.1379e-02
dev-corpus-07,4680,10744,1.550136e-09,10744,10744,0.003641,0.003640,1.3522e-02
dev-corpus-07,4681,23521,2.288931e-07,563,563,0.939964,0.939760,1.6541e-02
dev-corpus-07,4682,506,9.596212e-08,506,506,0.271788,0.271788,2.2838e-02
dev-corpus-07,4683,6782,1.621750e-06,6782,6782,0.788605,0.786874,2.1937e-02
dev-corpus-07,4684,20688,6.077078e-07,5296,5296,3.549965,3.549192,1.6680e-02
dev-corpus-07,4685,4598,4.868671e-07,5296,5296,11.696194,11.693344,1.4212e-02
dev-corpus-07,4686,10065,5.186165e-07,10065,10065,0.295653,0.295508,1.8817e-02
dev-corpus-07,4687,528,9.634944e-07,236761,236761,1.682522,1.684556,1.7789e-02
dev-corpus-07,4688,506,4.696464e-07,26778,26778,1.226191,1.225072,2.5935e-02
dev-corpus-07,4689,26778,8.783803e-07,214934,214934,1.956696,1.956981,2.4236e-02
dev-corpus-07,4690,236761,2.980866e-08,236761,236761,0.022821,0.022800,1.5267e-02
dev-corpus-07,4691,7178,2.235979e-06,108,108,9.335907,9.338072,1.8307e-02
dev-corpus-07,4692,14467,4.882029e-07,990,990,6.218514,6.226118,2.2078e-02
dev-corpus-07,4693,17823,7.201449e-08,17823,17823,0.038294,0.038251,2.4097e-02
dev-corpus-07,4694,2473,7.162832e-07,659,659,5.871498,5.872520,1.9359e-02
dev-corpus-07,4695,577,4.588359e-07,577,577,0.784682,0.783943,1.7749e-02
dev-corpus-07,4696,3742,1.095673e-06,4127,4127,3.444168,3.441516,1.5382e-02
dev-corpus-07,4697,531,2.182505e-07,531,531,0.523888,0.524234,1.6454e-02
dev-corpus-07,4698,16529,1.692473e-06,25430,25430,5.022988,5.021326,1.9004e-02
dev-corpus-07,4699,506,6.430006e-07,506,506,0.170319,0.170490,2.3861e-02
dev-corpus-07,4700,1982,1.391510e-05,119429,119429,2.246844,2.242143,3.1612e-02
dev-corpus-07,4701,77408,1.599174e-06,64272,64272,1.921920,1.920551,1.8654e-02
dev-corpus-07,4702,699,8.464136e-08,236761,236761,4.423514,4.423843,1.6235e-02
dev-corpus-07,4703,506,1.258882e-06,506,506,0.422635,0.422526,2.2611e-02
dev-corpus-07,4704,1171,1.801864e-07,1171,1171,0.491703,0.491504,1.9319e-02
dev-corpus-07,4705,10744,2.101824e-09,10744,10744,0.007736,0.007735,1.6994e-02
dev-corpus-07,4706,236761,9.008579e-08,236761,236761,0.113740,0.113700,1.5843e-02
dev-corpus-07,4707,106,2.608626e-06,108,108,2.338527,2.342979,3.1865e-02
dev-corpus-07,4708,107,4.297526e-06,818,818,8.640738,8.651798,2.7787e-02
dev-corpus-07,4709,105,1.072412e-06,100,100,20.895079,20.899510,1.8987e-02
dev-corpus-07,4710,2364,1.504916e-05,198,198,16.465542,16.443889,5.1434e-02
dev-corpus-07,4711,107,4.280091e-06,100,100,4.219817,4.219799,3.0581e-02
dev-corpus-07,4712,3689,3.180705e-07,100,100,8.867510,8.865764,4.3001e-02
dev-corpus-07,4713,563,2.343479e-07,563,563,0.499910,0.499795,1.6192e-02
dev-corpus-07,4714,506,1.195569e-07,506,506,0.068118,0.068199,2.2375e-02
dev-corpus-07,4715,1791,1.623799e-06,17141,17141,9.495705,9.501025,2.2343e-02
dev-corpus-07,4716,4563,4.068765e-07,1595,1595,12.093489,12.091410,1.8441e-02
dev-corpus-07,4717,573,7.405169e-07,573,573,0.537204,0.538004,1.5217e-02
dev-corpus-07,4718,496,1.014008e-06,496,496,0.403015,0.402952,2.8346e-02
dev-corpus-07,4719,2523,2.284749e-05,42792,42792,6.885501,6.882195,5.1055e-02
dev-corpus-07,4720,17640,1.333759e-05,531,531,1.870720,1.861325,3.6113e-02
dev-corpus-07,4721,528,2.652254e-06,236881,236881,0.965839,0.967121,3.0005e-02
dev-corpus-07,4722,16425,2.327146e-07,9405,9405,14.129568,14.131180,1.7974e-02
dev-corpus-07,4723,3879,3.617469e-07,3879,3879,0.222187,0.222588,1.6873e-02
dev-corpus-07,4724,236881,1.290162e-07,236881,236881,0.041582,0.041495,1.6426e-02
dev-corpus-07,4725,106,1.651387e-06,108,108,1.767672,1.765548,2.1286e-02
dev-corpus-07,4726,107,7.368907e-06,199,199,24.313846,24.342655,4.5097e-02
dev-corpus-07,4727,105,1.047154e-07,100,100,21.056514,21.052728,2.5849e-02
dev-corpus-07,4728,4368,3.629425e-06,198,198,15.959767,15.936986,7.5971e-02
dev-corpus-07,4729,107,6.199863e-09,100,100,8.218449,8.221157,5.3501e-02
dev-corpus-07,4730,818,3.582137e-09,100,100,8.839831,8.836940,1.7681e-02
dev-corpus-07,4731,1791,1.095548e-08,623,623,5.494854,5.494386,1.0293e-02
dev-corpus-07,4732,4563,3.383468e-10,4563,4563,0.000627,0.000626,1.5074e-02
dev-corpus-07,4733,9796,3.262914e-09,573,573,5.011102,5.010595,1.2578e-02
dev-corpus-07,4734,580,1.315159e-07,11716,11716,5.871053,5.869740,1.0325e-02
dev-corpus-07,4735,3141,3.797358e-08,1144,1144,17.345290,17.336964,1.4970e-02
dev-corpus-07,4736,38527,1.396628e-07,2523,2523,4.651161,4.653775,1.1755e-02
dev-corpus-07,4737,532,9.532850e-08,236764,236764,3.663238,3.664364,1.1244e-02
dev-corpus-07,4738,22195,7.605303e-07,1144,1144,3.800425,3.794504,1.5571e-02
dev-corpus-07,4739,236761,7.512737e-07,237028,237028,2.663134,2.660663,1.1294e-02
dev-corpus-07,4740,138,4.589710e-06,2282,2282,13.746592,13.746339,2.8437e-02
dev-corpus-07,4741,108,4.338703e-07,2021,2021,12.010927,12.017286,2.1729e-02
dev-corpus-07,4742,2542,9.057967e-07,2021,2021,3.700656,3.699092,1.2986e-02
dev-corpus-07,4743,496,6.981430e-08,5213,5213,0.883176,0.883331,1.7949e-02
dev-corpus-07,4744,17640,5.587807e-07,5213,5213,9.649072,9.656550,1.5242e-02
dev-corpus-07,4745,528,4.663220e-07,10317,10317,6.155211,6.154664,1.3061e-02
dev-corpus-07,4746,496,2.502728e-07,5213,5213,5.318395,5.317128,1.2613e-02
dev-corpus-07,4747,3207,1.029390e-06,2523,2523,3.156576,3.157304,1.3736e-02
dev-corpus-07,4748,236764,3.835662e-07,6514,6514,2.477486,2.477827,1.3314e-02
dev-corpus-07,4749,611,1.925488e-07,5213,5213,3.934217,3.934393,1.5498e-02
dev-corpus-07,4750,740,8.823046e-09,2473,2473,6.669587,6.669523,9.6111e-03
dev-corpus-07,4751,236858,1.908828e-06,1966,1966,12.886672,12.889828,1.3068e-02
dev-corpus-07,4752,236745,3.463597e-11,236745,236745,0.000031,0.000031,1.1090e-02
dev-corpus-07,4753,12222,5.196469e-09,817,817,3.931897,3.931579,1.4945e-02
dev-corpus-07,4754,9079,3.718917e-08,5213,5213,6.223907,6.224755,1.3508e-02
dev-corpus-07,4755,236761,4.355257e-08,236764,236764,5.201817,5.201617,1.2256e-02
dev-corpus-07,4756,138,1.134628e-06,1030,1030,2.568547,2.568414,1.5349e-02
dev-corpus-07,4757,3810,1.168762e-06,108,108,7.711942,7.708948,1.9072e-02
dev-corpus-07,4758,563,3.103122e-07,563,563,0.796277,0.795695,1.3182e-02
dev-corpus-07,4759,496,9.420321e-07,2613,2613,1.825853,1.825062,1.7223e-02
dev-corpus-07,4760,2455,3.919509e-07,2606,2606,6.446406,6.446993,1.9662e-02
dev-corpus-07,4761,2644,7.745553e-07,6236,6236,3.947220,3.945538,1.4566e-02
dev-corpus-07,4762,529,2.383937e-10,529,529,0.000254,0.000254,1.0915e-02
dev-corpus-07,4763,2487,5.626466e-07,41850,41850,9.032090,9.030554,1.6419e-02
dev-corpus-07,4764,27249,5.573346e-07,5085,5085,8.004338,8.006388,1.6247e-02
dev-corpus-07,4765,236764,1.099804e-07,236764,236764,0.407154,0.406929,1.2832e-02
dev-corpus-07,4766,699,1.413856e-06,6540,6540,7.660879,7.664862,2.1826e-02
dev-corpus-07,4767,46387,1.143035e-06,1494,1494,3.285986,3.288837,1.7334e-02
dev-corpus-07,4768,50560,1.410176e-06,531,531,2.559760,2.557784,1.9283e-02
dev-corpus-07,4769,2550,8.745806e-10,2550,2550,0.000061,0.000060,1.2213e-02
dev-corpus-07,4770,532,1.026635e-07,531,531,8.123119,8.122648,1.5356e-02
dev-corpus-07,4771,70665,1.429385e-06,70665,70665,0.858997,0.858199,2.1894e-02
dev-corpus-07,4772,236764,8.404945e-08,531,531,6.883613,6.883689,1.5433e-02
dev-corpus-07,4773,531,2.368634e-07,531,531,0.015382,0.015300,1.4144e-02
dev-corpus-07,4774,1401,6.579838e-07,1494,1494,4.325327,4.327457,1.4573e-02
dev-corpus-07,4775,11162,1.058214e-07,1494,1494,1.166117,1.166488,1.3660e-02
dev-corpus-07,4776,236764,2.789064e-07,5851,5851,4.513494,4.511423,1.7921e-02
dev-corpus-07,4777,94942,3.550043e-07,1494,1494,2.211223,2.211518,2.4666e-02
dev-corpus-07,4778,63844,2.845253e-10,236772,236772,8.908514,8.909422,1.7305e-02
dev-corpus-07,4779,12616,1.336110e-07,12616,12616,0.182912,0.183115,1.6499e-02
dev-corpus-07,4780,236761,3.124032e-08,236761,236761,0.036376,0.036419,1.1318e-02
dev-corpus-07,4781,138,7.809154e-07,138,138,0.548636,0.548230,2.4386e-02
dev-corpus-07,4782,1509,1.195637e-06,818,818,2.145420,2.142423,2.1658e-02
dev-corpus-07,4783,563,5.790257e-07,563,563,0.983260,0.983746,1.7864e-02
dev-corpus-07,4784,2651,1.184931e-06,496,496,8.759313,8.763274,2.0440e-02
dev-corpus-07,4785,531,3.938311e-09,531,531,0.008587,0.008594,1.4523e-02
dev-corpus-07,4786,974,1.252312e-06,1586,1586,3.850385,3.850321,2.2870e-02
dev-corpus-07,4787,496,2.446692e-06,5745,5745,6.621588,6.622490,1.8525e-02
dev-corpus-07,4788,4287,3.957061e-06,5113,5113,3.968244,3.956601,3.9368e-02
dev-corpus-07,4789,13294,1.359519e-06,13294,13294,0.523356,0.522183,1.6673e-02
dev-corpus-07,4790,528,2.089995e-06,528,528,1.127871,1.128601,1.7086e-02
dev-corpus-07,4791,9079,8.010178e-07,9079,9079,0.098003,0.097666,2.1377e-02
dev-corpus-07,4792,236761,2.871696e-07,236761,236761,0.546517,0.547126,1.3794e-02
dev-corpus-07,4793,138,1.476279e-07,138,138,0.188499,0.188378,2.1317e-02
dev-corpus-07,4794,818,1.028150e-06,818,818,1.369238,1.369794,3.0136e-02
dev-corpus-07,4795,98615,5.895377e-07,3207,3207,5.768991,5.766711,2.3625e-02
dev-corpus-07,4796,992,6.642418e-07,198,198,8.005181,8.007335,1.5764e-02
dev-corpus-07,4797,563,7.270770e-07,198,198,2.564384,2.563696,1.3647e-02
dev-corpus-07,4798,15978,9.104447e-07,7516,7516,5.742722,5.742161,1.9925e-02
dev-corpus-07,4799,236764,4.000466e-08,236764,236764,0.472682,0.472731,1.3551e-02
dev-corpus-07,4800,607,1.521302e-06,607,607,0.651414,0.651004,1.8216e-02
dev-corpus-07,4801,4532,1.162802e-06,70836,70836,14.116696,14.114130,1.9451e-02
dev-corpus-07,4802,13217,2.410649e-07,70836,70836,2.309670,2.309357,1.7534e-02
dev-corpus-07,4803,9292,4.344134e-07,236764,236764,7.974529,7.974703,1.5230e-02
dev-corpus-07,4804,607,1.669828e-08,607,607,0.008174,0.008187,1.6447e-02
dev-corpus-07,4805,9760,3.180540e-07,11858,11858,4.037422,4.035083,1.6415e-02
dev-corpus-07,4806,9108,5.979477e-07,50744,50744,4.071229,4.074131,2.2969e-02
dev-corpus-07,4807,236764,1.912997e-07,236761,236761,2.577859,2.577775,1.6462e-02
dev-corpus-07,4808,532,4.404237e-07,532,532,1.320248,1.319815,1.8862e-02
dev-corpus-07,4809,1551,8.455676e-07,506,506,3.317614,3.317268,2.3450e-02
dev-corpus-07,4810,41850,3.554909e-06,41850,41850,1.144056,1.145196,3.1217e-02
dev-corpus-07,4811,531,1.064125e-06,236761,236761,1.332852,1.331591,1.8386e-02
dev-corpus-07,4812,5727,1.452036e-06,11327,11327,5.033972,5.034535,2.2418e-02
dev-corpus-07,4813,822,6.902058e-06,496,496,4.933437,4.932011,2.0912e-02
dev-corpus-07,4814,2668,2.120304e-06,2668,2668,0.661176,0.661636,2.2300e-02
dev-corpus-07,4815,236761,8.960173e-09,236761,236761,0.006294,0.006295,1.1834e-02
dev-corpus-07,4816,35640,3.018729e-07,138,138,12.141814,12.145310,2.0796e-02
dev-corpus-07,4817,2101,9.536852e-08,2101,2101,0.014725,0.014761,1.3862e-02
dev-corpus-07,4818,9079,2.858439e-07,563,563,2.356430,2.354977,1.3579e-02
dev-corpus-07,4819,563,6.595057e-07,563,563,0.134821,0.134599,1.7030e-02
dev-corpus-07,4820,1401,7.520281e-07,3735,3735,3.911422,3.915121,1.6669e-02
dev-corpus-07,4821,3735,1.353669e-08,3735,3735,0.133566,0.133583,1.5178e-02
dev-corpus-07,4822,236764,4.377959e-07,236764,236764,0.540203,0.540547,1.5793e-02
dev-corpus-07,4823,618,3.067843e-07,607,607,2.205854,2.205551,1.4484e-02
dev-corpus-07,4824,625,1.605216e-07,506,506,2.262885,2.262843,1.4162e-02
dev-corpus-07,4825,563,8.786857e-07,815,815,1.021027,1.022613,1.2334e-02
dev-corpus-07,4826,496,5.030586e-07,496,496,1.016951,1.017803,1.4824e-02
dev-corpus-07,4827,1401,3.407378e-06,1401,1401,1.616028,1.619054,1.7424e-02
dev-corpus-07,4828,232697,1.316398e-06,232697,232697,0.782762,0.783940,2.1184e-02
dev-corpus-07,4829,3207,3.875824e-08,3207,3207,0.013902,0.013903,1.4277e-02
dev-corpus-07,4830,532,6.199527e-07,236764,236764,2.146962,2.147329,1.4401e-02
dev-corpus-07,4831,992,5.940172e-07,506,506,4.129150,4.128418,1.7438e-02
dev-corpus-07,4832,815,3.119414e-07,815,815,0.067770,0.067677,1.7649e-02
dev-corpus-07,4833,614,1.545267e-07,614,614,0.651796,0.651968,2.0825e-02
dev-corpus-07,4834,8143,2.533382e-07,7516,7516,4.382500,4.380930,1.7395e-02
dev-corpus-07,4835,532,2.706219e-07,1237,1237,7.173301,7.174947,1.6455e-02
dev-corpus-07,4836,9150,7.307321e-07,12688,12688,6.927955,6.930310,2.0825e-02
dev-corpus-07,4837,46387,2.814716e-07,46387,46387,0.434235,0.434545,1.4684e-02
dev-corpus-07,4838,1237,8.506759e-08,1237,1237,0.569340,0.569456,1.5317e-02
dev-corpus-07,4839,14227,2.042277e-08,5203,5203,1.372727,1.373014,1.5503e-02
dev-corpus-07,4840,1458,6.528345e-08,1458,1458,0.048662,0.048584,1.5936e-02
dev-corpus-07,4841,236761,1.136962e-08,236761,236761,0.032587,0.032581,1.3504e-02
dev-corpus-07,4842,138,4.145386e-07,138,138,0.231676,0.231941,2.3215e-02
dev-corpus-07,4843,108,1.811512e-06,818,818,2.282924,2.283355,2.2269e-02
dev-corpus-07,4844,2542,2.849534e-08,2859,2859,1.309205,1.309229,1.5725e-02
dev-corpus-07,4845,496,4.698819e-07,496,496,0.425714,0.426234,1.6179e-02
dev-corpus-07,4846,13288,2.140110e-06,7642,7642,11.073613,11.077633,2.0236e-02
dev-corpus-07,4847,17640,2.131291e-06,17640,17640,1.425726,1.426917,1.8071e-02
dev-corpus-07,4848,236764,1.240364e-08,236764,236764,0.024324,0.024318,1.0791e-02
dev-corpus-07,4849,9630,5.312073e-07,611,611,1.281230,1.280779,1.8991e-02
dev-corpus-07,4850,22000,4.390806e-07,22000,22000,0.096153,0.096211,2.1733e-02
dev-corpus-07,4851,563,3.818460e-07,528,528,2.388248,2.386408,1.2199e-02
dev-corpus-07,4852,10455,4.096639e-07,496,496,4.261352,4.261407,1.8343e-02
dev-corpus-07,4853,236764,6.630498e-08,236761,236761,3.850469,3.851129,1.3417e-02
dev-corpus-07,4854,532,1.246848e-06,9722,9722,7.579073,7.575982,1.9355e-02
dev-corpus-07,4855,528,6.789095e-07,198,198,7.576842,7.578821,2.2699e-02
dev-corpus-07,4856,2931,6.401576e-07,506,506,3.089828,3.089273,2.0986e-02
dev-corpus-07,4857,16384,1.786572e-06,236764,236764,9.050430,9.043181,2.5388e-02
dev-corpus-07,4858,128914,2.258784e-09,128914,128914,0.000215,0.000216,2.6840e-02
dev-corpus-07,4859,236764,3.274973e-06,563,563,2.421912,2.420225,1.8479e-02
dev-corpus-07,4860,837,8.728458e-07,837,837,0.877194,0.878167,2.8170e-02
dev-corpus-07,4861,563,1.921945e-07,563,563,0.257147,0.257124,1.6640e-02
dev-corpus-07,4862,12865,4.022671e-06,496,496,10.653345,10.651205,3.1192e-02
dev-corpus-07,4863,18793,4.604505e-07,4542,4542,1.228326,1.228332,1.8200e-02
dev-corpus-07,4864,618,1.853037e-08,618,618,0.005000,0.005001,1.5836e-02
dev-corpus-07,4865,506,3.051195e-07,886,886,3.493659,3.495611,2.0739e-02
dev-corpus-07,4866,198857,3.846133e-07,1346,1346,2.924002,2.921490,1.5739e-02
dev-corpus-07,4867,9744,1.028207e-07,5148,5148,1.748888,1.749413,1.8740e-02
dev-corpus-07,4868,528,2.538697e-07,580,580,1.380497,1.381653,1.3350e-02
dev-corpus-07,4869,9630,1.359259e-06,506,506,8.715181,8.720491,1.8412e-02
dev-corpus-07,4870,22000,1.977618e-09,22000,22000,0.000204,0.000203,1.6866e-02
dev-corpus-07,4871,236761,1.322452e-08,236761,236761,0.009459,0.009455,1.3672e-02
dev-corpus-07,4872,138,1.417618e-06,669,669,1.893254,1.896211,1.8084e-02
dev-corpus-07,4873,41201,4.238260e-07,1509,1509,7.689381,7.686173,1.5872e-02
dev-corpus-07,4874,531,7.034800e-07,2101,2101,1.629499,1.627357,1.6991e-02
dev-corpus-07,4875,16384,7.504872e-07,9630,9630,3.155143,3.153937,1.8961e-02
dev-corpus-07,4876,128914,5.907660e-10,128914,128914,0.000101,0.000102,1.4534e-02
dev-corpus-07,4877,563,9.564056e-07,563,563,1.128032,1.128766,1.6025e-02
dev-corpus-07,4878,13493,1.123045e-06,496,496,3.646208,3.645346,1.6530e-02
dev-corpus-07,4879,3735,3.891401e-07,3735,3735,0.132032,0.131801,1.7527e-02
dev-corpus-07,4880,236764,8.801749e-08,236764,236764,0.299047,0.298922,1.4695e-02
dev-corpus-07,4881,618,2.972261e-06,618,618,1.114341,1.113888,1.8128e-02
dev-corpus-07,4882,625,1.428702e-07,993,993,1.056214,1.056250,1.3456e-02
dev-corpus-07,4883,236858,8.421210e-07,563,563,8.605186,8.601880,1.5567e-02
dev-corpus-07,4884,236751,4.115913e-12,236751,236751,0.000002,0.000002,1.0653e-02
dev-corpus-07,4885,3107,4.677796e-07,15283,15283,4.717567,4.716841,1.6201e-02
dev-corpus-07,4886,531,1.751925e-07,531,531,0.105497,0.105653,1.3533e-02
dev-corpus-07,4887,32373,1.986311e-07,32373,32373,0.105660,0.105567,1.9097e-02
dev-corpus-07,4888,236761,5.036080e-07,236764,236764,1.895076,1.895987,2.3666e-02
dev-corpus-07,4889,138,7.313315e-07,669,669,3.681786,3.677371,2.6028e-02
dev-corpus-07,4890,818,8.273602e-07,818,818,0.437608,0.437824,2.4995e-02
dev-corpus-07,4891,2780,4.524387e-07,35750,35750,8.915737,8.916226,2.2400e-02
dev-corpus-07,4892,563,8.204664e-07,198,198,1.056567,1.056461,1.4759e-02
dev-corpus-07,4893,24746,3.711023e-07,7516,7516,11.764141,11.764992,1.8744e-02
dev-corpus-07,4894,31979,4.944580e-06,31979,31979,0.717175,0.719851,1.9469e-02
dev-corpus-07,4895,236764,1.281728e-07,236764,236764,0.121639,0.121787,1.3515e-02
dev-corpus-07,4896,6151,4.616636e-07,532,532,6.440200,6.441663,1.7446e-02
dev-corpus-07,4897,625,1.186245e-06,198,198,1.673361,1.673452,2.4074e-02
dev-corpus-07,4898,236858,3.226298e-07,740,740,4.940089,4.938778,1.5017e-02
dev-corpus-07,4899,236751,8.724950e-11,236751,236751,0.000014,0.000014,1.3433e-02
dev-corpus-07,4900,6816,1.712722e-06,198,198,5.603678,5.606228,1.9326e-02
dev-corpus-07,4901,16962,5.459932e-07,198,198,13.198630,13.197735,1.9251e-02
dev-corpus-07,4902,12896,1.424439e-07,12896,12896,0.039315,0.039242,1.6093e-02
dev-corpus-07,4903,2780,1.223948e-06,236764,236764,1.660910,1.661319,1.7524e-02
dev-corpus-07,4904,568,7.463121e-07,236764,236764,7.179430,7.180890,1.6894e-02
dev-corpus-07,4905,4060,1.114615e-06,125681,125681,6.180805,6.180457,2.3820e-02
dev-corpus-07,4906,5809,5.364677e-06,919,919,12.894145,12.894412,2.7773e-02
dev-corpus-07,4907,3835,2.581834e-06,37987,37987,2.734819,2.738458,3.9586e-02
dev-corpus-07,4908,573,1.722896e-06,573,573,0.596879,0.597910,1.5482e-02
dev-corpus-07,4909,1032,2.917499e-06,46898,46898,2.781501,2.785125,2.6583e-02
dev-corpus-07,4910,24358,1.456795e-07,130754,130754,6.129107,6.129429,1.4102e-02
dev-corpus-07,4911,2780,1.267320e-07,130754,130754,4.210541,4.213016,1.5621e-02
dev-corpus-07,4912,769,3.362830e-07,769,769,0.299399,0.299021,1.4069e-02
dev-corpus-07,4913,138,2.227870e-06,669,669,1.339857,1.338626,3.6460e-02
dev-corpus-07,4914,126637,5.740592e-07,818,818,11.050984,11.049071,2.1722e-02
dev-corpus-07,4915,2101,1.436117e-06,2101,2101,1.157781,1.156399,1.5786e-02
dev-corpus-07,4916,506,4.383215e-08,506,506,0.024686,0.024715,1.3039e-02
dev-corpus-07,4917,13288,3.762959e-07,13288,13288,0.118936,0.118642,1.7252e-02
dev-corpus-07,4918,563,5.680652e-08,563,563,0.085823,0.085843,1.4555e-02
dev-corpus-07,4919,13139,3.711774e-06,3735,3735,7.512042,7.509617,1.8629e-02
dev-corpus-07,4920,607,1.040086e-07,236764,236764,3.591853,3.591181,1.3958e-02
dev-corpus-07,4921,614,2.632203e-07,181140,181140,12.520986,12.525805,2.4570e-02
dev-corpus-07,4922,8143,5.187634e-07,7516,7516,6.334922,6.335687,1.9724e-02
dev-corpus-07,4923,40916,1.953641e-07,40916,40916,0.630618,0.630356,1.8017e-02
dev-corpus-07,4924,2509,5.327420e-08,1458,1458,2.936087,2.936866,1.7689e-02
dev-corpus-07,4925,580,5.404646e-08,236761,236761,12.017916,12.021231,1.7250e-02
dev-corpus-07,4926,9630,4.523475e-07,506,506,3.804101,3.802857,2.1576e-02
dev-corpus-07,4927,22000,9.592250e-10,22000,22000,0.000438,0.000438,1.7327e-02
dev-corpus-07,4928,236764,6.576502e-08,236761,236761,2.991103,2.992236,1.8731e-02
dev-corpus-07,4929,6151,1.044458e-07,532,532,5.610431,5.611681,1.7186e-02
dev-corpus-07,4930,3978,1.054109e-06,611,611,7.432490,7.431683,1.7935e-02
dev-corpus-07,4931,1131,3.346408e-07,531,531,5.006932,5.005507,1.6737e-02
dev-corpus-07,4932,506,1.796294e-06,506,506,0.356960,0.357562,2.7956e-02
dev-corpus-07,4933,3141,1.208555e-05,2433,2433,9.994353,9.982949,2.7501e-02
dev-corpus-07,4934,25686,4.370511e-07,25686,25686,0.288251,0.287770,1.5414e-02
dev-corpus-07,4935,740,1.979129e-07,740,740,0.429165,0.428951,1.7524e-02
dev-corpus-07,4936,577,5.333988e-07,6494,6494,1.124897,1.126154,1.6712e-02
dev-corpus-07,4937,496,3.628455e-06,198,198,1.554669,1.556836,3.8080e-02
dev-corpus-07,4938,3103,1.436744e-06,3103,3103,0.406984,0.407312,4.9396e-02
dev-corpus-07,4939,14798,1.731509e-06,41086,41086,2.310102,2.309347,1.7699e-02
dev-corpus-07,4940,2238,4.439182e-07,236761,236761,10.617129,10.618428,1.8216e-02
dev-corpus-07,4941,506,8.750010e-08,506,506,0.052025,0.052101,1.2528e-02
dev-corpus-07,4942,26607,4.681613e-07,25465,25465,4.438894,4.437729,1.5010e-02
dev-corpus-07,4943,568,3.405735e-07,236761,236761,10.424177,10.423315,1.5933e-02
dev-corpus-07,4944,814,1.272120e-06,7624,7624,2.605534,2.604973,2.3609e-02
dev-corpus-07,4945,2414,2.266156e-06,611,611,4.210701,4.216268,2.0424e-02
dev-corpus-07,4946,531,2.815499e-06,1070,1070,1.016529,1.013508,1.5040e-02
dev-corpus-07,4947,3727,1.279427e-06,1202,1202,1.691806,1.690544,1.5696e-02
dev-corpus-07,4948,42035,1.351928e-06,496,496,4.956424,4.954940,1.7534e-02
dev-corpus-07,4949,138,2.405329e-07,138,138,0.351311,0.351338,2.6983e-02
dev-corpus-07,4950,12575,8.846025e-07,108,108,6.893776,6.896325,2.5245e-02
dev-corpus-07,4951,25686,1.790779e-06,20736,20736,3.490661,3.493244,2.1758e-02
dev-corpus-07,4952,3541,9.173250e-07,659,659,8.662900,8.659308,1.8082e-02
dev-corpus-07,4953,16384,9.947342e-07,506,506,3.056457,3.050692,1.8125e-02
dev-corpus-07,4954,128914,3.971916e-11,128914,128914,0.000085,0.000085,8.3504e-03
dev-corpus-07,4955,659,1.279043e-07,659,659,0.460486,0.460647,1.5446e-02
dev-corpus-07,4956,992,6.800222e-07,1401,1401,3.857260,3.859984,1.9698e-02
dev-corpus-07,4957,1401,1.199315e-06,1401,1401,1.092943,1.093853,2.3575e-02
dev-corpus-07,4958,85651,2.385376e-06,56849,56849,4.415364,4.414026,1.9301e-02
dev-corpus-07,4959,236764,5.096071e-07,532,532,1.567530,1.567846,1.8623e-02
dev-corpus-07,4960,532,2.895524e-07,198,198,1.431882,1.430922,1.9881e-02
dev-corpus-07,4961,2351,3.110333e-07,506,506,13.505710,13.508190,2.5279e-02
dev-corpus-07,4962,9378,2.163725e-07,3735,3735,2.648738,2.649068,1.5643e-02
dev-corpus-07,4963,5149,2.814506e-09,5149,5149,0.000610,0.000609,1.4895e-02
dev-corpus-07,4964,1271,1.328310e-06,529,529,19.732397,19.725856,1.3114e-02
dev-corpus-07,4965,611,3.919671e-07,198,198,1.397584,1.397463,1.8094e-02
dev-corpus-07,4966,236858,1.170091e-06,740,740,3.053189,3.056705,1.7091e-02
dev-corpus-07,4967,859,7.255091e-08,859,859,0.028682,0.028727,1.8292e-02
dev-corpus-07,4968,8426,7.701175e-07,1586,1586,5.683099,5.680024,2.1525e-02
dev-corpus-07,4969,974,8.267505e-07,1461,1461,5.254602,5.251293,1.7034e-02
dev-corpus-07,4970,1535,3.452889e-06,198,198,7.908650,7.905819,2.0061e-02
dev-corpus-07,4971,8774,1.283491e-06,8208,8208,3.452634,3.453874,1.8175e-02
dev-corpus-07,4972,1771,1.112735e-06,236761,236761,10.816227,10.819808,2.5120e-02
dev-corpus-07,4973,699,3.150626e-06,872,872,3.212882,3.216593,1.8296e-02
dev-corpus-07,4974,9744,1.487565e-07,886,886,3.689904,3.689376,2.2829e-02
dev-corpus-07,4975,531,3.922900e-09,531,531,0.000798,0.000797,1.5850e-02
dev-corpus-07,4976,9744,1.641186e-08,9744,9744,0.001346,0.001340,1.8503e-02
dev-corpus-07,4977,236761,8.959974e-08,236761,236761,0.154912,0.154961,1.8714e-02
dev-corpus-07,4978,108,2.492058e-07,138,138,2.784856,2.784328,2.3078e-02
dev-corpus-07,4979,2542,1.695056e-07,2542,2542,0.083035,0.083202,2.0683e-02
dev-corpus-07,4980,496,2.792976e-07,496,496,0.274530,0.274212,1.8167e-02
dev-corpus-07,4981,77707,5.688624e-07,7642,7642,5.731704,5.732385,2.2620e-02
dev-corpus-07,4982,17640,1.241386e-07,17640,17640,0.180932,0.181052,1.7304e-02
dev-corpus-07,4983,236764,1.836149e-09,236764,236764,0.003923,0.003924,1.1998e-02
dev-corpus-07,4984,181433,8.757951e-08,506,506,11.831619,11.831632,1.9682e-02
dev-corpus-07,4985,563,5.668314e-07,563,563,0.714452,0.714231,1.5614e-02
dev-corpus-07,4986,496,4.319924e-07,496,496,1.469004,1.469240,2.7089e-02
dev-corpus-07,4987,1822,5.933499e-07,19282,19282,4.081436,4.080269,1.8260e-02
dev-corpus-07,4988,5313,1.456520e-07,5313,5313,0.566640,0.566594,2.1451e-02
dev-corpus-07,4989,236761,6.646552e-08,236761,236761,0.301182,0.301195,1.4203e-02
dev-corpus-07,4990,138,8.473960e-07,1030,1030,4.401205,4.404683,1.8189e-02
dev-corpus-07,4991,1509,2.909065e-07,1509,1509,0.409364,0.409189,1.6744e-02
dev-corpus-07,4992,236858,2.725138e-06,815,815,3.109114,3.112805,1.5038e-02
dev-corpus-07,4993,236751,2.872978e-12,236751,236751,0.000001,0.000001,1.2088e-02
dev-corpus-07,4994,711,3.714370e-07,198,198,5.756530,5.756436,1.8243e-02
dev-corpus-07,4995,834,1.512243e-06,198,198,12.747977,12.743613,1.9989e-02
dev-corpus-07,4996,13139,1.846247e-06,2793,2793,9.472713,9.468949,2.1381e-02
dev-corpus-07,4997,531,7.988902e-07,618,618,1.968449,1.970471,1.1966e-02
dev-corpus-07,4998,974,1.509903e-07,974,974,0.079565,0.079509,1.5574e-02
dev-corpus-07,4999,993,1.067529e-07,531,531,2.291005,2.290147,1.3967e-02
dev-corpus-07,5000,699,3.356689e-07,618,618,4.066830,4.070586,1.8042e-02
dev-corpus-07,5001,506,1.326477e-06,1551,1551,2.063971,2.064976,2.0399e-02
dev-corpus-07,5002,3640,2.436052e-06,1884,1884,11.378368,11.373956,1.8807e-02
dev-corpus-07,5003,4184,2.448031e-07,15305,15305,2.053777,2.055601,1.8793e-02
dev-corpus-07,5004,236764,2.280452e-07,236764,236764,0.191003,0.190919,1.4165e-02
dev-corpus-07,5005,4285,1.088933e-07,840,840,9.539503,9.538975,1.4040e-02
dev-corpus-07,5006,573,2.330215e-06,768,768,5.119745,5.121703,2.2361e-02
dev-corpus-07,5007,1724,7.169130e-07,496,496,1.647566,1.647429,1.8196e-02
dev-corpus-07,5008,528,8.539035e-07,1015,1015,3.617072,3.620470,1.9051e-02
dev-corpus-07,5009,506,1.074912e-06,506,506,0.193092,0.192599,2.4748e-02
dev-corpus-07,5010,16425,5.241217e-07,66616,66616,5.742835,5.741383,1.7334e-02
dev-corpus-07,5011,3640,1.992184e-06,912,912,2.180200,2.183108,1.6229e-02
dev-corpus-07,5012,4184,9.510332e-08,4184,4184,0.003504,0.003479,1.9391e-02
dev-corpus-07,5013,2338,2.665900e-07,236764,236764,7.679840,7.682502,1.6606e-02
dev-corpus-07,5014,993,5.253324e-07,625,625,2.133897,2.133607,1.8214e-02
dev-corpus-07,5015,659,4.197483e-07,659,659,0.375557,0.375923,1.4935e-02
dev-corpus-07,5016,951,1.006836e-06,951,951,0.722618,0.722614,1.3338e-02
dev-corpus-07,5017,1982,5.178820e-08,1982,1982,0.011800,0.011771,1.5907e-02
dev-corpus-07,5018,22344,6.228894e-08,22344,22344,0.011994,0.011958,1.7327e-02
dev-corpus-07,5019,236761,3.126958e-07,236761,236761,0.553097,0.553472,1.4459e-02
dev-corpus-07,5020,138,3.467493e-07,3153,3153,5.587810,5.594322,1.8504e-02
dev-corpus-07,5021,9675,5.741100e-07,9675,9675,0.741064,0.741620,2.9817e-02
dev-corpus-07,5022,236764,1.115868e-09,236764,236764,0.000488,0.000488,1.4501e-02
dev-corpus-07,5023,625,9.730391e-07,506,506,2.212809,2.215554,1.4749e-02
dev-corpus-07,5024,236858,5.421944e-07,563,563,3.042966,3.046054,1.4892e-02
dev-corpus-07,5025,236751,5.419619e-11,236751,236751,0.000003,0.000003,4.7256e-02
dev-corpus-07,5026,1388,4.538256e-06,5367,5367,3.620715,3.617462,2.8110e-02
dev-corpus-07,5027,5367,2.834221e-07,5367,5367,0.101286,0.101255,1.6465e-02
dev-corpus-07,5028,506,3.813486e-08,506,506,0.015591,0.015562,1.7462e-02
dev-corpus-07,5029,7946,7.263602e-08,4514,4514,1.975705,1.975507,1.6773e-02
dev-corpus-07,5030,236761,3.116883e-07,236761,236761,0.221118,0.220810,1.4327e-02
dev-corpus-07,5031,138,1.699001e-07,669,669,5.020368,5.025621,1.6845e-02
dev-corpus-07,5032,2094,4.404695e-08,818,818,6.830562,6.830546,1.8017e-02
dev-corpus-07,5033,111163,2.909954e-06,3207,3207,3.080146,3.085194,2.4703e-02
dev-corpus-07,5034,3207,1.143642e-07,3207,3207,0.063606,0.063507,1.6429e-02
dev-corpus-07,5035,563,2.524255e-06,563,563,1.128379,1.127210,1.9369e-02
dev-corpus-07,5036,29077,9.258630e-07,19282,19282,7.942274,7.943347,1.9147e-02
dev-corpus-07,5037,30264,3.258492e-09,236772,236772,5.713719,5.715097,1.4945e-02
dev-corpus-07,5038,4148,3.366344e-07,236764,236764,2.909814,2.908513,1.6322e-02
dev-corpus-07,5039,236761,1.670898e-07,236764,236764,4.535606,4.537570,1.4030e-02
dev-corpus-07,5040,138,1.543031e-06,138,138,0.905507,0.903524,2.0206e-02
dev-corpus-07,5041,818,7.226107e-07,818,818,0.423666,0.423553,1.9584e-02
dev-corpus-07,5042,1331,1.628452e-06,2780,2780,6.974162,6.971395,2.4948e-02
dev-corpus-07,5043,659,8.652987e-07,659,659,0.189938,0.189502,1.6984e-02
dev-corpus-07,5044,3571,6.851482e-07,10841,10841,14.638950,14.638026,2.1039e-02
dev-corpus-07,5045,506,1.630746e-08,506,506,0.006381,0.006384,1.4037e-02
dev-corpus-07,5046,4389,7.340583e-07,1346,1346,1.809851,1.811117,2.3250e-02
dev-corpus-07,5047,24573,9.067195e-10,24573,24573,0.001979,0.001980,1.7753e-02
dev-corpus-07,5048,528,1.154303e-06,611,611,1.215827,1.216605,1.4105e-02
dev-corpus-07,5049,3879,3.537935e-06,506,506,1.467112,1.465042,2.9873e-02
dev-corpus-07,5050,236761,2.485824e-07,236764,236764,3.690866,3.693817,1.3733e-02
dev-corpus-07,5051,138,5.949736e-07,138,138,0.332956,0.332607,2.8346e-02
dev-corpus-07,5052,818,4.226885e-07,818,818,0.190143,0.189913,1.6716e-02
dev-corpus-07,5053,2780,1.908851e-06,2780,2780,0.630671,0.631551,3.2337e-02
dev-corpus-07,5054,563,1.434771e-07,563,563,0.444310,0.444557,1.3511e-02
dev-corpus-07,5055,13493,1.670388e-06,7516,7516,7.140514,7.143321,2.4040e-02
dev-corpus-07,5056,46387,7.912986e-07,31979,31979,1.604131,1.604868,1.6976e-02
dev-corpus-07,5057,532,1.462613e-06,236764,236764,2.969780,2.970023,1.7298e-02
dev-corpus-07,5058,14788,4.927391e-07,198,198,1.925781,1.925567,2.6221e-02
dev-corpus-07,5059,236764,8.498980e-07,236764,236764,0.496384,0.495380,1.6698e-02
dev-corpus-07,5060,607,3.591345e-07,532,532,2.644195,2.645269,1.6669e-02
dev-corpus-07,5061,496,3.893475e-07,496,496,1.328114,1.327773,1.5410e-02
dev-corpus-07,5062,2606,1.045342e-06,3188,3188,2.049654,2.051652,1.6712e-02
dev-corpus-07,5063,529,1.339335e-08,529,529,0.005760,0.005748,1.5096e-02
dev-corpus-07,5064,37987,1.690079e-06,37987,37987,0.636053,0.636696,2.3012e-02
dev-corpus-07,5065,3835,2.453540e-07,198,198,1.795326,1.794539,1.5582e-02
dev-corpus-07,5066,236761,1.332195e-07,236761,236761,0.108633,0.108623,1.5314e-02
dev-corpus-07,5067,138,9.283600e-07,138,138,0.207019,0.206849,2.8177e-02
dev-corpus-07,5068,3133,2.089849e-06,818,818,4.235284,4.234571,2.7988e-02
dev-corpus-07,5069,1070,6.837351e-06,506,506,13.076956,13.083467,3.4697e-02
dev-corpus-07,5070,12616,3.366349e-07,529,529,7.867651,7.867431,2.4526e-02
dev-corpus-07,5071,659,1.703597e-06,198,198,1.539257,1.538779,1.4337e-02
dev-corpus-07,5072,17720,7.777139e-07,1401,1401,12.561859,12.562933,2.0936e-02
dev-corpus-07,5073,88076,1.126255e-06,1447,1447,3.229396,3.226236,1.2785e-02
dev-corpus-07,5074,1135,1.165901e-06,580,580,8.568755,8.561998,1.5306e-02
dev-corpus-07,5075,529,7.467975e-07,496,496,6.667107,6.669605,1.6219e-02
dev-corpus-07,5076,496,2.584529e-06,506,506,2.522021,2.525299,2.4730e-02
dev-corpus-07,5077,42383,8.049302e-08,42383,42383,0.024602,0.024590,1.9017e-02
dev-corpus-07,5078,236764,1.430903e-06,236764,236764,0.890594,0.889559,1.7727e-02
dev-corpus-07,5079,834,7.976736e-07,9722,9722,3.075476,3.079531,1.3844e-02
dev-corpus-07,5080,506,4.327459e-07,506,506,0.477983,0.478504,1.4391e-02
dev-corpus-07,5081,8208,2.328933e-07,8208,8208,0.365715,0.365734,1.2880e-02
dev-corpus-07,5082,659,5.027040e-07,659,659,0.119732,0.120023,1.7549e-02
dev-corpus-07,5083,15269,5.479834e-07,15269,15269,1.153036,1.152778,2.3205e-02
dev-corpus-07,5084,236761,1.209844e-07,236761,236761,0.057351,0.057385,2.3664e-02
dev-corpus-07,5085,100811,5.408886e-07,138,138,19.933364,19.924436,2.2452e-02
dev-corpus-07,5086,19555,1.498270e-06,34162,34162,20.184402,20.185470,1.8346e-02
dev-corpus-07,5087,114611,3.771604e-06,9479,9479,12.912173,12.914861,1.6921e-02
dev-corpus-07,5088,532,1.468970e-07,659,659,3.101099,3.101466,1.5011e-02
dev-corpus-07,5089,71816,9.646524e-07,2263,2263,11.120857,11.127116,2.6765e-02
dev-corpus-07,5090,659,2.264103e-07,659,659,0.507846,0.507440,1.6734e-02
dev-corpus-07,5091,14853,5.135405e-07,198,198,3.489287,3.489311,2.5680e-02
dev-corpus-07,5092,236764,3.391289e-07,198,198,2.102376,2.102831,1.6862e-02
dev-corpus-07,5093,532,4.533601e-07,532,532,0.558409,0.557699,1.6937e-02
dev-corpus-07,5094,496,2.269196e-06,198,198,4.977416,4.975122,2.6135e-02
dev-corpus-07,5095,37358,6.420968e-07,1822,1822,7.104347,7.099931,2.1100e-02
dev-corpus-07,5096,529,7.858100e-07,198,198,2.359290,2.358891,1.7949e-02
dev-corpus-07,5097,506,4.440321e-07,506,506,0.266675,0.266231,2.0138e-02
dev-corpus-07,5098,4128,1.466228e-07,4128,4128,0.443033,0.442983,1.5035e-02
dev-corpus-07,5099,236761,6.688112e-08,563,563,6.518050,6.514817,1.1560e-02
dev-corpus-07,5100,138,2.872669e-07,138,138,0.660681,0.660638,1.8661e-02
dev-corpus-07,5101,3810,2.084689e-06,818,818,4.607360,4.605877,1.8826e-02
dev-corpus-07,5102,992,2.169979e-07,659,659,7.979242,7.981735,1.9655e-02
dev-corpus-07,5103,563,5.182913e-07,198,198,2.137223,2.138420,1.9892e-02
dev-corpus-07,5104,4148,2.468777e-06,496,496,6.305519,6.306158,2.4637e-02
dev-corpus-07,5105,58318,3.175064e-06,35750,35750,12.332713,12.318189,3.3095e-02
dev-corpus-07,5106,236761,1.965510e-06,198,198,2.847443,2.850216,1.5771e-02
dev-corpus-07,5107,106,9.900170e-07,138,138,1.103940,1.105811,1.9552e-02
dev-corpus-07,5108,107,3.911719e-05,199,199,17.492564,17.522194,3.7937e-02
dev-corpus-07,5109,105,4.127943e-07,106,106,20.062471,20.061279,1.3799e-02
dev-corpus-07,5110,2364,9.251230e-06,106,106,18.553442,18.549083,4.6270e-02
dev-corpus-07,5111,107,2.162392e-05,100,100,4.869697,4.869480,2.6519e-02
dev-corpus-07,5112,11355,7.796666e-07,100,100,10.299704,10.297196,2.7165e-02
dev-corpus-07,5113,563,5.366064e-07,563,563,0.947457,0.947741,1.5925e-02
dev-corpus-07,5114,625,4.311801e-06,10063,10063,3.097408,3.096608,3.5745e-02
dev-corpus-07,5115,2132,3.795623e-06,2651,2651,4.781514,4.784501,2.2863e-02
dev-corpus-07,5116,531,1.357424e-07,531,531,0.067156,0.067254,1.5503e-02
dev-corpus-07,5117,16078,1.911472e-06,1281,1281,14.428842,14.428923,2.2845e-02
dev-corpus-07,5118,532,6.945472e-07,822,822,5.070842,5.074592,1.3322e-02
dev-corpus-07,5119,185507,3.046941e-08,185507,185507,0.027151,0.027111,1.5824e-02
