segment,idx,target,kld,top1_ref,top1_cand,nll_ref,nll_cand,max_abs_logit_diff
dev-long-03,0,30486,0.000000e+00,4356,4356,3.629065,3.629065,0.0000e+00
dev-long-03,1,46150,0.000000e+00,46150,46150,0.003267,0.003267,0.0000e+00
dev-long-03,2,198,0.000000e+00,198,198,0.003445,0.003445,0.0000e+00
dev-long-03,3,1020,0.000000e+00,1020,1020,0.005888,0.005888,0.0000e+00
dev-long-03,4,279,0.000000e+00,279,279,0.417036,0.417036,0.0000e+00
dev-long-03,5,4356,0.000000e+00,4356,4356,0.012267,0.012267,0.0000e+00
dev-long-03,6,425,0.000000e+00,425,425,0.000012,0.000012,0.0000e+00
dev-long-03,7,314,0.000000e+00,383,383,2.322045,2.322045,0.0000e+00
dev-long-03,8,8186,0.000000e+00,8186,8186,0.000025,0.000025,0.0000e+00
dev-long-03,9,6702,0.000000e+00,6702,6702,0.000063,0.000063,0.0000e+00
dev-long-03,10,5028,0.000000e+00,5028,5028,0.242765,0.242765,0.0000e+00
dev-long-03,11,279,0.000000e+00,279,279,0.203095,0.203095,0.0000e+00
dev-long-03,12,1834,0.000000e+00,4266,4266,3.329103,3.329103,0.0000e+00
dev-long-03,13,314,0.000000e+00,314,314,0.431250,0.431250,0.0000e+00
dev-long-03,14,279,0.000000e+00,1024,1024,0.707998,0.707998,0.0000e+00
dev-long-03,15,41692,0.000000e+00,41692,41692,0.428053,0.428053,0.0000e+00
dev-long-03,16,303,0.000000e+00,11,11,3.947251,3.947251,0.0000e+00
dev-long-03,17,1906,0.000000e+00,63862,63862,1.416481,1.416481,0.0000e+00
dev-long-03,18,421,0.000000e+00,421,421,0.091453,0.091453,0.0000e+00
dev-long-03,19,551,0.000000e+00,551,551,0.194879,0.194879,0.0000e+00
dev-long-03,20,198,0.000000e+00,198,198,0.000094,0.000094,0.0000e+00
dev-long-03,21,43468,0.000000e+00,43468,43468,0.003947,0.003947,0.0000e+00
dev-long-03,22,57759,0.000000e+00,6637,6637,7.322226,7.322226,0.0000e+00
dev-long-03,23,279,0.000000e+00,264,264,1.657695,1.657695,0.0000e+00
dev-long-03,24,2018,0.000000e+00,3579,3579,3.716083,3.716083,0.0000e+00
dev-long-03,25,3498,0.000000e+00,3498,3498,0.441572,0.441572,0.0000e+00
dev-long-03,26,314,0.000000e+00,314,314,0.072182,0.072182,0.0000e+00
dev-long-03,27,279,0.000000e+00,279,279,0.003811,0.003811,0.0000e+00
dev-long-03,28,82404,0.000000e+00,82404,82404,0.328818,0.328818,0.0000e+00
dev-long-03,29,11,0.000000e+00,11,11,0.035114,0.035114,0.0000e+00
dev-long-03,30,864,0.000000e+00,864,864,0.041046,0.041046,0.0000e+00
dev-long-03,31,557,0.000000e+00,557,557,0.010967,0.010967,0.0000e+00
dev-long-03,32,19561,0.000000e+00,19561,19561,0.294656,0.294656,0.0000e+00
dev-long-03,33,13,0.000000e+00,13,13,0.061821,0.061821,0.0000e+00
dev-long-03,34,1216,0.000000e+00,1216,1216,0.233062,0.233062,0.0000e+00
dev-long-03,35,995,0.000000e+00,995,995,0.024521,0.024521,0.0000e+00
dev-long-03,36,198,0.000000e+00,198,198,0.382739,0.382739,0.0000e+00
dev-long-03,37,1763,0.000000e+00,1763,1763,0.086258,0.086258,0.0000e+00
dev-long-03,38,2540,0.000000e+00,2540,2540,0.012244,0.012244,0.0000e+00
dev-long-03,39,440,0.000000e+00,440,440,0.203317,0.203317,0.0000e+00
dev-long-03,40,14315,0.000000e+00,1384,1384,0.797967,0.797967,0.0000e+00
dev-long-03,41,1154,0.000000e+00,1154,1154,0.000006,0.000006,0.0000e+00
dev-long-03,42,1010,0.000000e+00,1345,1345,2.631261,2.631261,0.0000e+00
dev-long-03,43,2545,0.000000e+00,16570,16570,3.181507,3.181507,0.0000e+00
dev-long-03,44,854,0.000000e+00,854,854,0.001197,0.001197,0.0000e+00
dev-long-03,45,11,0.000000e+00,11,11,0.298610,0.298610,0.0000e+00
dev-long-03,46,694,0.000000e+00,694,694,0.058079,0.058079,0.0000e+00
dev-long-03,47,995,0.000000e+00,995,995,0.010828,0.010828,0.0000e+00
dev-long-03,48,5326,0.000000e+00,1179,1179,5.341661,5.341661,0.0000e+00
dev-long-03,49,978,0.000000e+00,978,978,0.540067,0.540067,0.0000e+00
dev-long-03,50,2512,0.000000e+00,2512,2512,0.915206,0.915206,0.0000e+00
dev-long-03,51,198,0.000000e+00,198,198,0.253300,0.253300,0.0000e+00
dev-long-03,52,13362,0.000000e+00,13362,13362,0.002110,0.002110,0.0000e+00
dev-long-03,53,13,0.000000e+00,13,13,0.040568,0.040568,0.0000e+00
dev-long-03,54,1848,0.000000e+00,1848,1848,0.277646,0.277646,0.0000e+00
dev-long-03,55,13064,0.000000e+00,9101,9101,0.959613,0.959613,0.0000e+00
dev-long-03,56,11,0.000000e+00,11,11,0.254524,0.254524,0.0000e+00
dev-long-03,57,551,0.000000e+00,551,551,0.008003,0.008003,0.0000e+00
dev-long-03,58,1669,0.000000e+00,1669,1669,0.036076,0.036076,0.0000e+00
dev-long-03,59,421,0.000000e+00,279,279,2.070290,2.070290,0.0000e+00
dev-long-03,60,14315,0.000000e+00,14315,14315,0.347490,0.347490,0.0000e+00
dev-long-03,61,1154,0.000000e+00,1154,1154,0.000163,0.000163,0.0000e+00
dev-long-03,62,995,0.000000e+00,995,995,0.167535,0.167535,0.0000e+00
dev-long-03,63,27469,0.000000e+00,27469,27469,0.350635,0.350635,0.0000e+00
dev-long-03,64,11,0.000000e+00,11,11,0.082124,0.082124,0.0000e+00
dev-long-03,65,421,0.000000e+00,421,421,0.735039,0.735039,0.0000e+00
dev-long-03,66,279,0.000000e+00,279,279,0.003583,0.003583,0.0000e+00
dev-long-03,67,198,0.000000e+00,1105,1105,1.173891,1.173891,0.0000e+00
dev-long-03,68,65,0.000000e+00,5461,5461,7.343565,7.343565,0.0000e+00
dev-long-03,69,16663,0.000000e+00,16663,16663,0.551784,0.551784,0.0000e+00
dev-long-03,70,995,0.000000e+00,557,557,0.877772,0.877772,0.0000e+00
dev-long-03,71,978,0.000000e+00,978,978,0.001704,0.001704,0.0000e+00
dev-long-03,72,9290,0.000000e+00,9290,9290,0.119251,0.119251,0.0000e+00
dev-long-03,73,1724,0.000000e+00,1724,1724,0.014887,0.014887,0.0000e+00
dev-long-03,74,11,0.000000e+00,11,11,0.000832,0.000832,0.0000e+00
dev-long-03,75,321,0.000000e+00,321,321,0.003814,0.003814,0.0000e+00
dev-long-03,76,421,0.000000e+00,421,421,0.024244,0.024244,0.0000e+00
dev-long-03,77,279,0.000000e+00,279,279,0.014853,0.014853,0.0000e+00
dev-long-03,78,2526,0.000000e+00,33622,33622,2.475992,2.475992,0.0000e+00
dev-long-03,79,4172,0.000000e+00,4172,4172,1.581074,1.581074,0.0000e+00
dev-long-03,80,39493,0.000000e+00,39493,39493,0.006741,0.006741,0.0000e+00
dev-long-03,81,272,0.000000e+00,272,272,0.195770,0.195770,0.0000e+00
dev-long-03,82,9270,0.000000e+00,9270,9270,0.004290,0.004290,0.0000e+00
dev-long-03,83,303,0.000000e+00,303,303,0.299190,0.299190,0.0000e+00
dev-long-03,84,198,0.000000e+00,864,864,2.225309,2.225309,0.0000e+00
dev-long-03,85,7949,0.000000e+00,7949,7949,0.001701,0.001701,0.0000e+00
dev-long-03,86,11,0.000000e+00,279,279,3.217910,3.217910,0.0000e+00
dev-long-03,87,430,0.000000e+00,430,430,0.529077,0.529077,0.0000e+00
dev-long-03,88,424,0.000000e+00,551,551,2.331532,2.331532,0.0000e+00
dev-long-03,89,25950,0.000000e+00,25950,25950,0.128673,0.128673,0.0000e+00
dev-long-03,90,1308,0.000000e+00,1308,1308,0.076014,0.076014,0.0000e+00
dev-long-03,91,11387,0.000000e+00,11387,11387,0.000013,0.000013,0.0000e+00
dev-long-03,92,11,0.000000e+00,11,11,0.000513,0.000513,0.0000e+00
dev-long-03,93,279,0.000000e+00,279,279,0.000702,0.000702,0.0000e+00
dev-long-03,94,4356,0.000000e+00,4356,4356,0.051562,0.051562,0.0000e+00
dev-long-03,95,425,0.000000e+00,425,425,0.000012,0.000012,0.0000e+00
dev-long-03,96,557,0.000000e+00,557,557,0.562024,0.562024,0.0000e+00
dev-long-03,97,50334,0.000000e+00,303,303,0.916125,0.916125,0.0000e+00
dev-long-03,98,310,0.000000e+00,310,310,0.000129,0.000129,0.0000e+00
dev-long-03,99,2426,0.000000e+00,2426,2426,0.304851,0.304851,0.0000e+00
dev-long-03,100,198,0.000000e+00,198,198,0.000071,0.000071,0.0000e+00
dev-long-03,101,1858,0.000000e+00,1858,1858,0.003181,0.003181,0.0000e+00
dev-long-03,102,63620,0.000000e+00,63620,63620,0.353976,0.353976,0.0000e+00
dev-long-03,103,11,0.000000e+00,37208,37208,0.981477,0.981477,0.0000e+00
dev-long-03,104,557,0.000000e+00,557,557,0.623361,0.623361,0.0000e+00
dev-long-03,105,19823,0.000000e+00,19823,19823,0.869752,0.869752,0.0000e+00
dev-long-03,106,4147,0.000000e+00,1724,1724,1.257265,1.257265,0.0000e+00
dev-long-03,107,5028,0.000000e+00,5028,5028,0.143560,0.143560,0.0000e+00
dev-long-03,108,279,0.000000e+00,279,279,0.053637,0.053637,0.0000e+00
dev-long-03,109,30486,0.000000e+00,30486,30486,0.152006,0.152006,0.0000e+00
dev-long-03,110,16293,0.000000e+00,16293,16293,0.008659,0.008659,0.0000e+00
dev-long-03,111,13,0.000000e+00,13,13,0.027497,0.027497,0.0000e+00
dev-long-03,112,84991,0.000000e+00,84991,84991,0.226752,0.226752,0.0000e+00
dev-long-03,113,21146,0.000000e+00,557,557,2.230355,2.230355,0.0000e+00
dev-long-03,114,198,0.000000e+00,198,198,0.006742,0.006742,0.0000e+00
dev-long-03,115,70,0.000000e+00,14961,14961,4.519111,4.519111,0.0000e+00
dev-long-03,116,511,0.000000e+00,511,511,0.002533,0.002533,0.0000e+00
dev-long-03,117,279,0.000000e+00,279,279,0.032713,0.032713,0.0000e+00
dev-long-03,118,16136,0.000000e+00,16136,16136,0.000589,0.000589,0.0000e+00
dev-long-03,119,11,0.000000e+00,11,11,0.330549,0.330549,0.0000e+00
dev-long-03,120,321,0.000000e+00,321,321,0.212256,0.212256,0.0000e+00
dev-long-03,121,14315,0.000000e+00,14315,14315,0.418682,0.418682,0.0000e+00
dev-long-03,122,1154,0.000000e+00,1154,1154,0.000075,0.000075,0.0000e+00
dev-long-03,123,557,0.000000e+00,557,557,0.017917,0.017917,0.0000e+00
dev-long-03,124,12158,0.000000e+00,1669,1669,1.496066,1.496066,0.0000e+00
dev-long-03,125,279,0.000000e+00,279,279,1.298583,1.298583,0.0000e+00
dev-long-03,126,1788,0.000000e+00,1788,1788,0.142482,0.142482,0.0000e+00
dev-long-03,127,11129,0.000000e+00,11129,11129,0.011828,0.011828,0.0000e+00
dev-long-03,128,26,0.000000e+00,26,26,0.812740,0.812740,0.0000e+00
dev-long-03,129,694,0.000000e+00,694,694,0.069846,0.069846,0.0000e+00
dev-long-03,130,279,0.000000e+00,279,279,0.036380,0.036380,0.0000e+00
dev-long-03,131,9506,0.000000e+00,9506,9506,0.489390,0.489390,0.0000e+00
dev-long-03,132,198,0.000000e+00,198,198,0.284399,0.284399,0.0000e+00
dev-long-03,133,27167,0.000000e+00,27167,27167,0.519760,0.519760,0.0000e+00
dev-long-03,134,524,0.000000e+00,524,524,0.254476,0.254476,0.0000e+00
dev-long-03,135,381,0.000000e+00,381,381,0.000311,0.000311,0.0000e+00
dev-long-03,136,1669,0.000000e+00,1669,1669,0.000791,0.000791,0.0000e+00
dev-long-03,137,2892,0.000000e+00,2892,2892,0.240138,0.240138,0.0000e+00
dev-long-03,138,5028,0.000000e+00,5028,5028,0.021781,0.021781,0.0000e+00
dev-long-03,139,780,0.000000e+00,1384,1384,1.045080,1.045080,0.0000e+00
dev-long-03,140,1637,0.000000e+00,1637,1637,0.035402,0.035402,0.0000e+00
dev-long-03,141,466,0.000000e+00,466,466,0.069800,0.069800,0.0000e+00
dev-long-03,142,303,0.000000e+00,303,303,0.005937,0.005937,0.0000e+00
dev-long-03,143,780,0.000000e+00,780,780,0.002415,0.002415,0.0000e+00
dev-long-03,144,11683,0.000000e+00,11683,11683,0.697145,0.697145,0.0000e+00
dev-long-03,145,13,0.000000e+00,13,13,0.053490,0.053490,0.0000e+00
dev-long-03,146,40189,0.000000e+00,271,271,8.189275,8.189275,0.0000e+00
dev-long-03,147,198,0.000000e+00,198,198,0.002489,0.002489,0.0000e+00
dev-long-03,148,34,0.000000e+00,34,34,0.153309,0.153309,0.0000e+00
dev-long-03,149,350,0.000000e+00,350,350,0.687759,0.687759,0.0000e+00
dev-long-03,150,463,0.000000e+00,463,463,0.201989,0.201989,0.0000e+00
dev-long-03,151,11,0.000000e+00,11,11,0.001256,0.001256,0.0000e+00
dev-long-03,152,40675,0.000000e+00,279,279,2.507498,2.507498,0.0000e+00
dev-long-03,153,310,0.000000e+00,310,310,0.004870,0.004870,0.0000e+00
dev-long-03,154,279,0.000000e+00,279,279,0.000466,0.000466,0.0000e+00
dev-long-03,155,4356,0.000000e+00,4356,4356,0.000826,0.000826,0.0000e+00
dev-long-03,156,425,0.000000e+00,425,425,0.000026,0.000026,0.0000e+00
dev-long-03,157,11,0.000000e+00,11,11,0.046222,0.046222,0.0000e+00
dev-long-03,158,401,0.000000e+00,401,401,0.443803,0.443803,0.0000e+00
dev-long-03,159,3736,0.000000e+00,3736,3736,0.001834,0.001834,0.0000e+00
dev-long-03,160,310,0.000000e+00,310,310,0.041962,0.041962,0.0000e+00
dev-long-03,161,3322,0.000000e+00,3322,3322,0.040153,0.040153,0.0000e+00
dev-long-03,162,6408,0.000000e+00,6408,6408,0.520682,0.520682,0.0000e+00
dev-long-03,163,84991,0.000000e+00,84991,84991,0.525262,0.525262,0.0000e+00
dev-long-03,164,725,0.000000e+00,39766,39766,1.390015,1.390015,0.0000e+00
dev-long-03,165,15268,0.000000e+00,15268,15268,0.493782,0.493782,0.0000e+00
dev-long-03,166,314,0.000000e+00,314,314,0.122353,0.122353,0.0000e+00
dev-long-03,167,198,0.000000e+00,198,198,0.000635,0.000635,0.0000e+00
dev-long-03,168,67,0.000000e+00,4104,4104,3.366032,3.366032,0.0000e+00
dev-long-03,169,2074,0.000000e+00,2074,2074,0.059609,0.059609,0.0000e+00
dev-long-03,170,347,0.000000e+00,347,347,0.000651,0.000651,0.0000e+00
dev-long-03,171,383,0.000000e+00,948,948,2.203771,2.203771,0.0000e+00
dev-long-03,172,40212,0.000000e+00,279,279,1.073839,1.073839,0.0000e+00
dev-long-03,173,279,0.000000e+00,279,279,0.000929,0.000929,0.0000e+00
dev-long-03,174,41692,0.000000e+00,4557,4557,2.795766,2.795766,0.0000e+00
dev-long-03,175,11,0.000000e+00,11,11,0.074577,0.074577,0.0000e+00
dev-long-03,176,321,0.000000e+00,321,321,0.005667,0.005667,0.0000e+00
dev-long-03,177,310,0.000000e+00,310,310,0.001181,0.001181,0.0000e+00
dev-long-03,178,3322,0.000000e+00,3322,3322,0.185708,0.185708,0.0000e+00
dev-long-03,179,31178,0.000000e+00,31178,31178,0.336533,0.336533,0.0000e+00
dev-long-03,180,1083,0.000000e+00,310,310,1.278751,1.278751,0.0000e+00
dev-long-03,181,279,0.000000e+00,279,279,0.008664,0.008664,0.0000e+00
dev-long-03,182,2956,0.000000e+00,2956,2956,0.177945,0.177945,0.0000e+00
dev-long-03,183,11,0.000000e+00,11,11,0.107044,0.107044,0.0000e+00
dev-long-03,184,198,0.000000e+00,198,198,0.000076,0.000076,0.0000e+00
dev-long-03,185,2777,0.000000e+00,2777,2777,0.072235,0.072235,0.0000e+00
dev-long-03,186,1292,0.000000e+00,1292,1292,0.000857,0.000857,0.0000e+00
dev-long-03,187,1669,0.000000e+00,1669,1669,0.028742,0.028742,0.0000e+00
dev-long-03,188,12482,0.000000e+00,2433,2433,2.551064,2.551064,0.0000e+00
dev-long-03,189,430,0.000000e+00,430,430,0.011855,0.011855,0.0000e+00
dev-long-03,190,7246,0.000000e+00,7246,7246,0.703648,0.703648,0.0000e+00
dev-long-03,191,539,0.000000e+00,539,539,0.003854,0.003854,0.0000e+00
dev-long-03,192,279,0.000000e+00,279,279,0.123544,0.123544,0.0000e+00
dev-long-03,193,1483,0.000000e+00,1483,1483,0.007454,0.007454,0.0000e+00
dev-long-03,194,10971,0.000000e+00,10971,10971,0.082976,0.082976,0.0000e+00
dev-long-03,195,13,0.000000e+00,13,13,0.018223,0.018223,0.0000e+00
dev-long-03,196,43017,0.000000e+00,3629,3629,3.498428,3.498428,0.0000e+00
dev-long-03,197,198,0.000000e+00,198,198,0.003777,0.003777,0.0000e+00
dev-long-03,198,59697,0.000000e+00,59697,59697,0.036977,0.036977,0.0000e+00
dev-long-03,199,26466,0.000000e+00,26466,26466,0.002971,0.002971,0.0000e+00
dev-long-03,200,11,0.000000e+00,11,11,0.892401,0.892401,0.0000e+00
dev-long-03,201,417,0.000000e+00,417,417,0.016064,0.016064,0.0000e+00
dev-long-03,202,12436,0.000000e+00,11,11,2.413617,2.413617,0.0000e+00
dev-long-03,203,11,0.000000e+00,11,11,0.002380,0.002380,0.0000e+00
dev-long-03,204,6348,0.000000e+00,401,401,1.375875,1.375875,0.0000e+00
dev-long-03,205,5721,0.000000e+00,5721,5721,0.061122,0.061122,0.0000e+00
dev-long-03,206,430,0.000000e+00,430,430,0.189454,0.189454,0.0000e+00
dev-long-03,207,310,0.000000e+00,310,310,0.000056,0.000056,0.0000e+00
dev-long-03,208,279,0.000000e+00,279,279,0.001134,0.001134,0.0000e+00
dev-long-03,209,7753,0.000000e+00,7753,7753,0.134197,0.134197,0.0000e+00
dev-long-03,210,314,0.000000e+00,314,314,0.000233,0.000233,0.0000e+00
dev-long-03,211,14315,0.000000e+00,279,279,2.920787,2.920787,0.0000e+00
dev-long-03,212,1154,0.000000e+00,1154,1154,0.000022,0.000022,0.0000e+00
dev-long-03,213,11,0.000000e+00,11,11,0.071566,0.071566,0.0000e+00
dev-long-03,214,852,0.000000e+00,852,852,0.225188,0.225188,0.0000e+00
dev-long-03,215,198,0.000000e+00,198,198,0.011080,0.011080,0.0000e+00
dev-long-03,216,485,0.000000e+00,15648,15648,9.832889,9.832889,0.0000e+00
dev-long-03,217,2511,0.000000e+00,2511,2511,0.566428,0.566428,0.0000e+00
dev-long-03,218,806,0.000000e+00,806,806,0.013356,0.013356,0.0000e+00
dev-long-03,219,1374,0.000000e+00,1374,1374,0.075133,0.075133,0.0000e+00
dev-long-03,220,78157,0.000000e+00,78157,78157,0.000131,0.000131,0.0000e+00
dev-long-03,221,11,0.000000e+00,11,11,0.052587,0.052587,0.0000e+00
dev-long-03,222,321,0.000000e+00,321,321,0.001335,0.001335,0.0000e+00
dev-long-03,223,67055,0.000000e+00,557,557,1.614099,1.614099,0.0000e+00
dev-long-03,224,780,0.000000e+00,780,780,0.000135,0.000135,0.0000e+00
dev-long-03,225,54322,0.000000e+00,54322,54322,0.000557,0.000557,0.0000e+00
dev-long-03,226,303,0.000000e+00,303,303,0.000056,0.000056,0.0000e+00
dev-long-03,227,279,0.000000e+00,279,279,0.000013,0.000013,0.0000e+00
dev-long-03,228,28928,0.000000e+00,3992,3992,0.768980,0.768980,0.0000e+00
dev-long-03,229,198,0.000000e+00,198,198,0.000181,0.000181,0.0000e+00
dev-long-03,230,17801,0.000000e+00,17801,17801,0.000041,0.000041,0.0000e+00
dev-long-03,231,13,0.000000e+00,13,13,0.009824,0.009824,0.0000e+00
dev-long-03,232,42249,0.000000e+00,42249,42249,0.044826,0.044826,0.0000e+00
dev-long-03,233,314,0.000000e+00,314,314,0.047080,0.047080,0.0000e+00
dev-long-03,234,264,0.000000e+00,264,264,0.160959,0.160959,0.0000e+00
dev-long-03,235,3555,0.000000e+00,3555,3555,0.119834,0.119834,0.0000e+00
dev-long-03,236,27181,0.000000e+00,27181,27181,0.005160,0.005160,0.0000e+00
dev-long-03,237,364,0.000000e+00,364,364,0.050802,0.050802,0.0000e+00
dev-long-03,238,41692,0.000000e+00,7808,7808,3.520280,3.520280,0.0000e+00
dev-long-03,239,3322,0.000000e+00,3322,3322,0.306730,0.306730,0.0000e+00
dev-long-03,240,978,0.000000e+00,978,978,0.004529,0.004529,0.0000e+00
dev-long-03,241,2574,0.000000e+00,2574,2574,0.644137,0.644137,0.0000e+00
dev-long-03,242,198,0.000000e+00,198,198,0.001392,0.001392,0.0000e+00
dev-long-03,243,66425,0.000000e+00,66425,66425,0.007224,0.007224,0.0000e+00
dev-long-03,244,279,0.000000e+00,279,279,0.008626,0.008626,0.0000e+00
dev-long-03,245,40470,0.000000e+00,40470,40470,0.002230,0.002230,0.0000e+00
dev-long-03,246,11,0.000000e+00,11,11,0.031601,0.031601,0.0000e+00
dev-long-03,247,279,0.000000e+00,279,279,0.545282,0.545282,0.0000e+00
dev-long-03,248,90844,0.000000e+00,90844,90844,0.375643,0.375643,0.0000e+00
dev-long-03,249,15578,0.000000e+00,15578,15578,0.686715,0.686715,0.0000e+00
dev-long-03,250,310,0.000000e+00,23704,23704,0.892643,0.892643,0.0000e+00
dev-long-03,251,3372,0.000000e+00,10403,10403,3.378435,3.378435,0.0000e+00
dev-long-03,252,27367,0.000000e+00,440,440,3.912187,3.912187,0.0000e+00
dev-long-03,253,1487,0.000000e+00,1487,1487,0.006072,0.006072,0.0000e+00
dev-long-03,254,440,0.000000e+00,440,440,0.000186,0.000186,0.0000e+00
dev-long-03,255,279,0.000000e+00,279,279,0.502772,0.502772,0.0000e+00
dev-long-03,256,198,0.000000e+00,198,198,0.000072,0.000072,0.0000e+00
dev-long-03,257,1783,0.000000e+00,1783,1783,0.092399,0.092399,0.0000e+00
dev-long-03,258,738,0.000000e+00,738,738,0.000698,0.000698,0.0000e+00
dev-long-03,259,11,0.000000e+00,11,11,0.011590,0.011590,0.0000e+00
dev-long-03,260,694,0.000000e+00,321,321,1.064902,1.064902,0.0000e+00
dev-long-03,261,13464,0.000000e+00,13464,13464,0.038895,0.038895,0.0000e+00
dev-long-03,262,424,0.000000e+00,424,424,0.000563,0.000563,0.0000e+00
dev-long-03,263,310,0.000000e+00,310,310,0.000301,0.000301,0.0000e+00
dev-long-03,264,279,0.000000e+00,279,279,0.000970,0.000970,0.0000e+00
dev-long-03,265,2601,0.000000e+00,2601,2601,0.024941,0.024941,0.0000e+00
dev-long-03,266,4603,0.000000e+00,4603,4603,0.000039,0.000039,0.0000e+00
dev-long-03,267,13,0.000000e+00,13,13,0.089543,0.089543,0.0000e+00
dev-long-03,268,14315,0.000000e+00,3629,3629,2.964287,2.964287,0.0000e+00
dev-long-03,269,1154,0.000000e+00,1154,1154,0.000803,0.000803,0.0000e+00
dev-long-03,270,11,0.000000e+00,11,11,0.314635,0.314635,0.0000e+00
dev-long-03,271,852,0.000000e+00,852,852,0.150825,0.150825,0.0000e+00
dev-long-03,272,995,0.000000e+00,369,369,2.570000,2.570000,0.0000e+00
dev-long-03,273,6625,0.000000e+00,2261,2261,4.052945,4.052945,0.0000e+00
dev-long-03,274,11590,0.000000e+00,2172,2172,2.108866,2.108866,0.0000e+00
dev-long-03,275,314,0.000000e+00,314,314,0.237676,0.237676,0.0000e+00
dev-long-03,276,198,0.000000e+00,198,198,0.000021,0.000021,0.0000e+00
dev-long-03,277,390,0.000000e+00,31788,31788,2.593828,2.593828,0.0000e+00
dev-long-03,278,1081,0.000000e+00,1081,1081,0.000757,0.000757,0.0000e+00
dev-long-03,279,19169,0.000000e+00,19169,19169,0.339678,0.339678,0.0000e+00
dev-long-03,280,2261,0.000000e+00,321,321,0.948527,0.948527,0.0000e+00
dev-long-03,281,279,0.000000e+00,279,279,0.000746,0.000746,0.0000e+00
dev-long-03,282,27388,0.000000e+00,27388,27388,1.052316,1.052316,0.0000e+00
dev-long-03,283,11,0.000000e+00,11,11,0.001936,0.001936,0.0000e+00
dev-long-03,284,281,0.000000e+00,11324,11324,3.695034,3.695034,0.0000e+00
dev-long-03,285,29243,0.000000e+00,29243,29243,0.000055,0.000055,0.0000e+00
dev-long-03,286,3023,0.000000e+00,3023,3023,0.080866,0.080866,0.0000e+00
dev-long-03,287,506,0.000000e+00,1066,1066,1.766211,1.766211,0.0000e+00
dev-long-03,288,279,0.000000e+00,279,279,0.146509,0.146509,0.0000e+00
dev-long-03,289,16198,0.000000e+00,16198,16198,0.161937,0.161937,0.0000e+00
dev-long-03,290,198,0.000000e+00,198,198,0.673779,0.673779,0.0000e+00
dev-long-03,291,429,0.000000e+00,429,429,0.567155,0.567155,0.0000e+00
dev-long-03,292,557,0.000000e+00,995,995,0.913172,0.913172,0.0000e+00
dev-long-03,293,11354,0.000000e+00,11354,11354,0.441132,0.441132,0.0000e+00
dev-long-03,294,680,0.000000e+00,680,680,0.207920,0.207920,0.0000e+00
dev-long-03,295,314,0.000000e+00,314,314,0.001254,0.001254,0.0000e+00
dev-long-03,296,5300,0.000000e+00,5300,5300,0.005104,0.005104,0.0000e+00
dev-long-03,297,1920,0.000000e+00,1920,1920,0.573791,0.573791,0.0000e+00
dev-long-03,298,271,0.000000e+00,271,271,0.001638,0.001638,0.0000e+00
dev-long-03,299,2005,0.000000e+00,9866,9866,1.021080,1.021080,0.0000e+00
dev-long-03,300,46903,0.000000e+00,9658,9658,5.959984,5.959984,0.0000e+00
dev-long-03,301,0,0.000000e+00,17306,17306,0.821409,0.821409,0.0000e+00
dev-long-03,302,1987,0.000000e+00,2844,2844,2.230295,2.230295,0.0000e+00
dev-long-03,303,1691,0.000000e+00,279,279,2.153706,2.153706,0.0000e+00
dev-long-03,304,364,0.000000e+00,364,364,0.013902,0.013902,0.0000e+00
dev-long-03,305,279,0.000000e+00,279,279,0.002037,0.002037,0.0000e+00
dev-long-03,306,4142,0.000000e+00,4142,4142,0.013859,0.013859,0.0000e+00
dev-long-03,307,94003,0.000000e+00,94003,94003,0.561084,0.561084,0.0000e+00
dev-long-03,308,2340,0.000000e+00,2340,2340,0.174671,0.174671,0.0000e+00
dev-long-03,309,1018,0.000000e+00,1018,1018,0.063258,0.063258,0.0000e+00
dev-long-03,310,38001,0.000000e+00,38001,38001,0.317327,0.317327,0.0000e+00
dev-long-03,311,3272,0.000000e+00,11,11,3.082765,3.082765,0.0000e+00
dev-long-03,312,3518,0.000000e+00,3518,3518,0.000573,0.000573,0.0000e+00
dev-long-03,313,11,0.000000e+00,13,13,1.613742,1.613742,0.0000e+00
dev-long-03,314,81154,0.000000e+00,50856,50856,2.140573,2.140573,0.0000e+00
dev-long-03,315,198,0.000000e+00,198,198,0.018823,0.018823,0.0000e+00
dev-long-03,316,27582,0.000000e+00,27582,27582,0.234897,0.234897,0.0000e+00
dev-long-03,317,279,0.000000e+00,279,279,0.004844,0.004844,0.0000e+00
dev-long-03,318,5392,0.000000e+00,5392,5392,0.097716,0.097716,0.0000e+00
dev-long-03,319,13,0.000000e+00,13,13,0.001680,0.001680,0.0000e+00
dev-long-03,320,1001,0.000000e+00,1001,1001,0.026841,0.026841,0.0000e+00
dev-long-03,321,760,0.000000e+00,760,760,0.284663,0.284663,0.0000e+00
dev-long-03,322,3296,0.000000e+00,3296,3296,0.747986,0.747986,0.0000e+00
dev-long-03,323,364,0.000000e+00,364,364,0.610241,0.610241,0.0000e+00
dev-long-03,324,586,0.000000e+00,586,586,0.003854,0.003854,0.0000e+00
dev-long-03,325,1381,0.000000e+00,1381,1381,0.138211,0.138211,0.0000e+00
dev-long-03,326,310,0.000000e+00,310,310,0.161706,0.161706,0.0000e+00
dev-long-03,327,11290,0.000000e+00,11290,11290,0.311999,0.311999,0.0000e+00
dev-long-03,328,369,0.000000e+00,369,369,0.016957,0.016957,0.0000e+00
dev-long-03,329,279,0.000000e+00,279,279,0.031095,0.031095,0.0000e+00
dev-long-03,330,8240,0.000000e+00,8240,8240,0.888130,0.888130,0.0000e+00
dev-long-03,331,314,0.000000e+00,314,314,0.002981,0.002981,0.0000e+00
dev-long-03,332,198,0.000000e+00,198,198,0.001125,0.001125,0.0000e+00
dev-long-03,333,12034,0.000000e+00,12034,12034,0.009367,0.009367,0.0000e+00
dev-long-03,334,6187,0.000000e+00,13,13,2.155879,2.155879,0.0000e+00
dev-long-03,335,494,0.000000e+00,494,494,0.054492,0.054492,0.0000e+00
dev-long-03,336,264,0.000000e+00,279,279,2.888511,2.888511,0.0000e+00
dev-long-03,337,35700,0.000000e+00,85537,85537,10.990776,10.990776,0.0000e+00
dev-long-03,338,806,0.000000e+00,806,806,0.000418,0.000418,0.0000e+00
dev-long-03,339,63620,0.000000e+00,63620,63620,0.011205,0.011205,0.0000e+00
dev-long-03,340,37208,0.000000e+00,37208,37208,0.002528,0.002528,0.0000e+00
dev-long-03,341,506,0.000000e+00,310,310,2.491773,2.491773,0.0000e+00
dev-long-03,342,799,0.000000e+00,279,279,3.916507,3.916507,0.0000e+00
dev-long-03,343,809,0.000000e+00,809,809,0.000760,0.000760,0.0000e+00
dev-long-03,344,310,0.000000e+00,310,310,0.925628,0.925628,0.0000e+00
dev-long-03,345,279,0.000000e+00,279,279,0.313361,0.313361,0.0000e+00
dev-long-03,346,18522,0.000000e+00,17789,17789,2.180977,2.180977,0.0000e+00
dev-long-03,347,314,0.000000e+00,314,314,0.009031,0.009031,0.0000e+00
dev-long-03,348,264,0.000000e+00,264,264,0.001147,0.001147,0.0000e+00
dev-long-03,349,198,0.000000e+00,198,198,0.010095,0.010095,0.0000e+00
dev-long-03,350,3237,0.000000e+00,3237,3237,0.001918,0.001918,0.0000e+00
dev-long-03,351,930,0.000000e+00,930,930,0.000014,0.000014,0.0000e+00
dev-long-03,352,303,0.000000e+00,506,506,3.688954,3.688954,0.0000e+00
dev-long-03,353,53682,0.000000e+00,279,279,2.007108,2.007108,0.0000e+00
dev-long-03,354,6930,0.000000e+00,6930,6930,0.000039,0.000039,0.0000e+00
dev-long-03,355,9254,0.000000e+00,9254,9254,0.005981,0.005981,0.0000e+00
dev-long-03,356,506,0.000000e+00,506,506,0.000247,0.000247,0.0000e+00
dev-long-03,357,279,0.000000e+00,279,279,0.000066,0.000066,0.0000e+00
dev-long-03,358,975,0.000000e+00,975,975,0.000117,0.000117,0.0000e+00
dev-long-03,359,13,0.000000e+00,13,13,0.003005,0.003005,0.0000e+00
dev-long-03,360,1394,0.000000e+00,1061,1061,4.062334,4.062334,0.0000e+00
dev-long-03,361,1436,0.000000e+00,1436,1436,0.649855,0.649855,0.0000e+00
dev-long-03,362,11,0.000000e+00,11,11,0.001798,0.001798,0.0000e+00
dev-long-03,363,30446,0.000000e+00,30446,30446,0.002188,0.002188,0.0000e+00
dev-long-03,364,11,0.000000e+00,11,11,0.001577,0.001577,0.0000e+00
dev-long-03,365,1004,0.000000e+00,821,821,1.909966,1.909966,0.0000e+00
dev-long-03,366,2545,0.000000e+00,2545,2545,0.047469,0.047469,0.0000e+00
dev-long-03,367,198,0.000000e+00,198,198,0.000069,0.000069,0.0000e+00
dev-long-03,368,9497,0.000000e+00,33441,33441,3.486245,3.486245,0.0000e+00
dev-long-03,369,88312,0.000000e+00,88312,88312,0.028400,0.028400,0.0000e+00
dev-long-03,370,599,0.000000e+00,599,599,0.107376,0.107376,0.0000e+00
dev-long-03,371,14413,0.000000e+00,14413,14413,0.150642,0.150642,0.0000e+00
dev-long-03,372,18533,0.000000e+00,3512,3512,1.227233,1.227233,0.0000e+00
dev-long-03,373,264,0.000000e+00,264,264,0.004008,0.004008,0.0000e+00
dev-long-03,374,1691,0.000000e+00,1691,1691,0.121038,0.121038,0.0000e+00
dev-long-03,375,777,0.000000e+00,777,777,0.027746,0.027746,0.0000e+00
dev-long-03,376,2894,0.000000e+00,60458,60458,3.313937,3.313937,0.0000e+00
dev-long-03,377,321,0.000000e+00,321,321,0.901397,0.901397,0.0000e+00
dev-long-03,378,2599,0.000000e+00,1442,1442,6.671426,6.671426,0.0000e+00
dev-long-03,379,198,0.000000e+00,198,198,0.227741,0.227741,0.0000e+00
dev-long-03,380,5938,0.000000e+00,65802,65802,1.616558,1.616558,0.0000e+00
dev-long-03,381,499,0.000000e+00,499,499,0.000379,0.000379,0.0000e+00
dev-long-03,382,305,0.000000e+00,305,305,0.044097,0.044097,0.0000e+00
dev-long-03,383,12523,0.000000e+00,12523,12523,0.028663,0.028663,0.0000e+00
dev-long-03,384,13,0.000000e+00,13,13,0.275011,0.275011,0.0000e+00
dev-long-03,385,5514,0.000000e+00,5514,5514,1.169098,1.169098,0.0000e+00
dev-long-03,386,369,0.000000e+00,11,11,0.935569,0.935569,0.0000e+00
dev-long-03,387,279,0.000000e+00,279,279,0.157582,0.157582,0.0000e+00
dev-long-03,388,9506,0.000000e+00,9506,9506,0.078145,0.078145,0.0000e+00
dev-long-03,389,26,0.000000e+00,1381,1381,3.545351,3.545351,0.0000e+00
dev-long-03,390,279,0.000000e+00,1532,1532,3.807784,3.807784,0.0000e+00
dev-long-03,391,9506,0.000000e+00,60042,60042,5.159982,5.159982,0.0000e+00
dev-long-03,392,3571,0.000000e+00,1902,1902,2.485261,2.485261,0.0000e+00
dev-long-03,393,494,0.000000e+00,494,494,0.009180,0.009180,0.0000e+00
dev-long-03,394,279,0.000000e+00,279,279,0.013214,0.013214,0.0000e+00
dev-long-03,395,60042,0.000000e+00,60042,60042,0.027450,0.027450,0.0000e+00
dev-long-03,396,11,0.000000e+00,26,26,3.080401,3.080401,0.0000e+00
dev-long-03,397,321,0.000000e+00,321,321,0.369671,0.369671,0.0000e+00
dev-long-03,398,198,0.000000e+00,198,198,0.028659,0.028659,0.0000e+00
dev-long-03,399,1719,0.000000e+00,1719,1719,0.050474,0.050474,0.0000e+00
dev-long-03,400,60042,0.000000e+00,60042,60042,0.069772,0.069772,0.0000e+00
dev-long-03,401,3571,0.000000e+00,3571,3571,0.627995,0.627995,0.0000e+00
dev-long-03,402,494,0.000000e+00,494,494,0.022212,0.022212,0.0000e+00
dev-long-03,403,4248,0.000000e+00,279,279,3.381384,3.381384,0.0000e+00
dev-long-03,404,13,0.000000e+00,13,13,0.001612,0.001612,0.0000e+00
dev-long-03,405,17075,0.000000e+00,78434,78434,1.444665,1.444665,0.0000e+00
dev-long-03,406,27466,0.000000e+00,27466,27466,0.000224,0.000224,0.0000e+00
dev-long-03,407,11,0.000000e+00,13,13,0.831041,0.831041,0.0000e+00
dev-long-03,408,279,0.000000e+00,279,279,0.372108,0.372108,0.0000e+00
dev-long-03,409,43623,0.000000e+00,6171,6171,2.793622,2.793622,0.0000e+00
dev-long-03,410,440,0.000000e+00,6483,6483,4.427950,4.427950,0.0000e+00
dev-long-03,411,279,0.000000e+00,279,279,0.295496,0.295496,0.0000e+00
dev-long-03,412,3743,0.000000e+00,7167,7167,2.628413,2.628413,0.0000e+00
dev-long-03,413,8628,0.000000e+00,198,198,2.712652,2.712652,0.0000e+00
dev-long-03,414,321,0.000000e+00,13,13,0.960820,0.960820,0.0000e+00
dev-long-03,415,198,0.000000e+00,198,198,0.002801,0.002801,0.0000e+00
dev-long-03,416,528,0.000000e+00,1719,1719,1.529079,1.529079,0.0000e+00
dev-long-03,417,279,0.000000e+00,279,279,0.413764,0.413764,0.0000e+00
dev-long-03,418,975,0.000000e+00,975,975,0.076484,0.076484,0.0000e+00
dev-long-03,419,16935,0.000000e+00,292,292,3.455331,3.455331,0.0000e+00
dev-long-03,420,440,0.000000e+00,864,864,4.657584,4.657584,0.0000e+00
dev-long-03,421,864,0.000000e+00,864,864,0.000280,0.000280,0.0000e+00
dev-long-03,422,353,0.000000e+00,353,353,0.388856,0.388856,0.0000e+00
dev-long-03,423,599,0.000000e+00,599,599,0.245217,0.245217,0.0000e+00
dev-long-03,424,32183,0.000000e+00,32183,32183,0.422882,0.422882,0.0000e+00
dev-long-03,425,488,0.000000e+00,488,488,0.000214,0.000214,0.0000e+00
dev-long-03,426,13,0.000000e+00,13,13,0.005968,0.005968,0.0000e+00
dev-long-03,427,1987,0.000000e+00,4543,4543,2.009065,2.009065,0.0000e+00
dev-long-03,428,1381,0.000000e+00,1381,1381,0.651996,0.651996,0.0000e+00
dev-long-03,429,567,0.000000e+00,11,11,1.442589,1.442589,0.0000e+00
dev-long-03,430,198,0.000000e+00,198,198,0.006832,0.006832,0.0000e+00
dev-long-03,431,24028,0.000000e+00,24028,24028,0.022535,0.022535,0.0000e+00
dev-long-03,432,716,0.000000e+00,2404,2404,1.499571,1.499571,0.0000e+00
dev-long-03,433,12833,0.000000e+00,12833,12833,0.077692,0.077692,0.0000e+00
dev-long-03,434,1546,0.000000e+00,13519,13519,1.925827,1.925827,0.0000e+00
dev-long-03,435,13519,0.000000e+00,13519,13519,0.005498,0.005498,0.0000e+00
dev-long-03,436,310,0.000000e+00,310,310,0.000152,0.000152,0.0000e+00
dev-long-03,437,8996,0.000000e+00,8996,8996,0.291557,0.291557,0.0000e+00
dev-long-03,438,411,0.000000e+00,411,411,0.155082,0.155082,0.0000e+00
dev-long-03,439,43623,0.000000e+00,43623,43623,0.097170,0.097170,0.0000e+00
dev-long-03,440,321,0.000000e+00,11,11,1.130796,1.130796,0.0000e+00
dev-long-03,441,198,0.000000e+00,198,198,1.119474,1.119474,0.0000e+00
dev-long-03,442,4899,0.000000e+00,3795,3795,11.067606,11.067606,0.0000e+00
dev-long-03,443,517,0.000000e+00,517,517,0.004176,0.004176,0.0000e+00
dev-long-03,444,1988,0.000000e+00,1988,1988,0.000030,0.000030,0.0000e+00
dev-long-03,445,1092,0.000000e+00,1092,1092,0.432372,0.432372,0.0000e+00
dev-long-03,446,919,0.000000e+00,919,919,0.154385,0.154385,0.0000e+00
dev-long-03,447,551,0.000000e+00,551,551,0.002827,0.002827,0.0000e+00
dev-long-03,448,682,0.000000e+00,1189,1189,0.760209,0.760209,0.0000e+00
dev-long-03,449,6141,0.000000e+00,6141,6141,0.003007,0.003007,0.0000e+00
dev-long-03,450,303,0.000000e+00,303,303,0.000479,0.000479,0.0000e+00
dev-long-03,451,411,0.000000e+00,411,411,0.131624,0.131624,0.0000e+00
dev-long-03,452,2545,0.000000e+00,24577,24577,3.743083,3.743083,0.0000e+00
dev-long-03,453,21831,0.000000e+00,21831,21831,0.012041,0.012041,0.0000e+00
dev-long-03,454,13,0.000000e+00,13,13,0.322701,0.322701,0.0000e+00
dev-long-03,455,1946,0.000000e+00,1165,1165,3.867852,3.867852,0.0000e+00
dev-long-03,456,635,0.000000e+00,279,279,5.735982,5.735982,0.0000e+00
dev-long-03,457,198,0.000000e+00,198,198,0.469447,0.469447,0.0000e+00
dev-long-03,458,559,0.000000e+00,559,559,0.017451,0.017451,0.0000e+00
dev-long-03,459,11,0.000000e+00,11,11,0.066968,0.066968,0.0000e+00
dev-long-03,460,567,0.000000e+00,567,567,0.222360,0.222360,0.0000e+00
dev-long-03,461,1902,0.000000e+00,1902,1902,0.010690,0.010690,0.0000e+00
dev-long-03,462,1380,0.000000e+00,1380,1380,1.071415,1.071415,0.0000e+00
dev-long-03,463,279,0.000000e+00,321,321,5.537590,5.537590,0.0000e+00
dev-long-03,464,43070,0.000000e+00,43070,43070,0.981697,0.981697,0.0000e+00
dev-long-03,465,3254,0.000000e+00,3254,3254,0.618066,0.618066,0.0000e+00
dev-long-03,466,1118,0.000000e+00,1118,1118,0.157374,0.157374,0.0000e+00
dev-long-03,467,11,0.000000e+00,11,11,0.209769,0.209769,0.0000e+00
dev-long-03,468,321,0.000000e+00,321,321,0.016764,0.016764,0.0000e+00
dev-long-03,469,1439,0.000000e+00,1439,1439,0.536574,0.536574,0.0000e+00
dev-long-03,470,9940,0.000000e+00,9940,9940,0.036194,0.036194,0.0000e+00
dev-long-03,471,35723,0.000000e+00,11,11,1.731227,1.731227,0.0000e+00
dev-long-03,472,198,0.000000e+00,198,198,0.000079,0.000079,0.0000e+00
dev-long-03,473,258,0.000000e+00,258,258,0.000253,0.000253,0.0000e+00
dev-long-03,474,449,0.000000e+00,279,279,7.787643,7.787643,0.0000e+00
dev-long-03,475,31604,0.000000e+00,31604,31604,0.016961,0.016961,0.0000e+00
dev-long-03,476,303,0.000000e+00,303,303,0.153503,0.153503,0.0000e+00
dev-long-03,477,660,0.000000e+00,279,279,6.396226,6.396226,0.0000e+00
dev-long-03,478,279,0.000000e+00,279,279,0.000403,0.000403,0.0000e+00
dev-long-03,479,11129,0.000000e+00,6187,6187,3.566415,3.566415,0.0000e+00
dev-long-03,480,15228,0.000000e+00,15228,15228,0.004759,0.004759,0.0000e+00
dev-long-03,481,13,0.000000e+00,13,13,0.105740,0.105740,0.0000e+00
dev-long-03,482,1368,0.000000e+00,38470,38470,3.034212,3.034212,0.0000e+00
dev-long-03,483,411,0.000000e+00,411,411,0.198936,0.198936,0.0000e+00
dev-long-03,484,3564,0.000000e+00,14107,14107,1.350799,1.350799,0.0000e+00
dev-long-03,485,11,0.000000e+00,11,11,0.028383,0.028383,0.0000e+00
dev-long-03,486,353,0.000000e+00,353,353,0.135663,0.135663,0.0000e+00
dev-long-03,487,4723,0.000000e+00,4723,4723,0.555633,0.555633,0.0000e+00
dev-long-03,488,198,0.000000e+00,198,198,0.001210,0.001210,0.0000e+00
dev-long-03,489,18443,0.000000e+00,18443,18443,0.694702,0.694702,0.0000e+00
dev-long-03,490,89085,0.000000e+00,310,310,0.984285,0.984285,0.0000e+00
dev-long-03,491,310,0.000000e+00,310,310,0.001295,0.001295,0.0000e+00
dev-long-03,492,975,0.000000e+00,1010,1010,1.602864,1.602864,0.0000e+00
dev-long-03,493,5245,0.000000e+00,6440,6440,1.091919,1.091919,0.0000e+00
dev-long-03,494,1920,0.000000e+00,1920,1920,0.012406,0.012406,0.0000e+00
dev-long-03,495,271,0.000000e+00,271,271,0.003143,0.003143,0.0000e+00
dev-long-03,496,41610,0.000000e+00,2005,2005,1.464186,1.464186,0.0000e+00
dev-long-03,497,668,0.000000e+00,0,0,3.954674,3.954674,0.0000e+00
dev-long-03,498,488,0.000000e+00,678,678,2.187826,2.187826,0.0000e+00
dev-long-03,499,1910,0.000000e+00,1910,1910,0.719351,0.719351,0.0000e+00
dev-long-03,500,12035,0.000000e+00,12035,12035,0.005955,0.005955,0.0000e+00
dev-long-03,501,271,0.000000e+00,271,271,0.092652,0.092652,0.0000e+00
dev-long-03,502,2005,0.000000e+00,2005,2005,0.071786,0.071786,0.0000e+00
dev-long-03,503,33963,0.000000e+00,22367,22367,4.234174,4.234174,0.0000e+00
dev-long-03,504,728,0.000000e+00,728,728,0.004912,0.004912,0.0000e+00
dev-long-03,505,264,0.000000e+00,449,449,5.703636,5.703636,0.0000e+00
dev-long-03,506,44579,0.000000e+00,5572,5572,1.905501,1.905501,0.0000e+00
dev-long-03,507,321,0.000000e+00,321,321,0.055392,0.055392,0.0000e+00
dev-long-03,508,421,0.000000e+00,421,421,1.245529,1.245529,0.0000e+00
dev-long-03,509,20485,0.000000e+00,3575,3575,1.477544,1.477544,0.0000e+00
dev-long-03,510,314,0.000000e+00,314,314,0.011002,0.011002,0.0000e+00
dev-long-03,511,5392,0.000000e+00,264,264,1.863222,1.863222,0.0000e+00
dev-long-03,512,13,0.000000e+00,1920,1920,2.718444,2.718444,0.0000e+00
dev-long-03,513,4543,0.000000e+00,6558,6558,3.133439,3.133439,0.0000e+00
dev-long-03,514,11,0.000000e+00,11,11,0.338573,0.338573,0.0000e+00
dev-long-03,515,1179,0.000000e+00,4248,4248,3.041155,3.041155,0.0000e+00
dev-long-03,516,25,0.000000e+00,13,13,1.412125,1.412125,0.0000e+00
dev-long-03,517,3260,0.000000e+00,3260,3260,0.183285,0.183285,0.0000e+00
dev-long-03,518,6441,0.000000e+00,6441,6441,0.199185,0.199185,0.0000e+00
dev-long-03,519,506,0.000000e+00,506,506,0.004133,0.004133,0.0000e+00
dev-long-03,520,279,0.000000e+00,198,198,1.733695,1.733695,0.0000e+00
dev-long-03,521,198,0.000000e+00,198,198,0.077852,0.077852,0.0000e+00
dev-long-03,522,70927,0.000000e+00,25668,25668,5.902233,5.902233,0.0000e+00
dev-long-03,523,314,0.000000e+00,314,314,0.000745,0.000745,0.0000e+00
dev-long-03,524,7441,0.000000e+00,7441,7441,0.027220,0.027220,0.0000e+00
dev-long-03,525,689,0.000000e+00,689,689,0.000169,0.000169,0.0000e+00
dev-long-03,526,6476,0.000000e+00,6476,6476,0.001508,0.001508,0.0000e+00
dev-long-03,527,11,0.000000e+00,11,11,0.084659,0.084659,0.0000e+00
dev-long-03,528,264,0.000000e+00,264,264,0.009286,0.009286,0.0000e+00
dev-long-03,529,60042,0.000000e+00,3565,3565,4.817357,4.817357,0.0000e+00
dev-long-03,530,321,0.000000e+00,321,321,0.001727,0.001727,0.0000e+00
dev-long-03,531,264,0.000000e+00,264,264,0.000021,0.000021,0.0000e+00
dev-long-03,532,3565,0.000000e+00,2503,2503,2.145630,2.145630,0.0000e+00
dev-long-03,533,6273,0.000000e+00,6273,6273,0.480427,0.480427,0.0000e+00
dev-long-03,534,8628,0.000000e+00,8628,8628,0.000987,0.000987,0.0000e+00
dev-long-03,535,13,0.000000e+00,30996,30996,2.462566,2.462566,0.0000e+00
dev-long-03,536,4248,0.000000e+00,561,561,1.965121,1.965121,0.0000e+00
dev-long-03,537,13,0.000000e+00,13,13,0.001173,0.001173,0.0000e+00
dev-long-03,538,17075,0.000000e+00,17075,17075,0.000704,0.000704,0.0000e+00
dev-long-03,539,27466,0.000000e+00,27466,27466,0.001701,0.001701,0.0000e+00
dev-long-03,540,198,0.000000e+00,198,198,0.001504,0.001504,0.0000e+00
dev-long-03,541,4660,0.000000e+00,4660,4660,0.683230,0.683230,0.0000e+00
dev-long-03,542,599,0.000000e+00,599,599,0.000136,0.000136,0.0000e+00
dev-long-03,543,279,0.000000e+00,2107,2107,3.113738,3.113738,0.0000e+00
dev-long-03,544,1788,0.000000e+00,1788,1788,0.001556,0.001556,0.0000e+00
dev-long-03,545,539,0.000000e+00,539,539,0.040826,0.040826,0.0000e+00
dev-long-03,546,18377,0.000000e+00,18377,18377,0.074122,0.074122,0.0000e+00
dev-long-03,547,506,0.000000e+00,506,506,0.004919,0.004919,0.0000e+00
dev-long-03,548,220,0.000000e+00,220,220,0.604941,0.604941,0.0000e+00
dev-long-03,549,21,0.000000e+00,21,21,0.018061,0.018061,0.0000e+00
dev-long-03,550,25,0.000000e+00,11,11,1.334980,1.334980,0.0000e+00
dev-long-03,551,18,0.000000e+00,16,16,1.619788,1.619788,0.0000e+00
dev-long-03,552,15,0.000000e+00,15,15,0.000280,0.000280,0.0000e+00
dev-long-03,553,411,0.000000e+00,310,310,5.322489,5.322489,0.0000e+00
dev-long-03,554,11129,0.000000e+00,11129,11129,0.013499,0.013499,0.0000e+00
dev-long-03,555,506,0.000000e+00,506,506,0.014255,0.014255,0.0000e+00
dev-long-03,556,220,0.000000e+00,220,220,0.056625,0.056625,0.0000e+00
dev-long-03,557,17,0.000000e+00,17,17,0.000070,0.000070,0.0000e+00
dev-long-03,558,17,0.000000e+00,17,17,0.000007,0.000007,0.0000e+00
dev-long-03,559,16,0.000000e+00,16,16,0.000717,0.000717,0.0000e+00
dev-long-03,560,33,0.000000e+00,33,33,0.064557,0.064557,0.0000e+00
dev-long-03,561,11,0.000000e+00,11,11,0.010536,0.010536,0.0000e+00
dev-long-03,562,27466,0.000000e+00,27466,27466,0.003337,0.003337,0.0000e+00
dev-long-03,563,198,0.000000e+00,198,198,0.007391,0.007391,0.0000e+00
dev-long-03,564,33402,0.000000e+00,33402,33402,0.001502,0.001502,0.0000e+00
dev-long-03,565,13894,0.000000e+00,13894,13894,0.031010,0.031010,0.0000e+00
dev-long-03,566,2844,0.000000e+00,2532,2532,3.337049,3.337049,0.0000e+00
dev-long-03,567,369,0.000000e+00,369,369,0.006913,0.006913,0.0000e+00
dev-long-03,568,2708,0.000000e+00,279,279,1.532594,1.532594,0.0000e+00
dev-long-03,569,321,0.000000e+00,321,321,0.019953,0.019953,0.0000e+00
dev-long-03,570,61446,0.000000e+00,61446,61446,0.136144,0.136144,0.0000e+00
dev-long-03,571,1920,0.000000e+00,1920,1920,0.112110,0.112110,0.0000e+00
dev-long-03,572,271,0.000000e+00,271,271,0.000301,0.000301,0.0000e+00
dev-long-03,573,2005,0.000000e+00,2005,2005,0.410671,0.410671,0.0000e+00
dev-long-03,574,24936,0.000000e+00,9651,9651,2.959874,2.959874,0.0000e+00
dev-long-03,575,13,0.000000e+00,1920,1920,1.114657,1.114657,0.0000e+00
dev-long-03,576,1921,0.000000e+00,1921,1921,0.039209,0.039209,0.0000e+00
dev-long-03,577,668,0.000000e+00,668,668,0.921032,0.921032,0.0000e+00
dev-long-03,578,551,0.000000e+00,551,551,0.077248,0.077248,0.0000e+00
dev-long-03,579,1436,0.000000e+00,2445,2445,2.666125,2.666125,0.0000e+00
dev-long-03,580,424,0.000000e+00,424,424,0.070404,0.070404,0.0000e+00
dev-long-03,581,12035,0.000000e+00,12035,12035,0.007681,0.007681,0.0000e+00
dev-long-03,582,271,0.000000e+00,271,271,0.000435,0.000435,0.0000e+00
dev-long-03,583,84797,0.000000e+00,2005,2005,3.173632,3.173632,0.0000e+00
dev-long-03,584,11,0.000000e+00,11,11,0.001890,0.001890,0.0000e+00
dev-long-03,585,551,0.000000e+00,424,424,1.048873,1.048873,0.0000e+00
dev-long-03,586,369,0.000000e+00,1902,1902,1.827932,1.827932,0.0000e+00
dev-long-03,587,2617,0.000000e+00,883,883,3.602496,3.602496,0.0000e+00
dev-long-03,588,310,0.000000e+00,310,310,0.000562,0.000562,0.0000e+00
dev-long-03,589,2426,0.000000e+00,381,381,5.660028,5.660028,0.0000e+00
dev-long-03,590,449,0.000000e+00,449,449,0.124787,0.124787,0.0000e+00
dev-long-03,591,7662,0.000000e+00,7662,7662,0.009681,0.009681,0.0000e+00
dev-long-03,592,383,0.000000e+00,383,383,0.011027,0.011027,0.0000e+00
dev-long-03,593,279,0.000000e+00,279,279,0.031791,0.031791,0.0000e+00
dev-long-03,594,15228,0.000000e+00,15228,15228,0.051430,0.051430,0.0000e+00
dev-long-03,595,11,0.000000e+00,11,11,0.591900,0.591900,0.0000e+00
dev-long-03,596,2394,0.000000e+00,364,364,2.086051,2.086051,0.0000e+00
dev-long-03,597,11,0.000000e+00,11,11,0.840897,0.840897,0.0000e+00
dev-long-03,598,310,0.000000e+00,413,413,5.337981,5.337981,0.0000e+00
dev-long-03,599,264,0.000000e+00,660,660,1.506877,1.506877,0.0000e+00
dev-long-03,600,7604,0.000000e+00,855,855,1.369537,1.369537,0.0000e+00
dev-long-03,601,855,0.000000e+00,855,855,0.036037,0.036037,0.0000e+00
dev-long-03,602,11,0.000000e+00,11,11,0.009554,0.009554,0.0000e+00
dev-long-03,603,198,0.000000e+00,198,198,0.030029,0.030029,0.0000e+00
dev-long-03,604,1719,0.000000e+00,1719,1719,0.140423,0.140423,0.0000e+00
dev-long-03,605,4557,0.000000e+00,4557,4557,0.991227,0.991227,0.0000e+00
dev-long-03,606,557,0.000000e+00,314,314,1.313620,1.313620,0.0000e+00
dev-long-03,607,264,0.000000e+00,264,264,0.036353,0.036353,0.0000e+00
dev-long-03,608,8545,0.000000e+00,8545,8545,0.392614,0.392614,0.0000e+00
dev-long-03,609,799,0.000000e+00,799,799,0.017021,0.017021,0.0000e+00
dev-long-03,610,13,0.000000e+00,13,13,0.358045,0.358045,0.0000e+00
dev-long-03,611,1216,0.000000e+00,1049,1049,1.294560,1.294560,0.0000e+00
dev-long-03,612,557,0.000000e+00,668,668,3.115901,3.115901,0.0000e+00
dev-long-03,613,9077,0.000000e+00,60157,60157,2.939665,2.939665,0.0000e+00
dev-long-03,614,748,0.000000e+00,264,264,5.324121,5.324121,0.0000e+00
dev-long-03,615,25281,0.000000e+00,592,592,6.549908,6.549908,0.0000e+00
dev-long-03,616,539,0.000000e+00,539,539,0.010083,0.010083,0.0000e+00
dev-long-03,617,780,0.000000e+00,780,780,0.045935,0.045935,0.0000e+00
dev-long-03,618,5605,0.000000e+00,5605,5605,1.561442,1.561442,0.0000e+00
dev-long-03,619,329,0.000000e+00,2887,2887,4.162103,4.162103,0.0000e+00
dev-long-03,620,663,0.000000e+00,663,663,0.017604,0.017604,0.0000e+00
dev-long-03,621,303,0.000000e+00,303,303,0.587140,0.587140,0.0000e+00
dev-long-03,622,198,0.000000e+00,198,198,0.000200,0.000200,0.0000e+00
dev-long-03,623,35444,0.000000e+00,1719,1719,2.454343,2.454343,0.0000e+00
dev-long-03,624,279,0.000000e+00,279,279,0.000202,0.000202,0.0000e+00
dev-long-03,625,3136,0.000000e+00,3136,3136,0.164469,0.164469,0.0000e+00
dev-long-03,626,321,0.000000e+00,11,11,1.202041,1.202041,0.0000e+00
dev-long-03,627,539,0.000000e+00,539,539,0.475300,0.475300,0.0000e+00
dev-long-03,628,279,0.000000e+00,279,279,0.139061,0.139061,0.0000e+00
dev-long-03,629,5313,0.000000e+00,10771,10771,3.127281,3.127281,0.0000e+00
dev-long-03,630,314,0.000000e+00,314,314,0.000043,0.000043,0.0000e+00
dev-long-03,631,38470,0.000000e+00,279,279,0.839730,0.839730,0.0000e+00
dev-long-03,632,421,0.000000e+00,421,421,0.105699,0.105699,0.0000e+00
dev-long-03,633,551,0.000000e+00,551,551,0.006733,0.006733,0.0000e+00
dev-long-03,634,3272,0.000000e+00,3272,3272,0.145101,0.145101,0.0000e+00
dev-long-03,635,314,0.000000e+00,314,314,0.299304,0.299304,0.0000e+00
dev-long-03,636,198,0.000000e+00,198,198,0.000018,0.000018,0.0000e+00
dev-long-03,637,39850,0.000000e+00,39850,39850,0.010982,0.010982,0.0000e+00
dev-long-03,638,694,0.000000e+00,694,694,0.081382,0.081382,0.0000e+00
dev-long-03,639,10650,0.000000e+00,780,780,0.839742,0.839742,0.0000e+00
dev-long-03,640,11,0.000000e+00,11,11,0.120032,0.120032,0.0000e+00
dev-long-03,641,694,0.000000e+00,321,321,7.776645,7.776645,0.0000e+00
dev-long-03,642,2394,0.000000e+00,279,279,3.561138,3.561138,0.0000e+00
dev-long-03,643,1179,0.000000e+00,1179,1179,0.378139,0.378139,0.0000e+00
dev-long-03,644,551,0.000000e+00,551,551,0.018702,0.018702,0.0000e+00
dev-long-03,645,1902,0.000000e+00,1902,1902,0.035179,0.035179,0.0000e+00
dev-long-03,646,599,0.000000e+00,599,599,0.172707,0.172707,0.0000e+00
dev-long-03,647,95426,0.000000e+00,95426,95426,1.151080,1.151080,0.0000e+00
dev-long-03,648,21542,0.000000e+00,1996,1996,2.625541,2.625541,0.0000e+00
dev-long-03,649,6359,0.000000e+00,6359,6359,0.000001,0.000001,0.0000e+00
dev-long-03,650,279,0.000000e+00,279,279,0.002815,0.002815,0.0000e+00
dev-long-03,651,198,0.000000e+00,198,198,0.000071,0.000071,0.0000e+00
dev-long-03,652,6455,0.000000e+00,798,798,2.872759,2.872759,0.0000e+00
dev-long-03,653,16709,0.000000e+00,16709,16709,0.560440,0.560440,0.0000e+00
dev-long-03,654,864,0.000000e+00,864,864,0.046098,0.046098,0.0000e+00
dev-long-03,655,8613,0.000000e+00,11354,11354,3.959801,3.959801,0.0000e+00
dev-long-03,656,1384,0.000000e+00,1384,1384,0.000584,0.000584,0.0000e+00
dev-long-03,657,310,0.000000e+00,310,310,0.000850,0.000850,0.0000e+00
dev-long-03,658,5758,0.000000e+00,5106,5106,1.004362,1.004362,0.0000e+00
dev-long-03,659,780,0.000000e+00,780,780,0.179705,0.179705,0.0000e+00
dev-long-03,660,11619,0.000000e+00,21209,21209,5.301905,5.301905,0.0000e+00
dev-long-03,661,13,0.000000e+00,13,13,0.211659,0.211659,0.0000e+00
dev-long-03,662,4844,0.000000e+00,7183,7183,1.762125,1.762125,0.0000e+00
dev-long-03,663,11,0.000000e+00,11,11,0.124314,0.124314,0.0000e+00
dev-long-03,664,1495,0.000000e+00,1495,1495,0.340162,0.340162,0.0000e+00
dev-long-03,665,11,0.000000e+00,11,11,0.000271,0.000271,0.0000e+00
dev-long-03,666,279,0.000000e+00,279,279,0.241569,0.241569,0.0000e+00
dev-long-03,667,198,0.000000e+00,13893,13893,5.428524,5.428524,0.0000e+00
dev-long-03,668,390,0.000000e+00,41868,41868,7.765774,7.765774,0.0000e+00
dev-long-03,669,16250,0.000000e+00,16250,16250,0.494498,0.494498,0.0000e+00
dev-long-03,670,314,0.000000e+00,314,314,0.000058,0.000058,0.0000e+00
dev-long-03,671,780,0.000000e+00,780,780,0.000490,0.000490,0.0000e+00
dev-long-03,672,803,0.000000e+00,803,803,0.573260,0.573260,0.0000e+00
dev-long-03,673,668,0.000000e+00,668,668,0.225131,0.225131,0.0000e+00
dev-long-03,674,5073,0.000000e+00,524,524,2.675640,2.675640,0.0000e+00
dev-long-03,675,1384,0.000000e+00,1384,1384,0.001981,0.001981,0.0000e+00
dev-long-03,676,310,0.000000e+00,310,310,0.016626,0.016626,0.0000e+00
dev-long-03,677,1436,0.000000e+00,2445,2445,3.873144,3.873144,0.0000e+00
dev-long-03,678,424,0.000000e+00,424,424,0.002528,0.002528,0.0000e+00
dev-long-03,679,11,0.000000e+00,506,506,1.605606,1.605606,0.0000e+00
dev-long-03,680,364,0.000000e+00,364,364,0.340278,0.340278,0.0000e+00
dev-long-03,681,4858,0.000000e+00,11,11,5.080803,5.080803,0.0000e+00
dev-long-03,682,852,0.000000e+00,668,668,1.356429,1.356429,0.0000e+00
dev-long-03,683,198,0.000000e+00,198,198,0.000994,0.000994,0.0000e+00
dev-long-03,684,30979,0.000000e+00,30979,30979,0.081490,0.081490,0.0000e+00
dev-long-03,685,82,0.000000e+00,82,82,0.000201,0.000201,0.0000e+00
dev-long-03,686,1384,0.000000e+00,1384,1384,0.066655,0.066655,0.0000e+00
dev-long-03,687,668,0.000000e+00,668,668,0.014800,0.014800,0.0000e+00
dev-long-03,688,2050,0.000000e+00,10179,10179,2.995573,2.995573,0.0000e+00
dev-long-03,689,780,0.000000e+00,780,780,0.501131,0.501131,0.0000e+00
dev-long-03,690,6326,0.000000e+00,6326,6326,0.012573,0.012573,0.0000e+00
dev-long-03,691,310,0.000000e+00,310,310,0.000115,0.000115,0.0000e+00
dev-long-03,692,424,0.000000e+00,424,424,0.091325,0.091325,0.0000e+00
dev-long-03,693,13,0.000000e+00,1920,1920,0.814779,0.814779,0.0000e+00
dev-long-03,694,5514,0.000000e+00,5514,5514,0.251426,0.251426,0.0000e+00
dev-long-03,695,488,0.000000e+00,369,369,2.582659,2.582659,0.0000e+00
dev-long-03,696,513,0.000000e+00,513,513,0.005959,0.005959,0.0000e+00
dev-long-03,697,11,0.000000e+00,11,11,0.262548,0.262548,0.0000e+00
dev-long-03,698,38470,0.000000e+00,38470,38470,0.032465,0.032465,0.0000e+00
dev-long-03,699,11,0.000000e+00,11,11,0.142247,0.142247,0.0000e+00
dev-long-03,700,1542,0.000000e+00,1542,1542,0.332652,0.332652,0.0000e+00
dev-long-03,701,198,0.000000e+00,198,198,0.004943,0.004943,0.0000e+00
dev-long-03,702,2829,0.000000e+00,2829,2829,0.002455,0.002455,0.0000e+00
dev-long-03,703,310,0.000000e+00,310,310,0.011812,0.011812,0.0000e+00
dev-long-03,704,279,0.000000e+00,279,279,0.007790,0.007790,0.0000e+00
dev-long-03,705,12507,0.000000e+00,17933,17933,1.997139,1.997139,0.0000e+00
dev-long-03,706,8815,0.000000e+00,8815,8815,0.010827,0.010827,0.0000e+00
dev-long-03,707,321,0.000000e+00,321,321,0.150074,0.150074,0.0000e+00
dev-long-03,708,599,0.000000e+00,599,599,0.247268,0.247268,0.0000e+00
dev-long-03,709,411,0.000000e+00,411,411,0.052492,0.052492,0.0000e+00
dev-long-03,710,2113,0.000000e+00,2113,2113,0.252762,0.252762,0.0000e+00
dev-long-03,711,303,0.000000e+00,303,303,0.008459,0.008459,0.0000e+00
dev-long-03,712,279,0.000000e+00,279,279,0.050608,0.050608,0.0000e+00
dev-long-03,713,11129,0.000000e+00,11129,11129,0.062056,0.062056,0.0000e+00
dev-long-03,714,198,0.000000e+00,198,198,0.022310,0.022310,0.0000e+00
dev-long-03,715,45717,0.000000e+00,45717,45717,0.098489,0.098489,0.0000e+00
dev-long-03,716,1920,0.000000e+00,1920,1920,0.131932,0.131932,0.0000e+00
dev-long-03,717,271,0.000000e+00,271,271,0.062209,0.062209,0.0000e+00
dev-long-03,718,43627,0.000000e+00,623,623,1.488801,1.488801,0.0000e+00
dev-long-03,719,864,0.000000e+00,4139,4139,3.184658,3.184658,0.0000e+00
dev-long-03,720,11,0.000000e+00,11,11,0.381536,0.381536,0.0000e+00
dev-long-03,721,26180,0.000000e+00,26180,26180,0.677428,0.677428,0.0000e+00
dev-long-03,722,12035,0.000000e+00,12035,12035,0.027489,0.027489,0.0000e+00
dev-long-03,723,271,0.000000e+00,271,271,0.003135,0.003135,0.0000e+00
dev-long-03,724,83891,0.000000e+00,2005,2005,4.518355,4.518355,0.0000e+00
dev-long-03,725,11,0.000000e+00,11,11,0.000553,0.000553,0.0000e+00
dev-long-03,726,303,0.000000e+00,303,303,0.024621,0.024621,0.0000e+00
dev-long-03,727,279,0.000000e+00,279,279,0.602436,0.602436,0.0000e+00
dev-long-03,728,696,0.000000e+00,696,696,0.009627,0.009627,0.0000e+00
dev-long-03,729,38,0.000000e+00,38,38,0.340488,0.340488,0.0000e+00
dev-long-03,730,60872,0.000000e+00,60872,60872,0.370548,0.370548,0.0000e+00
dev-long-03,731,6663,0.000000e+00,6663,6663,0.083601,0.083601,0.0000e+00
dev-long-03,732,696,0.000000e+00,279,279,1.360013,1.360013,0.0000e+00
dev-long-03,733,12335,0.000000e+00,608,608,2.269070,2.269070,0.0000e+00
dev-long-03,734,6663,0.000000e+00,6663,6663,0.007266,0.007266,0.0000e+00
dev-long-03,735,696,0.000000e+00,696,696,0.524793,0.524793,0.0000e+00
dev-long-03,736,47,0.000000e+00,47,47,1.950067,1.950067,0.0000e+00
dev-long-03,737,528,0.000000e+00,528,528,0.020497,0.020497,0.0000e+00
dev-long-03,738,30366,0.000000e+00,30366,30366,0.001811,0.001811,0.0000e+00
dev-long-03,739,6663,0.000000e+00,6663,6663,0.167264,0.167264,0.0000e+00
dev-long-03,740,696,0.000000e+00,696,696,0.792253,0.792253,0.0000e+00
dev-long-03,741,608,0.000000e+00,608,608,0.704243,0.704243,0.0000e+00
dev-long-03,742,13,0.000000e+00,13,13,0.013661,0.013661,0.0000e+00
dev-long-03,743,7555,0.000000e+00,7555,7555,0.001181,0.001181,0.0000e+00
dev-long-03,744,725,0.000000e+00,725,725,0.361593,0.361593,0.0000e+00
dev-long-03,745,72043,0.000000e+00,6663,6663,0.928457,0.928457,0.0000e+00
dev-long-03,746,6663,0.000000e+00,6663,6663,0.045466,0.045466,0.0000e+00
dev-long-03,747,198,0.000000e+00,321,321,2.110650,2.110650,0.0000e+00
dev-long-03,748,2021,0.000000e+00,1102,1102,1.858647,1.858647,0.0000e+00
dev-long-03,749,1002,0.000000e+00,1002,1002,0.167340,0.167340,0.0000e+00
dev-long-03,750,286,0.000000e+00,286,286,0.000404,0.000404,0.0000e+00
dev-long-03,751,5230,0.000000e+00,5230,5230,0.002565,0.002565,0.0000e+00
dev-long-03,752,6663,0.000000e+00,6663,6663,0.028834,0.028834,0.0000e+00
dev-long-03,753,696,0.000000e+00,321,321,0.756420,0.756420,0.0000e+00
dev-long-03,754,19178,0.000000e+00,19178,19178,0.278985,0.278985,0.0000e+00
dev-long-03,755,6663,0.000000e+00,6663,6663,0.371932,0.371932,0.0000e+00
dev-long-03,756,696,0.000000e+00,321,321,0.752040,0.752040,0.0000e+00
dev-long-03,757,72442,0.000000e+00,72442,72442,0.928735,0.928735,0.0000e+00
dev-long-03,758,6663,0.000000e+00,6663,6663,0.065357,0.065357,0.0000e+00
dev-long-03,759,321,0.000000e+00,696,696,1.259238,1.259238,0.0000e+00
dev-long-03,760,866,0.000000e+00,696,696,2.488495,2.488495,0.0000e+00
dev-long-03,761,3672,0.000000e+00,3672,3672,0.351010,0.351010,0.0000e+00
dev-long-03,762,421,0.000000e+00,421,421,0.263036,0.263036,0.0000e+00
dev-long-03,763,11822,0.000000e+00,668,668,0.977621,0.977621,0.0000e+00
dev-long-03,764,310,0.000000e+00,310,310,0.001077,0.001077,0.0000e+00
dev-long-03,765,488,0.000000e+00,488,488,0.004273,0.004273,0.0000e+00
dev-long-03,766,1920,0.000000e+00,1920,1920,0.310912,0.310912,0.0000e+00
dev-long-03,767,271,0.000000e+00,271,271,0.001494,0.001494,0.0000e+00
dev-long-03,768,2005,0.000000e+00,2005,2005,0.771510,0.771510,0.0000e+00
dev-long-03,769,24936,0.000000e+00,24936,24936,0.577201,0.577201,0.0000e+00
dev-long-03,770,1575,0.000000e+00,1575,1575,0.015441,0.015441,0.0000e+00
dev-long-03,771,11,0.000000e+00,13,13,1.173178,1.173178,0.0000e+00
dev-long-03,772,26180,0.000000e+00,26180,26180,0.071800,0.071800,0.0000e+00
dev-long-03,773,13,0.000000e+00,13,13,0.135339,0.135339,0.0000e+00
dev-long-03,774,1541,0.000000e+00,1541,1541,0.378804,0.378804,0.0000e+00
dev-long-03,775,411,0.000000e+00,488,488,2.853242,2.853242,0.0000e+00
dev-long-03,776,9506,0.000000e+00,9506,9506,0.634628,0.634628,0.0000e+00
dev-long-03,777,12035,0.000000e+00,12035,12035,0.453314,0.453314,0.0000e+00
dev-long-03,778,271,0.000000e+00,271,271,0.016591,0.016591,0.0000e+00
dev-long-03,779,2005,0.000000e+00,2005,2005,0.500599,0.500599,0.0000e+00
dev-long-03,780,23982,0.000000e+00,23982,23982,1.225056,1.225056,0.0000e+00
dev-long-03,781,11,0.000000e+00,11,11,0.092862,0.092862,0.0000e+00
dev-long-03,782,9542,0.000000e+00,9542,9542,0.533788,0.533788,0.0000e+00
dev-long-03,783,11,0.000000e+00,11,11,0.136074,0.136074,0.0000e+00
dev-long-03,784,353,0.000000e+00,353,353,1.175341,1.175341,0.0000e+00
dev-long-03,785,4723,0.000000e+00,1683,1683,2.310870,2.310870,0.0000e+00
dev-long-03,786,2426,0.000000e+00,2426,2426,0.693165,0.693165,0.0000e+00
dev-long-03,787,279,0.000000e+00,678,678,4.192521,4.192521,0.0000e+00
dev-long-03,788,9506,0.000000e+00,9506,9506,0.031899,0.031899,0.0000e+00
dev-long-03,789,13,0.000000e+00,13,13,0.851250,0.851250,0.0000e+00
dev-long-03,790,9442,0.000000e+00,1049,1049,3.625529,3.625529,0.0000e+00
dev-long-03,791,488,0.000000e+00,488,488,0.000298,0.000298,0.0000e+00
dev-long-03,792,13,0.000000e+00,13,13,0.660233,0.660233,0.0000e+00
dev-long-03,793,1541,0.000000e+00,1541,1541,0.438352,0.438352,0.0000e+00
dev-long-03,794,11,0.000000e+00,1345,1345,1.664846,1.664846,0.0000e+00
dev-long-03,795,353,0.000000e+00,38470,38470,5.216392,5.216392,0.0000e+00
dev-long-03,796,1910,0.000000e+00,1910,1910,0.045571,0.045571,0.0000e+00
dev-long-03,797,11,0.000000e+00,11,11,0.000702,0.000702,0.0000e+00
dev-long-03,798,38470,0.000000e+00,38470,38470,0.087585,0.087585,0.0000e+00
dev-long-03,799,11,0.000000e+00,11,11,0.101206,0.101206,0.0000e+00
dev-long-03,800,1066,0.000000e+00,488,488,6.829641,6.829641,0.0000e+00
dev-long-03,801,198,0.000000e+00,198,198,0.048098,0.048098,0.0000e+00
dev-long-03,802,19180,0.000000e+00,19180,19180,0.320218,0.320218,0.0000e+00
dev-long-03,803,264,0.000000e+00,264,264,0.193290,0.193290,0.0000e+00
dev-long-03,804,60042,0.000000e+00,5392,5392,5.118257,5.118257,0.0000e+00
dev-long-03,805,383,0.000000e+00,440,440,2.449846,2.449846,0.0000e+00
dev-long-03,806,678,0.000000e+00,678,678,0.034167,0.034167,0.0000e+00
dev-long-03,807,1560,0.000000e+00,1560,1560,0.000564,0.000564,0.0000e+00
dev-long-03,808,1142,0.000000e+00,1142,1142,0.065967,0.065967,0.0000e+00
dev-long-03,809,321,0.000000e+00,321,321,0.084950,0.084950,0.0000e+00
dev-long-03,810,5106,0.000000e+00,5106,5106,0.378108,0.378108,0.0000e+00
dev-long-03,811,424,0.000000e+00,424,424,0.078475,0.078475,0.0000e+00
dev-long-03,812,1532,0.000000e+00,440,440,0.966648,0.966648,0.0000e+00
dev-long-03,813,440,0.000000e+00,440,440,0.040792,0.040792,0.0000e+00
dev-long-03,814,728,0.000000e+00,728,728,0.858180,0.858180,0.0000e+00
dev-long-03,815,11,0.000000e+00,13,13,1.640610,1.640610,0.0000e+00
dev-long-03,816,364,0.000000e+00,364,364,0.292717,0.292717,0.0000e+00
dev-long-03,817,567,0.000000e+00,11,11,1.683470,1.683470,0.0000e+00
dev-long-03,818,1902,0.000000e+00,1902,1902,0.439220,0.439220,0.0000e+00
dev-long-03,819,198,0.000000e+00,198,198,0.216648,0.216648,0.0000e+00
dev-long-03,820,18443,0.000000e+00,18443,18443,1.378933,1.378933,0.0000e+00
dev-long-03,821,799,0.000000e+00,264,264,2.196821,2.196821,0.0000e+00
dev-long-03,822,310,0.000000e+00,310,310,0.089423,0.089423,0.0000e+00
dev-long-03,823,2873,0.000000e+00,2873,2873,0.176625,0.176625,0.0000e+00
dev-long-03,824,310,0.000000e+00,1004,1004,1.505285,1.505285,0.0000e+00
dev-long-03,825,411,0.000000e+00,1004,1004,3.181272,3.181272,0.0000e+00
dev-long-03,826,43623,0.000000e+00,43623,43623,0.373293,0.373293,0.0000e+00
dev-long-03,827,303,0.000000e+00,948,948,2.186121,2.186121,0.0000e+00
dev-long-03,828,1925,0.000000e+00,1925,1925,0.756257,0.756257,0.0000e+00
dev-long-03,829,314,0.000000e+00,314,314,0.001535,0.001535,0.0000e+00
dev-long-03,830,279,0.000000e+00,279,279,0.406110,0.406110,0.0000e+00
dev-long-03,831,799,0.000000e+00,799,799,0.011425,0.011425,0.0000e+00
dev-long-03,832,864,0.000000e+00,864,864,0.836768,0.836768,0.0000e+00
dev-long-03,833,678,0.000000e+00,678,678,0.350256,0.350256,0.0000e+00
dev-long-03,834,198,0.000000e+00,198,198,0.130960,0.130960,0.0000e+00
dev-long-03,835,18411,0.000000e+00,46151,46151,2.745586,2.745586,0.0000e+00
dev-long-03,836,369,0.000000e+00,369,369,0.342053,0.342053,0.0000e+00
dev-long-03,837,1381,0.000000e+00,310,310,2.278141,2.278141,0.0000e+00
dev-long-03,838,84182,0.000000e+00,20756,20756,2.875767,2.875767,0.0000e+00
dev-long-03,839,286,0.000000e+00,286,286,0.000010,0.000010,0.0000e+00
dev-long-03,840,1920,0.000000e+00,1920,1920,0.131850,0.131850,0.0000e+00
dev-long-03,841,271,0.000000e+00,271,271,0.005880,0.005880,0.0000e+00
dev-long-03,842,4350,0.000000e+00,2005,2005,1.626929,1.626929,0.0000e+00
dev-long-03,843,279,0.000000e+00,279,279,0.018839,0.018839,0.0000e+00
dev-long-03,844,11779,0.000000e+00,11779,11779,0.009246,0.009246,0.0000e+00
dev-long-03,845,11657,0.000000e+00,11657,11657,0.002051,0.002051,0.0000e+00
dev-long-03,846,995,0.000000e+00,995,995,0.002402,0.002402,0.0000e+00
dev-long-03,847,7795,0.000000e+00,7795,7795,0.175712,0.175712,0.0000e+00
dev-long-03,848,11,0.000000e+00,11,11,0.001648,0.001648,0.0000e+00
dev-long-03,849,38001,0.000000e+00,821,821,0.781740,0.781740,0.0000e+00
dev-long-03,850,3738,0.000000e+00,21504,21504,4.916486,4.916486,0.0000e+00
dev-long-03,851,685,0.000000e+00,685,685,0.092935,0.092935,0.0000e+00
dev-long-03,852,279,0.000000e+00,279,279,0.247645,0.247645,0.0000e+00
dev-long-03,853,9506,0.000000e+00,9506,9506,0.749755,0.749755,0.0000e+00
dev-long-03,854,321,0.000000e+00,321,321,0.028670,0.028670,0.0000e+00
dev-long-03,855,5467,0.000000e+00,5467,5467,0.518236,0.518236,0.0000e+00
dev-long-03,856,424,0.000000e+00,424,424,0.016636,0.016636,0.0000e+00
dev-long-03,857,198,0.000000e+00,198,198,0.000063,0.000063,0.0000e+00
dev-long-03,858,66425,0.000000e+00,446,446,3.393877,3.393877,0.0000e+00
dev-long-03,859,279,0.000000e+00,279,279,0.011855,0.011855,0.0000e+00
dev-long-03,860,3000,0.000000e+00,3000,3000,0.014196,0.014196,0.0000e+00
dev-long-03,861,13,0.000000e+00,13,13,0.062645,0.062645,0.0000e+00
dev-long-03,862,1001,0.000000e+00,1001,1001,0.012743,0.012743,0.0000e+00
dev-long-03,863,2064,0.000000e+00,2064,2064,0.600870,0.600870,0.0000e+00
dev-long-03,864,725,0.000000e+00,369,369,1.087388,1.087388,0.0000e+00
dev-long-03,865,264,0.000000e+00,804,804,1.268600,1.268600,0.0000e+00
dev-long-03,866,7567,0.000000e+00,6037,6037,3.395187,3.395187,0.0000e+00
dev-long-03,867,3706,0.000000e+00,3706,3706,0.480493,0.480493,0.0000e+00
dev-long-03,868,3065,0.000000e+00,3065,3065,0.067878,0.067878,0.0000e+00
dev-long-03,869,2340,0.000000e+00,2340,2340,0.092002,0.092002,0.0000e+00
dev-long-03,870,1018,0.000000e+00,1018,1018,0.011815,0.011815,0.0000e+00
dev-long-03,871,551,0.000000e+00,551,551,0.000026,0.000026,0.0000e+00
dev-long-03,872,13,0.000000e+00,13,13,0.087403,0.087403,0.0000e+00
dev-long-03,873,1001,0.000000e+00,1001,1001,0.018480,0.018480,0.0000e+00
dev-long-03,874,9658,0.000000e+00,24936,24936,4.774140,4.774140,0.0000e+00
dev-long-03,875,1436,0.000000e+00,1353,1353,1.142441,1.142441,0.0000e+00
dev-long-03,876,1204,0.000000e+00,1204,1204,0.011086,0.011086,0.0000e+00
dev-long-03,877,424,0.000000e+00,424,424,0.015120,0.015120,0.0000e+00
dev-long-03,878,198,0.000000e+00,198,198,0.003589,0.003589,0.0000e+00
dev-long-03,879,5882,0.000000e+00,51976,51976,2.358489,2.358489,0.0000e+00
dev-long-03,880,20397,0.000000e+00,27155,27155,2.918247,2.918247,0.0000e+00
dev-long-03,881,321,0.000000e+00,321,321,0.158939,0.158939,0.0000e+00
dev-long-03,882,14744,0.000000e+00,14744,14744,0.210677,0.210677,0.0000e+00
dev-long-03,883,624,0.000000e+00,624,624,0.000020,0.000020,0.0000e+00
dev-long-03,884,13,0.000000e+00,13,13,0.252023,0.252023,0.0000e+00
dev-long-03,885,4781,0.000000e+00,4781,4781,0.104200,0.104200,0.0000e+00
dev-long-03,886,3199,0.000000e+00,660,660,5.242952,5.242952,0.0000e+00
dev-long-03,887,424,0.000000e+00,424,424,0.690818,0.690818,0.0000e+00
dev-long-03,888,369,0.000000e+00,369,369,0.026907,0.026907,0.0000e+00
dev-long-03,889,264,0.000000e+00,264,264,0.475549,0.475549,0.0000e+00
dev-long-03,890,59433,0.000000e+00,25556,25556,4.173534,4.173534,0.0000e+00
dev-long-03,891,321,0.000000e+00,321,321,0.032074,0.032074,0.0000e+00
dev-long-03,892,5077,0.000000e+00,5077,5077,0.111276,0.111276,0.0000e+00
dev-long-03,893,314,0.000000e+00,314,314,0.026206,0.026206,0.0000e+00
dev-long-03,894,9486,0.000000e+00,9486,9486,1.095566,1.095566,0.0000e+00
dev-long-03,895,13,0.000000e+00,13,13,0.023131,0.023131,0.0000e+00
dev-long-03,896,198,0.000000e+00,198,198,0.602004,0.602004,0.0000e+00
dev-long-03,897,11179,0.000000e+00,2523,2523,1.861053,1.861053,0.0000e+00
dev-long-03,898,1603,0.000000e+00,8220,8220,3.443497,3.443497,0.0000e+00
dev-long-03,899,9506,0.000000e+00,3065,3065,5.266267,5.266267,0.0000e+00
dev-long-03,900,369,0.000000e+00,369,369,0.001632,0.001632,0.0000e+00
dev-long-03,901,13,0.000000e+00,13,13,0.030756,0.030756,0.0000e+00
dev-long-03,902,2302,0.000000e+00,6983,6983,1.481872,1.481872,0.0000e+00
dev-long-03,903,513,0.000000e+00,513,513,0.152179,0.152179,0.0000e+00
dev-long-03,904,279,0.000000e+00,279,279,0.735508,0.735508,0.0000e+00
dev-long-03,905,36390,0.000000e+00,22417,22417,2.235018,2.235018,0.0000e+00
dev-long-03,906,725,0.000000e+00,725,725,0.073591,0.073591,0.0000e+00
dev-long-03,907,6541,0.000000e+00,1765,1765,2.714699,2.714699,0.0000e+00
dev-long-03,908,12422,0.000000e+00,12422,12422,0.019381,0.019381,0.0000e+00
dev-long-03,909,1159,0.000000e+00,1159,1159,0.009472,0.009472,0.0000e+00
dev-long-03,910,13,0.000000e+00,13,13,0.011028,0.011028,0.0000e+00
dev-long-03,911,733,0.000000e+00,2532,2532,1.063543,1.063543,0.0000e+00
dev-long-03,912,279,0.000000e+00,279,279,0.516399,0.516399,0.0000e+00
dev-long-03,913,7875,0.000000e+00,1118,1118,2.320891,2.320891,0.0000e+00
dev-long-03,914,321,0.000000e+00,1560,1560,3.135224,3.135224,0.0000e+00
dev-long-03,915,198,0.000000e+00,198,198,0.000128,0.000128,0.0000e+00
dev-long-03,916,1950,0.000000e+00,6183,6183,4.641542,4.641542,0.0000e+00
dev-long-03,917,82097,0.000000e+00,16170,16170,2.800116,2.800116,0.0000e+00
dev-long-03,918,1396,0.000000e+00,279,279,4.152898,4.152898,0.0000e+00
dev-long-03,919,43029,0.000000e+00,43029,43029,0.748621,0.748621,0.0000e+00
dev-long-03,920,1189,0.000000e+00,1189,1189,0.141264,0.141264,0.0000e+00
dev-long-03,921,2418,0.000000e+00,2418,2418,0.836324,0.836324,0.0000e+00
dev-long-03,922,364,0.000000e+00,364,364,0.001778,0.001778,0.0000e+00
dev-long-03,923,264,0.000000e+00,264,264,0.015794,0.015794,0.0000e+00
dev-long-03,924,34013,0.000000e+00,3790,3790,5.546774,5.546774,0.0000e+00
dev-long-03,925,53451,0.000000e+00,53451,53451,0.058036,0.058036,0.0000e+00
dev-long-03,926,13,0.000000e+00,13,13,0.051566,0.051566,0.0000e+00
dev-long-03,927,1061,0.000000e+00,1061,1061,0.136990,0.136990,0.0000e+00
dev-long-03,928,9506,0.000000e+00,2545,2545,2.801524,2.801524,0.0000e+00
dev-long-03,929,369,0.000000e+00,369,369,0.333109,0.333109,0.0000e+00
dev-long-03,930,524,0.000000e+00,198,198,2.195611,2.195611,0.0000e+00
dev-long-03,931,198,0.000000e+00,198,198,0.004962,0.004962,0.0000e+00
dev-long-03,932,44846,0.000000e+00,44846,44846,1.099676,1.099676,0.0000e+00
dev-long-03,933,16570,0.000000e+00,16570,16570,0.940290,0.940290,0.0000e+00
dev-long-03,934,1578,0.000000e+00,1578,1578,0.014586,0.014586,0.0000e+00
dev-long-03,935,2235,0.000000e+00,2235,2235,0.000062,0.000062,0.0000e+00
dev-long-03,936,13,0.000000e+00,13,13,0.182301,0.182301,0.0000e+00
dev-long-03,937,1049,0.000000e+00,1049,1049,0.176329,0.176329,0.0000e+00
dev-long-03,938,557,0.000000e+00,557,557,0.079463,0.079463,0.0000e+00
dev-long-03,939,1669,0.000000e+00,1669,1669,0.007334,0.007334,0.0000e+00
dev-long-03,940,303,0.000000e+00,303,303,0.046899,0.046899,0.0000e+00
dev-long-03,941,279,0.000000e+00,279,279,0.144874,0.144874,0.0000e+00
dev-long-03,942,13558,0.000000e+00,13558,13558,0.244450,0.244450,0.0000e+00
dev-long-03,943,314,0.000000e+00,314,314,0.000007,0.000007,0.0000e+00
dev-long-03,944,279,0.000000e+00,279,279,0.000145,0.000145,0.0000e+00
dev-long-03,945,3194,0.000000e+00,3194,3194,0.033860,0.033860,0.0000e+00
dev-long-03,946,2181,0.000000e+00,2181,2181,0.253621,0.253621,0.0000e+00
dev-long-03,947,10629,0.000000e+00,10629,10629,0.111776,0.111776,0.0000e+00
dev-long-03,948,303,0.000000e+00,303,303,0.052614,0.052614,0.0000e+00
dev-long-03,949,198,0.000000e+00,198,198,0.004460,0.004460,0.0000e+00
dev-long-03,950,189402,0.000000e+00,21591,21591,5.418292,5.418292,0.0000e+00
dev-long-03,951,6123,0.000000e+00,6123,6123,0.000266,0.000266,0.0000e+00
dev-long-03,952,5440,0.000000e+00,5440,5440,0.003202,0.003202,0.0000e+00
dev-long-03,953,321,0.000000e+00,11,11,3.859340,3.859340,0.0000e+00
dev-long-03,954,369,0.000000e+00,369,369,0.767522,0.767522,0.0000e+00
dev-long-03,955,22094,0.000000e+00,279,279,9.736005,9.736005,0.0000e+00
dev-long-03,956,303,0.000000e+00,303,303,0.627582,0.627582,0.0000e+00
dev-long-03,957,3322,0.000000e+00,3322,3322,0.564433,0.564433,0.0000e+00
dev-long-03,958,1396,0.000000e+00,874,874,2.142064,2.142064,0.0000e+00
dev-long-03,959,27649,0.000000e+00,3102,3102,2.315567,2.315567,0.0000e+00
dev-long-03,960,314,0.000000e+00,314,314,0.003119,0.003119,0.0000e+00
dev-long-03,961,279,0.000000e+00,279,279,0.082142,0.082142,0.0000e+00
dev-long-03,962,198,0.000000e+00,198,198,0.000002,0.000002,0.0000e+00
dev-long-03,963,240010,0.000000e+00,240010,240010,0.511820,0.511820,0.0000e+00
dev-long-03,964,1299,0.000000e+00,1299,1299,0.000155,0.000155,0.0000e+00
dev-long-03,965,273,0.000000e+00,273,273,0.010343,0.010343,0.0000e+00
dev-long-03,966,11,0.000000e+00,11,11,0.113266,0.113266,0.0000e+00
dev-long-03,967,3462,0.000000e+00,7643,7643,10.840142,10.840142,0.0000e+00
dev-long-03,968,421,0.000000e+00,421,421,0.083991,0.083991,0.0000e+00
dev-long-03,969,424,0.000000e+00,424,424,0.067579,0.067579,0.0000e+00
dev-long-03,970,369,0.000000e+00,369,369,0.000447,0.000447,0.0000e+00
dev-long-03,971,6105,0.000000e+00,6105,6105,0.258712,0.258712,0.0000e+00
dev-long-03,972,303,0.000000e+00,4370,4370,1.785202,1.785202,0.0000e+00
dev-long-03,973,26609,0.000000e+00,15754,15754,1.397233,1.397233,0.0000e+00
dev-long-03,974,4370,0.000000e+00,4370,4370,0.270054,0.270054,0.0000e+00
dev-long-03,975,314,0.000000e+00,314,314,0.000013,0.000013,0.0000e+00
dev-long-03,976,43699,0.000000e+00,1602,1602,5.500044,5.500044,0.0000e+00
dev-long-03,977,2438,0.000000e+00,2438,2438,0.033054,0.033054,0.0000e+00
dev-long-03,978,13,0.000000e+00,13,13,0.000239,0.000239,0.0000e+00
dev-long-03,979,733,0.000000e+00,733,733,0.550382,0.550382,0.0000e+00
dev-long-03,980,32565,0.000000e+00,32565,32565,0.264366,0.264366,0.0000e+00
dev-long-03,981,198,0.000000e+00,198,198,0.001691,0.001691,0.0000e+00
dev-long-03,982,1020,0.000000e+00,1020,1020,0.000027,0.000027,0.0000e+00
dev-long-03,983,1141,0.000000e+00,411,411,1.263360,1.263360,0.0000e+00
dev-long-03,984,12177,0.000000e+00,12177,12177,0.079927,0.079927,0.0000e+00
dev-long-03,985,11,0.000000e+00,424,424,0.770680,0.770680,0.0000e+00
dev-long-03,986,424,0.000000e+00,424,424,0.019221,0.019221,0.0000e+00
dev-long-03,987,682,0.000000e+00,682,682,0.057167,0.057167,0.0000e+00
dev-long-03,988,2582,0.000000e+00,2582,2582,0.007095,0.007095,0.0000e+00
dev-long-03,989,264,0.000000e+00,264,264,0.400117,0.400117,0.0000e+00
dev-long-03,990,60458,0.000000e+00,60458,60458,1.756951,1.756951,0.0000e+00
dev-long-03,991,3712,0.000000e+00,3712,3712,0.004786,0.004786,0.0000e+00
dev-long-03,992,13,0.000000e+00,13,13,0.001328,0.001328,0.0000e+00
dev-long-03,993,2532,0.000000e+00,2532,2532,0.014939,0.014939,0.0000e+00
dev-long-03,994,599,0.000000e+00,599,599,0.165979,0.165979,0.0000e+00
dev-long-03,995,978,0.000000e+00,978,978,0.643706,0.643706,0.0000e+00
dev-long-03,996,1330,0.000000e+00,1330,1330,0.441050,0.441050,0.0000e+00
dev-long-03,997,198,0.000000e+00,198,198,0.000089,0.000089,0.0000e+00
dev-long-03,998,62907,0.000000e+00,62907,62907,0.112842,0.112842,0.0000e+00
dev-long-03,999,11968,0.000000e+00,11968,11968,0.079552,0.079552,0.0000e+00
dev-long-03,1000,11,0.000000e+00,303,303,4.007368,4.007368,0.0000e+00
dev-long-03,1001,264,0.000000e+00,264,264,0.105575,0.105575,0.0000e+00
dev-long-03,1002,12775,0.000000e+00,21517,21517,4.657111,4.657111,0.0000e+00
dev-long-03,1003,452,0.000000e+00,452,452,0.003108,0.003108,0.0000e+00
dev-long-03,1004,335,0.000000e+00,335,335,0.063953,0.063953,0.0000e+00
dev-long-03,1005,12,0.000000e+00,12,12,0.066077,0.066077,0.0000e+00
dev-long-03,1006,6897,0.000000e+00,6897,6897,0.002556,0.002556,0.0000e+00
dev-long-03,1007,286,0.000000e+00,286,286,0.000091,0.000091,0.0000e+00
dev-long-03,1008,11,0.000000e+00,11,11,0.001543,0.001543,0.0000e+00
dev-long-03,1009,264,0.000000e+00,264,264,0.004774,0.004774,0.0000e+00
dev-long-03,1010,17604,0.000000e+00,63101,63101,5.780794,5.780794,0.0000e+00
dev-long-03,1011,11,0.000000e+00,11,11,0.006990,0.006990,0.0000e+00
dev-long-03,1012,321,0.000000e+00,321,321,0.094587,0.094587,0.0000e+00
dev-long-03,1013,3679,0.000000e+00,1048,1048,1.346320,1.346320,0.0000e+00
dev-long-03,1014,68166,0.000000e+00,68166,68166,1.324629,1.324629,0.0000e+00
dev-long-03,1015,536,0.000000e+00,536,536,0.000001,0.000001,0.0000e+00
dev-long-03,1016,6895,0.000000e+00,198,198,4.499881,4.499881,0.0000e+00
dev-long-03,1017,198,0.000000e+00,198,198,0.000692,0.000692,0.0000e+00
dev-long-03,1018,8823,0.000000e+00,8823,8823,0.000062,0.000062,0.0000e+00
dev-long-03,1019,364,0.000000e+00,539,539,1.798875,1.798875,0.0000e+00
dev-long-03,1020,279,0.000000e+00,279,279,0.010716,0.010716,0.0000e+00
dev-long-03,1021,23708,0.000000e+00,23708,23708,0.002116,0.002116,0.0000e+00
dev-long-03,1022,314,0.000000e+00,314,314,0.000252,0.000252,0.0000e+00
dev-long-03,1023,411,0.000000e+00,411,411,0.106188,0.106188,0.0000e+00
dev-corpus-00,1024,27097,0.000000e+00,314,314,10.640672,10.640672,0.0000e+00
dev-corpus-00,1025,6565,0.000000e+00,6565,6565,1.204895,1.204895,0.0000e+00
dev-corpus-00,1026,318,0.000000e+00,283,283,2.270880,2.270880,0.0000e+00
dev-corpus-00,1027,48759,0.000000e+00,16,16,15.710335,15.710335,0.0000e+00
dev-corpus-00,1028,1116,0.000000e+00,11,11,3.944184,3.944184,0.0000e+00
dev-corpus-00,1029,18217,0.000000e+00,18217,18217,0.800852,0.800852,0.0000e+00
dev-corpus-00,1030,847,0.000000e+00,847,847,0.226576,0.226576,0.0000e+00
dev-corpus-00,1031,283,0.000000e+00,283,283,0.254070,0.254070,0.0000e+00
dev-corpus-00,1032,30858,0.000000e+00,198,198,11.146146,11.146146,0.0000e+00
dev-corpus-00,1033,18097,0.000000e+00,410,410,4.846566,4.846566,0.0000e+00
dev-corpus-00,1034,27097,0.000000e+00,27097,27097,0.039068,0.039068,0.0000e+00
dev-corpus-00,1035,6565,0.000000e+00,6565,6565,0.010757,0.010757,0.0000e+00
dev-corpus-00,1036,318,0.000000e+00,318,318,0.980367,0.980367,0.0000e+00
dev-corpus-00,1037,35067,0.000000e+00,48759,48759,4.639886,4.639886,0.0000e+00
dev-corpus-00,1038,535,0.000000e+00,25,25,1.190775,1.190775,0.0000e+00
dev-corpus-00,1039,220765,0.000000e+00,220765,220765,0.758485,0.758485,0.0000e+00
dev-corpus-00,1040,240771,0.000000e+00,240771,240771,0.194608,0.194608,0.0000e+00
dev-corpus-00,1041,847,0.000000e+00,847,847,1.451289,1.451289,0.0000e+00
dev-corpus-00,1042,369,0.000000e+00,369,369,0.494942,0.494942,0.0000e+00
dev-corpus-00,1043,264,0.000000e+00,264,264,0.317376,0.317376,0.0000e+00
dev-corpus-00,1044,91424,0.000000e+00,37967,37967,5.948895,5.948895,0.0000e+00
dev-corpus-00,1045,375,0.000000e+00,375,375,0.003460,0.003460,0.0000e+00
dev-corpus-00,1046,91589,0.000000e+00,12963,12963,0.843133,0.843133,0.0000e+00
dev-corpus-00,1047,7172,0.000000e+00,7172,7172,0.928138,0.928138,0.0000e+00
dev-corpus-00,1048,506,0.000000e+00,303,303,1.729859,1.729859,0.0000e+00
dev-corpus-00,1049,220,0.000000e+00,220,220,0.067674,0.067674,0.0000e+00
dev-corpus-00,1050,16,0.000000e+00,16,16,1.095585,1.095585,0.0000e+00
dev-corpus-00,1051,16,0.000000e+00,15,15,2.058116,2.058116,0.0000e+00
dev-corpus-00,1052,22,0.000000e+00,15,15,3.018952,3.018952,0.0000e+00
dev-corpus-00,1053,20,0.000000e+00,15,15,1.576511,1.576511,0.0000e+00
dev-corpus-00,1054,6127,0.000000e+00,457,457,4.088823,4.088823,0.0000e+00
dev-corpus-00,1055,220,0.000000e+00,220,220,0.194829,0.194829,0.0000e+00
dev-corpus-00,1056,17,0.000000e+00,16,16,2.770636,2.770636,0.0000e+00
dev-corpus-00,1057,24,0.000000e+00,15,15,3.485464,3.485464,0.0000e+00
dev-corpus-00,1058,337,0.000000e+00,337,337,0.033026,0.033026,0.0000e+00
dev-corpus-00,1059,16627,0.000000e+00,16627,16627,0.293204,0.293204,0.0000e+00
dev-corpus-00,1060,303,0.000000e+00,303,303,0.415169,0.415169,0.0000e+00
dev-corpus-00,1061,48759,0.000000e+00,48759,48759,0.197109,0.197109,0.0000e+00
dev-corpus-00,1062,1116,0.000000e+00,11,11,1.225526,1.225526,0.0000e+00
dev-corpus-00,1063,18217,0.000000e+00,18217,18217,0.024408,0.024408,0.0000e+00
dev-corpus-00,1064,641,0.000000e+00,641,641,0.345498,0.345498,0.0000e+00
dev-corpus-00,1065,75053,0.000000e+00,198,198,4.231963,4.231963,0.0000e+00
dev-corpus-00,1066,303,0.000000e+00,303,303,0.058458,0.058458,0.0000e+00
dev-corpus-00,1067,279,0.000000e+00,220,220,4.236547,4.236547,0.0000e+00
dev-corpus-00,1068,3988,0.000000e+00,220,220,1.550689,1.550689,0.0000e+00
dev-corpus-00,1069,220,0.000000e+00,220,220,0.064322,0.064322,0.0000e+00
dev-corpus-00,1070,16,0.000000e+00,16,16,0.064282,0.064282,0.0000e+00
dev-corpus-00,1071,24,0.000000e+00,24,24,0.019942,0.019942,0.0000e+00
dev-corpus-00,1072,18,0.000000e+00,22,22,3.018316,3.018316,0.0000e+00
dev-corpus-00,1073,15,0.000000e+00,15,15,0.001372,0.001372,0.0000e+00
dev-corpus-00,1074,82,0.000000e+00,82,82,0.039857,0.039857,0.0000e+00
dev-corpus-00,1075,430,0.000000e+00,1116,1116,2.387955,2.387955,0.0000e+00
dev-corpus-00,1076,264,0.000000e+00,264,264,0.722466,0.722466,0.0000e+00
dev-corpus-00,1077,28026,0.000000e+00,28026,28026,1.049515,1.049515,0.0000e+00
dev-corpus-00,1078,56557,0.000000e+00,91589,91589,1.298927,1.298927,0.0000e+00
dev-corpus-00,1079,1116,0.000000e+00,1116,1116,0.154476,0.154476,0.0000e+00
dev-corpus-00,1080,27097,0.000000e+00,424,424,5.739089,5.739089,0.0000e+00
dev-corpus-00,1081,6565,0.000000e+00,6565,6565,0.004278,0.004278,0.0000e+00
dev-corpus-00,1082,557,0.000000e+00,5924,5924,2.122943,2.122943,0.0000e+00
dev-corpus-00,1083,364,0.000000e+00,279,279,6.422100,6.422100,0.0000e+00
dev-corpus-00,1084,1599,0.000000e+00,1599,1599,0.586597,0.586597,0.0000e+00
dev-corpus-00,1085,10476,0.000000e+00,1578,1578,2.835746,2.835746,0.0000e+00
dev-corpus-00,1086,279,0.000000e+00,279,279,0.526628,0.526628,0.0000e+00
dev-corpus-00,1087,1132,0.000000e+00,1132,1132,0.393031,0.393031,0.0000e+00
dev-corpus-00,1088,91589,0.000000e+00,91589,91589,0.532561,0.532561,0.0000e+00
dev-corpus-00,1089,303,0.000000e+00,303,303,0.121426,0.121426,0.0000e+00
dev-corpus-00,1090,48759,0.000000e+00,279,279,0.929124,0.929124,0.0000e+00
dev-corpus-00,1091,641,0.000000e+00,641,641,0.466203,0.466203,0.0000e+00
dev-corpus-00,1092,695,0.000000e+00,198,198,2.006704,2.006704,0.0000e+00
dev-corpus-00,1093,561,0.000000e+00,410,410,3.614602,3.614602,0.0000e+00
dev-corpus-00,1094,56557,0.000000e+00,56557,56557,1.192858,1.192858,0.0000e+00
dev-corpus-00,1095,14661,0.000000e+00,557,557,6.345784,6.345784,0.0000e+00
dev-corpus-00,1096,79148,0.000000e+00,2197,2197,1.990622,1.990622,0.0000e+00
dev-corpus-00,1097,6248,0.000000e+00,6248,6248,0.000172,0.000172,0.0000e+00
dev-corpus-00,1098,303,0.000000e+00,303,303,0.549957,0.549957,0.0000e+00
dev-corpus-00,1099,264,0.000000e+00,264,264,0.854703,0.854703,0.0000e+00
dev-corpus-00,1100,15625,0.000000e+00,47224,47224,3.970973,3.970973,0.0000e+00
dev-corpus-00,1101,3626,0.000000e+00,18694,18694,2.902167,2.902167,0.0000e+00
dev-corpus-00,1102,383,0.000000e+00,506,506,1.745426,1.745426,0.0000e+00
dev-corpus-00,1103,4171,0.000000e+00,6127,6127,2.270750,2.270750,0.0000e+00
dev-corpus-00,1104,93154,0.000000e+00,220,220,4.770965,4.770965,0.0000e+00
dev-corpus-00,1105,6476,0.000000e+00,16627,16627,0.894660,0.894660,0.0000e+00
dev-corpus-00,1106,641,0.000000e+00,641,641,1.014154,1.014154,0.0000e+00
dev-corpus-00,1107,1049,0.000000e+00,733,733,3.369444,3.369444,0.0000e+00
dev-corpus-00,1108,19729,0.000000e+00,7481,7481,6.140425,6.140425,0.0000e+00
dev-corpus-00,1109,1141,0.000000e+00,1141,1141,0.653409,0.653409,0.0000e+00
dev-corpus-00,1110,1118,0.000000e+00,1118,1118,0.266591,0.266591,0.0000e+00
dev-corpus-00,1111,4599,0.000000e+00,91589,91589,1.862757,1.862757,0.0000e+00
dev-corpus-00,1112,383,0.000000e+00,303,303,1.448752,1.448752,0.0000e+00
dev-corpus-00,1113,22359,0.000000e+00,6127,6127,7.904486,7.904486,0.0000e+00
dev-corpus-00,1114,6476,0.000000e+00,16627,16627,1.957432,1.957432,0.0000e+00
dev-corpus-00,1115,303,0.000000e+00,303,303,0.237185,0.237185,0.0000e+00
dev-corpus-00,1116,220,0.000000e+00,220,220,0.115543,0.115543,0.0000e+00
dev-corpus-00,1117,16,0.000000e+00,16,16,0.000836,0.000836,0.0000e+00
dev-corpus-00,1118,24,0.000000e+00,24,24,0.001377,0.001377,0.0000e+00
dev-corpus-00,1119,20,0.000000e+00,18,18,1.298663,1.298663,0.0000e+00
dev-corpus-00,1120,17,0.000000e+00,17,17,2.110482,2.110482,0.0000e+00
dev-corpus-00,1121,1116,0.000000e+00,641,641,1.293334,1.293334,0.0000e+00
dev-corpus-00,1122,321,0.000000e+00,321,321,0.860100,0.860100,0.0000e+00
dev-corpus-00,1123,23598,0.000000e+00,7481,7481,6.904946,6.904946,0.0000e+00
dev-corpus-00,1124,1141,0.000000e+00,264,264,1.392364,1.392364,0.0000e+00
dev-corpus-00,1125,1428,0.000000e+00,1428,1428,0.341305,0.341305,0.0000e+00
dev-corpus-00,1126,10824,0.000000e+00,4599,4599,14.204738,14.204738,0.0000e+00
dev-corpus-00,1127,1425,0.000000e+00,1425,1425,0.000234,0.000234,0.0000e+00
dev-corpus-00,1128,554,0.000000e+00,471,471,9.832686,9.832686,0.0000e+00
dev-corpus-00,1129,12,0.000000e+00,471,471,4.241203,4.241203,0.0000e+00
dev-corpus-00,1130,31,0.000000e+00,11896,11896,15.103367,15.103367,0.0000e+00
dev-corpus-00,1131,47072,0.000000e+00,22196,22196,5.307386,5.307386,0.0000e+00
dev-corpus-00,1132,12420,0.000000e+00,4599,4599,6.083907,6.083907,0.0000e+00
dev-corpus-00,1133,303,0.000000e+00,383,383,1.132875,1.132875,0.0000e+00
dev-corpus-00,1134,220,0.000000e+00,220,220,0.127419,0.127419,0.0000e+00
dev-corpus-00,1135,17,0.000000e+00,16,16,1.181463,1.181463,0.0000e+00
dev-corpus-00,1136,15,0.000000e+00,15,15,0.000518,0.000518,0.0000e+00
dev-corpus-00,1137,15,0.000000e+00,15,15,0.117979,0.117979,0.0000e+00
dev-corpus-00,1138,23,0.000000e+00,17,17,2.450525,2.450525,0.0000e+00
dev-corpus-00,1139,641,0.000000e+00,641,641,0.167107,0.167107,0.0000e+00
dev-corpus-00,1140,695,0.000000e+00,695,695,1.201086,1.201086,0.0000e+00
dev-corpus-00,1141,733,0.000000e+00,18097,18097,3.023734,3.023734,0.0000e+00
dev-corpus-00,1142,279,0.000000e+00,220,220,2.219627,2.219627,0.0000e+00
dev-corpus-00,1143,3988,0.000000e+00,220,220,1.771346,1.771346,0.0000e+00
dev-corpus-00,1144,220,0.000000e+00,220,220,0.084892,0.084892,0.0000e+00
dev-corpus-00,1145,16,0.000000e+00,16,16,0.436057,0.436057,0.0000e+00
dev-corpus-00,1146,24,0.000000e+00,24,24,0.001233,0.001233,0.0000e+00
dev-corpus-00,1147,24,0.000000e+00,24,24,1.222604,1.222604,0.0000e+00
dev-corpus-00,1148,15,0.000000e+00,15,15,0.000789,0.000789,0.0000e+00
dev-corpus-00,1149,82,0.000000e+00,82,82,0.003639,0.003639,0.0000e+00
dev-corpus-00,1150,11712,0.000000e+00,1116,1116,13.998545,13.998545,0.0000e+00
dev-corpus-00,1151,1881,0.000000e+00,48281,48281,1.786588,1.786588,0.0000e+00
dev-corpus-00,1152,35689,0.000000e+00,279,279,7.860761,7.860761,0.0000e+00
dev-corpus-00,1153,321,0.000000e+00,321,321,0.913332,0.913332,0.0000e+00
dev-corpus-00,1154,8343,0.000000e+00,8343,8343,0.501245,0.501245,0.0000e+00
dev-corpus-00,1155,3492,0.000000e+00,375,375,2.480843,2.480843,0.0000e+00
dev-corpus-00,1156,5879,0.000000e+00,314,314,1.535106,1.535106,0.0000e+00
dev-corpus-00,1157,310,0.000000e+00,310,310,0.103223,0.103223,0.0000e+00
dev-corpus-00,1158,279,0.000000e+00,279,279,0.801678,0.801678,0.0000e+00
dev-corpus-00,1159,14827,0.000000e+00,17465,17465,7.753669,7.753669,0.0000e+00
dev-corpus-00,1160,9101,0.000000e+00,28115,28115,1.789483,1.789483,0.0000e+00
dev-corpus-00,1161,27097,0.000000e+00,310,310,3.642402,3.642402,0.0000e+00
dev-corpus-00,1162,6565,0.000000e+00,6565,6565,0.001764,0.001764,0.0000e+00
dev-corpus-00,1163,1116,0.000000e+00,310,310,3.515393,3.515393,0.0000e+00
dev-corpus-00,1164,321,0.000000e+00,321,321,1.383515,1.383515,0.0000e+00
dev-corpus-00,1165,28115,0.000000e+00,28115,28115,1.294545,1.294545,0.0000e+00
dev-corpus-00,1166,279,0.000000e+00,279,279,1.482831,1.482831,0.0000e+00
dev-corpus-00,1167,43666,0.000000e+00,43666,43666,1.532887,1.532887,0.0000e+00
dev-corpus-00,1168,7034,0.000000e+00,56557,56557,3.375296,3.375296,0.0000e+00
dev-corpus-00,1169,92482,0.000000e+00,92482,92482,0.004641,0.004641,0.0000e+00
dev-corpus-00,1170,15885,0.000000e+00,314,314,4.269437,4.269437,0.0000e+00
dev-corpus-00,1171,165644,0.000000e+00,180132,180132,2.600988,2.600988,0.0000e+00
dev-corpus-00,1172,69506,0.000000e+00,1369,1369,4.390279,4.390279,0.0000e+00
dev-corpus-00,1173,641,0.000000e+00,641,641,0.449917,0.449917,0.0000e+00
dev-corpus-00,1174,27097,0.000000e+00,695,695,4.330359,4.330359,0.0000e+00
dev-corpus-00,1175,6565,0.000000e+00,6565,6565,0.002600,0.002600,0.0000e+00
dev-corpus-00,1176,3571,0.000000e+00,682,682,7.196192,7.196192,0.0000e+00
dev-corpus-00,1177,1172,0.000000e+00,310,310,1.140480,1.140480,0.0000e+00
dev-corpus-00,1178,3250,0.000000e+00,279,279,5.149711,5.149711,0.0000e+00
dev-corpus-00,1179,494,0.000000e+00,494,494,1.057876,1.057876,0.0000e+00
dev-corpus-00,1180,33921,0.000000e+00,279,279,4.427392,4.427392,0.0000e+00
dev-corpus-00,1181,554,0.000000e+00,10923,10923,9.772155,9.772155,0.0000e+00
dev-corpus-00,1182,12,0.000000e+00,12,12,0.160846,0.160846,0.0000e+00
dev-corpus-00,1183,31,0.000000e+00,31,31,0.105984,0.105984,0.0000e+00
dev-corpus-00,1184,30393,0.000000e+00,30393,30393,1.564231,1.564231,0.0000e+00
dev-corpus-00,1185,3492,0.000000e+00,5038,5038,4.596916,4.596916,0.0000e+00
dev-corpus-00,1186,314,0.000000e+00,314,314,0.251247,0.251247,0.0000e+00
dev-corpus-00,1187,279,0.000000e+00,279,279,0.273440,0.273440,0.0000e+00
dev-corpus-00,1188,175056,0.000000e+00,31310,31310,9.431105,9.431105,0.0000e+00
dev-corpus-00,1189,6735,0.000000e+00,163514,163514,2.324675,2.324675,0.0000e+00
dev-corpus-00,1190,10598,0.000000e+00,1116,1116,11.179863,11.179863,0.0000e+00
dev-corpus-00,1191,1116,0.000000e+00,303,303,2.354533,2.354533,0.0000e+00
dev-corpus-00,1192,303,0.000000e+00,303,303,1.166421,1.166421,0.0000e+00
dev-corpus-00,1193,220,0.000000e+00,220,220,0.130649,0.130649,0.0000e+00
dev-corpus-00,1194,16,0.000000e+00,16,16,0.107716,0.107716,0.0000e+00
dev-corpus-00,1195,24,0.000000e+00,24,24,0.001887,0.001887,0.0000e+00
dev-corpus-00,1196,24,0.000000e+00,24,24,0.240960,0.240960,0.0000e+00
dev-corpus-00,1197,19,0.000000e+00,17,17,2.024468,2.024468,0.0000e+00
dev-corpus-00,1198,321,0.000000e+00,321,321,0.053239,0.053239,0.0000e+00
dev-corpus-00,1199,1495,0.000000e+00,220,220,3.107071,3.107071,0.0000e+00
dev-corpus-00,1200,303,0.000000e+00,303,303,0.044414,0.044414,0.0000e+00
dev-corpus-00,1201,220,0.000000e+00,220,220,0.042889,0.042889,0.0000e+00
dev-corpus-00,1202,17,0.000000e+00,16,16,0.786976,0.786976,0.0000e+00
dev-corpus-00,1203,15,0.000000e+00,15,15,0.002904,0.002904,0.0000e+00
dev-corpus-00,1204,15,0.000000e+00,15,15,0.103330,0.103330,0.0000e+00
dev-corpus-00,1205,17,0.000000e+00,15,15,2.081531,2.081531,0.0000e+00
dev-corpus-00,1206,641,0.000000e+00,641,641,0.172000,0.172000,0.0000e+00
dev-corpus-00,1207,733,0.000000e+00,695,695,2.296648,2.296648,0.0000e+00
dev-corpus-00,1208,2107,0.000000e+00,220,220,2.497758,2.497758,0.0000e+00
dev-corpus-00,1209,4886,0.000000e+00,4886,4886,0.555240,0.555240,0.0000e+00
dev-corpus-00,1210,279,0.000000e+00,279,279,1.112919,1.112919,0.0000e+00
dev-corpus-00,1211,63140,0.000000e+00,56557,56557,4.738323,4.738323,0.0000e+00
dev-corpus-00,1212,998,0.000000e+00,998,998,0.305380,0.305380,0.0000e+00
dev-corpus-00,1213,10255,0.000000e+00,12158,12158,4.406698,4.406698,0.0000e+00
dev-corpus-00,1214,321,0.000000e+00,321,321,0.802013,0.802013,0.0000e+00
dev-corpus-00,1215,22368,0.000000e+00,12158,12158,1.912370,1.912370,0.0000e+00
dev-corpus-00,1216,641,0.000000e+00,641,641,0.445107,0.445107,0.0000e+00
dev-corpus-00,1217,695,0.000000e+00,695,695,0.626142,0.626142,0.0000e+00
dev-corpus-00,1218,8049,0.000000e+00,18097,18097,9.905388,9.905388,0.0000e+00
dev-corpus-00,1219,998,0.000000e+00,513,513,4.304245,4.304245,0.0000e+00
dev-corpus-00,1220,10641,0.000000e+00,5467,5467,13.942552,13.942552,0.0000e+00
dev-corpus-00,1221,554,0.000000e+00,5879,5879,1.224811,1.224811,0.0000e+00
dev-corpus-00,1222,12,0.000000e+00,12,12,0.021527,0.021527,0.0000e+00
dev-corpus-00,1223,31,0.000000e+00,554,554,0.855972,0.855972,0.0000e+00
dev-corpus-00,1224,5879,0.000000e+00,5879,5879,0.011688,0.011688,0.0000e+00
dev-corpus-00,1225,364,0.000000e+00,2980,2980,2.357419,2.357419,0.0000e+00
dev-corpus-00,1226,10476,0.000000e+00,1599,1599,2.361230,2.361230,0.0000e+00
dev-corpus-00,1227,641,0.000000e+00,1116,1116,1.693396,1.693396,0.0000e+00
dev-corpus-00,1228,34503,0.000000e+00,733,733,12.194829,12.194829,0.0000e+00
dev-corpus-00,1229,48411,0.000000e+00,604,604,8.799656,8.799656,0.0000e+00
dev-corpus-00,1230,557,0.000000e+00,557,557,1.416352,1.416352,0.0000e+00
dev-corpus-00,1231,20789,0.000000e+00,279,279,2.817252,2.817252,0.0000e+00
dev-corpus-00,1232,430,0.000000e+00,430,430,0.323072,0.323072,0.0000e+00
dev-corpus-00,1233,279,0.000000e+00,279,279,0.718425,0.718425,0.0000e+00
dev-corpus-00,1234,56557,0.000000e+00,1118,1118,1.982387,1.982387,0.0000e+00
dev-corpus-00,1235,359,0.000000e+00,359,359,0.198666,0.198666,0.0000e+00
dev-corpus-00,1236,82,0.000000e+00,82,82,0.016321,0.016321,0.0000e+00
dev-corpus-00,1237,1118,0.000000e+00,1118,1118,0.125655,0.125655,0.0000e+00
dev-corpus-00,1238,29575,0.000000e+00,29575,29575,1.321062,1.321062,0.0000e+00
dev-corpus-00,1239,7964,0.000000e+00,7964,7964,0.006597,0.006597,0.0000e+00
dev-corpus-00,1240,303,0.000000e+00,303,303,0.070643,0.070643,0.0000e+00
dev-corpus-00,1241,220,0.000000e+00,220,220,0.061508,0.061508,0.0000e+00
dev-corpus-00,1242,16,0.000000e+00,16,16,0.371685,0.371685,0.0000e+00
dev-corpus-00,1243,24,0.000000e+00,24,24,0.002746,0.002746,0.0000e+00
dev-corpus-00,1244,20,0.000000e+00,24,24,2.897937,2.897937,0.0000e+00
dev-corpus-00,1245,24,0.000000e+00,23,23,2.100949,2.100949,0.0000e+00
dev-corpus-00,1246,1116,0.000000e+00,641,641,1.243968,1.243968,0.0000e+00
dev-corpus-00,1247,694,0.000000e+00,321,321,2.535873,2.535873,0.0000e+00
dev-corpus-00,1248,2047,0.000000e+00,551,551,3.152833,3.152833,0.0000e+00
dev-corpus-00,1249,303,0.000000e+00,303,303,0.800995,0.800995,0.0000e+00
dev-corpus-00,1250,220,0.000000e+00,220,220,0.049686,0.049686,0.0000e+00
dev-corpus-00,1251,16,0.000000e+00,16,16,0.023396,0.023396,0.0000e+00
dev-corpus-00,1252,24,0.000000e+00,24,24,0.000316,0.000316,0.0000e+00
dev-corpus-00,1253,21,0.000000e+00,21,21,0.377620,0.377620,0.0000e+00
dev-corpus-00,1254,16,0.000000e+00,17,17,2.018352,2.018352,0.0000e+00
dev-corpus-00,1255,641,0.000000e+00,641,641,0.983907,0.983907,0.0000e+00
dev-corpus-00,1256,4486,0.000000e+00,561,561,4.643802,4.643802,0.0000e+00
dev-corpus-00,1257,264,0.000000e+00,264,264,1.245829,1.245829,0.0000e+00
dev-corpus-00,1258,12558,0.000000e+00,4031,4031,3.453612,3.453612,0.0000e+00
dev-corpus-00,1259,314,0.000000e+00,314,314,0.411409,0.411409,0.0000e+00
dev-corpus-00,1260,1330,0.000000e+00,220,220,2.715641,2.715641,0.0000e+00
dev-corpus-00,1261,1578,0.000000e+00,1578,1578,0.303042,0.303042,0.0000e+00
dev-corpus-00,1262,1116,0.000000e+00,1116,1116,0.257530,0.257530,0.0000e+00
dev-corpus-00,1263,11537,0.000000e+00,68466,68466,6.130547,6.130547,0.0000e+00
dev-corpus-00,1264,4044,0.000000e+00,469,469,6.377749,6.377749,0.0000e+00
dev-corpus-00,1265,316,0.000000e+00,6913,6913,4.765580,4.765580,0.0000e+00
dev-corpus-00,1266,429,0.000000e+00,812,812,4.666797,4.666797,0.0000e+00
dev-corpus-00,1267,5924,0.000000e+00,557,557,1.655423,1.655423,0.0000e+00
dev-corpus-00,1268,29575,0.000000e+00,279,279,2.233631,2.233631,0.0000e+00
dev-corpus-00,1269,7964,0.000000e+00,7964,7964,0.000513,0.000513,0.0000e+00
dev-corpus-00,1270,303,0.000000e+00,303,303,0.638397,0.638397,0.0000e+00
dev-corpus-00,1271,220,0.000000e+00,220,220,0.014853,0.014853,0.0000e+00
dev-corpus-00,1272,16,0.000000e+00,16,16,0.000304,0.000304,0.0000e+00
dev-corpus-00,1273,24,0.000000e+00,24,24,0.000893,0.000893,0.0000e+00
dev-corpus-00,1274,21,0.000000e+00,21,21,0.006200,0.006200,0.0000e+00
dev-corpus-00,1275,18,0.000000e+00,18,18,0.140447,0.140447,0.0000e+00
dev-corpus-00,1276,1116,0.000000e+00,641,641,1.108424,1.108424,0.0000e+00
dev-corpus-00,1277,321,0.000000e+00,321,321,0.479172,0.479172,0.0000e+00
dev-corpus-00,1278,9919,0.000000e+00,9919,9919,1.290898,1.290898,0.0000e+00
dev-corpus-00,1279,2980,0.000000e+00,2980,2980,0.472930,0.472930,0.0000e+00
dev-corpus-00,1280,780,0.000000e+00,220,220,1.618307,1.618307,0.0000e+00
dev-corpus-00,1281,4397,0.000000e+00,4397,4397,0.544080,0.544080,0.0000e+00
dev-corpus-00,1282,303,0.000000e+00,303,303,0.025945,0.025945,0.0000e+00
dev-corpus-00,1283,220,0.000000e+00,220,220,0.013594,0.013594,0.0000e+00
dev-corpus-00,1284,16,0.000000e+00,16,16,0.312723,0.312723,0.0000e+00
dev-corpus-00,1285,24,0.000000e+00,24,24,0.000397,0.000397,0.0000e+00
dev-corpus-00,1286,22,0.000000e+00,24,24,1.572203,1.572203,0.0000e+00
dev-corpus-00,1287,21,0.000000e+00,23,23,2.249714,2.249714,0.0000e+00
dev-corpus-00,1288,641,0.000000e+00,641,641,0.037036,0.037036,0.0000e+00
dev-corpus-00,1289,1216,0.000000e+00,695,695,3.354235,3.354235,0.0000e+00
dev-corpus-00,1290,557,0.000000e+00,557,557,0.111657,0.111657,0.0000e+00
dev-corpus-00,1291,7854,0.000000e+00,24526,24526,1.380672,1.380672,0.0000e+00
dev-corpus-00,1292,539,0.000000e+00,539,539,0.101474,0.101474,0.0000e+00
dev-corpus-00,1293,2921,0.000000e+00,68466,68466,6.424157,6.424157,0.0000e+00
dev-corpus-00,1294,2176,0.000000e+00,2176,2176,0.250405,0.250405,0.0000e+00
dev-corpus-00,1295,29878,0.000000e+00,710,710,8.968427,8.968427,0.0000e+00
dev-corpus-00,1296,7480,0.000000e+00,3327,3327,3.726188,3.726188,0.0000e+00
dev-corpus-00,1297,1116,0.000000e+00,1116,1116,0.694881,0.694881,0.0000e+00
dev-corpus-00,1298,852,0.000000e+00,852,852,0.128641,0.128641,0.0000e+00
dev-corpus-00,1299,9919,0.000000e+00,9919,9919,0.526327,0.526327,0.0000e+00
dev-corpus-00,1300,494,0.000000e+00,2980,2980,1.616425,1.616425,0.0000e+00
dev-corpus-00,1301,220,0.000000e+00,220,220,0.002984,0.002984,0.0000e+00
dev-corpus-00,1302,16,0.000000e+00,16,16,0.000729,0.000729,0.0000e+00
dev-corpus-00,1303,24,0.000000e+00,24,24,0.002755,0.002755,0.0000e+00
dev-corpus-00,1304,22,0.000000e+00,22,22,0.111638,0.111638,0.0000e+00
dev-corpus-00,1305,22,0.000000e+00,22,22,0.880986,0.880986,0.0000e+00
dev-corpus-00,1306,310,0.000000e+00,310,310,0.556139,0.556139,0.0000e+00
dev-corpus-00,1307,220,0.000000e+00,220,220,0.008862,0.008862,0.0000e+00
dev-corpus-00,1308,16,0.000000e+00,16,16,0.187719,0.187719,0.0000e+00
dev-corpus-00,1309,24,0.000000e+00,24,24,0.000542,0.000542,0.0000e+00
dev-corpus-00,1310,24,0.000000e+00,23,23,0.971564,0.971564,0.0000e+00
dev-corpus-00,1311,19,0.000000e+00,15,15,2.318594,2.318594,0.0000e+00
dev-corpus-00,1312,1116,0.000000e+00,641,641,1.770596,1.770596,0.0000e+00
dev-corpus-00,1313,321,0.000000e+00,321,321,0.704026,0.704026,0.0000e+00
dev-corpus-00,1314,29878,0.000000e+00,1179,1179,12.155248,12.155248,0.0000e+00
dev-corpus-00,1315,7480,0.000000e+00,7480,7480,0.005545,0.005545,0.0000e+00
dev-corpus-00,1316,303,0.000000e+00,557,557,3.801608,3.801608,0.0000e+00
dev-corpus-00,1317,2404,0.000000e+00,2404,2404,0.038441,0.038441,0.0000e+00
dev-corpus-00,1318,557,0.000000e+00,557,557,0.147355,0.147355,0.0000e+00
dev-corpus-00,1319,24526,0.000000e+00,24526,24526,0.538212,0.538212,0.0000e+00
dev-corpus-00,1320,539,0.000000e+00,539,539,0.089800,0.089800,0.0000e+00
dev-corpus-00,1321,783,0.000000e+00,68466,68466,5.615656,5.615656,0.0000e+00
dev-corpus-00,1322,10720,0.000000e+00,10720,10720,1.672523,1.672523,0.0000e+00
dev-corpus-00,1323,189439,0.000000e+00,329,329,0.998482,0.998482,0.0000e+00
dev-corpus-00,1324,462,0.000000e+00,318,318,4.132701,4.132701,0.0000e+00
dev-corpus-00,1325,23577,0.000000e+00,53141,53141,8.152579,8.152579,0.0000e+00
dev-corpus-00,1326,2751,0.000000e+00,2751,2751,0.022103,0.022103,0.0000e+00
dev-corpus-00,1327,554,0.000000e+00,303,303,9.467876,9.467876,0.0000e+00
dev-corpus-00,1328,12,0.000000e+00,12,12,0.062354,0.062354,0.0000e+00
dev-corpus-00,1329,31,0.000000e+00,31,31,0.540929,0.540929,0.0000e+00
dev-corpus-00,1330,52824,0.000000e+00,462,462,11.296436,11.296436,0.0000e+00
dev-corpus-00,1331,258,0.000000e+00,258,258,0.590216,0.590216,0.0000e+00
dev-corpus-00,1332,641,0.000000e+00,303,303,1.433135,1.433135,0.0000e+00
dev-corpus-00,1333,65154,0.000000e+00,695,695,10.648896,10.648896,0.0000e+00
dev-corpus-00,1334,20425,0.000000e+00,436,436,5.769962,5.769962,0.0000e+00
dev-corpus-00,1335,10542,0.000000e+00,557,557,3.421168,3.421168,0.0000e+00
dev-corpus-00,1336,462,0.000000e+00,279,279,7.570644,7.570644,0.0000e+00
dev-corpus-00,1337,23577,0.000000e+00,23577,23577,0.001070,0.001070,0.0000e+00
dev-corpus-00,1338,2751,0.000000e+00,2751,2751,0.009318,0.009318,0.0000e+00
dev-corpus-00,1339,554,0.000000e+00,554,554,0.307042,0.307042,0.0000e+00
dev-corpus-00,1340,12,0.000000e+00,12,12,0.005844,0.005844,0.0000e+00
dev-corpus-00,1341,31,0.000000e+00,31,31,0.027479,0.027479,0.0000e+00
dev-corpus-00,1342,52824,0.000000e+00,52824,52824,0.054999,0.054999,0.0000e+00
dev-corpus-00,1343,258,0.000000e+00,258,258,0.001215,0.001215,0.0000e+00
dev-corpus-00,1344,430,0.000000e+00,430,430,0.725666,0.725666,0.0000e+00
dev-corpus-00,1345,21270,0.000000e+00,21270,21270,1.775272,1.775272,0.0000e+00
dev-corpus-00,1346,29575,0.000000e+00,29575,29575,0.033458,0.033458,0.0000e+00
dev-corpus-00,1347,7964,0.000000e+00,7964,7964,0.000459,0.000459,0.0000e+00
dev-corpus-00,1348,303,0.000000e+00,303,303,0.102244,0.102244,0.0000e+00
dev-corpus-00,1349,220,0.000000e+00,220,220,0.014836,0.014836,0.0000e+00
dev-corpus-00,1350,17,0.000000e+00,16,16,0.876320,0.876320,0.0000e+00
dev-corpus-00,1351,15,0.000000e+00,15,15,0.000301,0.000301,0.0000e+00
dev-corpus-00,1352,15,0.000000e+00,15,15,0.072555,0.072555,0.0000e+00
dev-corpus-00,1353,18,0.000000e+00,15,15,2.148615,2.148615,0.0000e+00
dev-corpus-00,1354,1116,0.000000e+00,641,641,1.176081,1.176081,0.0000e+00
dev-corpus-00,1355,321,0.000000e+00,321,321,0.201787,0.201787,0.0000e+00
dev-corpus-00,1356,9919,0.000000e+00,557,557,3.431144,3.431144,0.0000e+00
dev-corpus-00,1357,2980,0.000000e+00,2980,2980,0.861727,0.861727,0.0000e+00
dev-corpus-00,1358,220,0.000000e+00,220,220,0.380463,0.380463,0.0000e+00
dev-corpus-00,1359,17,0.000000e+00,17,17,0.001178,0.001178,0.0000e+00
dev-corpus-00,1360,15,0.000000e+00,15,15,0.001880,0.001880,0.0000e+00
dev-corpus-00,1361,16,0.000000e+00,15,15,0.881421,0.881421,0.0000e+00
dev-corpus-00,1362,16,0.000000e+00,15,15,1.367949,1.367949,0.0000e+00
dev-corpus-00,1363,1116,0.000000e+00,641,641,2.266969,2.266969,0.0000e+00
dev-corpus-00,1364,948,0.000000e+00,948,948,0.300867,0.300867,0.0000e+00
dev-corpus-00,1365,551,0.000000e+00,551,551,0.336261,0.336261,0.0000e+00
dev-corpus-00,1366,557,0.000000e+00,557,557,1.129482,1.129482,0.0000e+00
dev-corpus-00,1367,24526,0.000000e+00,24526,24526,0.657211,0.657211,0.0000e+00
dev-corpus-00,1368,539,0.000000e+00,539,539,0.128233,0.128233,0.0000e+00
dev-corpus-00,1369,49929,0.000000e+00,68466,68466,9.307252,9.307252,0.0000e+00
dev-corpus-00,1370,23483,0.000000e+00,710,710,7.486458,7.486458,0.0000e+00
dev-corpus-00,1371,258,0.000000e+00,70,70,3.851656,3.851656,0.0000e+00
dev-corpus-00,1372,641,0.000000e+00,641,641,0.334492,0.334492,0.0000e+00
dev-corpus-00,1373,1577,0.000000e+00,695,695,5.076434,5.076434,0.0000e+00
dev-corpus-00,1374,314,0.000000e+00,314,314,0.092358,0.092358,0.0000e+00
dev-corpus-00,1375,220,0.000000e+00,220,220,0.140939,0.140939,0.0000e+00
dev-corpus-00,1376,17,0.000000e+00,17,17,0.001367,0.001367,0.0000e+00
dev-corpus-00,1377,15,0.000000e+00,15,15,0.000819,0.000819,0.0000e+00
dev-corpus-00,1378,16,0.000000e+00,16,16,0.082578,0.082578,0.0000e+00
dev-corpus-00,1379,19,0.000000e+00,16,16,1.969889,1.969889,0.0000e+00
dev-corpus-00,1380,1116,0.000000e+00,1116,1116,0.347456,0.347456,0.0000e+00
dev-corpus-00,1381,5879,0.000000e+00,462,462,11.926251,11.926251,0.0000e+00
dev-corpus-00,1382,539,0.000000e+00,539,539,0.181498,0.181498,0.0000e+00
dev-corpus-00,1383,462,0.000000e+00,68466,68466,2.574231,2.574231,0.0000e+00
dev-corpus-00,1384,23577,0.000000e+00,23577,23577,0.000505,0.000505,0.0000e+00
dev-corpus-00,1385,2751,0.000000e+00,2751,2751,0.001313,0.001313,0.0000e+00
dev-corpus-00,1386,554,0.000000e+00,554,554,0.019263,0.019263,0.0000e+00
dev-corpus-00,1387,12,0.000000e+00,12,12,0.000375,0.000375,0.0000e+00
dev-corpus-00,1388,31,0.000000e+00,31,31,0.000214,0.000214,0.0000e+00
dev-corpus-00,1389,52824,0.000000e+00,52824,52824,0.008792,0.008792,0.0000e+00
dev-corpus-00,1390,258,0.000000e+00,258,258,0.000800,0.000800,0.0000e+00
dev-corpus-00,1391,321,0.000000e+00,321,321,0.636668,0.636668,0.0000e+00
dev-corpus-00,1392,23483,0.000000e+00,23483,23483,0.243401,0.243401,0.0000e+00
dev-corpus-00,1393,258,0.000000e+00,258,258,0.000261,0.000261,0.0000e+00
dev-corpus-00,1394,1116,0.000000e+00,1116,1116,0.161227,0.161227,0.0000e+00
dev-corpus-00,1395,27097,0.000000e+00,27097,27097,0.798897,0.798897,0.0000e+00
dev-corpus-00,1396,6565,0.000000e+00,6565,6565,0.001321,0.001321,0.0000e+00
dev-corpus-00,1397,995,0.000000e+00,369,369,3.464864,3.464864,0.0000e+00
dev-corpus-00,1398,12805,0.000000e+00,220,220,2.104291,2.104291,0.0000e+00
dev-corpus-00,1399,220,0.000000e+00,220,220,0.017838,0.017838,0.0000e+00
dev-corpus-00,1400,19,0.000000e+00,17,17,2.344684,2.344684,0.0000e+00
dev-corpus-00,1401,15,0.000000e+00,15,15,0.498893,0.498893,0.0000e+00
dev-corpus-00,1402,15,0.000000e+00,15,15,0.123546,0.123546,0.0000e+00
dev-corpus-00,1403,4314,0.000000e+00,3492,3492,4.262190,4.262190,0.0000e+00
dev-corpus-00,1404,27897,0.000000e+00,8259,8259,1.922119,1.922119,0.0000e+00
dev-corpus-00,1405,1116,0.000000e+00,641,641,2.505731,2.505731,0.0000e+00
dev-corpus-00,1406,321,0.000000e+00,321,321,1.175117,1.175117,0.0000e+00
dev-corpus-00,1407,557,0.000000e+00,557,557,1.397729,1.397729,0.0000e+00
dev-corpus-00,1408,279,0.000000e+00,279,279,1.104094,1.104094,0.0000e+00
dev-corpus-00,1409,7526,0.000000e+00,7526,7526,1.037884,1.037884,0.0000e+00
dev-corpus-00,1410,91589,0.000000e+00,91589,91589,0.757344,0.757344,0.0000e+00
dev-corpus-00,1411,303,0.000000e+00,303,303,0.084226,0.084226,0.0000e+00
dev-corpus-00,1412,48759,0.000000e+00,279,279,1.213000,1.213000,0.0000e+00
dev-corpus-00,1413,641,0.000000e+00,641,641,0.209903,0.209903,0.0000e+00
dev-corpus-00,1414,30858,0.000000e+00,695,695,6.166870,6.166870,0.0000e+00
dev-corpus-00,1415,283,0.000000e+00,410,410,5.620520,5.620520,0.0000e+00
dev-corpus-00,1416,283,0.000000e+00,18097,18097,5.945963,5.945963,0.0000e+00
dev-corpus-00,1417,22044,0.000000e+00,18097,18097,8.466023,8.466023,0.0000e+00
dev-corpus-00,1418,3712,0.000000e+00,3712,3712,1.083044,1.083044,0.0000e+00
dev-corpus-00,1419,283,0.000000e+00,283,283,0.451706,0.451706,0.0000e+00
dev-corpus-00,1420,283,0.000000e+00,695,695,1.532260,1.532260,0.0000e+00
dev-corpus-00,1421,30858,0.000000e+00,695,695,3.718062,3.718062,0.0000e+00
dev-corpus-00,1422,14560,0.000000e+00,18097,18097,10.027639,10.027639,0.0000e+00
dev-corpus-00,1423,4947,0.000000e+00,5038,5038,2.925147,2.925147,0.0000e+00
dev-corpus-00,1424,314,0.000000e+00,314,314,0.024054,0.024054,0.0000e+00
dev-corpus-00,1425,5753,0.000000e+00,12963,12963,4.096767,4.096767,0.0000e+00
dev-corpus-00,1426,16489,0.000000e+00,16489,16489,1.118998,1.118998,0.0000e+00
dev-corpus-00,1427,5820,0.000000e+00,995,995,1.744709,1.744709,0.0000e+00
dev-corpus-00,1428,50099,0.000000e+00,310,310,1.999992,1.999992,0.0000e+00
dev-corpus-00,1429,303,0.000000e+00,303,303,0.059055,0.059055,0.0000e+00
dev-corpus-00,1430,48759,0.000000e+00,48759,48759,0.568275,0.568275,0.0000e+00
dev-corpus-00,1431,303,0.000000e+00,303,303,0.561670,0.561670,0.0000e+00
dev-corpus-00,1432,279,0.000000e+00,279,279,0.210935,0.210935,0.0000e+00
dev-corpus-00,1433,3200,0.000000e+00,3200,3200,0.886245,0.886245,0.0000e+00
dev-corpus-00,1434,220,0.000000e+00,220,220,0.069860,0.069860,0.0000e+00
dev-corpus-00,1435,16,0.000000e+00,16,16,0.000693,0.000693,0.0000e+00
dev-corpus-00,1436,24,0.000000e+00,24,24,0.684548,0.684548,0.0000e+00
dev-corpus-00,1437,337,0.000000e+00,337,337,0.055133,0.055133,0.0000e+00
dev-corpus-00,1438,9018,0.000000e+00,9018,9018,0.135554,0.135554,0.0000e+00
dev-corpus-00,1439,1116,0.000000e+00,641,641,1.289592,1.289592,0.0000e+00
dev-corpus-00,1440,694,0.000000e+00,321,321,1.609265,1.609265,0.0000e+00
dev-corpus-00,1441,1379,0.000000e+00,279,279,3.397911,3.397911,0.0000e+00
dev-corpus-00,1442,7481,0.000000e+00,314,314,3.739411,3.739411,0.0000e+00
dev-corpus-00,1443,383,0.000000e+00,310,310,2.204898,2.204898,0.0000e+00
dev-corpus-00,1444,641,0.000000e+00,310,310,3.103852,3.103852,0.0000e+00
dev-corpus-00,1445,733,0.000000e+00,561,561,1.908421,1.908421,0.0000e+00
dev-corpus-00,1446,279,0.000000e+00,220,220,0.976636,0.976636,0.0000e+00
dev-corpus-00,1447,3988,0.000000e+00,3988,3988,0.556449,0.556449,0.0000e+00
dev-corpus-00,1448,220,0.000000e+00,220,220,0.026431,0.026431,0.0000e+00
dev-corpus-00,1449,17,0.000000e+00,16,16,0.793238,0.793238,0.0000e+00
dev-corpus-00,1450,15,0.000000e+00,15,15,0.000310,0.000310,0.0000e+00
dev-corpus-00,1451,337,0.000000e+00,337,337,0.002688,0.002688,0.0000e+00
dev-corpus-00,1452,9018,0.000000e+00,9018,9018,0.006661,0.006661,0.0000e+00
dev-corpus-00,1453,279,0.000000e+00,1116,1116,2.185686,2.185686,0.0000e+00
dev-corpus-00,1454,1118,0.000000e+00,12963,12963,3.734078,3.734078,0.0000e+00
dev-corpus-00,1455,17489,0.000000e+00,12963,12963,6.151695,6.151695,0.0000e+00
dev-corpus-00,1456,7277,0.000000e+00,7277,7277,0.038854,0.038854,0.0000e+00
dev-corpus-00,1457,16489,0.000000e+00,12963,12963,1.203566,1.203566,0.0000e+00
dev-corpus-00,1458,21681,0.000000e+00,5820,5820,2.802072,2.802072,0.0000e+00
dev-corpus-00,1459,1017,0.000000e+00,303,303,3.038108,3.038108,0.0000e+00
dev-corpus-00,1460,1116,0.000000e+00,641,641,0.920494,0.920494,0.0000e+00
dev-corpus-00,1461,321,0.000000e+00,321,321,1.202634,1.202634,0.0000e+00
dev-corpus-00,1462,539,0.000000e+00,539,539,1.734642,1.734642,0.0000e+00
dev-corpus-00,1463,279,0.000000e+00,220,220,1.044950,1.044950,0.0000e+00
dev-corpus-00,1464,220,0.000000e+00,220,220,0.627472,0.627472,0.0000e+00
dev-corpus-00,1465,16,0.000000e+00,16,16,0.000916,0.000916,0.0000e+00
dev-corpus-00,1466,24,0.000000e+00,24,24,0.000658,0.000658,0.0000e+00
dev-corpus-00,1467,17,0.000000e+00,18,18,0.750835,0.750835,0.0000e+00
dev-corpus-00,1468,15,0.000000e+00,15,15,0.000883,0.000883,0.0000e+00
dev-corpus-00,1469,82,0.000000e+00,82,82,0.003545,0.003545,0.0000e+00
dev-corpus-00,1470,48759,0.000000e+00,1017,1017,1.750447,1.750447,0.0000e+00
dev-corpus-00,1471,359,0.000000e+00,995,995,1.791081,1.791081,0.0000e+00
dev-corpus-00,1472,82,0.000000e+00,82,82,0.000632,0.000632,0.0000e+00
dev-corpus-00,1473,12963,0.000000e+00,12963,12963,0.210668,0.210668,0.0000e+00
dev-corpus-00,1474,3809,0.000000e+00,6823,6823,1.726887,1.726887,0.0000e+00
dev-corpus-00,1475,5820,0.000000e+00,557,557,3.298933,3.298933,0.0000e+00
dev-corpus-00,1476,22175,0.000000e+00,310,310,7.499938,7.499938,0.0000e+00
dev-corpus-00,1477,22223,0.000000e+00,364,364,10.265352,10.265352,0.0000e+00
dev-corpus-00,1478,893,0.000000e+00,3401,3401,3.494477,3.494477,0.0000e+00
dev-corpus-00,1479,269,0.000000e+00,269,269,0.031650,0.031650,0.0000e+00
dev-corpus-00,1480,6041,0.000000e+00,6041,6041,0.001672,0.001672,0.0000e+00
dev-corpus-00,1481,364,0.000000e+00,641,641,2.195521,2.195521,0.0000e+00
dev-corpus-00,1482,9668,0.000000e+00,4962,4962,9.930110,9.930110,0.0000e+00
dev-corpus-00,1483,6394,0.000000e+00,3401,3401,5.031997,5.031997,0.0000e+00
dev-corpus-00,1484,3603,0.000000e+00,3603,3603,0.528242,0.528242,0.0000e+00
dev-corpus-00,1485,321,0.000000e+00,3401,3401,2.042253,2.042253,0.0000e+00
dev-corpus-00,1486,12963,0.000000e+00,12872,12872,4.722599,4.722599,0.0000e+00
dev-corpus-00,1487,12872,0.000000e+00,12872,12872,0.550416,0.550416,0.0000e+00
dev-corpus-00,1488,3401,0.000000e+00,3401,3401,0.062418,0.062418,0.0000e+00
dev-corpus-00,1489,303,0.000000e+00,641,641,2.351642,2.351642,0.0000e+00
dev-corpus-00,1490,7529,0.000000e+00,843,843,6.591704,6.591704,0.0000e+00
dev-corpus-00,1491,359,0.000000e+00,359,359,0.115635,0.115635,0.0000e+00
dev-corpus-00,1492,10105,0.000000e+00,10105,10105,0.076948,0.076948,0.0000e+00
dev-corpus-00,1493,641,0.000000e+00,641,641,0.147635,0.147635,0.0000e+00
dev-corpus-00,1494,21016,0.000000e+00,695,695,8.703633,8.703633,0.0000e+00
dev-corpus-00,1495,1068,0.000000e+00,1068,1068,0.769719,0.769719,0.0000e+00
dev-corpus-00,1496,22904,0.000000e+00,6584,6584,4.571045,4.571045,0.0000e+00
dev-corpus-00,1497,11698,0.000000e+00,380,380,6.974502,6.974502,0.0000e+00
dev-corpus-00,1498,59576,0.000000e+00,74534,74534,2.973494,2.973494,0.0000e+00
dev-corpus-00,1499,13514,0.000000e+00,13514,13514,2.095390,2.095390,0.0000e+00
dev-corpus-00,1500,421,0.000000e+00,421,421,0.424564,0.424564,0.0000e+00
dev-corpus-00,1501,328,0.000000e+00,279,279,2.609038,2.609038,0.0000e+00
dev-corpus-00,1502,498,0.000000e+00,279,279,4.357888,4.357888,0.0000e+00
dev-corpus-00,1503,264,0.000000e+00,585,585,2.393178,2.393178,0.0000e+00
dev-corpus-00,1504,2205,0.000000e+00,2205,2205,0.144982,0.144982,0.0000e+00
dev-corpus-00,1505,281,0.000000e+00,2526,2526,5.278184,5.278184,0.0000e+00
dev-corpus-00,1506,455,0.000000e+00,455,455,0.209581,0.209581,0.0000e+00
dev-corpus-00,1507,462,0.000000e+00,279,279,9.014910,9.014910,0.0000e+00
dev-corpus-00,1508,1544,0.000000e+00,15257,15257,4.955470,4.955470,0.0000e+00
dev-corpus-00,1509,268,0.000000e+00,268,268,0.916275,0.916275,0.0000e+00
dev-corpus-00,1510,12471,0.000000e+00,321,321,5.721419,5.721419,0.0000e+00
dev-corpus-00,1511,59576,0.000000e+00,35191,35191,1.783436,1.783436,0.0000e+00
dev-corpus-00,1512,359,0.000000e+00,321,321,2.104110,2.104110,0.0000e+00
dev-corpus-00,1513,82,0.000000e+00,82,82,0.055038,0.055038,0.0000e+00
dev-corpus-00,1514,4397,0.000000e+00,2902,2902,2.776091,2.776091,0.0000e+00
dev-corpus-00,1515,303,0.000000e+00,303,303,0.185443,0.185443,0.0000e+00
dev-corpus-00,1516,220,0.000000e+00,220,220,0.083721,0.083721,0.0000e+00
dev-corpus-00,1517,16,0.000000e+00,16,16,0.000724,0.000724,0.0000e+00
dev-corpus-00,1518,24,0.000000e+00,24,24,0.002641,0.002641,0.0000e+00
dev-corpus-00,1519,18,0.000000e+00,17,17,0.978265,0.978265,0.0000e+00
dev-corpus-00,1520,18,0.000000e+00,15,15,2.257876,2.257876,0.0000e+00
dev-corpus-00,1521,1116,0.000000e+00,1116,1116,0.318148,0.318148,0.0000e+00
dev-corpus-00,1522,780,0.000000e+00,279,279,2.848491,2.848491,0.0000e+00
dev-corpus-00,1523,2046,0.000000e+00,54897,54897,3.991006,3.991006,0.0000e+00
dev-corpus-00,1524,506,0.000000e+00,5924,5924,2.514539,2.514539,0.0000e+00
dev-corpus-00,1525,220,0.000000e+00,220,220,0.088500,0.088500,0.0000e+00
dev-corpus-00,1526,17,0.000000e+00,16,16,1.822310,1.822310,0.0000e+00
dev-corpus-00,1527,18,0.000000e+00,15,15,2.481264,2.481264,0.0000e+00
dev-corpus-00,1528,16,0.000000e+00,15,15,2.186349,2.186349,0.0000e+00
dev-corpus-00,1529,4171,0.000000e+00,4171,4171,1.447913,1.447913,0.0000e+00
dev-corpus-00,1530,93154,0.000000e+00,93154,93154,0.649155,0.649155,0.0000e+00
dev-corpus-00,1531,6476,0.000000e+00,6476,6476,0.237178,0.237178,0.0000e+00
dev-corpus-00,1532,557,0.000000e+00,5924,5924,1.849527,1.849527,0.0000e+00
dev-corpus-00,1533,1254,0.000000e+00,1429,1429,6.699149,6.699149,0.0000e+00
dev-corpus-00,1534,93145,0.000000e+00,93145,93145,0.045613,0.045613,0.0000e+00
dev-corpus-00,1535,321,0.000000e+00,1083,1083,1.352920,1.352920,0.0000e+00
dev-corpus-01,1536,12476,0.000000e+00,4258,4258,2.874387,2.874387,0.0000e+00
dev-corpus-01,1537,318,0.000000e+00,401,401,2.815193,2.815193,0.0000e+00
dev-corpus-01,1538,63724,0.000000e+00,81425,81425,16.055840,16.055840,0.0000e+00
dev-corpus-01,1539,1587,0.000000e+00,847,847,5.297599,5.297599,0.0000e+00
dev-corpus-01,1540,73,0.000000e+00,73,73,2.254340,2.254340,0.0000e+00
dev-corpus-01,1541,6510,0.000000e+00,6510,6510,0.002141,0.002141,0.0000e+00
dev-corpus-01,1542,7766,0.000000e+00,847,847,4.018847,4.018847,0.0000e+00
dev-corpus-01,1543,847,0.000000e+00,8,8,0.933756,0.933756,0.0000e+00
dev-corpus-01,1544,283,0.000000e+00,283,283,0.360871,0.360871,0.0000e+00
dev-corpus-01,1545,30858,0.000000e+00,198,198,12.222722,12.222722,0.0000e+00
dev-corpus-01,1546,16623,0.000000e+00,410,410,7.623394,7.623394,0.0000e+00
dev-corpus-01,1547,12476,0.000000e+00,12476,12476,0.051770,0.051770,0.0000e+00
dev-corpus-01,1548,369,0.000000e+00,369,369,0.789140,0.789140,0.0000e+00
dev-corpus-01,1549,279,0.000000e+00,279,279,0.303822,0.303822,0.0000e+00
dev-corpus-01,1550,270,0.000000e+00,220,220,3.580888,3.580888,0.0000e+00
dev-corpus-01,1551,396,0.000000e+00,396,396,0.019047,0.019047,0.0000e+00
dev-corpus-01,1552,43872,0.000000e+00,43872,43872,0.017596,0.017596,0.0000e+00
dev-corpus-01,1553,14712,0.000000e+00,13626,13626,5.274854,5.274854,0.0000e+00
dev-corpus-01,1554,554,0.000000e+00,42117,42117,14.377627,14.377627,0.0000e+00
dev-corpus-01,1555,12,0.000000e+00,11197,11197,2.888512,2.888512,0.0000e+00
dev-corpus-01,1556,31,0.000000e+00,11197,11197,5.638637,5.638637,0.0000e+00
dev-corpus-01,1557,3992,0.000000e+00,11197,11197,2.010479,2.010479,0.0000e+00
dev-corpus-01,1558,13626,0.000000e+00,13626,13626,0.486252,0.486252,0.0000e+00
dev-corpus-01,1559,7766,0.000000e+00,7766,7766,0.016568,0.016568,0.0000e+00
dev-corpus-01,1560,539,0.000000e+00,539,539,0.192205,0.192205,0.0000e+00
dev-corpus-01,1561,4421,0.000000e+00,4421,4421,1.531643,1.531643,0.0000e+00
dev-corpus-01,1562,36014,0.000000e+00,36014,36014,0.001397,0.001397,0.0000e+00
dev-corpus-01,1563,31218,0.000000e+00,31218,31218,0.008600,0.008600,0.0000e+00
dev-corpus-01,1564,22049,0.000000e+00,22049,22049,0.571234,0.571234,0.0000e+00
dev-corpus-01,1565,554,0.000000e+00,63724,63724,1.053096,1.053096,0.0000e+00
dev-corpus-01,1566,12,0.000000e+00,12,12,0.098986,0.098986,0.0000e+00
dev-corpus-01,1567,31,0.000000e+00,31,31,0.005134,0.005134,0.0000e+00
dev-corpus-01,1568,81735,0.000000e+00,81735,81735,0.514073,0.514073,0.0000e+00
dev-corpus-01,1569,63724,0.000000e+00,63724,63724,0.248313,0.248313,0.0000e+00
dev-corpus-01,1570,1587,0.000000e+00,1587,1587,0.020586,0.020586,0.0000e+00
dev-corpus-01,1571,73,0.000000e+00,73,73,0.002428,0.002428,0.0000e+00
dev-corpus-01,1572,6510,0.000000e+00,6510,6510,0.000888,0.000888,0.0000e+00
dev-corpus-01,1573,1116,0.000000e+00,13,13,2.172604,2.172604,0.0000e+00
dev-corpus-01,1574,5698,0.000000e+00,5698,5698,0.180331,0.180331,0.0000e+00
dev-corpus-01,1575,383,0.000000e+00,383,383,0.767664,0.767664,0.0000e+00
dev-corpus-01,1576,220,0.000000e+00,220,220,1.975274,1.975274,0.0000e+00
dev-corpus-01,1577,17,0.000000e+00,17,17,0.936058,0.936058,0.0000e+00
dev-corpus-01,1578,18,0.000000e+00,15,15,2.514634,2.514634,0.0000e+00
dev-corpus-01,1579,5930,0.000000e+00,6324,6324,2.117903,2.117903,0.0000e+00
dev-corpus-01,1580,220,0.000000e+00,220,220,0.050912,0.050912,0.0000e+00
dev-corpus-01,1581,17,0.000000e+00,17,17,0.107762,0.107762,0.0000e+00
dev-corpus-01,1582,15,0.000000e+00,15,15,0.000892,0.000892,0.0000e+00
dev-corpus-01,1583,16,0.000000e+00,15,15,0.822524,0.822524,0.0000e+00
dev-corpus-01,1584,16,0.000000e+00,19,19,1.891694,1.891694,0.0000e+00
dev-corpus-01,1585,641,0.000000e+00,641,641,1.103961,1.103961,0.0000e+00
dev-corpus-01,1586,93034,0.000000e+00,198,198,8.983215,8.983215,0.0000e+00
dev-corpus-01,1587,303,0.000000e+00,303,303,0.929667,0.929667,0.0000e+00
dev-corpus-01,1588,279,0.000000e+00,220,220,2.640341,2.640341,0.0000e+00
dev-corpus-01,1589,3516,0.000000e+00,3516,3516,1.880296,1.880296,0.0000e+00
dev-corpus-01,1590,4042,0.000000e+00,4042,4042,0.076756,0.076756,0.0000e+00
dev-corpus-01,1591,321,0.000000e+00,321,321,0.982608,0.982608,0.0000e+00
dev-corpus-01,1592,11920,0.000000e+00,17163,17163,2.161858,2.161858,0.0000e+00
dev-corpus-01,1593,1116,0.000000e+00,1116,1116,0.412963,0.412963,0.0000e+00
dev-corpus-01,1594,424,0.000000e+00,279,279,1.350631,1.350631,0.0000e+00
dev-corpus-01,1595,557,0.000000e+00,557,557,0.903874,0.903874,0.0000e+00
dev-corpus-01,1596,8677,0.000000e+00,8677,8677,0.721908,0.721908,0.0000e+00
dev-corpus-01,1597,539,0.000000e+00,539,539,0.070953,0.070953,0.0000e+00
dev-corpus-01,1598,1587,0.000000e+00,1587,1587,0.628461,0.628461,0.0000e+00
dev-corpus-01,1599,73,0.000000e+00,73,73,0.001521,0.001521,0.0000e+00
dev-corpus-01,1600,6510,0.000000e+00,6510,6510,0.000302,0.000302,0.0000e+00
dev-corpus-01,1601,440,0.000000e+00,321,321,2.825740,2.825740,0.0000e+00
dev-corpus-01,1602,11230,0.000000e+00,279,279,7.154774,7.154774,0.0000e+00
dev-corpus-01,1603,30641,0.000000e+00,33882,33882,3.898778,3.898778,0.0000e+00
dev-corpus-01,1604,1116,0.000000e+00,321,321,1.614834,1.614834,0.0000e+00
dev-corpus-01,1605,11723,0.000000e+00,321,321,7.017025,7.017025,0.0000e+00
dev-corpus-01,1606,64618,0.000000e+00,64618,64618,2.504011,2.504011,0.0000e+00
dev-corpus-01,1607,321,0.000000e+00,321,321,0.628941,0.628941,0.0000e+00
dev-corpus-01,1608,29233,0.000000e+00,28338,28338,9.480207,9.480207,0.0000e+00
dev-corpus-01,1609,92356,0.000000e+00,92356,92356,0.104765,0.104765,0.0000e+00
dev-corpus-01,1610,22049,0.000000e+00,16359,16359,1.901863,1.901863,0.0000e+00
dev-corpus-01,1611,554,0.000000e+00,554,554,1.418435,1.418435,0.0000e+00
dev-corpus-01,1612,12,0.000000e+00,12,12,0.003043,0.003043,0.0000e+00
dev-corpus-01,1613,31,0.000000e+00,31,31,0.000913,0.000913,0.0000e+00
dev-corpus-01,1614,81735,0.000000e+00,81735,81735,0.399941,0.399941,0.0000e+00
dev-corpus-01,1615,37746,0.000000e+00,32095,32095,6.707798,6.707798,0.0000e+00
dev-corpus-01,1616,52582,0.000000e+00,52582,52582,0.095576,0.095576,0.0000e+00
dev-corpus-01,1617,641,0.000000e+00,641,641,0.202169,0.202169,0.0000e+00
dev-corpus-01,1618,561,0.000000e+00,198,198,1.515127,1.515127,0.0000e+00
dev-corpus-01,1619,7766,0.000000e+00,7766,7766,0.326684,0.326684,0.0000e+00
dev-corpus-01,1620,1892,0.000000e+00,557,557,13.040113,13.040113,0.0000e+00
dev-corpus-01,1621,279,0.000000e+00,864,864,2.727793,2.727793,0.0000e+00
dev-corpus-01,1622,1118,0.000000e+00,1118,1118,0.472871,0.472871,0.0000e+00
dev-corpus-01,1623,9209,0.000000e+00,303,303,4.701227,4.701227,0.0000e+00
dev-corpus-01,1624,4722,0.000000e+00,4722,4722,0.567211,0.567211,0.0000e+00
dev-corpus-01,1625,539,0.000000e+00,539,539,1.076628,1.076628,0.0000e+00
dev-corpus-01,1626,1587,0.000000e+00,1587,1587,0.214464,0.214464,0.0000e+00
dev-corpus-01,1627,73,0.000000e+00,73,73,0.000282,0.000282,0.0000e+00
dev-corpus-01,1628,6510,0.000000e+00,6510,6510,0.000458,0.000458,0.0000e+00
dev-corpus-01,1629,1238,0.000000e+00,1892,1892,2.696761,2.696761,0.0000e+00
dev-corpus-01,1630,551,0.000000e+00,9101,9101,1.882849,1.882849,0.0000e+00
dev-corpus-01,1631,557,0.000000e+00,2047,2047,3.677434,3.677434,0.0000e+00
dev-corpus-01,1632,8239,0.000000e+00,11878,11878,3.010780,3.010780,0.0000e+00
dev-corpus-01,1633,539,0.000000e+00,310,310,3.579784,3.579784,0.0000e+00
dev-corpus-01,1634,20228,0.000000e+00,20228,20228,1.057541,1.057541,0.0000e+00
dev-corpus-01,1635,10401,0.000000e+00,10401,10401,0.253652,0.253652,0.0000e+00
dev-corpus-01,1636,303,0.000000e+00,18867,18867,2.015016,2.015016,0.0000e+00
dev-corpus-01,1637,220,0.000000e+00,220,220,0.206402,0.206402,0.0000e+00
dev-corpus-01,1638,16,0.000000e+00,16,16,0.519516,0.519516,0.0000e+00
dev-corpus-01,1639,24,0.000000e+00,24,24,0.000579,0.000579,0.0000e+00
dev-corpus-01,1640,24,0.000000e+00,24,24,0.223608,0.223608,0.0000e+00
dev-corpus-01,1641,18,0.000000e+00,17,17,2.100369,2.100369,0.0000e+00
dev-corpus-01,1642,321,0.000000e+00,1892,1892,2.647120,2.647120,0.0000e+00
dev-corpus-01,1643,30641,0.000000e+00,2047,2047,7.327503,7.327503,0.0000e+00
dev-corpus-01,1644,10401,0.000000e+00,32118,32118,0.918095,0.918095,0.0000e+00
dev-corpus-01,1645,303,0.000000e+00,303,303,0.889576,0.889576,0.0000e+00
dev-corpus-01,1646,220,0.000000e+00,220,220,0.008150,0.008150,0.0000e+00
dev-corpus-01,1647,17,0.000000e+00,17,17,0.461177,0.461177,0.0000e+00
dev-corpus-01,1648,15,0.000000e+00,15,15,0.000909,0.000909,0.0000e+00
dev-corpus-01,1649,15,0.000000e+00,15,15,0.111374,0.111374,0.0000e+00
dev-corpus-01,1650,23,0.000000e+00,15,15,2.701030,2.701030,0.0000e+00
dev-corpus-01,1651,1892,0.000000e+00,1892,1892,0.350170,0.350170,0.0000e+00
dev-corpus-01,1652,557,0.000000e+00,557,557,1.070029,1.070029,0.0000e+00
dev-corpus-01,1653,10579,0.000000e+00,5698,5698,4.659154,4.659154,0.0000e+00
dev-corpus-01,1654,539,0.000000e+00,539,539,1.014333,1.014333,0.0000e+00
dev-corpus-01,1655,780,0.000000e+00,1587,1587,2.441756,2.441756,0.0000e+00
dev-corpus-01,1656,1765,0.000000e+00,1765,1765,0.202696,0.202696,0.0000e+00
dev-corpus-01,1657,2306,0.000000e+00,2306,2306,0.876222,0.876222,0.0000e+00
dev-corpus-01,1658,1116,0.000000e+00,1116,1116,0.559662,0.559662,0.0000e+00
dev-corpus-01,1659,6017,0.000000e+00,1587,1587,8.095486,8.095486,0.0000e+00
dev-corpus-01,1660,308,0.000000e+00,67529,67529,2.587713,2.587713,0.0000e+00
dev-corpus-01,1661,31754,0.000000e+00,31754,31754,0.220277,0.220277,0.0000e+00
dev-corpus-01,1662,10388,0.000000e+00,10388,10388,0.111471,0.111471,0.0000e+00
dev-corpus-01,1663,641,0.000000e+00,10401,10401,1.880629,1.880629,0.0000e+00
dev-corpus-01,1664,695,0.000000e+00,561,561,2.893363,2.893363,0.0000e+00
dev-corpus-01,1665,1158,0.000000e+00,410,410,13.127582,13.127582,0.0000e+00
dev-corpus-01,1666,3736,0.000000e+00,3736,3736,0.124372,0.124372,0.0000e+00
dev-corpus-01,1667,321,0.000000e+00,314,314,6.101051,6.101051,0.0000e+00
dev-corpus-01,1668,5158,0.000000e+00,5158,5158,1.226381,1.226381,0.0000e+00
dev-corpus-01,1669,303,0.000000e+00,539,539,2.970214,2.970214,0.0000e+00
dev-corpus-01,1670,264,0.000000e+00,6163,6163,2.985892,2.985892,0.0000e+00
dev-corpus-01,1671,1007,0.000000e+00,7792,7792,3.363813,3.363813,0.0000e+00
dev-corpus-01,1672,1116,0.000000e+00,321,321,1.234575,1.234575,0.0000e+00
dev-corpus-01,1673,279,0.000000e+00,279,279,0.558013,0.558013,0.0000e+00
dev-corpus-01,1674,3150,0.000000e+00,7766,7766,3.653107,3.653107,0.0000e+00
dev-corpus-01,1675,14973,0.000000e+00,557,557,5.878562,5.878562,0.0000e+00
dev-corpus-01,1676,1587,0.000000e+00,264,264,1.358881,1.358881,0.0000e+00
dev-corpus-01,1677,73,0.000000e+00,73,73,0.000677,0.000677,0.0000e+00
dev-corpus-01,1678,6510,0.000000e+00,6510,6510,0.000541,0.000541,0.0000e+00
dev-corpus-01,1679,321,0.000000e+00,359,359,8.294826,8.294826,0.0000e+00
dev-corpus-01,1680,52582,0.000000e+00,780,780,2.476794,2.476794,0.0000e+00
dev-corpus-01,1681,359,0.000000e+00,359,359,0.157042,0.157042,0.0000e+00
dev-corpus-01,1682,11400,0.000000e+00,1118,1118,4.723956,4.723956,0.0000e+00
dev-corpus-01,1683,19421,0.000000e+00,19421,19421,0.252691,0.252691,0.0000e+00
dev-corpus-01,1684,641,0.000000e+00,641,641,1.150689,1.150689,0.0000e+00
dev-corpus-01,1685,1690,0.000000e+00,561,561,5.624946,5.624946,0.0000e+00
dev-corpus-01,1686,16623,0.000000e+00,279,279,6.027555,6.027555,0.0000e+00
dev-corpus-01,1687,12476,0.000000e+00,12476,12476,0.031163,0.031163,0.0000e+00
dev-corpus-01,1688,1116,0.000000e+00,1116,1116,0.106250,0.106250,0.0000e+00
dev-corpus-01,1689,1587,0.000000e+00,1587,1587,0.300943,0.300943,0.0000e+00
dev-corpus-01,1690,73,0.000000e+00,73,73,0.000287,0.000287,0.0000e+00
dev-corpus-01,1691,6510,0.000000e+00,6510,6510,0.000604,0.000604,0.0000e+00
dev-corpus-01,1692,4523,0.000000e+00,321,321,7.287095,7.287095,0.0000e+00
dev-corpus-01,1693,310,0.000000e+00,310,310,0.057913,0.057913,0.0000e+00
dev-corpus-01,1694,780,0.000000e+00,279,279,1.225998,1.225998,0.0000e+00
dev-corpus-01,1695,30332,0.000000e+00,19101,19101,4.509365,4.509365,0.0000e+00
dev-corpus-01,1696,4950,0.000000e+00,1647,1647,2.894163,2.894163,0.0000e+00
dev-corpus-01,1697,1238,0.000000e+00,314,314,5.183666,5.183666,0.0000e+00
dev-corpus-01,1698,780,0.000000e+00,264,264,2.493408,2.493408,0.0000e+00
dev-corpus-01,1699,64134,0.000000e+00,220,220,7.787554,7.787554,0.0000e+00
dev-corpus-01,1700,291,0.000000e+00,291,291,0.244733,0.244733,0.0000e+00
dev-corpus-01,1701,24125,0.000000e+00,6206,6206,2.520990,2.520990,0.0000e+00
dev-corpus-01,1702,364,0.000000e+00,383,383,3.033021,3.033021,0.0000e+00
dev-corpus-01,1703,13412,0.000000e+00,279,279,13.433124,13.433124,0.0000e+00
dev-corpus-01,1704,235840,0.000000e+00,8903,8903,5.645166,5.645166,0.0000e+00
dev-corpus-01,1705,423,0.000000e+00,84854,84854,8.530431,8.530431,0.0000e+00
dev-corpus-01,1706,38531,0.000000e+00,38531,38531,1.140357,1.140357,0.0000e+00
dev-corpus-01,1707,318,0.000000e+00,318,318,1.036139,1.036139,0.0000e+00
dev-corpus-01,1708,220,0.000000e+00,220,220,0.060428,0.060428,0.0000e+00
dev-corpus-01,1709,17,0.000000e+00,17,17,0.011934,0.011934,0.0000e+00
dev-corpus-01,1710,15,0.000000e+00,15,15,0.000568,0.000568,0.0000e+00
dev-corpus-01,1711,16,0.000000e+00,15,15,2.309387,2.309387,0.0000e+00
dev-corpus-01,1712,15,0.000000e+00,15,15,0.293858,0.293858,0.0000e+00
dev-corpus-01,1713,847,0.000000e+00,847,847,0.018773,0.018773,0.0000e+00
dev-corpus-01,1714,641,0.000000e+00,641,641,0.858719,0.858719,0.0000e+00
dev-corpus-01,1715,5788,0.000000e+00,695,695,5.108120,5.108120,0.0000e+00
dev-corpus-01,1716,16876,0.000000e+00,279,279,5.667557,5.667557,0.0000e+00
dev-corpus-01,1717,279,0.000000e+00,279,279,0.490695,0.490695,0.0000e+00
dev-corpus-01,1718,14827,0.000000e+00,7766,7766,7.357495,7.357495,0.0000e+00
dev-corpus-01,1719,1116,0.000000e+00,1116,1116,0.935883,0.935883,0.0000e+00
dev-corpus-01,1720,551,0.000000e+00,1587,1587,1.651790,1.651790,0.0000e+00
dev-corpus-01,1721,995,0.000000e+00,995,995,1.588290,1.588290,0.0000e+00
dev-corpus-01,1722,1429,0.000000e+00,94044,94044,5.009364,5.009364,0.0000e+00
dev-corpus-01,1723,16253,0.000000e+00,264,264,7.953540,7.953540,0.0000e+00
dev-corpus-01,1724,22591,0.000000e+00,22591,22591,1.474528,1.474528,0.0000e+00
dev-corpus-01,1725,310,0.000000e+00,321,321,4.006668,4.006668,0.0000e+00
dev-corpus-01,1726,38406,0.000000e+00,1791,1791,5.602761,5.602761,0.0000e+00
dev-corpus-01,1727,780,0.000000e+00,780,780,0.691038,0.691038,0.0000e+00
dev-corpus-01,1728,4950,0.000000e+00,4950,4950,0.796731,0.796731,0.0000e+00
dev-corpus-01,1729,1116,0.000000e+00,641,641,1.658899,1.658899,0.0000e+00
dev-corpus-01,1730,3322,0.000000e+00,694,694,5.942555,5.942555,0.0000e+00
dev-corpus-01,1731,11192,0.000000e+00,978,978,6.728589,6.728589,0.0000e+00
dev-corpus-01,1732,1092,0.000000e+00,264,264,6.893848,6.893848,0.0000e+00
dev-corpus-01,1733,995,0.000000e+00,551,551,6.117616,6.117616,0.0000e+00
dev-corpus-01,1734,978,0.000000e+00,978,978,0.652399,0.652399,0.0000e+00
dev-corpus-01,1735,2512,0.000000e+00,7246,7246,2.200858,2.200858,0.0000e+00
dev-corpus-01,1736,264,0.000000e+00,9609,9609,1.562897,1.562897,0.0000e+00
dev-corpus-01,1737,328,0.000000e+00,9609,9609,1.785914,1.785914,0.0000e+00
dev-corpus-01,1738,35463,0.000000e+00,69235,69235,4.002315,4.002315,0.0000e+00
dev-corpus-01,1739,554,0.000000e+00,471,471,6.525293,6.525293,0.0000e+00
dev-corpus-01,1740,12,0.000000e+00,12,12,0.003334,0.003334,0.0000e+00
dev-corpus-01,1741,31,0.000000e+00,31,31,0.030618,0.030618,0.0000e+00
dev-corpus-01,1742,1441,0.000000e+00,1441,1441,0.242177,0.242177,0.0000e+00
dev-corpus-01,1743,42606,0.000000e+00,328,328,4.035104,4.035104,0.0000e+00
dev-corpus-01,1744,4879,0.000000e+00,328,328,8.813968,8.813968,0.0000e+00
dev-corpus-01,1745,328,0.000000e+00,328,328,0.101391,0.101391,0.0000e+00
dev-corpus-01,1746,303,0.000000e+00,641,641,3.550692,3.550692,0.0000e+00
dev-corpus-01,1747,780,0.000000e+00,279,279,2.213395,2.213395,0.0000e+00
dev-corpus-01,1748,4477,0.000000e+00,220,220,4.197040,4.197040,0.0000e+00
dev-corpus-01,1749,641,0.000000e+00,641,641,0.132831,0.132831,0.0000e+00
dev-corpus-01,1750,16623,0.000000e+00,695,695,2.687280,2.687280,0.0000e+00
dev-corpus-01,1751,12476,0.000000e+00,12476,12476,0.015574,0.015574,0.0000e+00
dev-corpus-01,1752,682,0.000000e+00,1116,1116,3.965714,3.965714,0.0000e+00
dev-corpus-01,1753,978,0.000000e+00,264,264,1.671979,1.671979,0.0000e+00
dev-corpus-01,1754,7463,0.000000e+00,7246,7246,3.180081,3.180081,0.0000e+00
dev-corpus-01,1755,310,0.000000e+00,310,310,0.204928,0.204928,0.0000e+00
dev-corpus-01,1756,780,0.000000e+00,780,780,0.781101,0.781101,0.0000e+00
dev-corpus-01,1757,6575,0.000000e+00,220,220,2.159261,2.159261,0.0000e+00
dev-corpus-01,1758,35810,0.000000e+00,26788,26788,4.613609,4.613609,0.0000e+00
dev-corpus-01,1759,1116,0.000000e+00,1116,1116,1.410438,1.410438,0.0000e+00
dev-corpus-01,1760,21016,0.000000e+00,1680,1680,14.213439,14.213439,0.0000e+00
dev-corpus-01,1761,3362,0.000000e+00,3362,3362,0.090500,0.090500,0.0000e+00
dev-corpus-01,1762,318,0.000000e+00,401,401,1.256955,1.256955,0.0000e+00
dev-corpus-01,1763,220,0.000000e+00,220,220,0.008854,0.008854,0.0000e+00
dev-corpus-01,1764,16,0.000000e+00,16,16,0.303527,0.303527,0.0000e+00
dev-corpus-01,1765,24,0.000000e+00,24,24,0.000255,0.000255,0.0000e+00
dev-corpus-01,1766,24,0.000000e+00,24,24,0.065717,0.065717,0.0000e+00
dev-corpus-01,1767,19,0.000000e+00,21,21,2.113713,2.113713,0.0000e+00
dev-corpus-01,1768,847,0.000000e+00,847,847,0.012496,0.012496,0.0000e+00
dev-corpus-01,1769,321,0.000000e+00,321,321,0.260406,0.260406,0.0000e+00
dev-corpus-01,1770,20637,0.000000e+00,3851,3851,9.471663,9.471663,0.0000e+00
dev-corpus-01,1771,2233,0.000000e+00,318,318,4.812765,4.812765,0.0000e+00
dev-corpus-01,1772,301,0.000000e+00,301,301,0.012929,0.012929,0.0000e+00
dev-corpus-01,1773,392,0.000000e+00,392,392,0.003290,0.003290,0.0000e+00
dev-corpus-01,1774,78,0.000000e+00,78,78,0.006229,0.006229,0.0000e+00
dev-corpus-01,1775,318,0.000000e+00,318,318,0.023976,0.023976,0.0000e+00
dev-corpus-01,1776,220,0.000000e+00,220,220,0.001662,0.001662,0.0000e+00
dev-corpus-01,1777,16,0.000000e+00,16,16,0.426033,0.426033,0.0000e+00
dev-corpus-01,1778,24,0.000000e+00,24,24,0.001388,0.001388,0.0000e+00
dev-corpus-01,1779,24,0.000000e+00,24,24,0.018282,0.018282,0.0000e+00
dev-corpus-01,1780,18,0.000000e+00,21,21,3.557730,3.557730,0.0000e+00
dev-corpus-01,1781,847,0.000000e+00,847,847,0.005435,0.005435,0.0000e+00
dev-corpus-01,1782,641,0.000000e+00,641,641,0.476968,0.476968,0.0000e+00
dev-corpus-01,1783,695,0.000000e+00,695,695,0.558922,0.558922,0.0000e+00
dev-corpus-01,1784,16623,0.000000e+00,561,561,1.865544,1.865544,0.0000e+00
dev-corpus-01,1785,12476,0.000000e+00,12476,12476,0.022247,0.022247,0.0000e+00
dev-corpus-01,1786,5924,0.000000e+00,557,557,4.434617,4.434617,0.0000e+00
dev-corpus-01,1787,1587,0.000000e+00,1587,1587,0.840177,0.840177,0.0000e+00
dev-corpus-01,1788,73,0.000000e+00,73,73,0.000320,0.000320,0.0000e+00
dev-corpus-01,1789,6510,0.000000e+00,6510,6510,0.000104,0.000104,0.0000e+00
dev-corpus-01,1790,359,0.000000e+00,359,359,0.050655,0.050655,0.0000e+00
dev-corpus-01,1791,82,0.000000e+00,82,82,0.005365,0.005365,0.0000e+00
dev-corpus-01,1792,11400,0.000000e+00,1118,1118,4.178227,4.178227,0.0000e+00
dev-corpus-01,1793,1324,0.000000e+00,23173,23173,2.835373,2.835373,0.0000e+00
dev-corpus-01,1794,554,0.000000e+00,799,799,0.900395,0.900395,0.0000e+00
dev-corpus-01,1795,12,0.000000e+00,12,12,0.000276,0.000276,0.0000e+00
dev-corpus-01,1796,31,0.000000e+00,31,31,0.000193,0.000193,0.0000e+00
dev-corpus-01,1797,799,0.000000e+00,799,799,0.017529,0.017529,0.0000e+00
dev-corpus-01,1798,7766,0.000000e+00,7766,7766,0.168752,0.168752,0.0000e+00
dev-corpus-01,1799,383,0.000000e+00,303,303,1.357013,1.357013,0.0000e+00
dev-corpus-01,1800,279,0.000000e+00,279,279,0.195933,0.195933,0.0000e+00
dev-corpus-01,1801,63957,0.000000e+00,63957,63957,1.159005,1.159005,0.0000e+00
dev-corpus-01,1802,6694,0.000000e+00,18867,18867,1.318211,1.318211,0.0000e+00
dev-corpus-01,1803,18867,0.000000e+00,18867,18867,0.012729,0.012729,0.0000e+00
dev-corpus-01,1804,83731,0.000000e+00,83731,83731,0.030098,0.030098,0.0000e+00
dev-corpus-01,1805,1332,0.000000e+00,9207,9207,10.884655,10.884655,0.0000e+00
dev-corpus-01,1806,424,0.000000e+00,424,424,0.373784,0.373784,0.0000e+00
dev-corpus-01,1807,55174,0.000000e+00,55174,55174,0.856988,0.856988,0.0000e+00
dev-corpus-01,1808,364,0.000000e+00,506,506,8.576205,8.576205,0.0000e+00
dev-corpus-01,1809,279,0.000000e+00,279,279,1.139443,1.139443,0.0000e+00
dev-corpus-01,1810,1936,0.000000e+00,1936,1936,0.512198,0.512198,0.0000e+00
dev-corpus-01,1811,13004,0.000000e+00,314,314,1.679211,1.679211,0.0000e+00
dev-corpus-01,1812,220,0.000000e+00,220,220,0.330227,0.330227,0.0000e+00
dev-corpus-01,1813,17,0.000000e+00,17,17,0.613595,0.613595,0.0000e+00
dev-corpus-01,1814,17,0.000000e+00,20,20,3.389091,3.389091,0.0000e+00
dev-corpus-01,1815,6324,0.000000e+00,6324,6324,0.166047,0.166047,0.0000e+00
dev-corpus-01,1816,220,0.000000e+00,220,220,0.089544,0.089544,0.0000e+00
dev-corpus-01,1817,17,0.000000e+00,17,17,0.001904,0.001904,0.0000e+00
dev-corpus-01,1818,15,0.000000e+00,15,15,0.000583,0.000583,0.0000e+00
dev-corpus-01,1819,16,0.000000e+00,16,16,0.000644,0.000644,0.0000e+00
dev-corpus-01,1820,16,0.000000e+00,16,16,0.008759,0.008759,0.0000e+00
dev-corpus-01,1821,641,0.000000e+00,641,641,0.543005,0.543005,0.0000e+00
dev-corpus-01,1822,1690,0.000000e+00,1049,1049,4.527824,4.527824,0.0000e+00
dev-corpus-01,1823,58614,0.000000e+00,279,279,9.549313,9.549313,0.0000e+00
dev-corpus-01,1824,2397,0.000000e+00,5381,5381,5.179505,5.179505,0.0000e+00
dev-corpus-01,1825,554,0.000000e+00,554,554,0.264168,0.264168,0.0000e+00
dev-corpus-01,1826,12,0.000000e+00,12,12,0.000032,0.000032,0.0000e+00
dev-corpus-01,1827,31,0.000000e+00,31,31,0.000124,0.000124,0.0000e+00
dev-corpus-01,1828,23173,0.000000e+00,23173,23173,0.025742,0.025742,0.0000e+00
dev-corpus-01,1829,5381,0.000000e+00,5381,5381,0.008514,0.008514,0.0000e+00
dev-corpus-01,1830,424,0.000000e+00,1116,1116,2.243850,2.243850,0.0000e+00
dev-corpus-01,1831,38480,0.000000e+00,14195,14195,3.588691,3.588691,0.0000e+00
dev-corpus-01,1832,279,0.000000e+00,279,279,0.084924,0.084924,0.0000e+00
dev-corpus-01,1833,18867,0.000000e+00,9207,9207,2.197871,2.197871,0.0000e+00
dev-corpus-01,1834,9948,0.000000e+00,83731,83731,1.522689,1.522689,0.0000e+00
dev-corpus-01,1835,83731,0.000000e+00,83731,83731,0.371884,0.371884,0.0000e+00
dev-corpus-01,1836,9207,0.000000e+00,9207,9207,0.207348,0.207348,0.0000e+00
dev-corpus-01,1837,1116,0.000000e+00,641,641,1.596011,1.596011,0.0000e+00
dev-corpus-01,1838,321,0.000000e+00,321,321,1.001376,1.001376,0.0000e+00
dev-corpus-01,1839,8379,0.000000e+00,364,364,3.038159,3.038159,0.0000e+00
dev-corpus-01,1840,1324,0.000000e+00,1324,1324,0.754744,0.754744,0.0000e+00
dev-corpus-01,1841,799,0.000000e+00,554,554,2.290984,2.290984,0.0000e+00
dev-corpus-01,1842,383,0.000000e+00,383,383,0.220780,0.220780,0.0000e+00
dev-corpus-01,1843,279,0.000000e+00,279,279,0.175586,0.175586,0.0000e+00
dev-corpus-01,1844,22555,0.000000e+00,18867,18867,3.957634,3.957634,0.0000e+00
dev-corpus-01,1845,83731,0.000000e+00,83731,83731,0.985556,0.985556,0.0000e+00
dev-corpus-01,1846,20613,0.000000e+00,9207,9207,1.690329,1.690329,0.0000e+00
dev-corpus-01,1847,641,0.000000e+00,641,641,0.638566,0.638566,0.0000e+00
dev-corpus-01,1848,1049,0.000000e+00,695,695,1.639347,1.639347,0.0000e+00
dev-corpus-01,1849,369,0.000000e+00,557,557,2.975551,2.975551,0.0000e+00
dev-corpus-01,1850,780,0.000000e+00,1587,1587,2.406974,2.406974,0.0000e+00
dev-corpus-01,1851,17175,0.000000e+00,1118,1118,3.469541,3.469541,0.0000e+00
dev-corpus-01,1852,23173,0.000000e+00,23173,23173,1.169245,1.169245,0.0000e+00
dev-corpus-01,1853,7766,0.000000e+00,1324,1324,2.142080,2.142080,0.0000e+00
dev-corpus-01,1854,310,0.000000e+00,310,310,0.260190,0.260190,0.0000e+00
dev-corpus-01,1855,9207,0.000000e+00,5372,5372,2.487957,2.487957,0.0000e+00
dev-corpus-01,1856,383,0.000000e+00,303,303,0.944329,0.944329,0.0000e+00
dev-corpus-01,1857,279,0.000000e+00,279,279,0.268930,0.268930,0.0000e+00
dev-corpus-01,1858,63957,0.000000e+00,63957,63957,0.681152,0.681152,0.0000e+00
dev-corpus-01,1859,220,0.000000e+00,6694,6694,2.237235,2.237235,0.0000e+00
dev-corpus-01,1860,17,0.000000e+00,17,17,0.006289,0.006289,0.0000e+00
dev-corpus-01,1861,15,0.000000e+00,15,15,0.000261,0.000261,0.0000e+00
dev-corpus-01,1862,15,0.000000e+00,15,15,0.000178,0.000178,0.0000e+00
dev-corpus-01,1863,318,0.000000e+00,1116,1116,3.397614,3.397614,0.0000e+00
dev-corpus-01,1864,18176,0.000000e+00,220,220,3.140508,3.140508,0.0000e+00
dev-corpus-01,1865,1324,0.000000e+00,1324,1324,0.679115,0.679115,0.0000e+00
dev-corpus-01,1866,50614,0.000000e+00,220,220,6.742781,6.742781,0.0000e+00
dev-corpus-01,1867,554,0.000000e+00,554,554,0.377474,0.377474,0.0000e+00
dev-corpus-01,1868,12,0.000000e+00,12,12,0.000175,0.000175,0.0000e+00
dev-corpus-01,1869,31,0.000000e+00,31,31,0.014931,0.014931,0.0000e+00
dev-corpus-01,1870,4097,0.000000e+00,4590,4590,2.138701,2.138701,0.0000e+00
dev-corpus-01,1871,847,0.000000e+00,847,847,0.199254,0.199254,0.0000e+00
dev-corpus-01,1872,1116,0.000000e+00,641,641,1.313723,1.313723,0.0000e+00
dev-corpus-01,1873,321,0.000000e+00,321,321,0.672139,0.672139,0.0000e+00
dev-corpus-01,1874,780,0.000000e+00,780,780,0.981187,0.981187,0.0000e+00
dev-corpus-01,1875,11400,0.000000e+00,1118,1118,2.734314,2.734314,0.0000e+00
dev-corpus-01,1876,7766,0.000000e+00,23173,23173,2.726939,2.726939,0.0000e+00
dev-corpus-01,1877,310,0.000000e+00,310,310,0.261116,0.261116,0.0000e+00
dev-corpus-01,1878,9207,0.000000e+00,9207,9207,0.814236,0.814236,0.0000e+00
dev-corpus-01,1879,303,0.000000e+00,383,383,1.958087,1.958087,0.0000e+00
dev-corpus-01,1880,17163,0.000000e+00,279,279,3.679063,3.679063,0.0000e+00
dev-corpus-01,1881,318,0.000000e+00,641,641,1.527387,1.527387,0.0000e+00
dev-corpus-01,1882,1016,0.000000e+00,18176,18176,2.032197,2.032197,0.0000e+00
dev-corpus-01,1883,1703,0.000000e+00,1703,1703,0.000074,0.000074,0.0000e+00
dev-corpus-01,1884,506,0.000000e+00,506,506,0.028422,0.028422,0.0000e+00
dev-corpus-01,1885,1324,0.000000e+00,1324,1324,0.211764,0.211764,0.0000e+00
dev-corpus-01,1886,50614,0.000000e+00,16570,16570,3.590254,3.590254,0.0000e+00
dev-corpus-01,1887,554,0.000000e+00,554,554,0.126542,0.126542,0.0000e+00
dev-corpus-01,1888,12,0.000000e+00,12,12,0.000023,0.000023,0.0000e+00
dev-corpus-01,1889,31,0.000000e+00,31,31,0.000478,0.000478,0.0000e+00
dev-corpus-01,1890,7810,0.000000e+00,4590,4590,2.245893,2.245893,0.0000e+00
dev-corpus-01,1891,847,0.000000e+00,847,847,0.083936,0.083936,0.0000e+00
dev-corpus-01,1892,641,0.000000e+00,641,641,0.115090,0.115090,0.0000e+00
dev-corpus-01,1893,23475,0.000000e+00,695,695,7.609730,7.609730,0.0000e+00
dev-corpus-01,1894,799,0.000000e+00,279,279,3.507905,3.507905,0.0000e+00
dev-corpus-01,1895,1936,0.000000e+00,2182,2182,1.449765,1.449765,0.0000e+00
dev-corpus-01,1896,1238,0.000000e+00,314,314,3.324956,3.324956,0.0000e+00
dev-corpus-01,1897,1141,0.000000e+00,1141,1141,0.928175,0.928175,0.0000e+00
dev-corpus-01,1898,4722,0.000000e+00,4722,4722,0.112240,0.112240,0.0000e+00
dev-corpus-01,1899,16623,0.000000e+00,1116,1116,5.309423,5.309423,0.0000e+00
dev-corpus-01,1900,12476,0.000000e+00,12476,12476,0.004651,0.004651,0.0000e+00
dev-corpus-01,1901,557,0.000000e+00,557,557,1.160082,1.160082,0.0000e+00
dev-corpus-01,1902,22196,0.000000e+00,22196,22196,0.296329,0.296329,0.0000e+00
dev-corpus-01,1903,6414,0.000000e+00,7186,7186,1.231162,1.231162,0.0000e+00
dev-corpus-01,1904,303,0.000000e+00,303,303,0.743670,0.743670,0.0000e+00
dev-corpus-01,1905,31907,0.000000e+00,11920,11920,4.992483,4.992483,0.0000e+00
dev-corpus-01,1906,1116,0.000000e+00,321,321,1.246016,1.246016,0.0000e+00
dev-corpus-01,1907,279,0.000000e+00,321,321,4.076524,4.076524,0.0000e+00
dev-corpus-01,1908,3516,0.000000e+00,1118,1118,2.439691,2.439691,0.0000e+00
dev-corpus-01,1909,4042,0.000000e+00,4042,4042,0.177114,0.177114,0.0000e+00
dev-corpus-01,1910,321,0.000000e+00,321,321,0.660882,0.660882,0.0000e+00
dev-corpus-01,1911,11920,0.000000e+00,11920,11920,0.865010,0.865010,0.0000e+00
dev-corpus-01,1912,321,0.000000e+00,641,641,3.121077,3.121077,0.0000e+00
dev-corpus-01,1913,22196,0.000000e+00,60131,60131,3.379665,3.379665,0.0000e+00
dev-corpus-01,1914,60131,0.000000e+00,60131,60131,0.135591,0.135591,0.0000e+00
dev-corpus-01,1915,303,0.000000e+00,303,303,0.020393,0.020393,0.0000e+00
dev-corpus-01,1916,34713,0.000000e+00,30046,30046,4.857383,4.857383,0.0000e+00
dev-corpus-01,1917,321,0.000000e+00,641,641,1.431171,1.431171,0.0000e+00
dev-corpus-01,1918,30046,0.000000e+00,30046,30046,1.542646,1.542646,0.0000e+00
dev-corpus-01,1919,641,0.000000e+00,641,641,0.111438,0.111438,0.0000e+00
dev-corpus-01,1920,695,0.000000e+00,695,695,0.868538,0.868538,0.0000e+00
dev-corpus-01,1921,20285,0.000000e+00,16623,16623,8.663985,8.663985,0.0000e+00
dev-corpus-01,1922,16878,0.000000e+00,16878,16878,1.445409,1.445409,0.0000e+00
dev-corpus-01,1923,599,0.000000e+00,998,998,2.445464,2.445464,0.0000e+00
dev-corpus-01,1924,978,0.000000e+00,978,978,0.022148,0.022148,0.0000e+00
dev-corpus-01,1925,5698,0.000000e+00,5698,5698,0.095057,0.095057,0.0000e+00
dev-corpus-01,1926,494,0.000000e+00,494,494,0.107387,0.107387,0.0000e+00
dev-corpus-01,1927,279,0.000000e+00,279,279,0.169132,0.169132,0.0000e+00
dev-corpus-01,1928,7766,0.000000e+00,7766,7766,0.115285,0.115285,0.0000e+00
dev-corpus-01,1929,641,0.000000e+00,535,535,1.209539,1.209539,0.0000e+00
dev-corpus-01,1930,561,0.000000e+00,328,328,1.230854,1.230854,0.0000e+00
dev-corpus-01,1931,2895,0.000000e+00,1118,1118,1.282543,1.282543,0.0000e+00
dev-corpus-01,1932,3074,0.000000e+00,3074,3074,0.041705,0.041705,0.0000e+00
dev-corpus-01,1933,1116,0.000000e+00,1116,1116,0.749842,0.749842,0.0000e+00
dev-corpus-01,1934,328,0.000000e+00,328,328,0.291164,0.291164,0.0000e+00
dev-corpus-01,1935,3851,0.000000e+00,3851,3851,2.854642,2.854642,0.0000e+00
dev-corpus-01,1936,185357,0.000000e+00,351,351,3.870966,3.870966,0.0000e+00
dev-corpus-01,1937,328,0.000000e+00,328,328,1.927983,1.927983,0.0000e+00
dev-corpus-01,1938,1116,0.000000e+00,1116,1116,0.694949,0.694949,0.0000e+00
dev-corpus-01,1939,5924,0.000000e+00,557,557,3.236494,3.236494,0.0000e+00
dev-corpus-01,1940,264,0.000000e+00,1587,1587,2.112851,2.112851,0.0000e+00
dev-corpus-01,1941,8094,0.000000e+00,1324,1324,4.430561,4.430561,0.0000e+00
dev-corpus-01,1942,2316,0.000000e+00,2316,2316,0.414515,0.414515,0.0000e+00
dev-corpus-01,1943,303,0.000000e+00,303,303,1.022176,1.022176,0.0000e+00
dev-corpus-01,1944,3679,0.000000e+00,18867,18867,3.532804,3.532804,0.0000e+00
dev-corpus-01,1945,18867,0.000000e+00,18867,18867,0.744783,0.744783,0.0000e+00
dev-corpus-01,1946,3567,0.000000e+00,3567,3567,0.163844,0.163844,0.0000e+00
dev-corpus-01,1947,5656,0.000000e+00,5656,5656,0.110948,0.110948,0.0000e+00
dev-corpus-01,1948,321,0.000000e+00,641,641,1.592712,1.592712,0.0000e+00
dev-corpus-01,1949,557,0.000000e+00,557,557,1.619434,1.619434,0.0000e+00
dev-corpus-01,1950,1324,0.000000e+00,22196,22196,4.722610,4.722610,0.0000e+00
dev-corpus-01,1951,799,0.000000e+00,799,799,0.357901,0.357901,0.0000e+00
dev-corpus-01,1952,383,0.000000e+00,383,383,0.644861,0.644861,0.0000e+00
dev-corpus-01,1953,279,0.000000e+00,279,279,0.220166,0.220166,0.0000e+00
dev-corpus-01,1954,63957,0.000000e+00,63957,63957,1.602784,1.602784,0.0000e+00
dev-corpus-01,1955,18867,0.000000e+00,18867,18867,0.412220,0.412220,0.0000e+00
dev-corpus-01,1956,37804,0.000000e+00,9948,9948,1.893198,1.893198,0.0000e+00
dev-corpus-01,1957,321,0.000000e+00,9207,9207,3.344365,3.344365,0.0000e+00
dev-corpus-01,1958,18867,0.000000e+00,18867,18867,1.232059,1.232059,0.0000e+00
dev-corpus-01,1959,9948,0.000000e+00,423,423,1.365612,1.365612,0.0000e+00
dev-corpus-01,1960,37804,0.000000e+00,37804,37804,0.608007,0.608007,0.0000e+00
dev-corpus-01,1961,25296,0.000000e+00,25296,25296,0.301129,0.301129,0.0000e+00
dev-corpus-01,1962,641,0.000000e+00,641,641,0.805269,0.805269,0.0000e+00
dev-corpus-01,1963,1049,0.000000e+00,561,561,2.332014,2.332014,0.0000e+00
dev-corpus-01,1964,557,0.000000e+00,557,557,0.878628,0.878628,0.0000e+00
dev-corpus-01,1965,7854,0.000000e+00,1048,1048,2.941170,2.941170,0.0000e+00
dev-corpus-01,1966,539,0.000000e+00,539,539,0.039422,0.039422,0.0000e+00
dev-corpus-01,1967,328,0.000000e+00,328,328,0.350586,0.350586,0.0000e+00
dev-corpus-01,1968,28296,0.000000e+00,3851,3851,6.321370,6.321370,0.0000e+00
dev-corpus-01,1969,16284,0.000000e+00,2337,2337,2.015999,2.015999,0.0000e+00
dev-corpus-01,1970,179314,0.000000e+00,328,328,3.967274,3.967274,0.0000e+00
dev-corpus-01,1971,328,0.000000e+00,328,328,0.095207,0.095207,0.0000e+00
dev-corpus-01,1972,318,0.000000e+00,1116,1116,2.358146,2.358146,0.0000e+00
dev-corpus-01,1973,15963,0.000000e+00,1324,1324,3.179568,3.179568,0.0000e+00
dev-corpus-01,1974,469,0.000000e+00,29233,29233,6.391415,6.391415,0.0000e+00
dev-corpus-01,1975,5923,0.000000e+00,5923,5923,0.296840,0.296840,0.0000e+00
dev-corpus-01,1976,75497,0.000000e+00,75497,75497,0.428703,0.428703,0.0000e+00
dev-corpus-01,1977,847,0.000000e+00,847,847,0.061518,0.061518,0.0000e+00
dev-corpus-01,1978,1116,0.000000e+00,1116,1116,0.643235,0.643235,0.0000e+00
dev-corpus-01,1979,864,0.000000e+00,328,328,1.862927,1.862927,0.0000e+00
dev-corpus-01,1980,8379,0.000000e+00,557,557,1.750670,1.750670,0.0000e+00
dev-corpus-01,1981,1324,0.000000e+00,1324,1324,0.309941,0.309941,0.0000e+00
dev-corpus-01,1982,799,0.000000e+00,799,799,1.206981,1.206981,0.0000e+00
dev-corpus-01,1983,383,0.000000e+00,383,383,0.161730,0.161730,0.0000e+00
dev-corpus-01,1984,279,0.000000e+00,279,279,0.131445,0.131445,0.0000e+00
dev-corpus-01,1985,18867,0.000000e+00,63957,63957,1.291824,1.291824,0.0000e+00
dev-corpus-01,1986,9948,0.000000e+00,9948,9948,0.634985,0.634985,0.0000e+00
dev-corpus-01,1987,37804,0.000000e+00,37804,37804,0.144904,0.144904,0.0000e+00
dev-corpus-01,1988,1116,0.000000e+00,9207,9207,4.148593,4.148593,0.0000e+00
dev-corpus-01,1989,1324,0.000000e+00,321,321,3.251119,3.251119,0.0000e+00
dev-corpus-01,1990,1330,0.000000e+00,1330,1330,0.910857,0.910857,0.0000e+00
dev-corpus-01,1991,383,0.000000e+00,383,383,0.028303,0.028303,0.0000e+00
dev-corpus-01,1992,279,0.000000e+00,279,279,0.125300,0.125300,0.0000e+00
dev-corpus-01,1993,18867,0.000000e+00,18867,18867,0.463788,0.463788,0.0000e+00
dev-corpus-01,1994,37804,0.000000e+00,423,423,0.949875,0.949875,0.0000e+00
dev-corpus-01,1995,25296,0.000000e+00,321,321,2.463957,2.463957,0.0000e+00
dev-corpus-01,1996,321,0.000000e+00,321,321,0.457521,0.457521,0.0000e+00
dev-corpus-01,1997,38480,0.000000e+00,1324,1324,2.923352,2.923352,0.0000e+00
dev-corpus-01,1998,3679,0.000000e+00,279,279,5.261849,5.261849,0.0000e+00
dev-corpus-01,1999,975,0.000000e+00,18867,18867,1.655764,1.655764,0.0000e+00
dev-corpus-01,2000,5145,0.000000e+00,25296,25296,3.171052,3.171052,0.0000e+00
dev-corpus-01,2001,25296,0.000000e+00,25296,25296,0.256057,0.256057,0.0000e+00
dev-corpus-01,2002,641,0.000000e+00,641,641,0.440734,0.440734,0.0000e+00
dev-corpus-01,2003,328,0.000000e+00,561,561,1.274944,1.274944,0.0000e+00
dev-corpus-01,2004,20112,0.000000e+00,3851,3851,4.396391,4.396391,0.0000e+00
dev-corpus-01,2005,4470,0.000000e+00,182248,182248,6.004700,6.004700,0.0000e+00
dev-corpus-01,2006,667,0.000000e+00,667,667,0.609652,0.609652,0.0000e+00
dev-corpus-01,2007,1297,0.000000e+00,328,328,4.133431,4.133431,0.0000e+00
dev-corpus-01,2008,2088,0.000000e+00,436,436,4.223136,4.223136,0.0000e+00
dev-corpus-01,2009,179740,0.000000e+00,426,426,5.412256,5.412256,0.0000e+00
dev-corpus-01,2010,387,0.000000e+00,11620,11620,6.020715,6.020715,0.0000e+00
dev-corpus-01,2011,20149,0.000000e+00,20149,20149,0.712778,0.712778,0.0000e+00
dev-corpus-01,2012,8426,0.000000e+00,8426,8426,0.000830,0.000830,0.0000e+00
dev-corpus-01,2013,57298,0.000000e+00,57298,57298,0.243684,0.243684,0.0000e+00
dev-corpus-01,2014,5405,0.000000e+00,5405,5405,0.011207,0.011207,0.0000e+00
dev-corpus-01,2015,328,0.000000e+00,328,328,0.028191,0.028191,0.0000e+00
dev-corpus-01,2016,557,0.000000e+00,557,557,1.397781,1.397781,0.0000e+00
dev-corpus-01,2017,5698,0.000000e+00,279,279,1.429436,1.429436,0.0000e+00
dev-corpus-01,2018,303,0.000000e+00,430,430,1.104881,1.104881,0.0000e+00
dev-corpus-01,2019,3114,0.000000e+00,220,220,3.139198,3.139198,0.0000e+00
dev-corpus-01,2020,220,0.000000e+00,220,220,0.083590,0.083590,0.0000e+00
dev-corpus-01,2021,17,0.000000e+00,17,17,0.002803,0.002803,0.0000e+00
dev-corpus-01,2022,15,0.000000e+00,15,15,0.000483,0.000483,0.0000e+00
dev-corpus-01,2023,16,0.000000e+00,16,16,0.000645,0.000645,0.0000e+00
dev-corpus-01,2024,17,0.000000e+00,17,17,0.110247,0.110247,0.0000e+00
dev-corpus-01,2025,2502,0.000000e+00,321,321,4.280310,4.280310,0.0000e+00
dev-corpus-01,2026,328,0.000000e+00,424,424,2.356513,2.356513,0.0000e+00
dev-corpus-01,2027,2568,0.000000e+00,3851,3851,4.110154,4.110154,0.0000e+00
dev-corpus-01,2028,3297,0.000000e+00,3297,3297,1.622272,1.622272,0.0000e+00
dev-corpus-01,2029,42146,0.000000e+00,42146,42146,0.113918,0.113918,0.0000e+00
dev-corpus-01,2030,328,0.000000e+00,328,328,0.494934,0.494934,0.0000e+00
dev-corpus-01,2031,303,0.000000e+00,557,557,2.308251,2.308251,0.0000e+00
dev-corpus-01,2032,5589,0.000000e+00,5361,5361,1.743081,1.743081,0.0000e+00
dev-corpus-01,2033,220,0.000000e+00,220,220,0.176428,0.176428,0.0000e+00
dev-corpus-01,2034,17,0.000000e+00,17,17,0.001456,0.001456,0.0000e+00
dev-corpus-01,2035,15,0.000000e+00,15,15,0.001212,0.001212,0.0000e+00
dev-corpus-01,2036,16,0.000000e+00,16,16,0.000110,0.000110,0.0000e+00
dev-corpus-01,2037,17,0.000000e+00,17,17,0.004544,0.004544,0.0000e+00
dev-corpus-01,2038,1116,0.000000e+00,2502,2502,2.079710,2.079710,0.0000e+00
dev-corpus-01,2039,321,0.000000e+00,321,321,0.354607,0.354607,0.0000e+00
dev-corpus-01,2040,328,0.000000e+00,328,328,0.190731,0.190731,0.0000e+00
dev-corpus-01,2041,11493,0.000000e+00,3851,3851,4.259815,4.259815,0.0000e+00
dev-corpus-01,2042,27713,0.000000e+00,2088,2088,3.679943,3.679943,0.0000e+00
dev-corpus-01,2043,2233,0.000000e+00,2233,2233,2.076664,2.076664,0.0000e+00
dev-corpus-01,2044,59725,0.000000e+00,9124,9124,6.213659,6.213659,0.0000e+00
dev-corpus-01,2045,166406,0.000000e+00,166406,166406,0.159049,0.159049,0.0000e+00
dev-corpus-01,2046,328,0.000000e+00,328,328,0.020029,0.020029,0.0000e+00
dev-corpus-01,2047,303,0.000000e+00,303,303,0.244928,0.244928,0.0000e+00
dev-corpus-02,2048,3856,0.000000e+00,283,283,6.472104,6.472104,0.0000e+00
dev-corpus-02,2049,70577,0.000000e+00,220,220,9.410513,9.410513,0.0000e+00
dev-corpus-02,2050,353,0.000000e+00,14016,14016,1.857265,1.857265,0.0000e+00
dev-corpus-02,2051,55603,0.000000e+00,3593,3593,2.186225,2.186225,0.0000e+00
dev-corpus-02,2052,283,0.000000e+00,283,283,0.730966,0.730966,0.0000e+00
dev-corpus-02,2053,30858,0.000000e+00,198,198,12.575005,12.575005,0.0000e+00
dev-corpus-02,2054,561,0.000000e+00,410,410,7.440102,7.440102,0.0000e+00
dev-corpus-02,2055,3856,0.000000e+00,5753,5753,1.738214,1.738214,0.0000e+00
dev-corpus-02,2056,70577,0.000000e+00,70577,70577,0.054902,0.054902,0.0000e+00
dev-corpus-02,2057,353,0.000000e+00,353,353,0.159680,0.159680,0.0000e+00
dev-corpus-02,2058,557,0.000000e+00,557,557,0.821442,0.821442,0.0000e+00
dev-corpus-02,2059,264,0.000000e+00,264,264,0.607062,0.607062,0.0000e+00
dev-corpus-02,2060,523,0.000000e+00,5753,5753,1.288036,1.288036,0.0000e+00
dev-corpus-02,2061,314,0.000000e+00,314,314,0.006988,0.006988,0.0000e+00
dev-corpus-02,2062,2526,0.000000e+00,5753,5753,4.336733,4.336733,0.0000e+00
dev-corpus-02,2063,33101,0.000000e+00,5753,5753,3.268839,3.268839,0.0000e+00
dev-corpus-02,2064,82588,0.000000e+00,82588,82588,0.512883,0.512883,0.0000e+00
dev-corpus-02,2065,318,0.000000e+00,5617,5617,2.263774,2.263774,0.0000e+00
dev-corpus-02,2066,533,0.000000e+00,52,52,4.490056,4.490056,0.0000e+00
dev-corpus-02,2067,554,0.000000e+00,12,12,14.965646,14.965646,0.0000e+00
dev-corpus-02,2068,12,0.000000e+00,2436,2436,3.010251,3.010251,0.0000e+00
dev-corpus-02,2069,31,0.000000e+00,1191,1191,9.307654,9.307654,0.0000e+00
dev-corpus-02,2070,30592,0.000000e+00,1191,1191,3.306088,3.306088,0.0000e+00
dev-corpus-02,2071,847,0.000000e+00,8,8,1.016701,1.016701,0.0000e+00
dev-corpus-02,2072,5617,0.000000e+00,5617,5617,0.759586,0.759586,0.0000e+00
dev-corpus-02,2073,303,0.000000e+00,364,364,1.805793,1.805793,0.0000e+00
dev-corpus-02,2074,9564,0.000000e+00,9564,9564,0.529378,0.529378,0.0000e+00
dev-corpus-02,2075,506,0.000000e+00,2261,2261,2.226963,2.226963,0.0000e+00
dev-corpus-02,2076,279,0.000000e+00,279,279,0.010299,0.010299,0.0000e+00
dev-corpus-02,2077,6941,0.000000e+00,6941,6941,0.579515,0.579515,0.0000e+00
dev-corpus-02,2078,314,0.000000e+00,314,314,0.006836,0.006836,0.0000e+00
dev-corpus-02,2079,279,0.000000e+00,4196,4196,1.164306,1.164306,0.0000e+00
dev-corpus-02,2080,5339,0.000000e+00,5339,5339,0.359121,0.359121,0.0000e+00
dev-corpus-02,2081,4196,0.000000e+00,4196,4196,0.004591,0.004591,0.0000e+00
dev-corpus-02,2082,4843,0.000000e+00,4843,4843,0.002144,0.002144,0.0000e+00
dev-corpus-02,2083,641,0.000000e+00,13,13,2.052905,2.052905,0.0000e+00
dev-corpus-02,2084,220,0.000000e+00,561,561,3.859948,3.859948,0.0000e+00
dev-corpus-02,2085,17,0.000000e+00,16,16,2.016187,2.016187,0.0000e+00
dev-corpus-02,2086,15,0.000000e+00,15,15,1.272543,1.272543,0.0000e+00
dev-corpus-02,2087,30592,0.000000e+00,15,15,2.580398,2.580398,0.0000e+00
dev-corpus-02,2088,998,0.000000e+00,998,998,0.551751,0.551751,0.0000e+00
dev-corpus-02,2089,19729,0.000000e+00,5617,5617,3.373412,3.373412,0.0000e+00
dev-corpus-02,2090,1116,0.000000e+00,303,303,3.032239,3.032239,0.0000e+00
dev-corpus-02,2091,1379,0.000000e+00,220,220,5.015216,5.015216,0.0000e+00
dev-corpus-02,2092,314,0.000000e+00,314,314,0.483999,0.483999,0.0000e+00
dev-corpus-02,2093,864,0.000000e+00,1070,1070,0.833885,0.833885,0.0000e+00
dev-corpus-02,2094,3804,0.000000e+00,998,998,4.603656,4.603656,0.0000e+00
dev-corpus-02,2095,1083,0.000000e+00,310,310,1.449400,1.449400,0.0000e+00
dev-corpus-02,2096,2393,0.000000e+00,2393,2393,0.151925,0.151925,0.0000e+00
dev-corpus-02,2097,440,0.000000e+00,303,303,1.380339,1.380339,0.0000e+00
dev-corpus-02,2098,279,0.000000e+00,279,279,0.102267,0.102267,0.0000e+00
dev-corpus-02,2099,5753,0.000000e+00,5753,5753,0.624603,0.624603,0.0000e+00
dev-corpus-02,2100,28936,0.000000e+00,28936,28936,0.536643,0.536643,0.0000e+00
dev-corpus-02,2101,18463,0.000000e+00,18463,18463,0.080694,0.080694,0.0000e+00
dev-corpus-02,2102,641,0.000000e+00,641,641,1.242607,1.242607,0.0000e+00
dev-corpus-02,2103,2436,0.000000e+00,220,220,7.997308,7.997308,0.0000e+00
dev-corpus-02,2104,1798,0.000000e+00,1798,1798,0.018646,0.018646,0.0000e+00
dev-corpus-02,2105,314,0.000000e+00,314,314,1.071761,1.071761,0.0000e+00
dev-corpus-02,2106,411,0.000000e+00,411,411,0.373149,0.373149,0.0000e+00
dev-corpus-02,2107,2790,0.000000e+00,523,523,4.335081,4.335081,0.0000e+00
dev-corpus-02,2108,998,0.000000e+00,998,998,0.372147,0.372147,0.0000e+00
dev-corpus-02,2109,1048,0.000000e+00,1048,1048,1.633856,1.633856,0.0000e+00
dev-corpus-02,2110,22428,0.000000e+00,5617,5617,3.023368,3.023368,0.0000e+00
dev-corpus-02,2111,539,0.000000e+00,539,539,0.079070,0.079070,0.0000e+00
dev-corpus-02,2112,279,0.000000e+00,279,279,0.599285,0.599285,0.0000e+00
dev-corpus-02,2113,12555,0.000000e+00,12555,12555,1.016773,1.016773,0.0000e+00
dev-corpus-02,2114,298,0.000000e+00,298,298,0.003809,0.003809,0.0000e+00
dev-corpus-02,2115,554,0.000000e+00,10951,10951,4.376876,4.376876,0.0000e+00
dev-corpus-02,2116,12,0.000000e+00,12,12,0.115441,0.115441,0.0000e+00
dev-corpus-02,2117,31,0.000000e+00,31,31,0.063689,0.063689,0.0000e+00
dev-corpus-02,2118,54871,0.000000e+00,54871,54871,0.049627,0.049627,0.0000e+00
dev-corpus-02,2119,18463,0.000000e+00,18463,18463,0.885675,0.885675,0.0000e+00
dev-corpus-02,2120,318,0.000000e+00,321,321,2.466781,2.466781,0.0000e+00
dev-corpus-02,2121,64702,0.000000e+00,220,220,8.467771,8.467771,0.0000e+00
dev-corpus-02,2122,19395,0.000000e+00,19395,19395,0.157809,0.157809,0.0000e+00
dev-corpus-02,2123,1962,0.000000e+00,1962,1962,0.205621,0.205621,0.0000e+00
dev-corpus-02,2124,181245,0.000000e+00,22661,22661,2.154367,2.154367,0.0000e+00
dev-corpus-02,2125,19395,0.000000e+00,19395,19395,0.004740,0.004740,0.0000e+00
dev-corpus-02,2126,163935,0.000000e+00,22248,22248,1.605260,1.605260,0.0000e+00
dev-corpus-02,2127,3445,0.000000e+00,3445,3445,0.005289,0.005289,0.0000e+00
dev-corpus-02,2128,71688,0.000000e+00,71688,71688,0.002147,0.002147,0.0000e+00
dev-corpus-02,2129,466,0.000000e+00,847,847,4.113100,4.113100,0.0000e+00
dev-corpus-02,2130,710,0.000000e+00,710,710,0.547545,0.547545,0.0000e+00
dev-corpus-02,2131,11299,0.000000e+00,11299,11299,1.106954,1.106954,0.0000e+00
dev-corpus-02,2132,11024,0.000000e+00,11024,11024,0.107093,0.107093,0.0000e+00
dev-corpus-02,2133,13,0.000000e+00,13,13,0.835679,0.835679,0.0000e+00
dev-corpus-02,2134,163935,0.000000e+00,163935,163935,0.562900,0.562900,0.0000e+00
dev-corpus-02,2135,3445,0.000000e+00,3445,3445,0.000859,0.000859,0.0000e+00
dev-corpus-02,2136,71688,0.000000e+00,71688,71688,0.001252,0.001252,0.0000e+00
dev-corpus-02,2137,847,0.000000e+00,847,847,0.208939,0.208939,0.0000e+00
dev-corpus-02,2138,321,0.000000e+00,321,321,0.756049,0.756049,0.0000e+00
dev-corpus-02,2139,279,0.000000e+00,279,279,0.387173,0.387173,0.0000e+00
dev-corpus-02,2140,85573,0.000000e+00,66675,66675,1.931183,1.931183,0.0000e+00
dev-corpus-02,2141,18463,0.000000e+00,18463,18463,0.202825,0.202825,0.0000e+00
dev-corpus-02,2142,641,0.000000e+00,641,641,0.686560,0.686560,0.0000e+00
dev-corpus-02,2143,561,0.000000e+00,198,198,2.055657,2.055657,0.0000e+00
dev-corpus-02,2144,1809,0.000000e+00,3856,3856,9.456513,9.456513,0.0000e+00
dev-corpus-02,2145,369,0.000000e+00,314,314,2.901218,2.901218,0.0000e+00
dev-corpus-02,2146,6807,0.000000e+00,6807,6807,2.288345,2.288345,0.0000e+00
dev-corpus-02,2147,3750,0.000000e+00,13464,13464,2.997246,2.997246,0.0000e+00
dev-corpus-02,2148,430,0.000000e+00,430,430,0.121098,0.121098,0.0000e+00
dev-corpus-02,2149,279,0.000000e+00,279,279,0.195307,0.195307,0.0000e+00
dev-corpus-02,2150,70577,0.000000e+00,70577,70577,1.776737,1.776737,0.0000e+00
dev-corpus-02,2151,554,0.000000e+00,353,353,2.593859,2.593859,0.0000e+00
dev-corpus-02,2152,12,0.000000e+00,12,12,0.074376,0.074376,0.0000e+00
dev-corpus-02,2153,31,0.000000e+00,31,31,0.025034,0.025034,0.0000e+00
dev-corpus-02,2154,220,0.000000e+00,353,353,2.046584,2.046584,0.0000e+00
dev-corpus-02,2155,16,0.000000e+00,16,16,0.615740,0.615740,0.0000e+00
dev-corpus-02,2156,523,0.000000e+00,24,24,1.559580,1.559580,0.0000e+00
dev-corpus-02,2157,1238,0.000000e+00,641,641,7.102009,7.102009,0.0000e+00
dev-corpus-02,2158,13322,0.000000e+00,279,279,13.073674,13.073674,0.0000e+00
dev-corpus-02,2159,70577,0.000000e+00,70577,70577,0.060937,0.060937,0.0000e+00
dev-corpus-02,2160,554,0.000000e+00,554,554,0.345258,0.345258,0.0000e+00
dev-corpus-02,2161,12,0.000000e+00,12,12,0.001779,0.001779,0.0000e+00
dev-corpus-02,2162,31,0.000000e+00,31,31,0.005900,0.005900,0.0000e+00
dev-corpus-02,2163,220,0.000000e+00,220,220,0.014931,0.014931,0.0000e+00
dev-corpus-02,2164,16,0.000000e+00,16,16,0.021718,0.021718,0.0000e+00
dev-corpus-02,2165,1116,0.000000e+00,1116,1116,0.738932,0.738932,0.0000e+00
dev-corpus-02,2166,279,0.000000e+00,279,279,0.198650,0.198650,0.0000e+00
dev-corpus-02,2167,523,0.000000e+00,1118,1118,4.717283,4.717283,0.0000e+00
dev-corpus-02,2168,7410,0.000000e+00,7410,7410,0.474730,0.474730,0.0000e+00
dev-corpus-02,2169,641,0.000000e+00,641,641,0.445773,0.445773,0.0000e+00
dev-corpus-02,2170,733,0.000000e+00,198,198,4.673794,4.673794,0.0000e+00
dev-corpus-02,2171,279,0.000000e+00,220,220,1.960692,1.960692,0.0000e+00
dev-corpus-02,2172,12555,0.000000e+00,5753,5753,3.840304,3.840304,0.0000e+00
dev-corpus-02,2173,298,0.000000e+00,298,298,0.002864,0.002864,0.0000e+00
dev-corpus-02,2174,554,0.000000e+00,554,554,0.049137,0.049137,0.0000e+00
dev-corpus-02,2175,12,0.000000e+00,12,12,0.001966,0.001966,0.0000e+00
dev-corpus-02,2176,31,0.000000e+00,31,31,0.001766,0.001766,0.0000e+00
dev-corpus-02,2177,54871,0.000000e+00,54871,54871,0.012195,0.012195,0.0000e+00
dev-corpus-02,2178,18463,0.000000e+00,18463,18463,0.613568,0.613568,0.0000e+00
dev-corpus-02,2179,1116,0.000000e+00,1116,1116,0.842983,0.842983,0.0000e+00
dev-corpus-02,2180,424,0.000000e+00,279,279,3.358445,3.358445,0.0000e+00
dev-corpus-02,2181,557,0.000000e+00,557,557,0.179679,0.179679,0.0000e+00
dev-corpus-02,2182,2512,0.000000e+00,3750,3750,2.469380,2.469380,0.0000e+00
dev-corpus-02,2183,279,0.000000e+00,279,279,0.190656,0.190656,0.0000e+00
dev-corpus-02,2184,533,0.000000e+00,533,533,0.863354,0.863354,0.0000e+00
dev-corpus-02,2185,554,0.000000e+00,554,554,0.543986,0.543986,0.0000e+00
dev-corpus-02,2186,12,0.000000e+00,12,12,0.006006,0.006006,0.0000e+00
dev-corpus-02,2187,31,0.000000e+00,31,31,0.032858,0.032858,0.0000e+00
dev-corpus-02,2188,220,0.000000e+00,220,220,0.259855,0.259855,0.0000e+00
dev-corpus-02,2189,16,0.000000e+00,16,16,0.534834,0.534834,0.0000e+00
dev-corpus-02,2190,15,0.000000e+00,523,523,3.539124,3.539124,0.0000e+00
dev-corpus-02,2191,523,0.000000e+00,523,523,0.661047,0.661047,0.0000e+00
dev-corpus-02,2192,641,0.000000e+00,641,641,0.521517,0.521517,0.0000e+00
dev-corpus-02,2193,695,0.000000e+00,198,198,1.715144,1.715144,0.0000e+00
dev-corpus-02,2194,31959,0.000000e+00,410,410,6.540158,6.540158,0.0000e+00
dev-corpus-02,2195,310,0.000000e+00,303,303,2.367028,2.367028,0.0000e+00
dev-corpus-02,2196,3258,0.000000e+00,264,264,4.086311,4.086311,0.0000e+00
dev-corpus-02,2197,279,0.000000e+00,279,279,0.652675,0.652675,0.0000e+00
dev-corpus-02,2198,1144,0.000000e+00,32556,32556,2.038739,2.038739,0.0000e+00
dev-corpus-02,2199,364,0.000000e+00,364,364,0.083541,0.083541,0.0000e+00
dev-corpus-02,2200,2526,0.000000e+00,264,264,1.640278,1.640278,0.0000e+00
dev-corpus-02,2201,42649,0.000000e+00,82588,82588,11.359924,11.359924,0.0000e+00
dev-corpus-02,2202,470,0.000000e+00,470,470,0.122602,0.122602,0.0000e+00
dev-corpus-02,2203,82588,0.000000e+00,82588,82588,1.175593,1.175593,0.0000e+00
dev-corpus-02,2204,2858,0.000000e+00,364,364,4.861418,4.861418,0.0000e+00
dev-corpus-02,2205,310,0.000000e+00,310,310,0.003041,0.003041,0.0000e+00
dev-corpus-02,2206,14061,0.000000e+00,14061,14061,0.590671,0.590671,0.0000e+00
dev-corpus-02,2207,303,0.000000e+00,303,303,0.662702,0.662702,0.0000e+00
dev-corpus-02,2208,279,0.000000e+00,33101,33101,1.410345,1.410345,0.0000e+00
dev-corpus-02,2209,14590,0.000000e+00,33101,33101,2.981157,2.981157,0.0000e+00
dev-corpus-02,2210,1116,0.000000e+00,33101,33101,5.454542,5.454542,0.0000e+00
dev-corpus-02,2211,24785,0.000000e+00,24785,24785,0.556742,0.556742,0.0000e+00
dev-corpus-02,2212,49998,0.000000e+00,19895,19895,4.632258,4.632258,0.0000e+00
dev-corpus-02,2213,974,0.000000e+00,314,314,3.391825,3.391825,0.0000e+00
dev-corpus-02,2214,426,0.000000e+00,279,279,7.167177,7.167177,0.0000e+00
dev-corpus-02,2215,82036,0.000000e+00,82036,82036,0.003549,0.003549,0.0000e+00
dev-corpus-02,2216,1116,0.000000e+00,321,321,1.253188,1.253188,0.0000e+00
dev-corpus-02,2217,279,0.000000e+00,279,279,0.773565,0.773565,0.0000e+00
dev-corpus-02,2218,29001,0.000000e+00,70577,70577,6.390878,6.390878,0.0000e+00
dev-corpus-02,2219,998,0.000000e+00,998,998,0.405954,0.405954,0.0000e+00
dev-corpus-02,2220,10287,0.000000e+00,5995,5995,4.000747,4.000747,0.0000e+00
dev-corpus-02,2221,310,0.000000e+00,310,310,0.394211,0.394211,0.0000e+00
dev-corpus-02,2222,381,0.000000e+00,381,381,1.314842,1.314842,0.0000e+00
dev-corpus-02,2223,5964,0.000000e+00,1429,1429,5.648530,5.648530,0.0000e+00
dev-corpus-02,2224,19729,0.000000e+00,19729,19729,1.284447,1.284447,0.0000e+00
dev-corpus-02,2225,1116,0.000000e+00,321,321,2.671584,2.671584,0.0000e+00
dev-corpus-02,2226,1179,0.000000e+00,11533,11533,6.666648,6.666648,0.0000e+00
dev-corpus-02,2227,26380,0.000000e+00,25241,25241,4.149818,4.149818,0.0000e+00
dev-corpus-02,2228,539,0.000000e+00,310,310,2.445539,2.445539,0.0000e+00
dev-corpus-02,2229,13176,0.000000e+00,13176,13176,0.298438,0.298438,0.0000e+00
dev-corpus-02,2230,321,0.000000e+00,310,310,2.850631,2.850631,0.0000e+00
dev-corpus-02,2231,32878,0.000000e+00,32878,32878,0.581794,0.581794,0.0000e+00
dev-corpus-02,2232,506,0.000000e+00,506,506,0.846726,0.846726,0.0000e+00
dev-corpus-02,2233,836,0.000000e+00,836,836,0.874494,0.874494,0.0000e+00
dev-corpus-02,2234,2548,0.000000e+00,8833,8833,4.866646,4.866646,0.0000e+00
dev-corpus-02,2235,314,0.000000e+00,314,314,0.097716,0.097716,0.0000e+00
dev-corpus-02,2236,5488,0.000000e+00,8833,8833,2.532279,2.532279,0.0000e+00
dev-corpus-02,2237,641,0.000000e+00,641,641,0.179945,0.179945,0.0000e+00
dev-corpus-02,2238,561,0.000000e+00,561,561,1.765921,1.765921,0.0000e+00
dev-corpus-02,2239,2790,0.000000e+00,70577,70577,2.749230,2.749230,0.0000e+00
dev-corpus-02,2240,4879,0.000000e+00,557,557,8.456850,8.456850,0.0000e+00
dev-corpus-02,2241,5820,0.000000e+00,557,557,3.097943,3.097943,0.0000e+00
dev-corpus-02,2242,303,0.000000e+00,303,303,0.273815,0.273815,0.0000e+00
dev-corpus-02,2243,4937,0.000000e+00,220,220,3.943650,3.943650,0.0000e+00
dev-corpus-02,2244,554,0.000000e+00,554,554,0.427588,0.427588,0.0000e+00
dev-corpus-02,2245,12,0.000000e+00,12,12,0.000209,0.000209,0.0000e+00
dev-corpus-02,2246,31,0.000000e+00,31,31,0.003094,0.003094,0.0000e+00
dev-corpus-02,2247,5963,0.000000e+00,220,220,3.946130,3.946130,0.0000e+00
dev-corpus-02,2248,220,0.000000e+00,220,220,0.086313,0.086313,0.0000e+00
dev-corpus-02,2249,16,0.000000e+00,16,16,0.003515,0.003515,0.0000e+00
dev-corpus-02,2250,24,0.000000e+00,24,24,0.003872,0.003872,0.0000e+00
dev-corpus-02,2251,16,0.000000e+00,16,16,0.001206,0.001206,0.0000e+00
dev-corpus-02,2252,19,0.000000e+00,19,19,0.187701,0.187701,0.0000e+00
dev-corpus-02,2253,321,0.000000e+00,1116,1116,1.615446,1.615446,0.0000e+00
dev-corpus-02,2254,539,0.000000e+00,279,279,3.744507,3.744507,0.0000e+00
dev-corpus-02,2255,4937,0.000000e+00,279,279,2.718631,2.718631,0.0000e+00
dev-corpus-02,2256,554,0.000000e+00,554,554,0.257600,0.257600,0.0000e+00
dev-corpus-02,2257,12,0.000000e+00,12,12,0.000102,0.000102,0.0000e+00
dev-corpus-02,2258,31,0.000000e+00,31,31,0.003291,0.003291,0.0000e+00
dev-corpus-02,2259,6324,0.000000e+00,5930,5930,1.205718,1.205718,0.0000e+00
dev-corpus-02,2260,279,0.000000e+00,220,220,2.106887,2.106887,0.0000e+00
dev-corpus-02,2261,1118,0.000000e+00,1118,1118,0.644993,0.644993,0.0000e+00
dev-corpus-02,2262,220,0.000000e+00,30592,30592,4.147500,4.147500,0.0000e+00
dev-corpus-02,2263,16,0.000000e+00,16,16,0.860286,0.860286,0.0000e+00
dev-corpus-02,2264,20,0.000000e+00,15,15,2.290911,2.290911,0.0000e+00
dev-corpus-02,2265,30592,0.000000e+00,30592,30592,0.777567,0.777567,0.0000e+00
dev-corpus-02,2266,998,0.000000e+00,998,998,0.518093,0.518093,0.0000e+00
dev-corpus-02,2267,11128,0.000000e+00,11128,11128,1.504601,1.504601,0.0000e+00
dev-corpus-02,2268,494,0.000000e+00,641,641,2.075507,2.075507,0.0000e+00
dev-corpus-02,2269,1330,0.000000e+00,279,279,3.974287,3.974287,0.0000e+00
dev-corpus-02,2270,5753,0.000000e+00,8026,8026,1.432383,1.432383,0.0000e+00
dev-corpus-02,2271,8026,0.000000e+00,8026,8026,0.453618,0.453618,0.0000e+00
dev-corpus-02,2272,54534,0.000000e+00,54534,54534,0.076978,0.076978,0.0000e+00
dev-corpus-02,2273,641,0.000000e+00,641,641,0.937476,0.937476,0.0000e+00
dev-corpus-02,2274,561,0.000000e+00,561,561,1.471836,1.471836,0.0000e+00
dev-corpus-02,2275,5753,0.000000e+00,1118,1118,3.698125,3.698125,0.0000e+00
dev-corpus-02,2276,28936,0.000000e+00,28936,28936,1.719519,1.719519,0.0000e+00
dev-corpus-02,2277,18463,0.000000e+00,18463,18463,0.052122,0.052122,0.0000e+00
dev-corpus-02,2278,26533,0.000000e+00,11128,11128,6.038608,6.038608,0.0000e+00
dev-corpus-02,2279,11128,0.000000e+00,11128,11128,0.856780,0.856780,0.0000e+00
dev-corpus-02,2280,449,0.000000e+00,220,220,2.150208,2.150208,0.0000e+00
dev-corpus-02,2281,4945,0.000000e+00,4945,4945,0.013621,0.013621,0.0000e+00
dev-corpus-02,2282,6505,0.000000e+00,220,220,10.401353,10.401353,0.0000e+00
dev-corpus-02,2283,314,0.000000e+00,314,314,0.667378,0.667378,0.0000e+00
dev-corpus-02,2284,30592,0.000000e+00,30592,30592,0.647198,0.647198,0.0000e+00
dev-corpus-02,2285,310,0.000000e+00,494,494,2.702235,2.702235,0.0000e+00
dev-corpus-02,2286,8032,0.000000e+00,381,381,2.595199,2.595199,0.0000e+00
dev-corpus-02,2287,1330,0.000000e+00,1330,1330,1.290577,1.290577,0.0000e+00
dev-corpus-02,2288,5898,0.000000e+00,5384,5384,8.234018,8.234018,0.0000e+00
dev-corpus-02,2289,310,0.000000e+00,310,310,0.153723,0.153723,0.0000e+00
dev-corpus-02,2290,33741,0.000000e+00,279,279,1.361685,1.361685,0.0000e+00
dev-corpus-02,2291,554,0.000000e+00,554,554,0.483894,0.483894,0.0000e+00
dev-corpus-02,2292,12,0.000000e+00,12,12,0.000971,0.000971,0.0000e+00
dev-corpus-02,2293,31,0.000000e+00,31,31,0.047358,0.047358,0.0000e+00
dev-corpus-02,2294,41361,0.000000e+00,41361,41361,0.056080,0.056080,0.0000e+00
dev-corpus-02,2295,1116,0.000000e+00,641,641,2.236042,2.236042,0.0000e+00
dev-corpus-02,2296,852,0.000000e+00,321,321,5.929738,5.929738,0.0000e+00
dev-corpus-02,2297,11128,0.000000e+00,995,995,2.192527,2.192527,0.0000e+00
dev-corpus-02,2298,264,0.000000e+00,220,220,2.045065,2.045065,0.0000e+00
dev-corpus-02,2299,4473,0.000000e+00,4473,4473,1.083573,1.083573,0.0000e+00
dev-corpus-02,2300,2250,0.000000e+00,220,220,2.738252,2.738252,0.0000e+00
dev-corpus-02,2301,30592,0.000000e+00,641,641,1.283011,1.283011,0.0000e+00
dev-corpus-02,2302,303,0.000000e+00,641,641,2.736311,2.736311,0.0000e+00
dev-corpus-02,2303,5632,0.000000e+00,6443,6443,4.369822,4.369822,0.0000e+00
dev-corpus-02,2304,220,0.000000e+00,220,220,0.141542,0.141542,0.0000e+00
dev-corpus-02,2305,16,0.000000e+00,16,16,0.002752,0.002752,0.0000e+00
dev-corpus-02,2306,24,0.000000e+00,24,24,0.000213,0.000213,0.0000e+00
dev-corpus-02,2307,16,0.000000e+00,16,16,0.000399,0.000399,0.0000e+00
dev-corpus-02,2308,20,0.000000e+00,20,20,0.025368,0.025368,0.0000e+00
dev-corpus-02,2309,641,0.000000e+00,641,641,0.207203,0.207203,0.0000e+00
dev-corpus-02,2310,357,0.000000e+00,695,695,2.806512,2.806512,0.0000e+00
dev-corpus-02,2311,2702,0.000000e+00,2702,2702,1.287124,1.287124,0.0000e+00
dev-corpus-02,2312,314,0.000000e+00,314,314,0.005651,0.005651,0.0000e+00
dev-corpus-02,2313,220,0.000000e+00,220,220,0.070067,0.070067,0.0000e+00
dev-corpus-02,2314,17,0.000000e+00,17,17,0.325561,0.325561,0.0000e+00
dev-corpus-02,2315,15,0.000000e+00,15,15,0.501770,0.501770,0.0000e+00
dev-corpus-02,2316,70577,0.000000e+00,30592,30592,1.825282,1.825282,0.0000e+00
dev-corpus-02,2317,2091,0.000000e+00,353,353,3.518096,3.518096,0.0000e+00
dev-corpus-02,2318,998,0.000000e+00,998,998,0.096788,0.096788,0.0000e+00
dev-corpus-02,2319,5617,0.000000e+00,5617,5617,0.701964,0.701964,0.0000e+00
dev-corpus-02,2320,641,0.000000e+00,641,641,1.356398,1.356398,0.0000e+00
dev-corpus-02,2321,23275,0.000000e+00,695,695,5.005604,5.005604,0.0000e+00
dev-corpus-02,2322,314,0.000000e+00,557,557,1.531695,1.531695,0.0000e+00
dev-corpus-02,2323,279,0.000000e+00,279,279,0.452745,0.452745,0.0000e+00
dev-corpus-02,2324,1118,0.000000e+00,1118,1118,1.575349,1.575349,0.0000e+00
dev-corpus-02,2325,30592,0.000000e+00,14882,14882,2.298312,2.298312,0.0000e+00
dev-corpus-02,2326,364,0.000000e+00,5820,5820,8.003596,8.003596,0.0000e+00
dev-corpus-02,2327,9564,0.000000e+00,279,279,2.934166,2.934166,0.0000e+00
dev-corpus-02,2328,5820,0.000000e+00,5820,5820,1.258880,1.258880,0.0000e+00
dev-corpus-02,2329,303,0.000000e+00,303,303,0.313773,0.313773,0.0000e+00
dev-corpus-02,2330,3988,0.000000e+00,6324,6324,2.998638,2.998638,0.0000e+00
dev-corpus-02,2331,6492,0.000000e+00,6324,6324,1.471295,1.471295,0.0000e+00
dev-corpus-02,2332,220,0.000000e+00,220,220,0.176843,0.176843,0.0000e+00
dev-corpus-02,2333,16,0.000000e+00,16,16,0.002943,0.002943,0.0000e+00
dev-corpus-02,2334,24,0.000000e+00,24,24,0.000097,0.000097,0.0000e+00
dev-corpus-02,2335,16,0.000000e+00,16,16,0.000260,0.000260,0.0000e+00
dev-corpus-02,2336,19,0.000000e+00,19,19,0.005460,0.005460,0.0000e+00
dev-corpus-02,2337,2502,0.000000e+00,321,321,3.607821,3.607821,0.0000e+00
dev-corpus-02,2338,660,0.000000e+00,279,279,3.938421,3.938421,0.0000e+00
dev-corpus-02,2339,220,0.000000e+00,220,220,1.295059,1.295059,0.0000e+00
dev-corpus-02,2340,17,0.000000e+00,17,17,0.187210,0.187210,0.0000e+00
dev-corpus-02,2341,15,0.000000e+00,15,15,0.012007,0.012007,0.0000e+00
dev-corpus-02,2342,998,0.000000e+00,30592,30592,1.197641,1.197641,0.0000e+00
dev-corpus-02,2343,7888,0.000000e+00,7888,7888,0.554925,0.554925,0.0000e+00
dev-corpus-02,2344,539,0.000000e+00,539,539,0.601543,0.601543,0.0000e+00
dev-corpus-02,2345,6324,0.000000e+00,279,279,3.211430,3.211430,0.0000e+00
dev-corpus-02,2346,220,0.000000e+00,220,220,0.011310,0.011310,0.0000e+00
dev-corpus-02,2347,16,0.000000e+00,16,16,0.004625,0.004625,0.0000e+00
dev-corpus-02,2348,24,0.000000e+00,24,24,0.001528,0.001528,0.0000e+00
dev-corpus-02,2349,16,0.000000e+00,16,16,0.004997,0.004997,0.0000e+00
dev-corpus-02,2350,20,0.000000e+00,20,20,0.162970,0.162970,0.0000e+00
dev-corpus-02,2351,641,0.000000e+00,641,641,0.120050,0.120050,0.0000e+00
dev-corpus-02,2352,24876,0.000000e+00,695,695,6.358341,6.358341,0.0000e+00
dev-corpus-02,2353,314,0.000000e+00,30592,30592,1.458053,1.458053,0.0000e+00
dev-corpus-02,2354,279,0.000000e+00,279,279,0.243382,0.243382,0.0000e+00
dev-corpus-02,2355,1118,0.000000e+00,30592,30592,3.118477,3.118477,0.0000e+00
dev-corpus-02,2356,30592,0.000000e+00,30592,30592,0.552088,0.552088,0.0000e+00
dev-corpus-02,2357,52181,0.000000e+00,998,998,6.273679,6.273679,0.0000e+00
dev-corpus-02,2358,18506,0.000000e+00,18506,18506,1.769968,1.769968,0.0000e+00
dev-corpus-02,2359,303,0.000000e+00,303,303,1.008279,1.008279,0.0000e+00
dev-corpus-02,2360,5753,0.000000e+00,279,279,3.199523,3.199523,0.0000e+00
dev-corpus-02,2361,2046,0.000000e+00,19895,19895,4.728033,4.728033,0.0000e+00
dev-corpus-02,2362,19895,0.000000e+00,19895,19895,0.014276,0.014276,0.0000e+00
dev-corpus-02,2363,1116,0.000000e+00,1518,1518,2.246402,2.246402,0.0000e+00
dev-corpus-02,2364,694,0.000000e+00,694,694,1.036207,1.036207,0.0000e+00
dev-corpus-02,2365,279,0.000000e+00,1379,1379,1.356617,1.356617,0.0000e+00
dev-corpus-02,2366,2645,0.000000e+00,8421,8421,3.040790,3.040790,0.0000e+00
dev-corpus-02,2367,998,0.000000e+00,998,998,0.290869,0.290869,0.0000e+00
dev-corpus-02,2368,32878,0.000000e+00,26380,26380,3.417099,3.417099,0.0000e+00
dev-corpus-02,2369,321,0.000000e+00,303,303,2.216933,2.216933,0.0000e+00
dev-corpus-02,2370,12152,0.000000e+00,2113,2113,2.796370,2.796370,0.0000e+00
dev-corpus-02,2371,506,0.000000e+00,303,303,1.402538,1.402538,0.0000e+00
dev-corpus-02,2372,2892,0.000000e+00,836,836,8.057102,8.057102,0.0000e+00
dev-corpus-02,2373,6543,0.000000e+00,63227,63227,2.631880,2.631880,0.0000e+00
dev-corpus-02,2374,91064,0.000000e+00,91064,91064,0.004994,0.004994,0.0000e+00
dev-corpus-02,2375,466,0.000000e+00,466,466,0.453886,0.453886,0.0000e+00
dev-corpus-02,2376,224612,0.000000e+00,224612,224612,1.619375,1.619375,0.0000e+00
dev-corpus-02,2377,641,0.000000e+00,641,641,0.664982,0.664982,0.0000e+00
dev-corpus-02,2378,561,0.000000e+00,695,695,2.077621,2.077621,0.0000e+00
dev-corpus-02,2379,5753,0.000000e+00,70577,70577,2.568463,2.568463,0.0000e+00
dev-corpus-02,2380,30592,0.000000e+00,30592,30592,0.813664,0.813664,0.0000e+00
dev-corpus-02,2381,22428,0.000000e+00,998,998,3.973610,3.973610,0.0000e+00
dev-corpus-02,2382,15048,0.000000e+00,303,303,2.673419,2.673419,0.0000e+00
dev-corpus-02,2383,303,0.000000e+00,303,303,0.450596,0.450596,0.0000e+00
dev-corpus-02,2384,279,0.000000e+00,279,279,0.099620,0.099620,0.0000e+00
dev-corpus-02,2385,426,0.000000e+00,4634,4634,5.129600,5.129600,0.0000e+00
dev-corpus-02,2386,82036,0.000000e+00,82036,82036,0.008357,0.008357,0.0000e+00
dev-corpus-02,2387,1116,0.000000e+00,2982,2982,3.108383,3.108383,0.0000e+00
dev-corpus-02,2388,69543,0.000000e+00,4634,4634,3.790165,3.790165,0.0000e+00
dev-corpus-02,2389,1116,0.000000e+00,321,321,1.275265,1.275265,0.0000e+00
dev-corpus-02,2390,321,0.000000e+00,321,321,0.332385,0.332385,0.0000e+00
dev-corpus-02,2391,88047,0.000000e+00,4634,4634,10.527693,10.527693,0.0000e+00
dev-corpus-02,2392,1125,0.000000e+00,1125,1125,0.017583,0.017583,0.0000e+00
dev-corpus-02,2393,2893,0.000000e+00,42316,42316,9.694820,9.694820,0.0000e+00
dev-corpus-02,2394,349,0.000000e+00,349,349,0.184989,0.184989,0.0000e+00
dev-corpus-02,2395,32141,0.000000e+00,32141,32141,0.080628,0.080628,0.0000e+00
dev-corpus-02,2396,641,0.000000e+00,641,641,0.661257,0.661257,0.0000e+00
dev-corpus-02,2397,561,0.000000e+00,561,561,0.847798,0.847798,0.0000e+00
dev-corpus-02,2398,30592,0.000000e+00,12555,12555,3.499290,3.499290,0.0000e+00
dev-corpus-02,2399,998,0.000000e+00,998,998,1.152925,1.152925,0.0000e+00
dev-corpus-02,2400,883,0.000000e+00,1048,1048,7.391384,7.391384,0.0000e+00
dev-corpus-02,2401,220,0.000000e+00,220,220,0.133116,0.133116,0.0000e+00
dev-corpus-02,2402,17,0.000000e+00,18,18,1.774328,1.774328,0.0000e+00
dev-corpus-02,2403,23,0.000000e+00,20,20,2.090676,2.090676,0.0000e+00
dev-corpus-02,2404,35058,0.000000e+00,19434,19434,3.200411,3.200411,0.0000e+00
dev-corpus-02,2405,318,0.000000e+00,318,318,0.491326,0.491326,0.0000e+00
dev-corpus-02,2406,220,0.000000e+00,220,220,0.159430,0.159430,0.0000e+00
dev-corpus-02,2407,24,0.000000e+00,24,24,0.026710,0.026710,0.0000e+00
dev-corpus-02,2408,17,0.000000e+00,17,17,0.130948,0.130948,0.0000e+00
dev-corpus-02,2409,10169,0.000000e+00,10169,10169,0.147397,0.147397,0.0000e+00
dev-corpus-02,2410,847,0.000000e+00,847,847,0.073542,0.073542,0.0000e+00
dev-corpus-02,2411,1248,0.000000e+00,1248,1248,0.270911,0.270911,0.0000e+00
dev-corpus-02,2412,321,0.000000e+00,321,321,0.662239,0.662239,0.0000e+00
dev-corpus-02,2413,46539,0.000000e+00,46539,46539,1.448477,1.448477,0.0000e+00
dev-corpus-02,2414,220,0.000000e+00,220,220,0.432384,0.432384,0.0000e+00
dev-corpus-02,2415,16,0.000000e+00,16,16,0.337963,0.337963,0.0000e+00
dev-corpus-02,2416,17,0.000000e+00,17,17,1.613096,1.613096,0.0000e+00
dev-corpus-02,2417,22,0.000000e+00,20,20,2.369357,2.369357,0.0000e+00
dev-corpus-02,2418,49209,0.000000e+00,19008,19008,0.915096,0.915096,0.0000e+00
dev-corpus-02,2419,318,0.000000e+00,318,318,0.411867,0.411867,0.0000e+00
dev-corpus-02,2420,220,0.000000e+00,220,220,0.033899,0.033899,0.0000e+00
dev-corpus-02,2421,16,0.000000e+00,16,16,0.029758,0.029758,0.0000e+00
dev-corpus-02,2422,17,0.000000e+00,18,18,1.014832,1.014832,0.0000e+00
dev-corpus-02,2423,20,0.000000e+00,24,24,1.445870,1.445870,0.0000e+00
dev-corpus-02,2424,1248,0.000000e+00,1248,1248,0.603310,0.603310,0.0000e+00
dev-corpus-02,2425,19008,0.000000e+00,19008,19008,0.025493,0.025493,0.0000e+00
dev-corpus-02,2426,847,0.000000e+00,847,847,0.560580,0.560580,0.0000e+00
dev-corpus-02,2427,948,0.000000e+00,383,383,2.793996,2.793996,0.0000e+00
dev-corpus-02,2428,55619,0.000000e+00,55619,55619,0.227360,0.227360,0.0000e+00
dev-corpus-02,2429,321,0.000000e+00,321,321,0.305190,0.305190,0.0000e+00
dev-corpus-02,2430,220,0.000000e+00,220,220,0.032380,0.032380,0.0000e+00
dev-corpus-02,2431,16,0.000000e+00,16,16,0.081192,0.081192,0.0000e+00
dev-corpus-02,2432,19,0.000000e+00,20,20,1.563836,1.563836,0.0000e+00
dev-corpus-02,2433,17,0.000000e+00,20,20,2.538972,2.538972,0.0000e+00
dev-corpus-02,2434,49209,0.000000e+00,49209,49209,0.042332,0.042332,0.0000e+00
dev-corpus-02,2435,318,0.000000e+00,318,318,0.023031,0.023031,0.0000e+00
dev-corpus-02,2436,220,0.000000e+00,220,220,0.004116,0.004116,0.0000e+00
dev-corpus-02,2437,16,0.000000e+00,16,16,0.000925,0.000925,0.0000e+00
dev-corpus-02,2438,19,0.000000e+00,19,19,0.240562,0.240562,0.0000e+00
dev-corpus-02,2439,15,0.000000e+00,15,15,0.018440,0.018440,0.0000e+00
dev-corpus-02,2440,1248,0.000000e+00,1248,1248,0.015018,0.015018,0.0000e+00
dev-corpus-02,2441,19008,0.000000e+00,19008,19008,0.000532,0.000532,0.0000e+00
dev-corpus-02,2442,847,0.000000e+00,847,847,0.007125,0.007125,0.0000e+00
dev-corpus-02,2443,1345,0.000000e+00,948,948,4.493140,4.493140,0.0000e+00
dev-corpus-02,2444,81179,0.000000e+00,81179,81179,0.012375,0.012375,0.0000e+00
dev-corpus-02,2445,641,0.000000e+00,641,641,0.040908,0.040908,0.0000e+00
dev-corpus-02,2446,1942,0.000000e+00,2302,2302,6.002398,6.002398,0.0000e+00
dev-corpus-02,2447,995,0.000000e+00,30592,30592,2.648640,2.648640,0.0000e+00
dev-corpus-02,2448,1330,0.000000e+00,264,264,2.872016,2.872016,0.0000e+00
dev-corpus-02,2449,14829,0.000000e+00,31694,31694,4.390803,4.390803,0.0000e+00
dev-corpus-02,2450,88716,0.000000e+00,88716,88716,0.338918,0.338918,0.0000e+00
dev-corpus-02,2451,31890,0.000000e+00,31890,31890,0.014690,0.014690,0.0000e+00
dev-corpus-02,2452,321,0.000000e+00,321,321,0.855497,0.855497,0.0000e+00
dev-corpus-02,2453,1330,0.000000e+00,11354,11354,2.559300,2.559300,0.0000e+00
dev-corpus-02,2454,5505,0.000000e+00,9249,9249,3.844155,3.844155,0.0000e+00
dev-corpus-02,2455,6659,0.000000e+00,6659,6659,0.004813,0.004813,0.0000e+00
dev-corpus-02,2456,6852,0.000000e+00,6852,6852,0.009534,0.009534,0.0000e+00
dev-corpus-02,2457,1116,0.000000e+00,11354,11354,2.246859,2.246859,0.0000e+00
dev-corpus-02,2458,321,0.000000e+00,321,321,1.458743,1.458743,0.0000e+00
dev-corpus-02,2459,998,0.000000e+00,1362,1362,2.258239,2.258239,0.0000e+00
dev-corpus-02,2460,18088,0.000000e+00,21639,21639,2.804930,2.804930,0.0000e+00
dev-corpus-02,2461,440,0.000000e+00,440,440,0.068188,0.068188,0.0000e+00
dev-corpus-02,2462,264,0.000000e+00,264,264,1.107326,1.107326,0.0000e+00
dev-corpus-02,2463,9249,0.000000e+00,220,220,2.166579,2.166579,0.0000e+00
dev-corpus-02,2464,554,0.000000e+00,5849,5849,5.771214,5.771214,0.0000e+00
dev-corpus-02,2465,12,0.000000e+00,12,12,0.000818,0.000818,0.0000e+00
dev-corpus-02,2466,31,0.000000e+00,31,31,0.022035,0.022035,0.0000e+00
dev-corpus-02,2467,21138,0.000000e+00,5849,5849,1.957791,1.957791,0.0000e+00
dev-corpus-02,2468,5484,0.000000e+00,220,220,2.930790,2.930790,0.0000e+00
dev-corpus-02,2469,5849,0.000000e+00,5849,5849,0.018339,0.018339,0.0000e+00
dev-corpus-02,2470,641,0.000000e+00,641,641,0.347345,0.347345,0.0000e+00
dev-corpus-02,2471,695,0.000000e+00,561,561,1.985802,1.985802,0.0000e+00
dev-corpus-02,2472,733,0.000000e+00,561,561,3.929030,3.929030,0.0000e+00
dev-corpus-02,2473,220,0.000000e+00,220,220,1.593673,1.593673,0.0000e+00
dev-corpus-02,2474,16,0.000000e+00,16,16,0.022451,0.022451,0.0000e+00
dev-corpus-02,2475,24,0.000000e+00,24,24,0.005295,0.005295,0.0000e+00
dev-corpus-02,2476,16,0.000000e+00,16,16,0.063437,0.063437,0.0000e+00
dev-corpus-02,2477,23,0.000000e+00,20,20,2.376879,2.376879,0.0000e+00
dev-corpus-02,2478,2943,0.000000e+00,1116,1116,6.744175,6.744175,0.0000e+00
dev-corpus-02,2479,314,0.000000e+00,314,314,1.260100,1.260100,0.0000e+00
dev-corpus-02,2480,279,0.000000e+00,279,279,0.167157,0.167157,0.0000e+00
dev-corpus-02,2481,38334,0.000000e+00,5753,5753,3.389843,3.389843,0.0000e+00
dev-corpus-02,2482,5753,0.000000e+00,5753,5753,0.652599,0.652599,0.0000e+00
dev-corpus-02,2483,30592,0.000000e+00,30592,30592,0.691439,0.691439,0.0000e+00
dev-corpus-02,2484,998,0.000000e+00,998,998,0.248152,0.248152,0.0000e+00
dev-corpus-02,2485,15625,0.000000e+00,21711,21711,2.098435,2.098435,0.0000e+00
dev-corpus-02,2486,1083,0.000000e+00,310,310,1.120266,1.120266,0.0000e+00
dev-corpus-02,2487,33101,0.000000e+00,1262,1262,4.147642,4.147642,0.0000e+00
dev-corpus-02,2488,1262,0.000000e+00,32543,32543,1.543027,1.543027,0.0000e+00
dev-corpus-02,2489,300,0.000000e+00,300,300,0.165011,0.165011,0.0000e+00
dev-corpus-02,2490,4912,0.000000e+00,4912,4912,0.012777,0.012777,0.0000e+00
dev-corpus-02,2491,641,0.000000e+00,641,641,0.899255,0.899255,0.0000e+00
dev-corpus-02,2492,4781,0.000000e+00,561,561,4.594470,4.594470,0.0000e+00
dev-corpus-02,2493,279,0.000000e+00,279,279,0.272214,0.272214,0.0000e+00
dev-corpus-02,2494,78592,0.000000e+00,220,220,9.793453,9.793453,0.0000e+00
dev-corpus-02,2495,30592,0.000000e+00,30592,30592,1.554425,1.554425,0.0000e+00
dev-corpus-02,2496,303,0.000000e+00,421,421,3.423746,3.423746,0.0000e+00
dev-corpus-02,2497,5753,0.000000e+00,5753,5753,1.180080,1.180080,0.0000e+00
dev-corpus-02,2498,2393,0.000000e+00,2393,2393,0.094428,0.094428,0.0000e+00
dev-corpus-02,2499,1116,0.000000e+00,1116,1116,0.370408,0.370408,0.0000e+00
dev-corpus-02,2500,1330,0.000000e+00,220,220,3.426603,3.426603,0.0000e+00
dev-corpus-02,2501,998,0.000000e+00,998,998,0.178941,0.178941,0.0000e+00
dev-corpus-02,2502,5898,0.000000e+00,5384,5384,4.076570,4.076570,0.0000e+00
dev-corpus-02,2503,310,0.000000e+00,310,310,0.125999,0.125999,0.0000e+00
dev-corpus-02,2504,33741,0.000000e+00,33741,33741,0.948740,0.948740,0.0000e+00
dev-corpus-02,2505,554,0.000000e+00,554,554,0.077670,0.077670,0.0000e+00
dev-corpus-02,2506,12,0.000000e+00,12,12,0.000550,0.000550,0.0000e+00
dev-corpus-02,2507,31,0.000000e+00,31,31,0.004408,0.004408,0.0000e+00
dev-corpus-02,2508,41361,0.000000e+00,41361,41361,0.012969,0.012969,0.0000e+00
dev-corpus-02,2509,1116,0.000000e+00,321,321,1.868405,1.868405,0.0000e+00
dev-corpus-02,2510,799,0.000000e+00,321,321,2.117145,2.117145,0.0000e+00
dev-corpus-02,2511,557,0.000000e+00,557,557,0.526983,0.526983,0.0000e+00
dev-corpus-02,2512,5898,0.000000e+00,5898,5898,1.434141,1.434141,0.0000e+00
dev-corpus-02,2513,310,0.000000e+00,310,310,0.013223,0.013223,0.0000e+00
dev-corpus-02,2514,56733,0.000000e+00,56733,56733,0.132347,0.132347,0.0000e+00
dev-corpus-02,2515,1116,0.000000e+00,1116,1116,0.447370,0.447370,0.0000e+00
dev-corpus-02,2516,321,0.000000e+00,321,321,0.275118,0.275118,0.0000e+00
dev-corpus-02,2517,11292,0.000000e+00,799,799,4.455177,4.455177,0.0000e+00
dev-corpus-02,2518,998,0.000000e+00,998,998,0.087938,0.087938,0.0000e+00
dev-corpus-02,2519,5384,0.000000e+00,5384,5384,0.685566,0.685566,0.0000e+00
dev-corpus-02,2520,2261,0.000000e+00,303,303,1.897299,1.897299,0.0000e+00
dev-corpus-02,2521,279,0.000000e+00,279,279,0.748174,0.748174,0.0000e+00
dev-corpus-02,2522,3980,0.000000e+00,3980,3980,0.133241,0.133241,0.0000e+00
dev-corpus-02,2523,641,0.000000e+00,641,641,0.435155,0.435155,0.0000e+00
dev-corpus-02,2524,3648,0.000000e+00,561,561,2.966124,2.966124,0.0000e+00
dev-corpus-02,2525,314,0.000000e+00,557,557,1.604681,1.604681,0.0000e+00
dev-corpus-02,2526,279,0.000000e+00,279,279,0.194268,0.194268,0.0000e+00
dev-corpus-02,2527,4097,0.000000e+00,5753,5753,4.676105,4.676105,0.0000e+00
dev-corpus-02,2528,12555,0.000000e+00,12555,12555,1.434187,1.434187,0.0000e+00
dev-corpus-02,2529,298,0.000000e+00,298,298,0.004195,0.004195,0.0000e+00
dev-corpus-02,2530,554,0.000000e+00,554,554,0.003685,0.003685,0.0000e+00
dev-corpus-02,2531,12,0.000000e+00,12,12,0.000193,0.000193,0.0000e+00
dev-corpus-02,2532,31,0.000000e+00,31,31,0.019806,0.019806,0.0000e+00
dev-corpus-02,2533,54871,0.000000e+00,54871,54871,0.020689,0.020689,0.0000e+00
dev-corpus-02,2534,30592,0.000000e+00,30592,30592,0.331643,0.331643,0.0000e+00
dev-corpus-02,2535,557,0.000000e+00,557,557,0.398605,0.398605,0.0000e+00
dev-corpus-02,2536,64897,0.000000e+00,5384,5384,2.912143,2.912143,0.0000e+00
dev-corpus-02,2537,321,0.000000e+00,539,539,1.991618,1.991618,0.0000e+00
dev-corpus-02,2538,2361,0.000000e+00,799,799,2.940943,2.940943,0.0000e+00
dev-corpus-02,2539,65386,0.000000e+00,557,557,7.020412,7.020412,0.0000e+00
dev-corpus-02,2540,321,0.000000e+00,641,641,3.080160,3.080160,0.0000e+00
dev-corpus-02,2541,524,0.000000e+00,1100,1100,6.076928,6.076928,0.0000e+00
dev-corpus-02,2542,49992,0.000000e+00,24530,24530,2.342001,2.342001,0.0000e+00
dev-corpus-02,2543,641,0.000000e+00,641,641,0.325006,0.325006,0.0000e+00
dev-corpus-02,2544,561,0.000000e+00,561,561,1.310594,1.310594,0.0000e+00
dev-corpus-02,2545,4097,0.000000e+00,9376,9376,3.131664,3.131664,0.0000e+00
dev-corpus-02,2546,38334,0.000000e+00,85573,85573,1.606962,1.606962,0.0000e+00
dev-corpus-02,2547,5753,0.000000e+00,5753,5753,1.432431,1.432431,0.0000e+00
dev-corpus-02,2548,30592,0.000000e+00,30592,30592,0.500382,0.500382,0.0000e+00
dev-corpus-02,2549,1116,0.000000e+00,998,998,3.421147,3.421147,0.0000e+00
dev-corpus-02,2550,279,0.000000e+00,2583,2583,2.519826,2.519826,0.0000e+00
dev-corpus-02,2551,2943,0.000000e+00,1330,1330,2.216321,2.216321,0.0000e+00
dev-corpus-02,2552,38334,0.000000e+00,15625,15625,4.020199,4.020199,0.0000e+00
dev-corpus-02,2553,12555,0.000000e+00,12555,12555,0.305807,0.305807,0.0000e+00
dev-corpus-02,2554,298,0.000000e+00,298,298,0.002887,0.002887,0.0000e+00
dev-corpus-02,2555,554,0.000000e+00,554,554,0.001613,0.001613,0.0000e+00
dev-corpus-02,2556,12,0.000000e+00,12,12,0.003975,0.003975,0.0000e+00
dev-corpus-02,2557,31,0.000000e+00,31,31,0.022995,0.022995,0.0000e+00
dev-corpus-02,2558,54871,0.000000e+00,54871,54871,0.039243,0.039243,0.0000e+00
dev-corpus-02,2559,30592,0.000000e+00,30592,30592,0.047668,0.047668,0.0000e+00
dev-corpus-03,2560,8645,0.000000e+00,606,606,7.806382,7.806382,0.0000e+00
dev-corpus-03,2561,25,0.000000e+00,58,58,3.368528,3.368528,0.0000e+00
dev-corpus-03,2562,198,0.000000e+00,198,198,0.059109,0.059109,0.0000e+00
dev-corpus-03,2563,309,0.000000e+00,262,262,1.441948,1.441948,0.0000e+00
dev-corpus-03,2564,12366,0.000000e+00,653,653,9.960978,9.960978,0.0000e+00
dev-corpus-03,2565,283,0.000000e+00,283,283,0.483516,0.483516,0.0000e+00
dev-corpus-03,2566,696,0.000000e+00,313,313,4.354494,4.354494,0.0000e+00
dev-corpus-03,2567,18267,0.000000e+00,447,447,11.553010,11.553010,0.0000e+00
dev-corpus-03,2568,2155,0.000000e+00,2155,2155,0.982895,0.982895,0.0000e+00
dev-corpus-03,2569,5781,0.000000e+00,3935,3935,1.702502,1.702502,0.0000e+00
dev-corpus-03,2570,8645,0.000000e+00,8645,8645,0.039301,0.039301,0.0000e+00
dev-corpus-03,2571,11,0.000000e+00,11,11,0.330586,0.330586,0.0000e+00
dev-corpus-03,2572,12366,0.000000e+00,638,638,2.759553,2.759553,0.0000e+00
dev-corpus-03,2573,8,0.000000e+00,8,8,0.054920,0.054920,0.0000e+00
dev-corpus-03,2574,198,0.000000e+00,198,198,0.140524,0.140524,0.0000e+00
dev-corpus-03,2575,285,0.000000e+00,309,309,1.559019,1.559019,0.0000e+00
dev-corpus-03,2576,653,0.000000e+00,745,745,3.676603,3.676603,0.0000e+00
dev-corpus-03,2577,12536,0.000000e+00,220,220,8.101102,8.101102,0.0000e+00
dev-corpus-03,2578,709,0.000000e+00,709,709,0.807337,0.807337,0.0000e+00
dev-corpus-03,2579,364,0.000000e+00,310,310,2.000726,2.000726,0.0000e+00
dev-corpus-03,2580,641,0.000000e+00,279,279,6.832879,6.832879,0.0000e+00
dev-corpus-03,2581,1899,0.000000e+00,447,447,5.661619,5.661619,0.0000e+00
dev-corpus-03,2582,363,0.000000e+00,363,363,1.748710,1.748710,0.0000e+00
dev-corpus-03,2583,198,0.000000e+00,198,198,0.751687,0.751687,0.0000e+00
dev-corpus-03,2584,285,0.000000e+00,285,285,0.071431,0.071431,0.0000e+00
dev-corpus-03,2585,687,0.000000e+00,687,687,0.457836,0.457836,0.0000e+00
dev-corpus-03,2586,5335,0.000000e+00,696,696,5.744901,5.744901,0.0000e+00
dev-corpus-03,2587,1212,0.000000e+00,10392,10392,5.344211,5.344211,0.0000e+00
dev-corpus-03,2588,78,0.000000e+00,1590,1590,5.642321,5.642321,0.0000e+00
dev-corpus-03,2589,1590,0.000000e+00,1590,1590,0.119209,0.119209,0.0000e+00
dev-corpus-03,2590,198,0.000000e+00,198,198,0.018412,0.018412,0.0000e+00
dev-corpus-03,2591,309,0.000000e+00,309,309,0.024602,0.024602,0.0000e+00
dev-corpus-03,2592,653,0.000000e+00,653,653,1.839885,1.839885,0.0000e+00
dev-corpus-03,2593,4109,0.000000e+00,1368,1368,3.275083,3.275083,0.0000e+00
dev-corpus-03,2594,279,0.000000e+00,413,413,3.606310,3.606310,0.0000e+00
dev-corpus-03,2595,1379,0.000000e+00,2353,2353,7.733049,7.733049,0.0000e+00
dev-corpus-03,2596,4047,0.000000e+00,3110,3110,3.357467,3.357467,0.0000e+00
dev-corpus-03,2597,1752,0.000000e+00,1105,1105,6.742140,6.742140,0.0000e+00
dev-corpus-03,2598,1118,0.000000e+00,1118,1118,1.023270,1.023270,0.0000e+00
dev-corpus-03,2599,13,0.000000e+00,198,198,2.744850,2.744850,0.0000e+00
dev-corpus-03,2600,198,0.000000e+00,198,198,0.320640,0.320640,0.0000e+00
dev-corpus-03,2601,309,0.000000e+00,309,309,0.007808,0.007808,0.0000e+00
dev-corpus-03,2602,6725,0.000000e+00,653,653,6.587158,6.587158,0.0000e+00
dev-corpus-03,2603,283,0.000000e+00,283,283,0.533212,0.533212,0.0000e+00
dev-corpus-03,2604,4396,0.000000e+00,4396,4396,0.631697,0.631697,0.0000e+00
dev-corpus-03,2605,5982,0.000000e+00,5982,5982,0.133246,0.133246,0.0000e+00
dev-corpus-03,2606,482,0.000000e+00,482,482,0.723621,0.723621,0.0000e+00
dev-corpus-03,2607,29259,0.000000e+00,29259,29259,0.350698,0.350698,0.0000e+00
dev-corpus-03,2608,837,0.000000e+00,837,837,0.038940,0.038940,0.0000e+00
dev-corpus-03,2609,466,0.000000e+00,466,466,0.615869,0.615869,0.0000e+00
dev-corpus-03,2610,4396,0.000000e+00,4396,4396,0.319782,0.319782,0.0000e+00
dev-corpus-03,2611,5982,0.000000e+00,5982,5982,0.017688,0.017688,0.0000e+00
dev-corpus-03,2612,482,0.000000e+00,482,482,0.001543,0.001543,0.0000e+00
dev-corpus-03,2613,1277,0.000000e+00,1277,1277,1.648765,1.648765,0.0000e+00
dev-corpus-03,2614,4289,0.000000e+00,4289,4289,0.765546,0.765546,0.0000e+00
dev-corpus-03,2615,837,0.000000e+00,837,837,0.008216,0.008216,0.0000e+00
dev-corpus-03,2616,198,0.000000e+00,198,198,0.049341,0.049341,0.0000e+00
dev-corpus-03,2617,309,0.000000e+00,309,309,0.013568,0.013568,0.0000e+00
dev-corpus-03,2618,413,0.000000e+00,413,413,0.387890,0.387890,0.0000e+00
dev-corpus-03,2619,6725,0.000000e+00,6725,6725,0.083005,0.083005,0.0000e+00
dev-corpus-03,2620,369,0.000000e+00,25,25,1.000480,1.000480,0.0000e+00
dev-corpus-03,2621,524,0.000000e+00,524,524,0.167856,0.167856,0.0000e+00
dev-corpus-03,2622,2168,0.000000e+00,2168,2168,0.000765,0.000765,0.0000e+00
dev-corpus-03,2623,25,0.000000e+00,25,25,0.015470,0.015470,0.0000e+00
dev-corpus-03,2624,198,0.000000e+00,198,198,0.006392,0.006392,0.0000e+00
dev-corpus-03,2625,388,0.000000e+00,388,388,0.005687,0.005687,0.0000e+00
dev-corpus-03,2626,460,0.000000e+00,653,653,2.395899,2.395899,0.0000e+00
dev-corpus-03,2627,592,0.000000e+00,6725,6725,2.150489,2.150489,0.0000e+00
dev-corpus-03,2628,78263,0.000000e+00,78263,78263,0.338581,0.338581,0.0000e+00
dev-corpus-03,2629,7426,0.000000e+00,7426,7426,0.412709,0.412709,0.0000e+00
dev-corpus-03,2630,3486,0.000000e+00,3486,3486,0.000161,0.000161,0.0000e+00
dev-corpus-03,2631,2387,0.000000e+00,2387,2387,0.036510,0.036510,0.0000e+00
dev-corpus-03,2632,198,0.000000e+00,198,198,0.055146,0.055146,0.0000e+00
dev-corpus-03,2633,309,0.000000e+00,309,309,0.025303,0.025303,0.0000e+00
dev-corpus-03,2634,413,0.000000e+00,413,413,0.615657,0.615657,0.0000e+00
dev-corpus-03,2635,4396,0.000000e+00,1363,1363,1.867023,1.867023,0.0000e+00
dev-corpus-03,2636,5982,0.000000e+00,5982,5982,0.021155,0.021155,0.0000e+00
dev-corpus-03,2637,482,0.000000e+00,482,482,0.088602,0.088602,0.0000e+00
dev-corpus-03,2638,63605,0.000000e+00,1277,1277,2.980118,2.980118,0.0000e+00
dev-corpus-03,2639,837,0.000000e+00,837,837,0.104479,0.104479,0.0000e+00
dev-corpus-03,2640,369,0.000000e+00,369,369,0.019949,0.019949,0.0000e+00
dev-corpus-03,2641,524,0.000000e+00,524,524,0.003648,0.003648,0.0000e+00
dev-corpus-03,2642,2168,0.000000e+00,2168,2168,0.000247,0.000247,0.0000e+00
dev-corpus-03,2643,25,0.000000e+00,25,25,0.001923,0.001923,0.0000e+00
dev-corpus-03,2644,198,0.000000e+00,198,198,0.004078,0.004078,0.0000e+00
dev-corpus-03,2645,388,0.000000e+00,388,388,0.002434,0.002434,0.0000e+00
dev-corpus-03,2646,460,0.000000e+00,460,460,0.178290,0.178290,0.0000e+00
dev-corpus-03,2647,638,0.000000e+00,4396,4396,5.262212,5.262212,0.0000e+00
dev-corpus-03,2648,31919,0.000000e+00,1385,1385,11.970717,11.970717,0.0000e+00
dev-corpus-03,2649,17174,0.000000e+00,17174,17174,0.241556,0.241556,0.0000e+00
dev-corpus-03,2650,198,0.000000e+00,478,478,1.679878,1.679878,0.0000e+00
dev-corpus-03,2651,309,0.000000e+00,309,309,0.040235,0.040235,0.0000e+00
dev-corpus-03,2652,413,0.000000e+00,413,413,0.793916,0.793916,0.0000e+00
dev-corpus-03,2653,4396,0.000000e+00,4396,4396,0.127464,0.127464,0.0000e+00
dev-corpus-03,2654,5982,0.000000e+00,5982,5982,0.001766,0.001766,0.0000e+00
dev-corpus-03,2655,482,0.000000e+00,482,482,0.012230,0.012230,0.0000e+00
dev-corpus-03,2656,11469,0.000000e+00,11469,11469,0.615032,0.615032,0.0000e+00
dev-corpus-03,2657,837,0.000000e+00,837,837,0.103306,0.103306,0.0000e+00
dev-corpus-03,2658,369,0.000000e+00,369,369,0.000659,0.000659,0.0000e+00
dev-corpus-03,2659,524,0.000000e+00,524,524,0.000666,0.000666,0.0000e+00
dev-corpus-03,2660,2168,0.000000e+00,2168,2168,0.000476,0.000476,0.0000e+00
dev-corpus-03,2661,25,0.000000e+00,25,25,0.001476,0.001476,0.0000e+00
dev-corpus-03,2662,198,0.000000e+00,198,198,0.002489,0.002489,0.0000e+00
dev-corpus-03,2663,388,0.000000e+00,388,388,0.004165,0.004165,0.0000e+00
dev-corpus-03,2664,638,0.000000e+00,4673,4673,3.395498,3.395498,0.0000e+00
dev-corpus-03,2665,1385,0.000000e+00,4273,4273,2.209266,2.209266,0.0000e+00
dev-corpus-03,2666,11469,0.000000e+00,815,815,2.083220,2.083220,0.0000e+00
dev-corpus-03,2667,1212,0.000000e+00,283,283,3.158360,3.158360,0.0000e+00
dev-corpus-03,2668,78,0.000000e+00,78,78,0.002328,0.002328,0.0000e+00
dev-corpus-03,2669,8,0.000000e+00,8,8,0.485546,0.485546,0.0000e+00
dev-corpus-03,2670,198,0.000000e+00,198,198,0.013418,0.013418,0.0000e+00
dev-corpus-03,2671,309,0.000000e+00,309,309,0.095547,0.095547,0.0000e+00
dev-corpus-03,2672,4673,0.000000e+00,460,460,2.673880,2.673880,0.0000e+00
dev-corpus-03,2673,14953,0.000000e+00,14953,14953,1.029104,1.029104,0.0000e+00
dev-corpus-03,2674,482,0.000000e+00,437,437,0.914846,0.914846,0.0000e+00
dev-corpus-03,2675,1743,0.000000e+00,2665,2665,2.756264,2.756264,0.0000e+00
dev-corpus-03,2676,44530,0.000000e+00,35516,35516,1.529751,1.529751,0.0000e+00
dev-corpus-03,2677,6725,0.000000e+00,5215,5215,4.835094,4.835094,0.0000e+00
dev-corpus-03,2678,1809,0.000000e+00,1809,1809,0.024760,0.024760,0.0000e+00
dev-corpus-03,2679,303,0.000000e+00,303,303,0.112779,0.112779,0.0000e+00
dev-corpus-03,2680,5215,0.000000e+00,5215,5215,0.553003,0.553003,0.0000e+00
dev-corpus-03,2681,504,0.000000e+00,359,359,1.832229,1.832229,0.0000e+00
dev-corpus-03,2682,198,0.000000e+00,198,198,0.857866,0.857866,0.0000e+00
dev-corpus-03,2683,6323,0.000000e+00,6323,6323,0.139829,0.139829,0.0000e+00
dev-corpus-03,2684,638,0.000000e+00,638,638,0.481593,0.481593,0.0000e+00
dev-corpus-03,2685,37813,0.000000e+00,37813,37813,0.399160,0.399160,0.0000e+00
dev-corpus-03,2686,8,0.000000e+00,8,8,0.246029,0.246029,0.0000e+00
dev-corpus-03,2687,198,0.000000e+00,198,198,0.322235,0.322235,0.0000e+00
dev-corpus-03,2688,285,0.000000e+00,285,285,0.144474,0.144474,0.0000e+00
dev-corpus-03,2689,460,0.000000e+00,460,460,1.021567,1.021567,0.0000e+00
dev-corpus-03,2690,638,0.000000e+00,638,638,0.624990,0.624990,0.0000e+00
dev-corpus-03,2691,37813,0.000000e+00,37813,37813,1.111386,1.111386,0.0000e+00
dev-corpus-03,2692,4168,0.000000e+00,4168,4168,0.076957,0.076957,0.0000e+00
dev-corpus-03,2693,58759,0.000000e+00,58759,58759,0.014911,0.014911,0.0000e+00
dev-corpus-03,2694,11,0.000000e+00,11,11,0.004750,0.004750,0.0000e+00
dev-corpus-03,2695,638,0.000000e+00,886,886,1.320299,1.320299,0.0000e+00
dev-corpus-03,2696,20342,0.000000e+00,37813,37813,3.175081,3.175081,0.0000e+00
dev-corpus-03,2697,8,0.000000e+00,8,8,0.067497,0.067497,0.0000e+00
dev-corpus-03,2698,271,0.000000e+00,198,198,1.133386,1.133386,0.0000e+00
dev-corpus-03,2699,262,0.000000e+00,262,262,1.150148,1.150148,0.0000e+00
dev-corpus-03,2700,687,0.000000e+00,687,687,0.151850,0.151850,0.0000e+00
dev-corpus-03,2701,5902,0.000000e+00,696,696,6.583380,6.583380,0.0000e+00
dev-corpus-03,2702,5062,0.000000e+00,5062,5062,0.683405,0.683405,0.0000e+00
dev-corpus-03,2703,7417,0.000000e+00,1153,1153,4.670577,4.670577,0.0000e+00
dev-corpus-03,2704,1153,0.000000e+00,1153,1153,0.024935,0.024935,0.0000e+00
dev-corpus-03,2705,11,0.000000e+00,11,11,0.004014,0.004014,0.0000e+00
dev-corpus-03,2706,12366,0.000000e+00,2972,2972,1.353150,1.353150,0.0000e+00
dev-corpus-03,2707,20266,0.000000e+00,5675,5675,5.569475,5.569475,0.0000e+00
dev-corpus-03,2708,23737,0.000000e+00,18267,18267,5.157083,5.157083,0.0000e+00
dev-corpus-03,2709,28738,0.000000e+00,28738,28738,0.001136,0.001136,0.0000e+00
dev-corpus-03,2710,5076,0.000000e+00,1590,1590,8.392593,8.392593,0.0000e+00
dev-corpus-03,2711,11,0.000000e+00,1590,1590,0.777748,0.777748,0.0000e+00
dev-corpus-03,2712,593,0.000000e+00,2972,2972,4.402521,4.402521,0.0000e+00
dev-corpus-03,2713,11,0.000000e+00,11,11,0.107192,0.107192,0.0000e+00
dev-corpus-03,2714,2972,0.000000e+00,2972,2972,0.377692,0.377692,0.0000e+00
dev-corpus-03,2715,74,0.000000e+00,74,74,0.100707,0.100707,0.0000e+00
dev-corpus-03,2716,8645,0.000000e+00,8645,8645,0.000711,0.000711,0.0000e+00
dev-corpus-03,2717,1590,0.000000e+00,1590,1590,0.013768,0.013768,0.0000e+00
dev-corpus-03,2718,198,0.000000e+00,198,198,0.006788,0.006788,0.0000e+00
dev-corpus-03,2719,285,0.000000e+00,285,285,0.005768,0.005768,0.0000e+00
dev-corpus-03,2720,413,0.000000e+00,4071,4071,2.745313,2.745313,0.0000e+00
dev-corpus-03,2721,12366,0.000000e+00,12366,12366,0.249855,0.249855,0.0000e+00
dev-corpus-03,2722,369,0.000000e+00,369,369,0.003824,0.003824,0.0000e+00
dev-corpus-03,2723,696,0.000000e+00,696,696,0.049969,0.049969,0.0000e+00
dev-corpus-03,2724,23737,0.000000e+00,23737,23737,0.015056,0.015056,0.0000e+00
dev-corpus-03,2725,28738,0.000000e+00,28738,28738,0.000026,0.000026,0.0000e+00
dev-corpus-03,2726,5076,0.000000e+00,5076,5076,0.001404,0.001404,0.0000e+00
dev-corpus-03,2727,25,0.000000e+00,25,25,0.043493,0.043493,0.0000e+00
dev-corpus-03,2728,198,0.000000e+00,198,198,0.004933,0.004933,0.0000e+00
dev-corpus-03,2729,309,0.000000e+00,309,309,0.002895,0.002895,0.0000e+00
dev-corpus-03,2730,12366,0.000000e+00,12366,12366,0.338299,0.338299,0.0000e+00
dev-corpus-03,2731,283,0.000000e+00,283,283,0.021682,0.021682,0.0000e+00
dev-corpus-03,2732,580,0.000000e+00,4535,4535,1.653614,1.653614,0.0000e+00
dev-corpus-03,2733,8645,0.000000e+00,8645,8645,0.000058,0.000058,0.0000e+00
dev-corpus-03,2734,198,0.000000e+00,198,198,0.185124,0.185124,0.0000e+00
dev-corpus-03,2735,285,0.000000e+00,285,285,0.059150,0.059150,0.0000e+00
dev-corpus-03,2736,4265,0.000000e+00,413,413,1.695566,1.695566,0.0000e+00
dev-corpus-03,2737,580,0.000000e+00,580,580,0.354369,0.354369,0.0000e+00
dev-corpus-03,2738,8645,0.000000e+00,8645,8645,0.000021,0.000021,0.0000e+00
dev-corpus-03,2739,25,0.000000e+00,25,25,0.007473,0.007473,0.0000e+00
dev-corpus-03,2740,198,0.000000e+00,198,198,0.001957,0.001957,0.0000e+00
dev-corpus-03,2741,309,0.000000e+00,309,309,0.001628,0.001628,0.0000e+00
dev-corpus-03,2742,12366,0.000000e+00,12366,12366,0.024749,0.024749,0.0000e+00
dev-corpus-03,2743,283,0.000000e+00,283,283,0.011798,0.011798,0.0000e+00
dev-corpus-03,2744,696,0.000000e+00,696,696,0.070242,0.070242,0.0000e+00
dev-corpus-03,2745,18267,0.000000e+00,18267,18267,0.009684,0.009684,0.0000e+00
dev-corpus-03,2746,2155,0.000000e+00,2155,2155,0.000180,0.000180,0.0000e+00
dev-corpus-03,2747,5781,0.000000e+00,5781,5781,0.013796,0.013796,0.0000e+00
dev-corpus-03,2748,8645,0.000000e+00,8645,8645,0.000153,0.000153,0.0000e+00
dev-corpus-03,2749,11,0.000000e+00,11,11,0.000368,0.000368,0.0000e+00
dev-corpus-03,2750,12366,0.000000e+00,12366,12366,0.001889,0.001889,0.0000e+00
dev-corpus-03,2751,8,0.000000e+00,8,8,0.002841,0.002841,0.0000e+00
dev-corpus-03,2752,198,0.000000e+00,198,198,0.093780,0.093780,0.0000e+00
dev-corpus-03,2753,285,0.000000e+00,285,285,0.020116,0.020116,0.0000e+00
dev-corpus-03,2754,653,0.000000e+00,653,653,0.500927,0.500927,0.0000e+00
dev-corpus-03,2755,12536,0.000000e+00,12536,12536,0.188692,0.188692,0.0000e+00
dev-corpus-03,2756,709,0.000000e+00,709,709,0.009588,0.009588,0.0000e+00
dev-corpus-03,2757,364,0.000000e+00,364,364,0.004541,0.004541,0.0000e+00
dev-corpus-03,2758,641,0.000000e+00,641,641,0.025900,0.025900,0.0000e+00
dev-corpus-03,2759,1899,0.000000e+00,18112,18112,1.091606,1.091606,0.0000e+00
dev-corpus-03,2760,363,0.000000e+00,363,363,0.098468,0.098468,0.0000e+00
dev-corpus-03,2761,198,0.000000e+00,198,198,0.028983,0.028983,0.0000e+00
dev-corpus-03,2762,285,0.000000e+00,285,285,0.001408,0.001408,0.0000e+00
dev-corpus-03,2763,687,0.000000e+00,687,687,0.004732,0.004732,0.0000e+00
dev-corpus-03,2764,5335,0.000000e+00,5335,5335,0.060324,0.060324,0.0000e+00
dev-corpus-03,2765,1212,0.000000e+00,1212,1212,0.008004,0.008004,0.0000e+00
dev-corpus-03,2766,78,0.000000e+00,78,78,0.000252,0.000252,0.0000e+00
dev-corpus-03,2767,1590,0.000000e+00,1590,1590,0.001767,0.001767,0.0000e+00
dev-corpus-03,2768,198,0.000000e+00,198,198,0.001362,0.001362,0.0000e+00
dev-corpus-03,2769,309,0.000000e+00,309,309,0.000570,0.000570,0.0000e+00
dev-corpus-03,2770,6725,0.000000e+00,653,653,1.594873,1.594873,0.0000e+00
dev-corpus-03,2771,283,0.000000e+00,283,283,0.001915,0.001915,0.0000e+00
dev-corpus-03,2772,4396,0.000000e+00,4396,4396,0.002632,0.002632,0.0000e+00
dev-corpus-03,2773,5982,0.000000e+00,5982,5982,0.000319,0.000319,0.0000e+00
dev-corpus-03,2774,482,0.000000e+00,482,482,0.000570,0.000570,0.0000e+00
dev-corpus-03,2775,29259,0.000000e+00,29259,29259,0.008610,0.008610,0.0000e+00
dev-corpus-03,2776,837,0.000000e+00,837,837,0.000432,0.000432,0.0000e+00
dev-corpus-03,2777,466,0.000000e+00,466,466,0.034756,0.034756,0.0000e+00
dev-corpus-03,2778,4396,0.000000e+00,4396,4396,0.000303,0.000303,0.0000e+00
dev-corpus-03,2779,5982,0.000000e+00,5982,5982,0.000209,0.000209,0.0000e+00
dev-corpus-03,2780,482,0.000000e+00,482,482,0.000302,0.000302,0.0000e+00
dev-corpus-03,2781,1277,0.000000e+00,1277,1277,0.012068,0.012068,0.0000e+00
dev-corpus-03,2782,4289,0.000000e+00,4289,4289,0.000019,0.000019,0.0000e+00
dev-corpus-03,2783,837,0.000000e+00,837,837,0.000159,0.000159,0.0000e+00
dev-corpus-03,2784,198,0.000000e+00,198,198,0.005067,0.005067,0.0000e+00
dev-corpus-03,2785,309,0.000000e+00,309,309,0.000597,0.000597,0.0000e+00
dev-corpus-03,2786,413,0.000000e+00,413,413,0.088965,0.088965,0.0000e+00
dev-corpus-03,2787,6725,0.000000e+00,6725,6725,0.003750,0.003750,0.0000e+00
dev-corpus-03,2788,369,0.000000e+00,369,369,0.012970,0.012970,0.0000e+00
dev-corpus-03,2789,524,0.000000e+00,524,524,0.216048,0.216048,0.0000e+00
dev-corpus-03,2790,2168,0.000000e+00,2168,2168,0.000097,0.000097,0.0000e+00
dev-corpus-03,2791,25,0.000000e+00,25,25,0.010843,0.010843,0.0000e+00
dev-corpus-03,2792,198,0.000000e+00,198,198,0.001579,0.001579,0.0000e+00
dev-corpus-03,2793,388,0.000000e+00,388,388,0.000692,0.000692,0.0000e+00
dev-corpus-03,2794,1380,0.000000e+00,460,460,1.449194,1.449194,0.0000e+00
dev-corpus-03,2795,25,0.000000e+00,25,25,0.000173,0.000173,0.0000e+00
dev-corpus-03,2796,198,0.000000e+00,198,198,0.001264,0.001264,0.0000e+00
dev-corpus-03,2797,493,0.000000e+00,493,493,0.000736,0.000736,0.0000e+00
dev-corpus-03,2798,460,0.000000e+00,460,460,0.120760,0.120760,0.0000e+00
dev-corpus-03,2799,592,0.000000e+00,592,592,0.013251,0.013251,0.0000e+00
dev-corpus-03,2800,78263,0.000000e+00,78263,78263,0.001001,0.001001,0.0000e+00
dev-corpus-03,2801,7426,0.000000e+00,7426,7426,0.003916,0.003916,0.0000e+00
dev-corpus-03,2802,3486,0.000000e+00,3486,3486,0.000006,0.000006,0.0000e+00
dev-corpus-03,2803,2387,0.000000e+00,2387,2387,0.000871,0.000871,0.0000e+00
dev-corpus-03,2804,198,0.000000e+00,198,198,0.003549,0.003549,0.0000e+00
dev-corpus-03,2805,388,0.000000e+00,388,388,0.000628,0.000628,0.0000e+00
dev-corpus-03,2806,3525,0.000000e+00,3525,3525,0.001900,0.001900,0.0000e+00
dev-corpus-03,2807,36834,0.000000e+00,36834,36834,0.111564,0.111564,0.0000e+00
dev-corpus-03,2808,25,0.000000e+00,25,25,0.008814,0.008814,0.0000e+00
dev-corpus-03,2809,198,0.000000e+00,198,198,0.001994,0.001994,0.0000e+00
dev-corpus-03,2810,493,0.000000e+00,493,493,0.000804,0.000804,0.0000e+00
dev-corpus-03,2811,460,0.000000e+00,460,460,0.599905,0.599905,0.0000e+00
dev-corpus-03,2812,4396,0.000000e+00,638,638,1.395859,1.395859,0.0000e+00
dev-corpus-03,2813,5982,0.000000e+00,5982,5982,0.045332,0.045332,0.0000e+00
dev-corpus-03,2814,363,0.000000e+00,7,7,1.716334,1.716334,0.0000e+00
dev-corpus-03,2815,198,0.000000e+00,198,198,0.110095,0.110095,0.0000e+00
dev-corpus-03,2816,309,0.000000e+00,309,309,0.015775,0.015775,0.0000e+00
dev-corpus-03,2817,413,0.000000e+00,413,413,0.067496,0.067496,0.0000e+00
dev-corpus-03,2818,4396,0.000000e+00,4396,4396,0.000834,0.000834,0.0000e+00
dev-corpus-03,2819,5982,0.000000e+00,5982,5982,0.000040,0.000040,0.0000e+00
dev-corpus-03,2820,482,0.000000e+00,482,482,0.000429,0.000429,0.0000e+00
dev-corpus-03,2821,63605,0.000000e+00,63605,63605,0.002645,0.002645,0.0000e+00
dev-corpus-03,2822,837,0.000000e+00,837,837,0.000111,0.000111,0.0000e+00
dev-corpus-03,2823,369,0.000000e+00,369,369,0.000521,0.000521,0.0000e+00
dev-corpus-03,2824,524,0.000000e+00,524,524,0.000727,0.000727,0.0000e+00
dev-corpus-03,2825,2168,0.000000e+00,2168,2168,0.000045,0.000045,0.0000e+00
dev-corpus-03,2826,25,0.000000e+00,25,25,0.000842,0.000842,0.0000e+00
dev-corpus-03,2827,198,0.000000e+00,198,198,0.000246,0.000246,0.0000e+00
dev-corpus-03,2828,388,0.000000e+00,388,388,0.000641,0.000641,0.0000e+00
dev-corpus-03,2829,460,0.000000e+00,460,460,0.003204,0.003204,0.0000e+00
dev-corpus-03,2830,638,0.000000e+00,638,638,0.008261,0.008261,0.0000e+00
dev-corpus-03,2831,31919,0.000000e+00,31919,31919,0.004788,0.004788,0.0000e+00
dev-corpus-03,2832,17174,0.000000e+00,17174,17174,0.000080,0.000080,0.0000e+00
dev-corpus-03,2833,198,0.000000e+00,198,198,0.006165,0.006165,0.0000e+00
dev-corpus-03,2834,309,0.000000e+00,309,309,0.001215,0.001215,0.0000e+00
dev-corpus-03,2835,413,0.000000e+00,413,413,0.120266,0.120266,0.0000e+00
dev-corpus-03,2836,4396,0.000000e+00,4396,4396,0.000211,0.000211,0.0000e+00
dev-corpus-03,2837,5982,0.000000e+00,5982,5982,0.000054,0.000054,0.0000e+00
dev-corpus-03,2838,482,0.000000e+00,482,482,0.000203,0.000203,0.0000e+00
dev-corpus-03,2839,11469,0.000000e+00,11469,11469,0.000461,0.000461,0.0000e+00
dev-corpus-03,2840,837,0.000000e+00,837,837,0.000165,0.000165,0.0000e+00
dev-corpus-03,2841,369,0.000000e+00,369,369,0.391295,0.391295,0.0000e+00
dev-corpus-03,2842,524,0.000000e+00,524,524,0.013156,0.013156,0.0000e+00
dev-corpus-03,2843,2168,0.000000e+00,2168,2168,0.000531,0.000531,0.0000e+00
dev-corpus-03,2844,25,0.000000e+00,25,25,0.000366,0.000366,0.0000e+00
dev-corpus-03,2845,198,0.000000e+00,198,198,0.002619,0.002619,0.0000e+00
dev-corpus-03,2846,388,0.000000e+00,388,388,0.000701,0.000701,0.0000e+00
dev-corpus-03,2847,460,0.000000e+00,638,638,4.157501,4.157501,0.0000e+00
dev-corpus-03,2848,4396,0.000000e+00,638,638,0.855490,0.855490,0.0000e+00
dev-corpus-03,2849,5982,0.000000e+00,5982,5982,0.000776,0.000776,0.0000e+00
dev-corpus-03,2850,363,0.000000e+00,363,363,0.043650,0.043650,0.0000e+00
dev-corpus-03,2851,198,0.000000e+00,198,198,0.012469,0.012469,0.0000e+00
dev-corpus-03,2852,309,0.000000e+00,309,309,0.017895,0.017895,0.0000e+00
dev-corpus-03,2853,4673,0.000000e+00,4673,4673,0.516791,0.516791,0.0000e+00
dev-corpus-03,2854,14953,0.000000e+00,14953,14953,0.012818,0.012818,0.0000e+00
dev-corpus-03,2855,482,0.000000e+00,482,482,0.019659,0.019659,0.0000e+00
dev-corpus-03,2856,1743,0.000000e+00,1743,1743,0.016602,0.016602,0.0000e+00
dev-corpus-03,2857,44530,0.000000e+00,44530,44530,0.000194,0.000194,0.0000e+00
dev-corpus-03,2858,6725,0.000000e+00,6725,6725,0.006808,0.006808,0.0000e+00
dev-corpus-03,2859,1809,0.000000e+00,1809,1809,0.000353,0.000353,0.0000e+00
dev-corpus-03,2860,303,0.000000e+00,303,303,0.000559,0.000559,0.0000e+00
dev-corpus-03,2861,5215,0.000000e+00,5215,5215,0.000508,0.000508,0.0000e+00
dev-corpus-03,2862,504,0.000000e+00,504,504,0.007221,0.007221,0.0000e+00
dev-corpus-03,2863,198,0.000000e+00,198,198,0.005538,0.005538,0.0000e+00
dev-corpus-03,2864,6323,0.000000e+00,6323,6323,0.001797,0.001797,0.0000e+00
dev-corpus-03,2865,638,0.000000e+00,638,638,0.000180,0.000180,0.0000e+00
dev-corpus-03,2866,37813,0.000000e+00,37813,37813,0.014893,0.014893,0.0000e+00
dev-corpus-03,2867,8,0.000000e+00,8,8,0.000658,0.000658,0.0000e+00
dev-corpus-03,2868,198,0.000000e+00,198,198,0.016939,0.016939,0.0000e+00
dev-corpus-03,2869,285,0.000000e+00,285,285,0.002297,0.002297,0.0000e+00
dev-corpus-03,2870,460,0.000000e+00,460,460,0.009648,0.009648,0.0000e+00
dev-corpus-03,2871,638,0.000000e+00,638,638,0.001250,0.001250,0.0000e+00
dev-corpus-03,2872,37813,0.000000e+00,37813,37813,0.001942,0.001942,0.0000e+00
dev-corpus-03,2873,4168,0.000000e+00,4168,4168,0.000274,0.000274,0.0000e+00
dev-corpus-03,2874,58759,0.000000e+00,58759,58759,0.004196,0.004196,0.0000e+00
dev-corpus-03,2875,11,0.000000e+00,11,11,0.000391,0.000391,0.0000e+00
dev-corpus-03,2876,638,0.000000e+00,638,638,0.000493,0.000493,0.0000e+00
dev-corpus-03,2877,20342,0.000000e+00,20342,20342,0.000327,0.000327,0.0000e+00
dev-corpus-03,2878,8,0.000000e+00,8,8,0.003276,0.003276,0.0000e+00
dev-corpus-03,2879,271,0.000000e+00,271,271,0.561747,0.561747,0.0000e+00
dev-corpus-03,2880,262,0.000000e+00,262,262,0.526872,0.526872,0.0000e+00
dev-corpus-03,2881,687,0.000000e+00,687,687,0.159198,0.159198,0.0000e+00
dev-corpus-03,2882,369,0.000000e+00,696,696,5.332053,5.332053,0.0000e+00
dev-corpus-03,2883,8078,0.000000e+00,32939,32939,2.366258,2.366258,0.0000e+00
dev-corpus-03,2884,1153,0.000000e+00,1153,1153,0.381592,0.381592,0.0000e+00
dev-corpus-03,2885,1590,0.000000e+00,11,11,1.098323,1.098323,0.0000e+00
dev-corpus-03,2886,198,0.000000e+00,198,198,0.006457,0.006457,0.0000e+00
dev-corpus-03,2887,285,0.000000e+00,285,285,0.003749,0.003749,0.0000e+00
dev-corpus-03,2888,364,0.000000e+00,4071,4071,4.614734,4.614734,0.0000e+00
dev-corpus-03,2889,4396,0.000000e+00,4396,4396,1.259592,1.259592,0.0000e+00
dev-corpus-03,2890,303,0.000000e+00,303,303,0.004736,0.004736,0.0000e+00
dev-corpus-03,2891,638,0.000000e+00,638,638,0.380430,0.380430,0.0000e+00
dev-corpus-03,2892,37813,0.000000e+00,37813,37813,0.136410,0.136410,0.0000e+00
dev-corpus-03,2893,2571,0.000000e+00,2571,2571,0.009669,0.009669,0.0000e+00
dev-corpus-03,2894,1947,0.000000e+00,1947,1947,0.000156,0.000156,0.0000e+00
dev-corpus-03,2895,1153,0.000000e+00,1153,1153,0.010372,0.010372,0.0000e+00
dev-corpus-03,2896,20342,0.000000e+00,20342,20342,0.005225,0.005225,0.0000e+00
dev-corpus-03,2897,1590,0.000000e+00,1590,1590,0.002499,0.002499,0.0000e+00
dev-corpus-03,2898,198,0.000000e+00,198,198,0.003331,0.003331,0.0000e+00
dev-corpus-03,2899,309,0.000000e+00,309,309,0.001122,0.001122,0.0000e+00
dev-corpus-03,2900,413,0.000000e+00,413,413,0.727324,0.727324,0.0000e+00
dev-corpus-03,2901,4396,0.000000e+00,4396,4396,0.031644,0.031644,0.0000e+00
dev-corpus-03,2902,5982,0.000000e+00,5982,5982,0.011313,0.011313,0.0000e+00
dev-corpus-03,2903,482,0.000000e+00,482,482,0.004818,0.004818,0.0000e+00
dev-corpus-03,2904,11469,0.000000e+00,29259,29259,0.871782,0.871782,0.0000e+00
dev-corpus-03,2905,837,0.000000e+00,837,837,0.143694,0.143694,0.0000e+00
dev-corpus-03,2906,369,0.000000e+00,369,369,0.025598,0.025598,0.0000e+00
dev-corpus-03,2907,524,0.000000e+00,524,524,0.008862,0.008862,0.0000e+00
dev-corpus-03,2908,2168,0.000000e+00,2168,2168,0.000178,0.000178,0.0000e+00
dev-corpus-03,2909,25,0.000000e+00,25,25,0.024779,0.024779,0.0000e+00
dev-corpus-03,2910,198,0.000000e+00,198,198,0.001166,0.001166,0.0000e+00
dev-corpus-03,2911,388,0.000000e+00,388,388,0.000930,0.000930,0.0000e+00
dev-corpus-03,2912,460,0.000000e+00,460,460,0.034649,0.034649,0.0000e+00
dev-corpus-03,2913,3439,0.000000e+00,3439,3439,0.005502,0.005502,0.0000e+00
dev-corpus-03,2914,198,0.000000e+00,198,198,0.018506,0.018506,0.0000e+00
dev-corpus-03,2915,309,0.000000e+00,285,285,0.928164,0.928164,0.0000e+00
dev-corpus-03,2916,413,0.000000e+00,413,413,0.453506,0.453506,0.0000e+00
dev-corpus-03,2917,318,0.000000e+00,4396,4396,5.564711,5.564711,0.0000e+00
dev-corpus-03,2918,6154,0.000000e+00,6154,6154,0.060177,0.060177,0.0000e+00
dev-corpus-03,2919,5982,0.000000e+00,5982,5982,0.000764,0.000764,0.0000e+00
dev-corpus-03,2920,482,0.000000e+00,482,482,0.001602,0.001602,0.0000e+00
dev-corpus-03,2921,29259,0.000000e+00,29259,29259,0.169269,0.169269,0.0000e+00
dev-corpus-03,2922,837,0.000000e+00,837,837,0.002577,0.002577,0.0000e+00
dev-corpus-03,2923,369,0.000000e+00,466,466,2.730214,2.730214,0.0000e+00
dev-corpus-03,2924,2168,0.000000e+00,524,524,1.085094,1.085094,0.0000e+00
dev-corpus-03,2925,198,0.000000e+00,321,321,2.069990,2.069990,0.0000e+00
dev-corpus-03,2926,388,0.000000e+00,388,388,0.544696,0.544696,0.0000e+00
dev-corpus-03,2927,321,0.000000e+00,321,321,0.010651,0.010651,0.0000e+00
dev-corpus-03,2928,4396,0.000000e+00,4396,4396,0.005986,0.005986,0.0000e+00
dev-corpus-03,2929,5982,0.000000e+00,5982,5982,0.000079,0.000079,0.0000e+00
dev-corpus-03,2930,482,0.000000e+00,482,482,0.000851,0.000851,0.0000e+00
dev-corpus-03,2931,1277,0.000000e+00,1277,1277,0.020895,0.020895,0.0000e+00
dev-corpus-03,2932,4289,0.000000e+00,4289,4289,0.000029,0.000029,0.0000e+00
dev-corpus-03,2933,837,0.000000e+00,837,837,0.000676,0.000676,0.0000e+00
dev-corpus-03,2934,369,0.000000e+00,369,369,0.002553,0.002553,0.0000e+00
dev-corpus-03,2935,2168,0.000000e+00,2168,2168,0.034968,0.034968,0.0000e+00
dev-corpus-03,2936,198,0.000000e+00,1590,1590,1.349160,1.349160,0.0000e+00
dev-corpus-03,2937,388,0.000000e+00,388,388,0.018462,0.018462,0.0000e+00
dev-corpus-03,2938,321,0.000000e+00,321,321,0.002754,0.002754,0.0000e+00
dev-corpus-03,2939,4396,0.000000e+00,4396,4396,0.008036,0.008036,0.0000e+00
dev-corpus-03,2940,5982,0.000000e+00,5982,5982,0.000085,0.000085,0.0000e+00
dev-corpus-03,2941,482,0.000000e+00,482,482,0.003102,0.003102,0.0000e+00
dev-corpus-03,2942,63605,0.000000e+00,63605,63605,0.149176,0.149176,0.0000e+00
dev-corpus-03,2943,837,0.000000e+00,837,837,0.001792,0.001792,0.0000e+00
dev-corpus-03,2944,369,0.000000e+00,369,369,0.000837,0.000837,0.0000e+00
dev-corpus-03,2945,2168,0.000000e+00,2168,2168,0.025660,0.025660,0.0000e+00
dev-corpus-03,2946,1590,0.000000e+00,1590,1590,0.046894,0.046894,0.0000e+00
dev-corpus-03,2947,198,0.000000e+00,198,198,0.002144,0.002144,0.0000e+00
dev-corpus-03,2948,388,0.000000e+00,388,388,0.002124,0.002124,0.0000e+00
dev-corpus-03,2949,653,0.000000e+00,460,460,4.380946,4.380946,0.0000e+00
dev-corpus-03,2950,1368,0.000000e+00,1061,1061,2.997070,2.997070,0.0000e+00
dev-corpus-03,2951,660,0.000000e+00,567,567,4.117091,4.117091,0.0000e+00
dev-corpus-03,2952,279,0.000000e+00,5038,5038,2.844291,2.844291,0.0000e+00
dev-corpus-03,2953,5038,0.000000e+00,5038,5038,1.199259,1.199259,0.0000e+00
dev-corpus-03,2954,513,0.000000e+00,513,513,0.258151,0.258151,0.0000e+00
dev-corpus-03,2955,2168,0.000000e+00,2168,2168,0.166726,0.166726,0.0000e+00
dev-corpus-03,2956,11,0.000000e+00,11,11,0.116151,0.116151,0.0000e+00
dev-corpus-03,2957,1017,0.000000e+00,1179,1179,3.521858,3.521858,0.0000e+00
dev-corpus-03,2958,1902,0.000000e+00,579,579,2.984544,2.984544,0.0000e+00
dev-corpus-03,2959,381,0.000000e+00,381,381,0.050010,0.050010,0.0000e+00
dev-corpus-03,2960,198,0.000000e+00,449,449,3.225417,3.225417,0.0000e+00
dev-corpus-03,2961,388,0.000000e+00,388,388,0.000737,0.000737,0.0000e+00
dev-corpus-03,2962,653,0.000000e+00,653,653,0.000386,0.000386,0.0000e+00
dev-corpus-03,2963,2361,0.000000e+00,449,449,3.912838,3.912838,0.0000e+00
dev-corpus-03,2964,1809,0.000000e+00,1809,1809,0.618524,0.618524,0.0000e+00
dev-corpus-03,2965,567,0.000000e+00,421,421,4.503937,4.503937,0.0000e+00
dev-corpus-03,2966,2224,0.000000e+00,3105,3105,2.442513,2.442513,0.0000e+00
dev-corpus-03,2967,524,0.000000e+00,7167,7167,1.129405,1.129405,0.0000e+00
dev-corpus-03,2968,21637,0.000000e+00,12910,12910,4.013792,4.013792,0.0000e+00
dev-corpus-03,2969,198,0.000000e+00,13,13,1.990743,1.990743,0.0000e+00
dev-corpus-03,2970,388,0.000000e+00,388,388,0.001630,0.001630,0.0000e+00
dev-corpus-03,2971,4673,0.000000e+00,460,460,2.065850,2.065850,0.0000e+00
dev-corpus-03,2972,14953,0.000000e+00,14953,14953,0.112868,0.112868,0.0000e+00
dev-corpus-03,2973,482,0.000000e+00,482,482,0.301934,0.301934,0.0000e+00
dev-corpus-03,2974,1743,0.000000e+00,1743,1743,0.213335,0.213335,0.0000e+00
dev-corpus-03,2975,44530,0.000000e+00,44530,44530,0.007891,0.007891,0.0000e+00
dev-corpus-03,2976,6725,0.000000e+00,6725,6725,0.381964,0.381964,0.0000e+00
dev-corpus-03,2977,1809,0.000000e+00,1809,1809,0.003088,0.003088,0.0000e+00
dev-corpus-03,2978,303,0.000000e+00,303,303,0.014914,0.014914,0.0000e+00
dev-corpus-03,2979,5215,0.000000e+00,5215,5215,0.007518,0.007518,0.0000e+00
dev-corpus-03,2980,504,0.000000e+00,504,504,0.045251,0.045251,0.0000e+00
dev-corpus-03,2981,198,0.000000e+00,198,198,0.006295,0.006295,0.0000e+00
dev-corpus-03,2982,493,0.000000e+00,761,761,6.555208,6.555208,0.0000e+00
dev-corpus-03,2983,638,0.000000e+00,638,638,0.010842,0.010842,0.0000e+00
dev-corpus-03,2984,37813,0.000000e+00,37813,37813,0.030845,0.030845,0.0000e+00
dev-corpus-03,2985,8,0.000000e+00,8,8,0.005713,0.005713,0.0000e+00
dev-corpus-03,2986,198,0.000000e+00,198,198,0.024283,0.024283,0.0000e+00
dev-corpus-03,2987,285,0.000000e+00,285,285,0.034179,0.034179,0.0000e+00
dev-corpus-03,2988,460,0.000000e+00,460,460,0.028621,0.028621,0.0000e+00
dev-corpus-03,2989,2912,0.000000e+00,2912,2912,0.006081,0.006081,0.0000e+00
dev-corpus-03,2990,271,0.000000e+00,271,271,0.239982,0.239982,0.0000e+00
dev-corpus-03,2991,262,0.000000e+00,262,262,0.148065,0.148065,0.0000e+00
dev-corpus-03,2992,687,0.000000e+00,687,687,0.156493,0.156493,0.0000e+00
dev-corpus-03,2993,615,0.000000e+00,1259,1259,2.748205,2.748205,0.0000e+00
dev-corpus-03,2994,37125,0.000000e+00,39109,39109,5.038255,5.038255,0.0000e+00
dev-corpus-03,2995,11497,0.000000e+00,11497,11497,0.102685,0.102685,0.0000e+00
dev-corpus-03,2996,1153,0.000000e+00,1153,1153,0.006608,0.006608,0.0000e+00
dev-corpus-03,2997,1590,0.000000e+00,1590,1590,0.049255,0.049255,0.0000e+00
dev-corpus-03,2998,198,0.000000e+00,198,198,0.001913,0.001913,0.0000e+00
dev-corpus-03,2999,285,0.000000e+00,285,285,0.001706,0.001706,0.0000e+00
dev-corpus-03,3000,13746,0.000000e+00,4071,4071,4.257851,4.257851,0.0000e+00
dev-corpus-03,3001,283,0.000000e+00,283,283,0.004059,0.004059,0.0000e+00
dev-corpus-03,3002,2958,0.000000e+00,2958,2958,0.861504,0.861504,0.0000e+00
dev-corpus-03,3003,198,0.000000e+00,198,198,0.003425,0.003425,0.0000e+00
dev-corpus-03,3004,285,0.000000e+00,285,285,0.000887,0.000887,0.0000e+00
dev-corpus-03,3005,364,0.000000e+00,364,364,0.057991,0.057991,0.0000e+00
dev-corpus-03,3006,4396,0.000000e+00,4396,4396,0.036326,0.036326,0.0000e+00
dev-corpus-03,3007,303,0.000000e+00,303,303,0.000408,0.000408,0.0000e+00
dev-corpus-03,3008,638,0.000000e+00,638,638,0.009527,0.009527,0.0000e+00
dev-corpus-03,3009,37813,0.000000e+00,37813,37813,0.012944,0.012944,0.0000e+00
dev-corpus-03,3010,2571,0.000000e+00,2571,2571,0.001823,0.001823,0.0000e+00
dev-corpus-03,3011,1947,0.000000e+00,1947,1947,0.000024,0.000024,0.0000e+00
dev-corpus-03,3012,1153,0.000000e+00,1153,1153,0.000854,0.000854,0.0000e+00
dev-corpus-03,3013,20342,0.000000e+00,20342,20342,0.000220,0.000220,0.0000e+00
dev-corpus-03,3014,1590,0.000000e+00,1590,1590,0.000829,0.000829,0.0000e+00
dev-corpus-03,3015,198,0.000000e+00,198,198,0.000964,0.000964,0.0000e+00
dev-corpus-03,3016,309,0.000000e+00,309,309,0.000489,0.000489,0.0000e+00
dev-corpus-03,3017,6725,0.000000e+00,413,413,1.066561,1.066561,0.0000e+00
dev-corpus-03,3018,283,0.000000e+00,283,283,0.004883,0.004883,0.0000e+00
dev-corpus-03,3019,4396,0.000000e+00,4396,4396,0.004120,0.004120,0.0000e+00
dev-corpus-03,3020,5982,0.000000e+00,5982,5982,0.000537,0.000537,0.0000e+00
dev-corpus-03,3021,482,0.000000e+00,482,482,0.001370,0.001370,0.0000e+00
dev-corpus-03,3022,29259,0.000000e+00,29259,29259,0.004841,0.004841,0.0000e+00
dev-corpus-03,3023,837,0.000000e+00,837,837,0.000713,0.000713,0.0000e+00
dev-corpus-03,3024,466,0.000000e+00,466,466,0.301955,0.301955,0.0000e+00
dev-corpus-03,3025,4396,0.000000e+00,4396,4396,0.000360,0.000360,0.0000e+00
dev-corpus-03,3026,5982,0.000000e+00,5982,5982,0.000076,0.000076,0.0000e+00
dev-corpus-03,3027,482,0.000000e+00,482,482,0.000384,0.000384,0.0000e+00
dev-corpus-03,3028,1277,0.000000e+00,1277,1277,0.000626,0.000626,0.0000e+00
dev-corpus-03,3029,4289,0.000000e+00,4289,4289,0.002039,0.002039,0.0000e+00
dev-corpus-03,3030,837,0.000000e+00,837,837,0.000146,0.000146,0.0000e+00
dev-corpus-03,3031,198,0.000000e+00,198,198,0.004894,0.004894,0.0000e+00
dev-corpus-03,3032,309,0.000000e+00,309,309,0.000258,0.000258,0.0000e+00
dev-corpus-03,3033,413,0.000000e+00,413,413,0.031758,0.031758,0.0000e+00
dev-corpus-03,3034,6725,0.000000e+00,6725,6725,0.004964,0.004964,0.0000e+00
dev-corpus-03,3035,369,0.000000e+00,369,369,0.159819,0.159819,0.0000e+00
dev-corpus-03,3036,524,0.000000e+00,524,524,0.010858,0.010858,0.0000e+00
dev-corpus-03,3037,2168,0.000000e+00,2168,2168,0.000074,0.000074,0.0000e+00
dev-corpus-03,3038,321,0.000000e+00,25,25,4.829505,4.829505,0.0000e+00
dev-corpus-03,3039,6725,0.000000e+00,6725,6725,0.267405,0.267405,0.0000e+00
dev-corpus-03,3040,524,0.000000e+00,524,524,0.280474,0.280474,0.0000e+00
dev-corpus-03,3041,303,0.000000e+00,303,303,0.000047,0.000047,0.0000e+00
dev-corpus-03,3042,13746,0.000000e+00,13746,13746,0.023847,0.023847,0.0000e+00
dev-corpus-03,3043,25,0.000000e+00,25,25,0.001406,0.001406,0.0000e+00
dev-corpus-03,3044,198,0.000000e+00,198,198,0.001059,0.001059,0.0000e+00
dev-corpus-03,3045,388,0.000000e+00,388,388,0.000922,0.000922,0.0000e+00
dev-corpus-03,3046,653,0.000000e+00,13746,13746,5.502316,5.502316,0.0000e+00
dev-corpus-03,3047,884,0.000000e+00,1368,1368,5.231765,5.231765,0.0000e+00
dev-corpus-03,3048,264,0.000000e+00,279,279,3.820358,3.820358,0.0000e+00
dev-corpus-03,3049,6725,0.000000e+00,2880,2880,3.283387,3.283387,0.0000e+00
dev-corpus-03,3050,1809,0.000000e+00,1809,1809,0.810229,0.810229,0.0000e+00
dev-corpus-03,3051,1132,0.000000e+00,198,198,3.030972,3.030972,0.0000e+00
dev-corpus-03,3052,279,0.000000e+00,2957,2957,3.594581,3.594581,0.0000e+00
dev-corpus-03,3053,1118,0.000000e+00,1118,1118,0.011427,0.011427,0.0000e+00
dev-corpus-03,3054,854,0.000000e+00,854,854,0.011245,0.011245,0.0000e+00
dev-corpus-03,3055,424,0.000000e+00,424,424,0.747028,0.747028,0.0000e+00
dev-corpus-03,3056,7701,0.000000e+00,7701,7701,1.136311,1.136311,0.0000e+00
dev-corpus-03,3057,198,0.000000e+00,198,198,0.076950,0.076950,0.0000e+00
dev-corpus-03,3058,388,0.000000e+00,388,388,0.000317,0.000317,0.0000e+00
dev-corpus-03,3059,13746,0.000000e+00,13746,13746,0.084945,0.084945,0.0000e+00
dev-corpus-03,3060,1989,0.000000e+00,1989,1989,0.000925,0.000925,0.0000e+00
dev-corpus-03,3061,36101,0.000000e+00,36101,36101,0.001784,0.001784,0.0000e+00
dev-corpus-03,3062,8,0.000000e+00,8,8,0.002275,0.002275,0.0000e+00
dev-corpus-03,3063,198,0.000000e+00,198,198,0.009336,0.009336,0.0000e+00
dev-corpus-03,3064,309,0.000000e+00,285,285,3.055877,3.055877,0.0000e+00
dev-corpus-03,3065,4265,0.000000e+00,26880,26880,1.939379,1.939379,0.0000e+00
dev-corpus-03,3066,318,0.000000e+00,4396,4396,2.539935,2.539935,0.0000e+00
dev-corpus-03,3067,29259,0.000000e+00,6154,6154,1.689554,1.689554,0.0000e+00
dev-corpus-03,3068,369,0.000000e+00,369,369,0.036685,0.036685,0.0000e+00
dev-corpus-03,3069,2168,0.000000e+00,2168,2168,0.106106,0.106106,0.0000e+00
dev-corpus-03,3070,198,0.000000e+00,198,198,0.197030,0.197030,0.0000e+00
dev-corpus-03,3071,388,0.000000e+00,1638,1638,1.791770,1.791770,0.0000e+00
dev-corpus-04,3072,285,0.000000e+00,2,2,5.772542,5.772542,0.0000e+00
dev-corpus-04,3073,4265,0.000000e+00,333,333,5.736618,5.736618,0.0000e+00
dev-corpus-04,3074,11074,0.000000e+00,318,318,4.486591,4.486591,0.0000e+00
dev-corpus-04,3075,1446,0.000000e+00,2007,2007,2.994041,2.994041,0.0000e+00
dev-corpus-04,3076,14711,0.000000e+00,11,11,8.661118,8.661118,0.0000e+00
dev-corpus-04,3077,2508,0.000000e+00,11,11,9.099749,9.099749,0.0000e+00
dev-corpus-04,3078,11,0.000000e+00,11,11,0.085736,0.085736,0.0000e+00
dev-corpus-04,3079,592,0.000000e+00,592,592,0.801148,0.801148,0.0000e+00
dev-corpus-04,3080,1590,0.000000e+00,1590,1590,0.067173,0.067173,0.0000e+00
dev-corpus-04,3081,198,0.000000e+00,198,198,0.021820,0.021820,0.0000e+00
dev-corpus-04,3082,309,0.000000e+00,309,309,0.043507,0.043507,0.0000e+00
dev-corpus-04,3083,20245,0.000000e+00,20245,20245,0.855969,0.855969,0.0000e+00
dev-corpus-04,3084,30919,0.000000e+00,2508,2508,16.412408,16.412408,0.0000e+00
dev-corpus-04,3085,283,0.000000e+00,283,283,0.220158,0.220158,0.0000e+00
dev-corpus-04,3086,12102,0.000000e+00,52665,52665,7.094617,7.094617,0.0000e+00
dev-corpus-04,3087,293,0.000000e+00,25,25,2.599093,2.599093,0.0000e+00
dev-corpus-04,3088,21402,0.000000e+00,25,25,7.893853,7.893853,0.0000e+00
dev-corpus-04,3089,6,0.000000e+00,21,21,3.058066,3.058066,0.0000e+00
dev-corpus-04,3090,1170,0.000000e+00,1170,1170,0.255518,0.255518,0.0000e+00
dev-corpus-04,3091,696,0.000000e+00,293,293,4.072008,4.072008,0.0000e+00
dev-corpus-04,3092,8038,0.000000e+00,8038,8038,1.280464,1.280464,0.0000e+00
dev-corpus-04,3093,2653,0.000000e+00,2653,2653,0.694382,0.694382,0.0000e+00
dev-corpus-04,3094,4468,0.000000e+00,4468,4468,0.225868,0.225868,0.0000e+00
dev-corpus-04,3095,1446,0.000000e+00,1446,1446,0.024189,0.024189,0.0000e+00
dev-corpus-04,3096,14711,0.000000e+00,14711,14711,0.010847,0.010847,0.0000e+00
dev-corpus-04,3097,2508,0.000000e+00,2508,2508,0.001064,0.001064,0.0000e+00
dev-corpus-04,3098,11,0.000000e+00,11,11,0.109639,0.109639,0.0000e+00
dev-corpus-04,3099,293,0.000000e+00,293,293,0.035243,0.035243,0.0000e+00
dev-corpus-04,3100,8,0.000000e+00,8,8,0.172931,0.172931,0.0000e+00
dev-corpus-04,3101,198,0.000000e+00,198,198,0.145354,0.145354,0.0000e+00
dev-corpus-04,3102,285,0.000000e+00,285,285,0.253987,0.253987,0.0000e+00
dev-corpus-04,3103,745,0.000000e+00,745,745,0.099134,0.099134,0.0000e+00
dev-corpus-04,3104,25,0.000000e+00,25,25,0.000371,0.000371,0.0000e+00
dev-corpus-04,3105,198,0.000000e+00,198,198,0.010169,0.010169,0.0000e+00
dev-corpus-04,3106,309,0.000000e+00,309,309,0.001590,0.001590,0.0000e+00
dev-corpus-04,3107,20245,0.000000e+00,4673,4673,2.263619,2.263619,0.0000e+00
dev-corpus-04,3108,30919,0.000000e+00,30919,30919,0.023526,0.023526,0.0000e+00
dev-corpus-04,3109,283,0.000000e+00,283,283,0.002099,0.002099,0.0000e+00
dev-corpus-04,3110,12102,0.000000e+00,12102,12102,0.245060,0.245060,0.0000e+00
dev-corpus-04,3111,293,0.000000e+00,293,293,0.063019,0.063019,0.0000e+00
dev-corpus-04,3112,21402,0.000000e+00,21402,21402,0.011905,0.011905,0.0000e+00
dev-corpus-04,3113,6,0.000000e+00,6,6,0.007116,0.007116,0.0000e+00
dev-corpus-04,3114,1170,0.000000e+00,1170,1170,0.000270,0.000270,0.0000e+00
dev-corpus-04,3115,20245,0.000000e+00,293,293,2.027307,2.027307,0.0000e+00
dev-corpus-04,3116,2508,0.000000e+00,2508,2508,0.003786,0.003786,0.0000e+00
dev-corpus-04,3117,4468,0.000000e+00,1446,1446,3.375128,3.375128,0.0000e+00
dev-corpus-04,3118,1446,0.000000e+00,1446,1446,0.020816,0.020816,0.0000e+00
dev-corpus-04,3119,8,0.000000e+00,8,8,0.008239,0.008239,0.0000e+00
dev-corpus-04,3120,271,0.000000e+00,198,198,0.979637,0.979637,0.0000e+00
dev-corpus-04,3121,285,0.000000e+00,285,285,0.289787,0.289787,0.0000e+00
dev-corpus-04,3122,638,0.000000e+00,653,653,2.288756,2.288756,0.0000e+00
dev-corpus-04,3123,1385,0.000000e+00,1385,1385,0.696940,0.696940,0.0000e+00
dev-corpus-04,3124,71,0.000000e+00,35138,35138,3.620212,3.620212,0.0000e+00
dev-corpus-04,3125,11609,0.000000e+00,283,283,1.263932,1.263932,0.0000e+00
dev-corpus-04,3126,283,0.000000e+00,283,283,1.051640,1.051640,0.0000e+00
dev-corpus-04,3127,2168,0.000000e+00,12102,12102,3.088394,3.088394,0.0000e+00
dev-corpus-04,3128,198,0.000000e+00,198,198,0.150919,0.150919,0.0000e+00
dev-corpus-04,3129,285,0.000000e+00,285,285,0.004402,0.004402,0.0000e+00
dev-corpus-04,3130,638,0.000000e+00,638,638,0.170629,0.170629,0.0000e+00
dev-corpus-04,3131,1385,0.000000e+00,1385,1385,0.121910,0.121910,0.0000e+00
dev-corpus-04,3132,2589,0.000000e+00,71,71,9.289196,9.289196,0.0000e+00
dev-corpus-04,3133,283,0.000000e+00,283,283,0.391414,0.391414,0.0000e+00
dev-corpus-04,3134,20245,0.000000e+00,2168,2168,2.554175,2.554175,0.0000e+00
dev-corpus-04,3135,30919,0.000000e+00,30919,30919,0.008135,0.008135,0.0000e+00
dev-corpus-04,3136,363,0.000000e+00,1818,1818,1.363794,1.363794,0.0000e+00
dev-corpus-04,3137,198,0.000000e+00,198,198,0.095667,0.095667,0.0000e+00
dev-corpus-04,3138,285,0.000000e+00,285,285,0.005476,0.005476,0.0000e+00
dev-corpus-04,3139,638,0.000000e+00,638,638,0.028676,0.028676,0.0000e+00
dev-corpus-04,3140,1385,0.000000e+00,1385,1385,0.009359,0.009359,0.0000e+00
dev-corpus-04,3141,4240,0.000000e+00,4240,4240,0.216756,0.216756,0.0000e+00
dev-corpus-04,3142,283,0.000000e+00,283,283,0.008786,0.008786,0.0000e+00
dev-corpus-04,3143,20245,0.000000e+00,20245,20245,0.077469,0.077469,0.0000e+00
dev-corpus-04,3144,30919,0.000000e+00,30919,30919,0.000708,0.000708,0.0000e+00
dev-corpus-04,3145,363,0.000000e+00,363,363,0.050631,0.050631,0.0000e+00
dev-corpus-04,3146,198,0.000000e+00,198,198,0.505254,0.505254,0.0000e+00
dev-corpus-04,3147,285,0.000000e+00,285,285,0.058308,0.058308,0.0000e+00
dev-corpus-04,3148,638,0.000000e+00,638,638,0.165285,0.165285,0.0000e+00
dev-corpus-04,3149,72998,0.000000e+00,1385,1385,5.768866,5.768866,0.0000e+00
dev-corpus-04,3150,2291,0.000000e+00,2508,2508,2.195389,2.195389,0.0000e+00
dev-corpus-04,3151,283,0.000000e+00,283,283,0.005209,0.005209,0.0000e+00
dev-corpus-04,3152,638,0.000000e+00,638,638,0.144775,0.144775,0.0000e+00
dev-corpus-04,3153,1385,0.000000e+00,1385,1385,0.014492,0.014492,0.0000e+00
dev-corpus-04,3154,4240,0.000000e+00,2589,2589,1.225594,1.225594,0.0000e+00
dev-corpus-04,3155,72998,0.000000e+00,72998,72998,0.021351,0.021351,0.0000e+00
dev-corpus-04,3156,2291,0.000000e+00,2291,2291,0.001343,0.001343,0.0000e+00
dev-corpus-04,3157,271,0.000000e+00,198,198,0.757573,0.757573,0.0000e+00
dev-corpus-04,3158,285,0.000000e+00,262,262,0.754346,0.754346,0.0000e+00
dev-corpus-04,3159,413,0.000000e+00,653,653,1.712862,1.712862,0.0000e+00
dev-corpus-04,3160,30038,0.000000e+00,11074,11074,2.740586,2.740586,0.0000e+00
dev-corpus-04,3161,1153,0.000000e+00,1153,1153,0.589088,0.589088,0.0000e+00
dev-corpus-04,3162,1385,0.000000e+00,1385,1385,0.295560,0.295560,0.0000e+00
dev-corpus-04,3163,4240,0.000000e+00,4240,4240,0.235617,0.235617,0.0000e+00
dev-corpus-04,3164,11,0.000000e+00,11,11,0.005343,0.005343,0.0000e+00
dev-corpus-04,3165,359,0.000000e+00,359,359,0.070475,0.070475,0.0000e+00
dev-corpus-04,3166,4425,0.000000e+00,4425,4425,0.769191,0.769191,0.0000e+00
dev-corpus-04,3167,2291,0.000000e+00,2291,2291,0.031091,0.031091,0.0000e+00
dev-corpus-04,3168,33782,0.000000e+00,33782,33782,0.025554,0.025554,0.0000e+00
dev-corpus-04,3169,198,0.000000e+00,198,198,0.010033,0.010033,0.0000e+00
dev-corpus-04,3170,309,0.000000e+00,309,309,0.001421,0.001421,0.0000e+00
dev-corpus-04,3171,2424,0.000000e+00,638,638,2.315847,2.315847,0.0000e+00
dev-corpus-04,3172,2073,0.000000e+00,2291,2291,3.209674,3.209674,0.0000e+00
dev-corpus-04,3173,283,0.000000e+00,283,283,0.011463,0.011463,0.0000e+00
dev-corpus-04,3174,638,0.000000e+00,638,638,0.032854,0.032854,0.0000e+00
dev-corpus-04,3175,1385,0.000000e+00,1385,1385,0.003744,0.003744,0.0000e+00
dev-corpus-04,3176,4240,0.000000e+00,4240,4240,0.000962,0.000962,0.0000e+00
dev-corpus-04,3177,15236,0.000000e+00,15236,15236,0.002607,0.002607,0.0000e+00
dev-corpus-04,3178,2291,0.000000e+00,2291,2291,0.000510,0.000510,0.0000e+00
dev-corpus-04,3179,198,0.000000e+00,198,198,0.061161,0.061161,0.0000e+00
dev-corpus-04,3180,309,0.000000e+00,285,285,1.811867,1.811867,0.0000e+00
dev-corpus-04,3181,413,0.000000e+00,413,413,0.481801,0.481801,0.0000e+00
dev-corpus-04,3182,2424,0.000000e+00,2424,2424,0.581645,0.581645,0.0000e+00
dev-corpus-04,3183,2073,0.000000e+00,2073,2073,0.004996,0.004996,0.0000e+00
dev-corpus-04,3184,361,0.000000e+00,369,369,2.259863,2.259863,0.0000e+00
dev-corpus-04,3185,220,0.000000e+00,220,220,0.157621,0.157621,0.0000e+00
dev-corpus-04,3186,16,0.000000e+00,16,16,0.750184,0.750184,0.0000e+00
dev-corpus-04,3187,21,0.000000e+00,25,25,1.330649,1.330649,0.0000e+00
dev-corpus-04,3188,25,0.000000e+00,25,25,0.075524,0.075524,0.0000e+00
dev-corpus-04,3189,198,0.000000e+00,198,198,0.030899,0.030899,0.0000e+00
dev-corpus-04,3190,388,0.000000e+00,388,388,0.001784,0.001784,0.0000e+00
dev-corpus-04,3191,696,0.000000e+00,4673,4673,5.673859,5.673859,0.0000e+00
dev-corpus-04,3192,58410,0.000000e+00,32370,32370,3.401953,3.401953,0.0000e+00
dev-corpus-04,3193,20751,0.000000e+00,20751,20751,0.002871,0.002871,0.0000e+00
dev-corpus-04,3194,482,0.000000e+00,7,7,1.202130,1.202130,0.0000e+00
dev-corpus-04,3195,4425,0.000000e+00,4425,4425,1.696735,1.696735,0.0000e+00
dev-corpus-04,3196,2291,0.000000e+00,2073,2073,1.176946,1.176946,0.0000e+00
dev-corpus-04,3197,314,0.000000e+00,361,361,2.099286,2.099286,0.0000e+00
dev-corpus-04,3198,984,0.000000e+00,984,984,0.813975,0.813975,0.0000e+00
dev-corpus-04,3199,67,0.000000e+00,67,67,0.721680,0.721680,0.0000e+00
dev-corpus-04,3200,4816,0.000000e+00,369,369,3.699270,3.699270,0.0000e+00
dev-corpus-04,3201,2166,0.000000e+00,2166,2166,1.056292,1.056292,0.0000e+00
dev-corpus-04,3202,2526,0.000000e+00,2526,2526,0.089907,0.089907,0.0000e+00
dev-corpus-04,3203,26,0.000000e+00,364,364,3.814528,3.814528,0.0000e+00
dev-corpus-04,3204,1608,0.000000e+00,359,359,3.527470,3.527470,0.0000e+00
dev-corpus-04,3205,1004,0.000000e+00,220,220,7.956055,7.956055,0.0000e+00
dev-corpus-04,3206,359,0.000000e+00,1765,1765,1.687001,1.687001,0.0000e+00
dev-corpus-04,3207,198,0.000000e+00,198,198,0.011947,0.011947,0.0000e+00
dev-corpus-04,3208,7322,0.000000e+00,7322,7322,0.553412,0.553412,0.0000e+00
dev-corpus-04,3209,359,0.000000e+00,359,359,0.012388,0.012388,0.0000e+00
dev-corpus-04,3210,2186,0.000000e+00,754,754,1.706367,1.706367,0.0000e+00
dev-corpus-04,3211,314,0.000000e+00,314,314,0.868419,0.868419,0.0000e+00
dev-corpus-04,3212,984,0.000000e+00,220,220,1.444505,1.444505,0.0000e+00
dev-corpus-04,3213,67,0.000000e+00,67,67,0.004946,0.004946,0.0000e+00
dev-corpus-04,3214,3058,0.000000e+00,6,6,3.150018,3.150018,0.0000e+00
dev-corpus-04,3215,984,0.000000e+00,984,984,0.038199,0.038199,0.0000e+00
dev-corpus-04,3216,318,0.000000e+00,318,318,0.027894,0.027894,0.0000e+00
dev-corpus-04,3217,4425,0.000000e+00,4425,4425,0.013973,0.013973,0.0000e+00
dev-corpus-04,3218,2073,0.000000e+00,2073,2073,0.000077,0.000077,0.0000e+00
dev-corpus-04,3219,11,0.000000e+00,11,11,0.000944,0.000944,0.0000e+00
dev-corpus-04,3220,638,0.000000e+00,220,220,2.126688,2.126688,0.0000e+00
dev-corpus-04,3221,15236,0.000000e+00,15236,15236,0.599698,0.599698,0.0000e+00
dev-corpus-04,3222,2073,0.000000e+00,2291,2291,1.725449,1.725449,0.0000e+00
dev-corpus-04,3223,681,0.000000e+00,681,681,0.389106,0.389106,0.0000e+00
dev-corpus-04,3224,198,0.000000e+00,198,198,0.020907,0.020907,0.0000e+00
dev-corpus-04,3225,7322,0.000000e+00,7322,7322,0.004319,0.004319,0.0000e+00
dev-corpus-04,3226,10634,0.000000e+00,696,696,2.422075,2.422075,0.0000e+00
dev-corpus-04,3227,11743,0.000000e+00,11743,11743,0.003025,0.003025,0.0000e+00
dev-corpus-04,3228,11,0.000000e+00,8,8,1.415576,1.415576,0.0000e+00
dev-corpus-04,3229,220,0.000000e+00,5436,5436,3.076289,3.076289,0.0000e+00
dev-corpus-04,3230,17,0.000000e+00,17,17,0.147423,0.147423,0.0000e+00
dev-corpus-04,3231,8,0.000000e+00,8,8,0.005813,0.005813,0.0000e+00
dev-corpus-04,3232,198,0.000000e+00,198,198,0.010500,0.010500,0.0000e+00
dev-corpus-04,3233,388,0.000000e+00,388,388,0.408224,0.408224,0.0000e+00
dev-corpus-04,3234,2424,0.000000e+00,2424,2424,0.456281,0.456281,0.0000e+00
dev-corpus-04,3235,2073,0.000000e+00,2073,2073,0.000199,0.000199,0.0000e+00
dev-corpus-04,3236,283,0.000000e+00,283,283,0.000644,0.000644,0.0000e+00
dev-corpus-04,3237,638,0.000000e+00,638,638,0.138652,0.138652,0.0000e+00
dev-corpus-04,3238,15236,0.000000e+00,15236,15236,0.002426,0.002426,0.0000e+00
dev-corpus-04,3239,2073,0.000000e+00,2073,2073,0.001963,0.001963,0.0000e+00
dev-corpus-04,3240,198,0.000000e+00,198,198,0.602208,0.602208,0.0000e+00
dev-corpus-04,3241,285,0.000000e+00,285,285,0.392928,0.392928,0.0000e+00
dev-corpus-04,3242,745,0.000000e+00,745,745,0.267749,0.267749,0.0000e+00
dev-corpus-04,3243,25,0.000000e+00,25,25,0.000027,0.000027,0.0000e+00
dev-corpus-04,3244,198,0.000000e+00,198,198,0.004979,0.004979,0.0000e+00
dev-corpus-04,3245,309,0.000000e+00,309,309,0.000890,0.000890,0.0000e+00
dev-corpus-04,3246,696,0.000000e+00,2424,2424,4.278479,4.278479,0.0000e+00
dev-corpus-04,3247,58410,0.000000e+00,58410,58410,0.075804,0.075804,0.0000e+00
dev-corpus-04,3248,20751,0.000000e+00,20751,20751,0.000402,0.000402,0.0000e+00
dev-corpus-04,3249,482,0.000000e+00,482,482,0.207781,0.207781,0.0000e+00
dev-corpus-04,3250,2665,0.000000e+00,4425,4425,2.738213,2.738213,0.0000e+00
dev-corpus-04,3251,2424,0.000000e+00,2424,2424,0.063329,0.063329,0.0000e+00
dev-corpus-04,3252,2291,0.000000e+00,2291,2291,0.063756,0.063756,0.0000e+00
dev-corpus-04,3253,6816,0.000000e+00,6816,6816,0.992910,0.992910,0.0000e+00
dev-corpus-04,3254,383,0.000000e+00,1669,1669,2.051368,2.051368,0.0000e+00
dev-corpus-04,3255,2574,0.000000e+00,984,984,6.367930,6.367930,0.0000e+00
dev-corpus-04,3256,20245,0.000000e+00,5010,5010,1.184801,1.184801,0.0000e+00
dev-corpus-04,3257,1576,0.000000e+00,2508,2508,2.687877,2.687877,0.0000e+00
dev-corpus-04,3258,26,0.000000e+00,26,26,0.616819,0.616819,0.0000e+00
dev-corpus-04,3259,359,0.000000e+00,359,359,0.025538,0.025538,0.0000e+00
dev-corpus-04,3260,198,0.000000e+00,198,198,0.000339,0.000339,0.0000e+00
dev-corpus-04,3261,5780,0.000000e+00,5780,5780,0.041800,0.041800,0.0000e+00
dev-corpus-04,3262,359,0.000000e+00,359,359,0.002419,0.002419,0.0000e+00
dev-corpus-04,3263,5439,0.000000e+00,940,940,7.045863,7.045863,0.0000e+00
dev-corpus-04,3264,28528,0.000000e+00,28528,28528,0.048370,0.048370,0.0000e+00
dev-corpus-04,3265,984,0.000000e+00,984,984,1.224746,1.224746,0.0000e+00
dev-corpus-04,3266,67,0.000000e+00,67,67,0.014495,0.014495,0.0000e+00
dev-corpus-04,3267,3058,0.000000e+00,3058,3058,0.649362,0.649362,0.0000e+00
dev-corpus-04,3268,984,0.000000e+00,984,984,0.003846,0.003846,0.0000e+00
dev-corpus-04,3269,318,0.000000e+00,638,638,1.928602,1.928602,0.0000e+00
dev-corpus-04,3270,701,0.000000e+00,701,701,0.033584,0.033584,0.0000e+00
dev-corpus-04,3271,15236,0.000000e+00,15236,15236,0.000489,0.000489,0.0000e+00
dev-corpus-04,3272,2073,0.000000e+00,2073,2073,0.000885,0.000885,0.0000e+00
dev-corpus-04,3273,681,0.000000e+00,681,681,0.163818,0.163818,0.0000e+00
dev-corpus-04,3274,198,0.000000e+00,198,198,0.635498,0.635498,0.0000e+00
dev-corpus-04,3275,5780,0.000000e+00,5780,5780,0.002138,0.002138,0.0000e+00
dev-corpus-04,3276,10634,0.000000e+00,10634,10634,0.006716,0.006716,0.0000e+00
dev-corpus-04,3277,11743,0.000000e+00,11743,11743,0.000110,0.000110,0.0000e+00
dev-corpus-04,3278,11,0.000000e+00,11,11,0.021671,0.021671,0.0000e+00
dev-corpus-04,3279,220,0.000000e+00,220,220,0.002556,0.002556,0.0000e+00
dev-corpus-04,3280,17,0.000000e+00,17,17,0.011404,0.011404,0.0000e+00
dev-corpus-04,3281,8,0.000000e+00,8,8,0.000497,0.000497,0.0000e+00
dev-corpus-04,3282,198,0.000000e+00,198,198,0.463184,0.463184,0.0000e+00
dev-corpus-04,3283,309,0.000000e+00,285,285,1.091534,1.091534,0.0000e+00
dev-corpus-04,3284,2424,0.000000e+00,2424,2424,0.059986,0.059986,0.0000e+00
dev-corpus-04,3285,2073,0.000000e+00,2073,2073,0.000089,0.000089,0.0000e+00
dev-corpus-04,3286,283,0.000000e+00,283,283,0.000530,0.000530,0.0000e+00
dev-corpus-04,3287,638,0.000000e+00,638,638,0.013316,0.013316,0.0000e+00
dev-corpus-04,3288,15236,0.000000e+00,15236,15236,0.000703,0.000703,0.0000e+00
dev-corpus-04,3289,2073,0.000000e+00,2073,2073,0.000157,0.000157,0.0000e+00
dev-corpus-04,3290,271,0.000000e+00,271,271,0.180211,0.180211,0.0000e+00
dev-corpus-04,3291,285,0.000000e+00,285,285,0.039898,0.039898,0.0000e+00
dev-corpus-04,3292,413,0.000000e+00,638,638,1.809938,1.809938,0.0000e+00
dev-corpus-04,3293,2343,0.000000e+00,2424,2424,2.888936,2.888936,0.0000e+00
dev-corpus-04,3294,4702,0.000000e+00,18119,18119,2.558149,2.558149,0.0000e+00
dev-corpus-04,3295,8,0.000000e+00,8,8,0.014306,0.014306,0.0000e+00
dev-corpus-04,3296,835,0.000000e+00,835,835,0.581511,0.581511,0.0000e+00
dev-corpus-04,3297,2424,0.000000e+00,2424,2424,0.098728,0.098728,0.0000e+00
dev-corpus-04,3298,2073,0.000000e+00,2073,2073,0.000353,0.000353,0.0000e+00
dev-corpus-04,3299,25,0.000000e+00,25,25,0.045738,0.045738,0.0000e+00
dev-corpus-04,3300,198,0.000000e+00,198,198,0.006848,0.006848,0.0000e+00
dev-corpus-04,3301,309,0.000000e+00,309,309,0.000999,0.000999,0.0000e+00
dev-corpus-04,3302,1328,0.000000e+00,1328,1328,0.807476,0.807476,0.0000e+00
dev-corpus-04,3303,283,0.000000e+00,283,283,0.016782,0.016782,0.0000e+00
dev-corpus-04,3304,20245,0.000000e+00,638,638,2.223752,2.223752,0.0000e+00
dev-corpus-04,3305,30919,0.000000e+00,30919,30919,0.111843,0.111843,0.0000e+00
dev-corpus-04,3306,4702,0.000000e+00,4702,4702,0.010215,0.010215,0.0000e+00
dev-corpus-04,3307,553,0.000000e+00,553,553,0.596809,0.596809,0.0000e+00
dev-corpus-04,3308,35138,0.000000e+00,35138,35138,0.003919,0.003919,0.0000e+00
dev-corpus-04,3309,363,0.000000e+00,363,363,0.001858,0.001858,0.0000e+00
dev-corpus-04,3310,271,0.000000e+00,271,271,0.641282,0.641282,0.0000e+00
dev-corpus-04,3311,285,0.000000e+00,285,285,0.004526,0.004526,0.0000e+00
dev-corpus-04,3312,653,0.000000e+00,638,638,2.432486,2.432486,0.0000e+00
dev-corpus-04,3313,638,0.000000e+00,561,561,4.613575,4.613575,0.0000e+00
dev-corpus-04,3314,15236,0.000000e+00,1385,1385,2.378031,2.378031,0.0000e+00
dev-corpus-04,3315,2073,0.000000e+00,2073,2073,0.100436,0.100436,0.0000e+00
dev-corpus-04,3316,369,0.000000e+00,369,369,0.893749,0.893749,0.0000e+00
dev-corpus-04,3317,279,0.000000e+00,279,279,1.153727,1.153727,0.0000e+00
dev-corpus-04,3318,1581,0.000000e+00,2424,2424,5.387986,5.387986,0.0000e+00
dev-corpus-04,3319,2424,0.000000e+00,2424,2424,1.169128,1.169128,0.0000e+00
dev-corpus-04,3320,2073,0.000000e+00,1331,1331,0.786071,0.786071,0.0000e+00
dev-corpus-04,3321,13,0.000000e+00,11,11,2.992312,2.992312,0.0000e+00
dev-corpus-04,3322,638,0.000000e+00,198,198,4.049077,4.049077,0.0000e+00
dev-corpus-04,3323,15236,0.000000e+00,1385,1385,2.556164,2.556164,0.0000e+00
dev-corpus-04,3324,2291,0.000000e+00,2073,2073,1.984301,1.984301,0.0000e+00
dev-corpus-04,3325,369,0.000000e+00,369,369,0.356801,0.356801,0.0000e+00
dev-corpus-04,3326,198,0.000000e+00,279,279,1.708071,1.708071,0.0000e+00
dev-corpus-04,3327,285,0.000000e+00,285,285,0.000329,0.000329,0.0000e+00
dev-corpus-04,3328,653,0.000000e+00,653,653,0.000291,0.000291,0.0000e+00
dev-corpus-04,3329,7139,0.000000e+00,279,279,9.814557,9.814557,0.0000e+00
dev-corpus-04,3330,2424,0.000000e+00,2424,2424,0.155932,0.155932,0.0000e+00
dev-corpus-04,3331,1331,0.000000e+00,2073,2073,1.341485,1.341485,0.0000e+00
dev-corpus-04,3332,430,0.000000e+00,13,13,5.299028,5.299028,0.0000e+00
dev-corpus-04,3333,1575,0.000000e+00,10521,10521,5.751404,5.751404,0.0000e+00
dev-corpus-04,3334,430,0.000000e+00,430,430,0.247617,0.247617,0.0000e+00
dev-corpus-04,3335,279,0.000000e+00,279,279,1.249516,1.249516,0.0000e+00
dev-corpus-04,3336,569,0.000000e+00,1324,1324,5.860539,5.860539,0.0000e+00
dev-corpus-04,3337,5165,0.000000e+00,5165,5165,1.216007,1.216007,0.0000e+00
dev-corpus-04,3338,6816,0.000000e+00,13,13,5.079347,5.079347,0.0000e+00
dev-corpus-04,3339,13,0.000000e+00,13,13,0.609839,0.609839,0.0000e+00
dev-corpus-04,3340,198,0.000000e+00,198,198,0.105662,0.105662,0.0000e+00
dev-corpus-04,3341,285,0.000000e+00,285,285,0.000428,0.000428,0.0000e+00
dev-corpus-04,3342,638,0.000000e+00,638,638,0.311096,0.311096,0.0000e+00
dev-corpus-04,3343,15236,0.000000e+00,15236,15236,0.150030,0.150030,0.0000e+00
dev-corpus-04,3344,2291,0.000000e+00,2291,2291,0.287757,0.287757,0.0000e+00
dev-corpus-04,3345,283,0.000000e+00,283,283,0.002605,0.002605,0.0000e+00
dev-corpus-04,3346,2424,0.000000e+00,2424,2424,0.261301,0.261301,0.0000e+00
dev-corpus-04,3347,2073,0.000000e+00,2073,2073,0.000871,0.000871,0.0000e+00
dev-corpus-04,3348,271,0.000000e+00,198,198,0.952279,0.952279,0.0000e+00
dev-corpus-04,3349,285,0.000000e+00,285,285,0.123549,0.123549,0.0000e+00
dev-corpus-04,3350,1328,0.000000e+00,653,653,4.717828,4.717828,0.0000e+00
dev-corpus-04,3351,283,0.000000e+00,6892,6892,1.722728,1.722728,0.0000e+00
dev-corpus-04,3352,1328,0.000000e+00,1328,1328,1.485625,1.485625,0.0000e+00
dev-corpus-04,3353,890,0.000000e+00,478,478,1.354804,1.354804,0.0000e+00
dev-corpus-04,3354,4111,0.000000e+00,4111,4111,0.004294,0.004294,0.0000e+00
dev-corpus-04,3355,18119,0.000000e+00,18119,18119,0.512658,0.512658,0.0000e+00
dev-corpus-04,3356,2073,0.000000e+00,2073,2073,0.002290,0.002290,0.0000e+00
dev-corpus-04,3357,11,0.000000e+00,11,11,0.286825,0.286825,0.0000e+00
dev-corpus-04,3358,292,0.000000e+00,292,292,0.062444,0.062444,0.0000e+00
dev-corpus-04,3359,15313,0.000000e+00,15313,15313,0.113345,0.113345,0.0000e+00
dev-corpus-04,3360,15,0.000000e+00,87,87,1.013123,1.013123,0.0000e+00
dev-corpus-04,3361,837,0.000000e+00,837,837,0.035522,0.035522,0.0000e+00
dev-corpus-04,3362,198,0.000000e+00,198,198,0.329218,0.329218,0.0000e+00
dev-corpus-04,3363,285,0.000000e+00,285,285,0.002614,0.002614,0.0000e+00
dev-corpus-04,3364,638,0.000000e+00,638,638,0.865080,0.865080,0.0000e+00
dev-corpus-04,3365,1385,0.000000e+00,1385,1385,0.170378,0.170378,0.0000e+00
dev-corpus-04,3366,2589,0.000000e+00,558,558,5.135366,5.135366,0.0000e+00
dev-corpus-04,3367,5149,0.000000e+00,5149,5149,0.580459,0.580459,0.0000e+00
dev-corpus-04,3368,4702,0.000000e+00,4702,4702,0.404858,0.404858,0.0000e+00
dev-corpus-04,3369,25081,0.000000e+00,8,8,5.542517,5.542517,0.0000e+00
dev-corpus-04,3370,31992,0.000000e+00,2231,2231,5.688468,5.688468,0.0000e+00
dev-corpus-04,3371,62,0.000000e+00,5070,5070,2.780048,2.780048,0.0000e+00
dev-corpus-04,3372,20,0.000000e+00,15,15,4.702963,4.702963,0.0000e+00
dev-corpus-04,3373,34,0.000000e+00,66,66,4.103913,4.103913,0.0000e+00
dev-corpus-04,3374,578,0.000000e+00,578,578,1.059107,1.059107,0.0000e+00
dev-corpus-04,3375,198,0.000000e+00,198,198,0.049476,0.049476,0.0000e+00
dev-corpus-04,3376,285,0.000000e+00,285,285,0.000167,0.000167,0.0000e+00
dev-corpus-04,3377,638,0.000000e+00,638,638,0.022776,0.022776,0.0000e+00
dev-corpus-04,3378,1385,0.000000e+00,1385,1385,0.002526,0.002526,0.0000e+00
dev-corpus-04,3379,4240,0.000000e+00,4240,4240,0.046821,0.046821,0.0000e+00
dev-corpus-04,3380,5149,0.000000e+00,5149,5149,0.012742,0.012742,0.0000e+00
dev-corpus-04,3381,4702,0.000000e+00,4702,4702,0.011507,0.011507,0.0000e+00
dev-corpus-04,3382,25081,0.000000e+00,25081,25081,0.076387,0.076387,0.0000e+00
dev-corpus-04,3383,31992,0.000000e+00,31992,31992,0.004745,0.004745,0.0000e+00
dev-corpus-04,3384,62,0.000000e+00,62,62,0.011442,0.011442,0.0000e+00
dev-corpus-04,3385,18,0.000000e+00,21,21,1.721238,1.721238,0.0000e+00
dev-corpus-04,3386,21,0.000000e+00,34,34,1.380284,1.380284,0.0000e+00
dev-corpus-04,3387,578,0.000000e+00,578,578,0.023348,0.023348,0.0000e+00
dev-corpus-04,3388,198,0.000000e+00,271,271,1.082852,1.082852,0.0000e+00
dev-corpus-04,3389,285,0.000000e+00,285,285,0.043987,0.043987,0.0000e+00
dev-corpus-04,3390,413,0.000000e+00,638,638,3.660897,3.660897,0.0000e+00
dev-corpus-04,3391,3623,0.000000e+00,30038,30038,5.720741,5.720741,0.0000e+00
dev-corpus-04,3392,369,0.000000e+00,369,369,0.769981,0.769981,0.0000e+00
dev-corpus-04,3393,524,0.000000e+00,524,524,0.436540,0.436540,0.0000e+00
dev-corpus-04,3394,2168,0.000000e+00,2168,2168,0.015735,0.015735,0.0000e+00
dev-corpus-04,3395,25,0.000000e+00,25,25,0.012358,0.012358,0.0000e+00
dev-corpus-04,3396,198,0.000000e+00,198,198,0.005120,0.005120,0.0000e+00
dev-corpus-04,3397,309,0.000000e+00,309,309,0.001286,0.001286,0.0000e+00
dev-corpus-04,3398,638,0.000000e+00,638,638,0.044803,0.044803,0.0000e+00
dev-corpus-04,3399,5149,0.000000e+00,5149,5149,0.058652,0.058652,0.0000e+00
dev-corpus-04,3400,7863,0.000000e+00,7863,7863,0.006526,0.006526,0.0000e+00
dev-corpus-04,3401,8,0.000000e+00,8,8,0.002050,0.002050,0.0000e+00
dev-corpus-04,3402,271,0.000000e+00,271,271,0.173179,0.173179,0.0000e+00
dev-corpus-04,3403,262,0.000000e+00,262,262,0.067284,0.067284,0.0000e+00
dev-corpus-04,3404,554,0.000000e+00,687,687,2.681443,2.681443,0.0000e+00
dev-corpus-04,3405,3573,0.000000e+00,3573,3573,0.254750,0.254750,0.0000e+00
dev-corpus-04,3406,198,0.000000e+00,198,198,0.002520,0.002520,0.0000e+00
dev-corpus-04,3407,262,0.000000e+00,262,262,0.104753,0.104753,0.0000e+00
dev-corpus-04,3408,687,0.000000e+00,687,687,0.041281,0.041281,0.0000e+00
dev-corpus-04,3409,803,0.000000e+00,1328,1328,5.119599,5.119599,0.0000e+00
dev-corpus-04,3410,1153,0.000000e+00,1153,1153,0.003306,0.003306,0.0000e+00
dev-corpus-04,3411,1590,0.000000e+00,1590,1590,0.000638,0.000638,0.0000e+00
dev-corpus-04,3412,198,0.000000e+00,198,198,0.008305,0.008305,0.0000e+00
dev-corpus-04,3413,285,0.000000e+00,285,285,0.000535,0.000535,0.0000e+00
dev-corpus-04,3414,413,0.000000e+00,460,460,2.903554,2.903554,0.0000e+00
dev-corpus-04,3415,638,0.000000e+00,11074,11074,1.686458,1.686458,0.0000e+00
dev-corpus-04,3416,1385,0.000000e+00,1385,1385,0.139799,0.139799,0.0000e+00
dev-corpus-04,3417,71,0.000000e+00,71,71,0.785382,0.785382,0.0000e+00
dev-corpus-04,3418,11609,0.000000e+00,11609,11609,0.000515,0.000515,0.0000e+00
dev-corpus-04,3419,25,0.000000e+00,369,369,0.907090,0.907090,0.0000e+00
dev-corpus-04,3420,198,0.000000e+00,198,198,0.007033,0.007033,0.0000e+00
dev-corpus-04,3421,309,0.000000e+00,309,309,0.000840,0.000840,0.0000e+00
dev-corpus-04,3422,460,0.000000e+00,460,460,0.069292,0.069292,0.0000e+00
dev-corpus-04,3423,638,0.000000e+00,638,638,1.046951,1.046951,0.0000e+00
dev-corpus-04,3424,1385,0.000000e+00,1385,1385,0.003912,0.003912,0.0000e+00
dev-corpus-04,3425,71,0.000000e+00,71,71,0.011838,0.011838,0.0000e+00
dev-corpus-04,3426,11609,0.000000e+00,11609,11609,0.000226,0.000226,0.0000e+00
dev-corpus-04,3427,2557,0.000000e+00,2557,2557,0.094009,0.094009,0.0000e+00
dev-corpus-04,3428,198,0.000000e+00,198,198,0.183294,0.183294,0.0000e+00
dev-corpus-04,3429,285,0.000000e+00,285,285,0.000679,0.000679,0.0000e+00
dev-corpus-04,3430,745,0.000000e+00,745,745,0.920010,0.920010,0.0000e+00
dev-corpus-04,3431,25,0.000000e+00,25,25,0.000048,0.000048,0.0000e+00
dev-corpus-04,3432,198,0.000000e+00,198,198,0.000718,0.000718,0.0000e+00
dev-corpus-04,3433,309,0.000000e+00,309,309,0.000384,0.000384,0.0000e+00
dev-corpus-04,3434,460,0.000000e+00,460,460,0.065088,0.065088,0.0000e+00
dev-corpus-04,3435,281,0.000000e+00,638,638,7.109782,7.109782,0.0000e+00
dev-corpus-04,3436,75833,0.000000e+00,64707,64707,2.732095,2.732095,0.0000e+00
dev-corpus-04,3437,11609,0.000000e+00,11609,11609,0.004833,0.004833,0.0000e+00
dev-corpus-04,3438,61209,0.000000e+00,17878,17878,2.254789,2.254789,0.0000e+00
dev-corpus-04,3439,701,0.000000e+00,701,701,0.051262,0.051262,0.0000e+00
dev-corpus-04,3440,1385,0.000000e+00,1385,1385,0.190794,0.190794,0.0000e+00
dev-corpus-04,3441,4240,0.000000e+00,4240,4240,0.393584,0.393584,0.0000e+00
dev-corpus-04,3442,2557,0.000000e+00,2557,2557,0.011173,0.011173,0.0000e+00
dev-corpus-04,3443,9571,0.000000e+00,9571,9571,0.024494,0.024494,0.0000e+00
dev-corpus-04,3444,271,0.000000e+00,271,271,0.093171,0.093171,0.0000e+00
dev-corpus-04,3445,262,0.000000e+00,262,262,0.004253,0.004253,0.0000e+00
dev-corpus-04,3446,687,0.000000e+00,687,687,0.324994,0.324994,0.0000e+00
dev-corpus-04,3447,2560,0.000000e+00,2560,2560,0.331352,0.331352,0.0000e+00
dev-corpus-04,3448,1153,0.000000e+00,1153,1153,0.001489,0.001489,0.0000e+00
dev-corpus-04,3449,11,0.000000e+00,11,11,0.000445,0.000445,0.0000e+00
dev-corpus-04,3450,3623,0.000000e+00,3623,3623,0.663789,0.663789,0.0000e+00
dev-corpus-04,3451,1590,0.000000e+00,1590,1590,0.604411,0.604411,0.0000e+00
dev-corpus-04,3452,198,0.000000e+00,198,198,0.001466,0.001466,0.0000e+00
dev-corpus-04,3453,285,0.000000e+00,285,285,0.000196,0.000196,0.0000e+00
dev-corpus-04,3454,4071,0.000000e+00,413,413,1.884581,1.884581,0.0000e+00
dev-corpus-04,3455,27974,0.000000e+00,198,198,5.836625,5.836625,0.0000e+00
dev-corpus-04,3456,795,0.000000e+00,795,795,1.165107,1.165107,0.0000e+00
dev-corpus-04,3457,494,0.000000e+00,1083,1083,6.261612,6.261612,0.0000e+00
dev-corpus-04,3458,3623,0.000000e+00,3623,3623,0.908139,0.908139,0.0000e+00
dev-corpus-04,3459,1083,0.000000e+00,1083,1083,0.669789,0.669789,0.0000e+00
dev-corpus-04,3460,411,0.000000e+00,279,279,2.870304,2.870304,0.0000e+00
dev-corpus-04,3461,69898,0.000000e+00,92610,92610,6.708945,6.708945,0.0000e+00
dev-corpus-04,3462,1576,0.000000e+00,1576,1576,0.320356,0.320356,0.0000e+00
dev-corpus-04,3463,71483,0.000000e+00,13,13,0.982001,0.982001,0.0000e+00
dev-corpus-04,3464,198,0.000000e+00,198,198,0.083330,0.083330,0.0000e+00
dev-corpus-04,3465,285,0.000000e+00,285,285,0.000652,0.000652,0.0000e+00
dev-corpus-04,3466,1699,0.000000e+00,413,413,12.557974,12.557974,0.0000e+00
dev-corpus-04,3467,283,0.000000e+00,283,283,0.215219,0.215219,0.0000e+00
dev-corpus-04,3468,638,0.000000e+00,638,638,0.098111,0.098111,0.0000e+00
dev-corpus-04,3469,1385,0.000000e+00,1385,1385,0.119206,0.119206,0.0000e+00
dev-corpus-04,3470,71,0.000000e+00,4240,4240,2.519758,2.519758,0.0000e+00
dev-corpus-04,3471,11609,0.000000e+00,11609,11609,0.000339,0.000339,0.0000e+00
dev-corpus-04,3472,466,0.000000e+00,198,198,0.999717,0.999717,0.0000e+00
dev-corpus-04,3473,638,0.000000e+00,638,638,0.043443,0.043443,0.0000e+00
dev-corpus-04,3474,1385,0.000000e+00,1385,1385,0.380957,0.380957,0.0000e+00
dev-corpus-04,3475,4240,0.000000e+00,4240,4240,0.093768,0.093768,0.0000e+00
dev-corpus-04,3476,198,0.000000e+00,198,198,0.211263,0.211263,0.0000e+00
dev-corpus-04,3477,285,0.000000e+00,285,285,0.000047,0.000047,0.0000e+00
dev-corpus-04,3478,1699,0.000000e+00,1699,1699,0.771785,0.771785,0.0000e+00
dev-corpus-04,3479,5149,0.000000e+00,5149,5149,0.013884,0.013884,0.0000e+00
dev-corpus-04,3480,7863,0.000000e+00,7863,7863,0.014457,0.014457,0.0000e+00
dev-corpus-04,3481,8,0.000000e+00,8,8,0.004154,0.004154,0.0000e+00
dev-corpus-04,3482,271,0.000000e+00,271,271,0.210305,0.210305,0.0000e+00
dev-corpus-04,3483,262,0.000000e+00,262,262,0.028660,0.028660,0.0000e+00
dev-corpus-04,3484,687,0.000000e+00,687,687,0.055908,0.055908,0.0000e+00
dev-corpus-04,3485,2880,0.000000e+00,20245,20245,3.077583,3.077583,0.0000e+00
dev-corpus-04,3486,1153,0.000000e+00,1153,1153,0.007940,0.007940,0.0000e+00
dev-corpus-04,3487,1590,0.000000e+00,1590,1590,0.028301,0.028301,0.0000e+00
dev-corpus-04,3488,198,0.000000e+00,198,198,0.002788,0.002788,0.0000e+00
dev-corpus-04,3489,285,0.000000e+00,285,285,0.000099,0.000099,0.0000e+00
dev-corpus-04,3490,4071,0.000000e+00,4071,4071,0.162381,0.162381,0.0000e+00
dev-corpus-04,3491,5423,0.000000e+00,5423,5423,0.577876,0.577876,0.0000e+00
dev-corpus-04,3492,264,0.000000e+00,264,264,0.079619,0.079619,0.0000e+00
dev-corpus-04,3493,8387,0.000000e+00,2880,2880,6.550748,6.550748,0.0000e+00
dev-corpus-04,3494,2880,0.000000e+00,2880,2880,0.526478,0.526478,0.0000e+00
dev-corpus-04,3495,314,0.000000e+00,314,314,0.081473,0.081473,0.0000e+00
dev-corpus-04,3496,411,0.000000e+00,411,411,0.145534,0.145534,0.0000e+00
dev-corpus-04,3497,69898,0.000000e+00,1576,1576,1.699811,1.699811,0.0000e+00
dev-corpus-04,3498,1576,0.000000e+00,1576,1576,0.011940,0.011940,0.0000e+00
dev-corpus-04,3499,13,0.000000e+00,71483,71483,2.697300,2.697300,0.0000e+00
dev-corpus-04,3500,271,0.000000e+00,271,271,0.773493,0.773493,0.0000e+00
dev-corpus-04,3501,285,0.000000e+00,285,285,0.009160,0.009160,0.0000e+00
dev-corpus-04,3502,1473,0.000000e+00,561,561,6.926628,6.926628,0.0000e+00
dev-corpus-04,3503,2560,0.000000e+00,92610,92610,2.275215,2.275215,0.0000e+00
dev-corpus-04,3504,310,0.000000e+00,310,310,0.779404,0.779404,0.0000e+00
dev-corpus-04,3505,411,0.000000e+00,279,279,2.192598,2.192598,0.0000e+00
dev-corpus-04,3506,2880,0.000000e+00,1576,1576,1.138346,1.138346,0.0000e+00
dev-corpus-04,3507,2677,0.000000e+00,668,668,2.543188,2.543188,0.0000e+00
dev-corpus-04,3508,914,0.000000e+00,914,914,0.000846,0.000846,0.0000e+00
dev-corpus-04,3509,7556,0.000000e+00,7556,7556,0.251347,0.251347,0.0000e+00
dev-corpus-04,3510,279,0.000000e+00,279,279,0.211439,0.211439,0.0000e+00
dev-corpus-04,3511,3889,0.000000e+00,3889,3889,0.178524,0.178524,0.0000e+00
dev-corpus-04,3512,1576,0.000000e+00,13,13,1.366879,1.366879,0.0000e+00
dev-corpus-04,3513,13,0.000000e+00,13,13,0.572224,0.572224,0.0000e+00
dev-corpus-04,3514,198,0.000000e+00,198,198,0.159258,0.159258,0.0000e+00
dev-corpus-04,3515,285,0.000000e+00,285,285,0.000719,0.000719,0.0000e+00
dev-corpus-04,3516,4071,0.000000e+00,4071,4071,0.164686,0.164686,0.0000e+00
dev-corpus-04,3517,198,0.000000e+00,198,198,0.021776,0.021776,0.0000e+00
dev-corpus-04,3518,285,0.000000e+00,285,285,0.000352,0.000352,0.0000e+00
dev-corpus-04,3519,653,0.000000e+00,460,460,2.948710,2.948710,0.0000e+00
dev-corpus-04,3520,6920,0.000000e+00,1165,1165,6.312711,6.312711,0.0000e+00
dev-corpus-04,3521,1259,0.000000e+00,279,279,4.238699,4.238699,0.0000e+00
dev-corpus-04,3522,902,0.000000e+00,2251,2251,1.855078,1.855078,0.0000e+00
dev-corpus-04,3523,548,0.000000e+00,548,548,0.120964,0.120964,0.0000e+00
dev-corpus-04,3524,5774,0.000000e+00,310,310,2.295655,2.295655,0.0000e+00
dev-corpus-04,3525,310,0.000000e+00,310,310,0.580024,0.580024,0.0000e+00
dev-corpus-04,3526,5471,0.000000e+00,5471,5471,0.583745,0.583745,0.0000e+00
dev-corpus-04,3527,279,0.000000e+00,7842,7842,2.534024,2.534024,0.0000e+00
dev-corpus-04,3528,11064,0.000000e+00,1259,1259,4.808314,4.808314,0.0000e+00
dev-corpus-04,3529,1259,0.000000e+00,1259,1259,1.595251,1.595251,0.0000e+00
dev-corpus-04,3530,2251,0.000000e+00,2251,2251,0.013163,0.013163,0.0000e+00
dev-corpus-04,3531,18162,0.000000e+00,548,548,1.703722,1.703722,0.0000e+00
dev-corpus-04,3532,198,0.000000e+00,198,198,0.078003,0.078003,0.0000e+00
dev-corpus-04,3533,285,0.000000e+00,285,285,0.000174,0.000174,0.0000e+00
dev-corpus-04,3534,975,0.000000e+00,653,653,4.894169,4.894169,0.0000e+00
dev-corpus-04,3535,283,0.000000e+00,283,283,0.012986,0.012986,0.0000e+00
dev-corpus-04,3536,638,0.000000e+00,1576,1576,1.761882,1.761882,0.0000e+00
dev-corpus-04,3537,4692,0.000000e+00,4692,4692,0.005515,0.005515,0.0000e+00
dev-corpus-04,3538,1005,0.000000e+00,1005,1005,0.006941,0.006941,0.0000e+00
dev-corpus-04,3539,47719,0.000000e+00,47719,47719,0.005600,0.005600,0.0000e+00
dev-corpus-04,3540,902,0.000000e+00,902,902,0.000196,0.000196,0.0000e+00
dev-corpus-04,3541,3676,0.000000e+00,3676,3676,0.000960,0.000960,0.0000e+00
dev-corpus-04,3542,701,0.000000e+00,701,701,0.042990,0.042990,0.0000e+00
dev-corpus-04,3543,4692,0.000000e+00,4692,4692,0.000511,0.000511,0.0000e+00
dev-corpus-04,3544,1005,0.000000e+00,1005,1005,0.000065,0.000065,0.0000e+00
dev-corpus-04,3545,18562,0.000000e+00,18562,18562,0.026029,0.026029,0.0000e+00
dev-corpus-04,3546,198,0.000000e+00,198,198,0.101646,0.101646,0.0000e+00
dev-corpus-04,3547,285,0.000000e+00,285,285,0.000605,0.000605,0.0000e+00
dev-corpus-04,3548,975,0.000000e+00,975,975,0.480698,0.480698,0.0000e+00
dev-corpus-04,3549,72998,0.000000e+00,1385,1385,2.160443,2.160443,0.0000e+00
dev-corpus-04,3550,2291,0.000000e+00,2291,2291,0.083526,0.083526,0.0000e+00
dev-corpus-04,3551,283,0.000000e+00,283,283,0.003557,0.003557,0.0000e+00
dev-corpus-04,3552,638,0.000000e+00,638,638,0.006244,0.006244,0.0000e+00
dev-corpus-04,3553,72998,0.000000e+00,72998,72998,0.028570,0.028570,0.0000e+00
dev-corpus-04,3554,2291,0.000000e+00,2291,2291,0.000161,0.000161,0.0000e+00
dev-corpus-04,3555,198,0.000000e+00,198,198,0.019031,0.019031,0.0000e+00
dev-corpus-04,3556,285,0.000000e+00,285,285,0.000041,0.000041,0.0000e+00
dev-corpus-04,3557,413,0.000000e+00,975,975,3.246193,3.246193,0.0000e+00
dev-corpus-04,3558,638,0.000000e+00,638,638,0.379886,0.379886,0.0000e+00
dev-corpus-04,3559,1385,0.000000e+00,1385,1385,0.017201,0.017201,0.0000e+00
dev-corpus-04,3560,71,0.000000e+00,71,71,0.044630,0.044630,0.0000e+00
dev-corpus-04,3561,11609,0.000000e+00,11609,11609,0.000031,0.000031,0.0000e+00
dev-corpus-04,3562,25,0.000000e+00,25,25,0.145697,0.145697,0.0000e+00
dev-corpus-04,3563,198,0.000000e+00,198,198,0.001961,0.001961,0.0000e+00
dev-corpus-04,3564,309,0.000000e+00,309,309,0.000188,0.000188,0.0000e+00
dev-corpus-04,3565,975,0.000000e+00,975,975,0.085308,0.085308,0.0000e+00
dev-corpus-04,3566,1385,0.000000e+00,1385,1385,0.028357,0.028357,0.0000e+00
dev-corpus-04,3567,71,0.000000e+00,71,71,0.044948,0.044948,0.0000e+00
dev-corpus-04,3568,11609,0.000000e+00,11609,11609,0.000078,0.000078,0.0000e+00
dev-corpus-04,3569,283,0.000000e+00,283,283,0.004558,0.004558,0.0000e+00
dev-corpus-04,3570,638,0.000000e+00,638,638,0.081981,0.081981,0.0000e+00
dev-corpus-04,3571,1385,0.000000e+00,1385,1385,0.000848,0.000848,0.0000e+00
dev-corpus-04,3572,71,0.000000e+00,71,71,0.003924,0.003924,0.0000e+00
dev-corpus-04,3573,11609,0.000000e+00,11609,11609,0.000021,0.000021,0.0000e+00
dev-corpus-04,3574,11883,0.000000e+00,198,198,2.257796,2.257796,0.0000e+00
dev-corpus-04,3575,363,0.000000e+00,363,363,0.005554,0.005554,0.0000e+00
dev-corpus-04,3576,198,0.000000e+00,198,198,0.033743,0.033743,0.0000e+00
dev-corpus-04,3577,309,0.000000e+00,309,309,0.489202,0.489202,0.0000e+00
dev-corpus-04,3578,975,0.000000e+00,975,975,0.065870,0.065870,0.0000e+00
dev-corpus-04,3579,1385,0.000000e+00,1385,1385,0.027032,0.027032,0.0000e+00
dev-corpus-04,3580,4240,0.000000e+00,2589,2589,1.135984,1.135984,0.0000e+00
dev-corpus-04,3581,283,0.000000e+00,283,283,0.012690,0.012690,0.0000e+00
dev-corpus-04,3582,975,0.000000e+00,638,638,2.645736,2.645736,0.0000e+00
dev-corpus-04,3583,1385,0.000000e+00,1385,1385,0.003947,0.003947,0.0000e+00
dev-corpus-05,3584,198,0.000000e+00,198,198,0.002178,0.002178,0.0000e+00
dev-corpus-05,3585,72240,0.000000e+00,3710,3710,7.007393,7.007393,0.0000e+00
dev-corpus-05,3586,264,0.000000e+00,279,279,2.349964,2.349964,0.0000e+00
dev-corpus-05,3587,41272,0.000000e+00,3050,3050,8.642805,8.642805,0.0000e+00
dev-corpus-05,3588,5918,0.000000e+00,4299,4299,1.990166,1.990166,0.0000e+00
dev-corpus-05,3589,314,0.000000e+00,303,303,4.629166,4.629166,0.0000e+00
dev-corpus-05,3590,264,0.000000e+00,264,264,0.377513,0.377513,0.0000e+00
dev-corpus-05,3591,65715,0.000000e+00,3542,3542,7.605691,7.605691,0.0000e+00
dev-corpus-05,3592,46060,0.000000e+00,46060,46060,0.006971,0.006971,0.0000e+00
dev-corpus-05,3593,11,0.000000e+00,3725,3725,5.953385,5.953385,0.0000e+00
dev-corpus-05,3594,76501,0.000000e+00,1675,1675,2.141670,2.141670,0.0000e+00
dev-corpus-05,3595,11,0.000000e+00,3177,3177,3.031315,3.031315,0.0000e+00
dev-corpus-05,3596,26305,0.000000e+00,1496,1496,10.838688,10.838688,0.0000e+00
dev-corpus-05,3597,4384,0.000000e+00,4384,4384,0.207726,0.207726,0.0000e+00
dev-corpus-05,3598,22175,0.000000e+00,248046,248046,5.193846,5.193846,0.0000e+00
dev-corpus-05,3599,314,0.000000e+00,248046,248046,2.633921,2.633921,0.0000e+00
dev-corpus-05,3600,26338,0.000000e+00,279,279,6.978488,6.978488,0.0000e+00
dev-corpus-05,3601,290,0.000000e+00,290,290,0.002735,0.002735,0.0000e+00
dev-corpus-05,3602,321,0.000000e+00,12041,12041,6.763735,6.763735,0.0000e+00
dev-corpus-05,3603,40751,0.000000e+00,40751,40751,0.363019,0.363019,0.0000e+00
dev-corpus-05,3604,7529,0.000000e+00,12041,12041,2.224770,2.224770,0.0000e+00
dev-corpus-05,3605,23620,0.000000e+00,13,13,8.234642,8.234642,0.0000e+00
dev-corpus-05,3606,279,0.000000e+00,279,279,0.808039,0.808039,0.0000e+00
dev-corpus-05,3607,39577,0.000000e+00,23611,23611,11.604248,11.604248,0.0000e+00
dev-corpus-05,3608,5716,0.000000e+00,6775,6775,2.556857,2.556857,0.0000e+00
dev-corpus-05,3609,314,0.000000e+00,314,314,0.265842,0.265842,0.0000e+00
dev-corpus-05,3610,23739,0.000000e+00,264,264,6.695642,6.695642,0.0000e+00
dev-corpus-05,3611,12282,0.000000e+00,12282,12282,1.490426,1.490426,0.0000e+00
dev-corpus-05,3612,13,0.000000e+00,13,13,0.867166,0.867166,0.0000e+00
dev-corpus-05,3613,248046,0.000000e+00,248046,248046,0.167864,0.167864,0.0000e+00
dev-corpus-05,3614,198,0.000000e+00,198,198,0.000066,0.000066,0.0000e+00
dev-corpus-05,3615,248045,0.000000e+00,248045,248045,0.000207,0.000207,0.0000e+00
dev-corpus-05,3616,74455,0.000000e+00,248045,248045,5.111738,5.111738,0.0000e+00
dev-corpus-05,3617,198,0.000000e+00,198,198,0.001743,0.001743,0.0000e+00
dev-corpus-05,3618,623,0.000000e+00,248068,248068,21.326494,21.326494,0.0000e+00
dev-corpus-05,3619,264,0.000000e+00,279,279,4.765869,4.765869,0.0000e+00
dev-corpus-05,3620,4941,0.000000e+00,72643,72643,6.291653,6.291653,0.0000e+00
dev-corpus-05,3621,391,0.000000e+00,391,391,0.057436,0.057436,0.0000e+00
dev-corpus-05,3622,12647,0.000000e+00,12647,12647,0.025393,0.025393,0.0000e+00
dev-corpus-05,3623,11,0.000000e+00,72643,72643,1.981604,1.981604,0.0000e+00
dev-corpus-05,3624,76501,0.000000e+00,1146,1146,8.379550,8.379550,0.0000e+00
dev-corpus-05,3625,26068,0.000000e+00,23459,23459,6.683123,6.683123,0.0000e+00
dev-corpus-05,3626,2956,0.000000e+00,23459,23459,2.423273,2.423273,0.0000e+00
dev-corpus-05,3627,440,0.000000e+00,11,11,3.123833,3.123833,0.0000e+00
dev-corpus-05,3628,264,0.000000e+00,13876,13876,1.954678,1.954678,0.0000e+00
dev-corpus-05,3629,13769,0.000000e+00,21482,21482,4.916157,4.916157,0.0000e+00
dev-corpus-05,3630,1898,0.000000e+00,6220,6220,9.193175,9.193175,0.0000e+00
dev-corpus-05,3631,303,0.000000e+00,11,11,2.002197,2.002197,0.0000e+00
dev-corpus-05,3632,279,0.000000e+00,279,279,0.013262,0.013262,0.0000e+00
dev-corpus-05,3633,3990,0.000000e+00,3990,3990,0.036241,0.036241,0.0000e+00
dev-corpus-05,3634,11,0.000000e+00,11,11,0.044260,0.044260,0.0000e+00
dev-corpus-05,3635,264,0.000000e+00,264,264,0.513933,0.513933,0.0000e+00
dev-corpus-05,3636,1809,0.000000e+00,1809,1809,0.239141,0.239141,0.0000e+00
dev-corpus-05,3637,314,0.000000e+00,314,314,0.002633,0.002633,0.0000e+00
dev-corpus-05,3638,40751,0.000000e+00,26338,26338,4.381599,4.381599,0.0000e+00
dev-corpus-05,3639,7529,0.000000e+00,7529,7529,0.562943,0.562943,0.0000e+00
dev-corpus-05,3640,11884,0.000000e+00,7338,7338,3.134806,3.134806,0.0000e+00
dev-corpus-05,3641,67793,0.000000e+00,26338,26338,3.039216,3.039216,0.0000e+00
dev-corpus-05,3642,440,0.000000e+00,321,321,3.757906,3.757906,0.0000e+00
dev-corpus-05,3643,279,0.000000e+00,304,304,3.756080,3.756080,0.0000e+00
dev-corpus-05,3644,1496,0.000000e+00,7489,7489,7.609286,7.609286,0.0000e+00
dev-corpus-05,3645,14403,0.000000e+00,39894,39894,9.037328,9.037328,0.0000e+00
dev-corpus-05,3646,3492,0.000000e+00,314,314,3.357771,3.357771,0.0000e+00
dev-corpus-05,3647,513,0.000000e+00,11884,11884,2.404845,2.404845,0.0000e+00
dev-corpus-05,3648,10932,0.000000e+00,19577,19577,4.144775,4.144775,0.0000e+00
dev-corpus-05,3649,2094,0.000000e+00,2094,2094,0.689927,0.689927,0.0000e+00
dev-corpus-05,3650,264,0.000000e+00,279,279,2.787411,2.787411,0.0000e+00
dev-corpus-05,3651,3349,0.000000e+00,69386,69386,1.890054,1.890054,0.0000e+00
dev-corpus-05,3652,26068,0.000000e+00,69386,69386,3.320613,3.320613,0.0000e+00
dev-corpus-05,3653,1898,0.000000e+00,1898,1898,0.228784,0.228784,0.0000e+00
dev-corpus-05,3654,383,0.000000e+00,13,13,7.437025,7.437025,0.0000e+00
dev-corpus-05,3655,449,0.000000e+00,279,279,5.325817,5.325817,0.0000e+00
dev-corpus-05,3656,30261,0.000000e+00,30261,30261,1.481200,1.481200,0.0000e+00
dev-corpus-05,3657,5171,0.000000e+00,5171,5171,0.159676,0.159676,0.0000e+00
dev-corpus-05,3658,2259,0.000000e+00,13,13,14.683079,14.683079,0.0000e+00
dev-corpus-05,3659,14029,0.000000e+00,14029,14029,0.123748,0.123748,0.0000e+00
dev-corpus-05,3660,13,0.000000e+00,883,883,1.794324,1.794324,0.0000e+00
dev-corpus-05,3661,561,0.000000e+00,561,561,1.099315,1.099315,0.0000e+00
dev-corpus-05,3662,3492,0.000000e+00,2956,2956,4.739042,4.739042,0.0000e+00
dev-corpus-05,3663,513,0.000000e+00,513,513,0.841378,0.841378,0.0000e+00
dev-corpus-05,3664,11884,0.000000e+00,11884,11884,1.411044,1.411044,0.0000e+00
dev-corpus-05,3665,26338,0.000000e+00,25300,25300,3.402974,3.402974,0.0000e+00
dev-corpus-05,3666,290,0.000000e+00,290,290,0.010221,0.010221,0.0000e+00
dev-corpus-05,3667,5124,0.000000e+00,67793,67793,2.996102,2.996102,0.0000e+00
dev-corpus-05,3668,9518,0.000000e+00,9518,9518,0.003091,0.003091,0.0000e+00
dev-corpus-05,3669,321,0.000000e+00,321,321,0.825686,0.825686,0.0000e+00
dev-corpus-05,3670,5090,0.000000e+00,25300,25300,4.079818,4.079818,0.0000e+00
dev-corpus-05,3671,25300,0.000000e+00,25300,25300,0.715515,0.715515,0.0000e+00
dev-corpus-05,3672,11,0.000000e+00,11,11,1.553756,1.553756,0.0000e+00
dev-corpus-05,3673,1680,0.000000e+00,2583,2583,3.732887,3.732887,0.0000e+00
dev-corpus-05,3674,430,0.000000e+00,430,430,0.011084,0.011084,0.0000e+00
dev-corpus-05,3675,32886,0.000000e+00,279,279,12.507369,12.507369,0.0000e+00
dev-corpus-05,3676,25300,0.000000e+00,25300,25300,0.442020,0.442020,0.0000e+00
dev-corpus-05,3677,11,0.000000e+00,11,11,0.231583,0.231583,0.0000e+00
dev-corpus-05,3678,59808,0.000000e+00,9572,9572,17.526418,17.526418,0.0000e+00
dev-corpus-05,3679,2792,0.000000e+00,2792,2792,0.005851,0.005851,0.0000e+00
dev-corpus-05,3680,25300,0.000000e+00,25300,25300,0.153594,0.153594,0.0000e+00
dev-corpus-05,3681,11,0.000000e+00,11,11,0.071365,0.071365,0.0000e+00
dev-corpus-05,3682,321,0.000000e+00,321,321,0.573914,0.573914,0.0000e+00
dev-corpus-05,3683,6736,0.000000e+00,264,264,5.523941,5.523941,0.0000e+00
dev-corpus-05,3684,25300,0.000000e+00,25300,25300,0.119539,0.119539,0.0000e+00
dev-corpus-05,3685,13,0.000000e+00,13,13,0.726514,0.726514,0.0000e+00
dev-corpus-05,3686,561,0.000000e+00,2302,2302,1.530717,1.530717,0.0000e+00
dev-corpus-05,3687,16078,0.000000e+00,2956,2956,2.514898,2.514898,0.0000e+00
dev-corpus-05,3688,369,0.000000e+00,369,369,0.050140,0.050140,0.0000e+00
dev-corpus-05,3689,24577,0.000000e+00,41272,41272,8.092470,8.092470,0.0000e+00
dev-corpus-05,3690,321,0.000000e+00,321,321,0.254006,0.254006,0.0000e+00
dev-corpus-05,3691,41272,0.000000e+00,41272,41272,0.864317,0.864317,0.0000e+00
dev-corpus-05,3692,430,0.000000e+00,13,13,2.922976,2.922976,0.0000e+00
dev-corpus-05,3693,279,0.000000e+00,781,781,1.611193,1.611193,0.0000e+00
dev-corpus-05,3694,14403,0.000000e+00,14403,14403,0.997729,0.997729,0.0000e+00
dev-corpus-05,3695,3492,0.000000e+00,3492,3492,0.328675,0.328675,0.0000e+00
dev-corpus-05,3696,2895,0.000000e+00,4123,4123,10.692203,10.692203,0.0000e+00
dev-corpus-05,3697,279,0.000000e+00,279,279,0.964716,0.964716,0.0000e+00
dev-corpus-05,3698,9915,0.000000e+00,9915,9915,0.836109,0.836109,0.0000e+00
dev-corpus-05,3699,13,0.000000e+00,883,883,1.260632,1.260632,0.0000e+00
dev-corpus-05,3700,2332,0.000000e+00,248046,248046,7.992554,7.992554,0.0000e+00
dev-corpus-05,3701,279,0.000000e+00,279,279,0.119934,0.119934,0.0000e+00
dev-corpus-05,3702,1901,0.000000e+00,3990,3990,4.231729,4.231729,0.0000e+00
dev-corpus-05,3703,314,0.000000e+00,314,314,0.008869,0.008869,0.0000e+00
dev-corpus-05,3704,279,0.000000e+00,279,279,0.002952,0.002952,0.0000e+00
dev-corpus-05,3705,1898,0.000000e+00,1898,1898,0.560672,0.560672,0.0000e+00
dev-corpus-05,3706,11,0.000000e+00,22294,22294,0.812900,0.812900,0.0000e+00
dev-corpus-05,3707,264,0.000000e+00,264,264,0.716942,0.716942,0.0000e+00
dev-corpus-05,3708,5054,0.000000e+00,6851,6851,5.971002,5.971002,0.0000e+00
dev-corpus-05,3709,6725,0.000000e+00,440,440,3.671959,3.671959,0.0000e+00
dev-corpus-05,3710,225812,0.000000e+00,3851,3851,15.417281,15.417281,0.0000e+00
dev-corpus-05,3711,369,0.000000e+00,248046,248046,3.962780,3.962780,0.0000e+00
dev-corpus-05,3712,10932,0.000000e+00,6187,6187,3.045727,3.045727,0.0000e+00
dev-corpus-05,3713,321,0.000000e+00,11,11,2.066139,2.066139,0.0000e+00
dev-corpus-05,3714,26153,0.000000e+00,26153,26153,1.302874,1.302874,0.0000e+00
dev-corpus-05,3715,279,0.000000e+00,279,279,0.084519,0.084519,0.0000e+00
dev-corpus-05,3716,1809,0.000000e+00,1809,1809,0.814172,0.814172,0.0000e+00
dev-corpus-05,3717,11,0.000000e+00,13,13,2.085519,2.085519,0.0000e+00
dev-corpus-05,3718,1345,0.000000e+00,26153,26153,4.064844,4.064844,0.0000e+00
dev-corpus-05,3719,3679,0.000000e+00,279,279,4.807974,4.807974,0.0000e+00
dev-corpus-05,3720,8330,0.000000e+00,975,975,4.915218,4.915218,0.0000e+00
dev-corpus-05,3721,321,0.000000e+00,3492,3492,1.687494,1.687494,0.0000e+00
dev-corpus-05,3722,8513,0.000000e+00,8513,8513,0.012528,0.012528,0.0000e+00
dev-corpus-05,3723,40751,0.000000e+00,3492,3492,4.555219,4.555219,0.0000e+00
dev-corpus-05,3724,58631,0.000000e+00,12041,12041,8.131329,8.131329,0.0000e+00
dev-corpus-05,3725,8577,0.000000e+00,513,513,5.395859,5.395859,0.0000e+00
dev-corpus-05,3726,514,0.000000e+00,514,514,0.709276,0.709276,0.0000e+00
dev-corpus-05,3727,4258,0.000000e+00,4258,4258,0.000354,0.000354,0.0000e+00
dev-corpus-05,3728,13,0.000000e+00,13,13,0.150461,0.150461,0.0000e+00
dev-corpus-05,3729,271,0.000000e+00,248046,248046,1.264183,1.264183,0.0000e+00
dev-corpus-05,3730,623,0.000000e+00,1597,1597,2.937170,2.937170,0.0000e+00
dev-corpus-05,3731,279,0.000000e+00,279,279,0.127787,0.127787,0.0000e+00
dev-corpus-05,3732,3870,0.000000e+00,3990,3990,3.671334,3.671334,0.0000e+00
dev-corpus-05,3733,11,0.000000e+00,11,11,0.092540,0.092540,0.0000e+00
dev-corpus-05,3734,8765,0.000000e+00,1017,1017,8.880156,8.880156,0.0000e+00
dev-corpus-05,3735,314,0.000000e+00,314,314,0.015001,0.015001,0.0000e+00
dev-corpus-05,3736,975,0.000000e+00,36001,36001,6.277792,6.277792,0.0000e+00
dev-corpus-05,3737,40751,0.000000e+00,26338,26338,1.155636,1.155636,0.0000e+00
dev-corpus-05,3738,7529,0.000000e+00,7529,7529,0.369554,0.369554,0.0000e+00
dev-corpus-05,3739,4990,0.000000e+00,513,513,4.435062,4.435062,0.0000e+00
dev-corpus-05,3740,279,0.000000e+00,279,279,0.190443,0.190443,0.0000e+00
dev-corpus-05,3741,51516,0.000000e+00,248046,248046,14.063394,14.063394,0.0000e+00
dev-corpus-05,3742,2280,0.000000e+00,2280,2280,0.005566,0.005566,0.0000e+00
dev-corpus-05,3743,11,0.000000e+00,11,11,0.692981,0.692981,0.0000e+00
dev-corpus-05,3744,7594,0.000000e+00,20621,20621,6.955025,6.955025,0.0000e+00
dev-corpus-05,3745,310,0.000000e+00,310,310,0.095333,0.095333,0.0000e+00
dev-corpus-05,3746,279,0.000000e+00,279,279,0.008498,0.008498,0.0000e+00
dev-corpus-05,3747,50240,0.000000e+00,248046,248046,8.026189,8.026189,0.0000e+00
dev-corpus-05,3748,16078,0.000000e+00,321,321,1.834884,1.834884,0.0000e+00
dev-corpus-05,3749,314,0.000000e+00,13,13,3.368431,3.368431,0.0000e+00
dev-corpus-05,3750,279,0.000000e+00,279,279,0.111775,0.111775,0.0000e+00
dev-corpus-05,3751,22175,0.000000e+00,248046,248046,16.263376,16.263376,0.0000e+00
dev-corpus-05,3752,13,0.000000e+00,13,13,0.036708,0.036708,0.0000e+00
dev-corpus-05,3753,225812,0.000000e+00,733,733,19.879763,19.879763,0.0000e+00
dev-corpus-05,3754,369,0.000000e+00,369,369,1.767311,1.767311,0.0000e+00
dev-corpus-05,3755,88659,0.000000e+00,11750,11750,4.747733,4.747733,0.0000e+00
dev-corpus-05,3756,3154,0.000000e+00,28607,28607,3.963834,3.963834,0.0000e+00
dev-corpus-05,3757,264,0.000000e+00,264,264,0.611487,0.611487,0.0000e+00
dev-corpus-05,3758,1406,0.000000e+00,1406,1406,1.075417,1.075417,0.0000e+00
dev-corpus-05,3759,883,0.000000e+00,883,883,0.476083,0.476083,0.0000e+00
dev-corpus-05,3760,279,0.000000e+00,279,279,0.094167,0.094167,0.0000e+00
dev-corpus-05,3761,5716,0.000000e+00,39577,39577,2.174572,2.174572,0.0000e+00
dev-corpus-05,3762,34965,0.000000e+00,314,314,1.439595,1.439595,0.0000e+00
dev-corpus-05,3763,539,0.000000e+00,539,539,0.024459,0.024459,0.0000e+00
dev-corpus-05,3764,39577,0.000000e+00,279,279,6.716924,6.716924,0.0000e+00
dev-corpus-05,3765,12282,0.000000e+00,23739,23739,1.468217,1.468217,0.0000e+00
dev-corpus-05,3766,11,0.000000e+00,13,13,1.081604,1.081604,0.0000e+00
dev-corpus-05,3767,1345,0.000000e+00,78112,78112,3.383197,3.383197,0.0000e+00
dev-corpus-05,3768,799,0.000000e+00,279,279,5.280301,5.280301,0.0000e+00
dev-corpus-05,3769,314,0.000000e+00,314,314,0.344010,0.344010,0.0000e+00
dev-corpus-05,3770,279,0.000000e+00,279,279,0.022486,0.022486,0.0000e+00
dev-corpus-05,3771,40751,0.000000e+00,248046,248046,2.743626,2.743626,0.0000e+00
dev-corpus-05,3772,58631,0.000000e+00,58631,58631,0.125514,0.125514,0.0000e+00
dev-corpus-05,3773,369,0.000000e+00,11,11,3.431028,3.431028,0.0000e+00
dev-corpus-05,3774,3753,0.000000e+00,28607,28607,4.579731,4.579731,0.0000e+00
dev-corpus-05,3775,46736,0.000000e+00,36490,36490,5.100145,5.100145,0.0000e+00
dev-corpus-05,3776,303,0.000000e+00,4487,4487,1.739836,1.739836,0.0000e+00
dev-corpus-05,3777,321,0.000000e+00,310,310,1.808936,1.808936,0.0000e+00
dev-corpus-05,3778,35493,0.000000e+00,33700,33700,8.846334,8.846334,0.0000e+00
dev-corpus-05,3779,4492,0.000000e+00,4492,4492,1.106921,1.106921,0.0000e+00
dev-corpus-05,3780,13,0.000000e+00,883,883,1.051846,1.051846,0.0000e+00
dev-corpus-05,3781,561,0.000000e+00,248046,248046,2.999922,2.999922,0.0000e+00
dev-corpus-05,3782,5918,0.000000e+00,5918,5918,1.904310,1.904310,0.0000e+00
dev-corpus-05,3783,369,0.000000e+00,369,369,0.352805,0.352805,0.0000e+00
dev-corpus-05,3784,9896,0.000000e+00,9896,9896,1.732994,1.732994,0.0000e+00
dev-corpus-05,3785,440,0.000000e+00,440,440,0.018156,0.018156,0.0000e+00
dev-corpus-05,3786,22770,0.000000e+00,59076,59076,8.145592,8.145592,0.0000e+00
dev-corpus-05,3787,321,0.000000e+00,430,430,1.283084,1.283084,0.0000e+00
dev-corpus-05,3788,19169,0.000000e+00,52011,52011,6.183578,6.183578,0.0000e+00
dev-corpus-05,3789,11,0.000000e+00,11,11,0.797553,0.797553,0.0000e+00
dev-corpus-05,3790,440,0.000000e+00,440,440,0.826480,0.826480,0.0000e+00
dev-corpus-05,3791,4858,0.000000e+00,279,279,4.046021,4.046021,0.0000e+00
dev-corpus-05,3792,16144,0.000000e+00,579,579,6.233752,6.233752,0.0000e+00
dev-corpus-05,3793,303,0.000000e+00,303,303,0.102780,0.102780,0.0000e+00
dev-corpus-05,3794,264,0.000000e+00,279,279,1.697725,1.697725,0.0000e+00
dev-corpus-05,3795,30673,0.000000e+00,30673,30673,1.117426,1.117426,0.0000e+00
dev-corpus-05,3796,5515,0.000000e+00,10682,10682,2.976344,2.976344,0.0000e+00
dev-corpus-05,3797,883,0.000000e+00,13,13,1.188479,1.188479,0.0000e+00
dev-corpus-05,3798,279,0.000000e+00,279,279,0.388992,0.388992,0.0000e+00
dev-corpus-05,3799,3725,0.000000e+00,10660,10660,6.172662,6.172662,0.0000e+00
dev-corpus-05,3800,314,0.000000e+00,314,314,0.318051,0.318051,0.0000e+00
dev-corpus-05,3801,836,0.000000e+00,21265,21265,2.310667,2.310667,0.0000e+00
dev-corpus-05,3802,21215,0.000000e+00,7975,7975,9.050852,9.050852,0.0000e+00
dev-corpus-05,3803,321,0.000000e+00,13,13,2.252784,2.252784,0.0000e+00
dev-corpus-05,3804,279,0.000000e+00,279,279,0.227818,0.227818,0.0000e+00
dev-corpus-05,3805,3364,0.000000e+00,4499,4499,2.642387,2.642387,0.0000e+00
dev-corpus-05,3806,314,0.000000e+00,314,314,0.250929,0.250929,0.0000e+00
dev-corpus-05,3807,28407,0.000000e+00,21265,21265,11.284346,11.284346,0.0000e+00
dev-corpus-05,3808,7913,0.000000e+00,20309,20309,10.641378,10.641378,0.0000e+00
dev-corpus-05,3809,18468,0.000000e+00,248046,248046,2.597877,2.597877,0.0000e+00
dev-corpus-05,3810,5269,0.000000e+00,28069,28069,2.076475,2.076475,0.0000e+00
dev-corpus-05,3811,13,0.000000e+00,13,13,0.261944,0.261944,0.0000e+00
dev-corpus-05,3812,248046,0.000000e+00,248046,248046,0.295819,0.295819,0.0000e+00
dev-corpus-05,3813,198,0.000000e+00,198,198,0.000112,0.000112,0.0000e+00
dev-corpus-05,3814,248045,0.000000e+00,248045,248045,0.000018,0.000018,0.0000e+00
dev-corpus-05,3815,846,0.000000e+00,846,846,0.023770,0.023770,0.0000e+00
dev-corpus-05,3816,198,0.000000e+00,198,198,0.032237,0.032237,0.0000e+00
dev-corpus-05,3817,3710,0.000000e+00,72240,72240,3.843676,3.843676,0.0000e+00
dev-corpus-05,3818,369,0.000000e+00,369,369,1.015757,1.015757,0.0000e+00
dev-corpus-05,3819,264,0.000000e+00,279,279,4.297165,4.297165,0.0000e+00
dev-corpus-05,3820,79528,0.000000e+00,1603,1603,14.405249,14.405249,0.0000e+00
dev-corpus-05,3821,30,0.000000e+00,248046,248046,1.917514,1.917514,0.0000e+00
dev-corpus-05,3822,248046,0.000000e+00,248046,248046,0.039064,0.039064,0.0000e+00
dev-corpus-05,3823,198,0.000000e+00,198,198,0.000043,0.000043,0.0000e+00
dev-corpus-05,3824,248045,0.000000e+00,248045,248045,0.000001,0.000001,0.0000e+00
dev-corpus-05,3825,74455,0.000000e+00,248045,248045,2.169427,2.169427,0.0000e+00
dev-corpus-05,3826,198,0.000000e+00,198,198,0.027564,0.027564,0.0000e+00
dev-corpus-05,3827,32,0.000000e+00,248068,248068,17.771778,17.771778,0.0000e+00
dev-corpus-05,3828,79528,0.000000e+00,2972,2972,1.885177,1.885177,0.0000e+00
dev-corpus-05,3829,369,0.000000e+00,318,318,2.246716,2.246716,0.0000e+00
dev-corpus-05,3830,264,0.000000e+00,264,264,0.462347,0.462347,0.0000e+00
dev-corpus-05,3831,5224,0.000000e+00,2972,2972,3.824109,3.824109,0.0000e+00
dev-corpus-05,3832,364,0.000000e+00,421,421,1.504435,1.504435,0.0000e+00
dev-corpus-05,3833,3154,0.000000e+00,38460,38460,4.066303,4.066303,0.0000e+00
dev-corpus-05,3834,321,0.000000e+00,13640,13640,4.092882,4.092882,0.0000e+00
dev-corpus-05,3835,1608,0.000000e+00,1608,1608,0.922560,0.922560,0.0000e+00
dev-corpus-05,3836,27073,0.000000e+00,13640,13640,3.797218,3.797218,0.0000e+00
dev-corpus-05,3837,1928,0.000000e+00,795,795,1.879056,1.879056,0.0000e+00
dev-corpus-05,3838,13,0.000000e+00,13,13,0.560906,0.560906,0.0000e+00
dev-corpus-05,3839,20994,0.000000e+00,1049,1049,10.695156,10.695156,0.0000e+00
dev-corpus-05,3840,279,0.000000e+00,279,279,1.130416,1.130416,0.0000e+00
dev-corpus-05,3841,1599,0.000000e+00,1599,1599,1.335711,1.335711,0.0000e+00
dev-corpus-05,3842,16954,0.000000e+00,7141,7141,3.931843,3.931843,0.0000e+00
dev-corpus-05,3843,314,0.000000e+00,314,314,0.963689,0.963689,0.0000e+00
dev-corpus-05,3844,79528,0.000000e+00,79528,79528,0.325595,0.325595,0.0000e+00
dev-corpus-05,3845,11,0.000000e+00,11,11,0.449814,0.449814,0.0000e+00
dev-corpus-05,3846,567,0.000000e+00,279,279,4.168732,4.168732,0.0000e+00
dev-corpus-05,3847,4992,0.000000e+00,628,628,6.418558,6.418558,0.0000e+00
dev-corpus-05,3848,25,0.000000e+00,279,279,3.094972,3.094972,0.0000e+00
dev-corpus-05,3849,357,0.000000e+00,271,271,3.290189,3.290189,0.0000e+00
dev-corpus-05,3850,79528,0.000000e+00,63234,63234,1.544807,1.544807,0.0000e+00
dev-corpus-05,3851,369,0.000000e+00,369,369,0.126400,0.126400,0.0000e+00
dev-corpus-05,3852,264,0.000000e+00,264,264,0.154475,0.154475,0.0000e+00
dev-corpus-05,3853,6165,0.000000e+00,1785,1785,1.583788,1.583788,0.0000e+00
dev-corpus-05,3854,5792,0.000000e+00,1785,1785,0.976894,0.976894,0.0000e+00
dev-corpus-05,3855,1785,0.000000e+00,1785,1785,0.811760,0.811760,0.0000e+00
dev-corpus-05,3856,310,0.000000e+00,364,364,4.420046,4.420046,0.0000e+00
dev-corpus-05,3857,11944,0.000000e+00,11969,11969,9.227630,9.227630,0.0000e+00
dev-corpus-05,3858,303,0.000000e+00,303,303,0.524034,0.524034,0.0000e+00
dev-corpus-05,3859,279,0.000000e+00,279,279,0.436916,0.436916,0.0000e+00
dev-corpus-05,3860,4281,0.000000e+00,6157,6157,1.746241,1.746241,0.0000e+00
dev-corpus-05,3861,11,0.000000e+00,11,11,0.080555,0.080555,0.0000e+00
dev-corpus-05,3862,13017,0.000000e+00,5638,5638,4.997108,4.997108,0.0000e+00
dev-corpus-05,3863,11,0.000000e+00,11,11,0.059045,0.059045,0.0000e+00
dev-corpus-05,3864,5638,0.000000e+00,6157,6157,2.049251,2.049251,0.0000e+00
dev-corpus-05,3865,11,0.000000e+00,11,11,0.041559,0.041559,0.0000e+00
dev-corpus-05,3866,6157,0.000000e+00,54476,54476,1.316582,1.316582,0.0000e+00
dev-corpus-05,3867,11,0.000000e+00,11,11,0.171859,0.171859,0.0000e+00
dev-corpus-05,3868,2468,0.000000e+00,321,321,5.086893,5.086893,0.0000e+00
dev-corpus-05,3869,11,0.000000e+00,11,11,0.394918,0.394918,0.0000e+00
dev-corpus-05,3870,321,0.000000e+00,321,321,0.098252,0.098252,0.0000e+00
dev-corpus-05,3871,7731,0.000000e+00,2940,2940,3.377549,3.377549,0.0000e+00
dev-corpus-05,3872,314,0.000000e+00,314,314,0.042303,0.042303,0.0000e+00
dev-corpus-05,3873,27073,0.000000e+00,27073,27073,0.729822,0.729822,0.0000e+00
dev-corpus-05,3874,1928,0.000000e+00,795,795,1.852624,1.852624,0.0000e+00
dev-corpus-05,3875,13,0.000000e+00,13,13,0.340026,0.340026,0.0000e+00
dev-corpus-05,3876,3095,0.000000e+00,248046,248046,8.518362,8.518362,0.0000e+00
dev-corpus-05,3877,1429,0.000000e+00,567,567,2.441036,2.441036,0.0000e+00
dev-corpus-05,3878,63399,0.000000e+00,303,303,7.179271,7.179271,0.0000e+00
dev-corpus-05,3879,11,0.000000e+00,11,11,0.199494,0.199494,0.0000e+00
dev-corpus-05,3880,79528,0.000000e+00,79528,79528,0.721670,0.721670,0.0000e+00
dev-corpus-05,3881,628,0.000000e+00,628,628,0.857552,0.857552,0.0000e+00
dev-corpus-05,3882,1438,0.000000e+00,1438,1438,1.200997,1.200997,0.0000e+00
dev-corpus-05,3883,586,0.000000e+00,586,586,1.470052,1.470052,0.0000e+00
dev-corpus-05,3884,3756,0.000000e+00,3418,3418,7.422480,7.422480,0.0000e+00
dev-corpus-05,3885,11776,0.000000e+00,2577,2577,13.206251,13.206251,0.0000e+00
dev-corpus-05,3886,1223,0.000000e+00,1223,1223,0.122593,0.122593,0.0000e+00
dev-corpus-05,3887,11,0.000000e+00,11,11,0.769655,0.769655,0.0000e+00
dev-corpus-05,3888,11600,0.000000e+00,944,944,5.590741,5.590741,0.0000e+00
dev-corpus-05,3889,1223,0.000000e+00,1223,1223,0.003935,0.003935,0.0000e+00
dev-corpus-05,3890,11,0.000000e+00,11,11,0.109911,0.109911,0.0000e+00
dev-corpus-05,3891,321,0.000000e+00,321,321,0.224340,0.224340,0.0000e+00
dev-corpus-05,3892,28488,0.000000e+00,777,777,1.740036,1.740036,0.0000e+00
dev-corpus-05,3893,6107,0.000000e+00,6107,6107,0.446224,0.446224,0.0000e+00
dev-corpus-05,3894,13,0.000000e+00,13,13,0.187660,0.187660,0.0000e+00
dev-corpus-05,3895,8618,0.000000e+00,248046,248046,10.645740,10.645740,0.0000e+00
dev-corpus-05,3896,79528,0.000000e+00,314,314,2.233261,2.233261,0.0000e+00
dev-corpus-05,3897,1156,0.000000e+00,1785,1785,2.508364,2.508364,0.0000e+00
dev-corpus-05,3898,1189,0.000000e+00,682,682,4.135074,4.135074,0.0000e+00
dev-corpus-05,3899,9973,0.000000e+00,599,599,7.093825,7.093825,0.0000e+00
dev-corpus-05,3900,1092,0.000000e+00,1092,1092,1.590235,1.590235,0.0000e+00
dev-corpus-05,3901,4275,0.000000e+00,369,369,4.888894,4.888894,0.0000e+00
dev-corpus-05,3902,321,0.000000e+00,513,513,2.252196,2.252196,0.0000e+00
dev-corpus-05,3903,7944,0.000000e+00,5568,5568,3.801807,3.801807,0.0000e+00
dev-corpus-05,3904,513,0.000000e+00,513,513,0.941048,0.941048,0.0000e+00
dev-corpus-05,3905,2894,0.000000e+00,2894,2894,1.106587,1.106587,0.0000e+00
dev-corpus-05,3906,13,0.000000e+00,364,364,2.507153,2.507153,0.0000e+00
dev-corpus-05,3907,1690,0.000000e+00,248046,248046,4.251030,4.251030,0.0000e+00
dev-corpus-05,3908,3010,0.000000e+00,3010,3010,0.248951,0.248951,0.0000e+00
dev-corpus-05,3909,11,0.000000e+00,11,11,0.121395,0.121395,0.0000e+00
dev-corpus-05,3910,34382,0.000000e+00,264,264,10.914454,10.914454,0.0000e+00
dev-corpus-05,3911,513,0.000000e+00,11,11,2.265358,2.265358,0.0000e+00
dev-corpus-05,3912,1603,0.000000e+00,2894,2894,6.068825,6.068825,0.0000e+00
dev-corpus-05,3913,364,0.000000e+00,364,364,0.568462,0.568462,0.0000e+00
dev-corpus-05,3914,586,0.000000e+00,248046,248046,4.658584,4.658584,0.0000e+00
dev-corpus-05,3915,13,0.000000e+00,11,11,1.804233,1.804233,0.0000e+00
dev-corpus-05,3916,2302,0.000000e+00,248046,248046,4.448893,4.448893,0.0000e+00
dev-corpus-05,3917,1189,0.000000e+00,3300,3300,4.462590,4.462590,0.0000e+00
dev-corpus-05,3918,5827,0.000000e+00,381,381,5.528484,5.528484,0.0000e+00
dev-corpus-05,3919,2919,0.000000e+00,586,586,3.189632,3.189632,0.0000e+00
dev-corpus-05,3920,16229,0.000000e+00,4131,4131,1.727264,1.727264,0.0000e+00
dev-corpus-05,3921,11,0.000000e+00,11,11,0.617467,0.617467,0.0000e+00
dev-corpus-05,3922,7302,0.000000e+00,5190,5190,7.840927,7.840927,0.0000e+00
dev-corpus-05,3923,7339,0.000000e+00,43299,43299,2.687523,2.687523,0.0000e+00
dev-corpus-05,3924,11,0.000000e+00,3741,3741,1.252336,1.252336,0.0000e+00
dev-corpus-05,3925,54517,0.000000e+00,321,321,6.213198,6.213198,0.0000e+00
dev-corpus-05,3926,28346,0.000000e+00,28346,28346,0.517001,0.517001,0.0000e+00
dev-corpus-05,3927,48729,0.000000e+00,11,11,12.332745,12.332745,0.0000e+00
dev-corpus-05,3928,3300,0.000000e+00,3300,3300,1.732728,1.732728,0.0000e+00
dev-corpus-05,3929,3433,0.000000e+00,44410,44410,4.875749,4.875749,0.0000e+00
dev-corpus-05,3930,310,0.000000e+00,364,364,4.251554,4.251554,0.0000e+00
dev-corpus-05,3931,51000,0.000000e+00,51000,51000,1.549045,1.549045,0.0000e+00
dev-corpus-05,3932,21706,0.000000e+00,13,13,8.143943,8.143943,0.0000e+00
dev-corpus-05,3933,513,0.000000e+00,628,628,4.522628,4.522628,0.0000e+00
dev-corpus-05,3934,11322,0.000000e+00,660,660,4.580186,4.580186,0.0000e+00
dev-corpus-05,3935,883,0.000000e+00,440,440,1.082993,1.082993,0.0000e+00
dev-corpus-05,3936,279,0.000000e+00,279,279,1.106668,1.106668,0.0000e+00
dev-corpus-05,3937,2119,0.000000e+00,4424,4424,7.559028,7.559028,0.0000e+00
dev-corpus-05,3938,314,0.000000e+00,314,314,0.120566,0.120566,0.0000e+00
dev-corpus-05,3939,22700,0.000000e+00,13245,13245,8.331797,8.331797,0.0000e+00
dev-corpus-05,3940,11,0.000000e+00,13,13,2.105258,2.105258,0.0000e+00
dev-corpus-05,3941,279,0.000000e+00,279,279,0.971500,0.971500,0.0000e+00
dev-corpus-05,3942,23194,0.000000e+00,2730,2730,11.098464,11.098464,0.0000e+00
dev-corpus-05,3943,4128,0.000000e+00,4128,4128,0.956361,0.956361,0.0000e+00
dev-corpus-05,3944,958,0.000000e+00,958,958,0.923744,0.923744,0.0000e+00
dev-corpus-05,3945,11,0.000000e+00,11,11,0.175490,0.175490,0.0000e+00
dev-corpus-05,3946,23978,0.000000e+00,321,321,7.920784,7.920784,0.0000e+00
dev-corpus-05,3947,494,0.000000e+00,11,11,3.124481,3.124481,0.0000e+00
dev-corpus-05,3948,13643,0.000000e+00,13643,13643,2.036475,2.036475,0.0000e+00
dev-corpus-05,3949,18527,0.000000e+00,32931,32931,2.324225,2.324225,0.0000e+00
dev-corpus-05,3950,11,0.000000e+00,11,11,0.093338,0.093338,0.0000e+00
dev-corpus-05,3951,466,0.000000e+00,321,321,3.417755,3.417755,0.0000e+00
dev-corpus-05,3952,1332,0.000000e+00,279,279,6.725302,6.725302,0.0000e+00
dev-corpus-05,3953,34382,0.000000e+00,279,279,3.583807,3.583807,0.0000e+00
dev-corpus-05,3954,7974,0.000000e+00,513,513,8.461781,8.461781,0.0000e+00
dev-corpus-05,3955,13,0.000000e+00,13,13,0.507716,0.507716,0.0000e+00
dev-corpus-05,3956,733,0.000000e+00,79528,79528,4.659385,4.659385,0.0000e+00
dev-corpus-05,3957,9853,0.000000e+00,79528,79528,8.789822,8.789822,0.0000e+00
dev-corpus-05,3958,6044,0.000000e+00,10856,10856,4.551344,4.551344,0.0000e+00
dev-corpus-05,3959,7225,0.000000e+00,314,314,2.322856,2.322856,0.0000e+00
dev-corpus-05,3960,6337,0.000000e+00,264,264,2.431651,2.431651,0.0000e+00
dev-corpus-05,3961,314,0.000000e+00,314,314,0.230998,0.230998,0.0000e+00
dev-corpus-05,3962,660,0.000000e+00,279,279,2.684871,2.684871,0.0000e+00
dev-corpus-05,3963,1439,0.000000e+00,1439,1439,0.394011,0.394011,0.0000e+00
dev-corpus-05,3964,5265,0.000000e+00,9085,9085,5.765101,5.765101,0.0000e+00
dev-corpus-05,3965,9085,0.000000e+00,9085,9085,0.867651,0.867651,0.0000e+00
dev-corpus-05,3966,321,0.000000e+00,13,13,2.694605,2.694605,0.0000e+00
dev-corpus-05,3967,11,0.000000e+00,836,836,4.950310,4.950310,0.0000e+00
dev-corpus-05,3968,8106,0.000000e+00,1379,1379,3.931960,3.931960,0.0000e+00
dev-corpus-05,3969,3294,0.000000e+00,1379,1379,4.993640,4.993640,0.0000e+00
dev-corpus-05,3970,660,0.000000e+00,660,660,0.025814,0.025814,0.0000e+00
dev-corpus-05,3971,11,0.000000e+00,11,11,0.122243,0.122243,0.0000e+00
dev-corpus-05,3972,279,0.000000e+00,279,279,1.336672,1.336672,0.0000e+00
dev-corpus-05,3973,27073,0.000000e+00,5548,5548,2.521916,2.521916,0.0000e+00
dev-corpus-05,3974,25278,0.000000e+00,11532,11532,3.863473,3.863473,0.0000e+00
dev-corpus-05,3975,314,0.000000e+00,314,314,0.192487,0.192487,0.0000e+00
dev-corpus-05,3976,1439,0.000000e+00,1439,1439,1.322652,1.322652,0.0000e+00
dev-corpus-05,3977,9085,0.000000e+00,9085,9085,0.329374,0.329374,0.0000e+00
dev-corpus-05,3978,13,0.000000e+00,13,13,0.354632,0.354632,0.0000e+00
dev-corpus-05,3979,10006,0.000000e+00,248046,248046,15.715580,15.715580,0.0000e+00
dev-corpus-05,3980,28945,0.000000e+00,286,286,10.102229,10.102229,0.0000e+00
dev-corpus-05,3981,3043,0.000000e+00,11,11,4.414169,4.414169,0.0000e+00
dev-corpus-05,3982,34343,0.000000e+00,34343,34343,1.708601,1.708601,0.0000e+00
dev-corpus-05,3983,1189,0.000000e+00,11,11,2.409261,2.409261,0.0000e+00
dev-corpus-05,3984,5827,0.000000e+00,381,381,1.835568,1.835568,0.0000e+00
dev-corpus-05,3985,2919,0.000000e+00,2919,2919,0.384403,0.384403,0.0000e+00
dev-corpus-05,3986,16229,0.000000e+00,4131,4131,1.076811,1.076811,0.0000e+00
dev-corpus-05,3987,11,0.000000e+00,13,13,1.260322,1.260322,0.0000e+00
dev-corpus-05,3988,7187,0.000000e+00,694,694,11.855449,11.855449,0.0000e+00
dev-corpus-05,3989,793,0.000000e+00,286,286,3.062497,3.062497,0.0000e+00
dev-corpus-05,3990,1189,0.000000e+00,3043,3043,1.562171,1.562171,0.0000e+00
dev-corpus-05,3991,5190,0.000000e+00,381,381,3.790558,3.790558,0.0000e+00
dev-corpus-05,3992,279,0.000000e+00,13245,13245,2.992886,2.992886,0.0000e+00
dev-corpus-05,3993,8597,0.000000e+00,8597,8597,0.156105,0.156105,0.0000e+00
dev-corpus-05,3994,314,0.000000e+00,314,314,0.009885,0.009885,0.0000e+00
dev-corpus-05,3995,3807,0.000000e+00,3807,3807,0.829674,0.829674,0.0000e+00
dev-corpus-05,3996,11,0.000000e+00,11,11,0.156269,0.156269,0.0000e+00
dev-corpus-05,3997,321,0.000000e+00,321,321,0.270789,0.270789,0.0000e+00
dev-corpus-05,3998,6865,0.000000e+00,18660,18660,7.234204,7.234204,0.0000e+00
dev-corpus-05,3999,15101,0.000000e+00,10292,10292,1.586756,1.586756,0.0000e+00
dev-corpus-05,4000,685,0.000000e+00,1189,1189,9.750132,9.750132,0.0000e+00
dev-corpus-05,4001,18574,0.000000e+00,18574,18574,0.207281,0.207281,0.0000e+00
dev-corpus-05,4002,1189,0.000000e+00,1189,1189,0.695312,0.695312,0.0000e+00
dev-corpus-05,4003,11100,0.000000e+00,7556,7556,3.148121,3.148121,0.0000e+00
dev-corpus-05,4004,1004,0.000000e+00,279,279,3.377037,3.377037,0.0000e+00
dev-corpus-05,4005,34382,0.000000e+00,34382,34382,0.780142,0.780142,0.0000e+00
dev-corpus-05,4006,13,0.000000e+00,13,13,0.102950,0.102950,0.0000e+00
dev-corpus-05,4007,357,0.000000e+00,79528,79528,2.842754,2.842754,0.0000e+00
dev-corpus-05,4008,79528,0.000000e+00,79528,79528,0.074468,0.074468,0.0000e+00
dev-corpus-05,4009,8346,0.000000e+00,628,628,2.154962,2.154962,0.0000e+00
dev-corpus-05,4010,586,0.000000e+00,586,586,0.323675,0.323675,0.0000e+00
dev-corpus-05,4011,22903,0.000000e+00,3418,3418,3.928773,3.928773,0.0000e+00
dev-corpus-05,4012,1439,0.000000e+00,1439,1439,0.920997,0.920997,0.0000e+00
dev-corpus-05,4013,27073,0.000000e+00,11532,11532,1.359109,1.359109,0.0000e+00
dev-corpus-05,4014,21207,0.000000e+00,11532,11532,6.351358,6.351358,0.0000e+00
dev-corpus-05,4015,11,0.000000e+00,13,13,2.733289,2.733289,0.0000e+00
dev-corpus-05,4016,321,0.000000e+00,10377,10377,2.146184,2.146184,0.0000e+00
dev-corpus-05,4017,369,0.000000e+00,8190,8190,5.203329,5.203329,0.0000e+00
dev-corpus-05,4018,1048,0.000000e+00,264,264,4.300265,4.300265,0.0000e+00
dev-corpus-05,4019,7695,0.000000e+00,264,264,7.801408,7.801408,0.0000e+00
dev-corpus-05,4020,5222,0.000000e+00,5222,5222,0.905789,0.905789,0.0000e+00
dev-corpus-05,4021,506,0.000000e+00,364,364,5.969286,5.969286,0.0000e+00
dev-corpus-05,4022,27034,0.000000e+00,8851,8851,2.889126,2.889126,0.0000e+00
dev-corpus-05,4023,27073,0.000000e+00,279,279,3.866658,3.866658,0.0000e+00
dev-corpus-05,4024,795,0.000000e+00,1928,1928,1.792965,1.792965,0.0000e+00
dev-corpus-05,4025,321,0.000000e+00,303,303,3.556895,3.556895,0.0000e+00
dev-corpus-05,4026,6157,0.000000e+00,12261,12261,4.295465,4.295465,0.0000e+00
dev-corpus-05,4027,13,0.000000e+00,2961,2961,3.729970,3.729970,0.0000e+00
dev-corpus-05,4028,357,0.000000e+00,248046,248046,3.255443,3.255443,0.0000e+00
dev-corpus-05,4029,79528,0.000000e+00,79528,79528,0.073705,0.073705,0.0000e+00
dev-corpus-05,4030,369,0.000000e+00,369,369,1.225748,1.225748,0.0000e+00
dev-corpus-05,4031,3428,0.000000e+00,264,264,3.989133,3.989133,0.0000e+00
dev-corpus-05,4032,279,0.000000e+00,1429,1429,3.898680,3.898680,0.0000e+00
dev-corpus-05,4033,1132,0.000000e+00,1132,1132,1.455137,1.455137,0.0000e+00
dev-corpus-05,4034,1560,0.000000e+00,1560,1560,0.829141,0.829141,0.0000e+00
dev-corpus-05,4035,310,0.000000e+00,310,310,0.155587,0.155587,0.0000e+00
dev-corpus-05,4036,11290,0.000000e+00,48402,48402,4.297788,4.297788,0.0000e+00
dev-corpus-05,4037,27073,0.000000e+00,6150,6150,2.884898,2.884898,0.0000e+00
dev-corpus-05,4038,391,0.000000e+00,5154,5154,2.474810,2.474810,0.0000e+00
dev-corpus-05,4039,13505,0.000000e+00,6150,6150,3.507413,3.507413,0.0000e+00
dev-corpus-05,4040,5154,0.000000e+00,5154,5154,0.141167,0.141167,0.0000e+00
dev-corpus-05,4041,13,0.000000e+00,13,13,0.656869,0.656869,0.0000e+00
dev-corpus-05,4042,248046,0.000000e+00,248046,248046,0.641035,0.641035,0.0000e+00
dev-corpus-05,4043,198,0.000000e+00,198,198,0.000171,0.000171,0.0000e+00
dev-corpus-05,4044,248045,0.000000e+00,248045,248045,0.007698,0.007698,0.0000e+00
dev-corpus-05,4045,846,0.000000e+00,846,846,0.145112,0.145112,0.0000e+00
dev-corpus-05,4046,198,0.000000e+00,198,198,0.241937,0.241937,0.0000e+00
dev-corpus-05,4047,3710,0.000000e+00,3710,3710,1.124046,1.124046,0.0000e+00
dev-corpus-05,4048,369,0.000000e+00,369,369,0.289532,0.289532,0.0000e+00
dev-corpus-05,4049,10849,0.000000e+00,264,264,11.981010,11.981010,0.0000e+00
dev-corpus-05,4050,1603,0.000000e+00,248046,248046,9.148660,9.148660,0.0000e+00
dev-corpus-05,4051,364,0.000000e+00,364,364,0.058036,0.058036,0.0000e+00
dev-corpus-05,4052,30,0.000000e+00,30,30,0.338659,0.338659,0.0000e+00
dev-corpus-05,4053,248046,0.000000e+00,248046,248046,0.014370,0.014370,0.0000e+00
dev-corpus-05,4054,198,0.000000e+00,198,198,0.000080,0.000080,0.0000e+00
dev-corpus-05,4055,248045,0.000000e+00,248045,248045,0.000002,0.000002,0.0000e+00
dev-corpus-05,4056,74455,0.000000e+00,248045,248045,4.741957,4.741957,0.0000e+00
dev-corpus-05,4057,198,0.000000e+00,198,198,0.016333,0.016333,0.0000e+00
dev-corpus-05,4058,57044,0.000000e+00,248068,248068,12.170751,12.170751,0.0000e+00
dev-corpus-05,4059,3905,0.000000e+00,369,369,8.571668,8.571668,0.0000e+00
dev-corpus-05,4060,494,0.000000e+00,494,494,0.702787,0.702787,0.0000e+00
dev-corpus-05,4061,279,0.000000e+00,279,279,0.749018,0.749018,0.0000e+00
dev-corpus-05,4062,12515,0.000000e+00,2919,2919,3.725838,3.725838,0.0000e+00
dev-corpus-05,4063,539,0.000000e+00,321,321,6.545230,6.545230,0.0000e+00
dev-corpus-05,4064,17415,0.000000e+00,279,279,8.108060,8.108060,0.0000e+00
dev-corpus-05,4065,321,0.000000e+00,3514,3514,2.531745,2.531745,0.0000e+00
dev-corpus-05,4066,4128,0.000000e+00,4128,4128,1.229247,1.229247,0.0000e+00
dev-corpus-05,4067,2919,0.000000e+00,13,13,3.081775,3.081775,0.0000e+00
dev-corpus-05,4068,57054,0.000000e+00,3514,3514,2.479494,2.479494,0.0000e+00
dev-corpus-05,4069,1060,0.000000e+00,1060,1060,0.329321,0.329321,0.0000e+00
dev-corpus-05,4070,1083,0.000000e+00,11,11,1.863338,1.863338,0.0000e+00
dev-corpus-05,4071,279,0.000000e+00,279,279,0.706507,0.706507,0.0000e+00
dev-corpus-05,4072,28552,0.000000e+00,3594,3594,3.317097,3.317097,0.0000e+00
dev-corpus-05,4073,13,0.000000e+00,13,13,1.005701,1.005701,0.0000e+00
dev-corpus-05,4074,220,0.000000e+00,3095,3095,5.600353,5.600353,0.0000e+00
dev-corpus-05,4075,3095,0.000000e+00,1049,1049,2.346956,2.346956,0.0000e+00
dev-corpus-05,4076,1439,0.000000e+00,279,279,2.534369,2.534369,0.0000e+00
dev-corpus-05,4077,44171,0.000000e+00,28552,28552,13.442238,13.442238,0.0000e+00
dev-corpus-05,4078,10032,0.000000e+00,10032,10032,0.370040,0.370040,0.0000e+00
dev-corpus-05,4079,28552,0.000000e+00,28552,28552,0.119218,0.119218,0.0000e+00
dev-corpus-05,4080,3166,0.000000e+00,3512,3512,4.371006,4.371006,0.0000e+00
dev-corpus-05,4081,310,0.000000e+00,888,888,4.077666,4.077666,0.0000e+00
dev-corpus-05,4082,4128,0.000000e+00,4128,4128,1.216409,1.216409,0.0000e+00
dev-corpus-05,4083,11,0.000000e+00,11,11,0.524549,0.524549,0.0000e+00
dev-corpus-05,4084,321,0.000000e+00,781,781,5.540744,5.540744,0.0000e+00
dev-corpus-05,4085,279,0.000000e+00,279,279,1.048024,1.048024,0.0000e+00
dev-corpus-05,4086,279,0.000000e+00,2919,2919,8.990376,8.990376,0.0000e+00
dev-corpus-05,4087,10849,0.000000e+00,2919,2919,1.879378,1.879378,0.0000e+00
dev-corpus-05,4088,303,0.000000e+00,16563,16563,7.425574,7.425574,0.0000e+00
dev-corpus-05,4089,1070,0.000000e+00,279,279,1.914274,1.914274,0.0000e+00
dev-corpus-05,4090,369,0.000000e+00,16563,16563,2.774129,2.774129,0.0000e+00
dev-corpus-05,4091,5055,0.000000e+00,8545,8545,9.633012,9.633012,0.0000e+00
dev-corpus-05,4092,2166,0.000000e+00,8545,8545,2.831189,2.831189,0.0000e+00
dev-corpus-05,4093,8545,0.000000e+00,8545,8545,0.086217,0.086217,0.0000e+00
dev-corpus-05,4094,279,0.000000e+00,11,11,4.227776,4.227776,0.0000e+00
dev-corpus-05,4095,10849,0.000000e+00,2919,2919,1.387882,1.387882,0.0000e+00
dev-corpus-06,4096,198,0.000000e+00,198,198,0.002178,0.002178,0.0000e+00
dev-corpus-06,4097,14749,0.000000e+00,3710,3710,6.316776,6.316776,0.0000e+00
dev-corpus-06,4098,557,0.000000e+00,369,369,2.438787,2.438787,0.0000e+00
dev-corpus-06,4099,279,0.000000e+00,279,279,0.232632,0.232632,0.0000e+00
dev-corpus-06,4100,78167,0.000000e+00,1118,1118,10.172202,10.172202,0.0000e+00
dev-corpus-06,4101,6683,0.000000e+00,6683,6683,1.394605,1.394605,0.0000e+00
dev-corpus-06,4102,30,0.000000e+00,30,30,1.146338,1.146338,0.0000e+00
dev-corpus-06,4103,248046,0.000000e+00,248046,248046,0.066184,0.066184,0.0000e+00
dev-corpus-06,4104,198,0.000000e+00,198,198,0.000047,0.000047,0.0000e+00
dev-corpus-06,4105,248045,0.000000e+00,248045,248045,0.000001,0.000001,0.0000e+00
dev-corpus-06,4106,74455,0.000000e+00,248045,248045,3.941600,3.941600,0.0000e+00
dev-corpus-06,4107,198,0.000000e+00,198,198,0.006306,0.006306,0.0000e+00
dev-corpus-06,4108,32,0.000000e+00,248068,248068,22.210787,22.210787,0.0000e+00
dev-corpus-06,4109,2134,0.000000e+00,2134,2134,0.220707,0.220707,0.0000e+00
dev-corpus-06,4110,273,0.000000e+00,273,273,0.003407,0.003407,0.0000e+00
dev-corpus-06,4111,6683,0.000000e+00,6683,6683,0.376895,0.376895,0.0000e+00
dev-corpus-06,4112,11,0.000000e+00,318,318,0.997837,0.997837,0.0000e+00
dev-corpus-06,4113,852,0.000000e+00,12830,12830,7.393037,7.393037,0.0000e+00
dev-corpus-06,4114,557,0.000000e+00,557,557,1.036484,1.036484,0.0000e+00
dev-corpus-06,4115,1048,0.000000e+00,12830,12830,2.015960,2.015960,0.0000e+00
dev-corpus-06,4116,3750,0.000000e+00,3750,3750,0.096480,0.096480,0.0000e+00
dev-corpus-06,4117,430,0.000000e+00,430,430,0.164918,0.164918,0.0000e+00
dev-corpus-06,4118,13799,0.000000e+00,65246,65246,4.720636,4.720636,0.0000e+00
dev-corpus-06,4119,6683,0.000000e+00,6683,6683,0.050452,0.050452,0.0000e+00
dev-corpus-06,4120,11,0.000000e+00,466,466,1.220028,1.220028,0.0000e+00
dev-corpus-06,4121,557,0.000000e+00,557,557,0.499695,0.499695,0.0000e+00
dev-corpus-06,4122,264,0.000000e+00,264,264,0.577103,0.577103,0.0000e+00
dev-corpus-06,4123,8608,0.000000e+00,4927,4927,5.109440,5.109440,0.0000e+00
dev-corpus-06,4124,78167,0.000000e+00,70421,70421,4.508010,4.508010,0.0000e+00
dev-corpus-06,4125,852,0.000000e+00,321,321,2.397502,2.397502,0.0000e+00
dev-corpus-06,4126,8597,0.000000e+00,11815,11815,5.248987,5.248987,0.0000e+00
dev-corpus-06,4127,279,0.000000e+00,279,279,0.289118,0.289118,0.0000e+00
dev-corpus-06,4128,42995,0.000000e+00,42995,42995,1.537688,1.537688,0.0000e+00
dev-corpus-06,4129,314,0.000000e+00,314,314,0.114126,0.114126,0.0000e+00
dev-corpus-06,4130,10274,0.000000e+00,10274,10274,0.226695,0.226695,0.0000e+00
dev-corpus-06,4131,3560,0.000000e+00,3560,3560,0.342230,0.342230,0.0000e+00
dev-corpus-06,4132,13,0.000000e+00,6600,6600,1.865194,1.865194,0.0000e+00
dev-corpus-06,4133,10235,0.000000e+00,248046,248046,8.289895,8.289895,0.0000e+00
dev-corpus-06,4134,310,0.000000e+00,310,310,0.048073,0.048073,0.0000e+00
dev-corpus-06,4135,279,0.000000e+00,279,279,0.532479,0.532479,0.0000e+00
dev-corpus-06,4136,2236,0.000000e+00,1478,1478,4.381083,4.381083,0.0000e+00
dev-corpus-06,4137,314,0.000000e+00,314,314,0.185138,0.185138,0.0000e+00
dev-corpus-06,4138,47185,0.000000e+00,47185,47185,0.127818,0.127818,0.0000e+00
dev-corpus-06,4139,303,0.000000e+00,303,303,0.311140,0.311140,0.0000e+00
dev-corpus-06,4140,279,0.000000e+00,279,279,0.098117,0.098117,0.0000e+00
dev-corpus-06,4141,58171,0.000000e+00,1478,1478,6.302483,6.302483,0.0000e+00
dev-corpus-06,4142,11,0.000000e+00,11,11,0.269084,0.269084,0.0000e+00
dev-corpus-06,4143,6683,0.000000e+00,551,551,1.470498,1.470498,0.0000e+00
dev-corpus-06,4144,557,0.000000e+00,557,557,0.365291,0.365291,0.0000e+00
dev-corpus-06,4145,84552,0.000000e+00,12830,12830,11.369608,11.369608,0.0000e+00
dev-corpus-06,4146,1029,0.000000e+00,1029,1029,0.196608,0.196608,0.0000e+00
dev-corpus-06,4147,287,0.000000e+00,68,68,1.248788,1.248788,0.0000e+00
dev-corpus-06,4148,321,0.000000e+00,321,321,1.495554,1.495554,0.0000e+00
dev-corpus-06,4149,2895,0.000000e+00,557,557,10.853692,10.853692,0.0000e+00
dev-corpus-06,4150,53568,0.000000e+00,248046,248046,4.282368,4.282368,0.0000e+00
dev-corpus-06,4151,314,0.000000e+00,2272,2272,1.851222,1.851222,0.0000e+00
dev-corpus-06,4152,3988,0.000000e+00,3988,3988,1.098271,1.098271,0.0000e+00
dev-corpus-06,4153,46553,0.000000e+00,20753,20753,7.257633,7.257633,0.0000e+00
dev-corpus-06,4154,314,0.000000e+00,13,13,1.401777,1.401777,0.0000e+00
dev-corpus-06,4155,10274,0.000000e+00,10274,10274,0.212700,0.212700,0.0000e+00
dev-corpus-06,4156,13,0.000000e+00,13,13,0.957542,0.957542,0.0000e+00
dev-corpus-06,4157,1216,0.000000e+00,248046,248046,2.381621,2.381621,0.0000e+00
dev-corpus-06,4158,22339,0.000000e+00,557,557,4.419985,4.419985,0.0000e+00
dev-corpus-06,4159,10274,0.000000e+00,10274,10274,0.235409,0.235409,0.0000e+00
dev-corpus-06,4160,383,0.000000e+00,383,383,0.445714,0.445714,0.0000e+00
dev-corpus-06,4161,279,0.000000e+00,279,279,0.049033,0.049033,0.0000e+00
dev-corpus-06,4162,5459,0.000000e+00,5459,5459,0.132546,0.132546,0.0000e+00
dev-corpus-06,4163,310,0.000000e+00,310,310,0.037269,0.037269,0.0000e+00
dev-corpus-06,4164,55115,0.000000e+00,55115,55115,0.023918,0.023918,0.0000e+00
dev-corpus-06,4165,310,0.000000e+00,321,321,6.714369,6.714369,0.0000e+00
dev-corpus-06,4166,1423,0.000000e+00,3512,3512,7.540598,7.540598,0.0000e+00
dev-corpus-06,4167,20753,0.000000e+00,780,780,7.593587,7.593587,0.0000e+00
dev-corpus-06,4168,1017,0.000000e+00,13,13,6.045503,6.045503,0.0000e+00
dev-corpus-06,4169,321,0.000000e+00,13,13,2.096603,2.096603,0.0000e+00
dev-corpus-06,4170,4300,0.000000e+00,5924,5924,6.324675,6.324675,0.0000e+00
dev-corpus-06,4171,1070,0.000000e+00,1070,1070,0.407714,0.407714,0.0000e+00
dev-corpus-06,4172,6608,0.000000e+00,310,310,12.352534,12.352534,0.0000e+00
dev-corpus-06,4173,310,0.000000e+00,310,310,1.332275,1.332275,0.0000e+00
dev-corpus-06,4174,24640,0.000000e+00,279,279,2.273931,2.273931,0.0000e+00
dev-corpus-06,4175,13,0.000000e+00,13,13,0.868166,0.868166,0.0000e+00
dev-corpus-06,4176,1921,0.000000e+00,248046,248046,3.826081,3.826081,0.0000e+00
dev-corpus-06,4177,383,0.000000e+00,551,551,3.940469,3.940469,0.0000e+00
dev-corpus-06,4178,780,0.000000e+00,279,279,1.910745,1.910745,0.0000e+00
dev-corpus-06,4179,1560,0.000000e+00,1560,1560,0.359841,0.359841,0.0000e+00
dev-corpus-06,4180,264,0.000000e+00,11,11,8.294208,8.294208,0.0000e+00
dev-corpus-06,4181,3000,0.000000e+00,1447,1447,1.318831,1.318831,0.0000e+00
dev-corpus-06,4182,50786,0.000000e+00,494,494,6.811951,6.811951,0.0000e+00
dev-corpus-06,4183,1056,0.000000e+00,1056,1056,0.064690,0.064690,0.0000e+00
dev-corpus-06,4184,264,0.000000e+00,279,279,4.590248,4.590248,0.0000e+00
dev-corpus-06,4185,6797,0.000000e+00,6797,6797,1.072854,1.072854,0.0000e+00
dev-corpus-06,4186,542,0.000000e+00,9434,9434,3.008017,3.008017,0.0000e+00
dev-corpus-06,4187,588,0.000000e+00,588,588,0.388262,0.388262,0.0000e+00
dev-corpus-06,4188,2094,0.000000e+00,1441,1441,2.984766,2.984766,0.0000e+00
dev-corpus-06,4189,1384,0.000000e+00,1384,1384,0.104294,0.104294,0.0000e+00
dev-corpus-06,4190,321,0.000000e+00,321,321,0.680866,0.680866,0.0000e+00
dev-corpus-06,4191,1782,0.000000e+00,551,551,9.995831,9.995831,0.0000e+00
dev-corpus-06,4192,440,0.000000e+00,440,440,0.954748,0.954748,0.0000e+00
dev-corpus-06,4193,1384,0.000000e+00,1384,1384,0.039815,0.039815,0.0000e+00
dev-corpus-06,4194,494,0.000000e+00,10729,10729,7.591674,7.591674,0.0000e+00
dev-corpus-06,4195,21583,0.000000e+00,279,279,1.346622,1.346622,0.0000e+00
dev-corpus-06,4196,506,0.000000e+00,13,13,9.303615,9.303615,0.0000e+00
dev-corpus-06,4197,4937,0.000000e+00,279,279,5.717790,5.717790,0.0000e+00
dev-corpus-06,4198,1834,0.000000e+00,1247,1247,3.096032,3.096032,0.0000e+00
dev-corpus-06,4199,13,0.000000e+00,13,13,0.804971,0.804971,0.0000e+00
dev-corpus-06,4200,4844,0.000000e+00,1216,1216,3.861235,3.861235,0.0000e+00
dev-corpus-06,4201,551,0.000000e+00,551,551,0.977047,0.977047,0.0000e+00
dev-corpus-06,4202,10729,0.000000e+00,6408,6408,1.960698,1.960698,0.0000e+00
dev-corpus-06,4203,310,0.000000e+00,310,310,0.673860,0.673860,0.0000e+00
dev-corpus-06,4204,279,0.000000e+00,279,279,0.097768,0.097768,0.0000e+00
dev-corpus-06,4205,4751,0.000000e+00,4751,4751,0.042170,0.042170,0.0000e+00
dev-corpus-06,4206,321,0.000000e+00,321,321,0.376105,0.376105,0.0000e+00
dev-corpus-06,4207,6408,0.000000e+00,6408,6408,0.311711,0.311711,0.0000e+00
dev-corpus-06,4208,264,0.000000e+00,264,264,0.389874,0.389874,0.0000e+00
dev-corpus-06,4209,7497,0.000000e+00,7497,7497,0.071371,0.071371,0.0000e+00
dev-corpus-06,4210,11,0.000000e+00,5315,5315,4.328338,4.328338,0.0000e+00
dev-corpus-06,4211,328,0.000000e+00,328,328,1.171520,1.171520,0.0000e+00
dev-corpus-06,4212,50,0.000000e+00,50,50,0.268219,0.268219,0.0000e+00
dev-corpus-06,4213,4784,0.000000e+00,4784,4784,0.001619,0.001619,0.0000e+00
dev-corpus-06,4214,11,0.000000e+00,11,11,0.066150,0.066150,0.0000e+00
dev-corpus-06,4215,796,0.000000e+00,65246,65246,6.609175,6.609175,0.0000e+00
dev-corpus-06,4216,355,0.000000e+00,355,355,0.137306,0.137306,0.0000e+00
dev-corpus-06,4217,11,0.000000e+00,11,11,0.207532,0.207532,0.0000e+00
dev-corpus-06,4218,3069,0.000000e+00,3069,3069,0.025187,0.025187,0.0000e+00
dev-corpus-06,4219,513,0.000000e+00,513,513,0.808157,0.808157,0.0000e+00
dev-corpus-06,4220,488,0.000000e+00,488,488,0.022130,0.022130,0.0000e+00
dev-corpus-06,4221,36228,0.000000e+00,36228,36228,0.066258,0.066258,0.0000e+00
dev-corpus-06,4222,10292,0.000000e+00,10292,10292,0.007001,0.007001,0.0000e+00
dev-corpus-06,4223,728,0.000000e+00,728,728,0.093331,0.093331,0.0000e+00
dev-corpus-06,4224,224994,0.000000e+00,7285,7285,2.647987,2.647987,0.0000e+00
dev-corpus-06,4225,321,0.000000e+00,248046,248046,7.195191,7.195191,0.0000e+00
dev-corpus-06,4226,551,0.000000e+00,551,551,1.441841,1.441841,0.0000e+00
dev-corpus-06,4227,1018,0.000000e+00,557,557,4.119219,4.119219,0.0000e+00
dev-corpus-06,4228,328,0.000000e+00,11,11,1.109093,1.109093,0.0000e+00
dev-corpus-06,4229,14202,0.000000e+00,14749,14749,1.946355,1.946355,0.0000e+00
dev-corpus-06,4230,513,0.000000e+00,513,513,0.081725,0.081725,0.0000e+00
dev-corpus-06,4231,488,0.000000e+00,488,488,0.013330,0.013330,0.0000e+00
dev-corpus-06,4232,7285,0.000000e+00,224994,224994,1.257776,1.257776,0.0000e+00
dev-corpus-06,4233,1179,0.000000e+00,321,321,3.016451,3.016451,0.0000e+00
dev-corpus-06,4234,279,0.000000e+00,279,279,0.650098,0.650098,0.0000e+00
dev-corpus-06,4235,35706,0.000000e+00,7497,7497,6.689767,6.689767,0.0000e+00
dev-corpus-06,4236,1018,0.000000e+00,1018,1018,0.389530,0.389530,0.0000e+00
dev-corpus-06,4237,11,0.000000e+00,328,328,1.825582,1.825582,0.0000e+00
dev-corpus-06,4238,328,0.000000e+00,328,328,0.077723,0.077723,0.0000e+00
dev-corpus-06,4239,40,0.000000e+00,40,40,0.075687,0.075687,0.0000e+00
dev-corpus-06,4240,1044,0.000000e+00,1044,1044,0.049199,0.049199,0.0000e+00
dev-corpus-06,4241,10274,0.000000e+00,10274,10274,0.089555,0.089555,0.0000e+00
dev-corpus-06,4242,11,0.000000e+00,11,11,0.995071,0.995071,0.0000e+00
dev-corpus-06,4243,8446,0.000000e+00,8446,8446,0.242657,0.242657,0.0000e+00
dev-corpus-06,4244,488,0.000000e+00,488,488,0.039294,0.039294,0.0000e+00
dev-corpus-06,4245,513,0.000000e+00,513,513,0.205860,0.205860,0.0000e+00
dev-corpus-06,4246,36228,0.000000e+00,36228,36228,0.072954,0.072954,0.0000e+00
dev-corpus-06,4247,10292,0.000000e+00,10292,10292,0.012750,0.012750,0.0000e+00
dev-corpus-06,4248,13,0.000000e+00,3158,3158,1.521082,1.521082,0.0000e+00
dev-corpus-06,4249,1049,0.000000e+00,4543,4543,4.906564,4.906564,0.0000e+00
dev-corpus-06,4250,369,0.000000e+00,369,369,0.253365,0.253365,0.0000e+00
dev-corpus-06,4251,2503,0.000000e+00,2503,2503,1.941660,1.941660,0.0000e+00
dev-corpus-06,4252,364,0.000000e+00,364,364,0.274510,0.274510,0.0000e+00
dev-corpus-06,4253,488,0.000000e+00,488,488,0.097203,0.097203,0.0000e+00
dev-corpus-06,4254,310,0.000000e+00,310,310,0.099276,0.099276,0.0000e+00
dev-corpus-06,4255,10017,0.000000e+00,10017,10017,0.257442,0.257442,0.0000e+00
dev-corpus-06,4256,2272,0.000000e+00,2272,2272,0.064702,0.064702,0.0000e+00
dev-corpus-06,4257,279,0.000000e+00,279,279,0.040940,0.040940,0.0000e+00
dev-corpus-06,4258,708,0.000000e+00,708,708,1.615684,1.615684,0.0000e+00
dev-corpus-06,4259,7421,0.000000e+00,327,327,1.120983,1.120983,0.0000e+00
dev-corpus-06,4260,1149,0.000000e+00,1149,1149,0.999193,0.999193,0.0000e+00
dev-corpus-06,4261,6683,0.000000e+00,248046,248046,5.902770,5.902770,0.0000e+00
dev-corpus-06,4262,4439,0.000000e+00,557,557,3.367350,3.367350,0.0000e+00
dev-corpus-06,4263,328,0.000000e+00,328,328,1.076971,1.076971,0.0000e+00
dev-corpus-06,4264,3710,0.000000e+00,12195,12195,2.109386,2.109386,0.0000e+00
dev-corpus-06,4265,635,0.000000e+00,4723,4723,2.020744,2.020744,0.0000e+00
dev-corpus-06,4266,488,0.000000e+00,488,488,0.109075,0.109075,0.0000e+00
dev-corpus-06,4267,1318,0.000000e+00,1318,1318,0.105924,0.105924,0.0000e+00
dev-corpus-06,4268,728,0.000000e+00,728,728,0.117353,0.117353,0.0000e+00
dev-corpus-06,4269,310,0.000000e+00,310,310,0.052019,0.052019,0.0000e+00
dev-corpus-06,4270,635,0.000000e+00,635,635,0.035775,0.035775,0.0000e+00
dev-corpus-06,4271,7285,0.000000e+00,7285,7285,0.517548,0.517548,0.0000e+00
dev-corpus-06,4272,1179,0.000000e+00,321,321,2.295844,2.295844,0.0000e+00
dev-corpus-06,4273,279,0.000000e+00,279,279,0.304518,0.304518,0.0000e+00
dev-corpus-06,4274,35706,0.000000e+00,5459,5459,4.422277,4.422277,0.0000e+00
dev-corpus-06,4275,1018,0.000000e+00,1018,1018,0.229192,0.229192,0.0000e+00
dev-corpus-06,4276,328,0.000000e+00,11,11,1.115456,1.115456,0.0000e+00
dev-corpus-06,4277,6737,0.000000e+00,1882,1882,2.094478,2.094478,0.0000e+00
dev-corpus-06,4278,1029,0.000000e+00,1029,1029,0.004124,0.004124,0.0000e+00
dev-corpus-06,4279,321,0.000000e+00,321,321,0.334197,0.334197,0.0000e+00
dev-corpus-06,4280,708,0.000000e+00,708,708,0.122862,0.122862,0.0000e+00
dev-corpus-06,4281,1083,0.000000e+00,310,310,1.457849,1.457849,0.0000e+00
dev-corpus-06,4282,279,0.000000e+00,55115,55115,0.979658,0.979658,0.0000e+00
dev-corpus-06,4283,3177,0.000000e+00,3177,3177,0.146648,0.146648,0.0000e+00
dev-corpus-06,4284,11,0.000000e+00,321,321,1.348287,1.348287,0.0000e+00
dev-corpus-06,4285,321,0.000000e+00,321,321,0.076766,0.076766,0.0000e+00
dev-corpus-06,4286,488,0.000000e+00,488,488,0.354260,0.354260,0.0000e+00
dev-corpus-06,4287,668,0.000000e+00,668,668,0.290942,0.290942,0.0000e+00
dev-corpus-06,4288,381,0.000000e+00,381,381,0.045424,0.045424,0.0000e+00
dev-corpus-06,4289,3125,0.000000e+00,3125,3125,0.044805,0.044805,0.0000e+00
dev-corpus-06,4290,1092,0.000000e+00,1092,1092,0.067951,0.067951,0.0000e+00
dev-corpus-06,4291,488,0.000000e+00,488,488,0.250173,0.250173,0.0000e+00
dev-corpus-06,4292,1902,0.000000e+00,1902,1902,0.277950,0.277950,0.0000e+00
dev-corpus-06,4293,635,0.000000e+00,635,635,0.037957,0.037957,0.0000e+00
dev-corpus-06,4294,1149,0.000000e+00,1149,1149,0.403533,0.403533,0.0000e+00
dev-corpus-06,4295,19425,0.000000e+00,248046,248046,11.696074,11.696074,0.0000e+00
dev-corpus-06,4296,978,0.000000e+00,978,978,1.517694,1.517694,0.0000e+00
dev-corpus-06,4297,1801,0.000000e+00,86049,86049,5.694092,5.694092,0.0000e+00
dev-corpus-06,4298,17481,0.000000e+00,264,264,1.240226,1.240226,0.0000e+00
dev-corpus-06,4299,11,0.000000e+00,539,539,1.870262,1.870262,0.0000e+00
dev-corpus-06,4300,551,0.000000e+00,6683,6683,0.953272,0.953272,0.0000e+00
dev-corpus-06,4301,557,0.000000e+00,557,557,0.254222,0.254222,0.0000e+00
dev-corpus-06,4302,2895,0.000000e+00,5879,5879,5.812153,5.812153,0.0000e+00
dev-corpus-06,4303,310,0.000000e+00,539,539,1.577208,1.577208,0.0000e+00
dev-corpus-06,4304,279,0.000000e+00,264,264,2.859842,2.859842,0.0000e+00
dev-corpus-06,4305,3177,0.000000e+00,3626,3626,2.638160,2.638160,0.0000e+00
dev-corpus-06,4306,321,0.000000e+00,314,314,1.952987,1.952987,0.0000e+00
dev-corpus-06,4307,2756,0.000000e+00,264,264,9.875606,9.875606,0.0000e+00
dev-corpus-06,4308,2843,0.000000e+00,314,314,1.847869,1.847869,0.0000e+00
dev-corpus-06,4309,780,0.000000e+00,551,551,2.371834,2.371834,0.0000e+00
dev-corpus-06,4310,13529,0.000000e+00,13529,13529,0.338521,0.338521,0.0000e+00
dev-corpus-06,4311,557,0.000000e+00,557,557,0.205799,0.205799,0.0000e+00
dev-corpus-06,4312,26137,0.000000e+00,26137,26137,0.070430,0.070430,0.0000e+00
dev-corpus-06,4313,539,0.000000e+00,539,539,0.527371,0.527371,0.0000e+00
dev-corpus-06,4314,1473,0.000000e+00,1473,1473,0.881579,0.881579,0.0000e+00
dev-corpus-06,4315,276,0.000000e+00,276,276,0.018269,0.018269,0.0000e+00
dev-corpus-06,4316,3362,0.000000e+00,3362,3362,0.005393,0.005393,0.0000e+00
dev-corpus-06,4317,314,0.000000e+00,13,13,4.799865,4.799865,0.0000e+00
dev-corpus-06,4318,55115,0.000000e+00,55115,55115,0.117360,0.117360,0.0000e+00
dev-corpus-06,4319,13,0.000000e+00,13,13,0.320549,0.320549,0.0000e+00
dev-corpus-06,4320,4844,0.000000e+00,248046,248046,3.164721,3.164721,0.0000e+00
dev-corpus-06,4321,6683,0.000000e+00,551,551,1.416957,1.416957,0.0000e+00
dev-corpus-06,4322,557,0.000000e+00,557,557,1.099697,1.099697,0.0000e+00
dev-corpus-06,4323,86058,0.000000e+00,86058,86058,0.614802,0.614802,0.0000e+00
dev-corpus-06,4324,321,0.000000e+00,321,321,0.346952,0.346952,0.0000e+00
dev-corpus-06,4325,6849,0.000000e+00,5924,5924,5.288917,5.288917,0.0000e+00
dev-corpus-06,4326,3727,0.000000e+00,5820,5820,2.152003,2.152003,0.0000e+00
dev-corpus-06,4327,310,0.000000e+00,66012,66012,1.835946,1.835946,0.0000e+00
dev-corpus-06,4328,62787,0.000000e+00,68233,68233,4.181225,4.181225,0.0000e+00
dev-corpus-06,4329,8608,0.000000e+00,279,279,7.831164,7.831164,0.0000e+00
dev-corpus-06,4330,1876,0.000000e+00,248046,248046,2.787278,2.787278,0.0000e+00
dev-corpus-06,4331,13,0.000000e+00,13,13,0.903523,0.903523,0.0000e+00
dev-corpus-06,4332,1216,0.000000e+00,248046,248046,2.168348,2.168348,0.0000e+00
dev-corpus-06,4333,59826,0.000000e+00,29694,29694,9.453392,9.453392,0.0000e+00
dev-corpus-06,4334,14156,0.000000e+00,279,279,8.224381,8.224381,0.0000e+00
dev-corpus-06,4335,310,0.000000e+00,303,303,1.230275,1.230275,0.0000e+00
dev-corpus-06,4336,279,0.000000e+00,279,279,1.094497,1.094497,0.0000e+00
dev-corpus-06,4337,15418,0.000000e+00,34539,34539,1.493298,1.493298,0.0000e+00
dev-corpus-06,4338,3533,0.000000e+00,3533,3533,0.051204,0.051204,0.0000e+00
dev-corpus-06,4339,321,0.000000e+00,13,13,1.660955,1.660955,0.0000e+00
dev-corpus-06,4340,551,0.000000e+00,5947,5947,3.257046,3.257046,0.0000e+00
dev-corpus-06,4341,369,0.000000e+00,557,557,2.814042,2.814042,0.0000e+00
dev-corpus-06,4342,1048,0.000000e+00,6306,6306,4.258533,4.258533,0.0000e+00
dev-corpus-06,4343,3750,0.000000e+00,3750,3750,0.559453,0.559453,0.0000e+00
dev-corpus-06,4344,430,0.000000e+00,430,430,0.483718,0.483718,0.0000e+00
dev-corpus-06,4345,449,0.000000e+00,279,279,5.405191,5.405191,0.0000e+00
dev-corpus-06,4346,78167,0.000000e+00,78167,78167,1.811699,1.811699,0.0000e+00
dev-corpus-06,4347,310,0.000000e+00,310,310,0.392014,0.392014,0.0000e+00
dev-corpus-06,4348,279,0.000000e+00,279,279,0.018192,0.018192,0.0000e+00
dev-corpus-06,4349,15418,0.000000e+00,34539,34539,3.228583,3.228583,0.0000e+00
dev-corpus-06,4350,3533,0.000000e+00,3533,3533,0.004350,0.004350,0.0000e+00
dev-corpus-06,4351,13,0.000000e+00,13,13,0.149906,0.149906,0.0000e+00
dev-corpus-06,4352,220,0.000000e+00,248046,248046,5.274647,5.274647,0.0000e+00
dev-corpus-06,4353,1216,0.000000e+00,248046,248046,1.305588,1.305588,0.0000e+00
dev-corpus-06,4354,37070,0.000000e+00,5947,5947,9.161975,9.161975,0.0000e+00
dev-corpus-06,4355,3679,0.000000e+00,1599,1599,3.456408,3.456408,0.0000e+00
dev-corpus-06,4356,28935,0.000000e+00,28935,28935,0.164697,0.164697,0.0000e+00
dev-corpus-06,4357,303,0.000000e+00,303,303,0.967647,0.967647,0.0000e+00
dev-corpus-06,4358,10305,0.000000e+00,279,279,5.603096,5.603096,0.0000e+00
dev-corpus-06,4359,177955,0.000000e+00,177955,177955,0.155341,0.155341,0.0000e+00
dev-corpus-06,4360,11,0.000000e+00,11,11,0.087678,0.087678,0.0000e+00
dev-corpus-06,4361,6931,0.000000e+00,66059,66059,3.511498,3.511498,0.0000e+00
dev-corpus-06,4362,23494,0.000000e+00,23494,23494,0.008026,0.008026,0.0000e+00
dev-corpus-06,4363,11,0.000000e+00,11,11,0.037870,0.037870,0.0000e+00
dev-corpus-06,4364,645,0.000000e+00,645,645,1.115795,1.115795,0.0000e+00
dev-corpus-06,4365,425,0.000000e+00,425,425,0.007983,0.007983,0.0000e+00
dev-corpus-06,4366,42167,0.000000e+00,42167,42167,0.004402,0.004402,0.0000e+00
dev-corpus-06,4367,11165,0.000000e+00,2906,2906,3.219034,3.219034,0.0000e+00
dev-corpus-06,4368,11,0.000000e+00,11,11,0.217064,0.217064,0.0000e+00
dev-corpus-06,4369,57775,0.000000e+00,57775,57775,0.973302,0.973302,0.0000e+00
dev-corpus-06,4370,321,0.000000e+00,11,11,2.606735,2.606735,0.0000e+00
dev-corpus-06,4371,66059,0.000000e+00,66059,66059,1.290176,1.290176,0.0000e+00
dev-corpus-06,4372,40985,0.000000e+00,40985,40985,0.017331,0.017331,0.0000e+00
dev-corpus-06,4373,4949,0.000000e+00,13,13,11.567556,11.567556,0.0000e+00
dev-corpus-06,4374,43410,0.000000e+00,2290,2290,9.014376,9.014376,0.0000e+00
dev-corpus-06,4375,466,0.000000e+00,11592,11592,3.902187,3.902187,0.0000e+00
dev-corpus-06,4376,12937,0.000000e+00,60163,60163,4.150019,4.150019,0.0000e+00
dev-corpus-06,4377,14470,0.000000e+00,14470,14470,0.018528,0.018528,0.0000e+00
dev-corpus-06,4378,314,0.000000e+00,11592,11592,2.392095,2.392095,0.0000e+00
dev-corpus-06,4379,279,0.000000e+00,279,279,0.176691,0.176691,0.0000e+00
dev-corpus-06,4380,16570,0.000000e+00,1478,1478,2.158684,2.158684,0.0000e+00
dev-corpus-06,4381,7840,0.000000e+00,7840,7840,0.652674,0.652674,0.0000e+00
dev-corpus-06,4382,6265,0.000000e+00,6265,6265,0.464470,0.464470,0.0000e+00
dev-corpus-06,4383,303,0.000000e+00,314,314,1.561996,1.561996,0.0000e+00
dev-corpus-06,4384,279,0.000000e+00,279,279,0.051439,0.051439,0.0000e+00
dev-corpus-06,4385,491,0.000000e+00,1478,1478,2.760054,2.760054,0.0000e+00
dev-corpus-06,4386,37818,0.000000e+00,58170,58170,3.182777,3.182777,0.0000e+00
dev-corpus-06,4387,557,0.000000e+00,513,513,4.524023,4.524023,0.0000e+00
dev-corpus-06,4388,5158,0.000000e+00,5158,5158,0.120693,0.120693,0.0000e+00
dev-corpus-06,4389,539,0.000000e+00,539,539,0.025669,0.025669,0.0000e+00
dev-corpus-06,4390,6683,0.000000e+00,6683,6683,0.729301,0.729301,0.0000e+00
dev-corpus-06,4391,1472,0.000000e+00,13,13,6.273457,6.273457,0.0000e+00
dev-corpus-06,4392,279,0.000000e+00,780,780,2.170376,2.170376,0.0000e+00
dev-corpus-06,4393,18252,0.000000e+00,11592,11592,5.149236,5.149236,0.0000e+00
dev-corpus-06,4394,314,0.000000e+00,314,314,0.054972,0.054972,0.0000e+00
dev-corpus-06,4395,279,0.000000e+00,279,279,0.103216,0.103216,0.0000e+00
dev-corpus-06,4396,25872,0.000000e+00,18147,18147,3.694066,3.694066,0.0000e+00
dev-corpus-06,4397,8643,0.000000e+00,8643,8643,0.155215,0.155215,0.0000e+00
dev-corpus-06,4398,13,0.000000e+00,13,13,0.205628,0.205628,0.0000e+00
dev-corpus-06,4399,248046,0.000000e+00,645,645,1.015649,1.015649,0.0000e+00
dev-corpus-06,4400,198,0.000000e+00,198,198,0.000065,0.000065,0.0000e+00
dev-corpus-06,4401,248045,0.000000e+00,248045,248045,0.000038,0.000038,0.0000e+00
dev-corpus-06,4402,846,0.000000e+00,846,846,0.300326,0.300326,0.0000e+00
dev-corpus-06,4403,198,0.000000e+00,198,198,0.036478,0.036478,0.0000e+00
dev-corpus-06,4404,3710,0.000000e+00,3710,3710,1.610114,1.610114,0.0000e+00
dev-corpus-06,4405,513,0.000000e+00,369,369,2.219075,2.219075,0.0000e+00
dev-corpus-06,4406,1010,0.000000e+00,279,279,1.867760,1.867760,0.0000e+00
dev-corpus-06,4407,2433,0.000000e+00,314,314,4.212699,4.212699,0.0000e+00
dev-corpus-06,4408,310,0.000000e+00,421,421,2.957369,2.957369,0.0000e+00
dev-corpus-06,4409,5909,0.000000e+00,635,635,3.819005,3.819005,0.0000e+00
dev-corpus-06,4410,948,0.000000e+00,883,883,1.670461,1.670461,0.0000e+00
dev-corpus-06,4411,11494,0.000000e+00,4237,4237,6.098282,6.098282,0.0000e+00
dev-corpus-06,4412,264,0.000000e+00,264,264,0.473658,0.473658,0.0000e+00
dev-corpus-06,4413,491,0.000000e+00,491,491,1.787097,1.787097,0.0000e+00
dev-corpus-06,4414,6505,0.000000e+00,1740,1740,4.400042,4.400042,0.0000e+00
dev-corpus-06,4415,314,0.000000e+00,314,314,0.020176,0.020176,0.0000e+00
dev-corpus-06,4416,41581,0.000000e+00,14850,14850,3.314427,3.314427,0.0000e+00
dev-corpus-06,4417,30,0.000000e+00,30,30,0.376728,0.376728,0.0000e+00
dev-corpus-06,4418,248046,0.000000e+00,248046,248046,0.014795,0.014795,0.0000e+00
dev-corpus-06,4419,198,0.000000e+00,198,198,0.000080,0.000080,0.0000e+00
dev-corpus-06,4420,248045,0.000000e+00,248045,248045,0.000003,0.000003,0.0000e+00
dev-corpus-06,4421,74455,0.000000e+00,74455,74455,0.538844,0.538844,0.0000e+00
dev-corpus-06,4422,198,0.000000e+00,198,198,0.023109,0.023109,0.0000e+00
dev-corpus-06,4423,3733,0.000000e+00,248068,248068,18.639909,18.639909,0.0000e+00
dev-corpus-06,4424,513,0.000000e+00,513,513,0.083326,0.083326,0.0000e+00
dev-corpus-06,4425,1599,0.000000e+00,3679,3679,2.622086,2.622086,0.0000e+00
dev-corpus-06,4426,12521,0.000000e+00,9085,9085,8.721576,8.721576,0.0000e+00
dev-corpus-06,4427,948,0.000000e+00,310,310,5.085894,5.085894,0.0000e+00
dev-corpus-06,4428,799,0.000000e+00,11494,11494,10.106334,10.106334,0.0000e+00
dev-corpus-06,4429,628,0.000000e+00,369,369,5.890024,5.890024,0.0000e+00
dev-corpus-06,4430,2426,0.000000e+00,3569,3569,7.815088,7.815088,0.0000e+00
dev-corpus-06,4431,303,0.000000e+00,303,303,0.089577,0.089577,0.0000e+00
dev-corpus-06,4432,3838,0.000000e+00,3838,3838,0.026693,0.026693,0.0000e+00
dev-corpus-06,4433,948,0.000000e+00,948,948,0.564833,0.564833,0.0000e+00
dev-corpus-06,4434,21877,0.000000e+00,11494,11494,1.720966,1.720966,0.0000e+00
dev-corpus-06,4435,41581,0.000000e+00,264,264,1.837688,1.837688,0.0000e+00
dev-corpus-06,4436,13,0.000000e+00,13,13,0.360049,0.360049,0.0000e+00
dev-corpus-06,4437,198,0.000000e+00,5514,5514,2.812561,2.812561,0.0000e+00
dev-corpus-06,4438,16,0.000000e+00,16,16,1.245072,1.245072,0.0000e+00
dev-corpus-06,4439,13,0.000000e+00,13,13,0.031113,0.031113,0.0000e+00
dev-corpus-06,4440,28097,0.000000e+00,2972,2972,3.573150,3.573150,0.0000e+00
dev-corpus-06,4441,25,0.000000e+00,25,25,0.844929,0.844929,0.0000e+00
dev-corpus-06,4442,279,0.000000e+00,28924,28924,6.493574,6.493574,0.0000e+00
dev-corpus-06,4443,7193,0.000000e+00,5839,5839,2.902219,2.902219,0.0000e+00
dev-corpus-06,4444,314,0.000000e+00,314,314,0.611894,0.611894,0.0000e+00
dev-corpus-06,4445,10121,0.000000e+00,279,279,4.478245,4.478245,0.0000e+00
dev-corpus-06,4446,1220,0.000000e+00,369,369,3.096519,3.096519,0.0000e+00
dev-corpus-06,4447,381,0.000000e+00,381,381,0.107407,0.107407,0.0000e+00
dev-corpus-06,4448,2708,0.000000e+00,6306,6306,2.782259,2.782259,0.0000e+00
dev-corpus-06,4449,303,0.000000e+00,13,13,5.781476,5.781476,0.0000e+00
dev-corpus-06,4450,3838,0.000000e+00,3838,3838,1.072267,1.072267,0.0000e+00
dev-corpus-06,4451,11,0.000000e+00,13,13,2.420218,2.420218,0.0000e+00
dev-corpus-06,4452,585,0.000000e+00,3315,3315,4.216383,4.216383,0.0000e+00
dev-corpus-06,4453,1673,0.000000e+00,1673,1673,0.056979,0.056979,0.0000e+00
dev-corpus-06,4454,2487,0.000000e+00,2487,2487,0.402712,0.402712,0.0000e+00
dev-corpus-06,4455,3315,0.000000e+00,364,364,1.891990,1.891990,0.0000e+00
dev-corpus-06,4456,424,0.000000e+00,424,424,1.055440,1.055440,0.0000e+00
dev-corpus-06,4457,579,0.000000e+00,369,369,2.112446,2.112446,0.0000e+00
dev-corpus-06,4458,364,0.000000e+00,364,364,0.074361,0.074361,0.0000e+00
dev-corpus-06,4459,10461,0.000000e+00,15367,15367,9.655780,9.655780,0.0000e+00
dev-corpus-06,4460,1603,0.000000e+00,4477,4477,7.653102,7.653102,0.0000e+00
dev-corpus-06,4461,4131,0.000000e+00,4477,4477,1.980974,1.980974,0.0000e+00
dev-corpus-06,4462,4477,0.000000e+00,4477,4477,0.233210,0.233210,0.0000e+00
dev-corpus-06,4463,466,0.000000e+00,11,11,1.994676,1.994676,0.0000e+00
dev-corpus-06,4464,364,0.000000e+00,364,364,0.609426,0.609426,0.0000e+00
dev-corpus-06,4465,944,0.000000e+00,15367,15367,4.721225,4.721225,0.0000e+00
dev-corpus-06,4466,1040,0.000000e+00,6526,6526,3.498862,3.498862,0.0000e+00
dev-corpus-06,4467,4483,0.000000e+00,6526,6526,2.767314,2.767314,0.0000e+00
dev-corpus-06,4468,2678,0.000000e+00,6526,6526,4.398116,4.398116,0.0000e+00
dev-corpus-06,4469,6526,0.000000e+00,6526,6526,0.373774,0.373774,0.0000e+00
dev-corpus-06,4470,13,0.000000e+00,13,13,1.015002,1.015002,0.0000e+00
dev-corpus-06,4471,198,0.000000e+00,198,198,0.433246,0.433246,0.0000e+00
dev-corpus-06,4472,17,0.000000e+00,17,17,0.015109,0.015109,0.0000e+00
dev-corpus-06,4473,13,0.000000e+00,13,13,0.009332,0.009332,0.0000e+00
dev-corpus-06,4474,8223,0.000000e+00,3856,3856,5.620333,5.620333,0.0000e+00
dev-corpus-06,4475,20025,0.000000e+00,25,25,12.332510,12.332510,0.0000e+00
dev-corpus-06,4476,25,0.000000e+00,25,25,0.611710,0.611710,0.0000e+00
dev-corpus-06,4477,17107,0.000000e+00,279,279,9.848469,9.848469,0.0000e+00
dev-corpus-06,4478,369,0.000000e+00,1220,1220,1.642566,1.642566,0.0000e+00
dev-corpus-06,4479,2590,0.000000e+00,264,264,2.902348,2.902348,0.0000e+00
dev-corpus-06,4480,449,0.000000e+00,264,264,1.990853,1.990853,0.0000e+00
dev-corpus-06,4481,2894,0.000000e+00,2894,2894,0.238695,0.238695,0.0000e+00
dev-corpus-06,4482,17345,0.000000e+00,7911,7911,2.424528,2.424528,0.0000e+00
dev-corpus-06,4483,948,0.000000e+00,13,13,3.710616,3.710616,0.0000e+00
dev-corpus-06,4484,424,0.000000e+00,11494,11494,3.441263,3.441263,0.0000e+00
dev-corpus-06,4485,3905,0.000000e+00,3905,3905,0.076868,0.076868,0.0000e+00
dev-corpus-06,4486,310,0.000000e+00,310,310,0.027128,0.027128,0.0000e+00
dev-corpus-06,4487,866,0.000000e+00,11494,11494,5.210932,5.210932,0.0000e+00
dev-corpus-06,4488,3269,0.000000e+00,7384,7384,8.247442,8.247442,0.0000e+00
dev-corpus-06,4489,314,0.000000e+00,314,314,0.100695,0.100695,0.0000e+00
dev-corpus-06,4490,7384,0.000000e+00,7384,7384,1.012752,1.012752,0.0000e+00
dev-corpus-06,4491,13,0.000000e+00,13,13,0.324996,0.324996,0.0000e+00
dev-corpus-06,4492,198,0.000000e+00,198,198,1.672509,1.672509,0.0000e+00
dev-corpus-06,4493,18,0.000000e+00,18,18,0.994111,0.994111,0.0000e+00
dev-corpus-06,4494,13,0.000000e+00,13,13,0.011792,0.011792,0.0000e+00
dev-corpus-06,4495,9612,0.000000e+00,42292,42292,4.018084,4.018084,0.0000e+00
dev-corpus-06,4496,48821,0.000000e+00,48821,48821,0.093239,0.093239,0.0000e+00
dev-corpus-06,4497,34647,0.000000e+00,351,351,6.684790,6.684790,0.0000e+00
dev-corpus-06,4498,318,0.000000e+00,25,25,1.157655,1.157655,0.0000e+00
dev-corpus-06,4499,25340,0.000000e+00,25340,25340,0.014898,0.014898,0.0000e+00
dev-corpus-06,4500,1590,0.000000e+00,1590,1590,0.186352,0.186352,0.0000e+00
dev-corpus-06,4501,10022,0.000000e+00,1368,1368,8.068161,8.068161,0.0000e+00
dev-corpus-06,4502,11639,0.000000e+00,524,524,4.832496,4.832496,0.0000e+00
dev-corpus-06,4503,34647,0.000000e+00,34647,34647,0.338348,0.338348,0.0000e+00
dev-corpus-06,4504,369,0.000000e+00,369,369,0.403016,0.403016,0.0000e+00
dev-corpus-06,4505,4840,0.000000e+00,524,524,8.672944,8.672944,0.0000e+00
dev-corpus-06,4506,440,0.000000e+00,310,310,2.972466,2.972466,0.0000e+00
dev-corpus-06,4507,1379,0.000000e+00,279,279,2.756153,2.756153,0.0000e+00
dev-corpus-06,4508,1901,0.000000e+00,314,314,4.234924,4.234924,0.0000e+00
dev-corpus-06,4509,4758,0.000000e+00,4758,4758,0.120234,0.120234,0.0000e+00
dev-corpus-06,4510,44253,0.000000e+00,11,11,1.923759,1.923759,0.0000e+00
dev-corpus-06,4511,11,0.000000e+00,11,11,0.169394,0.169394,0.0000e+00
dev-corpus-06,4512,279,0.000000e+00,424,424,2.915281,2.915281,0.0000e+00
dev-corpus-06,4513,4131,0.000000e+00,4131,4131,1.210552,1.210552,0.0000e+00
dev-corpus-06,4514,314,0.000000e+00,314,314,0.544985,0.544985,0.0000e+00
dev-corpus-06,4515,82081,0.000000e+00,82081,82081,1.060478,1.060478,0.0000e+00
dev-corpus-06,4516,2493,0.000000e+00,369,369,3.878728,3.878728,0.0000e+00
dev-corpus-06,4517,12904,0.000000e+00,12904,12904,0.721792,0.721792,0.0000e+00
dev-corpus-06,4518,494,0.000000e+00,13,13,2.181882,2.181882,0.0000e+00
dev-corpus-06,4519,799,0.000000e+00,799,799,0.959162,0.959162,0.0000e+00
dev-corpus-06,4520,6365,0.000000e+00,6529,6529,8.514513,8.514513,0.0000e+00
dev-corpus-06,4521,310,0.000000e+00,310,310,0.390871,0.390871,0.0000e+00
dev-corpus-06,4522,2361,0.000000e+00,2361,2361,0.167789,0.167789,0.0000e+00
dev-corpus-06,4523,13,0.000000e+00,13,13,0.228565,0.228565,0.0000e+00
dev-corpus-06,4524,1987,0.000000e+00,198,198,4.347947,4.347947,0.0000e+00
dev-corpus-06,4525,424,0.000000e+00,11,11,1.559098,1.559098,0.0000e+00
dev-corpus-06,4526,579,0.000000e+00,369,369,1.158061,1.158061,0.0000e+00
dev-corpus-06,4527,2590,0.000000e+00,2894,2894,2.048873,2.048873,0.0000e+00
dev-corpus-06,4528,1603,0.000000e+00,1603,1603,0.579003,0.579003,0.0000e+00
dev-corpus-06,4529,310,0.000000e+00,310,310,0.032154,0.032154,0.0000e+00
dev-corpus-06,4530,1301,0.000000e+00,1716,1716,2.128362,2.128362,0.0000e+00
dev-corpus-06,4531,1010,0.000000e+00,8120,8120,4.256584,4.256584,0.0000e+00
dev-corpus-06,4532,8120,0.000000e+00,8120,8120,0.206743,0.206743,0.0000e+00
dev-corpus-06,4533,2094,0.000000e+00,13,13,8.363862,8.363862,0.0000e+00
dev-corpus-06,4534,424,0.000000e+00,13,13,2.289850,2.289850,0.0000e+00
dev-corpus-06,4535,13,0.000000e+00,13,13,0.227250,0.227250,0.0000e+00
dev-corpus-06,4536,198,0.000000e+00,198,198,0.188564,0.188564,0.0000e+00
dev-corpus-06,4537,19,0.000000e+00,19,19,0.033556,0.033556,0.0000e+00
dev-corpus-06,4538,13,0.000000e+00,13,13,0.008148,0.008148,0.0000e+00
dev-corpus-06,4539,13024,0.000000e+00,32500,32500,10.377255,10.377255,0.0000e+00
dev-corpus-06,4540,3638,0.000000e+00,75323,75323,6.775870,6.775870,0.0000e+00
dev-corpus-06,4541,321,0.000000e+00,25,25,3.460171,3.460171,0.0000e+00
dev-corpus-06,4542,4275,0.000000e+00,3061,3061,2.880212,2.880212,0.0000e+00
dev-corpus-06,4543,25,0.000000e+00,25,25,0.113961,0.113961,0.0000e+00
dev-corpus-06,4544,1049,0.000000e+00,4188,4188,4.181572,4.181572,0.0000e+00
dev-corpus-06,4545,369,0.000000e+00,579,579,1.127923,1.127923,0.0000e+00
dev-corpus-06,4546,4409,0.000000e+00,2590,2590,7.272227,7.272227,0.0000e+00
dev-corpus-06,4547,264,0.000000e+00,2590,2590,3.289048,3.289048,0.0000e+00
dev-corpus-06,4548,7230,0.000000e+00,1902,1902,2.669174,2.669174,0.0000e+00
dev-corpus-06,4549,1381,0.000000e+00,44253,44253,1.938865,1.938865,0.0000e+00
dev-corpus-06,4550,421,0.000000e+00,421,421,0.665485,0.665485,0.0000e+00
dev-corpus-06,4551,1396,0.000000e+00,41581,41581,3.489120,3.489120,0.0000e+00
dev-corpus-06,4552,3478,0.000000e+00,73787,73787,3.229503,3.229503,0.0000e+00
dev-corpus-06,4553,47911,0.000000e+00,73787,73787,2.710213,2.710213,0.0000e+00
dev-corpus-06,4554,2724,0.000000e+00,6529,6529,3.678313,3.678313,0.0000e+00
dev-corpus-06,4555,682,0.000000e+00,682,682,0.829221,0.829221,0.0000e+00
dev-corpus-06,4556,7633,0.000000e+00,264,264,3.210569,3.210569,0.0000e+00
dev-corpus-06,4557,279,0.000000e+00,264,264,6.894494,6.894494,0.0000e+00
dev-corpus-06,4558,11811,0.000000e+00,248046,248046,6.518968,6.518968,0.0000e+00
dev-corpus-06,4559,6170,0.000000e+00,878,878,1.257820,1.257820,0.0000e+00
dev-corpus-06,4560,3638,0.000000e+00,878,878,1.009595,1.009595,0.0000e+00
dev-corpus-06,4561,440,0.000000e+00,364,364,4.307104,4.307104,0.0000e+00
dev-corpus-06,4562,1010,0.000000e+00,5090,5090,3.107909,3.107909,0.0000e+00
dev-corpus-06,4563,884,0.000000e+00,4799,4799,5.788724,5.788724,0.0000e+00
dev-corpus-06,4564,10020,0.000000e+00,10020,10020,0.264354,0.264354,0.0000e+00
dev-corpus-06,4565,4275,0.000000e+00,4275,4275,0.098146,0.098146,0.0000e+00
dev-corpus-06,4566,13,0.000000e+00,13,13,0.882371,0.882371,0.0000e+00
dev-corpus-06,4567,1921,0.000000e+00,198,198,4.962554,4.962554,0.0000e+00
dev-corpus-06,4568,1010,0.000000e+00,424,424,2.222359,2.222359,0.0000e+00
dev-corpus-06,4569,4948,0.000000e+00,314,314,3.187028,3.187028,0.0000e+00
dev-corpus-06,4570,2915,0.000000e+00,2493,2493,3.630205,3.630205,0.0000e+00
dev-corpus-06,4571,1691,0.000000e+00,2577,2577,4.591205,4.591205,0.0000e+00
dev-corpus-06,4572,364,0.000000e+00,2577,2577,9.151469,9.151469,0.0000e+00
dev-corpus-06,4573,6699,0.000000e+00,836,836,11.599502,11.599502,0.0000e+00
dev-corpus-06,4574,23557,0.000000e+00,2308,2308,4.986362,4.986362,0.0000e+00
dev-corpus-06,4575,2540,0.000000e+00,2540,2540,0.023886,0.023886,0.0000e+00
dev-corpus-06,4576,11241,0.000000e+00,2444,2444,2.095323,2.095323,0.0000e+00
dev-corpus-06,4577,1056,0.000000e+00,888,888,3.176298,3.176298,0.0000e+00
dev-corpus-06,4578,3672,0.000000e+00,3672,3672,0.112612,0.112612,0.0000e+00
dev-corpus-06,4579,13,0.000000e+00,13,13,0.201595,0.201595,0.0000e+00
dev-corpus-06,4580,198,0.000000e+00,198,198,0.604537,0.604537,0.0000e+00
dev-corpus-06,4581,20,0.000000e+00,20,20,0.143034,0.143034,0.0000e+00
dev-corpus-06,4582,13,0.000000e+00,13,13,0.007467,0.007467,0.0000e+00
dev-corpus-06,4583,60628,0.000000e+00,32500,32500,9.917171,9.917171,0.0000e+00
dev-corpus-06,4584,1105,0.000000e+00,1105,1105,1.154969,1.154969,0.0000e+00
dev-corpus-06,4585,25,0.000000e+00,25,25,0.421735,0.421735,0.0000e+00
dev-corpus-06,4586,1368,0.000000e+00,1368,1368,1.717351,1.717351,0.0000e+00
dev-corpus-06,4587,488,0.000000e+00,488,488,0.311669,0.311669,0.0000e+00
dev-corpus-06,4588,513,0.000000e+00,513,513,0.897371,0.897371,0.0000e+00
dev-corpus-06,4589,264,0.000000e+00,8842,8842,2.005898,2.005898,0.0000e+00
dev-corpus-06,4590,20125,0.000000e+00,20125,20125,0.866353,0.866353,0.0000e+00
dev-corpus-06,4591,82255,0.000000e+00,60651,60651,3.183271,3.183271,0.0000e+00
dev-corpus-06,4592,11,0.000000e+00,11,11,0.355940,0.355940,0.0000e+00
dev-corpus-06,4593,1179,0.000000e+00,264,264,1.997865,1.997865,0.0000e+00
dev-corpus-06,4594,264,0.000000e+00,264,264,0.854945,0.854945,0.0000e+00
dev-corpus-06,4595,16338,0.000000e+00,1603,1603,3.359251,3.359251,0.0000e+00
dev-corpus-06,4596,321,0.000000e+00,321,321,0.718483,0.718483,0.0000e+00
dev-corpus-06,4597,21094,0.000000e+00,25293,25293,3.458396,3.458396,0.0000e+00
dev-corpus-06,4598,47911,0.000000e+00,6564,6564,7.345859,7.345859,0.0000e+00
dev-corpus-06,4599,6564,0.000000e+00,440,440,2.719054,2.719054,0.0000e+00
dev-corpus-06,4600,1105,0.000000e+00,1105,1105,0.039466,0.039466,0.0000e+00
dev-corpus-06,4601,2493,0.000000e+00,369,369,3.027907,3.027907,0.0000e+00
dev-corpus-06,4602,381,0.000000e+00,381,381,0.094949,0.094949,0.0000e+00
dev-corpus-06,4603,1603,0.000000e+00,264,264,3.805618,3.805618,0.0000e+00
dev-corpus-06,4604,310,0.000000e+00,310,310,0.665930,0.665930,0.0000e+00
dev-corpus-06,4605,599,0.000000e+00,2814,2814,1.420962,1.420962,0.0000e+00
dev-corpus-06,4606,303,0.000000e+00,13,13,3.927109,3.927109,0.0000e+00
dev-corpus-06,4607,3529,0.000000e+00,3838,3838,9.948204,9.948204,0.0000e+00
dev-corpus-07,4608,198,0.000000e+00,198,198,0.002178,0.002178,0.0000e+00
dev-corpus-07,4609,4199,0.000000e+00,3710,3710,3.661352,3.661352,0.0000e+00
dev-corpus-07,4610,1503,0.000000e+00,635,635,1.640395,1.640395,0.0000e+00
dev-corpus-07,4611,279,0.000000e+00,279,279,0.626992,0.626992,0.0000e+00
dev-corpus-07,4612,5753,0.000000e+00,7059,7059,7.294062,7.294062,0.0000e+00
dev-corpus-07,4613,15209,0.000000e+00,3299,3299,11.141926,11.141926,0.0000e+00
dev-corpus-07,4614,1785,0.000000e+00,1785,1785,0.181380,0.181380,0.0000e+00
dev-corpus-07,4615,944,0.000000e+00,944,944,1.566347,1.566347,0.0000e+00
dev-corpus-07,4616,30,0.000000e+00,30,30,0.601126,0.601126,0.0000e+00
dev-corpus-07,4617,248046,0.000000e+00,248046,248046,0.311680,0.311680,0.0000e+00
dev-corpus-07,4618,198,0.000000e+00,198,198,0.000036,0.000036,0.0000e+00
dev-corpus-07,4619,248045,0.000000e+00,248045,248045,0.000000,0.000000,0.0000e+00
dev-corpus-07,4620,74455,0.000000e+00,248045,248045,3.824313,3.824313,0.0000e+00
dev-corpus-07,4621,198,0.000000e+00,198,198,0.002403,0.002403,0.0000e+00
dev-corpus-07,4622,4699,0.000000e+00,248068,248068,21.202196,21.202196,0.0000e+00
dev-corpus-07,4623,24518,0.000000e+00,5753,5753,2.051278,2.051278,0.0000e+00
dev-corpus-07,4624,682,0.000000e+00,303,303,3.183273,3.183273,0.0000e+00
dev-corpus-07,4625,1330,0.000000e+00,1330,1330,0.456356,0.456356,0.0000e+00
dev-corpus-07,4626,12320,0.000000e+00,12320,12320,0.244511,0.244511,0.0000e+00
dev-corpus-07,4627,13,0.000000e+00,303,303,1.539199,1.539199,0.0000e+00
dev-corpus-07,4628,561,0.000000e+00,248046,248046,1.972502,1.972502,0.0000e+00
dev-corpus-07,4629,1118,0.000000e+00,1118,1118,0.257661,0.257661,0.0000e+00
dev-corpus-07,4630,6695,0.000000e+00,6695,6695,0.270144,0.270144,0.0000e+00
dev-corpus-07,4631,369,0.000000e+00,318,318,1.251945,1.251945,0.0000e+00
dev-corpus-07,4632,364,0.000000e+00,364,364,0.318672,0.318672,0.0000e+00
dev-corpus-07,4633,264,0.000000e+00,264,264,0.168796,0.168796,0.0000e+00
dev-corpus-07,4634,2050,0.000000e+00,8871,8871,1.965185,1.965185,0.0000e+00
dev-corpus-07,4635,62455,0.000000e+00,8871,8871,7.585060,7.585060,0.0000e+00
dev-corpus-07,4636,8871,0.000000e+00,8871,8871,0.116729,0.116729,0.0000e+00
dev-corpus-07,4637,13,0.000000e+00,11,11,2.082320,2.082320,0.0000e+00
dev-corpus-07,4638,561,0.000000e+00,561,561,0.478674,0.478674,0.0000e+00
dev-corpus-07,4639,8871,0.000000e+00,2018,2018,4.354659,4.354659,0.0000e+00
dev-corpus-07,4640,440,0.000000e+00,440,440,0.483443,0.483443,0.0000e+00
dev-corpus-07,4641,279,0.000000e+00,279,279,0.054879,0.054879,0.0000e+00
dev-corpus-07,4642,8410,0.000000e+00,1379,1379,9.047207,9.047207,0.0000e+00
dev-corpus-07,4643,8421,0.000000e+00,8421,8421,0.199640,0.199640,0.0000e+00
dev-corpus-07,4644,20539,0.000000e+00,14387,14387,4.534581,4.534581,0.0000e+00
dev-corpus-07,4645,264,0.000000e+00,279,279,2.307858,2.307858,0.0000e+00
dev-corpus-07,4646,18739,0.000000e+00,10407,10407,5.069531,5.069531,0.0000e+00
dev-corpus-07,4647,10407,0.000000e+00,10407,10407,0.321214,0.321214,0.0000e+00
dev-corpus-07,4648,303,0.000000e+00,303,303,0.495055,0.495055,0.0000e+00
dev-corpus-07,4649,20481,0.000000e+00,279,279,1.090119,1.090119,0.0000e+00
dev-corpus-07,4650,13,0.000000e+00,13,13,0.220898,0.220898,0.0000e+00
dev-corpus-07,4651,561,0.000000e+00,561,561,0.489034,0.489034,0.0000e+00
dev-corpus-07,4652,2018,0.000000e+00,2018,2018,0.047988,0.047988,0.0000e+00
dev-corpus-07,4653,6695,0.000000e+00,6695,6695,0.010423,0.010423,0.0000e+00
dev-corpus-07,4654,369,0.000000e+00,369,369,0.155453,0.155453,0.0000e+00
dev-corpus-07,4655,364,0.000000e+00,364,364,0.295543,0.295543,0.0000e+00
dev-corpus-07,4656,264,0.000000e+00,264,264,0.229631,0.229631,0.0000e+00
dev-corpus-07,4657,4464,0.000000e+00,4464,4464,0.740912,0.740912,0.0000e+00
dev-corpus-07,4658,579,0.000000e+00,1103,1103,5.537798,5.537798,0.0000e+00
dev-corpus-07,4659,1103,0.000000e+00,1103,1103,1.008196,1.008196,0.0000e+00
dev-corpus-07,4660,314,0.000000e+00,314,314,0.638716,0.638716,0.0000e+00
dev-corpus-07,4661,10853,0.000000e+00,10853,10853,0.026695,0.026695,0.0000e+00
dev-corpus-07,4662,11,0.000000e+00,13,13,2.262303,2.262303,0.0000e+00
dev-corpus-07,4663,864,0.000000e+00,864,864,0.772142,0.772142,0.0000e+00
dev-corpus-07,4664,16298,0.000000e+00,25721,25721,7.561512,7.561512,0.0000e+00
dev-corpus-07,4665,506,0.000000e+00,310,310,3.655601,3.655601,0.0000e+00
dev-corpus-07,4666,279,0.000000e+00,279,279,0.172953,0.172953,0.0000e+00
dev-corpus-07,4667,1528,0.000000e+00,1528,1528,0.437858,0.437858,0.0000e+00
dev-corpus-07,4668,2119,0.000000e+00,2119,2119,0.347542,0.347542,0.0000e+00
dev-corpus-07,4669,13,0.000000e+00,13,13,0.166861,0.166861,0.0000e+00
dev-corpus-07,4670,561,0.000000e+00,561,561,1.279773,1.279773,0.0000e+00
dev-corpus-07,4671,2018,0.000000e+00,4464,4464,1.997824,1.997824,0.0000e+00
dev-corpus-07,4672,6695,0.000000e+00,6695,6695,0.009100,0.009100,0.0000e+00
dev-corpus-07,4673,25721,0.000000e+00,25721,25721,0.478244,0.478244,0.0000e+00
dev-corpus-07,4674,279,0.000000e+00,279,279,0.276158,0.276158,0.0000e+00
dev-corpus-07,4675,7830,0.000000e+00,7830,7830,0.965306,0.965306,0.0000e+00
dev-corpus-07,4676,52351,0.000000e+00,17498,17498,5.767693,5.767693,0.0000e+00
dev-corpus-07,4677,4464,0.000000e+00,12669,12669,5.751294,5.751294,0.0000e+00
dev-corpus-07,4678,12669,0.000000e+00,12669,12669,1.062495,1.062495,0.0000e+00
dev-corpus-07,4679,303,0.000000e+00,303,303,0.742429,0.742429,0.0000e+00
dev-corpus-07,4680,279,0.000000e+00,20481,20481,1.514937,1.514937,0.0000e+00
dev-corpus-07,4681,20481,0.000000e+00,28641,28641,3.299161,3.299161,0.0000e+00
dev-corpus-07,4682,13,0.000000e+00,13,13,0.378759,0.378759,0.0000e+00
dev-corpus-07,4683,5875,0.000000e+00,248046,248046,9.873075,9.873075,0.0000e+00
dev-corpus-07,4684,20032,0.000000e+00,20032,20032,0.752484,0.752484,0.0000e+00
dev-corpus-07,4685,15833,0.000000e+00,321,321,1.874809,1.874809,0.0000e+00
dev-corpus-07,4686,2493,0.000000e+00,321,321,6.032702,6.032702,0.0000e+00
dev-corpus-07,4687,381,0.000000e+00,11822,11822,1.707157,1.707157,0.0000e+00
dev-corpus-07,4688,3568,0.000000e+00,3354,3354,3.005181,3.005181,0.0000e+00
dev-corpus-07,4689,310,0.000000e+00,413,413,1.220652,1.220652,0.0000e+00
dev-corpus-07,4690,25705,0.000000e+00,5790,5790,5.804278,5.804278,0.0000e+00
dev-corpus-07,4691,279,0.000000e+00,279,279,0.662618,0.662618,0.0000e+00
dev-corpus-07,4692,2050,0.000000e+00,52351,52351,2.511706,2.511706,0.0000e+00
dev-corpus-07,4693,72401,0.000000e+00,72401,72401,0.750728,0.750728,0.0000e+00
dev-corpus-07,4694,494,0.000000e+00,11,11,4.686042,4.686042,0.0000e+00
dev-corpus-07,4695,279,0.000000e+00,279,279,0.169379,0.169379,0.0000e+00
dev-corpus-07,4696,1118,0.000000e+00,1118,1118,0.098144,0.098144,0.0000e+00
dev-corpus-07,4697,6695,0.000000e+00,6695,6695,0.026610,0.026610,0.0000e+00
dev-corpus-07,4698,13,0.000000e+00,11,11,0.848353,0.848353,0.0000e+00
dev-corpus-07,4699,248046,0.000000e+00,1946,1946,2.567982,2.567982,0.0000e+00
dev-corpus-07,4700,198,0.000000e+00,198,198,0.000427,0.000427,0.0000e+00
dev-corpus-07,4701,248045,0.000000e+00,248045,248045,0.000457,0.000457,0.0000e+00
dev-corpus-07,4702,846,0.000000e+00,846,846,0.001079,0.001079,0.0000e+00
dev-corpus-07,4703,198,0.000000e+00,198,198,0.021632,0.021632,0.0000e+00
dev-corpus-07,4704,3710,0.000000e+00,3710,3710,1.565388,1.565388,0.0000e+00
dev-corpus-07,4705,369,0.000000e+00,369,369,0.940209,0.940209,0.0000e+00
dev-corpus-07,4706,279,0.000000e+00,279,279,0.409769,0.409769,0.0000e+00
dev-corpus-07,4707,1786,0.000000e+00,6463,6463,5.490639,5.490639,0.0000e+00
dev-corpus-07,4708,3602,0.000000e+00,1560,1560,7.994507,7.994507,0.0000e+00
dev-corpus-07,4709,364,0.000000e+00,364,364,0.595698,0.595698,0.0000e+00
dev-corpus-07,4710,264,0.000000e+00,264,264,0.664520,0.664520,0.0000e+00
dev-corpus-07,4711,2902,0.000000e+00,491,491,5.421967,5.421967,0.0000e+00
dev-corpus-07,4712,19548,0.000000e+00,19548,19548,1.301782,1.301782,0.0000e+00
dev-corpus-07,4713,303,0.000000e+00,303,303,0.979526,0.979526,0.0000e+00
dev-corpus-07,4714,17942,0.000000e+00,9564,9564,7.762204,7.762204,0.0000e+00
dev-corpus-07,4715,4357,0.000000e+00,36291,36291,1.484502,1.484502,0.0000e+00
dev-corpus-07,4716,30,0.000000e+00,30,30,0.546667,0.546667,0.0000e+00
dev-corpus-07,4717,248046,0.000000e+00,248046,248046,0.019179,0.019179,0.0000e+00
dev-corpus-07,4718,198,0.000000e+00,198,198,0.000031,0.000031,0.0000e+00
dev-corpus-07,4719,248045,0.000000e+00,248045,248045,0.000002,0.000002,0.0000e+00
dev-corpus-07,4720,74455,0.000000e+00,248045,248045,0.941214,0.941214,0.0000e+00
dev-corpus-07,4721,198,0.000000e+00,198,198,0.014905,0.014905,0.0000e+00
dev-corpus-07,4722,760,0.000000e+00,248068,248068,21.150741,21.150741,0.0000e+00
dev-corpus-07,4723,1786,0.000000e+00,1786,1786,0.597863,0.597863,0.0000e+00
dev-corpus-07,4724,3602,0.000000e+00,3602,3602,0.058148,0.058148,0.0000e+00
dev-corpus-07,4725,13402,0.000000e+00,364,364,1.105531,1.105531,0.0000e+00
dev-corpus-07,4726,383,0.000000e+00,383,383,0.267952,0.267952,0.0000e+00
dev-corpus-07,4727,3714,0.000000e+00,678,678,7.065590,7.065590,0.0000e+00
dev-corpus-07,4728,33999,0.000000e+00,18738,18738,5.028022,5.028022,0.0000e+00
dev-corpus-07,4729,321,0.000000e+00,321,321,1.100866,1.100866,0.0000e+00
dev-corpus-07,4730,18738,0.000000e+00,18738,18738,1.203698,1.203698,0.0000e+00
dev-corpus-07,4731,13,0.000000e+00,13,13,0.304744,0.304744,0.0000e+00
dev-corpus-07,4732,18050,0.000000e+00,248046,248046,8.946924,8.946924,0.0000e+00
dev-corpus-07,4733,2381,0.000000e+00,12,12,1.609785,1.609785,0.0000e+00
dev-corpus-07,4734,264,0.000000e+00,8259,8259,2.130538,2.130538,0.0000e+00
dev-corpus-07,4735,19548,0.000000e+00,2972,2972,7.329296,7.329296,0.0000e+00
dev-corpus-07,4736,303,0.000000e+00,10419,10419,3.588997,3.588997,0.0000e+00
dev-corpus-07,4737,264,0.000000e+00,17942,17942,4.441405,4.441405,0.0000e+00
dev-corpus-07,4738,3177,0.000000e+00,2972,2972,2.448418,2.448418,0.0000e+00
dev-corpus-07,4739,11,0.000000e+00,11,11,0.930106,0.930106,0.0000e+00
dev-corpus-07,4740,488,0.000000e+00,2972,2972,2.962292,2.962292,0.0000e+00
dev-corpus-07,4741,628,0.000000e+00,2493,2493,2.888756,2.888756,0.0000e+00
dev-corpus-07,4742,1357,0.000000e+00,2814,2814,6.761359,6.761359,0.0000e+00
dev-corpus-07,4743,9103,0.000000e+00,708,708,1.396725,1.396725,0.0000e+00
dev-corpus-07,4744,11751,0.000000e+00,2972,2972,1.674174,1.674174,0.0000e+00
dev-corpus-07,4745,13,0.000000e+00,11,11,1.534427,1.534427,0.0000e+00
dev-corpus-07,4746,220,0.000000e+00,1049,1049,4.997143,4.997143,0.0000e+00
dev-corpus-07,4747,2532,0.000000e+00,248046,248046,5.370752,5.370752,0.0000e+00
dev-corpus-07,4748,369,0.000000e+00,513,513,1.596103,1.596103,0.0000e+00
dev-corpus-07,4749,264,0.000000e+00,264,264,1.104173,1.104173,0.0000e+00
dev-corpus-07,4750,3349,0.000000e+00,2609,2609,5.045188,5.045188,0.0000e+00
dev-corpus-07,4751,2020,0.000000e+00,7792,7792,3.833731,3.833731,0.0000e+00
dev-corpus-07,4752,314,0.000000e+00,314,314,0.197268,0.197268,0.0000e+00
dev-corpus-07,4753,2420,0.000000e+00,48874,48874,8.079571,8.079571,0.0000e+00
dev-corpus-07,4754,33847,0.000000e+00,23568,23568,8.318154,8.318154,0.0000e+00
dev-corpus-07,4755,11,0.000000e+00,11,11,0.817532,0.817532,0.0000e+00
dev-corpus-07,4756,494,0.000000e+00,1880,1880,3.133510,3.133510,0.0000e+00
dev-corpus-07,4757,41729,0.000000e+00,8329,8329,5.047527,5.047527,0.0000e+00
dev-corpus-07,4758,74878,0.000000e+00,8329,8329,5.373524,5.373524,0.0000e+00
dev-corpus-07,4759,3508,0.000000e+00,3508,3508,0.230674,0.230674,0.0000e+00
dev-corpus-07,4760,321,0.000000e+00,310,310,4.334074,4.334074,0.0000e+00
dev-corpus-07,4761,71070,0.000000e+00,8329,8329,3.480729,3.480729,0.0000e+00
dev-corpus-07,4762,11,0.000000e+00,310,310,4.465849,4.465849,0.0000e+00
dev-corpus-07,4763,310,0.000000e+00,310,310,0.221388,0.221388,0.0000e+00
dev-corpus-07,4764,1546,0.000000e+00,226997,226997,4.757869,4.757869,0.0000e+00
dev-corpus-07,4765,11064,0.000000e+00,11064,11064,0.864798,0.864798,0.0000e+00
dev-corpus-07,4766,11,0.000000e+00,226997,226997,3.529703,3.529703,0.0000e+00
dev-corpus-07,4767,226997,0.000000e+00,226997,226997,0.733612,0.733612,0.0000e+00
dev-corpus-07,4768,56276,0.000000e+00,20054,20054,4.796143,4.796143,0.0000e+00
dev-corpus-07,4769,15099,0.000000e+00,15099,15099,0.259714,0.259714,0.0000e+00
dev-corpus-07,4770,13,0.000000e+00,13,13,0.141219,0.141219,0.0000e+00
dev-corpus-07,4771,220,0.000000e+00,220,220,0.978322,0.978322,0.0000e+00
dev-corpus-07,4772,1049,0.000000e+00,2532,2532,2.927923,2.927923,0.0000e+00
dev-corpus-07,4773,369,0.000000e+00,369,369,1.133256,1.133256,0.0000e+00
dev-corpus-07,4774,2503,0.000000e+00,1048,1048,6.747657,6.747657,0.0000e+00
dev-corpus-07,4775,310,0.000000e+00,310,310,0.202689,0.202689,0.0000e+00
dev-corpus-07,4776,615,0.000000e+00,1423,1423,3.609296,3.609296,0.0000e+00
dev-corpus-07,4777,264,0.000000e+00,32183,32183,1.646764,1.646764,0.0000e+00
dev-corpus-07,4778,3743,0.000000e+00,3743,3743,1.758138,1.758138,0.0000e+00
dev-corpus-07,4779,14704,0.000000e+00,14704,14704,0.102319,0.102319,0.0000e+00
dev-corpus-07,4780,303,0.000000e+00,303,303,0.784723,0.784723,0.0000e+00
dev-corpus-07,4781,11751,0.000000e+00,11751,11751,0.225777,0.225777,0.0000e+00
dev-corpus-07,4782,13,0.000000e+00,13,13,0.350645,0.350645,0.0000e+00
dev-corpus-07,4783,220,0.000000e+00,220,220,0.834356,0.834356,0.0000e+00
dev-corpus-07,4784,561,0.000000e+00,561,561,1.723656,1.723656,0.0000e+00
dev-corpus-07,4785,13529,0.000000e+00,3177,3177,7.657854,7.657854,0.0000e+00
dev-corpus-07,4786,62856,0.000000e+00,62856,62856,0.185737,0.185737,0.0000e+00
dev-corpus-07,4787,1048,0.000000e+00,369,369,6.569079,6.569079,0.0000e+00
dev-corpus-07,4788,369,0.000000e+00,248046,248046,3.203502,3.203502,0.0000e+00
dev-corpus-07,4789,15506,0.000000e+00,248046,248046,3.633659,3.633659,0.0000e+00
dev-corpus-07,4790,11,0.000000e+00,11,11,0.968311,0.968311,0.0000e+00
dev-corpus-07,4791,440,0.000000e+00,440,440,0.834761,0.834761,0.0000e+00
dev-corpus-07,4792,6278,0.000000e+00,279,279,8.310916,8.310916,0.0000e+00
dev-corpus-07,4793,17120,0.000000e+00,1880,1880,1.671042,1.671042,0.0000e+00
dev-corpus-07,4794,10539,0.000000e+00,321,321,5.759096,5.759096,0.0000e+00
dev-corpus-07,4795,440,0.000000e+00,440,440,0.115698,0.115698,0.0000e+00
dev-corpus-07,4796,11088,0.000000e+00,17496,17496,3.317181,3.317181,0.0000e+00
dev-corpus-07,4797,13976,0.000000e+00,248046,248046,4.183838,4.183838,0.0000e+00
dev-corpus-07,4798,11,0.000000e+00,13,13,2.530999,2.530999,0.0000e+00
dev-corpus-07,4799,321,0.000000e+00,321,321,1.863585,1.863585,0.0000e+00
dev-corpus-07,4800,1599,0.000000e+00,279,279,2.794431,2.794431,0.0000e+00
dev-corpus-07,4801,48874,0.000000e+00,48874,48874,1.340763,1.340763,0.0000e+00
dev-corpus-07,4802,310,0.000000e+00,13,13,4.427785,4.427785,0.0000e+00
dev-corpus-07,4803,4990,0.000000e+00,3814,3814,6.027313,6.027313,0.0000e+00
dev-corpus-07,4804,678,0.000000e+00,866,866,2.015302,2.015302,0.0000e+00
dev-corpus-07,4805,2756,0.000000e+00,854,854,2.121615,2.121615,0.0000e+00
dev-corpus-07,4806,13,0.000000e+00,13,13,0.280426,0.280426,0.0000e+00
dev-corpus-07,4807,23740,0.000000e+00,220,220,11.309330,11.309330,0.0000e+00
dev-corpus-07,4808,2094,0.000000e+00,2094,2094,0.332280,0.332280,0.0000e+00
dev-corpus-07,4809,11751,0.000000e+00,369,369,2.426401,2.426401,0.0000e+00
dev-corpus-07,4810,369,0.000000e+00,369,369,0.268026,0.268026,0.0000e+00
dev-corpus-07,4811,1546,0.000000e+00,3999,3999,2.529827,2.529827,0.0000e+00
dev-corpus-07,4812,3999,0.000000e+00,3999,3999,0.317827,0.317827,0.0000e+00
dev-corpus-07,4813,11,0.000000e+00,11,11,1.539035,1.539035,0.0000e+00
dev-corpus-07,4814,430,0.000000e+00,440,440,2.804272,2.804272,0.0000e+00
dev-corpus-07,4815,424,0.000000e+00,279,279,2.130349,2.130349,0.0000e+00
dev-corpus-07,4816,369,0.000000e+00,682,682,1.124501,1.124501,0.0000e+00
dev-corpus-07,4817,264,0.000000e+00,264,264,1.484630,1.484630,0.0000e+00
dev-corpus-07,4818,1546,0.000000e+00,4088,4088,1.789385,1.789385,0.0000e+00
dev-corpus-07,4819,4088,0.000000e+00,4088,4088,0.819863,0.819863,0.0000e+00
dev-corpus-07,4820,470,0.000000e+00,470,470,0.014548,0.014548,0.0000e+00
dev-corpus-07,4821,3177,0.000000e+00,3177,3177,0.162404,0.162404,0.0000e+00
dev-corpus-07,4822,321,0.000000e+00,13,13,1.977259,1.977259,0.0000e+00
dev-corpus-07,4823,1048,0.000000e+00,682,682,4.146507,4.146507,0.0000e+00
dev-corpus-07,4824,682,0.000000e+00,682,682,0.293924,0.293924,0.0000e+00
dev-corpus-07,4825,449,0.000000e+00,449,449,0.676639,0.676639,0.0000e+00
dev-corpus-07,4826,10727,0.000000e+00,15895,15895,1.794851,1.794851,0.0000e+00
dev-corpus-07,4827,321,0.000000e+00,32371,32371,3.511810,3.511810,0.0000e+00
dev-corpus-07,4828,11697,0.000000e+00,15895,15895,5.363642,5.363642,0.0000e+00
dev-corpus-07,4829,41729,0.000000e+00,11533,11533,1.962943,1.962943,0.0000e+00
dev-corpus-07,4830,569,0.000000e+00,32371,32371,1.262277,1.262277,0.0000e+00
dev-corpus-07,4831,17367,0.000000e+00,17367,17367,1.040298,1.040298,0.0000e+00
dev-corpus-07,4832,1785,0.000000e+00,1785,1785,0.332027,0.332027,0.0000e+00
dev-corpus-07,4833,13,0.000000e+00,13,13,0.115177,0.115177,0.0000e+00
dev-corpus-07,4834,18050,0.000000e+00,248046,248046,1.515847,1.515847,0.0000e+00
dev-corpus-07,4835,2381,0.000000e+00,2381,2381,0.859651,0.859651,0.0000e+00
dev-corpus-07,4836,264,0.000000e+00,264,264,0.478553,0.478553,0.0000e+00
dev-corpus-07,4837,21128,0.000000e+00,19548,19548,8.476945,8.476945,0.0000e+00
dev-corpus-07,4838,19548,0.000000e+00,19548,19548,0.242294,0.242294,0.0000e+00
dev-corpus-07,4839,11,0.000000e+00,11,11,0.104119,0.104119,0.0000e+00
dev-corpus-07,4840,11342,0.000000e+00,488,488,2.657099,2.657099,0.0000e+00
dev-corpus-07,4841,44153,0.000000e+00,44153,44153,1.045844,1.045844,0.0000e+00
dev-corpus-07,4842,369,0.000000e+00,303,303,0.965987,0.965987,0.0000e+00
dev-corpus-07,4843,10794,0.000000e+00,264,264,4.495229,4.495229,0.0000e+00
dev-corpus-07,4844,11,0.000000e+00,13,13,2.752709,2.752709,0.0000e+00
dev-corpus-07,4845,321,0.000000e+00,440,440,3.123791,3.123791,0.0000e+00
dev-corpus-07,4846,303,0.000000e+00,279,279,5.873716,5.873716,0.0000e+00
dev-corpus-07,4847,3820,0.000000e+00,279,279,2.697365,2.697365,0.0000e+00
dev-corpus-07,4848,17349,0.000000e+00,11,11,8.348418,8.348418,0.0000e+00
dev-corpus-07,4849,195337,0.000000e+00,195337,195337,0.131906,0.131906,0.0000e+00
dev-corpus-07,4850,11,0.000000e+00,13,13,2.175441,2.175441,0.0000e+00
dev-corpus-07,4851,864,0.000000e+00,279,279,1.857688,1.857688,0.0000e+00
dev-corpus-07,4852,369,0.000000e+00,369,369,0.407518,0.407518,0.0000e+00
dev-corpus-07,4853,13177,0.000000e+00,279,279,6.034556,6.034556,0.0000e+00
dev-corpus-07,4854,25519,0.000000e+00,6306,6306,1.094127,1.094127,0.0000e+00
dev-corpus-07,4855,430,0.000000e+00,430,430,0.065632,0.065632,0.0000e+00
dev-corpus-07,4856,279,0.000000e+00,279,279,0.382847,0.382847,0.0000e+00
dev-corpus-07,4857,4266,0.000000e+00,1379,1379,2.262527,2.262527,0.0000e+00
dev-corpus-07,4858,9945,0.000000e+00,9945,9945,0.006835,0.006835,0.0000e+00
dev-corpus-07,4859,467,0.000000e+00,467,467,0.034675,0.034675,0.0000e+00
dev-corpus-07,4860,13721,0.000000e+00,6092,6092,1.914627,1.914627,0.0000e+00
dev-corpus-07,4861,303,0.000000e+00,383,383,1.361533,1.361533,0.0000e+00
dev-corpus-07,4862,11342,0.000000e+00,14898,14898,4.188470,4.188470,0.0000e+00
dev-corpus-07,4863,44153,0.000000e+00,44153,44153,0.128528,0.128528,0.0000e+00
dev-corpus-07,4864,13,0.000000e+00,13,13,0.076546,0.076546,0.0000e+00
dev-corpus-07,4865,220,0.000000e+00,220,220,0.558400,0.558400,0.0000e+00
dev-corpus-07,4866,23740,0.000000e+00,17349,17349,7.650443,7.650443,0.0000e+00
dev-corpus-07,4867,310,0.000000e+00,2094,2094,1.474212,1.474212,0.0000e+00
dev-corpus-07,4868,17349,0.000000e+00,17349,17349,0.655919,0.655919,0.0000e+00
dev-corpus-07,4869,195337,0.000000e+00,195337,195337,0.070168,0.070168,0.0000e+00
dev-corpus-07,4870,369,0.000000e+00,369,369,0.956315,0.956315,0.0000e+00
dev-corpus-07,4871,13733,0.000000e+00,3999,3999,3.798986,3.798986,0.0000e+00
dev-corpus-07,4872,3999,0.000000e+00,3999,3999,0.622977,0.622977,0.0000e+00
dev-corpus-07,4873,11,0.000000e+00,11,11,1.169029,1.169029,0.0000e+00
dev-corpus-07,4874,430,0.000000e+00,430,430,1.775419,1.775419,0.0000e+00
dev-corpus-07,4875,424,0.000000e+00,424,424,0.819366,0.819366,0.0000e+00
dev-corpus-07,4876,725,0.000000e+00,369,369,3.860858,3.860858,0.0000e+00
dev-corpus-07,4877,3160,0.000000e+00,383,383,3.753150,3.753150,0.0000e+00
dev-corpus-07,4878,310,0.000000e+00,310,310,0.092227,0.092227,0.0000e+00
dev-corpus-07,4879,37473,0.000000e+00,279,279,1.077680,1.077680,0.0000e+00
dev-corpus-07,4880,13,0.000000e+00,13,13,1.107159,1.107159,0.0000e+00
dev-corpus-07,4881,220,0.000000e+00,220,220,0.796651,0.796651,0.0000e+00
dev-corpus-07,4882,561,0.000000e+00,561,561,1.093836,1.093836,0.0000e+00
dev-corpus-07,4883,3487,0.000000e+00,48544,48544,4.873125,4.873125,0.0000e+00
dev-corpus-07,4884,369,0.000000e+00,369,369,0.539228,0.539228,0.0000e+00
dev-corpus-07,4885,27517,0.000000e+00,8800,8800,7.284250,7.284250,0.0000e+00
dev-corpus-07,4886,31528,0.000000e+00,31528,31528,0.558189,0.558189,0.0000e+00
dev-corpus-07,4887,11,0.000000e+00,321,321,1.336625,1.336625,0.0000e+00
dev-corpus-07,4888,7643,0.000000e+00,321,321,6.826045,6.826045,0.0000e+00
dev-corpus-07,4889,424,0.000000e+00,424,424,1.793838,1.793838,0.0000e+00
dev-corpus-07,4890,725,0.000000e+00,369,369,1.969031,1.969031,0.0000e+00
dev-corpus-07,4891,8524,0.000000e+00,524,524,3.636668,3.636668,0.0000e+00
dev-corpus-07,4892,17631,0.000000e+00,777,777,9.203245,9.203245,0.0000e+00
dev-corpus-07,4893,14382,0.000000e+00,14382,14382,0.089923,0.089923,0.0000e+00
dev-corpus-07,4894,3487,0.000000e+00,33847,33847,3.513580,3.513580,0.0000e+00
dev-corpus-07,4895,318,0.000000e+00,11,11,3.353532,3.353532,0.0000e+00
dev-corpus-07,4896,4058,0.000000e+00,7949,7949,4.775168,4.775168,0.0000e+00
dev-corpus-07,4897,6973,0.000000e+00,264,264,8.622405,8.622405,0.0000e+00
dev-corpus-07,4898,2519,0.000000e+00,17531,17531,2.845690,2.845690,0.0000e+00
dev-corpus-07,4899,364,0.000000e+00,364,364,0.509847,0.509847,0.0000e+00
dev-corpus-07,4900,975,0.000000e+00,2397,2397,2.283231,2.283231,0.0000e+00
dev-corpus-07,4901,20891,0.000000e+00,29455,29455,5.556126,5.556126,0.0000e+00
dev-corpus-07,4902,3487,0.000000e+00,29455,29455,4.470683,4.470683,0.0000e+00
dev-corpus-07,4903,553,0.000000e+00,553,553,0.556160,0.556160,0.0000e+00
dev-corpus-07,4904,220,0.000000e+00,220,220,0.514860,0.514860,0.0000e+00
dev-corpus-07,4905,28901,0.000000e+00,561,561,7.402414,7.402414,0.0000e+00
dev-corpus-07,4906,2094,0.000000e+00,369,369,3.897891,3.897891,0.0000e+00
dev-corpus-07,4907,279,0.000000e+00,279,279,0.369932,0.369932,0.0000e+00
dev-corpus-07,4908,21128,0.000000e+00,21128,21128,0.155508,0.155508,0.0000e+00
dev-corpus-07,4909,369,0.000000e+00,369,369,0.265774,0.265774,0.0000e+00
dev-corpus-07,4910,16219,0.000000e+00,539,539,3.999764,3.999764,0.0000e+00
dev-corpus-07,4911,440,0.000000e+00,11,11,3.073213,3.073213,0.0000e+00
dev-corpus-07,4912,449,0.000000e+00,30592,30592,6.020124,6.020124,0.0000e+00
dev-corpus-07,4913,10727,0.000000e+00,10727,10727,0.513256,0.513256,0.0000e+00
dev-corpus-07,4914,49813,0.000000e+00,49813,49813,1.390264,1.390264,0.0000e+00
dev-corpus-07,4915,2393,0.000000e+00,1785,1785,2.863928,2.863928,0.0000e+00
dev-corpus-07,4916,383,0.000000e+00,13,13,6.713834,6.713834,0.0000e+00
dev-corpus-07,4917,11342,0.000000e+00,279,279,2.045932,2.045932,0.0000e+00
dev-corpus-07,4918,44153,0.000000e+00,44153,44153,0.190283,0.190283,0.0000e+00
dev-corpus-07,4919,11,0.000000e+00,13,13,2.293834,2.293834,0.0000e+00
dev-corpus-07,4920,7643,0.000000e+00,321,321,7.872198,7.872198,0.0000e+00
dev-corpus-07,4921,3583,0.000000e+00,424,424,3.054085,3.054085,0.0000e+00
dev-corpus-07,4922,1083,0.000000e+00,310,310,4.499959,4.499959,0.0000e+00
dev-corpus-07,4923,279,0.000000e+00,17349,17349,1.268101,1.268101,0.0000e+00
dev-corpus-07,4924,3714,0.000000e+00,13721,13721,6.130485,6.130485,0.0000e+00
dev-corpus-07,4925,31703,0.000000e+00,31703,31703,0.454743,0.454743,0.0000e+00
dev-corpus-07,4926,628,0.000000e+00,369,369,2.005489,2.005489,0.0000e+00
dev-corpus-07,4927,381,0.000000e+00,381,381,0.327821,0.327821,0.0000e+00
dev-corpus-07,4928,264,0.000000e+00,264,264,1.288609,1.288609,0.0000e+00
dev-corpus-07,4929,2612,0.000000e+00,2612,2612,0.397610,0.397610,0.0000e+00
dev-corpus-07,4930,16505,0.000000e+00,32343,32343,2.075239,2.075239,0.0000e+00
dev-corpus-07,4931,2574,0.000000e+00,13,13,7.508431,7.508431,0.0000e+00
dev-corpus-07,4932,279,0.000000e+00,279,279,0.279739,0.279739,0.0000e+00
dev-corpus-07,4933,33002,0.000000e+00,14590,14590,4.011887,4.011887,0.0000e+00
dev-corpus-07,4934,318,0.000000e+00,321,321,7.576420,7.576420,0.0000e+00
dev-corpus-07,4935,684,0.000000e+00,4387,4387,4.332220,4.332220,0.0000e+00
dev-corpus-07,4936,1660,0.000000e+00,488,488,4.196643,4.196643,0.0000e+00
dev-corpus-07,4937,310,0.000000e+00,310,310,0.473562,0.473562,0.0000e+00
dev-corpus-07,4938,4088,0.000000e+00,4088,4088,0.886631,0.886631,0.0000e+00
dev-corpus-07,4939,40984,0.000000e+00,264,264,7.968142,7.968142,0.0000e+00
dev-corpus-07,4940,220,0.000000e+00,248046,248046,1.506330,1.506330,0.0000e+00
dev-corpus-07,4941,8727,0.000000e+00,561,561,5.495490,5.495490,0.0000e+00
dev-corpus-07,4942,31703,0.000000e+00,8633,8633,5.513725,5.513725,0.0000e+00
dev-corpus-07,4943,3043,0.000000e+00,383,383,6.103548,6.103548,0.0000e+00
dev-corpus-07,4944,17349,0.000000e+00,17349,17349,0.757527,0.757527,0.0000e+00
dev-corpus-07,4945,195337,0.000000e+00,195337,195337,0.024424,0.024424,0.0000e+00
dev-corpus-07,4946,513,0.000000e+00,513,513,0.869838,0.869838,0.0000e+00
dev-corpus-07,4947,1048,0.000000e+00,1546,1546,2.478955,2.478955,0.0000e+00
dev-corpus-07,4948,1546,0.000000e+00,1546,1546,1.708030,1.708030,0.0000e+00
dev-corpus-07,4949,84492,0.000000e+00,58928,58928,5.641411,5.641411,0.0000e+00
dev-corpus-07,4950,11,0.000000e+00,321,321,2.006436,2.006436,0.0000e+00
dev-corpus-07,4951,321,0.000000e+00,321,321,1.586823,1.586823,0.0000e+00
dev-corpus-07,4952,2785,0.000000e+00,279,279,9.385535,9.385535,0.0000e+00
dev-corpus-07,4953,11107,0.000000e+00,264,264,1.262976,1.262976,0.0000e+00
dev-corpus-07,4954,5821,0.000000e+00,5821,5821,0.154785,0.154785,0.0000e+00
dev-corpus-07,4955,1317,0.000000e+00,314,314,9.854022,9.854022,0.0000e+00
dev-corpus-07,4956,488,0.000000e+00,1040,1040,2.834080,2.834080,0.0000e+00
dev-corpus-07,4957,4548,0.000000e+00,628,628,3.276317,3.276317,0.0000e+00
dev-corpus-07,4958,8231,0.000000e+00,1423,1423,3.906465,3.906465,0.0000e+00
dev-corpus-07,4959,615,0.000000e+00,1318,1318,3.450679,3.450679,0.0000e+00
dev-corpus-07,4960,1603,0.000000e+00,264,264,5.079091,5.079091,0.0000e+00
dev-corpus-07,4961,9856,0.000000e+00,6001,6001,4.658860,4.658860,0.0000e+00
dev-corpus-07,4962,2019,0.000000e+00,13,13,7.089831,7.089831,0.0000e+00
dev-corpus-07,4963,494,0.000000e+00,685,685,1.953038,1.953038,0.0000e+00
dev-corpus-07,4964,13721,0.000000e+00,248046,248046,1.503441,1.503441,0.0000e+00
dev-corpus-07,4965,310,0.000000e+00,310,310,0.092104,0.092104,0.0000e+00
dev-corpus-07,4966,13721,0.000000e+00,13721,13721,0.170373,0.170373,0.0000e+00
dev-corpus-07,4967,13,0.000000e+00,13,13,0.289410,0.289410,0.0000e+00
dev-corpus-07,4968,271,0.000000e+00,248046,248046,3.150294,3.150294,0.0000e+00
dev-corpus-07,4969,2381,0.000000e+00,2381,2381,1.236814,1.236814,0.0000e+00
dev-corpus-07,4970,264,0.000000e+00,264,264,0.274032,0.274032,0.0000e+00
dev-corpus-07,4971,89579,0.000000e+00,10994,10994,4.421672,4.421672,0.0000e+00
dev-corpus-07,4972,19548,0.000000e+00,19548,19548,0.229125,0.229125,0.0000e+00
dev-corpus-07,4973,11,0.000000e+00,11,11,0.077745,0.077745,0.0000e+00
dev-corpus-07,4974,16592,0.000000e+00,279,279,7.594852,7.594852,0.0000e+00
dev-corpus-07,4975,38089,0.000000e+00,38089,38089,0.046726,0.046726,0.0000e+00
dev-corpus-07,4976,20832,0.000000e+00,20832,20832,0.014328,0.014328,0.0000e+00
dev-corpus-07,4977,369,0.000000e+00,369,369,0.701721,0.701721,0.0000e+00
dev-corpus-07,4978,264,0.000000e+00,264,264,0.836622,0.836622,0.0000e+00
dev-corpus-07,4979,2172,0.000000e+00,2172,2172,1.818989,1.818989,0.0000e+00
dev-corpus-07,4980,5576,0.000000e+00,5576,5576,0.736709,0.736709,0.0000e+00
dev-corpus-07,4981,13,0.000000e+00,13,13,0.383577,0.383577,0.0000e+00
dev-corpus-07,4982,220,0.000000e+00,220,220,0.269173,0.269173,0.0000e+00
dev-corpus-07,4983,1049,0.000000e+00,561,561,1.990337,1.990337,0.0000e+00
dev-corpus-07,4984,725,0.000000e+00,369,369,1.415595,1.415595,0.0000e+00
dev-corpus-07,4985,524,0.000000e+00,264,264,3.668258,3.668258,0.0000e+00
dev-corpus-07,4986,748,0.000000e+00,2944,2944,6.576096,6.576096,0.0000e+00
dev-corpus-07,4987,16219,0.000000e+00,2944,2944,6.186255,6.186255,0.0000e+00
dev-corpus-07,4988,310,0.000000e+00,310,310,0.700344,0.700344,0.0000e+00
dev-corpus-07,4989,615,0.000000e+00,615,615,0.425626,0.425626,0.0000e+00
dev-corpus-07,4990,1017,0.000000e+00,310,310,2.270908,2.270908,0.0000e+00
dev-corpus-07,4991,494,0.000000e+00,11,11,2.285081,2.285081,0.0000e+00
dev-corpus-07,4992,279,0.000000e+00,279,279,1.742184,1.742184,0.0000e+00
dev-corpus-07,4993,3516,0.000000e+00,6222,6222,3.393414,3.393414,0.0000e+00
dev-corpus-07,4994,4042,0.000000e+00,4042,4042,0.130940,0.130940,0.0000e+00
dev-corpus-07,4995,11,0.000000e+00,11,11,0.687645,0.687645,0.0000e+00
dev-corpus-07,4996,5142,0.000000e+00,694,694,6.957564,6.957564,0.0000e+00
dev-corpus-07,4997,364,0.000000e+00,413,413,2.588655,2.588655,0.0000e+00
dev-corpus-07,4998,1782,0.000000e+00,264,264,2.633124,2.633124,0.0000e+00
dev-corpus-07,4999,303,0.000000e+00,852,852,3.348945,3.348945,0.0000e+00
dev-corpus-07,5000,279,0.000000e+00,279,279,0.356519,0.356519,0.0000e+00
dev-corpus-07,5001,17942,0.000000e+00,6127,6127,2.630002,2.630002,0.0000e+00
dev-corpus-07,5002,3516,0.000000e+00,2201,2201,2.185413,2.185413,0.0000e+00
dev-corpus-07,5003,4042,0.000000e+00,4042,4042,0.174885,0.174885,0.0000e+00
dev-corpus-07,5004,2394,0.000000e+00,11,11,7.239072,7.239072,0.0000e+00
dev-corpus-07,5005,1017,0.000000e+00,488,488,1.860185,1.860185,0.0000e+00
dev-corpus-07,5006,513,0.000000e+00,513,513,0.108828,0.108828,0.0000e+00
dev-corpus-07,5007,874,0.000000e+00,874,874,0.357568,0.357568,0.0000e+00
dev-corpus-07,5008,2050,0.000000e+00,2050,2050,0.131132,0.131132,0.0000e+00
dev-corpus-07,5009,24118,0.000000e+00,24118,24118,0.078078,0.078078,0.0000e+00
dev-corpus-07,5010,13,0.000000e+00,13,13,1.075782,1.075782,0.0000e+00
dev-corpus-07,5011,220,0.000000e+00,220,220,0.384279,0.384279,0.0000e+00
dev-corpus-07,5012,4213,0.000000e+00,248046,248046,2.409126,2.409126,0.0000e+00
dev-corpus-07,5013,11,0.000000e+00,11,11,0.026243,0.026243,0.0000e+00
dev-corpus-07,5014,424,0.000000e+00,424,424,1.891986,1.891986,0.0000e+00
dev-corpus-07,5015,725,0.000000e+00,369,369,1.285148,1.285148,0.0000e+00
dev-corpus-07,5016,1575,0.000000e+00,264,264,4.592420,4.592420,0.0000e+00
dev-corpus-07,5017,5621,0.000000e+00,5621,5621,1.339626,1.339626,0.0000e+00
dev-corpus-07,5018,279,0.000000e+00,279,279,0.169258,0.169258,0.0000e+00
dev-corpus-07,5019,8151,0.000000e+00,4879,4879,1.462628,1.462628,0.0000e+00
dev-corpus-07,5020,13,0.000000e+00,13,13,0.641713,0.641713,0.0000e+00
dev-corpus-07,5021,220,0.000000e+00,220,220,0.205602,0.205602,0.0000e+00
dev-corpus-07,5022,1061,0.000000e+00,561,561,5.089022,5.089022,0.0000e+00
dev-corpus-07,5023,288,0.000000e+00,369,369,11.099009,11.099009,0.0000e+00
dev-corpus-07,5024,4583,0.000000e+00,4583,4583,0.021050,0.021050,0.0000e+00
dev-corpus-07,5025,3177,0.000000e+00,3177,3177,0.072903,0.072903,0.0000e+00
dev-corpus-07,5026,369,0.000000e+00,369,369,1.017988,1.017988,0.0000e+00
dev-corpus-07,5027,16047,0.000000e+00,1546,1546,10.428958,10.428958,0.0000e+00
dev-corpus-07,5028,24304,0.000000e+00,1676,1676,3.843197,3.843197,0.0000e+00
dev-corpus-07,5029,6037,0.000000e+00,391,391,4.840803,4.840803,0.0000e+00
dev-corpus-07,5030,13,0.000000e+00,11,11,1.331541,1.331541,0.0000e+00
dev-corpus-07,5031,220,0.000000e+00,220,220,0.217116,0.217116,0.0000e+00
dev-corpus-07,5032,561,0.000000e+00,248046,248046,1.669261,1.669261,0.0000e+00
dev-corpus-07,5033,1208,0.000000e+00,3487,3487,5.127988,5.127988,0.0000e+00
dev-corpus-07,5034,513,0.000000e+00,513,513,0.162023,0.162023,0.0000e+00
dev-corpus-07,5035,4082,0.000000e+00,1546,1546,10.958952,10.958952,0.0000e+00
dev-corpus-07,5036,279,0.000000e+00,279,279,0.056304,0.056304,0.0000e+00
dev-corpus-07,5037,4099,0.000000e+00,1379,1379,7.798127,7.798127,0.0000e+00
dev-corpus-07,5038,22416,0.000000e+00,22416,22416,0.006218,0.006218,0.0000e+00
dev-corpus-07,5039,303,0.000000e+00,303,303,1.259724,1.259724,0.0000e+00
dev-corpus-07,5040,4357,0.000000e+00,279,279,1.255924,1.255924,0.0000e+00
dev-corpus-07,5041,13,0.000000e+00,13,13,0.608442,0.608442,0.0000e+00
dev-corpus-07,5042,220,0.000000e+00,220,220,0.552433,0.552433,0.0000e+00
dev-corpus-07,5043,561,0.000000e+00,248046,248046,3.236259,3.236259,0.0000e+00
dev-corpus-07,5044,3487,0.000000e+00,3487,3487,0.504591,0.504591,0.0000e+00
dev-corpus-07,5045,369,0.000000e+00,369,369,0.114856,0.114856,0.0000e+00
dev-corpus-07,5046,13733,0.000000e+00,8800,8800,6.928129,6.928129,0.0000e+00
dev-corpus-07,5047,41729,0.000000e+00,1603,1603,2.394036,2.394036,0.0000e+00
dev-corpus-07,5048,321,0.000000e+00,11,11,1.576043,1.576043,0.0000e+00
dev-corpus-07,5049,17387,0.000000e+00,279,279,2.270947,2.270947,0.0000e+00
dev-corpus-07,5050,11,0.000000e+00,13,13,1.606278,1.606278,0.0000e+00
dev-corpus-07,5051,440,0.000000e+00,248046,248046,4.717774,4.717774,0.0000e+00
dev-corpus-07,5052,264,0.000000e+00,264,264,1.435435,1.435435,0.0000e+00
dev-corpus-07,5053,2609,0.000000e+00,6311,6311,2.563363,2.563363,0.0000e+00
dev-corpus-07,5054,314,0.000000e+00,314,314,0.040352,0.040352,0.0000e+00
dev-corpus-07,5055,50549,0.000000e+00,50549,50549,0.757956,0.757956,0.0000e+00
dev-corpus-07,5056,2519,0.000000e+00,2519,2519,0.774633,0.774633,0.0000e+00
dev-corpus-07,5057,13,0.000000e+00,13,13,0.233898,0.233898,0.0000e+00
dev-corpus-07,5058,220,0.000000e+00,220,220,0.764980,0.764980,0.0000e+00
dev-corpus-07,5059,1541,0.000000e+00,561,561,5.303131,5.303131,0.0000e+00
dev-corpus-07,5060,1010,0.000000e+00,279,279,8.755396,8.755396,0.0000e+00
dev-corpus-07,5061,15099,0.000000e+00,314,314,5.100216,5.100216,0.0000e+00
dev-corpus-07,5062,513,0.000000e+00,599,599,2.007741,2.007741,0.0000e+00
dev-corpus-07,5063,15433,0.000000e+00,1724,1724,7.002453,7.002453,0.0000e+00
dev-corpus-07,5064,791,0.000000e+00,383,383,5.037616,5.037616,0.0000e+00
dev-corpus-07,5065,2320,0.000000e+00,2320,2320,0.002745,0.002745,0.0000e+00
dev-corpus-07,5066,974,0.000000e+00,383,383,6.604520,6.604520,0.0000e+00
dev-corpus-07,5067,314,0.000000e+00,279,279,3.509652,3.509652,0.0000e+00
dev-corpus-07,5068,264,0.000000e+00,279,279,2.999054,2.999054,0.0000e+00
dev-corpus-07,5069,41586,0.000000e+00,41586,41586,0.268176,0.268176,0.0000e+00
dev-corpus-07,5070,11,0.000000e+00,50471,50471,1.660845,1.660845,0.0000e+00
dev-corpus-07,5071,748,0.000000e+00,9708,9708,4.913672,4.913672,0.0000e+00
dev-corpus-07,5072,279,0.000000e+00,488,488,2.289263,2.289263,0.0000e+00
dev-corpus-07,5073,6001,0.000000e+00,6001,6001,0.684855,0.684855,0.0000e+00
dev-corpus-07,5074,513,0.000000e+00,513,513,0.330624,0.330624,0.0000e+00
dev-corpus-07,5075,14612,0.000000e+00,7648,7648,1.689737,1.689737,0.0000e+00
dev-corpus-07,5076,13,0.000000e+00,13,13,0.114199,0.114199,0.0000e+00
dev-corpus-07,5077,95641,0.000000e+00,248046,248046,16.191932,16.191932,0.0000e+00
dev-corpus-07,5078,30581,0.000000e+00,248046,248046,12.281481,12.281481,0.0000e+00
dev-corpus-07,5079,501,0.000000e+00,13383,13383,8.148061,8.148061,0.0000e+00
dev-corpus-07,5080,22834,0.000000e+00,22834,22834,0.029322,0.029322,0.0000e+00
dev-corpus-07,5081,321,0.000000e+00,513,513,1.812522,1.812522,0.0000e+00
dev-corpus-07,5082,81141,0.000000e+00,31054,31054,6.952338,6.952338,0.0000e+00
dev-corpus-07,5083,513,0.000000e+00,513,513,0.427742,0.427742,0.0000e+00
dev-corpus-07,5084,14201,0.000000e+00,264,264,5.965274,5.965274,0.0000e+00
dev-corpus-07,5085,11,0.000000e+00,13,13,2.111958,2.111958,0.0000e+00
dev-corpus-07,5086,321,0.000000e+00,248046,248046,1.128919,1.128919,0.0000e+00
dev-corpus-07,5087,264,0.000000e+00,279,279,4.179235,4.179235,0.0000e+00
dev-corpus-07,5088,34684,0.000000e+00,1902,1902,4.551891,4.551891,0.0000e+00
dev-corpus-07,5089,314,0.000000e+00,314,314,0.647035,0.647035,0.0000e+00
dev-corpus-07,5090,279,0.000000e+00,279,279,0.266938,0.266938,0.0000e+00
dev-corpus-07,5091,5364,0.000000e+00,5364,5364,0.444006,0.444006,0.0000e+00
dev-corpus-07,5092,13,0.000000e+00,13,13,0.140952,0.140952,0.0000e+00
dev-corpus-07,5093,220,0.000000e+00,248046,248046,1.312310,1.312310,0.0000e+00
dev-corpus-07,5094,2532,0.000000e+00,561,561,3.724633,3.724633,0.0000e+00
dev-corpus-07,5095,1048,0.000000e+00,513,513,7.423932,7.423932,0.0000e+00
dev-corpus-07,5096,369,0.000000e+00,513,513,1.564476,1.564476,0.0000e+00
dev-corpus-07,5097,6037,0.000000e+00,264,264,7.262094,7.262094,0.0000e+00
dev-corpus-07,5098,79812,0.000000e+00,77094,77094,8.771550,8.771550,0.0000e+00
dev-corpus-07,5099,13,0.000000e+00,321,321,1.922611,1.922611,0.0000e+00
dev-corpus-07,5100,248046,0.000000e+00,248046,248046,0.461824,0.461824,0.0000e+00
dev-corpus-07,5101,198,0.000000e+00,198,198,0.000090,0.000090,0.0000e+00
dev-corpus-07,5102,248045,0.000000e+00,248045,248045,0.000230,0.000230,0.0000e+00
dev-corpus-07,5103,846,0.000000e+00,74455,74455,1.851760,1.851760,0.0000e+00
dev-corpus-07,5104,198,0.000000e+00,198,198,0.205305,0.205305,0.0000e+00
dev-corpus-07,5105,9930,0.000000e+00,3710,3710,3.572315,3.572315,0.0000e+00
dev-corpus-07,5106,369,0.000000e+00,369,369,1.158196,1.158196,0.0000e+00
dev-corpus-07,5107,424,0.000000e+00,279,279,2.243920,2.243920,0.0000e+00
dev-corpus-07,5108,2894,0.000000e+00,2503,2503,2.231226,2.231226,0.0000e+00
dev-corpus-07,5109,310,0.000000e+00,310,310,0.358181,0.358181,0.0000e+00
dev-corpus-07,5110,15166,0.000000e+00,599,599,7.763686,7.763686,0.0000e+00
dev-corpus-07,5111,321,0.000000e+00,678,678,4.827175,4.827175,0.0000e+00
dev-corpus-07,5112,281,0.000000e+00,281,281,0.046446,0.046446,0.0000e+00
dev-corpus-07,5113,9100,0.000000e+00,9100,9100,0.000762,0.000762,0.0000e+00
dev-corpus-07,5114,678,0.000000e+00,678,678,0.856546,0.856546,0.0000e+00
dev-corpus-07,5115,17299,0.000000e+00,17299,17299,0.013190,0.013190,0.0000e+00
dev-corpus-07,5116,17248,0.000000e+00,30,30,5.958749,5.958749,0.0000e+00
dev-corpus-07,5117,30,0.000000e+00,30,30,0.077192,0.077192,0.0000e+00
dev-corpus-07,5118,248046,0.000000e+00,248046,248046,0.031431,0.031431,0.0000e+00
dev-corpus-07,5119,198,0.000000e+00,198,198,0.000039,0.000039,0.0000e+00
