segment,idx,target,kld,top1_ref,top1_cand,nll_ref,nll_cand,max_abs_logit_diff
dev-long-03,0,30486,8.444418e-04,4356,4356,3.660804,3.712334,2.5777e-01
dev-long-03,1,46150,1.000213e-05,46150,46150,0.003293,0.003090,4.2969e-01
dev-long-03,2,198,2.338588e-05,198,198,0.003596,0.003287,3.7242e-01
dev-long-03,3,1020,5.112411e-05,1020,1020,0.006827,0.007493,4.8517e-01
dev-long-03,4,279,1.887473e-02,279,279,0.400999,0.552624,7.2531e-01
dev-long-03,5,4356,5.611681e-05,4356,4356,0.013566,0.014304,4.3748e-01
dev-long-03,6,425,1.621893e-07,425,425,0.000014,0.000012,4.2232e-01
dev-long-03,7,314,5.604713e-03,383,383,2.043190,2.315281,5.0663e-01
dev-long-03,8,8186,3.004675e-06,8186,8186,0.000040,0.000054,1.3203e+00
dev-long-03,9,6702,1.438442e-06,6702,6702,0.000075,0.000064,6.4386e-01
dev-long-03,10,5028,3.437447e-03,5028,5028,0.291107,0.249322,5.7995e-01
dev-long-03,11,279,1.854347e-03,279,279,0.221106,0.220968,7.1220e-01
dev-long-03,12,1834,1.621085e-02,4266,4266,3.208635,3.405320,6.5847e-01
dev-long-03,13,314,8.752113e-04,314,314,0.437842,0.416551,7.3744e-01
dev-long-03,14,279,1.973368e-02,1024,279,0.885646,0.670588,6.8248e-01
dev-long-03,15,41692,1.535310e-02,41692,41692,0.467601,0.377304,6.3796e-01
dev-long-03,16,303,1.804762e-03,11,11,3.785842,3.868640,8.0556e-01
dev-long-03,17,1906,9.580730e-03,63862,63862,1.310328,1.371196,4.3621e-01
dev-long-03,18,421,9.058329e-03,421,421,0.142097,0.095881,6.5401e-01
dev-long-03,19,551,5.465008e-03,551,551,0.154007,0.127740,6.4994e-01
dev-long-03,20,198,3.094622e-07,198,198,0.000090,0.000094,3.7919e-01
dev-long-03,21,43468,2.234567e-05,43468,43468,0.003675,0.003301,3.5776e-01
dev-long-03,22,57759,1.501609e-02,6637,6637,7.052376,7.229188,6.3981e-01
dev-long-03,23,279,2.327321e-03,264,264,1.404869,1.495071,5.4565e-01
dev-long-03,24,2018,2.245113e-02,3579,3579,3.763165,3.918334,6.8245e-01
dev-long-03,25,3498,1.042030e-02,3498,3498,0.274928,0.219966,6.6053e-01
dev-long-03,26,314,2.826190e-03,314,314,0.071583,0.092476,6.6426e-01
dev-long-03,27,279,1.629934e-05,279,279,0.002994,0.003027,7.4047e-01
dev-long-03,28,82404,8.572626e-03,82404,82404,0.358196,0.295426,6.7396e-01
dev-long-03,29,11,7.019125e-05,11,11,0.033909,0.035938,4.5304e-01
dev-long-03,30,864,2.402311e-03,864,864,0.037521,0.026614,6.1985e-01
dev-long-03,31,557,4.841744e-04,557,557,0.016363,0.013095,1.0176e+00
dev-long-03,32,19561,7.325752e-03,19561,19561,0.342228,0.306539,7.9696e-01
dev-long-03,33,13,5.571437e-04,13,13,0.053884,0.059833,6.6287e-01
dev-long-03,34,1216,3.049515e-03,1216,1216,0.270882,0.232736,4.9398e-01
dev-long-03,35,995,1.724376e-04,995,995,0.020926,0.019009,4.4536e-01
dev-long-03,36,198,8.990714e-04,198,198,0.396135,0.384559,4.7271e-01
dev-long-03,37,1763,9.312175e-04,1763,1763,0.073319,0.070532,5.2090e-01
dev-long-03,38,2540,1.678295e-05,2540,2540,0.015840,0.016190,4.4336e-01
dev-long-03,39,440,7.120508e-03,440,440,0.211053,0.247463,9.6020e-01
dev-long-03,40,14315,5.301338e-02,1384,1384,1.402529,0.930620,5.7695e-01
dev-long-03,41,1154,8.508725e-08,1154,1154,0.000006,0.000006,8.1865e-01
dev-long-03,42,1010,1.659828e-02,1345,264,2.575973,2.577951,7.9102e-01
dev-long-03,43,2545,2.950229e-03,16570,16570,3.398654,3.647476,5.7318e-01
dev-long-03,44,854,8.686828e-05,854,854,0.001083,0.001452,8.5364e-01
dev-long-03,45,11,2.944454e-03,11,11,0.347994,0.315565,8.0903e-01
dev-long-03,46,694,3.015223e-04,694,694,0.053359,0.049335,6.1622e-01
dev-long-03,47,995,7.026601e-04,995,995,0.011471,0.012029,1.0355e+00
dev-long-03,48,5326,2.680489e-02,1179,1179,5.225856,5.608056,8.1944e-01
dev-long-03,49,978,4.357988e-03,978,978,0.467228,0.424550,1.0460e+00
dev-long-03,50,2512,5.141281e-03,2512,2512,0.678346,0.751093,6.0913e-01
dev-long-03,51,198,9.582641e-04,198,198,0.204888,0.226121,4.8098e-01
dev-long-03,52,13362,3.160587e-05,13362,13362,0.001963,0.001872,4.9729e-01
dev-long-03,53,13,9.539440e-04,13,13,0.040646,0.045269,6.9603e-01
dev-long-03,54,1848,8.472812e-03,1848,1848,0.169926,0.230954,6.8704e-01
dev-long-03,55,13064,4.578714e-03,9101,9101,0.846648,0.937502,5.6352e-01
dev-long-03,56,11,7.437219e-04,11,11,0.290155,0.311862,5.5595e-01
dev-long-03,57,551,3.921059e-04,551,551,0.011229,0.010109,7.1439e-01
dev-long-03,58,1669,1.970680e-03,1669,1669,0.034868,0.046715,7.3330e-01
dev-long-03,59,421,1.679636e-03,279,279,1.904512,1.975972,6.4490e-01
dev-long-03,60,14315,8.599289e-04,14315,14315,0.449334,0.435254,9.5998e-01
dev-long-03,61,1154,1.499693e-06,1154,1154,0.000167,0.000151,4.4684e-01
dev-long-03,62,995,6.043518e-05,995,995,0.152306,0.148286,7.3055e-01
dev-long-03,63,27469,2.215201e-04,27469,27469,0.338568,0.329076,6.3098e-01
dev-long-03,64,11,1.444403e-04,11,11,0.084237,0.084148,6.9361e-01
dev-long-03,65,421,2.421824e-03,421,421,0.951354,0.912821,8.1056e-01
dev-long-03,66,279,6.921930e-05,279,279,0.003224,0.003156,8.3156e-01
dev-long-03,67,198,8.117737e-03,1105,1105,1.130726,1.274786,7.4379e-01
dev-long-03,68,65,3.795578e-03,5461,5461,7.490604,7.462817,4.7069e-01
dev-long-03,69,16663,2.304079e-03,16663,16663,0.525183,0.556520,3.8585e-01
dev-long-03,70,995,9.203960e-04,557,557,1.008175,0.957490,4.5327e-01
dev-long-03,71,978,2.725390e-05,978,978,0.001557,0.001834,4.9220e-01
dev-long-03,72,9290,2.080997e-03,9290,9290,0.126356,0.117741,7.3944e-01
dev-long-03,73,1724,4.229969e-06,1724,1724,0.016346,0.016044,6.2765e-01
dev-long-03,74,11,9.572440e-06,11,11,0.000776,0.000808,7.7319e-01
dev-long-03,75,321,7.062292e-05,321,321,0.003927,0.003498,6.4610e-01
dev-long-03,76,421,5.955547e-05,421,421,0.020544,0.021832,6.0686e-01
dev-long-03,77,279,6.535985e-04,279,279,0.015719,0.014777,6.6129e-01
dev-long-03,78,2526,1.746378e-03,33622,33622,2.250384,2.347856,9.1219e-01
dev-long-03,79,4172,2.697052e-02,4172,1844,1.449341,1.592198,1.0199e+00
dev-long-03,80,39493,2.664592e-05,39493,39493,0.006558,0.006386,3.9831e-01
dev-long-03,81,272,6.011695e-03,272,272,0.162087,0.193576,7.4659e-01
dev-long-03,82,9270,1.864578e-04,9270,9270,0.003758,0.004729,4.2976e-01
dev-long-03,83,303,4.256759e-03,303,303,0.277133,0.249510,1.0293e+00
dev-long-03,84,198,1.967816e-03,864,864,2.323163,2.273942,7.6817e-01
dev-long-03,85,7949,4.780164e-05,7949,7949,0.001715,0.001809,9.7996e-01
dev-long-03,86,11,1.262649e-03,279,279,3.111971,3.327736,8.0038e-01
dev-long-03,87,430,7.161193e-03,430,430,0.750263,0.637259,7.3108e-01
dev-long-03,88,424,1.427193e-02,551,551,2.661548,2.294209,1.2624e+00
dev-long-03,89,25950,1.021602e-03,25950,25950,0.136088,0.139877,8.8202e-01
dev-long-03,90,1308,7.514884e-04,1308,1308,0.079580,0.090554,6.0423e-01
dev-long-03,91,11387,2.232250e-07,11387,11387,0.000011,0.000013,4.6184e-01
dev-long-03,92,11,4.128480e-06,11,11,0.000463,0.000511,5.0343e-01
dev-long-03,93,279,5.937907e-06,279,279,0.000853,0.000880,7.1092e-01
dev-long-03,94,4356,6.565175e-04,4356,4356,0.030547,0.036739,6.6910e-01
dev-long-03,95,425,1.610192e-07,425,425,0.000012,0.000012,7.9296e-01
dev-long-03,96,557,9.102236e-03,557,557,0.552212,0.616960,6.4998e-01
dev-long-03,97,50334,5.462529e-03,303,303,0.858974,0.980822,9.4043e-01
dev-long-03,98,310,6.803785e-07,310,310,0.000112,0.000108,5.1703e-01
dev-long-03,99,2426,1.422599e-03,2426,2426,0.514332,0.473259,4.8957e-01
dev-long-03,100,198,2.588073e-06,198,198,0.000078,0.000060,8.3915e-01
dev-long-03,101,1858,3.338306e-05,1858,1858,0.003186,0.003342,7.9451e-01
dev-long-03,102,63620,1.423362e-03,63620,63620,0.296833,0.273732,6.7971e-01
dev-long-03,103,11,1.450239e-03,37208,37208,1.196595,1.130180,6.3535e-01
dev-long-03,104,557,2.051511e-03,557,557,0.571272,0.535076,6.1520e-01
dev-long-03,105,19823,7.973186e-03,19823,19823,0.839939,0.871598,6.7078e-01
dev-long-03,106,4147,2.212150e-03,1724,1724,1.455348,1.377978,7.9853e-01
dev-long-03,107,5028,4.307027e-03,5028,5028,0.152117,0.119014,6.8026e-01
dev-long-03,108,279,3.242014e-04,279,279,0.084024,0.077322,5.1414e-01
dev-long-03,109,30486,6.657382e-03,30486,30486,0.256709,0.205334,5.1929e-01
dev-long-03,110,16293,1.241769e-04,16293,16293,0.007885,0.008618,4.3028e-01
dev-long-03,111,13,1.271356e-05,13,13,0.023244,0.022933,6.1495e-01
dev-long-03,112,84991,3.577858e-03,84991,84991,0.210454,0.230864,6.7242e-01
dev-long-03,113,21146,1.290753e-02,557,995,2.069075,2.104043,6.9402e-01
dev-long-03,114,198,1.581865e-04,198,198,0.005032,0.005857,5.5018e-01
dev-long-03,115,70,1.516783e-02,14961,49931,4.485177,4.318337,5.6412e-01
dev-long-03,116,511,8.409108e-06,511,511,0.001933,0.001991,4.2388e-01
dev-long-03,117,279,1.106436e-04,279,279,0.028896,0.031017,5.8679e-01
dev-long-03,118,16136,4.553676e-06,16136,16136,0.000623,0.000636,5.3227e-01
dev-long-03,119,11,1.492758e-03,11,11,0.389200,0.359794,9.8068e-01
dev-long-03,120,321,2.184454e-03,321,321,0.221650,0.247519,6.6300e-01
dev-long-03,121,14315,1.548099e-03,14315,14315,0.438337,0.447169,6.5136e-01
dev-long-03,122,1154,9.484620e-07,1154,1154,0.000105,0.000115,4.8495e-01
dev-long-03,123,557,1.136474e-05,557,557,0.016635,0.016667,7.7755e-01
dev-long-03,124,12158,3.875051e-02,1669,3753,1.377780,1.864040,9.9985e-01
dev-long-03,125,279,1.865229e-02,279,279,1.340063,1.316528,7.6684e-01
dev-long-03,126,1788,2.195815e-03,1788,1788,0.108354,0.130642,8.2527e-01
dev-long-03,127,11129,4.811797e-05,11129,11129,0.014009,0.014994,5.6540e-01
dev-long-03,128,26,1.861187e-02,26,13,0.976024,1.224863,8.1635e-01
dev-long-03,129,694,3.062090e-03,694,694,0.101315,0.082910,7.9867e-01
dev-long-03,130,279,8.834525e-04,279,279,0.030232,0.038031,8.4088e-01
dev-long-03,131,9506,2.888403e-03,9506,9506,0.577221,0.530130,6.7649e-01
dev-long-03,132,198,3.026111e-03,198,198,0.279405,0.237593,5.3384e-01
dev-long-03,133,27167,7.567885e-03,27167,27167,0.622469,0.718145,7.0367e-01
dev-long-03,134,524,5.483045e-04,524,524,0.234549,0.245734,5.4203e-01
dev-long-03,135,381,2.766867e-05,381,381,0.000421,0.000342,7.7227e-01
dev-long-03,136,1669,1.292955e-05,1669,1669,0.000863,0.000947,7.5096e-01
dev-long-03,137,2892,1.131320e-02,2892,2892,0.099542,0.140181,1.0308e+00
dev-long-03,138,5028,1.443794e-03,5028,5028,0.033455,0.025111,6.4575e-01
dev-long-03,139,780,2.901489e-02,1384,780,0.854115,0.605412,5.7452e-01
dev-long-03,140,1637,7.891682e-05,1637,1637,0.030534,0.028492,5.3162e-01
dev-long-03,141,466,2.277736e-04,466,466,0.075605,0.069809,6.5803e-01
dev-long-03,142,303,9.196378e-05,303,303,0.006333,0.005704,8.0864e-01
dev-long-03,143,780,3.510990e-05,780,780,0.002649,0.003076,8.4917e-01
dev-long-03,144,11683,9.634641e-03,11683,11683,0.656922,0.682902,8.0504e-01
dev-long-03,145,13,3.636757e-04,13,13,0.056781,0.053843,7.2355e-01
dev-long-03,146,40189,7.210853e-03,271,271,7.779440,8.183523,7.4053e-01
dev-long-03,147,198,3.380075e-05,198,198,0.002730,0.002487,7.0800e-01
dev-long-03,148,34,7.280163e-03,34,34,0.136417,0.110911,7.7684e-01
dev-long-03,149,350,6.519522e-03,350,350,0.783508,0.721206,5.9840e-01
dev-long-03,150,463,4.655281e-05,463,463,0.187379,0.184583,4.0284e-01
dev-long-03,151,11,2.793145e-05,11,11,0.001579,0.001497,6.2555e-01
dev-long-03,152,40675,1.432947e-02,279,279,2.642735,2.888886,5.7554e-01
dev-long-03,153,310,7.481128e-04,310,310,0.006074,0.003590,1.0555e+00
dev-long-03,154,279,3.065570e-05,279,279,0.000475,0.000644,7.1840e-01
dev-long-03,155,4356,8.836764e-06,4356,4356,0.000806,0.000807,7.5659e-01
dev-long-03,156,425,2.274535e-07,425,425,0.000026,0.000028,6.0208e-01
dev-long-03,157,11,2.144994e-04,11,11,0.026601,0.029396,7.9788e-01
dev-long-03,158,401,1.213330e-02,401,401,0.585489,0.471883,5.6782e-01
dev-long-03,159,3736,8.060274e-06,3736,3736,0.001852,0.001753,3.9822e-01
dev-long-03,160,310,6.377641e-04,310,310,0.029563,0.036120,7.1459e-01
dev-long-03,161,3322,1.591362e-03,3322,3322,0.037617,0.040939,9.7926e-01
dev-long-03,162,6408,6.845103e-03,6408,6408,0.483443,0.569184,9.5344e-01
dev-long-03,163,84991,7.526921e-04,84991,84991,0.408934,0.430325,6.5332e-01
dev-long-03,164,725,3.376014e-02,39766,39766,2.002585,1.616907,7.5423e-01
dev-long-03,165,15268,4.896869e-03,15268,15268,0.579500,0.623449,8.2011e-01
dev-long-03,166,314,1.130263e-03,314,314,0.081667,0.095293,6.3806e-01
dev-long-03,167,198,4.633814e-06,198,198,0.000581,0.000579,7.2296e-01
dev-long-03,168,67,2.162291e-02,4104,4104,3.358991,3.438162,6.0282e-01
dev-long-03,169,2074,2.556255e-04,2074,2074,0.053066,0.049552,3.5468e-01
dev-long-03,170,347,1.477891e-05,347,347,0.000571,0.000482,3.7439e-01
dev-long-03,171,383,1.586925e-02,948,948,1.984191,2.111875,1.0804e+00
dev-long-03,172,40212,6.468927e-03,279,40212,0.932424,0.894683,1.2628e+00
dev-long-03,173,279,8.873832e-06,279,279,0.000992,0.000985,8.1065e-01
dev-long-03,174,41692,4.037052e-04,4557,4557,2.674858,2.604882,7.1099e-01
dev-long-03,175,11,1.437690e-03,11,11,0.098685,0.089960,8.3544e-01
dev-long-03,176,321,3.488347e-04,321,321,0.005761,0.006038,1.0871e+00
dev-long-03,177,310,1.338464e-05,310,310,0.000982,0.001023,8.1818e-01
dev-long-03,178,3322,1.192405e-02,3322,3322,0.169768,0.243558,8.9371e-01
dev-long-03,179,31178,1.373754e-02,31178,31178,0.296960,0.403194,9.4279e-01
dev-long-03,180,1083,1.798256e-02,310,310,1.253064,1.563984,7.1689e-01
dev-long-03,181,279,1.170762e-03,279,279,0.004607,0.008582,7.6233e-01
dev-long-03,182,2956,1.638435e-04,2956,2956,0.164893,0.170957,8.3155e-01
dev-long-03,183,11,3.694321e-03,11,11,0.061923,0.086022,8.6509e-01
dev-long-03,184,198,8.306731e-07,198,198,0.000076,0.000079,1.2369e+00
dev-long-03,185,2777,1.169263e-02,2777,2777,0.039586,0.076195,9.2689e-01
dev-long-03,186,1292,5.358953e-06,1292,1292,0.000606,0.000628,7.5861e-01
dev-long-03,187,1669,5.071591e-05,1669,1669,0.021875,0.021517,1.1081e+00
dev-long-03,188,12482,5.064045e-03,2433,2433,2.346794,2.438515,1.0368e+00
dev-long-03,189,430,6.076572e-03,430,430,0.013378,0.004319,1.0657e+00
dev-long-03,190,7246,1.053691e-03,7246,7246,0.719242,0.679716,8.4645e-01
dev-long-03,191,539,9.075641e-05,539,539,0.004272,0.003494,5.4244e-01
dev-long-03,192,279,9.151909e-03,279,279,0.174959,0.122316,5.3693e-01
dev-long-03,193,1483,2.966073e-04,1483,1483,0.009191,0.008368,5.3892e-01
dev-long-03,194,10971,4.044741e-02,10971,10971,0.208916,0.112272,6.7853e-01
dev-long-03,195,13,1.361607e-03,13,13,0.023881,0.017120,1.0377e+00
dev-long-03,196,43017,8.012871e-03,3629,3629,3.436276,3.144907,8.0197e-01
dev-long-03,197,198,5.013305e-05,198,198,0.002804,0.002976,7.6885e-01
dev-long-03,198,59697,1.737645e-03,59697,59697,0.041230,0.052066,8.3314e-01
dev-long-03,199,26466,5.561248e-05,26466,26466,0.002957,0.002488,5.3037e-01
dev-long-03,200,11,7.214463e-03,11,401,0.870323,0.987198,8.0631e-01
dev-long-03,201,417,7.054880e-04,417,417,0.015730,0.019854,7.3176e-01
dev-long-03,202,12436,2.220053e-03,11,11,2.294292,2.372889,4.2356e-01
dev-long-03,203,11,5.072455e-05,11,11,0.002676,0.003168,6.8164e-01
dev-long-03,204,6348,3.515739e-02,401,401,1.875158,1.508804,7.8943e-01
dev-long-03,205,5721,2.409315e-03,5721,5721,0.094237,0.074270,6.1138e-01
dev-long-03,206,430,3.965893e-03,430,430,0.178749,0.219204,8.5400e-01
dev-long-03,207,310,4.251014e-07,310,310,0.000055,0.000053,5.6669e-01
dev-long-03,208,279,2.510610e-05,279,279,0.001045,0.001001,7.9679e-01
dev-long-03,209,7753,8.273700e-03,7753,7753,0.142350,0.181984,6.7842e-01
dev-long-03,210,314,2.925581e-06,314,314,0.000256,0.000271,8.3388e-01
dev-long-03,211,14315,1.549663e-03,279,279,2.612758,2.432136,5.2409e-01
dev-long-03,212,1154,5.468100e-07,1154,1154,0.000029,0.000034,6.2819e-01
dev-long-03,213,11,2.668295e-03,11,11,0.080187,0.063939,1.0151e+00
dev-long-03,214,852,3.436544e-03,852,852,0.168676,0.202750,7.7362e-01
dev-long-03,215,198,9.384544e-05,198,198,0.008745,0.007852,6.8322e-01
dev-long-03,216,485,1.275647e-03,15648,15648,10.141491,10.450072,9.3277e-01
dev-long-03,217,2511,3.766551e-03,2511,2511,0.556311,0.502446,4.1677e-01
dev-long-03,218,806,2.175371e-05,806,806,0.016791,0.017614,5.2387e-01
dev-long-03,219,1374,3.003008e-04,1374,1374,0.071451,0.071879,6.2313e-01
dev-long-03,220,78157,3.267839e-07,78157,78157,0.000154,0.000150,4.3168e-01
dev-long-03,221,11,1.012316e-03,11,11,0.040093,0.049485,5.9567e-01
dev-long-03,222,321,3.531132e-05,321,321,0.001409,0.001438,8.2511e-01
dev-long-03,223,67055,2.135492e-02,557,557,1.730207,1.662440,7.8399e-01
dev-long-03,224,780,7.620138e-07,780,780,0.000103,0.000112,4.3569e-01
dev-long-03,225,54322,5.158554e-06,54322,54322,0.000427,0.000461,3.2049e-01
dev-long-03,226,303,4.154245e-07,303,303,0.000062,0.000060,3.7209e-01
dev-long-03,227,279,3.115917e-07,279,279,0.000012,0.000011,6.0411e-01
dev-long-03,228,28928,1.706208e-02,3992,3992,1.041443,1.274210,7.2874e-01
dev-long-03,229,198,1.532687e-06,198,198,0.000185,0.000207,4.4178e-01
dev-long-03,230,17801,5.611422e-08,17801,17801,0.000041,0.000039,7.8784e-01
dev-long-03,231,13,1.062046e-05,13,13,0.008167,0.007996,7.1656e-01
dev-long-03,232,42249,4.785608e-04,42249,42249,0.039815,0.041426,6.6797e-01
dev-long-03,233,314,1.226093e-03,314,314,0.045052,0.042415,8.0916e-01
dev-long-03,234,264,7.906217e-03,264,264,0.091399,0.114808,1.5205e+00
dev-long-03,235,3555,2.328134e-02,3555,3555,0.073563,0.121770,1.1113e+00
dev-long-03,236,27181,2.045892e-04,27181,27181,0.005318,0.006699,6.8501e-01
dev-long-03,237,364,5.300269e-03,364,364,0.021212,0.039953,7.0519e-01
dev-long-03,238,41692,3.829548e-02,7808,7808,3.487367,3.537437,9.3489e-01
dev-long-03,239,3322,9.937963e-03,3322,3322,0.281929,0.358475,9.6537e-01
dev-long-03,240,978,2.546676e-05,978,978,0.004826,0.005043,5.9029e-01
dev-long-03,241,2574,3.034121e-03,198,2574,0.747427,0.672257,7.3999e-01
dev-long-03,242,198,6.644168e-05,198,198,0.000924,0.001208,6.8904e-01
dev-long-03,243,66425,1.384780e-03,66425,66425,0.007257,0.003679,7.1887e-01
dev-long-03,244,279,3.671585e-04,279,279,0.012574,0.010127,7.5277e-01
dev-long-03,245,40470,5.193167e-05,40470,40470,0.002150,0.002522,5.9368e-01
dev-long-03,246,11,7.079104e-03,11,11,0.054764,0.031815,7.0989e-01
dev-long-03,247,279,1.398718e-02,279,279,0.656133,0.528542,7.5204e-01
dev-long-03,248,90844,1.638941e-02,90844,90844,0.476697,0.475237,8.4506e-01
dev-long-03,249,15578,1.582999e-02,15578,15578,0.701468,0.741722,7.7581e-01
dev-long-03,250,310,2.207598e-02,23704,23704,0.948524,0.851319,7.4238e-01
dev-long-03,251,3372,1.214690e-02,10403,10403,3.721603,3.650665,6.7099e-01
dev-long-03,252,27367,8.979571e-03,440,440,3.628240,4.566711,9.9761e-01
dev-long-03,253,1487,9.720404e-05,1487,1487,0.005215,0.005734,7.3985e-01
dev-long-03,254,440,1.288291e-06,440,440,0.000207,0.000195,6.2226e-01
dev-long-03,255,279,9.063703e-04,279,279,0.564337,0.528546,7.7108e-01
dev-long-03,256,198,3.154973e-07,198,198,0.000075,0.000070,4.7698e-01
dev-long-03,257,1783,9.390307e-04,1783,1783,0.114404,0.113692,7.3000e-01
dev-long-03,258,738,1.469345e-06,738,738,0.000650,0.000694,3.8294e-01
dev-long-03,259,11,6.448556e-05,11,11,0.012565,0.013441,6.0012e-01
dev-long-03,260,694,2.007921e-02,321,321,1.344426,1.038659,7.3273e-01
dev-long-03,261,13464,1.642282e-03,13464,13464,0.058464,0.057298,1.1524e+00
dev-long-03,262,424,1.650010e-05,424,424,0.000435,0.000559,7.7857e-01
dev-long-03,263,310,3.232337e-05,310,310,0.000283,0.000430,9.5757e-01
dev-long-03,264,279,4.048714e-05,279,279,0.001076,0.001334,6.4937e-01
dev-long-03,265,2601,4.911012e-04,2601,2601,0.020535,0.023572,6.1610e-01
dev-long-03,266,4603,6.502464e-08,4603,4603,0.000031,0.000031,5.0993e-01
dev-long-03,267,13,1.383962e-03,13,13,0.110918,0.109196,1.2286e+00
dev-long-03,268,14315,6.232092e-03,3629,3629,2.542808,2.837767,6.8100e-01
dev-long-03,269,1154,3.160030e-05,1154,1154,0.000901,0.001112,8.1077e-01
dev-long-03,270,11,1.082902e-02,11,11,0.277170,0.264500,8.0801e-01
dev-long-03,271,852,2.673274e-03,852,852,0.163394,0.146877,9.1076e-01
dev-long-03,272,995,3.245117e-02,369,369,2.344708,2.793993,1.2144e+00
dev-long-03,273,6625,2.074296e-02,2261,2261,4.070254,3.332960,1.0003e+00
dev-long-03,274,11590,3.598985e-03,2172,2172,2.201682,2.083608,6.2714e-01
dev-long-03,275,314,6.250162e-03,314,314,0.219112,0.279103,8.7428e-01
dev-long-03,276,198,1.939169e-07,198,198,0.000017,0.000018,6.7668e-01
dev-long-03,277,390,3.513946e-03,31788,31788,2.524314,2.669787,6.9143e-01
dev-long-03,278,1081,1.609959e-04,1081,1081,0.000970,0.000534,5.8598e-01
dev-long-03,279,19169,2.179631e-03,19169,19169,0.478437,0.441727,9.1518e-01
dev-long-03,280,2261,3.979531e-03,2261,321,0.845090,0.906257,7.7127e-01
dev-long-03,281,279,1.617611e-05,279,279,0.000641,0.000717,8.7406e-01
dev-long-03,282,27388,3.791340e-02,27388,11362,0.988765,1.237068,8.4946e-01
dev-long-03,283,11,3.629270e-05,11,11,0.001534,0.001697,1.0573e+00
dev-long-03,284,281,7.194861e-02,11324,11324,3.844482,3.348288,1.3091e+00
dev-long-03,285,29243,1.246416e-07,29243,29243,0.000046,0.000045,4.3661e-01
dev-long-03,286,3023,1.569459e-02,3023,3023,0.098652,0.054092,7.3643e-01
dev-long-03,287,506,2.889794e-02,1066,1066,1.718352,1.981555,1.0053e+00
dev-long-03,288,279,4.743877e-02,279,279,0.161363,0.320947,7.4232e-01
dev-long-03,289,16198,1.651388e-02,16198,16198,0.232117,0.164980,7.9250e-01
dev-long-03,290,198,2.331284e-03,198,11,0.690276,0.757952,7.4940e-01
dev-long-03,291,429,2.854053e-02,429,429,0.378323,0.564434,6.8736e-01
dev-long-03,292,557,2.279015e-02,995,995,0.814690,1.024725,6.9977e-01
dev-long-03,293,11354,5.777748e-04,11354,11354,0.471163,0.447673,7.6179e-01
dev-long-03,294,680,4.176643e-02,680,680,0.230921,0.114393,9.3108e-01
dev-long-03,295,314,7.477081e-05,314,314,0.002273,0.001834,8.8297e-01
dev-long-03,296,5300,5.789743e-05,5300,5300,0.004222,0.004920,1.0394e+00
dev-long-03,297,1920,1.747937e-03,1920,1920,0.531354,0.552708,8.1872e-01
dev-long-03,298,271,9.242298e-06,271,271,0.001472,0.001486,6.2646e-01
dev-long-03,299,2005,2.748291e-03,9866,9866,1.018011,0.982934,7.7014e-01
dev-long-03,300,46903,1.406019e-02,12702,27125,6.105925,5.827019,6.4630e-01
dev-long-03,301,0,6.539709e-04,17306,17306,0.800480,0.830160,7.7751e-01
dev-long-03,302,1987,1.578354e-02,2844,2844,2.073181,2.100264,6.4297e-01
dev-long-03,303,1691,2.156149e-02,551,279,2.852348,2.408944,9.7825e-01
dev-long-03,304,364,9.868801e-05,364,364,0.011915,0.011795,7.3518e-01
dev-long-03,305,279,3.244678e-05,279,279,0.001580,0.001362,8.4980e-01
dev-long-03,306,4142,5.524766e-04,4142,4142,0.012522,0.010388,7.8419e-01
dev-long-03,307,94003,1.393725e-02,94003,94003,0.583403,0.482048,7.0627e-01
dev-long-03,308,2340,5.063877e-03,2340,2340,0.108834,0.145187,6.5347e-01
dev-long-03,309,1018,1.463104e-03,1018,1018,0.086509,0.071910,4.3450e-01
dev-long-03,310,38001,2.248380e-05,38001,38001,0.346785,0.347506,3.8985e-01
dev-long-03,311,3272,2.727170e-03,11,11,3.471600,3.214420,4.5829e-01
dev-long-03,312,3518,1.052023e-05,3518,3518,0.000630,0.000719,4.1026e-01
dev-long-03,313,11,2.047731e-03,13,13,1.463013,1.581464,6.1990e-01
dev-long-03,314,81154,2.265285e-02,50856,50856,2.140339,2.177883,8.0634e-01
dev-long-03,315,198,2.364121e-03,198,198,0.024720,0.015441,6.9216e-01
dev-long-03,316,27582,6.921079e-03,27582,27582,0.293867,0.233439,5.1374e-01
dev-long-03,317,279,2.451259e-05,279,279,0.005015,0.004538,5.2006e-01
dev-long-03,318,5392,8.834433e-04,5392,5392,0.092237,0.101411,7.3285e-01
dev-long-03,319,13,7.611920e-05,13,13,0.001724,0.001795,7.2837e-01
dev-long-03,320,1001,1.925591e-04,1001,1001,0.034442,0.031193,5.8847e-01
dev-long-03,321,760,6.934565e-03,760,760,0.323979,0.283103,7.8297e-01
dev-long-03,322,3296,9.755064e-03,3296,3296,0.685426,0.728305,1.1333e+00
dev-long-03,323,364,2.437593e-02,364,364,0.665479,0.807294,8.0990e-01
dev-long-03,324,586,2.385911e-04,586,586,0.004160,0.005227,1.0634e+00
dev-long-03,325,1381,5.882303e-04,1381,1381,0.096821,0.086785,7.9123e-01
dev-long-03,326,310,3.223886e-03,310,310,0.232895,0.276448,7.5705e-01
dev-long-03,327,11290,2.339394e-03,11290,11290,0.317441,0.345380,5.8882e-01
dev-long-03,328,369,3.462430e-04,369,369,0.012825,0.015852,8.7119e-01
dev-long-03,329,279,4.934470e-04,279,279,0.033327,0.031641,8.9358e-01
dev-long-03,330,8240,3.403469e-02,8240,8240,0.930395,0.725300,9.9019e-01
dev-long-03,331,314,4.526748e-05,314,314,0.003128,0.003410,7.5223e-01
dev-long-03,332,198,1.209857e-06,198,198,0.001256,0.001290,5.9698e-01
dev-long-03,333,12034,6.382906e-04,12034,12034,0.008863,0.010560,6.5966e-01
dev-long-03,334,6187,1.113671e-02,13,13,2.183556,1.962968,7.6054e-01
dev-long-03,335,494,2.677057e-03,494,494,0.064537,0.081126,6.9110e-01
dev-long-03,336,264,1.411743e-03,279,279,2.778442,2.927138,1.0996e+00
dev-long-03,337,35700,6.124587e-03,85537,85537,11.073137,11.013089,8.6666e-01
dev-long-03,338,806,4.651068e-06,806,806,0.000441,0.000407,6.5410e-01
dev-long-03,339,63620,9.408746e-05,63620,63620,0.011332,0.012087,7.7412e-01
dev-long-03,340,37208,1.222844e-05,37208,37208,0.002570,0.002393,6.5422e-01
dev-long-03,341,506,3.778966e-02,310,310,2.186561,2.307894,9.3157e-01
dev-long-03,342,799,1.539944e-02,279,279,4.555745,3.267524,8.9618e-01
dev-long-03,343,809,3.417199e-05,809,809,0.001029,0.000811,6.2005e-01
dev-long-03,344,310,1.502537e-02,310,310,0.701560,0.880284,1.1335e+00
dev-long-03,345,279,3.607914e-03,279,279,0.249640,0.209722,1.3137e+00
dev-long-03,346,18522,4.522008e-02,17789,17789,2.675539,3.349390,1.0952e+00
dev-long-03,347,314,7.439303e-04,314,314,0.014744,0.011038,6.2439e-01
dev-long-03,348,264,6.782890e-06,264,264,0.001282,0.001165,5.3873e-01
dev-long-03,349,198,5.457247e-04,198,198,0.018569,0.014438,5.5459e-01
dev-long-03,350,3237,2.656134e-05,3237,3237,0.002347,0.002201,6.1717e-01
dev-long-03,351,930,3.967212e-07,930,930,0.000016,0.000018,6.2211e-01
dev-long-03,352,303,1.203132e-03,506,506,2.594426,2.756564,6.7959e-01
dev-long-03,353,53682,1.630396e-02,279,279,2.179465,2.362825,9.1814e-01
dev-long-03,354,6930,4.889561e-08,6930,6930,0.000040,0.000039,4.3693e-01
dev-long-03,355,9254,1.293282e-04,9254,9254,0.004281,0.005369,6.9084e-01
dev-long-03,356,506,1.079728e-06,506,506,0.000248,0.000247,5.5563e-01
dev-long-03,357,279,7.318675e-08,279,279,0.000074,0.000077,9.8134e-01
dev-long-03,358,975,1.344288e-06,975,975,0.000153,0.000141,5.8748e-01
dev-long-03,359,13,1.037654e-05,13,13,0.003056,0.003022,8.7364e-01
dev-long-03,360,1394,1.593487e-02,1061,1061,4.037652,4.288260,8.0039e-01
dev-long-03,361,1436,3.804393e-02,1436,1436,0.558102,0.381218,8.4224e-01
dev-long-03,362,11,2.174577e-04,11,11,0.002167,0.001475,8.4689e-01
dev-long-03,363,30446,3.402501e-05,30446,30446,0.001755,0.001475,7.6857e-01
dev-long-03,364,11,3.923844e-06,11,11,0.001747,0.001690,6.7595e-01
dev-long-03,365,1004,8.589363e-03,821,821,2.434044,2.145101,1.1169e+00
dev-long-03,366,2545,2.569284e-04,2545,2545,0.030354,0.033234,1.0370e+00
dev-long-03,367,198,3.331966e-06,198,198,0.000051,0.000062,9.7099e-01
dev-long-03,368,9497,2.827153e-03,33441,33441,3.413004,3.612320,1.0314e+00
dev-long-03,369,88312,1.700664e-04,88312,88312,0.026180,0.029236,5.8080e-01
dev-long-03,370,599,4.136513e-03,599,599,0.106116,0.106173,7.5530e-01
dev-long-03,371,14413,1.721147e-03,14413,14413,0.123650,0.112041,1.0817e+00
dev-long-03,372,18533,4.431277e-03,3512,3512,1.434215,1.476397,6.0128e-01
dev-long-03,373,264,3.198061e-05,264,264,0.003197,0.003274,7.3630e-01
dev-long-03,374,1691,7.264528e-03,1691,1691,0.080242,0.119136,6.9701e-01
dev-long-03,375,777,6.696757e-04,777,777,0.035104,0.030019,6.6255e-01
dev-long-03,376,2894,3.228011e-02,5812,60458,3.245847,3.280437,7.3373e-01
dev-long-03,377,321,9.227211e-03,321,321,0.952629,0.833415,9.5236e-01
dev-long-03,378,2599,1.190445e-02,1442,1442,5.931415,6.643593,8.0117e-01
dev-long-03,379,198,2.237766e-03,198,198,0.209065,0.204829,5.7830e-01
dev-long-03,380,5938,2.506541e-02,65802,65802,1.933278,2.444412,6.1472e-01
dev-long-03,381,499,2.195576e-06,499,499,0.000393,0.000426,4.4879e-01
dev-long-03,382,305,2.567813e-05,305,305,0.038198,0.038441,7.4634e-01
dev-long-03,383,12523,3.845260e-04,12523,12523,0.023439,0.025765,6.9912e-01
dev-long-03,384,13,1.832945e-05,13,13,0.267187,0.266162,7.4972e-01
dev-long-03,385,5514,6.023188e-03,5514,5514,1.102136,1.023102,7.5464e-01
dev-long-03,386,369,8.590947e-03,11,11,0.849968,0.924650,8.8908e-01
dev-long-03,387,279,2.051843e-02,279,279,0.281707,0.198759,1.0830e+00
dev-long-03,388,9506,1.707401e-03,9506,9506,0.087723,0.091389,8.4605e-01
dev-long-03,389,26,5.364030e-03,1381,1381,3.504947,3.593632,7.4007e-01
dev-long-03,390,279,7.668107e-03,1532,1532,3.424048,3.573148,6.7211e-01
dev-long-03,391,9506,2.624864e-02,60042,60042,4.933368,5.289034,8.6689e-01
dev-long-03,392,3571,3.772185e-02,1902,682,2.550420,2.311563,1.0727e+00
dev-long-03,393,494,1.599146e-04,494,494,0.009360,0.008104,8.0763e-01
dev-long-03,394,279,1.139099e-04,279,279,0.011274,0.012779,6.1076e-01
dev-long-03,395,60042,1.698498e-03,60042,60042,0.027272,0.018899,6.8255e-01
dev-long-03,396,11,1.209698e-03,26,26,3.008672,3.217893,8.5333e-01
dev-long-03,397,321,2.412516e-03,321,321,0.384053,0.369213,7.6191e-01
dev-long-03,398,198,6.916352e-04,198,198,0.015980,0.021025,1.0612e+00
dev-long-03,399,1719,1.580710e-02,1719,1719,0.022455,0.057368,1.0652e+00
dev-long-03,400,60042,3.188421e-03,60042,60042,0.056137,0.076407,9.7823e-01
dev-long-03,401,3571,1.505721e-02,3571,3571,0.508163,0.503726,1.0989e+00
dev-long-03,402,494,2.051209e-04,494,494,0.017011,0.015483,9.3956e-01
dev-long-03,403,4248,1.690260e-02,279,279,3.975060,3.422404,1.2412e+00
dev-long-03,404,13,9.498442e-06,13,13,0.001428,0.001344,5.1128e-01
dev-long-03,405,17075,1.771070e-02,78434,78434,1.976328,1.560322,5.4845e-01
dev-long-03,406,27466,1.522718e-06,27466,27466,0.000264,0.000242,4.4606e-01
dev-long-03,407,11,2.348459e-03,13,13,0.792553,0.864664,7.8953e-01
dev-long-03,408,279,6.759199e-04,279,279,0.277545,0.283188,6.3860e-01
dev-long-03,409,43623,1.676542e-03,6171,6171,3.041897,2.985233,5.9132e-01
dev-long-03,410,440,4.692771e-03,6483,6483,4.814309,4.662334,8.4469e-01
dev-long-03,411,279,3.194659e-03,279,279,0.488191,0.435766,9.3406e-01
dev-long-03,412,3743,2.760119e-02,7167,7167,2.769974,2.571498,8.0610e-01
dev-long-03,413,8628,1.682725e-02,198,198,3.299124,2.884407,7.2520e-01
dev-long-03,414,321,1.317528e-03,13,13,1.128043,1.081995,6.1136e-01
dev-long-03,415,198,1.783399e-05,198,198,0.003906,0.004128,6.4051e-01
dev-long-03,416,528,4.397500e-03,1719,1719,1.800950,1.610470,6.0620e-01
dev-long-03,417,279,7.328259e-03,279,279,0.489560,0.437858,6.4995e-01
dev-long-03,418,975,9.294257e-04,975,975,0.082239,0.087210,6.4477e-01
dev-long-03,419,16935,2.968848e-02,292,292,3.229570,3.157635,8.3976e-01
dev-long-03,420,440,1.364243e-03,864,864,4.749035,4.956302,7.5239e-01
dev-long-03,421,864,1.460791e-06,864,864,0.000344,0.000353,7.7722e-01
dev-long-03,422,353,8.197441e-03,353,353,0.397482,0.314780,1.1379e+00
dev-long-03,423,599,3.951023e-03,599,599,0.273538,0.265788,9.4062e-01
dev-long-03,424,32183,6.877816e-03,32183,32183,0.440288,0.373869,6.8143e-01
dev-long-03,425,488,1.706015e-05,488,488,0.000212,0.000223,1.0802e+00
dev-long-03,426,13,4.255147e-05,13,13,0.005813,0.006045,7.1408e-01
dev-long-03,427,1987,6.262421e-03,4543,4543,2.163294,2.039000,8.1109e-01
dev-long-03,428,1381,2.135320e-02,1381,1381,0.829969,0.705955,1.0356e+00
dev-long-03,429,567,1.612404e-02,11,11,1.475770,1.227450,1.1071e+00
dev-long-03,430,198,3.470199e-04,198,198,0.009359,0.011864,9.1782e-01
dev-long-03,431,24028,7.587459e-04,24028,24028,0.019519,0.017415,9.8055e-01
dev-long-03,432,716,3.732043e-02,2404,2404,1.649640,1.826664,1.0214e+00
dev-long-03,433,12833,1.561647e-03,12833,12833,0.100158,0.086914,8.4955e-01
dev-long-03,434,1546,6.606766e-03,13519,13519,2.089565,2.129781,9.0909e-01
dev-long-03,435,13519,1.584503e-04,13519,13519,0.006049,0.006438,9.0075e-01
dev-long-03,436,310,9.618285e-06,310,310,0.000162,0.000121,6.7141e-01
dev-long-03,437,8996,7.620774e-03,8996,8996,0.234578,0.241441,1.0142e+00
dev-long-03,438,411,1.674680e-02,411,411,0.160270,0.122217,1.0678e+00
dev-long-03,439,43623,3.683875e-03,43623,43623,0.175453,0.142547,7.8417e-01
dev-long-03,440,321,4.504121e-03,321,321,1.057307,1.061165,1.0933e+00
dev-long-03,441,198,5.190628e-02,198,310,1.053306,1.116314,9.1179e-01
dev-long-03,442,4899,6.713727e-03,3795,3795,11.737235,11.267555,1.1660e+00
dev-long-03,443,517,3.645663e-05,517,517,0.004398,0.003878,5.2079e-01
dev-long-03,444,1988,7.896400e-07,1988,1988,0.000021,0.000027,7.2374e-01
dev-long-03,445,1092,1.905875e-03,1092,1092,0.399695,0.383900,9.0836e-01
dev-long-03,446,919,4.067936e-03,919,919,0.180849,0.221409,9.1519e-01
dev-long-03,447,551,3.795984e-04,551,551,0.002972,0.004636,7.2029e-01
dev-long-03,448,682,2.099842e-02,682,1189,0.631916,0.844615,7.7503e-01
dev-long-03,449,6141,3.272489e-05,6141,6141,0.004478,0.004885,6.4298e-01
dev-long-03,450,303,4.814352e-06,303,303,0.000415,0.000438,1.1661e+00
dev-long-03,451,411,1.353433e-03,411,411,0.118413,0.102178,1.0625e+00
dev-long-03,452,2545,9.849512e-03,24577,24577,4.385511,3.756618,9.2488e-01
dev-long-03,453,21831,2.086212e-04,21831,21831,0.012174,0.011985,7.2855e-01
dev-long-03,454,13,5.378743e-03,13,13,0.350550,0.421956,9.7962e-01
dev-long-03,455,1946,1.231498e-02,1165,1165,3.493914,3.772826,8.2268e-01
dev-long-03,456,635,1.589391e-02,279,279,5.449269,5.267302,8.4921e-01
dev-long-03,457,198,1.354192e-03,198,198,0.400729,0.432463,1.0875e+00
dev-long-03,458,559,1.280400e-03,559,559,0.015655,0.020655,1.2752e+00
dev-long-03,459,11,3.671759e-03,11,11,0.059259,0.081296,1.1157e+00
dev-long-03,460,567,4.998869e-03,567,567,0.290618,0.273352,7.9253e-01
dev-long-03,461,1902,2.208666e-04,1902,1902,0.011498,0.013593,7.1718e-01
dev-long-03,462,1380,3.550990e-02,1380,1380,1.153649,1.222516,1.1538e+00
dev-long-03,463,279,1.855926e-03,321,321,5.676480,5.121451,1.0945e+00
dev-long-03,464,43070,1.616097e-02,43070,43070,1.053365,1.063907,1.0973e+00
dev-long-03,465,3254,9.624648e-03,3254,3254,0.808034,0.862154,9.1840e-01
dev-long-03,466,1118,1.084349e-01,1118,1118,0.133738,0.393253,1.3816e+00
dev-long-03,467,11,6.216319e-03,11,11,0.212764,0.266998,1.0596e+00
dev-long-03,468,321,1.939394e-03,321,321,0.018604,0.025619,9.2444e-01
dev-long-03,469,1439,1.737797e-02,1439,1439,0.566105,0.583849,1.0232e+00
dev-long-03,470,9940,2.732553e-03,9940,9940,0.039853,0.027472,8.8537e-01
dev-long-03,471,35723,9.728661e-03,11,11,2.055030,1.941045,9.1695e-01
dev-long-03,472,198,7.941944e-06,198,198,0.000113,0.000077,4.9872e-01
dev-long-03,473,258,1.122329e-05,258,258,0.000269,0.000202,6.8557e-01
dev-long-03,474,449,4.041170e-02,279,279,7.952277,7.340525,8.7539e-01
dev-long-03,475,31604,3.098953e-04,31604,31604,0.015210,0.012587,9.2378e-01
dev-long-03,476,303,8.350604e-03,303,303,0.106968,0.154855,7.0550e-01
dev-long-03,477,660,8.406655e-04,279,279,6.399560,6.240753,6.8649e-01
dev-long-03,478,279,1.237197e-05,279,279,0.000396,0.000451,8.6923e-01
dev-long-03,479,11129,3.682524e-03,6187,6187,3.310010,3.113561,6.7230e-01
dev-long-03,480,15228,1.249294e-04,15228,15228,0.004661,0.003904,6.9849e-01
dev-long-03,481,13,2.038425e-03,13,13,0.134414,0.112345,9.3842e-01
dev-long-03,482,1368,3.346168e-03,38470,38470,2.721426,2.498738,7.7722e-01
dev-long-03,483,411,5.905491e-03,411,411,0.236187,0.264267,9.5890e-01
dev-long-03,484,3564,2.491504e-03,14107,14107,1.415529,1.361645,8.5618e-01
dev-long-03,485,11,4.653727e-04,11,11,0.026036,0.023530,9.7088e-01
dev-long-03,486,353,7.844954e-03,353,353,0.136772,0.189770,8.3624e-01
dev-long-03,487,4723,1.590598e-03,4723,4723,0.630751,0.595397,8.0460e-01
dev-long-03,488,198,2.462437e-05,198,198,0.001020,0.001247,1.0485e+00
dev-long-03,489,18443,1.131376e-02,18443,18443,0.863195,0.765388,7.5587e-01
dev-long-03,490,89085,1.308684e-02,89085,89085,0.731387,0.832342,1.0207e+00
dev-long-03,491,310,1.432364e-05,310,310,0.001335,0.001379,1.1251e+00
dev-long-03,492,975,3.745536e-02,1010,1010,1.015725,1.381188,9.8361e-01
dev-long-03,493,5245,1.773967e-02,5245,6440,0.952109,1.202614,9.6928e-01
dev-long-03,494,1920,2.323100e-05,1920,1920,0.013851,0.013250,6.6413e-01
dev-long-03,495,271,9.594812e-05,271,271,0.002994,0.002376,6.5750e-01
dev-long-03,496,41610,3.538826e-03,2005,2005,1.416160,1.471037,6.3471e-01
dev-long-03,497,668,3.230695e-03,0,0,4.144303,4.173364,1.2083e+00
dev-long-03,498,488,8.765115e-02,678,381,2.150622,2.254209,1.1660e+00
dev-long-03,499,1910,3.180255e-03,5479,5479,0.869927,0.935862,6.0932e-01
dev-long-03,500,12035,3.057285e-05,12035,12035,0.005750,0.006155,5.3986e-01
dev-long-03,501,271,5.403153e-04,271,271,0.095501,0.098133,5.9595e-01
dev-long-03,502,2005,1.040122e-03,2005,2005,0.066581,0.066611,7.2099e-01
dev-long-03,503,33963,4.917478e-03,22367,22367,4.025813,3.829097,5.6246e-01
dev-long-03,504,728,1.538238e-04,728,728,0.004354,0.005331,1.0419e+00
dev-long-03,505,264,3.292496e-04,449,449,5.707793,5.420671,7.4637e-01
dev-long-03,506,44579,1.067759e-02,5572,5572,1.960109,1.798877,5.7202e-01
dev-long-03,507,321,3.820357e-04,321,321,0.054040,0.053315,6.5939e-01
dev-long-03,508,421,1.582058e-02,421,421,1.378877,1.221070,7.7684e-01
dev-long-03,509,20485,8.491641e-03,20485,20485,1.300113,1.251389,1.0589e+00
dev-long-03,510,314,1.192563e-04,314,314,0.007565,0.007884,1.1226e+00
dev-long-03,511,5392,2.086356e-02,264,264,1.325178,1.575778,1.4455e+00
dev-long-03,512,13,6.299705e-04,1920,1920,2.651467,2.673602,7.6038e-01
dev-long-03,513,4543,1.274747e-02,6558,6558,2.939102,2.801610,7.9236e-01
dev-long-03,514,11,8.546715e-03,11,11,0.422617,0.407858,9.0399e-01
dev-long-03,515,1179,2.559960e-02,4248,4248,2.315056,2.796464,1.0425e+00
dev-long-03,516,25,9.672877e-03,13,13,1.399722,1.628084,9.3027e-01
dev-long-03,517,3260,3.914470e-03,3260,3260,0.191605,0.214065,8.0491e-01
dev-long-03,518,6441,7.596578e-03,6441,6441,0.284723,0.294439,9.6606e-01
dev-long-03,519,506,4.556400e-04,506,506,0.007489,0.005893,7.8574e-01
dev-long-03,520,279,3.325776e-02,198,27466,1.614720,1.999132,7.1158e-01
dev-long-03,521,198,2.594943e-03,198,198,0.061140,0.079239,7.1952e-01
dev-long-03,522,70927,7.404579e-04,25668,25668,6.020798,6.171714,7.3787e-01
dev-long-03,523,314,4.747015e-06,314,314,0.000723,0.000757,5.7242e-01
dev-long-03,524,7441,3.427263e-04,7441,7441,0.026312,0.026475,5.4105e-01
dev-long-03,525,689,4.326624e-06,689,689,0.000193,0.000160,4.3732e-01
dev-long-03,526,6476,3.225503e-06,6476,6476,0.001324,0.001346,5.1710e-01
dev-long-03,527,11,2.622430e-03,11,11,0.057960,0.042217,6.9098e-01
dev-long-03,528,264,1.854688e-04,264,264,0.007994,0.009677,8.0408e-01
dev-long-03,529,60042,5.075738e-03,3565,3565,4.687042,4.770724,7.7192e-01
dev-long-03,530,321,4.284442e-06,321,321,0.001923,0.001854,3.7705e-01
dev-long-03,531,264,9.379683e-08,264,264,0.000018,0.000020,4.4916e-01
dev-long-03,532,3565,8.826188e-03,2503,2503,2.014438,2.327747,4.4000e-01
dev-long-03,533,6273,6.683326e-03,6273,6273,0.404232,0.459358,5.9180e-01
dev-long-03,534,8628,1.815298e-05,8628,8628,0.001150,0.001012,5.6404e-01
dev-long-03,535,13,3.764387e-04,30996,30996,2.401875,2.344265,9.3810e-01
dev-long-03,536,4248,2.479521e-03,561,561,1.771966,1.900866,7.9272e-01
dev-long-03,537,13,6.088814e-06,13,13,0.001117,0.001228,6.9231e-01
dev-long-03,538,17075,1.080378e-05,17075,17075,0.000541,0.000634,6.5270e-01
dev-long-03,539,27466,2.656003e-06,27466,27466,0.001521,0.001462,6.8780e-01
dev-long-03,540,198,9.189756e-07,198,198,0.002317,0.002363,1.2337e+00
dev-long-03,541,4660,2.982326e-02,4660,4660,0.575121,0.692351,1.0259e+00
dev-long-03,542,599,1.010476e-06,599,599,0.000146,0.000139,7.2738e-01
dev-long-03,543,279,3.124532e-03,2107,2107,3.316439,3.146240,9.6878e-01
dev-long-03,544,1788,1.774033e-04,1788,1788,0.001428,0.001179,1.2632e+00
dev-long-03,545,539,7.870301e-04,539,539,0.026601,0.027878,9.1639e-01
dev-long-03,546,18377,1.381095e-03,18377,18377,0.087614,0.073449,5.6201e-01
dev-long-03,547,506,1.585830e-04,506,506,0.004263,0.005259,7.8530e-01
dev-long-03,548,220,2.221767e-02,220,411,0.671876,0.847329,1.4604e+00
dev-long-03,549,21,9.040231e-03,21,21,0.013941,0.035516,7.0327e-01
dev-long-03,550,25,5.687992e-03,11,11,1.250492,1.205206,6.2237e-01
dev-long-03,551,18,7.718490e-04,16,16,1.391245,1.334569,6.7381e-01
dev-long-03,552,15,2.048550e-06,15,15,0.000256,0.000246,7.6814e-01
dev-long-03,553,411,4.146387e-04,310,310,5.263680,5.316433,6.9984e-01
dev-long-03,554,11129,1.401959e-04,11129,11129,0.014297,0.012523,5.8733e-01
dev-long-03,555,506,7.122298e-03,506,506,0.010943,0.028088,9.6849e-01
dev-long-03,556,220,3.808631e-03,220,220,0.041816,0.051897,7.7433e-01
dev-long-03,557,17,3.195614e-06,17,17,0.000056,0.000076,5.7274e-01
dev-long-03,558,17,4.948356e-07,17,17,0.000006,0.000009,7.0990e-01
dev-long-03,559,16,2.482320e-04,16,16,0.000636,0.001341,5.4556e-01
dev-long-03,560,33,2.535745e-03,33,33,0.053854,0.071995,3.6346e-01
dev-long-03,561,11,1.167440e-04,11,11,0.012658,0.011069,3.2346e-01
dev-long-03,562,27466,4.818131e-05,27466,27466,0.002698,0.003238,4.2728e-01
dev-long-03,563,198,1.203369e-04,198,198,0.006212,0.007512,3.5482e-01
dev-long-03,564,33402,1.503542e-06,33402,33402,0.001280,0.001328,3.3787e-01
dev-long-03,565,13894,7.834680e-05,13894,13894,0.028817,0.028720,7.2893e-01
dev-long-03,566,2844,2.121123e-02,2532,2532,3.448113,3.367239,7.9953e-01
dev-long-03,567,369,3.481422e-04,369,369,0.008065,0.006270,8.8720e-01
dev-long-03,568,2708,2.593030e-02,279,279,1.732946,1.521361,9.8858e-01
dev-long-03,569,321,2.803501e-03,321,321,0.019613,0.011379,8.0763e-01
dev-long-03,570,61446,6.793936e-03,61446,61446,0.163091,0.142016,7.7323e-01
dev-long-03,571,1920,6.315115e-04,1920,1920,0.123616,0.118970,1.1688e+00
dev-long-03,572,271,3.452994e-06,271,271,0.000356,0.000337,7.8556e-01
dev-long-03,573,2005,3.879190e-03,2005,2005,0.429879,0.376477,7.3913e-01
dev-long-03,574,24936,8.198653e-03,9651,9651,2.862342,2.764894,7.6116e-01
dev-long-03,575,13,9.093560e-03,1920,1920,1.362315,1.267958,6.6362e-01
dev-long-03,576,1921,1.241868e-03,1921,1921,0.038748,0.044678,7.8840e-01
dev-long-03,577,668,1.158624e-02,668,668,0.953829,0.914111,9.1440e-01
dev-long-03,578,551,3.082808e-03,551,551,0.113151,0.089814,7.4320e-01
dev-long-03,579,1436,2.852663e-02,2445,2445,2.657982,2.214094,1.0658e+00
dev-long-03,580,424,5.618036e-03,424,424,0.066429,0.098176,6.2514e-01
dev-long-03,581,12035,4.698608e-05,12035,12035,0.006090,0.006712,5.8361e-01
dev-long-03,582,271,2.807195e-06,271,271,0.000379,0.000343,8.7334e-01
dev-long-03,583,84797,1.427770e-03,2005,2005,3.021555,3.122495,7.4078e-01
dev-long-03,584,11,2.413564e-05,11,11,0.001619,0.001728,8.4435e-01
dev-long-03,585,551,4.633421e-03,424,424,0.975769,1.027743,8.5876e-01
dev-long-03,586,369,2.334222e-02,1902,1902,1.857411,1.753342,1.3971e+00
dev-long-03,587,2617,1.954841e-02,883,883,3.786182,3.475302,1.1219e+00
dev-long-03,588,310,7.669786e-05,310,310,0.000554,0.000347,1.5430e+00
dev-long-03,589,2426,7.795714e-02,381,1301,5.345237,5.444539,1.0304e+00
dev-long-03,590,449,6.928011e-03,449,449,0.107253,0.079696,1.0629e+00
dev-long-03,591,7662,9.817374e-05,7662,7662,0.008745,0.007689,6.0439e-01
dev-long-03,592,383,6.346497e-05,383,383,0.011614,0.012582,7.9529e-01
dev-long-03,593,279,3.814478e-04,279,279,0.040940,0.045171,8.1130e-01
dev-long-03,594,15228,2.489767e-03,15228,15228,0.035121,0.047582,8.4542e-01
dev-long-03,595,11,3.073278e-03,11,11,0.709693,0.656567,1.0618e+00
dev-long-03,596,2394,1.000707e-02,364,364,1.971285,1.894367,1.0206e+00
dev-long-03,597,11,5.874630e-03,551,551,0.929959,0.980181,1.1243e+00
dev-long-03,598,310,8.890210e-04,413,413,5.231643,5.087207,7.0908e-01
dev-long-03,599,264,1.186682e-02,660,660,1.333538,1.454491,8.8740e-01
dev-long-03,600,7604,3.462915e-03,855,855,1.181116,1.220338,7.7155e-01
dev-long-03,601,855,6.414178e-04,855,855,0.037352,0.041096,8.2453e-01
dev-long-03,602,11,2.787730e-04,11,11,0.008946,0.007291,9.7246e-01
dev-long-03,603,198,1.849405e-03,198,198,0.028283,0.025693,1.2655e+00
dev-long-03,604,1719,3.713079e-03,1719,1719,0.149443,0.132384,1.1151e+00
dev-long-03,605,4557,4.201433e-03,4557,4557,0.755508,0.712528,9.9912e-01
dev-long-03,606,557,5.113151e-04,314,314,1.517296,1.567511,1.0193e+00
dev-long-03,607,264,1.680503e-03,264,264,0.036415,0.028385,9.5780e-01
dev-long-03,608,8545,3.034033e-03,8545,8545,0.473723,0.468524,8.1015e-01
dev-long-03,609,799,2.621159e-04,799,799,0.010702,0.010311,6.7904e-01
dev-long-03,610,13,2.832115e-03,13,13,0.375118,0.406437,9.5389e-01
dev-long-03,611,1216,9.088786e-03,1049,1049,1.279438,1.123312,9.1156e-01
dev-long-03,612,557,1.218322e-02,668,668,2.937562,3.146663,1.1328e+00
dev-long-03,613,9077,4.547642e-02,63840,524,2.903427,3.201674,1.2913e+00
dev-long-03,614,748,2.738182e-02,264,264,5.032028,4.820425,7.7756e-01
dev-long-03,615,25281,2.373348e-02,592,592,6.024181,6.372433,7.5718e-01
dev-long-03,616,539,7.832019e-05,539,539,0.007589,0.008430,7.9727e-01
dev-long-03,617,780,1.733373e-03,780,780,0.060223,0.047320,6.6401e-01
dev-long-03,618,5605,9.183921e-03,14590,635,1.938532,1.823743,5.9842e-01
dev-long-03,619,329,2.300507e-02,2887,2887,3.814564,4.270389,5.4728e-01
dev-long-03,620,663,9.384182e-04,663,663,0.019564,0.014094,4.0294e-01
dev-long-03,621,303,5.956100e-03,303,303,0.527955,0.569244,9.0623e-01
dev-long-03,622,198,2.262362e-06,198,198,0.000238,0.000209,6.2546e-01
dev-long-03,623,35444,5.594681e-03,1719,1719,2.540508,2.212323,7.5444e-01
dev-long-03,624,279,7.513712e-06,279,279,0.000188,0.000182,8.5566e-01
dev-long-03,625,3136,3.272552e-03,3136,3136,0.155299,0.190720,6.0802e-01
dev-long-03,626,321,1.994779e-04,11,11,1.092922,1.116988,6.9001e-01
dev-long-03,627,539,8.663015e-03,539,539,0.411733,0.472351,9.8538e-01
dev-long-03,628,279,4.180620e-04,279,279,0.071567,0.068337,8.6819e-01
dev-long-03,629,5313,3.136472e-02,10771,10771,3.183046,3.015217,8.6110e-01
dev-long-03,630,314,3.713011e-07,314,314,0.000043,0.000040,5.2937e-01
dev-long-03,631,38470,2.285368e-04,38470,38470,0.642314,0.653047,6.5979e-01
dev-long-03,632,421,2.060999e-03,421,421,0.099942,0.121942,8.4028e-01
dev-long-03,633,551,2.298661e-04,551,551,0.005281,0.004968,8.9380e-01
dev-long-03,634,3272,3.267502e-03,3272,3272,0.170059,0.173725,7.9603e-01
dev-long-03,635,314,4.478161e-03,314,314,0.250404,0.301456,6.8008e-01
dev-long-03,636,198,1.979687e-07,198,198,0.000023,0.000020,6.5964e-01
dev-long-03,637,39850,4.224180e-04,39850,39850,0.012518,0.010119,7.4658e-01
dev-long-03,638,694,3.287811e-03,694,694,0.051840,0.068675,1.3238e+00
dev-long-03,639,10650,1.555946e-02,780,780,1.027897,0.967387,1.0247e+00
dev-long-03,640,11,1.359930e-03,11,11,0.128167,0.124905,8.0063e-01
dev-long-03,641,694,1.992585e-04,321,321,8.115978,8.133571,7.9055e-01
dev-long-03,642,2394,5.004170e-03,279,279,3.920370,3.710455,9.0397e-01
dev-long-03,643,1179,6.890828e-02,1179,1179,0.256170,0.497435,1.4084e+00
dev-long-03,644,551,1.206376e-03,551,551,0.016874,0.023553,7.8986e-01
dev-long-03,645,1902,4.200263e-04,1902,1902,0.038705,0.042441,7.8578e-01
dev-long-03,646,599,2.628860e-02,599,599,0.216246,0.163339,9.6260e-01
dev-long-03,647,95426,1.141110e-02,95426,95426,1.118890,1.118971,7.3839e-01
dev-long-03,648,21542,9.343076e-03,1996,1996,2.688021,2.317919,4.3929e-01
dev-long-03,649,6359,1.043116e-07,6359,6359,0.000002,0.000001,7.1605e-01
dev-long-03,650,279,6.430518e-05,279,279,0.002766,0.002218,7.3902e-01
dev-long-03,651,198,4.437555e-06,198,198,0.000088,0.000113,8.2635e-01
dev-long-03,652,6455,1.184028e-02,798,798,3.071737,3.321061,7.6339e-01
dev-long-03,653,16709,4.728199e-03,16709,16709,0.711067,0.679778,5.1998e-01
dev-long-03,654,864,7.104930e-04,864,864,0.035097,0.039608,9.3327e-01
dev-long-03,655,8613,9.982126e-02,11354,11354,3.745013,3.923854,1.0747e+00
dev-long-03,656,1384,2.651875e-05,1384,1384,0.000865,0.001024,7.9159e-01
dev-long-03,657,310,9.622713e-06,310,310,0.000846,0.000750,6.3782e-01
dev-long-03,658,5758,5.166592e-03,5758,5106,0.722017,0.796416,7.5323e-01
dev-long-03,659,780,8.492093e-04,780,780,0.194205,0.204987,6.4114e-01
dev-long-03,660,11619,1.934490e-03,21209,21209,5.380280,5.788515,7.2663e-01
dev-long-03,661,13,5.326633e-03,13,13,0.192960,0.150139,1.0040e+00
dev-long-03,662,4844,2.150189e-02,7183,7183,1.905883,1.879654,8.6110e-01
dev-long-03,663,11,4.513350e-03,11,11,0.121479,0.146683,1.4712e+00
dev-long-03,664,1495,2.808335e-03,1495,1495,0.405813,0.357520,1.2998e+00
dev-long-03,665,11,7.700003e-06,11,11,0.000262,0.000315,1.1190e+00
dev-long-03,666,279,2.256313e-03,279,279,0.369791,0.378382,1.0743e+00
dev-long-03,667,198,6.002271e-03,13893,13893,5.484320,5.588144,7.6514e-01
dev-long-03,668,390,6.461875e-03,41868,41868,7.947717,7.913410,6.9360e-01
dev-long-03,669,16250,1.404207e-03,16250,16250,0.517112,0.550618,4.5787e-01
dev-long-03,670,314,5.577331e-06,314,314,0.000086,0.000060,5.2770e-01
dev-long-03,671,780,1.844644e-05,780,780,0.000601,0.000477,7.6205e-01
dev-long-03,672,803,1.381895e-04,803,803,0.431636,0.441254,6.9004e-01
dev-long-03,673,668,2.234093e-02,668,668,0.261601,0.179912,1.3326e+00
dev-long-03,674,5073,1.482739e-02,524,524,2.574401,2.673067,1.1763e+00
dev-long-03,675,1384,2.828568e-04,1384,1384,0.002658,0.002773,1.3040e+00
dev-long-03,676,310,8.082174e-04,310,310,0.013151,0.011163,9.4999e-01
dev-long-03,677,1436,2.975637e-02,2445,2445,3.880246,4.026549,9.2980e-01
dev-long-03,678,424,3.842787e-04,424,424,0.003718,0.005378,7.8058e-01
dev-long-03,679,11,3.124527e-02,506,506,1.586462,1.418216,8.3669e-01
dev-long-03,680,364,1.271825e-03,364,364,0.313112,0.305902,6.6516e-01
dev-long-03,681,4858,2.452931e-02,11,11,5.174511,4.988832,9.2084e-01
dev-long-03,682,852,6.408616e-03,668,668,1.181921,1.283689,9.4975e-01
dev-long-03,683,198,1.163310e-05,198,198,0.001140,0.001229,1.2726e+00
dev-long-03,684,30979,8.455597e-03,30979,30979,0.079222,0.060135,1.6197e+00
dev-long-03,685,82,3.913620e-06,82,82,0.000255,0.000215,5.6336e-01
dev-long-03,686,1384,2.154786e-03,1384,1384,0.067953,0.058551,7.5056e-01
dev-long-03,687,668,1.049237e-03,668,668,0.015637,0.020517,1.0611e+00
dev-long-03,688,2050,1.132159e-02,10179,10179,3.306305,2.834684,9.5946e-01
dev-long-03,689,780,2.229528e-03,1384,1384,0.983271,0.971249,8.6851e-01
dev-long-03,690,6326,9.106476e-04,6326,6326,0.020174,0.018722,7.3647e-01
dev-long-03,691,310,1.292217e-06,310,310,0.000086,0.000079,1.7278e+00
dev-long-03,692,424,1.335364e-03,424,424,0.090878,0.105243,1.0747e+00
dev-long-03,693,13,5.838344e-03,1920,1920,0.876293,0.755376,1.1767e+00
dev-long-03,694,5514,9.034885e-03,5514,5514,0.310032,0.257205,1.0659e+00
dev-long-03,695,488,3.886444e-02,369,369,2.325293,2.655187,9.4829e-01
dev-long-03,696,513,1.438525e-04,513,513,0.005294,0.004192,7.0562e-01
dev-long-03,697,11,7.564304e-03,11,11,0.309682,0.265292,1.4088e+00
dev-long-03,698,38470,1.014886e-03,38470,38470,0.031906,0.029193,7.0657e-01
dev-long-03,699,11,1.713548e-03,11,11,0.126773,0.120690,8.0823e-01
dev-long-03,700,1542,7.158449e-03,1542,1542,0.356904,0.317477,8.3636e-01
dev-long-03,701,198,6.899546e-06,198,198,0.004262,0.004112,7.0734e-01
dev-long-03,702,2829,1.880195e-04,2829,2829,0.002078,0.001460,5.9155e-01
dev-long-03,703,310,1.299095e-03,310,310,0.016928,0.012198,8.2051e-01
dev-long-03,704,279,5.618988e-04,279,279,0.006342,0.006849,1.1076e+00
dev-long-03,705,12507,1.469215e-02,17933,17933,1.970984,1.928229,7.0340e-01
dev-long-03,706,8815,9.721710e-05,8815,8815,0.009042,0.010050,6.3661e-01
dev-long-03,707,321,1.766277e-03,321,321,0.177687,0.162196,6.9653e-01
dev-long-03,708,599,2.179597e-03,599,599,0.323369,0.297919,1.1232e+00
dev-long-03,709,411,1.904003e-03,411,411,0.067152,0.056631,7.5118e-01
dev-long-03,710,2113,2.198107e-02,2113,2113,0.315325,0.218997,7.1496e-01
dev-long-03,711,303,2.742180e-03,303,303,0.013207,0.006407,6.1845e-01
dev-long-03,712,279,8.704985e-04,279,279,0.035094,0.031391,7.2554e-01
dev-long-03,713,11129,1.624929e-03,11129,11129,0.054254,0.045901,7.0520e-01
dev-long-03,714,198,3.902810e-03,198,198,0.036757,0.022437,7.5667e-01
dev-long-03,715,45717,1.123926e-03,45717,45717,0.081707,0.094526,5.7395e-01
dev-long-03,716,1920,1.225759e-03,1920,1920,0.118805,0.134697,8.5923e-01
dev-long-03,717,271,5.156929e-04,271,271,0.060732,0.065204,7.7112e-01
dev-long-03,718,43627,7.816816e-03,623,623,1.490544,1.523540,6.7730e-01
dev-long-03,719,864,2.723001e-02,4139,4139,3.894110,3.850226,6.7711e-01
dev-long-03,720,11,3.784589e-02,11,11,0.349963,0.522151,1.1381e+00
dev-long-03,721,26180,6.375452e-03,26180,26180,0.455094,0.384157,7.8744e-01
dev-long-03,722,12035,3.677179e-04,12035,12035,0.024670,0.029059,7.8495e-01
dev-long-03,723,271,4.350978e-05,271,271,0.003124,0.003589,5.5781e-01
dev-long-03,724,83891,3.407436e-02,2005,2005,4.372039,4.605084,7.2024e-01
dev-long-03,725,11,6.362730e-06,11,11,0.000623,0.000637,7.0178e-01
dev-long-03,726,303,1.488413e-03,303,303,0.025871,0.029668,8.9246e-01
dev-long-03,727,279,1.217058e-02,279,279,0.469652,0.597123,8.7349e-01
dev-long-03,728,696,2.078498e-04,696,696,0.007268,0.008755,8.0721e-01
dev-long-03,729,38,7.956282e-03,38,38,0.357926,0.414851,4.6129e-01
dev-long-03,730,60872,7.303987e-04,60872,60872,0.367565,0.388800,3.2627e-01
dev-long-03,731,6663,1.932755e-03,6663,6663,0.100469,0.121743,4.9491e-01
dev-long-03,732,696,2.895906e-04,279,279,1.400687,1.365629,6.7152e-01
dev-long-03,733,12335,1.141180e-02,608,608,2.541377,2.446921,8.7245e-01
dev-long-03,734,6663,1.678652e-06,6663,6663,0.007177,0.007208,5.0338e-01
dev-long-03,735,696,1.459699e-02,696,696,0.421563,0.547481,5.2339e-01
dev-long-03,736,47,6.389826e-03,47,47,1.893906,1.994145,4.7924e-01
dev-long-03,737,528,5.670779e-04,528,528,0.027236,0.022474,3.3913e-01
dev-long-03,738,30366,2.804408e-05,30366,30366,0.001933,0.002037,4.2867e-01
dev-long-03,739,6663,2.706946e-03,6663,6663,0.179312,0.186291,6.4686e-01
dev-long-03,740,696,5.695012e-03,696,696,0.701203,0.767825,6.4695e-01
dev-long-03,741,608,3.045371e-02,608,608,0.611007,0.844753,6.5604e-01
dev-long-03,742,13,3.631186e-05,13,13,0.014068,0.014869,3.8838e-01
dev-long-03,743,7555,2.674571e-06,7555,7555,0.001114,0.001175,3.2199e-01
dev-long-03,744,725,2.963549e-03,725,725,0.293490,0.331335,5.7485e-01
dev-long-03,745,72043,8.799290e-04,72043,6663,0.737531,0.759148,5.1199e-01
dev-long-03,746,6663,1.771401e-04,6663,6663,0.035884,0.039540,6.1835e-01
dev-long-03,747,198,3.853869e-03,321,321,2.046051,2.052845,5.7914e-01
dev-long-03,748,2021,5.936946e-03,1102,1102,1.869716,1.917326,4.8567e-01
dev-long-03,749,1002,1.722556e-03,1002,1002,0.161146,0.185627,3.4088e-01
dev-long-03,750,286,1.497605e-06,286,286,0.000399,0.000378,4.6093e-01
dev-long-03,751,5230,2.729109e-05,5230,5230,0.002786,0.002867,4.2024e-01
dev-long-03,752,6663,7.595655e-05,6663,6663,0.032029,0.034269,4.9625e-01
dev-long-03,753,696,2.148325e-04,321,321,0.768965,0.767705,6.0458e-01
dev-long-03,754,19178,2.110622e-03,19178,19178,0.296238,0.280078,4.0938e-01
dev-long-03,755,6663,1.454584e-03,6663,6663,0.423085,0.386072,4.7666e-01
dev-long-03,756,696,1.460003e-03,321,321,0.868458,0.829129,6.1497e-01
dev-long-03,757,72442,5.045194e-03,72442,72442,0.852336,0.869513,4.6605e-01
dev-long-03,758,6663,2.961409e-03,6663,6663,0.077115,0.057464,5.0812e-01
dev-long-03,759,321,3.605227e-03,696,696,1.238711,1.366558,7.4516e-01
dev-long-03,760,866,1.714070e-03,696,696,2.272540,2.414481,6.4963e-01
dev-long-03,761,3672,1.144453e-02,3672,3672,0.512194,0.404098,9.7593e-01
dev-long-03,762,421,3.455595e-03,421,421,0.193242,0.210134,1.1320e+00
dev-long-03,763,11822,1.329742e-03,668,668,1.024181,1.012591,1.0935e+00
dev-long-03,764,310,5.980854e-05,310,310,0.001213,0.000940,1.0797e+00
dev-long-03,765,488,9.477243e-05,488,488,0.004871,0.004008,1.2420e+00
dev-long-03,766,1920,7.885852e-04,1920,1920,0.243737,0.231940,1.8193e+00
dev-long-03,767,271,5.366379e-06,271,271,0.001597,0.001698,6.5517e-01
dev-long-03,768,2005,6.075765e-03,2005,2005,0.780364,0.810696,7.3639e-01
dev-long-03,769,24936,9.129137e-03,24936,24936,0.637099,0.560089,8.6256e-01
dev-long-03,770,1575,4.762856e-04,1575,1575,0.016146,0.012889,9.1037e-01
dev-long-03,771,11,1.046211e-01,11,13,0.597789,1.107188,9.3067e-01
dev-long-03,772,26180,1.750000e-03,26180,26180,0.036543,0.047733,9.5415e-01
dev-long-03,773,13,5.202383e-04,13,13,0.117185,0.121122,8.3993e-01
dev-long-03,774,1541,2.201623e-03,1541,1541,0.331620,0.354678,9.5789e-01
dev-long-03,775,411,5.947932e-02,488,488,2.503481,1.979924,7.9990e-01
dev-long-03,776,9506,4.492305e-03,9506,9506,0.547879,0.505924,9.0607e-01
dev-long-03,777,12035,8.352467e-03,12035,12035,0.483722,0.438675,1.0052e+00
dev-long-03,778,271,1.265264e-03,271,271,0.019434,0.015967,7.1343e-01
dev-long-03,779,2005,1.662787e-03,2005,2005,0.510909,0.497617,6.4625e-01
dev-long-03,780,23982,1.540437e-02,23982,23982,1.529726,1.419770,6.4018e-01
dev-long-03,781,11,1.592362e-03,11,11,0.063733,0.079178,7.6493e-01
dev-long-03,782,9542,7.891743e-03,9542,9542,0.534267,0.549613,9.2039e-01
dev-long-03,783,11,2.547025e-03,11,11,0.133938,0.160116,9.7199e-01
dev-long-03,784,353,1.248382e-02,353,353,0.956959,0.976819,9.0397e-01
dev-long-03,785,4723,9.023405e-03,1683,1683,2.457640,2.731817,7.6904e-01
dev-long-03,786,2426,1.267840e-02,2426,2426,0.706700,0.662605,8.5013e-01
dev-long-03,787,279,6.728666e-03,678,678,4.194219,3.636010,1.2376e+00
dev-long-03,788,9506,2.849044e-03,9506,9506,0.035304,0.023707,8.2913e-01
dev-long-03,789,13,4.827873e-02,13,13,1.029304,0.710216,8.6968e-01
dev-long-03,790,9442,6.486819e-03,1049,1049,3.308869,3.484835,8.9893e-01
dev-long-03,791,488,1.633430e-05,488,488,0.000270,0.000238,9.2320e-01
dev-long-03,792,13,9.209288e-03,13,13,0.556952,0.646096,9.5694e-01
dev-long-03,793,1541,8.103515e-03,1541,1541,0.460017,0.530766,8.9168e-01
dev-long-03,794,11,6.011246e-02,1345,1345,1.551379,1.894385,9.2944e-01
dev-long-03,795,353,6.502138e-03,38470,38470,5.091428,5.076777,6.3651e-01
dev-long-03,796,1910,2.360677e-04,1910,1910,0.046064,0.047787,5.7717e-01
dev-long-03,797,11,1.444486e-05,11,11,0.000816,0.000970,4.7912e-01
dev-long-03,798,38470,3.527174e-03,38470,38470,0.081407,0.102383,6.7647e-01
dev-long-03,799,11,1.391582e-03,11,11,0.082962,0.098449,7.1633e-01
dev-long-03,800,1066,1.642236e-02,488,488,7.031533,7.060910,9.3036e-01
dev-long-03,801,198,1.054647e-04,198,198,0.049307,0.048565,7.4896e-01
dev-long-03,802,19180,4.400935e-03,19180,19180,0.389519,0.357676,7.5558e-01
dev-long-03,803,264,7.655689e-03,264,264,0.191331,0.236424,1.1299e+00
dev-long-03,804,60042,1.794628e-02,5392,5392,5.338229,5.054529,7.1609e-01
dev-long-03,805,383,2.998630e-02,440,440,2.011366,2.305373,1.1397e+00
dev-long-03,806,678,9.952186e-05,678,678,0.029472,0.031102,6.9978e-01
dev-long-03,807,1560,1.312862e-05,1560,1560,0.000624,0.000724,6.7817e-01
dev-long-03,808,1142,1.467260e-03,1142,1142,0.055500,0.065492,6.2853e-01
dev-long-03,809,321,5.900711e-04,321,321,0.094014,0.092082,1.0551e+00
dev-long-03,810,5106,1.626672e-02,5106,5106,0.294255,0.404100,8.4490e-01
dev-long-03,811,424,3.502524e-03,424,424,0.067522,0.075753,8.3662e-01
dev-long-03,812,1532,4.302269e-04,440,440,1.126437,1.139489,9.7473e-01
dev-long-03,813,440,4.210882e-03,440,440,0.041276,0.051612,1.0002e+00
dev-long-03,814,728,1.169957e-01,728,728,1.087959,0.987119,1.1642e+00
dev-long-03,815,11,8.946778e-03,13,13,1.613479,1.866729,9.9399e-01
dev-long-03,816,364,4.338509e-03,364,364,0.379710,0.418455,8.2972e-01
dev-long-03,817,567,3.610008e-02,11,3384,2.088318,2.262388,8.5619e-01
dev-long-03,818,1902,1.408436e-02,1902,1902,0.609261,0.574161,1.0484e+00
dev-long-03,819,198,3.259663e-03,198,198,0.202105,0.218616,8.8874e-01
dev-long-03,820,18443,4.893489e-02,18443,18443,1.412233,1.427308,9.2614e-01
dev-long-03,821,799,2.284643e-03,264,264,2.184249,2.002407,8.1283e-01
dev-long-03,822,310,3.909017e-03,310,310,0.112752,0.097340,8.8993e-01
dev-long-03,823,2873,7.144326e-03,2873,2873,0.159410,0.129736,1.0928e+00
dev-long-03,824,310,3.307781e-03,1004,1004,1.233833,1.170566,1.1955e+00
dev-long-03,825,411,2.502058e-03,1004,1004,3.405880,3.073477,7.8566e-01
dev-long-03,826,43623,8.276476e-03,43623,43623,0.319969,0.315903,9.7559e-01
dev-long-03,827,303,2.526909e-03,948,948,1.973190,2.035069,8.4344e-01
dev-long-03,828,1925,1.162914e-02,1925,1925,0.476852,0.580075,7.5959e-01
dev-long-03,829,314,6.156287e-05,314,314,0.001268,0.000923,6.5669e-01
dev-long-03,830,279,5.758967e-04,279,279,0.388446,0.411879,7.4447e-01
dev-long-03,831,799,1.334373e-04,799,799,0.016947,0.017052,6.9578e-01
dev-long-03,832,864,2.291168e-03,864,864,0.833334,0.870723,8.4419e-01
dev-long-03,833,678,3.069957e-02,678,678,0.268611,0.266955,1.0814e+00
dev-long-03,834,198,5.538133e-04,198,198,0.129303,0.129975,8.4213e-01
dev-long-03,835,18411,3.383820e-02,46151,46151,2.535756,1.860101,7.5727e-01
dev-long-03,836,369,1.879947e-02,369,369,0.381580,0.289112,7.4115e-01
dev-long-03,837,1381,1.422667e-02,310,310,2.040434,2.227528,7.8682e-01
dev-long-03,838,84182,1.419366e-02,20756,20756,2.697741,2.948064,6.4241e-01
dev-long-03,839,286,7.912536e-08,286,286,0.000009,0.000008,5.8899e-01
dev-long-03,840,1920,9.930349e-04,1920,1920,0.135999,0.153572,7.4069e-01
dev-long-03,841,271,1.025375e-04,271,271,0.006635,0.005929,8.0001e-01
dev-long-03,842,4350,5.998970e-03,2005,2005,1.570032,1.465445,7.3601e-01
dev-long-03,843,279,2.905973e-04,279,279,0.016167,0.017175,4.7302e-01
dev-long-03,844,11779,5.557247e-04,11779,11779,0.009962,0.011482,5.6577e-01
dev-long-03,845,11657,9.591545e-06,11657,11657,0.002373,0.002229,4.1375e-01
dev-long-03,846,995,1.283478e-05,995,995,0.002537,0.002318,5.4348e-01
dev-long-03,847,7795,6.169780e-04,7795,7795,0.239071,0.227723,5.5462e-01
dev-long-03,848,11,1.956097e-05,11,11,0.001701,0.001609,6.4472e-01
dev-long-03,849,38001,1.640536e-02,821,38001,0.878414,0.727293,5.6797e-01
dev-long-03,850,3738,8.118123e-03,21504,21504,4.981501,4.619633,6.0300e-01
dev-long-03,851,685,1.990494e-03,685,685,0.096302,0.080444,7.8116e-01
dev-long-03,852,279,3.201199e-03,279,279,0.215560,0.256487,8.8458e-01
dev-long-03,853,9506,3.470364e-03,9506,9506,0.555289,0.547391,9.8741e-01
dev-long-03,854,321,1.728569e-04,321,321,0.027366,0.025309,7.8383e-01
dev-long-03,855,5467,3.976807e-03,5467,5467,0.426581,0.372152,7.3933e-01
dev-long-03,856,424,2.391249e-04,424,424,0.018293,0.015561,6.1774e-01
dev-long-03,857,198,1.285138e-06,198,198,0.000058,0.000064,7.7725e-01
dev-long-03,858,66425,1.521375e-02,446,446,3.387995,3.097423,6.0456e-01
dev-long-03,859,279,4.397336e-04,279,279,0.007162,0.009661,7.0044e-01
dev-long-03,860,3000,1.015872e-03,3000,3000,0.010123,0.014704,6.9164e-01
dev-long-03,861,13,1.399581e-03,13,13,0.078819,0.084024,1.0494e+00
dev-long-03,862,1001,3.673609e-04,1001,1001,0.015962,0.013491,1.0200e+00
dev-long-03,863,2064,6.403626e-03,2064,2064,0.603313,0.629418,7.8008e-01
dev-long-03,864,725,4.197504e-03,369,369,1.246231,1.108494,8.1096e-01
dev-long-03,865,264,1.428518e-02,804,804,1.146219,1.150536,7.7057e-01
dev-long-03,866,7567,3.181504e-03,6037,6037,3.355612,3.395738,5.9989e-01
dev-long-03,867,3706,6.150283e-03,3706,3706,0.555842,0.484435,5.7703e-01
dev-long-03,868,3065,6.690284e-04,3065,3065,0.042847,0.040737,6.9445e-01
dev-long-03,869,2340,1.517961e-03,2340,2340,0.084484,0.071498,9.9935e-01
dev-long-03,870,1018,5.467930e-05,1018,1018,0.011151,0.011440,7.8386e-01
dev-long-03,871,551,2.327518e-07,551,551,0.000025,0.000026,5.8665e-01
dev-long-03,872,13,5.615379e-04,13,13,0.096932,0.087082,5.9061e-01
dev-long-03,873,1001,1.327203e-04,1001,1001,0.017129,0.019168,7.7193e-01
dev-long-03,874,9658,8.079406e-02,24936,40,4.903837,4.522306,1.0590e+00
dev-long-03,875,1436,1.868104e-02,1353,1353,1.148916,1.127498,8.4912e-01
dev-long-03,876,1204,3.909712e-04,1204,1204,0.007926,0.010380,6.9353e-01
dev-long-03,877,424,1.484066e-03,424,424,0.013782,0.008812,8.6057e-01
dev-long-03,878,198,1.117145e-05,198,198,0.004115,0.003966,7.1298e-01
dev-long-03,879,5882,4.919408e-03,51976,51976,2.674397,2.517514,5.1585e-01
dev-long-03,880,20397,3.355667e-03,27155,27155,2.834667,2.877771,3.4945e-01
dev-long-03,881,321,4.634731e-03,321,321,0.115124,0.148457,6.6842e-01
dev-long-03,882,14744,1.176187e-02,14744,14744,0.259706,0.198511,6.1732e-01
dev-long-03,883,624,1.067604e-07,624,624,0.000020,0.000019,5.8981e-01
dev-long-03,884,13,1.761350e-03,13,13,0.196700,0.223279,7.6630e-01
dev-long-03,885,4781,7.813066e-03,4781,4781,0.121493,0.090875,1.0420e+00
dev-long-03,886,3199,2.351205e-03,660,660,4.747971,5.476515,7.9223e-01
dev-long-03,887,424,2.349040e-02,424,424,0.917469,0.825125,1.0160e+00
dev-long-03,888,369,5.098995e-04,369,369,0.037238,0.039663,1.0358e+00
dev-long-03,889,264,2.833568e-02,264,264,0.491119,0.394552,1.0297e+00
dev-long-03,890,59433,2.641894e-02,25556,25556,4.166060,4.310744,8.3169e-01
dev-long-03,891,321,3.275582e-04,321,321,0.032478,0.029646,1.3770e+00
dev-long-03,892,5077,3.464362e-04,5077,5077,0.113460,0.110760,1.1795e+00
dev-long-03,893,314,1.438101e-02,314,314,0.050352,0.022057,1.3835e+00
dev-long-03,894,9486,1.919886e-02,9486,9486,0.936533,0.869670,1.1012e+00
dev-long-03,895,13,1.156563e-03,13,13,0.025582,0.020013,1.1361e+00
dev-long-03,896,198,6.162498e-02,198,198,0.707060,0.421059,1.1876e+00
dev-long-03,897,11179,4.319235e-02,2523,2523,1.884941,1.513346,1.1381e+00
dev-long-03,898,1603,9.970703e-03,8220,8220,3.471478,3.475116,7.8686e-01
dev-long-03,899,9506,2.030855e-03,3065,3065,4.983891,4.857100,7.5484e-01
dev-long-03,900,369,1.316798e-04,369,369,0.002216,0.001661,9.5134e-01
dev-long-03,901,13,3.655917e-03,13,13,0.047951,0.034879,7.2491e-01
dev-long-03,902,2302,2.291735e-02,6983,6983,1.541653,1.471300,8.7775e-01
dev-long-03,903,513,2.533698e-03,513,513,0.146259,0.129659,8.1564e-01
dev-long-03,904,279,1.403306e-02,279,279,0.758956,0.677709,9.4504e-01
dev-long-03,905,36390,1.897919e-02,22417,22417,2.362423,2.367003,8.4692e-01
dev-long-03,906,725,6.408028e-04,725,725,0.062989,0.054408,8.9673e-01
dev-long-03,907,6541,3.668120e-02,1765,1765,2.753561,2.808205,7.8989e-01
dev-long-03,908,12422,9.826837e-04,12422,12422,0.012214,0.016796,7.2240e-01
dev-long-03,909,1159,6.144837e-04,1159,1159,0.006973,0.009914,4.9709e-01
dev-long-03,910,13,9.904020e-05,13,13,0.011429,0.011705,8.8520e-01
dev-long-03,911,733,1.404005e-02,2532,2532,1.227417,1.089120,1.4643e+00
dev-long-03,912,279,1.497760e-02,279,279,0.756164,0.745560,7.8818e-01
dev-long-03,913,7875,2.531169e-02,1118,1118,2.323270,2.241193,7.8356e-01
dev-long-03,914,321,2.752513e-03,1560,1560,3.432123,3.351104,9.3032e-01
dev-long-03,915,198,2.497787e-06,198,198,0.000153,0.000167,8.6505e-01
dev-long-03,916,1950,1.068621e-02,6183,6183,5.350384,4.953252,6.6687e-01
dev-long-03,917,82097,9.720875e-04,16170,16170,2.652414,2.750651,7.1073e-01
dev-long-03,918,1396,1.316101e-02,279,279,4.687080,4.069536,7.1470e-01
dev-long-03,919,43029,1.037261e-02,43029,43029,0.804028,0.819878,9.0171e-01
dev-long-03,920,1189,1.744748e-02,1189,1189,0.211001,0.144362,1.0512e+00
dev-long-03,921,2418,1.983581e-02,2418,2418,0.974461,0.807220,1.5113e+00
dev-long-03,922,364,3.487790e-05,364,364,0.002936,0.003061,8.4865e-01
dev-long-03,923,264,1.228315e-03,264,264,0.015587,0.011014,9.7700e-01
dev-long-03,924,34013,2.320261e-02,19781,3790,6.032355,5.966140,1.5006e+00
dev-long-03,925,53451,1.870106e-03,53451,53451,0.074676,0.062196,8.1395e-01
dev-long-03,926,13,8.319484e-03,13,13,0.080646,0.053855,1.0163e+00
dev-long-03,927,1061,1.286192e-03,1061,1061,0.087008,0.085786,9.9962e-01
dev-long-03,928,9506,1.386882e-02,2545,2545,2.621973,3.080401,7.8280e-01
dev-long-03,929,369,4.058364e-03,369,369,0.397411,0.346901,1.1005e+00
dev-long-03,930,524,2.516278e-02,198,198,1.941202,2.076328,1.4459e+00
dev-long-03,931,198,3.050077e-05,198,198,0.005267,0.005821,5.4521e-01
dev-long-03,932,44846,6.188352e-03,44846,44846,1.124424,1.087559,5.9950e-01
dev-long-03,933,16570,1.176954e-02,264,264,1.029365,1.190276,6.8574e-01
dev-long-03,934,1578,8.436348e-05,1578,1578,0.014085,0.014980,7.7408e-01
dev-long-03,935,2235,3.931169e-07,2235,2235,0.000061,0.000060,5.9070e-01
dev-long-03,936,13,2.012009e-02,13,13,0.157335,0.089626,1.0827e+00
dev-long-03,937,1049,9.157960e-02,1049,1049,0.222182,0.072038,1.1739e+00
dev-long-03,938,557,3.244472e-03,557,557,0.079469,0.063208,1.2067e+00
dev-long-03,939,1669,5.053977e-04,1669,1669,0.007370,0.009416,9.2171e-01
dev-long-03,940,303,5.058750e-04,303,303,0.029256,0.033952,9.3067e-01
dev-long-03,941,279,5.316077e-03,279,279,0.152484,0.127685,1.0829e+00
dev-long-03,942,13558,3.177464e-03,13558,13558,0.194417,0.183355,9.8143e-01
dev-long-03,943,314,5.396318e-08,314,314,0.000007,0.000007,7.4208e-01
dev-long-03,944,279,1.830331e-06,279,279,0.000139,0.000129,7.5977e-01
dev-long-03,945,3194,1.691501e-03,3194,3194,0.024347,0.032484,6.7917e-01
dev-long-03,946,2181,5.412899e-03,2181,2181,0.259429,0.314547,4.0153e-01
dev-long-03,947,10629,5.191805e-04,10629,10629,0.083517,0.091014,7.5021e-01
dev-long-03,948,303,6.203272e-04,303,303,0.049524,0.057641,8.2682e-01
dev-long-03,949,198,3.676621e-05,198,198,0.004438,0.004527,6.0618e-01
dev-long-03,950,189402,2.458992e-03,21591,21591,5.198697,5.480328,8.1036e-01
dev-long-03,951,6123,3.026561e-07,6123,6123,0.000352,0.000343,4.7162e-01
dev-long-03,952,5440,2.423057e-05,5440,5440,0.003480,0.003500,4.6399e-01
dev-long-03,953,321,7.110825e-04,11,11,4.191226,3.911537,8.5371e-01
dev-long-03,954,369,3.500437e-02,716,369,1.020735,0.758206,9.4685e-01
dev-long-03,955,22094,1.053801e-03,279,279,10.266211,9.809464,7.4163e-01
dev-long-03,956,303,2.318070e-02,303,303,0.717557,0.715641,1.0040e+00
dev-long-03,957,3322,1.500001e-02,3322,3322,0.309751,0.293120,1.1062e+00
dev-long-03,958,1396,1.070816e-02,874,874,2.025801,2.013748,1.0705e+00
dev-long-03,959,27649,8.698844e-03,3102,3102,2.112904,2.339905,7.8714e-01
dev-long-03,960,314,2.811680e-05,314,314,0.001628,0.001364,9.1373e-01
dev-long-03,961,279,3.275410e-03,279,279,0.051703,0.072362,6.4132e-01
dev-long-03,962,198,3.292317e-08,198,198,0.000002,0.000002,8.3821e-01
dev-long-03,963,240010,8.267986e-04,240010,240010,0.357483,0.375062,6.1224e-01
dev-long-03,964,1299,8.045364e-06,1299,1299,0.000172,0.000130,5.0320e-01
dev-long-03,965,273,1.571354e-04,273,273,0.003739,0.004902,8.9109e-01
dev-long-03,966,11,6.015678e-03,11,11,0.089260,0.111154,8.3659e-01
dev-long-03,967,3462,2.163235e-03,7643,7643,10.982807,10.337184,9.8209e-01
dev-long-03,968,421,5.021788e-03,421,421,0.061263,0.088473,8.3281e-01
dev-long-03,969,424,1.921474e-02,424,424,0.154389,0.241975,8.1675e-01
dev-long-03,970,369,9.062837e-06,369,369,0.000490,0.000442,6.6934e-01
dev-long-03,971,6105,1.046883e-02,6105,6105,0.310073,0.248819,7.7219e-01
dev-long-03,972,303,5.093866e-03,4370,4370,1.325296,1.500378,1.0939e+00
dev-long-03,973,26609,7.383452e-03,15754,15754,1.738489,1.540442,9.2651e-01
dev-long-03,974,4370,3.795638e-02,4370,4370,0.490656,0.303267,9.5141e-01
dev-long-03,975,314,8.760047e-08,314,314,0.000013,0.000012,8.0704e-01
dev-long-03,976,43699,1.488226e-03,1602,1602,5.772296,5.866506,6.9698e-01
dev-long-03,977,2438,2.210897e-04,2438,2438,0.019079,0.021936,7.6130e-01
dev-long-03,978,13,3.983897e-06,13,13,0.000329,0.000286,8.0291e-01
dev-long-03,979,733,2.252629e-02,733,733,0.462395,0.325145,8.7920e-01
dev-long-03,980,32565,1.179766e-02,32565,32565,0.244382,0.181647,9.2982e-01
dev-long-03,981,198,9.090128e-06,198,198,0.001914,0.002067,6.5291e-01
dev-long-03,982,1020,5.005735e-07,1020,1020,0.000024,0.000026,5.9558e-01
dev-long-03,983,1141,1.291907e-02,411,411,0.755269,0.927828,9.6362e-01
dev-long-03,984,12177,1.542190e-03,12177,12177,0.085863,0.081063,6.6621e-01
dev-long-03,985,11,3.624682e-04,424,424,0.918348,0.949168,8.3059e-01
dev-long-03,986,424,2.022933e-03,424,424,0.027839,0.022509,1.0687e+00
dev-long-03,987,682,1.181841e-03,682,682,0.059655,0.048704,8.6675e-01
dev-long-03,988,2582,2.389789e-04,2582,2582,0.007163,0.006508,1.0628e+00
dev-long-03,989,264,3.254887e-01,264,264,0.230661,0.896287,1.5695e+00
dev-long-03,990,60458,2.201235e-02,60458,34013,1.957186,1.936816,9.4136e-01
dev-long-03,991,3712,1.135489e-03,3712,3712,0.007170,0.011264,8.5610e-01
dev-long-03,992,13,8.758470e-06,13,13,0.001004,0.001105,7.2532e-01
dev-long-03,993,2532,7.189185e-04,2532,2532,0.025258,0.020409,9.9101e-01
dev-long-03,994,599,9.446003e-04,599,599,0.215656,0.215919,7.3842e-01
dev-long-03,995,978,2.930759e-02,978,978,0.637037,0.440305,9.6816e-01
dev-long-03,996,1330,1.264187e-03,1330,1330,0.499555,0.482047,8.2406e-01
dev-long-03,997,198,7.803494e-07,198,198,0.000102,0.000097,6.8647e-01
dev-long-03,998,62907,2.717770e-03,62907,62907,0.118867,0.140673,6.1126e-01
dev-long-03,999,11968,4.975009e-05,11968,11968,0.073998,0.071358,3.7468e-01
dev-long-03,1000,11,9.382517e-03,303,303,4.151281,4.635803,8.5508e-01
dev-long-03,1001,264,2.330753e-04,264,264,0.132699,0.135546,7.3228e-01
dev-long-03,1002,12775,1.338568e-02,21517,21517,4.466498,4.407567,6.3673e-01
dev-long-03,1003,452,9.870386e-06,452,452,0.003779,0.003938,4.2355e-01
dev-long-03,1004,335,3.205169e-03,335,335,0.090590,0.068600,7.8176e-01
dev-long-03,1005,12,2.625013e-04,12,12,0.070819,0.065010,4.8610e-01
dev-long-03,1006,6897,2.020023e-05,6897,6897,0.002988,0.003046,4.7051e-01
dev-long-03,1007,286,2.202454e-06,286,286,0.000102,0.000083,4.2080e-01
dev-long-03,1008,11,2.860500e-05,11,11,0.001685,0.001928,7.8649e-01
dev-long-03,1009,264,9.055694e-05,264,264,0.008728,0.010016,7.3800e-01
dev-long-03,1010,17604,1.468352e-02,63101,21517,5.339715,5.464855,8.0085e-01
dev-long-03,1011,11,4.488075e-05,11,11,0.007614,0.007563,7.0762e-01
dev-long-03,1012,321,5.542024e-04,321,321,0.090854,0.098610,6.4485e-01
dev-long-03,1013,3679,2.204225e-02,3679,3679,1.276833,1.040586,7.6546e-01
dev-long-03,1014,68166,8.403641e-03,68166,68166,1.119563,1.110653,6.9310e-01
dev-long-03,1015,536,8.586575e-09,536,536,0.000001,0.000001,4.4321e-01
dev-long-03,1016,6895,1.403591e-02,198,198,4.060704,3.966387,7.3792e-01
dev-long-03,1017,198,1.129833e-05,198,198,0.000622,0.000535,6.2291e-01
dev-long-03,1018,8823,4.049402e-07,8823,8823,0.000066,0.000064,4.7919e-01
dev-long-03,1019,364,4.867044e-04,539,539,1.954758,2.028434,1.0413e+00
dev-long-03,1020,279,7.288733e-05,279,279,0.012663,0.011383,7.0186e-01
dev-long-03,1021,23708,1.388671e-04,23708,23708,0.002542,0.001970,9.2131e-01
dev-long-03,1022,314,2.878630e-06,314,314,0.000223,0.000252,8.6164e-01
dev-long-03,1023,411,2.340834e-03,411,411,0.181434,0.167000,9.9066e-01
dev-corpus-00,1024,27097,9.547498e-05,314,314,10.633478,10.641698,1.1501e-01
dev-corpus-00,1025,6565,3.558459e-04,6565,6565,1.258599,1.280417,2.4825e-01
dev-corpus-00,1026,318,2.245903e-04,283,283,2.255041,2.240856,1.6876e-01
dev-corpus-00,1027,48759,5.156275e-04,16,16,15.663261,15.666568,1.8172e-01
dev-corpus-00,1028,1116,4.999948e-05,11,11,3.953652,3.953424,1.4616e-01
dev-corpus-00,1029,18217,1.347903e-04,18217,18217,0.818224,0.813395,1.6560e-01
dev-corpus-00,1030,847,4.188119e-05,847,847,0.229513,0.227066,1.1356e-01
dev-corpus-00,1031,283,5.764017e-05,283,283,0.251041,0.254697,1.6270e-01
dev-corpus-00,1032,30858,4.370365e-04,198,198,11.149439,11.127381,3.4380e-01
dev-corpus-00,1033,18097,5.041453e-04,410,410,4.863827,4.813428,2.5249e-01
dev-corpus-00,1034,27097,3.502487e-05,27097,27097,0.039916,0.041158,1.9526e-01
dev-corpus-00,1035,6565,1.593870e-05,6565,6565,0.009820,0.010288,2.3226e-01
dev-corpus-00,1036,318,1.741561e-04,318,318,0.968546,0.962649,1.6637e-01
dev-corpus-00,1037,35067,1.493180e-04,48759,48759,4.721458,4.735515,1.4226e-01
dev-corpus-00,1038,535,8.851238e-05,25,25,1.212780,1.208856,1.9576e-01
dev-corpus-00,1039,220765,1.547529e-04,220765,220765,0.749927,0.745591,1.7950e-01
dev-corpus-00,1040,240771,1.372628e-03,240771,240771,0.207832,0.187619,2.1415e-01
dev-corpus-00,1041,847,4.030318e-04,847,847,1.478434,1.462401,2.1314e-01
dev-corpus-00,1042,369,3.524916e-04,369,369,0.487024,0.500231,2.1574e-01
dev-corpus-00,1043,264,8.352098e-05,264,264,0.318747,0.321233,1.6313e-01
dev-corpus-00,1044,91424,1.671722e-04,37967,37967,5.970554,5.919234,1.5538e-01
dev-corpus-00,1045,375,3.798818e-06,375,375,0.003325,0.003276,1.9146e-01
dev-corpus-00,1046,91589,3.106731e-04,12963,91589,0.834050,0.829968,1.5832e-01
dev-corpus-00,1047,7172,2.259567e-04,7172,7172,0.905654,0.919173,1.6128e-01
dev-corpus-00,1048,506,1.597634e-05,303,303,1.734857,1.724330,1.2833e-01
dev-corpus-00,1049,220,4.194121e-05,220,220,0.066713,0.068557,1.4117e-01
dev-corpus-00,1050,16,6.476467e-06,16,16,1.093737,1.095597,1.5950e-01
dev-corpus-00,1051,16,1.683599e-05,15,15,2.060900,2.054302,1.3909e-01
dev-corpus-00,1052,22,4.154818e-05,15,15,3.035061,3.036548,1.2138e-01
dev-corpus-00,1053,20,1.974663e-04,15,15,1.564787,1.561536,1.5593e-01
dev-corpus-00,1054,6127,8.518328e-04,457,457,4.046355,4.021873,2.1053e-01
dev-corpus-00,1055,220,5.138297e-04,220,220,0.197987,0.186361,2.3864e-01
dev-corpus-00,1056,17,1.346487e-04,16,16,2.704623,2.760280,1.3973e-01
dev-corpus-00,1057,24,2.137386e-04,15,15,3.482869,3.486732,1.3553e-01
dev-corpus-00,1058,337,7.050725e-06,337,337,0.031888,0.032166,1.2893e-01
dev-corpus-00,1059,16627,4.318417e-04,16627,16627,0.313939,0.300396,1.8492e-01
dev-corpus-00,1060,303,8.876140e-05,303,303,0.417911,0.409985,1.5856e-01
dev-corpus-00,1061,48759,8.634612e-05,48759,48759,0.191008,0.195944,1.6909e-01
dev-corpus-00,1062,1116,2.039732e-04,11,11,1.296336,1.265371,1.3615e-01
dev-corpus-00,1063,18217,4.189320e-05,18217,18217,0.023197,0.024330,1.6169e-01
dev-corpus-00,1064,641,4.338848e-05,641,641,0.339990,0.342437,1.4016e-01
dev-corpus-00,1065,75053,2.233844e-03,198,198,4.125095,4.252688,2.6986e-01
dev-corpus-00,1066,303,6.089297e-05,303,303,0.058961,0.057700,1.6653e-01
dev-corpus-00,1067,279,6.522221e-05,220,220,4.276242,4.293504,1.5768e-01
dev-corpus-00,1068,3988,2.862499e-04,220,220,1.559120,1.556491,1.7418e-01
dev-corpus-00,1069,220,5.305410e-05,220,220,0.065017,0.067302,1.4903e-01
dev-corpus-00,1070,16,2.650200e-05,16,16,0.065058,0.066933,2.4920e-01
dev-corpus-00,1071,24,3.147827e-06,24,24,0.021830,0.022182,2.1812e-01
dev-corpus-00,1072,18,6.994430e-04,22,22,3.024744,2.961522,1.2147e-01
dev-corpus-00,1073,15,1.628186e-06,15,15,0.001380,0.001383,1.8946e-01
dev-corpus-00,1074,82,3.316763e-05,82,82,0.041964,0.041630,2.2103e-01
dev-corpus-00,1075,430,7.731079e-05,1116,1116,2.340726,2.344350,1.9312e-01
dev-corpus-00,1076,264,1.869635e-04,264,264,0.721968,0.723675,1.8177e-01
dev-corpus-00,1077,28026,4.604119e-04,28026,28026,1.016208,1.047796,1.6068e-01
dev-corpus-00,1078,56557,1.638188e-04,91589,91589,1.309018,1.293633,1.4533e-01
dev-corpus-00,1079,1116,4.495926e-05,1116,1116,0.155213,0.157662,1.9090e-01
dev-corpus-00,1080,27097,5.783490e-05,424,424,5.798422,5.711309,1.4479e-01
dev-corpus-00,1081,6565,2.291825e-05,6565,6565,0.004451,0.004374,2.6148e-01
dev-corpus-00,1082,557,3.832616e-04,5924,5924,2.097141,2.104655,2.0496e-01
dev-corpus-00,1083,364,4.201708e-04,279,279,6.414278,6.463816,1.7734e-01
dev-corpus-00,1084,1599,7.196157e-05,1599,1599,0.584837,0.586933,1.6722e-01
dev-corpus-00,1085,10476,3.810789e-05,1578,1578,2.793328,2.822695,1.7733e-01
dev-corpus-00,1086,279,4.821659e-04,279,279,0.542713,0.551613,2.1100e-01
dev-corpus-00,1087,1132,1.460132e-04,1132,1132,0.397981,0.399048,1.8986e-01
dev-corpus-00,1088,91589,2.732330e-04,91589,91589,0.555212,0.540838,1.4752e-01
dev-corpus-00,1089,303,3.852922e-05,303,303,0.120724,0.118478,1.5474e-01
dev-corpus-00,1090,48759,1.003379e-03,279,279,0.939369,0.986650,1.4066e-01
dev-corpus-00,1091,641,8.662210e-05,641,641,0.467519,0.472726,1.5515e-01
dev-corpus-00,1092,695,5.557210e-04,198,198,1.993604,1.983032,2.1727e-01
dev-corpus-00,1093,561,2.041500e-03,410,410,3.574234,3.510801,2.7313e-01
dev-corpus-00,1094,56557,1.568651e-04,56557,56557,1.212712,1.204474,1.2857e-01
dev-corpus-00,1095,14661,4.202268e-04,557,557,6.312188,6.288002,1.5573e-01
dev-corpus-00,1096,79148,2.883508e-04,2197,2197,1.994201,2.012807,1.5015e-01
dev-corpus-00,1097,6248,1.412818e-07,6248,6248,0.000171,0.000171,2.3826e-01
dev-corpus-00,1098,303,8.783084e-05,303,303,0.559217,0.562806,1.6847e-01
dev-corpus-00,1099,264,1.070045e-04,264,264,0.867687,0.878989,1.3088e-01
dev-corpus-00,1100,15625,3.468602e-04,47224,47224,4.035614,4.056165,1.7340e-01
dev-corpus-00,1101,3626,1.058862e-03,18694,18694,2.859022,2.903449,1.4417e-01
dev-corpus-00,1102,383,2.602205e-04,506,506,1.739698,1.758072,1.4744e-01
dev-corpus-00,1103,4171,1.673857e-04,6127,6127,2.222744,2.214037,1.4533e-01
dev-corpus-00,1104,93154,1.282669e-03,220,220,4.762090,4.746148,1.8045e-01
dev-corpus-00,1105,6476,1.336886e-03,16627,16627,0.822982,0.881533,1.4079e-01
dev-corpus-00,1106,641,8.212586e-05,641,641,1.033961,1.034678,1.4606e-01
dev-corpus-00,1107,1049,1.396368e-04,733,733,3.402971,3.402617,1.7221e-01
dev-corpus-00,1108,19729,2.830257e-04,7481,7481,6.080904,6.085249,1.5145e-01
dev-corpus-00,1109,1141,1.273422e-04,1141,1141,0.655389,0.646015,1.5630e-01
dev-corpus-00,1110,1118,1.846111e-04,1118,1118,0.267598,0.275571,1.7222e-01
dev-corpus-00,1111,4599,1.470836e-04,91589,91589,1.896050,1.880621,1.4110e-01
dev-corpus-00,1112,383,8.529648e-05,303,303,1.439582,1.436641,1.7309e-01
dev-corpus-00,1113,22359,2.535413e-04,6127,6127,7.918136,7.898001,1.4282e-01
dev-corpus-00,1114,6476,3.722584e-04,16627,16627,1.947564,1.978492,2.6624e-01
dev-corpus-00,1115,303,5.700366e-05,303,303,0.240187,0.238046,1.7352e-01
dev-corpus-00,1116,220,4.818336e-05,220,220,0.115512,0.118087,1.7593e-01
dev-corpus-00,1117,16,1.254027e-07,16,16,0.000825,0.000829,7.0458e-02
dev-corpus-00,1118,24,5.111556e-06,24,24,0.001334,0.001440,4.1377e-01
dev-corpus-00,1119,20,1.787490e-04,18,18,1.326131,1.308915,1.1444e-01
dev-corpus-00,1120,17,6.963100e-06,17,17,2.099123,2.100737,8.4066e-02
dev-corpus-00,1121,1116,4.160246e-05,641,641,1.287065,1.282831,1.9195e-01
dev-corpus-00,1122,321,2.439407e-04,321,321,0.855252,0.861634,1.7705e-01
dev-corpus-00,1123,23598,2.662320e-04,7481,7481,6.855790,6.853889,1.4303e-01
dev-corpus-00,1124,1141,1.362744e-04,264,264,1.367494,1.379696,1.2880e-01
dev-corpus-00,1125,1428,9.167409e-05,1428,1428,0.330197,0.336514,1.8841e-01
dev-corpus-00,1126,10824,2.367326e-04,4599,4599,14.253762,14.213069,1.2585e-01
dev-corpus-00,1127,1425,8.598441e-07,1425,1425,0.000258,0.000242,1.8568e-01
dev-corpus-00,1128,554,1.689799e-04,471,471,9.804579,9.838805,2.0354e-01
dev-corpus-00,1129,12,5.041962e-04,471,471,4.138011,4.155412,2.1367e-01
dev-corpus-00,1130,31,4.498629e-05,11896,11896,15.032793,15.011328,1.4757e-01
dev-corpus-00,1131,47072,9.000476e-04,22196,22196,5.264911,5.187809,1.8539e-01
dev-corpus-00,1132,12420,6.048871e-04,4599,4599,6.039363,6.114460,2.0431e-01
dev-corpus-00,1133,303,1.323664e-04,383,383,1.104473,1.114223,1.4757e-01
dev-corpus-00,1134,220,3.445336e-04,220,220,0.131667,0.123337,1.5754e-01
dev-corpus-00,1135,17,1.523521e-05,16,16,1.163577,1.171351,1.6007e-01
dev-corpus-00,1136,15,1.200000e-05,15,15,0.000531,0.000479,1.6371e+00
dev-corpus-00,1137,15,5.616497e-05,15,15,0.117285,0.113603,1.6412e-01
dev-corpus-00,1138,23,1.583956e-05,19,19,2.441758,2.439380,1.4701e-01
dev-corpus-00,1139,641,9.990516e-05,641,641,0.166968,0.162880,2.6958e-01
dev-corpus-00,1140,695,6.011952e-04,695,695,1.180454,1.223527,1.8238e-01
dev-corpus-00,1141,733,6.409919e-04,18097,18097,3.020656,2.996968,1.6558e-01
dev-corpus-00,1142,279,8.523358e-05,220,220,2.228875,2.225399,1.7378e-01
dev-corpus-00,1143,3988,3.629999e-04,220,220,1.827715,1.801962,1.6608e-01
dev-corpus-00,1144,220,9.305362e-05,220,220,0.088325,0.085491,1.5578e-01
dev-corpus-00,1145,16,7.339449e-06,16,16,0.437080,0.434829,3.6407e-01
dev-corpus-00,1146,24,2.391017e-06,24,24,0.001304,0.001263,6.8857e-01
dev-corpus-00,1147,24,8.925784e-04,24,24,0.886570,0.928838,4.8831e-01
dev-corpus-00,1148,15,6.146583e-07,15,15,0.000738,0.000741,1.7504e-01
dev-corpus-00,1149,82,6.785519e-06,82,82,0.004194,0.003986,2.3167e-01
dev-corpus-00,1150,11712,1.979362e-04,1116,1116,13.996729,14.068143,1.4706e-01
dev-corpus-00,1151,1881,3.726177e-04,48281,48281,1.841640,1.828009,1.4434e-01
dev-corpus-00,1152,35689,3.819342e-04,279,279,7.844762,7.858630,1.5279e-01
dev-corpus-00,1153,321,7.314510e-04,321,321,0.919514,0.901601,1.8613e-01
dev-corpus-00,1154,8343,2.913687e-04,8343,8343,0.518808,0.508324,1.2998e-01
dev-corpus-00,1155,3492,1.576661e-04,375,375,2.484288,2.459267,1.3890e-01
dev-corpus-00,1156,5879,1.046967e-04,314,314,1.566971,1.550966,1.3171e-01
dev-corpus-00,1157,310,5.124403e-05,310,310,0.095237,0.093489,1.5635e-01
dev-corpus-00,1158,279,7.997660e-05,279,279,0.796357,0.786406,1.3572e-01
dev-corpus-00,1159,14827,4.090397e-04,17465,17465,7.670278,7.718072,1.2748e-01
dev-corpus-00,1160,9101,3.886251e-04,28115,28115,1.834467,1.792459,2.0510e-01
dev-corpus-00,1161,27097,7.094893e-05,310,310,3.566807,3.568656,1.8507e-01
dev-corpus-00,1162,6565,4.331293e-06,6565,6565,0.001802,0.001729,1.8176e-01
dev-corpus-00,1163,1116,1.010949e-04,310,310,3.510426,3.490280,2.2251e-01
dev-corpus-00,1164,321,2.185394e-04,321,321,1.396703,1.386274,1.3972e-01
dev-corpus-00,1165,28115,1.552992e-04,28115,28115,1.287423,1.279303,1.4125e-01
dev-corpus-00,1166,279,2.292792e-04,279,279,1.474518,1.472418,1.5150e-01
dev-corpus-00,1167,43666,8.228726e-04,43666,43666,1.540497,1.587336,1.8141e-01
dev-corpus-00,1168,7034,1.809529e-04,56557,56557,3.381264,3.371435,1.6643e-01
dev-corpus-00,1169,92482,2.281058e-06,92482,92482,0.004598,0.004461,1.9152e-01
dev-corpus-00,1170,15885,2.260591e-04,314,314,4.330249,4.304532,1.3968e-01
dev-corpus-00,1171,165644,2.259604e-04,180132,180132,2.558910,2.567761,2.8139e-01
dev-corpus-00,1172,69506,7.988502e-04,1369,1369,4.382167,4.280284,2.3225e-01
dev-corpus-00,1173,641,4.884891e-05,641,641,0.462113,0.462554,1.8151e-01
dev-corpus-00,1174,27097,3.481235e-04,695,695,4.376895,4.359359,2.7889e-01
dev-corpus-00,1175,6565,1.690385e-06,6565,6565,0.002636,0.002630,2.2229e-01
dev-corpus-00,1176,3571,2.305692e-04,682,682,7.168976,7.196229,1.7968e-01
dev-corpus-00,1177,1172,7.554506e-04,310,310,1.077845,1.127734,1.6173e-01
dev-corpus-00,1178,3250,2.785569e-04,279,279,5.167148,5.082502,1.5885e-01
dev-corpus-00,1179,494,1.609333e-04,494,494,1.047740,1.061111,1.6361e-01
dev-corpus-00,1180,33921,2.543750e-04,279,279,4.448420,4.430378,1.6732e-01
dev-corpus-00,1181,554,5.452775e-04,10923,10923,9.911109,10.047780,2.1733e-01
dev-corpus-00,1182,12,4.020129e-04,12,12,0.161298,0.153926,2.4839e-01
dev-corpus-00,1183,31,2.417439e-04,31,31,0.105325,0.106968,2.3034e-01
dev-corpus-00,1184,30393,1.380647e-03,30393,30393,1.517392,1.535284,2.7238e-01
dev-corpus-00,1185,3492,3.299247e-04,5038,5038,4.652551,4.594717,1.3563e-01
dev-corpus-00,1186,314,1.881299e-04,314,314,0.261021,0.251691,1.7549e-01
dev-corpus-00,1187,279,3.702822e-04,279,279,0.267751,0.278696,3.8138e-01
dev-corpus-00,1188,175056,6.195280e-04,31310,31310,9.447928,9.505559,1.8626e-01
dev-corpus-00,1189,6735,2.184451e-03,163514,163514,2.433934,2.545581,2.0778e-01
dev-corpus-00,1190,10598,4.412136e-04,1116,1116,11.053214,11.087358,1.8316e-01
dev-corpus-00,1191,1116,3.032632e-04,303,303,2.274024,2.322758,2.5792e-01
dev-corpus-00,1192,303,2.476286e-04,303,303,1.195225,1.173490,1.5520e-01
dev-corpus-00,1193,220,6.477284e-05,220,220,0.137177,0.133557,1.9287e-01
dev-corpus-00,1194,16,3.427584e-05,16,16,0.110800,0.113641,1.3510e-01
dev-corpus-00,1195,24,2.913460e-06,24,24,0.001781,0.001875,2.7099e-01
dev-corpus-00,1196,24,3.272836e-05,24,24,0.256701,0.255921,2.2087e-01
dev-corpus-00,1197,19,9.690646e-05,17,17,2.005355,2.024171,1.1981e-01
dev-corpus-00,1198,321,5.586314e-06,321,321,0.051258,0.051063,1.5769e-01
dev-corpus-00,1199,1495,2.565426e-05,220,220,3.146523,3.124252,1.9236e-01
dev-corpus-00,1200,303,2.715446e-05,303,303,0.043363,0.044603,1.7613e-01
dev-corpus-00,1201,220,1.893108e-05,220,220,0.045688,0.045477,1.9185e-01
dev-corpus-00,1202,17,2.426029e-04,16,16,0.783173,0.807262,4.5494e-01
dev-corpus-00,1203,15,8.372264e-06,15,15,0.003027,0.002926,3.7030e-01
dev-corpus-00,1204,15,1.096498e-05,15,15,0.104236,0.105013,3.1066e-01
dev-corpus-00,1205,17,2.623266e-05,15,15,2.080562,2.070779,1.6208e-01
dev-corpus-00,1206,641,9.240176e-05,641,641,0.173696,0.171081,2.6667e-01
dev-corpus-00,1207,733,2.555625e-04,695,695,2.316331,2.303511,2.4006e-01
dev-corpus-00,1208,2107,1.073223e-04,220,220,2.497551,2.507686,1.6555e-01
dev-corpus-00,1209,4886,8.025123e-05,4886,4886,0.559852,0.566908,1.4516e-01
dev-corpus-00,1210,279,4.703819e-04,279,279,1.108865,1.106311,1.9580e-01
dev-corpus-00,1211,63140,4.154385e-04,56557,56557,4.659445,4.713804,1.5837e-01
dev-corpus-00,1212,998,1.294128e-04,998,998,0.303843,0.303122,1.7104e-01
dev-corpus-00,1213,10255,6.207608e-04,12158,12158,4.437975,4.424711,1.5453e-01
dev-corpus-00,1214,321,1.645337e-04,321,321,0.810911,0.801511,2.5017e-01
dev-corpus-00,1215,22368,5.860101e-04,12158,12158,1.859044,1.903064,1.6050e-01
dev-corpus-00,1216,641,5.017262e-04,641,641,0.468882,0.446584,2.8792e-01
dev-corpus-00,1217,695,2.452917e-04,695,695,0.608393,0.612112,2.7078e-01
dev-corpus-00,1218,8049,4.320581e-04,18097,18097,9.871331,9.949319,1.8015e-01
dev-corpus-00,1219,998,7.819220e-05,513,513,4.324638,4.299040,1.4305e-01
dev-corpus-00,1220,10641,1.192760e-03,5467,5467,13.931217,13.963384,1.7086e-01
dev-corpus-00,1221,554,5.630201e-04,5879,5879,1.189728,1.189754,2.8898e-01
dev-corpus-00,1222,12,1.465059e-05,12,12,0.020991,0.021199,2.8073e-01
dev-corpus-00,1223,31,4.909440e-04,554,554,0.944953,0.911735,2.5219e-01
dev-corpus-00,1224,5879,3.716901e-05,5879,5879,0.011547,0.010909,3.2139e-01
dev-corpus-00,1225,364,7.959677e-05,2980,2980,2.327857,2.340393,2.5280e-01
dev-corpus-00,1226,10476,6.211543e-04,1599,1599,2.350204,2.382427,2.1025e-01
dev-corpus-00,1227,641,1.326784e-04,1116,1116,1.748756,1.735432,1.6688e-01
dev-corpus-00,1228,34503,4.416531e-04,733,733,12.184337,12.176894,1.5190e-01
dev-corpus-00,1229,48411,4.225043e-04,604,604,8.806782,8.771819,1.5922e-01
dev-corpus-00,1230,557,3.938428e-04,557,557,1.418979,1.416409,1.6648e-01
dev-corpus-00,1231,20789,3.348094e-04,279,279,2.778377,2.809722,1.4084e-01
dev-corpus-00,1232,430,6.919607e-05,430,430,0.333258,0.339489,1.7162e-01
dev-corpus-00,1233,279,1.420749e-04,279,279,0.712509,0.718902,1.4744e-01
dev-corpus-00,1234,56557,1.213820e-04,1118,1118,1.935840,1.944179,1.3004e-01
dev-corpus-00,1235,359,1.245669e-03,359,359,0.258392,0.233820,1.7843e-01
dev-corpus-00,1236,82,2.071820e-05,82,82,0.016940,0.016127,1.7066e-01
dev-corpus-00,1237,1118,1.057152e-04,1118,1118,0.128771,0.131752,1.6670e-01
dev-corpus-00,1238,29575,1.582941e-04,29575,29575,1.336814,1.319008,1.4439e-01
dev-corpus-00,1239,7964,2.192975e-05,7964,7964,0.006049,0.006560,1.8633e-01
dev-corpus-00,1240,303,4.232535e-05,303,303,0.068799,0.070726,1.9546e-01
dev-corpus-00,1241,220,4.213983e-05,220,220,0.061117,0.062385,2.3637e-01
dev-corpus-00,1242,16,5.927931e-05,16,16,0.378447,0.371113,1.1292e-01
dev-corpus-00,1243,24,5.377681e-06,24,24,0.002605,0.002772,2.7146e-01
dev-corpus-00,1244,20,1.525715e-04,24,24,3.002422,2.967245,9.5719e-02
dev-corpus-00,1245,24,5.521728e-06,23,23,2.100826,2.101382,1.6003e-01
dev-corpus-00,1246,1116,5.263357e-05,641,641,1.233220,1.234057,3.0182e-01
dev-corpus-00,1247,694,1.885054e-04,321,321,2.484587,2.452356,2.0652e-01
dev-corpus-00,1248,2047,2.582716e-04,551,551,3.095036,3.112511,1.5959e-01
dev-corpus-00,1249,303,3.191909e-04,303,303,0.783892,0.806264,1.9270e-01
dev-corpus-00,1250,220,2.268923e-05,220,220,0.047387,0.046431,1.8276e-01
dev-corpus-00,1251,16,3.921273e-06,16,16,0.022163,0.022577,1.0001e-01
dev-corpus-00,1252,24,1.750731e-07,24,24,0.000329,0.000329,3.8685e-01
dev-corpus-00,1253,21,1.719652e-04,21,21,0.377004,0.368565,2.7976e-01
dev-corpus-00,1254,16,4.521448e-05,17,17,2.010447,2.006346,2.2666e-01
dev-corpus-00,1255,641,3.408174e-04,641,641,1.003481,0.982351,2.1917e-01
dev-corpus-00,1256,4486,3.376777e-04,561,561,4.696936,4.682878,1.7166e-01
dev-corpus-00,1257,264,2.597768e-04,264,264,1.264260,1.273360,1.6339e-01
dev-corpus-00,1258,12558,3.199285e-04,4031,4031,3.473333,3.487105,1.2982e-01
dev-corpus-00,1259,314,1.422774e-04,314,314,0.410325,0.418859,1.4845e-01
dev-corpus-00,1260,1330,4.500853e-04,3679,3679,2.747979,2.714282,1.3546e-01
dev-corpus-00,1261,1578,1.278169e-03,1578,1578,0.321044,0.291841,1.7713e-01
dev-corpus-00,1262,1116,2.255249e-04,1116,1116,0.259024,0.261409,1.6574e-01
dev-corpus-00,1263,11537,1.722075e-04,68466,68466,6.150422,6.088685,1.4395e-01
dev-corpus-00,1264,4044,1.959791e-04,469,469,6.368466,6.382576,1.3348e-01
dev-corpus-00,1265,316,2.395980e-04,6913,6913,4.819945,4.847302,1.4653e-01
dev-corpus-00,1266,429,7.613990e-05,812,812,4.678563,4.651928,2.1910e-01
dev-corpus-00,1267,5924,9.961071e-05,557,557,1.672299,1.671490,1.5151e-01
dev-corpus-00,1268,29575,3.351502e-04,279,279,2.261147,2.219461,1.5412e-01
dev-corpus-00,1269,7964,2.689654e-06,7964,7964,0.000459,0.000509,2.0422e-01
dev-corpus-00,1270,303,2.487400e-04,303,303,0.636007,0.652902,2.5564e-01
dev-corpus-00,1271,220,5.272426e-06,220,220,0.014817,0.014840,2.1472e-01
dev-corpus-00,1272,16,1.970106e-07,16,16,0.000303,0.000294,1.4350e-01
dev-corpus-00,1273,24,1.591367e-06,24,24,0.000934,0.000933,5.7945e-01
dev-corpus-00,1274,21,1.849665e-05,21,21,0.006571,0.006102,1.1697e-01
dev-corpus-00,1275,18,7.049693e-05,18,18,0.140527,0.144902,1.7997e-01
dev-corpus-00,1276,1116,2.063579e-05,641,641,1.101975,1.100714,2.0080e-01
dev-corpus-00,1277,321,4.414128e-04,321,321,0.500914,0.480795,2.7109e-01
dev-corpus-00,1278,9919,3.926710e-04,9919,9919,1.256200,1.283655,1.7200e-01
dev-corpus-00,1279,2980,1.712785e-04,2980,2980,0.447901,0.451194,2.0941e-01
dev-corpus-00,1280,780,3.325242e-05,220,220,1.599674,1.590042,2.1712e-01
dev-corpus-00,1281,4397,7.254626e-05,4397,4397,0.526358,0.517851,1.4879e-01
dev-corpus-00,1282,303,4.000895e-05,303,303,0.026208,0.025096,3.2933e-01
dev-corpus-00,1283,220,4.185168e-05,220,220,0.014099,0.013112,1.8242e-01
dev-corpus-00,1284,16,1.865712e-06,16,16,0.309125,0.308011,1.4929e-01
dev-corpus-00,1285,24,6.484524e-07,24,24,0.000391,0.000397,8.3312e-01
dev-corpus-00,1286,22,9.859059e-05,24,24,1.577792,1.555822,1.2914e-01
dev-corpus-00,1287,21,2.080255e-05,23,23,2.245050,2.247559,2.0732e-01
dev-corpus-00,1288,641,2.402418e-05,641,641,0.037299,0.037126,2.2965e-01
dev-corpus-00,1289,1216,2.013941e-04,695,695,3.303110,3.297693,1.3322e-01
dev-corpus-00,1290,557,3.183528e-05,557,557,0.109406,0.109793,2.1208e-01
dev-corpus-00,1291,7854,1.020864e-04,24526,24526,1.352207,1.368132,1.4379e-01
dev-corpus-00,1292,539,4.360716e-05,539,539,0.100884,0.098811,1.3309e-01
dev-corpus-00,1293,2921,1.464061e-04,68466,68466,6.438354,6.434959,1.1415e-01
dev-corpus-00,1294,2176,3.852188e-04,2176,2176,0.262873,0.248838,1.5319e-01
dev-corpus-00,1295,29878,1.208150e-04,710,710,8.982143,8.974231,1.0347e-01
dev-corpus-00,1296,7480,5.288966e-04,3327,3327,3.736694,3.769171,1.5599e-01
dev-corpus-00,1297,1116,1.892946e-04,1116,1116,0.678726,0.679960,2.5276e-01
dev-corpus-00,1298,852,3.552694e-05,852,852,0.130116,0.129892,1.5620e-01
dev-corpus-00,1299,9919,1.482598e-04,9919,9919,0.521854,0.522796,1.2693e-01
dev-corpus-00,1300,494,9.924719e-05,2980,2980,1.661509,1.659853,1.4035e-01
dev-corpus-00,1301,220,7.194689e-06,220,220,0.002849,0.002983,1.6707e-01
dev-corpus-00,1302,16,1.580775e-07,16,16,0.000703,0.000716,1.4330e-01
dev-corpus-00,1303,24,3.916342e-05,24,24,0.002365,0.002807,4.0480e-01
dev-corpus-00,1304,22,1.861533e-05,22,22,0.112105,0.110251,1.1986e-01
dev-corpus-00,1305,22,1.948451e-04,22,22,0.879507,0.873411,1.0307e-01
dev-corpus-00,1306,310,4.136977e-05,310,310,0.558340,0.552253,1.2118e-01
dev-corpus-00,1307,220,3.402156e-06,220,220,0.008727,0.008838,2.0144e-01
dev-corpus-00,1308,16,2.230526e-07,16,16,0.187588,0.187675,3.5276e-01
dev-corpus-00,1309,24,2.474414e-05,24,24,0.000641,0.000761,3.5550e+00
dev-corpus-00,1310,24,5.071214e-05,23,23,0.973538,0.981418,1.4527e-01
dev-corpus-00,1311,19,3.610156e-05,15,15,2.308081,2.312604,1.6017e-01
dev-corpus-00,1312,1116,1.749241e-04,641,641,1.780960,1.749019,2.1815e-01
dev-corpus-00,1313,321,4.264833e-04,321,321,0.688809,0.712249,3.8832e-01
dev-corpus-00,1314,29878,1.865362e-04,1179,1179,12.080845,12.161288,1.4835e-01
dev-corpus-00,1315,7480,4.765456e-06,7480,7480,0.005251,0.005237,1.8216e-01
dev-corpus-00,1316,303,7.896001e-04,557,557,3.851360,3.883895,2.3251e-01
dev-corpus-00,1317,2404,2.317907e-05,2404,2404,0.041909,0.041789,1.8147e-01
dev-corpus-00,1318,557,7.641015e-05,557,557,0.147934,0.150474,1.5637e-01
dev-corpus-00,1319,24526,1.238040e-04,24526,24526,0.542382,0.555198,1.5081e-01
dev-corpus-00,1320,539,5.593514e-05,539,539,0.088942,0.091277,2.5008e-01
dev-corpus-00,1321,783,2.360407e-04,68466,68466,5.578560,5.575980,2.2215e-01
dev-corpus-00,1322,10720,3.288677e-04,10720,10720,1.648677,1.666768,1.2832e-01
dev-corpus-00,1323,189439,2.511854e-04,329,329,1.001747,1.006393,1.8688e-01
dev-corpus-00,1324,462,4.675685e-04,318,318,4.120135,4.150326,1.4533e-01
dev-corpus-00,1325,23577,3.322769e-04,53141,53141,8.245008,8.218520,1.4222e-01
dev-corpus-00,1326,2751,4.604126e-05,2751,2751,0.021322,0.022240,2.1323e-01
dev-corpus-00,1327,554,2.495377e-04,303,303,9.458531,9.393614,2.8345e-01
dev-corpus-00,1328,12,7.801417e-05,12,12,0.062631,0.062721,2.0127e-01
dev-corpus-00,1329,31,1.216078e-03,31,31,0.505911,0.529334,2.2498e-01
dev-corpus-00,1330,52824,6.950712e-04,462,462,11.343031,11.329094,1.6906e-01
dev-corpus-00,1331,258,4.842797e-04,258,258,0.614332,0.616106,3.2637e-01
dev-corpus-00,1332,641,2.479342e-04,303,303,1.457794,1.421216,2.2936e-01
dev-corpus-00,1333,65154,3.907150e-04,695,695,10.595205,10.567623,1.7631e-01
dev-corpus-00,1334,20425,1.737536e-04,436,436,5.718699,5.726906,1.2201e-01
dev-corpus-00,1335,10542,1.745159e-04,557,557,3.455529,3.440897,1.5944e-01
dev-corpus-00,1336,462,1.014073e-04,279,279,7.494828,7.407412,2.4280e-01
dev-corpus-00,1337,23577,7.858563e-07,23577,23577,0.001112,0.001084,1.7667e-01
dev-corpus-00,1338,2751,3.616267e-05,2751,2751,0.009520,0.010321,2.5847e-01
dev-corpus-00,1339,554,1.378457e-04,554,554,0.298392,0.300848,2.4693e-01
dev-corpus-00,1340,12,9.684566e-07,12,12,0.005433,0.005492,2.3404e-01
dev-corpus-00,1341,31,2.048212e-04,31,31,0.027129,0.030056,3.7151e-01
dev-corpus-00,1342,52824,3.444815e-04,52824,52824,0.059228,0.053805,2.5550e-01
dev-corpus-00,1343,258,9.510911e-07,258,258,0.001181,0.001186,1.5483e-01
dev-corpus-00,1344,430,1.131505e-04,430,430,0.698852,0.709450,1.9242e-01
dev-corpus-00,1345,21270,2.771096e-04,21270,21270,1.746998,1.733042,1.6877e-01
dev-corpus-00,1346,29575,1.640427e-05,29575,29575,0.032893,0.032832,1.5746e-01
dev-corpus-00,1347,7964,3.388895e-06,7964,7964,0.000487,0.000432,2.2528e-01
dev-corpus-00,1348,303,6.529413e-05,303,303,0.103459,0.100679,2.2180e-01
dev-corpus-00,1349,220,1.574813e-05,220,220,0.015149,0.014561,1.5438e-01
dev-corpus-00,1350,17,1.173836e-05,16,16,0.871006,0.876713,7.8093e-02
dev-corpus-00,1351,15,2.308172e-07,15,15,0.000306,0.000303,1.4240e-01
dev-corpus-00,1352,15,6.296368e-06,15,15,0.069831,0.070782,1.2570e-01
dev-corpus-00,1353,18,1.386242e-05,15,15,2.141877,2.148946,1.9297e-01
dev-corpus-00,1354,1116,4.573651e-05,641,641,1.187902,1.176709,1.9910e-01
dev-corpus-00,1355,321,1.409242e-04,321,321,0.200302,0.195024,1.6769e-01
dev-corpus-00,1356,9919,3.214763e-04,557,557,3.437849,3.442318,1.7161e-01
dev-corpus-00,1357,2980,4.101494e-04,2980,2980,0.881740,0.895610,1.7483e-01
dev-corpus-00,1358,220,1.096849e-04,220,220,0.365160,0.367158,1.7166e-01
dev-corpus-00,1359,17,4.798118e-07,17,17,0.001121,0.001142,1.1752e-01
dev-corpus-00,1360,15,7.085722e-05,15,15,0.001966,0.001679,5.9608e-01
dev-corpus-00,1361,16,1.297732e-05,15,15,0.894777,0.900895,1.2570e-01
dev-corpus-00,1362,16,8.640157e-05,15,15,1.378765,1.369133,1.8606e-01
dev-corpus-00,1363,1116,4.545953e-05,641,641,2.260690,2.267699,2.6690e-01
dev-corpus-00,1364,948,8.897281e-05,948,948,0.298918,0.300916,1.7622e-01
dev-corpus-00,1365,551,2.850259e-04,551,551,0.323603,0.328865,1.6003e-01
dev-corpus-00,1366,557,3.337632e-04,557,557,1.125878,1.104979,1.4784e-01
dev-corpus-00,1367,24526,2.495742e-04,24526,24526,0.635145,0.645951,1.3615e-01
dev-corpus-00,1368,539,1.123430e-04,539,539,0.130602,0.125440,3.0457e-01
dev-corpus-00,1369,49929,2.319896e-04,68466,68466,9.280634,9.278994,1.1078e-01
dev-corpus-00,1370,23483,2.207349e-04,710,710,7.489870,7.496773,1.2158e-01
dev-corpus-00,1371,258,5.531364e-04,70,70,3.956873,3.870923,1.8949e-01
dev-corpus-00,1372,641,1.331733e-04,641,641,0.339664,0.334705,1.7066e-01
dev-corpus-00,1373,1577,5.365797e-04,695,695,5.105207,5.072538,1.9908e-01
dev-corpus-00,1374,314,8.601269e-05,314,314,0.092320,0.089654,1.7798e-01
dev-corpus-00,1375,220,1.460855e-04,220,220,0.150118,0.143937,1.5364e-01
dev-corpus-00,1376,17,7.001356e-05,17,17,0.001158,0.001396,3.6937e+00
dev-corpus-00,1377,15,2.473804e-06,15,15,0.000803,0.000842,5.6564e-01
dev-corpus-00,1378,16,9.541068e-05,16,16,0.076833,0.080689,1.8317e-01
dev-corpus-00,1379,19,1.188089e-04,17,17,1.974239,1.967271,1.5205e-01
dev-corpus-00,1380,1116,2.452812e-04,1116,1116,0.343781,0.350357,1.7825e-01
dev-corpus-00,1381,5879,2.775519e-04,462,462,11.937737,11.971993,1.7287e-01
dev-corpus-00,1382,539,1.113181e-04,539,539,0.199913,0.198076,2.2341e-01
dev-corpus-00,1383,462,2.406553e-04,68466,68466,2.616360,2.615892,1.4035e-01
dev-corpus-00,1384,23577,3.174085e-07,23577,23577,0.000500,0.000488,1.8857e-01
dev-corpus-00,1385,2751,2.007560e-06,2751,2751,0.001337,0.001281,3.1392e-01
dev-corpus-00,1386,554,2.952104e-05,554,554,0.018468,0.017577,1.4379e-01
dev-corpus-00,1387,12,3.728695e-06,12,12,0.000405,0.000401,3.6870e-01
dev-corpus-00,1388,31,2.369536e-06,31,31,0.000184,0.000206,5.4396e-01
dev-corpus-00,1389,52824,5.548931e-05,52824,52824,0.008764,0.007886,1.7781e-01
dev-corpus-00,1390,258,8.127338e-07,258,258,0.000839,0.000815,1.7461e-01
dev-corpus-00,1391,321,2.030597e-04,321,321,0.624735,0.639606,2.1640e-01
dev-corpus-00,1392,23483,3.637922e-04,23483,23483,0.250068,0.241624,1.7556e-01
dev-corpus-00,1393,258,3.402434e-07,258,258,0.000264,0.000256,2.0142e-01
dev-corpus-00,1394,1116,5.823733e-05,1116,1116,0.156847,0.157373,2.2430e-01
dev-corpus-00,1395,27097,1.088225e-04,27097,27097,0.804725,0.803422,1.2466e-01
dev-corpus-00,1396,6565,1.253017e-06,6565,6565,0.001399,0.001369,2.1471e-01
dev-corpus-00,1397,995,6.119662e-04,369,369,3.457241,3.471436,1.7249e-01
dev-corpus-00,1398,12805,6.008378e-04,220,220,2.085697,2.112530,1.6197e-01
dev-corpus-00,1399,220,1.638359e-05,220,220,0.018428,0.017854,1.5727e-01
dev-corpus-00,1400,19,1.640880e-04,17,17,2.335065,2.319458,1.2567e-01
dev-corpus-00,1401,15,7.009413e-05,15,15,0.500259,0.502668,1.5658e-01
dev-corpus-00,1402,15,3.097899e-04,15,15,0.125468,0.117792,2.0890e-01
dev-corpus-00,1403,4314,1.044218e-04,3492,3492,4.254732,4.270563,1.5372e-01
dev-corpus-00,1404,27897,5.450513e-04,8259,8259,1.848090,1.914253,1.8421e-01
dev-corpus-00,1405,1116,4.475662e-05,641,641,2.506636,2.523989,2.3748e-01
dev-corpus-00,1406,321,2.050256e-04,321,321,1.183664,1.187559,1.5842e-01
dev-corpus-00,1407,557,1.405333e-04,557,557,1.408835,1.409146,1.4780e-01
dev-corpus-00,1408,279,1.007134e-03,279,279,1.080491,1.081903,3.9192e-01
dev-corpus-00,1409,7526,2.019744e-04,7526,7526,1.009705,1.025206,1.7606e-01
dev-corpus-00,1410,91589,5.330491e-04,91589,91589,0.765743,0.772401,1.7725e-01
dev-corpus-00,1411,303,2.612351e-05,303,303,0.084122,0.085194,2.2471e-01
dev-corpus-00,1412,48759,1.026571e-04,279,279,1.236526,1.223258,1.8993e-01
dev-corpus-00,1413,641,1.202174e-04,641,641,0.213660,0.207437,1.6867e-01
dev-corpus-00,1414,30858,2.758553e-04,695,695,6.291690,6.227147,1.9212e-01
dev-corpus-00,1415,283,4.554650e-04,410,410,5.647828,5.626100,2.2185e-01
dev-corpus-00,1416,283,8.341793e-04,18097,18097,5.842782,5.880185,2.1808e-01
dev-corpus-00,1417,22044,6.755634e-04,18097,18097,8.432963,8.493900,1.9670e-01
dev-corpus-00,1418,3712,7.159421e-04,3712,3712,1.073716,1.101653,1.3928e-01
dev-corpus-00,1419,283,1.462363e-04,283,283,0.457771,0.453858,1.5211e-01
dev-corpus-00,1420,283,4.153053e-03,695,695,1.624408,1.453606,2.2089e-01
dev-corpus-00,1421,30858,1.341795e-04,695,695,3.748767,3.761035,1.7936e-01
dev-corpus-00,1422,14560,5.136908e-04,18097,18097,10.122837,10.149805,1.4783e-01
dev-corpus-00,1423,4947,1.829070e-03,5038,5038,2.839690,2.944410,2.3647e-01
dev-corpus-00,1424,314,1.352654e-04,314,314,0.022668,0.025008,3.0105e-01
dev-corpus-00,1425,5753,4.690137e-04,12963,12963,4.051054,4.005302,1.7194e-01
dev-corpus-00,1426,16489,3.033602e-04,16489,16489,1.131869,1.103963,1.7345e-01
dev-corpus-00,1427,5820,5.525901e-04,5820,5820,1.671739,1.715926,1.5090e-01
dev-corpus-00,1428,50099,2.501445e-04,310,310,1.966583,1.987944,1.3715e-01
dev-corpus-00,1429,303,1.170625e-05,303,303,0.057319,0.056892,1.7847e-01
dev-corpus-00,1430,48759,8.840402e-05,48759,48759,0.529106,0.532251,1.2842e-01
dev-corpus-00,1431,303,9.494268e-05,303,303,0.559586,0.564809,1.4872e-01
dev-corpus-00,1432,279,1.420405e-04,279,279,0.211770,0.219920,1.4416e-01
dev-corpus-00,1433,3200,1.995012e-04,3200,3200,0.904480,0.921391,1.2974e-01
dev-corpus-00,1434,220,1.316269e-05,220,220,0.068870,0.067690,1.2722e-01
dev-corpus-00,1435,16,4.816090e-06,16,16,0.000678,0.000714,2.9426e-01
dev-corpus-00,1436,24,3.439942e-05,24,24,0.680979,0.672867,1.8209e-01
dev-corpus-00,1437,337,3.216336e-05,337,337,0.057495,0.058645,1.6226e-01
dev-corpus-00,1438,9018,1.454414e-04,9018,9018,0.131304,0.136150,1.5881e-01
dev-corpus-00,1439,1116,2.436624e-05,641,641,1.290258,1.283463,2.0044e-01
dev-corpus-00,1440,694,2.013748e-04,321,321,1.582755,1.602162,1.6389e-01
dev-corpus-00,1441,1379,2.872313e-04,279,279,3.391650,3.374654,1.6697e-01
dev-corpus-00,1442,7481,4.203577e-04,314,314,3.706832,3.678866,1.6928e-01
dev-corpus-00,1443,383,1.896993e-04,310,310,2.169875,2.192731,1.7342e-01
dev-corpus-00,1444,641,1.113074e-04,310,310,3.057512,3.085651,3.3814e-01
dev-corpus-00,1445,733,2.657306e-04,561,561,1.909965,1.926641,1.8323e-01
dev-corpus-00,1446,279,9.008231e-05,220,220,0.979666,0.994131,1.2705e-01
dev-corpus-00,1447,3988,5.869572e-05,3988,3988,0.568057,0.575550,1.3750e-01
dev-corpus-00,1448,220,8.911262e-06,220,220,0.026232,0.026159,1.6013e-01
dev-corpus-00,1449,17,6.129284e-05,16,16,0.786296,0.798366,2.0355e-01
dev-corpus-00,1450,15,5.642332e-06,15,15,0.000296,0.000321,1.0101e+00
dev-corpus-00,1451,337,4.714848e-06,337,337,0.002829,0.002803,2.1235e-01
dev-corpus-00,1452,9018,6.556580e-06,9018,9018,0.006743,0.006839,1.7703e-01
dev-corpus-00,1453,279,3.053608e-04,1116,1116,2.183382,2.182148,1.6952e-01
dev-corpus-00,1454,1118,5.400420e-04,12963,12963,3.776303,3.751672,1.7151e-01
dev-corpus-00,1455,17489,8.507162e-04,12963,12963,6.131892,6.153693,1.9586e-01
dev-corpus-00,1456,7277,3.119487e-05,7277,7277,0.039698,0.039582,1.5543e-01
dev-corpus-00,1457,16489,2.007141e-04,12963,12963,1.237917,1.241300,1.3611e-01
dev-corpus-00,1458,21681,1.632489e-04,5820,5820,2.799492,2.760378,1.7204e-01
dev-corpus-00,1459,1017,6.132301e-05,303,303,2.990974,2.982446,2.8714e-01
dev-corpus-00,1460,1116,1.685142e-04,641,641,0.908064,0.889535,2.4535e-01
dev-corpus-00,1461,321,1.639896e-04,321,321,1.222437,1.208224,1.2628e-01
dev-corpus-00,1462,539,1.870094e-04,539,539,1.760174,1.756140,1.7012e-01
dev-corpus-00,1463,279,5.712369e-05,220,220,1.031679,1.045151,1.7886e-01
dev-corpus-00,1464,220,3.533897e-04,220,220,0.604685,0.626236,1.4565e-01
dev-corpus-00,1465,16,2.739099e-07,16,16,0.000936,0.000920,1.2135e-01
dev-corpus-00,1466,24,6.301178e-07,24,24,0.000673,0.000663,3.6969e-01
dev-corpus-00,1467,17,1.971400e-04,18,18,0.766678,0.764450,1.8275e-01
dev-corpus-00,1468,15,3.716916e-07,15,15,0.000921,0.000910,1.1815e-01
dev-corpus-00,1469,82,1.419151e-06,82,82,0.003589,0.003530,1.6454e-01
dev-corpus-00,1470,48759,1.311699e-04,1017,1017,1.773868,1.776661,1.4205e-01
dev-corpus-00,1471,359,4.546298e-05,995,995,1.799858,1.795863,1.6201e-01
dev-corpus-00,1472,82,7.737182e-07,82,82,0.000608,0.000580,1.7757e-01
dev-corpus-00,1473,12963,8.568199e-05,12963,12963,0.216669,0.215069,1.4517e-01
dev-corpus-00,1474,3809,3.250216e-06,6823,6823,1.749810,1.749789,1.7236e-01
dev-corpus-00,1475,5820,1.030230e-04,557,557,3.260050,3.308557,1.3891e-01
dev-corpus-00,1476,22175,9.387902e-05,310,310,7.582545,7.598369,1.3414e-01
dev-corpus-00,1477,22223,2.064582e-04,364,364,10.332348,10.345316,2.0623e-01
dev-corpus-00,1478,893,2.491477e-04,3401,3401,3.400981,3.421928,2.3488e-01
dev-corpus-00,1479,269,8.175082e-06,269,269,0.031064,0.031641,2.2375e-01
dev-corpus-00,1480,6041,7.513270e-06,6041,6041,0.001727,0.001591,1.8053e-01
dev-corpus-00,1481,364,7.988679e-04,303,303,2.269149,2.210474,2.4646e-01
dev-corpus-00,1482,9668,4.534319e-04,4962,4962,10.065805,10.086672,2.1501e-01
dev-corpus-00,1483,6394,6.312963e-04,3401,3401,5.032763,5.059254,1.8549e-01
dev-corpus-00,1484,3603,1.990094e-04,3603,3603,0.537823,0.530720,1.8287e-01
dev-corpus-00,1485,321,6.415060e-04,3401,3401,1.993649,2.075449,1.7495e-01
dev-corpus-00,1486,12963,3.943675e-03,12872,12872,4.736456,4.708066,2.0314e-01
dev-corpus-00,1487,12872,8.325350e-04,12872,12872,0.529751,0.555296,1.5640e-01
dev-corpus-00,1488,3401,2.503096e-05,3401,3401,0.058601,0.058998,1.6765e-01
dev-corpus-00,1489,303,2.713116e-04,641,641,2.315135,2.375352,1.9544e-01
dev-corpus-00,1490,7529,8.000241e-04,843,843,6.643139,6.620225,1.7885e-01
dev-corpus-00,1491,359,3.554209e-05,359,359,0.112592,0.114161,1.8861e-01
dev-corpus-00,1492,10105,5.752979e-05,10105,10105,0.080186,0.078201,2.1369e-01
dev-corpus-00,1493,641,4.366128e-05,641,641,0.145685,0.143202,2.4996e-01
dev-corpus-00,1494,21016,1.349737e-04,695,695,8.773572,8.736581,1.9061e-01
dev-corpus-00,1495,1068,4.514689e-04,1068,1068,0.772028,0.793477,1.0932e-01
dev-corpus-00,1496,22904,7.404751e-05,6584,6584,4.579263,4.584926,8.7993e-02
dev-corpus-00,1497,11698,9.793844e-04,380,380,6.955805,6.970348,2.4885e-01
dev-corpus-00,1498,59576,9.380117e-04,74534,74534,2.986496,2.951082,2.3665e-01
dev-corpus-00,1499,13514,1.576500e-04,13514,13514,2.101446,2.112852,1.2579e-01
dev-corpus-00,1500,421,8.982562e-05,421,421,0.428568,0.421119,1.4724e-01
dev-corpus-00,1501,328,4.416765e-04,279,279,2.539518,2.594048,1.6623e-01
dev-corpus-00,1502,498,2.585932e-04,279,279,4.353902,4.380221,1.3250e-01
dev-corpus-00,1503,264,6.509306e-04,585,585,2.343216,2.338887,2.5812e-01
dev-corpus-00,1504,2205,1.452467e-04,2205,2205,0.149147,0.145519,2.5621e-01
dev-corpus-00,1505,281,2.873608e-04,2526,2526,5.361857,5.326254,1.3062e-01
dev-corpus-00,1506,455,2.177384e-04,455,455,0.216436,0.214665,1.8903e-01
dev-corpus-00,1507,462,1.611043e-04,279,279,8.987677,9.002737,1.8058e-01
dev-corpus-00,1508,1544,2.053202e-03,15257,15257,4.943259,4.898330,2.1951e-01
dev-corpus-00,1509,268,2.870225e-03,268,268,0.855087,0.930439,2.1801e-01
dev-corpus-00,1510,12471,3.017129e-04,321,321,5.714857,5.708610,1.7054e-01
dev-corpus-00,1511,59576,3.775957e-04,35191,35191,1.780709,1.746238,1.2571e-01
dev-corpus-00,1512,359,2.640173e-04,321,321,2.116475,2.104938,1.6014e-01
dev-corpus-00,1513,82,4.912787e-05,82,82,0.055691,0.054198,1.8696e-01
dev-corpus-00,1514,4397,3.587278e-04,2902,2902,2.827953,2.815468,1.4813e-01
dev-corpus-00,1515,303,2.249596e-04,303,303,0.189590,0.190137,2.2198e-01
dev-corpus-00,1516,220,1.350712e-04,220,220,0.086138,0.081999,1.7194e-01
dev-corpus-00,1517,16,2.072764e-07,16,16,0.000751,0.000763,1.1522e-01
dev-corpus-00,1518,24,7.037089e-06,24,24,0.002722,0.002589,3.5319e-01
dev-corpus-00,1519,18,9.131688e-05,17,17,0.982477,0.976335,2.4205e-01
dev-corpus-00,1520,18,3.408578e-04,15,15,2.247723,2.221873,1.4740e-01
dev-corpus-00,1521,1116,2.009642e-04,1116,1116,0.298976,0.305421,2.0864e-01
dev-corpus-00,1522,780,3.857824e-04,279,279,2.817463,2.842156,1.9350e-01
dev-corpus-00,1523,2046,4.480517e-04,54897,54897,3.990000,4.083254,1.7048e-01
dev-corpus-00,1524,506,4.310780e-04,5924,5924,2.495322,2.533723,2.2307e-01
dev-corpus-00,1525,220,9.906870e-05,220,220,0.092686,0.090514,1.8982e-01
dev-corpus-00,1526,17,1.611566e-04,16,16,1.820767,1.812498,1.4121e-01
dev-corpus-00,1527,18,6.064095e-05,15,15,2.472419,2.467755,2.9412e-01
dev-corpus-00,1528,16,9.277555e-05,15,15,2.152270,2.144806,1.6094e-01
dev-corpus-00,1529,4171,5.736798e-04,4171,4171,1.485027,1.444670,1.8401e-01
dev-corpus-00,1530,93154,7.504894e-05,93154,93154,0.627268,0.636371,1.9929e-01
dev-corpus-00,1531,6476,2.940551e-04,6476,6476,0.228784,0.239648,2.5154e-01
dev-corpus-00,1532,557,5.584453e-04,5924,5924,1.834517,1.845280,1.9348e-01
dev-corpus-00,1533,1254,1.365428e-03,1429,1429,6.505185,6.603429,2.0572e-01
dev-corpus-00,1534,93145,7.866809e-05,93145,93145,0.040743,0.043175,2.4764e-01
dev-corpus-00,1535,321,1.436651e-04,1083,310,1.341528,1.339019,1.8226e-01
dev-corpus-01,1536,12476,7.540793e-04,4258,4258,2.861742,2.909013,1.7368e-01
dev-corpus-01,1537,318,7.804024e-04,401,401,2.812404,2.781178,1.8379e-01
dev-corpus-01,1538,63724,3.291924e-04,81425,81425,16.040719,16.029091,1.6925e-01
dev-corpus-01,1539,1587,8.764182e-04,847,847,5.267556,5.310179,2.5307e-01
dev-corpus-01,1540,73,8.107467e-04,73,73,2.219860,2.228002,2.2075e-01
dev-corpus-01,1541,6510,2.936068e-06,6510,6510,0.002078,0.002043,3.0393e-01
dev-corpus-01,1542,7766,5.773071e-04,847,847,4.053274,4.085682,1.5512e-01
dev-corpus-01,1543,847,6.541218e-04,8,8,0.946242,0.902563,1.5926e-01
dev-corpus-01,1544,283,6.992147e-05,283,283,0.370296,0.366900,1.9885e-01
dev-corpus-01,1545,30858,5.305167e-03,271,198,12.474908,12.486493,3.3643e-01
dev-corpus-01,1546,16623,1.289701e-03,410,410,7.739409,7.749341,2.8977e-01
dev-corpus-01,1547,12476,2.834507e-04,12476,12476,0.051576,0.052611,2.6479e-01
dev-corpus-01,1548,369,1.802941e-03,369,369,0.788130,0.830467,2.5599e-01
dev-corpus-01,1549,279,2.560477e-05,279,279,0.302558,0.301179,1.7057e-01
dev-corpus-01,1550,270,1.313724e-04,220,220,3.561767,3.563129,1.1754e-01
dev-corpus-01,1551,396,6.802129e-05,396,396,0.019774,0.020892,1.5305e-01
dev-corpus-01,1552,43872,2.990593e-05,43872,43872,0.016925,0.016153,1.8514e-01
dev-corpus-01,1553,14712,2.258503e-04,13626,13626,5.369239,5.262140,1.7852e-01
dev-corpus-01,1554,554,4.297816e-04,42117,42117,14.409299,14.386065,1.6258e-01
dev-corpus-01,1555,12,9.041456e-04,11197,11197,2.845311,2.867160,2.0566e-01
dev-corpus-01,1556,31,9.418462e-04,11197,11197,5.731049,5.778594,2.8299e-01
dev-corpus-01,1557,3992,7.468483e-04,11197,11197,2.051214,2.035292,2.0940e-01
dev-corpus-01,1558,13626,2.185167e-04,13626,13626,0.485951,0.499285,2.0612e-01
dev-corpus-01,1559,7766,1.246218e-05,7766,7766,0.015723,0.016232,1.2913e-01
dev-corpus-01,1560,539,1.110212e-04,539,539,0.191977,0.188298,1.6497e-01
dev-corpus-01,1561,4421,1.638923e-03,4421,4421,1.465992,1.402540,1.8871e-01
dev-corpus-01,1562,36014,1.124093e-06,36014,36014,0.001357,0.001343,1.9885e-01
dev-corpus-01,1563,31218,2.880654e-05,31218,31218,0.009043,0.008439,2.1873e-01
dev-corpus-01,1564,22049,2.651637e-04,22049,22049,0.548685,0.553304,1.7175e-01
dev-corpus-01,1565,554,1.010347e-04,63724,63724,1.096687,1.105823,1.2642e-01
dev-corpus-01,1566,12,1.211131e-04,12,12,0.103250,0.103889,2.3117e-01
dev-corpus-01,1567,31,2.180178e-05,31,31,0.005179,0.005535,2.4806e-01
dev-corpus-01,1568,81735,2.081479e-04,81735,81735,0.506792,0.508197,1.9004e-01
dev-corpus-01,1569,63724,7.178724e-04,63724,63724,0.261431,0.246019,1.6980e-01
dev-corpus-01,1570,1587,5.685942e-06,1587,1587,0.020625,0.020968,1.6656e-01
dev-corpus-01,1571,73,2.713384e-06,73,73,0.002495,0.002410,2.1458e-01
dev-corpus-01,1572,6510,1.096394e-06,6510,6510,0.000881,0.000891,1.8565e-01
dev-corpus-01,1573,1116,2.384474e-04,13,13,2.199262,2.222692,1.4964e-01
dev-corpus-01,1574,5698,8.611715e-05,5698,5698,0.187667,0.188159,1.2568e-01
dev-corpus-01,1575,383,5.699187e-04,383,383,0.749843,0.784513,1.3776e-01
dev-corpus-01,1576,220,1.113994e-04,220,220,1.980297,1.993681,1.6030e-01
dev-corpus-01,1577,17,1.730649e-05,17,17,0.953389,0.949952,1.2400e-01
dev-corpus-01,1578,18,4.224130e-05,15,15,2.517081,2.506480,1.1185e-01
dev-corpus-01,1579,5930,2.109617e-04,6324,6324,2.120371,2.124791,1.2996e-01
dev-corpus-01,1580,220,4.236768e-05,220,220,0.053895,0.052449,1.4481e-01
dev-corpus-01,1581,17,1.268483e-04,17,17,0.108569,0.103297,4.1391e-01
dev-corpus-01,1582,15,1.160379e-05,15,15,0.000922,0.000869,1.0238e+00
dev-corpus-01,1583,16,1.993088e-05,15,15,0.831259,0.829610,4.9586e-01
dev-corpus-01,1584,16,2.060092e-04,19,19,1.922572,1.898431,1.6384e-01
dev-corpus-01,1585,641,1.060951e-04,641,641,1.079512,1.084825,1.9844e-01
dev-corpus-01,1586,93034,6.393884e-04,198,198,9.068496,9.100334,3.4990e-01
dev-corpus-01,1587,303,2.434350e-04,303,303,0.927079,0.924549,1.5871e-01
dev-corpus-01,1588,279,3.358902e-04,220,220,2.662854,2.655739,1.3865e-01
dev-corpus-01,1589,3516,5.351039e-04,3516,3516,1.884723,1.869897,1.4893e-01
dev-corpus-01,1590,4042,1.879717e-05,4042,4042,0.075454,0.075584,1.1607e-01
dev-corpus-01,1591,321,2.448748e-04,321,321,0.966611,0.988515,1.4998e-01
dev-corpus-01,1592,11920,1.743611e-04,17163,17163,2.155333,2.159255,1.2159e-01
dev-corpus-01,1593,1116,3.030549e-04,1116,1116,0.409527,0.395812,1.4465e-01
dev-corpus-01,1594,424,1.316153e-04,279,279,1.375713,1.387054,1.5930e-01
dev-corpus-01,1595,557,1.725933e-04,557,557,0.912482,0.901969,1.3337e-01
dev-corpus-01,1596,8677,3.740367e-04,8677,8677,0.726357,0.707505,1.4738e-01
dev-corpus-01,1597,539,3.734895e-05,539,539,0.071027,0.071801,1.5219e-01
dev-corpus-01,1598,1587,2.810322e-04,1587,1587,0.639505,0.631609,1.4813e-01
dev-corpus-01,1599,73,5.483508e-06,73,73,0.001598,0.001492,2.1876e-01
dev-corpus-01,1600,6510,2.637009e-07,6510,6510,0.000299,0.000293,2.3307e-01
dev-corpus-01,1601,440,1.183048e-04,321,321,2.845282,2.844135,1.4365e-01
dev-corpus-01,1602,11230,2.525785e-04,279,279,7.192540,7.197850,1.1933e-01
dev-corpus-01,1603,30641,1.371326e-03,33882,33882,3.923931,3.924212,2.3930e-01
dev-corpus-01,1604,1116,6.645810e-05,321,321,1.669407,1.666797,1.5222e-01
dev-corpus-01,1605,11723,1.331860e-04,321,321,6.992541,6.999515,1.0890e-01
dev-corpus-01,1606,64618,1.918414e-03,64618,64618,2.484883,2.454918,2.8892e-01
dev-corpus-01,1607,321,2.366536e-05,321,321,0.632470,0.631524,1.2224e-01
dev-corpus-01,1608,29233,2.463534e-04,28338,1587,9.455408,9.465761,1.2628e-01
dev-corpus-01,1609,92356,1.249039e-04,92356,92356,0.106754,0.103737,1.8347e-01
dev-corpus-01,1610,22049,2.576857e-04,16359,16359,1.913669,1.937320,1.2486e-01
dev-corpus-01,1611,554,1.066793e-03,554,554,1.425550,1.376660,1.9140e-01
dev-corpus-01,1612,12,6.328446e-06,12,12,0.003536,0.003470,2.6030e-01
dev-corpus-01,1613,31,4.847680e-06,31,31,0.000979,0.000967,3.5258e-01
dev-corpus-01,1614,81735,1.244541e-04,81735,81735,0.395264,0.395927,1.8538e-01
dev-corpus-01,1615,37746,3.380852e-04,32095,32095,6.697102,6.668979,1.7204e-01
dev-corpus-01,1616,52582,5.554495e-04,52582,52582,0.091192,0.098826,3.2907e-01
dev-corpus-01,1617,641,7.784012e-05,641,641,0.201412,0.198903,1.7086e-01
dev-corpus-01,1618,561,6.023097e-04,561,561,1.458922,1.475044,2.3910e-01
dev-corpus-01,1619,7766,1.947134e-04,7766,7766,0.332506,0.340704,1.3619e-01
dev-corpus-01,1620,1892,2.203693e-04,557,557,13.042850,13.050971,1.4907e-01
dev-corpus-01,1621,279,2.793652e-04,864,864,2.721787,2.713624,1.3471e-01
dev-corpus-01,1622,1118,1.915061e-04,1118,1118,0.475730,0.473349,1.6095e-01
dev-corpus-01,1623,9209,3.121487e-04,303,303,4.764444,4.707373,1.5333e-01
dev-corpus-01,1624,4722,2.206361e-04,4722,4722,0.528791,0.537379,1.5953e-01
dev-corpus-01,1625,539,1.337384e-04,539,539,1.064013,1.058066,1.6025e-01
dev-corpus-01,1626,1587,1.421303e-05,1587,1587,0.213552,0.214693,1.4836e-01
dev-corpus-01,1627,73,4.007727e-07,73,73,0.000286,0.000276,1.8626e-01
dev-corpus-01,1628,6510,4.695755e-06,6510,6510,0.000541,0.000554,3.9422e-01
dev-corpus-01,1629,1238,2.160059e-04,1892,1892,2.665042,2.698684,1.3649e-01
dev-corpus-01,1630,551,5.243095e-04,9101,9101,1.907194,1.938833,1.5815e-01
dev-corpus-01,1631,557,3.505736e-04,2047,2047,3.610696,3.642986,1.8308e-01
dev-corpus-01,1632,8239,8.011828e-04,11878,11878,3.064101,3.095796,1.4564e-01
dev-corpus-01,1633,539,8.109615e-05,310,310,3.563833,3.611899,1.3319e-01
dev-corpus-01,1634,20228,3.085309e-04,20228,20228,1.074086,1.061765,1.4667e-01
dev-corpus-01,1635,10401,9.711570e-05,10401,10401,0.252420,0.251767,2.4789e-01
dev-corpus-01,1636,303,1.732145e-04,18867,18867,2.071326,2.081736,1.7110e-01
dev-corpus-01,1637,220,9.287855e-05,220,220,0.212177,0.207002,1.6677e-01
dev-corpus-01,1638,16,5.752482e-04,16,16,0.508227,0.536328,1.2362e-01
dev-corpus-01,1639,24,8.245260e-06,24,24,0.000546,0.000551,1.0756e+00
dev-corpus-01,1640,24,8.218991e-04,24,24,0.246256,0.225480,1.5097e-01
dev-corpus-01,1641,18,7.920175e-04,17,17,2.088086,2.105044,1.1549e-01
dev-corpus-01,1642,321,1.645081e-04,1892,1892,2.579810,2.577601,1.6116e-01
dev-corpus-01,1643,30641,5.924762e-04,2047,2047,7.505755,7.540666,1.7166e-01
dev-corpus-01,1644,10401,4.631464e-04,32118,32118,0.948993,0.981479,1.9841e-01
dev-corpus-01,1645,303,1.702024e-03,303,303,0.842674,0.898913,2.0726e-01
dev-corpus-01,1646,220,6.925111e-06,220,220,0.008013,0.008086,2.0250e-01
dev-corpus-01,1647,17,7.299722e-04,17,17,0.465915,0.438945,1.9123e+00
dev-corpus-01,1648,15,1.422688e-04,15,15,0.001258,0.000781,1.0050e+00
dev-corpus-01,1649,15,9.393264e-05,15,15,0.112736,0.108082,2.0934e-01
dev-corpus-01,1650,23,2.190513e-05,15,15,2.709804,2.701565,1.2557e-01
dev-corpus-01,1651,1892,2.850324e-04,1892,1892,0.355617,0.357158,3.0519e-01
dev-corpus-01,1652,557,2.842891e-04,557,557,1.095443,1.074150,1.6140e-01
dev-corpus-01,1653,10579,5.994826e-04,5698,5698,4.672080,4.666315,1.6087e-01
dev-corpus-01,1654,539,1.359733e-04,539,539,1.021237,1.023522,1.5823e-01
dev-corpus-01,1655,780,2.455095e-04,1587,1587,2.465135,2.441531,1.2555e-01
dev-corpus-01,1656,1765,1.555697e-04,1765,1765,0.200577,0.197284,1.4932e-01
dev-corpus-01,1657,2306,8.547842e-05,2306,2306,0.849280,0.840007,1.1722e-01
dev-corpus-01,1658,1116,3.106191e-04,1116,1116,0.562066,0.552906,1.3090e-01
dev-corpus-01,1659,6017,4.297766e-04,1587,1587,8.134568,8.154211,1.1828e-01
dev-corpus-01,1660,308,5.369274e-04,67529,67529,2.555272,2.559251,1.4803e-01
dev-corpus-01,1661,31754,1.536617e-03,31754,31754,0.215306,0.240122,1.8830e-01
dev-corpus-01,1662,10388,1.151433e-04,10388,10388,0.110353,0.114172,1.3824e-01
dev-corpus-01,1663,641,6.556905e-04,10401,10401,1.817109,1.842947,1.4945e-01
dev-corpus-01,1664,695,5.320118e-04,561,561,2.960532,2.924695,2.5799e-01
dev-corpus-01,1665,1158,1.368326e-03,410,410,12.946628,12.864795,2.8395e-01
dev-corpus-01,1666,3736,7.011496e-05,3736,3736,0.126278,0.124928,1.5191e-01
dev-corpus-01,1667,321,3.695308e-05,314,314,6.099925,6.109335,1.3899e-01
dev-corpus-01,1668,5158,1.216796e-03,5158,5158,1.191514,1.215222,1.9973e-01
dev-corpus-01,1669,303,8.375080e-05,539,539,3.000871,2.985492,1.2528e-01
dev-corpus-01,1670,264,1.290473e-03,220,6163,2.973987,3.031142,2.1501e-01
dev-corpus-01,1671,1007,4.944509e-04,7792,7792,3.358840,3.359093,2.0830e-01
dev-corpus-01,1672,1116,2.924726e-04,321,321,1.233487,1.246918,2.2632e-01
dev-corpus-01,1673,279,4.087996e-04,279,279,0.564540,0.558299,2.4415e-01
dev-corpus-01,1674,3150,1.158116e-04,7766,7766,3.638005,3.672647,1.8689e-01
dev-corpus-01,1675,14973,3.281249e-04,557,557,5.894511,5.890303,1.7231e-01
dev-corpus-01,1676,1587,3.641392e-05,264,264,1.319122,1.327110,1.2764e-01
dev-corpus-01,1677,73,1.265238e-07,73,73,0.000666,0.000667,1.4350e-01
dev-corpus-01,1678,6510,5.642829e-06,6510,6510,0.000518,0.000480,6.5223e-01
dev-corpus-01,1679,321,9.876643e-05,359,359,8.348449,8.304702,2.4736e-01
dev-corpus-01,1680,52582,1.278683e-03,780,780,2.503866,2.375753,1.9250e-01
dev-corpus-01,1681,359,1.411715e-04,359,359,0.160198,0.161704,1.6426e-01
dev-corpus-01,1682,11400,1.238695e-03,1118,1118,4.717308,4.685979,1.9034e-01
dev-corpus-01,1683,19421,1.702520e-04,19421,19421,0.255819,0.261483,1.8140e-01
dev-corpus-01,1684,641,1.619624e-04,641,641,1.131740,1.136613,1.7183e-01
dev-corpus-01,1685,1690,4.700728e-04,561,561,5.566471,5.572099,2.4672e-01
dev-corpus-01,1686,16623,2.905733e-04,279,279,5.847437,5.909312,2.2066e-01
dev-corpus-01,1687,12476,1.230784e-04,12476,12476,0.030407,0.032714,2.0482e-01
dev-corpus-01,1688,1116,1.767626e-04,1116,1116,0.098123,0.102100,1.8541e-01
dev-corpus-01,1689,1587,9.939719e-05,1587,1587,0.306532,0.311566,1.2746e-01
dev-corpus-01,1690,73,1.487274e-07,73,73,0.000280,0.000280,1.7685e-01
dev-corpus-01,1691,6510,4.068334e-06,6510,6510,0.000623,0.000678,4.3047e-01
dev-corpus-01,1692,4523,3.754809e-04,321,321,7.273904,7.282648,1.6472e-01
dev-corpus-01,1693,310,1.293311e-04,310,310,0.053672,0.057017,1.7311e-01
dev-corpus-01,1694,780,1.417278e-04,279,279,1.236090,1.227145,1.5466e-01
dev-corpus-01,1695,30332,7.247120e-04,19101,19101,4.468991,4.421621,2.1321e-01
dev-corpus-01,1696,4950,5.410124e-04,1647,1647,2.897869,2.874129,1.4248e-01
dev-corpus-01,1697,1238,1.302935e-04,314,314,5.220047,5.194515,1.5146e-01
dev-corpus-01,1698,780,2.526962e-04,264,264,2.516379,2.482682,2.1592e-01
dev-corpus-01,1699,64134,6.017746e-04,220,220,7.762765,7.776786,1.7425e-01
dev-corpus-01,1700,291,6.040062e-04,291,291,0.266651,0.247976,1.4342e-01
dev-corpus-01,1701,24125,2.059072e-04,6206,6206,2.508115,2.506389,1.3835e-01
dev-corpus-01,1702,364,2.285884e-04,383,383,3.033177,2.983700,1.6415e-01
dev-corpus-01,1703,13412,4.760840e-04,279,279,13.397358,13.396374,1.9749e-01
dev-corpus-01,1704,235840,4.755959e-04,8903,8903,5.693270,5.674529,1.5558e-01
dev-corpus-01,1705,423,2.084887e-03,84854,84854,8.480771,8.398207,2.4249e-01
dev-corpus-01,1706,38531,1.380789e-03,38531,38531,1.161898,1.171192,1.7791e-01
dev-corpus-01,1707,318,2.651150e-04,318,318,1.013354,1.016130,2.4043e-01
dev-corpus-01,1708,220,4.770747e-05,220,220,0.061439,0.062532,2.4867e-01
dev-corpus-01,1709,17,3.494329e-05,17,17,0.010931,0.011814,1.8759e-01
dev-corpus-01,1710,15,1.426008e-05,15,15,0.000614,0.000592,8.4101e-01
dev-corpus-01,1711,16,8.479713e-06,15,15,2.344586,2.332354,1.5397e-01
dev-corpus-01,1712,15,1.680947e-04,15,15,0.296082,0.304163,1.2970e-01
dev-corpus-01,1713,847,2.457100e-05,847,847,0.020615,0.019987,2.1496e-01
dev-corpus-01,1714,641,1.347312e-04,641,641,0.840980,0.842407,3.4985e-01
dev-corpus-01,1715,5788,4.557746e-04,561,561,5.104156,5.095734,1.7163e-01
dev-corpus-01,1716,16876,1.527671e-03,279,279,5.603914,5.663443,1.8828e-01
dev-corpus-01,1717,279,4.059299e-04,279,279,0.488184,0.504209,1.8353e-01
dev-corpus-01,1718,14827,9.998107e-05,7766,7766,7.336182,7.287225,1.3206e-01
dev-corpus-01,1719,1116,7.726481e-04,1116,1116,0.955427,0.918363,1.5119e-01
dev-corpus-01,1720,551,1.135847e-04,1587,1587,1.648943,1.660018,2.2827e-01
dev-corpus-01,1721,995,6.013912e-04,995,995,1.614143,1.600071,1.9133e-01
dev-corpus-01,1722,1429,7.781958e-04,94044,94044,4.998111,4.985161,1.5677e-01
dev-corpus-01,1723,16253,3.196843e-04,264,264,8.008553,7.962056,1.3713e-01
dev-corpus-01,1724,22591,7.128565e-04,22591,22591,1.445172,1.485592,1.6193e-01
dev-corpus-01,1725,310,6.801037e-05,321,321,3.990688,4.007884,1.2065e-01
dev-corpus-01,1726,38406,1.659967e-04,1791,1791,5.648522,5.622961,1.1823e-01
dev-corpus-01,1727,780,1.400335e-04,780,780,0.689238,0.700429,1.4108e-01
dev-corpus-01,1728,4950,1.178876e-04,4950,4950,0.783342,0.784451,1.3370e-01
dev-corpus-01,1729,1116,1.396951e-04,641,641,1.654495,1.670076,1.5467e-01
dev-corpus-01,1730,3322,6.526814e-04,694,694,6.009996,5.937289,1.9819e-01
dev-corpus-01,1731,11192,5.439039e-04,978,978,6.691647,6.683237,1.9817e-01
dev-corpus-01,1732,1092,2.159579e-04,264,264,6.968553,6.964479,1.1889e-01
dev-corpus-01,1733,995,1.611083e-04,551,551,6.161212,6.159631,1.6508e-01
dev-corpus-01,1734,978,4.965515e-04,978,978,0.631033,0.656104,1.6142e-01
dev-corpus-01,1735,2512,1.915104e-04,7246,7246,2.145196,2.162298,1.5084e-01
dev-corpus-01,1736,264,3.335065e-04,9609,9609,1.603419,1.584682,2.1941e-01
dev-corpus-01,1737,328,1.163009e-03,9609,9609,1.765542,1.736443,2.1139e-01
dev-corpus-01,1738,35463,2.929720e-04,69235,69235,4.011857,4.034583,1.3513e-01
dev-corpus-01,1739,554,2.148326e-04,471,471,6.573989,6.503265,1.4883e-01
dev-corpus-01,1740,12,8.344092e-06,12,12,0.003888,0.003871,1.7455e-01
dev-corpus-01,1741,31,8.019776e-04,31,31,0.028328,0.034779,2.2834e-01
dev-corpus-01,1742,1441,1.312728e-04,1441,1441,0.265905,0.264583,2.4757e-01
dev-corpus-01,1743,42606,4.285122e-04,328,328,4.005156,4.099565,1.3941e-01
dev-corpus-01,1744,4879,3.133089e-04,328,328,8.800594,8.792862,1.4188e-01
dev-corpus-01,1745,328,6.689314e-05,328,328,0.097832,0.101043,1.1299e-01
dev-corpus-01,1746,303,7.263055e-05,641,641,3.526741,3.522675,1.5856e-01
dev-corpus-01,1747,780,2.663032e-04,279,279,2.209221,2.191814,1.5587e-01
dev-corpus-01,1748,4477,3.171046e-04,220,220,4.292095,4.247437,1.2854e-01
dev-corpus-01,1749,641,7.061411e-05,641,641,0.138276,0.138445,1.5934e-01
dev-corpus-01,1750,16623,3.572778e-04,695,695,2.712261,2.718765,1.6489e-01
dev-corpus-01,1751,12476,4.580818e-06,12476,12476,0.015318,0.015185,1.8573e-01
dev-corpus-01,1752,682,2.116889e-04,1116,1116,4.007597,3.983860,1.2741e-01
dev-corpus-01,1753,978,3.397362e-04,264,264,1.653077,1.681503,1.6754e-01
dev-corpus-01,1754,7463,2.586226e-04,7246,7246,3.195398,3.183698,1.3206e-01
dev-corpus-01,1755,310,2.565141e-05,310,310,0.206139,0.204141,1.1957e-01
dev-corpus-01,1756,780,9.055540e-05,780,780,0.792283,0.789750,1.2274e-01
dev-corpus-01,1757,6575,2.455165e-04,220,220,2.159631,2.141940,1.2688e-01
dev-corpus-01,1758,35810,2.388442e-04,26788,26788,4.597154,4.636980,1.5047e-01
dev-corpus-01,1759,1116,2.534479e-04,1116,1116,1.449657,1.433125,1.6710e-01
dev-corpus-01,1760,21016,1.729788e-04,1680,1680,14.335622,14.299473,1.4018e-01
dev-corpus-01,1761,3362,1.481312e-04,3362,3362,0.093335,0.098399,2.0706e-01
dev-corpus-01,1762,318,6.355846e-04,401,401,1.280604,1.315683,2.2993e-01
dev-corpus-01,1763,220,2.312583e-05,220,220,0.008566,0.008839,1.5875e-01
dev-corpus-01,1764,16,3.442092e-04,16,16,0.300837,0.316641,1.1983e-01
dev-corpus-01,1765,24,4.038897e-07,24,24,0.000267,0.000261,3.1745e-01
dev-corpus-01,1766,24,2.615182e-04,24,24,0.072409,0.066335,1.0587e-01
dev-corpus-01,1767,19,1.892456e-04,21,21,2.116267,2.119638,1.1506e-01
dev-corpus-01,1768,847,1.746140e-05,847,847,0.012631,0.013181,1.7241e-01
dev-corpus-01,1769,321,5.444880e-05,321,321,0.251072,0.256091,1.7962e-01
dev-corpus-01,1770,20637,2.385880e-04,3851,3851,9.500811,9.484737,1.1617e-01
dev-corpus-01,1771,2233,9.808649e-04,318,318,4.823873,4.885343,2.3009e-01
dev-corpus-01,1772,301,6.135832e-05,301,301,0.012232,0.011143,2.9836e-01
dev-corpus-01,1773,392,3.327579e-06,392,392,0.003279,0.003289,2.9913e-01
dev-corpus-01,1774,78,2.193387e-05,78,78,0.005944,0.005809,1.4991e-01
dev-corpus-01,1775,318,9.145412e-06,318,318,0.023866,0.023440,1.8373e-01
dev-corpus-01,1776,220,3.474289e-06,220,220,0.001621,0.001700,1.9862e-01
dev-corpus-01,1777,16,3.993943e-05,16,16,0.424259,0.427195,2.0671e+00
dev-corpus-01,1778,24,1.911982e-05,24,24,0.001450,0.001328,6.8756e-01
dev-corpus-01,1779,24,9.653273e-06,24,24,0.017929,0.018520,1.3949e-01
dev-corpus-01,1780,18,2.085311e-04,21,21,3.548148,3.512128,1.9644e-01
dev-corpus-01,1781,847,9.570543e-06,847,847,0.005413,0.005673,2.7184e-01
dev-corpus-01,1782,641,8.377952e-05,641,641,0.480905,0.477748,2.3632e-01
dev-corpus-01,1783,695,7.391115e-04,695,695,0.553356,0.565029,2.7543e-01
dev-corpus-01,1784,16623,1.822430e-03,561,561,1.848502,1.820122,5.5059e-01
dev-corpus-01,1785,12476,3.097841e-05,12476,12476,0.022349,0.022831,3.0530e-01
dev-corpus-01,1786,5924,1.469060e-03,557,557,4.462263,4.412755,3.2875e-01
dev-corpus-01,1787,1587,1.496387e-04,1587,1587,0.839105,0.834584,1.5233e-01
dev-corpus-01,1788,73,4.616130e-07,73,73,0.000315,0.000322,1.8804e-01
dev-corpus-01,1789,6510,1.836722e-07,6510,6510,0.000101,0.000101,1.9014e-01
dev-corpus-01,1790,359,5.436682e-05,359,359,0.051545,0.052046,1.4419e-01
dev-corpus-01,1791,82,3.166027e-06,82,82,0.005292,0.005469,2.1928e-01
dev-corpus-01,1792,11400,3.764414e-04,1118,1118,4.181114,4.157014,1.5384e-01
dev-corpus-01,1793,1324,3.275075e-04,23173,23173,2.873379,2.894518,1.6984e-01
dev-corpus-01,1794,554,4.041763e-05,799,799,0.871446,0.878936,1.9098e-01
dev-corpus-01,1795,12,8.942908e-07,12,12,0.000286,0.000304,2.0514e-01
dev-corpus-01,1796,31,1.357940e-06,31,31,0.000181,0.000198,2.8068e-01
dev-corpus-01,1797,799,3.553232e-05,799,799,0.016697,0.016301,3.0055e-01
dev-corpus-01,1798,7766,2.374093e-04,7766,7766,0.174574,0.177525,1.7382e-01
dev-corpus-01,1799,383,5.015264e-05,303,303,1.335561,1.321142,1.4692e-01
dev-corpus-01,1800,279,1.465378e-04,279,279,0.193767,0.191990,2.0302e-01
dev-corpus-01,1801,63957,9.917906e-04,63957,63957,1.149341,1.137717,2.2029e-01
dev-corpus-01,1802,6694,8.941842e-04,18867,18867,1.312116,1.367077,2.2572e-01
dev-corpus-01,1803,18867,1.926800e-04,18867,18867,0.012806,0.014833,2.6849e-01
dev-corpus-01,1804,83731,1.112810e-04,83731,83731,0.029201,0.031300,2.7749e-01
dev-corpus-01,1805,1332,6.548220e-05,9207,9207,10.889934,10.881198,1.6252e-01
dev-corpus-01,1806,424,8.537386e-05,424,424,0.382191,0.383588,1.6378e-01
dev-corpus-01,1807,55174,3.860551e-04,55174,55174,0.913977,0.887298,1.2535e-01
dev-corpus-01,1808,364,1.220529e-04,506,506,8.619929,8.614562,1.5634e-01
dev-corpus-01,1809,279,9.718548e-04,279,279,1.146108,1.110437,1.5016e-01
dev-corpus-01,1810,1936,3.075246e-04,1936,1936,0.488452,0.500990,1.6886e-01
dev-corpus-01,1811,13004,5.815785e-05,314,314,1.693369,1.685588,1.3238e-01
dev-corpus-01,1812,220,8.238586e-04,220,220,0.337871,0.313687,1.2176e-01
dev-corpus-01,1813,17,2.938926e-05,17,17,0.613129,0.611815,1.6112e-01
dev-corpus-01,1814,17,4.512110e-04,20,20,3.424863,3.397934,1.9501e-01
dev-corpus-01,1815,6324,4.203790e-04,6324,6324,0.181719,0.172811,2.3783e-01
dev-corpus-01,1816,220,2.411262e-05,220,220,0.086722,0.087454,1.4214e-01
dev-corpus-01,1817,17,1.677235e-06,17,17,0.001832,0.001887,3.7433e-01
dev-corpus-01,1818,15,4.027536e-06,15,15,0.000555,0.000603,8.7567e-01
dev-corpus-01,1819,16,4.650350e-07,16,16,0.000650,0.000629,1.6407e-01
dev-corpus-01,1820,16,2.893222e-06,16,16,0.008643,0.008447,2.9793e-01
dev-corpus-01,1821,641,1.762339e-04,641,641,0.525124,0.528864,1.7860e-01
dev-corpus-01,1822,1690,2.552479e-04,1049,1049,4.612221,4.588006,2.2708e-01
dev-corpus-01,1823,58614,3.124754e-04,279,279,9.594818,9.595577,2.9662e-01
dev-corpus-01,1824,2397,1.549944e-04,5381,5381,5.125837,5.119622,1.5096e-01
dev-corpus-01,1825,554,2.661535e-04,554,554,0.271972,0.262668,1.2379e-01
dev-corpus-01,1826,12,2.942710e-07,12,12,0.000031,0.000035,1.9747e-01
dev-corpus-01,1827,31,8.920474e-07,31,31,0.000123,0.000115,5.2736e-01
dev-corpus-01,1828,23173,1.484966e-05,23173,23173,0.026688,0.026491,2.0145e-01
dev-corpus-01,1829,5381,7.332080e-06,5381,5381,0.007950,0.007896,1.8220e-01
dev-corpus-01,1830,424,2.354320e-04,1116,1116,2.246379,2.233957,1.6524e-01
dev-corpus-01,1831,38480,1.706341e-04,14195,14195,3.500835,3.523244,1.5189e-01
dev-corpus-01,1832,279,5.785943e-05,279,279,0.088124,0.089648,1.7435e-01
dev-corpus-01,1833,18867,1.487186e-04,9207,9207,2.150396,2.163713,1.5096e-01
dev-corpus-01,1834,9948,1.819155e-03,83731,83731,1.505067,1.575379,2.5492e-01
dev-corpus-01,1835,83731,3.439735e-04,83731,83731,0.382382,0.381078,2.8222e-01
dev-corpus-01,1836,9207,5.508017e-05,9207,9207,0.204675,0.205373,1.3236e-01
dev-corpus-01,1837,1116,4.454327e-04,641,641,1.610504,1.617125,1.3163e-01
dev-corpus-01,1838,321,3.156410e-04,321,321,1.001274,0.990630,1.5146e-01
dev-corpus-01,1839,8379,1.587386e-04,364,364,3.043525,3.053455,1.4281e-01
dev-corpus-01,1840,1324,5.993840e-04,1324,1324,0.720665,0.752131,1.6374e-01
dev-corpus-01,1841,799,2.140432e-04,554,554,2.261800,2.238041,1.1554e-01
dev-corpus-01,1842,383,2.845997e-04,383,383,0.219196,0.229059,1.4831e-01
dev-corpus-01,1843,279,1.759728e-04,279,279,0.177277,0.174872,1.8162e-01
dev-corpus-01,1844,22555,1.037841e-03,18867,18867,3.970507,3.922937,1.8846e-01
dev-corpus-01,1845,83731,4.812822e-04,83731,83731,1.008574,0.980804,2.1963e-01
dev-corpus-01,1846,20613,7.749446e-05,9207,9207,1.651091,1.635226,2.1278e-01
dev-corpus-01,1847,641,1.981132e-04,641,641,0.626475,0.640348,1.5472e-01
dev-corpus-01,1848,1049,5.342182e-04,695,695,1.638960,1.634353,2.5569e-01
dev-corpus-01,1849,369,3.735526e-04,557,557,3.005831,2.985690,2.0747e-01
dev-corpus-01,1850,780,3.193044e-04,1587,1587,2.353072,2.399365,2.0683e-01
dev-corpus-01,1851,17175,5.018070e-04,1118,1118,3.488196,3.445780,1.5606e-01
dev-corpus-01,1852,23173,5.555253e-04,23173,23173,1.185187,1.180395,1.4708e-01
dev-corpus-01,1853,7766,4.109311e-04,1324,1324,2.159455,2.186829,1.6527e-01
dev-corpus-01,1854,310,1.898054e-04,310,310,0.262099,0.260068,2.6927e-01
dev-corpus-01,1855,9207,3.069150e-04,5372,5372,2.552053,2.558297,1.2990e-01
dev-corpus-01,1856,383,2.015857e-04,303,303,1.010324,0.988648,1.5578e-01
dev-corpus-01,1857,279,1.284730e-04,279,279,0.284270,0.278369,1.7285e-01
dev-corpus-01,1858,63957,3.034173e-04,63957,63957,0.662936,0.682175,1.5202e-01
dev-corpus-01,1859,220,2.806932e-04,6694,6694,2.230610,2.284091,2.1471e-01
dev-corpus-01,1860,17,1.712128e-05,17,17,0.006355,0.006734,2.4731e-01
dev-corpus-01,1861,15,1.437674e-05,15,15,0.000269,0.000245,1.6777e+00
dev-corpus-01,1862,15,1.772474e-06,15,15,0.000163,0.000186,4.5680e-01
dev-corpus-01,1863,318,2.711588e-04,1116,1116,3.396028,3.385691,2.5470e-01
dev-corpus-01,1864,18176,7.409772e-04,220,220,3.119918,3.133493,2.0176e-01
dev-corpus-01,1865,1324,2.084753e-04,1324,1324,0.667273,0.672647,1.5865e-01
dev-corpus-01,1866,50614,1.682461e-04,220,220,6.701726,6.742141,1.4529e-01
dev-corpus-01,1867,554,1.005859e-04,554,554,0.382862,0.388869,1.4192e-01
dev-corpus-01,1868,12,1.163196e-06,12,12,0.000180,0.000199,2.2089e-01
dev-corpus-01,1869,31,8.989530e-05,31,31,0.016153,0.014524,4.7434e-01
dev-corpus-01,1870,4097,4.641262e-04,4590,4590,2.162044,2.158823,2.2146e-01
dev-corpus-01,1871,847,2.885159e-05,847,847,0.190681,0.192183,1.8846e-01
dev-corpus-01,1872,1116,1.587079e-04,641,641,1.342334,1.324377,2.3598e-01
dev-corpus-01,1873,321,1.100553e-03,321,321,0.662347,0.654910,3.6382e-01
dev-corpus-01,1874,780,3.286489e-04,780,780,0.982645,0.970331,1.6946e-01
dev-corpus-01,1875,11400,2.382334e-04,1118,1118,2.729796,2.746360,1.2640e-01
dev-corpus-01,1876,7766,1.833101e-04,23173,23173,2.752847,2.727695,1.4768e-01
dev-corpus-01,1877,310,8.320227e-05,310,310,0.262064,0.257647,1.9056e-01
dev-corpus-01,1878,9207,1.417312e-04,9207,9207,0.842501,0.848870,1.8498e-01
dev-corpus-01,1879,303,9.043899e-05,383,383,1.957791,1.943826,1.6826e-01
dev-corpus-01,1880,17163,2.277597e-04,279,279,3.652553,3.590762,2.0488e-01
dev-corpus-01,1881,318,3.682036e-04,641,641,1.512014,1.542370,1.8911e-01
dev-corpus-01,1882,1016,2.193507e-04,18176,18176,2.036513,2.072741,1.5063e-01
dev-corpus-01,1883,1703,1.491416e-07,1703,1703,0.000074,0.000078,1.9412e-01
dev-corpus-01,1884,506,3.503503e-05,506,506,0.029021,0.028071,1.9923e-01
dev-corpus-01,1885,1324,9.215949e-05,1324,1324,0.196655,0.201942,1.1838e-01
dev-corpus-01,1886,50614,4.941672e-04,16570,16570,3.548298,3.593188,1.0378e-01
dev-corpus-01,1887,554,3.219418e-04,554,554,0.129120,0.130802,1.1994e-01
dev-corpus-01,1888,12,7.207117e-08,12,12,0.000022,0.000022,3.6403e-01
dev-corpus-01,1889,31,3.665099e-05,31,31,0.003293,0.003763,9.1412e-01
dev-corpus-01,1890,7810,1.072066e-04,4590,4590,2.239269,2.245434,1.3797e-01
dev-corpus-01,1891,847,7.619885e-05,847,847,0.082438,0.079584,2.2402e-01
dev-corpus-01,1892,641,4.175134e-05,641,641,0.113603,0.114900,2.0098e-01
dev-corpus-01,1893,23475,3.606527e-04,695,695,7.642505,7.633212,3.1153e-01
dev-corpus-01,1894,799,2.193354e-04,279,279,3.459165,3.447200,1.5066e-01
dev-corpus-01,1895,1936,1.390362e-04,2182,2182,1.445919,1.428127,1.2630e-01
dev-corpus-01,1896,1238,3.241036e-05,314,314,3.389087,3.379386,1.5651e-01
dev-corpus-01,1897,1141,1.686591e-04,1141,1141,0.908165,0.906131,1.5724e-01
dev-corpus-01,1898,4722,5.404322e-05,4722,4722,0.115701,0.116492,1.2132e-01
dev-corpus-01,1899,16623,1.357011e-04,1116,1116,5.290758,5.301232,1.7959e-01
dev-corpus-01,1900,12476,2.177272e-06,12476,12476,0.004597,0.004563,2.0922e-01
dev-corpus-01,1901,557,6.701770e-04,557,557,1.172328,1.154395,2.2561e-01
dev-corpus-01,1902,22196,7.424292e-04,22196,22196,0.307703,0.292226,2.0058e-01
dev-corpus-01,1903,6414,1.183403e-04,7186,7186,1.233569,1.220376,1.5538e-01
dev-corpus-01,1904,303,4.493204e-05,539,539,0.767958,0.775094,1.7474e-01
dev-corpus-01,1905,31907,3.364666e-04,11920,11920,4.941909,4.967464,1.3449e-01
dev-corpus-01,1906,1116,2.879996e-04,321,321,1.273340,1.242156,1.5886e-01
dev-corpus-01,1907,279,7.492883e-04,321,321,4.073321,4.100866,1.8976e-01
dev-corpus-01,1908,3516,6.780100e-04,1118,1118,2.424882,2.464011,1.8494e-01
dev-corpus-01,1909,4042,2.034244e-04,4042,4042,0.166564,0.175234,1.2534e-01
dev-corpus-01,1910,321,7.698989e-05,321,321,0.682075,0.671968,1.8394e-01
dev-corpus-01,1911,11920,1.481301e-04,11920,11920,0.883977,0.878298,1.6719e-01
dev-corpus-01,1912,321,9.892530e-05,641,641,3.140718,3.099884,1.4072e-01
dev-corpus-01,1913,22196,8.374929e-05,60131,60131,3.398092,3.386533,1.6004e-01
dev-corpus-01,1914,60131,6.445809e-05,60131,60131,0.132388,0.129681,1.4697e-01
dev-corpus-01,1915,303,6.098452e-06,303,303,0.020302,0.020198,1.8236e-01
dev-corpus-01,1916,34713,2.098687e-04,30046,30046,4.848766,4.856048,1.2188e-01
dev-corpus-01,1917,321,1.197642e-04,641,641,1.432220,1.414241,1.3399e-01
dev-corpus-01,1918,30046,4.329824e-04,30046,30046,1.543940,1.578928,1.5634e-01
dev-corpus-01,1919,641,4.406033e-05,641,641,0.113098,0.110398,1.7786e-01
dev-corpus-01,1920,695,7.580594e-04,695,695,0.867458,0.869432,2.7022e-01
dev-corpus-01,1921,20285,1.210208e-03,16623,16623,8.564875,8.771658,4.3871e-01
dev-corpus-01,1922,16878,1.243150e-03,16878,16878,1.570565,1.519094,2.7945e-01
dev-corpus-01,1923,599,4.556296e-05,998,998,2.451289,2.433454,1.3923e-01
dev-corpus-01,1924,978,1.304526e-05,978,978,0.022303,0.022336,1.4520e-01
dev-corpus-01,1925,5698,8.671405e-05,5698,5698,0.096462,0.098858,1.4469e-01
dev-corpus-01,1926,494,2.917576e-05,494,494,0.108645,0.110276,1.3072e-01
dev-corpus-01,1927,279,5.169948e-05,279,279,0.165486,0.162032,1.0913e-01
dev-corpus-01,1928,7766,3.195242e-05,7766,7766,0.115362,0.114115,1.9897e-01
dev-corpus-01,1929,641,2.129177e-04,535,535,1.199729,1.179760,1.7028e-01
dev-corpus-01,1930,561,1.728181e-04,328,328,1.236144,1.242252,2.0209e-01
dev-corpus-01,1931,2895,1.077824e-04,1118,1118,1.304033,1.300571,1.4128e-01
dev-corpus-01,1932,3074,5.621334e-05,3074,3074,0.043401,0.045199,1.8857e-01
dev-corpus-01,1933,1116,1.267322e-04,1116,1116,0.760148,0.768870,1.3871e-01
dev-corpus-01,1934,328,6.609041e-04,328,328,0.299822,0.284471,1.9280e-01
dev-corpus-01,1935,3851,2.377571e-04,3851,3851,2.838039,2.851507,1.2830e-01
dev-corpus-01,1936,185357,4.837377e-04,351,351,3.872599,3.881518,1.9318e-01
dev-corpus-01,1937,328,9.961211e-04,328,328,1.869055,1.915443,2.2314e-01
dev-corpus-01,1938,1116,1.635676e-04,1116,1116,0.668315,0.661201,2.7863e-01
dev-corpus-01,1939,5924,6.389018e-05,557,557,3.252100,3.263847,1.3205e-01
dev-corpus-01,1940,264,5.389667e-05,1587,1587,2.143304,2.130944,1.3324e-01
dev-corpus-01,1941,8094,2.925181e-04,1324,1324,4.409358,4.457697,1.6335e-01
dev-corpus-01,1942,2316,1.092464e-04,2316,2316,0.428861,0.429099,1.2782e-01
dev-corpus-01,1943,303,1.185542e-04,303,303,1.000021,1.004145,1.4134e-01
dev-corpus-01,1944,3679,2.616678e-04,18867,18867,3.504424,3.464440,1.5358e-01
dev-corpus-01,1945,18867,7.970249e-05,18867,18867,0.758720,0.763668,1.1974e-01
dev-corpus-01,1946,3567,1.737073e-04,3567,3567,0.167424,0.162834,1.4440e-01
dev-corpus-01,1947,5656,1.589100e-04,5656,5656,0.113015,0.107485,1.2555e-01
dev-corpus-01,1948,321,4.995226e-05,641,641,1.566344,1.553967,1.2444e-01
dev-corpus-01,1949,557,1.513247e-04,557,557,1.628582,1.624550,1.1281e-01
dev-corpus-01,1950,1324,1.948883e-04,22196,22196,4.737161,4.706232,1.3701e-01
dev-corpus-01,1951,799,1.751576e-04,799,799,0.345855,0.353168,1.2715e-01
dev-corpus-01,1952,383,9.708911e-06,383,383,0.673350,0.674688,1.4587e-01
dev-corpus-01,1953,279,1.728871e-04,279,279,0.224796,0.220694,1.9202e-01
dev-corpus-01,1954,63957,8.450506e-04,63957,63957,1.639552,1.673125,1.7232e-01
dev-corpus-01,1955,18867,9.828128e-05,18867,18867,0.398443,0.396916,2.1321e-01
dev-corpus-01,1956,37804,5.340180e-04,9948,9948,1.934855,1.916907,2.5283e-01
dev-corpus-01,1957,321,5.338153e-05,9207,9207,3.352750,3.355228,1.4311e-01
dev-corpus-01,1958,18867,5.996441e-04,18867,18867,1.242801,1.223037,2.0923e-01
dev-corpus-01,1959,9948,7.828677e-04,423,423,1.361234,1.324358,2.3525e-01
dev-corpus-01,1960,37804,8.206169e-04,37804,37804,0.640707,0.605264,2.6327e-01
dev-corpus-01,1961,25296,5.970253e-05,25296,25296,0.299615,0.295935,1.3326e-01
dev-corpus-01,1962,641,1.251580e-04,641,641,0.779089,0.792668,1.3062e-01
dev-corpus-01,1963,1049,1.665127e-04,561,561,2.308529,2.309778,1.7421e-01
dev-corpus-01,1964,557,2.350875e-04,557,557,0.879644,0.893753,1.2926e-01
dev-corpus-01,1965,7854,3.433637e-04,1048,1048,2.942229,2.992219,1.8947e-01
dev-corpus-01,1966,539,5.203504e-05,539,539,0.039936,0.039600,1.4699e-01
dev-corpus-01,1967,328,8.990951e-05,328,328,0.351583,0.346687,1.9959e-01
dev-corpus-01,1968,28296,1.619073e-04,3851,3851,6.368378,6.374436,1.3902e-01
dev-corpus-01,1969,16284,7.267633e-04,2337,2337,1.987723,1.931677,1.8121e-01
dev-corpus-01,1970,179314,6.359559e-04,328,328,3.939394,4.074659,1.7970e-01
dev-corpus-01,1971,328,1.106815e-04,328,328,0.093703,0.092484,1.6583e-01
dev-corpus-01,1972,318,8.278505e-05,1116,1116,2.338786,2.356826,1.3635e-01
dev-corpus-01,1973,15963,7.730242e-04,1324,1324,3.120557,3.153826,1.9827e-01
dev-corpus-01,1974,469,2.370467e-04,29233,29233,6.346641,6.355812,1.2772e-01
dev-corpus-01,1975,5923,2.404626e-04,5923,5923,0.268767,0.267622,2.1848e-01
dev-corpus-01,1976,75497,8.569508e-03,75497,75497,0.449347,0.363968,3.6022e-01
dev-corpus-01,1977,847,1.944126e-05,847,847,0.059804,0.059836,1.3346e-01
dev-corpus-01,1978,1116,1.131804e-04,1116,1116,0.648836,0.650633,1.5384e-01
dev-corpus-01,1979,864,2.551317e-04,328,328,1.860000,1.892972,1.9261e-01
dev-corpus-01,1980,8379,1.038188e-04,557,557,1.729696,1.734566,1.6423e-01
dev-corpus-01,1981,1324,3.919071e-05,1324,1324,0.323676,0.325647,1.3591e-01
dev-corpus-01,1982,799,2.005383e-04,799,799,1.212964,1.227578,1.2543e-01
dev-corpus-01,1983,383,1.174844e-05,383,383,0.165221,0.166055,1.3319e-01
dev-corpus-01,1984,279,4.203475e-05,279,279,0.130705,0.130056,1.3903e-01
dev-corpus-01,1985,18867,5.913243e-04,63957,63957,1.295249,1.332375,1.5046e-01
dev-corpus-01,1986,9948,8.500459e-04,9948,9948,0.683650,0.649101,2.0720e-01
dev-corpus-01,1987,37804,1.047996e-04,37804,37804,0.144459,0.140153,2.1078e-01
dev-corpus-01,1988,1116,2.102691e-05,9207,9207,4.089505,4.089955,1.2922e-01
dev-corpus-01,1989,1324,8.654061e-04,321,321,3.259067,3.262735,1.9877e-01
dev-corpus-01,1990,1330,1.359553e-04,1330,1330,0.907445,0.917824,1.1225e-01
dev-corpus-01,1991,383,2.698077e-05,383,383,0.028001,0.026859,1.5521e-01
dev-corpus-01,1992,279,2.825719e-05,279,279,0.125787,0.124046,1.1842e-01
dev-corpus-01,1993,18867,5.819446e-04,18867,18867,0.466561,0.486288,1.9647e-01
dev-corpus-01,1994,37804,3.730947e-04,423,423,1.021812,1.004658,2.1622e-01
dev-corpus-01,1995,25296,4.590758e-05,321,321,2.506323,2.492853,1.0952e-01
dev-corpus-01,1996,321,2.454031e-04,321,321,0.448188,0.449620,1.5459e-01
dev-corpus-01,1997,38480,2.024959e-04,1324,1324,2.933978,2.957436,1.2600e-01
dev-corpus-01,1998,3679,7.619397e-05,279,279,5.199984,5.205036,1.5247e-01
dev-corpus-01,1999,975,4.627807e-04,18867,18867,1.709631,1.673287,1.4124e-01
dev-corpus-01,2000,5145,2.663061e-04,25296,25296,3.213237,3.213594,1.2263e-01
dev-corpus-01,2001,25296,1.708602e-04,25296,25296,0.257299,0.261457,1.4676e-01
dev-corpus-01,2002,641,4.809599e-05,641,641,0.430772,0.428150,1.1923e-01
dev-corpus-01,2003,328,2.267627e-04,561,328,1.290293,1.284584,2.2023e-01
dev-corpus-01,2004,20112,1.960021e-04,3851,3851,4.398656,4.414560,1.2718e-01
dev-corpus-01,2005,4470,2.845685e-04,182248,182248,5.905383,5.975887,1.4680e-01
dev-corpus-01,2006,667,5.986714e-05,667,667,0.604417,0.595416,1.9753e-01
dev-corpus-01,2007,1297,6.205168e-04,328,328,4.128555,4.114373,2.4308e-01
dev-corpus-01,2008,2088,1.585965e-03,436,436,4.241860,4.240651,2.0612e-01
dev-corpus-01,2009,179740,4.296681e-04,426,426,5.448849,5.525182,1.8978e-01
dev-corpus-01,2010,387,4.920333e-04,11620,11620,6.020166,6.056557,2.4271e-01
dev-corpus-01,2011,20149,9.064828e-04,20149,20149,0.795441,0.802872,2.1717e-01
dev-corpus-01,2012,8426,2.213488e-06,8426,8426,0.000838,0.000796,2.3213e-01
dev-corpus-01,2013,57298,2.105870e-04,57298,57298,0.264461,0.262572,1.8748e-01
dev-corpus-01,2014,5405,8.997662e-06,5405,5405,0.010812,0.010682,1.7029e-01
dev-corpus-01,2015,328,1.082196e-05,328,328,0.027603,0.027696,1.6109e-01
dev-corpus-01,2016,557,2.727606e-04,557,557,1.430207,1.411972,1.5457e-01
dev-corpus-01,2017,5698,2.178976e-04,279,279,1.374949,1.364533,1.5849e-01
dev-corpus-01,2018,303,7.559561e-05,430,430,1.098846,1.102770,1.3828e-01
dev-corpus-01,2019,3114,1.839286e-04,220,220,3.182594,3.176019,1.1245e-01
dev-corpus-01,2020,220,5.806036e-05,220,220,0.079860,0.077911,1.4785e-01
dev-corpus-01,2021,17,6.083529e-07,17,17,0.002835,0.002852,3.5633e-01
dev-corpus-01,2022,15,3.214721e-06,15,15,0.000538,0.000509,1.6679e+00
dev-corpus-01,2023,16,3.262475e-07,16,16,0.000641,0.000653,1.4057e-01
dev-corpus-01,2024,17,8.820510e-05,17,17,0.105645,0.108491,1.1810e-01
dev-corpus-01,2025,2502,1.030763e-04,321,321,4.287228,4.315528,1.3096e-01
dev-corpus-01,2026,328,3.570562e-04,424,424,2.282678,2.237804,1.6531e-01
dev-corpus-01,2027,2568,1.438557e-04,3851,3851,4.089929,4.107602,1.0701e-01
dev-corpus-01,2028,3297,3.374469e-04,3297,3297,1.638404,1.616002,1.7435e-01
dev-corpus-01,2029,42146,3.102629e-04,42146,42146,0.116188,0.108288,1.6993e-01
dev-corpus-01,2030,328,1.761606e-04,328,328,0.499833,0.505535,1.5015e-01
dev-corpus-01,2031,303,1.724476e-04,557,557,2.267386,2.276239,1.2748e-01
dev-corpus-01,2032,5589,5.543580e-05,5361,5361,1.743522,1.752213,8.6860e-02
dev-corpus-01,2033,220,2.471606e-05,220,220,0.176736,0.175049,1.7909e-01
dev-corpus-01,2034,17,2.875486e-05,17,17,0.001647,0.001429,9.4267e-01
dev-corpus-01,2035,15,5.811424e-06,15,15,0.000849,0.000934,3.1186e-01
dev-corpus-01,2036,16,1.571711e-06,16,16,0.000136,0.000136,4.2863e-01
dev-corpus-01,2037,17,8.459979e-06,17,17,0.004926,0.004718,1.8250e-01
dev-corpus-01,2038,1116,5.422409e-05,2502,2502,2.059129,2.062248,1.1094e-01
dev-corpus-01,2039,321,4.486686e-04,321,321,0.360019,0.369168,1.8145e-01
dev-corpus-01,2040,328,3.351527e-05,328,328,0.202371,0.202517,1.9099e-01
dev-corpus-01,2041,11493,1.538738e-04,3851,3851,4.291715,4.285110,1.2064e-01
dev-corpus-01,2042,27713,2.576274e-04,2088,2088,3.649293,3.643749,1.3826e-01
dev-corpus-01,2043,2233,3.865219e-04,629,629,2.099692,2.071742,1.7296e-01
dev-corpus-01,2044,59725,5.307316e-04,9124,9124,6.214919,6.246939,1.9566e-01
dev-corpus-01,2045,166406,4.553730e-05,166406,166406,0.155905,0.158470,1.5955e-01
dev-corpus-01,2046,328,9.759903e-06,328,328,0.019980,0.019808,1.7675e-01
dev-corpus-01,2047,303,3.199912e-04,303,303,0.246971,0.238591,1.8036e-01
dev-corpus-02,2048,3856,2.952289e-04,283,283,6.519180,6.513406,1.2046e-01
dev-corpus-02,2049,70577,2.850412e-04,220,220,9.317687,9.396064,2.2459e-01
dev-corpus-02,2050,353,4.796727e-03,14016,14016,1.800818,1.902711,3.0144e-01
dev-corpus-02,2051,55603,8.129256e-04,3593,3593,2.227047,2.221774,2.7275e-01
dev-corpus-02,2052,283,1.102145e-03,283,283,0.762085,0.727898,2.1467e-01
dev-corpus-02,2053,30858,2.160487e-04,198,198,12.594234,12.598008,2.6622e-01
dev-corpus-02,2054,561,1.108613e-03,410,410,7.477747,7.512407,3.5238e-01
dev-corpus-02,2055,3856,2.001324e-04,5753,5753,1.791719,1.771183,1.6234e-01
dev-corpus-02,2056,70577,1.943677e-04,70577,70577,0.056270,0.051952,1.8030e-01
dev-corpus-02,2057,353,2.439558e-04,353,353,0.174582,0.167982,1.9996e-01
dev-corpus-02,2058,557,1.998674e-04,557,557,0.804722,0.795121,1.6470e-01
dev-corpus-02,2059,264,5.947971e-05,264,264,0.582845,0.585028,2.0786e-01
dev-corpus-02,2060,523,7.734055e-04,5753,5753,1.305844,1.285923,2.2528e-01
dev-corpus-02,2061,314,9.195728e-06,314,314,0.006596,0.006763,1.8620e-01
dev-corpus-02,2062,2526,7.508485e-04,5753,5753,4.302749,4.322712,3.6186e-01
dev-corpus-02,2063,33101,1.154774e-03,5753,5753,3.249348,3.238490,2.5798e-01
dev-corpus-02,2064,82588,1.139150e-03,82588,82588,0.559334,0.538684,2.4687e-01
dev-corpus-02,2065,318,1.460632e-04,5617,5617,2.229252,2.235176,1.5560e-01
dev-corpus-02,2066,533,5.727105e-04,52,52,4.511460,4.475812,1.8524e-01
dev-corpus-02,2067,554,2.008778e-04,12,12,14.962958,14.860307,4.0200e-01
dev-corpus-02,2068,12,1.146083e-03,2436,2436,3.005989,3.006363,2.5684e-01
dev-corpus-02,2069,31,1.099317e-03,1191,1191,9.412109,9.327088,2.6116e-01
dev-corpus-02,2070,30592,9.966830e-04,1191,1191,3.254222,3.339009,2.4773e-01
dev-corpus-02,2071,847,1.291798e-04,8,8,1.007147,1.010272,1.4040e-01
dev-corpus-02,2072,5617,3.933572e-04,5617,5617,0.775255,0.753727,1.6414e-01
dev-corpus-02,2073,303,7.129478e-04,364,364,1.848889,1.799570,1.5853e-01
dev-corpus-02,2074,9564,7.910888e-04,9564,9564,0.560303,0.529775,2.0953e-01
dev-corpus-02,2075,506,6.549245e-05,2261,2261,2.221650,2.222827,1.6276e-01
dev-corpus-02,2076,279,1.441202e-05,279,279,0.010450,0.010162,2.0379e-01
dev-corpus-02,2077,6941,4.209522e-05,6941,6941,0.563273,0.563305,2.4539e-01
dev-corpus-02,2078,314,1.995464e-06,314,314,0.006933,0.006926,1.2964e-01
dev-corpus-02,2079,279,2.202975e-04,4196,4196,1.206246,1.177534,1.4509e-01
dev-corpus-02,2080,5339,1.388519e-04,5339,5339,0.355566,0.358193,1.6684e-01
dev-corpus-02,2081,4196,4.892989e-06,4196,4196,0.004350,0.004523,1.9010e-01
dev-corpus-02,2082,4843,5.686322e-06,4843,4843,0.002217,0.002067,2.4598e-01
dev-corpus-02,2083,641,8.920938e-05,13,13,2.006268,2.021806,1.4836e-01
dev-corpus-02,2084,220,1.712004e-04,561,561,3.922053,3.866919,1.3031e-01
dev-corpus-02,2085,17,1.542951e-04,16,16,2.028973,2.033570,1.7509e-01
dev-corpus-02,2086,15,5.702023e-04,15,15,1.256897,1.215088,3.3958e-01
dev-corpus-02,2087,30592,1.069848e-03,15,15,2.623025,2.640715,2.4661e-01
dev-corpus-02,2088,998,2.014235e-05,998,998,0.546001,0.546558,1.4357e-01
dev-corpus-02,2089,19729,3.361193e-04,5617,5617,3.424921,3.449270,1.8593e-01
dev-corpus-02,2090,1116,2.634736e-04,303,303,3.081691,3.063544,1.4392e-01
dev-corpus-02,2091,1379,2.465585e-04,220,220,5.010154,5.001221,1.4875e-01
dev-corpus-02,2092,314,1.393161e-04,314,314,0.477565,0.477611,1.3814e-01
dev-corpus-02,2093,864,2.627709e-05,1070,1070,0.839727,0.846726,1.3659e-01
dev-corpus-02,2094,3804,1.409094e-04,998,998,4.630631,4.641889,1.6525e-01
dev-corpus-02,2095,1083,8.949191e-05,310,310,1.459730,1.463111,1.5633e-01
dev-corpus-02,2096,2393,6.357445e-05,2393,2393,0.147662,0.148532,1.5305e-01
dev-corpus-02,2097,440,2.299244e-04,303,303,1.358788,1.371479,1.4017e-01
dev-corpus-02,2098,279,5.790518e-05,279,279,0.104895,0.103027,1.8208e-01
dev-corpus-02,2099,5753,3.664007e-04,5753,5753,0.675658,0.660696,2.1055e-01
dev-corpus-02,2100,28936,1.305520e-04,28936,28936,0.527404,0.526702,1.8018e-01
dev-corpus-02,2101,18463,6.042338e-05,18463,18463,0.080685,0.081312,1.6568e-01
dev-corpus-02,2102,641,6.476615e-04,641,641,1.251680,1.227644,1.6119e-01
dev-corpus-02,2103,2436,8.108557e-04,220,220,8.022319,8.017152,1.3386e-01
dev-corpus-02,2104,1798,1.132321e-05,1798,1798,0.017559,0.017355,1.3893e-01
dev-corpus-02,2105,314,6.931984e-04,314,314,1.032470,1.001724,1.3380e-01
dev-corpus-02,2106,411,2.457649e-04,411,411,0.361730,0.374158,1.6851e-01
dev-corpus-02,2107,2790,5.802503e-05,523,523,4.365957,4.334957,1.6546e-01
dev-corpus-02,2108,998,1.361082e-04,998,998,0.374213,0.374865,1.5416e-01
dev-corpus-02,2109,1048,3.817503e-04,1048,1048,1.689002,1.672702,1.7077e-01
dev-corpus-02,2110,22428,2.839016e-04,5617,5617,2.995425,2.989148,1.5183e-01
dev-corpus-02,2111,539,2.400168e-05,539,539,0.079412,0.079421,1.4469e-01
dev-corpus-02,2112,279,1.152044e-04,279,279,0.587354,0.591958,1.3876e-01
dev-corpus-02,2113,12555,4.338952e-04,12555,12555,1.023582,1.043485,1.8126e-01
dev-corpus-02,2114,298,3.864502e-06,298,298,0.003978,0.004011,1.4846e-01
dev-corpus-02,2115,554,7.628398e-05,10951,10951,4.486903,4.425940,1.3901e-01
dev-corpus-02,2116,12,9.328451e-05,12,12,0.113374,0.114698,1.7531e-01
dev-corpus-02,2117,31,7.701444e-05,31,31,0.060089,0.061999,2.4419e-01
dev-corpus-02,2118,54871,2.110269e-05,54871,54871,0.048739,0.047869,1.5493e-01
dev-corpus-02,2119,18463,6.991395e-04,18463,18463,0.877259,0.842408,1.7082e-01
dev-corpus-02,2120,318,1.369895e-04,321,321,2.507504,2.509344,1.3741e-01
dev-corpus-02,2121,64702,6.916313e-04,220,220,8.320804,8.371304,2.1386e-01
dev-corpus-02,2122,19395,1.043526e-04,19395,19395,0.153556,0.154915,2.5222e-01
dev-corpus-02,2123,1962,2.959319e-04,1962,1962,0.207768,0.205176,1.8808e-01
dev-corpus-02,2124,181245,8.033211e-04,22661,22661,2.121741,2.208855,1.9826e-01
dev-corpus-02,2125,19395,2.779989e-06,19395,19395,0.004743,0.004871,1.3571e-01
dev-corpus-02,2126,163935,3.668425e-04,22248,22248,1.601918,1.590397,2.3570e-01
dev-corpus-02,2127,3445,7.709223e-06,3445,3445,0.005493,0.005687,1.7238e-01
dev-corpus-02,2128,71688,1.588671e-06,71688,71688,0.002291,0.002363,1.7525e-01
dev-corpus-02,2129,466,1.049645e-04,847,847,4.138611,4.093194,1.5931e-01
dev-corpus-02,2130,710,2.546929e-04,710,710,0.556099,0.549924,1.7903e-01
dev-corpus-02,2131,11299,1.491897e-04,11299,11299,1.097082,1.101068,1.7642e-01
dev-corpus-02,2132,11024,3.720641e-05,11024,11024,0.104509,0.102097,2.1485e-01
dev-corpus-02,2133,13,1.875154e-04,13,13,0.806953,0.797137,1.5208e-01
dev-corpus-02,2134,163935,3.137436e-04,163935,163935,0.559866,0.576472,1.5726e-01
dev-corpus-02,2135,3445,4.695829e-07,3445,3445,0.000840,0.000853,1.4204e-01
dev-corpus-02,2136,71688,7.228484e-07,71688,71688,0.001271,0.001258,1.2475e-01
dev-corpus-02,2137,847,3.685689e-05,847,847,0.213494,0.210048,1.3984e-01
dev-corpus-02,2138,321,8.855077e-05,321,321,0.781626,0.778420,1.5562e-01
dev-corpus-02,2139,279,1.932272e-04,279,279,0.391996,0.396148,1.6947e-01
dev-corpus-02,2140,85573,7.056802e-04,66675,66675,1.923705,1.960750,1.9041e-01
dev-corpus-02,2141,18463,9.507352e-05,18463,18463,0.209339,0.205522,1.8882e-01
dev-corpus-02,2142,641,2.915260e-04,641,641,0.704295,0.686421,1.4786e-01
dev-corpus-02,2143,561,1.939265e-04,198,198,2.058044,2.066485,1.6365e-01
dev-corpus-02,2144,1809,1.470461e-04,3856,3856,9.455289,9.451729,1.4192e-01
dev-corpus-02,2145,369,3.443485e-04,314,314,2.925229,2.901236,1.7022e-01
dev-corpus-02,2146,6807,5.023098e-04,6807,6807,2.278161,2.284898,1.6356e-01
dev-corpus-02,2147,3750,2.850273e-04,13464,13464,3.021819,3.032865,1.1963e-01
dev-corpus-02,2148,430,2.953224e-05,430,430,0.122122,0.121938,1.5727e-01
dev-corpus-02,2149,279,5.468156e-05,279,279,0.189056,0.190861,2.0364e-01
dev-corpus-02,2150,70577,4.188415e-04,70577,70577,1.741564,1.733609,1.8763e-01
dev-corpus-02,2151,554,8.910120e-04,353,353,2.630749,2.635734,1.8251e-01
dev-corpus-02,2152,12,1.198717e-04,12,12,0.074899,0.076863,2.1684e-01
dev-corpus-02,2153,31,3.203659e-05,31,31,0.025940,0.026036,2.5686e-01
dev-corpus-02,2154,220,3.515678e-04,353,353,1.953211,1.940305,1.8781e-01
dev-corpus-02,2155,16,2.091195e-04,16,16,0.629529,0.624257,2.1588e-01
dev-corpus-02,2156,523,2.860666e-04,24,24,1.569775,1.556398,1.5035e-01
dev-corpus-02,2157,1238,7.631684e-05,641,641,7.140215,7.086968,1.2522e-01
dev-corpus-02,2158,13322,5.170653e-05,279,279,13.177488,13.184662,1.4860e-01
dev-corpus-02,2159,70577,9.932156e-05,70577,70577,0.058862,0.060049,2.9650e-01
dev-corpus-02,2160,554,9.812317e-05,554,554,0.287424,0.284197,2.2679e-01
dev-corpus-02,2161,12,4.160675e-06,12,12,0.001745,0.001826,1.9869e-01
dev-corpus-02,2162,31,6.271489e-06,31,31,0.006031,0.005890,3.6759e-01
dev-corpus-02,2163,220,7.122146e-06,220,220,0.014101,0.014206,1.9830e-01
dev-corpus-02,2164,16,1.226013e-05,16,16,0.021039,0.020376,1.8014e-01
dev-corpus-02,2165,1116,1.871928e-04,1116,1116,0.745261,0.731449,1.7771e-01
dev-corpus-02,2166,279,1.157938e-04,279,279,0.206750,0.201775,1.5799e-01
dev-corpus-02,2167,523,1.655765e-04,1118,1118,4.661302,4.717442,1.5780e-01
dev-corpus-02,2168,7410,2.945772e-04,7410,7410,0.491530,0.476910,1.5333e-01
dev-corpus-02,2169,641,9.092161e-05,641,641,0.469619,0.473189,1.7895e-01
dev-corpus-02,2170,733,2.059691e-04,198,198,4.606992,4.627370,1.5803e-01
dev-corpus-02,2171,279,6.201984e-04,220,220,1.984444,1.971532,1.8833e-01
dev-corpus-02,2172,12555,6.436414e-04,5753,5753,3.908138,3.871344,1.8849e-01
dev-corpus-02,2173,298,1.468722e-06,298,298,0.002983,0.002950,1.6133e-01
dev-corpus-02,2174,554,1.284142e-04,554,554,0.054755,0.051791,1.3456e-01
dev-corpus-02,2175,12,1.709332e-06,12,12,0.001802,0.001870,1.4092e-01
dev-corpus-02,2176,31,1.948210e-06,31,31,0.002059,0.001985,2.8209e-01
dev-corpus-02,2177,54871,1.162228e-05,54871,54871,0.012234,0.012493,2.1580e-01
dev-corpus-02,2178,18463,1.283183e-04,18463,18463,0.594986,0.599538,1.5228e-01
dev-corpus-02,2179,1116,1.047940e-04,1116,1116,0.836716,0.824477,1.4538e-01
dev-corpus-02,2180,424,1.483421e-04,279,279,3.382413,3.367239,1.3351e-01
dev-corpus-02,2181,557,2.771745e-05,557,557,0.175229,0.173312,1.5088e-01
dev-corpus-02,2182,2512,7.929535e-05,3750,3750,2.499599,2.483744,1.6551e-01
dev-corpus-02,2183,279,1.041741e-04,279,279,0.196827,0.199530,2.1743e-01
dev-corpus-02,2184,533,6.284425e-04,533,533,0.889882,0.864884,1.7483e-01
dev-corpus-02,2185,554,8.436058e-04,554,554,0.568435,0.542315,2.1297e-01
dev-corpus-02,2186,12,6.823021e-06,12,12,0.005909,0.005786,1.8485e-01
dev-corpus-02,2187,31,7.093166e-04,31,31,0.036910,0.030145,3.3956e-01
dev-corpus-02,2188,220,2.376195e-04,220,220,0.252867,0.242763,2.1468e-01
dev-corpus-02,2189,16,7.958907e-05,16,16,0.546015,0.546690,2.5520e-01
dev-corpus-02,2190,15,1.563313e-04,523,523,3.517017,3.494367,1.7357e-01
dev-corpus-02,2191,523,2.539008e-04,523,523,0.649139,0.664005,1.8636e-01
dev-corpus-02,2192,641,1.509943e-04,641,641,0.531276,0.531862,1.3446e-01
dev-corpus-02,2193,695,2.322059e-04,198,198,1.713884,1.742456,2.0461e-01
dev-corpus-02,2194,31959,1.689029e-04,410,410,6.543587,6.537374,1.5072e-01
dev-corpus-02,2195,310,2.455202e-04,303,303,2.332120,2.293230,1.5551e-01
dev-corpus-02,2196,3258,6.985144e-04,264,264,4.078608,4.087042,1.7802e-01
dev-corpus-02,2197,279,2.135821e-04,279,279,0.657458,0.650426,1.8029e-01
dev-corpus-02,2198,1144,4.536374e-04,32556,32556,1.982076,1.974701,1.7798e-01
dev-corpus-02,2199,364,4.926381e-05,364,364,0.083717,0.082621,1.6196e-01
dev-corpus-02,2200,2526,3.067202e-04,264,264,1.627249,1.619848,1.8809e-01
dev-corpus-02,2201,42649,3.917688e-04,82588,82588,11.383401,11.327769,1.3563e-01
dev-corpus-02,2202,470,1.232356e-04,470,470,0.135810,0.140825,1.7700e-01
dev-corpus-02,2203,82588,2.205960e-04,82588,82588,1.136359,1.139068,1.4290e-01
dev-corpus-02,2204,2858,2.466877e-04,364,364,4.836078,4.796266,1.3859e-01
dev-corpus-02,2205,310,1.867838e-06,310,310,0.002961,0.002902,1.2668e-01
dev-corpus-02,2206,14061,1.405426e-04,14061,14061,0.582153,0.583164,1.5664e-01
dev-corpus-02,2207,303,2.295182e-04,303,303,0.679821,0.667367,1.4996e-01
dev-corpus-02,2208,279,1.038969e-04,33101,33101,1.415892,1.410010,1.3878e-01
dev-corpus-02,2209,14590,4.129657e-04,33101,33101,2.977287,2.971110,1.5047e-01
dev-corpus-02,2210,1116,6.457678e-04,33101,33101,5.432764,5.459568,1.5244e-01
dev-corpus-02,2211,24785,4.920272e-04,24785,24785,0.539401,0.556385,1.4379e-01
dev-corpus-02,2212,49998,6.348768e-05,19895,19895,4.614276,4.647885,1.3971e-01
dev-corpus-02,2213,974,4.466135e-04,314,314,3.384810,3.353472,1.5245e-01
dev-corpus-02,2214,426,7.772348e-05,279,279,7.117549,7.068844,1.9431e-01
dev-corpus-02,2215,82036,5.856863e-06,82036,82036,0.003214,0.003040,2.0455e-01
dev-corpus-02,2216,1116,8.746829e-05,321,321,1.209684,1.204909,1.8111e-01
dev-corpus-02,2217,279,3.858837e-04,279,279,0.761442,0.771083,2.5009e-01
dev-corpus-02,2218,29001,2.440670e-04,70577,70577,6.331818,6.351996,1.1779e-01
dev-corpus-02,2219,998,1.426054e-04,998,998,0.417409,0.419475,1.4189e-01
dev-corpus-02,2220,10287,5.580067e-04,5995,5995,3.999077,3.994760,1.4205e-01
dev-corpus-02,2221,310,3.679349e-05,310,310,0.389988,0.385581,1.3766e-01
dev-corpus-02,2222,381,2.954833e-04,381,381,1.315886,1.322485,1.6023e-01
dev-corpus-02,2223,5964,5.977311e-04,1429,1429,5.693366,5.711343,1.4816e-01
dev-corpus-02,2224,19729,4.111556e-04,19729,19729,1.266071,1.259094,1.8823e-01
dev-corpus-02,2225,1116,1.423917e-04,321,321,2.677692,2.668163,1.3775e-01
dev-corpus-02,2226,1179,8.446133e-04,11533,11533,6.606898,6.639891,1.6780e-01
dev-corpus-02,2227,26380,6.060689e-04,25241,25241,4.124989,4.129722,1.5024e-01
dev-corpus-02,2228,539,2.418161e-04,310,310,2.499123,2.464414,2.0812e-01
dev-corpus-02,2229,13176,2.543108e-04,13176,13176,0.300813,0.289956,1.5365e-01
dev-corpus-02,2230,321,2.699750e-04,310,310,2.879228,2.893011,1.7616e-01
dev-corpus-02,2231,32878,4.269993e-04,32878,32878,0.566072,0.562873,2.0471e-01
dev-corpus-02,2232,506,2.779399e-04,506,506,0.837333,0.826988,1.5741e-01
dev-corpus-02,2233,836,2.066429e-04,836,836,0.878121,0.879582,1.9627e-01
dev-corpus-02,2234,2548,2.707126e-04,8833,8833,4.922698,4.853715,1.4481e-01
dev-corpus-02,2235,314,1.325719e-04,314,314,0.096479,0.093361,1.6491e-01
dev-corpus-02,2236,5488,2.430306e-04,8833,8833,2.565283,2.563587,1.7553e-01
dev-corpus-02,2237,641,8.355877e-05,641,641,0.184878,0.181696,1.4084e-01
dev-corpus-02,2238,561,2.036375e-04,561,561,1.777897,1.760881,1.4513e-01
dev-corpus-02,2239,2790,4.304151e-04,70577,70577,2.759754,2.767496,1.2495e-01
dev-corpus-02,2240,4879,2.616716e-04,557,557,8.486158,8.525080,1.7070e-01
dev-corpus-02,2241,5820,2.414576e-04,557,557,3.110644,3.145984,1.5388e-01
dev-corpus-02,2242,303,1.006003e-04,303,303,0.260254,0.264277,1.2641e-01
dev-corpus-02,2243,4937,2.202897e-04,220,220,3.916644,3.916700,1.0747e-01
dev-corpus-02,2244,554,3.645233e-04,554,554,0.454805,0.436471,1.5389e-01
dev-corpus-02,2245,12,3.678923e-07,12,12,0.000195,0.000202,2.4045e-01
dev-corpus-02,2246,31,5.419425e-06,31,31,0.003453,0.003303,4.0220e-01
dev-corpus-02,2247,5963,8.255089e-05,220,220,3.990559,3.984893,1.4249e-01
dev-corpus-02,2248,220,1.071205e-04,220,220,0.085737,0.089207,2.7978e-01
dev-corpus-02,2249,16,1.112640e-06,16,16,0.003185,0.003215,2.4364e-01
dev-corpus-02,2250,24,8.921528e-06,24,24,0.003867,0.004115,3.1846e-01
dev-corpus-02,2251,16,5.994039e-07,16,16,0.001162,0.001161,2.0087e-01
dev-corpus-02,2252,19,5.408225e-04,19,19,0.186097,0.187193,1.5081e-01
dev-corpus-02,2253,321,2.599027e-04,1116,1116,1.614340,1.613907,1.3136e-01
dev-corpus-02,2254,539,4.840051e-04,279,279,3.745287,3.707555,1.7272e-01
dev-corpus-02,2255,4937,1.449383e-04,279,279,2.710574,2.716106,1.4681e-01
dev-corpus-02,2256,554,6.003250e-05,554,554,0.256816,0.253380,1.3764e-01
dev-corpus-02,2257,12,8.773807e-07,12,12,0.000098,0.000111,2.0188e-01
dev-corpus-02,2258,31,5.243508e-06,31,31,0.003452,0.003630,1.1707e+00
dev-corpus-02,2259,6324,1.080240e-04,5930,5930,1.219786,1.231850,1.2605e-01
dev-corpus-02,2260,279,4.056540e-04,220,220,2.084738,2.116550,1.4906e-01
dev-corpus-02,2261,1118,4.038818e-04,1118,1118,0.640090,0.645862,1.7265e-01
dev-corpus-02,2262,220,1.819547e-04,30592,30592,4.088621,4.100003,1.5315e-01
dev-corpus-02,2263,16,1.697743e-04,16,16,0.864934,0.852215,1.4219e-01
dev-corpus-02,2264,20,1.139058e-04,15,15,2.297397,2.305912,1.8005e-01
dev-corpus-02,2265,30592,1.866062e-04,30592,30592,0.759562,0.760851,2.1162e-01
dev-corpus-02,2266,998,1.419476e-04,998,998,0.509922,0.518228,1.9000e-01
dev-corpus-02,2267,11128,5.362714e-04,11128,11128,1.471613,1.516606,1.4521e-01
dev-corpus-02,2268,494,5.580946e-05,641,641,2.041924,2.051739,1.3823e-01
dev-corpus-02,2269,1330,2.192039e-04,279,279,3.917926,3.936787,1.8439e-01
dev-corpus-02,2270,5753,1.791955e-04,8026,8026,1.460596,1.467255,1.4929e-01
dev-corpus-02,2271,8026,2.625238e-04,8026,8026,0.448390,0.459311,2.6431e-01
dev-corpus-02,2272,54534,3.313314e-05,54534,54534,0.078199,0.077825,1.2715e-01
dev-corpus-02,2273,641,8.877961e-05,641,641,0.940142,0.948964,1.8886e-01
dev-corpus-02,2274,561,4.227971e-04,561,561,1.471743,1.477873,1.6127e-01
dev-corpus-02,2275,5753,3.155360e-04,1118,1118,3.695807,3.643880,1.6093e-01
dev-corpus-02,2276,28936,5.381063e-04,28936,28936,1.750113,1.739980,1.6031e-01
dev-corpus-02,2277,18463,4.970292e-05,18463,18463,0.051132,0.051740,1.6462e-01
dev-corpus-02,2278,26533,4.295556e-04,11128,11128,6.113431,6.045231,1.6902e-01
dev-corpus-02,2279,11128,2.988235e-04,11128,11128,0.843946,0.858316,1.7156e-01
dev-corpus-02,2280,449,1.700316e-04,220,220,2.134367,2.156662,1.4033e-01
dev-corpus-02,2281,4945,5.039624e-06,4945,4945,0.014329,0.014242,1.2226e-01
dev-corpus-02,2282,6505,1.441227e-03,220,220,10.436742,10.332585,1.8425e-01
dev-corpus-02,2283,314,6.563292e-05,314,314,0.665478,0.668230,1.5390e-01
dev-corpus-02,2284,30592,6.671621e-04,30592,30592,0.643594,0.666115,1.5674e-01
dev-corpus-02,2285,310,3.293452e-04,494,494,2.696764,2.711375,2.4299e-01
dev-corpus-02,2286,8032,6.344888e-04,381,381,2.647428,2.607811,2.5951e-01
dev-corpus-02,2287,1330,4.241389e-04,1330,1330,1.295542,1.316890,1.5000e-01
dev-corpus-02,2288,5898,4.413384e-04,5384,5384,8.216874,8.251713,1.8208e-01
dev-corpus-02,2289,310,1.340187e-04,310,310,0.154962,0.153810,1.7007e-01
dev-corpus-02,2290,33741,8.850064e-05,279,279,1.375353,1.388097,1.5135e-01
dev-corpus-02,2291,554,1.475660e-04,554,554,0.501620,0.506051,1.3210e-01
dev-corpus-02,2292,12,3.918611e-06,12,12,0.000969,0.001040,2.0660e-01
dev-corpus-02,2293,31,3.119856e-06,31,31,0.055862,0.055664,2.6322e-01
dev-corpus-02,2294,41361,1.180670e-04,41361,41361,0.055501,0.052475,2.2477e-01
dev-corpus-02,2295,1116,1.435042e-04,641,641,2.247742,2.226434,1.5035e-01
dev-corpus-02,2296,852,1.090656e-04,321,321,5.911527,5.952117,1.2506e-01
dev-corpus-02,2297,11128,4.443733e-04,995,995,2.182530,2.212499,1.5673e-01
dev-corpus-02,2298,264,3.844588e-04,220,220,2.050278,2.053723,1.9707e-01
dev-corpus-02,2299,4473,5.076833e-04,4473,4473,1.094873,1.093509,2.2411e-01
dev-corpus-02,2300,2250,8.314165e-04,220,220,2.751699,2.692179,2.1328e-01
dev-corpus-02,2301,30592,2.106135e-04,641,641,1.315466,1.319176,1.4435e-01
dev-corpus-02,2302,303,3.062815e-04,641,641,2.758073,2.718624,1.4221e-01
dev-corpus-02,2303,5632,8.803198e-04,6443,6443,4.384312,4.349285,1.5281e-01
dev-corpus-02,2304,220,5.135784e-05,220,220,0.144098,0.140982,1.4917e-01
dev-corpus-02,2305,16,5.273181e-06,16,16,0.002808,0.002662,2.4246e-01
dev-corpus-02,2306,24,5.216724e-07,24,24,0.000239,0.000234,7.1468e-01
dev-corpus-02,2307,16,3.888438e-07,16,16,0.000409,0.000403,1.3766e-01
dev-corpus-02,2308,20,3.437744e-05,20,20,0.024468,0.024889,1.3778e-01
dev-corpus-02,2309,641,5.219095e-05,641,641,0.206926,0.205783,1.6293e-01
dev-corpus-02,2310,357,2.411203e-04,695,695,2.823481,2.782753,1.5087e-01
dev-corpus-02,2311,2702,2.104066e-04,2702,2702,1.291411,1.289386,1.2113e-01
dev-corpus-02,2312,314,6.398865e-06,314,314,0.005748,0.005640,1.6668e-01
dev-corpus-02,2313,220,5.851892e-05,220,220,0.067522,0.069512,1.4576e-01
dev-corpus-02,2314,17,2.039132e-05,17,17,0.320433,0.318413,1.4685e-01
dev-corpus-02,2315,15,7.048404e-05,15,15,0.479373,0.482970,1.5496e-01
dev-corpus-02,2316,70577,1.920174e-04,30592,30592,1.812917,1.808555,1.4518e-01
dev-corpus-02,2317,2091,1.730182e-04,353,353,3.421139,3.469818,1.8359e-01
dev-corpus-02,2318,998,8.335279e-05,998,998,0.094970,0.094503,1.6184e-01
dev-corpus-02,2319,5617,1.784862e-04,5617,5617,0.675613,0.686992,1.2697e-01
dev-corpus-02,2320,641,3.366032e-04,641,641,1.328195,1.337218,1.4671e-01
dev-corpus-02,2321,23275,3.229568e-04,695,695,5.048009,5.093819,1.4048e-01
dev-corpus-02,2322,314,2.534361e-04,557,557,1.541092,1.518348,1.3617e-01
dev-corpus-02,2323,279,3.230143e-04,279,279,0.448615,0.449102,1.6829e-01
dev-corpus-02,2324,1118,4.291820e-04,1118,1118,1.604778,1.640206,1.8231e-01
dev-corpus-02,2325,30592,2.385670e-04,14882,14882,2.288673,2.304894,1.1553e-01
dev-corpus-02,2326,364,5.567820e-04,5820,5820,7.978427,7.956833,1.9611e-01
dev-corpus-02,2327,9564,3.049384e-04,279,279,2.896499,2.973585,1.9079e-01
dev-corpus-02,2328,5820,1.941059e-04,5820,5820,1.226946,1.245019,1.4240e-01
dev-corpus-02,2329,303,1.226715e-04,303,303,0.320827,0.323172,1.7400e-01
dev-corpus-02,2330,3988,2.268258e-04,6324,6324,3.012654,3.021080,1.1689e-01
dev-corpus-02,2331,6492,8.274676e-05,6324,6324,1.398676,1.412650,1.3097e-01
dev-corpus-02,2332,220,6.383380e-06,220,220,0.177693,0.178283,1.8234e-01
dev-corpus-02,2333,16,1.062217e-05,16,16,0.002798,0.002956,5.8977e-01
dev-corpus-02,2334,24,9.217614e-08,24,24,0.000116,0.000119,3.6231e-01
dev-corpus-02,2335,16,8.058576e-07,16,16,0.000275,0.000260,2.5725e-01
dev-corpus-02,2336,19,1.082600e-06,19,19,0.005283,0.005367,1.3240e-01
dev-corpus-02,2337,2502,1.785033e-04,321,321,3.590218,3.600094,2.7413e-01
dev-corpus-02,2338,660,2.695077e-04,279,279,3.917347,3.963030,1.6419e-01
dev-corpus-02,2339,220,1.674083e-04,220,220,1.266196,1.276886,1.4979e-01
dev-corpus-02,2340,17,1.805444e-05,17,17,0.201762,0.202809,1.3808e-01
dev-corpus-02,2341,15,1.581565e-06,15,15,0.012054,0.012048,1.2346e-01
dev-corpus-02,2342,998,1.073319e-04,30592,30592,1.208717,1.201242,1.1961e-01
dev-corpus-02,2343,7888,2.752649e-04,7888,7888,0.553179,0.552734,1.3236e-01
dev-corpus-02,2344,539,7.935021e-05,539,539,0.596588,0.591841,1.4041e-01
dev-corpus-02,2345,6324,9.152276e-05,279,279,3.226307,3.210008,1.2383e-01
dev-corpus-02,2346,220,6.291680e-06,220,220,0.011171,0.011159,1.4319e-01
dev-corpus-02,2347,16,6.361686e-05,16,16,0.004636,0.005363,2.5058e+00
dev-corpus-02,2348,24,2.063562e-05,24,24,0.001506,0.001716,4.6792e-01
dev-corpus-02,2349,16,1.065662e-03,16,16,0.004772,0.002377,3.1127e+00
dev-corpus-02,2350,20,5.123664e-04,20,20,0.165251,0.153116,6.0760e-01
dev-corpus-02,2351,641,4.341971e-05,641,641,0.122168,0.119628,2.3298e-01
dev-corpus-02,2352,24876,1.127830e-04,695,695,6.399380,6.412805,2.0014e-01
dev-corpus-02,2353,314,7.254769e-04,30592,30592,1.459211,1.464568,1.7731e-01
dev-corpus-02,2354,279,6.870303e-06,279,279,0.244013,0.243310,1.6518e-01
dev-corpus-02,2355,1118,3.929532e-04,30592,30592,3.088852,3.116399,1.6691e-01
dev-corpus-02,2356,30592,3.332392e-04,30592,30592,0.549789,0.544486,1.6149e-01
dev-corpus-02,2357,52181,4.743328e-04,998,998,6.328270,6.286860,3.8058e-01
dev-corpus-02,2358,18506,1.552898e-03,18506,18506,1.786469,1.741909,2.7239e-01
dev-corpus-02,2359,303,4.995202e-04,303,303,1.015041,1.026290,2.1356e-01
dev-corpus-02,2360,5753,5.451387e-04,279,279,3.190287,3.275962,1.9227e-01
dev-corpus-02,2361,2046,1.350496e-04,19895,19895,4.790375,4.878706,1.9188e-01
dev-corpus-02,2362,19895,5.667941e-06,19895,19895,0.015137,0.014870,1.6638e-01
dev-corpus-02,2363,1116,2.879638e-04,1518,1518,2.222115,2.203708,2.0064e-01
dev-corpus-02,2364,694,2.282554e-04,694,694,1.019749,1.029727,2.2833e-01
dev-corpus-02,2365,279,4.479197e-04,1379,1379,1.369745,1.353228,1.7194e-01
dev-corpus-02,2366,2645,3.411075e-04,8421,8421,3.115093,3.085539,1.8057e-01
dev-corpus-02,2367,998,1.831068e-04,998,998,0.293642,0.300734,3.6914e-01
dev-corpus-02,2368,32878,4.512030e-04,26380,26380,3.389022,3.445441,1.8416e-01
dev-corpus-02,2369,321,1.990730e-04,303,303,2.222923,2.226806,1.7530e-01
dev-corpus-02,2370,12152,1.089383e-03,2113,2113,2.799976,2.779313,1.9652e-01
dev-corpus-02,2371,506,1.717890e-04,303,303,1.436479,1.428007,1.6153e-01
dev-corpus-02,2372,2892,5.129602e-04,836,836,8.005926,7.970991,2.2566e-01
dev-corpus-02,2373,6543,3.223811e-04,63227,63227,2.716163,2.743048,1.8818e-01
dev-corpus-02,2374,91064,4.540215e-06,91064,91064,0.005369,0.005562,2.2672e-01
dev-corpus-02,2375,466,6.698322e-05,466,466,0.448875,0.443684,1.9889e-01
dev-corpus-02,2376,224612,1.864503e-03,224612,224612,1.638219,1.597193,2.4404e-01
dev-corpus-02,2377,641,1.320116e-04,641,641,0.661582,0.670134,1.9102e-01
dev-corpus-02,2378,561,8.073156e-05,695,695,2.062952,2.073696,1.6617e-01
dev-corpus-02,2379,5753,4.706586e-04,70577,70577,2.547003,2.579122,1.6105e-01
dev-corpus-02,2380,30592,6.382468e-04,30592,30592,0.826633,0.793410,1.7397e-01
dev-corpus-02,2381,22428,2.071855e-04,998,998,3.999734,4.047326,2.2540e-01
dev-corpus-02,2382,15048,1.967470e-04,303,303,2.695223,2.676561,1.4498e-01
dev-corpus-02,2383,303,1.236773e-04,303,303,0.443321,0.445403,1.4946e-01
dev-corpus-02,2384,279,1.076499e-04,279,279,0.096321,0.100087,2.1007e-01
dev-corpus-02,2385,426,2.291559e-04,4634,4634,5.122306,5.085656,1.4878e-01
dev-corpus-02,2386,82036,8.043023e-06,82036,82036,0.008909,0.009175,1.7491e-01
dev-corpus-02,2387,1116,3.712590e-04,2982,2982,3.081268,3.079224,2.1432e-01
dev-corpus-02,2388,69543,6.736158e-04,4634,4634,3.804506,3.851072,1.7727e-01
dev-corpus-02,2389,1116,2.188400e-04,321,321,1.248042,1.217637,2.0575e-01
dev-corpus-02,2390,321,5.210837e-04,321,321,0.338060,0.332966,1.8783e-01
dev-corpus-02,2391,88047,4.246738e-04,4634,4634,10.590919,10.609431,1.4963e-01
dev-corpus-02,2392,1125,5.109288e-05,1125,1125,0.018735,0.017491,1.8988e-01
dev-corpus-02,2393,2893,2.118819e-04,42316,42316,9.696192,9.594408,2.1388e-01
dev-corpus-02,2394,349,1.390005e-04,349,349,0.184047,0.187147,1.8607e-01
dev-corpus-02,2395,32141,8.749514e-05,32141,32141,0.083295,0.079785,1.7993e-01
dev-corpus-02,2396,641,1.841837e-04,641,641,0.643466,0.656031,1.4661e-01
dev-corpus-02,2397,561,2.030680e-04,561,561,0.872872,0.856511,2.2993e-01
dev-corpus-02,2398,30592,1.858091e-04,12555,12555,3.465033,3.470022,1.3374e-01
dev-corpus-02,2399,998,3.330635e-04,998,998,1.150197,1.165171,2.0400e-01
dev-corpus-02,2400,883,8.391207e-04,1048,1048,7.332256,7.416510,1.9718e-01
dev-corpus-02,2401,220,6.340999e-05,220,220,0.135594,0.138210,1.7689e-01
dev-corpus-02,2402,17,2.508453e-04,18,18,1.727384,1.737339,2.1266e-01
dev-corpus-02,2403,23,1.558487e-04,20,20,2.076662,2.098240,2.1579e-01
dev-corpus-02,2404,35058,5.870039e-04,19434,19434,3.211078,3.231145,1.6676e-01
dev-corpus-02,2405,318,5.362518e-05,318,318,0.481488,0.487998,1.6429e-01
dev-corpus-02,2406,220,4.420962e-05,220,220,0.165355,0.168552,2.2780e-01
dev-corpus-02,2407,24,2.077099e-05,24,24,0.024672,0.025322,2.4940e-01
dev-corpus-02,2408,17,4.062337e-05,17,17,0.130044,0.130057,1.7230e-01
dev-corpus-02,2409,10169,2.869431e-04,10169,10169,0.149060,0.158561,2.0002e-01
dev-corpus-02,2410,847,1.198895e-05,847,847,0.072009,0.072875,2.3233e-01
dev-corpus-02,2411,1248,1.073151e-05,1248,1248,0.279279,0.278410,1.4203e-01
dev-corpus-02,2412,321,8.027584e-05,321,321,0.661235,0.666811,2.1207e-01
dev-corpus-02,2413,46539,4.932900e-04,46539,46539,1.441013,1.448048,1.7174e-01
dev-corpus-02,2414,220,5.339797e-05,220,220,0.415848,0.417150,1.5982e-01
dev-corpus-02,2415,16,2.073530e-03,16,16,0.333909,0.339353,2.5911e-01
dev-corpus-02,2416,17,1.489011e-03,17,17,1.655118,1.643363,3.0383e-01
dev-corpus-02,2417,22,2.731633e-04,20,20,2.366239,2.373790,2.1433e-01
dev-corpus-02,2418,49209,1.255502e-04,19008,19008,0.898063,0.895647,2.4023e-01
dev-corpus-02,2419,318,6.808106e-04,318,318,0.406810,0.432124,2.3628e-01
dev-corpus-02,2420,220,8.728427e-05,220,220,0.035385,0.037198,2.4176e-01
dev-corpus-02,2421,16,4.159326e-05,16,16,0.032949,0.032058,1.7567e-01
dev-corpus-02,2422,17,6.041045e-05,18,18,0.971962,0.963203,2.1061e-01
dev-corpus-02,2423,20,5.253417e-03,24,24,1.405268,1.262876,2.0105e-01
dev-corpus-02,2424,1248,2.422573e-04,1248,1248,0.627724,0.640110,2.0168e-01
dev-corpus-02,2425,19008,7.986771e-05,19008,19008,0.023815,0.022810,2.4460e-01
dev-corpus-02,2426,847,7.270765e-05,847,847,0.525363,0.517639,2.9270e-01
dev-corpus-02,2427,948,2.710368e-04,383,383,2.843831,2.868916,2.0910e-01
dev-corpus-02,2428,55619,1.549993e-03,55619,55619,0.203673,0.229805,2.6550e-01
dev-corpus-02,2429,321,1.577258e-04,321,321,0.314139,0.304929,1.6670e-01
dev-corpus-02,2430,220,5.866252e-05,220,220,0.030782,0.032385,2.0428e-01
dev-corpus-02,2431,16,3.348943e-05,16,16,0.073448,0.075680,1.7659e-01
dev-corpus-02,2432,19,1.179687e-03,20,20,1.559670,1.494263,1.2583e-01
dev-corpus-02,2433,17,4.052932e-05,22,20,2.517657,2.516334,1.2032e-01
dev-corpus-02,2434,49209,3.794646e-05,49209,49209,0.041585,0.040656,1.2742e-01
dev-corpus-02,2435,318,1.042203e-05,318,318,0.023136,0.022857,1.9313e-01
dev-corpus-02,2436,220,1.610258e-06,220,220,0.004056,0.004082,1.8916e-01
dev-corpus-02,2437,16,1.794865e-04,16,16,0.000915,0.001523,3.0035e+00
dev-corpus-02,2438,19,7.090608e-03,19,19,0.254830,0.324349,5.8933e-01
dev-corpus-02,2439,15,9.799024e-05,15,15,0.016601,0.015165,5.5394e-01
dev-corpus-02,2440,1248,1.153989e-04,1248,1248,0.015252,0.015933,3.7198e-01
dev-corpus-02,2441,19008,4.645487e-07,19008,19008,0.000532,0.000542,3.1038e-01
dev-corpus-02,2442,847,1.926013e-05,847,847,0.006748,0.006670,3.9000e-01
dev-corpus-02,2443,1345,1.694043e-04,948,948,4.546066,4.509275,2.2541e-01
dev-corpus-02,2444,81179,1.418071e-05,81179,81179,0.011843,0.012092,1.7653e-01
dev-corpus-02,2445,641,1.858314e-05,641,641,0.040464,0.040168,1.7511e-01
dev-corpus-02,2446,1942,5.757875e-04,2302,2302,5.996730,6.008893,1.9777e-01
dev-corpus-02,2447,995,2.432817e-04,30592,30592,2.641130,2.648335,1.7468e-01
dev-corpus-02,2448,1330,1.848161e-04,264,264,2.866360,2.858282,2.1597e-01
dev-corpus-02,2449,14829,1.541411e-03,31694,31694,4.358321,4.389970,2.7103e-01
dev-corpus-02,2450,88716,2.042726e-04,88716,88716,0.328437,0.328467,2.4984e-01
dev-corpus-02,2451,31890,1.134231e-05,31890,31890,0.014506,0.014374,2.7476e-01
dev-corpus-02,2452,321,3.544533e-04,321,321,0.870689,0.857404,1.8078e-01
dev-corpus-02,2453,1330,4.676712e-04,11354,11354,2.570521,2.601571,2.3348e-01
dev-corpus-02,2454,5505,8.863627e-04,9249,9249,3.896094,3.945126,2.4724e-01
dev-corpus-02,2455,6659,3.272592e-06,6659,6659,0.003946,0.003948,2.1375e-01
dev-corpus-02,2456,6852,8.389960e-07,6852,6852,0.009341,0.009274,3.3020e-01
dev-corpus-02,2457,1116,1.751519e-03,11354,11354,2.257038,2.193109,2.8155e-01
dev-corpus-02,2458,321,2.844471e-04,321,321,1.465299,1.452328,2.1214e-01
dev-corpus-02,2459,998,2.846213e-04,1362,1362,2.252654,2.237702,2.3842e-01
dev-corpus-02,2460,18088,1.569391e-03,21639,21639,2.782658,2.770579,1.7747e-01
dev-corpus-02,2461,440,7.048878e-06,440,440,0.071529,0.071290,1.8156e-01
dev-corpus-02,2462,264,8.088476e-04,264,264,1.096870,1.115209,3.3994e-01
dev-corpus-02,2463,9249,6.187089e-04,220,220,2.245408,2.231305,2.9199e-01
dev-corpus-02,2464,554,1.316156e-04,5849,5849,5.870373,5.944261,3.0525e-01
dev-corpus-02,2465,12,6.820611e-06,12,12,0.000761,0.000858,2.1164e-01
dev-corpus-02,2466,31,4.188017e-04,31,31,0.021680,0.026189,3.5230e-01
dev-corpus-02,2467,21138,6.608407e-04,5849,5849,2.015345,2.100321,2.9265e-01
dev-corpus-02,2468,5484,6.827827e-04,220,220,3.022108,2.932098,2.1395e-01
dev-corpus-02,2469,5849,2.844056e-05,5849,5849,0.017865,0.017171,2.2334e-01
dev-corpus-02,2470,641,4.515900e-05,641,641,0.342418,0.340217,1.8336e-01
dev-corpus-02,2471,695,3.678898e-04,561,561,1.998853,2.025438,1.8197e-01
dev-corpus-02,2472,733,3.434533e-04,561,561,3.921851,3.915328,2.2055e-01
dev-corpus-02,2473,220,5.530216e-04,220,220,1.529800,1.561804,1.9170e-01
dev-corpus-02,2474,16,2.947217e-05,16,16,0.022947,0.024037,1.6586e-01
dev-corpus-02,2475,24,1.687465e-05,24,24,0.005755,0.005457,4.3055e-01
dev-corpus-02,2476,16,2.918290e-04,16,16,0.071187,0.065417,1.8831e-01
dev-corpus-02,2477,23,6.193482e-05,20,20,2.381894,2.361819,1.1669e-01
dev-corpus-02,2478,2943,1.273183e-04,1116,1116,6.706443,6.685060,2.0179e-01
dev-corpus-02,2479,314,3.168493e-04,314,314,1.305061,1.290534,1.4342e-01
dev-corpus-02,2480,279,1.146077e-04,279,279,0.165935,0.172239,1.6186e-01
dev-corpus-02,2481,38334,2.667545e-04,5753,5753,3.419823,3.396114,1.5790e-01
dev-corpus-02,2482,5753,1.563714e-04,5753,5753,0.684461,0.677329,1.6245e-01
dev-corpus-02,2483,30592,9.640200e-05,30592,30592,0.676468,0.669907,1.8832e-01
dev-corpus-02,2484,998,2.591651e-04,998,998,0.256579,0.264131,1.9564e-01
dev-corpus-02,2485,15625,4.554852e-04,21711,5898,2.124829,2.096639,1.5490e-01
dev-corpus-02,2486,1083,1.677004e-04,310,310,1.135175,1.123638,2.1766e-01
dev-corpus-02,2487,33101,4.293512e-04,1262,1262,4.206934,4.162354,1.5707e-01
dev-corpus-02,2488,1262,5.623123e-04,32543,32543,1.545286,1.502887,1.6251e-01
dev-corpus-02,2489,300,1.901228e-04,300,300,0.159312,0.151507,2.2715e-01
dev-corpus-02,2490,4912,4.400222e-06,4912,4912,0.012914,0.012652,2.3159e-01
dev-corpus-02,2491,641,2.467982e-04,641,641,0.874827,0.884774,1.5846e-01
dev-corpus-02,2492,4781,1.918547e-04,561,561,4.544725,4.557786,1.4568e-01
dev-corpus-02,2493,279,6.477593e-04,279,279,0.273393,0.255374,1.9913e-01
dev-corpus-02,2494,78592,1.970020e-04,220,220,9.783721,9.820315,1.5361e-01
dev-corpus-02,2495,30592,2.916039e-04,30592,30592,1.532062,1.539170,1.6807e-01
dev-corpus-02,2496,303,6.814262e-04,421,421,3.407696,3.375544,3.0000e-01
dev-corpus-02,2497,5753,4.478557e-04,5753,5753,1.175647,1.165527,2.3683e-01
dev-corpus-02,2498,2393,1.262406e-04,2393,2393,0.099096,0.096064,1.8579e-01
dev-corpus-02,2499,1116,5.498277e-04,1116,1116,0.353369,0.365669,2.4710e-01
dev-corpus-02,2500,1330,2.667828e-04,220,220,3.409987,3.431629,1.9642e-01
dev-corpus-02,2501,998,1.634823e-04,998,998,0.187945,0.183287,1.7648e-01
dev-corpus-02,2502,5898,5.168836e-04,5384,5384,4.071139,4.109986,1.6506e-01
dev-corpus-02,2503,310,8.246506e-05,310,310,0.126163,0.125708,1.6728e-01
dev-corpus-02,2504,33741,5.111876e-04,33741,33741,0.950095,0.982752,2.1343e-01
dev-corpus-02,2505,554,2.520779e-05,554,554,0.079412,0.078887,1.8677e-01
dev-corpus-02,2506,12,2.601748e-06,12,12,0.000509,0.000560,1.6740e-01
dev-corpus-02,2507,31,5.629604e-07,31,31,0.005093,0.005060,2.7828e-01
dev-corpus-02,2508,41361,5.153480e-06,41361,41361,0.012801,0.012568,1.7306e-01
dev-corpus-02,2509,1116,2.860219e-04,321,321,1.844457,1.845075,1.5952e-01
dev-corpus-02,2510,799,4.062267e-04,321,321,2.138602,2.089466,2.1439e-01
dev-corpus-02,2511,557,4.011113e-04,557,557,0.537913,0.522868,1.8225e-01
dev-corpus-02,2512,5898,1.065022e-03,5898,5898,1.384860,1.447158,1.8811e-01
dev-corpus-02,2513,310,1.187411e-05,310,310,0.013067,0.013252,1.7921e-01
dev-corpus-02,2514,56733,4.565756e-05,56733,56733,0.129156,0.128785,1.4265e-01
dev-corpus-02,2515,1116,1.435255e-04,1116,1116,0.448415,0.441224,1.7205e-01
dev-corpus-02,2516,321,1.074868e-04,321,321,0.273110,0.273607,2.1015e-01
dev-corpus-02,2517,11292,1.204056e-04,799,799,4.436260,4.410206,1.7430e-01
dev-corpus-02,2518,998,1.216011e-04,998,998,0.088603,0.085706,1.8061e-01
dev-corpus-02,2519,5384,3.944569e-04,5384,5384,0.698073,0.714264,1.6640e-01
dev-corpus-02,2520,2261,1.137988e-04,303,303,1.845848,1.853014,1.6471e-01
dev-corpus-02,2521,279,1.792447e-04,279,279,0.732411,0.728207,1.7655e-01
dev-corpus-02,2522,3980,8.049455e-05,3980,3980,0.138593,0.139393,1.6603e-01
dev-corpus-02,2523,641,1.200499e-04,641,641,0.434280,0.443057,1.7838e-01
dev-corpus-02,2524,3648,1.751255e-04,561,561,2.972973,2.972297,1.2967e-01
dev-corpus-02,2525,314,5.636783e-04,557,557,1.592564,1.612217,1.9331e-01
dev-corpus-02,2526,279,1.064793e-04,279,279,0.185715,0.190496,1.7235e-01
dev-corpus-02,2527,4097,5.430097e-04,70577,5753,4.602513,4.650260,2.0969e-01
dev-corpus-02,2528,12555,5.236008e-04,12555,12555,1.427665,1.391010,1.3727e-01
dev-corpus-02,2529,298,1.073188e-06,298,298,0.004467,0.004405,1.3816e-01
dev-corpus-02,2530,554,6.080337e-06,554,554,0.003379,0.003524,1.7220e-01
dev-corpus-02,2531,12,4.075448e-07,12,12,0.000183,0.000180,2.1639e-01
dev-corpus-02,2532,31,4.632738e-05,31,31,0.018786,0.020139,6.1657e-01
dev-corpus-02,2533,54871,4.937418e-05,54871,54871,0.020741,0.019528,1.8830e-01
dev-corpus-02,2534,30592,2.752551e-04,30592,30592,0.329658,0.316430,1.4790e-01
dev-corpus-02,2535,557,3.025134e-04,557,557,0.384833,0.396240,1.8629e-01
dev-corpus-02,2536,64897,1.573771e-04,5384,5384,2.938659,2.945028,1.8032e-01
dev-corpus-02,2537,321,4.146303e-04,539,539,1.989379,2.022135,1.8634e-01
dev-corpus-02,2538,2361,5.536388e-05,799,799,2.932041,2.925682,1.6539e-01
dev-corpus-02,2539,65386,3.166267e-04,557,557,7.007661,7.040189,1.7536e-01
dev-corpus-02,2540,321,1.559681e-03,641,641,3.090050,3.068557,2.4933e-01
dev-corpus-02,2541,524,7.186969e-04,1100,1100,6.136520,6.066761,1.9126e-01
dev-corpus-02,2542,49992,1.109325e-03,24530,24530,2.381150,2.297757,2.1250e-01
dev-corpus-02,2543,641,6.150339e-05,641,641,0.323982,0.326177,1.6813e-01
dev-corpus-02,2544,561,3.421193e-04,561,561,1.341731,1.312373,1.5111e-01
dev-corpus-02,2545,4097,5.461269e-04,9376,9376,3.110723,3.147581,1.5939e-01
dev-corpus-02,2546,38334,3.167084e-04,85573,85573,1.631188,1.609182,1.4010e-01
dev-corpus-02,2547,5753,1.892624e-04,5753,5753,1.376660,1.373891,1.4406e-01
dev-corpus-02,2548,30592,2.391905e-04,30592,30592,0.499044,0.487072,1.8118e-01
dev-corpus-02,2549,1116,1.462827e-04,998,998,3.388453,3.407249,2.0583e-01
dev-corpus-02,2550,279,7.793409e-04,1330,2583,2.471905,2.528894,1.9381e-01
dev-corpus-02,2551,2943,8.511860e-04,1330,1330,2.232941,2.231735,1.8152e-01
dev-corpus-02,2552,38334,3.744673e-04,15625,15625,3.957008,4.004498,1.8138e-01
dev-corpus-02,2553,12555,2.006780e-04,12555,12555,0.290546,0.287447,2.1915e-01
dev-corpus-02,2554,298,9.424638e-07,298,298,0.003111,0.003172,1.7476e-01
dev-corpus-02,2555,554,1.624292e-06,554,554,0.001645,0.001638,2.0006e-01
dev-corpus-02,2556,12,6.944529e-05,12,12,0.003501,0.004189,6.5527e-01
dev-corpus-02,2557,31,2.491803e-05,31,31,0.024055,0.025160,2.6935e-01
dev-corpus-02,2558,54871,1.983307e-05,54871,54871,0.035433,0.034540,1.6267e-01
dev-corpus-02,2559,30592,2.211620e-05,30592,30592,0.047476,0.046833,1.6159e-01
dev-corpus-03,2560,8645,3.565406e-04,606,606,7.865337,7.808468,1.6792e-01
dev-corpus-03,2561,25,1.885086e-03,58,58,3.380611,3.361471,2.9096e-01
dev-corpus-03,2562,198,2.051691e-05,198,198,0.058787,0.058007,1.5994e-01
dev-corpus-03,2563,309,1.901007e-04,262,262,1.427782,1.445090,1.2374e-01
dev-corpus-03,2564,12366,4.645716e-04,413,413,9.974980,10.001634,2.4244e-01
dev-corpus-03,2565,283,1.408275e-04,283,283,0.483298,0.476850,1.3803e-01
dev-corpus-03,2566,696,2.695675e-04,313,313,4.386735,4.330119,1.4299e-01
dev-corpus-03,2567,18267,2.351612e-04,447,447,11.472645,11.503551,1.1062e-01
dev-corpus-03,2568,2155,3.133490e-04,2155,2155,0.979018,0.969279,1.4789e-01
dev-corpus-03,2569,5781,4.014373e-04,3935,3935,1.700615,1.717451,1.4729e-01
dev-corpus-03,2570,8645,1.401997e-05,8645,8645,0.037229,0.037396,1.9157e-01
dev-corpus-03,2571,11,7.847387e-04,11,11,0.327172,0.348700,1.7294e-01
dev-corpus-03,2572,12366,6.345411e-04,638,638,2.817049,2.825713,1.7995e-01
dev-corpus-03,2573,8,2.965098e-05,8,8,0.057040,0.057149,1.4758e-01
dev-corpus-03,2574,198,4.756440e-05,198,198,0.137516,0.139846,2.3801e-01
dev-corpus-03,2575,285,2.124890e-04,309,309,1.532596,1.542488,1.6745e-01
dev-corpus-03,2576,653,3.176922e-04,745,745,3.646307,3.649532,1.9395e-01
dev-corpus-03,2577,12536,4.623660e-04,220,220,8.106509,8.126956,1.8557e-01
dev-corpus-03,2578,709,1.926111e-04,709,709,0.814699,0.800371,2.6223e-01
dev-corpus-03,2579,364,3.242491e-05,310,310,1.957952,1.956588,1.8459e-01
dev-corpus-03,2580,641,5.711579e-04,279,279,6.811775,6.807361,1.4237e-01
dev-corpus-03,2581,1899,3.623768e-04,447,447,5.778748,5.768796,1.6156e-01
dev-corpus-03,2582,363,1.161044e-03,363,363,1.787977,1.736327,1.6467e-01
dev-corpus-03,2583,198,9.815485e-05,198,198,0.752685,0.752622,1.7121e-01
dev-corpus-03,2584,285,1.054585e-04,285,285,0.071750,0.073623,1.9615e-01
dev-corpus-03,2585,687,1.629891e-04,687,687,0.486822,0.484383,2.0565e-01
dev-corpus-03,2586,5335,3.411852e-04,696,696,5.680525,5.690798,2.3105e-01
dev-corpus-03,2587,1212,6.751801e-04,10392,10392,5.353924,5.374415,2.1031e-01
dev-corpus-03,2588,78,3.411946e-04,1590,1590,5.756790,5.780932,2.2521e-01
dev-corpus-03,2589,1590,8.124550e-05,1590,1590,0.114146,0.117785,1.8423e-01
dev-corpus-03,2590,198,1.561574e-05,198,198,0.018383,0.018845,2.2049e-01
dev-corpus-03,2591,309,2.879078e-05,309,309,0.024361,0.025169,1.6111e-01
dev-corpus-03,2592,653,9.009368e-04,653,653,1.814953,1.804483,2.1793e-01
dev-corpus-03,2593,4109,4.099126e-04,1368,1368,3.235070,3.225425,1.8956e-01
dev-corpus-03,2594,279,1.702996e-04,413,413,3.591796,3.607779,1.9060e-01
dev-corpus-03,2595,1379,5.575448e-04,2353,2353,7.778491,7.732680,1.4323e-01
dev-corpus-03,2596,4047,1.604808e-03,3110,3110,3.391849,3.325768,2.3120e-01
dev-corpus-03,2597,1752,1.781362e-03,1105,1105,6.781626,6.716804,1.8162e-01
dev-corpus-03,2598,1118,2.221094e-04,1118,1118,1.032063,1.021061,1.9452e-01
dev-corpus-03,2599,13,5.088650e-05,198,198,2.727719,2.727095,1.8631e-01
dev-corpus-03,2600,198,1.617629e-04,198,198,0.326412,0.321302,1.4349e-01
dev-corpus-03,2601,309,7.693892e-06,309,309,0.008005,0.007913,2.3729e-01
dev-corpus-03,2602,6725,9.458169e-04,653,653,6.551402,6.602780,3.0325e-01
dev-corpus-03,2603,283,5.858344e-04,283,283,0.524336,0.529655,2.0375e-01
dev-corpus-03,2604,4396,3.989586e-04,4396,4396,0.605545,0.620205,1.5698e-01
dev-corpus-03,2605,5982,6.036282e-04,5982,5982,0.129919,0.142415,2.6309e-01
dev-corpus-03,2606,482,3.749514e-04,482,482,0.726745,0.738698,2.7868e-01
dev-corpus-03,2607,29259,2.640062e-04,29259,29259,0.336194,0.335007,2.0693e-01
dev-corpus-03,2608,837,7.465808e-05,837,837,0.040945,0.041333,2.6249e-01
dev-corpus-03,2609,466,3.225487e-05,466,466,0.610378,0.604066,1.7308e-01
dev-corpus-03,2610,4396,2.607939e-03,4396,4396,0.354609,0.313237,1.7686e-01
dev-corpus-03,2611,5982,8.991933e-06,5982,5982,0.015523,0.015662,1.8205e-01
dev-corpus-03,2612,482,4.930147e-06,482,482,0.001578,0.001489,3.5555e-01
dev-corpus-03,2613,1277,3.616751e-03,1277,1277,1.542292,1.445345,4.4709e-01
dev-corpus-03,2614,4289,6.235235e-03,4289,5531,0.788984,0.907754,3.6438e-01
dev-corpus-03,2615,837,4.286033e-05,837,837,0.008087,0.007512,2.7684e-01
dev-corpus-03,2616,198,2.484574e-05,198,198,0.046961,0.048004,2.7447e-01
dev-corpus-03,2617,309,2.441927e-05,309,309,0.012967,0.013662,1.7305e-01
dev-corpus-03,2618,413,3.153480e-04,413,413,0.379278,0.387229,2.8313e-01
dev-corpus-03,2619,6725,2.094697e-04,6725,6725,0.077398,0.081851,1.9912e-01
dev-corpus-03,2620,369,1.256547e-04,25,25,1.019868,1.010235,1.9008e-01
dev-corpus-03,2621,524,8.096322e-05,524,524,0.140309,0.145194,1.8946e-01
dev-corpus-03,2622,2168,6.794622e-07,2168,2168,0.000776,0.000773,2.0218e-01
dev-corpus-03,2623,25,1.615922e-05,25,25,0.015640,0.015000,1.7889e-01
dev-corpus-03,2624,198,7.353732e-06,198,198,0.006065,0.005928,2.9852e-01
dev-corpus-03,2625,388,3.206775e-06,388,388,0.005736,0.005797,1.6087e-01
dev-corpus-03,2626,460,2.465815e-03,653,653,2.411030,2.441416,2.6007e-01
dev-corpus-03,2627,592,7.179758e-04,6725,6725,2.105886,2.109540,1.8864e-01
dev-corpus-03,2628,78263,4.351694e-04,78263,78263,0.308748,0.322586,2.6325e-01
dev-corpus-03,2629,7426,1.806662e-04,7426,7426,0.425848,0.421446,2.5804e-01
dev-corpus-03,2630,3486,2.125830e-07,3486,3486,0.000152,0.000148,2.1744e-01
dev-corpus-03,2631,2387,6.163881e-05,2387,2387,0.034844,0.033450,2.2855e-01
dev-corpus-03,2632,198,1.813693e-04,198,198,0.054858,0.052064,3.2245e-01
dev-corpus-03,2633,309,1.804263e-05,309,309,0.026748,0.026094,1.3332e-01
dev-corpus-03,2634,413,3.901359e-04,413,413,0.649585,0.664182,1.5973e-01
dev-corpus-03,2635,4396,2.070264e-04,1363,1363,1.615847,1.649667,2.1464e-01
dev-corpus-03,2636,5982,2.432893e-05,5982,5982,0.021040,0.021196,2.6442e-01
dev-corpus-03,2637,482,7.196192e-05,482,482,0.092281,0.095637,3.8424e-01
dev-corpus-03,2638,63605,4.538985e-03,1277,1277,2.920983,2.972387,5.2397e-01
dev-corpus-03,2639,837,2.608124e-04,837,837,0.092563,0.099792,2.6441e-01
dev-corpus-03,2640,369,3.197379e-06,369,369,0.018940,0.019101,2.2570e-01
dev-corpus-03,2641,524,1.705732e-05,524,524,0.003419,0.003758,2.3923e-01
dev-corpus-03,2642,2168,8.309135e-08,2168,2168,0.000239,0.000239,1.9416e-01
dev-corpus-03,2643,25,4.270858e-06,25,25,0.001753,0.001828,2.6183e-01
dev-corpus-03,2644,198,4.287544e-06,198,198,0.004242,0.004136,3.3064e-01
dev-corpus-03,2645,388,9.167921e-07,388,388,0.002515,0.002498,1.9706e-01
dev-corpus-03,2646,460,9.650261e-05,460,460,0.173282,0.173943,1.9225e-01
dev-corpus-03,2647,638,6.114991e-04,4396,4396,5.132342,5.272166,2.4157e-01
dev-corpus-03,2648,31919,2.574975e-04,1385,1385,11.963542,11.995256,3.0127e-01
dev-corpus-03,2649,17174,9.424232e-04,17174,17174,0.234210,0.214549,2.4284e-01
dev-corpus-03,2650,198,4.697488e-03,478,478,1.829764,1.668477,2.2471e-01
dev-corpus-03,2651,309,2.052215e-04,309,309,0.044737,0.041027,5.1872e-01
dev-corpus-03,2652,413,2.590496e-04,413,413,0.800683,0.808574,2.0025e-01
dev-corpus-03,2653,4396,1.209577e-04,4396,4396,0.124856,0.125795,2.4138e-01
dev-corpus-03,2654,5982,3.708409e-06,5982,5982,0.001749,0.001747,3.4857e-01
dev-corpus-03,2655,482,1.056990e-05,482,482,0.011449,0.011118,2.6992e-01
dev-corpus-03,2656,11469,1.803405e-03,11469,11469,0.616288,0.603659,3.1459e-01
dev-corpus-03,2657,837,4.289833e-05,837,837,0.100232,0.102004,3.5220e-01
dev-corpus-03,2658,369,3.289191e-06,369,369,0.000642,0.000592,2.1103e-01
dev-corpus-03,2659,524,6.469232e-06,524,524,0.000703,0.000735,7.9160e-01
dev-corpus-03,2660,2168,7.277525e-06,2168,2168,0.000551,0.000473,2.3471e-01
dev-corpus-03,2661,25,7.674238e-07,25,25,0.001528,0.001501,2.6583e-01
dev-corpus-03,2662,198,1.564933e-05,198,198,0.002569,0.002384,7.4831e-01
dev-corpus-03,2663,388,6.475069e-06,388,388,0.004126,0.003971,2.1676e-01
dev-corpus-03,2664,638,5.460469e-04,4673,4673,3.388625,3.383677,2.4014e-01
dev-corpus-03,2665,1385,1.854852e-03,4273,4273,2.238347,2.269894,2.3256e-01
dev-corpus-03,2666,11469,1.321257e-03,815,815,2.208813,2.144942,2.8961e-01
dev-corpus-03,2667,1212,1.287984e-03,283,283,3.088256,3.157334,2.7119e-01
dev-corpus-03,2668,78,2.222716e-06,78,78,0.002325,0.002362,2.1256e-01
dev-corpus-03,2669,8,6.660360e-04,8,8,0.471974,0.472553,2.2948e-01
dev-corpus-03,2670,198,1.011205e-05,198,198,0.014247,0.013857,3.5316e-01
dev-corpus-03,2671,309,1.933502e-05,309,309,0.094444,0.095074,1.9741e-01
dev-corpus-03,2672,4673,9.968506e-04,460,460,2.612108,2.677776,2.6486e-01
dev-corpus-03,2673,14953,1.398965e-03,14953,14953,1.024200,1.032999,3.4452e-01
dev-corpus-03,2674,482,5.382262e-04,437,437,0.942111,0.929476,3.1790e-01
dev-corpus-03,2675,1743,8.477894e-04,2665,2665,2.764970,2.765978,3.5766e-01
dev-corpus-03,2676,44530,1.662965e-03,35516,35516,1.520062,1.462120,3.3391e-01
dev-corpus-03,2677,6725,1.200611e-03,5215,5215,4.879207,4.767064,4.4837e-01
dev-corpus-03,2678,1809,9.946284e-05,1809,1809,0.025372,0.026344,3.2903e-01
dev-corpus-03,2679,303,6.236821e-04,303,303,0.114814,0.113251,3.3618e-01
dev-corpus-03,2680,5215,1.896921e-03,5215,5215,0.655974,0.600009,2.8808e-01
dev-corpus-03,2681,504,9.807105e-04,359,359,1.829307,1.798854,2.6199e-01
dev-corpus-03,2682,198,4.179901e-03,198,198,0.862749,0.866136,3.4495e-01
dev-corpus-03,2683,6323,6.208597e-04,6323,6323,0.124757,0.134837,3.0228e-01
dev-corpus-03,2684,638,1.465022e-03,638,638,0.478292,0.506171,2.5178e-01
dev-corpus-03,2685,37813,4.735159e-04,37813,37813,0.443661,0.426757,3.1794e-01
dev-corpus-03,2686,8,5.817471e-04,8,8,0.243901,0.238601,2.7102e-01
dev-corpus-03,2687,198,2.658235e-05,198,198,0.327034,0.329804,2.9670e-01
dev-corpus-03,2688,285,2.764910e-04,285,285,0.138361,0.145336,2.1348e-01
dev-corpus-03,2689,460,1.274773e-03,460,638,1.030141,1.088853,2.5876e-01
dev-corpus-03,2690,638,5.014021e-04,638,638,0.644504,0.646228,3.5063e-01
dev-corpus-03,2691,37813,1.102261e-02,37813,37813,1.032381,1.231285,3.7816e-01
dev-corpus-03,2692,4168,8.648166e-04,4168,4168,0.079193,0.090285,3.2998e-01
dev-corpus-03,2693,58759,2.702955e-05,58759,58759,0.013754,0.014080,4.1005e-01
dev-corpus-03,2694,11,1.251164e-05,11,11,0.004692,0.004938,3.6465e-01
dev-corpus-03,2695,638,1.951214e-03,886,886,1.394631,1.457246,2.3192e-01
dev-corpus-03,2696,20342,3.955752e-04,37813,37813,3.012818,3.076262,2.1986e-01
dev-corpus-03,2697,8,1.615928e-04,8,8,0.066112,0.069454,2.0879e-01
dev-corpus-03,2698,271,6.204586e-05,198,198,1.130142,1.139791,1.7529e-01
dev-corpus-03,2699,262,6.388599e-04,262,262,1.133213,1.094805,2.2051e-01
dev-corpus-03,2700,687,1.467118e-04,687,687,0.156382,0.151179,2.2423e-01
dev-corpus-03,2701,5902,1.122698e-03,696,696,6.525148,6.555521,2.3811e-01
dev-corpus-03,2702,5062,6.100342e-04,5062,5062,0.717154,0.706389,2.6394e-01
dev-corpus-03,2703,7417,1.656049e-04,1153,1153,4.784019,4.674591,2.4370e-01
dev-corpus-03,2704,1153,3.328778e-05,1153,1153,0.026106,0.025421,2.0857e-01
dev-corpus-03,2705,11,1.288354e-05,11,11,0.004300,0.004001,2.2824e-01
dev-corpus-03,2706,12366,6.196174e-04,2972,2972,1.342476,1.340372,2.5687e-01
dev-corpus-03,2707,20266,1.180722e-04,5675,5675,5.485172,5.638477,2.2620e-01
dev-corpus-03,2708,23737,7.518014e-04,18267,18267,5.066495,5.110405,2.2011e-01
dev-corpus-03,2709,28738,4.236907e-07,28738,28738,0.001135,0.001154,2.4884e-01
dev-corpus-03,2710,5076,4.384566e-04,1590,1590,8.370084,8.369453,2.6921e-01
dev-corpus-03,2711,11,1.656865e-04,1590,1590,0.801812,0.785965,2.0483e-01
dev-corpus-03,2712,593,9.850782e-04,2972,2972,4.433381,4.450175,2.9585e-01
dev-corpus-03,2713,11,2.650043e-04,11,11,0.126110,0.117977,2.0893e-01
dev-corpus-03,2714,2972,2.313080e-04,2972,2972,0.394023,0.389964,2.2140e-01
dev-corpus-03,2715,74,1.253654e-04,74,74,0.100738,0.100460,2.4076e-01
dev-corpus-03,2716,8645,7.015984e-07,8645,8645,0.000717,0.000701,1.8628e-01
dev-corpus-03,2717,1590,7.118795e-05,1590,1590,0.015180,0.014045,2.2454e-01
dev-corpus-03,2718,198,3.444616e-06,198,198,0.006939,0.006771,1.9525e-01
dev-corpus-03,2719,285,3.846493e-06,285,285,0.005576,0.005540,1.7724e-01
dev-corpus-03,2720,413,1.969283e-04,4071,4071,2.763886,2.748075,1.9627e-01
dev-corpus-03,2721,12366,1.667997e-04,12366,12366,0.248790,0.242106,2.2906e-01
dev-corpus-03,2722,369,3.304387e-06,369,369,0.003799,0.003814,2.3911e-01
dev-corpus-03,2723,696,6.966787e-05,696,696,0.047496,0.045278,2.1012e-01
dev-corpus-03,2724,23737,3.117949e-05,23737,23737,0.016071,0.015735,2.5294e-01
dev-corpus-03,2725,28738,2.436276e-07,28738,28738,0.000026,0.000029,2.5065e-01
dev-corpus-03,2726,5076,5.359183e-07,5076,5076,0.001378,0.001346,1.7186e-01
dev-corpus-03,2727,25,4.058405e-06,25,25,0.042558,0.042212,2.2476e-01
dev-corpus-03,2728,198,5.295969e-06,198,198,0.005191,0.005015,3.0032e-01
dev-corpus-03,2729,309,2.753102e-06,309,309,0.002921,0.002912,2.7661e-01
dev-corpus-03,2730,12366,3.997272e-04,12366,12366,0.377003,0.362100,2.7461e-01
dev-corpus-03,2731,283,2.594903e-05,283,283,0.022532,0.022498,4.5968e-01
dev-corpus-03,2732,580,3.369477e-03,4535,4535,1.724306,1.640469,3.2969e-01
dev-corpus-03,2733,8645,1.620680e-07,8645,8645,0.000063,0.000060,3.1729e-01
dev-corpus-03,2734,198,3.296187e-04,198,198,0.178378,0.181053,3.6211e-01
dev-corpus-03,2735,285,4.031441e-06,285,285,0.059099,0.059049,2.2016e-01
dev-corpus-03,2736,4265,4.237543e-04,413,413,1.689515,1.676853,1.8862e-01
dev-corpus-03,2737,580,1.047647e-03,580,580,0.372873,0.353963,1.7820e-01
dev-corpus-03,2738,8645,1.665020e-07,8645,8645,0.000022,0.000019,2.2650e-01
dev-corpus-03,2739,25,8.983289e-06,25,25,0.007023,0.006708,2.0675e-01
dev-corpus-03,2740,198,7.312509e-06,198,198,0.001997,0.001856,2.2736e-01
dev-corpus-03,2741,309,1.572478e-06,309,309,0.001635,0.001591,1.8396e-01
dev-corpus-03,2742,12366,2.754672e-05,12366,12366,0.024713,0.025206,1.8563e-01
dev-corpus-03,2743,283,3.164962e-04,283,283,0.011258,0.013982,2.7228e-01
dev-corpus-03,2744,696,1.705830e-04,696,696,0.069825,0.073634,2.7609e-01
dev-corpus-03,2745,18267,1.498262e-05,18267,18267,0.010241,0.010412,1.8064e-01
dev-corpus-03,2746,2155,2.368673e-07,2155,2155,0.000196,0.000203,1.7404e-01
dev-corpus-03,2747,5781,7.914069e-06,5781,5781,0.014849,0.014569,2.3444e-01
dev-corpus-03,2748,8645,4.216962e-07,8645,8645,0.000166,0.000157,1.9795e-01
dev-corpus-03,2749,11,1.730873e-06,11,11,0.000369,0.000348,2.5027e-01
dev-corpus-03,2750,12366,2.036530e-06,12366,12366,0.001793,0.001828,1.9140e-01
dev-corpus-03,2751,8,8.093579e-06,8,8,0.003142,0.003025,3.2543e-01
dev-corpus-03,2752,198,1.192829e-04,198,198,0.092277,0.087710,3.0847e-01
dev-corpus-03,2753,285,1.281766e-05,285,285,0.020928,0.020274,1.9853e-01
dev-corpus-03,2754,653,4.831876e-05,653,653,0.526396,0.527429,1.8692e-01
dev-corpus-03,2755,12536,7.503492e-05,12536,12536,0.203617,0.203189,1.5756e-01
dev-corpus-03,2756,709,1.692104e-05,709,709,0.010579,0.010073,1.5337e-01
dev-corpus-03,2757,364,5.750894e-06,364,364,0.004537,0.004741,1.8620e-01
dev-corpus-03,2758,641,5.691847e-05,641,641,0.026114,0.027393,2.3633e-01
dev-corpus-03,2759,1899,3.109193e-04,18112,18112,1.121029,1.144063,2.4729e-01
dev-corpus-03,2760,363,8.175122e-04,363,363,0.097974,0.109990,4.6274e-01
dev-corpus-03,2761,198,1.978227e-05,198,198,0.029200,0.029053,2.2865e-01
dev-corpus-03,2762,285,2.695927e-06,285,285,0.001438,0.001373,1.6331e-01
dev-corpus-03,2763,687,3.123126e-05,687,687,0.004288,0.004787,3.2965e-01
dev-corpus-03,2764,5335,2.726130e-05,5335,5335,0.062831,0.062870,1.6685e-01
dev-corpus-03,2765,1212,2.138746e-05,1212,1212,0.008972,0.008526,2.2477e-01
dev-corpus-03,2766,78,7.419847e-08,78,78,0.000246,0.000247,1.8118e-01
dev-corpus-03,2767,1590,1.788963e-06,1590,1590,0.001671,0.001598,2.5411e-01
dev-corpus-03,2768,198,8.852801e-06,198,198,0.001294,0.001328,1.0432e+00
dev-corpus-03,2769,309,1.531829e-06,309,309,0.000590,0.000584,2.4006e-01
dev-corpus-03,2770,6725,1.056446e-03,653,653,1.499996,1.583952,1.8798e-01
dev-corpus-03,2771,283,6.121190e-06,283,283,0.002031,0.001979,2.0004e-01
dev-corpus-03,2772,4396,8.042199e-06,4396,4396,0.002592,0.002748,3.2032e-01
dev-corpus-03,2773,5982,5.674895e-07,5982,5982,0.000329,0.000343,2.8109e-01
dev-corpus-03,2774,482,1.874234e-06,482,482,0.000544,0.000571,2.7794e-01
dev-corpus-03,2775,29259,2.261766e-05,29259,29259,0.008156,0.008715,2.8834e-01
dev-corpus-03,2776,837,7.558794e-07,837,837,0.000459,0.000463,3.2017e-01
dev-corpus-03,2777,466,4.234930e-06,466,466,0.033440,0.033357,2.0129e-01
dev-corpus-03,2778,4396,1.019007e-06,4396,4396,0.000320,0.000298,1.7876e-01
dev-corpus-03,2779,5982,4.522247e-07,5982,5982,0.000196,0.000192,5.5082e-01
dev-corpus-03,2780,482,4.444889e-07,482,482,0.000318,0.000308,2.6461e-01
dev-corpus-03,2781,1277,6.360059e-05,1277,1277,0.010577,0.011634,2.9802e-01
dev-corpus-03,2782,4289,9.968976e-08,4289,4289,0.000020,0.000019,2.1709e-01
dev-corpus-03,2783,837,4.955496e-07,837,837,0.000162,0.000155,4.4451e-01
dev-corpus-03,2784,198,4.227739e-06,198,198,0.004892,0.004911,1.6295e-01
dev-corpus-03,2785,309,2.957005e-07,309,309,0.000604,0.000613,2.3973e-01
dev-corpus-03,2786,413,2.438518e-04,413,413,0.098276,0.092609,3.6811e-01
dev-corpus-03,2787,6725,5.951066e-06,6725,6725,0.003979,0.003989,2.0379e-01
dev-corpus-03,2788,369,6.980664e-05,369,369,0.012772,0.012941,4.0888e-01
dev-corpus-03,2789,524,3.628978e-04,524,524,0.233176,0.222343,2.2390e-01
dev-corpus-03,2790,2168,2.981888e-06,2168,2168,0.000108,0.000125,8.8886e-01
dev-corpus-03,2791,25,3.589519e-05,25,25,0.010221,0.011100,3.1400e-01
dev-corpus-03,2792,198,9.758442e-06,198,198,0.001554,0.001641,8.9085e-01
dev-corpus-03,2793,388,4.648314e-07,388,388,0.000669,0.000679,2.6645e-01
dev-corpus-03,2794,1380,5.413292e-04,460,460,1.525459,1.544772,3.0682e-01
dev-corpus-03,2795,25,3.276194e-07,25,25,0.000193,0.000188,2.8762e-01
dev-corpus-03,2796,198,5.759795e-06,198,198,0.001234,0.001289,3.5297e-01
dev-corpus-03,2797,493,7.304160e-07,493,493,0.000744,0.000744,2.1887e-01
dev-corpus-03,2798,460,1.879748e-04,460,460,0.115600,0.121472,2.8758e-01
dev-corpus-03,2799,592,4.500985e-05,592,592,0.015051,0.015773,2.8434e-01
dev-corpus-03,2800,78263,9.548831e-07,78263,78263,0.001085,0.001091,2.4203e-01
dev-corpus-03,2801,7426,1.184061e-05,7426,7426,0.003905,0.004178,2.6631e-01
dev-corpus-03,2802,3486,9.050035e-09,3486,3486,0.000006,0.000006,2.9362e-01
dev-corpus-03,2803,2387,2.152047e-06,2387,2387,0.000923,0.000893,3.1264e-01
dev-corpus-03,2804,198,5.346693e-06,198,198,0.003808,0.003644,5.0339e-01
dev-corpus-03,2805,388,2.972316e-06,388,388,0.000677,0.000664,2.1134e-01
dev-corpus-03,2806,3525,4.891026e-06,3525,3525,0.001783,0.001864,2.4197e-01
dev-corpus-03,2807,36834,7.065466e-05,36834,36834,0.116230,0.113085,2.2324e-01
dev-corpus-03,2808,25,1.633951e-06,25,25,0.008692,0.008801,1.9626e-01
dev-corpus-03,2809,198,2.445414e-06,198,198,0.001918,0.001903,3.5575e-01
dev-corpus-03,2810,493,1.574655e-06,493,493,0.000798,0.000789,2.4619e-01
dev-corpus-03,2811,460,1.306177e-03,460,460,0.570070,0.603148,2.2168e-01
dev-corpus-03,2812,4396,9.250570e-04,638,638,1.353910,1.403220,2.5917e-01
dev-corpus-03,2813,5982,3.073439e-04,5982,5982,0.041041,0.045893,3.0854e-01
dev-corpus-03,2814,363,2.385475e-03,482,7,1.754417,1.736072,4.7657e-01
dev-corpus-03,2815,198,1.500432e-04,198,198,0.113904,0.108585,2.5948e-01
dev-corpus-03,2816,309,5.055228e-05,309,309,0.016398,0.016072,2.4370e-01
dev-corpus-03,2817,413,1.128408e-05,413,413,0.071748,0.072002,2.0394e-01
dev-corpus-03,2818,4396,1.064164e-06,4396,4396,0.000760,0.000789,1.6863e-01
dev-corpus-03,2819,5982,2.215372e-07,5982,5982,0.000042,0.000038,2.0984e-01
dev-corpus-03,2820,482,1.989092e-07,482,482,0.000437,0.000438,1.9619e-01
dev-corpus-03,2821,63605,1.172207e-06,63605,63605,0.002541,0.002588,2.2892e-01
dev-corpus-03,2822,837,4.618438e-07,837,837,0.000109,0.000108,3.8805e-01
dev-corpus-03,2823,369,9.774679e-07,369,369,0.000501,0.000484,2.2073e-01
dev-corpus-03,2824,524,9.553758e-06,524,524,0.000727,0.000622,7.9024e-01
dev-corpus-03,2825,2168,3.095045e-07,2168,2168,0.000051,0.000047,2.1136e-01
dev-corpus-03,2826,25,8.665578e-07,25,25,0.000870,0.000841,1.9426e-01
dev-corpus-03,2827,198,8.331907e-07,198,198,0.000268,0.000258,7.9972e-01
dev-corpus-03,2828,388,1.962171e-06,388,388,0.000677,0.000644,2.0325e-01
dev-corpus-03,2829,460,3.062339e-06,460,460,0.003276,0.003150,2.4055e-01
dev-corpus-03,2830,638,2.896138e-05,638,638,0.008833,0.008427,2.9287e-01
dev-corpus-03,2831,31919,6.619688e-06,31919,31919,0.004635,0.004737,2.6978e-01
dev-corpus-03,2832,17174,7.941317e-07,17174,17174,0.000091,0.000081,2.9640e-01
dev-corpus-03,2833,198,8.671991e-06,198,198,0.006136,0.005937,3.2250e-01
dev-corpus-03,2834,309,2.362367e-05,309,309,0.001403,0.001180,3.3411e-01
dev-corpus-03,2835,413,9.005323e-05,413,413,0.132958,0.129659,1.8688e-01
dev-corpus-03,2836,4396,1.218693e-07,4396,4396,0.000232,0.000230,2.3161e-01
dev-corpus-03,2837,5982,3.635222e-07,5982,5982,0.000059,0.000054,3.8285e-01
dev-corpus-03,2838,482,6.057708e-07,482,482,0.000206,0.000195,2.3197e-01
dev-corpus-03,2839,11469,8.683836e-07,11469,11469,0.000472,0.000471,4.3968e-01
dev-corpus-03,2840,837,4.370515e-07,837,837,0.000146,0.000155,3.3972e-01
dev-corpus-03,2841,369,2.573508e-03,369,369,0.001158,0.000209,1.0670e+01
dev-corpus-03,2842,524,4.766593e-04,524,524,0.000576,0.001491,3.3988e+00
dev-corpus-03,2843,2168,8.168717e-05,2168,2168,0.000278,0.000152,3.0538e+00
dev-corpus-03,2844,25,1.330274e-05,25,25,0.000432,0.000355,6.6993e-01
dev-corpus-03,2845,198,4.713943e-05,198,198,0.003210,0.002820,7.3707e-01
dev-corpus-03,2846,388,3.276827e-06,388,388,0.000768,0.000725,3.5595e-01
dev-corpus-03,2847,460,1.195436e-04,638,638,4.197131,4.136631,9.4692e-01
dev-corpus-03,2848,4396,8.554491e-04,4396,4396,0.813838,0.773726,4.4921e-01
dev-corpus-03,2849,5982,1.443406e-05,5982,5982,0.000836,0.000822,6.5843e-01
dev-corpus-03,2850,363,1.172577e-04,363,363,0.041294,0.040413,5.0296e-01
dev-corpus-03,2851,198,5.728030e-05,198,198,0.012851,0.012270,3.4317e-01
dev-corpus-03,2852,309,2.333251e-04,309,309,0.021748,0.018725,4.2683e-01
dev-corpus-03,2853,4673,1.787322e-03,4673,4673,0.573843,0.550495,7.9607e-01
dev-corpus-03,2854,14953,5.222607e-05,14953,14953,0.013847,0.014868,3.5951e-01
dev-corpus-03,2855,482,2.478537e-05,482,482,0.021747,0.020960,4.4355e-01
dev-corpus-03,2856,1743,2.934892e-04,1743,1743,0.015156,0.018014,4.5175e-01
dev-corpus-03,2857,44530,1.299744e-06,44530,44530,0.000199,0.000220,2.7782e-01
dev-corpus-03,2858,6725,3.802833e-05,6725,6725,0.007170,0.006585,4.1607e-01
dev-corpus-03,2859,1809,1.716298e-06,1809,1809,0.000363,0.000386,4.1507e-01
dev-corpus-03,2860,303,1.441683e-06,303,303,0.000493,0.000486,4.0196e-01
dev-corpus-03,2861,5215,7.828797e-07,5215,5215,0.000540,0.000536,6.7814e-01
dev-corpus-03,2862,504,6.587701e-05,504,504,0.006930,0.007828,3.1638e-01
dev-corpus-03,2863,198,2.128403e-05,198,198,0.005369,0.005792,2.4867e-01
dev-corpus-03,2864,6323,3.617752e-06,6323,6323,0.001746,0.001698,3.2946e-01
dev-corpus-03,2865,638,6.721764e-07,638,638,0.000178,0.000169,2.8067e-01
dev-corpus-03,2866,37813,2.341550e-04,37813,37813,0.012096,0.010081,1.4943e+00
dev-corpus-03,2867,8,4.805816e-06,8,8,0.000592,0.000630,5.0899e-01
dev-corpus-03,2868,198,6.723029e-06,198,198,0.015885,0.016227,2.1225e-01
dev-corpus-03,2869,285,1.507921e-06,285,285,0.002354,0.002326,1.8829e-01
dev-corpus-03,2870,460,1.870341e-05,460,460,0.009217,0.009685,3.1945e-01
dev-corpus-03,2871,638,3.032758e-06,638,638,0.001239,0.001262,5.0691e-01
dev-corpus-03,2872,37813,3.559945e-06,37813,37813,0.001970,0.002069,4.1390e-01
dev-corpus-03,2873,4168,4.485432e-07,4168,4168,0.000271,0.000270,2.9762e-01
dev-corpus-03,2874,58759,1.455890e-05,58759,58759,0.003267,0.003152,3.4386e-01
dev-corpus-03,2875,11,7.415005e-07,11,11,0.000406,0.000411,2.9566e-01
dev-corpus-03,2876,638,5.474071e-07,638,638,0.000484,0.000497,4.4097e-01
dev-corpus-03,2877,20342,2.010425e-06,20342,20342,0.000323,0.000354,3.7513e-01
dev-corpus-03,2878,8,8.017105e-06,8,8,0.003185,0.003338,4.1918e-01
dev-corpus-03,2879,271,4.923259e-04,271,271,0.541673,0.567641,6.7493e-01
dev-corpus-03,2880,262,6.783615e-04,262,262,0.485896,0.510092,3.7773e-01
dev-corpus-03,2881,687,8.363898e-05,687,687,0.152445,0.149134,5.9526e-01
dev-corpus-03,2882,369,3.847278e-03,696,696,5.343086,5.369719,4.2061e-01
dev-corpus-03,2883,8078,2.041999e-03,32939,32939,2.334462,2.284945,3.4600e-01
dev-corpus-03,2884,1153,1.175291e-03,1153,1153,0.374956,0.387670,4.1523e-01
dev-corpus-03,2885,1590,3.868956e-04,11,11,1.043872,1.009008,5.8527e-01
dev-corpus-03,2886,198,1.735222e-05,198,198,0.006553,0.006658,9.9141e-01
dev-corpus-03,2887,285,2.018064e-06,285,285,0.004025,0.004027,2.7584e-01
dev-corpus-03,2888,364,5.291712e-04,4071,460,4.719457,4.719783,4.5094e-01
dev-corpus-03,2889,4396,2.308086e-03,4396,4396,1.182135,1.268676,3.0840e-01
dev-corpus-03,2890,303,3.749915e-05,303,303,0.005097,0.004944,3.9504e-01
dev-corpus-03,2891,638,3.486780e-04,638,638,0.348235,0.344022,3.5424e-01
dev-corpus-03,2892,37813,5.935727e-04,37813,37813,0.123321,0.135177,3.3735e-01
dev-corpus-03,2893,2571,2.114880e-04,2571,2571,0.007961,0.009773,3.0562e-01
dev-corpus-03,2894,1947,1.978597e-06,1947,1947,0.000137,0.000158,3.5688e-01
dev-corpus-03,2895,1153,9.951686e-06,1153,1153,0.009930,0.009565,4.8170e-01
dev-corpus-03,2896,20342,5.988453e-05,20342,20342,0.005211,0.005870,3.6448e-01
dev-corpus-03,2897,1590,3.902879e-06,1590,1590,0.002421,0.002487,3.9338e-01
dev-corpus-03,2898,198,3.735813e-06,198,198,0.003590,0.003445,2.1004e-01
dev-corpus-03,2899,309,3.613041e-06,309,309,0.001127,0.001122,3.0095e-01
dev-corpus-03,2900,413,5.964366e-04,413,413,0.694855,0.685039,2.8701e-01
dev-corpus-03,2901,4396,2.375978e-05,4396,4396,0.030390,0.030843,2.3673e-01
dev-corpus-03,2902,5982,9.168896e-05,5982,5982,0.010708,0.012012,2.9982e-01
dev-corpus-03,2903,482,3.670017e-06,482,482,0.004815,0.004847,2.7698e-01
dev-corpus-03,2904,11469,1.719146e-04,29259,29259,0.835573,0.853641,3.8747e-01
dev-corpus-03,2905,837,2.682347e-05,837,837,0.150039,0.152972,3.4549e-01
dev-corpus-03,2906,369,3.059100e-05,369,369,0.023358,0.024504,4.2461e-01
dev-corpus-03,2907,524,3.932978e-05,524,524,0.007131,0.007857,3.1961e-01
dev-corpus-03,2908,2168,3.719717e-06,2168,2168,0.000208,0.000175,3.7159e-01
dev-corpus-03,2909,25,1.848228e-05,25,25,0.022993,0.023828,2.3586e-01
dev-corpus-03,2910,198,7.385427e-06,198,198,0.001289,0.001172,5.0379e-01
dev-corpus-03,2911,388,6.936613e-06,388,388,0.001021,0.000932,2.7377e-01
dev-corpus-03,2912,460,1.606975e-04,460,460,0.032049,0.035102,2.3284e-01
dev-corpus-03,2913,3439,1.726365e-05,3439,3439,0.005205,0.005579,2.6404e-01
dev-corpus-03,2914,198,1.755168e-05,198,198,0.018676,0.018511,2.1648e-01
dev-corpus-03,2915,309,2.424128e-05,285,285,0.943217,0.951506,2.4119e-01
dev-corpus-03,2916,413,1.294425e-03,413,413,0.460509,0.481449,3.7659e-01
dev-corpus-03,2917,318,5.888520e-06,4396,4396,5.568215,5.555399,2.2770e-01
dev-corpus-03,2918,6154,1.240951e-04,6154,6154,0.064287,0.062566,2.3100e-01
dev-corpus-03,2919,5982,3.572600e-06,5982,5982,0.000774,0.000823,2.8548e-01
dev-corpus-03,2920,482,4.756570e-06,482,482,0.001604,0.001705,3.0418e-01
dev-corpus-03,2921,29259,2.345985e-04,29259,29259,0.162586,0.170350,3.4592e-01
dev-corpus-03,2922,837,1.686757e-06,837,837,0.002472,0.002474,2.8496e-01
dev-corpus-03,2923,369,7.654071e-06,466,466,2.779191,2.788519,2.1204e-01
dev-corpus-03,2924,2168,6.028352e-04,524,524,1.032126,1.079277,3.1041e-01
dev-corpus-03,2925,198,5.367833e-04,321,321,2.097170,2.081263,2.0859e-01
dev-corpus-03,2926,388,4.388460e-05,388,388,0.576469,0.573799,1.7265e-01
dev-corpus-03,2927,321,9.294819e-06,321,321,0.010847,0.011298,2.5932e-01
dev-corpus-03,2928,4396,1.048361e-05,4396,4396,0.005772,0.006070,2.9631e-01
dev-corpus-03,2929,5982,9.697448e-08,5982,5982,0.000083,0.000083,2.4070e-01
dev-corpus-03,2930,482,1.363757e-06,482,482,0.000825,0.000791,2.3569e-01
dev-corpus-03,2931,1277,6.180739e-05,1277,1277,0.020561,0.021976,2.5478e-01
dev-corpus-03,2932,4289,2.999241e-07,4289,4289,0.000031,0.000028,2.4745e-01
dev-corpus-03,2933,837,5.584080e-07,837,837,0.000686,0.000678,4.5668e-01
dev-corpus-03,2934,369,2.741354e-06,369,369,0.002584,0.002572,3.8507e-01
dev-corpus-03,2935,2168,1.618547e-04,2168,2168,0.032363,0.035624,4.1309e-01
dev-corpus-03,2936,198,8.822543e-05,1590,1590,1.327726,1.308575,1.9951e-01
dev-corpus-03,2937,388,1.608853e-05,388,388,0.016911,0.017138,2.7049e-01
dev-corpus-03,2938,321,2.657119e-06,321,321,0.002563,0.002636,2.5175e-01
dev-corpus-03,2939,4396,3.098424e-05,4396,4396,0.007449,0.008065,2.4908e-01
dev-corpus-03,2940,5982,2.131644e-07,5982,5982,0.000081,0.000081,3.1076e-01
dev-corpus-03,2941,482,1.532025e-05,482,482,0.002805,0.003086,3.8488e-01
dev-corpus-03,2942,63605,9.479610e-04,63605,63605,0.126806,0.142774,3.1892e-01
dev-corpus-03,2943,837,1.992251e-06,837,837,0.001694,0.001749,2.6820e-01
dev-corpus-03,2944,369,1.406134e-06,369,369,0.000792,0.000829,2.9066e-01
dev-corpus-03,2945,2168,1.098434e-04,2168,2168,0.032304,0.029715,3.2840e-01
dev-corpus-03,2946,1590,5.893949e-05,1590,1590,0.044490,0.046587,2.0963e-01
dev-corpus-03,2947,198,2.789344e-06,198,198,0.002299,0.002212,5.8826e-01
dev-corpus-03,2948,388,3.115014e-06,388,388,0.002074,0.002145,2.4244e-01
dev-corpus-03,2949,653,5.485698e-05,460,460,4.392509,4.430984,4.3855e-01
dev-corpus-03,2950,1368,8.738413e-04,1061,1061,3.025091,3.013082,4.3520e-01
dev-corpus-03,2951,660,2.741182e-04,567,567,4.128266,4.134595,4.5020e-01
dev-corpus-03,2952,279,7.052423e-04,5038,5038,2.893586,2.868037,4.5402e-01
dev-corpus-03,2953,5038,5.570654e-04,5038,5038,1.291586,1.289376,4.2745e-01
dev-corpus-03,2954,513,1.795520e-04,513,513,0.251414,0.258349,4.5898e-01
dev-corpus-03,2955,2168,1.308261e-04,2168,2168,0.166283,0.170333,3.4726e-01
dev-corpus-03,2956,11,3.324170e-05,11,11,0.116581,0.116939,5.4353e-01
dev-corpus-03,2957,1017,1.385777e-04,1179,1179,3.508984,3.505092,9.0330e-01
dev-corpus-03,2958,1902,4.704248e-04,579,579,3.014160,2.993020,2.4284e-01
dev-corpus-03,2959,381,3.218607e-05,381,381,0.052404,0.050808,2.1837e-01
dev-corpus-03,2960,198,2.415140e-04,449,449,3.207090,3.261831,2.8747e-01
dev-corpus-03,2961,388,1.896631e-06,388,388,0.000753,0.000717,1.7882e-01
dev-corpus-03,2962,653,1.467974e-04,653,653,0.001535,0.001891,4.1417e+00
dev-corpus-03,2963,2361,5.107283e-04,449,449,4.010448,4.001068,3.0979e-01
dev-corpus-03,2964,1809,1.244319e-03,1809,1809,0.596562,0.616051,4.1911e-01
dev-corpus-03,2965,567,4.253065e-04,421,421,4.490511,4.520357,5.7500e-01
dev-corpus-03,2966,2224,3.415906e-04,3105,3105,2.454769,2.488873,4.0934e-01
dev-corpus-03,2967,524,2.035733e-04,7167,7167,1.099057,1.087555,4.4290e-01
dev-corpus-03,2968,21637,6.221214e-04,12910,12910,3.856636,3.877594,3.5707e-01
dev-corpus-03,2969,198,2.189083e-04,13,13,1.944567,1.975609,6.6268e-01
dev-corpus-03,2970,388,1.375192e-06,388,388,0.001663,0.001690,2.9582e-01
dev-corpus-03,2971,4673,6.673804e-04,460,460,2.151151,2.067366,3.0228e-01
dev-corpus-03,2972,14953,3.393369e-04,14953,14953,0.108962,0.100797,4.1159e-01
dev-corpus-03,2973,482,1.410667e-04,482,482,0.290536,0.285180,3.3725e-01
dev-corpus-03,2974,1743,6.883112e-04,1743,1743,0.213082,0.196633,2.5843e-01
dev-corpus-03,2975,44530,5.171387e-05,44530,44530,0.007614,0.006841,3.3199e-01
dev-corpus-03,2976,6725,3.216872e-03,6725,6725,0.401537,0.350733,3.0361e-01
dev-corpus-03,2977,1809,1.532875e-05,1809,1809,0.003094,0.002924,2.8271e-01
dev-corpus-03,2978,303,2.049109e-05,303,303,0.015014,0.015377,2.8378e-01
dev-corpus-03,2979,5215,1.490091e-05,5215,5215,0.007349,0.007477,6.3116e-01
dev-corpus-03,2980,504,3.932887e-05,504,504,0.042726,0.041638,3.2690e-01
dev-corpus-03,2981,198,2.847010e-06,198,198,0.005756,0.005694,1.7290e-01
dev-corpus-03,2982,493,3.671418e-05,761,761,6.807138,6.709579,1.7257e-01
dev-corpus-03,2983,638,2.131521e-05,638,638,0.010764,0.010364,1.8669e-01
dev-corpus-03,2984,37813,5.812346e-06,37813,37813,0.031267,0.030733,2.6065e-01
dev-corpus-03,2985,8,4.067871e-05,8,8,0.005479,0.005016,4.9911e-01
dev-corpus-03,2986,198,1.378459e-05,198,198,0.024055,0.023355,2.0041e-01
dev-corpus-03,2987,285,9.117010e-05,285,285,0.034824,0.032461,1.9498e-01
dev-corpus-03,2988,460,8.991888e-06,460,460,0.028345,0.027952,2.6815e-01
dev-corpus-03,2989,2912,6.725414e-06,2912,2912,0.006361,0.006296,2.9897e-01
dev-corpus-03,2990,271,1.570035e-05,271,271,0.233612,0.234671,3.5063e-01
dev-corpus-03,2991,262,1.637029e-04,262,262,0.130770,0.135005,4.4114e-01
dev-corpus-03,2992,687,1.317967e-04,687,687,0.155114,0.149307,5.9434e-01
dev-corpus-03,2993,615,3.714683e-03,1259,1259,2.768960,2.766991,4.4183e-01
dev-corpus-03,2994,37125,6.465559e-03,39109,39109,4.955826,5.026480,5.1481e-01
dev-corpus-03,2995,11497,9.385252e-04,11497,11497,0.113082,0.101621,2.5520e-01
dev-corpus-03,2996,1153,1.253772e-05,1153,1153,0.006161,0.006512,2.3907e-01
dev-corpus-03,2997,1590,1.467186e-06,1590,1590,0.051366,0.051385,3.3471e-01
dev-corpus-03,2998,198,3.961570e-06,198,198,0.001948,0.001865,4.0288e-01
dev-corpus-03,2999,285,6.869837e-07,285,285,0.001739,0.001738,2.0374e-01
dev-corpus-03,3000,13746,4.713510e-04,4071,4071,4.296876,4.298508,2.1509e-01
dev-corpus-03,3001,283,6.991122e-06,283,283,0.004319,0.004269,2.8571e-01
dev-corpus-03,3002,2958,2.702092e-04,716,716,0.916854,0.902803,1.9493e-01
dev-corpus-03,3003,198,2.697248e-06,198,198,0.003434,0.003557,1.6887e-01
dev-corpus-03,3004,285,1.042995e-06,285,285,0.000928,0.000901,1.7553e-01
dev-corpus-03,3005,364,9.355267e-05,364,364,0.060082,0.057409,2.5099e-01
dev-corpus-03,3006,4396,7.788221e-05,4396,4396,0.039212,0.037311,2.1049e-01
dev-corpus-03,3007,303,1.115067e-06,303,303,0.000444,0.000439,2.6535e-01
dev-corpus-03,3008,638,1.298793e-05,638,638,0.009189,0.009546,4.1091e-01
dev-corpus-03,3009,37813,1.928606e-05,37813,37813,0.012601,0.012442,4.1543e-01
dev-corpus-03,3010,2571,3.345622e-06,2571,2571,0.001530,0.001618,2.9735e-01
dev-corpus-03,3011,1947,6.064376e-08,1947,1947,0.000025,0.000026,2.7213e-01
dev-corpus-03,3012,1153,1.165382e-06,1153,1153,0.000850,0.000847,4.2656e-01
dev-corpus-03,3013,20342,1.209716e-06,20342,20342,0.000230,0.000242,4.1874e-01
dev-corpus-03,3014,1590,7.929606e-06,1590,1590,0.000793,0.000810,7.7078e-01
dev-corpus-03,3015,198,7.017070e-07,198,198,0.000974,0.000942,3.0638e-01
dev-corpus-03,3016,309,2.550685e-07,309,309,0.000471,0.000482,2.1785e-01
dev-corpus-03,3017,6725,2.393077e-04,413,413,1.102301,1.124082,1.7383e-01
dev-corpus-03,3018,283,9.332748e-06,283,283,0.004496,0.004731,1.9340e-01
dev-corpus-03,3019,4396,8.842896e-06,4396,4396,0.003894,0.004127,2.1086e-01
dev-corpus-03,3020,5982,7.302693e-07,5982,5982,0.000533,0.000527,2.8740e-01
dev-corpus-03,3021,482,2.452482e-06,482,482,0.001364,0.001390,3.5267e-01
dev-corpus-03,3022,29259,6.236596e-06,29259,29259,0.005030,0.005022,2.7711e-01
dev-corpus-03,3023,837,3.669255e-07,837,837,0.000703,0.000692,2.1838e-01
dev-corpus-03,3024,466,1.342468e-03,466,466,0.307624,0.277638,2.0515e-01
dev-corpus-03,3025,4396,2.127792e-06,4396,4396,0.000385,0.000373,2.4209e-01
dev-corpus-03,3026,5982,1.839211e-07,5982,5982,0.000070,0.000074,4.6572e-01
dev-corpus-03,3027,482,4.539438e-07,482,482,0.000373,0.000383,1.8320e-01
dev-corpus-03,3028,1277,1.971440e-06,1277,1277,0.000529,0.000539,7.9309e-01
dev-corpus-03,3029,4289,1.531318e-05,4289,4289,0.002338,0.002132,6.3689e-01
dev-corpus-03,3030,837,3.362881e-07,837,837,0.000133,0.000139,3.3822e-01
dev-corpus-03,3031,198,1.011645e-05,198,198,0.004831,0.005109,1.6789e-01
dev-corpus-03,3032,309,1.901089e-07,309,309,0.000261,0.000259,3.1955e-01
dev-corpus-03,3033,413,2.529308e-04,413,413,0.029581,0.031340,2.9276e-01
dev-corpus-03,3034,6725,5.210955e-06,6725,6725,0.004886,0.004847,3.2963e-01
dev-corpus-03,3035,369,5.014478e-05,369,369,0.161085,0.157233,3.0743e-01
dev-corpus-03,3036,524,1.444806e-05,524,524,0.009939,0.010483,2.9582e-01
dev-corpus-03,3037,2168,1.226151e-07,2168,2168,0.000076,0.000077,3.1011e-01
dev-corpus-03,3038,321,2.402931e-05,25,25,4.892543,4.814819,3.2032e-01
dev-corpus-03,3039,6725,5.959957e-04,6725,6725,0.265181,0.282175,2.3831e-01
dev-corpus-03,3040,524,3.907019e-04,524,524,0.267970,0.280858,2.5503e-01
dev-corpus-03,3041,303,5.974830e-08,303,303,0.000047,0.000049,2.6584e-01
dev-corpus-03,3042,13746,8.449094e-05,13746,13746,0.024303,0.026177,2.9568e-01
dev-corpus-03,3043,25,2.325381e-06,25,25,0.001423,0.001487,2.4137e-01
dev-corpus-03,3044,198,2.461776e-06,198,198,0.001065,0.001071,2.7411e-01
dev-corpus-03,3045,388,5.179328e-07,388,388,0.000928,0.000912,1.3587e-01
dev-corpus-03,3046,653,9.745076e-06,13746,13746,5.542535,5.478134,2.8321e-01
dev-corpus-03,3047,884,5.128905e-04,1368,1368,5.226162,5.241758,2.4334e-01
dev-corpus-03,3048,264,5.699094e-04,279,279,3.795474,3.809923,2.1011e-01
dev-corpus-03,3049,6725,9.909457e-04,4752,4752,3.324016,3.323006,2.3478e-01
dev-corpus-03,3050,1809,3.419280e-04,1809,1809,0.798416,0.814139,2.0246e-01
dev-corpus-03,3051,1132,5.760399e-04,198,198,3.034209,2.947825,2.4648e-01
dev-corpus-03,3052,279,2.622255e-04,2957,2957,3.708337,3.684030,1.6961e-01
dev-corpus-03,3053,1118,3.556518e-06,1118,1118,0.011510,0.011488,1.4625e-01
dev-corpus-03,3054,854,4.081522e-06,854,854,0.011439,0.011547,1.4839e-01
dev-corpus-03,3055,424,2.039809e-05,424,424,0.735215,0.737685,4.2832e-01
dev-corpus-03,3056,7701,2.507994e-04,579,7701,1.159874,1.136767,2.7270e-01
dev-corpus-03,3057,198,6.081268e-05,198,198,0.075898,0.073107,2.9838e-01
dev-corpus-03,3058,388,1.902303e-07,388,388,0.000317,0.000312,1.6911e-01
dev-corpus-03,3059,13746,1.385411e-05,13746,13746,0.083434,0.082777,3.0880e-01
dev-corpus-03,3060,1989,8.981998e-07,1989,1989,0.000935,0.000951,3.2759e-01
dev-corpus-03,3061,36101,5.178550e-06,36101,36101,0.001724,0.001850,2.8646e-01
dev-corpus-03,3062,8,8.915984e-06,8,8,0.002282,0.002146,2.3807e-01
dev-corpus-03,3063,198,6.195068e-06,198,198,0.010195,0.009894,2.9561e-01
dev-corpus-03,3064,309,3.354540e-04,285,285,3.120211,3.030608,1.9048e-01
dev-corpus-03,3065,4265,2.967409e-03,413,26880,1.909256,1.976835,4.1575e-01
dev-corpus-03,3066,318,2.531189e-04,4396,4396,2.462932,2.470923,2.3290e-01
dev-corpus-03,3067,29259,6.660534e-04,6154,6154,1.734412,1.658319,1.9027e-01
dev-corpus-03,3068,369,7.773679e-05,369,369,0.036384,0.037070,2.6705e-01
dev-corpus-03,3069,2168,7.630250e-05,2168,2168,0.102775,0.106846,2.0910e-01
dev-corpus-03,3070,198,1.850658e-04,198,198,0.196784,0.188298,1.5204e-01
dev-corpus-03,3071,388,5.476030e-04,1638,1638,1.904164,1.838242,1.5492e-01
dev-corpus-04,3072,285,6.009864e-04,2,2,5.812004,5.801132,1.2843e-01
dev-corpus-04,3073,4265,3.004939e-04,333,333,5.691829,5.751165,1.2964e-01
dev-corpus-04,3074,11074,1.740242e-04,638,638,4.479533,4.498182,1.1823e-01
dev-corpus-04,3075,1446,3.008865e-04,2007,2007,2.996774,2.959121,1.5469e-01
dev-corpus-04,3076,14711,4.454759e-05,11,11,8.661026,8.633565,1.2770e-01
dev-corpus-04,3077,2508,1.052850e-04,11,11,9.053171,9.073015,1.5701e-01
dev-corpus-04,3078,11,1.802771e-04,11,11,0.079729,0.083743,2.4208e-01
dev-corpus-04,3079,592,4.453493e-04,592,592,0.801582,0.822176,2.0089e-01
dev-corpus-04,3080,1590,4.440462e-06,1590,1590,0.069974,0.069720,1.4100e-01
dev-corpus-04,3081,198,5.354889e-05,198,198,0.022519,0.021564,2.7698e-01
dev-corpus-04,3082,309,6.384729e-05,309,309,0.043785,0.044958,1.5696e-01
dev-corpus-04,3083,20245,2.841949e-04,20245,20245,0.868717,0.878770,1.5006e-01
dev-corpus-04,3084,30919,2.471329e-05,2508,2508,16.438929,16.358078,1.9649e-01
dev-corpus-04,3085,283,5.931498e-04,283,283,0.217631,0.228852,2.4555e-01
dev-corpus-04,3086,12102,1.728875e-03,52665,52665,7.091686,7.002309,2.8832e-01
dev-corpus-04,3087,293,5.053072e-04,25,25,2.587737,2.580668,2.1682e-01
dev-corpus-04,3088,21402,2.146019e-04,25,25,8.010411,8.013264,2.0609e-01
dev-corpus-04,3089,6,3.345083e-03,21,21,3.045802,3.084968,2.1948e-01
dev-corpus-04,3090,1170,3.979851e-04,1170,1170,0.240912,0.250543,2.7294e-01
dev-corpus-04,3091,696,6.581732e-04,293,293,4.076357,4.090119,2.4741e-01
dev-corpus-04,3092,8038,7.818083e-04,8038,8038,1.337960,1.337461,1.7848e-01
dev-corpus-04,3093,2653,2.562721e-03,2653,2653,0.712914,0.680793,2.7301e-01
dev-corpus-04,3094,4468,1.673046e-04,4468,4468,0.235193,0.238189,2.6021e-01
dev-corpus-04,3095,1446,2.980590e-05,1446,1446,0.024220,0.023366,2.4294e-01
dev-corpus-04,3096,14711,1.165019e-05,14711,14711,0.010692,0.011145,2.2742e-01
dev-corpus-04,3097,2508,6.524701e-07,2508,2508,0.001006,0.000996,2.4475e-01
dev-corpus-04,3098,11,6.301107e-05,11,11,0.103209,0.101079,2.4352e-01
dev-corpus-04,3099,293,3.858004e-05,293,293,0.033640,0.034264,2.3933e-01
dev-corpus-04,3100,8,1.678450e-04,8,8,0.177383,0.182952,2.6489e-01
dev-corpus-04,3101,198,2.639998e-04,198,198,0.151848,0.143422,1.8442e-01
dev-corpus-04,3102,285,3.964813e-05,285,285,0.253537,0.256729,1.5139e-01
dev-corpus-04,3103,745,1.271459e-04,745,745,0.094413,0.097940,1.6487e-01
dev-corpus-04,3104,25,8.588324e-08,25,25,0.000800,0.000793,1.5910e-01
dev-corpus-04,3105,198,7.006551e-06,198,198,0.009988,0.010300,1.9070e-01
dev-corpus-04,3106,309,2.520411e-06,309,309,0.001583,0.001642,2.1707e-01
dev-corpus-04,3107,20245,7.492850e-05,4673,4673,2.214192,2.225802,1.4651e-01
dev-corpus-04,3108,30919,8.389841e-05,30919,30919,0.025429,0.024410,2.7087e-01
dev-corpus-04,3109,283,1.061684e-05,283,283,0.002049,0.002189,3.2203e-01
dev-corpus-04,3110,12102,5.562353e-04,12102,12102,0.235452,0.245833,1.8181e-01
dev-corpus-04,3111,293,1.216749e-04,293,293,0.065925,0.068911,2.0684e-01
dev-corpus-04,3112,21402,3.230061e-06,21402,21402,0.013044,0.012969,2.0715e-01
dev-corpus-04,3113,6,1.485076e-04,6,6,0.006306,0.007703,2.8179e-01
dev-corpus-04,3114,1170,7.470547e-07,1170,1170,0.000277,0.000274,3.8518e-01
dev-corpus-04,3115,20245,8.384141e-04,293,293,2.057966,2.145291,1.7104e-01
dev-corpus-04,3116,2508,6.191822e-06,2508,2508,0.003939,0.004034,2.8545e-01
dev-corpus-04,3117,4468,5.709053e-04,1446,1446,3.351264,3.373699,2.8862e-01
dev-corpus-04,3118,1446,6.729780e-05,1446,1446,0.021574,0.021202,3.8248e-01
dev-corpus-04,3119,8,3.731602e-05,8,8,0.008498,0.007914,2.9053e-01
dev-corpus-04,3120,271,1.299681e-05,198,198,0.993008,0.995493,2.1707e-01
dev-corpus-04,3121,285,1.041193e-04,285,285,0.301210,0.309641,2.7063e-01
dev-corpus-04,3122,638,1.930519e-04,653,653,2.314737,2.319406,1.3300e-01
dev-corpus-04,3123,1385,2.457203e-04,1385,1385,0.711840,0.714083,1.4733e-01
dev-corpus-04,3124,71,4.858503e-04,35138,35138,3.584564,3.590041,1.5875e-01
dev-corpus-04,3125,11609,1.902657e-04,283,283,1.286853,1.286829,2.1136e-01
dev-corpus-04,3126,283,7.909189e-04,283,283,1.023314,1.023543,2.5703e-01
dev-corpus-04,3127,2168,3.866547e-03,12102,12102,3.041642,3.107285,2.4379e-01
dev-corpus-04,3128,198,2.031892e-05,198,198,0.152188,0.150087,1.9599e-01
dev-corpus-04,3129,285,7.820928e-06,285,285,0.004574,0.004819,2.1248e-01
dev-corpus-04,3130,638,1.701095e-04,638,638,0.162959,0.166349,1.9211e-01
dev-corpus-04,3131,1385,8.517801e-05,1385,1385,0.116686,0.119518,2.0846e-01
dev-corpus-04,3132,2589,8.685625e-04,71,71,9.330621,9.301775,2.1208e-01
dev-corpus-04,3133,283,8.841115e-04,283,283,0.364229,0.389413,2.5375e-01
dev-corpus-04,3134,20245,3.397308e-04,2168,2168,2.533850,2.581361,1.9894e-01
dev-corpus-04,3135,30919,5.535291e-05,30919,30919,0.008001,0.007222,2.5629e-01
dev-corpus-04,3136,363,4.590807e-04,1818,1818,1.421893,1.407206,2.1687e-01
dev-corpus-04,3137,198,1.318207e-04,198,198,0.092038,0.096681,2.0319e-01
dev-corpus-04,3138,285,5.847524e-06,285,285,0.004970,0.005139,1.8952e-01
dev-corpus-04,3139,638,1.215705e-04,638,638,0.025117,0.026759,5.1430e-01
dev-corpus-04,3140,1385,2.144754e-05,1385,1385,0.008182,0.008657,2.2317e-01
dev-corpus-04,3141,4240,2.138840e-04,4240,4240,0.213867,0.221160,2.1698e-01
dev-corpus-04,3142,283,6.551710e-05,283,283,0.007851,0.008597,2.8363e-01
dev-corpus-04,3143,20245,4.801923e-05,20245,20245,0.080747,0.080432,2.7530e-01
dev-corpus-04,3144,30919,9.464483e-06,30919,30919,0.000735,0.000648,4.6594e-01
dev-corpus-04,3145,363,1.511243e-04,363,363,0.051843,0.048755,3.1278e-01
dev-corpus-04,3146,198,1.278595e-04,198,198,0.494317,0.506685,2.7450e-01
dev-corpus-04,3147,285,1.011127e-04,285,285,0.058118,0.061269,1.7209e-01
dev-corpus-04,3148,638,2.893208e-04,638,638,0.165620,0.174953,2.7024e-01
dev-corpus-04,3149,72998,2.438453e-04,1385,1385,5.843404,5.786432,2.8865e-01
dev-corpus-04,3150,2291,1.458170e-03,2508,2508,2.111334,2.097641,3.0927e-01
dev-corpus-04,3151,283,6.271407e-06,283,283,0.004715,0.004890,2.1354e-01
dev-corpus-04,3152,638,2.381329e-04,638,638,0.135151,0.135872,2.0371e-01
dev-corpus-04,3153,1385,4.308854e-05,1385,1385,0.014084,0.015027,2.3108e-01
dev-corpus-04,3154,4240,4.255914e-03,2589,2589,1.303551,1.159585,1.6679e-01
dev-corpus-04,3155,72998,2.298224e-05,72998,72998,0.021805,0.021713,2.6437e-01
dev-corpus-04,3156,2291,7.677720e-06,2291,2291,0.001686,0.001793,3.7264e-01
dev-corpus-04,3157,271,2.704345e-05,198,198,0.752713,0.754281,1.9554e-01
dev-corpus-04,3158,285,3.975608e-05,262,262,0.765427,0.759773,1.8321e-01
dev-corpus-04,3159,413,8.135798e-04,653,653,1.719268,1.707597,2.7705e-01
dev-corpus-04,3160,30038,8.217764e-04,11074,11074,2.770330,2.781339,2.4959e-01
dev-corpus-04,3161,1153,1.916044e-04,1153,1153,0.575631,0.578992,2.7717e-01
dev-corpus-04,3162,1385,2.589704e-05,1385,1385,0.310936,0.308248,2.4261e-01
dev-corpus-04,3163,4240,1.009929e-03,4240,4240,0.240120,0.222361,2.2428e-01
dev-corpus-04,3164,11,2.059667e-05,11,11,0.005124,0.005387,3.0348e-01
dev-corpus-04,3165,359,1.771637e-05,359,359,0.066239,0.067452,2.6244e-01
dev-corpus-04,3166,4425,2.216974e-03,4425,4425,0.837027,0.791471,2.7966e-01
dev-corpus-04,3167,2291,9.390036e-06,2291,2291,0.032099,0.032506,3.3382e-01
dev-corpus-04,3168,33782,1.696161e-05,33782,33782,0.025644,0.024744,2.6095e-01
dev-corpus-04,3169,198,1.599849e-06,198,198,0.009846,0.009931,2.0543e-01
dev-corpus-04,3170,309,2.082117e-06,309,309,0.001386,0.001456,2.2236e-01
dev-corpus-04,3171,2424,1.532299e-04,638,638,2.296727,2.336732,2.3232e-01
dev-corpus-04,3172,2073,6.637333e-05,2291,2291,3.264835,3.231375,3.0583e-01
dev-corpus-04,3173,283,2.935573e-05,283,283,0.011248,0.011757,1.8612e-01
dev-corpus-04,3174,638,3.755828e-05,638,638,0.034567,0.033538,1.8974e-01
dev-corpus-04,3175,1385,5.185904e-06,1385,1385,0.003529,0.003620,2.2691e-01
dev-corpus-04,3176,4240,6.057333e-06,4240,4240,0.001047,0.000987,3.2938e-01
dev-corpus-04,3177,15236,4.315390e-06,15236,15236,0.002447,0.002508,3.2924e-01
dev-corpus-04,3178,2291,3.872177e-07,2291,2291,0.000502,0.000484,3.7510e-01
dev-corpus-04,3179,198,1.187829e-04,198,198,0.061400,0.064452,2.5758e-01
dev-corpus-04,3180,309,4.207772e-07,285,285,1.771708,1.772150,1.4834e-01
dev-corpus-04,3181,413,3.124824e-04,413,413,0.486701,0.497321,2.4691e-01
dev-corpus-04,3182,2424,8.702436e-04,2424,2424,0.565755,0.534277,2.5618e-01
dev-corpus-04,3183,2073,5.585907e-06,2073,2073,0.005298,0.005082,3.5238e-01
dev-corpus-04,3184,361,2.000461e-03,369,369,2.220277,2.294281,2.5365e-01
dev-corpus-04,3185,220,3.270537e-04,220,220,0.166375,0.159579,2.5501e-01
dev-corpus-04,3186,16,8.157909e-04,16,16,0.774386,0.758195,2.0683e-01
dev-corpus-04,3187,21,1.934049e-04,25,25,1.332485,1.328689,2.1269e-01
dev-corpus-04,3188,25,1.140556e-04,25,25,0.074620,0.073271,2.4840e-01
dev-corpus-04,3189,198,3.191554e-05,198,198,0.030723,0.031813,2.6183e-01
dev-corpus-04,3190,388,2.911592e-06,388,388,0.001750,0.001840,2.0870e-01
dev-corpus-04,3191,696,3.122485e-04,4673,4673,5.695898,5.671127,2.1590e-01
dev-corpus-04,3192,58410,6.477996e-04,32370,32370,3.282612,3.342728,2.3485e-01
dev-corpus-04,3193,20751,4.786253e-06,20751,20751,0.002973,0.002908,2.2268e-01
dev-corpus-04,3194,482,2.551657e-04,7,7,1.178023,1.173030,3.7728e-01
dev-corpus-04,3195,4425,8.011736e-04,4425,4425,1.706871,1.718799,2.8695e-01
dev-corpus-04,3196,2291,1.442498e-03,2073,2073,1.207870,1.136499,2.2646e-01
dev-corpus-04,3197,314,5.524017e-04,361,361,2.098872,2.073574,2.0543e-01
dev-corpus-04,3198,984,6.340476e-04,984,984,0.817690,0.824451,3.0684e-01
dev-corpus-04,3199,67,3.720764e-04,67,67,0.697414,0.693468,1.8567e-01
dev-corpus-04,3200,4816,4.011853e-04,369,369,3.734020,3.771698,2.2328e-01
dev-corpus-04,3201,2166,1.832014e-04,2166,2166,1.080498,1.086262,1.3690e-01
dev-corpus-04,3202,2526,1.840726e-05,2526,2526,0.089637,0.091030,1.4550e-01
dev-corpus-04,3203,26,1.780111e-04,364,364,3.823147,3.808891,1.8755e-01
dev-corpus-04,3204,1608,6.303427e-04,359,359,3.488121,3.544649,2.6564e-01
dev-corpus-04,3205,1004,1.317581e-04,220,220,7.955897,7.984293,2.0727e-01
dev-corpus-04,3206,359,4.853716e-04,1765,1765,1.696133,1.710431,2.0086e-01
dev-corpus-04,3207,198,4.494511e-05,198,198,0.012628,0.012182,2.0773e-01
dev-corpus-04,3208,7322,4.834658e-02,7322,7322,0.684522,0.441594,4.7718e-01
dev-corpus-04,3209,359,2.590304e-05,359,359,0.012604,0.011996,2.4173e-01
dev-corpus-04,3210,2186,3.478966e-04,754,754,1.653772,1.661949,1.8044e-01
dev-corpus-04,3211,314,1.140714e-04,314,314,0.819078,0.814485,2.3607e-01
dev-corpus-04,3212,984,1.322185e-05,220,220,1.462909,1.465612,2.4847e-01
dev-corpus-04,3213,67,1.296692e-05,67,67,0.004430,0.004750,1.9898e-01
dev-corpus-04,3214,3058,1.704980e-04,6,6,3.194665,3.201285,2.1807e-01
dev-corpus-04,3215,984,1.756899e-05,984,984,0.036108,0.035285,1.8474e-01
dev-corpus-04,3216,318,3.813321e-05,318,318,0.028023,0.029411,1.5781e-01
dev-corpus-04,3217,4425,4.099038e-05,4425,4425,0.015417,0.014416,1.8797e-01
dev-corpus-04,3218,2073,1.893731e-06,2073,2073,0.000096,0.000082,6.6223e-01
dev-corpus-04,3219,11,1.301337e-06,11,11,0.000914,0.000901,2.9200e-01
dev-corpus-04,3220,638,8.044568e-04,220,220,2.147726,2.145747,3.1586e-01
dev-corpus-04,3221,15236,3.553372e-04,15236,15236,0.568459,0.574224,3.6415e-01
dev-corpus-04,3222,2073,2.553039e-05,2291,2291,1.723520,1.736684,2.6677e-01
dev-corpus-04,3223,681,1.120085e-04,681,681,0.378627,0.386267,2.1612e-01
dev-corpus-04,3224,198,1.891860e-04,198,198,0.020477,0.022967,2.3555e-01
dev-corpus-04,3225,7322,7.858189e-05,7322,7322,0.005147,0.004551,2.9143e-01
dev-corpus-04,3226,10634,1.392625e-03,696,696,2.469633,2.462727,2.2768e-01
dev-corpus-04,3227,11743,8.829301e-06,11743,11743,0.003267,0.003100,2.8200e-01
dev-corpus-04,3228,11,2.431785e-05,8,8,1.373349,1.363051,2.4167e-01
dev-corpus-04,3229,220,5.290385e-05,5436,5436,3.027454,2.988188,2.6747e-01
dev-corpus-04,3230,17,4.718320e-04,17,17,0.141644,0.130360,3.7910e-01
dev-corpus-04,3231,8,9.795685e-06,8,8,0.005818,0.006052,3.5918e-01
dev-corpus-04,3232,198,4.964030e-06,198,198,0.010683,0.010377,1.9176e-01
dev-corpus-04,3233,388,8.651876e-04,388,388,0.425805,0.396501,1.6992e-01
dev-corpus-04,3234,2424,3.009118e-04,2424,2424,0.485408,0.466675,1.7915e-01
dev-corpus-04,3235,2073,1.743022e-07,2073,2073,0.000208,0.000215,2.4347e-01
dev-corpus-04,3236,283,3.116826e-07,283,283,0.000666,0.000662,1.8845e-01
dev-corpus-04,3237,638,3.296308e-05,638,638,0.152379,0.152526,2.5043e-01
dev-corpus-04,3238,15236,2.797831e-06,15236,15236,0.002480,0.002568,1.8656e-01
dev-corpus-04,3239,2073,5.165664e-07,2073,2073,0.001488,0.001457,3.5216e-01
dev-corpus-04,3240,198,1.863857e-04,198,198,0.582299,0.597767,1.9662e-01
dev-corpus-04,3241,285,2.300590e-04,285,285,0.383388,0.369536,2.2522e-01
dev-corpus-04,3242,745,7.981530e-04,745,745,0.235095,0.255215,1.9253e-01
dev-corpus-04,3243,25,2.510692e-08,25,25,0.000028,0.000028,2.9551e-01
dev-corpus-04,3244,198,6.693576e-06,198,198,0.005144,0.005381,2.2518e-01
dev-corpus-04,3245,309,3.385750e-07,309,309,0.000878,0.000895,1.7096e-01
dev-corpus-04,3246,696,2.931103e-04,2424,2424,4.330293,4.205694,2.2559e-01
dev-corpus-04,3247,58410,8.680165e-05,58410,58410,0.075035,0.073322,2.4209e-01
dev-corpus-04,3248,20751,2.587408e-07,20751,20751,0.000409,0.000416,1.9200e-01
dev-corpus-04,3249,482,5.503641e-05,482,482,0.203961,0.206983,3.2560e-01
dev-corpus-04,3250,2665,5.405552e-04,4425,4425,2.744908,2.742659,2.4924e-01
dev-corpus-04,3251,2424,8.153050e-05,2424,2424,0.059905,0.061602,1.7948e-01
dev-corpus-04,3252,2291,5.618346e-05,2291,2291,0.060754,0.058517,2.5388e-01
dev-corpus-04,3253,6816,4.304298e-04,6816,6816,0.991056,0.979273,1.7331e-01
dev-corpus-04,3254,383,2.465107e-04,1669,1669,2.104795,2.073318,1.6158e-01
dev-corpus-04,3255,2574,6.795348e-04,984,984,6.399883,6.370105,2.8300e-01
dev-corpus-04,3256,20245,1.486791e-03,5010,5010,1.188719,1.200844,2.4031e-01
dev-corpus-04,3257,1576,1.517899e-03,2508,2508,2.680941,2.682866,2.7175e-01
dev-corpus-04,3258,26,2.410037e-04,26,26,0.607436,0.622429,1.3473e-01
dev-corpus-04,3259,359,2.227167e-06,359,359,0.024837,0.024625,1.5578e-01
dev-corpus-04,3260,198,2.540232e-06,198,198,0.000348,0.000313,3.6311e-01
dev-corpus-04,3261,5780,2.774694e-04,5780,5780,0.034000,0.037845,3.0001e-01
dev-corpus-04,3262,359,1.336793e-06,359,359,0.002528,0.002514,1.9809e-01
dev-corpus-04,3263,5439,4.815907e-05,940,940,7.134148,7.108176,1.8732e-01
dev-corpus-04,3264,28528,6.464866e-06,28528,28528,0.046551,0.047172,1.3118e-01
dev-corpus-04,3265,984,5.332394e-04,984,984,1.244867,1.251532,2.2290e-01
dev-corpus-04,3266,67,7.162937e-06,67,67,0.014214,0.014093,1.7295e-01
dev-corpus-04,3267,3058,1.867584e-04,3058,3058,0.653009,0.650346,1.7906e-01
dev-corpus-04,3268,984,5.467655e-06,984,984,0.003766,0.003898,1.8790e-01
dev-corpus-04,3269,318,2.695243e-04,638,638,1.915979,1.964729,1.8886e-01
dev-corpus-04,3270,701,8.276915e-05,701,701,0.031152,0.032864,2.4797e-01
dev-corpus-04,3271,15236,8.197459e-07,15236,15236,0.000503,0.000505,1.9307e-01
dev-corpus-04,3272,2073,5.220557e-07,2073,2073,0.000798,0.000775,2.2060e-01
dev-corpus-04,3273,681,6.171500e-06,681,681,0.161143,0.161753,2.0208e-01
dev-corpus-04,3274,198,8.319581e-04,198,198,0.637539,0.671041,2.8212e-01
dev-corpus-04,3275,5780,1.908042e-06,5780,5780,0.002122,0.002110,1.6447e-01
dev-corpus-04,3276,10634,3.911288e-05,10634,10634,0.006931,0.006438,2.4444e-01
dev-corpus-04,3277,11743,2.696973e-07,11743,11743,0.000106,0.000111,3.4429e-01
dev-corpus-04,3278,11,1.983744e-07,11,11,0.020391,0.020387,2.1936e-01
dev-corpus-04,3279,220,2.975056e-06,220,220,0.002426,0.002442,2.5066e-01
dev-corpus-04,3280,17,1.090443e-06,17,17,0.011439,0.011468,5.0680e-01
dev-corpus-04,3281,8,5.220049e-07,8,8,0.000483,0.000500,2.4710e-01
dev-corpus-04,3282,198,2.207360e-05,198,198,0.413243,0.408644,1.8504e-01
dev-corpus-04,3283,309,7.551176e-04,285,285,1.055760,1.109582,1.5876e-01
dev-corpus-04,3284,2424,4.751051e-05,2424,2424,0.058162,0.059738,1.9794e-01
dev-corpus-04,3285,2073,3.781317e-07,2073,2073,0.000082,0.000090,2.4401e-01
dev-corpus-04,3286,283,3.154510e-07,283,283,0.000566,0.000560,2.0788e-01
dev-corpus-04,3287,638,4.381498e-06,638,638,0.014465,0.014300,2.0014e-01
dev-corpus-04,3288,15236,1.097874e-06,15236,15236,0.000727,0.000694,2.5745e-01
dev-corpus-04,3289,2073,1.136800e-06,2073,2073,0.000142,0.000158,5.1532e-01
dev-corpus-04,3290,271,2.723333e-06,271,271,0.182227,0.182187,2.8614e-01
dev-corpus-04,3291,285,4.938696e-05,285,285,0.040518,0.042552,1.9171e-01
dev-corpus-04,3292,413,1.918967e-04,638,638,1.814366,1.828886,2.6579e-01
dev-corpus-04,3293,2343,3.215841e-04,2424,2424,2.856656,2.840440,2.0889e-01
dev-corpus-04,3294,4702,1.457154e-03,18119,18119,2.348878,2.415869,3.1893e-01
dev-corpus-04,3295,8,2.765444e-05,8,8,0.015104,0.015397,2.9430e-01
dev-corpus-04,3296,835,1.604464e-03,835,835,0.587140,0.557295,2.5083e-01
dev-corpus-04,3297,2424,4.943729e-05,2424,2424,0.096386,0.096426,2.3490e-01
dev-corpus-04,3298,2073,4.834569e-07,2073,2073,0.000334,0.000322,2.4205e-01
dev-corpus-04,3299,25,2.668931e-05,25,25,0.041465,0.042049,2.3822e-01
dev-corpus-04,3300,198,8.831229e-06,198,198,0.006761,0.007058,3.0210e-01
dev-corpus-04,3301,309,2.282215e-06,309,309,0.000949,0.000983,2.3429e-01
dev-corpus-04,3302,1328,3.825951e-04,1328,1328,0.834027,0.828074,1.9485e-01
dev-corpus-04,3303,283,7.707364e-05,283,283,0.016926,0.016907,3.1596e-01
dev-corpus-04,3304,20245,2.691494e-03,638,638,2.071138,2.180392,3.5817e-01
dev-corpus-04,3305,30919,1.285554e-04,30919,30919,0.102617,0.103383,3.0745e-01
dev-corpus-04,3306,4702,2.305383e-05,4702,4702,0.010101,0.009760,2.6906e-01
dev-corpus-04,3307,553,1.669776e-03,553,553,0.514960,0.563524,2.9300e-01
dev-corpus-04,3308,35138,1.839732e-05,35138,35138,0.004216,0.003837,2.2880e-01
dev-corpus-04,3309,363,1.647913e-05,363,363,0.001967,0.001818,3.4339e-01
dev-corpus-04,3310,271,1.092162e-04,271,271,0.676436,0.662879,2.2789e-01
dev-corpus-04,3311,285,4.216066e-06,285,285,0.003847,0.004026,2.2162e-01
dev-corpus-04,3312,653,5.717394e-04,638,638,2.441760,2.441125,2.7954e-01
dev-corpus-04,3313,638,6.372570e-04,561,561,4.618788,4.644470,2.3424e-01
dev-corpus-04,3314,15236,3.443410e-04,1385,1385,2.386223,2.410374,2.3785e-01
dev-corpus-04,3315,2073,8.993461e-05,2073,2073,0.096790,0.098837,3.1694e-01
dev-corpus-04,3316,369,3.004248e-04,369,369,0.908645,0.902078,1.6074e-01
dev-corpus-04,3317,279,3.441456e-04,279,279,1.133982,1.152646,1.8114e-01
dev-corpus-04,3318,1581,9.394487e-04,2424,2424,5.399657,5.385959,3.0719e-01
dev-corpus-04,3319,2424,1.742792e-03,2424,2424,1.163254,1.156597,3.2641e-01
dev-corpus-04,3320,2073,3.415362e-05,1331,1331,0.768672,0.768124,1.9787e-01
dev-corpus-04,3321,13,6.216387e-04,364,11,3.003485,3.004245,2.1872e-01
dev-corpus-04,3322,638,1.729152e-04,198,198,4.096514,4.120091,1.7061e-01
dev-corpus-04,3323,15236,4.886348e-04,1385,1385,2.591828,2.576534,2.2063e-01
dev-corpus-04,3324,2291,1.304769e-04,2073,2073,1.906152,1.894494,2.8508e-01
dev-corpus-04,3325,369,3.694070e-04,369,369,0.365623,0.359047,2.2049e-01
dev-corpus-04,3326,198,3.472241e-04,279,279,1.704889,1.722057,2.4486e-01
dev-corpus-04,3327,285,3.082421e-07,285,285,0.000323,0.000328,3.0030e-01
dev-corpus-04,3328,653,2.239503e-05,653,653,0.000227,0.000296,1.9535e+00
dev-corpus-04,3329,7139,1.006814e-03,279,279,9.777848,9.880581,3.1930e-01
dev-corpus-04,3330,2424,1.786524e-04,2424,2424,0.151786,0.157302,2.6591e-01
dev-corpus-04,3331,1331,1.335923e-05,2073,2073,1.343260,1.337567,1.7726e-01
dev-corpus-04,3332,430,2.478899e-04,13,13,5.310183,5.312191,2.0643e-01
dev-corpus-04,3333,1575,4.035370e-04,10521,10521,5.759781,5.717863,2.1800e-01
dev-corpus-04,3334,430,1.258175e-03,430,430,0.283892,0.257220,2.3337e-01
dev-corpus-04,3335,279,6.669720e-04,279,279,1.245975,1.275603,2.2015e-01
dev-corpus-04,3336,569,5.502309e-04,1324,1324,5.876576,5.838634,2.1272e-01
dev-corpus-04,3337,5165,6.147542e-04,5165,5165,1.184519,1.196194,2.4376e-01
dev-corpus-04,3338,6816,5.079592e-04,13,13,5.113358,5.060367,3.7173e-01
dev-corpus-04,3339,13,6.760536e-05,13,13,0.589169,0.589707,2.1429e-01
dev-corpus-04,3340,198,1.416271e-04,198,198,0.109878,0.105313,1.7786e-01
dev-corpus-04,3341,285,3.167652e-07,285,285,0.000435,0.000435,2.0085e-01
dev-corpus-04,3342,638,3.085945e-04,638,638,0.344387,0.330616,2.7650e-01
dev-corpus-04,3343,15236,1.593224e-04,15236,15236,0.147561,0.153285,2.3576e-01
dev-corpus-04,3344,2291,2.941692e-04,2291,2291,0.282271,0.296178,2.3257e-01
dev-corpus-04,3345,283,7.872440e-07,283,283,0.002686,0.002671,1.7411e-01
dev-corpus-04,3346,2424,4.593166e-04,2424,2424,0.270891,0.263611,2.6179e-01
dev-corpus-04,3347,2073,6.546680e-07,2073,2073,0.000811,0.000832,2.9207e-01
dev-corpus-04,3348,271,2.636412e-04,198,198,0.981439,0.964320,2.1026e-01
dev-corpus-04,3349,285,1.265517e-05,285,285,0.134725,0.132991,2.6464e-01
dev-corpus-04,3350,1328,2.710642e-04,653,653,4.657848,4.726299,3.0297e-01
dev-corpus-04,3351,283,1.671755e-03,6892,6892,1.709489,1.705605,3.4963e-01
dev-corpus-04,3352,1328,1.034637e-03,1328,1328,1.438094,1.409653,2.5908e-01
dev-corpus-04,3353,890,3.438047e-03,478,478,1.328583,1.208973,3.0188e-01
dev-corpus-04,3354,4111,3.265341e-06,4111,4111,0.003654,0.003798,2.4007e-01
dev-corpus-04,3355,18119,2.719492e-05,18119,18119,0.516025,0.516316,2.5706e-01
dev-corpus-04,3356,2073,1.857086e-05,2073,2073,0.002767,0.002478,3.1184e-01
dev-corpus-04,3357,11,9.491385e-04,11,11,0.274076,0.292842,3.1062e-01
dev-corpus-04,3358,292,1.714100e-04,292,292,0.064869,0.062618,3.2749e-01
dev-corpus-04,3359,15313,9.814035e-05,15313,15313,0.113264,0.117080,3.1349e-01
dev-corpus-04,3360,15,8.339050e-05,87,87,1.032224,1.015569,2.1475e-01
dev-corpus-04,3361,837,1.603387e-05,837,837,0.034668,0.034112,2.9449e-01
dev-corpus-04,3362,198,1.320319e-04,198,198,0.333995,0.340220,3.0763e-01
dev-corpus-04,3363,285,1.225525e-06,285,285,0.002803,0.002758,2.1033e-01
dev-corpus-04,3364,638,8.208732e-04,638,638,0.818698,0.829127,3.3612e-01
dev-corpus-04,3365,1385,3.645174e-04,1385,1385,0.163922,0.167937,2.6631e-01
dev-corpus-04,3366,2589,1.545738e-03,558,558,5.064472,5.044351,3.3474e-01
dev-corpus-04,3367,5149,3.431220e-04,5149,5149,0.590825,0.604459,3.0996e-01
dev-corpus-04,3368,4702,4.613327e-04,4702,4702,0.410301,0.423022,3.2267e-01
dev-corpus-04,3369,25081,1.467411e-03,8,8,5.461305,5.535937,3.5628e-01
dev-corpus-04,3370,31992,5.233353e-04,2231,2231,5.668918,5.730169,3.0938e-01
dev-corpus-04,3371,62,3.430869e-03,5070,5070,2.828894,2.865523,4.1278e-01
dev-corpus-04,3372,20,2.117875e-03,15,15,4.694118,4.651355,3.1700e-01
dev-corpus-04,3373,34,3.461324e-03,66,66,4.156168,4.138305,4.0808e-01
dev-corpus-04,3374,578,2.272057e-03,578,578,1.067443,1.089345,2.9129e-01
dev-corpus-04,3375,198,1.981229e-05,198,198,0.046846,0.047926,2.9944e-01
dev-corpus-04,3376,285,1.047683e-07,285,285,0.000156,0.000154,2.6297e-01
dev-corpus-04,3377,638,5.899502e-05,638,638,0.022658,0.021286,2.4944e-01
dev-corpus-04,3378,1385,1.243980e-05,1385,1385,0.002553,0.002355,2.9623e-01
dev-corpus-04,3379,4240,2.524952e-05,4240,4240,0.046875,0.045764,2.7432e-01
dev-corpus-04,3380,5149,6.971219e-05,5149,5149,0.011775,0.012588,3.3567e-01
dev-corpus-04,3381,4702,6.516129e-05,4702,4702,0.013318,0.012147,2.5379e-01
dev-corpus-04,3382,25081,8.658373e-04,25081,25081,0.081628,0.070166,2.9538e-01
dev-corpus-04,3383,31992,3.293587e-05,31992,31992,0.004460,0.003985,2.6113e-01
dev-corpus-04,3384,62,2.105154e-04,62,62,0.011685,0.009774,3.6398e-01
dev-corpus-04,3385,18,7.714797e-03,21,21,1.622926,1.872258,2.1470e+00
dev-corpus-04,3386,21,6.939354e-02,34,34,1.319203,2.003279,6.7143e-01
dev-corpus-04,3387,578,3.980639e-04,578,578,0.022837,0.020050,4.8516e-01
dev-corpus-04,3388,198,8.851124e-06,271,271,1.091623,1.088471,3.6809e-01
dev-corpus-04,3389,285,3.810069e-05,285,285,0.043311,0.043999,3.3819e-01
dev-corpus-04,3390,413,6.877585e-04,638,638,3.670712,3.628855,5.2726e-01
dev-corpus-04,3391,3623,1.753239e-03,30038,30038,5.600542,5.579472,3.3548e-01
dev-corpus-04,3392,369,1.611540e-03,369,369,0.770443,0.775036,2.8334e-01
dev-corpus-04,3393,524,1.605370e-05,524,524,0.452623,0.456306,2.0177e-01
dev-corpus-04,3394,2168,1.405302e-05,2168,2168,0.016855,0.016979,3.5254e-01
dev-corpus-04,3395,25,8.607129e-06,25,25,0.011895,0.012255,3.1652e-01
dev-corpus-04,3396,198,1.336218e-05,198,198,0.005024,0.005024,7.6164e-01
dev-corpus-04,3397,309,6.840664e-07,309,309,0.001307,0.001297,2.3910e-01
dev-corpus-04,3398,638,1.139921e-04,638,638,0.043170,0.044124,3.7872e-01
dev-corpus-04,3399,5149,2.907200e-05,5149,5149,0.054416,0.055886,3.4026e-01
dev-corpus-04,3400,7863,8.484511e-06,7863,7863,0.006680,0.006670,2.4096e-01
dev-corpus-04,3401,8,4.586734e-06,8,8,0.002222,0.002155,2.6546e-01
dev-corpus-04,3402,271,1.028022e-05,271,271,0.176654,0.178544,1.7365e-01
dev-corpus-04,3403,262,4.669560e-05,262,262,0.068315,0.066614,2.8344e-01
dev-corpus-04,3404,554,2.681954e-05,687,687,2.681272,2.685957,3.3480e-01
dev-corpus-04,3405,3573,3.971382e-04,3573,3573,0.249658,0.260421,2.6396e-01
dev-corpus-04,3406,198,2.801402e-06,198,198,0.002529,0.002633,3.0497e-01
dev-corpus-04,3407,262,1.535717e-03,262,262,0.095118,0.113672,4.7983e-01
dev-corpus-04,3408,687,7.704990e-05,687,687,0.039016,0.040340,3.3735e-01
dev-corpus-04,3409,803,1.560727e-03,1328,1328,5.152946,5.153931,3.0470e-01
dev-corpus-04,3410,1153,4.800765e-06,1153,1153,0.003258,0.003329,2.3705e-01
dev-corpus-04,3411,1590,3.210880e-06,1590,1590,0.000687,0.000625,2.0801e-01
dev-corpus-04,3412,198,7.817258e-06,198,198,0.008209,0.008397,3.0925e-01
dev-corpus-04,3413,285,2.812577e-07,285,285,0.000564,0.000562,1.7347e-01
dev-corpus-04,3414,413,7.870005e-05,460,460,2.903585,2.920690,1.8038e-01
dev-corpus-04,3415,638,1.130930e-03,11074,11074,1.600990,1.673330,1.8869e-01
dev-corpus-04,3416,1385,5.958650e-04,1385,1385,0.146234,0.137688,3.1752e-01
dev-corpus-04,3417,71,2.466350e-03,71,71,0.731177,0.795573,2.6967e-01
dev-corpus-04,3418,11609,2.174854e-06,11609,11609,0.000487,0.000482,2.5818e-01
dev-corpus-04,3419,25,3.572565e-04,369,369,0.952179,0.923638,2.3110e-01
dev-corpus-04,3420,198,6.759246e-06,198,198,0.007107,0.006831,1.9323e-01
dev-corpus-04,3421,309,4.710892e-07,309,309,0.000877,0.000853,2.5100e-01
dev-corpus-04,3422,460,5.235804e-05,460,460,0.068784,0.070308,2.0089e-01
dev-corpus-04,3423,638,5.059969e-04,638,638,1.078640,1.070487,2.0959e-01
dev-corpus-04,3424,1385,9.943371e-06,1385,1385,0.004356,0.004298,2.9570e-01
dev-corpus-04,3425,71,1.243579e-05,71,71,0.012909,0.013112,2.7547e-01
dev-corpus-04,3426,11609,4.018025e-07,11609,11609,0.000216,0.000204,2.9591e-01
dev-corpus-04,3427,2557,5.136293e-04,2557,2557,0.098290,0.107481,3.5102e-01
dev-corpus-04,3428,198,2.595472e-04,198,198,0.191315,0.189232,2.2553e-01
dev-corpus-04,3429,285,2.768230e-06,285,285,0.000709,0.000649,1.8955e-01
dev-corpus-04,3430,745,1.743944e-04,745,460,0.928627,0.938090,1.8109e-01
dev-corpus-04,3431,25,6.586746e-08,25,25,0.000050,0.000049,2.9072e-01
dev-corpus-04,3432,198,3.073814e-06,198,198,0.000694,0.000747,3.0672e-01
dev-corpus-04,3433,309,3.980848e-08,309,309,0.000396,0.000399,2.3381e-01
dev-corpus-04,3434,460,2.154637e-05,460,460,0.065971,0.065804,1.8321e-01
dev-corpus-04,3435,281,1.214210e-04,638,638,7.095566,7.106792,3.1484e-01
dev-corpus-04,3436,75833,1.745706e-03,64707,64707,2.751280,2.759506,3.3543e-01
dev-corpus-04,3437,11609,2.449905e-05,11609,11609,0.005226,0.005265,2.3952e-01
dev-corpus-04,3438,61209,8.774293e-04,17878,17878,2.191334,2.259974,3.5204e-01
dev-corpus-04,3439,701,8.711628e-05,701,701,0.054286,0.056342,2.2781e-01
dev-corpus-04,3440,1385,1.189816e-03,1385,1385,0.205249,0.186636,3.4132e-01
dev-corpus-04,3441,4240,1.110144e-04,4240,4240,0.372103,0.365807,3.4359e-01
dev-corpus-04,3442,2557,4.405291e-05,2557,2557,0.011675,0.011040,2.7605e-01
dev-corpus-04,3443,9571,6.080301e-05,9571,9571,0.024358,0.025529,2.5186e-01
dev-corpus-04,3444,271,5.443935e-06,271,271,0.093820,0.093008,2.2280e-01
dev-corpus-04,3445,262,1.138184e-05,262,262,0.004682,0.004408,2.0584e-01
dev-corpus-04,3446,687,6.054773e-05,687,687,0.305690,0.300506,2.6813e-01
dev-corpus-04,3447,2560,1.857548e-04,2560,2560,0.327742,0.332853,2.9621e-01
dev-corpus-04,3448,1153,3.011913e-06,1153,1153,0.001449,0.001411,1.9121e-01
dev-corpus-04,3449,11,1.524518e-06,11,11,0.000434,0.000463,2.3497e-01
dev-corpus-04,3450,3623,8.398113e-04,3623,3623,0.578495,0.603887,2.4687e-01
dev-corpus-04,3451,1590,1.069106e-03,1590,1590,0.645899,0.610391,2.7365e-01
dev-corpus-04,3452,198,1.931596e-06,198,198,0.001513,0.001443,2.2202e-01
dev-corpus-04,3453,285,1.938539e-07,285,285,0.000197,0.000200,2.4945e-01
dev-corpus-04,3454,4071,3.940443e-04,413,413,1.854935,1.833781,2.9237e-01
dev-corpus-04,3455,27974,6.926363e-04,198,198,5.800324,5.773097,4.2185e-01
dev-corpus-04,3456,795,7.172381e-04,795,795,1.177123,1.153455,3.6246e-01
dev-corpus-04,3457,494,1.190595e-04,1083,1083,6.241870,6.248386,2.4954e-01
dev-corpus-04,3458,3623,2.715815e-04,3623,3623,0.879390,0.887764,2.4086e-01
dev-corpus-04,3459,1083,1.610845e-04,1083,1083,0.658143,0.660506,2.1001e-01
dev-corpus-04,3460,411,2.529375e-04,279,279,2.904855,2.881815,3.1120e-01
dev-corpus-04,3461,69898,8.207914e-04,92610,92610,6.676220,6.679382,3.0188e-01
dev-corpus-04,3462,1576,5.564664e-04,1576,1576,0.331952,0.316425,2.2163e-01
dev-corpus-04,3463,71483,7.292178e-05,13,13,0.977279,0.987009,1.8568e-01
dev-corpus-04,3464,198,2.307800e-07,198,198,0.084706,0.084840,1.5478e-01
dev-corpus-04,3465,285,3.038338e-07,285,285,0.000666,0.000678,2.1426e-01
dev-corpus-04,3466,1699,3.165052e-04,413,413,12.594541,12.565868,2.2658e-01
dev-corpus-04,3467,283,1.745988e-04,283,283,0.200436,0.200516,2.0939e-01
dev-corpus-04,3468,638,1.201220e-04,638,638,0.108447,0.110725,1.9117e-01
dev-corpus-04,3469,1385,4.763120e-04,1385,1385,0.131421,0.139794,2.4630e-01
dev-corpus-04,3470,71,1.587434e-04,4240,4240,2.568408,2.579551,2.5086e-01
dev-corpus-04,3471,11609,2.749647e-06,11609,11609,0.000387,0.000349,3.2566e-01
dev-corpus-04,3472,466,4.160593e-04,198,198,0.978884,0.977430,3.0641e-01
dev-corpus-04,3473,638,9.320122e-05,638,638,0.049487,0.048707,2.2987e-01
dev-corpus-04,3474,1385,2.774662e-04,1385,1385,0.374450,0.389143,3.5423e-01
dev-corpus-04,3475,4240,7.246595e-05,4240,4240,0.086745,0.089948,3.0935e-01
dev-corpus-04,3476,198,2.143372e-04,198,198,0.224116,0.224118,2.6766e-01
dev-corpus-04,3477,285,3.533793e-08,285,285,0.000046,0.000045,2.5878e-01
dev-corpus-04,3478,1699,3.827645e-04,1699,1699,0.769586,0.751159,1.9688e-01
dev-corpus-04,3479,5149,3.213012e-05,5149,5149,0.014069,0.013846,2.5183e-01
dev-corpus-04,3480,7863,2.018359e-05,7863,7863,0.013956,0.013808,2.2844e-01
dev-corpus-04,3481,8,8.027482e-06,8,8,0.004217,0.004031,2.4227e-01
dev-corpus-04,3482,271,1.995830e-04,271,271,0.205213,0.214677,2.1200e-01
dev-corpus-04,3483,262,1.278048e-04,262,262,0.027824,0.030561,2.7799e-01
dev-corpus-04,3484,687,1.628605e-04,687,687,0.057441,0.053419,2.9506e-01
dev-corpus-04,3485,2880,1.018154e-04,20245,20245,3.047610,3.030469,1.9163e-01
dev-corpus-04,3486,1153,1.784314e-05,1153,1153,0.007868,0.007817,3.0303e-01
dev-corpus-04,3487,1590,2.887141e-05,1590,1590,0.030300,0.031501,2.3773e-01
dev-corpus-04,3488,198,1.184062e-05,198,198,0.002895,0.002756,4.5533e-01
dev-corpus-04,3489,285,7.788103e-08,285,285,0.000106,0.000106,2.5539e-01
dev-corpus-04,3490,4071,1.940622e-04,4071,4071,0.155978,0.162598,1.8654e-01
dev-corpus-04,3491,5423,6.725394e-05,5423,5423,0.592211,0.590112,2.7690e-01
dev-corpus-04,3492,264,4.410148e-05,264,264,0.078230,0.077183,2.4738e-01
dev-corpus-04,3493,8387,2.468312e-04,2880,2880,6.586274,6.572271,2.3384e-01
dev-corpus-04,3494,2880,1.139615e-03,2880,2880,0.543252,0.577672,2.5022e-01
dev-corpus-04,3495,314,2.997712e-04,314,314,0.082982,0.077079,3.3333e-01
dev-corpus-04,3496,411,1.112031e-05,411,411,0.149529,0.148998,3.1610e-01
dev-corpus-04,3497,69898,6.102282e-04,1576,1576,1.705811,1.656024,2.9589e-01
dev-corpus-04,3498,1576,1.013233e-05,1576,1576,0.011802,0.011758,2.4335e-01
dev-corpus-04,3499,13,6.070710e-05,71483,71483,2.638458,2.615290,1.7871e-01
dev-corpus-04,3500,271,4.219134e-04,271,271,0.715758,0.740975,1.8278e-01
dev-corpus-04,3501,285,2.318717e-05,285,285,0.008699,0.009315,2.3549e-01
dev-corpus-04,3502,1473,2.453221e-04,561,561,6.879756,6.904501,2.9101e-01
dev-corpus-04,3503,2560,7.457967e-04,92610,92610,2.228325,2.265812,1.9139e-01
dev-corpus-04,3504,310,6.145751e-04,310,310,0.787355,0.772954,3.2218e-01
dev-corpus-04,3505,411,3.926670e-04,279,279,2.204585,2.213397,2.0337e-01
dev-corpus-04,3506,2880,9.826247e-04,1576,1576,1.066729,1.123501,2.6575e-01
dev-corpus-04,3507,2677,5.553971e-04,668,668,2.503971,2.577804,1.9548e-01
dev-corpus-04,3508,914,3.557023e-07,914,914,0.000828,0.000838,1.6920e-01
dev-corpus-04,3509,7556,5.615682e-05,7556,7556,0.252064,0.253033,1.6432e-01
dev-corpus-04,3510,279,2.621630e-04,279,279,0.213900,0.206081,2.5498e-01
dev-corpus-04,3511,3889,4.668472e-04,3889,3889,0.173667,0.164567,2.1620e-01
dev-corpus-04,3512,1576,1.286934e-04,13,13,1.350855,1.332633,2.8067e-01
dev-corpus-04,3513,13,8.878563e-05,13,13,0.585033,0.579689,1.9201e-01
dev-corpus-04,3514,198,5.425011e-05,198,198,0.162333,0.165368,2.1808e-01
dev-corpus-04,3515,285,1.296815e-06,285,285,0.000702,0.000738,1.7687e-01
dev-corpus-04,3516,4071,1.267320e-04,4071,4071,0.163613,0.168732,1.8975e-01
dev-corpus-04,3517,198,3.642691e-06,198,198,0.021337,0.020947,2.6948e-01
dev-corpus-04,3518,285,2.442786e-07,285,285,0.000344,0.000335,1.9132e-01
dev-corpus-04,3519,653,3.351183e-04,460,460,2.964114,2.952222,1.6714e-01
dev-corpus-04,3520,6920,1.911743e-04,1165,1165,6.297451,6.282846,1.5435e-01
dev-corpus-04,3521,1259,4.956037e-04,279,279,4.163591,4.163899,2.4433e-01
dev-corpus-04,3522,902,9.075866e-05,2251,2251,1.883469,1.893671,2.4724e-01
dev-corpus-04,3523,548,1.404573e-04,548,548,0.117141,0.122229,1.8025e-01
dev-corpus-04,3524,5774,1.500399e-04,310,310,2.344236,2.337444,1.3475e-01
dev-corpus-04,3525,310,9.938065e-05,310,310,0.604785,0.605817,1.5410e-01
dev-corpus-04,3526,5471,7.851910e-05,5471,5471,0.588146,0.582415,1.1947e-01
dev-corpus-04,3527,279,4.427869e-04,7842,7842,2.542873,2.539736,1.7301e-01
dev-corpus-04,3528,11064,6.508016e-04,1259,1259,4.816567,4.844746,1.7555e-01
dev-corpus-04,3529,1259,4.179862e-04,1259,1259,1.583192,1.560150,1.8785e-01
dev-corpus-04,3530,2251,1.950785e-05,2251,2251,0.014070,0.013737,2.5332e-01
dev-corpus-04,3531,18162,1.471100e-05,548,548,1.703470,1.710461,1.6866e-01
dev-corpus-04,3532,198,3.128581e-05,198,198,0.078845,0.077325,1.6778e-01
dev-corpus-04,3533,285,6.516132e-08,285,285,0.000175,0.000172,1.9340e-01
dev-corpus-04,3534,975,7.169219e-04,653,653,4.879153,4.947339,2.4317e-01
dev-corpus-04,3535,283,7.290458e-06,283,283,0.012244,0.012431,2.8034e-01
dev-corpus-04,3536,638,5.843501e-04,1576,1576,1.732242,1.748628,2.9950e-01
dev-corpus-04,3537,4692,1.604668e-05,4692,4692,0.005270,0.005661,2.5685e-01
dev-corpus-04,3538,1005,2.121266e-06,1005,1005,0.007096,0.006978,2.3646e-01
dev-corpus-04,3539,47719,1.090720e-05,47719,47719,0.005716,0.005390,3.0281e-01
dev-corpus-04,3540,902,2.866217e-07,902,902,0.000186,0.000190,3.0439e-01
dev-corpus-04,3541,3676,2.614238e-06,3676,3676,0.000971,0.000907,2.0599e-01
dev-corpus-04,3542,701,1.532373e-05,701,701,0.042346,0.042649,2.0579e-01
dev-corpus-04,3543,4692,1.030692e-06,4692,4692,0.000521,0.000507,2.3103e-01
dev-corpus-04,3544,1005,1.645718e-07,1005,1005,0.000062,0.000060,2.8140e-01
dev-corpus-04,3545,18562,1.706366e-06,18562,18562,0.026880,0.026877,2.6584e-01
dev-corpus-04,3546,198,1.180109e-04,198,198,0.099723,0.104730,3.2771e-01
dev-corpus-04,3547,285,2.282141e-07,285,285,0.000596,0.000604,2.0998e-01
dev-corpus-04,3548,975,2.751640e-04,975,975,0.472228,0.487720,2.0247e-01
dev-corpus-04,3549,72998,3.615804e-04,1385,1385,2.142780,2.185750,2.4256e-01
dev-corpus-04,3550,2291,1.407943e-04,2291,2291,0.091003,0.094427,2.1006e-01
dev-corpus-04,3551,283,3.421071e-06,283,283,0.003494,0.003625,1.8986e-01
dev-corpus-04,3552,638,8.116888e-06,638,638,0.006481,0.006612,1.9400e-01
dev-corpus-04,3553,72998,7.563803e-05,72998,72998,0.026111,0.028157,2.1345e-01
dev-corpus-04,3554,2291,7.686661e-07,2291,2291,0.000182,0.000167,2.9678e-01
dev-corpus-04,3555,198,3.443394e-06,198,198,0.018683,0.018975,2.3566e-01
dev-corpus-04,3556,285,1.575349e-08,285,285,0.000040,0.000040,1.5832e-01
dev-corpus-04,3557,413,1.237288e-04,975,975,3.189958,3.119668,2.5550e-01
dev-corpus-04,3558,638,1.866605e-03,638,638,0.387851,0.428892,1.7699e-01
dev-corpus-04,3559,1385,1.853729e-05,1385,1385,0.016853,0.016526,2.3001e-01
dev-corpus-04,3560,71,5.896131e-05,71,71,0.044054,0.046100,2.0266e-01
dev-corpus-04,3561,11609,2.027198e-07,11609,11609,0.000033,0.000029,2.5538e-01
dev-corpus-04,3562,25,5.558048e-06,25,25,0.145754,0.145626,1.7380e-01
dev-corpus-04,3563,198,1.493359e-05,198,198,0.002015,0.002108,2.9380e-01
dev-corpus-04,3564,309,2.220016e-07,309,309,0.000189,0.000186,1.6241e-01
dev-corpus-04,3565,975,5.673157e-05,975,975,0.081684,0.083034,1.7950e-01
dev-corpus-04,3566,1385,4.141820e-05,1385,1385,0.030023,0.028655,1.6607e-01
dev-corpus-04,3567,71,6.553264e-06,71,71,0.040227,0.039671,1.6773e-01
dev-corpus-04,3568,11609,1.709011e-07,11609,11609,0.000081,0.000077,2.7170e-01
dev-corpus-04,3569,283,2.128155e-05,283,283,0.004680,0.004266,3.4358e-01
dev-corpus-04,3570,638,1.760182e-04,638,638,0.077235,0.080812,2.5152e-01
dev-corpus-04,3571,1385,3.142818e-06,1385,1385,0.000816,0.000818,3.2589e-01
dev-corpus-04,3572,71,1.156911e-05,71,71,0.003650,0.003430,2.7234e-01
dev-corpus-04,3573,11609,1.204387e-07,11609,11609,0.000019,0.000019,3.2007e-01
dev-corpus-04,3574,11883,2.237661e-04,198,198,2.261045,2.319573,2.3993e-01
dev-corpus-04,3575,363,5.829798e-06,363,363,0.006077,0.006150,2.2296e-01
dev-corpus-04,3576,198,1.808290e-05,198,198,0.032353,0.033157,1.9231e-01
dev-corpus-04,3577,309,4.855671e-05,309,309,0.511693,0.503701,1.1468e-01
dev-corpus-04,3578,975,5.192395e-05,975,975,0.069361,0.068998,1.8752e-01
dev-corpus-04,3579,1385,1.529074e-04,1385,1385,0.030790,0.028567,3.5028e-01
dev-corpus-04,3580,4240,2.044464e-04,2589,2589,1.129145,1.103723,1.6844e-01
dev-corpus-04,3581,283,4.383709e-05,283,283,0.012779,0.013652,2.7683e-01
dev-corpus-04,3582,975,6.122978e-05,638,638,2.525338,2.554558,2.3301e-01
dev-corpus-04,3583,1385,2.987484e-06,1385,1385,0.003921,0.003876,2.3617e-01
dev-corpus-05,3584,198,2.354388e-06,198,198,0.002226,0.002326,3.2617e-01
dev-corpus-05,3585,72240,4.706276e-05,3710,3710,7.007180,6.999879,6.6436e-02
dev-corpus-05,3586,264,4.262974e-05,279,279,2.366127,2.359832,9.2013e-02
dev-corpus-05,3587,41272,2.037173e-04,3050,3050,8.583076,8.584093,1.0351e-01
dev-corpus-05,3588,5918,2.670021e-04,4299,4299,1.974584,1.957249,1.3057e-01
dev-corpus-05,3589,314,2.618936e-04,303,303,4.622642,4.591464,1.4185e-01
dev-corpus-05,3590,264,1.662973e-04,264,264,0.368072,0.361971,1.1000e-01
dev-corpus-05,3591,65715,5.581755e-04,3542,3542,7.592557,7.567064,1.2520e-01
dev-corpus-05,3592,46060,9.793784e-06,46060,46060,0.007316,0.006958,1.0088e-01
dev-corpus-05,3593,11,3.737028e-04,3725,3725,5.924785,5.901437,1.1981e-01
dev-corpus-05,3594,76501,9.024077e-04,1675,1675,2.135657,2.154811,1.3430e-01
dev-corpus-05,3595,11,4.405325e-04,3177,3177,3.095070,3.053288,1.3419e-01
dev-corpus-05,3596,26305,1.095946e-03,1496,1496,10.857506,10.883845,1.7455e-01
dev-corpus-05,3597,4384,1.466779e-04,4384,4384,0.203157,0.208429,1.0973e-01
dev-corpus-05,3598,22175,4.472838e-04,248046,248046,5.170615,5.201100,1.3368e-01
dev-corpus-05,3599,314,7.214851e-05,248046,248046,2.616017,2.610272,1.2316e-01
dev-corpus-05,3600,26338,3.017921e-04,279,279,6.896030,6.911734,1.1649e-01
dev-corpus-05,3601,290,7.416049e-06,290,290,0.002571,0.002461,2.1192e-01
dev-corpus-05,3602,321,2.255509e-05,12041,12041,6.867630,6.847729,1.2745e-01
dev-corpus-05,3603,40751,2.791941e-04,40751,40751,0.373396,0.372946,1.3858e-01
dev-corpus-05,3604,7529,3.627035e-04,12041,12041,2.254472,2.249623,1.2267e-01
dev-corpus-05,3605,23620,2.074712e-04,13,248046,8.222564,8.257141,1.1980e-01
dev-corpus-05,3606,279,1.107803e-04,279,279,0.811596,0.810686,1.1046e-01
dev-corpus-05,3607,39577,1.464321e-03,23611,23611,11.581134,11.680332,2.5193e-01
dev-corpus-05,3608,5716,4.671724e-04,6775,6775,2.549894,2.538140,1.3698e-01
dev-corpus-05,3609,314,8.220750e-05,314,314,0.267346,0.263165,1.2822e-01
dev-corpus-05,3610,23739,4.445212e-04,264,264,6.667500,6.617721,1.2404e-01
dev-corpus-05,3611,12282,3.395314e-04,12282,12282,1.501722,1.505763,1.4348e-01
dev-corpus-05,3612,13,1.170451e-04,13,13,0.868090,0.871287,1.9670e-01
dev-corpus-05,3613,248046,2.093634e-04,248046,248046,0.173454,0.166516,2.2175e-01
dev-corpus-05,3614,198,1.008122e-07,198,198,0.000066,0.000069,1.7365e-01
dev-corpus-05,3615,248045,6.096708e-08,248045,248045,0.000219,0.000217,3.1391e-01
dev-corpus-05,3616,74455,4.564219e-04,248045,248045,5.016970,5.052175,3.9887e-01
dev-corpus-05,3617,198,2.739885e-06,198,198,0.001609,0.001569,1.2173e-01
dev-corpus-05,3618,623,4.404497e-08,248068,248068,21.238846,21.223382,2.3691e-01
dev-corpus-05,3619,264,1.434573e-05,279,279,4.681944,4.684818,2.1205e-01
dev-corpus-05,3620,4941,4.377748e-04,72643,72643,6.259982,6.284991,1.7609e-01
dev-corpus-05,3621,391,2.610445e-05,391,391,0.055657,0.056710,1.5187e-01
dev-corpus-05,3622,12647,6.685091e-05,12647,12647,0.027387,0.026012,2.4448e-01
dev-corpus-05,3623,11,4.252694e-04,72643,72643,1.976653,1.950641,1.6471e-01
dev-corpus-05,3624,76501,6.213705e-04,1146,1146,8.419415,8.386106,1.8265e-01
dev-corpus-05,3625,26068,1.548899e-03,23459,23459,6.661160,6.759949,2.1489e-01
dev-corpus-05,3626,2956,3.449240e-04,23459,23459,2.494106,2.413221,1.4626e-01
dev-corpus-05,3627,440,2.131547e-04,11,11,3.136177,3.102553,1.9155e-01
dev-corpus-05,3628,264,6.727825e-04,13876,13876,2.016011,1.989957,1.7130e-01
dev-corpus-05,3629,13769,9.722734e-04,21482,21482,4.967108,4.951208,1.6898e-01
dev-corpus-05,3630,1898,1.347819e-04,6220,6220,9.261092,9.234881,1.4733e-01
dev-corpus-05,3631,303,3.339790e-04,11,11,2.012787,2.037308,1.9898e-01
dev-corpus-05,3632,279,3.676779e-05,279,279,0.013705,0.012836,1.6868e-01
dev-corpus-05,3633,3990,2.465738e-05,3990,3990,0.035277,0.034189,2.5004e-01
dev-corpus-05,3634,11,4.131178e-05,11,11,0.043177,0.042006,1.8220e-01
dev-corpus-05,3635,264,3.951588e-04,264,264,0.517703,0.501186,1.4114e-01
dev-corpus-05,3636,1809,3.706484e-04,1809,1809,0.254613,0.248681,1.4767e-01
dev-corpus-05,3637,314,3.116392e-06,314,314,0.002738,0.002625,1.3166e-01
dev-corpus-05,3638,40751,2.367506e-04,26338,26338,4.435698,4.452553,1.1960e-01
dev-corpus-05,3639,7529,2.295384e-04,7529,7529,0.546659,0.552188,1.2662e-01
dev-corpus-05,3640,11884,4.861885e-04,7338,513,3.106746,3.123459,1.2179e-01
dev-corpus-05,3641,67793,5.746588e-04,26338,26338,3.076420,3.047069,1.7906e-01
dev-corpus-05,3642,440,1.023895e-03,314,321,3.702814,3.765909,1.6577e-01
dev-corpus-05,3643,279,7.898177e-04,304,304,3.748715,3.741677,1.5264e-01
dev-corpus-05,3644,1496,7.217393e-04,7489,7489,7.593204,7.611504,1.5645e-01
dev-corpus-05,3645,14403,3.733333e-04,39894,39894,9.054911,9.062172,1.5772e-01
dev-corpus-05,3646,3492,2.587147e-04,314,314,3.292784,3.306023,1.3671e-01
dev-corpus-05,3647,513,1.370080e-03,11884,11884,2.374422,2.318079,1.7394e-01
dev-corpus-05,3648,10932,4.465600e-04,19577,19577,4.165895,4.152882,2.2438e-01
dev-corpus-05,3649,2094,3.295788e-04,2094,2094,0.665471,0.654422,1.4732e-01
dev-corpus-05,3650,264,6.539269e-05,279,279,2.801417,2.804922,1.6038e-01
dev-corpus-05,3651,3349,1.063434e-03,69386,69386,1.883863,1.887811,2.7093e-01
dev-corpus-05,3652,26068,4.198944e-04,69386,69386,3.296239,3.321764,1.4681e-01
dev-corpus-05,3653,1898,1.293368e-04,1898,1898,0.236462,0.236411,1.4785e-01
dev-corpus-05,3654,383,9.905613e-05,13,13,7.445899,7.471202,1.8587e-01
dev-corpus-05,3655,449,3.008914e-04,279,279,5.275789,5.297735,1.8663e-01
dev-corpus-05,3656,30261,1.518100e-03,30261,30261,1.364645,1.418619,2.1999e-01
dev-corpus-05,3657,5171,1.455860e-04,5171,5171,0.154460,0.158046,1.4936e-01
dev-corpus-05,3658,2259,8.175823e-05,13,13,14.667843,14.718663,1.7823e-01
dev-corpus-05,3659,14029,1.034779e-04,14029,14029,0.121443,0.123372,1.6501e-01
dev-corpus-05,3660,13,2.817190e-04,883,883,1.813081,1.829489,1.5443e-01
dev-corpus-05,3661,561,3.570837e-04,561,561,1.085542,1.094138,2.9223e-01
dev-corpus-05,3662,3492,4.570175e-04,2956,2956,4.762071,4.729877,1.6105e-01
dev-corpus-05,3663,513,2.199574e-04,513,513,0.858777,0.859814,1.5071e-01
dev-corpus-05,3664,11884,2.293234e-04,11884,11884,1.405402,1.402330,1.4602e-01
dev-corpus-05,3665,26338,2.963578e-04,25300,25300,3.374351,3.373392,1.2788e-01
dev-corpus-05,3666,290,2.389868e-06,290,290,0.009923,0.010028,1.4302e-01
dev-corpus-05,3667,5124,6.761800e-05,67793,67793,2.971970,2.958231,1.3991e-01
dev-corpus-05,3668,9518,4.248651e-07,9518,9518,0.003063,0.003037,1.2418e-01
dev-corpus-05,3669,321,5.300099e-04,321,321,0.848124,0.825535,1.3737e-01
dev-corpus-05,3670,5090,4.240969e-04,25300,25300,4.049154,4.009062,1.5829e-01
dev-corpus-05,3671,25300,1.124078e-04,25300,25300,0.738721,0.736467,1.3099e-01
dev-corpus-05,3672,11,2.419339e-04,11,11,1.583070,1.579659,1.5705e-01
dev-corpus-05,3673,1680,2.542962e-04,2583,2583,3.681198,3.698850,1.6529e-01
dev-corpus-05,3674,430,2.843316e-06,430,430,0.011358,0.011127,9.9719e-02
dev-corpus-05,3675,32886,3.503220e-03,279,279,12.027292,12.173324,5.8600e-01
dev-corpus-05,3676,25300,2.432039e-04,25300,25300,0.452976,0.437524,1.3749e-01
dev-corpus-05,3677,11,1.594825e-04,11,11,0.225031,0.227724,1.8752e-01
dev-corpus-05,3678,59808,5.964457e-04,9572,9572,17.361881,17.352582,1.6633e-01
dev-corpus-05,3679,2792,1.514843e-05,2792,2792,0.005686,0.005961,2.1477e-01
dev-corpus-05,3680,25300,1.276026e-04,25300,25300,0.159256,0.156875,1.6211e-01
dev-corpus-05,3681,11,2.693772e-05,11,11,0.068050,0.066562,3.6364e-01
dev-corpus-05,3682,321,1.020294e-03,321,321,0.559586,0.557878,2.4336e-01
dev-corpus-05,3683,6736,8.667965e-04,264,264,5.570469,5.546645,1.5630e-01
dev-corpus-05,3684,25300,5.528165e-05,25300,25300,0.118545,0.120113,1.9274e-01
dev-corpus-05,3685,13,1.127744e-04,13,13,0.733372,0.741944,3.0838e-01
dev-corpus-05,3686,561,4.805442e-04,2302,2302,1.522535,1.542595,1.6434e-01
dev-corpus-05,3687,16078,3.983891e-04,2956,2956,2.501603,2.506818,1.4282e-01
dev-corpus-05,3688,369,1.513820e-05,369,369,0.049421,0.048429,1.1234e-01
dev-corpus-05,3689,24577,4.788612e-04,41272,41272,8.098578,8.099891,1.1912e-01
dev-corpus-05,3690,321,1.914816e-05,321,321,0.253587,0.255289,1.1927e-01
dev-corpus-05,3691,41272,4.893449e-04,41272,41272,0.837881,0.810546,9.8746e-02
dev-corpus-05,3692,430,5.754960e-05,13,13,2.943954,2.914357,1.3903e-01
dev-corpus-05,3693,279,5.565978e-05,781,781,1.650747,1.665043,1.9490e-01
dev-corpus-05,3694,14403,1.451513e-03,14403,14403,0.983748,0.984058,2.6321e-01
dev-corpus-05,3695,3492,1.397736e-04,3492,3492,0.339824,0.335993,1.5366e-01
dev-corpus-05,3696,2895,2.867462e-04,4123,4123,10.708211,10.693790,1.3506e-01
dev-corpus-05,3697,279,1.877919e-04,279,279,0.984425,0.969275,1.5880e-01
dev-corpus-05,3698,9915,6.748362e-04,9915,9915,0.818293,0.812075,2.1634e-01
dev-corpus-05,3699,13,9.887637e-05,883,883,1.256150,1.255955,1.2871e-01
dev-corpus-05,3700,2332,2.209591e-04,248046,248046,7.783472,7.906974,3.6761e-01
dev-corpus-05,3701,279,4.102898e-05,279,279,0.116824,0.114867,1.9542e-01
dev-corpus-05,3702,1901,4.203362e-02,3990,3990,4.423796,4.397328,4.9630e-01
dev-corpus-05,3703,314,1.042763e-05,314,314,0.008720,0.008349,1.4697e-01
dev-corpus-05,3704,279,3.025689e-06,279,279,0.002895,0.002810,1.6643e-01
dev-corpus-05,3705,1898,4.969846e-03,1898,1898,0.591686,0.561422,6.1819e-01
dev-corpus-05,3706,11,1.152606e-04,22294,11,0.806928,0.802884,2.0599e-01
dev-corpus-05,3707,264,3.537257e-04,264,264,0.729210,0.709394,1.9983e-01
dev-corpus-05,3708,5054,5.642857e-04,6851,6851,6.031270,5.923425,1.7874e-01
dev-corpus-05,3709,6725,2.025516e-04,440,440,3.656838,3.676515,1.5750e-01
dev-corpus-05,3710,225812,3.173219e-04,3851,2972,15.327310,15.340567,1.1192e-01
dev-corpus-05,3711,369,5.386581e-04,11,248046,3.938241,3.939975,1.6138e-01
dev-corpus-05,3712,10932,5.286058e-04,6187,6187,3.039142,3.070397,1.5313e-01
dev-corpus-05,3713,321,2.551045e-04,11,11,2.071089,2.054298,1.6001e-01
dev-corpus-05,3714,26153,2.368112e-04,26153,26153,1.292467,1.289626,1.1613e-01
dev-corpus-05,3715,279,6.351077e-05,279,279,0.085177,0.083199,1.1566e-01
dev-corpus-05,3716,1809,4.213400e-02,1809,1809,0.922707,0.753179,1.4770e+00
dev-corpus-05,3717,11,1.315052e-04,13,13,2.091916,2.117275,2.4424e-01
dev-corpus-05,3718,1345,2.421002e-03,26153,26153,4.136881,4.194738,2.4558e-01
dev-corpus-05,3719,3679,1.818591e-04,279,279,4.806439,4.769280,1.7978e-01
dev-corpus-05,3720,8330,6.488773e-04,975,975,4.899570,4.897520,1.4775e-01
dev-corpus-05,3721,321,2.164708e-04,3492,3492,1.676865,1.668235,1.2372e-01
dev-corpus-05,3722,8513,6.899048e-06,8513,8513,0.012525,0.012675,1.5372e-01
dev-corpus-05,3723,40751,2.684273e-04,3492,3492,4.568777,4.536367,1.4372e-01
dev-corpus-05,3724,58631,9.384883e-05,12041,12041,8.151270,8.126436,1.3055e-01
dev-corpus-05,3725,8577,2.533869e-04,513,513,5.471634,5.464313,1.3531e-01
dev-corpus-05,3726,514,3.956814e-04,514,514,0.683764,0.695492,1.5008e-01
dev-corpus-05,3727,4258,4.656310e-07,4258,4258,0.000326,0.000341,2.5666e-01
dev-corpus-05,3728,13,8.043945e-05,13,13,0.148141,0.144261,1.8758e-01
dev-corpus-05,3729,271,8.071984e-04,271,271,1.251562,1.256043,1.8086e-01
dev-corpus-05,3730,623,3.748999e-04,1597,1597,2.782993,2.826224,1.8847e-01
dev-corpus-05,3731,279,1.747172e-04,279,279,0.121955,0.123866,1.8772e-01
dev-corpus-05,3732,3870,1.008007e-03,3990,3990,3.879113,3.729159,2.6826e-01
dev-corpus-05,3733,11,1.149058e-04,11,11,0.092693,0.088793,1.5015e-01
dev-corpus-05,3734,8765,5.530624e-04,1017,1017,8.739122,8.761865,2.0213e-01
dev-corpus-05,3735,314,7.862364e-06,314,314,0.014325,0.014309,1.5475e-01
dev-corpus-05,3736,975,9.302089e-04,36001,36001,6.375972,6.271946,1.9857e-01
dev-corpus-05,3737,40751,2.584972e-04,26338,26338,1.176256,1.171891,1.4358e-01
dev-corpus-05,3738,7529,1.839884e-04,7529,7529,0.359820,0.360377,1.2787e-01
dev-corpus-05,3739,4990,1.465942e-04,513,513,4.366799,4.416978,1.3837e-01
dev-corpus-05,3740,279,7.044221e-05,279,279,0.191328,0.186829,1.2564e-01
dev-corpus-05,3741,51516,1.698040e-02,248046,248046,13.682161,13.770796,8.7015e-01
dev-corpus-05,3742,2280,2.120531e-05,2280,2280,0.005870,0.005464,1.3078e-01
dev-corpus-05,3743,11,8.293417e-04,11,11,0.696792,0.677852,1.4119e-01
dev-corpus-05,3744,7594,7.217646e-04,20621,20621,6.951046,6.928468,2.4887e-01
dev-corpus-05,3745,310,7.768543e-05,310,310,0.096809,0.093413,1.1922e-01
dev-corpus-05,3746,279,3.393355e-05,279,279,0.007983,0.007335,1.1321e-01
dev-corpus-05,3747,50240,6.187021e-03,248046,248046,8.028278,8.282562,5.9676e-01
dev-corpus-05,3748,16078,1.380054e-04,321,321,1.830021,1.827980,1.3772e-01
dev-corpus-05,3749,314,5.225909e-05,13,13,3.345154,3.390398,1.3143e-01
dev-corpus-05,3750,279,1.043345e-04,279,279,0.110119,0.111408,2.0622e-01
dev-corpus-05,3751,22175,3.850179e-04,248046,248046,16.179630,16.061378,5.4620e-01
dev-corpus-05,3752,13,7.706444e-06,13,13,0.036771,0.036373,2.3666e-01
dev-corpus-05,3753,225812,1.728461e-04,733,733,20.044624,19.910664,2.2570e-01
dev-corpus-05,3754,369,3.617211e-04,369,369,1.778124,1.766127,1.9181e-01
dev-corpus-05,3755,88659,1.241212e-03,11750,11750,4.765709,4.781667,2.2500e-01
dev-corpus-05,3756,3154,3.632129e-04,28607,28607,3.995657,4.000751,1.2700e-01
dev-corpus-05,3757,264,1.786150e-04,264,264,0.613123,0.623875,2.5443e-01
dev-corpus-05,3758,1406,3.596901e-03,1406,1406,1.183840,1.120281,3.2264e-01
dev-corpus-05,3759,883,5.368424e-05,883,883,0.465290,0.461643,1.5359e-01
dev-corpus-05,3760,279,5.690436e-05,279,279,0.093939,0.094207,2.0860e-01
dev-corpus-05,3761,5716,1.616025e-03,39577,39577,2.141891,2.139206,3.8167e-01
dev-corpus-05,3762,34965,5.033410e-04,314,314,1.389169,1.426785,1.8515e-01
dev-corpus-05,3763,539,1.440055e-05,539,539,0.023301,0.022530,1.4329e-01
dev-corpus-05,3764,39577,1.326653e-03,279,279,6.744317,6.723089,2.6847e-01
dev-corpus-05,3765,12282,2.637185e-04,23739,23739,1.476434,1.480540,1.6180e-01
dev-corpus-05,3766,11,3.421843e-04,13,13,1.115740,1.106391,1.6485e-01
dev-corpus-05,3767,1345,1.902426e-03,248046,248046,3.387594,3.443307,2.2244e-01
dev-corpus-05,3768,799,3.184166e-04,279,279,5.350876,5.350755,1.6691e-01
dev-corpus-05,3769,314,1.375669e-04,314,314,0.329868,0.331841,1.6943e-01
dev-corpus-05,3770,279,3.054097e-05,279,279,0.021992,0.020887,1.8909e-01
dev-corpus-05,3771,40751,3.175004e-02,248046,248046,3.368145,3.102811,1.0855e+00
dev-corpus-05,3772,58631,9.656650e-05,58631,58631,0.126372,0.122224,1.4043e-01
dev-corpus-05,3773,369,6.235429e-04,11,11,3.430652,3.424042,1.7192e-01
dev-corpus-05,3774,3753,6.787904e-04,28607,28607,4.660150,4.632908,1.6650e-01
dev-corpus-05,3775,46736,6.873140e-04,36490,36490,5.136135,5.155376,1.4780e-01
dev-corpus-05,3776,303,2.243618e-04,4487,4487,1.740961,1.742891,1.0421e-01
dev-corpus-05,3777,321,1.050607e-04,310,310,1.814415,1.820908,1.4485e-01
dev-corpus-05,3778,35493,2.339048e-04,33700,33700,8.894640,8.904157,2.1329e-01
dev-corpus-05,3779,4492,6.960935e-04,4492,4492,1.142690,1.107384,1.2202e-01
dev-corpus-05,3780,13,2.332896e-04,883,883,1.035556,1.034393,1.3121e-01
dev-corpus-05,3781,561,1.086521e-03,248046,248046,3.096145,3.012760,3.2383e-01
dev-corpus-05,3782,5918,7.365347e-04,5918,5918,1.868911,1.847869,2.0702e-01
dev-corpus-05,3783,369,4.204772e-04,369,369,0.351583,0.337384,1.6001e-01
dev-corpus-05,3784,9896,1.156872e-03,9896,9896,1.731439,1.775332,1.5423e-01
dev-corpus-05,3785,440,6.458596e-06,440,440,0.016522,0.016078,1.2249e-01
dev-corpus-05,3786,22770,1.075799e-02,59076,21461,8.432455,8.143209,5.2442e-01
dev-corpus-05,3787,321,1.423771e-04,430,430,1.269397,1.285343,1.4405e-01
dev-corpus-05,3788,19169,3.737698e-04,52011,52011,6.107738,6.126467,1.4990e-01
dev-corpus-05,3789,11,8.273186e-05,11,11,0.792758,0.797513,1.3829e-01
dev-corpus-05,3790,440,5.743007e-03,440,440,0.915845,0.855921,1.0302e+00
dev-corpus-05,3791,4858,5.092108e-04,279,279,4.058556,4.049891,1.8586e-01
dev-corpus-05,3792,16144,2.363141e-04,579,579,6.216497,6.281416,1.1993e-01
dev-corpus-05,3793,303,3.038854e-05,303,303,0.099976,0.099209,1.5683e-01
dev-corpus-05,3794,264,1.221949e-04,279,279,1.714846,1.705233,2.8364e-01
dev-corpus-05,3795,30673,1.193665e-02,8751,30673,1.302879,1.108890,5.1255e-01
dev-corpus-05,3796,5515,9.903776e-05,10682,10682,2.994358,2.972728,1.3975e-01
dev-corpus-05,3797,883,2.111337e-04,13,13,1.197454,1.212569,1.4114e-01
dev-corpus-05,3798,279,3.650370e-04,279,279,0.381686,0.398157,1.7213e-01
dev-corpus-05,3799,3725,2.043835e-02,10660,10660,7.133688,6.527877,1.0000e+00
dev-corpus-05,3800,314,8.440727e-05,314,314,0.319569,0.317030,1.9744e-01
dev-corpus-05,3801,836,6.285055e-05,21265,21265,2.391732,2.393709,1.3764e-01
dev-corpus-05,3802,21215,7.122054e-04,7975,7975,9.094397,9.076231,2.4240e-01
dev-corpus-05,3803,321,5.133729e-05,13,13,2.263436,2.244840,1.7125e-01
dev-corpus-05,3804,279,8.034943e-05,279,279,0.216889,0.219577,1.6535e-01
dev-corpus-05,3805,3364,9.165584e-04,4499,4499,2.590233,2.610986,1.9412e-01
dev-corpus-05,3806,314,6.029210e-05,314,314,0.238136,0.234826,1.7954e-01
dev-corpus-05,3807,28407,1.588054e-04,21265,21265,11.465599,11.515780,2.0820e-01
dev-corpus-05,3808,7913,4.272163e-04,20309,20309,10.647786,10.697104,1.7216e-01
dev-corpus-05,3809,18468,5.357530e-04,248046,248046,2.603731,2.530001,1.5642e-01
dev-corpus-05,3810,5269,1.049542e-03,28069,28069,2.012136,2.106908,1.6367e-01
dev-corpus-05,3811,13,1.816963e-04,13,13,0.271048,0.261205,1.8155e-01
dev-corpus-05,3812,248046,6.079699e-05,248046,248046,0.300673,0.302843,2.2640e-01
dev-corpus-05,3813,198,1.352663e-07,198,198,0.000111,0.000106,2.6850e-01
dev-corpus-05,3814,248045,7.654387e-08,248045,248045,0.000018,0.000017,5.0219e-01
dev-corpus-05,3815,846,1.221102e-03,846,846,0.032318,0.024317,4.8601e-01
dev-corpus-05,3816,198,4.864644e-06,198,198,0.034220,0.033664,2.5940e-01
dev-corpus-05,3817,3710,8.398374e-04,72240,72240,3.835017,3.782385,2.8695e-01
dev-corpus-05,3818,369,2.041860e-04,369,369,0.998472,1.002400,1.9402e-01
dev-corpus-05,3819,264,4.325695e-05,279,279,4.315619,4.323836,1.3488e-01
dev-corpus-05,3820,79528,5.622529e-04,1603,1603,14.426942,14.450647,1.5127e-01
dev-corpus-05,3821,30,2.564391e-04,248046,248046,1.909273,1.911397,1.3060e-01
dev-corpus-05,3822,248046,2.152148e-05,248046,248046,0.036972,0.036126,1.4148e-01
dev-corpus-05,3823,198,1.360788e-08,198,198,0.000042,0.000041,1.7135e-01
dev-corpus-05,3824,248045,9.716121e-09,248045,248045,0.000001,0.000001,2.2582e-01
dev-corpus-05,3825,74455,1.973294e-03,248045,248045,2.207372,2.036075,3.4877e-01
dev-corpus-05,3826,198,7.307572e-05,198,198,0.027707,0.027195,2.7444e-01
dev-corpus-05,3827,32,2.433722e-09,248068,248068,17.744025,17.812642,2.7655e-01
dev-corpus-05,3828,79528,1.743179e-04,2972,2972,1.925228,1.885906,1.2223e-01
dev-corpus-05,3829,369,2.479650e-04,318,318,2.219558,2.256444,1.2599e-01
dev-corpus-05,3830,264,2.869768e-04,264,264,0.446135,0.429215,1.3735e-01
dev-corpus-05,3831,5224,1.752635e-04,2972,2972,3.900674,3.931451,1.9286e-01
dev-corpus-05,3832,364,3.754526e-04,421,421,1.501295,1.525254,1.3658e-01
dev-corpus-05,3833,3154,1.111543e-03,38460,38460,4.075034,4.088264,2.1907e-01
dev-corpus-05,3834,321,1.738612e-04,13640,13640,3.992448,3.943084,1.8351e-01
dev-corpus-05,3835,1608,2.203088e-04,1608,1608,0.887913,0.892343,1.6695e-01
dev-corpus-05,3836,27073,2.299751e-04,13640,13640,3.795149,3.742391,1.9473e-01
dev-corpus-05,3837,1928,2.183344e-04,795,795,1.888762,1.914694,1.5602e-01
dev-corpus-05,3838,13,8.373436e-05,13,13,0.561074,0.561871,1.6182e-01
dev-corpus-05,3839,20994,1.793926e-04,1049,248046,10.726766,10.716510,1.3300e-01
dev-corpus-05,3840,279,2.825223e-04,279,279,1.162305,1.158696,1.5538e-01
dev-corpus-05,3841,1599,3.424089e-04,1599,1599,1.334079,1.357869,1.5885e-01
dev-corpus-05,3842,16954,3.078174e-04,4346,4346,3.952128,3.968576,1.3625e-01
dev-corpus-05,3843,314,6.861954e-05,314,314,0.978992,0.983061,1.1817e-01
dev-corpus-05,3844,79528,9.669317e-05,79528,79528,0.336106,0.336968,1.0334e-01
dev-corpus-05,3845,11,2.620489e-04,11,11,0.436202,0.438471,1.7485e-01
dev-corpus-05,3846,567,3.080992e-04,279,279,4.142644,4.149752,2.2939e-01
dev-corpus-05,3847,4992,1.857446e-04,628,628,6.337441,6.353344,1.4004e-01
dev-corpus-05,3848,25,1.919908e-04,279,279,3.127547,3.116406,2.1567e-01
dev-corpus-05,3849,357,1.141384e-03,271,271,3.298899,3.260005,1.4683e-01
dev-corpus-05,3850,79528,4.118981e-04,63234,63234,1.577606,1.621839,2.1120e-01
dev-corpus-05,3851,369,5.624914e-05,369,369,0.132734,0.131400,2.3691e-01
dev-corpus-05,3852,264,7.521078e-05,264,264,0.157412,0.156192,1.9486e-01
dev-corpus-05,3853,6165,6.936289e-04,1785,1785,1.578671,1.616600,2.1662e-01
dev-corpus-05,3854,5792,7.139735e-04,5792,5792,0.895197,0.933211,2.4200e-01
dev-corpus-05,3855,1785,1.328222e-03,1785,1785,0.802113,0.767201,2.6797e-01
dev-corpus-05,3856,310,3.060459e-03,421,364,4.382474,4.367773,2.3565e-01
dev-corpus-05,3857,11944,1.220041e-03,11969,11969,9.241829,9.161983,1.8857e-01
dev-corpus-05,3858,303,5.239297e-04,303,303,0.534808,0.520403,1.7342e-01
dev-corpus-05,3859,279,2.984762e-04,279,279,0.422971,0.430096,1.9223e-01
dev-corpus-05,3860,4281,6.235606e-04,6157,6157,1.755624,1.745479,1.9119e-01
dev-corpus-05,3861,11,9.389605e-05,11,11,0.083980,0.087875,1.6775e-01
dev-corpus-05,3862,13017,1.471856e-04,5638,5638,4.986075,5.055757,1.7956e-01
dev-corpus-05,3863,11,2.152773e-05,11,11,0.061967,0.063529,1.7777e-01
dev-corpus-05,3864,5638,4.466326e-04,6157,6157,1.951168,1.994592,2.1553e-01
dev-corpus-05,3865,11,1.017427e-04,11,11,0.042962,0.045545,1.7557e-01
dev-corpus-05,3866,6157,2.095084e-04,54476,54476,1.285022,1.279593,2.2508e-01
dev-corpus-05,3867,11,9.370647e-05,11,11,0.169113,0.173503,1.7079e-01
dev-corpus-05,3868,2468,3.166010e-04,321,321,5.117867,5.068159,1.7356e-01
dev-corpus-05,3869,11,1.388114e-05,11,11,0.383960,0.385611,1.3087e-01
dev-corpus-05,3870,321,7.699805e-05,321,321,0.100857,0.102518,1.5307e-01
dev-corpus-05,3871,7731,4.174099e-04,2940,2940,3.325636,3.341739,1.5758e-01
dev-corpus-05,3872,314,8.984202e-06,314,314,0.044223,0.044873,1.2235e-01
dev-corpus-05,3873,27073,1.864713e-04,27073,27073,0.718943,0.720043,1.3611e-01
dev-corpus-05,3874,1928,9.292692e-05,795,795,1.872190,1.893048,1.6895e-01
dev-corpus-05,3875,13,1.623603e-04,13,13,0.347550,0.354200,1.6120e-01
dev-corpus-05,3876,3095,3.550128e-04,248046,248046,8.549190,8.533879,1.3878e-01
dev-corpus-05,3877,1429,1.837425e-04,567,567,2.426298,2.427177,1.2603e-01
dev-corpus-05,3878,63399,2.144866e-04,303,303,7.262261,7.211457,1.5882e-01
dev-corpus-05,3879,11,1.960452e-04,11,11,0.200527,0.209066,1.2138e-01
dev-corpus-05,3880,79528,3.021237e-04,79528,79528,0.734729,0.710503,1.0104e-01
dev-corpus-05,3881,628,2.095631e-04,628,628,0.864518,0.854725,1.4206e-01
dev-corpus-05,3882,1438,1.675683e-04,1438,1438,1.199976,1.192281,1.6130e-01
dev-corpus-05,3883,586,1.853252e-04,586,586,1.460702,1.450081,1.4283e-01
dev-corpus-05,3884,3756,1.380282e-04,3418,3418,7.384124,7.432459,1.1497e-01
dev-corpus-05,3885,11776,7.151713e-04,2577,2577,13.181804,13.209312,1.2446e-01
dev-corpus-05,3886,1223,3.433610e-04,1223,1223,0.120685,0.129581,1.1976e-01
dev-corpus-05,3887,11,3.696795e-05,11,11,0.762574,0.765950,1.2685e-01
dev-corpus-05,3888,11600,1.918967e-04,944,944,5.559737,5.587117,1.2360e-01
dev-corpus-05,3889,1223,3.451850e-06,1223,1223,0.003913,0.004048,1.3344e-01
dev-corpus-05,3890,11,3.496132e-05,11,11,0.107866,0.110279,1.1789e-01
dev-corpus-05,3891,321,5.628056e-05,321,321,0.213333,0.210591,2.2198e-01
dev-corpus-05,3892,28488,1.249530e-04,777,777,1.720802,1.723972,1.4045e-01
dev-corpus-05,3893,6107,3.712248e-04,6107,6107,0.446743,0.429755,1.7841e-01
dev-corpus-05,3894,13,1.076012e-04,13,13,0.182938,0.188808,1.6632e-01
dev-corpus-05,3895,8618,2.615296e-04,248046,248046,10.709522,10.615518,2.2041e-01
dev-corpus-05,3896,79528,7.163886e-04,314,314,2.175905,2.220997,1.5429e-01
dev-corpus-05,3897,1156,1.763939e-04,1785,1785,2.563779,2.571808,1.2439e-01
dev-corpus-05,3898,1189,5.915241e-04,682,682,4.182618,4.136105,1.6115e-01
dev-corpus-05,3899,9973,2.670983e-04,599,599,7.070760,7.079635,1.4946e-01
dev-corpus-05,3900,1092,1.378180e-04,1092,1092,1.601363,1.605161,1.3435e-01
dev-corpus-05,3901,4275,3.185447e-04,369,369,4.874696,4.857810,1.5221e-01
dev-corpus-05,3902,321,1.983107e-04,513,513,2.302475,2.276251,1.6952e-01
dev-corpus-05,3903,7944,2.538672e-04,5568,5568,3.823893,3.842079,1.3614e-01
dev-corpus-05,3904,513,2.062698e-04,513,513,0.954171,0.947559,1.3589e-01
dev-corpus-05,3905,2894,2.644341e-04,2894,2894,1.096240,1.101273,1.6993e-01
dev-corpus-05,3906,13,1.360363e-04,364,364,2.517717,2.556071,1.2962e-01
dev-corpus-05,3907,1690,1.483348e-04,248046,248046,4.226596,4.191829,1.5113e-01
dev-corpus-05,3908,3010,2.716521e-04,3010,3010,0.256034,0.255092,1.7355e-01
dev-corpus-05,3909,11,3.965047e-05,11,11,0.118823,0.116969,1.1544e-01
dev-corpus-05,3910,34382,2.078377e-04,264,264,10.914912,10.987040,2.0374e-01
dev-corpus-05,3911,513,3.833830e-04,11,11,2.253166,2.287485,1.3099e-01
dev-corpus-05,3912,1603,8.930833e-04,2894,2894,6.086028,6.055840,2.3760e-01
dev-corpus-05,3913,364,1.915176e-04,364,364,0.569706,0.577458,1.4292e-01
dev-corpus-05,3914,586,3.626589e-04,248046,248046,4.672571,4.673958,2.1700e-01
dev-corpus-05,3915,13,1.457785e-04,11,11,1.768649,1.788797,1.4102e-01
dev-corpus-05,3916,2302,1.873845e-04,248046,248046,4.473906,4.429467,1.5541e-01
dev-corpus-05,3917,1189,1.970621e-04,3300,3300,4.418206,4.438937,1.4843e-01
dev-corpus-05,3918,5827,1.375934e-04,381,381,5.503589,5.512878,1.1555e-01
dev-corpus-05,3919,2919,2.380768e-04,586,586,3.169281,3.201795,1.3965e-01
dev-corpus-05,3920,16229,1.071221e-04,4131,4131,1.726492,1.721749,1.3693e-01
dev-corpus-05,3921,11,1.249369e-04,11,11,0.622879,0.619952,1.6015e-01
dev-corpus-05,3922,7302,3.222119e-04,5190,5190,7.859928,7.846120,1.2678e-01
dev-corpus-05,3923,7339,1.703420e-04,43299,43299,2.678803,2.674942,1.4466e-01
dev-corpus-05,3924,11,1.088061e-04,3741,3741,1.262920,1.262670,1.2754e-01
dev-corpus-05,3925,54517,3.098736e-04,321,321,6.285599,6.327469,1.6719e-01
dev-corpus-05,3926,28346,1.650104e-04,28346,28346,0.511584,0.517468,1.5444e-01
dev-corpus-05,3927,48729,3.196826e-05,11,11,12.284956,12.345001,1.5035e-01
dev-corpus-05,3928,3300,5.527349e-04,3300,3300,1.723331,1.732741,1.4365e-01
dev-corpus-05,3929,3433,2.331599e-04,44410,44410,4.878458,4.904057,1.6139e-01
dev-corpus-05,3930,310,2.162386e-05,364,364,4.280146,4.242284,1.3934e-01
dev-corpus-05,3931,51000,3.539699e-04,51000,51000,1.551215,1.513316,1.1476e-01
dev-corpus-05,3932,21706,6.843715e-05,13,13,8.156120,8.166216,1.4625e-01
dev-corpus-05,3933,513,1.840548e-04,628,628,4.557836,4.550370,1.2654e-01
dev-corpus-05,3934,11322,6.743247e-04,660,660,4.577939,4.588541,1.9065e-01
dev-corpus-05,3935,883,3.817290e-04,440,440,1.114640,1.081726,1.2018e-01
dev-corpus-05,3936,279,9.448578e-04,279,279,1.103572,1.106081,1.7532e-01
dev-corpus-05,3937,2119,5.151091e-04,4424,4424,7.495970,7.530775,1.5169e-01
dev-corpus-05,3938,314,2.895567e-05,314,314,0.121715,0.120793,1.2586e-01
dev-corpus-05,3939,22700,1.099982e-03,13245,13245,8.311365,8.360887,1.9182e-01
dev-corpus-05,3940,11,3.791460e-04,13,13,2.059134,2.081095,1.4579e-01
dev-corpus-05,3941,279,6.932261e-04,279,279,0.955612,0.979720,1.7552e-01
dev-corpus-05,3942,23194,3.298514e-04,2730,2730,11.215705,11.182683,1.1317e-01
dev-corpus-05,3943,4128,2.702418e-04,4128,4128,0.961165,0.955429,1.4533e-01
dev-corpus-05,3944,958,2.727990e-04,958,958,0.914827,0.918664,1.6213e-01
dev-corpus-05,3945,11,8.216640e-05,11,11,0.177353,0.181982,1.4589e-01
dev-corpus-05,3946,23978,1.190557e-04,321,321,7.894797,7.916922,1.9592e-01
dev-corpus-05,3947,494,6.949023e-05,11,11,3.153604,3.153566,1.2773e-01
dev-corpus-05,3948,13643,6.518313e-04,13643,13643,2.045793,2.004747,1.5802e-01
dev-corpus-05,3949,18527,2.691804e-04,32931,32931,2.290483,2.321083,1.4304e-01
dev-corpus-05,3950,11,3.177941e-05,11,11,0.092702,0.092441,1.0828e-01
dev-corpus-05,3951,466,1.530076e-04,321,321,3.439548,3.424271,1.7052e-01
dev-corpus-05,3952,1332,3.140597e-04,279,279,6.706017,6.692776,1.4410e-01
dev-corpus-05,3953,34382,4.441044e-04,279,279,3.653553,3.621191,1.4141e-01
dev-corpus-05,3954,7974,1.751919e-04,513,513,8.556570,8.532901,1.5469e-01
dev-corpus-05,3955,13,3.779996e-04,13,13,0.512087,0.521578,1.5285e-01
dev-corpus-05,3956,733,1.753359e-04,79528,79528,4.667522,4.672343,1.4956e-01
dev-corpus-05,3957,9853,2.891036e-04,79528,79528,8.837015,8.833112,1.5100e-01
dev-corpus-05,3958,6044,2.742043e-04,10856,10856,4.569581,4.528882,1.2211e-01
dev-corpus-05,3959,7225,1.509876e-04,314,314,2.279566,2.309431,1.3057e-01
dev-corpus-05,3960,6337,2.476876e-04,264,264,2.400003,2.374900,1.2662e-01
dev-corpus-05,3961,314,2.152221e-04,314,314,0.232411,0.223421,1.4719e-01
dev-corpus-05,3962,660,2.076281e-04,279,279,2.644758,2.677424,1.2286e-01
dev-corpus-05,3963,1439,9.237312e-05,1439,1439,0.393602,0.389651,1.3026e-01
dev-corpus-05,3964,5265,9.653725e-05,9085,9085,5.712331,5.734915,1.1630e-01
dev-corpus-05,3965,9085,1.449881e-04,9085,9085,0.907012,0.907034,1.1453e-01
dev-corpus-05,3966,321,1.672139e-04,13,13,2.723508,2.687326,1.0507e-01
dev-corpus-05,3967,11,2.994159e-04,836,836,4.973851,4.964685,1.5080e-01
dev-corpus-05,3968,8106,4.903456e-04,1379,1379,3.920015,3.933591,1.1737e-01
dev-corpus-05,3969,3294,4.490919e-04,1379,1379,5.052707,4.987534,1.2755e-01
dev-corpus-05,3970,660,1.775101e-06,660,660,0.024560,0.024337,1.1324e-01
dev-corpus-05,3971,11,5.773594e-06,11,11,0.122452,0.121762,1.3499e-01
dev-corpus-05,3972,279,2.816208e-04,279,279,1.332599,1.343811,2.1081e-01
dev-corpus-05,3973,27073,4.459478e-04,5548,5548,2.470193,2.438794,1.5275e-01
dev-corpus-05,3974,25278,3.214405e-04,11532,11532,3.865028,3.820934,1.0458e-01
dev-corpus-05,3975,314,4.669782e-05,314,314,0.187173,0.188572,1.5061e-01
dev-corpus-05,3976,1439,1.863797e-04,1439,1439,1.335472,1.345729,1.6250e-01
dev-corpus-05,3977,9085,4.945339e-04,9085,9085,0.324726,0.340994,1.4907e-01
dev-corpus-05,3978,13,1.742207e-04,13,13,0.360874,0.357647,1.4500e-01
dev-corpus-05,3979,10006,1.109445e-04,248046,248046,15.773733,15.747908,1.2653e-01
dev-corpus-05,3980,28945,2.998834e-04,286,286,10.182502,10.207783,1.6881e-01
dev-corpus-05,3981,3043,3.602145e-04,11,11,4.421883,4.433248,1.3840e-01
dev-corpus-05,3982,34343,6.303253e-04,34343,34343,1.744414,1.717524,1.6585e-01
dev-corpus-05,3983,1189,3.042452e-04,11,11,2.413909,2.409263,1.4511e-01
dev-corpus-05,3984,5827,7.782747e-05,381,381,1.808154,1.801822,1.3847e-01
dev-corpus-05,3985,2919,2.888755e-04,2919,2919,0.409088,0.394718,1.5509e-01
dev-corpus-05,3986,16229,2.657954e-04,4131,4131,1.110759,1.096834,1.7794e-01
dev-corpus-05,3987,11,6.112556e-05,13,13,1.271115,1.271865,1.6021e-01
dev-corpus-05,3988,7187,2.947431e-04,694,694,11.802489,11.852996,1.9972e-01
dev-corpus-05,3989,793,1.176915e-03,286,286,2.961122,2.954204,1.6792e-01
dev-corpus-05,3990,1189,2.289430e-04,3043,3043,1.533788,1.547483,1.7625e-01
dev-corpus-05,3991,5190,4.734492e-04,381,381,3.769703,3.779310,2.0704e-01
dev-corpus-05,3992,279,5.062392e-04,13245,13245,3.009733,2.986486,1.7828e-01
dev-corpus-05,3993,8597,5.222483e-04,8597,8597,0.165460,0.154643,2.1137e-01
dev-corpus-05,3994,314,2.874279e-06,314,314,0.010038,0.010183,1.5808e-01
dev-corpus-05,3995,3807,8.271182e-05,3807,3807,0.831556,0.836512,1.5843e-01
dev-corpus-05,3996,11,4.809357e-05,11,11,0.161720,0.161487,1.6498e-01
dev-corpus-05,3997,321,1.605793e-04,321,321,0.260754,0.261798,1.9482e-01
dev-corpus-05,3998,6865,6.962736e-04,18660,18660,7.240539,7.305943,1.5843e-01
dev-corpus-05,3999,15101,3.289503e-05,10292,10292,1.549119,1.548979,1.3246e-01
dev-corpus-05,4000,685,1.093109e-04,1189,1189,9.749426,9.742234,1.5728e-01
dev-corpus-05,4001,18574,9.447469e-05,18574,18574,0.217947,0.220770,1.6641e-01
dev-corpus-05,4002,1189,1.021558e-04,1189,1189,0.697962,0.702337,1.7362e-01
dev-corpus-05,4003,11100,9.148440e-04,7556,7556,3.163594,3.144513,2.4915e-01
dev-corpus-05,4004,1004,7.245410e-04,279,279,3.347221,3.360784,1.6585e-01
dev-corpus-05,4005,34382,4.197989e-04,34382,34382,0.812730,0.799435,1.4358e-01
dev-corpus-05,4006,13,7.970304e-05,13,13,0.102401,0.100209,1.9653e-01
dev-corpus-05,4007,357,1.294897e-04,79528,79528,2.836473,2.839830,1.7555e-01
dev-corpus-05,4008,79528,5.687928e-05,79528,79528,0.073869,0.074337,1.2667e-01
dev-corpus-05,4009,8346,4.527247e-04,628,628,2.089134,2.127434,1.5170e-01
dev-corpus-05,4010,586,2.311001e-04,586,586,0.316380,0.327129,1.2430e-01
dev-corpus-05,4011,22903,1.420853e-04,3418,3418,3.908979,3.884535,1.2286e-01
dev-corpus-05,4012,1439,2.454902e-04,1439,1439,0.927210,0.906625,1.1133e-01
dev-corpus-05,4013,27073,2.794709e-04,11532,11532,1.320218,1.350103,1.0048e-01
dev-corpus-05,4014,21207,3.911842e-05,11532,11532,6.383821,6.397189,1.2788e-01
dev-corpus-05,4015,11,1.519000e-04,13,13,2.748383,2.732424,1.1218e-01
dev-corpus-05,4016,321,3.171607e-04,10377,10377,2.196635,2.174112,1.4153e-01
dev-corpus-05,4017,369,3.591773e-04,8190,8190,5.196195,5.224493,1.6751e-01
dev-corpus-05,4018,1048,2.310039e-04,264,264,4.307699,4.305259,1.3905e-01
dev-corpus-05,4019,7695,3.763990e-04,264,264,7.881526,7.872081,1.4173e-01
dev-corpus-05,4020,5222,2.886685e-04,5222,5222,0.914035,0.933687,9.9480e-02
dev-corpus-05,4021,506,4.158718e-05,364,364,5.963851,5.975327,1.2839e-01
dev-corpus-05,4022,27034,3.680884e-04,8851,8851,2.871213,2.852206,1.3233e-01
dev-corpus-05,4023,27073,2.301670e-04,279,279,3.864637,3.830015,1.3239e-01
dev-corpus-05,4024,795,2.252829e-04,1928,1928,1.775086,1.782683,1.4505e-01
dev-corpus-05,4025,321,1.755448e-04,303,303,3.552208,3.565410,1.3015e-01
dev-corpus-05,4026,6157,6.391026e-04,12261,12261,4.312774,4.346287,1.3997e-01
dev-corpus-05,4027,13,7.947317e-05,2961,2961,3.721612,3.772075,1.0731e-01
dev-corpus-05,4028,357,2.572159e-04,248046,248046,3.177600,3.208866,1.6285e-01
dev-corpus-05,4029,79528,7.516200e-05,79528,79528,0.074072,0.075973,1.1619e-01
dev-corpus-05,4030,369,1.301776e-04,369,369,1.218691,1.233217,1.3448e-01
dev-corpus-05,4031,3428,2.854974e-04,264,264,3.981170,3.955701,1.2008e-01
dev-corpus-05,4032,279,2.902811e-04,1429,1429,3.883177,3.895255,1.3641e-01
dev-corpus-05,4033,1132,2.888914e-04,1132,1132,1.449735,1.462797,1.4201e-01
dev-corpus-05,4034,1560,2.031894e-04,1560,1560,0.812696,0.821949,1.1599e-01
dev-corpus-05,4035,310,3.381194e-05,310,310,0.153345,0.155673,1.6052e-01
dev-corpus-05,4036,11290,2.568907e-04,48402,48402,4.310435,4.276212,1.1770e-01
dev-corpus-05,4037,27073,1.357823e-04,6150,6150,2.878686,2.860253,1.2290e-01
dev-corpus-05,4038,391,4.438752e-05,5154,5154,2.487905,2.474022,1.4814e-01
dev-corpus-05,4039,13505,4.476138e-04,6150,6150,3.539069,3.476407,1.2679e-01
dev-corpus-05,4040,5154,4.747142e-05,5154,5154,0.143372,0.142901,1.2258e-01
dev-corpus-05,4041,13,1.511866e-04,13,13,0.652080,0.659580,1.4517e-01
dev-corpus-05,4042,248046,2.912948e-04,248046,248046,0.620440,0.603514,1.2837e-01
dev-corpus-05,4043,198,2.320203e-07,198,198,0.000169,0.000161,3.2510e-01
dev-corpus-05,4044,248045,2.017383e-06,248045,248045,0.008435,0.008352,1.5716e-01
dev-corpus-05,4045,846,4.409837e-04,846,846,0.149214,0.146018,2.7434e-01
dev-corpus-05,4046,198,7.774267e-05,198,198,0.226210,0.232528,2.2924e-01
dev-corpus-05,4047,3710,2.019552e-04,3710,3710,1.138991,1.141642,1.6966e-01
dev-corpus-05,4048,369,3.205366e-05,369,369,0.293842,0.293630,1.0453e-01
dev-corpus-05,4049,10849,3.575631e-05,264,264,11.958505,11.945418,1.0543e-01
dev-corpus-05,4050,1603,1.379837e-04,248046,248046,9.200521,9.197981,1.8012e-01
dev-corpus-05,4051,364,1.511068e-05,364,364,0.056996,0.057615,1.8284e-01
dev-corpus-05,4052,30,1.138496e-04,30,30,0.327595,0.331927,1.4873e-01
dev-corpus-05,4053,248046,2.117744e-06,248046,248046,0.014535,0.014489,1.3151e-01
dev-corpus-05,4054,198,5.170826e-08,198,198,0.000078,0.000079,2.5187e-01
dev-corpus-05,4055,248045,4.963615e-09,248045,248045,0.000002,0.000002,2.2148e-01
dev-corpus-05,4056,74455,1.710411e-03,248045,248045,4.519808,4.341872,2.8546e-01
dev-corpus-05,4057,198,2.737159e-05,198,198,0.016942,0.016149,2.3617e-01
dev-corpus-05,4058,57044,2.045047e-08,248068,248068,12.148847,12.065534,1.4692e-01
dev-corpus-05,4059,3905,4.244368e-05,369,369,8.583549,8.535610,1.3189e-01
dev-corpus-05,4060,494,2.445674e-04,494,494,0.685974,0.681841,1.3694e-01
dev-corpus-05,4061,279,5.966182e-04,279,279,0.753982,0.785119,1.4692e-01
dev-corpus-05,4062,12515,4.155714e-04,2919,2919,3.726082,3.732117,1.3743e-01
dev-corpus-05,4063,539,1.512559e-04,321,321,6.539994,6.534658,1.4427e-01
dev-corpus-05,4064,17415,2.850034e-04,279,279,8.150628,8.157423,1.1819e-01
dev-corpus-05,4065,321,3.896959e-04,3514,3514,2.548805,2.566261,1.3283e-01
dev-corpus-05,4066,4128,2.122569e-04,4128,4128,1.225691,1.231903,1.0083e-01
dev-corpus-05,4067,2919,4.477152e-04,13,13,3.030448,3.051428,1.6382e-01
dev-corpus-05,4068,57054,3.484905e-04,3514,3514,2.476695,2.449477,1.1560e-01
dev-corpus-05,4069,1060,3.127930e-04,1060,1060,0.305602,0.320044,1.5321e-01
dev-corpus-05,4070,1083,1.530105e-04,11,11,1.844920,1.825793,1.3260e-01
dev-corpus-05,4071,279,1.403809e-04,279,279,0.695030,0.695483,1.1912e-01
dev-corpus-05,4072,28552,1.269661e-04,3594,3594,3.278168,3.235417,1.2487e-01
dev-corpus-05,4073,13,1.155401e-04,13,13,1.016822,1.005759,1.3080e-01
dev-corpus-05,4074,220,3.079909e-04,3095,3095,5.627233,5.642895,1.4167e-01
dev-corpus-05,4075,3095,1.026320e-03,1049,1049,2.304311,2.339787,1.9177e-01
dev-corpus-05,4076,1439,2.319924e-04,279,279,2.522063,2.545684,2.0351e-01
dev-corpus-05,4077,44171,1.126032e-04,28552,28552,13.410952,13.450669,1.3863e-01
dev-corpus-05,4078,10032,4.261282e-04,10032,10032,0.386362,0.393688,2.1283e-01
dev-corpus-05,4079,28552,8.243962e-05,28552,28552,0.118221,0.121851,1.6379e-01
dev-corpus-05,4080,3166,1.682273e-04,3512,3512,4.331461,4.346307,1.1462e-01
dev-corpus-05,4081,310,2.935627e-04,888,888,4.075695,4.065979,1.3464e-01
dev-corpus-05,4082,4128,1.547356e-04,4128,4128,1.206535,1.220277,1.1669e-01
dev-corpus-05,4083,11,2.599999e-04,11,11,0.524851,0.516220,1.6983e-01
dev-corpus-05,4084,321,9.454094e-05,781,781,5.545233,5.520347,1.3454e-01
dev-corpus-05,4085,279,3.121314e-04,279,279,1.043151,1.061954,1.5498e-01
dev-corpus-05,4086,279,2.625048e-04,2919,2919,9.000048,9.008702,1.3212e-01
dev-corpus-05,4087,10849,3.649681e-04,2919,2919,1.882132,1.874250,1.2656e-01
dev-corpus-05,4088,303,1.540770e-04,16563,16563,7.491435,7.421915,1.4181e-01
dev-corpus-05,4089,1070,2.377758e-04,279,279,1.983008,2.009214,1.7647e-01
dev-corpus-05,4090,369,3.697875e-04,16563,16563,2.760583,2.800545,1.0849e-01
dev-corpus-05,4091,5055,7.848080e-04,8545,8545,9.612580,9.603522,1.3358e-01
dev-corpus-05,4092,2166,2.421256e-04,8545,8545,2.813710,2.828182,1.2057e-01
dev-corpus-05,4093,8545,4.889112e-05,8545,8545,0.088257,0.088088,1.4904e-01
dev-corpus-05,4094,279,1.410930e-04,11,11,4.215530,4.217185,1.4726e-01
dev-corpus-05,4095,10849,3.711785e-04,2919,2919,1.359625,1.375359,1.3875e-01
dev-corpus-06,4096,198,2.354388e-06,198,198,0.002226,0.002326,3.2617e-01
dev-corpus-06,4097,14749,6.099107e-05,3710,3710,6.331110,6.320366,6.9755e-02
dev-corpus-06,4098,557,6.267484e-05,369,369,2.426113,2.413997,1.1525e-01
dev-corpus-06,4099,279,3.018646e-05,279,279,0.237090,0.237447,1.1606e-01
dev-corpus-06,4100,78167,1.018467e-04,1118,1118,10.116942,10.125753,8.4646e-02
dev-corpus-06,4101,6683,2.890650e-04,6683,6683,1.335381,1.366157,1.6255e-01
dev-corpus-06,4102,30,1.820163e-04,30,30,1.132785,1.143726,1.4080e-01
dev-corpus-06,4103,248046,1.551073e-05,248046,248046,0.068115,0.067612,1.4559e-01
dev-corpus-06,4104,198,1.903525e-08,198,198,0.000046,0.000046,1.8185e-01
dev-corpus-06,4105,248045,1.987250e-10,248045,248045,0.000001,0.000001,3.7493e-01
dev-corpus-06,4106,74455,7.307979e-04,248045,248045,3.786608,3.934759,2.5158e-01
dev-corpus-06,4107,198,2.604775e-05,198,198,0.006209,0.006784,1.2122e-01
dev-corpus-06,4108,32,4.607606e-09,248068,248068,21.904834,21.971461,2.5103e-01
dev-corpus-06,4109,2134,2.256219e-04,2134,2134,0.208314,0.217310,1.5028e-01
dev-corpus-06,4110,273,1.374058e-06,273,273,0.003439,0.003464,1.6663e-01
dev-corpus-06,4111,6683,3.371912e-05,6683,6683,0.383469,0.387956,1.3260e-01
dev-corpus-06,4112,11,2.852150e-04,318,318,0.984941,0.956913,1.4985e-01
dev-corpus-06,4113,852,2.118852e-04,12830,12830,7.434933,7.393438,1.8704e-01
dev-corpus-06,4114,557,6.657193e-04,557,557,1.055941,1.082125,1.9861e-01
dev-corpus-06,4115,1048,3.426850e-04,12830,12830,1.972687,1.971816,1.8496e-01
dev-corpus-06,4116,3750,1.764897e-04,3750,3750,0.092411,0.087954,1.7332e-01
dev-corpus-06,4117,430,1.730123e-04,430,430,0.153172,0.146932,1.6145e-01
dev-corpus-06,4118,13799,1.286141e-04,65246,65246,4.760772,4.667549,1.7798e-01
dev-corpus-06,4119,6683,1.618348e-04,6683,6683,0.049273,0.045405,1.6342e-01
dev-corpus-06,4120,11,3.445510e-04,466,466,1.161857,1.169512,1.8676e-01
dev-corpus-06,4121,557,7.093623e-04,557,557,0.496320,0.468603,2.1854e-01
dev-corpus-06,4122,264,2.832883e-04,264,264,0.577276,0.558691,1.6092e-01
dev-corpus-06,4123,8608,2.448068e-04,4927,4927,5.272519,5.196829,2.2971e-01
dev-corpus-06,4124,78167,6.531090e-04,70421,70421,4.513291,4.495054,1.7215e-01
dev-corpus-06,4125,852,8.985862e-05,321,321,2.359799,2.344447,1.6820e-01
dev-corpus-06,4126,8597,1.603207e-04,11815,11815,5.280032,5.232748,1.3387e-01
dev-corpus-06,4127,279,1.465623e-04,279,279,0.283111,0.274137,1.3499e-01
dev-corpus-06,4128,42995,1.562692e-04,42995,42995,1.521699,1.504397,1.2186e-01
dev-corpus-06,4129,314,4.850678e-05,314,314,0.116213,0.113101,1.2035e-01
dev-corpus-06,4130,10274,1.991081e-05,10274,10274,0.229982,0.228579,1.2461e-01
dev-corpus-06,4131,3560,1.510849e-04,3560,3560,0.326477,0.320681,1.4083e-01
dev-corpus-06,4132,13,1.096730e-04,6600,6600,1.885512,1.873473,1.2907e-01
dev-corpus-06,4133,10235,1.772216e-04,248046,248046,8.314821,8.232457,1.9882e-01
dev-corpus-06,4134,310,6.421173e-06,310,310,0.050215,0.049497,1.0936e-01
dev-corpus-06,4135,279,6.005916e-04,279,279,0.548310,0.527172,1.5427e-01
dev-corpus-06,4136,2236,2.043217e-04,1478,1478,4.390274,4.376289,1.5253e-01
dev-corpus-06,4137,314,2.346870e-04,314,314,0.185157,0.177445,1.3157e-01
dev-corpus-06,4138,47185,4.705360e-05,47185,47185,0.130399,0.127588,1.3202e-01
dev-corpus-06,4139,303,3.341312e-04,303,303,0.315242,0.300557,1.2651e-01
dev-corpus-06,4140,279,2.757181e-04,279,279,0.099248,0.091932,1.2836e-01
dev-corpus-06,4141,58171,8.368175e-05,1478,1478,6.376463,6.358147,1.1620e-01
dev-corpus-06,4142,11,2.114043e-04,11,11,0.259685,0.249038,1.3714e-01
dev-corpus-06,4143,6683,2.961758e-04,551,551,1.474489,1.438205,1.3992e-01
dev-corpus-06,4144,557,3.553863e-04,557,557,0.367334,0.362034,1.7232e-01
dev-corpus-06,4145,84552,9.633413e-04,264,12830,11.407460,11.401539,1.4683e-01
dev-corpus-06,4146,1029,1.218591e-03,1029,1029,0.209308,0.186939,1.5031e-01
dev-corpus-06,4147,287,5.618993e-04,68,68,1.270135,1.217583,1.8602e-01
dev-corpus-06,4148,321,1.613562e-04,321,321,1.491088,1.487525,1.6428e-01
dev-corpus-06,4149,2895,6.745088e-04,557,557,10.853500,10.814094,1.5771e-01
dev-corpus-06,4150,53568,1.994178e-03,248046,264,4.250175,4.239461,1.9883e-01
dev-corpus-06,4151,314,1.521559e-03,2272,2272,1.858431,1.916068,1.7669e-01
dev-corpus-06,4152,3988,6.703925e-04,3988,3988,1.123532,1.096598,1.7110e-01
dev-corpus-06,4153,46553,7.210829e-05,20753,20753,7.213978,7.244492,1.0973e-01
dev-corpus-06,4154,314,1.198622e-04,13,13,1.386206,1.378364,1.3946e-01
dev-corpus-06,4155,10274,3.028962e-04,10274,10274,0.218335,0.212227,1.3172e-01
dev-corpus-06,4156,13,4.110725e-05,13,13,0.951519,0.949668,1.3996e-01
dev-corpus-06,4157,1216,4.027774e-04,248046,248046,2.362469,2.340765,1.4665e-01
dev-corpus-06,4158,22339,3.500848e-04,557,557,4.432252,4.401308,1.4918e-01
dev-corpus-06,4159,10274,2.139941e-04,10274,10274,0.241056,0.234243,1.2077e-01
dev-corpus-06,4160,383,3.883344e-04,383,383,0.445183,0.448671,1.5946e-01
dev-corpus-06,4161,279,1.424935e-04,279,279,0.049241,0.046913,1.5461e-01
dev-corpus-06,4162,5459,1.081004e-04,5459,5459,0.133951,0.130850,1.4102e-01
dev-corpus-06,4163,310,7.935786e-05,310,310,0.040041,0.037807,1.4226e-01
dev-corpus-06,4164,55115,2.700237e-05,55115,55115,0.024863,0.023976,1.2516e-01
dev-corpus-06,4165,310,1.651592e-04,321,321,6.731602,6.737256,1.4341e-01
dev-corpus-06,4166,1423,2.557514e-04,3512,3512,7.567417,7.569592,1.3804e-01
dev-corpus-06,4167,20753,2.849809e-04,780,780,7.620273,7.638084,1.4876e-01
dev-corpus-06,4168,1017,3.010065e-04,13,13,6.097257,6.108813,1.6424e-01
dev-corpus-06,4169,321,4.470515e-04,13,13,2.086475,2.075057,1.9707e-01
dev-corpus-06,4170,4300,6.404095e-04,5924,5924,6.319772,6.195803,1.5591e-01
dev-corpus-06,4171,1070,5.307959e-04,1070,1070,0.418587,0.412847,2.1516e-01
dev-corpus-06,4172,6608,8.371375e-04,310,310,12.286644,12.317080,2.2394e-01
dev-corpus-06,4173,310,3.496026e-04,310,310,1.353959,1.379891,1.5688e-01
dev-corpus-06,4174,24640,1.511886e-03,279,279,2.463589,2.466286,2.4540e-01
dev-corpus-06,4175,13,3.481224e-04,13,13,0.870681,0.857869,1.6227e-01
dev-corpus-06,4176,1921,5.444648e-04,248046,248046,3.990253,3.896849,2.8597e-01
dev-corpus-06,4177,383,7.614621e-04,551,551,4.007457,3.964218,1.6632e-01
dev-corpus-06,4178,780,6.080968e-04,279,279,1.812917,1.864774,1.6018e-01
dev-corpus-06,4179,1560,2.144580e-04,1560,1560,0.368418,0.369711,1.7665e-01
dev-corpus-06,4180,264,5.758056e-04,11,11,8.400992,8.344847,1.5846e-01
dev-corpus-06,4181,3000,1.225880e-03,3000,1447,1.242789,1.301827,1.6022e-01
dev-corpus-06,4182,50786,3.960557e-04,494,494,6.900162,6.801417,1.6811e-01
dev-corpus-06,4183,1056,5.245572e-05,1056,1056,0.067514,0.068800,1.4998e-01
dev-corpus-06,4184,264,9.956213e-05,279,279,4.577638,4.652317,1.8740e-01
dev-corpus-06,4185,6797,1.636037e-03,6797,6797,1.020206,1.070719,1.8924e-01
dev-corpus-06,4186,542,1.121201e-03,9434,9434,2.976514,3.053853,1.7563e-01
dev-corpus-06,4187,588,8.629025e-06,588,588,0.373944,0.374772,1.4789e-01
dev-corpus-06,4188,2094,3.496285e-04,1441,1441,2.963718,2.979430,1.4570e-01
dev-corpus-06,4189,1384,6.357732e-05,1384,1384,0.108053,0.108492,1.5285e-01
dev-corpus-06,4190,321,1.338881e-04,321,321,0.668851,0.668264,1.7796e-01
dev-corpus-06,4191,1782,1.057801e-03,551,551,9.945986,10.038474,2.1299e-01
dev-corpus-06,4192,440,9.609561e-04,440,440,0.955709,0.911494,1.6986e-01
dev-corpus-06,4193,1384,4.575564e-05,1384,1384,0.042706,0.041180,1.5083e-01
dev-corpus-06,4194,494,3.808786e-04,10729,10729,7.594224,7.603792,2.0521e-01
dev-corpus-06,4195,21583,1.041003e-03,279,279,1.314468,1.283720,2.0251e-01
dev-corpus-06,4196,506,4.201734e-04,13,13,9.259205,9.285020,1.7693e-01
dev-corpus-06,4197,4937,4.346274e-04,279,279,5.556267,5.576086,1.5403e-01
dev-corpus-06,4198,1834,3.441714e-05,1247,1247,3.129786,3.129128,1.2616e-01
dev-corpus-06,4199,13,2.012635e-04,13,13,0.785440,0.791470,1.7010e-01
dev-corpus-06,4200,4844,5.286569e-04,1216,1216,3.851980,3.852495,2.0032e-01
dev-corpus-06,4201,551,2.892826e-04,551,551,0.960833,0.969772,2.0055e-01
dev-corpus-06,4202,10729,5.155534e-04,6408,6408,2.040204,2.010142,1.4800e-01
dev-corpus-06,4203,310,3.015554e-04,310,310,0.681648,0.687303,1.6706e-01
dev-corpus-06,4204,279,1.085287e-04,279,279,0.100107,0.096627,1.3594e-01
dev-corpus-06,4205,4751,4.777631e-05,4751,4751,0.041547,0.040505,2.4758e-01
dev-corpus-06,4206,321,2.351170e-04,321,321,0.380512,0.384484,1.6806e-01
dev-corpus-06,4207,6408,2.197232e-04,6408,6408,0.298303,0.296503,1.6869e-01
dev-corpus-06,4208,264,1.913904e-04,264,264,0.390669,0.392757,1.4709e-01
dev-corpus-06,4209,7497,4.073702e-05,7497,7497,0.067009,0.068309,1.4937e-01
dev-corpus-06,4210,11,1.655974e-04,5315,5315,4.301790,4.311436,1.4895e-01
dev-corpus-06,4211,328,5.968614e-04,328,328,1.144044,1.170433,1.8025e-01
dev-corpus-06,4212,50,1.230483e-04,50,50,0.260259,0.264212,1.6220e-01
dev-corpus-06,4213,4784,1.396551e-06,4784,4784,0.001692,0.001674,2.0914e-01
dev-corpus-06,4214,11,5.854241e-05,11,11,0.062473,0.063838,1.6892e-01
dev-corpus-06,4215,796,7.454502e-05,65246,65246,6.580527,6.594531,1.4691e-01
dev-corpus-06,4216,355,1.024007e-04,355,355,0.147842,0.142987,1.4368e-01
dev-corpus-06,4217,11,6.636477e-05,11,11,0.200231,0.201173,2.3794e-01
dev-corpus-06,4218,3069,2.949111e-05,3069,3069,0.025380,0.025775,1.8846e-01
dev-corpus-06,4219,513,1.169218e-03,513,513,0.821862,0.778530,2.1323e-01
dev-corpus-06,4220,488,6.173253e-05,488,488,0.023222,0.022432,1.8972e-01
dev-corpus-06,4221,36228,4.385016e-05,36228,36228,0.067428,0.068909,1.7139e-01
dev-corpus-06,4222,10292,2.217118e-05,10292,10292,0.007194,0.007240,2.0299e-01
dev-corpus-06,4223,728,1.240166e-04,728,728,0.099009,0.096150,3.4300e-01
dev-corpus-06,4224,224994,2.043578e-04,7285,7285,2.626664,2.627122,1.9976e-01
dev-corpus-06,4225,321,3.547546e-04,248046,248046,7.187074,7.210922,1.6642e-01
dev-corpus-06,4226,551,5.128152e-04,551,551,1.498468,1.513230,1.7087e-01
dev-corpus-06,4227,1018,9.695961e-04,557,557,4.027033,4.112508,2.0404e-01
dev-corpus-06,4228,328,3.466905e-04,11,11,1.173092,1.147408,1.6178e-01
dev-corpus-06,4229,14202,1.423949e-04,14749,14749,1.978528,1.978708,2.2345e-01
dev-corpus-06,4230,513,1.085781e-04,513,513,0.081176,0.080213,2.0303e-01
dev-corpus-06,4231,488,1.543125e-05,488,488,0.013220,0.013323,1.7470e-01
dev-corpus-06,4232,7285,1.461400e-04,224994,224994,1.236832,1.247111,1.6468e-01
dev-corpus-06,4233,1179,2.356388e-04,321,321,3.030794,3.039048,1.7303e-01
dev-corpus-06,4234,279,1.868819e-04,279,279,0.623428,0.627701,1.7721e-01
dev-corpus-06,4235,35706,2.534014e-05,7497,7497,6.720994,6.733384,1.1813e-01
dev-corpus-06,4236,1018,1.497612e-04,1018,1018,0.392795,0.389755,1.3054e-01
dev-corpus-06,4237,11,1.208402e-04,328,328,1.850295,1.833968,1.4495e-01
dev-corpus-06,4238,328,5.152510e-05,328,328,0.078979,0.077598,1.5605e-01
dev-corpus-06,4239,40,1.228400e-04,40,40,0.074859,0.072577,1.4562e-01
dev-corpus-06,4240,1044,2.641711e-04,1044,1044,0.052448,0.048803,1.4723e-01
dev-corpus-06,4241,10274,1.139928e-04,10274,10274,0.088529,0.085012,1.7602e-01
dev-corpus-06,4242,11,4.707027e-04,11,11,0.992896,0.969283,2.0703e-01
dev-corpus-06,4243,8446,1.554168e-04,8446,8446,0.230970,0.232821,1.5631e-01
dev-corpus-06,4244,488,1.694251e-04,488,488,0.041665,0.038902,1.5519e-01
dev-corpus-06,4245,513,2.587066e-04,513,513,0.204366,0.200558,1.4291e-01
dev-corpus-06,4246,36228,7.523165e-05,36228,36228,0.071667,0.069379,1.6933e-01
dev-corpus-06,4247,10292,7.692490e-06,10292,10292,0.011906,0.011852,1.4814e-01
dev-corpus-06,4248,13,4.890171e-04,3158,3158,1.523965,1.546199,1.9229e-01
dev-corpus-06,4249,1049,4.350142e-04,4543,4543,4.888914,4.970890,1.8986e-01
dev-corpus-06,4250,369,4.761507e-04,369,369,0.274439,0.261259,3.5152e-01
dev-corpus-06,4251,2503,3.502382e-03,2503,2503,1.934562,2.025498,2.5861e-01
dev-corpus-06,4252,364,8.814729e-04,364,364,0.286142,0.299365,3.1132e-01
dev-corpus-06,4253,488,4.457446e-04,488,488,0.095465,0.097583,2.8396e-01
dev-corpus-06,4254,310,2.120377e-04,310,310,0.102975,0.104890,2.7798e-01
dev-corpus-06,4255,10017,3.854230e-02,10017,10017,0.250613,0.424696,6.5005e-01
dev-corpus-06,4256,2272,1.347852e-04,2272,2272,0.062211,0.064463,2.7877e-01
dev-corpus-06,4257,279,2.412783e-04,279,279,0.039385,0.040780,2.9854e-01
dev-corpus-06,4258,708,4.749908e-02,708,708,1.212308,1.395839,1.4617e+00
dev-corpus-06,4259,7421,1.896893e-04,327,327,1.083099,1.067546,4.1890e-01
dev-corpus-06,4260,1149,9.960442e-05,1149,1149,1.017332,1.020405,2.7629e-01
dev-corpus-06,4261,6683,5.440027e-04,248046,248046,5.834084,5.846073,2.1787e-01
dev-corpus-06,4262,4439,8.411473e-04,557,557,3.398831,3.379080,1.6964e-01
dev-corpus-06,4263,328,1.487024e-03,328,328,1.069606,1.126539,2.5060e-01
dev-corpus-06,4264,3710,4.805867e-04,12195,12195,2.040901,2.052535,2.0575e-01
dev-corpus-06,4265,635,4.132973e-04,4723,4723,1.995545,1.961064,1.9084e-01
dev-corpus-06,4266,488,1.309153e-04,488,488,0.099836,0.097210,1.7448e-01
dev-corpus-06,4267,1318,7.615891e-05,1318,1318,0.103232,0.103541,1.6378e-01
dev-corpus-06,4268,728,6.618766e-05,728,728,0.114246,0.111531,1.8349e-01
dev-corpus-06,4269,310,3.262014e-04,310,310,0.056684,0.051274,1.3150e-01
dev-corpus-06,4270,635,1.055216e-04,635,635,0.034731,0.032404,1.3525e-01
dev-corpus-06,4271,7285,8.615764e-05,7285,7285,0.517705,0.518034,1.3821e-01
dev-corpus-06,4272,1179,3.479294e-04,321,321,2.252070,2.280564,1.4198e-01
dev-corpus-06,4273,279,5.709381e-05,279,279,0.295742,0.291895,1.6342e-01
dev-corpus-06,4274,35706,1.431287e-03,5459,5459,4.332351,4.248273,1.7495e-01
dev-corpus-06,4275,1018,1.282665e-04,1018,1018,0.223622,0.218811,1.2528e-01
dev-corpus-06,4276,328,5.119716e-05,11,11,1.138485,1.130464,1.5219e-01
dev-corpus-06,4277,6737,2.611718e-03,10533,1882,2.150666,2.048894,1.8620e-01
dev-corpus-06,4278,1029,2.947859e-06,1029,1029,0.004503,0.004380,1.3682e-01
dev-corpus-06,4279,321,1.369687e-04,321,321,0.329017,0.334043,2.0793e-01
dev-corpus-06,4280,708,6.219026e-05,708,708,0.121857,0.122066,2.2019e-01
dev-corpus-06,4281,1083,1.120310e-04,310,310,1.461347,1.442413,2.2097e-01
dev-corpus-06,4282,279,1.541672e-04,55115,55115,0.896553,0.899413,2.1787e-01
dev-corpus-06,4283,3177,1.357871e-03,3177,3177,0.145388,0.141129,8.0314e-01
dev-corpus-06,4284,11,5.293677e-04,321,321,1.338060,1.333737,2.7426e-01
dev-corpus-06,4285,321,9.084325e-05,321,321,0.075693,0.076926,2.8391e-01
dev-corpus-06,4286,488,5.359627e-04,488,488,0.354414,0.343453,2.8924e-01
dev-corpus-06,4287,668,2.882627e-05,668,668,0.291569,0.292849,1.9052e-01
dev-corpus-06,4288,381,1.537391e-04,381,381,0.043935,0.040831,2.3643e-01
dev-corpus-06,4289,3125,5.506197e-05,3125,3125,0.044282,0.042806,2.2485e-01
dev-corpus-06,4290,1092,7.936050e-05,1092,1092,0.070341,0.069590,1.8709e-01
dev-corpus-06,4291,488,2.007227e-03,488,488,0.264703,0.232729,2.9613e-01
dev-corpus-06,4292,1902,4.335601e-04,1902,1902,0.310359,0.298908,1.5944e-01
dev-corpus-06,4293,635,5.832274e-05,635,635,0.039054,0.038615,1.5792e-01
dev-corpus-06,4294,1149,9.031164e-05,1149,1149,0.401949,0.397381,2.1372e-01
dev-corpus-06,4295,19425,7.556368e-04,248046,248046,11.625683,11.672233,3.2980e-01
dev-corpus-06,4296,978,5.659776e-04,978,978,1.545688,1.576236,1.6879e-01
dev-corpus-06,4297,1801,9.033629e-04,86049,86049,5.709211,5.693210,2.5510e-01
dev-corpus-06,4298,17481,1.359032e-03,264,264,1.209518,1.280105,1.8879e-01
dev-corpus-06,4299,11,3.934525e-04,539,539,1.794049,1.843040,1.6938e-01
dev-corpus-06,4300,551,3.347132e-04,6683,6683,0.929504,0.948175,3.1950e-01
dev-corpus-06,4301,557,2.153861e-04,557,557,0.253514,0.258543,1.9143e-01
dev-corpus-06,4302,2895,3.744822e-04,5879,5879,5.820353,5.829972,1.7329e-01
dev-corpus-06,4303,310,9.553697e-04,539,539,1.576672,1.501212,1.9743e-01
dev-corpus-06,4304,279,7.283951e-04,264,264,2.854424,2.840983,2.2726e-01
dev-corpus-06,4305,3177,5.949377e-04,3626,3626,2.638270,2.580809,2.1319e-01
dev-corpus-06,4306,321,3.628692e-04,314,314,1.976747,1.986511,2.0363e-01
dev-corpus-06,4307,2756,1.219960e-03,264,264,9.852575,9.783688,2.7414e-01
dev-corpus-06,4308,2843,2.905791e-04,314,314,1.899600,1.870315,1.6200e-01
dev-corpus-06,4309,780,5.991388e-04,551,551,2.286297,2.280590,2.0158e-01
dev-corpus-06,4310,13529,4.338556e-04,13529,13529,0.339001,0.327666,2.0610e-01
dev-corpus-06,4311,557,3.748755e-05,557,557,0.201564,0.205098,1.2108e-01
dev-corpus-06,4312,26137,1.186586e-04,26137,26137,0.068557,0.069290,1.1875e-01
dev-corpus-06,4313,539,8.312083e-05,539,539,0.503436,0.504431,2.1039e-01
dev-corpus-06,4314,1473,3.366236e-04,1473,1473,0.907901,0.893703,3.1763e-01
dev-corpus-06,4315,276,2.522061e-05,276,276,0.018509,0.017873,1.5719e-01
dev-corpus-06,4316,3362,2.955271e-06,3362,3362,0.005132,0.005165,1.8061e-01
dev-corpus-06,4317,314,2.345823e-04,13,13,4.787251,4.871738,2.2527e-01
dev-corpus-06,4318,55115,2.022823e-04,55115,55115,0.126838,0.125064,2.6077e-01
dev-corpus-06,4319,13,1.386186e-04,13,13,0.321243,0.313970,2.0338e-01
dev-corpus-06,4320,4844,4.067053e-04,248046,248046,3.105941,3.149384,2.4957e-01
dev-corpus-06,4321,6683,2.012968e-04,551,551,1.467910,1.450778,1.7016e-01
dev-corpus-06,4322,557,3.184037e-04,557,557,1.077142,1.087053,2.1325e-01
dev-corpus-06,4323,86058,1.896924e-03,86058,86058,0.617933,0.660581,2.1736e-01
dev-corpus-06,4324,321,9.652810e-05,321,321,0.355930,0.361811,1.5007e-01
dev-corpus-06,4325,6849,6.355066e-04,5924,5924,5.328242,5.260440,1.8325e-01
dev-corpus-06,4326,3727,1.184718e-04,5820,5820,2.142610,2.140552,1.6410e-01
dev-corpus-06,4327,310,9.802845e-05,66012,66012,1.829005,1.807766,1.4532e-01
dev-corpus-06,4328,62787,1.647308e-04,68233,68233,4.179618,4.206034,1.4700e-01
dev-corpus-06,4329,8608,9.412418e-05,279,279,7.814111,7.863422,1.2413e-01
dev-corpus-06,4330,1876,2.722982e-04,248046,248046,2.792375,2.756349,1.1940e-01
dev-corpus-06,4331,13,1.734165e-04,13,13,0.892272,0.907781,1.4221e-01
dev-corpus-06,4332,1216,6.868411e-05,248046,248046,2.154822,2.167989,1.5447e-01
dev-corpus-06,4333,59826,1.934475e-04,29694,29694,9.419401,9.448606,1.7170e-01
dev-corpus-06,4334,14156,2.192146e-04,279,279,8.242761,8.223265,1.2812e-01
dev-corpus-06,4335,310,1.768790e-04,303,303,1.270645,1.247552,1.2136e-01
dev-corpus-06,4336,279,3.405102e-04,279,279,1.112574,1.132148,1.1529e-01
dev-corpus-06,4337,15418,2.391048e-04,34539,34539,1.488067,1.494036,1.0847e-01
dev-corpus-06,4338,3533,2.073826e-05,3533,3533,0.052797,0.051363,1.2033e-01
dev-corpus-06,4339,321,1.560036e-04,13,13,1.652809,1.658751,1.3852e-01
dev-corpus-06,4340,551,5.247173e-04,5947,5947,3.267311,3.299688,1.9060e-01
dev-corpus-06,4341,369,3.037760e-04,557,557,2.769163,2.788651,1.3479e-01
dev-corpus-06,4342,1048,1.387861e-04,279,6306,4.258339,4.260331,1.1677e-01
dev-corpus-06,4343,3750,1.149911e-04,3750,3750,0.545507,0.554401,1.0834e-01
dev-corpus-06,4344,430,1.940376e-04,430,430,0.495380,0.483067,1.2598e-01
dev-corpus-06,4345,449,1.364653e-04,279,279,5.413202,5.456546,1.9435e-01
dev-corpus-06,4346,78167,3.273682e-04,78167,78167,1.835676,1.815071,1.4704e-01
dev-corpus-06,4347,310,4.530209e-04,310,310,0.425467,0.408075,2.0970e-01
dev-corpus-06,4348,279,1.245326e-05,279,279,0.018108,0.018011,1.1835e-01
dev-corpus-06,4349,15418,1.375819e-04,34539,34539,3.268571,3.198980,2.1936e-01
dev-corpus-06,4350,3533,2.853480e-07,3533,3533,0.004335,0.004306,1.3736e-01
dev-corpus-06,4351,13,8.373070e-05,13,13,0.150910,0.147193,1.3838e-01
dev-corpus-06,4352,220,9.138427e-05,248046,248046,5.237318,5.297304,2.1606e-01
dev-corpus-06,4353,1216,7.854985e-04,248046,248046,1.400564,1.375162,3.3221e-01
dev-corpus-06,4354,37070,5.487243e-04,5947,5947,9.223395,9.169978,1.4338e-01
dev-corpus-06,4355,3679,2.659863e-04,1599,1599,3.450348,3.483009,1.2476e-01
dev-corpus-06,4356,28935,1.217893e-04,28935,28935,0.161292,0.157543,1.2188e-01
dev-corpus-06,4357,303,1.125834e-04,303,303,0.973014,0.973223,1.4986e-01
dev-corpus-06,4358,10305,4.928485e-04,279,279,5.578185,5.528311,1.3594e-01
dev-corpus-06,4359,177955,3.581232e-05,177955,177955,0.168445,0.166846,1.2990e-01
dev-corpus-06,4360,11,1.194655e-04,11,11,0.087245,0.090858,1.6235e-01
dev-corpus-06,4361,6931,2.506823e-04,66059,66059,3.535364,3.555676,1.5385e-01
dev-corpus-06,4362,23494,4.464378e-05,23494,23494,0.007575,0.008357,2.0917e-01
dev-corpus-06,4363,11,9.519440e-06,11,11,0.036447,0.036797,2.4013e-01
dev-corpus-06,4364,645,4.828340e-04,645,645,1.113852,1.089723,2.5704e-01
dev-corpus-06,4365,425,1.649042e-06,425,425,0.007430,0.007413,1.5674e-01
dev-corpus-06,4366,42167,1.019242e-05,42167,42167,0.004198,0.004467,1.6730e-01
dev-corpus-06,4367,11165,4.093823e-04,2906,2906,3.244357,3.264301,1.9642e-01
dev-corpus-06,4368,11,2.577500e-04,11,11,0.216035,0.215099,1.4383e-01
dev-corpus-06,4369,57775,3.508845e-04,57775,57775,0.944475,0.970338,1.7176e-01
dev-corpus-06,4370,321,4.564526e-05,11,11,2.640753,2.631968,1.4096e-01
dev-corpus-06,4371,66059,6.026690e-04,66059,66059,1.281137,1.242624,1.5490e-01
dev-corpus-06,4372,40985,4.341922e-06,40985,40985,0.016442,0.016185,1.3062e-01
dev-corpus-06,4373,4949,8.118183e-05,13,13,11.621021,11.666590,3.3473e-01
dev-corpus-06,4374,43410,2.829799e-04,2290,2290,9.042350,8.958664,1.7973e-01
dev-corpus-06,4375,466,7.832041e-04,11592,11592,3.926812,3.958631,1.8164e-01
dev-corpus-06,4376,12937,2.771320e-04,60163,60163,4.197264,4.240778,1.6165e-01
dev-corpus-06,4377,14470,1.544011e-05,14470,14470,0.018879,0.018472,1.4248e-01
dev-corpus-06,4378,314,1.425210e-03,11592,11592,2.395950,2.327380,2.0760e-01
dev-corpus-06,4379,279,1.084036e-04,279,279,0.179986,0.178522,1.9229e-01
dev-corpus-06,4380,16570,5.890347e-04,1478,1478,2.207587,2.226428,1.8667e-01
dev-corpus-06,4381,7840,4.981642e-04,7840,7840,0.653763,0.663287,1.8742e-01
dev-corpus-06,4382,6265,3.817204e-04,6265,6265,0.479589,0.476718,2.0994e-01
dev-corpus-06,4383,303,6.319161e-04,314,314,1.535255,1.596324,1.4854e-01
dev-corpus-06,4384,279,1.734635e-05,279,279,0.051968,0.051737,1.2282e-01
dev-corpus-06,4385,491,1.652009e-04,1478,1478,2.731390,2.729755,1.5896e-01
dev-corpus-06,4386,37818,3.399516e-05,58170,58170,3.160742,3.189641,1.1637e-01
dev-corpus-06,4387,557,2.138138e-04,513,513,4.489148,4.539392,1.4316e-01
dev-corpus-06,4388,5158,7.661240e-05,5158,5158,0.119316,0.116554,1.0040e-01
dev-corpus-06,4389,539,2.205879e-05,539,539,0.025811,0.026592,1.4050e-01
dev-corpus-06,4390,6683,5.788205e-05,6683,6683,0.755043,0.745096,9.4321e-02
dev-corpus-06,4391,1472,6.861269e-05,13,13,6.224387,6.192726,1.8464e-01
dev-corpus-06,4392,279,1.141056e-03,780,780,2.152570,2.201444,2.4347e-01
dev-corpus-06,4393,18252,1.437134e-03,11592,11592,5.171593,5.289397,1.9895e-01
dev-corpus-06,4394,314,2.236349e-05,314,314,0.056719,0.055551,1.3636e-01
dev-corpus-06,4395,279,5.135980e-05,279,279,0.100132,0.098944,1.4850e-01
dev-corpus-06,4396,25872,6.725082e-04,18147,18147,3.746090,3.605609,1.1972e+00
dev-corpus-06,4397,8643,1.629375e-04,8643,8643,0.155294,0.148401,1.6542e-01
dev-corpus-06,4398,13,1.522968e-04,13,13,0.201813,0.208442,1.8926e-01
dev-corpus-06,4399,248046,2.104558e-04,645,645,1.023476,1.036509,2.5800e-01
dev-corpus-06,4400,198,7.159864e-08,198,198,0.000065,0.000062,2.6194e-01
dev-corpus-06,4401,248045,1.005937e-07,248045,248045,0.000040,0.000038,2.6029e-01
dev-corpus-06,4402,846,5.736251e-03,846,846,0.288637,0.233234,4.2622e-01
dev-corpus-06,4403,198,1.517799e-04,198,198,0.034806,0.031630,2.0436e-01
dev-corpus-06,4404,3710,4.368373e-04,3710,3710,1.654214,1.644663,1.8259e-01
dev-corpus-06,4405,513,2.268625e-04,369,369,2.209623,2.173180,1.4031e-01
dev-corpus-06,4406,1010,1.026109e-04,279,279,1.890819,1.909952,1.3687e-01
dev-corpus-06,4407,2433,2.146660e-04,314,314,4.204438,4.180699,1.2461e-01
dev-corpus-06,4408,310,1.961889e-04,421,421,2.930037,2.940126,1.2501e-01
dev-corpus-06,4409,5909,4.530669e-04,635,635,3.842013,3.823852,1.5223e-01
dev-corpus-06,4410,948,8.365620e-05,883,883,1.723049,1.726907,1.2906e-01
dev-corpus-06,4411,11494,2.423723e-04,4237,4237,6.123163,6.177790,1.1324e-01
dev-corpus-06,4412,264,8.814661e-05,264,264,0.466287,0.465967,1.0887e-01
dev-corpus-06,4413,491,1.417107e-04,491,491,1.808685,1.810075,1.1069e-01
dev-corpus-06,4414,6505,1.916230e-04,1740,1740,4.358473,4.359824,1.0824e-01
dev-corpus-06,4415,314,1.520284e-06,314,314,0.019890,0.019848,1.1364e-01
dev-corpus-06,4416,41581,2.069893e-04,14850,14850,3.325208,3.297803,1.1155e-01
dev-corpus-06,4417,30,4.856783e-05,30,30,0.360262,0.366026,1.4766e-01
dev-corpus-06,4418,248046,5.627176e-06,248046,248046,0.015349,0.015063,1.5594e-01
dev-corpus-06,4419,198,2.082589e-08,198,198,0.000082,0.000083,1.6121e-01
dev-corpus-06,4420,248045,4.567101e-09,248045,248045,0.000004,0.000003,3.1326e-01
dev-corpus-06,4421,74455,1.409626e-03,74455,74455,0.673960,0.624680,3.1733e-01
dev-corpus-06,4422,198,2.261066e-06,198,198,0.022487,0.022329,2.8822e-01
dev-corpus-06,4423,3733,7.491341e-09,248068,248068,18.648369,18.557508,1.9535e-01
dev-corpus-06,4424,513,1.262194e-04,513,513,0.085938,0.088054,1.8683e-01
dev-corpus-06,4425,1599,2.831311e-04,3679,3679,2.647919,2.569968,1.6355e-01
dev-corpus-06,4426,12521,9.545859e-05,9085,9085,8.814500,8.742019,1.8121e-01
dev-corpus-06,4427,948,2.988890e-05,310,310,5.137567,5.127379,1.2199e-01
dev-corpus-06,4428,799,1.600763e-04,11494,11494,10.301009,10.224203,1.1378e-01
dev-corpus-06,4429,628,2.739991e-04,369,369,5.916568,5.867627,1.4834e-01
dev-corpus-06,4430,2426,1.503392e-04,3569,3569,7.780475,7.809921,2.3770e-01
dev-corpus-06,4431,303,5.564590e-05,303,303,0.087144,0.085808,1.4714e-01
dev-corpus-06,4432,3838,2.518398e-05,3838,3838,0.027018,0.026505,1.2079e-01
dev-corpus-06,4433,948,5.165647e-05,948,948,0.559318,0.555643,1.1461e-01
dev-corpus-06,4434,21877,8.851470e-05,11494,11494,1.735822,1.731553,1.3154e-01
dev-corpus-06,4435,41581,5.937398e-05,264,264,1.840641,1.862744,1.2033e-01
dev-corpus-06,4436,13,4.536663e-05,13,13,0.347523,0.350661,1.5067e-01
dev-corpus-06,4437,198,2.259013e-04,5514,5514,2.829393,2.805890,1.6291e-01
dev-corpus-06,4438,16,3.126790e-04,16,16,1.285086,1.266930,2.1264e-01
dev-corpus-06,4439,13,2.857901e-05,13,13,0.029644,0.030867,2.3170e-01
dev-corpus-06,4440,28097,1.151370e-04,2972,2972,3.580374,3.531991,1.4620e-01
dev-corpus-06,4441,25,1.757868e-04,25,25,0.826830,0.822537,1.1693e-01
dev-corpus-06,4442,279,1.961904e-04,28924,28924,6.528489,6.520692,1.0550e-01
dev-corpus-06,4443,7193,1.396647e-04,5839,5839,2.883938,2.879235,1.3038e-01
dev-corpus-06,4444,314,4.289657e-04,314,314,0.626807,0.614489,1.4634e-01
dev-corpus-06,4445,10121,1.324005e-04,279,279,4.494387,4.508224,1.1008e-01
dev-corpus-06,4446,1220,4.675280e-04,369,369,3.165884,3.140225,1.1944e-01
dev-corpus-06,4447,381,2.445026e-05,381,381,0.106704,0.106686,1.0652e-01
dev-corpus-06,4448,2708,3.120071e-04,6306,6306,2.783489,2.771953,1.4148e-01
dev-corpus-06,4449,303,5.843800e-05,13,13,5.823847,5.832902,1.1437e-01
dev-corpus-06,4450,3838,7.869673e-05,3838,3838,1.094092,1.094961,1.0735e-01
dev-corpus-06,4451,11,8.558726e-05,13,13,2.418444,2.428837,1.1467e-01
dev-corpus-06,4452,585,1.535885e-04,3315,3315,4.158820,4.153463,1.0383e-01
dev-corpus-06,4453,1673,2.326498e-05,1673,1673,0.053830,0.052980,1.7942e-01
dev-corpus-06,4454,2487,2.410673e-05,2487,2487,0.398313,0.401151,1.3069e-01
dev-corpus-06,4455,3315,5.963543e-04,364,364,1.846382,1.872919,1.8776e-01
dev-corpus-06,4456,424,9.422231e-05,424,424,1.046696,1.039478,1.1383e-01
dev-corpus-06,4457,579,4.329422e-05,369,369,2.116426,2.106370,1.2503e-01
dev-corpus-06,4458,364,3.272359e-05,364,364,0.072613,0.073650,1.1090e-01
dev-corpus-06,4459,10461,2.518036e-04,15367,15367,9.712819,9.728277,1.2349e-01
dev-corpus-06,4460,1603,5.427138e-04,4477,4477,7.639900,7.689764,1.8042e-01
dev-corpus-06,4461,4131,1.262178e-04,4477,4477,2.011138,2.004864,1.5174e-01
dev-corpus-06,4462,4477,1.473191e-04,4477,4477,0.228587,0.225437,1.1715e-01
dev-corpus-06,4463,466,5.991306e-05,11,11,2.004602,1.997720,1.2331e-01
dev-corpus-06,4464,364,2.229210e-04,364,364,0.606316,0.607986,1.3429e-01
dev-corpus-06,4465,944,9.095171e-04,15367,15367,4.753061,4.682327,1.7876e-01
dev-corpus-06,4466,1040,2.722279e-04,6526,6526,3.410951,3.464327,1.4196e-01
dev-corpus-06,4467,4483,3.848550e-04,6526,6526,2.766228,2.742656,1.2993e-01
dev-corpus-06,4468,2678,2.115805e-04,6526,6526,4.398494,4.351448,1.4697e-01
dev-corpus-06,4469,6526,3.523882e-05,6526,6526,0.378236,0.380922,1.0579e-01
dev-corpus-06,4470,13,6.345099e-05,13,13,1.034550,1.026179,1.2650e-01
dev-corpus-06,4471,198,1.458102e-04,198,198,0.431821,0.431750,1.5726e-01
dev-corpus-06,4472,17,1.694462e-05,17,17,0.015087,0.014735,2.2599e-01
dev-corpus-06,4473,13,3.729083e-06,13,13,0.009087,0.009330,1.6143e-01
dev-corpus-06,4474,8223,9.812071e-04,3856,3856,5.603431,5.606672,1.8168e-01
dev-corpus-06,4475,20025,1.944244e-04,25,25,12.341186,12.361249,1.2450e-01
dev-corpus-06,4476,25,6.238474e-05,25,25,0.598752,0.594248,1.6281e-01
dev-corpus-06,4477,17107,4.979995e-04,279,279,9.848175,9.837788,1.0679e-01
dev-corpus-06,4478,369,2.331947e-04,1220,1220,1.654839,1.636330,1.8099e-01
dev-corpus-06,4479,2590,3.476798e-04,264,264,2.895577,2.916417,1.4815e-01
dev-corpus-06,4480,449,1.921284e-04,264,264,1.980309,1.994730,1.2596e-01
dev-corpus-06,4481,2894,1.506544e-04,2894,2894,0.224312,0.222709,1.5158e-01
dev-corpus-06,4482,17345,6.270315e-05,7911,7911,2.389144,2.394917,1.0210e-01
dev-corpus-06,4483,948,5.476004e-05,13,13,3.745653,3.734445,1.2403e-01
dev-corpus-06,4484,424,1.187169e-04,11494,11494,3.451368,3.487416,1.0977e-01
dev-corpus-06,4485,3905,1.331809e-04,3905,3905,0.074978,0.078919,1.8217e-01
dev-corpus-06,4486,310,6.056606e-06,310,310,0.025738,0.026032,1.2166e-01
dev-corpus-06,4487,866,4.259443e-04,11494,11494,5.241866,5.290092,2.0401e-01
dev-corpus-06,4488,3269,9.269914e-05,7384,7384,8.310730,8.288427,1.0353e-01
dev-corpus-06,4489,314,7.934079e-05,314,314,0.101668,0.105733,1.0954e-01
dev-corpus-06,4490,7384,5.688585e-04,7384,7384,0.945256,0.970720,2.8778e-01
dev-corpus-06,4491,13,5.361023e-05,13,13,0.320283,0.324907,1.3056e-01
dev-corpus-06,4492,198,1.129522e-04,198,198,1.712375,1.717651,1.3755e-01
dev-corpus-06,4493,18,7.563659e-04,18,18,0.978310,0.970218,4.2255e-01
dev-corpus-06,4494,13,2.407059e-05,13,13,0.011337,0.012055,1.4337e-01
dev-corpus-06,4495,9612,4.946666e-04,42292,42292,4.004293,4.007081,1.3045e-01
dev-corpus-06,4496,48821,2.489005e-04,48821,48821,0.090579,0.096144,1.7427e-01
dev-corpus-06,4497,34647,6.133555e-05,351,351,6.750269,6.709216,1.2257e-01
dev-corpus-06,4498,318,1.462677e-04,25,25,1.137345,1.138175,1.3947e-01
dev-corpus-06,4499,25340,1.288769e-05,25340,25340,0.014427,0.014913,1.8649e-01
dev-corpus-06,4500,1590,2.074020e-05,1590,1590,0.182859,0.185242,1.3899e-01
dev-corpus-06,4501,10022,4.137460e-04,1368,1368,8.040679,8.046074,1.2716e-01
dev-corpus-06,4502,11639,3.060526e-04,524,524,4.849284,4.874822,1.5294e-01
dev-corpus-06,4503,34647,7.835809e-05,34647,34647,0.339429,0.336499,1.1422e-01
dev-corpus-06,4504,369,1.511602e-04,369,369,0.396092,0.403032,1.8642e-01
dev-corpus-06,4505,4840,3.361998e-04,524,524,8.718991,8.686898,1.4008e-01
dev-corpus-06,4506,440,3.393184e-04,310,310,2.988272,3.019027,1.2432e-01
dev-corpus-06,4507,1379,2.084117e-04,279,279,2.743596,2.736600,1.3162e-01
dev-corpus-06,4508,1901,1.821047e-04,314,314,4.264364,4.220267,1.1175e-01
dev-corpus-06,4509,4758,1.899303e-04,4758,4758,0.111932,0.118177,1.5719e-01
dev-corpus-06,4510,44253,6.839590e-05,11,11,1.947266,1.944028,1.1002e-01
dev-corpus-06,4511,11,4.848730e-05,11,11,0.164392,0.165424,1.6321e-01
dev-corpus-06,4512,279,1.982398e-04,424,424,2.887788,2.909567,1.6052e-01
dev-corpus-06,4513,4131,2.610580e-04,4131,4131,1.196557,1.193600,1.2635e-01
dev-corpus-06,4514,314,1.046594e-04,314,314,0.552448,0.549616,1.0871e-01
dev-corpus-06,4515,82081,1.299507e-04,82081,82081,1.086677,1.093705,1.3861e-01
dev-corpus-06,4516,2493,1.516953e-04,628,628,3.888618,3.877532,1.2668e-01
dev-corpus-06,4517,12904,2.190687e-04,12904,12904,0.712811,0.698286,1.0885e-01
dev-corpus-06,4518,494,1.056890e-04,13,13,2.177110,2.180375,1.0031e-01
dev-corpus-06,4519,799,1.983934e-04,799,799,0.966086,0.954856,1.1779e-01
dev-corpus-06,4520,6365,4.224423e-04,6529,6529,8.467423,8.520159,1.0932e-01
dev-corpus-06,4521,310,3.090032e-05,310,310,0.393877,0.389569,1.2688e-01
dev-corpus-06,4522,2361,3.114089e-05,2361,2361,0.166736,0.164388,1.0489e-01
dev-corpus-06,4523,13,3.043829e-05,13,13,0.220809,0.219734,1.2462e-01
dev-corpus-06,4524,1987,3.063162e-04,198,198,4.268904,4.327216,1.8853e-01
dev-corpus-06,4525,424,2.970589e-04,11,11,1.538815,1.534599,1.2009e-01
dev-corpus-06,4526,579,1.745274e-04,369,369,1.130531,1.134675,1.0458e-01
dev-corpus-06,4527,2590,6.614595e-05,2894,2894,2.054715,2.052526,9.5131e-02
dev-corpus-06,4528,1603,4.454410e-05,1603,1603,0.574888,0.574676,1.0022e-01
dev-corpus-06,4529,310,4.231990e-05,310,310,0.033349,0.032025,1.2602e-01
dev-corpus-06,4530,1301,1.901322e-04,1716,1716,2.095035,2.104006,1.1749e-01
dev-corpus-06,4531,1010,9.509170e-05,8120,8120,4.319911,4.308732,2.2074e-01
dev-corpus-06,4532,8120,1.486186e-04,8120,8120,0.201156,0.195999,1.1482e-01
dev-corpus-06,4533,2094,2.197096e-04,13,13,8.412804,8.365101,1.1364e-01
dev-corpus-06,4534,424,2.592709e-04,13,13,2.264013,2.253847,1.3064e-01
dev-corpus-06,4535,13,6.658759e-05,13,13,0.223084,0.226515,1.5420e-01
dev-corpus-06,4536,198,1.942227e-04,198,198,0.188572,0.195309,3.2707e-01
dev-corpus-06,4537,19,1.120104e-04,19,19,0.032094,0.034808,2.2413e-01
dev-corpus-06,4538,13,2.710013e-06,13,13,0.007692,0.007796,1.4259e-01
dev-corpus-06,4539,13024,2.035929e-04,32500,32500,10.318511,10.366301,1.4754e-01
dev-corpus-06,4540,3638,4.895718e-04,75323,75323,6.658974,6.668700,1.6632e-01
dev-corpus-06,4541,321,1.715660e-04,25,25,3.470975,3.462814,1.4569e-01
dev-corpus-06,4542,4275,5.832204e-04,3061,3061,2.893955,2.848054,1.3010e-01
dev-corpus-06,4543,25,1.089499e-04,25,25,0.114845,0.117285,1.5169e-01
dev-corpus-06,4544,1049,1.782414e-04,4188,4188,4.145457,4.187519,1.5844e-01
dev-corpus-06,4545,369,1.235317e-04,579,579,1.155290,1.156676,1.3730e-01
dev-corpus-06,4546,4409,1.957606e-04,2590,2590,7.291707,7.266789,1.1545e-01
dev-corpus-06,4547,264,3.068419e-04,2590,2590,3.220121,3.272796,9.9372e-02
dev-corpus-06,4548,7230,1.456918e-04,1902,1902,2.695260,2.703693,1.2089e-01
dev-corpus-06,4549,1381,9.535514e-05,44253,44253,1.962676,1.966834,1.1467e-01
dev-corpus-06,4550,421,1.694172e-04,421,421,0.646728,0.658803,1.3668e-01
dev-corpus-06,4551,1396,3.613866e-04,41581,41581,3.514260,3.535228,1.1764e-01
dev-corpus-06,4552,3478,2.552481e-04,73787,73787,3.281206,3.284714,1.2390e-01
dev-corpus-06,4553,47911,1.834707e-04,73787,73787,2.690290,2.713131,1.4638e-01
dev-corpus-06,4554,2724,8.231364e-04,6529,6529,3.692866,3.730352,1.4030e-01
dev-corpus-06,4555,682,1.192098e-04,682,682,0.824028,0.823301,1.2487e-01
dev-corpus-06,4556,7633,2.033138e-04,264,264,3.224468,3.220051,1.2546e-01
dev-corpus-06,4557,279,9.962652e-05,264,264,6.922916,6.925616,1.3277e-01
dev-corpus-06,4558,11811,2.394277e-03,248046,248046,6.365390,6.377676,2.5709e-01
dev-corpus-06,4559,6170,1.448130e-04,878,878,1.267516,1.280137,1.2594e-01
dev-corpus-06,4560,3638,4.712829e-05,878,878,1.014807,1.011798,1.1537e-01
dev-corpus-06,4561,440,8.784506e-05,364,364,4.263944,4.259359,1.5031e-01
dev-corpus-06,4562,1010,4.366088e-04,5090,5090,3.121488,3.126223,1.5541e-01
dev-corpus-06,4563,884,5.416222e-04,4799,4799,5.816660,5.766727,1.0885e-01
dev-corpus-06,4564,10020,5.393032e-05,10020,10020,0.275129,0.273222,9.9311e-02
dev-corpus-06,4565,4275,6.725053e-05,4275,4275,0.090145,0.090779,2.1914e-01
dev-corpus-06,4566,13,3.807801e-05,13,13,0.870300,0.873137,1.3323e-01
dev-corpus-06,4567,1921,1.904259e-04,198,198,4.888632,4.918925,1.7152e-01
dev-corpus-06,4568,1010,2.555182e-04,424,1010,2.256531,2.225583,1.4435e-01
dev-corpus-06,4569,4948,4.262514e-04,314,314,3.220356,3.209407,1.3515e-01
dev-corpus-06,4570,2915,1.908525e-04,2493,2493,3.658458,3.665108,1.1925e-01
dev-corpus-06,4571,1691,4.528284e-04,2577,2577,4.594598,4.593724,1.6472e-01
dev-corpus-06,4572,364,1.347056e-04,2577,2577,9.173298,9.242359,1.3720e-01
dev-corpus-06,4573,6699,1.407893e-04,836,836,11.567568,11.599046,1.2549e-01
dev-corpus-06,4574,23557,4.970708e-04,2308,2308,4.953206,4.979498,2.2259e-01
dev-corpus-06,4575,2540,3.203644e-05,2540,2540,0.025291,0.024203,1.4777e-01
dev-corpus-06,4576,11241,1.513852e-04,2444,2444,2.099638,2.078274,1.2683e-01
dev-corpus-06,4577,1056,1.079967e-04,888,888,3.167962,3.155935,1.2591e-01
dev-corpus-06,4578,3672,4.509529e-05,3672,3672,0.111418,0.112948,1.3551e-01
dev-corpus-06,4579,13,6.112024e-05,13,13,0.196091,0.198860,1.3007e-01
dev-corpus-06,4580,198,3.721313e-04,198,198,0.601430,0.619405,2.3307e-01
dev-corpus-06,4581,20,6.390274e-04,20,20,0.130653,0.144093,5.6024e-01
dev-corpus-06,4582,13,2.883914e-05,13,13,0.007497,0.008108,1.3984e-01
dev-corpus-06,4583,60628,4.161307e-04,32500,32500,9.855391,9.878147,1.7033e-01
dev-corpus-06,4584,1105,6.815006e-04,1105,1105,1.194986,1.187906,1.5609e-01
dev-corpus-06,4585,25,4.765928e-04,25,25,0.403763,0.415115,1.8207e-01
dev-corpus-06,4586,1368,2.703802e-04,1368,1368,1.684941,1.688996,1.4626e-01
dev-corpus-06,4587,488,4.608779e-05,488,488,0.313982,0.318381,1.3045e-01
dev-corpus-06,4588,513,2.052970e-04,513,513,0.919086,0.912200,1.1752e-01
dev-corpus-06,4589,264,1.850239e-04,8842,8842,1.996072,2.000910,1.1646e-01
dev-corpus-06,4590,20125,2.007554e-04,20125,20125,0.876455,0.887379,1.1930e-01
dev-corpus-06,4591,82255,4.649222e-05,60651,60651,3.191806,3.195453,1.2674e-01
dev-corpus-06,4592,11,5.615798e-05,11,11,0.350110,0.353273,1.3035e-01
dev-corpus-06,4593,1179,1.784912e-04,264,264,1.954659,1.974046,1.7734e-01
dev-corpus-06,4594,264,2.809609e-04,264,264,0.891500,0.873628,1.5513e-01
dev-corpus-06,4595,16338,2.584338e-04,1603,1603,3.320585,3.321048,1.4844e-01
dev-corpus-06,4596,321,1.068167e-04,321,321,0.722756,0.729133,1.2851e-01
dev-corpus-06,4597,21094,2.018429e-04,25293,25293,3.471752,3.463091,1.1457e-01
dev-corpus-06,4598,47911,5.052199e-05,6564,6564,7.334579,7.351051,1.2904e-01
dev-corpus-06,4599,6564,8.399355e-04,440,440,2.720189,2.696879,1.7109e-01
dev-corpus-06,4600,1105,5.855949e-06,1105,1105,0.037704,0.038163,1.1376e-01
dev-corpus-06,4601,2493,1.443142e-04,369,369,3.027650,3.025475,1.3989e-01
dev-corpus-06,4602,381,1.448590e-04,381,381,0.098159,0.093188,1.2831e-01
dev-corpus-06,4603,1603,1.385275e-03,264,264,3.676958,3.652614,4.5296e-01
dev-corpus-06,4604,310,1.841154e-04,310,310,0.669300,0.655881,2.0210e-01
dev-corpus-06,4605,599,3.506558e-04,2814,2814,1.358524,1.381405,1.8205e-01
dev-corpus-06,4606,303,7.156441e-05,13,13,3.894577,3.932119,1.4163e-01
dev-corpus-06,4607,3529,8.051857e-04,3838,3838,9.988107,10.056664,1.9063e-01
dev-corpus-07,4608,198,2.354388e-06,198,198,0.002226,0.002326,3.2617e-01
dev-corpus-07,4609,4199,5.459578e-05,3710,3710,3.653411,3.652924,7.0690e-02
dev-corpus-07,4610,1503,4.608262e-05,635,635,1.648237,1.660029,9.7458e-02
dev-corpus-07,4611,279,6.267182e-05,279,279,0.621551,0.619973,7.7997e-02
dev-corpus-07,4612,5753,1.607698e-04,7059,7059,7.271202,7.285691,1.0206e-01
dev-corpus-07,4613,15209,5.758721e-04,3299,3299,11.158583,11.108032,1.2267e-01
dev-corpus-07,4614,1785,1.181934e-04,1785,1785,0.180044,0.176804,1.2297e-01
dev-corpus-07,4615,944,7.569042e-04,944,944,1.563444,1.598927,2.3085e-01
dev-corpus-07,4616,30,1.605361e-04,30,30,0.617068,0.605866,1.2330e-01
dev-corpus-07,4617,248046,2.105954e-04,248046,248046,0.297093,0.304211,2.1436e-01
dev-corpus-07,4618,198,1.875606e-08,198,198,0.000036,0.000036,2.1602e-01
dev-corpus-07,4619,248045,1.186507e-10,248045,248045,0.000000,0.000000,3.7545e-01
dev-corpus-07,4620,74455,1.090886e-04,248045,248045,3.955198,4.009331,4.8128e-01
dev-corpus-07,4621,198,3.401137e-06,198,198,0.002163,0.002279,8.8913e-02
dev-corpus-07,4622,4699,2.243991e-08,248068,248068,21.274582,21.465031,2.4062e-01
dev-corpus-07,4623,24518,6.608374e-04,5753,5753,2.070801,2.093701,1.9690e-01
dev-corpus-07,4624,682,3.535122e-04,303,303,3.209999,3.189483,1.7609e-01
dev-corpus-07,4625,1330,4.869941e-04,1330,1330,0.448355,0.449401,2.2202e-01
dev-corpus-07,4626,12320,5.844107e-04,12320,12320,0.234546,0.221993,3.4364e-01
dev-corpus-07,4627,13,4.032302e-04,303,303,1.515635,1.505112,2.4301e-01
dev-corpus-07,4628,561,7.439480e-04,248046,248046,1.985702,2.003914,2.2457e-01
dev-corpus-07,4629,1118,1.463264e-04,1118,1118,0.251802,0.251260,1.8765e-01
dev-corpus-07,4630,6695,1.921561e-04,6695,6695,0.275855,0.271936,2.7302e-01
dev-corpus-07,4631,369,2.599605e-04,318,318,1.269384,1.268426,1.8449e-01
dev-corpus-07,4632,364,1.062359e-04,364,364,0.321907,0.324638,2.5644e-01
dev-corpus-07,4633,264,1.743947e-04,264,264,0.176092,0.169318,3.6065e-01
dev-corpus-07,4634,2050,2.652988e-03,8871,8871,1.992852,2.030942,2.8959e-01
dev-corpus-07,4635,62455,8.322065e-05,8871,8871,7.728329,7.711675,2.3021e-01
dev-corpus-07,4636,8871,1.604356e-04,8871,8871,0.121983,0.122466,1.6321e-01
dev-corpus-07,4637,13,5.440438e-04,11,11,2.031966,2.032269,2.2075e-01
dev-corpus-07,4638,561,4.496883e-04,561,561,0.465522,0.462038,2.4923e-01
dev-corpus-07,4639,8871,3.262541e-04,2018,2018,4.487501,4.375238,2.7494e-01
dev-corpus-07,4640,440,3.196699e-04,440,440,0.477788,0.494536,2.0232e-01
dev-corpus-07,4641,279,7.813203e-05,279,279,0.057001,0.058838,1.3139e-01
dev-corpus-07,4642,8410,2.280715e-05,1379,1379,9.012630,8.966410,1.7315e-01
dev-corpus-07,4643,8421,1.058423e-04,8421,8421,0.208740,0.210748,1.9884e-01
dev-corpus-07,4644,20539,4.154240e-04,14387,14387,4.592929,4.555164,1.6257e-01
dev-corpus-07,4645,264,8.024021e-04,279,279,2.225508,2.276309,2.4346e-01
dev-corpus-07,4646,18739,1.152212e-03,10407,10407,4.935347,5.116601,3.5218e-01
dev-corpus-07,4647,10407,7.181335e-03,10407,10407,0.326462,0.267383,3.4788e-01
dev-corpus-07,4648,303,1.100359e-04,303,303,0.519908,0.512875,2.5234e-01
dev-corpus-07,4649,20481,2.480332e-04,279,279,1.105499,1.078335,1.6251e-01
dev-corpus-07,4650,13,7.707951e-05,13,13,0.214803,0.214882,1.9275e-01
dev-corpus-07,4651,561,3.804118e-04,561,561,0.495114,0.507864,2.1210e-01
dev-corpus-07,4652,2018,4.831158e-05,2018,2018,0.053718,0.053650,2.0998e-01
dev-corpus-07,4653,6695,1.439297e-05,6695,6695,0.011066,0.010987,2.0649e-01
dev-corpus-07,4654,369,4.725783e-04,369,369,0.148890,0.159177,2.4576e-01
dev-corpus-07,4655,364,6.303469e-04,364,364,0.290885,0.306960,1.6239e-01
dev-corpus-07,4656,264,3.778095e-05,264,264,0.229483,0.232286,2.2203e-01
dev-corpus-07,4657,4464,5.401995e-05,4464,4464,0.744169,0.746341,1.7972e-01
dev-corpus-07,4658,579,1.490169e-04,1103,1103,5.548564,5.616719,1.3856e-01
dev-corpus-07,4659,1103,6.332942e-04,1103,1103,1.039848,1.052411,2.2359e-01
dev-corpus-07,4660,314,8.819880e-04,314,314,0.657811,0.620987,3.5409e-01
dev-corpus-07,4661,10853,9.459709e-05,10853,10853,0.027234,0.028026,2.2430e-01
dev-corpus-07,4662,11,1.427257e-04,13,13,2.259913,2.284930,2.2153e-01
dev-corpus-07,4663,864,4.082011e-04,864,864,0.767168,0.774251,2.0436e-01
dev-corpus-07,4664,16298,4.133599e-04,25721,25721,7.428031,7.281943,1.9195e-01
dev-corpus-07,4665,506,1.621410e-03,310,310,3.725607,3.648971,3.2090e-01
dev-corpus-07,4666,279,1.004901e-04,279,279,0.174874,0.179379,2.4022e-01
dev-corpus-07,4667,1528,4.124275e-04,1528,1528,0.435096,0.436041,1.6947e-01
dev-corpus-07,4668,2119,6.751703e-04,2119,2119,0.336810,0.354544,1.6831e-01
dev-corpus-07,4669,13,1.567974e-04,13,13,0.167073,0.166456,2.5094e-01
dev-corpus-07,4670,561,2.930847e-04,561,561,1.285022,1.274375,1.8825e-01
dev-corpus-07,4671,2018,4.607786e-02,4464,4464,1.955751,2.090991,1.5700e+00
dev-corpus-07,4672,6695,1.615459e-04,6695,6695,0.009672,0.009291,6.7889e-01
dev-corpus-07,4673,25721,1.795714e-03,25721,25721,0.494939,0.460860,3.1146e-01
dev-corpus-07,4674,279,7.788588e-04,279,279,0.270008,0.290710,2.5399e-01
dev-corpus-07,4675,7830,7.068801e-04,7830,7830,0.965601,0.941195,2.6887e-01
dev-corpus-07,4676,52351,2.473559e-04,17498,17498,5.756933,5.738950,2.0648e-01
dev-corpus-07,4677,4464,4.174208e-04,12669,12669,5.764814,5.758138,2.1380e-01
dev-corpus-07,4678,12669,5.580248e-04,12669,12669,1.068549,1.081218,2.5506e-01
dev-corpus-07,4679,303,9.459437e-04,303,303,0.770682,0.741739,2.6952e-01
dev-corpus-07,4680,279,2.575610e-04,20481,20481,1.520622,1.488450,2.1751e-01
dev-corpus-07,4681,20481,5.044256e-04,28641,28641,3.379473,3.505308,3.8511e-01
dev-corpus-07,4682,13,1.005481e-03,13,13,0.383569,0.385648,2.9511e-01
dev-corpus-07,4683,5875,5.742404e-04,248046,248046,9.710749,9.742422,4.3338e-01
dev-corpus-07,4684,20032,1.482002e-02,20032,20032,0.642677,0.786268,3.7389e-01
dev-corpus-07,4685,15833,1.227151e-04,321,321,1.852853,1.854758,3.4196e-01
dev-corpus-07,4686,2493,5.942279e-03,321,321,6.087691,6.057902,5.0114e-01
dev-corpus-07,4687,381,9.383421e-04,11822,11822,1.795050,1.721086,2.6627e-01
dev-corpus-07,4688,3568,2.486712e-02,4221,11822,3.172463,3.000611,7.9125e-01
dev-corpus-07,4689,310,9.934022e-04,413,413,1.282327,1.215113,2.5728e-01
dev-corpus-07,4690,25705,1.932238e-03,5790,5790,5.638604,5.623749,2.7743e-01
dev-corpus-07,4691,279,8.397412e-04,279,279,0.687385,0.681446,2.4222e-01
dev-corpus-07,4692,2050,3.145208e-03,52351,52351,2.589021,2.716000,2.7533e-01
dev-corpus-07,4693,72401,4.576375e-04,72401,72401,0.765552,0.758906,2.1218e-01
dev-corpus-07,4694,494,4.765591e-04,11,11,4.795426,4.808268,2.6733e-01
dev-corpus-07,4695,279,6.598392e-04,279,279,0.177562,0.183998,2.6692e-01
dev-corpus-07,4696,1118,6.776443e-04,1118,1118,0.099975,0.109566,5.0260e-01
dev-corpus-07,4697,6695,4.405396e-05,6695,6695,0.028981,0.028503,2.6074e-01
dev-corpus-07,4698,13,2.383362e-04,11,11,0.842150,0.852102,2.6754e-01
dev-corpus-07,4699,248046,4.878532e-03,1946,1946,2.494582,2.548623,6.6093e-01
dev-corpus-07,4700,198,5.230063e-07,198,198,0.000453,0.000475,3.4245e-01
dev-corpus-07,4701,248045,5.947132e-06,248045,248045,0.000412,0.000482,2.4968e-01
dev-corpus-07,4702,846,1.169173e-05,846,846,0.000899,0.001026,4.0528e-01
dev-corpus-07,4703,198,5.611646e-06,198,198,0.021017,0.021508,1.9560e-01
dev-corpus-07,4704,3710,4.358242e-04,3710,3710,1.543601,1.541966,1.9516e-01
dev-corpus-07,4705,369,3.223406e-04,369,369,0.915041,0.912095,1.3310e-01
dev-corpus-07,4706,279,2.251604e-04,279,279,0.418878,0.420186,2.5584e-01
dev-corpus-07,4707,1786,6.328395e-04,6463,6463,5.499070,5.455813,2.7265e-01
dev-corpus-07,4708,3602,4.962243e-04,1560,1560,8.038094,8.023219,1.6630e-01
dev-corpus-07,4709,364,3.957911e-05,364,364,0.591705,0.594117,1.2887e-01
dev-corpus-07,4710,264,1.814092e-04,264,264,0.648081,0.650068,1.4942e-01
dev-corpus-07,4711,2902,4.368514e-04,491,491,5.367446,5.361658,1.3234e-01
dev-corpus-07,4712,19548,3.142888e-04,19548,19548,1.267953,1.284251,1.4251e-01
dev-corpus-07,4713,303,2.133522e-04,303,303,0.993952,0.971926,1.3303e-01
dev-corpus-07,4714,17942,3.146221e-04,9564,9564,7.729983,7.720613,1.2120e-01
dev-corpus-07,4715,4357,5.832694e-04,36291,36291,1.520955,1.537418,1.1769e-01
dev-corpus-07,4716,30,1.655150e-04,30,30,0.542359,0.547435,1.4042e-01
dev-corpus-07,4717,248046,1.622214e-05,248046,248046,0.019269,0.018877,2.3666e-01
dev-corpus-07,4718,198,1.074099e-07,198,198,0.000033,0.000031,2.4061e-01
dev-corpus-07,4719,248045,1.660629e-08,248045,248045,0.000002,0.000002,2.5133e-01
dev-corpus-07,4720,74455,2.589346e-03,248045,248045,1.039920,1.052656,2.8810e-01
dev-corpus-07,4721,198,4.849925e-05,198,198,0.014816,0.013684,3.4340e-01
dev-corpus-07,4722,760,6.669382e-10,248068,248068,21.019028,21.114609,2.4510e-01
dev-corpus-07,4723,1786,4.460600e-04,1786,1786,0.572197,0.570869,2.3521e-01
dev-corpus-07,4724,3602,6.277914e-05,3602,3602,0.058250,0.059079,1.2798e-01
dev-corpus-07,4725,13402,3.173420e-04,364,364,1.052746,1.079667,1.1837e-01
dev-corpus-07,4726,383,8.029613e-05,383,383,0.275549,0.273035,1.4357e-01
dev-corpus-07,4727,3714,1.334175e-04,678,678,7.121269,7.219982,1.5910e-01
dev-corpus-07,4728,33999,1.220254e-04,18738,18738,5.051193,5.030099,1.4897e-01
dev-corpus-07,4729,321,4.726088e-05,11,11,1.128289,1.120480,1.6739e-01
dev-corpus-07,4730,18738,3.168154e-04,18738,18738,1.223911,1.228024,1.4079e-01
dev-corpus-07,4731,13,5.316207e-05,13,13,0.309675,0.312817,1.7845e-01
dev-corpus-07,4732,18050,7.998116e-04,248046,248046,8.893560,8.878525,2.0386e-01
dev-corpus-07,4733,2381,2.760321e-04,12,12,1.593117,1.604610,1.9797e-01
dev-corpus-07,4734,264,1.351252e-04,8259,8259,2.098434,2.095619,1.6198e-01
dev-corpus-07,4735,19548,4.610257e-04,2972,2972,7.297484,7.279945,1.5713e-01
dev-corpus-07,4736,303,5.976992e-04,10419,10419,3.569645,3.537974,1.5300e-01
dev-corpus-07,4737,264,5.569262e-04,17942,17942,4.460449,4.552857,2.0398e-01
dev-corpus-07,4738,3177,7.021144e-04,2972,2972,2.478489,2.490270,1.3072e-01
dev-corpus-07,4739,11,3.076983e-04,11,11,0.955106,0.946504,1.8104e-01
dev-corpus-07,4740,488,3.190115e-04,2972,2972,2.967349,2.976422,1.6764e-01
dev-corpus-07,4741,628,1.175614e-04,2493,2493,2.926696,2.899676,1.4154e-01
dev-corpus-07,4742,1357,3.457011e-04,2814,2814,6.784797,6.751919,1.5056e-01
dev-corpus-07,4743,9103,5.775383e-04,708,708,1.432779,1.405311,2.0064e-01
dev-corpus-07,4744,11751,1.092788e-04,2972,2972,1.699732,1.718809,1.3452e-01
dev-corpus-07,4745,13,3.476093e-04,11,11,1.592795,1.566136,1.4955e-01
dev-corpus-07,4746,220,7.552516e-05,1049,1049,4.917432,4.943251,1.3177e-01
dev-corpus-07,4747,2532,9.457471e-05,248046,248046,5.321547,5.390547,1.6334e-01
dev-corpus-07,4748,369,3.349432e-05,513,513,1.584451,1.582643,1.2317e-01
dev-corpus-07,4749,264,2.107029e-04,264,264,1.116977,1.105569,1.3579e-01
dev-corpus-07,4750,3349,4.598159e-04,248046,2609,5.045496,5.044087,1.2984e-01
dev-corpus-07,4751,2020,2.196415e-04,7792,7792,3.774051,3.824844,1.3863e-01
dev-corpus-07,4752,314,4.391472e-05,314,314,0.200681,0.196563,1.2089e-01
dev-corpus-07,4753,2420,3.227639e-04,248046,48874,8.134468,8.139019,1.4032e-01
dev-corpus-07,4754,33847,2.715474e-04,23568,248046,8.382342,8.337910,1.1771e-01
dev-corpus-07,4755,11,9.748952e-05,11,11,0.811348,0.818272,1.3625e-01
dev-corpus-07,4756,494,3.437296e-04,1880,1880,3.122764,3.116799,1.2368e-01
dev-corpus-07,4757,41729,3.296034e-04,8329,8329,4.988279,5.022164,1.4118e-01
dev-corpus-07,4758,74878,2.592474e-04,8329,8329,5.383841,5.430944,1.5003e-01
dev-corpus-07,4759,3508,9.907886e-05,3508,3508,0.239830,0.245832,2.1400e-01
dev-corpus-07,4760,321,3.314488e-05,310,310,4.364279,4.383565,1.7099e-01
dev-corpus-07,4761,71070,3.273569e-04,8329,8329,3.479024,3.473571,1.3675e-01
dev-corpus-07,4762,11,1.406799e-04,310,310,4.440963,4.403675,1.6616e-01
dev-corpus-07,4763,310,1.546814e-04,310,310,0.221934,0.225585,1.7572e-01
dev-corpus-07,4764,1546,1.466351e-04,226997,226997,4.761385,4.761959,1.2542e-01
dev-corpus-07,4765,11064,1.360829e-04,11064,11064,0.900461,0.886868,1.3816e-01
dev-corpus-07,4766,11,2.986770e-04,226997,226997,3.486862,3.488136,1.1318e-01
dev-corpus-07,4767,226997,3.339524e-04,226997,226997,0.768742,0.749898,1.2077e-01
dev-corpus-07,4768,56276,2.027873e-05,20054,20054,4.758233,4.739490,1.4870e-01
dev-corpus-07,4769,15099,1.999225e-04,15099,15099,0.255625,0.263330,1.3065e-01
dev-corpus-07,4770,13,7.641869e-05,13,13,0.140073,0.144220,1.7010e-01
dev-corpus-07,4771,220,1.843956e-04,220,220,0.986608,1.003146,1.3520e-01
dev-corpus-07,4772,1049,4.461987e-04,2532,2532,2.975183,2.970445,1.6221e-01
dev-corpus-07,4773,369,1.723243e-04,369,369,1.138117,1.123975,1.5666e-01
dev-corpus-07,4774,2503,2.036821e-04,1048,1048,6.801106,6.746788,1.5002e-01
dev-corpus-07,4775,310,1.933921e-05,310,310,0.215245,0.216161,1.7956e-01
dev-corpus-07,4776,615,3.680769e-04,1423,1423,3.654886,3.672559,1.6633e-01
dev-corpus-07,4777,264,6.279749e-04,264,264,1.611219,1.638112,1.7016e-01
dev-corpus-07,4778,3743,1.441342e-03,3743,3743,1.813705,1.803005,1.9326e-01
dev-corpus-07,4779,14704,6.601364e-05,14704,14704,0.110309,0.111610,1.4972e-01
dev-corpus-07,4780,303,2.267443e-04,303,303,0.775046,0.781103,1.6503e-01
dev-corpus-07,4781,11751,3.521086e-05,11751,11751,0.236961,0.236193,1.2640e-01
dev-corpus-07,4782,13,9.925603e-05,13,13,0.349270,0.349200,1.9243e-01
dev-corpus-07,4783,220,3.390268e-04,220,220,0.833502,0.841379,2.0384e-01
dev-corpus-07,4784,561,3.391908e-04,561,561,1.759632,1.741955,1.5062e-01
dev-corpus-07,4785,13529,1.788084e-04,3177,3177,7.691968,7.694309,1.5744e-01
dev-corpus-07,4786,62856,1.258499e-04,62856,62856,0.199250,0.193803,1.3729e-01
dev-corpus-07,4787,1048,1.149338e-04,369,369,6.592327,6.581252,1.3662e-01
dev-corpus-07,4788,369,3.477451e-04,248046,248046,3.238918,3.214580,1.2655e-01
dev-corpus-07,4789,15506,4.330708e-04,248046,248046,3.622375,3.597765,1.2118e-01
dev-corpus-07,4790,11,2.570849e-04,11,11,0.970624,0.957908,1.2908e-01
dev-corpus-07,4791,440,2.509628e-04,440,440,0.857715,0.852041,1.7248e-01
dev-corpus-07,4792,6278,3.450033e-04,279,279,8.286621,8.310285,1.4084e-01
dev-corpus-07,4793,17120,2.253419e-04,1880,1880,1.678933,1.676529,1.3544e-01
dev-corpus-07,4794,10539,1.684576e-04,321,321,5.787218,5.803888,1.2761e-01
dev-corpus-07,4795,440,6.322342e-06,440,440,0.117554,0.116611,1.6136e-01
dev-corpus-07,4796,11088,2.622875e-04,17496,17496,3.311071,3.314270,1.2534e-01
dev-corpus-07,4797,13976,2.487006e-04,248046,248046,4.162838,4.149353,1.4683e-01
dev-corpus-07,4798,11,6.252524e-05,13,13,2.528025,2.520795,1.3416e-01
dev-corpus-07,4799,321,1.026039e-03,321,321,1.935286,1.939663,2.5729e-01
dev-corpus-07,4800,1599,2.630074e-04,279,279,2.831192,2.805376,1.6766e-01
dev-corpus-07,4801,48874,3.225425e-04,48874,48874,1.378702,1.393317,1.1965e-01
dev-corpus-07,4802,310,3.114826e-04,13,13,4.443642,4.413361,1.6418e-01
dev-corpus-07,4803,4990,2.084646e-04,3814,3814,5.993780,5.988072,1.0169e-01
dev-corpus-07,4804,678,4.656847e-04,866,866,2.062915,2.032217,1.6231e-01
dev-corpus-07,4805,2756,2.800297e-04,854,854,2.135281,2.150503,1.8488e-01
dev-corpus-07,4806,13,3.008423e-04,13,13,0.290932,0.282460,1.8109e-01
dev-corpus-07,4807,23740,3.853270e-04,220,220,11.264592,11.356788,1.9496e-01
dev-corpus-07,4808,2094,1.491623e-04,2094,2094,0.334734,0.329488,1.5352e-01
dev-corpus-07,4809,11751,5.082517e-04,369,369,2.432090,2.461434,1.3119e-01
dev-corpus-07,4810,369,8.229863e-05,369,369,0.275772,0.273256,1.6964e-01
dev-corpus-07,4811,1546,2.130330e-04,3999,3999,2.530919,2.496061,1.4874e-01
dev-corpus-07,4812,3999,6.439235e-04,3999,3999,0.329949,0.315913,1.2174e-01
dev-corpus-07,4813,11,1.905816e-04,11,11,1.548861,1.557937,1.4027e-01
dev-corpus-07,4814,430,1.757027e-04,440,440,2.836889,2.843736,1.9609e-01
dev-corpus-07,4815,424,1.747059e-04,279,279,2.161055,2.149546,1.5018e-01
dev-corpus-07,4816,369,2.763406e-05,682,682,1.131981,1.128073,1.2637e-01
dev-corpus-07,4817,264,3.115388e-04,264,264,1.487203,1.492397,1.3405e-01
dev-corpus-07,4818,1546,5.226353e-04,1546,1546,1.732627,1.738053,1.6193e-01
dev-corpus-07,4819,4088,3.629297e-04,4088,4088,0.840834,0.847960,1.4629e-01
dev-corpus-07,4820,470,2.027335e-06,470,470,0.014806,0.014592,1.0840e-01
dev-corpus-07,4821,3177,2.218982e-05,3177,3177,0.164344,0.164683,1.4787e-01
dev-corpus-07,4822,321,1.083086e-04,13,13,1.983231,1.973530,1.4391e-01
dev-corpus-07,4823,1048,3.512727e-04,682,682,4.214504,4.151890,1.5651e-01
dev-corpus-07,4824,682,2.614879e-04,682,682,0.290143,0.302042,1.2702e-01
dev-corpus-07,4825,449,1.139439e-04,449,449,0.662008,0.671171,1.1217e-01
dev-corpus-07,4826,10727,2.349587e-04,15895,15895,1.791113,1.760365,1.3794e-01
dev-corpus-07,4827,321,1.930399e-04,32371,32371,3.517799,3.472187,1.1727e-01
dev-corpus-07,4828,11697,2.659133e-04,15895,15895,5.359775,5.369425,1.1802e-01
dev-corpus-07,4829,41729,1.817044e-04,11533,11533,1.960424,1.960225,1.4689e-01
dev-corpus-07,4830,569,1.134158e-04,32371,32371,1.290070,1.292231,1.2811e-01
dev-corpus-07,4831,17367,6.193477e-05,17367,17367,1.081743,1.077762,1.0044e-01
dev-corpus-07,4832,1785,8.819293e-05,1785,1785,0.337231,0.344255,1.0519e-01
dev-corpus-07,4833,13,1.045546e-05,13,13,0.114805,0.114686,1.4082e-01
dev-corpus-07,4834,18050,1.993062e-04,248046,248046,1.550934,1.546485,1.4410e-01
dev-corpus-07,4835,2381,4.156255e-04,2381,2381,0.876126,0.855392,1.7303e-01
dev-corpus-07,4836,264,1.519340e-04,264,264,0.490425,0.493769,1.4765e-01
dev-corpus-07,4837,21128,3.643116e-04,19548,19548,8.439815,8.461769,1.3582e-01
dev-corpus-07,4838,19548,8.548607e-05,19548,19548,0.241255,0.240030,1.1280e-01
dev-corpus-07,4839,11,7.473031e-05,11,11,0.107313,0.103739,1.6382e-01
dev-corpus-07,4840,11342,6.247296e-04,488,488,2.648275,2.665823,1.6425e-01
dev-corpus-07,4841,44153,7.450503e-04,44153,44153,1.111942,1.090657,1.6523e-01
dev-corpus-07,4842,369,9.163531e-05,303,303,0.982917,0.979284,1.8096e-01
dev-corpus-07,4843,10794,4.042044e-04,264,264,4.425298,4.478737,1.3097e-01
dev-corpus-07,4844,11,5.147538e-05,13,13,2.704545,2.703405,2.0021e-01
dev-corpus-07,4845,321,5.482106e-04,440,440,3.135499,3.119355,3.1710e-01
dev-corpus-07,4846,303,2.338030e-04,279,279,5.870191,5.894080,1.2517e-01
dev-corpus-07,4847,3820,6.580807e-04,279,279,2.744920,2.709627,1.6899e-01
dev-corpus-07,4848,17349,3.489763e-04,11,11,8.438347,8.389673,1.4721e-01
dev-corpus-07,4849,195337,2.720115e-04,195337,195337,0.148308,0.155912,2.0220e-01
dev-corpus-07,4850,11,3.862556e-04,13,13,2.171375,2.182711,1.4785e-01
dev-corpus-07,4851,864,1.307308e-03,279,279,1.860685,1.831882,3.6638e-01
dev-corpus-07,4852,369,1.147313e-04,369,369,0.407777,0.408376,1.2938e-01
dev-corpus-07,4853,13177,4.759317e-04,279,279,6.013817,6.051313,1.6289e-01
dev-corpus-07,4854,25519,6.768958e-05,6306,6306,1.107864,1.109603,1.0147e-01
dev-corpus-07,4855,430,5.315709e-05,430,430,0.066358,0.064023,1.2880e-01
dev-corpus-07,4856,279,1.852456e-04,279,279,0.396438,0.392788,2.5115e-01
dev-corpus-07,4857,4266,6.860277e-04,1379,1379,2.206715,2.228646,2.0131e-01
dev-corpus-07,4858,9945,3.370713e-05,9945,9945,0.007007,0.007647,1.3585e-01
dev-corpus-07,4859,467,2.850292e-04,467,467,0.032904,0.037464,1.9893e-01
dev-corpus-07,4860,13721,6.076083e-04,6092,6092,1.905251,1.893942,1.5662e-01
dev-corpus-07,4861,303,1.780502e-04,383,383,1.374727,1.375502,1.6959e-01
dev-corpus-07,4862,11342,1.887612e-04,14898,14898,4.117784,4.149042,1.6519e-01
dev-corpus-07,4863,44153,1.166783e-03,44153,44153,0.118148,0.136047,2.8724e-01
dev-corpus-07,4864,13,4.019532e-05,13,13,0.075775,0.076674,2.1632e-01
dev-corpus-07,4865,220,1.264883e-04,220,220,0.565970,0.556432,1.8618e-01
dev-corpus-07,4866,23740,3.370713e-04,17349,17349,7.676563,7.552823,1.9804e-01
dev-corpus-07,4867,310,6.939657e-04,2094,2094,1.429651,1.485142,2.7579e-01
dev-corpus-07,4868,17349,4.519819e-04,17349,17349,0.651911,0.676077,1.5165e-01
dev-corpus-07,4869,195337,7.181903e-05,195337,195337,0.076231,0.073005,1.5587e-01
dev-corpus-07,4870,369,8.011554e-04,369,369,0.973240,0.951286,3.0926e-01
dev-corpus-07,4871,13733,1.245934e-03,3999,3999,3.792547,3.776535,1.6633e-01
dev-corpus-07,4872,3999,2.968897e-04,3999,3999,0.604088,0.604854,1.5475e-01
dev-corpus-07,4873,11,1.566801e-04,11,11,1.184537,1.187140,1.2917e-01
dev-corpus-07,4874,430,6.246510e-04,430,430,1.814946,1.773859,2.5345e-01
dev-corpus-07,4875,424,2.516762e-04,424,424,0.811874,0.825042,1.5446e-01
dev-corpus-07,4876,725,9.420762e-05,369,369,3.907537,3.866965,1.8806e-01
dev-corpus-07,4877,3160,4.178622e-04,383,383,3.723407,3.733972,1.7659e-01
dev-corpus-07,4878,310,3.431328e-05,310,310,0.093135,0.092291,1.9968e-01
dev-corpus-07,4879,37473,8.271014e-04,279,279,1.025054,1.074498,2.3815e-01
dev-corpus-07,4880,13,1.267339e-04,13,13,1.111423,1.106392,1.7567e-01
dev-corpus-07,4881,220,1.629949e-03,220,220,0.768772,0.823092,2.6087e-01
dev-corpus-07,4882,561,2.374280e-04,561,561,1.094122,1.104620,1.7973e-01
dev-corpus-07,4883,3487,7.738658e-04,48544,48544,4.984456,4.998041,1.5693e-01
dev-corpus-07,4884,369,2.280771e-04,369,369,0.542093,0.531256,1.6725e-01
dev-corpus-07,4885,27517,1.877194e-04,8800,8800,7.328626,7.279052,1.6429e-01
dev-corpus-07,4886,31528,2.448908e-04,31528,31528,0.546283,0.559876,1.4424e-01
dev-corpus-07,4887,11,1.104273e-04,321,321,1.316216,1.298932,1.6374e-01
dev-corpus-07,4888,7643,7.467852e-04,321,321,6.801974,6.821303,6.3764e-01
dev-corpus-07,4889,424,5.136569e-04,424,424,1.792891,1.799095,1.5939e-01
dev-corpus-07,4890,725,4.234039e-04,369,369,1.976376,2.005939,1.7179e-01
dev-corpus-07,4891,8524,4.951449e-04,524,524,3.568000,3.582665,1.8308e-01
dev-corpus-07,4892,17631,2.712572e-04,777,777,9.241675,9.266527,1.3311e-01
dev-corpus-07,4893,14382,2.386670e-04,14382,14382,0.091488,0.094384,1.6269e-01
dev-corpus-07,4894,3487,4.549660e-04,33847,33847,3.466156,3.468276,2.1098e-01
dev-corpus-07,4895,318,3.287307e-04,11,11,3.352375,3.379778,1.5285e-01
dev-corpus-07,4896,4058,6.360422e-04,7949,7949,4.778464,4.814881,1.6330e-01
dev-corpus-07,4897,6973,4.065565e-04,264,264,8.619789,8.580255,1.6984e-01
dev-corpus-07,4898,2519,1.824454e-03,17531,17531,2.849519,2.851884,1.6759e-01
dev-corpus-07,4899,364,2.012776e-04,364,364,0.515744,0.522928,1.7976e-01
dev-corpus-07,4900,975,5.930576e-04,2397,2397,2.235487,2.272491,1.9125e-01
dev-corpus-07,4901,20891,4.330702e-04,29455,29455,5.552068,5.519697,1.2065e-01
dev-corpus-07,4902,3487,7.063428e-05,29455,29455,4.475684,4.477406,1.3245e-01
dev-corpus-07,4903,553,1.894783e-04,553,553,0.549390,0.545874,1.4864e-01
dev-corpus-07,4904,220,4.041254e-04,220,220,0.516693,0.535478,1.9864e-01
dev-corpus-07,4905,28901,2.766196e-04,561,561,7.446365,7.429783,1.5643e-01
dev-corpus-07,4906,2094,1.966328e-04,369,369,3.884417,3.873864,1.6839e-01
dev-corpus-07,4907,279,9.923409e-06,279,279,0.369607,0.368623,1.2012e-01
dev-corpus-07,4908,21128,2.002375e-04,21128,21128,0.160603,0.159995,5.4814e-01
dev-corpus-07,4909,369,1.725034e-04,369,369,0.272150,0.270067,2.0536e-01
dev-corpus-07,4910,16219,1.533052e-03,539,539,4.092213,4.016610,2.3791e-01
dev-corpus-07,4911,440,1.713962e-04,11,11,3.100757,3.066146,1.4271e-01
dev-corpus-07,4912,449,4.354195e-04,30592,30592,6.024302,6.072415,1.4428e-01
dev-corpus-07,4913,10727,3.964159e-04,10727,10727,0.547012,0.536819,1.8682e-01
dev-corpus-07,4914,49813,1.207325e-04,49813,49813,1.384326,1.392628,1.5297e-01
dev-corpus-07,4915,2393,1.892032e-04,1785,1785,2.826932,2.869711,1.3850e-01
dev-corpus-07,4916,383,2.340742e-04,13,13,6.732349,6.828164,1.4444e-01
dev-corpus-07,4917,11342,4.613402e-04,279,279,2.094002,2.068008,2.1858e-01
dev-corpus-07,4918,44153,4.240456e-04,44153,44153,0.182876,0.196149,1.4661e-01
dev-corpus-07,4919,11,6.815353e-05,13,13,2.298429,2.324966,2.2150e-01
dev-corpus-07,4920,7643,8.138328e-04,321,321,7.681226,7.797858,1.9617e-01
dev-corpus-07,4921,3583,2.506884e-04,424,424,3.089158,3.066805,1.4472e-01
dev-corpus-07,4922,1083,2.529264e-04,310,310,4.462475,4.455943,1.4724e-01
dev-corpus-07,4923,279,1.496278e-04,17349,17349,1.270654,1.260045,1.2751e-01
dev-corpus-07,4924,3714,5.517227e-04,13721,13721,6.169116,6.174599,1.9242e-01
dev-corpus-07,4925,31703,1.690802e-04,31703,31703,0.439095,0.448750,1.4213e-01
dev-corpus-07,4926,628,2.968830e-04,369,369,2.011521,2.016222,1.3153e-01
dev-corpus-07,4927,381,1.744888e-04,381,381,0.326127,0.319888,1.5278e-01
dev-corpus-07,4928,264,2.315156e-04,264,264,1.303858,1.299626,1.6340e-01
dev-corpus-07,4929,2612,7.418559e-05,2612,2612,0.384516,0.388724,1.2951e-01
dev-corpus-07,4930,16505,1.897840e-04,32343,32343,2.102494,2.099128,1.2645e-01
dev-corpus-07,4931,2574,1.759081e-04,13,13,7.483294,7.433290,1.3570e-01
dev-corpus-07,4932,279,1.137810e-04,279,279,0.284020,0.285126,1.6196e-01
dev-corpus-07,4933,33002,7.179651e-04,14590,14590,4.077252,4.091616,1.7694e-01
dev-corpus-07,4934,318,1.204372e-04,321,321,7.591392,7.581815,1.7778e-01
dev-corpus-07,4935,684,5.673338e-04,4387,4387,4.273970,4.278017,2.1186e-01
dev-corpus-07,4936,1660,2.232199e-04,488,488,4.192777,4.191726,1.3573e-01
dev-corpus-07,4937,310,2.131825e-04,310,310,0.487748,0.476066,1.5280e-01
dev-corpus-07,4938,4088,4.131789e-04,4088,4088,0.902530,0.916690,1.8060e-01
dev-corpus-07,4939,40984,4.618725e-04,264,264,7.983437,7.986552,1.5974e-01
dev-corpus-07,4940,220,1.293554e-04,248046,248046,1.506139,1.529511,1.8825e-01
dev-corpus-07,4941,8727,2.979679e-04,561,561,5.464878,5.482867,1.8114e-01
dev-corpus-07,4942,31703,3.883439e-04,8633,8633,5.554135,5.487295,1.6592e-01
dev-corpus-07,4943,3043,3.039066e-04,383,383,6.094615,6.089345,1.5755e-01
dev-corpus-07,4944,17349,2.516439e-04,17349,17349,0.772921,0.788151,1.3241e-01
dev-corpus-07,4945,195337,2.224563e-05,195337,195337,0.025190,0.024174,1.5689e-01
dev-corpus-07,4946,513,2.976214e-04,513,513,0.878125,0.868352,1.5003e-01
dev-corpus-07,4947,1048,6.250218e-04,1546,1546,2.512671,2.547072,1.6804e-01
dev-corpus-07,4948,1546,8.033463e-04,1546,1546,1.701726,1.701302,1.6398e-01
dev-corpus-07,4949,84492,1.800816e-04,58928,58928,5.622354,5.633653,1.1997e-01
dev-corpus-07,4950,11,3.651588e-05,321,321,1.997832,1.997886,1.2750e-01
dev-corpus-07,4951,321,2.868860e-04,321,321,1.584104,1.586640,1.4851e-01
dev-corpus-07,4952,2785,2.145095e-04,279,279,9.414251,9.420976,1.2748e-01
dev-corpus-07,4953,11107,3.266504e-04,264,264,1.252368,1.277033,1.5310e-01
dev-corpus-07,4954,5821,3.990531e-05,5821,5821,0.150646,0.152696,1.6877e-01
dev-corpus-07,4955,1317,2.934208e-04,314,314,9.766510,9.787278,2.0100e-01
dev-corpus-07,4956,488,2.797903e-04,1040,1040,2.822269,2.822469,1.5816e-01
dev-corpus-07,4957,4548,1.754274e-04,628,628,3.256002,3.261554,1.4793e-01
dev-corpus-07,4958,8231,2.972133e-04,1423,1423,3.884121,3.919594,1.2110e-01
dev-corpus-07,4959,615,3.592862e-04,1318,1318,3.434099,3.388493,1.2906e-01
dev-corpus-07,4960,1603,8.741496e-04,264,264,5.050369,5.033895,2.1106e-01
dev-corpus-07,4961,9856,5.413743e-04,6001,6001,4.683471,4.695339,1.5714e-01
dev-corpus-07,4962,2019,4.686343e-04,13,13,7.044414,7.138706,2.0438e-01
dev-corpus-07,4963,494,1.742619e-03,685,685,1.953212,2.000454,1.8426e-01
dev-corpus-07,4964,13721,4.144441e-04,248046,248046,1.493054,1.501326,1.8950e-01
dev-corpus-07,4965,310,3.135417e-05,310,310,0.089959,0.087633,1.4957e-01
dev-corpus-07,4966,13721,1.553908e-05,13721,13721,0.168727,0.170844,1.5288e-01
dev-corpus-07,4967,13,1.555902e-04,13,13,0.284074,0.283367,1.8918e-01
dev-corpus-07,4968,271,5.039464e-05,248046,248046,3.143736,3.160256,2.6503e-01
dev-corpus-07,4969,2381,1.182771e-03,2381,2381,1.256894,1.268337,2.9907e-01
dev-corpus-07,4970,264,2.939957e-04,264,264,0.279890,0.287421,1.6676e-01
dev-corpus-07,4971,89579,5.900875e-04,10994,10994,4.431583,4.440346,1.4931e-01
dev-corpus-07,4972,19548,7.328379e-05,19548,19548,0.217098,0.220329,1.3024e-01
dev-corpus-07,4973,11,5.210937e-05,11,11,0.078901,0.076620,1.8302e-01
dev-corpus-07,4974,16592,3.916387e-04,279,279,7.637482,7.601036,1.6475e-01
dev-corpus-07,4975,38089,8.188376e-05,38089,38089,0.051420,0.052402,2.2229e-01
dev-corpus-07,4976,20832,1.951138e-05,20832,20832,0.014253,0.013629,2.5073e-01
dev-corpus-07,4977,369,4.739847e-04,369,369,0.714631,0.741548,1.5466e-01
dev-corpus-07,4978,264,3.003951e-04,264,264,0.836533,0.818091,1.4996e-01
dev-corpus-07,4979,2172,3.318653e-04,19245,19245,1.924438,1.911981,2.6471e-01
dev-corpus-07,4980,5576,1.621857e-04,5576,5576,0.729905,0.713853,1.3039e-01
dev-corpus-07,4981,13,1.672422e-04,13,13,0.369053,0.380012,1.3160e-01
dev-corpus-07,4982,220,1.380428e-04,220,220,0.265081,0.269365,1.4886e-01
dev-corpus-07,4983,1049,2.160103e-04,561,561,1.949756,1.952536,3.1998e-01
dev-corpus-07,4984,725,1.012311e-03,369,369,1.500111,1.464616,7.9451e-01
dev-corpus-07,4985,524,5.207211e-04,264,264,3.678867,3.689981,1.7603e-01
dev-corpus-07,4986,748,2.946601e-04,2944,2944,6.595537,6.569537,1.5944e-01
dev-corpus-07,4987,16219,6.807879e-04,2944,2944,6.242355,6.209292,1.9050e-01
dev-corpus-07,4988,310,2.593473e-04,310,310,0.731589,0.729626,1.6328e-01
dev-corpus-07,4989,615,3.569660e-04,615,615,0.439641,0.424897,1.7408e-01
dev-corpus-07,4990,1017,3.979026e-04,310,310,2.228289,2.260770,1.4499e-01
dev-corpus-07,4991,494,3.129530e-04,11,11,2.319546,2.283482,1.3819e-01
dev-corpus-07,4992,279,1.472377e-03,279,279,1.724505,1.775860,1.7274e-01
dev-corpus-07,4993,3516,1.086291e-03,6222,6222,3.395306,3.435214,1.7421e-01
dev-corpus-07,4994,4042,7.315504e-05,4042,4042,0.125058,0.129353,1.2072e-01
dev-corpus-07,4995,11,4.552366e-04,11,11,0.686638,0.691385,1.7449e-01
dev-corpus-07,4996,5142,3.764369e-04,694,694,6.940522,6.835483,2.5482e-01
dev-corpus-07,4997,364,7.843622e-04,413,413,2.657527,2.621062,1.3948e-01
dev-corpus-07,4998,1782,4.155164e-04,264,264,2.669760,2.660385,1.9199e-01
dev-corpus-07,4999,303,7.862040e-04,852,852,3.347993,3.276742,1.4637e-01
dev-corpus-07,5000,279,1.959761e-04,279,279,0.376007,0.375524,1.4169e-01
dev-corpus-07,5001,17942,1.903965e-03,6127,6127,2.522866,2.573354,3.2973e-01
dev-corpus-07,5002,3516,6.191460e-04,2201,2201,2.232295,2.205970,2.1550e-01
dev-corpus-07,5003,4042,3.226541e-05,4042,4042,0.174293,0.170963,1.3745e-01
dev-corpus-07,5004,2394,1.860068e-04,11,11,7.216464,7.217100,2.3737e-01
dev-corpus-07,5005,1017,7.307552e-05,488,488,1.850512,1.853628,1.2197e-01
dev-corpus-07,5006,513,1.315433e-04,513,513,0.110442,0.105448,2.9076e-01
dev-corpus-07,5007,874,4.307083e-04,874,874,0.379938,0.362331,1.5017e-01
dev-corpus-07,5008,2050,5.679172e-05,2050,2050,0.131908,0.133815,1.3276e-01
dev-corpus-07,5009,24118,7.901162e-05,24118,24118,0.076689,0.078691,1.3387e-01
dev-corpus-07,5010,13,1.958222e-04,13,13,1.051953,1.070239,1.6474e-01
dev-corpus-07,5011,220,6.739808e-05,220,220,0.384489,0.389839,2.3376e-01
dev-corpus-07,5012,4213,1.293580e-02,248046,248046,2.319830,2.539938,6.2421e-01
dev-corpus-07,5013,11,2.774251e-06,11,11,0.026484,0.026492,1.7780e-01
dev-corpus-07,5014,424,9.325077e-04,424,424,1.930832,1.953595,3.2304e-01
dev-corpus-07,5015,725,4.675690e-04,369,369,1.287734,1.304417,3.4747e-01
dev-corpus-07,5016,1575,7.403139e-04,264,264,4.610228,4.610871,1.7333e-01
dev-corpus-07,5017,5621,2.487768e-03,5621,69736,1.318750,1.433330,2.3370e-01
dev-corpus-07,5018,279,1.932387e-04,279,279,0.172271,0.165631,1.5593e-01
dev-corpus-07,5019,8151,4.555143e-04,4879,4879,1.469127,1.468076,1.8406e-01
dev-corpus-07,5020,13,2.230901e-04,13,13,0.617936,0.634854,1.7207e-01
dev-corpus-07,5021,220,4.361441e-05,220,220,0.202037,0.204420,1.2349e-01
dev-corpus-07,5022,1061,2.653605e-03,561,561,5.154812,5.093774,1.4624e+00
dev-corpus-07,5023,288,8.830849e-04,369,369,11.038628,11.085580,2.8354e-01
dev-corpus-07,5024,4583,9.675327e-06,4583,4583,0.020282,0.020761,2.0569e-01
dev-corpus-07,5025,3177,6.008890e-05,3177,3177,0.069166,0.070554,1.4780e-01
dev-corpus-07,5026,369,2.095083e-04,369,369,1.004054,1.002957,1.6141e-01
dev-corpus-07,5027,16047,6.928384e-04,1546,1546,10.390341,10.462621,1.6079e-01
dev-corpus-07,5028,24304,4.317580e-05,1676,1676,3.892410,3.870305,1.5878e-01
dev-corpus-07,5029,6037,1.306313e-03,391,391,4.806401,4.837751,1.6387e-01
dev-corpus-07,5030,13,6.813476e-05,11,11,1.323894,1.319317,1.5546e-01
dev-corpus-07,5031,220,4.493841e-05,220,220,0.217275,0.218947,1.9359e-01
dev-corpus-07,5032,561,2.875427e-02,248046,248046,1.564413,1.718810,2.4477e+00
dev-corpus-07,5033,1208,5.160399e-04,3487,3487,5.080761,5.102764,2.2989e-01
dev-corpus-07,5034,513,2.182478e-04,513,513,0.162137,0.158006,1.6036e-01
dev-corpus-07,5035,4082,4.223339e-04,1546,1546,10.909444,10.915685,1.1686e-01
dev-corpus-07,5036,279,1.921259e-05,279,279,0.057446,0.056250,2.0938e-01
dev-corpus-07,5037,4099,9.442894e-03,248046,1379,8.268271,7.556575,8.5712e-01
dev-corpus-07,5038,22416,4.571598e-06,22416,22416,0.005860,0.005766,1.4879e-01
dev-corpus-07,5039,303,3.201041e-04,303,303,1.256165,1.242686,2.4190e-01
dev-corpus-07,5040,4357,9.764473e-05,279,279,1.272649,1.265783,2.7948e-01
dev-corpus-07,5041,13,1.237585e-04,13,13,0.612566,0.602824,2.0968e-01
dev-corpus-07,5042,220,6.063109e-05,220,220,0.525408,0.525550,2.9899e-01
dev-corpus-07,5043,561,1.800950e-03,248046,248046,3.296462,3.328771,6.1870e-01
dev-corpus-07,5044,3487,2.457943e-04,3487,3487,0.512985,0.512083,2.1342e-01
dev-corpus-07,5045,369,5.799049e-05,369,369,0.110860,0.111800,1.7367e-01
dev-corpus-07,5046,13733,1.754022e-04,8800,8800,6.907112,6.921562,2.1434e-01
dev-corpus-07,5047,41729,6.606632e-04,1603,1603,2.314599,2.346808,1.4599e-01
dev-corpus-07,5048,321,2.534309e-04,11,11,1.533252,1.529702,1.7521e-01
dev-corpus-07,5049,17387,5.298789e-04,279,279,2.301155,2.312723,1.8774e-01
dev-corpus-07,5050,11,1.087691e-04,13,13,1.611867,1.600408,1.8305e-01
dev-corpus-07,5051,440,4.020533e-04,248046,248046,4.631151,4.679959,2.5338e-01
dev-corpus-07,5052,264,1.934793e-04,264,264,1.420464,1.418006,1.6217e-01
dev-corpus-07,5053,2609,4.512706e-04,6311,6311,2.544492,2.537503,1.6194e-01
dev-corpus-07,5054,314,8.881396e-06,314,314,0.038314,0.038554,1.5660e-01
dev-corpus-07,5055,50549,7.589527e-04,50549,50549,0.765320,0.741426,1.6069e-01
dev-corpus-07,5056,2519,1.272869e-04,2519,2519,0.793135,0.800360,1.6607e-01
dev-corpus-07,5057,13,6.932315e-05,13,13,0.241395,0.241291,1.8587e-01
dev-corpus-07,5058,220,2.539265e-04,220,220,0.776580,0.791629,2.9603e-01
dev-corpus-07,5059,1541,7.693206e-03,248046,561,5.300379,5.273004,1.2781e+00
dev-corpus-07,5060,1010,2.736675e-04,279,279,8.759362,8.773444,1.5427e-01
dev-corpus-07,5061,15099,2.250686e-04,314,314,5.134431,5.136766,1.5394e-01
dev-corpus-07,5062,513,2.997275e-04,599,599,2.011122,2.003008,1.5557e-01
dev-corpus-07,5063,15433,4.474012e-04,1724,1724,6.922664,6.965416,1.6853e-01
dev-corpus-07,5064,791,5.997472e-04,383,383,5.035915,5.045476,1.6261e-01
dev-corpus-07,5065,2320,2.014775e-06,2320,2320,0.002799,0.002709,1.5763e-01
dev-corpus-07,5066,974,2.050248e-04,383,383,6.591525,6.697510,1.4629e-01
dev-corpus-07,5067,314,5.049547e-05,279,279,3.544014,3.512541,2.1315e-01
dev-corpus-07,5068,264,2.123733e-04,279,279,3.067464,3.052294,1.6364e-01
dev-corpus-07,5069,41586,4.500573e-04,41586,41586,0.259579,0.268398,2.2083e-01
dev-corpus-07,5070,11,2.240711e-04,50471,50471,1.634004,1.622531,1.4293e-01
dev-corpus-07,5071,748,8.863241e-04,9708,9708,4.971177,4.885167,2.1704e-01
dev-corpus-07,5072,279,2.212323e-04,488,488,2.291952,2.312878,1.4396e-01
dev-corpus-07,5073,6001,1.564249e-04,6001,6001,0.686667,0.683071,1.4963e-01
dev-corpus-07,5074,513,2.340832e-04,513,513,0.321971,0.325688,1.4327e-01
dev-corpus-07,5075,14612,1.077670e-04,14612,7648,1.649052,1.661756,1.0073e-01
dev-corpus-07,5076,13,4.856355e-05,13,13,0.112349,0.114402,1.3260e-01
dev-corpus-07,5077,95641,8.746701e-04,248046,248046,16.082088,16.215990,6.0271e-01
dev-corpus-07,5078,30581,7.187483e-04,33847,33847,12.342775,12.319005,1.6814e-01
dev-corpus-07,5079,501,1.539107e-03,13383,13383,8.270043,8.197787,2.1892e-01
dev-corpus-07,5080,22834,2.535910e-04,22834,22834,0.027496,0.030502,2.2668e-01
dev-corpus-07,5081,321,1.024910e-03,513,513,1.856112,1.839248,1.9308e-01
dev-corpus-07,5082,81141,2.408830e-03,31054,31054,6.881232,6.831168,2.3929e-01
dev-corpus-07,5083,513,3.366397e-04,513,513,0.423470,0.429428,2.1249e-01
dev-corpus-07,5084,14201,3.915354e-04,264,264,6.085295,6.026156,1.7243e-01
dev-corpus-07,5085,11,6.778351e-04,13,13,2.114744,2.116522,1.9873e-01
dev-corpus-07,5086,321,2.802179e-03,248046,248046,1.150957,1.135070,5.1195e-01
dev-corpus-07,5087,264,4.202556e-04,279,279,4.181673,4.249102,1.9357e-01
dev-corpus-07,5088,34684,5.481408e-04,1902,1902,4.532900,4.513032,2.1913e-01
dev-corpus-07,5089,314,5.587569e-04,314,314,0.639451,0.638729,1.6083e-01
dev-corpus-07,5090,279,1.471291e-04,279,279,0.266027,0.259196,1.9090e-01
dev-corpus-07,5091,5364,7.355342e-04,5364,5364,0.511809,0.513254,2.8200e-01
dev-corpus-07,5092,13,6.356990e-05,13,13,0.136913,0.133830,1.5701e-01
dev-corpus-07,5093,220,2.704350e-04,248046,248046,1.280868,1.253745,3.3181e-01
dev-corpus-07,5094,2532,1.363141e-03,561,561,3.729170,3.815830,2.3765e-01
dev-corpus-07,5095,1048,1.320846e-03,513,513,7.506780,7.575226,7.0382e-01
dev-corpus-07,5096,369,1.886775e-04,513,513,1.542281,1.559494,1.6346e-01
dev-corpus-07,5097,6037,9.069052e-05,264,264,7.229877,7.170156,1.9347e-01
dev-corpus-07,5098,79812,1.040770e-03,77094,77094,8.766248,8.859999,2.0163e-01
dev-corpus-07,5099,13,2.628541e-04,321,321,1.911431,1.924814,1.4608e-01
dev-corpus-07,5100,248046,6.615182e-04,248046,248046,0.450555,0.460143,4.4290e-01
dev-corpus-07,5101,198,2.349855e-08,198,198,0.000079,0.000081,2.7079e-01
dev-corpus-07,5102,248045,1.570028e-08,248045,248045,0.000221,0.000221,2.5068e-01
dev-corpus-07,5103,846,3.437802e-03,74455,74455,1.968531,1.772774,4.1745e-01
dev-corpus-07,5104,198,2.591182e-06,198,198,0.191747,0.190718,2.4250e-01
dev-corpus-07,5105,9930,2.845066e-04,3710,3710,3.583624,3.577581,1.8591e-01
dev-corpus-07,5106,369,1.094714e-04,369,369,1.125913,1.130993,1.2324e-01
dev-corpus-07,5107,424,1.334602e-04,279,279,2.245353,2.248714,1.0266e-01
dev-corpus-07,5108,2894,1.115337e-03,2503,2503,2.305018,2.248660,2.2217e-01
dev-corpus-07,5109,310,3.276965e-05,310,310,0.362067,0.365124,1.1780e-01
dev-corpus-07,5110,15166,2.730972e-04,599,599,7.794445,7.798481,1.0651e-01
dev-corpus-07,5111,321,8.106096e-05,678,678,4.831378,4.847978,1.9763e-01
dev-corpus-07,5112,281,4.129769e-05,281,281,0.045945,0.047463,1.5059e-01
dev-corpus-07,5113,9100,2.472724e-06,9100,9100,0.000773,0.000716,1.6246e-01
dev-corpus-07,5114,678,4.040820e-04,678,678,0.840976,0.848933,1.5000e-01
dev-corpus-07,5115,17299,8.885726e-06,17299,17299,0.012751,0.013082,1.2312e-01
dev-corpus-07,5116,17248,6.834577e-04,30,30,5.981331,5.917017,1.3215e-01
dev-corpus-07,5117,30,2.882573e-05,30,30,0.078756,0.080355,1.4829e-01
dev-corpus-07,5118,248046,3.066315e-05,248046,248046,0.033674,0.033014,1.6749e-01
dev-corpus-07,5119,198,5.808200e-08,198,198,0.000039,0.000041,1.9235e-01
