0.00.063.298 I srv  llama_server: initializing ...
0.00.063.306 I cmn  common_param: common_params_print_info: verbosity = 3 (adjust with the `-lv N` CLI arg)
0.00.063.406 W srv  llama_server: security: no API key is set and CORS allows all origins (see https://github.com/ggml-org/llama.cpp/pull/25655)
0.00.075.374 I srv    load_model: loading model 'H:\python-projects\Fast llama\models\Qwen3.5-9B-Q4_K_M.gguf'
0.03.257.477 I cmn          init: llama threadpool init, n_threads = 6
----------------
Vulkan Timings:
ADD: 88 x 3.31 us = 291.28 us
CONCAT: 24 x 3.795 us = 91.08 us
CONT: 8 x 2.35 us = 18.8 us
CPY: 120 x 4.374 us = 524.96 us
FLASH_ATTN_EXT dst(256,16,2,1),  q(256,2,16,1),  k(256,256,4,1),  v(256,256,4,1),  m(256,2,1,1): 8 x 134.281 us = 1074.25 us (62.4704 GFLOPS/s)
GATED_DELTA_NET: 24 x 11.905 us = 285.72 us
GET_ROWS: 49 x 4.433 us = 217.24 us
GLU: 32 x 2.58 us = 82.56 us
MUL: 24 x 3.426 us = 82.24 us
MUL_MAT_VEC q4_K m=1024 n=2 k=4096: 11 x 5.832 us = 64.16 us (2876.04 GFLOPS/s)
MUL_MAT_VEC q4_K m=12288 n=2 k=4096: 64 x 67.145 us = 4297.28 us (2998.02 GFLOPS/s)
MUL_MAT_VEC q4_K m=4096 n=2 k=12288: 16 x 101.395 us = 1622.32 us (1985.49 GFLOPS/s)
MUL_MAT_VEC q4_K m=4096 n=2 k=4096: 32 x 23.748 us = 759.96 us (2825.44 GFLOPS/s)
MUL_MAT_VEC q4_K m=8192 n=2 k=4096: 8 x 38.47 us = 307.76 us (3488.47 GFLOPS/s)
MUL_MAT_VEC q5_K m=4096 n=2 k=4096: 24 x 31.635 us = 759.24 us (2121.09 GFLOPS/s)
MUL_MAT_VEC q5_K m=8192 n=2 k=4096: 24 x 265.072 us = 6361.73 us (506.282 GFLOPS/s)
MUL_MAT_VEC q6_K m=1024 n=2 k=4096: 5 x 9.992 us = 49.96 us (1678.86 GFLOPS/s)
MUL_MAT_VEC q6_K m=248320 n=1 k=4096: 1 x 1407.92 us = 1407.92 us (1444.68 GFLOPS/s)
MUL_MAT_VEC q6_K m=4096 n=2 k=12288: 16 x 97.47 us = 1559.52 us (2065.44 GFLOPS/s)
MUL_MAT_VEC q8_0 m=32 n=2 k=4096: 48 x 3.572 us = 171.48 us (146.739 GFLOPS/s)
RMS_NORM(128,16,2,1): 48 x 3.334 us = 160.04 us
RMS_NORM_MUL RMS_NORM(128,32,2,1): 24 x 4.963 us = 119.12 us
RMS_NORM_MUL RMS_NORM(256,16,2,1): 8 x 3.735 us = 29.88 us
RMS_NORM_MUL RMS_NORM(256,4,2,1): 8 x 2.84 us = 22.72 us
RMS_NORM_MUL RMS_NORM(4096,2,1,1): 65 x 6.102 us = 396.68 us
ROPE: 8 x 4.005 us = 32.04 us
ROPE_VIEW_SET_ROWS ROPE: 8 x 4.565 us = 36.52 us
SCALE: 96 x 5.917 us = 568.04 us
SET_ROWS: 8 x 2.54 us = 20.32 us
SIGMOID: 24 x 2.581 us = 61.96 us
SIGMOID_MUL SIGMOID: 8 x 3.91 us = 31.28 us
SILU: 24 x 1.931 us = 46.36 us
SOFTPLUS_MUL SOFTPLUS: 24 x 2.071 us = 49.72 us
SSM_CONV_SILU SSM_CONV: 24 x 2.996 us = 71.92 us
Total time: 21676.1 us.
0.03.334.468 I common_speculative_init_result: loading draft model 'H:/python-projects/Fast llama/models/Qwen3.5-9B-MTP-sidecar-rv32k-q4k.gguf'
0.03.745.508 I srv    load_model: initializing, n_slots = 1, n_ctx_slot = 40960, kv_unified = 'false'
----------------
Vulkan Timings:
ADD: 2 x 3.38 us = 6.76 us
CONCAT: 1 x 3.12 us = 3.12 us
CONT: 1 x 2.28 us = 2.28 us
FILL: 1 x 3.48 us = 3.48 us
FLASH_ATTN_EXT dst(256,16,2,1),  q(256,2,16,1),  k(256,256,4,1),  v(256,256,4,1),  m(256,2,1,1): 1 x 960.08 us = 960.08 us (8.73741 GFLOPS/s)
GET_ROWS: 2 x 463.215 us = 926.43 us
GLU: 1 x 1.56 us = 1.56 us
MUL_MAT_VEC q4_K m=1024 n=2 k=4096: 2 x 5.7 us = 11.4 us (2943.01 GFLOPS/s)
MUL_MAT_VEC q4_K m=12288 n=2 k=4096: 2 x 51.1 us = 102.2 us (3939.37 GFLOPS/s)
MUL_MAT_VEC q4_K m=32768 n=1 k=4096: 1 x 134.4 us = 134.4 us (1997.04 GFLOPS/s)
MUL_MAT_VEC q4_K m=4096 n=2 k=12288: 1 x 647.5 us = 647.5 us (310.916 GFLOPS/s)
MUL_MAT_VEC q4_K m=4096 n=2 k=4096: 1 x 22.68 us = 22.68 us (2958.58 GFLOPS/s)
MUL_MAT_VEC q4_K m=4096 n=2 k=8192: 1 x 353.19 us = 353.19 us (379.992 GFLOPS/s)
MUL_MAT_VEC q4_K m=8192 n=2 k=4096: 1 x 36.84 us = 36.84 us (3642.82 GFLOPS/s)
PAD: 1 x 11.88 us = 11.88 us
RMS_NORM_MUL RMS_NORM(256,16,2,1): 1 x 4.76 us = 4.76 us
RMS_NORM_MUL RMS_NORM(256,4,2,1): 1 x 2.84 us = 2.84 us
RMS_NORM_MUL RMS_NORM(4096,2,1,1): 5 x 7.44 us = 37.2 us
ROPE: 1 x 3.96 us = 3.96 us
ROPE_VIEW_SET_ROWS ROPE: 1 x 4.16 us = 4.16 us
SET_ROWS: 2 x 3.3 us = 6.6 us
SIGMOID_MUL SIGMOID: 1 x 3.44 us = 3.44 us
TOP_K K=10 (248320,1,1,1): 1 x 949.33 us = 949.33 us
Total time: 4236.09 us.
0.03.776.369 I srv  llama_server: model loaded
0.03.776.375 I srv  llama_server: listening on http://127.0.0.1:8097
0.03.917.509 I slot get_availabl: id  0 | task -1 | selected slot by LRU, t_last = -1
0.03.917.538 I slot launch_slot_: id  0 | task 0 | processing task, is_child = 0
----------------
Vulkan Timings:
ADD: 88 x 3.489 us = 307.08 us
CONCAT: 24 x 10.008 us = 240.2 us
CONT: 8 x 5.745 us = 45.96 us
CPY: 120 x 6.057 us = 726.84 us
FLASH_ATTN_EXT dst(256,16,57,1),  q(256,57,16,1),  k(256,256,4,1),  v(256,256,4,1),  m(256,57,1,1): 8 x 21.285 us = 170.28 us (11232.1 GFLOPS/s)
GATED_DELTA_NET: 24 x 39.605 us = 950.52 us
GET_ROWS: 48 x 48.262 us = 2316.6 us
GLU: 32 x 7.816 us = 250.12 us
MUL: 24 x 6.738 us = 161.72 us
MUL_MAT q4_K m=1024 n=57 k=4096: 11 x 44.636 us = 491 us (10710.8 GFLOPS/s)
MUL_MAT q4_K m=12288 n=57 k=4096: 64 x 380.207 us = 24333.3 us (15089.4 GFLOPS/s)
MUL_MAT q4_K m=4096 n=57 k=12288: 16 x 479.885 us = 7678.16 us (11956.1 GFLOPS/s)
MUL_MAT q4_K m=4096 n=57 k=4096: 32 x 165.76 us = 5304.32 us (11537 GFLOPS/s)
MUL_MAT q4_K m=8192 n=57 k=4096: 8 x 396.58 us = 3172.64 us (9644.3 GFLOPS/s)
MUL_MAT q5_K m=4096 n=57 k=4096: 24 x 184.193 us = 4420.64 us (10382.4 GFLOPS/s)
MUL_MAT q5_K m=8192 n=57 k=4096: 24 x 368.549 us = 8845.18 us (10377.8 GFLOPS/s)
MUL_MAT q6_K m=1024 n=57 k=4096: 5 x 119.968 us = 599.84 us (3985.17 GFLOPS/s)
MUL_MAT q6_K m=4096 n=57 k=12288: 16 x 684.568 us = 10953.1 us (8381.3 GFLOPS/s)
MUL_MAT q8_0 m=32 n=57 k=4096: 48 x 24.548 us = 1178.32 us (608.611 GFLOPS/s)
RMS_NORM(128,16,57,1): 48 x 7.848 us = 376.72 us
RMS_NORM_MUL RMS_NORM(128,32,57,1): 24 x 22.701 us = 544.84 us
RMS_NORM_MUL RMS_NORM(256,16,57,1): 8 x 9.335 us = 74.68 us
RMS_NORM_MUL RMS_NORM(256,4,57,1): 8 x 4.32 us = 34.56 us
RMS_NORM_MUL RMS_NORM(4096,57,1,1): 65 x 7.893 us = 513.08 us
ROPE: 8 x 6.55 us = 52.4 us
ROPE_VIEW_SET_ROWS ROPE: 8 x 4.585 us = 36.68 us
SCALE: 96 x 5.117 us = 491.24 us
SET_ROWS: 8 x 3.625 us = 29 us
SIGMOID: 24 x 2.528 us = 60.68 us
SIGMOID_MUL SIGMOID: 8 x 6.2 us = 49.6 us
SILU: 24 x 4.686 us = 112.48 us
SOFTPLUS_MUL SOFTPLUS: 24 x 1.34 us = 32.16 us
SSM_CONV_SILU SSM_CONV: 24 x 6.81 us = 163.44 us
Total time: 74717.4 us.
----------------
Vulkan Timings:
ADD: 2 x 7.56 us = 15.12 us
CONCAT: 1 x 12.08 us = 12.08 us
CONT: 1 x 5.68 us = 5.68 us
FLASH_ATTN_EXT dst(256,16,57,1),  q(256,57,16,1),  k(256,256,4,1),  v(256,256,4,1),  m(256,57,1,1): 1 x 21.44 us = 21.44 us (11150.9 GFLOPS/s)
GLU: 1 x 10.92 us = 10.92 us
MUL_MAT q4_K m=1024 n=57 k=4096: 2 x 128.98 us = 257.96 us (3706.72 GFLOPS/s)
MUL_MAT q4_K m=12288 n=57 k=4096: 2 x 344.84 us = 689.68 us (16637 GFLOPS/s)
MUL_MAT q4_K m=4096 n=57 k=12288: 1 x 1068.56 us = 1068.56 us (5369.45 GFLOPS/s)
MUL_MAT q4_K m=4096 n=57 k=4096: 1 x 182.96 us = 182.96 us (10452.4 GFLOPS/s)
MUL_MAT q4_K m=4096 n=57 k=8192: 1 x 946.96 us = 946.96 us (4039.21 GFLOPS/s)
MUL_MAT q4_K m=8192 n=57 k=4096: 1 x 309.37 us = 309.37 us (12363 GFLOPS/s)
RMS_NORM_MUL RMS_NORM(256,16,57,1): 1 x 14.56 us = 14.56 us
RMS_NORM_MUL RMS_NORM(256,4,57,1): 1 x 4.28 us = 4.28 us
RMS_NORM_MUL RMS_NORM(4096,57,1,1): 5 x 10.528 us = 52.64 us
ROPE: 1 x 6.8 us = 6.8 us
ROPE_VIEW_SET_ROWS ROPE: 1 x 4.4 us = 4.4 us
SET_ROWS: 1 x 3.56 us = 3.56 us
SIGMOID_MUL SIGMOID: 1 x 6.12 us = 6.12 us
Total time: 3613.09 us.
----------------
Vulkan Timings:
ADD: 88 x 3.104 us = 273.2 us
CONCAT: 24 x 3.496 us = 83.92 us
CONT: 8 x 2.48 us = 19.84 us
CPY: 120 x 5.248 us = 629.8 us
FLASH_ATTN_EXT dst(256,16,4,1),  q(256,4,16,1),  k(256,256,4,1),  v(256,256,4,1),  m(256,4,1,1): 8 x 132.68 us = 1061.44 us (126.449 GFLOPS/s)
GATED_DELTA_NET: 24 x 14.156 us = 339.76 us
GET_ROWS: 49 x 4.864 us = 238.36 us
GLU: 32 x 3.011 us = 96.36 us
MUL: 24 x 3.743 us = 89.84 us
MUL_MAT_VEC q4_K m=1024 n=4 k=4096: 11 x 6.589 us = 72.48 us (5091.8 GFLOPS/s)
MUL_MAT_VEC q4_K m=12288 n=4 k=4096: 64 x 60.411 us = 3866.36 us (6664.32 GFLOPS/s)
MUL_MAT_VEC q4_K m=4096 n=4 k=12288: 16 x 57.362 us = 917.8 us (7019.16 GFLOPS/s)
MUL_MAT_VEC q4_K m=4096 n=4 k=4096: 32 x 23.007 us = 736.24 us (5832.94 GFLOPS/s)
MUL_MAT_VEC q4_K m=8192 n=4 k=4096: 8 x 41.385 us = 331.08 us (6485.51 GFLOPS/s)
MUL_MAT_VEC q5_K m=4096 n=4 k=4096: 24 x 26.613 us = 638.72 us (5042.64 GFLOPS/s)
MUL_MAT_VEC q5_K m=8192 n=4 k=4096: 24 x 45.813 us = 1099.52 us (5858.62 GFLOPS/s)
MUL_MAT_VEC q6_K m=1024 n=4 k=4096: 5 x 14.008 us = 70.04 us (2395.08 GFLOPS/s)
MUL_MAT_VEC q6_K m=248320 n=1 k=4096: 1 x 1409.24 us = 1409.24 us (1443.32 GFLOPS/s)
MUL_MAT_VEC q6_K m=4096 n=4 k=12288: 16 x 98.18 us = 1570.88 us (4101.01 GFLOPS/s)
MUL_MAT_VEC q8_0 m=32 n=4 k=4096: 48 x 4.304 us = 206.6 us (243.589 GFLOPS/s)
RMS_NORM(128,16,4,1): 48 x 3.35 us = 160.8 us
RMS_NORM_MUL RMS_NORM(128,32,4,1): 24 x 6.19 us = 148.56 us
RMS_NORM_MUL RMS_NORM(256,16,4,1): 8 x 3.945 us = 31.56 us
RMS_NORM_MUL RMS_NORM(256,4,4,1): 8 x 2.84 us = 22.72 us
RMS_NORM_MUL RMS_NORM(4096,4,1,1): 65 x 5.933 us = 385.68 us
ROPE: 8 x 3.855 us = 30.84 us
ROPE_VIEW_SET_ROWS ROPE: 8 x 4.24 us = 33.92 us
SCALE: 48 x 3.126 us = 150.08 us
SET_ROWS: 8 x 2.465 us = 19.72 us
SIGMOID: 24 x 2.441 us = 58.6 us
SIGMOID_MUL SIGMOID: 8 x 3.365 us = 26.92 us
SILU: 24 x 1.62 us = 38.88 us
SOFTPLUS_MUL SOFTPLUS: 24 x 2.233 us = 53.6 us
SSM_CONV_SILU SSM_CONV: 24 x 2.65 us = 63.6 us
Total time: 14977 us.
----------------
Vulkan Timings:
ADD: 2 x 3.1 us = 6.2 us
CONCAT: 1 x 3.44 us = 3.44 us
CONT: 1 x 2.36 us = 2.36 us
FLASH_ATTN_EXT dst(256,16,4,1),  q(256,4,16,1),  k(256,256,4,1),  v(256,256,4,1),  m(256,4,1,1): 1 x 732.05 us = 732.05 us (22.9181 GFLOPS/s)
GLU: 1 x 2.92 us = 2.92 us
MUL_MAT_VEC q4_K m=1024 n=4 k=4096: 2 x 6.26 us = 12.52 us (5359.48 GFLOPS/s)
MUL_MAT_VEC q4_K m=12288 n=4 k=4096: 2 x 58.66 us = 117.32 us (6863.35 GFLOPS/s)
MUL_MAT_VEC q4_K m=4096 n=4 k=12288: 1 x 58.04 us = 58.04 us (6937.23 GFLOPS/s)
MUL_MAT_VEC q4_K m=4096 n=4 k=4096: 1 x 35 us = 35 us (3834.32 GFLOPS/s)
MUL_MAT_VEC q4_K m=4096 n=4 k=8192: 1 x 44.84 us = 44.84 us (5986.15 GFLOPS/s)
MUL_MAT_VEC q4_K m=8192 n=4 k=4096: 1 x 41.52 us = 41.52 us (6464.42 GFLOPS/s)
RMS_NORM_MUL RMS_NORM(256,16,4,1): 1 x 4.68 us = 4.68 us
RMS_NORM_MUL RMS_NORM(256,4,4,1): 1 x 3.04 us = 3.04 us
RMS_NORM_MUL RMS_NORM(4096,4,1,1): 5 x 8.656 us = 43.28 us
ROPE: 1 x 4.08 us = 4.08 us
ROPE_VIEW_SET_ROWS ROPE: 1 x 4.48 us = 4.48 us
SET_ROWS: 1 x 2.32 us = 2.32 us
SIGMOID_MUL SIGMOID: 1 x 4.2 us = 4.2 us
Total time: 1122.29 us.
----------------
Vulkan Timings:
CONCAT: 1 x 3.8 us = 3.8 us
CONT: 1 x 2.4 us = 2.4 us
FILL: 1 x 3.48 us = 3.48 us
FLASH_ATTN_EXT dst(256,16,1,1),  q(256,1,16,1),  k(256,256,4,1),  v(256,256,4,1),  m(256,1,1,1): 1 x 21.64 us = 21.64 us (193.822 GFLOPS/s)
GET_ROWS: 2 x 11.44 us = 22.88 us
GLU: 1 x 2.6 us = 2.6 us
MUL_MAT_ADD MUL_MAT_VEC q4_K m=4096 n=1 k=12288: 1 x 50.84 us = 50.84 us (1979.92 GFLOPS/s)
MUL_MAT_ADD MUL_MAT_VEC q4_K m=4096 n=1 k=4096: 1 x 19.64 us = 19.64 us (1708.27 GFLOPS/s)
MUL_MAT_VEC q4_K m=1024 n=1 k=4096: 2 x 5.78 us = 11.56 us (1451.14 GFLOPS/s)
MUL_MAT_VEC q4_K m=12288 n=1 k=4096: 2 x 54.58 us = 109.16 us (1844.1 GFLOPS/s)
MUL_MAT_VEC q4_K m=32768 n=1 k=4096: 1 x 132.4 us = 132.4 us (2027.21 GFLOPS/s)
MUL_MAT_VEC q4_K m=4096 n=1 k=8192: 1 x 46.72 us = 46.72 us (1436.32 GFLOPS/s)
MUL_MAT_VEC q4_K m=8192 n=1 k=4096: 1 x 45.72 us = 45.72 us (1467.64 GFLOPS/s)
PAD: 1 x 11.88 us = 11.88 us
RMS_NORM_MUL RMS_NORM(256,16,1,1): 1 x 3.52 us = 3.52 us
RMS_NORM_MUL RMS_NORM(256,4,1,1): 1 x 2.88 us = 2.88 us
RMS_NORM_MUL RMS_NORM(4096,1,1,1): 5 x 7.264 us = 36.32 us
ROPE: 1 x 3.96 us = 3.96 us
ROPE_VIEW_SET_ROWS ROPE: 1 x 4.36 us = 4.36 us
SET_ROWS: 2 x 3.24 us = 6.48 us
SIGMOID_MUL SIGMOID: 1 x 3.52 us = 3.52 us
TOP_K K=10 (248320,1,1,1): 1 x 27.92 us = 27.92 us
Total time: 573.68 us.
----------------
Vulkan Timings:
CONCAT: 1 x 3.8 us = 3.8 us
CONT: 1 x 2.32 us = 2.32 us
FILL: 1 x 3.16 us = 3.16 us
FLASH_ATTN_EXT dst(256,16,1,1),  q(256,1,16,1),  k(256,256,4,1),  v(256,256,4,1),  m(256,1,1,1): 1 x 21.56 us = 21.56 us (194.541 GFLOPS/s)
GET_ROWS: 2 x 11.24 us = 22.48 us
GLU: 1 x 3.2 us = 3.2 us
MUL_MAT_ADD MUL_MAT_VEC q4_K m=4096 n=1 k=12288: 1 x 61.96 us = 61.96 us (1624.58 GFLOPS/s)
MUL_MAT_ADD MUL_MAT_VEC q4_K m=4096 n=1 k=4096: 1 x 20.08 us = 20.08 us (1670.83 GFLOPS/s)
MUL_MAT_VEC q4_K m=1024 n=1 k=4096: 2 x 10.6 us = 21.2 us (791.282 GFLOPS/s)
MUL_MAT_VEC q4_K m=12288 n=1 k=4096: 2 x 56.34 us = 112.68 us (1786.49 GFLOPS/s)
MUL_MAT_VEC q4_K m=32768 n=1 k=4096: 1 x 140.84 us = 140.84 us (1905.73 GFLOPS/s)
MUL_MAT_VEC q4_K m=4096 n=1 k=8192: 1 x 52.84 us = 52.84 us (1269.96 GFLOPS/s)
MUL_MAT_VEC q4_K m=8192 n=1 k=4096: 1 x 36.32 us = 36.32 us (1847.49 GFLOPS/s)
PAD: 1 x 11.92 us = 11.92 us
RMS_NORM_MUL RMS_NORM(256,16,1,1): 1 x 4.76 us = 4.76 us
RMS_NORM_MUL RMS_NORM(256,4,1,1): 1 x 2.8 us = 2.8 us
RMS_NORM_MUL RMS_NORM(4096,1,1,1): 5 x 7.016 us = 35.08 us
ROPE: 1 x 3.8 us = 3.8 us
ROPE_VIEW_SET_ROWS ROPE: 1 x 4.16 us = 4.16 us
SET_ROWS: 2 x 3.3 us = 6.6 us
SIGMOID_MUL SIGMOID: 1 x 3.56 us = 3.56 us
TOP_K K=10 (248320,1,1,1): 1 x 28.76 us = 28.76 us
Total time: 603.88 us.
----------------
Vulkan Timings:
CONCAT: 1 x 3.76 us = 3.76 us
CONT: 1 x 2.32 us = 2.32 us
FILL: 1 x 3.2 us = 3.2 us
FLASH_ATTN_EXT dst(256,16,1,1),  q(256,1,16,1),  k(256,256,4,1),  v(256,256,4,1),  m(256,1,1,1): 1 x 21.48 us = 21.48 us (195.266 GFLOPS/s)
GET_ROWS: 2 x 11.26 us = 22.52 us
GLU: 1 x 3.16 us = 3.16 us
MUL_MAT_ADD MUL_MAT_VEC q4_K m=4096 n=1 k=12288: 1 x 61.8 us = 61.8 us (1628.79 GFLOPS/s)
MUL_MAT_ADD MUL_MAT_VEC q4_K m=4096 n=1 k=4096: 1 x 20.84 us = 20.84 us (1609.9 GFLOPS/s)
MUL_MAT_VEC q4_K m=1024 n=1 k=4096: 2 x 10.78 us = 21.56 us (778.069 GFLOPS/s)
MUL_MAT_VEC q4_K m=12288 n=1 k=4096: 2 x 55.88 us = 111.76 us (1801.2 GFLOPS/s)
MUL_MAT_VEC q4_K m=32768 n=1 k=4096: 1 x 141.92 us = 141.92 us (1891.23 GFLOPS/s)
MUL_MAT_VEC q4_K m=4096 n=1 k=8192: 1 x 52.76 us = 52.76 us (1271.89 GFLOPS/s)
MUL_MAT_VEC q4_K m=8192 n=1 k=4096: 1 x 36.12 us = 36.12 us (1857.72 GFLOPS/s)
PAD: 1 x 12.04 us = 12.04 us
RMS_NORM_MUL RMS_NORM(256,16,1,1): 1 x 4.72 us = 4.72 us
RMS_NORM_MUL RMS_NORM(256,4,1,1): 1 x 2.76 us = 2.76 us
RMS_NORM_MUL RMS_NORM(4096,1,1,1): 5 x 7.144 us = 35.72 us
ROPE: 1 x 3.76 us = 3.76 us
ROPE_VIEW_SET_ROWS ROPE: 1 x 4.24 us = 4.24 us
SET_ROWS: 2 x 3.34 us = 6.68 us
SIGMOID_MUL SIGMOID: 1 x 3.4 us = 3.4 us
TOP_K K=10 (248320,1,1,1): 1 x 28.48 us = 28.48 us
Total time: 605 us.
----------------
Vulkan Timings:
ADD: 88 x 3.209 us = 282.4 us
CONCAT: 24 x 3.551 us = 85.24 us
CONT: 8 x 3.505 us = 28.04 us
CPY: 120 x 5.316 us = 637.92 us
FLASH_ATTN_EXT dst(256,16,4,1),  q(256,4,16,1),  k(256,256,4,1),  v(256,256,4,1),  m(256,4,1,1): 8 x 21.47 us = 171.76 us (781.426 GFLOPS/s)
GATED_DELTA_NET: 24 x 14.08 us = 337.92 us
GET_ROWS: 49 x 4.836 us = 237 us
GLU: 32 x 2.826 us = 90.44 us
MUL: 24 x 3.79 us = 90.96 us
MUL_MAT_VEC q4_K m=1024 n=4 k=4096: 11 x 6.316 us = 69.48 us (5311.65 GFLOPS/s)
MUL_MAT_VEC q4_K m=12288 n=4 k=4096: 64 x 61.015 us = 3904.96 us (6598.44 GFLOPS/s)
MUL_MAT_VEC q4_K m=4096 n=4 k=12288: 16 x 57.267 us = 916.28 us (7030.81 GFLOPS/s)
MUL_MAT_VEC q4_K m=4096 n=4 k=4096: 32 x 22.895 us = 732.64 us (5861.6 GFLOPS/s)
MUL_MAT_VEC q4_K m=8192 n=4 k=4096: 8 x 40.555 us = 324.44 us (6618.24 GFLOPS/s)
MUL_MAT_VEC q5_K m=4096 n=4 k=4096: 24 x 26.961 us = 647.08 us (4977.49 GFLOPS/s)
MUL_MAT_VEC q5_K m=8192 n=4 k=4096: 24 x 45.786 us = 1098.88 us (5862.03 GFLOPS/s)
MUL_MAT_VEC q6_K m=1024 n=4 k=4096: 5 x 13.144 us = 65.72 us (2552.52 GFLOPS/s)
MUL_MAT_VEC q6_K m=248320 n=4 k=4096: 1 x 1781.24 us = 1781.24 us (4567.58 GFLOPS/s)
MUL_MAT_VEC q6_K m=4096 n=4 k=12288: 16 x 99.167 us = 1586.68 us (4060.17 GFLOPS/s)
MUL_MAT_VEC q8_0 m=32 n=4 k=4096: 48 x 4.152 us = 199.32 us (252.486 GFLOPS/s)
RMS_NORM(128,16,4,1): 48 x 3.61 us = 173.32 us
RMS_NORM_MUL RMS_NORM(128,32,4,1): 24 x 6.183 us = 148.4 us
RMS_NORM_MUL RMS_NORM(256,16,4,1): 8 x 4.145 us = 33.16 us
RMS_NORM_MUL RMS_NORM(256,4,4,1): 8 x 2.935 us = 23.48 us
RMS_NORM_MUL RMS_NORM(4096,4,1,1): 65 x 5.843 us = 379.8 us
ROPE: 8 x 4.005 us = 32.04 us
ROPE_VIEW_SET_ROWS ROPE: 8 x 4.235 us = 33.88 us
SCALE: 48 x 2.67 us = 128.16 us
SET_ROWS: 8 x 2.18 us = 17.44 us
SIGMOID: 24 x 2.501 us = 60.04 us
SIGMOID_MUL SIGMOID: 8 x 3.625 us = 29 us
SILU: 24 x 1.608 us = 38.6 us
SOFTPLUS_MUL SOFTPLUS: 24 x 2.128 us = 51.08 us
SSM_CONV_SILU SSM_CONV: 24 x 2.595 us = 62.28 us
Total time: 14499.1 us.
----------------
Vulkan Timings:
ADD: 2 x 3.76 us = 7.52 us
CONCAT: 1 x 4.36 us = 4.36 us
CONT: 1 x 2.56 us = 2.56 us
FLASH_ATTN_EXT dst(256,16,4,1),  q(256,4,16,1),  k(256,256,4,1),  v(256,256,4,1),  m(256,4,1,1): 1 x 22.36 us = 22.36 us (750.323 GFLOPS/s)
GLU: 1 x 4.04 us = 4.04 us
MUL_MAT_VEC q4_K m=1024 n=4 k=4096: 2 x 8.4 us = 16.8 us (3994.09 GFLOPS/s)
MUL_MAT_VEC q4_K m=12288 n=4 k=4096: 2 x 76.26 us = 152.52 us (5279.36 GFLOPS/s)
MUL_MAT_VEC q4_K m=4096 n=4 k=12288: 1 x 101.66 us = 101.66 us (3960.62 GFLOPS/s)
MUL_MAT_VEC q4_K m=4096 n=4 k=4096: 1 x 35.84 us = 35.84 us (3744.46 GFLOPS/s)
MUL_MAT_VEC q4_K m=4096 n=4 k=8192: 1 x 62.44 us = 62.44 us (4298.83 GFLOPS/s)
MUL_MAT_VEC q4_K m=8192 n=4 k=4096: 1 x 76.05 us = 76.05 us (3529.29 GFLOPS/s)
RMS_NORM_MUL RMS_NORM(256,16,4,1): 1 x 5.04 us = 5.04 us
RMS_NORM_MUL RMS_NORM(256,4,4,1): 1 x 3.08 us = 3.08 us
RMS_NORM_MUL RMS_NORM(4096,4,1,1): 5 x 9.968 us = 49.84 us
ROPE: 1 x 4.04 us = 4.04 us
ROPE_VIEW_SET_ROWS ROPE: 1 x 4.36 us = 4.36 us
SET_ROWS: 1 x 2.44 us = 2.44 us
SIGMOID_MUL SIGMOID: 1 x 4.4 us = 4.4 us
Total time: 559.35 us.
----------------
Vulkan Timings:
CONCAT: 1 x 3.84 us = 3.84 us
CONT: 1 x 2.4 us = 2.4 us
FILL: 1 x 3.24 us = 3.24 us
FLASH_ATTN_EXT dst(256,16,1,1),  q(256,1,16,1),  k(256,256,4,1),  v(256,256,4,1),  m(256,1,1,1): 1 x 21.8 us = 21.8 us (192.399 GFLOPS/s)
GET_ROWS: 2 x 11.76 us = 23.52 us
GLU: 1 x 2.6 us = 2.6 us
MUL_MAT_ADD MUL_MAT_VEC q4_K m=4096 n=1 k=12288: 1 x 51.56 us = 51.56 us (1952.27 GFLOPS/s)
MUL_MAT_ADD MUL_MAT_VEC q4_K m=4096 n=1 k=4096: 1 x 19.68 us = 19.68 us (1704.79 GFLOPS/s)
MUL_MAT_VEC q4_K m=1024 n=1 k=4096: 2 x 5.36 us = 10.72 us (1564.85 GFLOPS/s)
MUL_MAT_VEC q4_K m=12288 n=1 k=4096: 2 x 55.04 us = 110.08 us (1828.69 GFLOPS/s)
MUL_MAT_VEC q4_K m=32768 n=1 k=4096: 1 x 132.2 us = 132.2 us (2030.28 GFLOPS/s)
MUL_MAT_VEC q4_K m=4096 n=1 k=8192: 1 x 45.8 us = 45.8 us (1465.17 GFLOPS/s)
MUL_MAT_VEC q4_K m=8192 n=1 k=4096: 1 x 78.6 us = 78.6 us (853.698 GFLOPS/s)
PAD: 1 x 12.04 us = 12.04 us
RMS_NORM_MUL RMS_NORM(256,16,1,1): 1 x 4.76 us = 4.76 us
RMS_NORM_MUL RMS_NORM(256,4,1,1): 1 x 2.92 us = 2.92 us
RMS_NORM_MUL RMS_NORM(4096,1,1,1): 5 x 7.648 us = 38.24 us
ROPE: 1 x 4.04 us = 4.04 us
ROPE_VIEW_SET_ROWS ROPE: 1 x 4.48 us = 4.48 us
SET_ROWS: 2 x 3.2 us = 6.4 us
SIGMOID_MUL SIGMOID: 1 x 3.48 us = 3.48 us
TOP_K K=10 (248320,1,1,1): 1 x 28.36 us = 28.36 us
Total time: 610.76 us.
----------------
Vulkan Timings:
CONCAT: 1 x 3.84 us = 3.84 us
CONT: 1 x 2.32 us = 2.32 us
FILL: 1 x 3.16 us = 3.16 us
FLASH_ATTN_EXT dst(256,16,1,1),  q(256,1,16,1),  k(256,256,4,1),  v(256,256,4,1),  m(256,1,1,1): 1 x 21.44 us = 21.44 us (195.63 GFLOPS/s)
GET_ROWS: 2 x 11.74 us = 23.48 us
GLU: 1 x 3.12 us = 3.12 us
MUL_MAT_ADD MUL_MAT_VEC q4_K m=4096 n=1 k=12288: 1 x 61.16 us = 61.16 us (1645.83 GFLOPS/s)
MUL_MAT_ADD MUL_MAT_VEC q4_K m=4096 n=1 k=4096: 1 x 19.8 us = 19.8 us (1694.46 GFLOPS/s)
MUL_MAT_VEC q4_K m=1024 n=1 k=4096: 2 x 10.84 us = 21.68 us (773.762 GFLOPS/s)
MUL_MAT_VEC q4_K m=12288 n=1 k=4096: 2 x 56.02 us = 112.04 us (1796.7 GFLOPS/s)
MUL_MAT_VEC q4_K m=32768 n=1 k=4096: 1 x 141.84 us = 141.84 us (1892.29 GFLOPS/s)
MUL_MAT_VEC q4_K m=4096 n=1 k=8192: 1 x 52.88 us = 52.88 us (1269 GFLOPS/s)
MUL_MAT_VEC q4_K m=8192 n=1 k=4096: 1 x 36.08 us = 36.08 us (1859.77 GFLOPS/s)
PAD: 1 x 12 us = 12 us
RMS_NORM_MUL RMS_NORM(256,16,1,1): 1 x 4.72 us = 4.72 us
RMS_NORM_MUL RMS_NORM(256,4,1,1): 1 x 2.84 us = 2.84 us
RMS_NORM_MUL RMS_NORM(4096,1,1,1): 5 x 6.896 us = 34.48 us
ROPE: 1 x 3.76 us = 3.76 us
ROPE_VIEW_SET_ROWS ROPE: 1 x 4.16 us = 4.16 us
SET_ROWS: 2 x 3.34 us = 6.68 us
SIGMOID_MUL SIGMOID: 1 x 3.48 us = 3.48 us
TOP_K K=10 (248320,1,1,1): 1 x 28.92 us = 28.92 us
Total time: 603.88 us.
----------------
Vulkan Timings:
CONCAT: 1 x 3.76 us = 3.76 us
CONT: 1 x 2.36 us = 2.36 us
FILL: 1 x 3.16 us = 3.16 us
FLASH_ATTN_EXT dst(256,16,1,1),  q(256,1,16,1),  k(256,256,4,1),  v(256,256,4,1),  m(256,1,1,1): 1 x 21.44 us = 21.44 us (195.63 GFLOPS/s)
GET_ROWS: 2 x 11.82 us = 23.64 us
GLU: 1 x 3.16 us = 3.16 us
MUL_MAT_ADD MUL_MAT_VEC q4_K m=4096 n=1 k=12288: 1 x 61.6 us = 61.6 us (1634.08 GFLOPS/s)
MUL_MAT_ADD MUL_MAT_VEC q4_K m=4096 n=1 k=4096: 1 x 19.72 us = 19.72 us (1701.34 GFLOPS/s)
MUL_MAT_VEC q4_K m=1024 n=1 k=4096: 2 x 10.74 us = 21.48 us (780.967 GFLOPS/s)
MUL_MAT_VEC q4_K m=12288 n=1 k=4096: 2 x 56.02 us = 112.04 us (1796.7 GFLOPS/s)
MUL_MAT_VEC q4_K m=32768 n=1 k=4096: 1 x 140.88 us = 140.88 us (1905.19 GFLOPS/s)
MUL_MAT_VEC q4_K m=4096 n=1 k=8192: 1 x 53.24 us = 53.24 us (1260.42 GFLOPS/s)
MUL_MAT_VEC q4_K m=8192 n=1 k=4096: 1 x 36.32 us = 36.32 us (1847.49 GFLOPS/s)
PAD: 1 x 11.76 us = 11.76 us
RMS_NORM_MUL RMS_NORM(256,16,1,1): 1 x 4.8 us = 4.8 us
RMS_NORM_MUL RMS_NORM(256,4,1,1): 1 x 2.8 us = 2.8 us
RMS_NORM_MUL RMS_NORM(4096,1,1,1): 5 x 6.776 us = 33.88 us
ROPE: 1 x 3.76 us = 3.76 us
ROPE_VIEW_SET_ROWS ROPE: 1 x 4.24 us = 4.24 us
SET_ROWS: 2 x 3.42 us = 6.84 us
SIGMOID_MUL SIGMOID: 1 x 3.48 us = 3.48 us
TOP_K K=10 (248320,1,1,1): 1 x 28.36 us = 28.36 us
Total time: 602.72 us.
----------------
Vulkan Timings:
ADD: 88 x 3.054 us = 268.8 us
CONCAT: 24 x 3.513 us = 84.32 us
CONT: 8 x 2.405 us = 19.24 us
CPY: 120 x 5.517 us = 662.12 us
FLASH_ATTN_EXT dst(256,16,4,1),  q(256,4,16,1),  k(256,256,4,1),  v(256,256,4,1),  m(256,4,1,1): 8 x 21.54 us = 172.32 us (778.887 GFLOPS/s)
GATED_DELTA_NET: 24 x 14.133 us = 339.2 us
GET_ROWS: 49 x 4.848 us = 237.56 us
GLU: 32 x 2.85 us = 91.2 us
MUL: 24 x 3.761 us = 90.28 us
MUL_MAT_VEC q4_K m=1024 n=4 k=4096: 11 x 6.24 us = 68.64 us (5376.66 GFLOPS/s)
MUL_MAT_VEC q4_K m=12288 n=4 k=4096: 64 x 60.535 us = 3874.24 us (6650.76 GFLOPS/s)
MUL_MAT_VEC q4_K m=4096 n=4 k=12288: 16 x 57.257 us = 916.12 us (7032.04 GFLOPS/s)
MUL_MAT_VEC q4_K m=4096 n=4 k=4096: 32 x 23.071 us = 738.28 us (5816.82 GFLOPS/s)
MUL_MAT_VEC q4_K m=8192 n=4 k=4096: 8 x 40.335 us = 322.68 us (6654.34 GFLOPS/s)
MUL_MAT_VEC q5_K m=4096 n=4 k=4096: 24 x 26.97 us = 647.28 us (4975.95 GFLOPS/s)
MUL_MAT_VEC q5_K m=8192 n=4 k=4096: 24 x 45.383 us = 1089.2 us (5914.12 GFLOPS/s)
MUL_MAT_VEC q6_K m=1024 n=4 k=4096: 5 x 13.312 us = 66.56 us (2520.31 GFLOPS/s)
MUL_MAT_VEC q6_K m=248320 n=4 k=4096: 1 x 1765.8 us = 1765.8 us (4607.52 GFLOPS/s)
MUL_MAT_VEC q6_K m=4096 n=4 k=12288: 16 x 98.742 us = 1579.88 us (4077.64 GFLOPS/s)
MUL_MAT_VEC q8_0 m=32 n=4 k=4096: 48 x 4.129 us = 198.2 us (253.913 GFLOPS/s)
RMS_NORM(128,16,4,1): 48 x 3.353 us = 160.96 us
RMS_NORM_MUL RMS_NORM(128,32,4,1): 24 x 6.235 us = 149.64 us
RMS_NORM_MUL RMS_NORM(256,16,4,1): 8 x 4.01 us = 32.08 us
RMS_NORM_MUL RMS_NORM(256,4,4,1): 8 x 3.27 us = 26.16 us
RMS_NORM_MUL RMS_NORM(4096,4,1,1): 65 x 5.826 us = 378.72 us
ROPE: 8 x 3.855 us = 30.84 us
ROPE_VIEW_SET_ROWS ROPE: 8 x 4.215 us = 33.72 us
SCALE: 48 x 2.885 us = 138.48 us
SET_ROWS: 8 x 3.415 us = 27.32 us
SIGMOID: 24 x 2.55 us = 61.2 us
SIGMOID_MUL SIGMOID: 8 x 3.465 us = 27.72 us
SILU: 24 x 1.485 us = 35.64 us
SOFTPLUS_MUL SOFTPLUS: 24 x 2.06 us = 49.44 us
SSM_CONV_SILU SSM_CONV: 24 x 2.596 us = 62.32 us
Total time: 14446.2 us.
----------------
Vulkan Timings:
ADD: 2 x 3.7 us = 7.4 us
CONCAT: 1 x 4.64 us = 4.64 us
CONT: 1 x 2.56 us = 2.56 us
FLASH_ATTN_EXT dst(256,16,4,1),  q(256,4,16,1),  k(256,256,4,1),  v(256,256,4,1),  m(256,4,1,1): 1 x 22.2 us = 22.2 us (755.73 GFLOPS/s)
GLU: 1 x 4.2 us = 4.2 us
MUL_MAT_VEC q4_K m=1024 n=4 k=4096: 2 x 8.38 us = 16.76 us (4003.62 GFLOPS/s)
MUL_MAT_VEC q4_K m=12288 n=4 k=4096: 2 x 81.54 us = 163.08 us (4937.5 GFLOPS/s)
MUL_MAT_VEC q4_K m=4096 n=4 k=12288: 1 x 80.32 us = 80.32 us (5012.91 GFLOPS/s)
MUL_MAT_VEC q4_K m=4096 n=4 k=4096: 1 x 35.76 us = 35.76 us (3752.83 GFLOPS/s)
MUL_MAT_VEC q4_K m=4096 n=4 k=8192: 1 x 62 us = 62 us (4329.34 GFLOPS/s)
MUL_MAT_VEC q4_K m=8192 n=4 k=4096: 1 x 63.36 us = 63.36 us (4236.15 GFLOPS/s)
RMS_NORM_MUL RMS_NORM(256,16,4,1): 1 x 5 us = 5 us
RMS_NORM_MUL RMS_NORM(256,4,4,1): 1 x 3.04 us = 3.04 us
RMS_NORM_MUL RMS_NORM(4096,4,1,1): 5 x 9.08 us = 45.4 us
ROPE: 1 x 4.04 us = 4.04 us
ROPE_VIEW_SET_ROWS ROPE: 1 x 4.32 us = 4.32 us
SET_ROWS: 1 x 2.44 us = 2.44 us
SIGMOID_MUL SIGMOID: 1 x 4.36 us = 4.36 us
Total time: 530.88 us.
----------------
Vulkan Timings:
CONCAT: 1 x 4 us = 4 us
CONT: 1 x 2.44 us = 2.44 us
FILL: 1 x 3.2 us = 3.2 us
FLASH_ATTN_EXT dst(256,16,1,1),  q(256,1,16,1),  k(256,256,4,1),  v(256,256,4,1),  m(256,1,1,1): 1 x 22.12 us = 22.12 us (189.616 GFLOPS/s)
GET_ROWS: 2 x 11.62 us = 23.24 us
GLU: 1 x 2.36 us = 2.36 us
MUL_MAT_ADD MUL_MAT_VEC q4_K m=4096 n=1 k=12288: 1 x 51.2 us = 51.2 us (1966 GFLOPS/s)
MUL_MAT_ADD MUL_MAT_VEC q4_K m=4096 n=1 k=4096: 1 x 20.16 us = 20.16 us (1664.2 GFLOPS/s)
MUL_MAT_VEC q4_K m=1024 n=1 k=4096: 2 x 5.42 us = 10.84 us (1547.52 GFLOPS/s)
MUL_MAT_VEC q4_K m=12288 n=1 k=4096: 2 x 54.96 us = 109.92 us (1831.35 GFLOPS/s)
MUL_MAT_VEC q4_K m=32768 n=1 k=4096: 1 x 133.64 us = 133.64 us (2008.4 GFLOPS/s)
MUL_MAT_VEC q4_K m=4096 n=1 k=8192: 1 x 46.32 us = 46.32 us (1448.72 GFLOPS/s)
MUL_MAT_VEC q4_K m=8192 n=1 k=4096: 1 x 45.48 us = 45.48 us (1475.39 GFLOPS/s)
PAD: 1 x 12.28 us = 12.28 us
RMS_NORM_MUL RMS_NORM(256,16,1,1): 1 x 4.84 us = 4.84 us
RMS_NORM_MUL RMS_NORM(256,4,1,1): 1 x 2.92 us = 2.92 us
RMS_NORM_MUL RMS_NORM(4096,1,1,1): 5 x 7.248 us = 36.24 us
ROPE: 1 x 4.04 us = 4.04 us
ROPE_VIEW_SET_ROWS ROPE: 1 x 4.48 us = 4.48 us
SET_ROWS: 2 x 3.24 us = 6.48 us
SIGMOID_MUL SIGMOID: 1 x 3.56 us = 3.56 us
TOP_K K=10 (248320,1,1,1): 1 x 29.52 us = 29.52 us
Total time: 579.28 us.
----------------
Vulkan Timings:
CONCAT: 1 x 3.8 us = 3.8 us
CONT: 1 x 2.36 us = 2.36 us
FILL: 1 x 3.16 us = 3.16 us
FLASH_ATTN_EXT dst(256,16,1,1),  q(256,1,16,1),  k(256,256,4,1),  v(256,256,4,1),  m(256,1,1,1): 1 x 20.76 us = 20.76 us (202.038 GFLOPS/s)
GET_ROWS: 2 x 11.46 us = 22.92 us
GLU: 1 x 3.16 us = 3.16 us
MUL_MAT_ADD MUL_MAT_VEC q4_K m=4096 n=1 k=12288: 1 x 61.48 us = 61.48 us (1637.27 GFLOPS/s)
MUL_MAT_ADD MUL_MAT_VEC q4_K m=4096 n=1 k=4096: 1 x 19.68 us = 19.68 us (1704.79 GFLOPS/s)
MUL_MAT_VEC q4_K m=1024 n=1 k=4096: 2 x 10.64 us = 21.28 us (788.307 GFLOPS/s)
MUL_MAT_VEC q4_K m=12288 n=1 k=4096: 2 x 56.36 us = 112.72 us (1785.86 GFLOPS/s)
MUL_MAT_VEC q4_K m=32768 n=1 k=4096: 1 x 141.28 us = 141.28 us (1899.79 GFLOPS/s)
MUL_MAT_VEC q4_K m=4096 n=1 k=8192: 1 x 53.24 us = 53.24 us (1260.42 GFLOPS/s)
MUL_MAT_VEC q4_K m=8192 n=1 k=4096: 1 x 36.12 us = 36.12 us (1857.72 GFLOPS/s)
PAD: 1 x 11.84 us = 11.84 us
RMS_NORM_MUL RMS_NORM(256,16,1,1): 1 x 4.8 us = 4.8 us
RMS_NORM_MUL RMS_NORM(256,4,1,1): 1 x 2.76 us = 2.76 us
RMS_NORM_MUL RMS_NORM(4096,1,1,1): 5 x 7.192 us = 35.96 us
ROPE: 1 x 3.76 us = 3.76 us
ROPE_VIEW_SET_ROWS ROPE: 1 x 4.48 us = 4.48 us
SET_ROWS: 2 x 3.5 us = 7 us
SIGMOID_MUL SIGMOID: 1 x 3.48 us = 3.48 us
TOP_K K=10 (248320,1,1,1): 1 x 27.92 us = 27.92 us
Total time: 603.96 us.
----------------
Vulkan Timings:
CONCAT: 1 x 3.76 us = 3.76 us
CONT: 1 x 2.32 us = 2.32 us
FILL: 1 x 3.2 us = 3.2 us
FLASH_ATTN_EXT dst(256,16,1,1),  q(256,1,16,1),  k(256,256,4,1),  v(256,256,4,1),  m(256,1,1,1): 1 x 21.44 us = 21.44 us (195.63 GFLOPS/s)
GET_ROWS: 2 x 11.32 us = 22.64 us
GLU: 1 x 3.12 us = 3.12 us
MUL_MAT_ADD MUL_MAT_VEC q4_K m=4096 n=1 k=12288: 1 x 61.2 us = 61.2 us (1644.76 GFLOPS/s)
MUL_MAT_ADD MUL_MAT_VEC q4_K m=4096 n=1 k=4096: 1 x 19.84 us = 19.84 us (1691.05 GFLOPS/s)
MUL_MAT_VEC q4_K m=1024 n=1 k=4096: 2 x 10.82 us = 21.64 us (775.193 GFLOPS/s)
MUL_MAT_VEC q4_K m=12288 n=1 k=4096: 2 x 55.86 us = 111.72 us (1801.84 GFLOPS/s)
MUL_MAT_VEC q4_K m=32768 n=1 k=4096: 1 x 141.08 us = 141.08 us (1902.49 GFLOPS/s)
MUL_MAT_VEC q4_K m=4096 n=1 k=8192: 1 x 52.96 us = 52.96 us (1267.08 GFLOPS/s)
MUL_MAT_VEC q4_K m=8192 n=1 k=4096: 1 x 36.28 us = 36.28 us (1849.52 GFLOPS/s)
PAD: 1 x 11.96 us = 11.96 us
RMS_NORM_MUL RMS_NORM(256,16,1,1): 1 x 4.72 us = 4.72 us
RMS_NORM_MUL RMS_NORM(256,4,1,1): 1 x 2.96 us = 2.96 us
RMS_NORM_MUL RMS_NORM(4096,1,1,1): 5 x 6.832 us = 34.16 us
ROPE: 1 x 3.72 us = 3.72 us
ROPE_VIEW_SET_ROWS ROPE: 1 x 4.04 us = 4.04 us
SET_ROWS: 2 x 3.42 us = 6.84 us
SIGMOID_MUL SIGMOID: 1 x 3.44 us = 3.44 us
TOP_K K=10 (248320,1,1,1): 1 x 28.44 us = 28.44 us
Total time: 601.48 us.
----------------
Vulkan Timings:
ADD: 88 x 3.079 us = 270.96 us
CONCAT: 24 x 3.411 us = 81.88 us
CONT: 8 x 2.24 us = 17.92 us
CPY: 120 x 5.513 us = 661.6 us
FLASH_ATTN_EXT dst(256,16,4,1),  q(256,4,16,1),  k(256,256,4,1),  v(256,256,4,1),  m(256,4,1,1): 8 x 21.61 us = 172.88 us (776.364 GFLOPS/s)
GATED_DELTA_NET: 24 x 13.968 us = 335.24 us
GET_ROWS: 49 x 4.834 us = 236.88 us
GLU: 32 x 2.827 us = 90.48 us
MUL: 24 x 3.721 us = 89.32 us
MUL_MAT_VEC q4_K m=1024 n=4 k=4096: 11 x 6.225 us = 68.48 us (5389.22 GFLOPS/s)
MUL_MAT_VEC q4_K m=12288 n=4 k=4096: 64 x 60.381 us = 3864.4 us (6667.7 GFLOPS/s)
MUL_MAT_VEC q4_K m=4096 n=4 k=12288: 16 x 57 us = 912 us (7063.8 GFLOPS/s)
MUL_MAT_VEC q4_K m=4096 n=4 k=4096: 32 x 23.086 us = 738.76 us (5813.04 GFLOPS/s)
MUL_MAT_VEC q4_K m=8192 n=4 k=4096: 8 x 40.36 us = 322.88 us (6650.22 GFLOPS/s)
MUL_MAT_VEC q5_K m=4096 n=4 k=4096: 24 x 26.936 us = 646.48 us (4982.11 GFLOPS/s)
MUL_MAT_VEC q5_K m=8192 n=4 k=4096: 24 x 45.368 us = 1088.84 us (5916.08 GFLOPS/s)
MUL_MAT_VEC q6_K m=1024 n=4 k=4096: 5 x 13.232 us = 66.16 us (2535.55 GFLOPS/s)
MUL_MAT_VEC q6_K m=248320 n=4 k=4096: 1 x 1760.8 us = 1760.8 us (4620.6 GFLOPS/s)
MUL_MAT_VEC q6_K m=4096 n=4 k=12288: 16 x 98.42 us = 1574.72 us (4091.01 GFLOPS/s)
MUL_MAT_VEC q8_0 m=32 n=4 k=4096: 48 x 4.104 us = 197 us (255.459 GFLOPS/s)
RMS_NORM(128,16,4,1): 48 x 3.318 us = 159.28 us
RMS_NORM_MUL RMS_NORM(128,32,4,1): 24 x 6.226 us = 149.44 us
RMS_NORM_MUL RMS_NORM(256,16,4,1): 8 x 4.03 us = 32.24 us
RMS_NORM_MUL RMS_NORM(256,4,4,1): 8 x 3.415 us = 27.32 us
RMS_NORM_MUL RMS_NORM(4096,4,1,1): 65 x 5.716 us = 371.56 us
ROPE: 8 x 3.865 us = 30.92 us
ROPE_VIEW_SET_ROWS ROPE: 8 x 4.125 us = 33 us
SCALE: 48 x 2.877 us = 138.12 us
SET_ROWS: 8 x 3.455 us = 27.64 us
SIGMOID: 24 x 2.555 us = 61.32 us
SIGMOID_MUL SIGMOID: 8 x 3.475 us = 27.8 us
SILU: 24 x 1.511 us = 36.28 us
SOFTPLUS_MUL SOFTPLUS: 24 x 2.081 us = 49.96 us
SSM_CONV_SILU SSM_CONV: 24 x 2.588 us = 62.12 us
Total time: 14404.7 us.
----------------
Vulkan Timings:
ADD: 2 x 3.74 us = 7.48 us
CONCAT: 1 x 4.28 us = 4.28 us
CONT: 1 x 2.84 us = 2.84 us
FLASH_ATTN_EXT dst(256,16,4,1),  q(256,4,16,1),  k(256,256,4,1),  v(256,256,4,1),  m(256,4,1,1): 1 x 22.16 us = 22.16 us (757.095 GFLOPS/s)
GLU: 1 x 4.04 us = 4.04 us
MUL_MAT_VEC q4_K m=1024 n=4 k=4096: 2 x 8.34 us = 16.68 us (4022.82 GFLOPS/s)
MUL_MAT_VEC q4_K m=12288 n=4 k=4096: 2 x 76.58 us = 153.16 us (5257.3 GFLOPS/s)
MUL_MAT_VEC q4_K m=4096 n=4 k=12288: 1 x 94.36 us = 94.36 us (4267.03 GFLOPS/s)
MUL_MAT_VEC q4_K m=4096 n=4 k=4096: 1 x 35.32 us = 35.32 us (3799.59 GFLOPS/s)
MUL_MAT_VEC q4_K m=4096 n=4 k=8192: 1 x 63 us = 63 us (4260.62 GFLOPS/s)
MUL_MAT_VEC q4_K m=8192 n=4 k=4096: 1 x 62.8 us = 62.8 us (4273.93 GFLOPS/s)
RMS_NORM_MUL RMS_NORM(256,16,4,1): 1 x 5 us = 5 us
RMS_NORM_MUL RMS_NORM(256,4,4,1): 1 x 3.04 us = 3.04 us
RMS_NORM_MUL RMS_NORM(4096,4,1,1): 5 x 9.808 us = 49.04 us
ROPE: 1 x 3.96 us = 3.96 us
ROPE_VIEW_SET_ROWS ROPE: 1 x 4.32 us = 4.32 us
SET_ROWS: 1 x 2.44 us = 2.44 us
SIGMOID_MUL SIGMOID: 1 x 3.56 us = 3.56 us
Total time: 537.48 us.
----------------
Vulkan Timings:
CONCAT: 1 x 3.96 us = 3.96 us
CONT: 1 x 2.48 us = 2.48 us
FILL: 1 x 3.16 us = 3.16 us
FLASH_ATTN_EXT dst(256,16,1,1),  q(256,1,16,1),  k(256,256,4,1),  v(256,256,4,1),  m(256,1,1,1): 1 x 21.96 us = 21.96 us (190.997 GFLOPS/s)
GET_ROWS: 2 x 11.26 us = 22.52 us
GLU: 1 x 2.44 us = 2.44 us
MUL_MAT_ADD MUL_MAT_VEC q4_K m=4096 n=1 k=12288: 1 x 51.24 us = 51.24 us (1964.47 GFLOPS/s)
MUL_MAT_ADD MUL_MAT_VEC q4_K m=4096 n=1 k=4096: 1 x 19.72 us = 19.72 us (1701.34 GFLOPS/s)
MUL_MAT_VEC q4_K m=1024 n=1 k=4096: 2 x 5.52 us = 11.04 us (1519.49 GFLOPS/s)
MUL_MAT_VEC q4_K m=12288 n=1 k=4096: 2 x 54.54 us = 109.08 us (1845.45 GFLOPS/s)
MUL_MAT_VEC q4_K m=32768 n=1 k=4096: 1 x 132.24 us = 132.24 us (2029.66 GFLOPS/s)
MUL_MAT_VEC q4_K m=4096 n=1 k=8192: 1 x 46.56 us = 46.56 us (1441.25 GFLOPS/s)
MUL_MAT_VEC q4_K m=8192 n=1 k=4096: 1 x 46 us = 46 us (1458.71 GFLOPS/s)
PAD: 1 x 11.92 us = 11.92 us
RMS_NORM_MUL RMS_NORM(256,16,1,1): 1 x 4 us = 4 us
RMS_NORM_MUL RMS_NORM(256,4,1,1): 1 x 2.88 us = 2.88 us
RMS_NORM_MUL RMS_NORM(4096,1,1,1): 5 x 6.976 us = 34.88 us
ROPE: 1 x 3.92 us = 3.92 us
ROPE_VIEW_SET_ROWS ROPE: 1 x 4.32 us = 4.32 us
SET_ROWS: 2 x 3.2 us = 6.4 us
SIGMOID_MUL SIGMOID: 1 x 3.4 us = 3.4 us
TOP_K K=10 (248320,1,1,1): 1 x 27.8 us = 27.8 us
Total time: 571.92 us.
----------------
Vulkan Timings:
CONCAT: 1 x 3.72 us = 3.72 us
CONT: 1 x 2.32 us = 2.32 us
FILL: 1 x 3.2 us = 3.2 us
FLASH_ATTN_EXT dst(256,16,1,1),  q(256,1,16,1),  k(256,256,4,1),  v(256,256,4,1),  m(256,1,1,1): 1 x 21.6 us = 21.6 us (194.181 GFLOPS/s)
GET_ROWS: 2 x 11.08 us = 22.16 us
GLU: 1 x 3.2 us = 3.2 us
MUL_MAT_ADD MUL_MAT_VEC q4_K m=4096 n=1 k=12288: 1 x 61.28 us = 61.28 us (1642.61 GFLOPS/s)
MUL_MAT_ADD MUL_MAT_VEC q4_K m=4096 n=1 k=4096: 1 x 19.84 us = 19.84 us (1691.05 GFLOPS/s)
MUL_MAT_VEC q4_K m=1024 n=1 k=4096: 2 x 10.96 us = 21.92 us (765.291 GFLOPS/s)
MUL_MAT_VEC q4_K m=12288 n=1 k=4096: 2 x 56.28 us = 112.56 us (1788.4 GFLOPS/s)
MUL_MAT_VEC q4_K m=32768 n=1 k=4096: 1 x 141.64 us = 141.64 us (1894.96 GFLOPS/s)
MUL_MAT_VEC q4_K m=4096 n=1 k=8192: 1 x 52.96 us = 52.96 us (1267.08 GFLOPS/s)
MUL_MAT_VEC q4_K m=8192 n=1 k=4096: 1 x 36.04 us = 36.04 us (1861.84 GFLOPS/s)
PAD: 1 x 11.8 us = 11.8 us
RMS_NORM_MUL RMS_NORM(256,16,1,1): 1 x 4.72 us = 4.72 us
RMS_NORM_MUL RMS_NORM(256,4,1,1): 1 x 2.8 us = 2.8 us
RMS_NORM_MUL RMS_NORM(4096,1,1,1): 5 x 6.928 us = 34.64 us
ROPE: 1 x 3.84 us = 3.84 us
ROPE_VIEW_SET_ROWS ROPE: 1 x 4.16 us = 4.16 us
SET_ROWS: 2 x 3.46 us = 6.92 us
SIGMOID_MUL SIGMOID: 1 x 3.48 us = 3.48 us
TOP_K K=10 (248320,1,1,1): 1 x 28.12 us = 28.12 us
Total time: 602.92 us.
----------------
Vulkan Timings:
CONCAT: 1 x 3.8 us = 3.8 us
CONT: 1 x 2.32 us = 2.32 us
FILL: 1 x 3.2 us = 3.2 us
FLASH_ATTN_EXT dst(256,16,1,1),  q(256,1,16,1),  k(256,256,4,1),  v(256,256,4,1),  m(256,1,1,1): 1 x 21.44 us = 21.44 us (195.63 GFLOPS/s)
GET_ROWS: 2 x 11.36 us = 22.72 us
GLU: 1 x 3.2 us = 3.2 us
MUL_MAT_ADD MUL_MAT_VEC q4_K m=4096 n=1 k=12288: 1 x 61.52 us = 61.52 us (1636.2 GFLOPS/s)
MUL_MAT_ADD MUL_MAT_VEC q4_K m=4096 n=1 k=4096: 1 x 19.76 us = 19.76 us (1697.89 GFLOPS/s)
MUL_MAT_VEC q4_K m=1024 n=1 k=4096: 2 x 10.78 us = 21.56 us (778.069 GFLOPS/s)
MUL_MAT_VEC q4_K m=12288 n=1 k=4096: 2 x 55.8 us = 111.6 us (1803.78 GFLOPS/s)
MUL_MAT_VEC q4_K m=32768 n=1 k=4096: 1 x 141.04 us = 141.04 us (1903.03 GFLOPS/s)
MUL_MAT_VEC q4_K m=4096 n=1 k=8192: 1 x 52.84 us = 52.84 us (1269.96 GFLOPS/s)
MUL_MAT_VEC q4_K m=8192 n=1 k=4096: 1 x 36.16 us = 36.16 us (1855.66 GFLOPS/s)
PAD: 1 x 11.96 us = 11.96 us
RMS_NORM_MUL RMS_NORM(256,16,1,1): 1 x 4.72 us = 4.72 us
RMS_NORM_MUL RMS_NORM(256,4,1,1): 1 x 2.76 us = 2.76 us
RMS_NORM_MUL RMS_NORM(4096,1,1,1): 5 x 6.808 us = 34.04 us
ROPE: 1 x 3.8 us = 3.8 us
ROPE_VIEW_SET_ROWS ROPE: 1 x 4.24 us = 4.24 us
SET_ROWS: 2 x 3.32 us = 6.64 us
SIGMOID_MUL SIGMOID: 1 x 3.44 us = 3.44 us
TOP_K K=10 (248320,1,1,1): 1 x 28.72 us = 28.72 us
Total time: 601.48 us.
----------------
Vulkan Timings:
ADD: 88 x 3.068 us = 270 us
CONCAT: 24 x 3.471 us = 83.32 us
CONT: 8 x 2.42 us = 19.36 us
CPY: 120 x 5.486 us = 658.4 us
FLASH_ATTN_EXT dst(256,16,4,1),  q(256,4,16,1),  k(256,256,4,1),  v(256,256,4,1),  m(256,4,1,1): 8 x 21.465 us = 171.72 us (781.608 GFLOPS/s)
GATED_DELTA_NET: 24 x 14.058 us = 337.4 us
GET_ROWS: 49 x 4.855 us = 237.92 us
GLU: 32 x 2.838 us = 90.84 us
MUL: 24 x 3.746 us = 89.92 us
MUL_MAT_VEC q4_K m=1024 n=4 k=4096: 11 x 6.189 us = 68.08 us (5420.88 GFLOPS/s)
MUL_MAT_VEC q4_K m=12288 n=4 k=4096: 64 x 60.133 us = 3848.56 us (6695.14 GFLOPS/s)
MUL_MAT_VEC q4_K m=4096 n=4 k=12288: 16 x 57.127 us = 914.04 us (7048.04 GFLOPS/s)
MUL_MAT_VEC q4_K m=4096 n=4 k=4096: 32 x 23.073 us = 738.36 us (5816.19 GFLOPS/s)
MUL_MAT_VEC q4_K m=8192 n=4 k=4096: 8 x 40.19 us = 321.52 us (6678.35 GFLOPS/s)
MUL_MAT_VEC q5_K m=4096 n=4 k=4096: 24 x 26.788 us = 642.92 us (5009.69 GFLOPS/s)
MUL_MAT_VEC q5_K m=8192 n=4 k=4096: 24 x 45.383 us = 1089.2 us (5914.12 GFLOPS/s)
MUL_MAT_VEC q6_K m=1024 n=4 k=4096: 5 x 13.424 us = 67.12 us (2499.28 GFLOPS/s)
MUL_MAT_VEC q6_K m=248320 n=4 k=4096: 1 x 1756.56 us = 1756.56 us (4631.76 GFLOPS/s)
MUL_MAT_VEC q6_K m=4096 n=4 k=12288: 16 x 98.572 us = 1577.16 us (4084.68 GFLOPS/s)
MUL_MAT_VEC q8_0 m=32 n=4 k=4096: 48 x 4.095 us = 196.56 us (256.031 GFLOPS/s)
RMS_NORM(128,16,4,1): 48 x 3.3 us = 158.4 us
RMS_NORM_MUL RMS_NORM(128,32,4,1): 24 x 6.171 us = 148.12 us
RMS_NORM_MUL RMS_NORM(256,16,4,1): 8 x 4.015 us = 32.12 us
RMS_NORM_MUL RMS_NORM(256,4,4,1): 8 x 3.16 us = 25.28 us
RMS_NORM_MUL RMS_NORM(4096,4,1,1): 65 x 5.665 us = 368.24 us
ROPE: 8 x 3.855 us = 30.84 us
ROPE_VIEW_SET_ROWS ROPE: 8 x 4.21 us = 33.68 us
SCALE: 48 x 2.864 us = 137.48 us
SET_ROWS: 8 x 3.405 us = 27.24 us
SIGMOID: 24 x 2.576 us = 61.84 us
SIGMOID_MUL SIGMOID: 8 x 3.42 us = 27.36 us
SILU: 24 x 1.455 us = 34.92 us
SOFTPLUS_MUL SOFTPLUS: 24 x 1.966 us = 47.2 us
SSM_CONV_SILU SSM_CONV: 24 x 2.645 us = 63.48 us
Total time: 14375.2 us.
----------------
Vulkan Timings:
ADD: 2 x 3.82 us = 7.64 us
CONCAT: 1 x 4.56 us = 4.56 us
CONT: 1 x 2.72 us = 2.72 us
FLASH_ATTN_EXT dst(256,16,4,1),  q(256,4,16,1),  k(256,256,4,1),  v(256,256,4,1),  m(256,4,1,1): 1 x 22.56 us = 22.56 us (743.671 GFLOPS/s)
GLU: 1 x 4 us = 4 us
MUL_MAT_VEC q4_K m=1024 n=4 k=4096: 2 x 8.48 us = 16.96 us (3956.41 GFLOPS/s)
MUL_MAT_VEC q4_K m=12288 n=4 k=4096: 2 x 75.7 us = 151.4 us (5318.42 GFLOPS/s)
MUL_MAT_VEC q4_K m=4096 n=4 k=12288: 1 x 88.64 us = 88.64 us (4542.38 GFLOPS/s)
MUL_MAT_VEC q4_K m=4096 n=4 k=4096: 1 x 36.16 us = 36.16 us (3711.32 GFLOPS/s)
MUL_MAT_VEC q4_K m=4096 n=4 k=8192: 1 x 63.16 us = 63.16 us (4249.83 GFLOPS/s)
MUL_MAT_VEC q4_K m=8192 n=4 k=4096: 1 x 64.16 us = 64.16 us (4183.33 GFLOPS/s)
RMS_NORM_MUL RMS_NORM(256,16,4,1): 1 x 5.2 us = 5.2 us
RMS_NORM_MUL RMS_NORM(256,4,4,1): 1 x 3.16 us = 3.16 us
RMS_NORM_MUL RMS_NORM(4096,4,1,1): 5 x 12.692 us = 63.46 us
ROPE: 1 x 4.16 us = 4.16 us
ROPE_VIEW_SET_ROWS ROPE: 1 x 4.56 us = 4.56 us
SET_ROWS: 1 x 3.16 us = 3.16 us
SIGMOID_MUL SIGMOID: 1 x 4.68 us = 4.68 us
Total time: 550.34 us.
----------------
Vulkan Timings:
CONCAT: 1 x 3.8 us = 3.8 us
CONT: 1 x 2.36 us = 2.36 us
FILL: 1 x 3.16 us = 3.16 us
FLASH_ATTN_EXT dst(256,16,1,1),  q(256,1,16,1),  k(256,256,4,1),  v(256,256,4,1),  m(256,1,1,1): 1 x 21.84 us = 21.84 us (192.047 GFLOPS/s)
GET_ROWS: 2 x 11.52 us = 23.04 us
GLU: 1 x 2.48 us = 2.48 us
MUL_MAT_ADD MUL_MAT_VEC q4_K m=4096 n=1 k=12288: 1 x 51.6 us = 51.6 us (1950.76 GFLOPS/s)
MUL_MAT_ADD MUL_MAT_VEC q4_K m=4096 n=1 k=4096: 1 x 19.64 us = 19.64 us (1708.27 GFLOPS/s)
MUL_MAT_VEC q4_K m=1024 n=1 k=4096: 2 x 5.4 us = 10.8 us (1553.26 GFLOPS/s)
MUL_MAT_VEC q4_K m=12288 n=1 k=4096: 2 x 54.72 us = 109.44 us (1839.38 GFLOPS/s)
MUL_MAT_VEC q4_K m=32768 n=1 k=4096: 1 x 132.4 us = 132.4 us (2027.21 GFLOPS/s)
MUL_MAT_VEC q4_K m=4096 n=1 k=8192: 1 x 46 us = 46 us (1458.8 GFLOPS/s)
MUL_MAT_VEC q4_K m=8192 n=1 k=4096: 1 x 45.2 us = 45.2 us (1484.53 GFLOPS/s)
PAD: 1 x 11.84 us = 11.84 us
RMS_NORM_MUL RMS_NORM(256,16,1,1): 1 x 4.72 us = 4.72 us
RMS_NORM_MUL RMS_NORM(256,4,1,1): 1 x 2.88 us = 2.88 us
RMS_NORM_MUL RMS_NORM(4096,1,1,1): 5 x 6.8 us = 34 us
ROPE: 1 x 3.96 us = 3.96 us
ROPE_VIEW_SET_ROWS ROPE: 1 x 4.36 us = 4.36 us
SET_ROWS: 2 x 3.18 us = 6.36 us
SIGMOID_MUL SIGMOID: 1 x 3.56 us = 3.56 us
TOP_K K=10 (248320,1,1,1): 1 x 28 us = 28 us
Total time: 571.44 us.
----------------
Vulkan Timings:
CONCAT: 1 x 3.76 us = 3.76 us
CONT: 1 x 2.32 us = 2.32 us
FILL: 1 x 3.24 us = 3.24 us
FLASH_ATTN_EXT dst(256,16,1,1),  q(256,1,16,1),  k(256,256,4,1),  v(256,256,4,1),  m(256,1,1,1): 1 x 21.4 us = 21.4 us (195.996 GFLOPS/s)
GET_ROWS: 2 x 11.24 us = 22.48 us
GLU: 1 x 3.16 us = 3.16 us
MUL_MAT_ADD MUL_MAT_VEC q4_K m=4096 n=1 k=12288: 1 x 61.32 us = 61.32 us (1641.54 GFLOPS/s)
MUL_MAT_ADD MUL_MAT_VEC q4_K m=4096 n=1 k=4096: 1 x 19.68 us = 19.68 us (1704.79 GFLOPS/s)
MUL_MAT_VEC q4_K m=1024 n=1 k=4096: 2 x 10.58 us = 21.16 us (792.777 GFLOPS/s)
MUL_MAT_VEC q4_K m=12288 n=1 k=4096: 2 x 55.9 us = 111.8 us (1800.55 GFLOPS/s)
MUL_MAT_VEC q4_K m=32768 n=1 k=4096: 1 x 141.16 us = 141.16 us (1901.41 GFLOPS/s)
MUL_MAT_VEC q4_K m=4096 n=1 k=8192: 1 x 52.56 us = 52.56 us (1276.73 GFLOPS/s)
MUL_MAT_VEC q4_K m=8192 n=1 k=4096: 1 x 36.56 us = 36.56 us (1835.36 GFLOPS/s)
PAD: 1 x 12.04 us = 12.04 us
RMS_NORM_MUL RMS_NORM(256,16,1,1): 1 x 4.72 us = 4.72 us
RMS_NORM_MUL RMS_NORM(256,4,1,1): 1 x 2.76 us = 2.76 us
RMS_NORM_MUL RMS_NORM(4096,1,1,1): 5 x 7.144 us = 35.72 us
ROPE: 1 x 3.76 us = 3.76 us
ROPE_VIEW_SET_ROWS ROPE: 1 x 4.24 us = 4.24 us
SET_ROWS: 2 x 3.28 us = 6.56 us
SIGMOID_MUL SIGMOID: 1 x 3.4 us = 3.4 us
TOP_K K=10 (248320,1,1,1): 1 x 27.72 us = 27.72 us
Total time: 601.52 us.
----------------
Vulkan Timings:
CONCAT: 1 x 3.76 us = 3.76 us
CONT: 1 x 2.32 us = 2.32 us
FILL: 1 x 3.16 us = 3.16 us
FLASH_ATTN_EXT dst(256,16,1,1),  q(256,1,16,1),  k(256,256,4,1),  v(256,256,4,1),  m(256,1,1,1): 1 x 21.64 us = 21.64 us (193.822 GFLOPS/s)
GET_ROWS: 2 x 11.32 us = 22.64 us
GLU: 1 x 3.2 us = 3.2 us
MUL_MAT_ADD MUL_MAT_VEC q4_K m=4096 n=1 k=12288: 1 x 61.36 us = 61.36 us (1640.47 GFLOPS/s)
MUL_MAT_ADD MUL_MAT_VEC q4_K m=4096 n=1 k=4096: 1 x 19.68 us = 19.68 us (1704.79 GFLOPS/s)
MUL_MAT_VEC q4_K m=1024 n=1 k=4096: 2 x 10.86 us = 21.72 us (772.337 GFLOPS/s)
MUL_MAT_VEC q4_K m=12288 n=1 k=4096: 2 x 55.3 us = 110.6 us (1820.09 GFLOPS/s)
MUL_MAT_VEC q4_K m=32768 n=1 k=4096: 1 x 140.72 us = 140.72 us (1907.35 GFLOPS/s)
MUL_MAT_VEC q4_K m=4096 n=1 k=8192: 1 x 52.6 us = 52.6 us (1275.76 GFLOPS/s)
MUL_MAT_VEC q4_K m=8192 n=1 k=4096: 1 x 36.08 us = 36.08 us (1859.77 GFLOPS/s)
PAD: 1 x 12 us = 12 us
RMS_NORM_MUL RMS_NORM(256,16,1,1): 1 x 4.76 us = 4.76 us
RMS_NORM_MUL RMS_NORM(256,4,1,1): 1 x 2.84 us = 2.84 us
RMS_NORM_MUL RMS_NORM(4096,1,1,1): 5 x 6.816 us = 34.08 us
ROPE: 1 x 3.76 us = 3.76 us
ROPE_VIEW_SET_ROWS ROPE: 1 x 4.16 us = 4.16 us
SET_ROWS: 2 x 3.26 us = 6.52 us
SIGMOID_MUL SIGMOID: 1 x 3.44 us = 3.44 us
TOP_K K=10 (248320,1,1,1): 1 x 28.44 us = 28.44 us
Total time: 599.48 us.
----------------
Vulkan Timings:
ADD: 88 x 3.095 us = 272.36 us
CONCAT: 24 x 3.485 us = 83.64 us
CONT: 8 x 2.415 us = 19.32 us
CPY: 120 x 5.488 us = 658.64 us
FLASH_ATTN_EXT dst(256,16,4,1),  q(256,4,16,1),  k(256,256,4,1),  v(256,256,4,1),  m(256,4,1,1): 8 x 21.515 us = 172.12 us (779.792 GFLOPS/s)
GATED_DELTA_NET: 24 x 14.085 us = 338.04 us
GET_ROWS: 49 x 4.856 us = 237.96 us
GLU: 32 x 2.782 us = 89.04 us
MUL: 24 x 3.781 us = 90.76 us
MUL_MAT_VEC q4_K m=1024 n=4 k=4096: 11 x 6.203 us = 68.24 us (5408.17 GFLOPS/s)
MUL_MAT_VEC q4_K m=12288 n=4 k=4096: 64 x 60.298 us = 3859.08 us (6676.89 GFLOPS/s)
MUL_MAT_VEC q4_K m=4096 n=4 k=12288: 16 x 56.762 us = 908.2 us (7093.36 GFLOPS/s)
MUL_MAT_VEC q4_K m=4096 n=4 k=4096: 32 x 23.012 us = 736.4 us (5831.67 GFLOPS/s)
MUL_MAT_VEC q4_K m=8192 n=4 k=4096: 8 x 40.305 us = 322.44 us (6659.29 GFLOPS/s)
MUL_MAT_VEC q5_K m=4096 n=4 k=4096: 24 x 26.878 us = 645.08 us (4992.92 GFLOPS/s)
MUL_MAT_VEC q5_K m=8192 n=4 k=4096: 24 x 45.206 us = 1084.96 us (5937.24 GFLOPS/s)
MUL_MAT_VEC q6_K m=1024 n=4 k=4096: 5 x 13.224 us = 66.12 us (2537.08 GFLOPS/s)
MUL_MAT_VEC q6_K m=248320 n=4 k=4096: 1 x 1758.92 us = 1758.92 us (4625.54 GFLOPS/s)
MUL_MAT_VEC q6_K m=4096 n=4 k=12288: 16 x 98.347 us = 1573.56 us (4094.02 GFLOPS/s)
MUL_MAT_VEC q8_0 m=32 n=4 k=4096: 48 x 4.084 us = 196.04 us (256.71 GFLOPS/s)
RMS_NORM(128,16,4,1): 48 x 3.301 us = 158.48 us
RMS_NORM_MUL RMS_NORM(128,32,4,1): 24 x 6.183 us = 148.4 us
RMS_NORM_MUL RMS_NORM(256,16,4,1): 8 x 4.06 us = 32.48 us
RMS_NORM_MUL RMS_NORM(256,4,4,1): 8 x 3.28 us = 26.24 us
RMS_NORM_MUL RMS_NORM(4096,4,1,1): 65 x 5.731 us = 372.56 us
ROPE: 8 x 3.77 us = 30.16 us
ROPE_VIEW_SET_ROWS ROPE: 8 x 4.24 us = 33.92 us
SCALE: 48 x 2.881 us = 138.32 us
SET_ROWS: 8 x 3.42 us = 27.36 us
SIGMOID: 24 x 2.553 us = 61.28 us
SIGMOID_MUL SIGMOID: 8 x 3.465 us = 27.72 us
SILU: 24 x 1.468 us = 35.24 us
SOFTPLUS_MUL SOFTPLUS: 24 x 2.036 us = 48.88 us
SSM_CONV_SILU SSM_CONV: 24 x 2.645 us = 63.48 us
Total time: 14385.4 us.
----------------
Vulkan Timings:
ADD: 2 x 3.68 us = 7.36 us
CONCAT: 1 x 4.12 us = 4.12 us
CONT: 1 x 2.52 us = 2.52 us
FLASH_ATTN_EXT dst(256,16,4,1),  q(256,4,16,1),  k(256,256,4,1),  v(256,256,4,1),  m(256,4,1,1): 1 x 21.72 us = 21.72 us (772.432 GFLOPS/s)
GLU: 1 x 4 us = 4 us
MUL_MAT_VEC q4_K m=1024 n=4 k=4096: 2 x 8.2 us = 16.4 us (4091.5 GFLOPS/s)
MUL_MAT_VEC q4_K m=12288 n=4 k=4096: 2 x 74.66 us = 149.32 us (5392.5 GFLOPS/s)
MUL_MAT_VEC q4_K m=4096 n=4 k=12288: 1 x 92 us = 92 us (4376.49 GFLOPS/s)
MUL_MAT_VEC q4_K m=4096 n=4 k=4096: 1 x 34.64 us = 34.64 us (3874.17 GFLOPS/s)
MUL_MAT_VEC q4_K m=4096 n=4 k=8192: 1 x 61.8 us = 61.8 us (4343.35 GFLOPS/s)
MUL_MAT_VEC q4_K m=8192 n=4 k=4096: 1 x 79.4 us = 79.4 us (3380.39 GFLOPS/s)
RMS_NORM_MUL RMS_NORM(256,16,4,1): 1 x 4.88 us = 4.88 us
RMS_NORM_MUL RMS_NORM(256,4,4,1): 1 x 2.92 us = 2.92 us
RMS_NORM_MUL RMS_NORM(4096,4,1,1): 5 x 9.816 us = 49.08 us
ROPE: 1 x 3.88 us = 3.88 us
ROPE_VIEW_SET_ROWS ROPE: 1 x 4.28 us = 4.28 us
SET_ROWS: 1 x 2.48 us = 2.48 us
SIGMOID_MUL SIGMOID: 1 x 4.28 us = 4.28 us
Total time: 545.08 us.
----------------
Vulkan Timings:
CONCAT: 1 x 3.8 us = 3.8 us
CONT: 1 x 2.4 us = 2.4 us
FILL: 1 x 3.16 us = 3.16 us
FLASH_ATTN_EXT dst(256,16,1,1),  q(256,1,16,1),  k(256,256,4,1),  v(256,256,4,1),  m(256,1,1,1): 1 x 21.68 us = 21.68 us (193.464 GFLOPS/s)
GET_ROWS: 2 x 11.46 us = 22.92 us
GLU: 1 x 2.44 us = 2.44 us
MUL_MAT_ADD MUL_MAT_VEC q4_K m=4096 n=1 k=12288: 1 x 51.12 us = 51.12 us (1969.08 GFLOPS/s)
MUL_MAT_ADD MUL_MAT_VEC q4_K m=4096 n=1 k=4096: 1 x 19.68 us = 19.68 us (1704.79 GFLOPS/s)
MUL_MAT_VEC q4_K m=1024 n=1 k=4096: 2 x 5.34 us = 10.68 us (1570.71 GFLOPS/s)
MUL_MAT_VEC q4_K m=12288 n=1 k=4096: 2 x 54.54 us = 109.08 us (1845.45 GFLOPS/s)
MUL_MAT_VEC q4_K m=32768 n=1 k=4096: 1 x 132.68 us = 132.68 us (2022.93 GFLOPS/s)
MUL_MAT_VEC q4_K m=4096 n=1 k=8192: 1 x 45.6 us = 45.6 us (1471.6 GFLOPS/s)
MUL_MAT_VEC q4_K m=8192 n=1 k=4096: 1 x 45.16 us = 45.16 us (1485.84 GFLOPS/s)
PAD: 1 x 11.92 us = 11.92 us
RMS_NORM_MUL RMS_NORM(256,16,1,1): 1 x 4.72 us = 4.72 us
RMS_NORM_MUL RMS_NORM(256,4,1,1): 1 x 2.88 us = 2.88 us
RMS_NORM_MUL RMS_NORM(4096,1,1,1): 5 x 7.048 us = 35.24 us
ROPE: 1 x 3.96 us = 3.96 us
ROPE_VIEW_SET_ROWS ROPE: 1 x 4.32 us = 4.32 us
SET_ROWS: 2 x 3.24 us = 6.48 us
SIGMOID_MUL SIGMOID: 1 x 3.48 us = 3.48 us
TOP_K K=10 (248320,1,1,1): 1 x 28.6 us = 28.6 us
Total time: 572 us.
----------------
Vulkan Timings:
CONCAT: 1 x 3.8 us = 3.8 us
CONT: 1 x 2.32 us = 2.32 us
FILL: 1 x 3.16 us = 3.16 us
FLASH_ATTN_EXT dst(256,16,1,1),  q(256,1,16,1),  k(256,256,4,1),  v(256,256,4,1),  m(256,1,1,1): 1 x 21.48 us = 21.48 us (195.266 GFLOPS/s)
GET_ROWS: 2 x 11.3 us = 22.6 us
GLU: 1 x 3.2 us = 3.2 us
MUL_MAT_ADD MUL_MAT_VEC q4_K m=4096 n=1 k=12288: 1 x 61.4 us = 61.4 us (1639.4 GFLOPS/s)
MUL_MAT_ADD MUL_MAT_VEC q4_K m=4096 n=1 k=4096: 1 x 19.88 us = 19.88 us (1687.64 GFLOPS/s)
MUL_MAT_VEC q4_K m=1024 n=1 k=4096: 2 x 10.88 us = 21.76 us (770.918 GFLOPS/s)
MUL_MAT_VEC q4_K m=12288 n=1 k=4096: 2 x 56.26 us = 112.52 us (1789.03 GFLOPS/s)
MUL_MAT_VEC q4_K m=32768 n=1 k=4096: 1 x 141.04 us = 141.04 us (1903.03 GFLOPS/s)
MUL_MAT_VEC q4_K m=4096 n=1 k=8192: 1 x 52.76 us = 52.76 us (1271.89 GFLOPS/s)
MUL_MAT_VEC q4_K m=8192 n=1 k=4096: 1 x 36.12 us = 36.12 us (1857.72 GFLOPS/s)
PAD: 1 x 12.04 us = 12.04 us
RMS_NORM_MUL RMS_NORM(256,16,1,1): 1 x 4.72 us = 4.72 us
RMS_NORM_MUL RMS_NORM(256,4,1,1): 1 x 2.84 us = 2.84 us
RMS_NORM_MUL RMS_NORM(4096,1,1,1): 5 x 6.888 us = 34.44 us
ROPE: 1 x 3.76 us = 3.76 us
ROPE_VIEW_SET_ROWS ROPE: 1 x 4.24 us = 4.24 us
SET_ROWS: 2 x 3.32 us = 6.64 us
SIGMOID_MUL SIGMOID: 1 x 3.44 us = 3.44 us
TOP_K K=10 (248320,1,1,1): 1 x 27.92 us = 27.92 us
Total time: 602.08 us.
----------------
Vulkan Timings:
CONCAT: 1 x 3.8 us = 3.8 us
CONT: 1 x 2.32 us = 2.32 us
FILL: 1 x 3.16 us = 3.16 us
FLASH_ATTN_EXT dst(256,16,1,1),  q(256,1,16,1),  k(256,256,4,1),  v(256,256,4,1),  m(256,1,1,1): 1 x 21.52 us = 21.52 us (194.903 GFLOPS/s)
GET_ROWS: 2 x 11.28 us = 22.56 us
GLU: 1 x 3.48 us = 3.48 us
MUL_MAT_ADD MUL_MAT_VEC q4_K m=4096 n=1 k=12288: 1 x 61.12 us = 61.12 us (1646.91 GFLOPS/s)
MUL_MAT_ADD MUL_MAT_VEC q4_K m=4096 n=1 k=4096: 1 x 19.6 us = 19.6 us (1711.75 GFLOPS/s)
MUL_MAT_VEC q4_K m=1024 n=1 k=4096: 2 x 10.8 us = 21.6 us (776.628 GFLOPS/s)
MUL_MAT_VEC q4_K m=12288 n=1 k=4096: 2 x 55.96 us = 111.92 us (1798.62 GFLOPS/s)
MUL_MAT_VEC q4_K m=32768 n=1 k=4096: 1 x 141.08 us = 141.08 us (1902.49 GFLOPS/s)
MUL_MAT_VEC q4_K m=4096 n=1 k=8192: 1 x 53.36 us = 53.36 us (1257.59 GFLOPS/s)
MUL_MAT_VEC q4_K m=8192 n=1 k=4096: 1 x 36.2 us = 36.2 us (1853.61 GFLOPS/s)
PAD: 1 x 12.08 us = 12.08 us
RMS_NORM_MUL RMS_NORM(256,16,1,1): 1 x 4.72 us = 4.72 us
RMS_NORM_MUL RMS_NORM(256,4,1,1): 1 x 2.8 us = 2.8 us
RMS_NORM_MUL RMS_NORM(4096,1,1,1): 5 x 7.112 us = 35.56 us
ROPE: 1 x 3.76 us = 3.76 us
ROPE_VIEW_SET_ROWS ROPE: 1 x 4.24 us = 4.24 us
SET_ROWS: 2 x 3.34 us = 6.68 us
SIGMOID_MUL SIGMOID: 1 x 3.48 us = 3.48 us
TOP_K K=10 (248320,1,1,1): 1 x 28.96 us = 28.96 us
Total time: 604 us.
----------------
Vulkan Timings:
ADD: 88 x 3.107 us = 273.44 us
CONCAT: 24 x 3.503 us = 84.08 us
CONT: 8 x 2.44 us = 19.52 us
CPY: 120 x 5.492 us = 659.08 us
FLASH_ATTN_EXT dst(256,16,4,1),  q(256,4,16,1),  k(256,256,4,1),  v(256,256,4,1),  m(256,4,1,1): 8 x 21.445 us = 171.56 us (782.337 GFLOPS/s)
GATED_DELTA_NET: 24 x 13.991 us = 335.8 us
GET_ROWS: 49 x 4.8 us = 235.2 us
GLU: 32 x 2.775 us = 88.8 us
MUL: 24 x 3.771 us = 90.52 us
MUL_MAT_VEC q4_K m=1024 n=4 k=4096: 11 x 6.36 us = 69.96 us (5275.21 GFLOPS/s)
MUL_MAT_VEC q4_K m=12288 n=4 k=4096: 64 x 60.142 us = 3849.12 us (6694.17 GFLOPS/s)
MUL_MAT_VEC q4_K m=4096 n=4 k=12288: 16 x 56.745 us = 907.92 us (7095.55 GFLOPS/s)
MUL_MAT_VEC q4_K m=4096 n=4 k=4096: 32 x 23.113 us = 739.64 us (5806.13 GFLOPS/s)
MUL_MAT_VEC q4_K m=8192 n=4 k=4096: 8 x 40.07 us = 320.56 us (6698.35 GFLOPS/s)
MUL_MAT_VEC q5_K m=4096 n=4 k=4096: 24 x 26.82 us = 643.68 us (5003.78 GFLOPS/s)
MUL_MAT_VEC q5_K m=8192 n=4 k=4096: 24 x 45.203 us = 1084.88 us (5937.67 GFLOPS/s)
MUL_MAT_VEC q6_K m=1024 n=4 k=4096: 5 x 13.392 us = 66.96 us (2505.25 GFLOPS/s)
MUL_MAT_VEC q6_K m=248320 n=4 k=4096: 1 x 1785.88 us = 1785.88 us (4555.71 GFLOPS/s)
MUL_MAT_VEC q6_K m=4096 n=4 k=12288: 16 x 98.267 us = 1572.28 us (4097.35 GFLOPS/s)
MUL_MAT_VEC q8_0 m=32 n=4 k=4096: 48 x 4.1 us = 196.8 us (255.719 GFLOPS/s)
RMS_NORM(128,16,4,1): 48 x 3.29 us = 157.92 us
RMS_NORM_MUL RMS_NORM(128,32,4,1): 24 x 6.198 us = 148.76 us
RMS_NORM_MUL RMS_NORM(256,16,4,1): 8 x 4.105 us = 32.84 us
RMS_NORM_MUL RMS_NORM(256,4,4,1): 8 x 3.14 us = 25.12 us
RMS_NORM_MUL RMS_NORM(4096,4,1,1): 65 x 5.752 us = 373.92 us
ROPE: 8 x 3.92 us = 31.36 us
ROPE_VIEW_SET_ROWS ROPE: 8 x 4.2 us = 33.6 us
SCALE: 48 x 2.92 us = 140.16 us
SET_ROWS: 8 x 3.46 us = 27.68 us
SIGMOID: 24 x 2.603 us = 62.48 us
SIGMOID_MUL SIGMOID: 8 x 3.45 us = 27.6 us
SILU: 24 x 1.425 us = 34.2 us
SOFTPLUS_MUL SOFTPLUS: 24 x 1.926 us = 46.24 us
SSM_CONV_SILU SSM_CONV: 24 x 2.635 us = 63.24 us
Total time: 14400.8 us.
----------------
Vulkan Timings:
ADD: 2 x 3.68 us = 7.36 us
CONCAT: 1 x 4.24 us = 4.24 us
CONT: 1 x 2.52 us = 2.52 us
FLASH_ATTN_EXT dst(256,16,4,1),  q(256,4,16,1),  k(256,256,4,1),  v(256,256,4,1),  m(256,4,1,1): 1 x 21.88 us = 21.88 us (766.783 GFLOPS/s)
GLU: 1 x 4.04 us = 4.04 us
MUL_MAT_VEC q4_K m=1024 n=4 k=4096: 2 x 8.3 us = 16.6 us (4042.21 GFLOPS/s)
MUL_MAT_VEC q4_K m=12288 n=4 k=4096: 2 x 76.26 us = 152.52 us (5279.36 GFLOPS/s)
MUL_MAT_VEC q4_K m=4096 n=4 k=12288: 1 x 86.72 us = 86.72 us (4642.95 GFLOPS/s)
MUL_MAT_VEC q4_K m=4096 n=4 k=4096: 1 x 35.44 us = 35.44 us (3786.72 GFLOPS/s)
MUL_MAT_VEC q4_K m=4096 n=4 k=8192: 1 x 61.32 us = 61.32 us (4377.35 GFLOPS/s)
MUL_MAT_VEC q4_K m=8192 n=4 k=4096: 1 x 62.68 us = 62.68 us (4282.11 GFLOPS/s)
RMS_NORM_MUL RMS_NORM(256,16,4,1): 1 x 4.92 us = 4.92 us
RMS_NORM_MUL RMS_NORM(256,4,4,1): 1 x 3 us = 3 us
RMS_NORM_MUL RMS_NORM(4096,4,1,1): 5 x 9.664 us = 48.32 us
ROPE: 1 x 3.92 us = 3.92 us
ROPE_VIEW_SET_ROWS ROPE: 1 x 4.32 us = 4.32 us
SET_ROWS: 1 x 2.44 us = 2.44 us
SIGMOID_MUL SIGMOID: 1 x 4.32 us = 4.32 us
Total time: 526.56 us.
----------------
Vulkan Timings:
CONCAT: 1 x 3.8 us = 3.8 us
CONT: 1 x 2.4 us = 2.4 us
FILL: 1 x 3.2 us = 3.2 us
FLASH_ATTN_EXT dst(256,16,1,1),  q(256,1,16,1),  k(256,256,4,1),  v(256,256,4,1),  m(256,1,1,1): 1 x 21.8 us = 21.8 us (192.399 GFLOPS/s)
GET_ROWS: 2 x 11.44 us = 22.88 us
GLU: 1 x 2.48 us = 2.48 us
MUL_MAT_ADD MUL_MAT_VEC q4_K m=4096 n=1 k=12288: 1 x 50.96 us = 50.96 us (1975.26 GFLOPS/s)
MUL_MAT_ADD MUL_MAT_VEC q4_K m=4096 n=1 k=4096: 1 x 19.8 us = 19.8 us (1694.46 GFLOPS/s)
MUL_MAT_VEC q4_K m=1024 n=1 k=4096: 2 x 5.38 us = 10.76 us (1559.03 GFLOPS/s)
MUL_MAT_VEC q4_K m=12288 n=1 k=4096: 2 x 55 us = 110 us (1830.02 GFLOPS/s)
MUL_MAT_VEC q4_K m=32768 n=1 k=4096: 1 x 132.24 us = 132.24 us (2029.66 GFLOPS/s)
MUL_MAT_VEC q4_K m=4096 n=1 k=8192: 1 x 46.16 us = 46.16 us (1453.74 GFLOPS/s)
MUL_MAT_VEC q4_K m=8192 n=1 k=4096: 1 x 45.4 us = 45.4 us (1477.99 GFLOPS/s)
PAD: 1 x 12.04 us = 12.04 us
RMS_NORM_MUL RMS_NORM(256,16,1,1): 1 x 4.76 us = 4.76 us
RMS_NORM_MUL RMS_NORM(256,4,1,1): 1 x 2.88 us = 2.88 us
RMS_NORM_MUL RMS_NORM(4096,1,1,1): 5 x 7.008 us = 35.04 us
ROPE: 1 x 4 us = 4 us
ROPE_VIEW_SET_ROWS ROPE: 1 x 4.4 us = 4.4 us
SET_ROWS: 2 x 3.22 us = 6.44 us
SIGMOID_MUL SIGMOID: 1 x 3.52 us = 3.52 us
TOP_K K=10 (248320,1,1,1): 1 x 28.8 us = 28.8 us
Total time: 573.76 us.
----------------
Vulkan Timings:
CONCAT: 1 x 3.76 us = 3.76 us
CONT: 1 x 2.32 us = 2.32 us
FILL: 1 x 3.16 us = 3.16 us
FLASH_ATTN_EXT dst(256,16,1,1),  q(256,1,16,1),  k(256,256,4,1),  v(256,256,4,1),  m(256,1,1,1): 1 x 21.64 us = 21.64 us (193.822 GFLOPS/s)
GET_ROWS: 2 x 11.36 us = 22.72 us
GLU: 1 x 2.52 us = 2.52 us
MUL_MAT_ADD MUL_MAT_VEC q4_K m=4096 n=1 k=12288: 1 x 61.16 us = 61.16 us (1645.83 GFLOPS/s)
MUL_MAT_ADD MUL_MAT_VEC q4_K m=4096 n=1 k=4096: 1 x 19.68 us = 19.68 us (1704.79 GFLOPS/s)
MUL_MAT_VEC q4_K m=1024 n=1 k=4096: 2 x 10.6 us = 21.2 us (791.282 GFLOPS/s)
MUL_MAT_VEC q4_K m=12288 n=1 k=4096: 2 x 56.08 us = 112.16 us (1794.78 GFLOPS/s)
MUL_MAT_VEC q4_K m=32768 n=1 k=4096: 1 x 141.76 us = 141.76 us (1893.36 GFLOPS/s)
MUL_MAT_VEC q4_K m=4096 n=1 k=8192: 1 x 52.88 us = 52.88 us (1269 GFLOPS/s)
MUL_MAT_VEC q4_K m=8192 n=1 k=4096: 1 x 36.12 us = 36.12 us (1857.72 GFLOPS/s)
PAD: 1 x 12 us = 12 us
RMS_NORM_MUL RMS_NORM(256,16,1,1): 1 x 4.76 us = 4.76 us
RMS_NORM_MUL RMS_NORM(256,4,1,1): 1 x 2.76 us = 2.76 us
RMS_NORM_MUL RMS_NORM(4096,1,1,1): 5 x 6.904 us = 34.52 us
ROPE: 1 x 3.8 us = 3.8 us
ROPE_VIEW_SET_ROWS ROPE: 1 x 4.2 us = 4.2 us
SET_ROWS: 2 x 3.38 us = 6.76 us
SIGMOID_MUL SIGMOID: 1 x 3.48 us = 3.48 us
TOP_K K=10 (248320,1,1,1): 1 x 27.92 us = 27.92 us
Total time: 601.28 us.
----------------
Vulkan Timings:
CONCAT: 1 x 3.8 us = 3.8 us
CONT: 1 x 2.32 us = 2.32 us
FILL: 1 x 3.16 us = 3.16 us
FLASH_ATTN_EXT dst(256,16,1,1),  q(256,1,16,1),  k(256,256,4,1),  v(256,256,4,1),  m(256,1,1,1): 1 x 21.48 us = 21.48 us (195.266 GFLOPS/s)
GET_ROWS: 2 x 11.2 us = 22.4 us
GLU: 1 x 3.28 us = 3.28 us
MUL_MAT_ADD MUL_MAT_VEC q4_K m=4096 n=1 k=12288: 1 x 61.4 us = 61.4 us (1639.4 GFLOPS/s)
MUL_MAT_ADD MUL_MAT_VEC q4_K m=4096 n=1 k=4096: 1 x 19.76 us = 19.76 us (1697.89 GFLOPS/s)
MUL_MAT_VEC q4_K m=1024 n=1 k=4096: 2 x 10.8 us = 21.6 us (776.628 GFLOPS/s)
MUL_MAT_VEC q4_K m=12288 n=1 k=4096: 2 x 56 us = 112 us (1797.34 GFLOPS/s)
MUL_MAT_VEC q4_K m=32768 n=1 k=4096: 1 x 141.16 us = 141.16 us (1901.41 GFLOPS/s)
MUL_MAT_VEC q4_K m=4096 n=1 k=8192: 1 x 52.72 us = 52.72 us (1272.85 GFLOPS/s)
MUL_MAT_VEC q4_K m=8192 n=1 k=4096: 1 x 36.08 us = 36.08 us (1859.77 GFLOPS/s)
PAD: 1 x 12 us = 12 us
RMS_NORM_MUL RMS_NORM(256,16,1,1): 1 x 4.76 us = 4.76 us
RMS_NORM_MUL RMS_NORM(256,4,1,1): 1 x 2.8 us = 2.8 us
RMS_NORM_MUL RMS_NORM(4096,1,1,1): 5 x 7.08 us = 35.4 us
ROPE: 1 x 3.76 us = 3.76 us
ROPE_VIEW_SET_ROWS ROPE: 1 x 4.24 us = 4.24 us
SET_ROWS: 2 x 3.2 us = 6.4 us
SIGMOID_MUL SIGMOID: 1 x 3.48 us = 3.48 us
TOP_K K=10 (248320,1,1,1): 1 x 27.96 us = 27.96 us
Total time: 601.96 us.
----------------
Vulkan Timings:
ADD: 88 x 3.091 us = 272.04 us
CONCAT: 24 x 3.466 us = 83.2 us
CONT: 8 x 2.47 us = 19.76 us
CPY: 120 x 5.492 us = 659.08 us
FLASH_ATTN_EXT dst(256,16,4,1),  q(256,4,16,1),  k(256,256,4,1),  v(256,256,4,1),  m(256,4,1,1): 8 x 21.46 us = 171.68 us (781.79 GFLOPS/s)
GATED_DELTA_NET: 24 x 14.113 us = 338.72 us
GET_ROWS: 49 x 4.803 us = 235.36 us
GLU: 32 x 2.838 us = 90.84 us
MUL: 24 x 3.735 us = 89.64 us
MUL_MAT_VEC q4_K m=1024 n=4 k=4096: 11 x 6.287 us = 69.16 us (5336.23 GFLOPS/s)
MUL_MAT_VEC q4_K m=12288 n=4 k=4096: 64 x 60.463 us = 3869.68 us (6658.6 GFLOPS/s)
MUL_MAT_VEC q4_K m=4096 n=4 k=12288: 16 x 57.177 us = 914.84 us (7041.87 GFLOPS/s)
MUL_MAT_VEC q4_K m=4096 n=4 k=4096: 32 x 23.223 us = 743.16 us (5778.63 GFLOPS/s)
MUL_MAT_VEC q4_K m=8192 n=4 k=4096: 8 x 40.36 us = 322.88 us (6650.22 GFLOPS/s)
MUL_MAT_VEC q5_K m=4096 n=4 k=4096: 24 x 26.978 us = 647.48 us (4974.41 GFLOPS/s)
MUL_MAT_VEC q5_K m=8192 n=4 k=4096: 24 x 45.431 us = 1090.36 us (5907.83 GFLOPS/s)
MUL_MAT_VEC q6_K m=1024 n=4 k=4096: 5 x 13.4 us = 67 us (2503.76 GFLOPS/s)
MUL_MAT_VEC q6_K m=248320 n=4 k=4096: 1 x 1788.08 us = 1788.08 us (4550.11 GFLOPS/s)
MUL_MAT_VEC q6_K m=4096 n=4 k=12288: 16 x 98.305 us = 1572.88 us (4095.79 GFLOPS/s)
MUL_MAT_VEC q8_0 m=32 n=4 k=4096: 48 x 4.112 us = 197.4 us (254.942 GFLOPS/s)
RMS_NORM(128,16,4,1): 48 x 3.387 us = 162.6 us
RMS_NORM_MUL RMS_NORM(128,32,4,1): 24 x 6.196 us = 148.72 us
RMS_NORM_MUL RMS_NORM(256,16,4,1): 8 x 4.075 us = 32.6 us
RMS_NORM_MUL RMS_NORM(256,4,4,1): 8 x 3.09 us = 24.72 us
RMS_NORM_MUL RMS_NORM(4096,4,1,1): 65 x 5.788 us = 376.28 us
ROPE: 8 x 3.96 us = 31.68 us
ROPE_VIEW_SET_ROWS ROPE: 8 x 4.195 us = 33.56 us
SCALE: 48 x 2.96 us = 142.08 us
SET_ROWS: 8 x 3.395 us = 27.16 us
SIGMOID: 24 x 2.506 us = 60.16 us
SIGMOID_MUL SIGMOID: 8 x 3.38 us = 27.04 us
SILU: 24 x 1.621 us = 38.92 us
SOFTPLUS_MUL SOFTPLUS: 24 x 2.088 us = 50.12 us
SSM_CONV_SILU SSM_CONV: 24 x 2.6 us = 62.4 us
Total time: 14461.3 us.
----------------
Vulkan Timings:
ADD: 2 x 3.62 us = 7.24 us
CONCAT: 1 x 4.2 us = 4.2 us
CONT: 1 x 2.48 us = 2.48 us
FLASH_ATTN_EXT dst(256,16,4,1),  q(256,4,16,1),  k(256,256,4,1),  v(256,256,4,1),  m(256,4,1,1): 1 x 21.96 us = 21.96 us (763.99 GFLOPS/s)
GLU: 1 x 4.24 us = 4.24 us
MUL_MAT_VEC q4_K m=1024 n=4 k=4096: 2 x 8.24 us = 16.48 us (4071.64 GFLOPS/s)
MUL_MAT_VEC q4_K m=12288 n=4 k=4096: 2 x 75.54 us = 151.08 us (5329.68 GFLOPS/s)
MUL_MAT_VEC q4_K m=4096 n=4 k=12288: 1 x 78.32 us = 78.32 us (5140.92 GFLOPS/s)
MUL_MAT_VEC q4_K m=4096 n=4 k=4096: 1 x 34.88 us = 34.88 us (3847.52 GFLOPS/s)
MUL_MAT_VEC q4_K m=4096 n=4 k=8192: 1 x 62.08 us = 62.08 us (4323.76 GFLOPS/s)
MUL_MAT_VEC q4_K m=8192 n=4 k=4096: 1 x 74.08 us = 74.08 us (3623.15 GFLOPS/s)
RMS_NORM_MUL RMS_NORM(256,16,4,1): 1 x 4.92 us = 4.92 us
RMS_NORM_MUL RMS_NORM(256,4,4,1): 1 x 2.92 us = 2.92 us
RMS_NORM_MUL RMS_NORM(4096,4,1,1): 5 x 12.104 us = 60.52 us
ROPE: 1 x 3.92 us = 3.92 us
ROPE_VIEW_SET_ROWS ROPE: 1 x 4.28 us = 4.28 us
SET_ROWS: 1 x 2.44 us = 2.44 us
SIGMOID_MUL SIGMOID: 1 x 4.28 us = 4.28 us
Total time: 540.32 us.
----------------
Vulkan Timings:
CONCAT: 1 x 3.88 us = 3.88 us
CONT: 1 x 2.44 us = 2.44 us
FILL: 1 x 3.2 us = 3.2 us
FLASH_ATTN_EXT dst(256,16,1,1),  q(256,1,16,1),  k(256,256,4,1),  v(256,256,4,1),  m(256,1,1,1): 1 x 21.68 us = 21.68 us (193.464 GFLOPS/s)
GET_ROWS: 2 x 11.52 us = 23.04 us
GLU: 1 x 2.52 us = 2.52 us
MUL_MAT_ADD MUL_MAT_VEC q4_K m=4096 n=1 k=12288: 1 x 51 us = 51 us (1973.71 GFLOPS/s)
MUL_MAT_ADD MUL_MAT_VEC q4_K m=4096 n=1 k=4096: 1 x 19.68 us = 19.68 us (1704.79 GFLOPS/s)
MUL_MAT_VEC q4_K m=1024 n=1 k=4096: 2 x 5.42 us = 10.84 us (1547.52 GFLOPS/s)
MUL_MAT_VEC q4_K m=12288 n=1 k=4096: 2 x 54.78 us = 109.56 us (1837.37 GFLOPS/s)
MUL_MAT_VEC q4_K m=32768 n=1 k=4096: 1 x 132.96 us = 132.96 us (2018.67 GFLOPS/s)
MUL_MAT_VEC q4_K m=4096 n=1 k=8192: 1 x 46.48 us = 46.48 us (1443.73 GFLOPS/s)
MUL_MAT_VEC q4_K m=8192 n=1 k=4096: 1 x 45.36 us = 45.36 us (1479.29 GFLOPS/s)
PAD: 1 x 12.04 us = 12.04 us
RMS_NORM_MUL RMS_NORM(256,16,1,1): 1 x 4.72 us = 4.72 us
RMS_NORM_MUL RMS_NORM(256,4,1,1): 1 x 2.92 us = 2.92 us
RMS_NORM_MUL RMS_NORM(4096,1,1,1): 5 x 6.976 us = 34.88 us
ROPE: 1 x 4 us = 4 us
ROPE_VIEW_SET_ROWS ROPE: 1 x 4.36 us = 4.36 us
SET_ROWS: 2 x 3.2 us = 6.4 us
SIGMOID_MUL SIGMOID: 1 x 3.48 us = 3.48 us
TOP_K K=10 (248320,1,1,1): 1 x 28.24 us = 28.24 us
Total time: 573.68 us.
----------------
Vulkan Timings:
CONCAT: 1 x 3.76 us = 3.76 us
CONT: 1 x 2.56 us = 2.56 us
FILL: 1 x 3.2 us = 3.2 us
FLASH_ATTN_EXT dst(256,16,1,1),  q(256,1,16,1),  k(256,256,4,1),  v(256,256,4,1),  m(256,1,1,1): 1 x 21.4 us = 21.4 us (195.996 GFLOPS/s)
GET_ROWS: 2 x 11.34 us = 22.68 us
GLU: 1 x 3.16 us = 3.16 us
MUL_MAT_ADD MUL_MAT_VEC q4_K m=4096 n=1 k=12288: 1 x 61.12 us = 61.12 us (1646.91 GFLOPS/s)
MUL_MAT_ADD MUL_MAT_VEC q4_K m=4096 n=1 k=4096: 1 x 19.8 us = 19.8 us (1694.46 GFLOPS/s)
MUL_MAT_VEC q4_K m=1024 n=1 k=4096: 2 x 10.94 us = 21.88 us (766.69 GFLOPS/s)
MUL_MAT_VEC q4_K m=12288 n=1 k=4096: 2 x 55.88 us = 111.76 us (1801.2 GFLOPS/s)
MUL_MAT_VEC q4_K m=32768 n=1 k=4096: 1 x 140.92 us = 140.92 us (1904.65 GFLOPS/s)
MUL_MAT_VEC q4_K m=4096 n=1 k=8192: 1 x 52.52 us = 52.52 us (1277.7 GFLOPS/s)
MUL_MAT_VEC q4_K m=8192 n=1 k=4096: 1 x 36.2 us = 36.2 us (1853.61 GFLOPS/s)
PAD: 1 x 12 us = 12 us
RMS_NORM_MUL RMS_NORM(256,16,1,1): 1 x 4.72 us = 4.72 us
RMS_NORM_MUL RMS_NORM(256,4,1,1): 1 x 2.76 us = 2.76 us
RMS_NORM_MUL RMS_NORM(4096,1,1,1): 5 x 6.864 us = 34.32 us
ROPE: 1 x 3.76 us = 3.76 us
ROPE_VIEW_SET_ROWS ROPE: 1 x 4.16 us = 4.16 us
SET_ROWS: 2 x 3.36 us = 6.72 us
SIGMOID_MUL SIGMOID: 1 x 3.28 us = 3.28 us
TOP_K K=10 (248320,1,1,1): 1 x 28.36 us = 28.36 us
Total time: 601.04 us.
----------------
Vulkan Timings:
CONCAT: 1 x 3.76 us = 3.76 us
CONT: 1 x 2.36 us = 2.36 us
FILL: 1 x 3.04 us = 3.04 us
FLASH_ATTN_EXT dst(256,16,1,1),  q(256,1,16,1),  k(256,256,4,1),  v(256,256,4,1),  m(256,1,1,1): 1 x 21.68 us = 21.68 us (193.464 GFLOPS/s)
GET_ROWS: 2 x 11.54 us = 23.08 us
GLU: 1 x 3.24 us = 3.24 us
MUL_MAT_ADD MUL_MAT_VEC q4_K m=4096 n=1 k=12288: 1 x 61.76 us = 61.76 us (1629.84 GFLOPS/s)
MUL_MAT_ADD MUL_MAT_VEC q4_K m=4096 n=1 k=4096: 1 x 19.76 us = 19.76 us (1697.89 GFLOPS/s)
MUL_MAT_VEC q4_K m=1024 n=1 k=4096: 2 x 10.88 us = 21.76 us (770.918 GFLOPS/s)
MUL_MAT_VEC q4_K m=12288 n=1 k=4096: 2 x 56.38 us = 112.76 us (1785.23 GFLOPS/s)
MUL_MAT_VEC q4_K m=32768 n=1 k=4096: 1 x 141.08 us = 141.08 us (1902.49 GFLOPS/s)
MUL_MAT_VEC q4_K m=4096 n=1 k=8192: 1 x 52.72 us = 52.72 us (1272.85 GFLOPS/s)
MUL_MAT_VEC q4_K m=8192 n=1 k=4096: 1 x 36.24 us = 36.24 us (1851.56 GFLOPS/s)
PAD: 1 x 12.04 us = 12.04 us
RMS_NORM_MUL RMS_NORM(256,16,1,1): 1 x 4.72 us = 4.72 us
RMS_NORM_MUL RMS_NORM(256,4,1,1): 1 x 2.84 us = 2.84 us
RMS_NORM_MUL RMS_NORM(4096,1,1,1): 5 x 6.952 us = 34.76 us
ROPE: 1 x 3.76 us = 3.76 us
ROPE_VIEW_SET_ROWS ROPE: 1 x 4.28 us = 4.28 us
SET_ROWS: 2 x 3.34 us = 6.68 us
SIGMOID_MUL SIGMOID: 1 x 3.56 us = 3.56 us
TOP_K K=10 (248320,1,1,1): 1 x 28.32 us = 28.32 us
Total time: 604.2 us.
----------------
Vulkan Timings:
ADD: 88 x 3.09 us = 271.96 us
CONCAT: 24 x 3.46 us = 83.04 us
CONT: 8 x 2.375 us = 19 us
CPY: 120 x 5.493 us = 659.24 us
FLASH_ATTN_EXT dst(256,16,4,1),  q(256,4,16,1),  k(256,256,4,1),  v(256,256,4,1),  m(256,4,1,1): 8 x 21.58 us = 172.64 us (777.443 GFLOPS/s)
GATED_DELTA_NET: 24 x 14.145 us = 339.48 us
GET_ROWS: 49 x 4.847 us = 237.52 us
GLU: 32 x 2.861 us = 91.56 us
MUL: 24 x 3.768 us = 90.44 us
MUL_MAT_VEC q4_K m=1024 n=4 k=4096: 11 x 6.232 us = 68.56 us (5382.93 GFLOPS/s)
MUL_MAT_VEC q4_K m=12288 n=4 k=4096: 64 x 60.453 us = 3869.04 us (6659.7 GFLOPS/s)
MUL_MAT_VEC q4_K m=4096 n=4 k=12288: 16 x 57.047 us = 912.76 us (7057.92 GFLOPS/s)
MUL_MAT_VEC q4_K m=4096 n=4 k=4096: 32 x 23.06 us = 737.92 us (5819.66 GFLOPS/s)
MUL_MAT_VEC q4_K m=8192 n=4 k=4096: 8 x 40.32 us = 322.56 us (6656.81 GFLOPS/s)
MUL_MAT_VEC q5_K m=4096 n=4 k=4096: 24 x 26.891 us = 645.4 us (4990.44 GFLOPS/s)
MUL_MAT_VEC q5_K m=8192 n=4 k=4096: 24 x 45.43 us = 1090.32 us (5908.05 GFLOPS/s)
MUL_MAT_VEC q6_K m=1024 n=4 k=4096: 5 x 13.432 us = 67.16 us (2497.79 GFLOPS/s)
MUL_MAT_VEC q6_K m=248320 n=4 k=4096: 1 x 1762.04 us = 1762.04 us (4617.35 GFLOPS/s)
MUL_MAT_VEC q6_K m=4096 n=4 k=12288: 16 x 98.392 us = 1574.28 us (4092.15 GFLOPS/s)
MUL_MAT_VEC q8_0 m=32 n=4 k=4096: 48 x 4.121 us = 197.84 us (254.375 GFLOPS/s)
RMS_NORM(128,16,4,1): 48 x 3.285 us = 157.68 us
RMS_NORM_MUL RMS_NORM(128,32,4,1): 24 x 6.223 us = 149.36 us
RMS_NORM_MUL RMS_NORM(256,16,4,1): 8 x 4.015 us = 32.12 us
RMS_NORM_MUL RMS_NORM(256,4,4,1): 8 x 3.255 us = 26.04 us
RMS_NORM_MUL RMS_NORM(4096,4,1,1): 65 x 5.716 us = 371.56 us
ROPE: 8 x 3.875 us = 31 us
ROPE_VIEW_SET_ROWS ROPE: 8 x 4.215 us = 33.72 us
SCALE: 48 x 2.894 us = 138.92 us
SET_ROWS: 8 x 3.425 us = 27.4 us
SIGMOID: 24 x 2.466 us = 59.2 us
SIGMOID_MUL SIGMOID: 8 x 3.66 us = 29.28 us
SILU: 24 x 1.566 us = 37.6 us
SOFTPLUS_MUL SOFTPLUS: 24 x 2.093 us = 50.24 us
SSM_CONV_SILU SSM_CONV: 24 x 2.67 us = 64.08 us
Total time: 14421 us.
----------------
Vulkan Timings:
ADD: 2 x 3.74 us = 7.48 us
CONCAT: 1 x 4.32 us = 4.32 us
CONT: 1 x 2.56 us = 2.56 us
FLASH_ATTN_EXT dst(256,16,4,1),  q(256,4,16,1),  k(256,256,4,1),  v(256,256,4,1),  m(256,4,1,1): 1 x 4.4 us = 4.4 us (3813 GFLOPS/s)
GLU: 1 x 4.12 us = 4.12 us
MUL_MAT_VEC q4_K m=1024 n=4 k=4096: 2 x 8.34 us = 16.68 us (4022.82 GFLOPS/s)
MUL_MAT_VEC q4_K m=12288 n=4 k=4096: 2 x 81.34 us = 162.68 us (4949.64 GFLOPS/s)
MUL_MAT_VEC q4_K m=4096 n=4 k=12288: 1 x 159.66 us = 159.66 us (2521.84 GFLOPS/s)
MUL_MAT_VEC q4_K m=4096 n=4 k=4096: 1 x 35.68 us = 35.68 us (3761.25 GFLOPS/s)
MUL_MAT_VEC q4_K m=4096 n=4 k=8192: 1 x 61.96 us = 61.96 us (4332.13 GFLOPS/s)
MUL_MAT_VEC q4_K m=8192 n=4 k=4096: 1 x 62.88 us = 62.88 us (4268.49 GFLOPS/s)
RMS_NORM_MUL RMS_NORM(256,16,4,1): 1 x 5 us = 5 us
RMS_NORM_MUL RMS_NORM(256,4,4,1): 1 x 3.04 us = 3.04 us
RMS_NORM_MUL RMS_NORM(4096,4,1,1): 5 x 11.852 us = 59.26 us
ROPE: 1 x 3.92 us = 3.92 us
ROPE_VIEW_SET_ROWS ROPE: 1 x 22.16 us = 22.16 us
SET_ROWS: 1 x 2.48 us = 2.48 us
SIGMOID_MUL SIGMOID: 1 x 4.36 us = 4.36 us
Total time: 622.64 us.
----------------
Vulkan Timings:
CONCAT: 1 x 3.84 us = 3.84 us
CONT: 1 x 2.44 us = 2.44 us
FILL: 1 x 3.24 us = 3.24 us
FLASH_ATTN_EXT dst(256,16,1,1),  q(256,1,16,1),  k(256,256,4,1),  v(256,256,4,1),  m(256,1,1,1): 1 x 21.84 us = 21.84 us (192.047 GFLOPS/s)
GET_ROWS: 2 x 11.44 us = 22.88 us
GLU: 1 x 2.48 us = 2.48 us
MUL_MAT_ADD MUL_MAT_VEC q4_K m=4096 n=1 k=12288: 1 x 51.08 us = 51.08 us (1970.62 GFLOPS/s)
MUL_MAT_ADD MUL_MAT_VEC q4_K m=4096 n=1 k=4096: 1 x 19.64 us = 19.64 us (1708.27 GFLOPS/s)
MUL_MAT_VEC q4_K m=1024 n=1 k=4096: 2 x 5.22 us = 10.44 us (1606.82 GFLOPS/s)
MUL_MAT_VEC q4_K m=12288 n=1 k=4096: 2 x 54.68 us = 109.36 us (1840.73 GFLOPS/s)
MUL_MAT_VEC q4_K m=32768 n=1 k=4096: 1 x 132 us = 132 us (2033.35 GFLOPS/s)
MUL_MAT_VEC q4_K m=4096 n=1 k=8192: 1 x 46.04 us = 46.04 us (1457.53 GFLOPS/s)
MUL_MAT_VEC q4_K m=8192 n=1 k=4096: 1 x 45.76 us = 45.76 us (1466.36 GFLOPS/s)
PAD: 1 x 11.88 us = 11.88 us
RMS_NORM_MUL RMS_NORM(256,16,1,1): 1 x 4.72 us = 4.72 us
RMS_NORM_MUL RMS_NORM(256,4,1,1): 1 x 2.92 us = 2.92 us
RMS_NORM_MUL RMS_NORM(4096,1,1,1): 5 x 6.992 us = 34.96 us
ROPE: 1 x 4.04 us = 4.04 us
ROPE_VIEW_SET_ROWS ROPE: 1 x 4.4 us = 4.4 us
SET_ROWS: 2 x 3.28 us = 6.56 us
SIGMOID_MUL SIGMOID: 1 x 3.52 us = 3.52 us
TOP_K K=10 (248320,1,1,1): 1 x 27.64 us = 27.64 us
Total time: 571.68 us.
----------------
Vulkan Timings:
CONCAT: 1 x 3.8 us = 3.8 us
CONT: 1 x 2.32 us = 2.32 us
FILL: 1 x 3.12 us = 3.12 us
FLASH_ATTN_EXT dst(256,16,1,1),  q(256,1,16,1),  k(256,256,4,1),  v(256,256,4,1),  m(256,1,1,1): 1 x 21.6 us = 21.6 us (194.181 GFLOPS/s)
GET_ROWS: 2 x 11.26 us = 22.52 us
GLU: 1 x 3.24 us = 3.24 us
MUL_MAT_ADD MUL_MAT_VEC q4_K m=4096 n=1 k=12288: 1 x 61.48 us = 61.48 us (1637.27 GFLOPS/s)
MUL_MAT_ADD MUL_MAT_VEC q4_K m=4096 n=1 k=4096: 1 x 20.08 us = 20.08 us (1670.83 GFLOPS/s)
MUL_MAT_VEC q4_K m=1024 n=1 k=4096: 2 x 10.72 us = 21.44 us (782.424 GFLOPS/s)
MUL_MAT_VEC q4_K m=12288 n=1 k=4096: 2 x 56.28 us = 112.56 us (1788.4 GFLOPS/s)
MUL_MAT_VEC q4_K m=32768 n=1 k=4096: 1 x 141.64 us = 141.64 us (1894.96 GFLOPS/s)
MUL_MAT_VEC q4_K m=4096 n=1 k=8192: 1 x 53.08 us = 53.08 us (1264.22 GFLOPS/s)
MUL_MAT_VEC q4_K m=8192 n=1 k=4096: 1 x 36.24 us = 36.24 us (1851.56 GFLOPS/s)
PAD: 1 x 11.96 us = 11.96 us
RMS_NORM_MUL RMS_NORM(256,16,1,1): 1 x 4.72 us = 4.72 us
RMS_NORM_MUL RMS_NORM(256,4,1,1): 1 x 2.16 us = 2.16 us
RMS_NORM_MUL RMS_NORM(4096,1,1,1): 5 x 6.744 us = 33.72 us
ROPE: 1 x 3.76 us = 3.76 us
ROPE_VIEW_SET_ROWS ROPE: 1 x 4.12 us = 4.12 us
SET_ROWS: 2 x 3.48 us = 6.96 us
SIGMOID_MUL SIGMOID: 1 x 3.48 us = 3.48 us
TOP_K K=10 (248320,1,1,1): 1 x 27.6 us = 27.6 us
Total time: 601.6 us.
----------------
Vulkan Timings:
CONCAT: 1 x 3.72 us = 3.72 us
CONT: 1 x 2.6 us = 2.6 us
FILL: 1 x 2.96 us = 2.96 us
FLASH_ATTN_EXT dst(256,16,1,1),  q(256,1,16,1),  k(256,256,4,1),  v(256,256,4,1),  m(256,1,1,1): 1 x 21.6 us = 21.6 us (194.181 GFLOPS/s)
GET_ROWS: 2 x 11.86 us = 23.72 us
GLU: 1 x 3.16 us = 3.16 us
MUL_MAT_ADD MUL_MAT_VEC q4_K m=4096 n=1 k=12288: 1 x 61.48 us = 61.48 us (1637.27 GFLOPS/s)
MUL_MAT_ADD MUL_MAT_VEC q4_K m=4096 n=1 k=4096: 1 x 19.76 us = 19.76 us (1697.89 GFLOPS/s)
MUL_MAT_VEC q4_K m=1024 n=1 k=4096: 2 x 10.8 us = 21.6 us (776.628 GFLOPS/s)
MUL_MAT_VEC q4_K m=12288 n=1 k=4096: 2 x 55.96 us = 111.92 us (1798.62 GFLOPS/s)
MUL_MAT_VEC q4_K m=32768 n=1 k=4096: 1 x 141.32 us = 141.32 us (1899.25 GFLOPS/s)
MUL_MAT_VEC q4_K m=4096 n=1 k=8192: 1 x 52.6 us = 52.6 us (1275.76 GFLOPS/s)
MUL_MAT_VEC q4_K m=8192 n=1 k=4096: 1 x 36.2 us = 36.2 us (1853.61 GFLOPS/s)
PAD: 1 x 12 us = 12 us
RMS_NORM_MUL RMS_NORM(256,16,1,1): 1 x 4.68 us = 4.68 us
RMS_NORM_MUL RMS_NORM(256,4,1,1): 1 x 2.88 us = 2.88 us
RMS_NORM_MUL RMS_NORM(4096,1,1,1): 5 x 6.936 us = 34.68 us
ROPE: 1 x 3.76 us = 3.76 us
ROPE_VIEW_SET_ROWS ROPE: 1 x 4.16 us = 4.16 us
SET_ROWS: 2 x 3.32 us = 6.64 us
SIGMOID_MUL SIGMOID: 1 x 2.96 us = 2.96 us
TOP_K K=10 (248320,1,1,1): 1 x 28.04 us = 28.04 us
Total time: 602.44 us.
----------------
Vulkan Timings:
ADD: 88 x 3.044 us = 267.88 us
CONCAT: 24 x 3.495 us = 83.88 us
CONT: 8 x 2.41 us = 19.28 us
CPY: 120 x 5.466 us = 655.92 us
FLASH_ATTN_EXT dst(256,16,4,1),  q(256,4,16,1),  k(256,256,4,1),  v(256,256,4,1),  m(256,4,1,1): 8 x 21.53 us = 172.24 us (779.248 GFLOPS/s)
GATED_DELTA_NET: 24 x 14.08 us = 337.92 us
GET_ROWS: 49 x 4.85 us = 237.68 us
GLU: 32 x 2.821 us = 90.28 us
MUL: 24 x 3.743 us = 89.84 us
MUL_MAT_VEC q4_K m=1024 n=4 k=4096: 11 x 6.265 us = 68.92 us (5354.81 GFLOPS/s)
MUL_MAT_VEC q4_K m=12288 n=4 k=4096: 64 x 60.393 us = 3865.2 us (6666.32 GFLOPS/s)
MUL_MAT_VEC q4_K m=4096 n=4 k=12288: 16 x 56.925 us = 910.8 us (7073.11 GFLOPS/s)
MUL_MAT_VEC q4_K m=4096 n=4 k=4096: 32 x 23.086 us = 738.76 us (5813.04 GFLOPS/s)
MUL_MAT_VEC q4_K m=8192 n=4 k=4096: 8 x 40.33 us = 322.64 us (6655.16 GFLOPS/s)
MUL_MAT_VEC q5_K m=4096 n=4 k=4096: 24 x 26.905 us = 645.72 us (4987.97 GFLOPS/s)
MUL_MAT_VEC q5_K m=8192 n=4 k=4096: 24 x 45.341 us = 1088.2 us (5919.56 GFLOPS/s)
MUL_MAT_VEC q6_K m=1024 n=4 k=4096: 5 x 13.192 us = 65.96 us (2543.23 GFLOPS/s)
MUL_MAT_VEC q6_K m=248320 n=4 k=4096: 1 x 1760.64 us = 1760.64 us (4621.02 GFLOPS/s)
MUL_MAT_VEC q6_K m=4096 n=4 k=12288: 16 x 98.882 us = 1582.12 us (4071.87 GFLOPS/s)
MUL_MAT_VEC q8_0 m=32 n=4 k=4096: 48 x 4.093 us = 196.48 us (256.136 GFLOPS/s)
RMS_NORM(128,16,4,1): 48 x 3.35 us = 160.84 us
RMS_NORM_MUL RMS_NORM(128,32,4,1): 24 x 6.231 us = 149.56 us
RMS_NORM_MUL RMS_NORM(256,16,4,1): 8 x 4.105 us = 32.84 us
RMS_NORM_MUL RMS_NORM(256,4,4,1): 8 x 3.19 us = 25.52 us
RMS_NORM_MUL RMS_NORM(4096,4,1,1): 65 x 5.773 us = 375.28 us
ROPE: 8 x 3.995 us = 31.96 us
ROPE_VIEW_SET_ROWS ROPE: 8 x 4.21 us = 33.68 us
SCALE: 48 x 2.91 us = 139.72 us
SET_ROWS: 8 x 3.345 us = 26.76 us
SIGMOID: 24 x 2.5 us = 60 us
SIGMOID_MUL SIGMOID: 8 x 3.55 us = 28.4 us
SILU: 24 x 1.536 us = 36.88 us
SOFTPLUS_MUL SOFTPLUS: 24 x 2.055 us = 49.32 us
SSM_CONV_SILU SSM_CONV: 24 x 2.621 us = 62.92 us
Total time: 14414 us.
----------------
Vulkan Timings:
ADD: 2 x 3.74 us = 7.48 us
CONCAT: 1 x 4.2 us = 4.2 us
CONT: 1 x 2.52 us = 2.52 us
FLASH_ATTN_EXT dst(256,16,4,1),  q(256,4,16,1),  k(256,256,4,1),  v(256,256,4,1),  m(256,4,1,1): 1 x 21.92 us = 21.92 us (765.384 GFLOPS/s)
GLU: 1 x 4.04 us = 4.04 us
MUL_MAT_VEC q4_K m=1024 n=4 k=4096: 2 x 8.2 us = 16.4 us (4091.5 GFLOPS/s)
MUL_MAT_VEC q4_K m=12288 n=4 k=4096: 2 x 75.56 us = 151.12 us (5328.27 GFLOPS/s)
MUL_MAT_VEC q4_K m=4096 n=4 k=12288: 1 x 118.4 us = 118.4 us (3400.65 GFLOPS/s)
MUL_MAT_VEC q4_K m=4096 n=4 k=4096: 1 x 34.8 us = 34.8 us (3856.36 GFLOPS/s)
MUL_MAT_VEC q4_K m=4096 n=4 k=8192: 1 x 60.56 us = 60.56 us (4432.28 GFLOPS/s)
MUL_MAT_VEC q4_K m=8192 n=4 k=4096: 1 x 84.44 us = 84.44 us (3178.62 GFLOPS/s)
RMS_NORM_MUL RMS_NORM(256,16,4,1): 1 x 5.12 us = 5.12 us
RMS_NORM_MUL RMS_NORM(256,4,4,1): 1 x 2.96 us = 2.96 us
RMS_NORM_MUL RMS_NORM(4096,4,1,1): 5 x 15.296 us = 76.48 us
ROPE: 1 x 4.32 us = 4.32 us
ROPE_VIEW_SET_ROWS ROPE: 1 x 4.32 us = 4.32 us
SET_ROWS: 1 x 1.8 us = 1.8 us
SIGMOID_MUL SIGMOID: 1 x 4.28 us = 4.28 us
Total time: 605.16 us.
----------------
Vulkan Timings:
CONCAT: 1 x 4.04 us = 4.04 us
CONT: 1 x 2.36 us = 2.36 us
FILL: 1 x 3.16 us = 3.16 us
FLASH_ATTN_EXT dst(256,16,1,1),  q(256,1,16,1),  k(256,256,4,1),  v(256,256,4,1),  m(256,1,1,1): 1 x 21.76 us = 21.76 us (192.753 GFLOPS/s)
GET_ROWS: 2 x 11.88 us = 23.76 us
GLU: 1 x 2.52 us = 2.52 us
MUL_MAT_ADD MUL_MAT_VEC q4_K m=4096 n=1 k=12288: 1 x 50.8 us = 50.8 us (1981.48 GFLOPS/s)
MUL_MAT_ADD MUL_MAT_VEC q4_K m=4096 n=1 k=4096: 1 x 19.56 us = 19.56 us (1715.25 GFLOPS/s)
MUL_MAT_VEC q4_K m=1024 n=1 k=4096: 2 x 5.46 us = 10.92 us (1536.19 GFLOPS/s)
MUL_MAT_VEC q4_K m=12288 n=1 k=4096: 2 x 54.84 us = 109.68 us (1835.36 GFLOPS/s)
MUL_MAT_VEC q4_K m=32768 n=1 k=4096: 1 x 132.76 us = 132.76 us (2021.71 GFLOPS/s)
MUL_MAT_VEC q4_K m=4096 n=1 k=8192: 1 x 46.48 us = 46.48 us (1443.73 GFLOPS/s)
MUL_MAT_VEC q4_K m=8192 n=1 k=4096: 1 x 44.84 us = 44.84 us (1496.45 GFLOPS/s)
PAD: 1 x 11.96 us = 11.96 us
RMS_NORM_MUL RMS_NORM(256,16,1,1): 1 x 4.68 us = 4.68 us
RMS_NORM_MUL RMS_NORM(256,4,1,1): 1 x 2.88 us = 2.88 us
RMS_NORM_MUL RMS_NORM(4096,1,1,1): 5 x 6.752 us = 33.76 us
ROPE: 1 x 4 us = 4 us
ROPE_VIEW_SET_ROWS ROPE: 1 x 4.36 us = 4.36 us
SET_ROWS: 2 x 3.16 us = 6.32 us
SIGMOID_MUL SIGMOID: 1 x 3.48 us = 3.48 us
TOP_K K=10 (248320,1,1,1): 1 x 28.4 us = 28.4 us
Total time: 572.48 us.
----------------
Vulkan Timings:
CONCAT: 1 x 3.76 us = 3.76 us
CONT: 1 x 2.32 us = 2.32 us
FILL: 1 x 3.2 us = 3.2 us
FLASH_ATTN_EXT dst(256,16,1,1),  q(256,1,16,1),  k(256,256,4,1),  v(256,256,4,1),  m(256,1,1,1): 1 x 21.64 us = 21.64 us (193.822 GFLOPS/s)
GET_ROWS: 2 x 11.34 us = 22.68 us
GLU: 1 x 3.16 us = 3.16 us
MUL_MAT_ADD MUL_MAT_VEC q4_K m=4096 n=1 k=12288: 1 x 61.28 us = 61.28 us (1642.61 GFLOPS/s)
MUL_MAT_ADD MUL_MAT_VEC q4_K m=4096 n=1 k=4096: 1 x 19.68 us = 19.68 us (1704.79 GFLOPS/s)
MUL_MAT_VEC q4_K m=1024 n=1 k=4096: 2 x 10.62 us = 21.24 us (789.791 GFLOPS/s)
MUL_MAT_VEC q4_K m=12288 n=1 k=4096: 2 x 56.08 us = 112.16 us (1794.78 GFLOPS/s)
MUL_MAT_VEC q4_K m=32768 n=1 k=4096: 1 x 142.04 us = 142.04 us (1889.63 GFLOPS/s)
MUL_MAT_VEC q4_K m=4096 n=1 k=8192: 1 x 52.96 us = 52.96 us (1267.08 GFLOPS/s)
MUL_MAT_VEC q4_K m=8192 n=1 k=4096: 1 x 36.16 us = 36.16 us (1855.66 GFLOPS/s)
PAD: 1 x 11.8 us = 11.8 us
RMS_NORM_MUL RMS_NORM(256,16,1,1): 1 x 4.72 us = 4.72 us
RMS_NORM_MUL RMS_NORM(256,4,1,1): 1 x 2.84 us = 2.84 us
RMS_NORM_MUL RMS_NORM(4096,1,1,1): 5 x 7.048 us = 35.24 us
ROPE: 1 x 3.76 us = 3.76 us
ROPE_VIEW_SET_ROWS ROPE: 1 x 4.16 us = 4.16 us
SET_ROWS: 2 x 3.46 us = 6.92 us
SIGMOID_MUL SIGMOID: 1 x 3.48 us = 3.48 us
TOP_K K=10 (248320,1,1,1): 1 x 28.64 us = 28.64 us
Total time: 603.84 us.
----------------
Vulkan Timings:
CONCAT: 1 x 3.08 us = 3.08 us
CONT: 1 x 2.4 us = 2.4 us
FILL: 1 x 3.16 us = 3.16 us
FLASH_ATTN_EXT dst(256,16,1,1),  q(256,1,16,1),  k(256,256,4,1),  v(256,256,4,1),  m(256,1,1,1): 1 x 21.48 us = 21.48 us (195.266 GFLOPS/s)
GET_ROWS: 2 x 11.34 us = 22.68 us
GLU: 1 x 3.2 us = 3.2 us
MUL_MAT_ADD MUL_MAT_VEC q4_K m=4096 n=1 k=12288: 1 x 61.96 us = 61.96 us (1624.58 GFLOPS/s)
MUL_MAT_ADD MUL_MAT_VEC q4_K m=4096 n=1 k=4096: 1 x 19.68 us = 19.68 us (1704.79 GFLOPS/s)
MUL_MAT_VEC q4_K m=1024 n=1 k=4096: 2 x 10.94 us = 21.88 us (766.69 GFLOPS/s)
MUL_MAT_VEC q4_K m=12288 n=1 k=4096: 2 x 55.66 us = 111.32 us (1808.32 GFLOPS/s)
MUL_MAT_VEC q4_K m=32768 n=1 k=4096: 1 x 141.04 us = 141.04 us (1903.03 GFLOPS/s)
MUL_MAT_VEC q4_K m=4096 n=1 k=8192: 1 x 52.64 us = 52.64 us (1274.79 GFLOPS/s)
MUL_MAT_VEC q4_K m=8192 n=1 k=4096: 1 x 36.08 us = 36.08 us (1859.77 GFLOPS/s)
PAD: 1 x 12 us = 12 us
RMS_NORM_MUL RMS_NORM(256,16,1,1): 1 x 4.68 us = 4.68 us
RMS_NORM_MUL RMS_NORM(256,4,1,1): 1 x 2.76 us = 2.76 us
RMS_NORM_MUL RMS_NORM(4096,1,1,1): 5 x 7.16 us = 35.8 us
ROPE: 1 x 3.8 us = 3.8 us
ROPE_VIEW_SET_ROWS ROPE: 1 x 4.24 us = 4.24 us
SET_ROWS: 2 x 3.32 us = 6.64 us
SIGMOID_MUL SIGMOID: 1 x 3.44 us = 3.44 us
TOP_K K=10 (248320,1,1,1): 1 x 27.8 us = 27.8 us
Total time: 601.76 us.
----------------
Vulkan Timings:
ADD: 88 x 3.062 us = 269.48 us
CONCAT: 24 x 3.458 us = 83 us
CONT: 8 x 2.365 us = 18.92 us
CPY: 120 x 5.47 us = 656.44 us
FLASH_ATTN_EXT dst(256,16,4,1),  q(256,4,16,1),  k(256,256,4,1),  v(256,256,4,1),  m(256,4,1,1): 8 x 21.485 us = 171.88 us (780.88 GFLOPS/s)
GATED_DELTA_NET: 24 x 14.075 us = 337.8 us
GET_ROWS: 49 x 4.803 us = 235.36 us
GLU: 32 x 2.806 us = 89.8 us
MUL: 24 x 3.736 us = 89.68 us
MUL_MAT_VEC q4_K m=1024 n=4 k=4096: 11 x 6.196 us = 68.16 us (5414.52 GFLOPS/s)
MUL_MAT_VEC q4_K m=12288 n=4 k=4096: 64 x 59.964 us = 3837.72 us (6714.05 GFLOPS/s)
MUL_MAT_VEC q4_K m=4096 n=4 k=12288: 16 x 56.895 us = 910.32 us (7076.84 GFLOPS/s)
MUL_MAT_VEC q4_K m=4096 n=4 k=4096: 32 x 22.956 us = 734.6 us (5845.96 GFLOPS/s)
MUL_MAT_VEC q4_K m=8192 n=4 k=4096: 8 x 39.945 us = 319.56 us (6719.31 GFLOPS/s)
MUL_MAT_VEC q5_K m=4096 n=4 k=4096: 24 x 26.695 us = 640.68 us (5027.21 GFLOPS/s)
MUL_MAT_VEC q5_K m=8192 n=4 k=4096: 24 x 45.026 us = 1080.64 us (5960.97 GFLOPS/s)
MUL_MAT_VEC q6_K m=1024 n=4 k=4096: 5 x 13.176 us = 65.88 us (2546.32 GFLOPS/s)
MUL_MAT_VEC q6_K m=248320 n=4 k=4096: 1 x 1755.8 us = 1755.8 us (4633.76 GFLOPS/s)
MUL_MAT_VEC q6_K m=4096 n=4 k=12288: 16 x 97.78 us = 1564.48 us (4117.78 GFLOPS/s)
MUL_MAT_VEC q8_0 m=32 n=4 k=4096: 48 x 4.12 us = 197.8 us (254.426 GFLOPS/s)
RMS_NORM(128,16,4,1): 48 x 3.278 us = 157.36 us
RMS_NORM_MUL RMS_NORM(128,32,4,1): 24 x 6.168 us = 148.04 us
RMS_NORM_MUL RMS_NORM(256,16,4,1): 8 x 3.995 us = 31.96 us
RMS_NORM_MUL RMS_NORM(256,4,4,1): 8 x 3.155 us = 25.24 us
RMS_NORM_MUL RMS_NORM(4096,4,1,1): 65 x 5.774 us = 375.32 us
ROPE: 8 x 3.995 us = 31.96 us
ROPE_VIEW_SET_ROWS ROPE: 8 x 4.19 us = 33.52 us
SCALE: 48 x 2.872 us = 137.88 us
SET_ROWS: 8 x 3.245 us = 25.96 us
SIGMOID: 24 x 2.555 us = 61.32 us
SIGMOID_MUL SIGMOID: 8 x 3.455 us = 27.64 us
SILU: 24 x 1.476 us = 35.44 us
SOFTPLUS_MUL SOFTPLUS: 24 x 1.965 us = 47.16 us
SSM_CONV_SILU SSM_CONV: 24 x 2.625 us = 63 us
Total time: 14329.8 us.
----------------
Vulkan Timings:
ADD: 2 x 3.72 us = 7.44 us
CONCAT: 1 x 4.28 us = 4.28 us
CONT: 1 x 2.52 us = 2.52 us
FLASH_ATTN_EXT dst(256,16,4,1),  q(256,4,16,1),  k(256,256,4,1),  v(256,256,4,1),  m(256,4,1,1): 1 x 21.84 us = 21.84 us (768.188 GFLOPS/s)
GLU: 1 x 4.16 us = 4.16 us
MUL_MAT_VEC q4_K m=1024 n=4 k=4096: 2 x 8.34 us = 16.68 us (4022.82 GFLOPS/s)
MUL_MAT_VEC q4_K m=12288 n=4 k=4096: 2 x 75.66 us = 151.32 us (5321.23 GFLOPS/s)
MUL_MAT_VEC q4_K m=4096 n=4 k=12288: 1 x 92.92 us = 92.92 us (4333.16 GFLOPS/s)
MUL_MAT_VEC q4_K m=4096 n=4 k=4096: 1 x 35.16 us = 35.16 us (3816.88 GFLOPS/s)
MUL_MAT_VEC q4_K m=4096 n=4 k=8192: 1 x 60.56 us = 60.56 us (4432.28 GFLOPS/s)
MUL_MAT_VEC q4_K m=8192 n=4 k=4096: 1 x 61.76 us = 61.76 us (4345.9 GFLOPS/s)
RMS_NORM_MUL RMS_NORM(256,16,4,1): 1 x 4.92 us = 4.92 us
RMS_NORM_MUL RMS_NORM(256,4,4,1): 1 x 2.96 us = 2.96 us
RMS_NORM_MUL RMS_NORM(4096,4,1,1): 5 x 13.192 us = 65.96 us
ROPE: 1 x 3.88 us = 3.88 us
ROPE_VIEW_SET_ROWS ROPE: 1 x 4.28 us = 4.28 us
SET_ROWS: 1 x 2.48 us = 2.48 us
SIGMOID_MUL SIGMOID: 1 x 4.32 us = 4.32 us
Total time: 547.44 us.
----------------
Vulkan Timings:
CONCAT: 1 x 3.8 us = 3.8 us
CONT: 1 x 2.4 us = 2.4 us
FILL: 1 x 3.2 us = 3.2 us
FLASH_ATTN_EXT dst(256,16,1,1),  q(256,1,16,1),  k(256,256,4,1),  v(256,256,4,1),  m(256,1,1,1): 1 x 21.76 us = 21.76 us (192.753 GFLOPS/s)
GET_ROWS: 2 x 11.5 us = 23 us
GLU: 1 x 2.44 us = 2.44 us
MUL_MAT_ADD MUL_MAT_VEC q4_K m=4096 n=1 k=12288: 1 x 50.96 us = 50.96 us (1975.26 GFLOPS/s)
MUL_MAT_ADD MUL_MAT_VEC q4_K m=4096 n=1 k=4096: 1 x 19.6 us = 19.6 us (1711.75 GFLOPS/s)
MUL_MAT_VEC q4_K m=1024 n=1 k=4096: 2 x 5.38 us = 10.76 us (1559.03 GFLOPS/s)
MUL_MAT_VEC q4_K m=12288 n=1 k=4096: 2 x 54.56 us = 109.12 us (1844.78 GFLOPS/s)
MUL_MAT_VEC q4_K m=32768 n=1 k=4096: 1 x 132.4 us = 132.4 us (2027.21 GFLOPS/s)
MUL_MAT_VEC q4_K m=4096 n=1 k=8192: 1 x 45.88 us = 45.88 us (1462.61 GFLOPS/s)
MUL_MAT_VEC q4_K m=8192 n=1 k=4096: 1 x 45.04 us = 45.04 us (1489.8 GFLOPS/s)
PAD: 1 x 11.88 us = 11.88 us
RMS_NORM_MUL RMS_NORM(256,16,1,1): 1 x 4.72 us = 4.72 us
RMS_NORM_MUL RMS_NORM(256,4,1,1): 1 x 2.92 us = 2.92 us
RMS_NORM_MUL RMS_NORM(4096,1,1,1): 5 x 7 us = 35 us
ROPE: 1 x 3.96 us = 3.96 us
ROPE_VIEW_SET_ROWS ROPE: 1 x 4.16 us = 4.16 us
SET_ROWS: 2 x 3.26 us = 6.52 us
SIGMOID_MUL SIGMOID: 1 x 3.44 us = 3.44 us
TOP_K K=10 (248320,1,1,1): 1 x 27.96 us = 27.96 us
Total time: 570.92 us.
----------------
Vulkan Timings:
CONCAT: 1 x 3.8 us = 3.8 us
CONT: 1 x 2.32 us = 2.32 us
FILL: 1 x 3.16 us = 3.16 us
FLASH_ATTN_EXT dst(256,16,1,1),  q(256,1,16,1),  k(256,256,4,1),  v(256,256,4,1),  m(256,1,1,1): 1 x 21.76 us = 21.76 us (192.753 GFLOPS/s)
GET_ROWS: 2 x 11.26 us = 22.52 us
GLU: 1 x 3.28 us = 3.28 us
MUL_MAT_ADD MUL_MAT_VEC q4_K m=4096 n=1 k=12288: 1 x 60.68 us = 60.68 us (1658.85 GFLOPS/s)
MUL_MAT_ADD MUL_MAT_VEC q4_K m=4096 n=1 k=4096: 1 x 19.6 us = 19.6 us (1711.75 GFLOPS/s)
MUL_MAT_VEC q4_K m=1024 n=1 k=4096: 2 x 10.88 us = 21.76 us (770.918 GFLOPS/s)
MUL_MAT_VEC q4_K m=12288 n=1 k=4096: 2 x 55.82 us = 111.64 us (1803.14 GFLOPS/s)
MUL_MAT_VEC q4_K m=32768 n=1 k=4096: 1 x 140.56 us = 140.56 us (1909.52 GFLOPS/s)
MUL_MAT_VEC q4_K m=4096 n=1 k=8192: 1 x 52.6 us = 52.6 us (1275.76 GFLOPS/s)
MUL_MAT_VEC q4_K m=8192 n=1 k=4096: 1 x 36.28 us = 36.28 us (1849.52 GFLOPS/s)
PAD: 1 x 12.04 us = 12.04 us
RMS_NORM_MUL RMS_NORM(256,16,1,1): 1 x 4.72 us = 4.72 us
RMS_NORM_MUL RMS_NORM(256,4,1,1): 1 x 2.8 us = 2.8 us
RMS_NORM_MUL RMS_NORM(4096,1,1,1): 5 x 6.872 us = 34.36 us
ROPE: 1 x 3.76 us = 3.76 us
ROPE_VIEW_SET_ROWS ROPE: 1 x 4.2 us = 4.2 us
SET_ROWS: 2 x 3.38 us = 6.76 us
SIGMOID_MUL SIGMOID: 1 x 3.44 us = 3.44 us
TOP_K K=10 (248320,1,1,1): 1 x 27.92 us = 27.92 us
Total time: 599.96 us.
----------------
Vulkan Timings:
CONCAT: 1 x 3.76 us = 3.76 us
CONT: 1 x 2.36 us = 2.36 us
FILL: 1 x 3.16 us = 3.16 us
FLASH_ATTN_EXT dst(256,16,1,1),  q(256,1,16,1),  k(256,256,4,1),  v(256,256,4,1),  m(256,1,1,1): 1 x 21.4 us = 21.4 us (195.996 GFLOPS/s)
GET_ROWS: 2 x 11.74 us = 23.48 us
GLU: 1 x 3.16 us = 3.16 us
MUL_MAT_ADD MUL_MAT_VEC q4_K m=4096 n=1 k=12288: 1 x 61.92 us = 61.92 us (1625.63 GFLOPS/s)
MUL_MAT_ADD MUL_MAT_VEC q4_K m=4096 n=1 k=4096: 1 x 19.68 us = 19.68 us (1704.79 GFLOPS/s)
MUL_MAT_VEC q4_K m=1024 n=1 k=4096: 2 x 10.84 us = 21.68 us (773.762 GFLOPS/s)
MUL_MAT_VEC q4_K m=12288 n=1 k=4096: 2 x 56.2 us = 112.4 us (1790.94 GFLOPS/s)
MUL_MAT_VEC q4_K m=32768 n=1 k=4096: 1 x 142 us = 142 us (1890.16 GFLOPS/s)
MUL_MAT_VEC q4_K m=4096 n=1 k=8192: 1 x 52.64 us = 52.64 us (1274.79 GFLOPS/s)
MUL_MAT_VEC q4_K m=8192 n=1 k=4096: 1 x 36.16 us = 36.16 us (1855.66 GFLOPS/s)
PAD: 1 x 12.04 us = 12.04 us
RMS_NORM_MUL RMS_NORM(256,16,1,1): 1 x 4.76 us = 4.76 us
RMS_NORM_MUL RMS_NORM(256,4,1,1): 1 x 2.8 us = 2.8 us
RMS_NORM_MUL RMS_NORM(4096,1,1,1): 5 x 7.088 us = 35.44 us
ROPE: 1 x 3.8 us = 3.8 us
ROPE_VIEW_SET_ROWS ROPE: 1 x 4.2 us = 4.2 us
SET_ROWS: 2 x 3.3 us = 6.6 us
SIGMOID_MUL SIGMOID: 1 x 3.48 us = 3.48 us
TOP_K K=10 (248320,1,1,1): 1 x 28.64 us = 28.64 us
Total time: 605.56 us.
----------------
Vulkan Timings:
ADD: 88 x 3.049 us = 268.32 us
CONCAT: 24 x 3.508 us = 84.2 us
CONT: 8 x 2.39 us = 19.12 us
CPY: 120 x 5.497 us = 659.64 us
FLASH_ATTN_EXT dst(256,16,4,1),  q(256,4,16,1),  k(256,256,4,1),  v(256,256,4,1),  m(256,4,1,1): 8 x 21.585 us = 172.68 us (777.263 GFLOPS/s)
GATED_DELTA_NET: 24 x 14.158 us = 339.8 us
GET_ROWS: 49 x 4.844 us = 237.36 us
GLU: 32 x 2.8 us = 89.6 us
MUL: 24 x 3.756 us = 90.16 us
MUL_MAT_VEC q4_K m=1024 n=4 k=4096: 11 x 6.243 us = 68.68 us (5373.52 GFLOPS/s)
MUL_MAT_VEC q4_K m=12288 n=4 k=4096: 64 x 60.27 us = 3857.28 us (6680.01 GFLOPS/s)
MUL_MAT_VEC q4_K m=4096 n=4 k=12288: 16 x 56.992 us = 911.88 us (7064.73 GFLOPS/s)
MUL_MAT_VEC q4_K m=4096 n=4 k=4096: 32 x 23.062 us = 738 us (5819.03 GFLOPS/s)
MUL_MAT_VEC q4_K m=8192 n=4 k=4096: 8 x 40.295 us = 322.36 us (6660.94 GFLOPS/s)
MUL_MAT_VEC q5_K m=4096 n=4 k=4096: 24 x 26.916 us = 646 us (4985.81 GFLOPS/s)
MUL_MAT_VEC q5_K m=8192 n=4 k=4096: 24 x 45.471 us = 1091.32 us (5902.64 GFLOPS/s)
MUL_MAT_VEC q6_K m=1024 n=4 k=4096: 5 x 13.248 us = 66.24 us (2532.48 GFLOPS/s)
MUL_MAT_VEC q6_K m=248320 n=4 k=4096: 1 x 1796 us = 1796 us (4530.04 GFLOPS/s)
MUL_MAT_VEC q6_K m=4096 n=4 k=12288: 16 x 98.442 us = 1575.08 us (4090.07 GFLOPS/s)
MUL_MAT_VEC q8_0 m=32 n=4 k=4096: 48 x 4.134 us = 198.44 us (253.606 GFLOPS/s)
RMS_NORM(128,16,4,1): 48 x 3.33 us = 159.84 us
RMS_NORM_MUL RMS_NORM(128,32,4,1): 24 x 6.198 us = 148.76 us
RMS_NORM_MUL RMS_NORM(256,16,4,1): 8 x 4.005 us = 32.04 us
RMS_NORM_MUL RMS_NORM(256,4,4,1): 8 x 3.175 us = 25.4 us
RMS_NORM_MUL RMS_NORM(4096,4,1,1): 65 x 5.742 us = 373.24 us
ROPE: 8 x 3.87 us = 30.96 us
ROPE_VIEW_SET_ROWS ROPE: 8 x 4.225 us = 33.8 us
SCALE: 48 x 2.86 us = 137.28 us
SET_ROWS: 8 x 3.415 us = 27.32 us
SIGMOID: 24 x 2.49 us = 59.76 us
SIGMOID_MUL SIGMOID: 8 x 3.515 us = 28.12 us
SILU: 24 x 1.54 us = 36.96 us
SOFTPLUS_MUL SOFTPLUS: 24 x 2.076 us = 49.84 us
SSM_CONV_SILU SSM_CONV: 24 x 2.586 us = 62.08 us
Total time: 14437.6 us.
----------------
Vulkan Timings:
ADD: 2 x 4.02 us = 8.04 us
CONCAT: 1 x 4.24 us = 4.24 us
CONT: 1 x 2.52 us = 2.52 us
FLASH_ATTN_EXT dst(256,16,4,1),  q(256,4,16,1),  k(256,256,4,1),  v(256,256,4,1),  m(256,4,1,1): 1 x 22.08 us = 22.08 us (759.838 GFLOPS/s)
GLU: 1 x 4.08 us = 4.08 us
MUL_MAT_VEC q4_K m=1024 n=4 k=4096: 2 x 8.24 us = 16.48 us (4071.64 GFLOPS/s)
MUL_MAT_VEC q4_K m=12288 n=4 k=4096: 2 x 76.44 us = 152.88 us (5266.93 GFLOPS/s)
MUL_MAT_VEC q4_K m=4096 n=4 k=12288: 1 x 92.28 us = 92.28 us (4363.21 GFLOPS/s)
MUL_MAT_VEC q4_K m=4096 n=4 k=4096: 1 x 35.32 us = 35.32 us (3799.59 GFLOPS/s)
MUL_MAT_VEC q4_K m=4096 n=4 k=8192: 1 x 61.28 us = 61.28 us (4380.21 GFLOPS/s)
MUL_MAT_VEC q4_K m=8192 n=4 k=4096: 1 x 74.96 us = 74.96 us (3580.61 GFLOPS/s)
RMS_NORM_MUL RMS_NORM(256,16,4,1): 1 x 4.96 us = 4.96 us
RMS_NORM_MUL RMS_NORM(256,4,4,1): 1 x 3 us = 3 us
RMS_NORM_MUL RMS_NORM(4096,4,1,1): 5 x 12.624 us = 63.12 us
ROPE: 1 x 3.96 us = 3.96 us
ROPE_VIEW_SET_ROWS ROPE: 1 x 4.32 us = 4.32 us
SET_ROWS: 1 x 2.48 us = 2.48 us
SIGMOID_MUL SIGMOID: 1 x 4.48 us = 4.48 us
Total time: 560.48 us.
----------------
Vulkan Timings:
CONCAT: 1 x 3.84 us = 3.84 us
CONT: 1 x 2.64 us = 2.64 us
FILL: 1 x 3.2 us = 3.2 us
FLASH_ATTN_EXT dst(256,16,1,1),  q(256,1,16,1),  k(256,256,4,1),  v(256,256,4,1),  m(256,1,1,1): 1 x 21.8 us = 21.8 us (192.399 GFLOPS/s)
GET_ROWS: 2 x 11.44 us = 22.88 us
GLU: 1 x 2.44 us = 2.44 us
MUL_MAT_ADD MUL_MAT_VEC q4_K m=4096 n=1 k=12288: 1 x 51.48 us = 51.48 us (1955.31 GFLOPS/s)
MUL_MAT_ADD MUL_MAT_VEC q4_K m=4096 n=1 k=4096: 1 x 19.72 us = 19.72 us (1701.34 GFLOPS/s)
MUL_MAT_VEC q4_K m=1024 n=1 k=4096: 2 x 5.44 us = 10.88 us (1541.84 GFLOPS/s)
MUL_MAT_VEC q4_K m=12288 n=1 k=4096: 2 x 55 us = 110 us (1830.02 GFLOPS/s)
MUL_MAT_VEC q4_K m=32768 n=1 k=4096: 1 x 132.76 us = 132.76 us (2021.71 GFLOPS/s)
MUL_MAT_VEC q4_K m=4096 n=1 k=8192: 1 x 46.24 us = 46.24 us (1451.23 GFLOPS/s)
MUL_MAT_VEC q4_K m=8192 n=1 k=4096: 1 x 45 us = 45 us (1491.13 GFLOPS/s)
PAD: 1 x 12 us = 12 us
RMS_NORM_MUL RMS_NORM(256,16,1,1): 1 x 4.64 us = 4.64 us
RMS_NORM_MUL RMS_NORM(256,4,1,1): 1 x 2.88 us = 2.88 us
RMS_NORM_MUL RMS_NORM(4096,1,1,1): 5 x 7.104 us = 35.52 us
ROPE: 1 x 4 us = 4 us
ROPE_VIEW_SET_ROWS ROPE: 1 x 4.28 us = 4.28 us
SET_ROWS: 2 x 3.16 us = 6.32 us
SIGMOID_MUL SIGMOID: 1 x 2.8 us = 2.8 us
TOP_K K=10 (248320,1,1,1): 1 x 27.72 us = 27.72 us
Total time: 573.04 us.
----------------
Vulkan Timings:
CONCAT: 1 x 3.76 us = 3.76 us
CONT: 1 x 2.36 us = 2.36 us
FILL: 1 x 3.2 us = 3.2 us
FLASH_ATTN_EXT dst(256,16,1,1),  q(256,1,16,1),  k(256,256,4,1),  v(256,256,4,1),  m(256,1,1,1): 1 x 21.6 us = 21.6 us (194.181 GFLOPS/s)
GET_ROWS: 2 x 11.34 us = 22.68 us
GLU: 1 x 3.12 us = 3.12 us
MUL_MAT_ADD MUL_MAT_VEC q4_K m=4096 n=1 k=12288: 1 x 61.2 us = 61.2 us (1644.76 GFLOPS/s)
MUL_MAT_ADD MUL_MAT_VEC q4_K m=4096 n=1 k=4096: 1 x 19.72 us = 19.72 us (1701.34 GFLOPS/s)
MUL_MAT_VEC q4_K m=1024 n=1 k=4096: 2 x 10.68 us = 21.36 us (785.354 GFLOPS/s)
MUL_MAT_VEC q4_K m=12288 n=1 k=4096: 2 x 56.02 us = 112.04 us (1796.7 GFLOPS/s)
MUL_MAT_VEC q4_K m=32768 n=1 k=4096: 1 x 141.68 us = 141.68 us (1894.43 GFLOPS/s)
MUL_MAT_VEC q4_K m=4096 n=1 k=8192: 1 x 53.12 us = 53.12 us (1263.27 GFLOPS/s)
MUL_MAT_VEC q4_K m=8192 n=1 k=4096: 1 x 36.2 us = 36.2 us (1853.61 GFLOPS/s)
PAD: 1 x 12.04 us = 12.04 us
RMS_NORM_MUL RMS_NORM(256,16,1,1): 1 x 4.76 us = 4.76 us
RMS_NORM_MUL RMS_NORM(256,4,1,1): 1 x 2.8 us = 2.8 us
RMS_NORM_MUL RMS_NORM(4096,1,1,1): 5 x 7.048 us = 35.24 us
ROPE: 1 x 3.72 us = 3.72 us
ROPE_VIEW_SET_ROWS ROPE: 1 x 4.2 us = 4.2 us
SET_ROWS: 2 x 3.34 us = 6.68 us
SIGMOID_MUL SIGMOID: 1 x 3.44 us = 3.44 us
TOP_K K=10 (248320,1,1,1): 1 x 28.44 us = 28.44 us
Total time: 603.36 us.
----------------
Vulkan Timings:
CONCAT: 1 x 3.8 us = 3.8 us
CONT: 1 x 2.68 us = 2.68 us
FILL: 1 x 3.2 us = 3.2 us
FLASH_ATTN_EXT dst(256,16,1,1),  q(256,1,16,1),  k(256,256,4,1),  v(256,256,4,1),  m(256,1,1,1): 1 x 21.56 us = 21.56 us (194.541 GFLOPS/s)
GET_ROWS: 2 x 11.24 us = 22.48 us
GLU: 1 x 3.16 us = 3.16 us
MUL_MAT_ADD MUL_MAT_VEC q4_K m=4096 n=1 k=12288: 1 x 61 us = 61 us (1650.15 GFLOPS/s)
MUL_MAT_ADD MUL_MAT_VEC q4_K m=4096 n=1 k=4096: 1 x 19.64 us = 19.64 us (1708.27 GFLOPS/s)
MUL_MAT_VEC q4_K m=1024 n=1 k=4096: 2 x 10.7 us = 21.4 us (783.886 GFLOPS/s)
MUL_MAT_VEC q4_K m=12288 n=1 k=4096: 2 x 56.22 us = 112.44 us (1790.31 GFLOPS/s)
MUL_MAT_VEC q4_K m=32768 n=1 k=4096: 1 x 142.2 us = 142.2 us (1887.5 GFLOPS/s)
MUL_MAT_VEC q4_K m=4096 n=1 k=8192: 1 x 53 us = 53 us (1266.13 GFLOPS/s)
MUL_MAT_VEC q4_K m=8192 n=1 k=4096: 1 x 36.24 us = 36.24 us (1851.56 GFLOPS/s)
PAD: 1 x 12.08 us = 12.08 us
RMS_NORM_MUL RMS_NORM(256,16,1,1): 1 x 4.76 us = 4.76 us
RMS_NORM_MUL RMS_NORM(256,4,1,1): 1 x 2.68 us = 2.68 us
RMS_NORM_MUL RMS_NORM(4096,1,1,1): 5 x 7.12 us = 35.6 us
ROPE: 1 x 3.76 us = 3.76 us
ROPE_VIEW_SET_ROWS ROPE: 1 x 4.2 us = 4.2 us
SET_ROWS: 2 x 3.4 us = 6.8 us
SIGMOID_MUL SIGMOID: 1 x 2.64 us = 2.64 us
TOP_K K=10 (248320,1,1,1): 1 x 27.68 us = 27.68 us
Total time: 603 us.
----------------
Vulkan Timings:
ADD: 88 x 3.08 us = 271.12 us
CONCAT: 24 x 3.533 us = 84.8 us
CONT: 8 x 2.385 us = 19.08 us
CPY: 120 x 5.493 us = 659.24 us
FLASH_ATTN_EXT dst(256,16,4,1),  q(256,4,16,1),  k(256,256,4,1),  v(256,256,4,1),  m(256,4,1,1): 8 x 21.44 us = 171.52 us (782.519 GFLOPS/s)
GATED_DELTA_NET: 24 x 14.09 us = 338.16 us
GET_ROWS: 49 x 4.85 us = 237.68 us
GLU: 32 x 2.838 us = 90.84 us
MUL: 24 x 3.791 us = 91 us
MUL_MAT_VEC q4_K m=1024 n=4 k=4096: 11 x 6.265 us = 68.92 us (5354.81 GFLOPS/s)
MUL_MAT_VEC q4_K m=12288 n=4 k=4096: 64 x 60.587 us = 3877.6 us (6645 GFLOPS/s)
MUL_MAT_VEC q4_K m=4096 n=4 k=12288: 16 x 56.945 us = 911.12 us (7070.63 GFLOPS/s)
MUL_MAT_VEC q4_K m=4096 n=4 k=4096: 32 x 23.131 us = 740.2 us (5801.73 GFLOPS/s)
MUL_MAT_VEC q4_K m=8192 n=4 k=4096: 8 x 40.525 us = 324.2 us (6623.14 GFLOPS/s)
MUL_MAT_VEC q5_K m=4096 n=4 k=4096: 24 x 26.805 us = 643.32 us (5006.58 GFLOPS/s)
MUL_MAT_VEC q5_K m=8192 n=4 k=4096: 24 x 45.398 us = 1089.56 us (5912.17 GFLOPS/s)
MUL_MAT_VEC q6_K m=1024 n=4 k=4096: 5 x 13.312 us = 66.56 us (2520.31 GFLOPS/s)
MUL_MAT_VEC q6_K m=248320 n=4 k=4096: 1 x 1791.2 us = 1791.2 us (4542.18 GFLOPS/s)
MUL_MAT_VEC q6_K m=4096 n=4 k=12288: 16 x 99.055 us = 1584.88 us (4064.78 GFLOPS/s)
MUL_MAT_VEC q8_0 m=32 n=4 k=4096: 48 x 4.11 us = 197.28 us (255.097 GFLOPS/s)
RMS_NORM(128,16,4,1): 48 x 3.313 us = 159.04 us
RMS_NORM_MUL RMS_NORM(128,32,4,1): 24 x 6.178 us = 148.28 us
RMS_NORM_MUL RMS_NORM(256,16,4,1): 8 x 4.06 us = 32.48 us
RMS_NORM_MUL RMS_NORM(256,4,4,1): 8 x 3.19 us = 25.52 us
RMS_NORM_MUL RMS_NORM(4096,4,1,1): 65 x 5.731 us = 372.56 us
ROPE: 8 x 3.855 us = 30.84 us
ROPE_VIEW_SET_ROWS ROPE: 8 x 4.26 us = 34.08 us
SCALE: 48 x 2.912 us = 139.8 us
SET_ROWS: 8 x 3.435 us = 27.48 us
SIGMOID: 24 x 2.58 us = 61.92 us
SIGMOID_MUL SIGMOID: 8 x 3.485 us = 27.88 us
SILU: 24 x 1.448 us = 34.76 us
SOFTPLUS_MUL SOFTPLUS: 24 x 2.071 us = 49.72 us
SSM_CONV_SILU SSM_CONV: 24 x 2.556 us = 61.36 us
Total time: 14464 us.
----------------
Vulkan Timings:
ADD: 2 x 3.82 us = 7.64 us
CONCAT: 1 x 4.32 us = 4.32 us
CONT: 1 x 2.56 us = 2.56 us
FLASH_ATTN_EXT dst(256,16,4,1),  q(256,4,16,1),  k(256,256,4,1),  v(256,256,4,1),  m(256,4,1,1): 1 x 22.32 us = 22.32 us (751.667 GFLOPS/s)
GLU: 1 x 4.08 us = 4.08 us
MUL_MAT_VEC q4_K m=1024 n=4 k=4096: 2 x 8.34 us = 16.68 us (4022.82 GFLOPS/s)
MUL_MAT_VEC q4_K m=12288 n=4 k=4096: 2 x 81.78 us = 163.56 us (4923.01 GFLOPS/s)
MUL_MAT_VEC q4_K m=4096 n=4 k=12288: 1 x 93.96 us = 93.96 us (4285.19 GFLOPS/s)
MUL_MAT_VEC q4_K m=4096 n=4 k=4096: 1 x 35.92 us = 35.92 us (3736.12 GFLOPS/s)
MUL_MAT_VEC q4_K m=4096 n=4 k=8192: 1 x 61.96 us = 61.96 us (4332.13 GFLOPS/s)
MUL_MAT_VEC q4_K m=8192 n=4 k=4096: 1 x 69.12 us = 69.12 us (3883.14 GFLOPS/s)
RMS_NORM_MUL RMS_NORM(256,16,4,1): 1 x 5.04 us = 5.04 us
RMS_NORM_MUL RMS_NORM(256,4,4,1): 1 x 3.04 us = 3.04 us
RMS_NORM_MUL RMS_NORM(4096,4,1,1): 5 x 12.584 us = 62.92 us
ROPE: 1 x 4 us = 4 us
ROPE_VIEW_SET_ROWS ROPE: 1 x 4.36 us = 4.36 us
SET_ROWS: 1 x 2.52 us = 2.52 us
SIGMOID_MUL SIGMOID: 1 x 4.64 us = 4.64 us
Total time: 568.64 us.
----------------
Vulkan Timings:
CONCAT: 1 x 3.88 us = 3.88 us
CONT: 1 x 2.36 us = 2.36 us
FILL: 1 x 3.24 us = 3.24 us
FLASH_ATTN_EXT dst(256,16,1,1),  q(256,1,16,1),  k(256,256,4,1),  v(256,256,4,1),  m(256,1,1,1): 1 x 22.32 us = 22.32 us (187.917 GFLOPS/s)
GET_ROWS: 2 x 11.72 us = 23.44 us
GLU: 1 x 2.52 us = 2.52 us
MUL_MAT_ADD MUL_MAT_VEC q4_K m=4096 n=1 k=12288: 1 x 51.56 us = 51.56 us (1952.27 GFLOPS/s)
MUL_MAT_ADD MUL_MAT_VEC q4_K m=4096 n=1 k=4096: 1 x 19.64 us = 19.64 us (1708.27 GFLOPS/s)
MUL_MAT_VEC q4_K m=1024 n=1 k=4096: 2 x 5.42 us = 10.84 us (1547.52 GFLOPS/s)
MUL_MAT_VEC q4_K m=12288 n=1 k=4096: 2 x 54.8 us = 109.6 us (1836.7 GFLOPS/s)
MUL_MAT_VEC q4_K m=32768 n=1 k=4096: 1 x 131.88 us = 131.88 us (2035.2 GFLOPS/s)
MUL_MAT_VEC q4_K m=4096 n=1 k=8192: 1 x 46.16 us = 46.16 us (1453.74 GFLOPS/s)
MUL_MAT_VEC q4_K m=8192 n=1 k=4096: 1 x 45.56 us = 45.56 us (1472.8 GFLOPS/s)
PAD: 1 x 12.2 us = 12.2 us
RMS_NORM_MUL RMS_NORM(256,16,1,1): 1 x 4.96 us = 4.96 us
RMS_NORM_MUL RMS_NORM(256,4,1,1): 1 x 2.92 us = 2.92 us
RMS_NORM_MUL RMS_NORM(4096,1,1,1): 5 x 7.288 us = 36.44 us
ROPE: 1 x 3.96 us = 3.96 us
ROPE_VIEW_SET_ROWS ROPE: 1 x 4.44 us = 4.44 us
SET_ROWS: 2 x 3.24 us = 6.48 us
SIGMOID_MUL SIGMOID: 1 x 3.56 us = 3.56 us
TOP_K K=10 (248320,1,1,1): 1 x 28.76 us = 28.76 us
Total time: 576.72 us.
----------------
Vulkan Timings:
CONCAT: 1 x 3.8 us = 3.8 us
CONT: 1 x 2.32 us = 2.32 us
FILL: 1 x 3.16 us = 3.16 us
FLASH_ATTN_EXT dst(256,16,1,1),  q(256,1,16,1),  k(256,256,4,1),  v(256,256,4,1),  m(256,1,1,1): 1 x 21.52 us = 21.52 us (194.903 GFLOPS/s)
GET_ROWS: 2 x 11.24 us = 22.48 us
GLU: 1 x 3.16 us = 3.16 us
MUL_MAT_ADD MUL_MAT_VEC q4_K m=4096 n=1 k=12288: 1 x 61.08 us = 61.08 us (1647.99 GFLOPS/s)
MUL_MAT_ADD MUL_MAT_VEC q4_K m=4096 n=1 k=4096: 1 x 19.84 us = 19.84 us (1691.05 GFLOPS/s)
MUL_MAT_VEC q4_K m=1024 n=1 k=4096: 2 x 10.92 us = 21.84 us (768.094 GFLOPS/s)
MUL_MAT_VEC q4_K m=12288 n=1 k=4096: 2 x 56.1 us = 112.2 us (1794.14 GFLOPS/s)
MUL_MAT_VEC q4_K m=32768 n=1 k=4096: 1 x 141.24 us = 141.24 us (1900.33 GFLOPS/s)
MUL_MAT_VEC q4_K m=4096 n=1 k=8192: 1 x 52.8 us = 52.8 us (1270.92 GFLOPS/s)
MUL_MAT_VEC q4_K m=8192 n=1 k=4096: 1 x 36.2 us = 36.2 us (1853.61 GFLOPS/s)
PAD: 1 x 11.92 us = 11.92 us
RMS_NORM_MUL RMS_NORM(256,16,1,1): 1 x 4 us = 4 us
RMS_NORM_MUL RMS_NORM(256,4,1,1): 1 x 2.8 us = 2.8 us
RMS_NORM_MUL RMS_NORM(4096,1,1,1): 5 x 6.792 us = 33.96 us
ROPE: 1 x 3.76 us = 3.76 us
ROPE_VIEW_SET_ROWS ROPE: 1 x 4.2 us = 4.2 us
SET_ROWS: 2 x 3.32 us = 6.64 us
SIGMOID_MUL SIGMOID: 1 x 3.44 us = 3.44 us
TOP_K K=10 (248320,1,1,1): 1 x 28.16 us = 28.16 us
Total time: 600.52 us.
----------------
Vulkan Timings:
CONCAT: 1 x 3.76 us = 3.76 us
CONT: 1 x 2.32 us = 2.32 us
FILL: 1 x 3.16 us = 3.16 us
FLASH_ATTN_EXT dst(256,16,1,1),  q(256,1,16,1),  k(256,256,4,1),  v(256,256,4,1),  m(256,1,1,1): 1 x 21.56 us = 21.56 us (194.541 GFLOPS/s)
GET_ROWS: 2 x 11.52 us = 23.04 us
GLU: 1 x 3.4 us = 3.4 us
MUL_MAT_ADD MUL_MAT_VEC q4_K m=4096 n=1 k=12288: 1 x 61.6 us = 61.6 us (1634.08 GFLOPS/s)
MUL_MAT_ADD MUL_MAT_VEC q4_K m=4096 n=1 k=4096: 1 x 19.68 us = 19.68 us (1704.79 GFLOPS/s)
MUL_MAT_VEC q4_K m=1024 n=1 k=4096: 2 x 10.34 us = 20.68 us (811.178 GFLOPS/s)
MUL_MAT_VEC q4_K m=12288 n=1 k=4096: 2 x 55.72 us = 111.44 us (1806.37 GFLOPS/s)
MUL_MAT_VEC q4_K m=32768 n=1 k=4096: 1 x 141.96 us = 141.96 us (1890.69 GFLOPS/s)
MUL_MAT_VEC q4_K m=4096 n=1 k=8192: 1 x 53 us = 53 us (1266.13 GFLOPS/s)
MUL_MAT_VEC q4_K m=8192 n=1 k=4096: 1 x 36.84 us = 36.84 us (1821.41 GFLOPS/s)
PAD: 1 x 11.76 us = 11.76 us
RMS_NORM_MUL RMS_NORM(256,16,1,1): 1 x 4.72 us = 4.72 us
RMS_NORM_MUL RMS_NORM(256,4,1,1): 1 x 2.8 us = 2.8 us
RMS_NORM_MUL RMS_NORM(4096,1,1,1): 5 x 7.064 us = 35.32 us
ROPE: 1 x 3.76 us = 3.76 us
ROPE_VIEW_SET_ROWS ROPE: 1 x 4.28 us = 4.28 us
SET_ROWS: 2 x 3.4 us = 6.8 us
SIGMOID_MUL SIGMOID: 1 x 3.48 us = 3.48 us
TOP_K K=10 (248320,1,1,1): 1 x 27.96 us = 27.96 us
Total time: 603.32 us.
----------------
Vulkan Timings:
ADD: 88 x 3.043 us = 267.8 us
CONCAT: 24 x 3.5 us = 84 us
CONT: 8 x 2.385 us = 19.08 us
CPY: 120 x 5.485 us = 658.2 us
FLASH_ATTN_EXT dst(256,16,4,1),  q(256,4,16,1),  k(256,256,4,1),  v(256,256,4,1),  m(256,4,1,1): 8 x 21.345 us = 170.76 us (786.002 GFLOPS/s)
GATED_DELTA_NET: 24 x 14.033 us = 336.8 us
GET_ROWS: 49 x 4.874 us = 238.84 us
GLU: 32 x 2.793 us = 89.4 us
MUL: 24 x 3.751 us = 90.04 us
MUL_MAT_VEC q4_K m=1024 n=4 k=4096: 11 x 6.214 us = 68.36 us (5398.68 GFLOPS/s)
MUL_MAT_VEC q4_K m=12288 n=4 k=4096: 64 x 60.077 us = 3844.96 us (6701.41 GFLOPS/s)
MUL_MAT_VEC q4_K m=4096 n=4 k=12288: 16 x 57.025 us = 912.4 us (7060.71 GFLOPS/s)
MUL_MAT_VEC q4_K m=4096 n=4 k=4096: 32 x 23.055 us = 737.76 us (5820.92 GFLOPS/s)
MUL_MAT_VEC q4_K m=8192 n=4 k=4096: 8 x 40.115 us = 320.92 us (6690.83 GFLOPS/s)
MUL_MAT_VEC q5_K m=4096 n=4 k=4096: 24 x 26.753 us = 642.08 us (5016.25 GFLOPS/s)
MUL_MAT_VEC q5_K m=8192 n=4 k=4096: 24 x 45.368 us = 1088.84 us (5916.08 GFLOPS/s)
MUL_MAT_VEC q6_K m=1024 n=4 k=4096: 5 x 13.352 us = 66.76 us (2512.76 GFLOPS/s)
MUL_MAT_VEC q6_K m=248320 n=4 k=4096: 1 x 1761.84 us = 1761.84 us (4617.87 GFLOPS/s)
MUL_MAT_VEC q6_K m=4096 n=4 k=12288: 16 x 98.315 us = 1573.04 us (4095.38 GFLOPS/s)
MUL_MAT_VEC q8_0 m=32 n=4 k=4096: 48 x 4.116 us = 197.6 us (254.684 GFLOPS/s)
RMS_NORM(128,16,4,1): 48 x 3.27 us = 156.96 us
RMS_NORM_MUL RMS_NORM(128,32,4,1): 24 x 6.196 us = 148.72 us
RMS_NORM_MUL RMS_NORM(256,16,4,1): 8 x 4.02 us = 32.16 us
RMS_NORM_MUL RMS_NORM(256,4,4,1): 8 x 3.17 us = 25.36 us
RMS_NORM_MUL RMS_NORM(4096,4,1,1): 65 x 5.686 us = 369.6 us
ROPE: 8 x 3.845 us = 30.76 us
ROPE_VIEW_SET_ROWS ROPE: 8 x 4.23 us = 33.84 us
SCALE: 48 x 2.873 us = 137.92 us
SET_ROWS: 8 x 3.415 us = 27.32 us
SIGMOID: 24 x 2.646 us = 63.52 us
SIGMOID_MUL SIGMOID: 8 x 3.465 us = 27.72 us
SILU: 24 x 1.375 us = 33 us
SOFTPLUS_MUL SOFTPLUS: 24 x 2.02 us = 48.48 us
SSM_CONV_SILU SSM_CONV: 24 x 2.621 us = 62.92 us
Total time: 14367.8 us.
----------------
Vulkan Timings:
ADD: 2 x 3.6 us = 7.2 us
CONCAT: 1 x 4 us = 4 us
CONT: 1 x 2.48 us = 2.48 us
FLASH_ATTN_EXT dst(256,16,4,1),  q(256,4,16,1),  k(256,256,4,1),  v(256,256,4,1),  m(256,4,1,1): 1 x 21.76 us = 21.76 us (771.012 GFLOPS/s)
GLU: 1 x 4 us = 4 us
MUL_MAT_VEC q4_K m=1024 n=4 k=4096: 2 x 8.28 us = 16.56 us (4051.97 GFLOPS/s)
MUL_MAT_VEC q4_K m=12288 n=4 k=4096: 2 x 74.98 us = 149.96 us (5369.49 GFLOPS/s)
MUL_MAT_VEC q4_K m=4096 n=4 k=12288: 1 x 84.92 us = 84.92 us (4741.37 GFLOPS/s)
MUL_MAT_VEC q4_K m=4096 n=4 k=4096: 1 x 34.96 us = 34.96 us (3838.71 GFLOPS/s)
MUL_MAT_VEC q4_K m=4096 n=4 k=8192: 1 x 62.12 us = 62.12 us (4320.98 GFLOPS/s)
MUL_MAT_VEC q4_K m=8192 n=4 k=4096: 1 x 67.6 us = 67.6 us (3970.45 GFLOPS/s)
RMS_NORM_MUL RMS_NORM(256,16,4,1): 1 x 4.88 us = 4.88 us
RMS_NORM_MUL RMS_NORM(256,4,4,1): 1 x 3.24 us = 3.24 us
RMS_NORM_MUL RMS_NORM(4096,4,1,1): 5 x 9.88 us = 49.4 us
ROPE: 1 x 3.92 us = 3.92 us
ROPE_VIEW_SET_ROWS ROPE: 1 x 4 us = 4 us
SET_ROWS: 1 x 2.4 us = 2.4 us
SIGMOID_MUL SIGMOID: 1 x 4.24 us = 4.24 us
Total time: 527.64 us.
----------------
Vulkan Timings:
CONCAT: 1 x 3.8 us = 3.8 us
CONT: 1 x 2.4 us = 2.4 us
FILL: 1 x 3.2 us = 3.2 us
FLASH_ATTN_EXT dst(256,16,1,1),  q(256,1,16,1),  k(256,256,4,1),  v(256,256,4,1),  m(256,1,1,1): 1 x 21.48 us = 21.48 us (195.266 GFLOPS/s)
GET_ROWS: 2 x 11.34 us = 22.68 us
GLU: 1 x 2.4 us = 2.4 us
MUL_MAT_ADD MUL_MAT_VEC q4_K m=4096 n=1 k=12288: 1 x 52.28 us = 52.28 us (1925.39 GFLOPS/s)
MUL_MAT_ADD MUL_MAT_VEC q4_K m=4096 n=1 k=4096: 1 x 19.64 us = 19.64 us (1708.27 GFLOPS/s)
MUL_MAT_VEC q4_K m=1024 n=1 k=4096: 2 x 5.16 us = 10.32 us (1625.5 GFLOPS/s)
MUL_MAT_VEC q4_K m=12288 n=1 k=4096: 2 x 55.26 us = 110.52 us (1821.41 GFLOPS/s)
MUL_MAT_VEC q4_K m=32768 n=1 k=4096: 1 x 133.8 us = 133.8 us (2006 GFLOPS/s)
MUL_MAT_VEC q4_K m=4096 n=1 k=8192: 1 x 46.16 us = 46.16 us (1453.74 GFLOPS/s)
MUL_MAT_VEC q4_K m=8192 n=1 k=4096: 1 x 45.72 us = 45.72 us (1467.64 GFLOPS/s)
PAD: 1 x 11.84 us = 11.84 us
RMS_NORM_MUL RMS_NORM(256,16,1,1): 1 x 4.68 us = 4.68 us
RMS_NORM_MUL RMS_NORM(256,4,1,1): 1 x 2.88 us = 2.88 us
RMS_NORM_MUL RMS_NORM(4096,1,1,1): 5 x 7.344 us = 36.72 us
ROPE: 1 x 4.48 us = 4.48 us
ROPE_VIEW_SET_ROWS ROPE: 1 x 4.28 us = 4.28 us
SET_ROWS: 2 x 2.94 us = 5.88 us
SIGMOID_MUL SIGMOID: 1 x 3.48 us = 3.48 us
TOP_K K=10 (248320,1,1,1): 1 x 28.44 us = 28.44 us
Total time: 577.08 us.
----------------
Vulkan Timings:
CONCAT: 1 x 3.84 us = 3.84 us
CONT: 1 x 2.36 us = 2.36 us
FILL: 1 x 3.2 us = 3.2 us
FLASH_ATTN_EXT dst(256,16,1,1),  q(256,1,16,1),  k(256,256,4,1),  v(256,256,4,1),  m(256,1,1,1): 1 x 21.76 us = 21.76 us (192.753 GFLOPS/s)
GET_ROWS: 2 x 11.22 us = 22.44 us
GLU: 1 x 3.4 us = 3.4 us
MUL_MAT_ADD MUL_MAT_VEC q4_K m=4096 n=1 k=12288: 1 x 61.92 us = 61.92 us (1625.63 GFLOPS/s)
MUL_MAT_ADD MUL_MAT_VEC q4_K m=4096 n=1 k=4096: 1 x 19.84 us = 19.84 us (1691.05 GFLOPS/s)
MUL_MAT_VEC q4_K m=1024 n=1 k=4096: 2 x 10.66 us = 21.32 us (786.828 GFLOPS/s)
MUL_MAT_VEC q4_K m=12288 n=1 k=4096: 2 x 55.92 us = 111.84 us (1799.91 GFLOPS/s)
MUL_MAT_VEC q4_K m=32768 n=1 k=4096: 1 x 141.6 us = 141.6 us (1895.5 GFLOPS/s)
MUL_MAT_VEC q4_K m=4096 n=1 k=8192: 1 x 53.08 us = 53.08 us (1264.22 GFLOPS/s)
MUL_MAT_VEC q4_K m=8192 n=1 k=4096: 1 x 36.24 us = 36.24 us (1851.56 GFLOPS/s)
PAD: 1 x 12 us = 12 us
RMS_NORM_MUL RMS_NORM(256,16,1,1): 1 x 4.76 us = 4.76 us
RMS_NORM_MUL RMS_NORM(256,4,1,1): 1 x 2.8 us = 2.8 us
RMS_NORM_MUL RMS_NORM(4096,1,1,1): 5 x 6.912 us = 34.56 us
ROPE: 1 x 3.76 us = 3.76 us
ROPE_VIEW_SET_ROWS ROPE: 1 x 4.16 us = 4.16 us
SET_ROWS: 2 x 3.36 us = 6.72 us
SIGMOID_MUL SIGMOID: 1 x 3.44 us = 3.44 us
TOP_K K=10 (248320,1,1,1): 1 x 28.8 us = 28.8 us
Total time: 603.84 us.
----------------
Vulkan Timings:
CONCAT: 1 x 3.76 us = 3.76 us
CONT: 1 x 2.32 us = 2.32 us
FILL: 1 x 3.2 us = 3.2 us
FLASH_ATTN_EXT dst(256,16,1,1),  q(256,1,16,1),  k(256,256,4,1),  v(256,256,4,1),  m(256,1,1,1): 1 x 21.76 us = 21.76 us (192.753 GFLOPS/s)
GET_ROWS: 2 x 11.78 us = 23.56 us
GLU: 1 x 3.2 us = 3.2 us
MUL_MAT_ADD MUL_MAT_VEC q4_K m=4096 n=1 k=12288: 1 x 61.6 us = 61.6 us (1634.08 GFLOPS/s)
MUL_MAT_ADD MUL_MAT_VEC q4_K m=4096 n=1 k=4096: 1 x 19.84 us = 19.84 us (1691.05 GFLOPS/s)
MUL_MAT_VEC q4_K m=1024 n=1 k=4096: 2 x 10.78 us = 21.56 us (778.069 GFLOPS/s)
MUL_MAT_VEC q4_K m=12288 n=1 k=4096: 2 x 55.98 us = 111.96 us (1797.98 GFLOPS/s)
MUL_MAT_VEC q4_K m=32768 n=1 k=4096: 1 x 140.6 us = 140.6 us (1908.98 GFLOPS/s)
MUL_MAT_VEC q4_K m=4096 n=1 k=8192: 1 x 52.88 us = 52.88 us (1269 GFLOPS/s)
MUL_MAT_VEC q4_K m=8192 n=1 k=4096: 1 x 36.24 us = 36.24 us (1851.56 GFLOPS/s)
PAD: 1 x 12.04 us = 12.04 us
RMS_NORM_MUL RMS_NORM(256,16,1,1): 1 x 4.72 us = 4.72 us
RMS_NORM_MUL RMS_NORM(256,4,1,1): 1 x 2.84 us = 2.84 us
RMS_NORM_MUL RMS_NORM(4096,1,1,1): 5 x 6.912 us = 34.56 us
ROPE: 1 x 3.76 us = 3.76 us
ROPE_VIEW_SET_ROWS ROPE: 1 x 4.16 us = 4.16 us
SET_ROWS: 2 x 3.36 us = 6.72 us
SIGMOID_MUL SIGMOID: 1 x 3.44 us = 3.44 us
TOP_K K=10 (248320,1,1,1): 1 x 28.84 us = 28.84 us
Total time: 603.56 us.
----------------
Vulkan Timings:
ADD: 88 x 3.095 us = 272.4 us
CONCAT: 24 x 3.481 us = 83.56 us
CONT: 8 x 2.285 us = 18.28 us
CPY: 120 x 5.441 us = 652.96 us
FLASH_ATTN_EXT dst(256,16,4,1),  q(256,4,16,1),  k(256,256,4,1),  v(256,256,4,1),  m(256,4,1,1): 8 x 21.51 us = 172.08 us (779.973 GFLOPS/s)
GATED_DELTA_NET: 24 x 14.01 us = 336.24 us
GET_ROWS: 49 x 4.82 us = 236.2 us
GLU: 32 x 2.752 us = 88.08 us
MUL: 24 x 3.72 us = 89.28 us
MUL_MAT_VEC q4_K m=1024 n=4 k=4096: 11 x 6.167 us = 67.84 us (5440.06 GFLOPS/s)
MUL_MAT_VEC q4_K m=12288 n=4 k=4096: 64 x 60.04 us = 3842.56 us (6705.6 GFLOPS/s)
MUL_MAT_VEC q4_K m=4096 n=4 k=12288: 16 x 56.865 us = 909.84 us (7080.57 GFLOPS/s)
MUL_MAT_VEC q4_K m=4096 n=4 k=4096: 32 x 22.977 us = 735.28 us (5840.55 GFLOPS/s)
MUL_MAT_VEC q4_K m=8192 n=4 k=4096: 8 x 39.95 us = 319.6 us (6718.47 GFLOPS/s)
MUL_MAT_VEC q5_K m=4096 n=4 k=4096: 24 x 26.758 us = 642.2 us (5015.31 GFLOPS/s)
MUL_MAT_VEC q5_K m=8192 n=4 k=4096: 24 x 45.128 us = 1083.08 us (5947.54 GFLOPS/s)
MUL_MAT_VEC q6_K m=1024 n=4 k=4096: 5 x 13.2 us = 66 us (2541.69 GFLOPS/s)
MUL_MAT_VEC q6_K m=248320 n=4 k=4096: 1 x 1752.8 us = 1752.8 us (4641.69 GFLOPS/s)
MUL_MAT_VEC q6_K m=4096 n=4 k=12288: 16 x 97.855 us = 1565.68 us (4114.63 GFLOPS/s)
MUL_MAT_VEC q8_0 m=32 n=4 k=4096: 48 x 4.098 us = 196.72 us (255.823 GFLOPS/s)
RMS_NORM(128,16,4,1): 48 x 3.354 us = 161 us
RMS_NORM_MUL RMS_NORM(128,32,4,1): 24 x 6.146 us = 147.52 us
RMS_NORM_MUL RMS_NORM(256,16,4,1): 8 x 3.99 us = 31.92 us
RMS_NORM_MUL RMS_NORM(256,4,4,1): 8 x 3.22 us = 25.76 us
RMS_NORM_MUL RMS_NORM(4096,4,1,1): 65 x 5.729 us = 372.4 us
ROPE: 8 x 3.855 us = 30.84 us
ROPE_VIEW_SET_ROWS ROPE: 8 x 4.17 us = 33.36 us
SCALE: 48 x 2.863 us = 137.44 us
SET_ROWS: 8 x 3.395 us = 27.16 us
SIGMOID: 24 x 2.443 us = 58.64 us
SIGMOID_MUL SIGMOID: 8 x 3.445 us = 27.56 us
SILU: 24 x 1.55 us = 37.2 us
SOFTPLUS_MUL SOFTPLUS: 24 x 2.033 us = 48.8 us
SSM_CONV_SILU SSM_CONV: 24 x 2.646 us = 63.52 us
Total time: 14333.8 us.
----------------
Vulkan Timings:
ADD: 2 x 3.68 us = 7.36 us
CONCAT: 1 x 4.2 us = 4.2 us
CONT: 1 x 2.48 us = 2.48 us
FLASH_ATTN_EXT dst(256,16,4,1),  q(256,4,16,1),  k(256,256,4,1),  v(256,256,4,1),  m(256,4,1,1): 1 x 21.92 us = 21.92 us (765.384 GFLOPS/s)
GLU: 1 x 3.96 us = 3.96 us
MUL_MAT_VEC q4_K m=1024 n=4 k=4096: 2 x 8.24 us = 16.48 us (4071.64 GFLOPS/s)
MUL_MAT_VEC q4_K m=12288 n=4 k=4096: 2 x 75.06 us = 150.12 us (5363.76 GFLOPS/s)
MUL_MAT_VEC q4_K m=4096 n=4 k=12288: 1 x 78.12 us = 78.12 us (5154.08 GFLOPS/s)
MUL_MAT_VEC q4_K m=4096 n=4 k=4096: 1 x 34.72 us = 34.72 us (3865.25 GFLOPS/s)
MUL_MAT_VEC q4_K m=4096 n=4 k=8192: 1 x 60.44 us = 60.44 us (4441.08 GFLOPS/s)
MUL_MAT_VEC q4_K m=8192 n=4 k=4096: 1 x 61.24 us = 61.24 us (4382.8 GFLOPS/s)
RMS_NORM_MUL RMS_NORM(256,16,4,1): 1 x 4.92 us = 4.92 us
RMS_NORM_MUL RMS_NORM(256,4,4,1): 1 x 2.96 us = 2.96 us
RMS_NORM_MUL RMS_NORM(4096,4,1,1): 5 x 9.776 us = 48.88 us
ROPE: 1 x 3.88 us = 3.88 us
ROPE_VIEW_SET_ROWS ROPE: 1 x 4.28 us = 4.28 us
SET_ROWS: 1 x 2.4 us = 2.4 us
SIGMOID_MUL SIGMOID: 1 x 4.28 us = 4.28 us
Total time: 512.64 us.
----------------
Vulkan Timings:
CONCAT: 1 x 3.8 us = 3.8 us
CONT: 1 x 2.4 us = 2.4 us
FILL: 1 x 3.12 us = 3.12 us
FLASH_ATTN_EXT dst(256,16,1,1),  q(256,1,16,1),  k(256,256,4,1),  v(256,256,4,1),  m(256,1,1,1): 1 x 21.84 us = 21.84 us (192.047 GFLOPS/s)
GET_ROWS: 2 x 11.3 us = 22.6 us
GLU: 1 x 2.44 us = 2.44 us
MUL_MAT_ADD MUL_MAT_VEC q4_K m=4096 n=1 k=12288: 1 x 50.96 us = 50.96 us (1975.26 GFLOPS/s)
MUL_MAT_ADD MUL_MAT_VEC q4_K m=4096 n=1 k=4096: 1 x 19.68 us = 19.68 us (1704.79 GFLOPS/s)
MUL_MAT_VEC q4_K m=1024 n=1 k=4096: 2 x 5.4 us = 10.8 us (1553.26 GFLOPS/s)
MUL_MAT_VEC q4_K m=12288 n=1 k=4096: 2 x 54.96 us = 109.92 us (1831.35 GFLOPS/s)
MUL_MAT_VEC q4_K m=32768 n=1 k=4096: 1 x 132.68 us = 132.68 us (2022.93 GFLOPS/s)
MUL_MAT_VEC q4_K m=4096 n=1 k=8192: 1 x 45.8 us = 45.8 us (1465.17 GFLOPS/s)
MUL_MAT_VEC q4_K m=8192 n=1 k=4096: 1 x 45.48 us = 45.48 us (1475.39 GFLOPS/s)
PAD: 1 x 11.88 us = 11.88 us
RMS_NORM_MUL RMS_NORM(256,16,1,1): 1 x 4.72 us = 4.72 us
RMS_NORM_MUL RMS_NORM(256,4,1,1): 1 x 2.84 us = 2.84 us
RMS_NORM_MUL RMS_NORM(4096,1,1,1): 5 x 6.824 us = 34.12 us
ROPE: 1 x 3.96 us = 3.96 us
ROPE_VIEW_SET_ROWS ROPE: 1 x 4.32 us = 4.32 us
SET_ROWS: 2 x 3.22 us = 6.44 us
SIGMOID_MUL SIGMOID: 1 x 3.48 us = 3.48 us
TOP_K K=10 (248320,1,1,1): 1 x 28.44 us = 28.44 us
Total time: 571.72 us.
----------------
Vulkan Timings:
CONCAT: 1 x 3.92 us = 3.92 us
CONT: 1 x 2.32 us = 2.32 us
FILL: 1 x 3.12 us = 3.12 us
FLASH_ATTN_EXT dst(256,16,1,1),  q(256,1,16,1),  k(256,256,4,1),  v(256,256,4,1),  m(256,1,1,1): 1 x 21.52 us = 21.52 us (194.903 GFLOPS/s)
GET_ROWS: 2 x 11.22 us = 22.44 us
GLU: 1 x 3.16 us = 3.16 us
MUL_MAT_ADD MUL_MAT_VEC q4_K m=4096 n=1 k=12288: 1 x 61.28 us = 61.28 us (1642.61 GFLOPS/s)
MUL_MAT_ADD MUL_MAT_VEC q4_K m=4096 n=1 k=4096: 1 x 19.72 us = 19.72 us (1701.34 GFLOPS/s)
MUL_MAT_VEC q4_K m=1024 n=1 k=4096: 2 x 10.66 us = 21.32 us (786.828 GFLOPS/s)
MUL_MAT_VEC q4_K m=12288 n=1 k=4096: 2 x 56.1 us = 112.2 us (1794.14 GFLOPS/s)
MUL_MAT_VEC q4_K m=32768 n=1 k=4096: 1 x 141.28 us = 141.28 us (1899.79 GFLOPS/s)
MUL_MAT_VEC q4_K m=4096 n=1 k=8192: 1 x 53 us = 53 us (1266.13 GFLOPS/s)
MUL_MAT_VEC q4_K m=8192 n=1 k=4096: 1 x 36.04 us = 36.04 us (1861.84 GFLOPS/s)
PAD: 1 x 11.96 us = 11.96 us
RMS_NORM_MUL RMS_NORM(256,16,1,1): 1 x 4.72 us = 4.72 us
RMS_NORM_MUL RMS_NORM(256,4,1,1): 1 x 2.8 us = 2.8 us
RMS_NORM_MUL RMS_NORM(4096,1,1,1): 5 x 6.784 us = 33.92 us
ROPE: 1 x 3.76 us = 3.76 us
ROPE_VIEW_SET_ROWS ROPE: 1 x 4.2 us = 4.2 us
SET_ROWS: 2 x 3.32 us = 6.64 us
SIGMOID_MUL SIGMOID: 1 x 3.48 us = 3.48 us
TOP_K K=10 (248320,1,1,1): 1 x 28.76 us = 28.76 us
Total time: 601.56 us.
----------------
Vulkan Timings:
CONCAT: 1 x 3.8 us = 3.8 us
CONT: 1 x 2.32 us = 2.32 us
FILL: 1 x 3.2 us = 3.2 us
FLASH_ATTN_EXT dst(256,16,1,1),  q(256,1,16,1),  k(256,256,4,1),  v(256,256,4,1),  m(256,1,1,1): 1 x 21.44 us = 21.44 us (195.63 GFLOPS/s)
GET_ROWS: 2 x 11.32 us = 22.64 us
GLU: 1 x 3.16 us = 3.16 us
MUL_MAT_ADD MUL_MAT_VEC q4_K m=4096 n=1 k=12288: 1 x 61.32 us = 61.32 us (1641.54 GFLOPS/s)
MUL_MAT_ADD MUL_MAT_VEC q4_K m=4096 n=1 k=4096: 1 x 19.68 us = 19.68 us (1704.79 GFLOPS/s)
MUL_MAT_VEC q4_K m=1024 n=1 k=4096: 2 x 10.9 us = 21.8 us (769.503 GFLOPS/s)
MUL_MAT_VEC q4_K m=12288 n=1 k=4096: 2 x 56.04 us = 112.08 us (1796.06 GFLOPS/s)
MUL_MAT_VEC q4_K m=32768 n=1 k=4096: 1 x 141.12 us = 141.12 us (1901.95 GFLOPS/s)
MUL_MAT_VEC q4_K m=4096 n=1 k=8192: 1 x 52.36 us = 52.36 us (1281.6 GFLOPS/s)
MUL_MAT_VEC q4_K m=8192 n=1 k=4096: 1 x 36.24 us = 36.24 us (1851.56 GFLOPS/s)
PAD: 1 x 11.92 us = 11.92 us
RMS_NORM_MUL RMS_NORM(256,16,1,1): 1 x 4.72 us = 4.72 us
RMS_NORM_MUL RMS_NORM(256,4,1,1): 1 x 2.64 us = 2.64 us
RMS_NORM_MUL RMS_NORM(4096,1,1,1): 5 x 7.024 us = 35.12 us
ROPE: 1 x 3.76 us = 3.76 us
ROPE_VIEW_SET_ROWS ROPE: 1 x 4.2 us = 4.2 us
SET_ROWS: 2 x 3.48 us = 6.96 us
SIGMOID_MUL SIGMOID: 1 x 3.52 us = 3.52 us
TOP_K K=10 (248320,1,1,1): 1 x 27.92 us = 27.92 us
Total time: 601.92 us.
----------------
Vulkan Timings:
ADD: 88 x 3.102 us = 273 us
CONCAT: 24 x 3.585 us = 86.04 us
CONT: 8 x 2.415 us = 19.32 us
CPY: 120 x 5.546 us = 665.6 us
FLASH_ATTN_EXT dst(256,16,4,1),  q(256,4,16,1),  k(256,256,4,1),  v(256,256,4,1),  m(256,4,1,1): 8 x 21.625 us = 173 us (775.825 GFLOPS/s)
GATED_DELTA_NET: 24 x 14.248 us = 341.96 us
GET_ROWS: 49 x 4.862 us = 238.24 us
GLU: 32 x 2.831 us = 90.6 us
MUL: 24 x 3.805 us = 91.32 us
MUL_MAT_VEC q4_K m=1024 n=4 k=4096: 11 x 6.276 us = 69.04 us (5345.51 GFLOPS/s)
MUL_MAT_VEC q4_K m=12288 n=4 k=4096: 64 x 60.713 us = 3885.68 us (6631.18 GFLOPS/s)
MUL_MAT_VEC q4_K m=4096 n=4 k=12288: 16 x 57.105 us = 913.68 us (7050.82 GFLOPS/s)
MUL_MAT_VEC q4_K m=4096 n=4 k=4096: 32 x 23.256 us = 744.2 us (5770.55 GFLOPS/s)
MUL_MAT_VEC q4_K m=8192 n=4 k=4096: 8 x 40.415 us = 323.32 us (6641.17 GFLOPS/s)
MUL_MAT_VEC q5_K m=4096 n=4 k=4096: 24 x 27.196 us = 652.72 us (4934.48 GFLOPS/s)
MUL_MAT_VEC q5_K m=8192 n=4 k=4096: 24 x 45.751 us = 1098.04 us (5866.51 GFLOPS/s)
MUL_MAT_VEC q6_K m=1024 n=4 k=4096: 5 x 13.312 us = 66.56 us (2520.31 GFLOPS/s)
MUL_MAT_VEC q6_K m=248320 n=4 k=4096: 1 x 1761.72 us = 1761.72 us (4618.19 GFLOPS/s)
MUL_MAT_VEC q6_K m=4096 n=4 k=12288: 16 x 98.717 us = 1579.48 us (4078.68 GFLOPS/s)
MUL_MAT_VEC q8_0 m=32 n=4 k=4096: 48 x 4.122 us = 197.88 us (254.323 GFLOPS/s)
RMS_NORM(128,16,4,1): 48 x 3.281 us = 157.52 us
RMS_NORM_MUL RMS_NORM(128,32,4,1): 24 x 6.276 us = 150.64 us
RMS_NORM_MUL RMS_NORM(256,16,4,1): 8 x 4.025 us = 32.2 us
RMS_NORM_MUL RMS_NORM(256,4,4,1): 8 x 3.195 us = 25.56 us
RMS_NORM_MUL RMS_NORM(4096,4,1,1): 65 x 5.805 us = 377.36 us
ROPE: 8 x 3.905 us = 31.24 us
ROPE_VIEW_SET_ROWS ROPE: 8 x 4.245 us = 33.96 us
SCALE: 48 x 2.939 us = 141.08 us
SET_ROWS: 8 x 3.43 us = 27.44 us
SIGMOID: 24 x 2.618 us = 62.84 us
SIGMOID_MUL SIGMOID: 8 x 3.465 us = 27.72 us
SILU: 24 x 1.45 us = 34.8 us
SOFTPLUS_MUL SOFTPLUS: 24 x 2.041 us = 49 us
SSM_CONV_SILU SSM_CONV: 24 x 2.61 us = 62.64 us
Total time: 14485.4 us.
----------------
Vulkan Timings:
ADD: 2 x 3.66 us = 7.32 us
CONCAT: 1 x 4.24 us = 4.24 us
CONT: 1 x 2.48 us = 2.48 us
FLASH_ATTN_EXT dst(256,16,4,1),  q(256,4,16,1),  k(256,256,4,1),  v(256,256,4,1),  m(256,4,1,1): 1 x 22 us = 22 us (762.601 GFLOPS/s)
GLU: 1 x 4.08 us = 4.08 us
MUL_MAT_VEC q4_K m=1024 n=4 k=4096: 2 x 8.32 us = 16.64 us (4032.49 GFLOPS/s)
MUL_MAT_VEC q4_K m=12288 n=4 k=4096: 2 x 76 us = 152 us (5297.42 GFLOPS/s)
MUL_MAT_VEC q4_K m=4096 n=4 k=12288: 1 x 85.8 us = 85.8 us (4692.74 GFLOPS/s)
MUL_MAT_VEC q4_K m=4096 n=4 k=4096: 1 x 35.08 us = 35.08 us (3825.58 GFLOPS/s)
MUL_MAT_VEC q4_K m=4096 n=4 k=8192: 1 x 62.72 us = 62.72 us (4279.64 GFLOPS/s)
MUL_MAT_VEC q4_K m=8192 n=4 k=4096: 1 x 72.84 us = 72.84 us (3684.83 GFLOPS/s)
RMS_NORM_MUL RMS_NORM(256,16,4,1): 1 x 4.96 us = 4.96 us
RMS_NORM_MUL RMS_NORM(256,4,4,1): 1 x 2.96 us = 2.96 us
RMS_NORM_MUL RMS_NORM(4096,4,1,1): 5 x 9.608 us = 48.04 us
ROPE: 1 x 3.96 us = 3.96 us
ROPE_VIEW_SET_ROWS ROPE: 1 x 4.32 us = 4.32 us
SET_ROWS: 1 x 2.44 us = 2.44 us
SIGMOID_MUL SIGMOID: 1 x 4.32 us = 4.32 us
Total time: 536.2 us.
----------------
Vulkan Timings:
CONCAT: 1 x 3.8 us = 3.8 us
CONT: 1 x 2.4 us = 2.4 us
FILL: 1 x 3.2 us = 3.2 us
FLASH_ATTN_EXT dst(256,16,1,1),  q(256,1,16,1),  k(256,256,4,1),  v(256,256,4,1),  m(256,1,1,1): 1 x 21.56 us = 21.56 us (194.541 GFLOPS/s)
GET_ROWS: 2 x 11.34 us = 22.68 us
GLU: 1 x 2.44 us = 2.44 us
MUL_MAT_ADD MUL_MAT_VEC q4_K m=4096 n=1 k=12288: 1 x 51.04 us = 51.04 us (1972.16 GFLOPS/s)
MUL_MAT_ADD MUL_MAT_VEC q4_K m=4096 n=1 k=4096: 1 x 19.52 us = 19.52 us (1718.77 GFLOPS/s)
MUL_MAT_VEC q4_K m=1024 n=1 k=4096: 2 x 5.38 us = 10.76 us (1559.03 GFLOPS/s)
MUL_MAT_VEC q4_K m=12288 n=1 k=4096: 2 x 54.56 us = 109.12 us (1844.78 GFLOPS/s)
MUL_MAT_VEC q4_K m=32768 n=1 k=4096: 1 x 131.96 us = 131.96 us (2033.97 GFLOPS/s)
MUL_MAT_VEC q4_K m=4096 n=1 k=8192: 1 x 45.92 us = 45.92 us (1461.34 GFLOPS/s)
MUL_MAT_VEC q4_K m=8192 n=1 k=4096: 1 x 44.76 us = 44.76 us (1499.12 GFLOPS/s)
PAD: 1 x 11.96 us = 11.96 us
RMS_NORM_MUL RMS_NORM(256,16,1,1): 1 x 4.72 us = 4.72 us
RMS_NORM_MUL RMS_NORM(256,4,1,1): 1 x 2.84 us = 2.84 us
RMS_NORM_MUL RMS_NORM(4096,1,1,1): 5 x 6.808 us = 34.04 us
ROPE: 1 x 4 us = 4 us
ROPE_VIEW_SET_ROWS ROPE: 1 x 4.28 us = 4.28 us
SET_ROWS: 2 x 3.22 us = 6.44 us
SIGMOID_MUL SIGMOID: 1 x 3.44 us = 3.44 us
TOP_K K=10 (248320,1,1,1): 1 x 27.72 us = 27.72 us
Total time: 568.6 us.
----------------
Vulkan Timings:
CONCAT: 1 x 3.76 us = 3.76 us
CONT: 1 x 2.32 us = 2.32 us
FILL: 1 x 3.2 us = 3.2 us
FLASH_ATTN_EXT dst(256,16,1,1),  q(256,1,16,1),  k(256,256,4,1),  v(256,256,4,1),  m(256,1,1,1): 1 x 21.28 us = 21.28 us (197.101 GFLOPS/s)
GET_ROWS: 2 x 11.32 us = 22.64 us
GLU: 1 x 3.16 us = 3.16 us
MUL_MAT_ADD MUL_MAT_VEC q4_K m=4096 n=1 k=12288: 1 x 61.52 us = 61.52 us (1636.2 GFLOPS/s)
MUL_MAT_ADD MUL_MAT_VEC q4_K m=4096 n=1 k=4096: 1 x 19.84 us = 19.84 us (1691.05 GFLOPS/s)
MUL_MAT_VEC q4_K m=1024 n=1 k=4096: 2 x 10.64 us = 21.28 us (788.307 GFLOPS/s)
MUL_MAT_VEC q4_K m=12288 n=1 k=4096: 2 x 56.3 us = 112.6 us (1787.76 GFLOPS/s)
MUL_MAT_VEC q4_K m=32768 n=1 k=4096: 1 x 141.28 us = 141.28 us (1899.79 GFLOPS/s)
MUL_MAT_VEC q4_K m=4096 n=1 k=8192: 1 x 53.08 us = 53.08 us (1264.22 GFLOPS/s)
MUL_MAT_VEC q4_K m=8192 n=1 k=4096: 1 x 36.36 us = 36.36 us (1845.45 GFLOPS/s)
PAD: 1 x 12.04 us = 12.04 us
RMS_NORM_MUL RMS_NORM(256,16,1,1): 1 x 4.8 us = 4.8 us
RMS_NORM_MUL RMS_NORM(256,4,1,1): 1 x 2.8 us = 2.8 us
RMS_NORM_MUL RMS_NORM(4096,1,1,1): 5 x 7.04 us = 35.2 us
ROPE: 1 x 3.68 us = 3.68 us
ROPE_VIEW_SET_ROWS ROPE: 1 x 4.16 us = 4.16 us
SET_ROWS: 2 x 3.38 us = 6.76 us
SIGMOID_MUL SIGMOID: 1 x 3.44 us = 3.44 us
TOP_K K=10 (248320,1,1,1): 1 x 27.96 us = 27.96 us
Total time: 603.16 us.
----------------
Vulkan Timings:
CONCAT: 1 x 3.84 us = 3.84 us
CONT: 1 x 2.32 us = 2.32 us
FILL: 1 x 2.92 us = 2.92 us
FLASH_ATTN_EXT dst(256,16,1,1),  q(256,1,16,1),  k(256,256,4,1),  v(256,256,4,1),  m(256,1,1,1): 1 x 21.56 us = 21.56 us (194.541 GFLOPS/s)
GET_ROWS: 2 x 11.14 us = 22.28 us
GLU: 1 x 3.24 us = 3.24 us
MUL_MAT_ADD MUL_MAT_VEC q4_K m=4096 n=1 k=12288: 1 x 61.36 us = 61.36 us (1640.47 GFLOPS/s)
MUL_MAT_ADD MUL_MAT_VEC q4_K m=4096 n=1 k=4096: 1 x 19.88 us = 19.88 us (1687.64 GFLOPS/s)
MUL_MAT_VEC q4_K m=1024 n=1 k=4096: 2 x 10.8 us = 21.6 us (776.628 GFLOPS/s)
MUL_MAT_VEC q4_K m=12288 n=1 k=4096: 2 x 56.48 us = 112.96 us (1782.06 GFLOPS/s)
MUL_MAT_VEC q4_K m=32768 n=1 k=4096: 1 x 141 us = 141 us (1903.57 GFLOPS/s)
MUL_MAT_VEC q4_K m=4096 n=1 k=8192: 1 x 53.08 us = 53.08 us (1264.22 GFLOPS/s)
MUL_MAT_VEC q4_K m=8192 n=1 k=4096: 1 x 36.12 us = 36.12 us (1857.72 GFLOPS/s)
PAD: 1 x 12 us = 12 us
RMS_NORM_MUL RMS_NORM(256,16,1,1): 1 x 4.72 us = 4.72 us
RMS_NORM_MUL RMS_NORM(256,4,1,1): 1 x 2.8 us = 2.8 us
RMS_NORM_MUL RMS_NORM(4096,1,1,1): 5 x 7.112 us = 35.56 us
ROPE: 1 x 3.8 us = 3.8 us
ROPE_VIEW_SET_ROWS ROPE: 1 x 4.24 us = 4.24 us
SET_ROWS: 2 x 3.36 us = 6.72 us
SIGMOID_MUL SIGMOID: 1 x 3.84 us = 3.84 us
TOP_K K=10 (248320,1,1,1): 1 x 28.4 us = 28.4 us
Total time: 604.24 us.
----------------
Vulkan Timings:
ADD: 88 x 3.08 us = 271.12 us
CONCAT: 24 x 3.433 us = 82.4 us
CONT: 8 x 2.395 us = 19.16 us
CPY: 120 x 5.506 us = 660.8 us
FLASH_ATTN_EXT dst(256,16,4,1),  q(256,4,16,1),  k(256,256,4,1),  v(256,256,4,1),  m(256,4,1,1): 8 x 21.415 us = 171.32 us (783.433 GFLOPS/s)
GATED_DELTA_NET: 24 x 14.128 us = 339.08 us
GET_ROWS: 49 x 4.786 us = 234.52 us
GLU: 32 x 2.785 us = 89.12 us
MUL: 24 x 3.741 us = 89.8 us
MUL_MAT_VEC q4_K m=1024 n=4 k=4096: 11 x 6.185 us = 68.04 us (5424.07 GFLOPS/s)
MUL_MAT_VEC q4_K m=12288 n=4 k=4096: 64 x 60.123 us = 3847.88 us (6696.33 GFLOPS/s)
MUL_MAT_VEC q4_K m=4096 n=4 k=12288: 16 x 56.777 us = 908.44 us (7091.49 GFLOPS/s)
MUL_MAT_VEC q4_K m=4096 n=4 k=4096: 32 x 23.061 us = 737.96 us (5819.34 GFLOPS/s)
MUL_MAT_VEC q4_K m=8192 n=4 k=4096: 8 x 40.01 us = 320.08 us (6708.39 GFLOPS/s)
MUL_MAT_VEC q5_K m=4096 n=4 k=4096: 24 x 26.785 us = 642.84 us (5010.32 GFLOPS/s)
MUL_MAT_VEC q5_K m=8192 n=4 k=4096: 24 x 45.133 us = 1083.2 us (5946.88 GFLOPS/s)
MUL_MAT_VEC q6_K m=1024 n=4 k=4096: 5 x 13.136 us = 65.68 us (2554.08 GFLOPS/s)
MUL_MAT_VEC q6_K m=248320 n=4 k=4096: 1 x 1755.32 us = 1755.32 us (4635.03 GFLOPS/s)
MUL_MAT_VEC q6_K m=4096 n=4 k=12288: 16 x 98.365 us = 1573.84 us (4093.29 GFLOPS/s)
MUL_MAT_VEC q8_0 m=32 n=4 k=4096: 48 x 4.09 us = 196.32 us (256.344 GFLOPS/s)
RMS_NORM(128,16,4,1): 48 x 3.277 us = 157.32 us
RMS_NORM_MUL RMS_NORM(128,32,4,1): 24 x 6.188 us = 148.52 us
RMS_NORM_MUL RMS_NORM(256,16,4,1): 8 x 4 us = 32 us
RMS_NORM_MUL RMS_NORM(256,4,4,1): 8 x 3.17 us = 25.36 us
RMS_NORM_MUL RMS_NORM(4096,4,1,1): 65 x 5.716 us = 371.56 us
ROPE: 8 x 3.825 us = 30.6 us
ROPE_VIEW_SET_ROWS ROPE: 8 x 4.12 us = 32.96 us
SCALE: 48 x 2.865 us = 137.52 us
SET_ROWS: 8 x 3.425 us = 27.4 us
SIGMOID: 24 x 2.558 us = 61.4 us
SIGMOID_MUL SIGMOID: 8 x 3.45 us = 27.6 us
SILU: 24 x 1.458 us = 35 us
SOFTPLUS_MUL SOFTPLUS: 24 x 1.968 us = 47.24 us
SSM_CONV_SILU SSM_CONV: 24 x 2.585 us = 62.04 us
Total time: 14353.4 us.
----------------
Vulkan Timings:
ADD: 2 x 3.62 us = 7.24 us
CONCAT: 1 x 4.24 us = 4.24 us
CONT: 1 x 2.48 us = 2.48 us
FLASH_ATTN_EXT dst(256,16,4,1),  q(256,4,16,1),  k(256,256,4,1),  v(256,256,4,1),  m(256,4,1,1): 1 x 21.88 us = 21.88 us (766.783 GFLOPS/s)
GLU: 1 x 3.96 us = 3.96 us
MUL_MAT_VEC q4_K m=1024 n=4 k=4096: 2 x 8.24 us = 16.48 us (4071.64 GFLOPS/s)
MUL_MAT_VEC q4_K m=12288 n=4 k=4096: 2 x 74.84 us = 149.68 us (5379.53 GFLOPS/s)
MUL_MAT_VEC q4_K m=4096 n=4 k=12288: 1 x 77.6 us = 77.6 us (5188.62 GFLOPS/s)
MUL_MAT_VEC q4_K m=4096 n=4 k=4096: 1 x 34.64 us = 34.64 us (3874.17 GFLOPS/s)
MUL_MAT_VEC q4_K m=4096 n=4 k=8192: 1 x 60.76 us = 60.76 us (4417.69 GFLOPS/s)
MUL_MAT_VEC q4_K m=8192 n=4 k=4096: 1 x 61.44 us = 61.44 us (4368.53 GFLOPS/s)
RMS_NORM_MUL RMS_NORM(256,16,4,1): 1 x 4.88 us = 4.88 us
RMS_NORM_MUL RMS_NORM(256,4,4,1): 1 x 3 us = 3 us
RMS_NORM_MUL RMS_NORM(4096,4,1,1): 5 x 8.848 us = 44.24 us
ROPE: 1 x 3.92 us = 3.92 us
ROPE_VIEW_SET_ROWS ROPE: 1 x 4.24 us = 4.24 us
SET_ROWS: 1 x 2.4 us = 2.4 us
SIGMOID_MUL SIGMOID: 1 x 4.28 us = 4.28 us
Total time: 507.36 us.
----------------
Vulkan Timings:
CONCAT: 1 x 3.8 us = 3.8 us
CONT: 1 x 2.4 us = 2.4 us
FILL: 1 x 3.16 us = 3.16 us
FLASH_ATTN_EXT dst(256,16,1,1),  q(256,1,16,1),  k(256,256,4,1),  v(256,256,4,1),  m(256,1,1,1): 1 x 22 us = 22 us (190.65 GFLOPS/s)
GET_ROWS: 2 x 11.92 us = 23.84 us
GLU: 1 x 2.48 us = 2.48 us
MUL_MAT_ADD MUL_MAT_VEC q4_K m=4096 n=1 k=12288: 1 x 50.84 us = 50.84 us (1979.92 GFLOPS/s)
MUL_MAT_ADD MUL_MAT_VEC q4_K m=4096 n=1 k=4096: 1 x 19.6 us = 19.6 us (1711.75 GFLOPS/s)
MUL_MAT_VEC q4_K m=1024 n=1 k=4096: 2 x 5.38 us = 10.76 us (1559.03 GFLOPS/s)
MUL_MAT_VEC q4_K m=12288 n=1 k=4096: 2 x 54.7 us = 109.4 us (1840.05 GFLOPS/s)
MUL_MAT_VEC q4_K m=32768 n=1 k=4096: 1 x 132.4 us = 132.4 us (2027.21 GFLOPS/s)
MUL_MAT_VEC q4_K m=4096 n=1 k=8192: 1 x 45.84 us = 45.84 us (1463.89 GFLOPS/s)
MUL_MAT_VEC q4_K m=8192 n=1 k=4096: 1 x 45.32 us = 45.32 us (1480.6 GFLOPS/s)
PAD: 1 x 11.96 us = 11.96 us
RMS_NORM_MUL RMS_NORM(256,16,1,1): 1 x 4.76 us = 4.76 us
RMS_NORM_MUL RMS_NORM(256,4,1,1): 1 x 2.92 us = 2.92 us
RMS_NORM_MUL RMS_NORM(4096,1,1,1): 5 x 6.96 us = 34.8 us
ROPE: 1 x 3.96 us = 3.96 us
ROPE_VIEW_SET_ROWS ROPE: 1 x 4.28 us = 4.28 us
SET_ROWS: 2 x 3.18 us = 6.36 us
SIGMOID_MUL SIGMOID: 1 x 3.48 us = 3.48 us
TOP_K K=10 (248320,1,1,1): 1 x 28.52 us = 28.52 us
Total time: 572.88 us.
----------------
Vulkan Timings:
CONCAT: 1 x 3.76 us = 3.76 us
CONT: 1 x 2.32 us = 2.32 us
FILL: 1 x 3.2 us = 3.2 us
FLASH_ATTN_EXT dst(256,16,1,1),  q(256,1,16,1),  k(256,256,4,1),  v(256,256,4,1),  m(256,1,1,1): 1 x 21.72 us = 21.72 us (193.108 GFLOPS/s)
GET_ROWS: 2 x 11.28 us = 22.56 us
GLU: 1 x 3.2 us = 3.2 us
MUL_MAT_ADD MUL_MAT_VEC q4_K m=4096 n=1 k=12288: 1 x 61.48 us = 61.48 us (1637.27 GFLOPS/s)
MUL_MAT_ADD MUL_MAT_VEC q4_K m=4096 n=1 k=4096: 1 x 19.76 us = 19.76 us (1697.89 GFLOPS/s)
MUL_MAT_VEC q4_K m=1024 n=1 k=4096: 2 x 10.86 us = 21.72 us (772.337 GFLOPS/s)
MUL_MAT_VEC q4_K m=12288 n=1 k=4096: 2 x 56.64 us = 113.28 us (1777.03 GFLOPS/s)
MUL_MAT_VEC q4_K m=32768 n=1 k=4096: 1 x 141.32 us = 141.32 us (1899.25 GFLOPS/s)
MUL_MAT_VEC q4_K m=4096 n=1 k=8192: 1 x 52.72 us = 52.72 us (1272.85 GFLOPS/s)
MUL_MAT_VEC q4_K m=8192 n=1 k=4096: 1 x 36.12 us = 36.12 us (1857.72 GFLOPS/s)
PAD: 1 x 11.92 us = 11.92 us
RMS_NORM_MUL RMS_NORM(256,16,1,1): 1 x 4.72 us = 4.72 us
RMS_NORM_MUL RMS_NORM(256,4,1,1): 1 x 2.8 us = 2.8 us
RMS_NORM_MUL RMS_NORM(4096,1,1,1): 5 x 7.12 us = 35.6 us
ROPE: 1 x 3.76 us = 3.76 us
ROPE_VIEW_SET_ROWS ROPE: 1 x 4.28 us = 4.28 us
SET_ROWS: 2 x 3.3 us = 6.6 us
SIGMOID_MUL SIGMOID: 1 x 3.48 us = 3.48 us
TOP_K K=10 (248320,1,1,1): 1 x 28.2 us = 28.2 us
Total time: 604.52 us.
----------------
Vulkan Timings:
CONCAT: 1 x 4 us = 4 us
CONT: 1 x 2.36 us = 2.36 us
FILL: 1 x 3.2 us = 3.2 us
FLASH_ATTN_EXT dst(256,16,1,1),  q(256,1,16,1),  k(256,256,4,1),  v(256,256,4,1),  m(256,1,1,1): 1 x 21.56 us = 21.56 us (194.541 GFLOPS/s)
GET_ROWS: 2 x 11.28 us = 22.56 us
GLU: 1 x 3.16 us = 3.16 us
MUL_MAT_ADD MUL_MAT_VEC q4_K m=4096 n=1 k=12288: 1 x 61.08 us = 61.08 us (1647.99 GFLOPS/s)
MUL_MAT_ADD MUL_MAT_VEC q4_K m=4096 n=1 k=4096: 1 x 19.76 us = 19.76 us (1697.89 GFLOPS/s)
MUL_MAT_VEC q4_K m=1024 n=1 k=4096: 2 x 10.88 us = 21.76 us (770.918 GFLOPS/s)
MUL_MAT_VEC q4_K m=12288 n=1 k=4096: 2 x 55.76 us = 111.52 us (1805.08 GFLOPS/s)
MUL_MAT_VEC q4_K m=32768 n=1 k=4096: 1 x 141.36 us = 141.36 us (1898.72 GFLOPS/s)
MUL_MAT_VEC q4_K m=4096 n=1 k=8192: 1 x 52.48 us = 52.48 us (1278.67 GFLOPS/s)
MUL_MAT_VEC q4_K m=8192 n=1 k=4096: 1 x 36.24 us = 36.24 us (1851.56 GFLOPS/s)
PAD: 1 x 12 us = 12 us
RMS_NORM_MUL RMS_NORM(256,16,1,1): 1 x 4.72 us = 4.72 us
RMS_NORM_MUL RMS_NORM(256,4,1,1): 1 x 2.92 us = 2.92 us
RMS_NORM_MUL RMS_NORM(4096,1,1,1): 5 x 6.992 us = 34.96 us
ROPE: 1 x 3.72 us = 3.72 us
ROPE_VIEW_SET_ROWS ROPE: 1 x 3.92 us = 3.92 us
SET_ROWS: 2 x 3.38 us = 6.76 us
SIGMOID_MUL SIGMOID: 1 x 3.44 us = 3.44 us
TOP_K K=10 (248320,1,1,1): 1 x 28.28 us = 28.28 us
Total time: 601.76 us.
----------------
Vulkan Timings:
ADD: 88 x 3.075 us = 270.6 us
CONCAT: 24 x 3.466 us = 83.2 us
CONT: 8 x 2.41 us = 19.28 us
CPY: 120 x 5.496 us = 659.6 us
FLASH_ATTN_EXT dst(256,16,4,1),  q(256,4,16,1),  k(256,256,4,1),  v(256,256,4,1),  m(256,4,1,1): 8 x 21.505 us = 172.04 us (780.154 GFLOPS/s)
GATED_DELTA_NET: 24 x 14.025 us = 336.6 us
GET_ROWS: 49 x 4.845 us = 237.44 us
GLU: 32 x 2.765 us = 88.48 us
MUL: 24 x 3.74 us = 89.76 us
MUL_MAT_VEC q4_K m=1024 n=4 k=4096: 11 x 6.229 us = 68.52 us (5386.07 GFLOPS/s)
MUL_MAT_VEC q4_K m=12288 n=4 k=4096: 64 x 60.156 us = 3850.04 us (6692.57 GFLOPS/s)
MUL_MAT_VEC q4_K m=4096 n=4 k=12288: 16 x 57.04 us = 912.64 us (7058.85 GFLOPS/s)
MUL_MAT_VEC q4_K m=4096 n=4 k=4096: 32 x 23.023 us = 736.76 us (5828.82 GFLOPS/s)
MUL_MAT_VEC q4_K m=8192 n=4 k=4096: 8 x 40.105 us = 320.84 us (6692.5 GFLOPS/s)
MUL_MAT_VEC q5_K m=4096 n=4 k=4096: 24 x 26.79 us = 642.96 us (5009.38 GFLOPS/s)
MUL_MAT_VEC q5_K m=8192 n=4 k=4096: 24 x 45.193 us = 1084.64 us (5938.99 GFLOPS/s)
MUL_MAT_VEC q6_K m=1024 n=4 k=4096: 5 x 13.16 us = 65.8 us (2549.42 GFLOPS/s)
MUL_MAT_VEC q6_K m=248320 n=4 k=4096: 1 x 1760.8 us = 1760.8 us (4620.6 GFLOPS/s)
MUL_MAT_VEC q6_K m=4096 n=4 k=12288: 16 x 98.072 us = 1569.16 us (4105.5 GFLOPS/s)
MUL_MAT_VEC q8_0 m=32 n=4 k=4096: 48 x 4.101 us = 196.88 us (255.615 GFLOPS/s)
RMS_NORM(128,16,4,1): 48 x 3.312 us = 159 us
RMS_NORM_MUL RMS_NORM(128,32,4,1): 24 x 6.19 us = 148.56 us
RMS_NORM_MUL RMS_NORM(256,16,4,1): 8 x 3.995 us = 31.96 us
RMS_NORM_MUL RMS_NORM(256,4,4,1): 8 x 3.17 us = 25.36 us
RMS_NORM_MUL RMS_NORM(4096,4,1,1): 65 x 5.742 us = 373.28 us
ROPE: 8 x 3.92 us = 31.36 us
ROPE_VIEW_SET_ROWS ROPE: 8 x 4.22 us = 33.76 us
SCALE: 48 x 2.859 us = 137.24 us
SET_ROWS: 8 x 3.34 us = 26.72 us
SIGMOID: 24 x 2.42 us = 58.08 us
SIGMOID_MUL SIGMOID: 8 x 3.48 us = 27.84 us
SILU: 24 x 1.58 us = 37.92 us
SOFTPLUS_MUL SOFTPLUS: 24 x 1.978 us = 47.48 us
SSM_CONV_SILU SSM_CONV: 24 x 2.581 us = 61.96 us
Total time: 14366.6 us.
----------------
Vulkan Timings:
ADD: 2 x 3.7 us = 7.4 us
CONCAT: 1 x 4.16 us = 4.16 us
CONT: 1 x 2.48 us = 2.48 us
FLASH_ATTN_EXT dst(256,16,4,1),  q(256,4,16,1),  k(256,256,4,1),  v(256,256,4,1),  m(256,4,1,1): 1 x 21.8 us = 21.8 us (769.597 GFLOPS/s)
GLU: 1 x 4.76 us = 4.76 us
MUL_MAT_VEC q4_K m=1024 n=4 k=4096: 2 x 8.26 us = 16.52 us (4061.78 GFLOPS/s)
MUL_MAT_VEC q4_K m=12288 n=4 k=4096: 2 x 75.18 us = 150.36 us (5355.2 GFLOPS/s)
MUL_MAT_VEC q4_K m=4096 n=4 k=12288: 1 x 98.04 us = 98.04 us (4106.86 GFLOPS/s)
MUL_MAT_VEC q4_K m=4096 n=4 k=4096: 1 x 34.48 us = 34.48 us (3892.15 GFLOPS/s)
MUL_MAT_VEC q4_K m=4096 n=4 k=8192: 1 x 60.16 us = 60.16 us (4461.75 GFLOPS/s)
MUL_MAT_VEC q4_K m=8192 n=4 k=4096: 1 x 84.4 us = 84.4 us (3180.13 GFLOPS/s)
RMS_NORM_MUL RMS_NORM(256,16,4,1): 1 x 4.92 us = 4.92 us
RMS_NORM_MUL RMS_NORM(256,4,4,1): 1 x 2.92 us = 2.92 us
RMS_NORM_MUL RMS_NORM(4096,4,1,1): 5 x 9.72 us = 48.6 us
ROPE: 1 x 3.84 us = 3.84 us
ROPE_VIEW_SET_ROWS ROPE: 1 x 4.28 us = 4.28 us
SET_ROWS: 1 x 2.44 us = 2.44 us
SIGMOID_MUL SIGMOID: 1 x 4.24 us = 4.24 us
Total time: 555.8 us.
----------------
Vulkan Timings:
CONCAT: 1 x 3.76 us = 3.76 us
CONT: 1 x 2.48 us = 2.48 us
FILL: 1 x 3.16 us = 3.16 us
FLASH_ATTN_EXT dst(256,16,1,1),  q(256,1,16,1),  k(256,256,4,1),  v(256,256,4,1),  m(256,1,1,1): 1 x 21.8 us = 21.8 us (192.399 GFLOPS/s)
GET_ROWS: 2 x 11.4 us = 22.8 us
GLU: 1 x 2.48 us = 2.48 us
MUL_MAT_ADD MUL_MAT_VEC q4_K m=4096 n=1 k=12288: 1 x 51.16 us = 51.16 us (1967.54 GFLOPS/s)
MUL_MAT_ADD MUL_MAT_VEC q4_K m=4096 n=1 k=4096: 1 x 19.84 us = 19.84 us (1691.05 GFLOPS/s)
MUL_MAT_VEC q4_K m=1024 n=1 k=4096: 2 x 5.44 us = 10.88 us (1541.84 GFLOPS/s)
MUL_MAT_VEC q4_K m=12288 n=1 k=4096: 2 x 54.9 us = 109.8 us (1833.35 GFLOPS/s)
MUL_MAT_VEC q4_K m=32768 n=1 k=4096: 1 x 132.64 us = 132.64 us (2023.54 GFLOPS/s)
MUL_MAT_VEC q4_K m=4096 n=1 k=8192: 1 x 45.72 us = 45.72 us (1467.73 GFLOPS/s)
MUL_MAT_VEC q4_K m=8192 n=1 k=4096: 1 x 45.64 us = 45.64 us (1470.22 GFLOPS/s)
PAD: 1 x 11.92 us = 11.92 us
RMS_NORM_MUL RMS_NORM(256,16,1,1): 1 x 4.68 us = 4.68 us
RMS_NORM_MUL RMS_NORM(256,4,1,1): 1 x 2.84 us = 2.84 us
RMS_NORM_MUL RMS_NORM(4096,1,1,1): 5 x 6.84 us = 34.2 us
ROPE: 1 x 4 us = 4 us
ROPE_VIEW_SET_ROWS ROPE: 1 x 4.4 us = 4.4 us
SET_ROWS: 2 x 3.24 us = 6.48 us
SIGMOID_MUL SIGMOID: 1 x 3.48 us = 3.48 us
TOP_K K=10 (248320,1,1,1): 1 x 28.72 us = 28.72 us
Total time: 572.88 us.
----------------
Vulkan Timings:
CONCAT: 1 x 3.76 us = 3.76 us
CONT: 1 x 2.32 us = 2.32 us
FILL: 1 x 2.92 us = 2.92 us
FLASH_ATTN_EXT dst(256,16,1,1),  q(256,1,16,1),  k(256,256,4,1),  v(256,256,4,1),  m(256,1,1,1): 1 x 21.56 us = 21.56 us (194.541 GFLOPS/s)
GET_ROWS: 2 x 11.5 us = 23 us
GLU: 1 x 3.16 us = 3.16 us
MUL_MAT_ADD MUL_MAT_VEC q4_K m=4096 n=1 k=12288: 1 x 60.96 us = 60.96 us (1651.23 GFLOPS/s)
MUL_MAT_ADD MUL_MAT_VEC q4_K m=4096 n=1 k=4096: 1 x 19.8 us = 19.8 us (1694.46 GFLOPS/s)
MUL_MAT_VEC q4_K m=1024 n=1 k=4096: 2 x 10.38 us = 20.76 us (808.052 GFLOPS/s)
MUL_MAT_VEC q4_K m=12288 n=1 k=4096: 2 x 55.98 us = 111.96 us (1797.98 GFLOPS/s)
MUL_MAT_VEC q4_K m=32768 n=1 k=4096: 1 x 141.8 us = 141.8 us (1892.83 GFLOPS/s)
MUL_MAT_VEC q4_K m=4096 n=1 k=8192: 1 x 52.92 us = 52.92 us (1268.04 GFLOPS/s)
MUL_MAT_VEC q4_K m=8192 n=1 k=4096: 1 x 36.68 us = 36.68 us (1829.35 GFLOPS/s)
PAD: 1 x 12.08 us = 12.08 us
RMS_NORM_MUL RMS_NORM(256,16,1,1): 1 x 4.68 us = 4.68 us
RMS_NORM_MUL RMS_NORM(256,4,1,1): 1 x 3.08 us = 3.08 us
RMS_NORM_MUL RMS_NORM(4096,1,1,1): 5 x 6.952 us = 34.76 us
ROPE: 1 x 3.8 us = 3.8 us
ROPE_VIEW_SET_ROWS ROPE: 1 x 3.44 us = 3.44 us
SET_ROWS: 2 x 3.22 us = 6.44 us
SIGMOID_MUL SIGMOID: 1 x 3.76 us = 3.76 us
TOP_K K=10 (248320,1,1,1): 1 x 28.4 us = 28.4 us
Total time: 602.04 us.
----------------
Vulkan Timings:
CONCAT: 1 x 3.8 us = 3.8 us
CONT: 1 x 2.36 us = 2.36 us
FILL: 1 x 3.24 us = 3.24 us
FLASH_ATTN_EXT dst(256,16,1,1),  q(256,1,16,1),  k(256,256,4,1),  v(256,256,4,1),  m(256,1,1,1): 1 x 21.52 us = 21.52 us (194.903 GFLOPS/s)
GET_ROWS: 2 x 11.9 us = 23.8 us
GLU: 1 x 3.12 us = 3.12 us
MUL_MAT_ADD MUL_MAT_VEC q4_K m=4096 n=1 k=12288: 1 x 61.64 us = 61.64 us (1633.02 GFLOPS/s)
MUL_MAT_ADD MUL_MAT_VEC q4_K m=4096 n=1 k=4096: 1 x 19.72 us = 19.72 us (1701.34 GFLOPS/s)
MUL_MAT_VEC q4_K m=1024 n=1 k=4096: 2 x 10.78 us = 21.56 us (778.069 GFLOPS/s)
MUL_MAT_VEC q4_K m=12288 n=1 k=4096: 2 x 55.88 us = 111.76 us (1801.2 GFLOPS/s)
MUL_MAT_VEC q4_K m=32768 n=1 k=4096: 1 x 141.2 us = 141.2 us (1900.87 GFLOPS/s)
MUL_MAT_VEC q4_K m=4096 n=1 k=8192: 1 x 53 us = 53 us (1266.13 GFLOPS/s)
MUL_MAT_VEC q4_K m=8192 n=1 k=4096: 1 x 36.2 us = 36.2 us (1853.61 GFLOPS/s)
PAD: 1 x 12.12 us = 12.12 us
RMS_NORM_MUL RMS_NORM(256,16,1,1): 1 x 4.76 us = 4.76 us
RMS_NORM_MUL RMS_NORM(256,4,1,1): 1 x 2.76 us = 2.76 us
RMS_NORM_MUL RMS_NORM(4096,1,1,1): 5 x 6.856 us = 34.28 us
ROPE: 1 x 3.8 us = 3.8 us
ROPE_VIEW_SET_ROWS ROPE: 1 x 4.24 us = 4.24 us
SET_ROWS: 2 x 3.36 us = 6.72 us
SIGMOID_MUL SIGMOID: 1 x 3.44 us = 3.44 us
TOP_K K=10 (248320,1,1,1): 1 x 28.56 us = 28.56 us
Total time: 603.6 us.
----------------
Vulkan Timings:
ADD: 88 x 3.076 us = 270.76 us
CONCAT: 24 x 3.548 us = 85.16 us
CONT: 8 x 2.4 us = 19.2 us
CPY: 120 x 5.536 us = 664.4 us
FLASH_ATTN_EXT dst(256,16,4,1),  q(256,4,16,1),  k(256,256,4,1),  v(256,256,4,1),  m(256,4,1,1): 8 x 21.78 us = 174.24 us (770.304 GFLOPS/s)
GATED_DELTA_NET: 24 x 14.101 us = 338.44 us
GET_ROWS: 49 x 4.885 us = 239.4 us
GLU: 32 x 2.828 us = 90.52 us
MUL: 24 x 3.726 us = 89.44 us
MUL_MAT_VEC q4_K m=1024 n=4 k=4096: 11 x 6.265 us = 68.92 us (5354.81 GFLOPS/s)
MUL_MAT_VEC q4_K m=12288 n=4 k=4096: 64 x 60.554 us = 3875.48 us (6648.64 GFLOPS/s)
MUL_MAT_VEC q4_K m=4096 n=4 k=12288: 16 x 56.975 us = 911.6 us (7066.9 GFLOPS/s)
MUL_MAT_VEC q4_K m=4096 n=4 k=4096: 32 x 23.176 us = 741.64 us (5790.47 GFLOPS/s)
MUL_MAT_VEC q4_K m=8192 n=4 k=4096: 8 x 40.365 us = 322.92 us (6649.39 GFLOPS/s)
MUL_MAT_VEC q5_K m=4096 n=4 k=4096: 24 x 26.955 us = 646.92 us (4978.72 GFLOPS/s)
MUL_MAT_VEC q5_K m=8192 n=4 k=4096: 24 x 45.466 us = 1091.2 us (5903.28 GFLOPS/s)
MUL_MAT_VEC q6_K m=1024 n=4 k=4096: 5 x 13.264 us = 66.32 us (2529.43 GFLOPS/s)
MUL_MAT_VEC q6_K m=248320 n=4 k=4096: 1 x 1777 us = 1777 us (4578.48 GFLOPS/s)
MUL_MAT_VEC q6_K m=4096 n=4 k=12288: 16 x 99.217 us = 1587.48 us (4058.12 GFLOPS/s)
MUL_MAT_VEC q8_0 m=32 n=4 k=4096: 48 x 4.139 us = 198.68 us (253.299 GFLOPS/s)
RMS_NORM(128,16,4,1): 48 x 3.318 us = 159.28 us
RMS_NORM_MUL RMS_NORM(128,32,4,1): 24 x 6.211 us = 149.08 us
RMS_NORM_MUL RMS_NORM(256,16,4,1): 8 x 4.05 us = 32.4 us
RMS_NORM_MUL RMS_NORM(256,4,4,1): 8 x 3.195 us = 25.56 us
RMS_NORM_MUL RMS_NORM(4096,4,1,1): 65 x 5.725 us = 372.16 us
ROPE: 8 x 3.865 us = 30.92 us
ROPE_VIEW_SET_ROWS ROPE: 8 x 4.225 us = 33.8 us
SCALE: 48 x 2.939 us = 141.08 us
SET_ROWS: 8 x 3.365 us = 26.92 us
SIGMOID: 24 x 2.426 us = 58.24 us
SIGMOID_MUL SIGMOID: 8 x 3.535 us = 28.28 us
SILU: 24 x 1.633 us = 39.2 us
SOFTPLUS_MUL SOFTPLUS: 24 x 2.123 us = 50.96 us
SSM_CONV_SILU SSM_CONV: 24 x 2.573 us = 61.76 us
Total time: 14469.4 us.
----------------
Vulkan Timings:
ADD: 2 x 3.68 us = 7.36 us
CONCAT: 1 x 4.32 us = 4.32 us
CONT: 1 x 2.56 us = 2.56 us
FLASH_ATTN_EXT dst(256,16,4,1),  q(256,4,16,1),  k(256,256,4,1),  v(256,256,4,1),  m(256,4,1,1): 1 x 22.44 us = 22.44 us (747.648 GFLOPS/s)
GLU: 1 x 4.08 us = 4.08 us
MUL_MAT_VEC q4_K m=1024 n=4 k=4096: 2 x 8.32 us = 16.64 us (4032.49 GFLOPS/s)
MUL_MAT_VEC q4_K m=12288 n=4 k=4096: 2 x 76.12 us = 152.24 us (5289.07 GFLOPS/s)
MUL_MAT_VEC q4_K m=4096 n=4 k=12288: 1 x 98.76 us = 98.76 us (4076.92 GFLOPS/s)
MUL_MAT_VEC q4_K m=4096 n=4 k=4096: 1 x 35.16 us = 35.16 us (3816.88 GFLOPS/s)
MUL_MAT_VEC q4_K m=4096 n=4 k=8192: 1 x 62.92 us = 62.92 us (4266.04 GFLOPS/s)
MUL_MAT_VEC q4_K m=8192 n=4 k=4096: 1 x 76.64 us = 76.64 us (3502.12 GFLOPS/s)
RMS_NORM_MUL RMS_NORM(256,16,4,1): 1 x 5 us = 5 us
RMS_NORM_MUL RMS_NORM(256,4,4,1): 1 x 3 us = 3 us
RMS_NORM_MUL RMS_NORM(4096,4,1,1): 5 x 9.096 us = 45.48 us
ROPE: 1 x 3.88 us = 3.88 us
ROPE_VIEW_SET_ROWS ROPE: 1 x 4.32 us = 4.32 us
SET_ROWS: 1 x 2.44 us = 2.44 us
SIGMOID_MUL SIGMOID: 1 x 4.48 us = 4.48 us
Total time: 551.72 us.
----------------
Vulkan Timings:
CONCAT: 1 x 3.88 us = 3.88 us
CONT: 1 x 2.44 us = 2.44 us
FILL: 1 x 3.16 us = 3.16 us
FLASH_ATTN_EXT dst(256,16,1,1),  q(256,1,16,1),  k(256,256,4,1),  v(256,256,4,1),  m(256,1,1,1): 1 x 21.72 us = 21.72 us (193.108 GFLOPS/s)
GET_ROWS: 2 x 11.34 us = 22.68 us
GLU: 1 x 2.48 us = 2.48 us
MUL_MAT_ADD MUL_MAT_VEC q4_K m=4096 n=1 k=12288: 1 x 50.84 us = 50.84 us (1979.92 GFLOPS/s)
MUL_MAT_ADD MUL_MAT_VEC q4_K m=4096 n=1 k=4096: 1 x 19.6 us = 19.6 us (1711.75 GFLOPS/s)
MUL_MAT_VEC q4_K m=1024 n=1 k=4096: 2 x 5.34 us = 10.68 us (1570.71 GFLOPS/s)
MUL_MAT_VEC q4_K m=12288 n=1 k=4096: 2 x 54.54 us = 109.08 us (1845.45 GFLOPS/s)
MUL_MAT_VEC q4_K m=32768 n=1 k=4096: 1 x 132.84 us = 132.84 us (2020.5 GFLOPS/s)
MUL_MAT_VEC q4_K m=4096 n=1 k=8192: 1 x 45.92 us = 45.92 us (1461.34 GFLOPS/s)
MUL_MAT_VEC q4_K m=8192 n=1 k=4096: 1 x 45.36 us = 45.36 us (1479.29 GFLOPS/s)
PAD: 1 x 11.96 us = 11.96 us
RMS_NORM_MUL RMS_NORM(256,16,1,1): 1 x 4.72 us = 4.72 us
RMS_NORM_MUL RMS_NORM(256,4,1,1): 1 x 2.84 us = 2.84 us
RMS_NORM_MUL RMS_NORM(4096,1,1,1): 5 x 7.016 us = 35.08 us
ROPE: 1 x 4 us = 4 us
ROPE_VIEW_SET_ROWS ROPE: 1 x 4.36 us = 4.36 us
SET_ROWS: 2 x 3.26 us = 6.52 us
SIGMOID_MUL SIGMOID: 1 x 3.48 us = 3.48 us
TOP_K K=10 (248320,1,1,1): 1 x 28.6 us = 28.6 us
Total time: 572.24 us.
----------------
Vulkan Timings:
CONCAT: 1 x 4 us = 4 us
CONT: 1 x 2.32 us = 2.32 us
FILL: 1 x 3.2 us = 3.2 us
FLASH_ATTN_EXT dst(256,16,1,1),  q(256,1,16,1),  k(256,256,4,1),  v(256,256,4,1),  m(256,1,1,1): 1 x 21.52 us = 21.52 us (194.903 GFLOPS/s)
GET_ROWS: 2 x 11.22 us = 22.44 us
GLU: 1 x 3.36 us = 3.36 us
MUL_MAT_ADD MUL_MAT_VEC q4_K m=4096 n=1 k=12288: 1 x 61.04 us = 61.04 us (1649.07 GFLOPS/s)
MUL_MAT_ADD MUL_MAT_VEC q4_K m=4096 n=1 k=4096: 1 x 19.76 us = 19.76 us (1697.89 GFLOPS/s)
MUL_MAT_VEC q4_K m=1024 n=1 k=4096: 2 x 10.64 us = 21.28 us (788.307 GFLOPS/s)
MUL_MAT_VEC q4_K m=12288 n=1 k=4096: 2 x 55.86 us = 111.72 us (1801.84 GFLOPS/s)
MUL_MAT_VEC q4_K m=32768 n=1 k=4096: 1 x 141 us = 141 us (1903.57 GFLOPS/s)
MUL_MAT_VEC q4_K m=4096 n=1 k=8192: 1 x 53.04 us = 53.04 us (1265.17 GFLOPS/s)
MUL_MAT_VEC q4_K m=8192 n=1 k=4096: 1 x 36 us = 36 us (1863.91 GFLOPS/s)
PAD: 1 x 12 us = 12 us
RMS_NORM_MUL RMS_NORM(256,16,1,1): 1 x 4.76 us = 4.76 us
RMS_NORM_MUL RMS_NORM(256,4,1,1): 1 x 2.8 us = 2.8 us
RMS_NORM_MUL RMS_NORM(4096,1,1,1): 5 x 7.088 us = 35.44 us
ROPE: 1 x 3.72 us = 3.72 us
ROPE_VIEW_SET_ROWS ROPE: 1 x 4.2 us = 4.2 us
SET_ROWS: 2 x 3.34 us = 6.68 us
SIGMOID_MUL SIGMOID: 1 x 3.44 us = 3.44 us
TOP_K K=10 (248320,1,1,1): 1 x 28.6 us = 28.6 us
Total time: 602.32 us.
----------------
Vulkan Timings:
CONCAT: 1 x 3.76 us = 3.76 us
CONT: 1 x 2.32 us = 2.32 us
FILL: 1 x 3.2 us = 3.2 us
FLASH_ATTN_EXT dst(256,16,1,1),  q(256,1,16,1),  k(256,256,4,1),  v(256,256,4,1),  m(256,1,1,1): 1 x 21.56 us = 21.56 us (194.541 GFLOPS/s)
GET_ROWS: 2 x 11.22 us = 22.44 us
GLU: 1 x 3.12 us = 3.12 us
MUL_MAT_ADD MUL_MAT_VEC q4_K m=4096 n=1 k=12288: 1 x 61.2 us = 61.2 us (1644.76 GFLOPS/s)
MUL_MAT_ADD MUL_MAT_VEC q4_K m=4096 n=1 k=4096: 1 x 19.84 us = 19.84 us (1691.05 GFLOPS/s)
MUL_MAT_VEC q4_K m=1024 n=1 k=4096: 2 x 10.96 us = 21.92 us (765.291 GFLOPS/s)
MUL_MAT_VEC q4_K m=12288 n=1 k=4096: 2 x 56 us = 112 us (1797.34 GFLOPS/s)
MUL_MAT_VEC q4_K m=32768 n=1 k=4096: 1 x 141.08 us = 141.08 us (1902.49 GFLOPS/s)
MUL_MAT_VEC q4_K m=4096 n=1 k=8192: 1 x 53.08 us = 53.08 us (1264.22 GFLOPS/s)
MUL_MAT_VEC q4_K m=8192 n=1 k=4096: 1 x 36.2 us = 36.2 us (1853.61 GFLOPS/s)
PAD: 1 x 12.04 us = 12.04 us
RMS_NORM_MUL RMS_NORM(256,16,1,1): 1 x 4 us = 4 us
RMS_NORM_MUL RMS_NORM(256,4,1,1): 1 x 2.8 us = 2.8 us
RMS_NORM_MUL RMS_NORM(4096,1,1,1): 5 x 7.112 us = 35.56 us
ROPE: 1 x 3.76 us = 3.76 us
ROPE_VIEW_SET_ROWS ROPE: 1 x 4.2 us = 4.2 us
SET_ROWS: 2 x 3.36 us = 6.72 us
SIGMOID_MUL SIGMOID: 1 x 3.48 us = 3.48 us
TOP_K K=10 (248320,1,1,1): 1 x 27.76 us = 27.76 us
Total time: 602.04 us.
----------------
Vulkan Timings:
ADD: 88 x 3.101 us = 272.96 us
CONCAT: 24 x 3.473 us = 83.36 us
CONT: 8 x 2.41 us = 19.28 us
CPY: 120 x 5.481 us = 657.8 us
FLASH_ATTN_EXT dst(256,16,4,1),  q(256,4,16,1),  k(256,256,4,1),  v(256,256,4,1),  m(256,4,1,1): 8 x 21.725 us = 173.8 us (772.254 GFLOPS/s)
GATED_DELTA_NET: 24 x 14.065 us = 337.56 us
GET_ROWS: 49 x 4.787 us = 234.6 us
GLU: 32 x 2.802 us = 89.68 us
MUL: 24 x 3.728 us = 89.48 us
MUL_MAT_VEC q4_K m=1024 n=4 k=4096: 11 x 6.298 us = 69.28 us (5326.99 GFLOPS/s)
MUL_MAT_VEC q4_K m=12288 n=4 k=4096: 64 x 60.215 us = 3853.76 us (6686.11 GFLOPS/s)
MUL_MAT_VEC q4_K m=4096 n=4 k=12288: 16 x 57.05 us = 912.8 us (7057.61 GFLOPS/s)
MUL_MAT_VEC q4_K m=4096 n=4 k=4096: 32 x 23.083 us = 738.68 us (5813.67 GFLOPS/s)
MUL_MAT_VEC q4_K m=8192 n=4 k=4096: 8 x 40.26 us = 322.08 us (6666.73 GFLOPS/s)
MUL_MAT_VEC q5_K m=4096 n=4 k=4096: 24 x 26.846 us = 644.32 us (4998.81 GFLOPS/s)
MUL_MAT_VEC q5_K m=8192 n=4 k=4096: 24 x 45.208 us = 1085 us (5937.02 GFLOPS/s)
MUL_MAT_VEC q6_K m=1024 n=4 k=4096: 5 x 13.096 us = 65.48 us (2561.88 GFLOPS/s)
MUL_MAT_VEC q6_K m=248320 n=4 k=4096: 1 x 1765.24 us = 1765.24 us (4608.98 GFLOPS/s)
MUL_MAT_VEC q6_K m=4096 n=4 k=12288: 16 x 98.602 us = 1577.64 us (4083.43 GFLOPS/s)
MUL_MAT_VEC q8_0 m=32 n=4 k=4096: 48 x 4.056 us = 194.72 us (258.451 GFLOPS/s)
RMS_NORM(128,16,4,1): 48 x 3.295 us = 158.2 us
RMS_NORM_MUL RMS_NORM(128,32,4,1): 24 x 6.203 us = 148.88 us
RMS_NORM_MUL RMS_NORM(256,16,4,1): 8 x 3.905 us = 31.24 us
RMS_NORM_MUL RMS_NORM(256,4,4,1): 8 x 3.165 us = 25.32 us
RMS_NORM_MUL RMS_NORM(4096,4,1,1): 65 x 5.675 us = 368.88 us
ROPE: 8 x 3.945 us = 31.56 us
ROPE_VIEW_SET_ROWS ROPE: 8 x 4.245 us = 33.96 us
SCALE: 48 x 2.9 us = 139.2 us
SET_ROWS: 8 x 3.33 us = 26.64 us
SIGMOID: 24 x 2.58 us = 61.92 us
SIGMOID_MUL SIGMOID: 8 x 3.44 us = 27.52 us
SILU: 24 x 1.405 us = 33.72 us
SOFTPLUS_MUL SOFTPLUS: 24 x 1.955 us = 46.92 us
SSM_CONV_SILU SSM_CONV: 24 x 2.59 us = 62.16 us
Total time: 14383.6 us.
----------------
Vulkan Timings:
ADD: 2 x 3.94 us = 7.88 us
CONCAT: 1 x 4.32 us = 4.32 us
CONT: 1 x 2.56 us = 2.56 us
FLASH_ATTN_EXT dst(256,16,4,1),  q(256,4,16,1),  k(256,256,4,1),  v(256,256,4,1),  m(256,4,1,1): 1 x 22.48 us = 22.48 us (746.317 GFLOPS/s)
GLU: 1 x 4.08 us = 4.08 us
MUL_MAT_VEC q4_K m=1024 n=4 k=4096: 2 x 8.44 us = 16.88 us (3975.16 GFLOPS/s)
MUL_MAT_VEC q4_K m=12288 n=4 k=4096: 2 x 81.76 us = 163.52 us (4924.22 GFLOPS/s)
MUL_MAT_VEC q4_K m=4096 n=4 k=12288: 1 x 88 us = 88 us (4575.42 GFLOPS/s)
MUL_MAT_VEC q4_K m=4096 n=4 k=4096: 1 x 36 us = 36 us (3727.82 GFLOPS/s)
MUL_MAT_VEC q4_K m=4096 n=4 k=8192: 1 x 64.24 us = 64.24 us (4178.38 GFLOPS/s)
MUL_MAT_VEC q4_K m=8192 n=4 k=4096: 1 x 63.44 us = 63.44 us (4230.81 GFLOPS/s)
RMS_NORM_MUL RMS_NORM(256,16,4,1): 1 x 5.28 us = 5.28 us
RMS_NORM_MUL RMS_NORM(256,4,4,1): 1 x 3.04 us = 3.04 us
RMS_NORM_MUL RMS_NORM(4096,4,1,1): 5 x 11.672 us = 58.36 us
ROPE: 1 x 4.4 us = 4.4 us
ROPE_VIEW_SET_ROWS ROPE: 1 x 4.36 us = 4.36 us
SET_ROWS: 1 x 1.88 us = 1.88 us
SIGMOID_MUL SIGMOID: 1 x 4.36 us = 4.36 us
Total time: 555.08 us.
----------------
Vulkan Timings:
CONCAT: 1 x 3.88 us = 3.88 us
CONT: 1 x 2.52 us = 2.52 us
FILL: 1 x 3.2 us = 3.2 us
FLASH_ATTN_EXT dst(256,16,1,1),  q(256,1,16,1),  k(256,256,4,1),  v(256,256,4,1),  m(256,1,1,1): 1 x 22.28 us = 22.28 us (188.254 GFLOPS/s)
GET_ROWS: 2 x 11.46 us = 22.92 us
GLU: 1 x 2.52 us = 2.52 us
MUL_MAT_ADD MUL_MAT_VEC q4_K m=4096 n=1 k=12288: 1 x 51.96 us = 51.96 us (1937.24 GFLOPS/s)
MUL_MAT_ADD MUL_MAT_VEC q4_K m=4096 n=1 k=4096: 1 x 19.68 us = 19.68 us (1704.79 GFLOPS/s)
MUL_MAT_VEC q4_K m=1024 n=1 k=4096: 2 x 5.46 us = 10.92 us (1536.19 GFLOPS/s)
MUL_MAT_VEC q4_K m=12288 n=1 k=4096: 2 x 54.86 us = 109.72 us (1834.69 GFLOPS/s)
MUL_MAT_VEC q4_K m=32768 n=1 k=4096: 1 x 133.04 us = 133.04 us (2017.46 GFLOPS/s)
MUL_MAT_VEC q4_K m=4096 n=1 k=8192: 1 x 46.6 us = 46.6 us (1440.02 GFLOPS/s)
MUL_MAT_VEC q4_K m=8192 n=1 k=4096: 1 x 45.56 us = 45.56 us (1472.8 GFLOPS/s)
PAD: 1 x 12 us = 12 us
RMS_NORM_MUL RMS_NORM(256,16,1,1): 1 x 4.84 us = 4.84 us
RMS_NORM_MUL RMS_NORM(256,4,1,1): 1 x 2.92 us = 2.92 us
RMS_NORM_MUL RMS_NORM(4096,1,1,1): 5 x 7.128 us = 35.64 us
ROPE: 1 x 4.08 us = 4.08 us
ROPE_VIEW_SET_ROWS ROPE: 1 x 4.48 us = 4.48 us
SET_ROWS: 2 x 3.18 us = 6.36 us
SIGMOID_MUL SIGMOID: 1 x 3.56 us = 3.56 us
TOP_K K=10 (248320,1,1,1): 1 x 28.52 us = 28.52 us
Total time: 577.2 us.
----------------
Vulkan Timings:
CONCAT: 1 x 3.8 us = 3.8 us
CONT: 1 x 2.32 us = 2.32 us
FILL: 1 x 3.16 us = 3.16 us
FLASH_ATTN_EXT dst(256,16,1,1),  q(256,1,16,1),  k(256,256,4,1),  v(256,256,4,1),  m(256,1,1,1): 1 x 21.52 us = 21.52 us (194.903 GFLOPS/s)
GET_ROWS: 2 x 11.26 us = 22.52 us
GLU: 1 x 3.16 us = 3.16 us
MUL_MAT_ADD MUL_MAT_VEC q4_K m=4096 n=1 k=12288: 1 x 61.76 us = 61.76 us (1629.84 GFLOPS/s)
MUL_MAT_ADD MUL_MAT_VEC q4_K m=4096 n=1 k=4096: 1 x 19.72 us = 19.72 us (1701.34 GFLOPS/s)
MUL_MAT_VEC q4_K m=1024 n=1 k=4096: 2 x 10.86 us = 21.72 us (772.337 GFLOPS/s)
MUL_MAT_VEC q4_K m=12288 n=1 k=4096: 2 x 56.72 us = 113.44 us (1774.52 GFLOPS/s)
MUL_MAT_VEC q4_K m=32768 n=1 k=4096: 1 x 141.84 us = 141.84 us (1892.29 GFLOPS/s)
MUL_MAT_VEC q4_K m=4096 n=1 k=8192: 1 x 53.04 us = 53.04 us (1265.17 GFLOPS/s)
MUL_MAT_VEC q4_K m=8192 n=1 k=4096: 1 x 36.28 us = 36.28 us (1849.52 GFLOPS/s)
PAD: 1 x 11.84 us = 11.84 us
RMS_NORM_MUL RMS_NORM(256,16,1,1): 1 x 4.76 us = 4.76 us
RMS_NORM_MUL RMS_NORM(256,4,1,1): 1 x 2.76 us = 2.76 us
RMS_NORM_MUL RMS_NORM(4096,1,1,1): 5 x 7.192 us = 35.96 us
ROPE: 1 x 3.8 us = 3.8 us
ROPE_VIEW_SET_ROWS ROPE: 1 x 4.24 us = 4.24 us
SET_ROWS: 2 x 3.42 us = 6.84 us
SIGMOID_MUL SIGMOID: 1 x 3.48 us = 3.48 us
TOP_K K=10 (248320,1,1,1): 1 x 28.08 us = 28.08 us
Total time: 606.04 us.
----------------
Vulkan Timings:
CONCAT: 1 x 3.76 us = 3.76 us
CONT: 1 x 2.28 us = 2.28 us
FILL: 1 x 3.2 us = 3.2 us
FLASH_ATTN_EXT dst(256,16,1,1),  q(256,1,16,1),  k(256,256,4,1),  v(256,256,4,1),  m(256,1,1,1): 1 x 21.72 us = 21.72 us (193.108 GFLOPS/s)
GET_ROWS: 2 x 11.24 us = 22.48 us
GLU: 1 x 3.2 us = 3.2 us
MUL_MAT_ADD MUL_MAT_VEC q4_K m=4096 n=1 k=12288: 1 x 61.28 us = 61.28 us (1642.61 GFLOPS/s)
MUL_MAT_ADD MUL_MAT_VEC q4_K m=4096 n=1 k=4096: 1 x 20 us = 20 us (1677.52 GFLOPS/s)
MUL_MAT_VEC q4_K m=1024 n=1 k=4096: 2 x 10.86 us = 21.72 us (772.337 GFLOPS/s)
MUL_MAT_VEC q4_K m=12288 n=1 k=4096: 2 x 55.68 us = 111.36 us (1807.67 GFLOPS/s)
MUL_MAT_VEC q4_K m=32768 n=1 k=4096: 1 x 141.12 us = 141.12 us (1901.95 GFLOPS/s)
MUL_MAT_VEC q4_K m=4096 n=1 k=8192: 1 x 52.84 us = 52.84 us (1269.96 GFLOPS/s)
MUL_MAT_VEC q4_K m=8192 n=1 k=4096: 1 x 36.32 us = 36.32 us (1847.49 GFLOPS/s)
PAD: 1 x 12.04 us = 12.04 us
RMS_NORM_MUL RMS_NORM(256,16,1,1): 1 x 4.76 us = 4.76 us
RMS_NORM_MUL RMS_NORM(256,4,1,1): 1 x 2.8 us = 2.8 us
RMS_NORM_MUL RMS_NORM(4096,1,1,1): 5 x 7.104 us = 35.52 us
ROPE: 1 x 3.76 us = 3.76 us
ROPE_VIEW_SET_ROWS ROPE: 1 x 4.2 us = 4.2 us
SET_ROWS: 2 x 3.28 us = 6.56 us
SIGMOID_MUL SIGMOID: 1 x 3.48 us = 3.48 us
TOP_K K=10 (248320,1,1,1): 1 x 28.44 us = 28.44 us
Total time: 602.84 us.
----------------
Vulkan Timings:
ADD: 88 x 3.077 us = 270.8 us
CONCAT: 24 x 3.503 us = 84.08 us
CONT: 8 x 2.41 us = 19.28 us
CPY: 120 x 5.486 us = 658.4 us
FLASH_ATTN_EXT dst(256,16,4,1),  q(256,4,16,1),  k(256,256,4,1),  v(256,256,4,1),  m(256,4,1,1): 8 x 21.71 us = 173.68 us (772.787 GFLOPS/s)
GATED_DELTA_NET: 24 x 14.078 us = 337.88 us
GET_ROWS: 49 x 4.804 us = 235.4 us
GLU: 32 x 2.788 us = 89.24 us
MUL: 24 x 3.761 us = 90.28 us
MUL_MAT_VEC q4_K m=1024 n=4 k=4096: 11 x 6.225 us = 68.48 us (5389.22 GFLOPS/s)
MUL_MAT_VEC q4_K m=12288 n=4 k=4096: 64 x 60.393 us = 3865.2 us (6666.32 GFLOPS/s)
MUL_MAT_VEC q4_K m=4096 n=4 k=12288: 16 x 57.172 us = 914.76 us (7042.49 GFLOPS/s)
MUL_MAT_VEC q4_K m=4096 n=4 k=4096: 32 x 23.037 us = 737.2 us (5825.34 GFLOPS/s)
MUL_MAT_VEC q4_K m=8192 n=4 k=4096: 8 x 40.14 us = 321.12 us (6686.66 GFLOPS/s)
MUL_MAT_VEC q5_K m=4096 n=4 k=4096: 24 x 26.908 us = 645.8 us (4987.35 GFLOPS/s)
MUL_MAT_VEC q5_K m=8192 n=4 k=4096: 24 x 45.145 us = 1083.48 us (5945.35 GFLOPS/s)
MUL_MAT_VEC q6_K m=1024 n=4 k=4096: 5 x 13.552 us = 67.76 us (2475.67 GFLOPS/s)
MUL_MAT_VEC q6_K m=248320 n=4 k=4096: 1 x 1759.32 us = 1759.32 us (4624.49 GFLOPS/s)
MUL_MAT_VEC q6_K m=4096 n=4 k=12288: 16 x 98.742 us = 1579.88 us (4077.64 GFLOPS/s)
MUL_MAT_VEC q8_0 m=32 n=4 k=4096: 48 x 4.059 us = 194.84 us (258.291 GFLOPS/s)
RMS_NORM(128,16,4,1): 48 x 3.352 us = 160.92 us
RMS_NORM_MUL RMS_NORM(128,32,4,1): 24 x 6.2 us = 148.8 us
RMS_NORM_MUL RMS_NORM(256,16,4,1): 8 x 4.085 us = 32.68 us
RMS_NORM_MUL RMS_NORM(256,4,4,1): 8 x 3.255 us = 26.04 us
RMS_NORM_MUL RMS_NORM(4096,4,1,1): 65 x 5.836 us = 379.36 us
ROPE: 8 x 4.04 us = 32.32 us
ROPE_VIEW_SET_ROWS ROPE: 8 x 4.265 us = 34.12 us
SCALE: 48 x 2.901 us = 139.28 us
SET_ROWS: 8 x 3.37 us = 26.96 us
SIGMOID: 24 x 2.516 us = 60.4 us
SIGMOID_MUL SIGMOID: 8 x 3.465 us = 27.72 us
SILU: 24 x 1.505 us = 36.12 us
SOFTPLUS_MUL SOFTPLUS: 24 x 2.095 us = 50.28 us
SSM_CONV_SILU SSM_CONV: 24 x 2.633 us = 63.2 us
Total time: 14415.1 us.
----------------
Vulkan Timings:
ADD: 2 x 3.62 us = 7.24 us
CONCAT: 1 x 4.12 us = 4.12 us
CONT: 1 x 2.44 us = 2.44 us
FLASH_ATTN_EXT dst(256,16,4,1),  q(256,4,16,1),  k(256,256,4,1),  v(256,256,4,1),  m(256,4,1,1): 1 x 21.8 us = 21.8 us (769.597 GFLOPS/s)
GLU: 1 x 3.92 us = 3.92 us
MUL_MAT_VEC q4_K m=1024 n=4 k=4096: 2 x 8.04 us = 16.08 us (4172.93 GFLOPS/s)
MUL_MAT_VEC q4_K m=12288 n=4 k=4096: 2 x 75.72 us = 151.44 us (5317.01 GFLOPS/s)
MUL_MAT_VEC q4_K m=4096 n=4 k=12288: 1 x 117.56 us = 117.56 us (3424.95 GFLOPS/s)
MUL_MAT_VEC q4_K m=4096 n=4 k=4096: 1 x 34.4 us = 34.4 us (3901.2 GFLOPS/s)
MUL_MAT_VEC q4_K m=4096 n=4 k=8192: 1 x 90.12 us = 90.12 us (2978.46 GFLOPS/s)
MUL_MAT_VEC q4_K m=8192 n=4 k=4096: 1 x 60.64 us = 60.64 us (4426.17 GFLOPS/s)
RMS_NORM_MUL RMS_NORM(256,16,4,1): 1 x 4.88 us = 4.88 us
RMS_NORM_MUL RMS_NORM(256,4,4,1): 1 x 2.96 us = 2.96 us
RMS_NORM_MUL RMS_NORM(4096,4,1,1): 5 x 12.04 us = 60.2 us
ROPE: 1 x 3.84 us = 3.84 us
ROPE_VIEW_SET_ROWS ROPE: 1 x 4.2 us = 4.2 us
SET_ROWS: 1 x 2.36 us = 2.36 us
SIGMOID_MUL SIGMOID: 1 x 4.24 us = 4.24 us
Total time: 592.44 us.
----------------
Vulkan Timings:
CONCAT: 1 x 3.76 us = 3.76 us
CONT: 1 x 2.4 us = 2.4 us
FILL: 1 x 3.16 us = 3.16 us
FLASH_ATTN_EXT dst(256,16,1,1),  q(256,1,16,1),  k(256,256,4,1),  v(256,256,4,1),  m(256,1,1,1): 1 x 21.72 us = 21.72 us (193.108 GFLOPS/s)
GET_ROWS: 2 x 11.4 us = 22.8 us
GLU: 1 x 2.44 us = 2.44 us
MUL_MAT_ADD MUL_MAT_VEC q4_K m=4096 n=1 k=12288: 1 x 50.84 us = 50.84 us (1979.92 GFLOPS/s)
MUL_MAT_ADD MUL_MAT_VEC q4_K m=4096 n=1 k=4096: 1 x 19.96 us = 19.96 us (1680.88 GFLOPS/s)
MUL_MAT_VEC q4_K m=1024 n=1 k=4096: 2 x 5.4 us = 10.8 us (1553.26 GFLOPS/s)
MUL_MAT_VEC q4_K m=12288 n=1 k=4096: 2 x 54.44 us = 108.88 us (1848.84 GFLOPS/s)
MUL_MAT_VEC q4_K m=32768 n=1 k=4096: 1 x 132.16 us = 132.16 us (2030.89 GFLOPS/s)
MUL_MAT_VEC q4_K m=4096 n=1 k=8192: 1 x 46.08 us = 46.08 us (1456.27 GFLOPS/s)
MUL_MAT_VEC q4_K m=8192 n=1 k=4096: 1 x 44.84 us = 44.84 us (1496.45 GFLOPS/s)
PAD: 1 x 11.92 us = 11.92 us
RMS_NORM_MUL RMS_NORM(256,16,1,1): 1 x 4.72 us = 4.72 us
RMS_NORM_MUL RMS_NORM(256,4,1,1): 1 x 2.84 us = 2.84 us
RMS_NORM_MUL RMS_NORM(4096,1,1,1): 5 x 6.888 us = 34.44 us
ROPE: 1 x 3.96 us = 3.96 us
ROPE_VIEW_SET_ROWS ROPE: 1 x 4.32 us = 4.32 us
SET_ROWS: 2 x 3.2 us = 6.4 us
SIGMOID_MUL SIGMOID: 1 x 3.48 us = 3.48 us
TOP_K K=10 (248320,1,1,1): 1 x 28.52 us = 28.52 us
Total time: 570.44 us.
----------------
Vulkan Timings:
CONCAT: 1 x 3.76 us = 3.76 us
CONT: 1 x 2.36 us = 2.36 us
FILL: 1 x 3.2 us = 3.2 us
FLASH_ATTN_EXT dst(256,16,1,1),  q(256,1,16,1),  k(256,256,4,1),  v(256,256,4,1),  m(256,1,1,1): 1 x 21.64 us = 21.64 us (193.822 GFLOPS/s)
GET_ROWS: 2 x 11.24 us = 22.48 us
GLU: 1 x 3.16 us = 3.16 us
MUL_MAT_ADD MUL_MAT_VEC q4_K m=4096 n=1 k=12288: 1 x 61.48 us = 61.48 us (1637.27 GFLOPS/s)
MUL_MAT_ADD MUL_MAT_VEC q4_K m=4096 n=1 k=4096: 1 x 19.68 us = 19.68 us (1704.79 GFLOPS/s)
MUL_MAT_VEC q4_K m=1024 n=1 k=4096: 2 x 10.9 us = 21.8 us (769.503 GFLOPS/s)
MUL_MAT_VEC q4_K m=12288 n=1 k=4096: 2 x 56.12 us = 112.24 us (1793.5 GFLOPS/s)
MUL_MAT_VEC q4_K m=32768 n=1 k=4096: 1 x 141.28 us = 141.28 us (1899.79 GFLOPS/s)
MUL_MAT_VEC q4_K m=4096 n=1 k=8192: 1 x 52.64 us = 52.64 us (1274.79 GFLOPS/s)
MUL_MAT_VEC q4_K m=8192 n=1 k=4096: 1 x 36.12 us = 36.12 us (1857.72 GFLOPS/s)
PAD: 1 x 12.04 us = 12.04 us
RMS_NORM_MUL RMS_NORM(256,16,1,1): 1 x 4.72 us = 4.72 us
RMS_NORM_MUL RMS_NORM(256,4,1,1): 1 x 2.64 us = 2.64 us
RMS_NORM_MUL RMS_NORM(4096,1,1,1): 5 x 6.88 us = 34.4 us
ROPE: 1 x 3.76 us = 3.76 us
ROPE_VIEW_SET_ROWS ROPE: 1 x 4.2 us = 4.2 us
SET_ROWS: 2 x 3.42 us = 6.84 us
SIGMOID_MUL SIGMOID: 1 x 3.48 us = 3.48 us
TOP_K K=10 (248320,1,1,1): 1 x 28.48 us = 28.48 us
Total time: 602.4 us.
----------------
Vulkan Timings:
CONCAT: 1 x 3.76 us = 3.76 us
CONT: 1 x 2.56 us = 2.56 us
FILL: 1 x 3.16 us = 3.16 us
FLASH_ATTN_EXT dst(256,16,1,1),  q(256,1,16,1),  k(256,256,4,1),  v(256,256,4,1),  m(256,1,1,1): 1 x 21.72 us = 21.72 us (193.108 GFLOPS/s)
GET_ROWS: 2 x 11.26 us = 22.52 us
GLU: 1 x 3.36 us = 3.36 us
MUL_MAT_ADD MUL_MAT_VEC q4_K m=4096 n=1 k=12288: 1 x 61.08 us = 61.08 us (1647.99 GFLOPS/s)
MUL_MAT_ADD MUL_MAT_VEC q4_K m=4096 n=1 k=4096: 1 x 19.72 us = 19.72 us (1701.34 GFLOPS/s)
MUL_MAT_VEC q4_K m=1024 n=1 k=4096: 2 x 10.72 us = 21.44 us (782.424 GFLOPS/s)
MUL_MAT_VEC q4_K m=12288 n=1 k=4096: 2 x 55.98 us = 111.96 us (1797.98 GFLOPS/s)
MUL_MAT_VEC q4_K m=32768 n=1 k=4096: 1 x 141.76 us = 141.76 us (1893.36 GFLOPS/s)
MUL_MAT_VEC q4_K m=4096 n=1 k=8192: 1 x 53 us = 53 us (1266.13 GFLOPS/s)
MUL_MAT_VEC q4_K m=8192 n=1 k=4096: 1 x 36.32 us = 36.32 us (1847.49 GFLOPS/s)
PAD: 1 x 11.76 us = 11.76 us
RMS_NORM_MUL RMS_NORM(256,16,1,1): 1 x 4.76 us = 4.76 us
RMS_NORM_MUL RMS_NORM(256,4,1,1): 1 x 2.92 us = 2.92 us
RMS_NORM_MUL RMS_NORM(4096,1,1,1): 5 x 7.072 us = 35.36 us
ROPE: 1 x 3.76 us = 3.76 us
ROPE_VIEW_SET_ROWS ROPE: 1 x 4.04 us = 4.04 us
SET_ROWS: 2 x 3.38 us = 6.76 us
SIGMOID_MUL SIGMOID: 1 x 3.28 us = 3.28 us
TOP_K K=10 (248320,1,1,1): 1 x 28.4 us = 28.4 us
Total time: 603.4 us.
----------------
Vulkan Timings:
ADD: 88 x 3.064 us = 269.64 us
CONCAT: 24 x 3.551 us = 85.24 us
CONT: 8 x 2.415 us = 19.32 us
CPY: 120 x 5.521 us = 662.6 us
FLASH_ATTN_EXT dst(256,16,4,1),  q(256,4,16,1),  k(256,256,4,1),  v(256,256,4,1),  m(256,4,1,1): 8 x 21.865 us = 174.92 us (767.309 GFLOPS/s)
GATED_DELTA_NET: 24 x 14.195 us = 340.68 us
GET_ROWS: 49 x 4.823 us = 236.36 us
GLU: 32 x 2.727 us = 87.28 us
MUL: 24 x 3.8 us = 91.2 us
MUL_MAT_VEC q4_K m=1024 n=4 k=4096: 11 x 6.33 us = 69.64 us (5299.45 GFLOPS/s)
MUL_MAT_VEC q4_K m=12288 n=4 k=4096: 64 x 60.818 us = 3892.36 us (6619.8 GFLOPS/s)
MUL_MAT_VEC q4_K m=4096 n=4 k=12288: 16 x 57.605 us = 921.68 us (6989.62 GFLOPS/s)
MUL_MAT_VEC q4_K m=4096 n=4 k=4096: 32 x 23.245 us = 743.84 us (5773.34 GFLOPS/s)
MUL_MAT_VEC q4_K m=8192 n=4 k=4096: 8 x 40.78 us = 326.24 us (6581.72 GFLOPS/s)
MUL_MAT_VEC q5_K m=4096 n=4 k=4096: 24 x 27.086 us = 650.08 us (4954.52 GFLOPS/s)
MUL_MAT_VEC q5_K m=8192 n=4 k=4096: 24 x 45.733 us = 1097.6 us (5868.86 GFLOPS/s)
MUL_MAT_VEC q6_K m=1024 n=4 k=4096: 5 x 13.56 us = 67.8 us (2474.21 GFLOPS/s)
MUL_MAT_VEC q6_K m=248320 n=4 k=4096: 1 x 1764.92 us = 1764.92 us (4609.82 GFLOPS/s)
MUL_MAT_VEC q6_K m=4096 n=4 k=12288: 16 x 99.057 us = 1584.92 us (4064.68 GFLOPS/s)
MUL_MAT_VEC q8_0 m=32 n=4 k=4096: 48 x 4.149 us = 199.16 us (252.689 GFLOPS/s)
RMS_NORM(128,16,4,1): 48 x 3.36 us = 161.32 us
RMS_NORM_MUL RMS_NORM(128,32,4,1): 24 x 6.268 us = 150.44 us
RMS_NORM_MUL RMS_NORM(256,16,4,1): 8 x 4.075 us = 32.6 us
RMS_NORM_MUL RMS_NORM(256,4,4,1): 8 x 3.23 us = 25.84 us
RMS_NORM_MUL RMS_NORM(4096,4,1,1): 65 x 5.767 us = 374.88 us
ROPE: 8 x 3.82 us = 30.56 us
ROPE_VIEW_SET_ROWS ROPE: 8 x 4.215 us = 33.72 us
SCALE: 48 x 2.914 us = 139.88 us
SET_ROWS: 8 x 3.455 us = 27.64 us
SIGMOID: 24 x 2.516 us = 60.4 us
SIGMOID_MUL SIGMOID: 8 x 3.485 us = 27.88 us
SILU: 24 x 1.561 us = 37.48 us
SOFTPLUS_MUL SOFTPLUS: 24 x 2.14 us = 51.36 us
SSM_CONV_SILU SSM_CONV: 24 x 2.601 us = 62.44 us
Total time: 14501.9 us.
----------------
Vulkan Timings:
ADD: 2 x 3.58 us = 7.16 us
CONCAT: 1 x 4.44 us = 4.44 us
CONT: 1 x 2.56 us = 2.56 us
FLASH_ATTN_EXT dst(256,16,4,1),  q(256,4,16,1),  k(256,256,4,1),  v(256,256,4,1),  m(256,4,1,1): 1 x 22.16 us = 22.16 us (757.095 GFLOPS/s)
GLU: 1 x 3.92 us = 3.92 us
MUL_MAT_VEC q4_K m=1024 n=4 k=4096: 2 x 8.3 us = 16.6 us (4042.21 GFLOPS/s)
MUL_MAT_VEC q4_K m=12288 n=4 k=4096: 2 x 76.44 us = 152.88 us (5266.93 GFLOPS/s)
MUL_MAT_VEC q4_K m=4096 n=4 k=12288: 1 x 78.8 us = 78.8 us (5109.6 GFLOPS/s)
MUL_MAT_VEC q4_K m=4096 n=4 k=4096: 1 x 35.2 us = 35.2 us (3812.54 GFLOPS/s)
MUL_MAT_VEC q4_K m=4096 n=4 k=8192: 1 x 62.92 us = 62.92 us (4266.04 GFLOPS/s)
MUL_MAT_VEC q4_K m=8192 n=4 k=4096: 1 x 62.64 us = 62.64 us (4284.84 GFLOPS/s)
RMS_NORM_MUL RMS_NORM(256,16,4,1): 1 x 4.96 us = 4.96 us
RMS_NORM_MUL RMS_NORM(256,4,4,1): 1 x 2.96 us = 2.96 us
RMS_NORM_MUL RMS_NORM(4096,4,1,1): 5 x 9.936 us = 49.68 us
ROPE: 1 x 3.92 us = 3.92 us
ROPE_VIEW_SET_ROWS ROPE: 1 x 4.32 us = 4.32 us
SET_ROWS: 1 x 2.48 us = 2.48 us
SIGMOID_MUL SIGMOID: 1 x 4.4 us = 4.4 us
Total time: 522 us.
----------------
Vulkan Timings:
CONCAT: 1 x 3.8 us = 3.8 us
CONT: 1 x 2.44 us = 2.44 us
FILL: 1 x 3.2 us = 3.2 us
FLASH_ATTN_EXT dst(256,16,1,1),  q(256,1,16,1),  k(256,256,4,1),  v(256,256,4,1),  m(256,1,1,1): 1 x 21.68 us = 21.68 us (193.464 GFLOPS/s)
GET_ROWS: 2 x 11.58 us = 23.16 us
GLU: 1 x 2.44 us = 2.44 us
MUL_MAT_ADD MUL_MAT_VEC q4_K m=4096 n=1 k=12288: 1 x 51.2 us = 51.2 us (1966 GFLOPS/s)
MUL_MAT_ADD MUL_MAT_VEC q4_K m=4096 n=1 k=4096: 1 x 19.64 us = 19.64 us (1708.27 GFLOPS/s)
MUL_MAT_VEC q4_K m=1024 n=1 k=4096: 2 x 5.34 us = 10.68 us (1570.71 GFLOPS/s)
MUL_MAT_VEC q4_K m=12288 n=1 k=4096: 2 x 54.5 us = 109 us (1846.81 GFLOPS/s)
MUL_MAT_VEC q4_K m=32768 n=1 k=4096: 1 x 132 us = 132 us (2033.35 GFLOPS/s)
MUL_MAT_VEC q4_K m=4096 n=1 k=8192: 1 x 45.48 us = 45.48 us (1475.48 GFLOPS/s)
MUL_MAT_VEC q4_K m=8192 n=1 k=4096: 1 x 45.32 us = 45.32 us (1480.6 GFLOPS/s)
PAD: 1 x 11.92 us = 11.92 us
RMS_NORM_MUL RMS_NORM(256,16,1,1): 1 x 4.76 us = 4.76 us
RMS_NORM_MUL RMS_NORM(256,4,1,1): 1 x 2.84 us = 2.84 us
RMS_NORM_MUL RMS_NORM(4096,1,1,1): 5 x 7.008 us = 35.04 us
ROPE: 1 x 3.96 us = 3.96 us
ROPE_VIEW_SET_ROWS ROPE: 1 x 4.32 us = 4.32 us
SET_ROWS: 2 x 3.14 us = 6.28 us
SIGMOID_MUL SIGMOID: 1 x 3.52 us = 3.52 us
TOP_K K=10 (248320,1,1,1): 1 x 28 us = 28 us
Total time: 570.68 us.
----------------
Vulkan Timings:
CONCAT: 1 x 3.8 us = 3.8 us
CONT: 1 x 2.36 us = 2.36 us
FILL: 1 x 3.16 us = 3.16 us
FLASH_ATTN_EXT dst(256,16,1,1),  q(256,1,16,1),  k(256,256,4,1),  v(256,256,4,1),  m(256,1,1,1): 1 x 21.56 us = 21.56 us (194.541 GFLOPS/s)
GET_ROWS: 2 x 11.3 us = 22.6 us
GLU: 1 x 3.2 us = 3.2 us
MUL_MAT_ADD MUL_MAT_VEC q4_K m=4096 n=1 k=12288: 1 x 61.16 us = 61.16 us (1645.83 GFLOPS/s)
MUL_MAT_ADD MUL_MAT_VEC q4_K m=4096 n=1 k=4096: 1 x 19.68 us = 19.68 us (1704.79 GFLOPS/s)
MUL_MAT_VEC q4_K m=1024 n=1 k=4096: 2 x 10.74 us = 21.48 us (780.967 GFLOPS/s)
MUL_MAT_VEC q4_K m=12288 n=1 k=4096: 2 x 56.34 us = 112.68 us (1786.49 GFLOPS/s)
MUL_MAT_VEC q4_K m=32768 n=1 k=4096: 1 x 140.92 us = 140.92 us (1904.65 GFLOPS/s)
MUL_MAT_VEC q4_K m=4096 n=1 k=8192: 1 x 53.12 us = 53.12 us (1263.27 GFLOPS/s)
MUL_MAT_VEC q4_K m=8192 n=1 k=4096: 1 x 36.08 us = 36.08 us (1859.77 GFLOPS/s)
PAD: 1 x 11.96 us = 11.96 us
RMS_NORM_MUL RMS_NORM(256,16,1,1): 1 x 4.72 us = 4.72 us
RMS_NORM_MUL RMS_NORM(256,4,1,1): 1 x 2.76 us = 2.76 us
RMS_NORM_MUL RMS_NORM(4096,1,1,1): 5 x 7.112 us = 35.56 us
ROPE: 1 x 3.76 us = 3.76 us
ROPE_VIEW_SET_ROWS ROPE: 1 x 4.24 us = 4.24 us
SET_ROWS: 2 x 3.34 us = 6.68 us
SIGMOID_MUL SIGMOID: 1 x 3.44 us = 3.44 us
TOP_K K=10 (248320,1,1,1): 1 x 28.4 us = 28.4 us
Total time: 603.32 us.
----------------
Vulkan Timings:
CONCAT: 1 x 3.8 us = 3.8 us
CONT: 1 x 2.4 us = 2.4 us
FILL: 1 x 3.2 us = 3.2 us
FLASH_ATTN_EXT dst(256,16,1,1),  q(256,1,16,1),  k(256,256,4,1),  v(256,256,4,1),  m(256,1,1,1): 1 x 21.56 us = 21.56 us (194.541 GFLOPS/s)
GET_ROWS: 2 x 11.32 us = 22.64 us
GLU: 1 x 3.2 us = 3.2 us
MUL_MAT_ADD MUL_MAT_VEC q4_K m=4096 n=1 k=12288: 1 x 61.64 us = 61.64 us (1633.02 GFLOPS/s)
MUL_MAT_ADD MUL_MAT_VEC q4_K m=4096 n=1 k=4096: 1 x 19.84 us = 19.84 us (1691.05 GFLOPS/s)
MUL_MAT_VEC q4_K m=1024 n=1 k=4096: 2 x 10.94 us = 21.88 us (766.69 GFLOPS/s)
MUL_MAT_VEC q4_K m=12288 n=1 k=4096: 2 x 56.22 us = 112.44 us (1790.31 GFLOPS/s)
MUL_MAT_VEC q4_K m=32768 n=1 k=4096: 1 x 141.12 us = 141.12 us (1901.95 GFLOPS/s)
MUL_MAT_VEC q4_K m=4096 n=1 k=8192: 1 x 52.68 us = 52.68 us (1273.82 GFLOPS/s)
MUL_MAT_VEC q4_K m=8192 n=1 k=4096: 1 x 36 us = 36 us (1863.91 GFLOPS/s)
PAD: 1 x 12.04 us = 12.04 us
RMS_NORM_MUL RMS_NORM(256,16,1,1): 1 x 4.8 us = 4.8 us
RMS_NORM_MUL RMS_NORM(256,4,1,1): 1 x 2.76 us = 2.76 us
RMS_NORM_MUL RMS_NORM(4096,1,1,1): 5 x 6.784 us = 33.92 us
ROPE: 1 x 3.72 us = 3.72 us
ROPE_VIEW_SET_ROWS ROPE: 1 x 4.24 us = 4.24 us
SET_ROWS: 2 x 3.34 us = 6.68 us
SIGMOID_MUL SIGMOID: 1 x 3.44 us = 3.44 us
TOP_K K=10 (248320,1,1,1): 1 x 28.36 us = 28.36 us
Total time: 602.36 us.
----------------
Vulkan Timings:
ADD: 88 x 3.058 us = 269.12 us
CONCAT: 24 x 3.433 us = 82.4 us
CONT: 8 x 2.4 us = 19.2 us
CPY: 120 x 5.473 us = 656.84 us
FLASH_ATTN_EXT dst(256,16,4,1),  q(256,4,16,1),  k(256,256,4,1),  v(256,256,4,1),  m(256,4,1,1): 8 x 21.675 us = 173.4 us (774.035 GFLOPS/s)
GATED_DELTA_NET: 24 x 14.136 us = 339.28 us
GET_ROWS: 49 x 4.835 us = 236.96 us
GLU: 32 x 2.787 us = 89.2 us
MUL: 24 x 3.721 us = 89.32 us
MUL_MAT_VEC q4_K m=1024 n=4 k=4096: 11 x 6.203 us = 68.24 us (5408.17 GFLOPS/s)
MUL_MAT_VEC q4_K m=12288 n=4 k=4096: 64 x 60.154 us = 3849.88 us (6692.85 GFLOPS/s)
MUL_MAT_VEC q4_K m=4096 n=4 k=12288: 16 x 56.75 us = 908 us (7094.92 GFLOPS/s)
MUL_MAT_VEC q4_K m=4096 n=4 k=4096: 32 x 23.048 us = 737.56 us (5822.5 GFLOPS/s)
MUL_MAT_VEC q4_K m=8192 n=4 k=4096: 8 x 40.335 us = 322.68 us (6654.34 GFLOPS/s)
MUL_MAT_VEC q5_K m=4096 n=4 k=4096: 24 x 26.811 us = 643.48 us (5005.33 GFLOPS/s)
MUL_MAT_VEC q5_K m=8192 n=4 k=4096: 24 x 45.25 us = 1086 us (5931.55 GFLOPS/s)
MUL_MAT_VEC q6_K m=1024 n=4 k=4096: 5 x 13.144 us = 65.72 us (2552.52 GFLOPS/s)
MUL_MAT_VEC q6_K m=248320 n=4 k=4096: 1 x 1769 us = 1769 us (4599.18 GFLOPS/s)
MUL_MAT_VEC q6_K m=4096 n=4 k=12288: 16 x 97.822 us = 1565.16 us (4115.99 GFLOPS/s)
MUL_MAT_VEC q8_0 m=32 n=4 k=4096: 48 x 4.124 us = 197.96 us (254.221 GFLOPS/s)
RMS_NORM(128,16,4,1): 48 x 3.319 us = 159.32 us
RMS_NORM_MUL RMS_NORM(128,32,4,1): 24 x 6.178 us = 148.28 us
RMS_NORM_MUL RMS_NORM(256,16,4,1): 8 x 4.025 us = 32.2 us
RMS_NORM_MUL RMS_NORM(256,4,4,1): 8 x 3.155 us = 25.24 us
RMS_NORM_MUL RMS_NORM(4096,4,1,1): 65 x 5.803 us = 377.24 us
ROPE: 8 x 3.87 us = 30.96 us
ROPE_VIEW_SET_ROWS ROPE: 8 x 4.195 us = 33.56 us
SCALE: 48 x 2.855 us = 137.04 us
SET_ROWS: 8 x 3.38 us = 27.04 us
SIGMOID: 24 x 2.485 us = 59.64 us
SIGMOID_MUL SIGMOID: 8 x 3.43 us = 27.44 us
SILU: 24 x 1.498 us = 35.96 us
SOFTPLUS_MUL SOFTPLUS: 24 x 1.966 us = 47.2 us
SSM_CONV_SILU SSM_CONV: 24 x 2.591 us = 62.2 us
Total time: 14372.7 us.
----------------
Vulkan Timings:
ADD: 2 x 3.44 us = 6.88 us
CONCAT: 1 x 4.16 us = 4.16 us
CONT: 1 x 2.48 us = 2.48 us
FLASH_ATTN_EXT dst(256,16,4,1),  q(256,4,16,1),  k(256,256,4,1),  v(256,256,4,1),  m(256,4,1,1): 1 x 22.16 us = 22.16 us (757.095 GFLOPS/s)
GLU: 1 x 4 us = 4 us
MUL_MAT_VEC q4_K m=1024 n=4 k=4096: 2 x 8.34 us = 16.68 us (4022.82 GFLOPS/s)
MUL_MAT_VEC q4_K m=12288 n=4 k=4096: 2 x 75.04 us = 150.08 us (5365.19 GFLOPS/s)
MUL_MAT_VEC q4_K m=4096 n=4 k=12288: 1 x 97.4 us = 97.4 us (4133.85 GFLOPS/s)
MUL_MAT_VEC q4_K m=4096 n=4 k=4096: 1 x 35 us = 35 us (3834.32 GFLOPS/s)
MUL_MAT_VEC q4_K m=4096 n=4 k=8192: 1 x 60.6 us = 60.6 us (4429.36 GFLOPS/s)
MUL_MAT_VEC q4_K m=8192 n=4 k=4096: 1 x 78.28 us = 78.28 us (3428.75 GFLOPS/s)
RMS_NORM_MUL RMS_NORM(256,16,4,1): 1 x 4.24 us = 4.24 us
RMS_NORM_MUL RMS_NORM(256,4,4,1): 1 x 2.96 us = 2.96 us
RMS_NORM_MUL RMS_NORM(4096,4,1,1): 5 x 12.28 us = 61.4 us
ROPE: 1 x 3.8 us = 3.8 us
ROPE_VIEW_SET_ROWS ROPE: 1 x 4.24 us = 4.24 us
SET_ROWS: 1 x 2.48 us = 2.48 us
SIGMOID_MUL SIGMOID: 1 x 4.32 us = 4.32 us
Total time: 561.16 us.
----------------
Vulkan Timings:
CONCAT: 1 x 3.88 us = 3.88 us
CONT: 1 x 2.4 us = 2.4 us
FILL: 1 x 3.2 us = 3.2 us
FLASH_ATTN_EXT dst(256,16,1,1),  q(256,1,16,1),  k(256,256,4,1),  v(256,256,4,1),  m(256,1,1,1): 1 x 22.24 us = 22.24 us (188.593 GFLOPS/s)
GET_ROWS: 2 x 11.62 us = 23.24 us
GLU: 1 x 2.52 us = 2.52 us
MUL_MAT_ADD MUL_MAT_VEC q4_K m=4096 n=1 k=12288: 1 x 51 us = 51 us (1973.71 GFLOPS/s)
MUL_MAT_ADD MUL_MAT_VEC q4_K m=4096 n=1 k=4096: 1 x 19.84 us = 19.84 us (1691.05 GFLOPS/s)
MUL_MAT_VEC q4_K m=1024 n=1 k=4096: 2 x 5.4 us = 10.8 us (1553.26 GFLOPS/s)
MUL_MAT_VEC q4_K m=12288 n=1 k=4096: 2 x 54.68 us = 109.36 us (1840.73 GFLOPS/s)
MUL_MAT_VEC q4_K m=32768 n=1 k=4096: 1 x 133.56 us = 133.56 us (2009.6 GFLOPS/s)
MUL_MAT_VEC q4_K m=4096 n=1 k=8192: 1 x 46.24 us = 46.24 us (1451.23 GFLOPS/s)
MUL_MAT_VEC q4_K m=8192 n=1 k=4096: 1 x 45.32 us = 45.32 us (1480.6 GFLOPS/s)
PAD: 1 x 12.24 us = 12.24 us
RMS_NORM_MUL RMS_NORM(256,16,1,1): 1 x 4.76 us = 4.76 us
RMS_NORM_MUL RMS_NORM(256,4,1,1): 1 x 2.92 us = 2.92 us
RMS_NORM_MUL RMS_NORM(4096,1,1,1): 5 x 7.04 us = 35.2 us
ROPE: 1 x 4.08 us = 4.08 us
ROPE_VIEW_SET_ROWS ROPE: 1 x 4.36 us = 4.36 us
SET_ROWS: 2 x 3.26 us = 6.52 us
SIGMOID_MUL SIGMOID: 1 x 3.56 us = 3.56 us
TOP_K K=10 (248320,1,1,1): 1 x 29.16 us = 29.16 us
Total time: 576.4 us.
----------------
Vulkan Timings:
CONCAT: 1 x 3.76 us = 3.76 us
CONT: 1 x 2.36 us = 2.36 us
FILL: 1 x 3.2 us = 3.2 us
FLASH_ATTN_EXT dst(256,16,1,1),  q(256,1,16,1),  k(256,256,4,1),  v(256,256,4,1),  m(256,1,1,1): 1 x 21.64 us = 21.64 us (193.822 GFLOPS/s)
GET_ROWS: 2 x 11.36 us = 22.72 us
GLU: 1 x 3.16 us = 3.16 us
MUL_MAT_ADD MUL_MAT_VEC q4_K m=4096 n=1 k=12288: 1 x 61.16 us = 61.16 us (1645.83 GFLOPS/s)
MUL_MAT_ADD MUL_MAT_VEC q4_K m=4096 n=1 k=4096: 1 x 19.64 us = 19.64 us (1708.27 GFLOPS/s)
MUL_MAT_VEC q4_K m=1024 n=1 k=4096: 2 x 10.74 us = 21.48 us (780.967 GFLOPS/s)
MUL_MAT_VEC q4_K m=12288 n=1 k=4096: 2 x 56.4 us = 112.8 us (1784.59 GFLOPS/s)
MUL_MAT_VEC q4_K m=32768 n=1 k=4096: 1 x 140.84 us = 140.84 us (1905.73 GFLOPS/s)
MUL_MAT_VEC q4_K m=4096 n=1 k=8192: 1 x 53 us = 53 us (1266.13 GFLOPS/s)
MUL_MAT_VEC q4_K m=8192 n=1 k=4096: 1 x 36.24 us = 36.24 us (1851.56 GFLOPS/s)
PAD: 1 x 12.04 us = 12.04 us
RMS_NORM_MUL RMS_NORM(256,16,1,1): 1 x 4.72 us = 4.72 us
RMS_NORM_MUL RMS_NORM(256,4,1,1): 1 x 2.72 us = 2.72 us
RMS_NORM_MUL RMS_NORM(4096,1,1,1): 5 x 7.048 us = 35.24 us
ROPE: 1 x 3.8 us = 3.8 us
ROPE_VIEW_SET_ROWS ROPE: 1 x 4.24 us = 4.24 us
SET_ROWS: 2 x 3.34 us = 6.68 us
SIGMOID_MUL SIGMOID: 1 x 3.44 us = 3.44 us
TOP_K K=10 (248320,1,1,1): 1 x 28.44 us = 28.44 us
Total time: 603.32 us.
----------------
Vulkan Timings:
CONCAT: 1 x 3.72 us = 3.72 us
CONT: 1 x 2.32 us = 2.32 us
FILL: 1 x 3.2 us = 3.2 us
FLASH_ATTN_EXT dst(256,16,1,1),  q(256,1,16,1),  k(256,256,4,1),  v(256,256,4,1),  m(256,1,1,1): 1 x 21.64 us = 21.64 us (193.822 GFLOPS/s)
GET_ROWS: 2 x 11.28 us = 22.56 us
GLU: 1 x 3.12 us = 3.12 us
MUL_MAT_ADD MUL_MAT_VEC q4_K m=4096 n=1 k=12288: 1 x 61.56 us = 61.56 us (1635.14 GFLOPS/s)
MUL_MAT_ADD MUL_MAT_VEC q4_K m=4096 n=1 k=4096: 1 x 19.68 us = 19.68 us (1704.79 GFLOPS/s)
MUL_MAT_VEC q4_K m=1024 n=1 k=4096: 2 x 10.84 us = 21.68 us (773.762 GFLOPS/s)
MUL_MAT_VEC q4_K m=12288 n=1 k=4096: 2 x 55.88 us = 111.76 us (1801.2 GFLOPS/s)
MUL_MAT_VEC q4_K m=32768 n=1 k=4096: 1 x 140.76 us = 140.76 us (1906.81 GFLOPS/s)
MUL_MAT_VEC q4_K m=4096 n=1 k=8192: 1 x 53 us = 53 us (1266.13 GFLOPS/s)
MUL_MAT_VEC q4_K m=8192 n=1 k=4096: 1 x 36.08 us = 36.08 us (1859.77 GFLOPS/s)
PAD: 1 x 11.96 us = 11.96 us
RMS_NORM_MUL RMS_NORM(256,16,1,1): 1 x 4.76 us = 4.76 us
RMS_NORM_MUL RMS_NORM(256,4,1,1): 1 x 2.76 us = 2.76 us
RMS_NORM_MUL RMS_NORM(4096,1,1,1): 5 x 6.808 us = 34.04 us
ROPE: 1 x 3.76 us = 3.76 us
ROPE_VIEW_SET_ROWS ROPE: 1 x 4.16 us = 4.16 us
SET_ROWS: 2 x 3.42 us = 6.84 us
SIGMOID_MUL SIGMOID: 1 x 3.44 us = 3.44 us
TOP_K K=10 (248320,1,1,1): 1 x 28.68 us = 28.68 us
Total time: 601.48 us.
----------------
Vulkan Timings:
ADD: 88 x 3.064 us = 269.64 us
CONCAT: 24 x 3.525 us = 84.6 us
CONT: 8 x 2.415 us = 19.32 us
CPY: 120 x 5.477 us = 657.32 us
FLASH_ATTN_EXT dst(256,16,4,1),  q(256,4,16,1),  k(256,256,4,1),  v(256,256,4,1),  m(256,4,1,1): 8 x 21.905 us = 175.24 us (765.908 GFLOPS/s)
GATED_DELTA_NET: 24 x 14.026 us = 336.64 us
GET_ROWS: 49 x 4.799 us = 235.16 us
GLU: 32 x 2.803 us = 89.72 us
MUL: 24 x 3.7 us = 88.8 us
MUL_MAT_VEC q4_K m=1024 n=4 k=4096: 11 x 6.24 us = 68.64 us (5376.66 GFLOPS/s)
MUL_MAT_VEC q4_K m=12288 n=4 k=4096: 64 x 60.176 us = 3851.32 us (6690.34 GFLOPS/s)
MUL_MAT_VEC q4_K m=4096 n=4 k=12288: 16 x 57.042 us = 912.68 us (7058.54 GFLOPS/s)
MUL_MAT_VEC q4_K m=4096 n=4 k=4096: 32 x 23.132 us = 740.24 us (5801.42 GFLOPS/s)
MUL_MAT_VEC q4_K m=8192 n=4 k=4096: 8 x 40.2 us = 321.6 us (6676.68 GFLOPS/s)
MUL_MAT_VEC q5_K m=4096 n=4 k=4096: 24 x 26.753 us = 642.08 us (5016.25 GFLOPS/s)
MUL_MAT_VEC q5_K m=8192 n=4 k=4096: 24 x 45.143 us = 1083.44 us (5945.57 GFLOPS/s)
MUL_MAT_VEC q6_K m=1024 n=4 k=4096: 5 x 13.224 us = 66.12 us (2537.08 GFLOPS/s)
MUL_MAT_VEC q6_K m=248320 n=4 k=4096: 1 x 1750.12 us = 1750.12 us (4648.8 GFLOPS/s)
MUL_MAT_VEC q6_K m=4096 n=4 k=12288: 16 x 98.445 us = 1575.12 us (4089.97 GFLOPS/s)
MUL_MAT_VEC q8_0 m=32 n=4 k=4096: 48 x 4.104 us = 197 us (255.459 GFLOPS/s)
RMS_NORM(128,16,4,1): 48 x 3.292 us = 158.04 us
RMS_NORM_MUL RMS_NORM(128,32,4,1): 24 x 6.145 us = 147.48 us
RMS_NORM_MUL RMS_NORM(256,16,4,1): 8 x 4.015 us = 32.12 us
RMS_NORM_MUL RMS_NORM(256,4,4,1): 8 x 3.16 us = 25.28 us
RMS_NORM_MUL RMS_NORM(4096,4,1,1): 65 x 5.753 us = 374 us
ROPE: 8 x 3.91 us = 31.28 us
ROPE_VIEW_SET_ROWS ROPE: 8 x 4.205 us = 33.64 us
SCALE: 48 x 2.87 us = 137.76 us
SET_ROWS: 8 x 3.32 us = 26.56 us
SIGMOID: 24 x 2.511 us = 60.28 us
SIGMOID_MUL SIGMOID: 8 x 3.43 us = 27.44 us
SILU: 24 x 1.578 us = 37.88 us
SOFTPLUS_MUL SOFTPLUS: 24 x 1.943 us = 46.64 us
SSM_CONV_SILU SSM_CONV: 24 x 2.661 us = 63.88 us
Total time: 14367.1 us.
----------------
Vulkan Timings:
ADD: 2 x 3.64 us = 7.28 us
CONCAT: 1 x 4.36 us = 4.36 us
CONT: 1 x 2.52 us = 2.52 us
FLASH_ATTN_EXT dst(256,16,4,1),  q(256,4,16,1),  k(256,256,4,1),  v(256,256,4,1),  m(256,4,1,1): 1 x 21.96 us = 21.96 us (763.99 GFLOPS/s)
GLU: 1 x 4 us = 4 us
MUL_MAT_VEC q4_K m=1024 n=4 k=4096: 2 x 8.32 us = 16.64 us (4032.49 GFLOPS/s)
MUL_MAT_VEC q4_K m=12288 n=4 k=4096: 2 x 75.24 us = 150.48 us (5350.93 GFLOPS/s)
MUL_MAT_VEC q4_K m=4096 n=4 k=12288: 1 x 95.84 us = 95.84 us (4201.14 GFLOPS/s)
MUL_MAT_VEC q4_K m=4096 n=4 k=4096: 1 x 34.92 us = 34.92 us (3843.11 GFLOPS/s)
MUL_MAT_VEC q4_K m=4096 n=4 k=8192: 1 x 62.36 us = 62.36 us (4304.35 GFLOPS/s)
MUL_MAT_VEC q4_K m=8192 n=4 k=4096: 1 x 77.16 us = 77.16 us (3478.52 GFLOPS/s)
RMS_NORM_MUL RMS_NORM(256,16,4,1): 1 x 4.92 us = 4.92 us
RMS_NORM_MUL RMS_NORM(256,4,4,1): 1 x 2.88 us = 2.88 us
RMS_NORM_MUL RMS_NORM(4096,4,1,1): 5 x 14.448 us = 72.24 us
ROPE: 1 x 3.88 us = 3.88 us
ROPE_VIEW_SET_ROWS ROPE: 1 x 4.28 us = 4.28 us
SET_ROWS: 1 x 2.48 us = 2.48 us
SIGMOID_MUL SIGMOID: 1 x 4.24 us = 4.24 us
Total time: 572.44 us.
----------------
Vulkan Timings:
CONCAT: 1 x 3.88 us = 3.88 us
CONT: 1 x 2.4 us = 2.4 us
FILL: 1 x 3.2 us = 3.2 us
FLASH_ATTN_EXT dst(256,16,1,1),  q(256,1,16,1),  k(256,256,4,1),  v(256,256,4,1),  m(256,1,1,1): 1 x 21.84 us = 21.84 us (192.047 GFLOPS/s)
GET_ROWS: 2 x 11.54 us = 23.08 us
GLU: 1 x 2.48 us = 2.48 us
MUL_MAT_ADD MUL_MAT_VEC q4_K m=4096 n=1 k=12288: 1 x 51.08 us = 51.08 us (1970.62 GFLOPS/s)
MUL_MAT_ADD MUL_MAT_VEC q4_K m=4096 n=1 k=4096: 1 x 19.64 us = 19.64 us (1708.27 GFLOPS/s)
MUL_MAT_VEC q4_K m=1024 n=1 k=4096: 2 x 5.46 us = 10.92 us (1536.19 GFLOPS/s)
MUL_MAT_VEC q4_K m=12288 n=1 k=4096: 2 x 54.96 us = 109.92 us (1831.35 GFLOPS/s)
MUL_MAT_VEC q4_K m=32768 n=1 k=4096: 1 x 131.84 us = 131.84 us (2035.82 GFLOPS/s)
MUL_MAT_VEC q4_K m=4096 n=1 k=8192: 1 x 46 us = 46 us (1458.8 GFLOPS/s)
MUL_MAT_VEC q4_K m=8192 n=1 k=4096: 1 x 45.56 us = 45.56 us (1472.8 GFLOPS/s)
PAD: 1 x 11.88 us = 11.88 us
RMS_NORM_MUL RMS_NORM(256,16,1,1): 1 x 4.84 us = 4.84 us
RMS_NORM_MUL RMS_NORM(256,4,1,1): 1 x 2.88 us = 2.88 us
RMS_NORM_MUL RMS_NORM(4096,1,1,1): 5 x 6.896 us = 34.48 us
ROPE: 1 x 4.04 us = 4.04 us
ROPE_VIEW_SET_ROWS ROPE: 1 x 4.48 us = 4.48 us
SET_ROWS: 2 x 3.28 us = 6.56 us
SIGMOID_MUL SIGMOID: 1 x 3.52 us = 3.52 us
TOP_K K=10 (248320,1,1,1): 1 x 29.4 us = 29.4 us
Total time: 573.92 us.
----------------
Vulkan Timings:
CONCAT: 1 x 3.8 us = 3.8 us
CONT: 1 x 2.32 us = 2.32 us
FILL: 1 x 3.2 us = 3.2 us
FLASH_ATTN_EXT dst(256,16,1,1),  q(256,1,16,1),  k(256,256,4,1),  v(256,256,4,1),  m(256,1,1,1): 1 x 21.68 us = 21.68 us (193.464 GFLOPS/s)
GET_ROWS: 2 x 11.48 us = 22.96 us
GLU: 1 x 3.16 us = 3.16 us
MUL_MAT_ADD MUL_MAT_VEC q4_K m=4096 n=1 k=12288: 1 x 60.76 us = 60.76 us (1656.67 GFLOPS/s)
MUL_MAT_ADD MUL_MAT_VEC q4_K m=4096 n=1 k=4096: 1 x 19.68 us = 19.68 us (1704.79 GFLOPS/s)
MUL_MAT_VEC q4_K m=1024 n=1 k=4096: 2 x 10.86 us = 21.72 us (772.337 GFLOPS/s)
MUL_MAT_VEC q4_K m=12288 n=1 k=4096: 2 x 56.28 us = 112.56 us (1788.4 GFLOPS/s)
MUL_MAT_VEC q4_K m=32768 n=1 k=4096: 1 x 141.84 us = 141.84 us (1892.29 GFLOPS/s)
MUL_MAT_VEC q4_K m=4096 n=1 k=8192: 1 x 52.64 us = 52.64 us (1274.79 GFLOPS/s)
MUL_MAT_VEC q4_K m=8192 n=1 k=4096: 1 x 36.08 us = 36.08 us (1859.77 GFLOPS/s)
PAD: 1 x 12.04 us = 12.04 us
RMS_NORM_MUL RMS_NORM(256,16,1,1): 1 x 4.72 us = 4.72 us
RMS_NORM_MUL RMS_NORM(256,4,1,1): 1 x 2.76 us = 2.76 us
RMS_NORM_MUL RMS_NORM(4096,1,1,1): 5 x 7 us = 35 us
ROPE: 1 x 3.76 us = 3.76 us
ROPE_VIEW_SET_ROWS ROPE: 1 x 4.24 us = 4.24 us
SET_ROWS: 2 x 3.3 us = 6.6 us
SIGMOID_MUL SIGMOID: 1 x 3.48 us = 3.48 us
TOP_K K=10 (248320,1,1,1): 1 x 28 us = 28 us
Total time: 603 us.
----------------
Vulkan Timings:
CONCAT: 1 x 3.8 us = 3.8 us
CONT: 1 x 2.36 us = 2.36 us
FILL: 1 x 3.2 us = 3.2 us
FLASH_ATTN_EXT dst(256,16,1,1),  q(256,1,16,1),  k(256,256,4,1),  v(256,256,4,1),  m(256,1,1,1): 1 x 21.68 us = 21.68 us (193.464 GFLOPS/s)
GET_ROWS: 2 x 11.52 us = 23.04 us
GLU: 1 x 3.2 us = 3.2 us
MUL_MAT_ADD MUL_MAT_VEC q4_K m=4096 n=1 k=12288: 1 x 61.32 us = 61.32 us (1641.54 GFLOPS/s)
MUL_MAT_ADD MUL_MAT_VEC q4_K m=4096 n=1 k=4096: 1 x 19.68 us = 19.68 us (1704.79 GFLOPS/s)
MUL_MAT_VEC q4_K m=1024 n=1 k=4096: 2 x 10.62 us = 21.24 us (789.791 GFLOPS/s)
MUL_MAT_VEC q4_K m=12288 n=1 k=4096: 2 x 55.82 us = 111.64 us (1803.14 GFLOPS/s)
MUL_MAT_VEC q4_K m=32768 n=1 k=4096: 1 x 141.44 us = 141.44 us (1897.64 GFLOPS/s)
MUL_MAT_VEC q4_K m=4096 n=1 k=8192: 1 x 52.92 us = 52.92 us (1268.04 GFLOPS/s)
MUL_MAT_VEC q4_K m=8192 n=1 k=4096: 1 x 36.24 us = 36.24 us (1851.56 GFLOPS/s)
PAD: 1 x 12.08 us = 12.08 us
RMS_NORM_MUL RMS_NORM(256,16,1,1): 1 x 4.76 us = 4.76 us
RMS_NORM_MUL RMS_NORM(256,4,1,1): 1 x 2.8 us = 2.8 us
RMS_NORM_MUL RMS_NORM(4096,1,1,1): 5 x 6.816 us = 34.08 us
ROPE: 1 x 3.76 us = 3.76 us
ROPE_VIEW_SET_ROWS ROPE: 1 x 4.2 us = 4.2 us
SET_ROWS: 2 x 3.4 us = 6.8 us
SIGMOID_MUL SIGMOID: 1 x 3.44 us = 3.44 us
TOP_K K=10 (248320,1,1,1): 1 x 28.48 us = 28.48 us
Total time: 602.16 us.
----------------
Vulkan Timings:
ADD: 88 x 3.071 us = 270.28 us
CONCAT: 24 x 3.46 us = 83.04 us
CONT: 8 x 2.38 us = 19.04 us
CPY: 120 x 5.491 us = 658.96 us
FLASH_ATTN_EXT dst(256,16,4,1),  q(256,4,16,1),  k(256,256,4,1),  v(256,256,4,1),  m(256,4,1,1): 8 x 21.68 us = 173.44 us (773.857 GFLOPS/s)
GATED_DELTA_NET: 24 x 14.135 us = 339.24 us
GET_ROWS: 49 x 4.872 us = 238.76 us
GLU: 32 x 2.83 us = 90.56 us
MUL: 24 x 3.743 us = 89.84 us
MUL_MAT_VEC q4_K m=1024 n=4 k=4096: 11 x 6.258 us = 68.84 us (5361.04 GFLOPS/s)
MUL_MAT_VEC q4_K m=12288 n=4 k=4096: 64 x 60.335 us = 3861.44 us (6672.81 GFLOPS/s)
MUL_MAT_VEC q4_K m=4096 n=4 k=12288: 16 x 56.86 us = 909.76 us (7081.2 GFLOPS/s)
MUL_MAT_VEC q4_K m=4096 n=4 k=4096: 32 x 23.002 us = 736.08 us (5834.21 GFLOPS/s)
MUL_MAT_VEC q4_K m=8192 n=4 k=4096: 8 x 40.36 us = 322.88 us (6650.22 GFLOPS/s)
MUL_MAT_VEC q5_K m=4096 n=4 k=4096: 24 x 26.93 us = 646.32 us (4983.34 GFLOPS/s)
MUL_MAT_VEC q5_K m=8192 n=4 k=4096: 24 x 45.251 us = 1086.04 us (5931.33 GFLOPS/s)
MUL_MAT_VEC q6_K m=1024 n=4 k=4096: 5 x 13.432 us = 67.16 us (2497.79 GFLOPS/s)
MUL_MAT_VEC q6_K m=248320 n=4 k=4096: 1 x 1749.24 us = 1749.24 us (4651.14 GFLOPS/s)
MUL_MAT_VEC q6_K m=4096 n=4 k=12288: 16 x 98.355 us = 1573.68 us (4093.71 GFLOPS/s)
MUL_MAT_VEC q8_0 m=32 n=4 k=4096: 48 x 4.104 us = 197 us (255.459 GFLOPS/s)
RMS_NORM(128,16,4,1): 48 x 3.29 us = 157.96 us
RMS_NORM_MUL RMS_NORM(128,32,4,1): 24 x 6.146 us = 147.52 us
RMS_NORM_MUL RMS_NORM(256,16,4,1): 8 x 4.01 us = 32.08 us
RMS_NORM_MUL RMS_NORM(256,4,4,1): 8 x 3.155 us = 25.24 us
RMS_NORM_MUL RMS_NORM(4096,4,1,1): 65 x 5.731 us = 372.52 us
ROPE: 8 x 3.93 us = 31.44 us
ROPE_VIEW_SET_ROWS ROPE: 8 x 4.235 us = 33.88 us
SCALE: 48 x 2.885 us = 138.52 us
SET_ROWS: 8 x 3.39 us = 27.12 us
SIGMOID: 24 x 2.528 us = 60.68 us
SIGMOID_MUL SIGMOID: 8 x 3.465 us = 27.72 us
SILU: 24 x 1.486 us = 35.68 us
SOFTPLUS_MUL SOFTPLUS: 24 x 2.068 us = 49.64 us
SSM_CONV_SILU SSM_CONV: 24 x 2.615 us = 62.76 us
Total time: 14384.4 us.
----------------
Vulkan Timings:
ADD: 2 x 3.68 us = 7.36 us
CONCAT: 1 x 4.24 us = 4.24 us
CONT: 1 x 2.48 us = 2.48 us
FLASH_ATTN_EXT dst(256,16,4,1),  q(256,4,16,1),  k(256,256,4,1),  v(256,256,4,1),  m(256,4,1,1): 1 x 21.96 us = 21.96 us (763.99 GFLOPS/s)
GLU: 1 x 3.96 us = 3.96 us
MUL_MAT_VEC q4_K m=1024 n=4 k=4096: 2 x 8.18 us = 16.36 us (4101.51 GFLOPS/s)
MUL_MAT_VEC q4_K m=12288 n=4 k=4096: 2 x 74.64 us = 149.28 us (5393.94 GFLOPS/s)
MUL_MAT_VEC q4_K m=4096 n=4 k=12288: 1 x 88.04 us = 88.04 us (4573.34 GFLOPS/s)
MUL_MAT_VEC q4_K m=4096 n=4 k=4096: 1 x 34.56 us = 34.56 us (3883.14 GFLOPS/s)
MUL_MAT_VEC q4_K m=4096 n=4 k=8192: 1 x 61.88 us = 61.88 us (4337.74 GFLOPS/s)
MUL_MAT_VEC q4_K m=8192 n=4 k=4096: 1 x 67 us = 67 us (4006.01 GFLOPS/s)
RMS_NORM_MUL RMS_NORM(256,16,4,1): 1 x 4.92 us = 4.92 us
RMS_NORM_MUL RMS_NORM(256,4,4,1): 1 x 2.72 us = 2.72 us
RMS_NORM_MUL RMS_NORM(4096,4,1,1): 5 x 9.488 us = 47.44 us
ROPE: 1 x 3.88 us = 3.88 us
ROPE_VIEW_SET_ROWS ROPE: 1 x 4.2 us = 4.2 us
SET_ROWS: 1 x 2.64 us = 2.64 us
SIGMOID_MUL SIGMOID: 1 x 4.28 us = 4.28 us
Total time: 527.2 us.
----------------
Vulkan Timings:
CONCAT: 1 x 3.84 us = 3.84 us
CONT: 1 x 2.36 us = 2.36 us
FILL: 1 x 3.2 us = 3.2 us
FLASH_ATTN_EXT dst(256,16,1,1),  q(256,1,16,1),  k(256,256,4,1),  v(256,256,4,1),  m(256,1,1,1): 1 x 21.64 us = 21.64 us (193.822 GFLOPS/s)
GET_ROWS: 2 x 11.44 us = 22.88 us
GLU: 1 x 1.76 us = 1.76 us
MUL_MAT_ADD MUL_MAT_VEC q4_K m=4096 n=1 k=12288: 1 x 51.04 us = 51.04 us (1972.16 GFLOPS/s)
MUL_MAT_ADD MUL_MAT_VEC q4_K m=4096 n=1 k=4096: 1 x 19.6 us = 19.6 us (1711.75 GFLOPS/s)
MUL_MAT_VEC q4_K m=1024 n=1 k=4096: 2 x 5.38 us = 10.76 us (1559.03 GFLOPS/s)
MUL_MAT_VEC q4_K m=12288 n=1 k=4096: 2 x 54.7 us = 109.4 us (1840.05 GFLOPS/s)
MUL_MAT_VEC q4_K m=32768 n=1 k=4096: 1 x 133 us = 133 us (2018.07 GFLOPS/s)
MUL_MAT_VEC q4_K m=4096 n=1 k=8192: 1 x 46.08 us = 46.08 us (1456.27 GFLOPS/s)
MUL_MAT_VEC q4_K m=8192 n=1 k=4096: 1 x 45.44 us = 45.44 us (1476.69 GFLOPS/s)
PAD: 1 x 11.88 us = 11.88 us
RMS_NORM_MUL RMS_NORM(256,16,1,1): 1 x 4.68 us = 4.68 us
RMS_NORM_MUL RMS_NORM(256,4,1,1): 1 x 2.84 us = 2.84 us
RMS_NORM_MUL RMS_NORM(4096,1,1,1): 5 x 6.8 us = 34 us
ROPE: 1 x 3.96 us = 3.96 us
ROPE_VIEW_SET_ROWS ROPE: 1 x 4.28 us = 4.28 us
SET_ROWS: 2 x 3.2 us = 6.4 us
SIGMOID_MUL SIGMOID: 1 x 3.48 us = 3.48 us
TOP_K K=10 (248320,1,1,1): 1 x 28.16 us = 28.16 us
Total time: 570.68 us.
----------------
Vulkan Timings:
CONCAT: 1 x 3.76 us = 3.76 us
CONT: 1 x 2.28 us = 2.28 us
FILL: 1 x 3.2 us = 3.2 us
FLASH_ATTN_EXT dst(256,16,1,1),  q(256,1,16,1),  k(256,256,4,1),  v(256,256,4,1),  m(256,1,1,1): 1 x 21.84 us = 21.84 us (192.047 GFLOPS/s)
GET_ROWS: 2 x 11.32 us = 22.64 us
GLU: 1 x 3.16 us = 3.16 us
MUL_MAT_ADD MUL_MAT_VEC q4_K m=4096 n=1 k=12288: 1 x 61.4 us = 61.4 us (1639.4 GFLOPS/s)
MUL_MAT_ADD MUL_MAT_VEC q4_K m=4096 n=1 k=4096: 1 x 19.68 us = 19.68 us (1704.79 GFLOPS/s)
MUL_MAT_VEC q4_K m=1024 n=1 k=4096: 2 x 10.58 us = 21.16 us (792.777 GFLOPS/s)
MUL_MAT_VEC q4_K m=12288 n=1 k=4096: 2 x 56.02 us = 112.04 us (1796.7 GFLOPS/s)
MUL_MAT_VEC q4_K m=32768 n=1 k=4096: 1 x 141.88 us = 141.88 us (1891.76 GFLOPS/s)
MUL_MAT_VEC q4_K m=4096 n=1 k=8192: 1 x 53 us = 53 us (1266.13 GFLOPS/s)
MUL_MAT_VEC q4_K m=8192 n=1 k=4096: 1 x 36.92 us = 36.92 us (1817.46 GFLOPS/s)
PAD: 1 x 12 us = 12 us
RMS_NORM_MUL RMS_NORM(256,16,1,1): 1 x 4.72 us = 4.72 us
RMS_NORM_MUL RMS_NORM(256,4,1,1): 1 x 2.76 us = 2.76 us
RMS_NORM_MUL RMS_NORM(4096,1,1,1): 5 x 7.048 us = 35.24 us
ROPE: 1 x 3.8 us = 3.8 us
ROPE_VIEW_SET_ROWS ROPE: 1 x 4.16 us = 4.16 us
SET_ROWS: 2 x 3.24 us = 6.48 us
SIGMOID_MUL SIGMOID: 1 x 3.48 us = 3.48 us
TOP_K K=10 (248320,1,1,1): 1 x 27.84 us = 27.84 us
Total time: 603.44 us.
----------------
Vulkan Timings:
CONCAT: 1 x 3.84 us = 3.84 us
CONT: 1 x 2.6 us = 2.6 us
FILL: 1 x 3.2 us = 3.2 us
FLASH_ATTN_EXT dst(256,16,1,1),  q(256,1,16,1),  k(256,256,4,1),  v(256,256,4,1),  m(256,1,1,1): 1 x 21.56 us = 21.56 us (194.541 GFLOPS/s)
GET_ROWS: 2 x 11.32 us = 22.64 us
GLU: 1 x 3.28 us = 3.28 us
MUL_MAT_ADD MUL_MAT_VEC q4_K m=4096 n=1 k=12288: 1 x 61.92 us = 61.92 us (1625.63 GFLOPS/s)
MUL_MAT_ADD MUL_MAT_VEC q4_K m=4096 n=1 k=4096: 1 x 19.76 us = 19.76 us (1697.89 GFLOPS/s)
MUL_MAT_VEC q4_K m=1024 n=1 k=4096: 2 x 10.42 us = 20.84 us (804.95 GFLOPS/s)
MUL_MAT_VEC q4_K m=12288 n=1 k=4096: 2 x 56.26 us = 112.52 us (1789.03 GFLOPS/s)
MUL_MAT_VEC q4_K m=32768 n=1 k=4096: 1 x 141.4 us = 141.4 us (1898.18 GFLOPS/s)
MUL_MAT_VEC q4_K m=4096 n=1 k=8192: 1 x 52.84 us = 52.84 us (1269.96 GFLOPS/s)
MUL_MAT_VEC q4_K m=8192 n=1 k=4096: 1 x 36.64 us = 36.64 us (1831.35 GFLOPS/s)
PAD: 1 x 12 us = 12 us
RMS_NORM_MUL RMS_NORM(256,16,1,1): 1 x 4.72 us = 4.72 us
RMS_NORM_MUL RMS_NORM(256,4,1,1): 1 x 2.88 us = 2.88 us
RMS_NORM_MUL RMS_NORM(4096,1,1,1): 5 x 6.848 us = 34.24 us
ROPE: 1 x 3.76 us = 3.76 us
ROPE_VIEW_SET_ROWS ROPE: 1 x 4.08 us = 4.08 us
SET_ROWS: 2 x 3.32 us = 6.64 us
SIGMOID_MUL SIGMOID: 1 x 3.2 us = 3.2 us
TOP_K K=10 (248320,1,1,1): 1 x 28.56 us = 28.56 us
Total time: 603.12 us.
----------------
Vulkan Timings:
ADD: 88 x 3.089 us = 271.88 us
CONCAT: 24 x 3.425 us = 82.2 us
CONT: 8 x 2.395 us = 19.16 us
CPY: 120 x 5.486 us = 658.32 us
FLASH_ATTN_EXT dst(256,16,4,1),  q(256,4,16,1),  k(256,256,4,1),  v(256,256,4,1),  m(256,4,1,1): 8 x 21.685 us = 173.48 us (773.678 GFLOPS/s)
GATED_DELTA_NET: 24 x 14.143 us = 339.44 us
GET_ROWS: 49 x 4.814 us = 235.92 us
GLU: 32 x 2.778 us = 88.92 us
MUL: 24 x 3.741 us = 89.8 us
MUL_MAT_VEC q4_K m=1024 n=4 k=4096: 11 x 6.21 us = 68.32 us (5401.84 GFLOPS/s)
MUL_MAT_VEC q4_K m=12288 n=4 k=4096: 64 x 60.147 us = 3849.44 us (6693.61 GFLOPS/s)
MUL_MAT_VEC q4_K m=4096 n=4 k=12288: 16 x 56.755 us = 908.08 us (7094.3 GFLOPS/s)
MUL_MAT_VEC q4_K m=4096 n=4 k=4096: 32 x 23.067 us = 738.16 us (5817.77 GFLOPS/s)
MUL_MAT_VEC q4_K m=8192 n=4 k=4096: 8 x 40.125 us = 321 us (6689.16 GFLOPS/s)
MUL_MAT_VEC q5_K m=4096 n=4 k=4096: 24 x 26.928 us = 646.28 us (4983.65 GFLOPS/s)
MUL_MAT_VEC q5_K m=8192 n=4 k=4096: 24 x 45.261 us = 1086.28 us (5930.02 GFLOPS/s)
MUL_MAT_VEC q6_K m=1024 n=4 k=4096: 5 x 13.488 us = 67.44 us (2487.42 GFLOPS/s)
MUL_MAT_VEC q6_K m=248320 n=4 k=4096: 1 x 1757.52 us = 1757.52 us (4629.23 GFLOPS/s)
MUL_MAT_VEC q6_K m=4096 n=4 k=12288: 16 x 98.497 us = 1575.96 us (4087.79 GFLOPS/s)
MUL_MAT_VEC q8_0 m=32 n=4 k=4096: 48 x 4.083 us = 196 us (256.763 GFLOPS/s)
RMS_NORM(128,16,4,1): 48 x 3.318 us = 159.28 us
RMS_NORM_MUL RMS_NORM(128,32,4,1): 24 x 6.175 us = 148.2 us
RMS_NORM_MUL RMS_NORM(256,16,4,1): 8 x 4.01 us = 32.08 us
RMS_NORM_MUL RMS_NORM(256,4,4,1): 8 x 3.195 us = 25.56 us
RMS_NORM_MUL RMS_NORM(4096,4,1,1): 65 x 5.745 us = 373.44 us
ROPE: 8 x 3.88 us = 31.04 us
ROPE_VIEW_SET_ROWS ROPE: 8 x 4.215 us = 33.72 us
SCALE: 48 x 2.899 us = 139.16 us
SET_ROWS: 8 x 3.385 us = 27.08 us
SIGMOID: 24 x 2.501 us = 60.04 us
SIGMOID_MUL SIGMOID: 8 x 3.46 us = 27.68 us
SILU: 24 x 1.488 us = 35.72 us
SOFTPLUS_MUL SOFTPLUS: 24 x 2.011 us = 48.28 us
SSM_CONV_SILU SSM_CONV: 24 x 2.571 us = 61.72 us
Total time: 14376.6 us.
----------------
Vulkan Timings:
ADD: 2 x 3.58 us = 7.16 us
CONCAT: 1 x 4.28 us = 4.28 us
CONT: 1 x 2.48 us = 2.48 us
FLASH_ATTN_EXT dst(256,16,4,1),  q(256,4,16,1),  k(256,256,4,1),  v(256,256,4,1),  m(256,4,1,1): 1 x 22 us = 22 us (762.601 GFLOPS/s)
GLU: 1 x 4 us = 4 us
MUL_MAT_VEC q4_K m=1024 n=4 k=4096: 2 x 8.12 us = 16.24 us (4131.81 GFLOPS/s)
MUL_MAT_VEC q4_K m=12288 n=4 k=4096: 2 x 74.52 us = 149.04 us (5402.63 GFLOPS/s)
MUL_MAT_VEC q4_K m=4096 n=4 k=12288: 1 x 76.72 us = 76.72 us (5248.13 GFLOPS/s)
MUL_MAT_VEC q4_K m=4096 n=4 k=4096: 1 x 34.64 us = 34.64 us (3874.17 GFLOPS/s)
MUL_MAT_VEC q4_K m=4096 n=4 k=8192: 1 x 62 us = 62 us (4329.34 GFLOPS/s)
MUL_MAT_VEC q4_K m=8192 n=4 k=4096: 1 x 61.52 us = 61.52 us (4362.85 GFLOPS/s)
RMS_NORM_MUL RMS_NORM(256,16,4,1): 1 x 4.92 us = 4.92 us
RMS_NORM_MUL RMS_NORM(256,4,4,1): 1 x 2.96 us = 2.96 us
RMS_NORM_MUL RMS_NORM(4096,4,1,1): 5 x 9.792 us = 48.96 us
ROPE: 1 x 3.84 us = 3.84 us
ROPE_VIEW_SET_ROWS ROPE: 1 x 4.28 us = 4.28 us
SET_ROWS: 1 x 2.4 us = 2.4 us
SIGMOID_MUL SIGMOID: 1 x 4.4 us = 4.4 us
Total time: 511.84 us.
----------------
Vulkan Timings:
CONCAT: 1 x 3.84 us = 3.84 us
CONT: 1 x 2.4 us = 2.4 us
FILL: 1 x 3.16 us = 3.16 us
FLASH_ATTN_EXT dst(256,16,1,1),  q(256,1,16,1),  k(256,256,4,1),  v(256,256,4,1),  m(256,1,1,1): 1 x 21.72 us = 21.72 us (193.108 GFLOPS/s)
GET_ROWS: 2 x 11.44 us = 22.88 us
GLU: 1 x 2.72 us = 2.72 us
MUL_MAT_ADD MUL_MAT_VEC q4_K m=4096 n=1 k=12288: 1 x 51.28 us = 51.28 us (1962.93 GFLOPS/s)
MUL_MAT_ADD MUL_MAT_VEC q4_K m=4096 n=1 k=4096: 1 x 19.56 us = 19.56 us (1715.25 GFLOPS/s)
MUL_MAT_VEC q4_K m=1024 n=1 k=4096: 2 x 5.38 us = 10.76 us (1559.03 GFLOPS/s)
MUL_MAT_VEC q4_K m=12288 n=1 k=4096: 2 x 55.02 us = 110.04 us (1829.35 GFLOPS/s)
MUL_MAT_VEC q4_K m=32768 n=1 k=4096: 1 x 133.24 us = 133.24 us (2014.43 GFLOPS/s)
MUL_MAT_VEC q4_K m=4096 n=1 k=8192: 1 x 45.84 us = 45.84 us (1463.89 GFLOPS/s)
MUL_MAT_VEC q4_K m=8192 n=1 k=4096: 1 x 45.32 us = 45.32 us (1480.6 GFLOPS/s)
PAD: 1 x 11.88 us = 11.88 us
RMS_NORM_MUL RMS_NORM(256,16,1,1): 1 x 4.68 us = 4.68 us
RMS_NORM_MUL RMS_NORM(256,4,1,1): 1 x 2.84 us = 2.84 us
RMS_NORM_MUL RMS_NORM(4096,1,1,1): 5 x 7.032 us = 35.16 us
ROPE: 1 x 4 us = 4 us
ROPE_VIEW_SET_ROWS ROPE: 1 x 4.28 us = 4.28 us
SET_ROWS: 2 x 3.2 us = 6.4 us
SIGMOID_MUL SIGMOID: 1 x 3.44 us = 3.44 us
TOP_K K=10 (248320,1,1,1): 1 x 27.8 us = 27.8 us
Total time: 573.24 us.
----------------
Vulkan Timings:
CONCAT: 1 x 3.76 us = 3.76 us
CONT: 1 x 2.24 us = 2.24 us
FILL: 1 x 3.2 us = 3.2 us
FLASH_ATTN_EXT dst(256,16,1,1),  q(256,1,16,1),  k(256,256,4,1),  v(256,256,4,1),  m(256,1,1,1): 1 x 21.92 us = 21.92 us (191.346 GFLOPS/s)
GET_ROWS: 2 x 11.38 us = 22.76 us
GLU: 1 x 3.32 us = 3.32 us
MUL_MAT_ADD MUL_MAT_VEC q4_K m=4096 n=1 k=12288: 1 x 60.8 us = 60.8 us (1655.58 GFLOPS/s)
MUL_MAT_ADD MUL_MAT_VEC q4_K m=4096 n=1 k=4096: 1 x 19.92 us = 19.92 us (1684.25 GFLOPS/s)
MUL_MAT_VEC q4_K m=1024 n=1 k=4096: 2 x 10.6 us = 21.2 us (791.282 GFLOPS/s)
MUL_MAT_VEC q4_K m=12288 n=1 k=4096: 2 x 56.54 us = 113.08 us (1780.17 GFLOPS/s)
MUL_MAT_VEC q4_K m=32768 n=1 k=4096: 1 x 140.84 us = 140.84 us (1905.73 GFLOPS/s)
MUL_MAT_VEC q4_K m=4096 n=1 k=8192: 1 x 52.72 us = 52.72 us (1272.85 GFLOPS/s)
MUL_MAT_VEC q4_K m=8192 n=1 k=4096: 1 x 36.76 us = 36.76 us (1825.37 GFLOPS/s)
PAD: 1 x 12.08 us = 12.08 us
RMS_NORM_MUL RMS_NORM(256,16,1,1): 1 x 4.72 us = 4.72 us
RMS_NORM_MUL RMS_NORM(256,4,1,1): 1 x 2.8 us = 2.8 us
RMS_NORM_MUL RMS_NORM(4096,1,1,1): 5 x 7.104 us = 35.52 us
ROPE: 1 x 4.32 us = 4.32 us
ROPE_VIEW_SET_ROWS ROPE: 1 x 4.2 us = 4.2 us
SET_ROWS: 2 x 3.08 us = 6.16 us
SIGMOID_MUL SIGMOID: 1 x 3.44 us = 3.44 us
TOP_K K=10 (248320,1,1,1): 1 x 27.96 us = 27.96 us
Total time: 603.72 us.
----------------
Vulkan Timings:
CONCAT: 1 x 3.76 us = 3.76 us
CONT: 1 x 2.32 us = 2.32 us
FILL: 1 x 3.2 us = 3.2 us
FLASH_ATTN_EXT dst(256,16,1,1),  q(256,1,16,1),  k(256,256,4,1),  v(256,256,4,1),  m(256,1,1,1): 1 x 21.68 us = 21.68 us (193.464 GFLOPS/s)
GET_ROWS: 2 x 11.26 us = 22.52 us
GLU: 1 x 3.28 us = 3.28 us
MUL_MAT_ADD MUL_MAT_VEC q4_K m=4096 n=1 k=12288: 1 x 61.76 us = 61.76 us (1629.84 GFLOPS/s)
MUL_MAT_ADD MUL_MAT_VEC q4_K m=4096 n=1 k=4096: 1 x 19.88 us = 19.88 us (1687.64 GFLOPS/s)
MUL_MAT_VEC q4_K m=1024 n=1 k=4096: 2 x 10.94 us = 21.88 us (766.69 GFLOPS/s)
MUL_MAT_VEC q4_K m=12288 n=1 k=4096: 2 x 55.9 us = 111.8 us (1800.55 GFLOPS/s)
MUL_MAT_VEC q4_K m=32768 n=1 k=4096: 1 x 140.88 us = 140.88 us (1905.19 GFLOPS/s)
MUL_MAT_VEC q4_K m=4096 n=1 k=8192: 1 x 53 us = 53 us (1266.13 GFLOPS/s)
MUL_MAT_VEC q4_K m=8192 n=1 k=4096: 1 x 36.2 us = 36.2 us (1853.61 GFLOPS/s)
PAD: 1 x 12 us = 12 us
RMS_NORM_MUL RMS_NORM(256,16,1,1): 1 x 4.72 us = 4.72 us
RMS_NORM_MUL RMS_NORM(256,4,1,1): 1 x 2.76 us = 2.76 us
RMS_NORM_MUL RMS_NORM(4096,1,1,1): 5 x 7.088 us = 35.44 us
ROPE: 1 x 3.76 us = 3.76 us
ROPE_VIEW_SET_ROWS ROPE: 1 x 4.28 us = 4.28 us
SET_ROWS: 2 x 3.24 us = 6.48 us
SIGMOID_MUL SIGMOID: 1 x 3.44 us = 3.44 us
TOP_K K=10 (248320,1,1,1): 1 x 29.36 us = 29.36 us
Total time: 604.4 us.
----------------
Vulkan Timings:
ADD: 88 x 3.105 us = 273.24 us
CONCAT: 24 x 3.486 us = 83.68 us
CONT: 8 x 2.41 us = 19.28 us
CPY: 120 x 5.513 us = 661.64 us
FLASH_ATTN_EXT dst(256,16,4,1),  q(256,4,16,1),  k(256,256,4,1),  v(256,256,4,1),  m(256,4,1,1): 8 x 21.67 us = 173.36 us (774.214 GFLOPS/s)
GATED_DELTA_NET: 24 x 14.09 us = 338.16 us
GET_ROWS: 49 x 4.822 us = 236.28 us
GLU: 32 x 2.78 us = 88.96 us
MUL: 24 x 3.698 us = 88.76 us
MUL_MAT_VEC q4_K m=1024 n=4 k=4096: 11 x 6.254 us = 68.8 us (5364.15 GFLOPS/s)
MUL_MAT_VEC q4_K m=12288 n=4 k=4096: 64 x 60.413 us = 3866.48 us (6664.11 GFLOPS/s)
MUL_MAT_VEC q4_K m=4096 n=4 k=12288: 16 x 56.802 us = 908.84 us (7088.36 GFLOPS/s)
MUL_MAT_VEC q4_K m=4096 n=4 k=4096: 32 x 23.138 us = 740.44 us (5799.85 GFLOPS/s)
MUL_MAT_VEC q4_K m=8192 n=4 k=4096: 8 x 40.21 us = 321.68 us (6675.02 GFLOPS/s)
MUL_MAT_VEC q5_K m=4096 n=4 k=4096: 24 x 26.841 us = 644.2 us (4999.74 GFLOPS/s)
MUL_MAT_VEC q5_K m=8192 n=4 k=4096: 24 x 45.353 us = 1088.48 us (5918.04 GFLOPS/s)
MUL_MAT_VEC q6_K m=1024 n=4 k=4096: 5 x 13.24 us = 66.2 us (2534.01 GFLOPS/s)
MUL_MAT_VEC q6_K m=248320 n=4 k=4096: 1 x 1748.56 us = 1748.56 us (4652.95 GFLOPS/s)
MUL_MAT_VEC q6_K m=4096 n=4 k=12288: 16 x 98.762 us = 1580.2 us (4076.82 GFLOPS/s)
MUL_MAT_VEC q8_0 m=32 n=4 k=4096: 48 x 4.139 us = 198.68 us (253.299 GFLOPS/s)
RMS_NORM(128,16,4,1): 48 x 3.233 us = 155.2 us
RMS_NORM_MUL RMS_NORM(128,32,4,1): 24 x 6.206 us = 148.96 us
RMS_NORM_MUL RMS_NORM(256,16,4,1): 8 x 4.02 us = 32.16 us
RMS_NORM_MUL RMS_NORM(256,4,4,1): 8 x 3.24 us = 25.92 us
RMS_NORM_MUL RMS_NORM(4096,4,1,1): 65 x 5.725 us = 372.16 us
ROPE: 8 x 3.87 us = 30.96 us
ROPE_VIEW_SET_ROWS ROPE: 8 x 4.14 us = 33.12 us
SCALE: 48 x 2.909 us = 139.64 us
SET_ROWS: 8 x 3.39 us = 27.12 us
SIGMOID: 24 x 2.59 us = 62.16 us
SIGMOID_MUL SIGMOID: 8 x 3.455 us = 27.64 us
SILU: 24 x 1.463 us = 35.12 us
SOFTPLUS_MUL SOFTPLUS: 24 x 1.986 us = 47.68 us
SSM_CONV_SILU SSM_CONV: 24 x 2.605 us = 62.52 us
Total time: 14396.3 us.
----------------
Vulkan Timings:
ADD: 2 x 3.54 us = 7.08 us
CONCAT: 1 x 4.24 us = 4.24 us
CONT: 1 x 2.4 us = 2.4 us
FLASH_ATTN_EXT dst(256,16,4,1),  q(256,4,16,1),  k(256,256,4,1),  v(256,256,4,1),  m(256,4,1,1): 1 x 21.6 us = 21.6 us (776.723 GFLOPS/s)
GLU: 1 x 3.8 us = 3.8 us
MUL_MAT_VEC q4_K m=1024 n=4 k=4096: 2 x 8.1 us = 16.2 us (4142.02 GFLOPS/s)
MUL_MAT_VEC q4_K m=12288 n=4 k=4096: 2 x 72.6 us = 145.2 us (5545.51 GFLOPS/s)
MUL_MAT_VEC q4_K m=4096 n=4 k=12288: 1 x 82.04 us = 82.04 us (4907.81 GFLOPS/s)
MUL_MAT_VEC q4_K m=4096 n=4 k=4096: 1 x 33.76 us = 33.76 us (3975.16 GFLOPS/s)
MUL_MAT_VEC q4_K m=4096 n=4 k=8192: 1 x 61.76 us = 61.76 us (4346.16 GFLOPS/s)
MUL_MAT_VEC q4_K m=8192 n=4 k=4096: 1 x 79.2 us = 79.2 us (3388.92 GFLOPS/s)
RMS_NORM_MUL RMS_NORM(256,16,4,1): 1 x 4.8 us = 4.8 us
RMS_NORM_MUL RMS_NORM(256,4,4,1): 1 x 2.88 us = 2.88 us
RMS_NORM_MUL RMS_NORM(4096,4,1,1): 5 x 9.416 us = 47.08 us
ROPE: 1 x 3.76 us = 3.76 us
ROPE_VIEW_SET_ROWS ROPE: 1 x 4.16 us = 4.16 us
SET_ROWS: 1 x 2.4 us = 2.4 us
SIGMOID_MUL SIGMOID: 1 x 4.16 us = 4.16 us
Total time: 526.52 us.
----------------
Vulkan Timings:
CONCAT: 1 x 3.76 us = 3.76 us
CONT: 1 x 2.4 us = 2.4 us
FILL: 1 x 3 us = 3 us
FLASH_ATTN_EXT dst(256,16,1,1),  q(256,1,16,1),  k(256,256,4,1),  v(256,256,4,1),  m(256,1,1,1): 1 x 21.64 us = 21.64 us (193.822 GFLOPS/s)
GET_ROWS: 2 x 11.44 us = 22.88 us
GLU: 1 x 2.44 us = 2.44 us
MUL_MAT_ADD MUL_MAT_VEC q4_K m=4096 n=1 k=12288: 1 x 51.28 us = 51.28 us (1962.93 GFLOPS/s)
MUL_MAT_ADD MUL_MAT_VEC q4_K m=4096 n=1 k=4096: 1 x 19.56 us = 19.56 us (1715.25 GFLOPS/s)
MUL_MAT_VEC q4_K m=1024 n=1 k=4096: 2 x 5.38 us = 10.76 us (1559.03 GFLOPS/s)
MUL_MAT_VEC q4_K m=12288 n=1 k=4096: 2 x 54.66 us = 109.32 us (1841.4 GFLOPS/s)
MUL_MAT_VEC q4_K m=32768 n=1 k=4096: 1 x 132.64 us = 132.64 us (2023.54 GFLOPS/s)
MUL_MAT_VEC q4_K m=4096 n=1 k=8192: 1 x 45.72 us = 45.72 us (1467.73 GFLOPS/s)
MUL_MAT_VEC q4_K m=8192 n=1 k=4096: 1 x 45 us = 45 us (1491.13 GFLOPS/s)
PAD: 1 x 11.92 us = 11.92 us
RMS_NORM_MUL RMS_NORM(256,16,1,1): 1 x 4.76 us = 4.76 us
RMS_NORM_MUL RMS_NORM(256,4,1,1): 1 x 2.08 us = 2.08 us
RMS_NORM_MUL RMS_NORM(4096,1,1,1): 5 x 7.016 us = 35.08 us
ROPE: 1 x 3.96 us = 3.96 us
ROPE_VIEW_SET_ROWS ROPE: 1 x 4.24 us = 4.24 us
SET_ROWS: 2 x 3.4 us = 6.8 us
SIGMOID_MUL SIGMOID: 1 x 3.68 us = 3.68 us
TOP_K K=10 (248320,1,1,1): 1 x 28.28 us = 28.28 us
Total time: 571.2 us.
----------------
Vulkan Timings:
CONCAT: 1 x 3.76 us = 3.76 us
CONT: 1 x 2.36 us = 2.36 us
FILL: 1 x 3.2 us = 3.2 us
FLASH_ATTN_EXT dst(256,16,1,1),  q(256,1,16,1),  k(256,256,4,1),  v(256,256,4,1),  m(256,1,1,1): 1 x 21.52 us = 21.52 us (194.903 GFLOPS/s)
GET_ROWS: 2 x 11.22 us = 22.44 us
GLU: 1 x 3.2 us = 3.2 us
MUL_MAT_ADD MUL_MAT_VEC q4_K m=4096 n=1 k=12288: 1 x 60.96 us = 60.96 us (1651.23 GFLOPS/s)
MUL_MAT_ADD MUL_MAT_VEC q4_K m=4096 n=1 k=4096: 1 x 19.64 us = 19.64 us (1708.27 GFLOPS/s)
MUL_MAT_VEC q4_K m=1024 n=1 k=4096: 2 x 10.84 us = 21.68 us (773.762 GFLOPS/s)
MUL_MAT_VEC q4_K m=12288 n=1 k=4096: 2 x 56.14 us = 112.28 us (1792.86 GFLOPS/s)
MUL_MAT_VEC q4_K m=32768 n=1 k=4096: 1 x 140.84 us = 140.84 us (1905.73 GFLOPS/s)
MUL_MAT_VEC q4_K m=4096 n=1 k=8192: 1 x 52.72 us = 52.72 us (1272.85 GFLOPS/s)
MUL_MAT_VEC q4_K m=8192 n=1 k=4096: 1 x 36.28 us = 36.28 us (1849.52 GFLOPS/s)
PAD: 1 x 12.04 us = 12.04 us
RMS_NORM_MUL RMS_NORM(256,16,1,1): 1 x 4.8 us = 4.8 us
RMS_NORM_MUL RMS_NORM(256,4,1,1): 1 x 2.8 us = 2.8 us
RMS_NORM_MUL RMS_NORM(4096,1,1,1): 5 x 6.816 us = 34.08 us
ROPE: 1 x 3.72 us = 3.72 us
ROPE_VIEW_SET_ROWS ROPE: 1 x 4.24 us = 4.24 us
SET_ROWS: 2 x 3.3 us = 6.6 us
SIGMOID_MUL SIGMOID: 1 x 3.44 us = 3.44 us
TOP_K K=10 (248320,1,1,1): 1 x 27.96 us = 27.96 us
Total time: 600.56 us.
----------------
Vulkan Timings:
CONCAT: 1 x 3.8 us = 3.8 us
CONT: 1 x 2.32 us = 2.32 us
FILL: 1 x 3.2 us = 3.2 us
FLASH_ATTN_EXT dst(256,16,1,1),  q(256,1,16,1),  k(256,256,4,1),  v(256,256,4,1),  m(256,1,1,1): 1 x 21.56 us = 21.56 us (194.541 GFLOPS/s)
GET_ROWS: 2 x 11.42 us = 22.84 us
GLU: 1 x 3.4 us = 3.4 us
MUL_MAT_ADD MUL_MAT_VEC q4_K m=4096 n=1 k=12288: 1 x 61.84 us = 61.84 us (1627.74 GFLOPS/s)
MUL_MAT_ADD MUL_MAT_VEC q4_K m=4096 n=1 k=4096: 1 x 19.72 us = 19.72 us (1701.34 GFLOPS/s)
MUL_MAT_VEC q4_K m=1024 n=1 k=4096: 2 x 10.84 us = 21.68 us (773.762 GFLOPS/s)
MUL_MAT_VEC q4_K m=12288 n=1 k=4096: 2 x 56.48 us = 112.96 us (1782.06 GFLOPS/s)
MUL_MAT_VEC q4_K m=32768 n=1 k=4096: 1 x 141.36 us = 141.36 us (1898.72 GFLOPS/s)
MUL_MAT_VEC q4_K m=4096 n=1 k=8192: 1 x 52.52 us = 52.52 us (1277.7 GFLOPS/s)
MUL_MAT_VEC q4_K m=8192 n=1 k=4096: 1 x 36.24 us = 36.24 us (1851.56 GFLOPS/s)
PAD: 1 x 12.04 us = 12.04 us
RMS_NORM_MUL RMS_NORM(256,16,1,1): 1 x 4.76 us = 4.76 us
RMS_NORM_MUL RMS_NORM(256,4,1,1): 1 x 2.04 us = 2.04 us
RMS_NORM_MUL RMS_NORM(4096,1,1,1): 5 x 7.128 us = 35.64 us
ROPE: 1 x 3.72 us = 3.72 us
ROPE_VIEW_SET_ROWS ROPE: 1 x 4.2 us = 4.2 us
SET_ROWS: 2 x 3.52 us = 7.04 us
SIGMOID_MUL SIGMOID: 1 x 3.52 us = 3.52 us
TOP_K K=10 (248320,1,1,1): 1 x 27.96 us = 27.96 us
Total time: 604.36 us.
----------------
Vulkan Timings:
ADD: 88 x 3.081 us = 271.2 us
CONCAT: 24 x 3.508 us = 84.2 us
CONT: 8 x 2.395 us = 19.16 us
CPY: 120 x 5.472 us = 656.68 us
FLASH_ATTN_EXT dst(256,16,4,1),  q(256,4,16,1),  k(256,256,4,1),  v(256,256,4,1),  m(256,4,1,1): 8 x 21.81 us = 174.48 us (769.244 GFLOPS/s)
GATED_DELTA_NET: 24 x 14.305 us = 343.32 us
GET_ROWS: 49 x 4.854 us = 237.88 us
GLU: 32 x 2.793 us = 89.4 us
MUL: 24 x 3.758 us = 90.2 us
MUL_MAT_VEC q4_K m=1024 n=4 k=4096: 11 x 6.28 us = 69.08 us (5342.41 GFLOPS/s)
MUL_MAT_VEC q4_K m=12288 n=4 k=4096: 64 x 60.611 us = 3879.16 us (6642.33 GFLOPS/s)
MUL_MAT_VEC q4_K m=4096 n=4 k=12288: 16 x 57.247 us = 915.96 us (7033.26 GFLOPS/s)
MUL_MAT_VEC q4_K m=4096 n=4 k=4096: 32 x 23.256 us = 744.2 us (5770.55 GFLOPS/s)
MUL_MAT_VEC q4_K m=8192 n=4 k=4096: 8 x 40.63 us = 325.04 us (6606.02 GFLOPS/s)
MUL_MAT_VEC q5_K m=4096 n=4 k=4096: 24 x 27.023 us = 648.56 us (4966.13 GFLOPS/s)
MUL_MAT_VEC q5_K m=8192 n=4 k=4096: 24 x 45.551 us = 1093.24 us (5892.27 GFLOPS/s)
MUL_MAT_VEC q6_K m=1024 n=4 k=4096: 5 x 13.272 us = 66.36 us (2527.9 GFLOPS/s)
MUL_MAT_VEC q6_K m=248320 n=4 k=4096: 1 x 1769.8 us = 1769.8 us (4597.11 GFLOPS/s)
MUL_MAT_VEC q6_K m=4096 n=4 k=12288: 16 x 98.642 us = 1578.28 us (4081.78 GFLOPS/s)
MUL_MAT_VEC q8_0 m=32 n=4 k=4096: 48 x 4.169 us = 200.12 us (251.477 GFLOPS/s)
RMS_NORM(128,16,4,1): 48 x 3.34 us = 160.32 us
RMS_NORM_MUL RMS_NORM(128,32,4,1): 24 x 6.223 us = 149.36 us
RMS_NORM_MUL RMS_NORM(256,16,4,1): 8 x 4.06 us = 32.48 us
RMS_NORM_MUL RMS_NORM(256,4,4,1): 8 x 3.19 us = 25.52 us
RMS_NORM_MUL RMS_NORM(4096,4,1,1): 65 x 5.783 us = 375.92 us
ROPE: 8 x 3.8 us = 30.4 us
ROPE_VIEW_SET_ROWS ROPE: 8 x 4.23 us = 33.84 us
SCALE: 48 x 2.919 us = 140.12 us
SET_ROWS: 8 x 3.43 us = 27.44 us
SIGMOID: 24 x 2.53 us = 60.72 us
SIGMOID_MUL SIGMOID: 8 x 3.47 us = 27.76 us
SILU: 24 x 1.605 us = 38.52 us
SOFTPLUS_MUL SOFTPLUS: 24 x 2.043 us = 49.04 us
SSM_CONV_SILU SSM_CONV: 24 x 2.685 us = 64.44 us
Total time: 14472.2 us.
----------------
Vulkan Timings:
ADD: 2 x 3.64 us = 7.28 us
CONCAT: 1 x 4.28 us = 4.28 us
CONT: 1 x 2.56 us = 2.56 us
FLASH_ATTN_EXT dst(256,16,4,1),  q(256,4,16,1),  k(256,256,4,1),  v(256,256,4,1),  m(256,4,1,1): 1 x 22.52 us = 22.52 us (744.992 GFLOPS/s)
GLU: 1 x 3.88 us = 3.88 us
MUL_MAT_VEC q4_K m=1024 n=4 k=4096: 2 x 8.32 us = 16.64 us (4032.49 GFLOPS/s)
MUL_MAT_VEC q4_K m=12288 n=4 k=4096: 2 x 76.32 us = 152.64 us (5275.21 GFLOPS/s)
MUL_MAT_VEC q4_K m=4096 n=4 k=12288: 1 x 78.64 us = 78.64 us (5120 GFLOPS/s)
MUL_MAT_VEC q4_K m=4096 n=4 k=4096: 1 x 35.44 us = 35.44 us (3786.72 GFLOPS/s)
MUL_MAT_VEC q4_K m=4096 n=4 k=8192: 1 x 61.4 us = 61.4 us (4371.65 GFLOPS/s)
MUL_MAT_VEC q4_K m=8192 n=4 k=4096: 1 x 62.6 us = 62.6 us (4287.58 GFLOPS/s)
RMS_NORM_MUL RMS_NORM(256,16,4,1): 1 x 5 us = 5 us
RMS_NORM_MUL RMS_NORM(256,4,4,1): 1 x 3 us = 3 us
RMS_NORM_MUL RMS_NORM(4096,4,1,1): 5 x 8.832 us = 44.16 us
ROPE: 1 x 4.56 us = 4.56 us
ROPE_VIEW_SET_ROWS ROPE: 1 x 4.36 us = 4.36 us
SET_ROWS: 1 x 1.88 us = 1.88 us
SIGMOID_MUL SIGMOID: 1 x 4.32 us = 4.32 us
Total time: 515.16 us.
----------------
Vulkan Timings:
CONCAT: 1 x 4.04 us = 4.04 us
CONT: 1 x 2.48 us = 2.48 us
FILL: 1 x 3.24 us = 3.24 us
FLASH_ATTN_EXT dst(256,16,1,1),  q(256,1,16,1),  k(256,256,4,1),  v(256,256,4,1),  m(256,1,1,1): 1 x 21.2 us = 21.2 us (197.845 GFLOPS/s)
GET_ROWS: 2 x 11.94 us = 23.88 us
GLU: 1 x 2.52 us = 2.52 us
MUL_MAT_ADD MUL_MAT_VEC q4_K m=4096 n=1 k=12288: 1 x 51.2 us = 51.2 us (1966 GFLOPS/s)
MUL_MAT_ADD MUL_MAT_VEC q4_K m=4096 n=1 k=4096: 1 x 19.8 us = 19.8 us (1694.46 GFLOPS/s)
MUL_MAT_VEC q4_K m=1024 n=1 k=4096: 2 x 5.4 us = 10.8 us (1553.26 GFLOPS/s)
MUL_MAT_VEC q4_K m=12288 n=1 k=4096: 2 x 55.12 us = 110.24 us (1826.03 GFLOPS/s)
MUL_MAT_VEC q4_K m=32768 n=1 k=4096: 1 x 132.92 us = 132.92 us (2019.28 GFLOPS/s)
MUL_MAT_VEC q4_K m=4096 n=1 k=8192: 1 x 46.12 us = 46.12 us (1455 GFLOPS/s)
MUL_MAT_VEC q4_K m=8192 n=1 k=4096: 1 x 45.68 us = 45.68 us (1468.93 GFLOPS/s)
PAD: 1 x 11.92 us = 11.92 us
RMS_NORM_MUL RMS_NORM(256,16,1,1): 1 x 4.8 us = 4.8 us
RMS_NORM_MUL RMS_NORM(256,4,1,1): 1 x 2.96 us = 2.96 us
RMS_NORM_MUL RMS_NORM(4096,1,1,1): 5 x 7.04 us = 35.2 us
ROPE: 1 x 4.12 us = 4.12 us
ROPE_VIEW_SET_ROWS ROPE: 1 x 4.68 us = 4.68 us
SET_ROWS: 2 x 3.22 us = 6.44 us
SIGMOID_MUL SIGMOID: 1 x 3.56 us = 3.56 us
TOP_K K=10 (248320,1,1,1): 1 x 28.6 us = 28.6 us
Total time: 576.4 us.
----------------
Vulkan Timings:
CONCAT: 1 x 3.76 us = 3.76 us
CONT: 1 x 2.36 us = 2.36 us
FILL: 1 x 3.2 us = 3.2 us
FLASH_ATTN_EXT dst(256,16,1,1),  q(256,1,16,1),  k(256,256,4,1),  v(256,256,4,1),  m(256,1,1,1): 1 x 21.8 us = 21.8 us (192.399 GFLOPS/s)
GET_ROWS: 2 x 11.46 us = 22.92 us
GLU: 1 x 3.16 us = 3.16 us
MUL_MAT_ADD MUL_MAT_VEC q4_K m=4096 n=1 k=12288: 1 x 61.28 us = 61.28 us (1642.61 GFLOPS/s)
MUL_MAT_ADD MUL_MAT_VEC q4_K m=4096 n=1 k=4096: 1 x 19.6 us = 19.6 us (1711.75 GFLOPS/s)
MUL_MAT_VEC q4_K m=1024 n=1 k=4096: 2 x 10.62 us = 21.24 us (789.791 GFLOPS/s)
MUL_MAT_VEC q4_K m=12288 n=1 k=4096: 2 x 56.22 us = 112.44 us (1790.31 GFLOPS/s)
MUL_MAT_VEC q4_K m=32768 n=1 k=4096: 1 x 141.72 us = 141.72 us (1893.89 GFLOPS/s)
MUL_MAT_VEC q4_K m=4096 n=1 k=8192: 1 x 53.04 us = 53.04 us (1265.17 GFLOPS/s)
MUL_MAT_VEC q4_K m=8192 n=1 k=4096: 1 x 36.12 us = 36.12 us (1857.72 GFLOPS/s)
PAD: 1 x 12.04 us = 12.04 us
RMS_NORM_MUL RMS_NORM(256,16,1,1): 1 x 4.72 us = 4.72 us
RMS_NORM_MUL RMS_NORM(256,4,1,1): 1 x 2.76 us = 2.76 us
RMS_NORM_MUL RMS_NORM(4096,1,1,1): 5 x 7.024 us = 35.12 us
ROPE: 1 x 3.76 us = 3.76 us
ROPE_VIEW_SET_ROWS ROPE: 1 x 4.2 us = 4.2 us
SET_ROWS: 2 x 3.36 us = 6.72 us
SIGMOID_MUL SIGMOID: 1 x 3.44 us = 3.44 us
TOP_K K=10 (248320,1,1,1): 1 x 28.24 us = 28.24 us
Total time: 603.64 us.
----------------
Vulkan Timings:
CONCAT: 1 x 3.88 us = 3.88 us
CONT: 1 x 2.32 us = 2.32 us
FILL: 1 x 3.2 us = 3.2 us
FLASH_ATTN_EXT dst(256,16,1,1),  q(256,1,16,1),  k(256,256,4,1),  v(256,256,4,1),  m(256,1,1,1): 1 x 21.68 us = 21.68 us (193.464 GFLOPS/s)
GET_ROWS: 2 x 11.16 us = 22.32 us
GLU: 1 x 3.12 us = 3.12 us
MUL_MAT_ADD MUL_MAT_VEC q4_K m=4096 n=1 k=12288: 1 x 61.96 us = 61.96 us (1624.58 GFLOPS/s)
MUL_MAT_ADD MUL_MAT_VEC q4_K m=4096 n=1 k=4096: 1 x 19.68 us = 19.68 us (1704.79 GFLOPS/s)
MUL_MAT_VEC q4_K m=1024 n=1 k=4096: 2 x 10.7 us = 21.4 us (783.886 GFLOPS/s)
MUL_MAT_VEC q4_K m=12288 n=1 k=4096: 2 x 56.12 us = 112.24 us (1793.5 GFLOPS/s)
MUL_MAT_VEC q4_K m=32768 n=1 k=4096: 1 x 141.56 us = 141.56 us (1896.03 GFLOPS/s)
MUL_MAT_VEC q4_K m=4096 n=1 k=8192: 1 x 51.24 us = 51.24 us (1309.62 GFLOPS/s)
MUL_MAT_VEC q4_K m=8192 n=1 k=4096: 1 x 36.16 us = 36.16 us (1855.66 GFLOPS/s)
PAD: 1 x 12.04 us = 12.04 us
RMS_NORM_MUL RMS_NORM(256,16,1,1): 1 x 4.76 us = 4.76 us
RMS_NORM_MUL RMS_NORM(256,4,1,1): 1 x 2.76 us = 2.76 us
RMS_NORM_MUL RMS_NORM(4096,1,1,1): 5 x 6.944 us = 34.72 us
ROPE: 1 x 3.72 us = 3.72 us
ROPE_VIEW_SET_ROWS ROPE: 1 x 4.12 us = 4.12 us
SET_ROWS: 2 x 3.36 us = 6.72 us
SIGMOID_MUL SIGMOID: 1 x 3.48 us = 3.48 us
TOP_K K=10 (248320,1,1,1): 1 x 28.52 us = 28.52 us
Total time: 601.6 us.
----------------
Vulkan Timings:
ADD: 88 x 3.061 us = 269.4 us
CONCAT: 24 x 3.476 us = 83.44 us
CONT: 8 x 2.43 us = 19.44 us
CPY: 120 x 5.486 us = 658.36 us
FLASH_ATTN_EXT dst(256,16,4,1),  q(256,4,16,1),  k(256,256,4,1),  v(256,256,4,1),  m(256,4,1,1): 8 x 21.755 us = 174.04 us (771.189 GFLOPS/s)
GATED_DELTA_NET: 24 x 13.985 us = 335.64 us
GET_ROWS: 49 x 4.849 us = 237.64 us
GLU: 32 x 2.825 us = 90.4 us
MUL: 24 x 3.693 us = 88.64 us
MUL_MAT_VEC q4_K m=1024 n=4 k=4096: 11 x 6.214 us = 68.36 us (5398.68 GFLOPS/s)
MUL_MAT_VEC q4_K m=12288 n=4 k=4096: 64 x 60.247 us = 3855.84 us (6682.5 GFLOPS/s)
MUL_MAT_VEC q4_K m=4096 n=4 k=12288: 16 x 57.012 us = 912.2 us (7062.25 GFLOPS/s)
MUL_MAT_VEC q4_K m=4096 n=4 k=4096: 32 x 23 us = 736 us (5834.84 GFLOPS/s)
MUL_MAT_VEC q4_K m=8192 n=4 k=4096: 8 x 40.255 us = 322.04 us (6667.56 GFLOPS/s)
MUL_MAT_VEC q5_K m=4096 n=4 k=4096: 24 x 26.791 us = 643 us (5009.07 GFLOPS/s)
MUL_MAT_VEC q5_K m=8192 n=4 k=4096: 24 x 45.126 us = 1083.04 us (5947.76 GFLOPS/s)
MUL_MAT_VEC q6_K m=1024 n=4 k=4096: 5 x 13.584 us = 67.92 us (2469.84 GFLOPS/s)
MUL_MAT_VEC q6_K m=248320 n=4 k=4096: 1 x 1765.72 us = 1765.72 us (4607.73 GFLOPS/s)
MUL_MAT_VEC q6_K m=4096 n=4 k=12288: 16 x 98.045 us = 1568.72 us (4106.65 GFLOPS/s)
MUL_MAT_VEC q8_0 m=32 n=4 k=4096: 48 x 4.063 us = 195.04 us (258.027 GFLOPS/s)
RMS_NORM(128,16,4,1): 48 x 3.285 us = 157.68 us
RMS_NORM_MUL RMS_NORM(128,32,4,1): 24 x 6.178 us = 148.28 us
RMS_NORM_MUL RMS_NORM(256,16,4,1): 8 x 4.01 us = 32.08 us
RMS_NORM_MUL RMS_NORM(256,4,4,1): 8 x 3.18 us = 25.44 us
RMS_NORM_MUL RMS_NORM(4096,4,1,1): 65 x 5.753 us = 374 us
ROPE: 8 x 3.855 us = 30.84 us
ROPE_VIEW_SET_ROWS ROPE: 8 x 4.19 us = 33.52 us
SCALE: 48 x 2.905 us = 139.48 us
SET_ROWS: 8 x 3.445 us = 27.56 us
SIGMOID: 24 x 2.498 us = 59.96 us
SIGMOID_MUL SIGMOID: 8 x 3.42 us = 27.36 us
SILU: 24 x 1.58 us = 37.92 us
SOFTPLUS_MUL SOFTPLUS: 24 x 2.033 us = 48.8 us
SSM_CONV_SILU SSM_CONV: 24 x 2.59 us = 62.16 us
Total time: 14380 us.
----------------
Vulkan Timings:
ADD: 2 x 3.74 us = 7.48 us
CONCAT: 1 x 4.24 us = 4.24 us
CONT: 1 x 2.52 us = 2.52 us
FLASH_ATTN_EXT dst(256,16,4,1),  q(256,4,16,1),  k(256,256,4,1),  v(256,256,4,1),  m(256,4,1,1): 1 x 22.36 us = 22.36 us (750.323 GFLOPS/s)
GLU: 1 x 4.04 us = 4.04 us
MUL_MAT_VEC q4_K m=1024 n=4 k=4096: 2 x 8.22 us = 16.44 us (4081.55 GFLOPS/s)
MUL_MAT_VEC q4_K m=12288 n=4 k=4096: 2 x 75.82 us = 151.64 us (5310 GFLOPS/s)
MUL_MAT_VEC q4_K m=4096 n=4 k=12288: 1 x 90.76 us = 90.76 us (4436.28 GFLOPS/s)
MUL_MAT_VEC q4_K m=4096 n=4 k=4096: 1 x 34.8 us = 34.8 us (3856.36 GFLOPS/s)
MUL_MAT_VEC q4_K m=4096 n=4 k=8192: 1 x 60.96 us = 60.96 us (4403.2 GFLOPS/s)
MUL_MAT_VEC q4_K m=8192 n=4 k=4096: 1 x 67.28 us = 67.28 us (3989.34 GFLOPS/s)
RMS_NORM_MUL RMS_NORM(256,16,4,1): 1 x 4.92 us = 4.92 us
RMS_NORM_MUL RMS_NORM(256,4,4,1): 1 x 3 us = 3 us
RMS_NORM_MUL RMS_NORM(4096,4,1,1): 5 x 9.608 us = 48.04 us
ROPE: 1 x 3.92 us = 3.92 us
ROPE_VIEW_SET_ROWS ROPE: 1 x 4.28 us = 4.28 us
SET_ROWS: 1 x 2.44 us = 2.44 us
SIGMOID_MUL SIGMOID: 1 x 4.28 us = 4.28 us
Total time: 533.4 us.
----------------
Vulkan Timings:
CONCAT: 1 x 3.8 us = 3.8 us
CONT: 1 x 2.44 us = 2.44 us
FILL: 1 x 3.2 us = 3.2 us
FLASH_ATTN_EXT dst(256,16,1,1),  q(256,1,16,1),  k(256,256,4,1),  v(256,256,4,1),  m(256,1,1,1): 1 x 22 us = 22 us (190.65 GFLOPS/s)
GET_ROWS: 2 x 11.52 us = 23.04 us
GLU: 1 x 2.52 us = 2.52 us
MUL_MAT_ADD MUL_MAT_VEC q4_K m=4096 n=1 k=12288: 1 x 51.04 us = 51.04 us (1972.16 GFLOPS/s)
MUL_MAT_ADD MUL_MAT_VEC q4_K m=4096 n=1 k=4096: 1 x 19.96 us = 19.96 us (1680.88 GFLOPS/s)
MUL_MAT_VEC q4_K m=1024 n=1 k=4096: 2 x 5.4 us = 10.8 us (1553.26 GFLOPS/s)
MUL_MAT_VEC q4_K m=12288 n=1 k=4096: 2 x 54.7 us = 109.4 us (1840.05 GFLOPS/s)
MUL_MAT_VEC q4_K m=32768 n=1 k=4096: 1 x 132.64 us = 132.64 us (2023.54 GFLOPS/s)
MUL_MAT_VEC q4_K m=4096 n=1 k=8192: 1 x 46.32 us = 46.32 us (1448.72 GFLOPS/s)
MUL_MAT_VEC q4_K m=8192 n=1 k=4096: 1 x 45.24 us = 45.24 us (1483.22 GFLOPS/s)
PAD: 1 x 11.92 us = 11.92 us
RMS_NORM_MUL RMS_NORM(256,16,1,1): 1 x 4.8 us = 4.8 us
RMS_NORM_MUL RMS_NORM(256,4,1,1): 1 x 2.92 us = 2.92 us
RMS_NORM_MUL RMS_NORM(4096,1,1,1): 5 x 6.984 us = 34.92 us
ROPE: 1 x 4.08 us = 4.08 us
ROPE_VIEW_SET_ROWS ROPE: 1 x 4.4 us = 4.4 us
SET_ROWS: 2 x 3.22 us = 6.44 us
SIGMOID_MUL SIGMOID: 1 x 3.6 us = 3.6 us
TOP_K K=10 (248320,1,1,1): 1 x 28.72 us = 28.72 us
Total time: 574.2 us.
----------------
Vulkan Timings:
CONCAT: 1 x 3.8 us = 3.8 us
CONT: 1 x 2.36 us = 2.36 us
FILL: 1 x 3.16 us = 3.16 us
FLASH_ATTN_EXT dst(256,16,1,1),  q(256,1,16,1),  k(256,256,4,1),  v(256,256,4,1),  m(256,1,1,1): 1 x 21.56 us = 21.56 us (194.541 GFLOPS/s)
GET_ROWS: 2 x 11.24 us = 22.48 us
GLU: 1 x 3.32 us = 3.32 us
MUL_MAT_ADD MUL_MAT_VEC q4_K m=4096 n=1 k=12288: 1 x 61 us = 61 us (1650.15 GFLOPS/s)
MUL_MAT_ADD MUL_MAT_VEC q4_K m=4096 n=1 k=4096: 1 x 19.76 us = 19.76 us (1697.89 GFLOPS/s)
MUL_MAT_VEC q4_K m=1024 n=1 k=4096: 2 x 10.62 us = 21.24 us (789.791 GFLOPS/s)
MUL_MAT_VEC q4_K m=12288 n=1 k=4096: 2 x 55.76 us = 111.52 us (1805.08 GFLOPS/s)
MUL_MAT_VEC q4_K m=32768 n=1 k=4096: 1 x 140.88 us = 140.88 us (1905.19 GFLOPS/s)
MUL_MAT_VEC q4_K m=4096 n=1 k=8192: 1 x 52.88 us = 52.88 us (1269 GFLOPS/s)
MUL_MAT_VEC q4_K m=8192 n=1 k=4096: 1 x 36.16 us = 36.16 us (1855.66 GFLOPS/s)
PAD: 1 x 11.96 us = 11.96 us
RMS_NORM_MUL RMS_NORM(256,16,1,1): 1 x 4.72 us = 4.72 us
RMS_NORM_MUL RMS_NORM(256,4,1,1): 1 x 2.8 us = 2.8 us
RMS_NORM_MUL RMS_NORM(4096,1,1,1): 5 x 6.888 us = 34.44 us
ROPE: 1 x 3.8 us = 3.8 us
ROPE_VIEW_SET_ROWS ROPE: 1 x 4.24 us = 4.24 us
SET_ROWS: 2 x 3.3 us = 6.6 us
SIGMOID_MUL SIGMOID: 1 x 3.44 us = 3.44 us
TOP_K K=10 (248320,1,1,1): 1 x 29.36 us = 29.36 us
Total time: 601.48 us.
----------------
Vulkan Timings:
CONCAT: 1 x 3.88 us = 3.88 us
CONT: 1 x 2.28 us = 2.28 us
FILL: 1 x 3.2 us = 3.2 us
FLASH_ATTN_EXT dst(256,16,1,1),  q(256,1,16,1),  k(256,256,4,1),  v(256,256,4,1),  m(256,1,1,1): 1 x 21.72 us = 21.72 us (193.108 GFLOPS/s)
GET_ROWS: 2 x 11.38 us = 22.76 us
GLU: 1 x 3.24 us = 3.24 us
MUL_MAT_ADD MUL_MAT_VEC q4_K m=4096 n=1 k=12288: 1 x 61.68 us = 61.68 us (1631.96 GFLOPS/s)
MUL_MAT_ADD MUL_MAT_VEC q4_K m=4096 n=1 k=4096: 1 x 19.76 us = 19.76 us (1697.89 GFLOPS/s)
MUL_MAT_VEC q4_K m=1024 n=1 k=4096: 2 x 10.82 us = 21.64 us (775.193 GFLOPS/s)
MUL_MAT_VEC q4_K m=12288 n=1 k=4096: 2 x 55.74 us = 111.48 us (1805.72 GFLOPS/s)
MUL_MAT_VEC q4_K m=32768 n=1 k=4096: 1 x 140.84 us = 140.84 us (1905.73 GFLOPS/s)
MUL_MAT_VEC q4_K m=4096 n=1 k=8192: 1 x 52.52 us = 52.52 us (1277.7 GFLOPS/s)
MUL_MAT_VEC q4_K m=8192 n=1 k=4096: 1 x 36.08 us = 36.08 us (1859.77 GFLOPS/s)
PAD: 1 x 12 us = 12 us
RMS_NORM_MUL RMS_NORM(256,16,1,1): 1 x 4.68 us = 4.68 us
RMS_NORM_MUL RMS_NORM(256,4,1,1): 1 x 2.8 us = 2.8 us
RMS_NORM_MUL RMS_NORM(4096,1,1,1): 5 x 7.152 us = 35.76 us
ROPE: 1 x 3.76 us = 3.76 us
ROPE_VIEW_SET_ROWS ROPE: 1 x 4.16 us = 4.16 us
SET_ROWS: 2 x 3.42 us = 6.84 us
SIGMOID_MUL SIGMOID: 1 x 3.44 us = 3.44 us
TOP_K K=10 (248320,1,1,1): 1 x 29.4 us = 29.4 us
Total time: 603.92 us.
----------------
Vulkan Timings:
ADD: 88 x 3.085 us = 271.48 us
CONCAT: 24 x 3.513 us = 84.32 us
CONT: 8 x 2.405 us = 19.24 us
CPY: 120 x 5.531 us = 663.8 us
FLASH_ATTN_EXT dst(256,16,4,1),  q(256,4,16,1),  k(256,256,4,1),  v(256,256,4,1),  m(256,4,1,1): 8 x 21.8 us = 174.4 us (769.597 GFLOPS/s)
GATED_DELTA_NET: 24 x 14.055 us = 337.32 us
GET_ROWS: 49 x 4.899 us = 240.08 us
GLU: 32 x 2.821 us = 90.28 us
MUL: 24 x 3.761 us = 90.28 us
MUL_MAT_VEC q4_K m=1024 n=4 k=4096: 11 x 6.298 us = 69.28 us (5326.99 GFLOPS/s)
MUL_MAT_VEC q4_K m=12288 n=4 k=4096: 64 x 60.756 us = 3888.4 us (6626.55 GFLOPS/s)
MUL_MAT_VEC q4_K m=4096 n=4 k=12288: 16 x 57.522 us = 920.36 us (6999.64 GFLOPS/s)
MUL_MAT_VEC q4_K m=4096 n=4 k=4096: 32 x 23.18 us = 741.76 us (5789.53 GFLOPS/s)
MUL_MAT_VEC q4_K m=8192 n=4 k=4096: 8 x 40.54 us = 324.32 us (6620.69 GFLOPS/s)
MUL_MAT_VEC q5_K m=4096 n=4 k=4096: 24 x 26.953 us = 646.88 us (4979.03 GFLOPS/s)
MUL_MAT_VEC q5_K m=8192 n=4 k=4096: 24 x 45.493 us = 1091.84 us (5899.82 GFLOPS/s)
MUL_MAT_VEC q6_K m=1024 n=4 k=4096: 5 x 13.456 us = 67.28 us (2493.34 GFLOPS/s)
MUL_MAT_VEC q6_K m=248320 n=4 k=4096: 1 x 1790.88 us = 1790.88 us (4542.99 GFLOPS/s)
MUL_MAT_VEC q6_K m=4096 n=4 k=12288: 16 x 98.705 us = 1579.28 us (4079.19 GFLOPS/s)
MUL_MAT_VEC q8_0 m=32 n=4 k=4096: 48 x 4.107 us = 197.16 us (255.252 GFLOPS/s)
RMS_NORM(128,16,4,1): 48 x 3.287 us = 157.8 us
RMS_NORM_MUL RMS_NORM(128,32,4,1): 24 x 6.196 us = 148.72 us
RMS_NORM_MUL RMS_NORM(256,16,4,1): 8 x 4.045 us = 32.36 us
RMS_NORM_MUL RMS_NORM(256,4,4,1): 8 x 3.19 us = 25.52 us
RMS_NORM_MUL RMS_NORM(4096,4,1,1): 65 x 5.735 us = 372.8 us
ROPE: 8 x 3.77 us = 30.16 us
ROPE_VIEW_SET_ROWS ROPE: 8 x 4.24 us = 33.92 us
SCALE: 48 x 2.895 us = 138.96 us
SET_ROWS: 8 x 3.47 us = 27.76 us
SIGMOID: 24 x 2.523 us = 60.56 us
SIGMOID_MUL SIGMOID: 8 x 3.46 us = 27.68 us
SILU: 24 x 1.533 us = 36.8 us
SOFTPLUS_MUL SOFTPLUS: 24 x 2.036 us = 48.88 us
SSM_CONV_SILU SSM_CONV: 24 x 2.606 us = 62.56 us
Total time: 14493.1 us.
----------------
Vulkan Timings:
ADD: 2 x 3.66 us = 7.32 us
CONCAT: 1 x 4.36 us = 4.36 us
CONT: 1 x 2.56 us = 2.56 us
FLASH_ATTN_EXT dst(256,16,4,1),  q(256,4,16,1),  k(256,256,4,1),  v(256,256,4,1),  m(256,4,1,1): 1 x 22.68 us = 22.68 us (739.736 GFLOPS/s)
GLU: 1 x 4.12 us = 4.12 us
MUL_MAT_VEC q4_K m=1024 n=4 k=4096: 2 x 8.38 us = 16.76 us (4003.62 GFLOPS/s)
MUL_MAT_VEC q4_K m=12288 n=4 k=4096: 2 x 81.88 us = 163.76 us (4917 GFLOPS/s)
MUL_MAT_VEC q4_K m=4096 n=4 k=12288: 1 x 79.68 us = 79.68 us (5053.17 GFLOPS/s)
MUL_MAT_VEC q4_K m=4096 n=4 k=4096: 1 x 35.96 us = 35.96 us (3731.96 GFLOPS/s)
MUL_MAT_VEC q4_K m=4096 n=4 k=8192: 1 x 62.72 us = 62.72 us (4279.64 GFLOPS/s)
MUL_MAT_VEC q4_K m=8192 n=4 k=4096: 1 x 63.68 us = 63.68 us (4214.87 GFLOPS/s)
RMS_NORM_MUL RMS_NORM(256,16,4,1): 1 x 5.12 us = 5.12 us
RMS_NORM_MUL RMS_NORM(256,4,4,1): 1 x 3.08 us = 3.08 us
RMS_NORM_MUL RMS_NORM(4096,4,1,1): 5 x 9.184 us = 45.92 us
ROPE: 1 x 3.96 us = 3.96 us
ROPE_VIEW_SET_ROWS ROPE: 1 x 4.4 us = 4.4 us
SET_ROWS: 1 x 2.52 us = 2.52 us
SIGMOID_MUL SIGMOID: 1 x 4.6 us = 4.6 us
Total time: 533.2 us.
----------------
Vulkan Timings:
CONCAT: 1 x 3.16 us = 3.16 us
CONT: 1 x 2.48 us = 2.48 us
FILL: 1 x 3.24 us = 3.24 us
FLASH_ATTN_EXT dst(256,16,1,1),  q(256,1,16,1),  k(256,256,4,1),  v(256,256,4,1),  m(256,1,1,1): 1 x 22.2 us = 22.2 us (188.933 GFLOPS/s)
GET_ROWS: 2 x 11.76 us = 23.52 us
GLU: 1 x 2.52 us = 2.52 us
MUL_MAT_ADD MUL_MAT_VEC q4_K m=4096 n=1 k=12288: 1 x 51.12 us = 51.12 us (1969.08 GFLOPS/s)
MUL_MAT_ADD MUL_MAT_VEC q4_K m=4096 n=1 k=4096: 1 x 19.68 us = 19.68 us (1704.79 GFLOPS/s)
MUL_MAT_VEC q4_K m=1024 n=1 k=4096: 2 x 5.44 us = 10.88 us (1541.84 GFLOPS/s)
MUL_MAT_VEC q4_K m=12288 n=1 k=4096: 2 x 54.82 us = 109.64 us (1836.03 GFLOPS/s)
MUL_MAT_VEC q4_K m=32768 n=1 k=4096: 1 x 131.8 us = 131.8 us (2036.44 GFLOPS/s)
MUL_MAT_VEC q4_K m=4096 n=1 k=8192: 1 x 46.04 us = 46.04 us (1457.53 GFLOPS/s)
MUL_MAT_VEC q4_K m=8192 n=1 k=4096: 1 x 45.32 us = 45.32 us (1480.6 GFLOPS/s)
PAD: 1 x 12.2 us = 12.2 us
RMS_NORM_MUL RMS_NORM(256,16,1,1): 1 x 4.76 us = 4.76 us
RMS_NORM_MUL RMS_NORM(256,4,1,1): 1 x 3 us = 3 us
RMS_NORM_MUL RMS_NORM(4096,1,1,1): 5 x 7.216 us = 36.08 us
ROPE: 1 x 4.04 us = 4.04 us
ROPE_VIEW_SET_ROWS ROPE: 1 x 4.36 us = 4.36 us
SET_ROWS: 2 x 3.24 us = 6.48 us
SIGMOID_MUL SIGMOID: 1 x 3.48 us = 3.48 us
TOP_K K=10 (248320,1,1,1): 1 x 28.96 us = 28.96 us
Total time: 574.96 us.
----------------
Vulkan Timings:
CONCAT: 1 x 3.96 us = 3.96 us
CONT: 1 x 2.32 us = 2.32 us
FILL: 1 x 3.04 us = 3.04 us
FLASH_ATTN_EXT dst(256,16,1,1),  q(256,1,16,1),  k(256,256,4,1),  v(256,256,4,1),  m(256,1,1,1): 1 x 21.72 us = 21.72 us (193.108 GFLOPS/s)
GET_ROWS: 2 x 11.26 us = 22.52 us
GLU: 1 x 3.16 us = 3.16 us
MUL_MAT_ADD MUL_MAT_VEC q4_K m=4096 n=1 k=12288: 1 x 61.12 us = 61.12 us (1646.91 GFLOPS/s)
MUL_MAT_ADD MUL_MAT_VEC q4_K m=4096 n=1 k=4096: 1 x 19.76 us = 19.76 us (1697.89 GFLOPS/s)
MUL_MAT_VEC q4_K m=1024 n=1 k=4096: 2 x 10.62 us = 21.24 us (789.791 GFLOPS/s)
MUL_MAT_VEC q4_K m=12288 n=1 k=4096: 2 x 56.2 us = 112.4 us (1790.94 GFLOPS/s)
MUL_MAT_VEC q4_K m=32768 n=1 k=4096: 1 x 141.12 us = 141.12 us (1901.95 GFLOPS/s)
MUL_MAT_VEC q4_K m=4096 n=1 k=8192: 1 x 73.04 us = 73.04 us (918.74 GFLOPS/s)
MUL_MAT_VEC q4_K m=8192 n=1 k=4096: 1 x 36.16 us = 36.16 us (1855.66 GFLOPS/s)
PAD: 1 x 12 us = 12 us
RMS_NORM_MUL RMS_NORM(256,16,1,1): 1 x 4.72 us = 4.72 us
RMS_NORM_MUL RMS_NORM(256,4,1,1): 1 x 2.76 us = 2.76 us
RMS_NORM_MUL RMS_NORM(4096,1,1,1): 5 x 6.872 us = 34.36 us
ROPE: 1 x 3.8 us = 3.8 us
ROPE_VIEW_SET_ROWS ROPE: 1 x 4.2 us = 4.2 us
SET_ROWS: 2 x 3.32 us = 6.64 us
SIGMOID_MUL SIGMOID: 1 x 3.6 us = 3.6 us
TOP_K K=10 (248320,1,1,1): 1 x 28.16 us = 28.16 us
Total time: 621.8 us.
----------------
Vulkan Timings:
CONCAT: 1 x 2.56 us = 2.56 us
CONT: 1 x 2.36 us = 2.36 us
FILL: 1 x 3.16 us = 3.16 us
FLASH_ATTN_EXT dst(256,16,1,1),  q(256,1,16,1),  k(256,256,4,1),  v(256,256,4,1),  m(256,1,1,1): 1 x 21.72 us = 21.72 us (193.108 GFLOPS/s)
GET_ROWS: 2 x 11.26 us = 22.52 us
GLU: 1 x 3.08 us = 3.08 us
MUL_MAT_ADD MUL_MAT_VEC q4_K m=4096 n=1 k=12288: 1 x 61.24 us = 61.24 us (1643.68 GFLOPS/s)
MUL_MAT_ADD MUL_MAT_VEC q4_K m=4096 n=1 k=4096: 1 x 19.64 us = 19.64 us (1708.27 GFLOPS/s)
MUL_MAT_VEC q4_K m=1024 n=1 k=4096: 2 x 10.8 us = 21.6 us (776.628 GFLOPS/s)
MUL_MAT_VEC q4_K m=12288 n=1 k=4096: 2 x 55.92 us = 111.84 us (1799.91 GFLOPS/s)
MUL_MAT_VEC q4_K m=32768 n=1 k=4096: 1 x 141.2 us = 141.2 us (1900.87 GFLOPS/s)
MUL_MAT_VEC q4_K m=4096 n=1 k=8192: 1 x 52.68 us = 52.68 us (1273.82 GFLOPS/s)
MUL_MAT_VEC q4_K m=8192 n=1 k=4096: 1 x 36.08 us = 36.08 us (1859.77 GFLOPS/s)
PAD: 1 x 11.92 us = 11.92 us
RMS_NORM_MUL RMS_NORM(256,16,1,1): 1 x 4.72 us = 4.72 us
RMS_NORM_MUL RMS_NORM(256,4,1,1): 1 x 2.76 us = 2.76 us
RMS_NORM_MUL RMS_NORM(4096,1,1,1): 5 x 7.24 us = 36.2 us
ROPE: 1 x 3.76 us = 3.76 us
ROPE_VIEW_SET_ROWS ROPE: 1 x 4.24 us = 4.24 us
SET_ROWS: 2 x 3.34 us = 6.68 us
SIGMOID_MUL SIGMOID: 1 x 3.44 us = 3.44 us
TOP_K K=10 (248320,1,1,1): 1 x 28.48 us = 28.48 us
Total time: 601.88 us.
----------------
Vulkan Timings:
ADD: 88 x 3.089 us = 271.88 us
CONCAT: 24 x 3.476 us = 83.44 us
CONT: 8 x 2.495 us = 19.96 us
CPY: 120 x 5.484 us = 658.16 us
FLASH_ATTN_EXT dst(256,16,4,1),  q(256,4,16,1),  k(256,256,4,1),  v(256,256,4,1),  m(256,4,1,1): 8 x 21.94 us = 175.52 us (764.686 GFLOPS/s)
GATED_DELTA_NET: 24 x 14.013 us = 336.32 us
GET_ROWS: 49 x 4.844 us = 237.36 us
GLU: 32 x 2.815 us = 90.08 us
MUL: 24 x 3.776 us = 90.64 us
MUL_MAT_VEC q4_K m=1024 n=4 k=4096: 11 x 6.298 us = 69.28 us (5326.99 GFLOPS/s)
MUL_MAT_VEC q4_K m=12288 n=4 k=4096: 64 x 60.76 us = 3888.64 us (6626.14 GFLOPS/s)
MUL_MAT_VEC q4_K m=4096 n=4 k=12288: 16 x 57.335 us = 917.36 us (7022.53 GFLOPS/s)
MUL_MAT_VEC q4_K m=4096 n=4 k=4096: 32 x 23.127 us = 740.08 us (5802.67 GFLOPS/s)
MUL_MAT_VEC q4_K m=8192 n=4 k=4096: 8 x 40.78 us = 326.24 us (6581.72 GFLOPS/s)
MUL_MAT_VEC q5_K m=4096 n=4 k=4096: 24 x 27.02 us = 648.48 us (4966.74 GFLOPS/s)
MUL_MAT_VEC q5_K m=8192 n=4 k=4096: 24 x 45.533 us = 1092.8 us (5894.64 GFLOPS/s)
MUL_MAT_VEC q6_K m=1024 n=4 k=4096: 5 x 13.112 us = 65.56 us (2558.75 GFLOPS/s)
MUL_MAT_VEC q6_K m=248320 n=4 k=4096: 1 x 1780.12 us = 1780.12 us (4570.45 GFLOPS/s)
MUL_MAT_VEC q6_K m=4096 n=4 k=12288: 16 x 98.957 us = 1583.32 us (4068.79 GFLOPS/s)
MUL_MAT_VEC q8_0 m=32 n=4 k=4096: 48 x 4.13 us = 198.24 us (253.862 GFLOPS/s)
RMS_NORM(128,16,4,1): 48 x 3.328 us = 159.76 us
RMS_NORM_MUL RMS_NORM(128,32,4,1): 24 x 6.233 us = 149.6 us
RMS_NORM_MUL RMS_NORM(256,16,4,1): 8 x 4.04 us = 32.32 us
RMS_NORM_MUL RMS_NORM(256,4,4,1): 8 x 3.24 us = 25.92 us
RMS_NORM_MUL RMS_NORM(4096,4,1,1): 65 x 5.769 us = 375 us
ROPE: 8 x 3.965 us = 31.72 us
ROPE_VIEW_SET_ROWS ROPE: 8 x 4.145 us = 33.16 us
SCALE: 48 x 2.9 us = 139.24 us
SET_ROWS: 8 x 3.375 us = 27 us
SIGMOID: 24 x 2.508 us = 60.2 us
SIGMOID_MUL SIGMOID: 8 x 3.52 us = 28.16 us
SILU: 24 x 1.575 us = 37.8 us
SOFTPLUS_MUL SOFTPLUS: 24 x 2.153 us = 51.68 us
SSM_CONV_SILU SSM_CONV: 24 x 2.618 us = 62.84 us
Total time: 14487.9 us.
----------------
Vulkan Timings:
ADD: 2 x 3.6 us = 7.2 us
CONCAT: 1 x 4.2 us = 4.2 us
CONT: 1 x 2.48 us = 2.48 us
FLASH_ATTN_EXT dst(256,16,4,1),  q(256,4,16,1),  k(256,256,4,1),  v(256,256,4,1),  m(256,4,1,1): 1 x 21.96 us = 21.96 us (763.99 GFLOPS/s)
GLU: 1 x 3.96 us = 3.96 us
MUL_MAT_VEC q4_K m=1024 n=4 k=4096: 2 x 8.12 us = 16.24 us (4131.81 GFLOPS/s)
MUL_MAT_VEC q4_K m=12288 n=4 k=4096: 2 x 74.24 us = 148.48 us (5423.01 GFLOPS/s)
MUL_MAT_VEC q4_K m=4096 n=4 k=12288: 1 x 77.92 us = 77.92 us (5167.31 GFLOPS/s)
MUL_MAT_VEC q4_K m=4096 n=4 k=4096: 1 x 34.52 us = 34.52 us (3887.64 GFLOPS/s)
MUL_MAT_VEC q4_K m=4096 n=4 k=8192: 1 x 60.12 us = 60.12 us (4464.72 GFLOPS/s)
MUL_MAT_VEC q4_K m=8192 n=4 k=4096: 1 x 60.88 us = 60.88 us (4408.72 GFLOPS/s)
RMS_NORM_MUL RMS_NORM(256,16,4,1): 1 x 4.88 us = 4.88 us
RMS_NORM_MUL RMS_NORM(256,4,4,1): 1 x 2.88 us = 2.88 us
RMS_NORM_MUL RMS_NORM(4096,4,1,1): 5 x 11.528 us = 57.64 us
ROPE: 1 x 3.84 us = 3.84 us
ROPE_VIEW_SET_ROWS ROPE: 1 x 4.28 us = 4.28 us
SET_ROWS: 1 x 2.4 us = 2.4 us
SIGMOID_MUL SIGMOID: 1 x 4.32 us = 4.32 us
Total time: 518.2 us.
----------------
Vulkan Timings:
CONCAT: 1 x 3.76 us = 3.76 us
CONT: 1 x 2.44 us = 2.44 us
FILL: 1 x 3.16 us = 3.16 us
FLASH_ATTN_EXT dst(256,16,1,1),  q(256,1,16,1),  k(256,256,4,1),  v(256,256,4,1),  m(256,1,1,1): 1 x 21.76 us = 21.76 us (192.753 GFLOPS/s)
GET_ROWS: 2 x 11.32 us = 22.64 us
GLU: 1 x 2.48 us = 2.48 us
MUL_MAT_ADD MUL_MAT_VEC q4_K m=4096 n=1 k=12288: 1 x 51.2 us = 51.2 us (1966 GFLOPS/s)
MUL_MAT_ADD MUL_MAT_VEC q4_K m=4096 n=1 k=4096: 1 x 19.68 us = 19.68 us (1704.79 GFLOPS/s)
MUL_MAT_VEC q4_K m=1024 n=1 k=4096: 2 x 5.44 us = 10.88 us (1541.84 GFLOPS/s)
MUL_MAT_VEC q4_K m=12288 n=1 k=4096: 2 x 54.86 us = 109.72 us (1834.69 GFLOPS/s)
MUL_MAT_VEC q4_K m=32768 n=1 k=4096: 1 x 133.2 us = 133.2 us (2015.04 GFLOPS/s)
MUL_MAT_VEC q4_K m=4096 n=1 k=8192: 1 x 45.64 us = 45.64 us (1470.31 GFLOPS/s)
MUL_MAT_VEC q4_K m=8192 n=1 k=4096: 1 x 45.04 us = 45.04 us (1489.8 GFLOPS/s)
PAD: 1 x 11.96 us = 11.96 us
RMS_NORM_MUL RMS_NORM(256,16,1,1): 1 x 4.72 us = 4.72 us
RMS_NORM_MUL RMS_NORM(256,4,1,1): 1 x 2.84 us = 2.84 us
RMS_NORM_MUL RMS_NORM(4096,1,1,1): 5 x 7.136 us = 35.68 us
ROPE: 1 x 3.96 us = 3.96 us
ROPE_VIEW_SET_ROWS ROPE: 1 x 4.32 us = 4.32 us
SET_ROWS: 2 x 3.18 us = 6.36 us
SIGMOID_MUL SIGMOID: 1 x 3.44 us = 3.44 us
TOP_K K=10 (248320,1,1,1): 1 x 27.76 us = 27.76 us
Total time: 572.64 us.
----------------
Vulkan Timings:
CONCAT: 1 x 3.8 us = 3.8 us
CONT: 1 x 2.32 us = 2.32 us
FILL: 1 x 3.04 us = 3.04 us
FLASH_ATTN_EXT dst(256,16,1,1),  q(256,1,16,1),  k(256,256,4,1),  v(256,256,4,1),  m(256,1,1,1): 1 x 21.8 us = 21.8 us (192.399 GFLOPS/s)
GET_ROWS: 2 x 11.24 us = 22.48 us
GLU: 1 x 3.44 us = 3.44 us
MUL_MAT_ADD MUL_MAT_VEC q4_K m=4096 n=1 k=12288: 1 x 61.08 us = 61.08 us (1647.99 GFLOPS/s)
MUL_MAT_ADD MUL_MAT_VEC q4_K m=4096 n=1 k=4096: 1 x 19.76 us = 19.76 us (1697.89 GFLOPS/s)
MUL_MAT_VEC q4_K m=1024 n=1 k=4096: 2 x 10.8 us = 21.6 us (776.628 GFLOPS/s)
MUL_MAT_VEC q4_K m=12288 n=1 k=4096: 2 x 56.14 us = 112.28 us (1792.86 GFLOPS/s)
MUL_MAT_VEC q4_K m=32768 n=1 k=4096: 1 x 141.56 us = 141.56 us (1896.03 GFLOPS/s)
MUL_MAT_VEC q4_K m=4096 n=1 k=8192: 1 x 53.4 us = 53.4 us (1256.64 GFLOPS/s)
MUL_MAT_VEC q4_K m=8192 n=1 k=4096: 1 x 36.28 us = 36.28 us (1849.52 GFLOPS/s)
PAD: 1 x 12.04 us = 12.04 us
RMS_NORM_MUL RMS_NORM(256,16,1,1): 1 x 4.72 us = 4.72 us
RMS_NORM_MUL RMS_NORM(256,4,1,1): 1 x 2.8 us = 2.8 us
RMS_NORM_MUL RMS_NORM(4096,1,1,1): 5 x 6.928 us = 34.64 us
ROPE: 1 x 3.8 us = 3.8 us
ROPE_VIEW_SET_ROWS ROPE: 1 x 4.2 us = 4.2 us
SET_ROWS: 2 x 3.42 us = 6.84 us
SIGMOID_MUL SIGMOID: 1 x 3.56 us = 3.56 us
TOP_K K=10 (248320,1,1,1): 1 x 28.48 us = 28.48 us
Total time: 603.92 us.
----------------
Vulkan Timings:
CONCAT: 1 x 3.92 us = 3.92 us
CONT: 1 x 2.28 us = 2.28 us
FILL: 1 x 3.16 us = 3.16 us
FLASH_ATTN_EXT dst(256,16,1,1),  q(256,1,16,1),  k(256,256,4,1),  v(256,256,4,1),  m(256,1,1,1): 1 x 21.92 us = 21.92 us (191.346 GFLOPS/s)
GET_ROWS: 2 x 11.28 us = 22.56 us
GLU: 1 x 3.12 us = 3.12 us
MUL_MAT_ADD MUL_MAT_VEC q4_K m=4096 n=1 k=12288: 1 x 60.92 us = 60.92 us (1652.32 GFLOPS/s)
MUL_MAT_ADD MUL_MAT_VEC q4_K m=4096 n=1 k=4096: 1 x 19.84 us = 19.84 us (1691.05 GFLOPS/s)
MUL_MAT_VEC q4_K m=1024 n=1 k=4096: 2 x 10.98 us = 21.96 us (763.897 GFLOPS/s)
MUL_MAT_VEC q4_K m=12288 n=1 k=4096: 2 x 55.78 us = 111.56 us (1804.43 GFLOPS/s)
MUL_MAT_VEC q4_K m=32768 n=1 k=4096: 1 x 141.28 us = 141.28 us (1899.79 GFLOPS/s)
MUL_MAT_VEC q4_K m=4096 n=1 k=8192: 1 x 52.48 us = 52.48 us (1278.67 GFLOPS/s)
MUL_MAT_VEC q4_K m=8192 n=1 k=4096: 1 x 35.52 us = 35.52 us (1889.1 GFLOPS/s)
PAD: 1 x 12.04 us = 12.04 us
RMS_NORM_MUL RMS_NORM(256,16,1,1): 1 x 4.76 us = 4.76 us
RMS_NORM_MUL RMS_NORM(256,4,1,1): 1 x 2.8 us = 2.8 us
RMS_NORM_MUL RMS_NORM(4096,1,1,1): 5 x 7.096 us = 35.48 us
ROPE: 1 x 4.32 us = 4.32 us
ROPE_VIEW_SET_ROWS ROPE: 1 x 4.16 us = 4.16 us
SET_ROWS: 2 x 3.08 us = 6.16 us
SIGMOID_MUL SIGMOID: 1 x 3.48 us = 3.48 us
TOP_K K=10 (248320,1,1,1): 1 x 27.96 us = 27.96 us
Total time: 601.68 us.
----------------
Vulkan Timings:
ADD: 88 x 3.066 us = 269.84 us
CONCAT: 24 x 3.471 us = 83.32 us
CONT: 8 x 2.42 us = 19.36 us
CPY: 120 x 5.53 us = 663.68 us
FLASH_ATTN_EXT dst(256,16,4,1),  q(256,4,16,1),  k(256,256,4,1),  v(256,256,4,1),  m(256,4,1,1): 8 x 21.74 us = 173.92 us (771.721 GFLOPS/s)
GATED_DELTA_NET: 24 x 14.051 us = 337.24 us
GET_ROWS: 49 x 4.814 us = 235.92 us
GLU: 32 x 2.787 us = 89.2 us
MUL: 24 x 3.738 us = 89.72 us
MUL_MAT_VEC q4_K m=1024 n=4 k=4096: 11 x 6.254 us = 68.8 us (5364.15 GFLOPS/s)
MUL_MAT_VEC q4_K m=12288 n=4 k=4096: 64 x 60.465 us = 3869.8 us (6658.4 GFLOPS/s)
MUL_MAT_VEC q4_K m=4096 n=4 k=12288: 16 x 57.29 us = 916.64 us (7028.05 GFLOPS/s)
MUL_MAT_VEC q4_K m=4096 n=4 k=4096: 32 x 23.12 us = 739.84 us (5804.56 GFLOPS/s)
MUL_MAT_VEC q4_K m=8192 n=4 k=4096: 8 x 40.435 us = 323.48 us (6637.88 GFLOPS/s)
MUL_MAT_VEC q5_K m=4096 n=4 k=4096: 24 x 27.051 us = 649.24 us (4960.93 GFLOPS/s)
MUL_MAT_VEC q5_K m=8192 n=4 k=4096: 24 x 45.47 us = 1091.28 us (5902.85 GFLOPS/s)
MUL_MAT_VEC q6_K m=1024 n=4 k=4096: 5 x 13.152 us = 65.76 us (2550.97 GFLOPS/s)
MUL_MAT_VEC q6_K m=248320 n=4 k=4096: 1 x 1764.24 us = 1764.24 us (4611.59 GFLOPS/s)
MUL_MAT_VEC q6_K m=4096 n=4 k=12288: 16 x 98.77 us = 1580.32 us (4076.51 GFLOPS/s)
MUL_MAT_VEC q8_0 m=32 n=4 k=4096: 48 x 4.123 us = 197.92 us (254.272 GFLOPS/s)
RMS_NORM(128,16,4,1): 48 x 3.317 us = 159.24 us
RMS_NORM_MUL RMS_NORM(128,32,4,1): 24 x 6.21 us = 149.04 us
RMS_NORM_MUL RMS_NORM(256,16,4,1): 8 x 4.055 us = 32.44 us
RMS_NORM_MUL RMS_NORM(256,4,4,1): 8 x 3.18 us = 25.44 us
RMS_NORM_MUL RMS_NORM(4096,4,1,1): 65 x 5.771 us = 375.16 us
ROPE: 8 x 4.065 us = 32.52 us
ROPE_VIEW_SET_ROWS ROPE: 8 x 4.215 us = 33.72 us
SCALE: 48 x 2.881 us = 138.32 us
SET_ROWS: 8 x 3.235 us = 25.88 us
SIGMOID: 24 x 2.468 us = 59.24 us
SIGMOID_MUL SIGMOID: 8 x 3.445 us = 27.56 us
SILU: 24 x 1.601 us = 38.44 us
SOFTPLUS_MUL SOFTPLUS: 24 x 2.106 us = 50.56 us
SSM_CONV_SILU SSM_CONV: 24 x 2.615 us = 62.76 us
Total time: 14439.8 us.
----------------
Vulkan Timings:
ADD: 2 x 3.62 us = 7.24 us
CONCAT: 1 x 4.28 us = 4.28 us
CONT: 1 x 2.48 us = 2.48 us
FLASH_ATTN_EXT dst(256,16,4,1),  q(256,4,16,1),  k(256,256,4,1),  v(256,256,4,1),  m(256,4,1,1): 1 x 22 us = 22 us (762.601 GFLOPS/s)
GLU: 1 x 4 us = 4 us
MUL_MAT_VEC q4_K m=1024 n=4 k=4096: 2 x 8.3 us = 16.6 us (4042.21 GFLOPS/s)
MUL_MAT_VEC q4_K m=12288 n=4 k=4096: 2 x 75.36 us = 150.72 us (5342.41 GFLOPS/s)
MUL_MAT_VEC q4_K m=4096 n=4 k=12288: 1 x 92.24 us = 92.24 us (4365.1 GFLOPS/s)
MUL_MAT_VEC q4_K m=4096 n=4 k=4096: 1 x 34.84 us = 34.84 us (3851.93 GFLOPS/s)
MUL_MAT_VEC q4_K m=4096 n=4 k=8192: 1 x 62.24 us = 62.24 us (4312.65 GFLOPS/s)
MUL_MAT_VEC q4_K m=8192 n=4 k=4096: 1 x 74 us = 74 us (3627.06 GFLOPS/s)
RMS_NORM_MUL RMS_NORM(256,16,4,1): 1 x 4.92 us = 4.92 us
RMS_NORM_MUL RMS_NORM(256,4,4,1): 1 x 2.96 us = 2.96 us
RMS_NORM_MUL RMS_NORM(4096,4,1,1): 5 x 11.56 us = 57.8 us
ROPE: 1 x 3.92 us = 3.92 us
ROPE_VIEW_SET_ROWS ROPE: 1 x 4.28 us = 4.28 us
SET_ROWS: 1 x 2.48 us = 2.48 us
SIGMOID_MUL SIGMOID: 1 x 4.32 us = 4.32 us
Total time: 551.32 us.
----------------
Vulkan Timings:
CONCAT: 1 x 3.76 us = 3.76 us
CONT: 1 x 2.36 us = 2.36 us
FILL: 1 x 3.2 us = 3.2 us
FLASH_ATTN_EXT dst(256,16,1,1),  q(256,1,16,1),  k(256,256,4,1),  v(256,256,4,1),  m(256,1,1,1): 1 x 21.84 us = 21.84 us (192.047 GFLOPS/s)
GET_ROWS: 2 x 11.42 us = 22.84 us
GLU: 1 x 2.44 us = 2.44 us
MUL_MAT_ADD MUL_MAT_VEC q4_K m=4096 n=1 k=12288: 1 x 51 us = 51 us (1973.71 GFLOPS/s)
MUL_MAT_ADD MUL_MAT_VEC q4_K m=4096 n=1 k=4096: 1 x 19.6 us = 19.6 us (1711.75 GFLOPS/s)
MUL_MAT_VEC q4_K m=1024 n=1 k=4096: 2 x 5.12 us = 10.24 us (1638.2 GFLOPS/s)
MUL_MAT_VEC q4_K m=12288 n=1 k=4096: 2 x 54.66 us = 109.32 us (1841.4 GFLOPS/s)
MUL_MAT_VEC q4_K m=32768 n=1 k=4096: 1 x 133 us = 133 us (2018.07 GFLOPS/s)
MUL_MAT_VEC q4_K m=4096 n=1 k=8192: 1 x 45.84 us = 45.84 us (1463.89 GFLOPS/s)
MUL_MAT_VEC q4_K m=8192 n=1 k=4096: 1 x 45.84 us = 45.84 us (1463.8 GFLOPS/s)
PAD: 1 x 11.88 us = 11.88 us
RMS_NORM_MUL RMS_NORM(256,16,1,1): 1 x 4.76 us = 4.76 us
RMS_NORM_MUL RMS_NORM(256,4,1,1): 1 x 2.84 us = 2.84 us
RMS_NORM_MUL RMS_NORM(4096,1,1,1): 5 x 6.72 us = 33.6 us
ROPE: 1 x 4.56 us = 4.56 us
ROPE_VIEW_SET_ROWS ROPE: 1 x 4.28 us = 4.28 us
SET_ROWS: 2 x 2.96 us = 5.92 us
SIGMOID_MUL SIGMOID: 1 x 3.44 us = 3.44 us
TOP_K K=10 (248320,1,1,1): 1 x 28.52 us = 28.52 us
Total time: 571.08 us.
----------------
Vulkan Timings:
CONCAT: 1 x 3.8 us = 3.8 us
CONT: 1 x 2.36 us = 2.36 us
FILL: 1 x 3.16 us = 3.16 us
FLASH_ATTN_EXT dst(256,16,1,1),  q(256,1,16,1),  k(256,256,4,1),  v(256,256,4,1),  m(256,1,1,1): 1 x 21.56 us = 21.56 us (194.541 GFLOPS/s)
GET_ROWS: 2 x 11.34 us = 22.68 us
GLU: 1 x 3.16 us = 3.16 us
MUL_MAT_ADD MUL_MAT_VEC q4_K m=4096 n=1 k=12288: 1 x 61.44 us = 61.44 us (1638.33 GFLOPS/s)
MUL_MAT_ADD MUL_MAT_VEC q4_K m=4096 n=1 k=4096: 1 x 19.8 us = 19.8 us (1694.46 GFLOPS/s)
MUL_MAT_VEC q4_K m=1024 n=1 k=4096: 2 x 10.86 us = 21.72 us (772.337 GFLOPS/s)
MUL_MAT_VEC q4_K m=12288 n=1 k=4096: 2 x 56.06 us = 112.12 us (1795.42 GFLOPS/s)
MUL_MAT_VEC q4_K m=32768 n=1 k=4096: 1 x 141.68 us = 141.68 us (1894.43 GFLOPS/s)
MUL_MAT_VEC q4_K m=4096 n=1 k=8192: 1 x 52.64 us = 52.64 us (1274.79 GFLOPS/s)
MUL_MAT_VEC q4_K m=8192 n=1 k=4096: 1 x 36.24 us = 36.24 us (1851.56 GFLOPS/s)
PAD: 1 x 12 us = 12 us
RMS_NORM_MUL RMS_NORM(256,16,1,1): 1 x 4.76 us = 4.76 us
RMS_NORM_MUL RMS_NORM(256,4,1,1): 1 x 2.8 us = 2.8 us
RMS_NORM_MUL RMS_NORM(4096,1,1,1): 5 x 7.184 us = 35.92 us
ROPE: 1 x 3.76 us = 3.76 us
ROPE_VIEW_SET_ROWS ROPE: 1 x 4.2 us = 4.2 us
SET_ROWS: 2 x 3.32 us = 6.64 us
SIGMOID_MUL SIGMOID: 1 x 3.44 us = 3.44 us
TOP_K K=10 (248320,1,1,1): 1 x 28.64 us = 28.64 us
Total time: 604.52 us.
----------------
Vulkan Timings:
CONCAT: 1 x 3.12 us = 3.12 us
CONT: 1 x 2.56 us = 2.56 us
FILL: 1 x 3.2 us = 3.2 us
FLASH_ATTN_EXT dst(256,16,1,1),  q(256,1,16,1),  k(256,256,4,1),  v(256,256,4,1),  m(256,1,1,1): 1 x 21.64 us = 21.64 us (193.822 GFLOPS/s)
GET_ROWS: 2 x 11.3 us = 22.6 us
GLU: 1 x 3.44 us = 3.44 us
MUL_MAT_ADD MUL_MAT_VEC q4_K m=4096 n=1 k=12288: 1 x 61.56 us = 61.56 us (1635.14 GFLOPS/s)
MUL_MAT_ADD MUL_MAT_VEC q4_K m=4096 n=1 k=4096: 1 x 19.96 us = 19.96 us (1680.88 GFLOPS/s)
MUL_MAT_VEC q4_K m=1024 n=1 k=4096: 2 x 10.8 us = 21.6 us (776.628 GFLOPS/s)
MUL_MAT_VEC q4_K m=12288 n=1 k=4096: 2 x 56.4 us = 112.8 us (1784.59 GFLOPS/s)
MUL_MAT_VEC q4_K m=32768 n=1 k=4096: 1 x 140.92 us = 140.92 us (1904.65 GFLOPS/s)
MUL_MAT_VEC q4_K m=4096 n=1 k=8192: 1 x 52.6 us = 52.6 us (1275.76 GFLOPS/s)
MUL_MAT_VEC q4_K m=8192 n=1 k=4096: 1 x 36.12 us = 36.12 us (1857.72 GFLOPS/s)
PAD: 1 x 12.04 us = 12.04 us
RMS_NORM_MUL RMS_NORM(256,16,1,1): 1 x 4.72 us = 4.72 us
RMS_NORM_MUL RMS_NORM(256,4,1,1): 1 x 2.68 us = 2.68 us
RMS_NORM_MUL RMS_NORM(4096,1,1,1): 5 x 7.144 us = 35.72 us
ROPE: 1 x 3.8 us = 3.8 us
ROPE_VIEW_SET_ROWS ROPE: 1 x 4.16 us = 4.16 us
SET_ROWS: 2 x 3.42 us = 6.84 us
SIGMOID_MUL SIGMOID: 1 x 3.24 us = 3.24 us
TOP_K K=10 (248320,1,1,1): 1 x 28.56 us = 28.56 us
Total time: 603.88 us.
----------------
Vulkan Timings:
ADD: 88 x 3.068 us = 270.04 us
CONCAT: 24 x 3.485 us = 83.64 us
CONT: 8 x 2.375 us = 19 us
CPY: 120 x 5.526 us = 663.12 us
FLASH_ATTN_EXT dst(256,16,4,1),  q(256,4,16,1),  k(256,256,4,1),  v(256,256,4,1),  m(256,4,1,1): 8 x 21.67 us = 173.36 us (774.214 GFLOPS/s)
GATED_DELTA_NET: 24 x 14.185 us = 340.44 us
GET_ROWS: 49 x 4.847 us = 237.52 us
GLU: 32 x 2.777 us = 88.88 us
MUL: 24 x 3.741 us = 89.8 us
MUL_MAT_VEC q4_K m=1024 n=4 k=4096: 11 x 6.272 us = 69 us (5348.6 GFLOPS/s)
MUL_MAT_VEC q4_K m=12288 n=4 k=4096: 64 x 60.41 us = 3866.24 us (6664.53 GFLOPS/s)
MUL_MAT_VEC q4_K m=4096 n=4 k=12288: 16 x 57.037 us = 912.6 us (7059.16 GFLOPS/s)
MUL_MAT_VEC q4_K m=4096 n=4 k=4096: 32 x 23.148 us = 740.76 us (5797.35 GFLOPS/s)
MUL_MAT_VEC q4_K m=8192 n=4 k=4096: 8 x 40.34 us = 322.72 us (6653.51 GFLOPS/s)
MUL_MAT_VEC q5_K m=4096 n=4 k=4096: 24 x 26.876 us = 645.04 us (4993.23 GFLOPS/s)
MUL_MAT_VEC q5_K m=8192 n=4 k=4096: 24 x 45.331 us = 1087.96 us (5920.87 GFLOPS/s)
MUL_MAT_VEC q6_K m=1024 n=4 k=4096: 5 x 13.264 us = 66.32 us (2529.43 GFLOPS/s)
MUL_MAT_VEC q6_K m=248320 n=4 k=4096: 1 x 1791.08 us = 1791.08 us (4542.49 GFLOPS/s)
MUL_MAT_VEC q6_K m=4096 n=4 k=12288: 16 x 98.425 us = 1574.8 us (4090.8 GFLOPS/s)
MUL_MAT_VEC q8_0 m=32 n=4 k=4096: 48 x 4.106 us = 197.12 us (255.304 GFLOPS/s)
RMS_NORM(128,16,4,1): 48 x 3.296 us = 158.24 us
RMS_NORM_MUL RMS_NORM(128,32,4,1): 24 x 6.218 us = 149.24 us
RMS_NORM_MUL RMS_NORM(256,16,4,1): 8 x 4.03 us = 32.24 us
RMS_NORM_MUL RMS_NORM(256,4,4,1): 8 x 3.205 us = 25.64 us
RMS_NORM_MUL RMS_NORM(4096,4,1,1): 65 x 5.73 us = 372.48 us
ROPE: 8 x 3.89 us = 31.12 us
ROPE_VIEW_SET_ROWS ROPE: 8 x 4.235 us = 33.88 us
SCALE: 48 x 2.868 us = 137.68 us
SET_ROWS: 8 x 3.405 us = 27.24 us
SIGMOID: 24 x 2.625 us = 63 us
SIGMOID_MUL SIGMOID: 8 x 3.475 us = 27.8 us
SILU: 24 x 1.401 us = 33.64 us
SOFTPLUS_MUL SOFTPLUS: 24 x 1.968 us = 47.24 us
SSM_CONV_SILU SSM_CONV: 24 x 2.58 us = 61.92 us
Total time: 14440.8 us.
----------------
Vulkan Timings:
ADD: 2 x 3.68 us = 7.36 us
CONCAT: 1 x 4.2 us = 4.2 us
CONT: 1 x 2.48 us = 2.48 us
FLASH_ATTN_EXT dst(256,16,4,1),  q(256,4,16,1),  k(256,256,4,1),  v(256,256,4,1),  m(256,4,1,1): 1 x 21.96 us = 21.96 us (763.99 GFLOPS/s)
GLU: 1 x 3.96 us = 3.96 us
MUL_MAT_VEC q4_K m=1024 n=4 k=4096: 2 x 8.2 us = 16.4 us (4091.5 GFLOPS/s)
MUL_MAT_VEC q4_K m=12288 n=4 k=4096: 2 x 74.9 us = 149.8 us (5375.22 GFLOPS/s)
MUL_MAT_VEC q4_K m=4096 n=4 k=12288: 1 x 77.64 us = 77.64 us (5185.95 GFLOPS/s)
MUL_MAT_VEC q4_K m=4096 n=4 k=4096: 1 x 34.52 us = 34.52 us (3887.64 GFLOPS/s)
MUL_MAT_VEC q4_K m=4096 n=4 k=8192: 1 x 60.64 us = 60.64 us (4426.44 GFLOPS/s)
MUL_MAT_VEC q4_K m=8192 n=4 k=4096: 1 x 61.04 us = 61.04 us (4397.16 GFLOPS/s)
RMS_NORM_MUL RMS_NORM(256,16,4,1): 1 x 4.92 us = 4.92 us
RMS_NORM_MUL RMS_NORM(256,4,4,1): 1 x 2.92 us = 2.92 us
RMS_NORM_MUL RMS_NORM(4096,4,1,1): 5 x 9.04 us = 45.2 us
ROPE: 1 x 3.84 us = 3.84 us
ROPE_VIEW_SET_ROWS ROPE: 1 x 4.28 us = 4.28 us
SET_ROWS: 1 x 2.48 us = 2.48 us
SIGMOID_MUL SIGMOID: 1 x 4.28 us = 4.28 us
Total time: 507.92 us.
----------------
Vulkan Timings:
CONCAT: 1 x 3.8 us = 3.8 us
CONT: 1 x 2.64 us = 2.64 us
FILL: 1 x 3.12 us = 3.12 us
FLASH_ATTN_EXT dst(256,16,1,1),  q(256,1,16,1),  k(256,256,4,1),  v(256,256,4,1),  m(256,1,1,1): 1 x 21.76 us = 21.76 us (192.753 GFLOPS/s)
GET_ROWS: 2 x 11.66 us = 23.32 us
GLU: 1 x 2.56 us = 2.56 us
MUL_MAT_ADD MUL_MAT_VEC q4_K m=4096 n=1 k=12288: 1 x 51.2 us = 51.2 us (1966 GFLOPS/s)
MUL_MAT_ADD MUL_MAT_VEC q4_K m=4096 n=1 k=4096: 1 x 19.8 us = 19.8 us (1694.46 GFLOPS/s)
MUL_MAT_VEC q4_K m=1024 n=1 k=4096: 2 x 5.4 us = 10.8 us (1553.26 GFLOPS/s)
MUL_MAT_VEC q4_K m=12288 n=1 k=4096: 2 x 55.14 us = 110.28 us (1825.37 GFLOPS/s)
MUL_MAT_VEC q4_K m=32768 n=1 k=4096: 1 x 133.24 us = 133.24 us (2014.43 GFLOPS/s)
MUL_MAT_VEC q4_K m=4096 n=1 k=8192: 1 x 45.92 us = 45.92 us (1461.34 GFLOPS/s)
MUL_MAT_VEC q4_K m=8192 n=1 k=4096: 1 x 45 us = 45 us (1491.13 GFLOPS/s)
PAD: 1 x 11.96 us = 11.96 us
RMS_NORM_MUL RMS_NORM(256,16,1,1): 1 x 4.72 us = 4.72 us
RMS_NORM_MUL RMS_NORM(256,4,1,1): 1 x 2.84 us = 2.84 us
RMS_NORM_MUL RMS_NORM(4096,1,1,1): 5 x 7.04 us = 35.2 us
ROPE: 1 x 3.96 us = 3.96 us
ROPE_VIEW_SET_ROWS ROPE: 1 x 4.36 us = 4.36 us
SET_ROWS: 2 x 3.16 us = 6.32 us
SIGMOID_MUL SIGMOID: 1 x 2.84 us = 2.84 us
TOP_K K=10 (248320,1,1,1): 1 x 27.72 us = 27.72 us
Total time: 573.36 us.
----------------
Vulkan Timings:
CONCAT: 1 x 3.8 us = 3.8 us
CONT: 1 x 2.36 us = 2.36 us
FILL: 1 x 3.2 us = 3.2 us
FLASH_ATTN_EXT dst(256,16,1,1),  q(256,1,16,1),  k(256,256,4,1),  v(256,256,4,1),  m(256,1,1,1): 1 x 21.72 us = 21.72 us (193.108 GFLOPS/s)
GET_ROWS: 2 x 11.26 us = 22.52 us
GLU: 1 x 3.32 us = 3.32 us
MUL_MAT_ADD MUL_MAT_VEC q4_K m=4096 n=1 k=12288: 1 x 61.68 us = 61.68 us (1631.96 GFLOPS/s)
MUL_MAT_ADD MUL_MAT_VEC q4_K m=4096 n=1 k=4096: 1 x 19.72 us = 19.72 us (1701.34 GFLOPS/s)
MUL_MAT_VEC q4_K m=1024 n=1 k=4096: 2 x 10.58 us = 21.16 us (792.777 GFLOPS/s)
MUL_MAT_VEC q4_K m=12288 n=1 k=4096: 2 x 55.98 us = 111.96 us (1797.98 GFLOPS/s)
MUL_MAT_VEC q4_K m=32768 n=1 k=4096: 1 x 141.2 us = 141.2 us (1900.87 GFLOPS/s)
MUL_MAT_VEC q4_K m=4096 n=1 k=8192: 1 x 52.6 us = 52.6 us (1275.76 GFLOPS/s)
MUL_MAT_VEC q4_K m=8192 n=1 k=4096: 1 x 36.2 us = 36.2 us (1853.61 GFLOPS/s)
PAD: 1 x 11.8 us = 11.8 us
RMS_NORM_MUL RMS_NORM(256,16,1,1): 1 x 4.76 us = 4.76 us
RMS_NORM_MUL RMS_NORM(256,4,1,1): 1 x 2.8 us = 2.8 us
RMS_NORM_MUL RMS_NORM(4096,1,1,1): 5 x 7.096 us = 35.48 us
ROPE: 1 x 3.72 us = 3.72 us
ROPE_VIEW_SET_ROWS ROPE: 1 x 4.2 us = 4.2 us
SET_ROWS: 2 x 3.5 us = 7 us
SIGMOID_MUL SIGMOID: 1 x 3.44 us = 3.44 us
TOP_K K=10 (248320,1,1,1): 1 x 27.8 us = 27.8 us
Total time: 602.44 us.
----------------
Vulkan Timings:
CONCAT: 1 x 3.76 us = 3.76 us
CONT: 1 x 2.32 us = 2.32 us
FILL: 1 x 3.2 us = 3.2 us
FLASH_ATTN_EXT dst(256,16,1,1),  q(256,1,16,1),  k(256,256,4,1),  v(256,256,4,1),  m(256,1,1,1): 1 x 21.8 us = 21.8 us (192.399 GFLOPS/s)
GET_ROWS: 2 x 11.3 us = 22.6 us
GLU: 1 x 3.16 us = 3.16 us
MUL_MAT_ADD MUL_MAT_VEC q4_K m=4096 n=1 k=12288: 1 x 61.6 us = 61.6 us (1634.08 GFLOPS/s)
MUL_MAT_ADD MUL_MAT_VEC q4_K m=4096 n=1 k=4096: 1 x 19.64 us = 19.64 us (1708.27 GFLOPS/s)
MUL_MAT_VEC q4_K m=1024 n=1 k=4096: 2 x 10.8 us = 21.6 us (776.628 GFLOPS/s)
MUL_MAT_VEC q4_K m=12288 n=1 k=4096: 2 x 55.84 us = 111.68 us (1802.49 GFLOPS/s)
MUL_MAT_VEC q4_K m=32768 n=1 k=4096: 1 x 140.88 us = 140.88 us (1905.19 GFLOPS/s)
MUL_MAT_VEC q4_K m=4096 n=1 k=8192: 1 x 52.68 us = 52.68 us (1273.82 GFLOPS/s)
MUL_MAT_VEC q4_K m=8192 n=1 k=4096: 1 x 36.2 us = 36.2 us (1853.61 GFLOPS/s)
PAD: 1 x 12.08 us = 12.08 us
RMS_NORM_MUL RMS_NORM(256,16,1,1): 1 x 4.72 us = 4.72 us
RMS_NORM_MUL RMS_NORM(256,4,1,1): 1 x 2.76 us = 2.76 us
RMS_NORM_MUL RMS_NORM(4096,1,1,1): 5 x 6.912 us = 34.56 us
ROPE: 1 x 3.76 us = 3.76 us
ROPE_VIEW_SET_ROWS ROPE: 1 x 4.24 us = 4.24 us
SET_ROWS: 2 x 3.44 us = 6.88 us
SIGMOID_MUL SIGMOID: 1 x 3.44 us = 3.44 us
TOP_K K=10 (248320,1,1,1): 1 x 27.92 us = 27.92 us
Total time: 601.48 us.
----------------
Vulkan Timings:
ADD: 88 x 3.158 us = 277.92 us
CONCAT: 24 x 3.496 us = 83.92 us
CONT: 8 x 2.395 us = 19.16 us
CPY: 120 x 4.682 us = 561.84 us
FLASH_ATTN_EXT dst(256,16,3,1),  q(256,3,16,1),  k(256,256,4,1),  v(256,256,4,1),  m(256,3,1,1): 8 x 21.7 us = 173.6 us (579.858 GFLOPS/s)
GATED_DELTA_NET: 24 x 12.235 us = 293.64 us
GET_ROWS: 49 x 4.777 us = 234.08 us
GLU: 32 x 2.805 us = 89.76 us
MUL: 24 x 3.7 us = 88.8 us
MUL_MAT_VEC q4_K m=1024 n=3 k=4096: 11 x 5.618 us = 61.8 us (4478.81 GFLOPS/s)
MUL_MAT_VEC q4_K m=12288 n=3 k=4096: 64 x 53.619 us = 3431.64 us (5631.42 GFLOPS/s)
MUL_MAT_VEC q4_K m=4096 n=3 k=12288: 16 x 53.465 us = 855.44 us (5648.14 GFLOPS/s)
MUL_MAT_VEC q4_K m=4096 n=3 k=4096: 32 x 20.458 us = 654.68 us (4919.7 GFLOPS/s)
MUL_MAT_VEC q4_K m=8192 n=3 k=4096: 8 x 35.845 us = 286.76 us (5615.9 GFLOPS/s)
MUL_MAT_VEC q5_K m=4096 n=3 k=4096: 24 x 25.68 us = 616.32 us (3919.43 GFLOPS/s)
MUL_MAT_VEC q5_K m=8192 n=3 k=4096: 24 x 43.54 us = 1044.96 us (4623.38 GFLOPS/s)
MUL_MAT_VEC q6_K m=1024 n=3 k=4096: 5 x 10.176 us = 50.88 us (2472.75 GFLOPS/s)
MUL_MAT_VEC q6_K m=248320 n=3 k=4096: 1 x 1445.88 us = 1445.88 us (4220.24 GFLOPS/s)
MUL_MAT_VEC q6_K m=4096 n=3 k=12288: 16 x 86.687 us = 1387 us (3483.52 GFLOPS/s)
MUL_MAT_VEC q8_0 m=32 n=3 k=4096: 48 x 4.018 us = 192.88 us (195.687 GFLOPS/s)
RMS_NORM(128,16,3,1): 48 x 3.273 us = 157.12 us
RMS_NORM_MUL RMS_NORM(128,32,3,1): 24 x 4.728 us = 113.48 us
RMS_NORM_MUL RMS_NORM(256,16,3,1): 8 x 3.49 us = 27.92 us
RMS_NORM_MUL RMS_NORM(256,4,3,1): 8 x 2.855 us = 22.84 us
RMS_NORM_MUL RMS_NORM(4096,3,1,1): 65 x 5.812 us = 377.84 us
ROPE: 8 x 3.93 us = 31.44 us
ROPE_VIEW_SET_ROWS ROPE: 8 x 4.175 us = 33.4 us
SCALE: 48 x 3.114 us = 149.48 us
SET_ROWS: 8 x 2.175 us = 17.4 us
SIGMOID: 24 x 2.468 us = 59.24 us
SIGMOID_MUL SIGMOID: 8 x 3.46 us = 27.68 us
SILU: 24 x 1.551 us = 37.24 us
SOFTPLUS_MUL SOFTPLUS: 24 x 1.971 us = 47.32 us
SSM_CONV_SILU SSM_CONV: 24 x 2.661 us = 63.88 us
Total time: 13017.2 us.
----------------
Vulkan Timings:
ADD: 2 x 3.74 us = 7.48 us
CONCAT: 1 x 4 us = 4 us
CONT: 1 x 2.48 us = 2.48 us
FLASH_ATTN_EXT dst(256,16,3,1),  q(256,3,16,1),  k(256,256,4,1),  v(256,256,4,1),  m(256,3,1,1): 1 x 22.16 us = 22.16 us (567.821 GFLOPS/s)
GLU: 1 x 4 us = 4 us
MUL_MAT_VEC q4_K m=1024 n=3 k=4096: 2 x 7.58 us = 15.16 us (3319.62 GFLOPS/s)
MUL_MAT_VEC q4_K m=12288 n=3 k=4096: 2 x 66.48 us = 132.96 us (4542.01 GFLOPS/s)
MUL_MAT_VEC q4_K m=4096 n=3 k=12288: 1 x 88.43 us = 88.43 us (3414.88 GFLOPS/s)
MUL_MAT_VEC q4_K m=4096 n=3 k=4096: 1 x 32.36 us = 32.36 us (3110.35 GFLOPS/s)
MUL_MAT_VEC q4_K m=4096 n=3 k=8192: 1 x 56.68 us = 56.68 us (3551.77 GFLOPS/s)
MUL_MAT_VEC q4_K m=8192 n=3 k=4096: 1 x 68.86 us = 68.86 us (2923.35 GFLOPS/s)
RMS_NORM_MUL RMS_NORM(256,16,3,1): 1 x 5 us = 5 us
RMS_NORM_MUL RMS_NORM(256,4,3,1): 1 x 3 us = 3 us
RMS_NORM_MUL RMS_NORM(4096,3,1,1): 5 x 9.856 us = 49.28 us
ROPE: 1 x 3.88 us = 3.88 us
ROPE_VIEW_SET_ROWS ROPE: 1 x 4.56 us = 4.56 us
SET_ROWS: 1 x 2.48 us = 2.48 us
SIGMOID_MUL SIGMOID: 1 x 4.32 us = 4.32 us
Total time: 507.09 us.
0.04.921.354 I slot print_timing: id  0 | task 0 | prompt eval time =     130.77 ms /    61 tokens (    2.14 ms per token,   466.47 tokens per second)
0.04.921.359 I slot print_timing: id  0 | task 0 |        eval time =     872.97 ms /   128 tokens (    6.87 ms per token,   145.48 tokens per second)
0.04.921.360 I slot print_timing: id  0 | task 0 |       total time =    1003.74 ms /   189 tokens
0.04.921.360 I slot print_timing: id  0 | task 0 |    graphs reused =         31
0.04.921.364 I slot print_timing: id  0 | task 0 | draft acceptance = 0.95918 (   94 accepted /    98 generated), mean len =  3.85
0.04.921.386 I slot      release: id  0 | task 0 | stop processing: n_tokens = 188, truncated = 0
